255000
255004
255012
8928
9460
436
2837
304
361
7528
306
4273
361
86428
498
13845
1181
420
1756
14134
638
17
1532
642
3032
10855
352
11828
16
29845
16
420
12077
2269
4131
304
6126
12283
18
1532
642
516
2483
2269
386
341
20243
420
1387
361
1161
304
3866
7431
382
8928
9460
8490
396
593
31768
16
689
724
530
361
86428
297
13845
1181
420
1756
14134
638
17
4520
1227
341
5464
28760
7654
388
17
1532
436
265
2927
4001
2045
6120
498
169990
422
382
7
15420
24293
203
3080
4605
203
63
300
1391
3080
255013
255001
255000
255002
255012
6534
277
2165
1154
16607
306
194863
16
7095
3138
277
1154
4546
306
1717
616
277
6292
18
1995
5677
4222
59947
5533
213288
28430
3039
1196
18523
277
2363
385
11116
297
265
127068
2363
2732
344
826
22057
13
344
22310
642
61694
277
4607
5442
994
5640
1847
2687
222888
14028
32057
44950
2350
30
1284
16
399
30
853
13
2649
853
638
298
11192
18750
265
1794
272
306
387
11795
399
16
5827
277
6756
1435
302
48112
2731
203
298
1325
37080
9212
468
1210
730
3083
297
272
304
2484
64616
7330
388
2458
298
461
68723
1343
4229
396
7575
638
298
506
21941
277
30041
16514
302
272
7824
468
1210
399
9746
8210
203
298
506
16821
492
16514
344
213322
396
730
17322
465
298
506
45598
3369
272
341
8295
19964
298
35685
638
348
272
30
340
1794
17433
302
64616
4857
11807
344
21
6758
6441
2350
13
6758
225
622
66
24
465
348
399
30
35107
1435
302
9746
8210
6751
297
1450
17322
344
21
6758
399
6758
225
1670
465
2458
298
11341
638
348
461
6756
1435
302
48112
67523
1325
90712
9212
468
1210
730
3083
19964
298
25436
2687
222888
14028
32057
44950
984
390
27193
747
225
22
465
298
225
23
203
298
25436
2687
222888
14028
32057
44950
984
69
11020
377
747
225
23
465
298
225
21
203
298
25436
2687
222888
14028
32057
44950
984
92
36714
747
225
21
465
298
225
24
203
298
33328
1847
2292
180005
2407
298
905
4720
4027
499
7120
203
298
3999
12578
984
390
27193
747
225
22
13
1377
225
23
203
298
3999
12578
984
69
11020
377
747
225
23
13
1377
225
21
203
298
3999
12578
984
92
36714
747
225
21
13
1377
225
24
19964
298
905
22708
1310
4027
203
298
3999
12578
984
26124
932
747
225
25
13
1377
225
21
203
298
3999
12578
984
232152
747
225
22
13
1377
225
21
203
298
3999
12578
984
91
52697
85983
747
225
25
13
1377
225
22
203
298
3999
12578
984
73
935
4786
38308
747
225
21
13
1377
225
28
203
298
3999
12578
984
53742
47847
62503
747
225
23
13
1377
225
23
203
298
3999
12578
984
92
36714
747
225
21
13
1377
225
26
203
298
3999
12578
984
34777
78
61749
355
85
747
225
25
13
1377
225
22
203
298
3999
12578
984
73
359
73919
27450
3257
747
225
27
13
1377
225
22
203
298
3999
12578
984
24589
41476
11073
11123
29595
747
225
23
13
1377
225
24
203
298
3999
12578
984
36173
85
6669
24589
27401
747
225
21
13
1377
225
622
300
7
5904
2292
20399
222888
14028
32057
44950
13
304
1774
6292
388
3080
255013
255001
255000
255003
255012
36231
748
122150
436
2688
265
2746
30
18750
265
1794
272
306
11795
399
16
539
1587
304
5827
277
6756
1435
302
48112
2731
1325
37080
9212
468
1210
730
3083
297
272
304
2484
64616
7330
18
461
68723
1343
30
21941
277
30041
16514
302
272
7824
468
1210
399
9746
8210
16
5909
411
344
620
17322
733
14361
3369
272
341
8295
382
2110
530
2312
468
1210
730
3083
344
1191
2413
16
304
839
852
64616
7330
680
1283
1587
304
29093
277
1435
302
48112
344
77
3077
1278
277
1435
302
3041
539
530
4124
1115
265
16514
680
461
6443
341
304
17208
277
6756
2731
48112
67523
1325
90712
9212
468
1210
730
3083
382
2110
1008
304
3138
277
1154
2687
222888
14028
32057
44950
2350
16
399
680
887
6714
387
11795
382
2110
436
3419
402
194863
306
1310
4027
382
7974
16
13640
2550
277
1343
2142
3393
18
18750
272
306
399
16
539
530
37687
70876
30
27326
1863
277
30041
16514
386
674
6758
399
9746
8210
16
5909
411
16
1682
48112
18
957
341
57272
30
468
1450
2672
16
539
1863
277
30041
2731
16514
386
22433
277
9746
3083
25284
18
2586
277
1435
302
48112
341
6842
2688
272
306
399
18
2952
16
539
436
6751
304
2312
468
1210
730
3083
344
1191
730
13
304
12146
3764
277
1435
302
48112
18
52516
265
3083
1387
3910
277
1343
1480
411
2428
2984
778
9746
1654
16981
16
9612
717
48112
344
273
8696
17156
16
689
539
1587
6756
16
713
539
1011
1094
2312
592
411
6425
680
2586
539
1008
304
1511
277
1861
3225
3083
2312
304
29093
277
2983
1435
302
48112
382
2110
1008
304
1761
819
277
70876
1343
18
16473
8483
277
1343
21887
382
23928
1794
272
344
3709
302
8210
680
3092
1450
2672
16
539
1994
277
1843
35758
344
73210
499
3591
225
20
15528
680
1283
1008
304
1511
277
30041
16514
344
73210
499
277
1472
302
277
1843
35758
13
386
674
468
1210
399
9746
8210
18
5489
539
4124
411
1115
16
19706
1682
16
306
14361
366
277
22503
382
148483
16
539
436
68723
272
983
17158
1207
1450
10368
341
34901
297
277
5258
386
969
4354
341
396
1423
396
2731
1706
31666
277
9746
1682
25284
18
461
1343
341
57272
30
539
2837
1863
277
30041
16514
382
81740
30
957
1343
341
11104
304
25354
499
2454
304
1503
306
14140
265
35873
5702
302
9746
8210
16
689
539
2837
1863
277
13604
1435
302
12336
35
41729
16
1850
1013
539
67463
1318
1863
277
30041
16514
402
6758
399
9746
57697
18
957
22699
265
3018
17322
382
2558
539
1587
304
29093
1435
302
48112
16
539
1587
304
2984
277
1794
983
396
1451
17158
396
2731
16
1450
402
6758
399
9746
57697
18
461
70876
4158
302
4738
277
30041
16514
2428
516
29093
1435
302
48112
31
689
6035
386
277
1343
341
6842
30
539
436
516
2342
304
5857
839
17322
31
539
1998
1384
386
70876
6698
18
2952
16
1325
265
2312
16
277
70876
6698
642
6496
265
1497
17322
1480
277
1794
3393
18
2586
539
1008
304
1511
277
2312
386
22699
277
8118
1435
302
17158
499
277
70876
8860
382
2608
8696
539
530
55540
30
461
1343
341
1013
539
27326
1863
277
30041
16514
402
468
1210
399
9746
57697
18
957
341
3600
304
277
2746
302
373
90453
4834
265
1794
983
6756
1435
302
17158
402
468
1210
399
9746
8210
6
689
402
265
70876
8860
386
2837
5443
277
30041
2731
16514
18
32468
16
277
70876
8860
344
111970
277
30041
2731
10368
1450
845
13
22699
277
6756
1435
302
17158
35
3557
13375
30
14994
1794
373
377
728
399
33
21
18
216454
16514
402
468
1210
225
21
9746
3083
35
461
30041
16514
341
373
69
6
344
29753
373
377
6
674
225
22
9746
680
2586
17322
30
8628
69
4990
70
2845
1117
225
22
17158
18
9405
14233
277
6756
2731
1435
302
17158
402
468
1210
225
21
9746
1585
344
29753
1450
10368
1998
361
265
3225
3083
680
1437
539
1387
5857
20906
93198
16
539
2428
771
717
35
41729
6756
1435
302
17158
402
468
1210
225
21
9746
1585
341
1435
302
8210
16
1480
1450
3083
7759
95766
344
29753
1450
1585
674
225
21
9746
680
2586
277
70876
22699
6756
18
1563
399
33
22
16
1794
373
377
728
30041
16514
402
6758
22
9746
341
373
377
728
713
730
10368
16
6756
2731
341
225
21
344
29753
4425
1794
95766
680
2586
70876
22699
6756
18
610
3449
16
341
70876
12381
352
64246
1435
302
17158
1091
25284
302
1450
10368
2896
6758
399
9746
57697
35
32468
16
304
29093
1435
302
17158
16
385
1587
1450
10368
396
2164
396
2731
16
1480
717
17158
1117
7922
17158
18
2209
1743
539
436
13238
304
1863
277
30041
2731
10368
1450
845
18
3483
341
3757
43023
1435
302
17158
35
8801
5198
17158
5510
1682
18
2586
277
70876
1343
396
4546
344
44922
30041
16514
13
22699
277
13604
1435
302
48112
35
16473
1310
402
387
2024
30
272
508
69
34269
728
399
33
22
18
130682
57697
6381
351
22
18
216454
16514
402
6758
22
9746
30
4569
1794
35
6621
30
373
69
34269
6
674
9746
391
69
19230
97
351
22
6758
22
16
713
30041
16514
341
4425
1794
16
17322
1682
33
21
18
2209
530
539
17322
983
717
17158
402
6758
22
9746
35
8520
30
317
1627
1278
373
5635
4990
4458
6
1450
569
225
21
9746
16
713
539
1387
569
225
22
48112
18
2952
16
277
1343
4546
4060
373
30778
277
30041
16514
302
272
7824
468
1210
399
9746
8210
3210
3483
9712
277
1058
10368
304
361
396
1423
396
2731
16
713
539
4273
5857
373
5635
3210
2586
277
1343
22699
225
21
17322
16
516
6756
18
2586
1850
516
819
64246
1435
302
48112
31
1850
819
265
6842
57272
1343
30
539
2837
1863
277
30041
2731
16514
18
52516
8210
530
3910
386
1343
304
6496
717
48112
344
77
3077
1278
2984
277
30041
16514
7977
13
1480
498
53481
265
3083
16
539
2428
5510
277
9746
1682
297
277
16514
16
9612
265
5198
16514
35
26128
16
539
1587
304
29093
1435
302
48112
16
713
539
1587
277
1343
304
8138
717
17158
18
461
1343
22699
277
30041
16514
1450
845
31
386
24339
304
20832
1435
302
17158
1480
5198
17158
18
2159
771
717
17158
16
539
1587
277
1343
304
4124
7977
16
700
3077
1278
539
1587
277
30041
16514
304
361
20906
936
411
1011
361
15422
18
3483
1011
4252
592
498
9212
265
3083
539
530
3866
277
16514
304
14949
399
9746
8210
7977
16
33410
277
70876
8860
304
4124
7977
18
1563
4681
16
1994
272
508
377
728
399
33
21
18
20313
30
30041
16514
402
6758
21
9746
35
373
69
6
344
29753
373
377
6
674
225
22
680
2586
48112
30
373
69
4990
70
6
1117
225
22
18
9405
3402
6756
2731
35
3398
399
33
21
16
6756
48112
341
4354
344
25175
1585
680
2586
840
12067
2731
18
2209
592
272
508
5635
728
399
33
21
16
4607
30
30041
16514
402
6758
21
9746
341
4425
373
5635
728
713
225
21
17322
18
52516
730
3083
1387
2984
9746
1654
35
52516
730
489
69
11
304
489
70
11
22699
373
377
728
1232
30041
16514
402
6758
21
341
373
69
728
1232
373
70
6
1117
225
22
48112
18
2586
14233
9212
265
3083
530
3764
277
1435
302
48112
382
4892
954
6443
30
1511
265
3225
3083
2312
344
273
5023
13
386
118475
277
1435
302
48112
8800
499
277
70876
8860
382
2110
1008
304
17208
492
19792
352
367
87
96
778
304
225
622
66
24
382
19477
226944
277
70876
1343
1375
23928
265
1794
272
344
3709
302
8210
680
4214
700
33
20
16
1682
33
20
388
9111
700
460
307
638
298
9837
277
8331
477
6743
700
1175
386
272
2943
95679
15
21
65
674
6758
399
9746
8210
388
298
4216
700
351
477
15
21
16
1682
4284
225
21
382
669
1435
302
48112
341
1682
382
2558
539
530
2312
468
1210
730
3083
16
539
530
1994
1450
2731
2312
344
4296
306
699
3083
13
306
17208
8800
48112
16
689
4924
504
4020
535
225
1670
535
307
13
8696
2502
1687
18
2209
307
33
622
66
24
16
713
504
4020
66
22
13
2428
361
98681
689
225
622
66
28
8696
2502
1398
18
19100
2516
382
81740
30
461
70876
1343
10549
1094
366
277
9746
3083
19720
3509
93198
18
52516
265
3083
2428
3910
277
9746
19720
297
93198
386
2549
386
2413
382
2110
530
1761
302
277
1343
396
30
461
48112
436
7152
498
373
245576
6
1207
277
9746
1682
297
277
16514
23459
399
15
21
35
41729
16
539
5088
20562
277
1843
10368
890
8811
277
2475
3083
1011
3866
277
9746
1682
304
14949
399
18
2586
277
10368
11751
468
277
1646
1207
2291
277
2475
3083
1011
1265
277
9746
1682
1518
399
382
9303
21887
16
23907
539
1472
468
3591
700
18
4214
9746
867
351
145102
1563
477
499
700
304
307
17
21
16
4680
9746
1682
18
22705
890
539
1058
13530
265
3083
386
1011
3764
9746
1682
304
399
15
21
35
41729
16
277
4550
341
30
539
1587
277
30041
16514
1175
386
9746
1682
6758
399
18
2586
539
2549
8210
3369
277
4526
539
2050
304
2549
265
3083
386
1011
3866
9746
1682
1518
399
16
539
5088
1714
411
18
2209
592
277
1843
3083
5513
3402
3672
9746
1682
351
399
15
21
35
5489
539
4273
2549
411
468
616
35
41729
16
539
1472
402
8295
16514
35
16473
8483
30
539
1472
468
700
16
402
9746
867
8295
18
1283
1587
304
1511
2687
477
1175
386
85523
272
2943
95679
15
21
65
674
6758
399
9746
18
2586
539
59689
477
499
700
304
307
17
21
16
14140
9746
1682
18
461
30041
477
341
277
8331
3591
352
697
9746
6758
399
18
1437
468
910
1646
2291
272
13478
65
3672
9746
1518
399
16
539
4273
13052
3310
16
713
277
10368
11751
468
477
17
21
344
359
477
59777
680
2209
592
277
1586
1058
3083
272
2943
65
3402
674
9746
33
21
16
4924
6772
396
1423
396
399
19105
21
18
1437
399
33
20
35
2209
399
19105
21
621
16981
18
2586
2837
539
530
468
2750
1863
272
2943
1807
2586
10368
2837
5720
468
2750
730
3083
382
27872
277
17322
341
7152
498
30
352
1450
10368
16
539
1863
8210
3369
539
1565
265
3083
386
1011
3866
277
9746
1682
304
3456
399
15
21
16
1232
539
5088
1714
386
3083
18
2952
16
6035
386
592
277
10368
3402
674
399
9746
8210
16
8811
839
699
3083
386
341
516
3724
1731
399
1011
3866
9746
1682
304
3456
399
15
21
16
713
539
5088
18
2209
592
539
919
265
3083
386
341
3402
3724
277
399
9746
16
9746
30628
399
16
713
539
530
4622
18
2586
277
10368
530
4622
396
1423
396
616
8210
9841
304
277
867
302
468
1210
399
9746
386
569
961
4156
713
3312
18
2209
592
539
569
4156
7662
399
9746
16
539
4273
15898
265
699
9746
3083
382
29838
16
277
1343
15837
48112
277
1794
468
10690
1207
277
867
302
8210
4156
713
3312
341
302
2287
399
16
306
277
2475
3083
341
265
699
3083
516
297
386
867
18
2952
16
1850
516
7662
386
30
19001
539
569
4156
399
9746
16
1232
539
1565
265
3083
386
341
3402
297
277
867
16
539
530
2188
2549
411
18
2586
277
10368
10995
18
461
10368
11751
890
539
13530
265
3083
386
341
516
297
277
1843
867
16
12267
9746
304
14949
399
18
2586
277
2984
4232
436
7662
468
23864
1207
277
16514
778
304
386
3591
674
7662
399
9746
8210
16
306
277
2475
3083
341
516
3724
1019
18
2209
851
16
277
10368
874
1169
468
277
1169
302
1794
382
27872
277
1435
302
48112
530
361
19377
498
25354
2454
304
1503
16
14140
277
867
302
8210
4156
297
277
1843
10368
18
2973
539
1565
265
3083
386
341
516
297
277
867
306
277
867
3402
674
2287
399
16
1232
539
1169
277
1843
10368
1714
386
3083
344
77
3077
1278
539
1472
265
699
10368
468
386
3083
680
1437
277
867
674
2287
460
399
16
539
530
2837
2549
277
3083
18
6755
16
890
539
1472
265
699
10368
16
539
12760
277
867
382
4892
277
1343
341
30
17322
468
23864
700
1207
277
16514
272
63
20
55327
65
674
7662
399
9746
8210
16
306
272
2943
65
341
265
3083
516
297
386
867
16
306
851
277
867
302
272
63
20
55327
65
341
7662
277
867
302
8210
297
277
10368
778
304
700
17
21
35
41729
16
539
1008
304
361
17034
382
19477
8483
30
1283
1472
402
8295
867
18
1283
59689
1257
272
18
1283
4680
1843
10368
867
18
1563
1450
3083
274
468
2413
477
16
592
274
341
297
1843
867
420
2287
460
399
16
539
530
2549
411
31
4430
867
25764
18
1437
274
516
297
867
306
2287
1377
399
16
1232
539
4273
2549
411
31
539
1998
1169
277
10368
1714
492
3083
18
2586
539
19706
17322
1682
16
1472
265
699
10368
402
274
16
12760
867
351
391
71
7342
957
341
7662
277
70876
1343
1480
539
2837
1863
277
30041
2731
10368
30
539
1094
4124
890
13238
382
27872
277
17322
1682
25782
277
1435
302
3041
539
13530
265
3083
386
1011
3866
277
1843
10368
494
9746
1682
304
3456
399
15
21
16
700
3077
1278
890
539
1565
265
3083
516
297
277
1843
867
306
277
1843
867
341
3402
302
2287
399
382
4892
277
1343
22699
48112
6792
304
225
21
692
1435
302
23864
700
344
73210
499
225
21
13
1175
386
272
2943
65
341
516
297
277
867
302
9746
8210
297
272
63
20
55327
17
21
65
306
386
867
674
2287
399
18
4540
21887
16
1529
16514
9746
867
778
304
3591
700
17
21
361
400
7193
351
867
2350
63
20
55327
23923
461
10368
10995
396
1423
396
890
539
1994
272
2943
2315
592
272
2943
65
516
297
400
7193
306
367
40
7193
96
1377
399
16
1232
539
4124
1714
272
2943
65
344
77
3077
1278
1472
699
10368
468
700
680
1437
272
2943
65
297
400
7193
420
367
40
7193
96
460
399
16
539
4622
18
6755
16
592
539
6018
1169
302
1794
16
539
4124
1325
2009
3083
382
27872
277
1435
302
17158
351
225
21
692
1435
302
10690
700
1207
539
4124
344
77
499
225
21
304
307
17
21
680
77063
4550
30
272
2943
65
516
297
867
2350
63
20
55327
6577
306
367
1510
2350
63
20
55327
6577
96
1377
399
382
1905
341
265
6134
31575
382
8311
16
592
539
2312
730
3083
16
411
16156
277
9746
8023
352
93198
386
2549
386
2413
16
306
6298
277
13086
3776
382
2110
1008
304
29093
277
1435
302
17158
1325
468
1210
730
2312
382
23928
307
778
304
225
622
66
24
16
539
2428
1994
5210
616
2731
3393
344
4296
700
16
699
3083
466
13
306
17208
277
1435
302
17158
19792
35
2278
436
307
14
1670
2731
3393
16
689
8696
539
530
17208
277
1603
302
1450
2312
297
504
12
21
13
420
504
26930
307
13
231363
1347
687
242789
18
8801
307
33
622
66
24
16
504
4020
535
34481
13
351
225
15316
79
16
697
341
6772
18
1563
1450
2312
16
539
1008
304
17208
1435
302
17158
18
2952
16
13131
1435
302
17158
499
28252
352
1450
2312
1011
361
504
4020
13
1450
16
6152
304
504
4020
66
22
535
34481
13
351
225
622
66
24
535
225
622
66
24
535
225
1670
351
225
22
18
26
73
29
16
2502
1398
18
2586
539
1008
304
17208
17158
1682
1325
265
2312
6697
382
2110
1008
304
1511
265
1528
304
17208
277
1435
302
17158
2688
277
1794
306
265
3225
3083
20969
18
22977
539
530
687
52448
277
4607
10368
1682
306
277
1603
302
9212
730
3083
366
277
20789
382
24761
19829
277
4550
352
20789
30
4124
468
2413
700
344
21
218853
352
3591
700
16
1207
700
341
1472
302
699
10368
13
592
638
17
461
16514
272
63
20
55327
65
674
7662
399
9746
8210
388
17
461
3083
272
2943
65
341
516
3724
1731
399
8210
382
4892
20789
5086
366
1217
2647
30
277
9746
867
302
16514
778
304
700
17
21
16
306
277
3083
468
700
382
70266
265
3083
468
910
2413
278
304
265
699
3083
274
530
3910
638
17
461
9746
867
302
93198
386
2549
278
344
77
3077
1278
352
616
23864
6743
278
16
277
16514
4059
278
680
2586
411
16156
277
4550
352
20789
468
10690
700
1518
278
16
1480
277
16514
867
400
7193
642
2312
388
17
887
851
16156
277
4550
352
20789
468
2413
700
351
278
35
41729
16
4124
468
2413
700
9848
890
539
1994
16514
778
304
700
17
21
344
1833
10368
494
8210
13
306
1232
272
2943
65
396
277
1058
3083
302
2475
10368
18
2586
592
539
2312
272
35950
2315
411
16156
638
261
506
1563
700
351
278
30
461
4124
4550
10916
16514
867
400
1615
351
867
2350
63
20
45421
6577
306
3083
272
35950
1807
52516
272
35950
65
3393
1804
400
1615
344
359
277
699
3083
341
1497
499
2462
16
306
8696
16156
277
867
2287
306
9998
13
306
272
35950
65
5513
18
2586
4124
468
2413
278
1387
2312
388
261
506
1563
700
1518
278
30
400
7193
4059
272
35950
65
344
29753
278
460
700
733
713
400
7193
3393
25764
18
6755
272
2943
65
341
38750
9082
700
1377
278
344
956
700
1518
278
713
272
2943
65
38750
680
2586
4124
4550
352
700
1518
278
10549
366
400
7193
306
272
2943
1807
52516
272
35950
65
3393
400
7193
352
616
700
1518
278
18
2586
1451
20789
1387
361
9175
382
27872
265
3225
2312
530
3910
504
4020
13
4124
3776
18
2586
539
1008
265
1557
304
17208
277
2983
1435
302
20789
344
273
17158
13
1325
265
2312
2142
316
44548
5113
277
4425
1794
382
153078
30
4421
52448
910
8627
304
6697
12476
277
1603
302
265
2312
366
277
2983
1435
302
20789
18
7517
307
341
1094
225
622
66
24
16
9745
539
530
10373
504
4020
535
34481
13
845
592
539
530
17208
1450
2312
297
504
12
21
13
420
504
26930
307
13
1347
687
105464
16514
2345
30222
6872
18
2209
504
4020
535
34481
13
351
225
15316
79
341
2164
16
689
592
1450
10393
341
504
12
21
733
2983
225
15316
79
341
6772
18
2209
592
539
1008
504
4020
13
621
2312
16
4924
2502
1687
18
2586
539
1008
304
1265
10393
621
2312
504
12
21
13
420
8696
504
12402
13
689
2188
64594
18
7517
399
6758
225
1670
16
504
12402
13
621
2312
341
20672
344
15316
79
14
1670
351
225
26
18
5569
49
16
2188
6772
680
2209
539
1008
304
17208
1435
302
17158
16
516
1060
20789
16
689
539
530
17208
20789
6697
382
19477
1761
819
13131
277
1435
302
17158
1325
265
2312
18
1283
530
1761
302
277
1343
396
25354
2454
304
1503
16
14140
1843
10368
867
18
52516
265
3083
468
2413
278
1387
3866
277
867
468
910
1646
304
2312
16
697
2428
9569
277
867
302
4124
10690
382
72320
4158
30
8801
307
341
1094
225
622
66
24
16
8696
539
530
2050
616
2731
3393
344
4296
700
16
699
1585
13
306
17208
277
8800
17158
498
85242
277
1343
297
504
4020
13
1450
18
3483
1011
361
504
4020
66
22
535
34481
13
351
225
622
66
24
535
225
622
66
24
535
225
1670
351
225
22
18
26
73
29
16
2502
1398
18
2209
8696
539
530
5510
277
1435
302
3393
539
1008
304
1310
35
7517
34481
341
225
1670
16
306
307
33
622
66
24
16
2983
3393
225
15316
79
18
1437
539
1387
17208
277
699
10368
1682
352
1450
2312
297
504
12
21
13
231363
1347
910
687
242789
16
4924
20672
18
2209
592
539
569
304
589
504
4020
13
621
2312
16
1850
2502
1687
382
2110
1008
265
55181
1557
382
19477
27967
277
4607
1794
272
18
4214
3569
8483
387
4173
20789
108184
2943
65
352
700
499
225
21
304
307
17
21
16
14999
3473
903
341
265
4124
1714
2413
700
344
77
3077
1278
265
699
10368
10626
468
700
680
8439
304
1343
16
4124
468
700
592
638
261
344
21
13
367
1510
2350
63
20
55327
6577
96
1377
399
203
261
344
22
13
272
2943
65
516
297
867
2350
63
20
55327
25226
3511
17158
1682
351
225
21
692
4455
1242
77
33
21
6165
82
17
21
97
20789
2943
15032
8311
16
592
539
2312
272
35950
65
304
699
3083
274
16
539
771
265
699
1794
272
6627
461
20789
297
272
11
874
1173
18
1283
1008
304
17208
4455
1242
77
33
21
6165
82
17
21
97
20789
50552
77
382
2110
530
2050
304
17208
277
5052
1360
20789
11
306
20789
108184
382
6021
3569
8483
352
1450
2413
700
344
21
568
82
17
21
733
277
4124
4550
10549
366
1217
2647
30
277
867
302
8210
297
16514
778
304
700
17
21
344
10465
411
400
1242
77
6165
31061
4106
306
277
3083
468
700
344
87
7193
2421
31061
25171
4790
2312
16
277
16514
867
352
10690
700
1518
278
642
2312
1480
272
1615
3393
18
6755
277
3083
468
700
351
278
3393
382
2110
530
5842
304
17208
352
1450
700
3473
20789
50552
77
25782
20789
108184
7193
498
15990
3776
18
1563
700
2308
278
306
700
2308
278
212181
41729
16
352
700
1518
278
16
277
3083
272
7193
341
38750
16
689
400
7193
11
344
22542
778
304
700
17
21
13
874
1173
1480
272
1615
6816
18
2586
539
1008
304
10049
277
699
4550
382
2500
700
6758
278
16
277
4124
4550
10916
93198
386
589
516
2549
278
344
29753
700
6758
278
16
16514
778
304
700
17
21
674
23864
460
700
6758
278
16
713
278
516
5101
680
2952
16
352
700
351
278
16
16514
778
304
278
17
21
1414
516
2549
278
16
689
277
3083
468
278
344
87
1615
13
341
766
302
277
2475
10368
35
26128
16
4124
468
700
351
278
10916
16514
272
63
20
45421
65
344
29753
700
341
277
1472
302
699
10368
16
713
277
3733
10368
11751
468
278
17
21
680
2586
16514
4059
23864
225
20
568
84
17
21
16
516
278
18
41729
17034
30
4124
468
2413
700
2767
539
1472
265
699
10368
468
3591
700
18
461
3733
10368
4059
23864
225
20
568
77
17
21
18
2586
277
867
400
7193
1161
297
4550
341
867
2350
63
20
55327
23923
3483
4059
272
2943
17
21
65
689
516
272
2943
128410
16473
316
17
27319
1375
2110
569
23864
225
20
1424
82
17
21
18
2973
539
436
468
3591
700
344
20
218853
13
306
11532
3473
304
2549
272
2943
65
297
1843
10368
16
539
569
277
867
302
8210
297
1843
10368
713
3312
344
8781
341
277
16514
499
1472
302
10368
304
700
17
21
680
2209
277
4124
4550
396
539
5047
7977
30
539
4124
1714
3591
700
344
77
3077
1278
1472
699
10368
468
700
13
592
638
261
506
461
867
302
8210
297
277
1843
10368
344
8781
341
272
86852
55327
6577
674
2287
399
388
261
506
272
2943
65
341
516
297
386
867
382
2608
297
277
7977
5224
16
342
1161
16514
272
63
20
55327
65
352
277
867
890
11532
4124
468
700
16
689
386
4059
272
2943
128410
16473
361
10358
382
19477
8483
277
1343
717
50593
1375
2110
1472
402
10368
1472
351
225
20
18
1283
4680
265
867
3285
7826
351
11616
382
2500
912
499
225
20
304
307
17
21
638
261
592
272
74686
65
516
297
3285
7826
306
6441
58539
7826
13
1377
399
638
348
905
4273
2549
272
74686
65
1480
411
1011
14949
399
9746
203
348
905
713
539
12216
1843
10368
16
19706
1682
16
1472
699
10368
468
912
203
348
1472
351
912
203
348
3285
7826
351
391
87
74686
49997
348
905
851
19706
1682
203
261
1625
638
348
3285
7826
3352
2350
74686
6577
261
905
592
3402
297
420
6441
185756
300
4892
468
1450
2672
16
890
539
13530
265
3083
386
1011
3866
9746
1518
399
16
539
4124
1714
411
344
77
3077
1278
411
7883
277
1472
302
265
699
10368
680
2586
277
20789
4252
468
10690
700
344
21
218853
13
1207
272
2943
65
341
277
1058
3083
302
265
699
10368
16
700
3077
1278
539
4124
1714
3591
700
344
20
218853
700
680
610
225
20
218853
4249
16
539
4124
468
3591
700
592
539
1472
265
699
10368
468
700
18
8439
304
277
8860
16
492
9848
890
638
261
506
461
1843
10368
344
3161
3733
1472
304
700
17
21
13
674
7662
399
9746
8210
388
261
506
272
2943
65
341
516
297
386
867
382
27872
277
4550
352
265
4124
468
3591
700
344
20
218853
16
700
19105
21
13
341
638
261
6441
37511
2350
86852
55327
35014
1377
399
306
272
2943
65
516
297
867
2350
86852
55327
112677
2608
277
1472
10549
366
3733
20789
18
2952
16
539
530
851
41625
277
4569
17322
396
7152
498
1131
4124
3776
29469
16
1480
277
1343
341
57272
306
277
20789
436
468
10690
1207
277
16514
499
277
2009
4124
344
273
1472
13
304
700
17
21
674
7662
399
9746
306
272
2943
65
341
516
3724
1019
382
71093
16
539
530
1761
297
4249
302
277
4607
1794
2142
2312
18
461
20789
108184
2943
65
352
700
499
225
21
304
307
17
21
344
20
218853
700
13
530
361
19377
498
85242
277
1343
3984
382
8311
16
592
539
2312
265
3083
468
2413
278
16
277
4569
15376
874
2312
18
2952
16
539
2428
361
2948
304
17208
277
699
4124
10690
498
25865
1030
277
2312
16156
277
867
302
8210
4156
297
1450
3242
10368
382
25790
539
530
2489
277
2746
396
30
1283
1587
304
29093
1435
302
20789
344
114888
680
52516
265
3083
530
1094
3910
20789
468
10690
386
436
1325
278
420
468
278
18
8801
20789
468
10690
1714
278
344
77
460
278
13
5086
1094
366
8210
272
63
20
55327
65
306
272
2943
65
697
436
38750
344
29753
700
460
278
16
306
272
2943
65
38750
680
2952
16
6035
386
277
4124
468
700
460
278
2428
361
9175
592
277
2312
82923
277
867
302
8210
297
277
10368
386
11751
468
700
17
21
35
3483
867
4059
1094
8210
1714
700
16
713
592
700
460
278
16
277
10368
778
304
700
17
21
1414
516
2549
278
344
29753
278
1518
700
680
2586
38750
18
2586
20789
468
700
460
278
4317
277
1656
396
4607
18
1563
700
351
278
16
277
4124
4550
10916
277
867
302
8210
297
277
10368
386
11751
468
278
17
21
18
3483
10368
494
8210
436
616
23864
460
278
18
7517
278
341
516
5101
16
724
436
38750
18
2952
16
277
3083
468
278
5513
341
6816
16
713
4550
352
4124
468
278
3393
18
1563
700
1518
278
16
277
867
302
8210
297
277
10368
386
11751
468
700
17
21
4059
278
344
29753
278
460
700
680
2586
277
9998
302
386
867
874
2312
16
20397
3473
6441
1377
399
306
3473
272
2943
65
341
297
411
18
2586
20789
468
700
1518
278
874
2312
382
27872
16
277
1603
302
265
2312
468
278
341
39882
304
20789
468
700
6743
278
344
116199
700
6743
278
680
8801
352
700
460
278
16
74224
18
2586
468
1210
504
4020
13
20789
1387
361
9175
16
689
539
1008
304
17208
277
2983
1435
302
20789
6697
352
1450
278
306
1450
699
1585
382
2110
1387
687
52448
352
1450
2413
278
277
373
5124
6
302
277
15376
1714
278
344
77
3077
1278
277
1843
10368
494
867
468
2413
278
17
21
16
306
277
1472
3591
16
4115
5854
306
851
1325
278
344
100368
1478
13
304
17771
14299
20789
352
700
1518
278
19792
382
12955
307
341
225
622
66
24
16
8696
539
530
687
52448
26081
386
2617
504
12
21
13
420
504
12402
13
621
2312
18
16473
9492
382
54641
277
4607
17322
15376
18
16473
17208
638
17
1472
4173
35
41729
16
539
530
17208
277
4124
10690
297
4607
1794
18
4214
20789
108184
351
1568
302
23864
1207
265
4124
9848
344
77
3077
1278
699
10368
10626
680
1563
1450
700
499
225
21
304
307
17
21
16
539
530
11135
592
4124
468
700
297
4607
18
1283
530
17208
492
498
25354
3984
504
4020
680
3483
6632
471
277
4607
17322
1682
382
8311
16
352
265
2312
468
278
16
539
1008
304
17771
14299
277
20789
352
700
6743
278
18
461
20789
352
700
460
278
4317
396
4607
382
2110
1008
304
37687
277
1343
499
278
101037
16
689
539
1008
304
1287
277
1889
468
2413
278
344
1833
1843
10368
494
867
306
277
1472
3591
13
1714
5993
278
18
610
277
4607
15376
16
468
3591
278
344
10384
5993
3083
278
733
539
569
910
1889
30
277
1843
10368
494
867
344
10465
411
3285
7826
108184
35950
6577
306
277
10368
494
1472
3591
344
8781
341
277
3733
4124
2413
680
41729
16
539
530
8483
265
1889
468
1450
2413
30
1325
5993
778
304
3591
278
17
21
344
77
3077
1278
1060
1714
11532
272
35950
24299
539
569
265
1843
867
306
277
10368
494
1472
3591
18
610
4607
16
1529
2454
10887
35950
65
351
344
11978
7826
16
1472
9559
680
1563
278
33
20
16
1714
839
3083
16
3285
7826
351
11616
306
1472
9559
351
225
20
382
8311
16
890
539
2312
272
35950
65
304
699
1585
274
16
277
1889
1714
5993
278
344
77
3077
1278
468
2413
278
13
8320
277
1656
396
4607
1480
1850
2387
366
8210
1714
278
18
2586
2454
10887
35950
65
341
38750
18
5489
539
1343
277
6816
3083
274
468
2413
278
18
957
642
3910
277
1843
867
306
11568
3866
265
4124
468
278
592
277
4550
341
1658
382
7525
5993
278
16
539
771
265
699
1889
344
11978
7826
747
1472
9559
3015
352
277
2475
2413
344
84
15
21
680
5489
352
10690
700
1518
278
16
539
1008
304
4622
277
15376
1347
277
4607
8210
352
23864
1518
278
344
22310
436
38750
680
2209
6035
386
277
1843
867
306
1472
3591
1325
278
874
1173
499
4607
16
306
6298
277
13845
5993
874
1173
16
6152
304
1497
20789
352
700
1518
278
382
4892
539
530
1761
302
277
1343
1325
278
396
265
15376
366
277
35758
272
35950
15
21
58985
344
73210
499
2413
278
15
21
13
2688
387
4381
1889
344
11978
7826
36426
16
1472
9559
36426
13
386
4495
499
5993
277
6816
3083
468
278
18
461
4607
15376
1325
278
1011
569
265
1497
4381
1889
344
11978
7826
108184
35950
15
21
128410
41729
16
277
4607
1889
1714
5993
278
15
21
1011
361
2387
366
5993
272
35950
65
15422
680
2586
539
1008
304
17208
277
1435
302
20789
297
277
22503
2688
277
4381
1889
382
27872
16
352
1450
2731
2312
468
278
344
77
3077
1278
2312
304
3083
274
733
539
1008
304
638
17
42379
277
1435
302
20789
297
10690
700
460
278
344
8781
341
1060
20789
108184
2943
65
352
700
7064
16
689
6035
386
4124
468
700
21062
304
6857
265
699
10368
468
700
18
610
954
27946
16
20789
468
700
460
278
436
38750
35
26128
16
4124
468
700
460
278
10549
366
277
1889
778
304
700
16
697
341
74224
1480
8210
1714
278
436
38750
306
277
1889
10859
778
304
700
341
277
1656
396
4607
35
2209
341
411
13375
277
1656
35
7517
277
1343
1714
278
341
38750
16
306
277
20789
468
700
460
278
436
7152
21289
498
1731
8210
16
12035
724
4317
7662
277
1656
18
2586
539
530
4455
4607
20789
352
700
460
278
388
17
5489
16
6857
499
2413
278
16
402
2454
10887
396
4607
344
29753
2454
10887
35950
65
341
2387
366
4607
272
63
20
45421
17
21
65
306
539
12831
15267
278
4427
680
5489
539
1343
277
6816
3083
274
468
278
16
697
874
3866
265
4124
468
278
344
77
3077
1278
265
699
10368
10626
468
278
680
957
4124
10549
366
2454
10887
35950
65
306
274
18
2586
539
530
5827
592
4124
468
278
9848
297
277
699
1794
18
16473
27967
4124
1615
351
344
21
592
4124
468
278
1625
225
20
3098
17
5489
539
1008
304
37687
277
2518
302
277
1794
344
3161
278
15
21
304
307
17
21
13
1347
277
699
1889
1325
5993
278
344
8781
10549
366
2454
10887
35950
2315
274
16
306
3473
265
4124
11566
680
1563
1450
13845
3591
700
1518
278
16
539
1008
304
5827
592
265
4124
9848
468
700
16
2688
277
1843
867
306
277
3083
272
2943
65
344
20128
680
461
1343
499
278
15
21
101037
341
1013
30
539
569
265
1843
867
3285
306
1472
3591
35
41729
16
277
4124
4550
1094
41474
819
277
1843
867
344
1833
867
302
8210
297
277
1843
10368
13
306
277
3083
468
700
18
461
1472
3591
4007
3910
277
4550
7835
386
18
2586
539
530
8483
265
1154
386
2688
387
4381
867
330
20
344
8781
341
277
867
1325
5993
2413
278
13
306
277
35758
272
35950
15
21
125915
73422
277
1435
302
20789
297
386
35758
382
2608
6035
386
277
1843
867
330
20
341
277
867
302
8210
297
277
1843
10368
468
2413
278
344
77
3077
1278
1325
2291
272
35950
65
592
840
4124
16
420
592
4124
468
278
16
1232
277
699
10368
494
867
341
1060
391
71
25171
2586
539
569
1217
21254
1375
8561
225
21
30
26119
468
278
9848
18
5489
1325
4124
16
539
1472
265
699
10368
468
278
402
867
351
391
71
7342
2586
352
700
1518
278
16
539
37687
1347
492
867
382
8561
225
22
30
2523
4124
468
278
18
5489
539
2549
274
297
277
1843
10368
344
359
274
341
3402
297
2454
7826
420
2287
460
399
680
2586
277
867
7883
2454
7826
93970
391
71
97
344
956
17034
30
592
2454
7826
2287
1377
399
306
274
516
297
2454
7826
16
1232
265
4124
1011
569
11566
16
713
840
4124
1690
18372
3673
2454
7826
2287
460
399
420
274
14222
2454
7826
680
2586
699
867
351
2454
7826
93970
391
71
97
344
273
1060
2454
7826
592
274
3402
297
680
2586
867
351
2454
7826
11
344
6118
8696
6758
399
2570
27872
1325
278
16
539
569
387
4381
867
330
344
57009
391
71
97
420
2454
7826
93970
391
71
25171
5489
539
1008
304
37687
277
35758
382
8311
16
277
15376
499
278
15
21
101037
2688
387
4381
867
330
306
277
1794
35758
331
351
272
35950
15
21
58985
530
361
3410
498
25354
331
306
14140
277
867
302
277
1843
10368
344
8781
15528
341
330
680
957
15376
22699
265
1435
302
20789
2223
277
35758
344
77
3077
1278
20789
468
23864
700
1518
278
680
1283
1008
304
17208
492
19792
352
1450
2731
344
84
16
274
680
7517
307
33
622
66
24
306
34481
33
1670
16
539
1387
352
1450
278
306
1450
274
37687
277
35758
297
504
4020
13
14774
41597
16
6152
304
504
4020
66
22
535
34481
13
1754
18
2209
8696
539
530
687
52448
2761
304
3032
1175
20634
6697
382
2110
530
687
52448
352
1450
2413
278
306
1450
2731
4381
867
330
344
8781
341
265
22517
302
34481
302
2287
778
304
399
13
277
1435
302
20789
386
1011
5181
297
277
35758
6857
468
278
2688
386
4381
867
18
2952
16
399
6758
225
1670
16
689
1435
302
50104
341
8730
18
3557
31975
382
72320
30
7517
277
1343
1094
10549
366
277
1843
867
306
277
8210
4156
16
539
2428
361
2948
304
17208
277
1603
302
9212
265
3083
498
11532
1030
411
82923
277
373
126120
1682
6
468
3166
4232
306
277
373
51344
6
302
8210
382
25790
539
530
1761
297
4249
302
373
61025
10690
6
1207
277
1343
2428
2312
18
12854
10149
30
461
1435
302
17158
25782
225
21
692
1435
302
23864
700
1175
386
277
16514
272
63
20
55327
65
674
7662
399
9746
8210
306
272
2943
65
341
516
297
386
867
18
2586
20789
108184
2943
65
351
225
21
592
4550
12413
16
1625
225
20
382
7525
265
2312
16
539
1008
304
17771
14299
20789
50552
77
352
700
6743
278
382
2110
530
2050
304
17208
20789
50552
77
352
1450
700
1518
278
2387
366
277
4607
4124
108184
2943
65
689
31198
352
277
1603
302
277
2312
366
277
16514
867
400
7193
344
77
3077
1278
867
2350
63
20
55327
138589
8801
272
2943
65
5513
341
38750
352
700
1518
278
18
2586
4550
352
4124
50552
77
341
638
261
6441
10991
7193
3015
1377
399
306
272
2943
65
516
297
400
7193
28080
4271
400
7193
11
351
867
302
8210
297
272
63
20
55327
65
1325
2312
382
9172
386
400
7193
11
35864
499
400
7193
1094
592
277
6816
3083
468
278
341
297
648
20
16
700
17
21
65
306
969
1333
3393
18
30105
16
352
700
1518
278
16
400
7193
11
351
400
7193
402
11568
730
3083
13452
30
592
277
2462
3083
272
35950
65
540
1831
297
400
7193
16
306
277
699
3083
274
341
516
297
400
7193
344
273
592
272
35950
65
540
516
297
400
7193
689
274
341
733
1232
400
7193
11
874
569
265
1497
20050
18
4540
21887
16
400
7193
11
351
400
7193
506
391
1018
31641
97
692
391
1815
31641
97
592
2462
31641
2308
699
31641
306
1804
436
297
277
2783
35
2209
17034
30
400
7193
341
277
867
302
9746
8210
297
23864
225
20
568
77
17
21
18
52516
272
35950
65
304
274
3393
277
9746
867
352
839
700
1518
278
18
461
2312
341
638
261
1437
272
35950
65
1377
274
30
840
2312
16
400
7193
11
351
400
7193
388
261
34988
638
348
4214
2462
351
272
35950
2315
699
351
274
388
348
1437
2462
297
400
7193
306
699
516
297
400
7193
30
1232
400
7193
11
351
400
7193
506
391
1018
97
692
391
1815
97
2649
2287
874
2312
388
348
1437
2462
516
297
400
7193
306
699
297
400
7193
30
1232
400
7193
11
351
400
7193
93970
391
1815
97
2649
2287
9063
498
225
21
592
2462
516
297
400
7193
35
41729
16
592
2462
516
297
400
7193
16
16927
5601
16
8811
699
18
2586
2287
7883
367
40
7193
63839
21
592
699
516
3402
297
400
7193
16
1625
38750
388
348
1437
1804
2462
306
699
436
297
400
7193
30
840
2312
297
867
35
41729
16
592
1804
436
3402
297
400
7193
16
1232
16927
2462
306
8811
699
4007
2312
277
867
1480
2462
540
1831
16
699
540
1831
16
713
867
38750
18
2952
16
17034
30
592
2462
1377
699
16
840
2312
18
2586
1094
890
2462
306
699
436
1497
16
306
7662
730
302
1019
341
297
400
7193
306
277
852
516
16
277
867
3393
344
57009
40735
730
420
21433
730
680
6755
16
592
2462
516
297
400
7193
306
699
516
297
400
7193
16
867
38750
344
29753
2462
516
297
867
16
699
516
297
867
16
840
1603
680
1437
1804
297
867
16
867
38750
382
27872
16
352
1450
700
1518
278
16
277
2312
297
400
7193
11
5657
304
400
7193
10549
366
3473
2462
306
699
436
297
400
7193
382
8311
16
4124
50552
77
4550
5119
6441
10991
7193
3015
1377
399
306
272
2943
65
516
297
400
7193
28080
28354
4124
108184
2943
65
4550
30
6441
10991
7193
13
1377
399
306
272
2943
65
516
297
400
7193
382
4892
539
530
17208
277
5052
352
1450
700
1518
278
396
265
1154
302
277
2312
18
7517
903
436
778
304
225
622
66
24
700
494
16
306
539
569
778
304
225
15316
79
3393
16
539
1008
304
17208
4455
898
700
302
4124
50552
77
19792
382
2110
1387
2050
304
17208
352
1450
2731
2312
344
84
16
274
13
277
2983
1435
302
20789
50552
77
352
700
1518
278
498
155610
898
700
2387
366
3473
2462
40884
436
297
400
7193
306
852
3776
382
2608
400
7193
341
277
867
302
9746
8210
297
16514
778
304
700
17
21
18
3483
10549
366
277
4569
16514
18
887
2428
361
2731
304
687
52448
352
1450
700
277
867
400
7193
35
2209
8023
436
1451
18
2952
16
539
530
1761
297
4249
302
277
373
9060
18168
6
306
373
5838
18168
6
302
8210
382
23928
386
34481
2287
341
2164
344
1670
733
539
2428
361
2948
304
687
52448
352
1450
3083
277
10690
1207
411
8615
18
2209
400
7193
341
1060
277
867
302
8210
386
569
13149
468
2750
3984
297
16514
778
304
700
17
21
18
2586
539
530
4671
352
1450
3083
16
277
27484
3591
1207
411
8615
18
2209
277
4550
6441
10991
7193
13
1377
399
2767
386
7662
399
9746
8210
569
13149
498
3591
700
17
21
18
1533
272
2943
65
516
297
400
7193
2767
386
277
3083
468
700
341
516
3724
1731
399
382
27872
16
4124
108184
2943
65
351
225
21
592
306
1094
592
638
261
344
69
13
461
1435
302
9746
8210
297
272
63
20
55327
65
344
77
3077
1278
778
304
3591
700
17
21
13
341
7662
399
388
261
344
70
13
272
2943
65
341
516
730
302
1731
399
8210
382
2110
530
687
52448
16514
9746
19720
306
16514
9746
8023
35
2209
539
1008
304
1287
20050
6697
18
7517
34481
341
2164
16
539
530
17208
352
1450
2413
700
16
277
867
302
9746
8210
297
16514
778
304
700
17
21
396
265
250584
302
225
1670
13822
18
9405
31975
30
539
530
17208
16514
142438
2943
65
351
250584
302
8210
4156
297
272
63
20
55327
65
344
77
499
225
20
304
307
680
16514
142438
63
20
65
351
225
20
18
1563
700
499
225
21
304
307
16
16514
142438
2943
65
351
16514
142438
2943
17
21
65
367
344
21
3492
344
567
2350
2943
17
21
239155
567
984
69
19356
680
5489
6441
10991
7193
13
351
189125
73387
142438
2943
112677
14353
16
539
530
1287
272
2943
65
6043
382
14032
4124
108184
2943
65
351
344
14044
8227
73387
142438
2943
6577
1377
399
13
306
344
344
22542
142438
2943
65
6656
344
567
2350
2943
239155
567
984
69
163713
764
225
21
1377
225
20
75956
8311
16
1325
265
2312
468
278
344
94473
272
35950
65
304
274
733
277
16514
30456
352
23864
6743
278
15
21
642
2312
18
16473
8483
699
30456
18
1563
700
6758
278
16
16514
142438
2943
65
8320
1656
1480
2312
9848
468
278
16
306
16514
778
304
700
344
77
6758
278
13
4059
23864
460
278
1094
16
713
74224
18
1563
700
1518
278
16
16514
142438
113737
77
65
351
16514
142438
2943
65
402
20969
30
539
1008
304
17771
14299
277
8588
352
23864
2291
278
18
7517
1094
272
35950
65
3393
16
277
699
8588
352
839
3591
477
6743
278
15
21
341
638
261
16514
142438
113737
78
65
351
16514
142438
13478
65
7238
344
21
3492
344
1018
1149
7238
344
21
3492
344
1815
198576
3557
7662
16
1480
592
2462
540
1831
297
16514
778
304
477
17
21
306
699
341
516
16
539
1008
304
5909
2462
306
919
699
18
2209
277
8588
5637
341
516
5207
98326
1480
592
1804
846
1831
16
16927
2462
1011
53786
5909
411
1571
592
1850
2188
1831
20362
18
2586
539
1008
304
1287
352
1450
3591
477
1518
278
16
3473
2462
540
1831
297
277
4607
16514
778
304
477
17
21
16
306
3473
699
341
1831
18
461
8588
352
477
15422
341
16514
142438
13478
1807
4790
2312
16
539
1008
304
17208
699
8588
498
11532
277
1603
302
9212
265
3225
3083
468
278
382
2110
530
687
52448
352
1450
3083
16
277
2475
18168
1325
265
2688
2413
16
4115
1278
304
5827
592
2462
341
2188
1831
297
277
16514
1325
278
18
30105
16
352
265
2688
3591
477
344
4271
477
1518
278
733
277
4607
16514
778
304
477
17
21
4059
23864
225
20
568
78
17
21
18
4790
2312
16
277
867
302
8210
297
386
16514
341
30
4607
867
302
8210
297
23864
225
20
568
78
17
21
16
689
402
272
35950
65
13452
498
274
18
2586
539
530
17208
699
8588
351
4607
8588
16
689
402
277
2165
29440
638
261
506
1437
2462
3083
8615
297
277
4607
16514
306
539
1008
304
5909
411
1094
592
411
840
5198
8615
20362
297
23864
225
20
568
78
17
21
344
22795
11568
468
278
680
2586
539
1008
304
1287
16
352
1450
3083
16
277
10690
302
969
53840
18
1563
265
2688
2462
1585
16
1529
2475
18168
1325
278
361
2475
60821
351
277
21820
3591
1518
278
1207
272
18071
65
1377
2462
18
1437
1175
2475
18168
8654
306
2475
60821
460
477
16
1232
1325
16927
272
35950
2315
2462
2188
8615
297
277
16514
16
713
539
1196
516
5909
411
499
277
8588
18
1437
903
341
840
2475
18168
344
77
3077
1278
2462
1414
516
5230
1754
1325
278
733
1232
1325
2312
16
2462
874
38649
499
277
16514
344
53374
699
1585
341
2462
16
689
1850
516
680
2586
539
1008
304
1287
16
352
1450
477
16
3473
2462
341
2188
1831
297
277
16514
1325
2312
18
22041
16
539
1008
304
1287
3473
699
1585
341
1831
344
77
3077
1278
592
699
8615
20362
297
23864
225
20
568
78
17
21
1714
278
16
420
592
278
5513
341
277
1094
18168
35
41729
16
1325
2312
16
699
1585
341
4472
468
278
18
2586
699
1585
341
10098
1831
297
277
16514
352
839
477
1518
278
1480
3591
278
341
5101
18
2952
16
592
699
1585
25782
2462
16
840
2312
18
2586
352
477
1518
278
16
699
1585
341
1831
297
277
699
16514
344
29753
539
867
272
35950
65
351
699
680
2209
17034
30
1437
699
1585
341
2462
344
42021
733
840
2312
18
1437
1497
16
699
1585
8615
468
278
16
713
411
341
10098
1831
297
277
16514
352
839
477
1518
278
344
29753
278
341
5101
680
2952
16
903
341
265
122221
30
592
699
1585
25782
910
852
3083
3402
1831
16
1850
2188
1831
18
2586
352
477
1518
278
16
699
1585
341
2837
1831
297
277
699
16514
16
15470
302
852
53840
35
8520
16
1480
539
6816
272
35950
65
304
699
16
713
699
341
1831
468
2413
278
16
306
278
460
477
16
713
699
341
297
277
16514
18
2586
297
277
699
8588
16
699
3422
341
2837
867
352
477
1518
278
344
60667
699
2308
2462
35
592
699
1377
2462
16
840
2312
17833
680
2586
699
3422
341
10098
225
21
297
16514
142438
113737
78
65
352
477
1518
278
16
9082
699
1377
2462
344
6176
840
2312
680
2586
539
530
2132
30
1563
477
1518
278
16
592
699
2308
2462
16
1232
16514
142438
113737
78
65
674
3422
699
351
225
21
344
83575
8696
680
1563
2462
16
539
1008
304
5827
592
2462
2188
8615
20362
297
23864
225
20
568
78
17
21
28455
278
18
2586
2462
3422
297
699
8588
341
225
21
592
306
1094
592
344
1018
1377
699
35
840
13
306
344
1018
8615
297
4607
16514
778
304
477
17
21
306
3673
344
84
341
516
277
1094
18168
302
2462
13
700
3077
1278
903
8654
2484
3591
4787
2308
278
402
272
133230
65
1377
2462
306
4787
460
477
680
2586
539
1008
304
1287
16
352
1450
3083
16
277
2475
18168
1325
278
306
3733
18168
1714
278
35
41729
16
352
265
2688
477
16
539
1008
304
1287
592
2462
8615
297
23864
648
20
16
477
17
21
65
38147
278
18
9405
11104
304
30
277
27484
18168
302
2462
1325
278
344
359
839
13
341
2336
936
477
16
420
277
2009
18168
1714
278
341
6743
20
306
460
477
35
2209
592
903
341
387
18168
1714
278
16
4924
3402
297
4607
16514
18
7517
278
341
1610
6816
16
592
903
341
387
18168
302
2462
1714
278
16
1232
2462
2188
8615
344
29753
386
18168
341
2188
903
680
2586
539
1008
304
1287
592
903
341
839
18168
302
2462
297
23864
648
20
16
477
17
21
65
852
936
11568
278
18
3483
341
30
3673
344
20885
8654
387
18168
302
2462
297
648
20
16
278
17
21
6577
7183
344
20885
8654
387
18168
302
2462
297
648
84
15
21
16
477
17
21
23923
2586
2462
3422
8320
225
21
592
344
1018
8615
297
4607
16514
1714
278
13
7183
344
1018
8615
297
4607
1794
1360
278
15
21
306
477
17
21
680
1437
15600
16
1232
2462
3422
7883
225
20
382
27872
16
539
530
687
52448
352
1450
3083
16
277
10690
1207
411
9848
18
5489
352
1450
6132
344
84
16
699
733
539
530
5827
352
1450
477
1518
278
3473
2462
341
2188
1831
18
2952
16
539
1008
304
12476
4124
50552
77
352
1450
700
1518
278
16
697
10916
4550
366
6441
10991
7193
3015
306
20050
302
272
2943
65
297
400
7193
6627
7517
6441
10991
7193
3015
351
189125
73387
142438
113737
77
23923
1533
272
2943
65
516
297
400
7193
11
2767
386
277
3422
352
272
2943
65
341
225
20
297
16514
142438
113737
77
15032
8311
16
4124
50552
77
351
225
21
592
344
14044
8227
73387
142438
113737
77
6577
1377
399
13
306
344
344
22542
142438
113737
77
65
6656
344
567
2350
2943
239155
567
984
69
163713
764
225
21
1377
225
20
18297
1625
225
20
382
2110
1387
5842
304
17208
4455
898
700
1518
278
302
4124
50552
77
498
142157
898
700
16
689
386
1011
361
504
4020
13
621
2312
18
2952
16
8696
539
530
17208
277
5052
499
4607
20789
498
25865
1030
277
2312
16156
277
3776
352
1450
700
382
54641
22072
7193
351
4124
50552
77
506
4124
108184
2943
1807
5489
2983
20789
11
351
2983
108184
692
4455
1242
77
19105
84
97
22072
7193
18
2586
539
1008
4455
302
22072
7193
898
700
44862
382
8311
16
22072
7193
10549
366
3393
297
1217
2647
30
6441
10991
7193
3015
306
3473
272
2943
65
341
297
400
7193
28080
2110
530
2050
304
17208
352
1450
700
1518
278
3473
4124
50552
77
7883
225
21
420
225
20
2387
366
277
2312
18
7517
307
341
1094
225
622
66
24
16
306
2983
3393
225
15316
79
16
592
539
530
17208
22072
7193
352
616
700
1518
278
297
504
12
21
13
621
700
621
2312
16
4924
504
4020
13
621
2312
1754
18
2209
8696
539
530
17208
22072
7193
1347
687
105464
1478
386
530
361
106374
297
504
12
21
13
352
1450
700
16
689
2188
539
569
304
4455
898
700
16
697
341
504
4020
13
621
2312
18
225
15316
79
535
225
622
66
24
351
225
22
18
26
73
29
16
2502
1398
382
2110
1008
304
5510
277
621
62121
2331
382
81740
30
461
4550
352
4124
50552
77
10916
16514
142438
113737
77
1807
461
2312
1094
16156
16514
142438
113737
77
65
297
265
3018
1528
30
411
121836
277
3422
352
2462
306
11568
121836
277
3422
352
699
5657
304
4607
35
3557
7662
16
1480
699
3422
874
3402
361
225
21
18
2209
539
530
1761
302
277
5052
396
30
16514
142438
113737
77
65
351
16514
142438
2943
65
7238
344
24986
60821
191416
13
7238
344
24986
18703
103967
13
1207
8588
60821
191416
351
225
21
1408
1018
592
2462
341
516
1831
20362
297
16514
648
20
25478
17
21
65
6329
11568
278
16
306
8588
18703
103967
351
225
21
1408
1815
592
699
341
516
1831
15422
297
16514
648
20
25478
17
21
65
344
273
2837
35
41729
699
341
2837
1831
1480
302
278
16
689
592
699
3402
1831
16
1232
8588
18703
103967
341
225
20
680
2586
539
1008
304
1287
352
1450
700
3473
2462
341
373
54371
6
344
77
3077
1278
1094
18168
297
16514
341
468
278
13
306
3473
699
341
373
1815
304
16514
6
344
77
3077
1278
516
3402
1831
680
2586
539
1387
687
52448
352
1450
3083
16
352
1450
2413
16
277
2475
18168
1325
386
2413
306
277
3733
18168
1714
386
2413
18
5489
352
265
2688
2312
344
84
16
699
733
539
530
5827
352
1450
700
1518
278
638
261
506
341
60821
67
54371
5802
2738
1641
592
2462
1414
516
5230
297
23864
648
20
16
700
17
21
65
6329
468
278
18
3483
341
16
592
344
20885
341
840
18168
302
2462
1714
278
13
306
344
1833
2475
18168
302
2462
1325
278
341
6743
700
420
5023
680
2586
539
530
687
52448
2475
214982
63
4978
4274
1084
65
351
2475
3591
6743
912
1207
1585
8615
344
273
69183
592
5023
680
5489
352
265
2688
700
1518
278
16
2462
341
4953
592
344
19821
214982
63
4978
4274
84
65
341
4628
420
11075
214982
63
4978
4274
84
65
460
278
35
41729
16
539
1008
304
2292
592
903
341
839
18168
302
2462
297
648
20
16
700
17
21
65
28455
278
18
3483
341
11104
304
30
2475
214982
63
1018
4274
84
65
460
700
344
359
2475
214982
63
1018
4274
84
65
8654
13
7183
903
8654
387
18168
302
2462
1714
278
18
2209
17034
30
592
903
341
387
18168
1714
278
16
386
341
3402
297
277
16514
352
700
1518
278
15470
302
700
35
8520
16
1480
700
1518
278
16
306
278
341
5101
16
689
277
18168
1714
278
341
468
3591
460
278
460
700
16
713
1850
297
277
16514
18
2586
2462
341
516
4953
592
903
341
839
18168
302
2462
297
648
20
16
278
17
21
65
7183
903
341
387
18168
302
2462
297
648
84
15
21
16
700
17
21
1807
2586
2462
341
4953
1094
592
903
341
840
18168
302
2462
297
648
20
16
278
17
21
65
306
840
18168
302
2462
297
648
84
15
21
16
700
17
21
1807
461
13520
4550
341
386
277
2475
18168
1325
278
344
359
839
13
341
6743
700
18
2586
2462
4953
351
344
19821
214982
63
1018
4274
84
65
341
4628
13
306
344
8831
214982
63
1018
4274
84
65
341
69183
420
2475
214982
63
1018
4274
84
65
6743
700
680
5378
11075
214982
63
1018
4274
84
65
1387
361
5047
396
277
2009
18168
302
2462
1714
278
344
273
4628
680
2209
539
530
17208
11075
214982
4173
30
352
1450
2413
700
344
20
218853
733
539
530
17208
11075
2943
65
351
3733
18168
302
277
1656
3083
1714
700
16
420
506
21
18
22041
16
2475
2943
65
351
2475
18168
1325
700
382
71093
16
539
530
687
52448
352
1450
3083
387
4173
302
10690
1207
411
9848
18
5489
352
265
2688
278
16
539
530
11674
3612
304
1565
592
903
341
387
18168
1714
278
306
592
277
2475
1325
278
341
460
700
382
2608
2188
16
304
17208
22072
7193
352
616
700
1518
278
16
539
1011
1008
304
59689
898
700
16
697
341
504
4020
680
2952
16
8696
539
530
17208
277
4455
898
700
302
22072
7193
498
11532
22302
1207
277
3776
436
5882
18
8801
396
700
9063
16
277
4056
302
2462
1610
4953
306
699
1610
1831
874
2312
468
3166
51712
344
8831
18168
302
2462
16
2475
18168
302
699
16
4115
22954
6755
16
277
189125
302
16514
142438
113737
77
65
3393
1094
890
277
8588
3393
16
700
3077
1278
890
539
4835
387
3591
1207
3673
2462
7883
1713
102695
344
77
3077
1278
539
1717
265
2475
18168
302
2462
1325
278
13
420
699
7883
3402
1831
35
41729
699
341
2837
1831
1325
278
16
713
969
3422
341
2837
225
21
297
699
8588
18
2209
4607
8588
874
420
874
516
569
386
3422
18
2586
277
5052
297
189125
4495
499
638
261
506
1437
2462
341
4953
468
700
16
1232
1325
2312
16
2462
3422
341
8045
2649
189125
23426
498
225
21
388
261
506
1437
699
341
516
15422
1831
468
700
344
77
3077
1278
699
516
297
4607
16514
778
304
700
17
21
733
1232
1325
2312
16
699
3422
341
4472
2649
189125
9063
498
225
21
388
261
506
1437
1804
4252
16
2204
2312
1387
361
506
21
16
692
21
16
420
225
20
388
261
506
6755
16
592
2462
341
516
4953
16
1232
2462
3422
30628
1656
31
592
699
3402
1831
16
840
2457
382
27872
16
6441
10991
7193
3015
351
6441
10991
7193
13
692
22072
41342
5802
733
1207
22072
41342
5802
13
341
297
79865
21
16
20
16
21
97
2387
366
277
1217
4796
382
54351
16
20050
302
272
2943
65
297
400
7193
3026
539
1008
304
1287
3473
272
2943
65
341
297
277
699
8588
18
1563
700
1518
278
16
272
2943
65
341
38750
18
461
699
8588
35864
499
4607
1094
11568
352
2462
306
699
13822
18
2586
272
2943
65
341
297
400
7193
11
592
3673
344
87
2943
65
341
516
2462
306
516
699
13
306
15422
297
400
7193
16
420
344
87
2943
65
1377
2462
13
306
2462
341
2188
1831
344
77
3077
1278
516
4953
733
420
344
87
2943
65
1377
699
13
306
699
341
1831
344
31818
1641
352
699
2308
2462
680
41729
16
592
272
2943
65
1377
2462
306
2462
341
4953
16
1232
2462
3422
341
225
20
297
699
8588
16
713
272
2943
65
516
297
400
7193
6627
1437
272
2943
65
1377
699
16
1232
699
3422
341
225
21
16
713
272
2943
65
341
297
400
7193
11
344
53374
699
1377
2462
16
1232
1656
680
1437
272
2943
65
341
910
852
3083
16
1232
969
3422
297
699
8588
341
1656
396
4607
344
29753
1094
2462
306
699
13822
874
2312
680
2586
539
530
17208
20050
4550
382
27872
16
4124
50552
77
4550
530
361
10224
297
4249
302
4607
4124
108184
2943
65
306
29440
2387
366
1131
4796
382
25790
539
530
687
52448
352
1450
2413
700
277
4607
8588
306
851
352
1450
3083
16
277
2475
18168
1325
700
306
3733
18168
1714
700
18
5489
352
265
2688
2312
344
84
16
699
733
539
530
5827
352
1450
700
1518
278
638
261
506
4953
60821
5802
2738
3473
2462
341
4953
468
700
388
261
506
699
103619
94279
5802
2738
3473
699
540
1831
297
4607
16514
778
304
700
17
21
18
344
2558
699
1377
2462
16
14801
20033
261
506
20050
302
272
2943
65
297
699
8588
30
10549
366
272
2943
65
306
4953
60821
5802
13
306
699
582
87
2943
128410
4115
382
2608
539
2188
1008
304
4455
898
700
1518
278
18
2952
16
539
2428
361
2948
304
17208
277
2983
1435
302
20789
1325
2312
498
25354
3984
352
1450
2312
16
689
1347
910
687
105464
16514
44914
386
2617
504
12
21
13
621
700
35
26128
16
25354
341
504
4020
13
621
2312
16
697
341
2502
9702
18
2209
8696
539
530
5510
277
1435
302
3393
539
1008
304
1994
18
7517
34481
2287
341
225
1670
16
8696
539
530
2050
616
2731
699
8210
352
1450
2413
16
689
539
1387
851
1994
386
1094
3393
386
3910
277
1435
302
17158
5002
18
22977
277
12381
2312
341
304
2312
265
3083
304
265
3083
386
341
3402
1831
297
277
1843
10368
35
2491
2761
1013
386
18
2209
539
4273
10987
382
71093
16
8696
903
341
265
9342
11574
420
70876
4158
386
5502
73422
277
6756
48112
1325
468
1210
730
2312
2142
21757
888
616
3393
18
22977
539
530
1761
302
277
1343
396
30
539
1587
304
29093
1435
302
20789
16
697
341
11104
304
43023
277
31051
302
17158
18
461
70876
1343
20789
890
13238
18
52516
265
3083
530
12146
2299
265
4124
7977
344
77
3077
1278
468
2413
278
13
420
530
4613
265
4124
3735
344
1892
3130
265
3083
5230
386
1011
7494
3866
265
4124
304
361
18391
680
2209
539
1587
6756
20789
16
713
539
1587
396
1451
20789
396
2731
18
2586
539
1587
304
2299
20789
29206
2731
16
306
4928
55295
17158
386
1011
7494
4124
35
41729
16
20789
436
13238
498
277
4550
31
539
4273
4928
265
4124
592
411
1011
569
11566
15422
35
26128
16
277
1343
341
57272
31
539
1907
569
265
6128
18
2586
20789
436
516
14383
31
724
4252
9724
890
277
4550
12413
18
2586
1325
265
2312
16
277
867
302
4124
10690
874
2312
30
910
20789
386
15422
28186
874
38649
16
306
910
20789
386
15422
4746
2893
874
5230
18
1283
1587
304
29093
2983
20789
382
27872
16
539
1587
304
3764
20789
18
36443
16
9212
265
3083
1387
2299
265
4124
468
386
2413
592
539
530
1265
277
4550
1641
16
306
851
3910
3735
20789
18
33991
265
4124
468
278
341
1622
344
183710
265
4124
680
2209
411
1387
851
3866
910
3735
20789
304
38649
1480
277
867
302
8210
297
277
10368
3393
16
11568
10944
277
9746
1682
420
3130
272
2943
65
9841
304
277
867
16
6298
36212
265
4124
386
1011
569
11566
18
2586
903
341
265
7363
13948
382
2110
1008
304
17208
277
2204
1603
382
23928
277
16981
16
8696
387
504
4020
535
225
1670
13
4377
402
504
12
21
13
621
2312
341
2731
592
539
530
17208
277
699
10368
1682
6697
1347
910
687
105464
373
44976
6
925
18
16473
1761
819
85242
277
1343
499
278
101037
402
387
4381
867
330
18
957
15376
10549
366
330
18
461
35758
499
278
15
21
101037
341
6842
344
20128
8210
680
461
1343
499
278
15
21
101037
2688
4381
867
330
530
361
19377
592
539
1287
16
352
1450
2413
16
277
373
8831
4124
6
2688
265
1843
867
18
957
341
73835
302
265
1889
5704
1207
277
1889
341
277
1843
867
344
69
22517
302
34481
302
2287
6758
399
680
461
1343
37378
277
35758
306
16443
20789
18
461
1435
302
20789
7034
499
265
2688
4381
867
330
898
277
35758
331
530
361
687
105464
592
539
569
265
38474
898
10690
306
8023
18
7517
34481
2287
341
225
1670
306
399
6758
225
1670
16
277
1435
302
50104
341
8730
344
22
66
1670
680
2209
539
1094
1008
50104
386
436
99164
396
1843
8023
1919
277
1343
18
461
1843
867
341
2837
265
22517
302
277
8210
4156
713
3312
16
306
969
2287
341
468
1210
399
18
2209
2188
1451
21254
382
10917
16
8696
277
1343
499
265
2688
6857
867
530
361
7152
498
4077
468
277
35758
306
277
867
330
18
8801
277
4550
352
265
4124
468
2413
700
344
264
277
35758
13
341
30
2688
1843
867
1714
5993
272
2943
65
344
8781
341
277
867
302
277
1843
10368
733
592
6441
37511
13
1377
399
306
272
2943
65
516
297
867
16
1232
4124
18
2586
277
10859
10549
1094
366
277
1843
867
18
957
341
3600
304
265
57272
17722
134660
1207
277
1889
341
277
867
344
956
867
530
361
778
304
225
22
54588
35
41729
16
277
867
530
361
839
22517
302
34481
302
2287
778
304
399
16
689
516
616
50104
436
2731
1480
277
867
1998
361
10358
402
277
8210
4156
713
3312
18
2952
16
352
265
2688
6857
867
330
16
277
13845
867
81086
396
539
1343
8210
30
592
277
3083
274
341
297
1843
867
16
867
30628
31
592
516
16
306
367
7628
96
460
399
16
539
919
274
31
592
367
7628
96
1377
399
16
539
4124
306
1472
699
10368
402
391
71
7342
2586
277
867
341
2837
265
22517
302
277
8210
386
569
13149
297
277
10368
713
3312
16
306
969
2287
341
6758
399
382
2558
539
687
52448
16
352
1450
2413
700
297
277
35758
344
29084
304
910
1472
733
277
373
8831
4124
6
1478
2688
277
1843
867
16
539
1387
9745
17208
277
1435
302
20789
6697
352
265
2688
330
498
13200
1257
277
35758
306
1347
687
105464
925
386
5143
504
12
21
13
621
3083
35
3483
1011
2188
361
504
4020
13
621
330
382
2608
8696
539
530
687
52448
352
1450
2413
277
373
13695
4619
6
396
265
1154
302
277
867
330
16
689
4924
2502
1687
382
13617
3592
30
7517
307
341
1094
225
622
66
24
16
8696
539
530
10373
504
4020
535
33670
4020
198576
2523
16
225
622
66
28
2428
361
98681
689
11568
20672
297
11636
592
29313
35
225
22
18
26
73
29
341
10098
2502
1398
18
225
622
66
24
535
225
622
66
24
351
225
21
73
28
16
697
2428
361
20672
592
7154
436
4081
35
225
21
73
28
297
11636
341
2781
4549
277
845
4753
344
50180
265
2487
9891
621
225
21
73
28
35
41729
11636
530
589
819
225
25
73
27
4081
7154
621
1749
366
5128
12929
35
32468
225
21
73
28
341
2502
1398
352
225
22
9891
18
2586
539
1008
2761
1013
504
4020
535
34481
13
351
225
22
18
26
73
25
16
697
341
6772
18
2586
539
1008
621
2312
304
361
504
12
21
13
420
504
26930
307
13
468
1210
382
25790
539
530
17208
277
6756
48112
5502
498
25865
277
1794
306
11532
277
1603
302
730
2312
366
277
1435
302
17158
16
2142
21757
888
616
3393
18
22977
539
530
17208
277
12381
2312
498
11532
1450
2731
2312
306
1347
910
10413
382
19477
5842
304
32012
387
5652
352
277
1435
302
17158
1325
2312
297
4249
302
4607
20789
306
17979
382
2110
569
4607
20789
867
346
108184
351
391
77
367
4124
468
700
7342
11612
108184
351
225
21
692
367
39
108184
96
382
7525
2312
468
278
304
274
16
539
569
699
20789
867
346
18703
18
1283
1587
367
39
18703
96
382
2110
530
1761
302
277
1343
396
25354
306
14140
265
1843
867
18
461
2312
468
278
16156
277
1889
468
278
18
1283
530
17208
277
699
20789
498
11532
1030
277
1889
81086
499
278
101037
18
957
341
3600
304
265
15376
386
530
361
12240
396
265
1154
302
277
4381
1889
344
2506
7826
13
306
277
6816
3083
382
2558
539
1387
687
52448
352
1450
2413
278
277
1603
302
5993
3083
274
2688
2454
7826
16
539
2428
361
2948
304
17208
277
699
20789
6697
18
7517
2454
7826
341
277
867
499
4607
1714
278
344
8781
341
3162
306
530
361
687
105464
352
1450
278
680
2586
352
1450
278
16
539
569
265
3018
2454
7826
344
8781
341
277
867
302
8210
297
277
4607
10368
778
304
278
17
21
680
5489
16
352
1450
2731
699
3083
274
16
539
530
17208
638
17
4124
468
278
35
344
31234
366
2454
7826
306
274
465
17
699
867
1325
278
344
359
840
4124
13
420
1325
4124
344
1510
351
391
71
90252
17
5489
539
1008
304
17208
277
1435
302
20789
297
277
35758
499
278
15
21
101037
2688
386
699
867
382
4892
592
539
530
687
52448
352
1450
2413
278
344
273
4616
352
1450
3591
700
297
277
35758
6857
468
700
16
306
352
1450
2731
6857
867
330
344
8781
341
265
22517
302
34481
302
2287
6758
399
733
277
1435
302
20789
499
700
304
1169
16
539
1387
3032
20634
6697
18
2209
277
1435
302
2731
330
341
8730
18
2952
16
6035
386
277
6857
867
330
1325
5993
278
341
3673
2454
7826
93970
391
71
97
344
359
840
4124
13
420
391
71
97
344
359
4124
680
2454
7826
5513
341
730
302
277
2731
8023
499
277
4607
1343
18
1882
1451
9746
8023
530
2454
7826
1863
35
3092
1450
2672
16
2454
7826
341
277
867
302
8210
297
277
1843
10368
18
7517
277
10368
530
3451
468
1210
399
9746
8210
16
306
277
1794
4354
341
225
622
66
24
16
277
1435
302
9746
8023
25974
1387
361
2927
689
8696
32344
498
504
4020
535
34481
15309
3557
2897
18
610
14774
1690
16
277
867
1387
2312
468
1450
2413
16
713
778
304
307
9746
8023
18
2586
2454
7826
352
1450
278
341
730
302
468
1210
307
2731
8023
18
2586
2983
9746
8023
3796
616
278
341
504
4020
680
9405
23698
5
8801
539
1094
1008
304
1994
6857
8023
386
3757
5181
396
277
867
1325
5993
910
2413
297
277
4607
15376
18
1563
1450
278
16
2454
7826
35950
65
341
3162
18
5489
1325
2312
16
277
699
867
341
3673
2454
7826
35950
65
93970
391
71
97
344
359
840
4124
13
420
391
71
7342
3483
699
867
1387
361
839
22517
302
34481
402
2287
6758
399
16
689
6035
386
2454
7826
35950
65
341
265
867
386
11566
15422
18
2952
16
277
15395
402
391
71
97
2428
6496
265
867
516
4156
1714
18
2209
9745
539
530
5879
277
1435
302
2731
6857
8023
352
35758
24182
498
11532
386
1325
265
2312
16
277
867
341
11470
499
2454
7826
35950
65
306
274
18
2454
7826
35950
65
341
730
302
504
4020
13
8023
18
1563
1450
1175
2454
7826
16
306
352
1450
274
344
1670
733
539
771
468
1210
225
22
9746
699
8023
35
41729
16
352
1450
278
306
274
16
539
569
1217
4027
30
4124
420
840
4124
18
461
867
297
4124
1690
341
391
71
2547
697
1387
361
1451
344
848
304
225
1670
680
2586
2983
2731
699
8023
1387
361
504
4020
535
225
1670
680
9405
225
15316
79
16
697
341
64594
5
8801
539
1387
687
52448
16
352
1450
3591
700
344
73210
2413
297
277
35758
13
306
352
1450
2731
6857
867
330
386
539
2428
1008
16
277
1435
302
20789
499
700
101037
18
2209
386
1011
361
504
4020
535
1435
9414
98968
13
697
1387
361
778
304
225
622
66
24
535
225
15316
79
351
225
22
18
26
73
29
1754
16
2502
1398
382
2608
8696
539
530
17208
277
1435
302
20789
499
265
2688
6857
867
330
898
277
35758
717
19792
1347
910
687
105464
3920
386
5143
504
12
21
13
420
504
26930
307
13
621
6132
16
516
687
133079
352
616
330
18
1563
2024
16
539
1387
687
52448
352
1450
2413
700
306
1450
3083
16
277
373
8831
4124
6
2688
277
1843
867
35
2491
539
1387
687
52448
277
4569
1603
302
277
35758
396
265
1154
302
277
6857
867
498
85242
3984
306
24284
277
10859
302
277
867
396
539
704
16
1232
352
265
2688
6857
867
539
530
5128
67961
35
127168
382
81740
30
461
1343
499
265
6857
867
330
898
277
35758
341
57272
18
461
1889
30671
436
30
2688
1843
867
3285
344
34027
302
34481
16
2287
6758
399
733
306
2475
3083
466
16
539
3673
638
261
506
592
466
297
3285
420
367
11978
96
460
399
30
699
72991
351
3285
93970
391
329
97
344
273
3285
592
3402
297
733
840
4124
388
261
506
1625
344
329
516
297
3285
306
367
11978
96
1377
399
2738
4124
16
699
72991
351
391
329
35957
27872
16
277
10859
10549
1094
366
277
1843
867
306
277
3083
18
957
341
1013
265
57272
17722
134660
402
1889
3203
1610
616
50104
302
34481
302
2287
6758
399
18
2952
16
6035
386
277
867
3042
33572
399
9746
8210
16
689
530
361
839
22517
18
2952
16
277
1435
302
50104
302
2287
6758
399
499
225
1670
341
4455
1242
77
33
20
6165
79
97
346
12
1670
16
700
680
1563
399
33
1670
16
4924
225
22
66
1670
351
225
3284
4364
16
2502
1451
18
2209
399
530
361
778
304
225
1670
16
689
8696
539
1907
1008
616
50104
1480
277
1343
1094
21373
50104
386
436
93198
302
277
35758
35
41729
16
277
1843
867
1325
5993
910
8210
341
7662
277
867
302
9746
8210
4156
297
277
1843
10368
713
3312
18
3483
867
341
2837
265
22517
302
277
8210
386
5230
297
277
35758
499
277
1472
2413
778
304
277
1843
2413
18
2586
1850
516
22551
31
1850
19635
304
50104
386
436
373
133036
6
498
277
3018
35758
18
2209
2188
16
352
265
2688
35758
16
277
1435
302
2731
9746
8023
25974
1387
361
2927
16
689
8696
32344
498
277
4354
302
277
35758
35
610
14774
1690
16
1450
699
3083
1387
919
265
699
3083
16
713
277
867
2287
25409
778
304
399
16
306
1232
30628
5882
18
461
1435
302
9746
8023
25974
1387
361
504
4020
13
1480
1450
845
539
919
265
3083
16
277
867
3393
344
359
1850
699
680
2952
16
277
867
530
851
2312
890
539
4124
306
1472
265
699
10368
31
1232
277
867
7883
265
83703
391
329
7342
2586
1451
1497
8023
530
5230
382
23928
307
33
622
66
24
16
277
2983
1435
302
9746
8023
386
530
5230
297
839
35758
15376
2428
361
504
4020
535
34481
15309
3557
2897
18
2209
8696
539
530
4928
24284
616
382
72320
4158
30
8801
307
341
1094
225
622
66
24
16
8696
539
530
10373
504
4020
535
34481
13
2983
831
16
689
516
504
4020
66
22
680
22547
539
17208
277
6756
48112
1325
730
2312
498
5210
616
2731
3393
306
13131
277
699
10368
1682
297
504
4020
13
1450
16
689
1347
910
60860
35
461
2983
1435
302
3393
341
225
15316
79
18
1437
539
1387
17208
1450
297
504
12
21
13
231363
16
4924
6772
18
2209
530
539
17208
277
699
10368
1682
297
504
12
21
13
1325
504
4020
13
93977
35
22977
539
530
687
52448
277
4607
17322
306
1232
352
1450
2312
17208
277
1603
498
4077
468
265
2487
6783
10690
382
19477
2050
304
16216
277
1603
302
265
2312
366
277
1435
302
20789
717
63943
776
382
54641
352
1450
2413
700
344
21
6758
700
6758
307
17
21
13
277
4607
4124
4056
4124
2943
65
344
9109
680
6755
8483
352
1450
2413
700
277
373
126120
16514
867
6
8588
2943
65
344
1943
16514
778
304
700
17
21
680
1283
569
8588
63
20
16051
20
18
1563
700
499
225
21
304
307
16
8588
2943
65
351
8588
2943
17
21
65
367
344
21
106262
87
2943
17
21
35014
382
8311
16
1325
2312
468
278
304
274
16
539
771
699
8588
113737
77
65
352
700
6743
278
15
21
18
1283
1008
304
17208
4124
113737
77
65
352
700
6743
278
382
2110
530
2050
304
17208
4124
113737
77
65
2387
366
4124
2943
65
306
29440
18
22977
539
530
687
52448
352
1450
700
277
3776
386
5827
4124
2943
1807
5489
352
265
2688
2312
16
539
530
17208
277
699
4124
4056
498
15990
3473
277
3776
3855
297
277
699
8588
382
2608
8696
539
530
17208
277
2983
1435
302
20789
1325
2312
498
142157
898
700
499
278
15
21
304
307
17
21
16
689
1347
910
687
105464
26081
386
2617
471
304
4430
277
8588
6697
35
1563
1450
2312
16
539
1387
59689
898
700
306
4680
265
5206
8588
11
396
539
704
16
24938
411
396
539
4835
278
18
7517
539
1094
569
730
2312
16
539
1387
37687
277
35758
3984
621
2312
16
689
386
1011
361
504
4020
13
621
2312
18
2952
16
225
15316
79
535
225
622
66
24
351
225
22
18
26
73
29
16
2502
1398
382
2608
8696
539
530
5510
277
1435
302
3393
539
1008
304
1310
18
22547
411
361
386
277
12381
2312
1094
10916
9212
265
3083
304
730
302
277
8210
3402
1831
297
277
1794
35
2491
304
265
3083
386
341
516
297
277
1843
10368
35
16473
1761
819
1065
12651
20789
382
37
4124
468
700
9848
890
638
261
506
461
1843
10368
494
9746
867
2287
1377
399
388
261
506
461
2475
3083
272
2943
65
341
516
297
386
867
382
27872
16
304
2299
265
4124
468
700
344
4271
15422
903
540
840
4124
733
539
1008
304
569
277
1843
10368
494
867
2287
1377
399
306
272
2943
65
516
297
867
18
52516
265
3083
468
278
530
3910
277
1843
10368
494
867
352
700
1518
278
16
306
851
530
3910
272
2943
65
592
700
1377
278
18
2586
304
2299
265
4124
468
700
1518
278
16
539
1008
304
38618
277
867
1714
700
382
2558
539
2312
265
3083
304
2761
386
3672
277
867
7922
344
1892
16927
265
3083
386
540
277
1094
18168
302
910
7330
16
6298
10944
9746
1682
13
420
6892
344
1892
8811
265
699
3083
733
539
2428
8047
277
4550
382
44125
539
530
1761
297
4249
302
373
38680
6
265
4124
468
278
498
3130
277
4550
1641
18
3483
1011
919
265
4124
18
2209
411
2428
5909
910
3735
20789
18
2952
16
8696
277
12381
341
2837
304
2312
265
3083
304
730
386
341
3402
297
277
1843
10368
35
3483
1011
516
2312
277
867
344
359
3402
297
13
420
1387
3764
2287
592
516
297
18
41729
16
9212
265
3083
304
730
3402
297
277
10368
16297
277
867
1656
344
359
411
540
3402
1831
13
420
15013
411
592
516
344
158498
2287
680
52516
304
265
3083
516
297
277
10368
306
516
4953
1387
3764
2287
16
12146
12267
3687
20789
304
38649
344
29753
867
7883
6892
16
3130
411
717
4164
386
272
2943
65
341
297
867
680
52516
304
265
3083
386
341
4953
1387
5510
867
2287
344
359
386
3083
540
277
1094
18168
733
3130
3687
20789
717
4164
35
16473
16216
382
21915
539
2312
265
3083
468
278
304
265
699
3083
274
18
1563
700
1518
278
16
277
1603
366
400
7193
11
341
638
261
506
1437
274
341
516
3402
297
400
7193
16
1232
400
7193
11
21433
274
28986
21
9746
13
9082
274
1377
2462
388
261
506
1437
2462
341
4953
468
700
16
1232
400
7193
11
40735
2462
9954
21
9746
13
9082
2462
1377
274
382
4892
2204
2312
297
9746
1682
530
361
506
21
16
225
20
16
420
692
21
382
8311
16
265
4124
468
700
6382
6441
10991
7193
3015
1377
399
18
2586
592
15422
6441
10991
7193
13
1377
399
16
1232
638
261
506
1437
22072
41342
351
506
21
16
1232
6441
10991
7193
3015
351
399
17
21
16
713
4124
4550
18048
344
53374
272
2943
65
516
297
400
7193
58283
2209
851
1008
6441
582
79
16
713
4124
7258
4252
3098
261
506
1437
22072
41342
351
225
20
16
1232
6441
10991
7193
3015
351
399
16
4124
4550
2731
388
261
506
1437
22072
41342
351
692
21
16
1232
6441
10991
7193
3015
351
399
15
21
16
4124
4550
18048
382
2558
15422
6441
10991
7193
13
2308
399
16
1232
15422
4124
2943
16051
20
18
4790
2312
638
261
506
1437
22072
41342
351
692
21
306
6441
10991
7193
5791
79
17
21
16
1232
6441
10991
7193
3015
33
79
16
4124
1387
3456
225
21
388
261
506
1437
22072
41342
351
506
21
306
6441
10991
7193
5791
79
15
21
16
1232
6441
10991
7193
3015
33
79
16
4124
1387
3456
225
21
388
261
506
1437
22072
41342
351
225
20
16
8320
516
399
382
4892
20789
530
361
4202
420
20083
2387
366
22072
41342
306
851
20050
4550
382
14353
16
20050
4550
30
272
2943
65
516
297
400
7193
6627
1563
15422
4124
2943
16051
21
16
539
1078
272
2943
65
516
297
400
7193
18
4790
2312
16
272
2943
65
2428
3456
297
400
7193
11
420
516
16
9305
366
3473
272
2943
65
25782
2462
420
699
306
4953
3776
382
98908
638
261
506
1437
272
2943
65
1377
2462
306
2462
341
4953
468
700
16
1232
15422
2462
297
400
7193
16
713
272
2943
65
297
400
7193
18
4790
2312
16
2462
516
297
400
7193
747
713
272
2943
65
516
297
400
7193
11
344
29753
699
1585
341
274
16
697
341
516
6792
304
2462
9082
274
582
1018
680
2586
4124
1387
12146
3456
225
21
1571
592
6441
4550
12413
35
2209
15422
6441
582
79
306
272
2943
65
297
400
7193
16
713
4124
540
225
20
18
4790
2312
16
6441
2428
2312
16
306
272
2943
65
874
3456
516
297
400
7193
6627
2586
4124
1387
3456
225
21
388
261
506
1437
272
2943
65
1377
2462
306
2462
516
4953
16
1232
2462
2188
297
400
7193
747
713
272
2943
65
297
400
7193
11
344
359
699
2308
2462
680
2586
20050
8320
1656
388
261
506
1437
272
2943
65
1377
699
344
414
699
2308
2462
733
1232
15422
699
516
297
400
7193
344
53374
699
3402
1831
20362
733
713
272
2943
65
516
297
400
7193
15422
18
4790
2312
16
699
341
2837
297
400
7193
11
344
29753
1831
468
278
733
713
272
2943
65
7883
297
400
7193
747
713
4124
1387
361
20083
592
6441
4550
12413
388
261
506
1437
272
2943
65
341
910
852
3083
16
969
20050
38750
9082
386
94403
3422
121836
35
10546
2462
306
699
13822
530
2312
16
713
852
8210
74224
382
27872
16
277
1603
366
4124
2943
65
341
4110
382
23928
277
16066
16
8696
903
341
265
31420
4377
18
22977
277
2746
341
3162
420
530
361
25837
498
70876
402
730
2312
18
16473
1412
277
2746
6434
1754
30
373
23928
265
1794
272
306
387
11795
399
16
5827
277
6756
1435
302
48112
2731
1325
37080
9212
468
1210
730
3083
297
272
304
2484
64616
7330
18
461
68723
1343
4229
396
7575
30
506
21941
277
30041
16514
302
272
7824
468
1210
399
9746
8210
506
16821
492
16514
344
213322
396
730
17322
13
506
45598
3369
272
341
8295
1304
2586
1850
7662
396
539
3592
382
669
7120
1375
21
13
489
390
27193
747
399
33
22
2649
225
23
18
16473
37687
4607
30
272
351
265
274
274
274
265
18
399
33
22
388
261
10968
21
30
30041
16514
402
6758
22
9746
35
8163
402
265
344
126120
33
21
733
2549
274
2649
9746
33
22
16
2549
2475
274
2649
2188
225
22
16
2549
2475
274
2649
2188
225
22
16
2549
2475
265
2649
9746
33
22
344
69
3402
297
867
733
713
4569
1794
95766
35
41729
16
616
8210
436
265
420
274
16
9746
33
22
16
713
30041
16514
341
4425
1794
16
713
225
21
17322
18
2209
3032
341
225
23
1325
14383
2312
18
2586
539
530
2312
730
3083
304
771
225
23
48112
18
1882
35
14812
2312
277
7343
274
304
2761
1625
35
16473
2050
2312
277
4658
3083
304
489
70
3026
265
274
290
274
265
18
6013
1343
30
1472
265
344
21
733
2549
274
2649
9746
33
22
16
2475
290
30
290
516
297
391
69
25201
2547
9746
1011
3456
225
23
1518
22
16
713
4273
2549
290
18
2586
1058
10368
341
373
390
728
4124
1714
290
18
4716
33
21
18
1800
10368
10626
468
290
30
867
1801
70
2547
2475
274
30
274
516
297
391
70
2547
9746
33
22
16
2549
274
16
2475
265
30
265
516
297
391
70
25201
2547
9746
1011
361
225
23
16
713
5088
1714
265
18
2586
1749
10368
373
13710
728
4124
1714
265
18
4716
33
22
18
1800
10368
373
69
728
1169
18
4716
33
23
18
2586
225
23
48112
18
2586
2312
468
2413
225
22
344
20
218853
225
22
13
304
489
70
11
4229
382
22
13
489
69
11020
377
747
399
33
23
2649
225
21
18
20313
30
9746
11807
35
265
19230
1117
225
22
6758
23
16
4425
1794
95766
16
713
225
21
17322
18
52516
730
3083
8696
4445
3764
35
6431
225
21
18
2586
840
12067
382
23
13
489
92
36714
747
399
33
21
2649
225
24
18
20313
30
399
33
21
16
1343
30
30041
16514
402
6758
21
9746
30
1058
1585
489
92
11
2649
9746
33
21
16
2475
489
92
11
2649
2188
225
21
16
2475
489
93
11
2649
349
516
297
867
16
713
5088
1714
349
18
2586
1058
10368
373
6173
3210
5489
1472
468
349
30
867
1801
93
2547
2475
489
94
3026
698
516
297
867
16
713
5088
1714
698
35
41729
16
1325
349
16
539
569
698
30
698
516
297
391
93
2547
713
4273
2549
16
713
10368
373
93
3210
5489
373
94
3210
2586
48112
351
225
23
35
26128
16
386
1011
361
225
23
17158
30
373
6173
4990
93
4990
94
3210
2209
3032
341
225
24
18
16473
37687
12989
30
272
351
1150
1150
349
698
16
399
33
21
388
261
8163
30
867
166507
2549
1150
2649
867
1801
92
2547
2549
2475
1150
2649
2188
391
92
2547
2549
349
2649
349
516
297
867
306
867
2287
33
21
2649
4273
2549
349
18
2586
1058
10368
373
6173
3210
4716
33
21
388
261
8163
699
468
349
30
867
1801
93
2547
2549
698
2649
698
516
297
867
16
867
2287
33
21
2649
4273
2549
698
18
2586
1749
10368
373
93
3210
4716
33
22
388
261
8163
699
468
698
30
867
1801
94
2547
1169
18
4716
33
23
388
4892
4607
6632
225
23
48112
18
2209
3032
341
225
24
1325
468
1210
730
2312
18
1882
530
539
771
225
24
35
19100
225
24
48112
16
6115
1450
3083
8156
18
3483
1011
2485
386
840
1217
27399
8210
436
277
1656
16
1480
402
399
33
21
16
839
10368
530
3451
1094
730
9746
3083
16
713
411
530
3451
4347
1656
8210
344
29753
9746
1682
30628
225
21
680
2159
569
1450
3083
396
8156
17322
16
539
1008
386
17091
539
569
265
3083
16
411
1998
361
265
4124
1714
411
16
6115
386
277
3733
10368
494
867
2287
341
225
21
306
277
2475
3083
341
516
297
386
867
18
7517
867
2287
341
2837
225
21
592
539
569
839
8210
16
277
4550
352
4124
341
30
3733
10368
494
867
2287
1377
21
306
2475
3083
2308
386
3083
18
2586
304
569
265
4124
1714
1440
3083
1325
277
1058
16
539
1008
386
352
1450
2413
700
34
20
16
272
2943
65
2308
272
2943
17
21
128410
41729
16
13640
1761
30
461
1343
402
399
33
21
642
4124
1714
265
3083
592
277
1843
10368
344
8781
5720
1094
730
9746
3083
13
20784
265
3083
1497
499
386
3083
18
2586
592
539
569
27399
1656
8210
16
724
5001
297
277
1656
10368
18
2586
304
29093
48112
16
539
1587
396
1451
20789
396
2731
16
700
3077
1278
539
1587
304
4928
2896
1217
1656
8210
297
265
5737
1480
724
1011
361
38340
3728
18
3398
399
33
21
16
277
6756
48112
341
277
1435
302
8210
592
306
1094
592
840
1217
27399
8210
436
277
1656
18
8801
592
839
1217
27399
436
1656
16
724
530
361
297
1656
10368
344
29753
1656
3083
4007
3764
9746
1682
680
41729
16
341
411
2731
304
569
265
10368
302
4354
1518
21
402
399
33
21
35
8520
16
592
616
8210
436
277
1656
16
724
530
361
297
730
10368
18
1437
903
341
265
2312
16
265
4124
9848
18
2586
277
1435
302
48112
25782
225
21
692
1435
302
23864
700
1207
272
2943
65
2308
272
2943
17
21
1807
8801
1450
845
539
1565
265
1497
3083
16
411
31466
265
4124
344
29753
1843
867
674
2287
225
21
306
5720
272
2943
17
21
2315
306
272
2943
65
341
1497
680
16473
13561
30
1563
272
508
92
36714
1023
23864
30
225
20
69674
16
21
69674
344
42021
2649
840
4124
733
22
138771
344
65991
2649
4124
1714
349
733
23
174332
344
65991
499
349
2649
4124
1714
698
680
2586
20789
468
700
33
22
16
23
35
41729
4124
1714
3591
225
22
344
77
33
22
13
306
1714
3591
225
23
344
77
33
23
680
3483
6632
17158
30
648
20
16
21
2315
648
22
2315
648
23
65
2649
225
23
48112
18
2586
10413
30
48112
351
225
21
692
1682
302
700
499
225
21
304
307
17
21
1207
272
2943
65
2308
272
2943
17
21
1807
1563
373
92
36714
1023
1682
302
3393
351
225
22
344
92
926
93
16
349
926
94
13
1117
225
23
48112
18
2159
771
225
24
48112
16
539
1008
225
23
3393
344
29753
307
33
24
16
48112
351
225
21
692
3393
16
713
1008
3393
33
23
16
6115
616
16556
15278
1497
30
1150
16762
35866
43418
35
2209
1794
4354
225
24
16
304
569
1450
3083
8156
16
539
1008
272
63
20
166946
87
63
21
2315
272
63
21
166946
87
63
22
2315
272
63
22
166946
87
63
23
1807
9405
2240
52724
18
20313
674
272
63
20
58616
87
63
21
2315
713
730
24005
18
3464
9212
468
1210
730
3083
16
539
530
2984
468
1210
730
24005
35
52516
730
3083
530
3910
778
304
1217
16556
15278
344
359
1850
297
277
7343
680
1563
373
92
36714
728
2312
277
1749
1150
304
2761
1625
16
2132
489
69
3026
373
92
354
94
3210
5489
272
63
20
166946
87
63
21
65
344
92
23346
69
733
272
63
21
166946
87
63
22
65
344
69
23346
93
733
272
63
22
166946
87
63
23
65
344
93
23346
94
13
1117
2240
3393
16
48112
33
24
18
2586
14233
9212
277
1749
1150
304
265
1497
7330
22699
225
24
18
2586
3032
225
24
14441
382
4892
277
7120
3822
382
23928
277
16066
16
9745
903
341
265
3162
4377
30
461
2746
341
499
910
22662
35
342
19877
265
2746
373
44912
48112
1325
730
2312
6
8696
499
2130
305
3854
35
3557
2897
382
19477
2050
304
1761
302
265
38474
420
70876
386
5502
73422
277
6756
1435
302
48112
67523
402
730
2312
382
13617
10149
30
7517
277
1343
341
57272
306
539
530
1094
2312
730
3083
16
8696
539
530
17208
352
1450
2731
2312
277
8800
17322
1682
498
85242
277
1343
3984
352
1450
2312
16
689
1347
42626
1701
420
687
242789
304
4928
504
4020
13
621
2312
18
8801
307
341
225
622
66
24
306
3393
436
225
15316
79
16
2983
15376
2331
1011
361
225
22
18
26
73
29
16
697
341
2502
1398
18
2952
16
592
539
530
37687
277
1343
352
616
3393
297
265
9634
1528
16
8696
1347
16514
306
35758
5993
382
2110
1387
687
52448
277
17322
4232
297
277
4607
1794
18
5489
16
352
1450
2731
2312
16
539
530
6313
277
17322
4232
20845
18
8801
277
2312
1094
16156
277
1343
499
278
101037
18
2586
592
539
687
52448
352
1450
2413
278
277
373
8831
4124
6
306
277
373
7628
867
6
297
277
4607
16
306
851
687
52448
277
373
44976
20789
6
396
265
1154
302
277
6857
867
16
8696
539
530
17208
277
699
2983
498
131525
382
98908
16
23907
539
1287
277
4607
20789
867
346
108184
18
1563
265
2312
468
278
16
277
20789
352
700
460
278
4317
277
1656
18
1563
700
6743
278
16
277
20789
874
2312
18
2209
6035
386
277
20789
297
277
4607
1325
278
436
7152
498
277
4607
1889
468
278
344
2506
7826
108184
13
306
277
4607
8210
18
4790
2312
16
277
1889
468
278
3393
18
2586
277
699
20789
1325
278
436
7152
498
277
699
1889
468
278
344
8781
10549
366
2454
7826
108184
306
274
13
306
277
35758
382
2558
539
1387
687
52448
16
352
1450
2413
278
306
352
1450
2731
6857
867
330
344
9874
1387
22522
499
265
2312
733
277
1435
302
20789
499
278
101037
16
1232
352
1450
2312
539
1387
1538
778
277
4494
1333
6697
18
2952
16
277
1435
302
2731
330
2428
361
2927
689
9745
539
530
4753
304
1731
386
3757
5002
18
7517
2454
7826
108184
35950
65
341
730
302
468
1210
307
9746
8023
344
1833
8023
25974
468
1450
2413
297
277
4607
15376
680
6755
16
277
699
867
1325
2312
341
3673
2454
7826
108184
35950
65
93970
391
71
97
420
391
71
7342
2586
352
1450
278
16
277
867
302
2731
699
8023
341
30
352
1450
274
344
1670
733
391
71
97
306
344
2506
7826
108184
35950
65
93970
391
71
4106
3419
386
2454
7826
108184
35950
65
93970
391
71
97
1414
516
14949
2287
399
35
41729
16
277
1343
1011
1094
2617
840
4124
592
277
4550
12413
16
700
3077
1278
592
539
530
2549
274
2142
12267
265
4124
18
2209
352
277
6059
302
13131
20789
499
278
101037
16
539
1008
304
1994
1804
20333
1480
9305
366
4124
468
278
16
277
6857
867
352
277
35758
35864
18
2586
539
1008
1804
21254
30
592
4124
9848
16
6857
867
351
391
71
14700
592
840
4124
16
6857
867
351
2454
7826
108184
35950
65
93970
391
71
7342
2586
352
1450
278
306
274
16
539
569
1217
2731
6857
8023
18
2586
2983
9746
6857
8023
3796
616
278
306
274
341
468
1210
225
22
535
307
535
225
1670
351
225
19013
79
16
697
341
64594
18
2209
1450
6857
867
341
265
22517
302
34481
18
2952
16
539
1387
11954
387
4538
304
1450
6857
867
592
539
7324
1019
366
277
12643
16
689
539
2188
1008
304
17208
277
1435
302
20789
499
278
101037
352
1450
1175
867
382
8311
16
592
539
530
17208
16
352
1450
3591
700
344
73210
2413
13
306
352
1450
2731
6857
867
330
344
87526
1731
539
2081
819
733
277
1435
302
20789
499
700
304
1169
16
539
1387
3032
1450
2312
6132
297
504
12
21
680
2209
277
2983
1435
302
20634
341
225
22
535
307
535
225
1670
351
225
19013
79
344
29753
352
1450
278
306
1450
274
16
539
1008
304
17208
1804
4124
3425
21254
680
9405
3757
277
1435
302
2312
20333
539
2428
1008
304
12476
344
29753
539
530
9284
898
278
306
274
680
2209
539
1907
1008
304
12476
616
31
539
1008
277
6756
898
616
3393
18
2586
539
1387
17208
277
8800
17322
1682
352
1450
2731
2312
344
84
16
274
16
4124
44494
4124
13
306
1863
2687
18
3483
1011
361
225
22
535
307
535
225
1670
351
225
19013
79
43260
18
1437
1450
10393
530
361
3410
297
504
12
21
13
1347
687
105464
925
16
2983
831
341
6772
382
27872
16
277
1993
341
304
687
52448
16
352
1450
2413
700
344
20
218853
16
15739
1472
302
265
10368
13
306
352
1450
2731
6857
867
330
386
539
2428
13530
16
277
1435
302
20789
499
700
101037
890
6857
402
867
330
18
2209
277
1435
302
2731
330
1387
361
2927
16
689
539
530
7324
1094
1731
386
436
3757
4494
18
2952
16
539
1907
1287
297
9710
697
330
642
361
4494
31
539
530
7324
1019
396
539
59689
898
278
306
274
16
17208
277
4494
20789
352
277
35758
16
306
4793
277
1193
352
386
344
77
16
330
13
297
265
20078
304
4928
17771
70006
18
7517
2983
9746
344
77
16
330
13
15278
539
13530
2428
361
778
304
225
19013
79
16
306
539
1387
17208
1450
498
85242
277
35758
3984
16
689
386
1011
361
504
4020
13
621
8288
16
6152
304
504
12
19013
79
535
307
13
351
225
25
18
22
73
29
1754
382
2608
539
530
17208
277
35758
20789
352
616
4494
330
717
19792
498
5993
277
35758
3984
306
24938
38474
352
616
330
18651
35
7517
277
1889
3203
344
34763
13
2428
361
2927
689
8696
539
530
21957
1480
277
35758
8210
436
6842
16
306
277
6650
341
57272
30
2688
1843
867
330
16
539
530
17208
277
2475
867
306
3473
265
4124
9848
18
957
341
15837
265
57272
17722
134660
1207
277
6650
1154
341
30
285
8565
16
466
13
351
344
1815
7826
16
4124
680
1437
539
1387
687
52448
352
1450
2413
700
277
6650
2924
352
616
2731
330
16
386
1011
361
8730
382
2608
8696
539
530
13623
277
1343
30
1563
265
2688
35758
16
539
530
37687
277
4607
1343
402
277
4607
6857
867
344
8781
341
2454
7826
108184
35950
65
352
1450
278
13
306
3006
277
20789
18
5489
16
352
265
1497
6857
867
330
16
539
530
17208
277
5052
498
25865
1030
277
1497
867
16156
277
30671
18
22977
539
530
17208
277
1435
302
20789
499
265
2688
6857
867
330
498
4738
277
4607
15376
499
386
2413
344
5324
4607
6857
867
13
306
1232
31198
2387
366
277
5052
1360
330
306
277
4607
867
382
19477
27967
352
265
2413
700
344
20
218853
733
1529
2764
13420
7826
2943
65
351
277
867
302
8210
297
277
1843
10368
1060
1714
5993
272
2943
65
297
277
4607
15376
18
957
341
2454
10887
2943
65
396
5047
7977
18
1283
530
17208
2764
13420
7826
2943
65
352
616
700
498
85242
277
4607
1343
3984
18
6755
16
539
530
17208
352
1450
700
277
373
8831
4124
2413
6
306
277
373
8831
867
1325
5993
700
6
4115
382
8311
16
23907
539
569
265
1497
6857
867
330
468
2413
700
344
77772
302
2764
13420
7826
2943
23923
1283
1587
304
1287
1030
1451
20789
5181
499
700
304
1169
18
461
1343
499
700
101037
10549
366
330
18
22547
539
23587
411
304
277
4607
1343
499
700
101037
6857
499
2764
13420
7826
2943
128410
22977
539
530
17208
277
5052
498
11532
277
1603
302
277
4381
867
382
26412
277
35758
6857
468
700
18
461
1343
37378
8210
272
2943
2315
272
2943
15
21
2315
69585
272
22965
17
21
1807
16473
27967
277
6917
18
461
1889
81086
396
265
867
18
461
1343
341
57272
306
119870
297
910
5258
35
3557
2897
382
2110
1387
2050
304
17208
16
352
1450
2413
700
16
277
373
13695
1603
6
302
6857
402
265
1497
867
498
1347
265
38474
386
73422
352
1450
2731
867
330
277
1435
302
20789
499
700
16
689
1094
352
8023
386
436
50104
302
277
8210
4156
297
277
35758
18
2952
16
277
1435
302
50104
302
265
867
302
2287
468
1210
307
341
225
22
38126
16
2502
2927
382
2608
8696
539
530
18060
386
277
867
330
341
2837
265
22517
302
277
34481
306
969
2287
341
468
1210
399
18
7517
399
6758
225
1670
16
277
1435
302
50104
302
2287
6758
399
341
4455
1242
77
33
20
6165
79
97
346
12
1670
16
700
680
1563
399
33
1670
16
4924
225
22
66
1670
351
225
3284
4364
16
697
341
2927
689
8696
98681
35
225
3284
4364
535
307
35
2523
382
2608
9745
539
530
83337
30
10546
8023
386
436
50104
302
277
34481
306
569
2287
6758
399
18
1563
399
33
1670
16
1850
616
50104
16
225
3284
49
18
9405
2502
1451
304
687
52448
382
2608
6035
386
297
5358
16
277
35758
4354
341
307
23759
16
697
2428
361
778
304
225
622
66
24
18
1563
1450
2413
700
16
539
1387
37687
277
35758
3984
352
616
2731
6857
8023
35
3483
1011
361
2502
1451
382
25790
539
530
1511
265
70876
4016
30
461
1435
302
20789
499
265
2688
6857
867
330
341
6792
304
225
21
692
1435
302
3041
539
13530
265
3083
516
297
1843
867
1706
367
7628
96
1377
399
18
957
341
15837
277
1435
302
3041
539
1565
265
373
1815
6
3083
5657
304
277
1843
867
16
2688
386
277
867
25409
396
539
13530
699
8210
3369
411
23459
2287
399
16
1232
411
30628
386
2287
9082
539
4124
306
12760
382
2558
539
1761
819
411
16
277
1343
499
265
6857
867
330
898
277
35758
331
530
361
4546
396
30
1283
4680
265
867
3285
18
57998
3285
351
330
18
1283
59689
1257
331
18
1563
1450
466
638
261
592
466
297
3285
420
367
11978
96
460
399
30
3285
351
3285
93970
391
329
97
344
359
466
516
297
3285
16
919
31
592
3402
16
840
2312
680
2523
4124
388
261
1625
30
4124
16
3285
351
391
329
35957
27872
16
277
20789
5181
7662
890
539
13530
265
3083
386
341
516
297
3285
306
3285
3402
674
2287
399
18
2586
277
1435
302
20789
499
700
341
277
1435
302
23864
477
6743
700
1175
386
16
468
386
1646
297
277
15376
16
3285
674
2287
399
306
466
516
297
3285
382
8311
16
23907
539
569
277
4607
15376
499
700
402
6857
867
330
20
351
2764
13420
7826
2943
1807
16473
27967
277
6917
302
3285
8023
306
20789
18
1437
539
1472
402
265
1497
867
330
16
1030
1414
277
1682
2312
35
887
2428
361
2731
304
17208
277
5052
498
25865
277
1058
2413
1207
330
35864
499
330
20
306
1232
10811
1030
386
162004
382
17484
277
1343
341
57272
306
277
1889
3203
341
2164
147153
11978
96
6758
399
733
9745
539
530
17208
352
1450
2413
700
306
1450
2731
867
2287
344
20
568
79
13
306
8696
277
9998
35
2209
9998
13917
1480
20050
302
3018
8210
13917
382
10917
16
6035
386
277
4550
352
265
4124
10549
366
3473
466
341
297
3285
18
2586
277
5204
867
13917
16
516
1060
2287
18
2209
9745
539
530
2489
277
867
396
265
250584
302
2287
225
1670
16
306
2650
34481
341
225
1670
16
539
1387
687
52448
352
1450
2413
700
306
352
1450
2731
250584
277
1435
302
20789
499
700
18
2209
4924
225
22
66
1670
535
307
16
13861
382
23928
277
15924
16
8696
903
341
387
8081
16340
30
461
1343
302
4738
277
30041
16514
402
468
1210
399
9746
8210
341
11104
304
68723
277
1794
983
17158
1207
1450
10368
11751
468
277
1646
1207
277
2475
3083
1011
3764
277
9746
1682
7835
399
18
957
341
3600
304
277
2746
302
373
90453
4834
1794
983
17158
402
468
1210
623
9746
8210
6
689
402
265
3018
70876
18
2278
341
3162
9120
30
461
1435
302
17158
530
361
19377
498
25354
306
96342
890
9746
1682
23459
399
15
21
18
20987
16
592
539
13325
306
4680
265
867
16
17091
539
13530
265
3083
386
1011
1265
277
867
2287
399
15
21
16
539
4124
1714
411
18
9405
7662
1065
539
569
382
8311
16
592
539
530
2312
730
3083
16
539
1587
304
29093
277
1435
302
17158
18
957
341
73835
302
373
69066
1435
302
17158
1325
468
1210
730
3083
2312
6
4066
1207
385
530
2984
277
1794
983
396
1451
5412
396
2731
498
13879
386
277
9746
3083
25284
341
44511
468
1451
4232
382
25790
539
530
1761
297
4249
302
373
8482
4232
6
386
436
13238
498
277
9746
1682
18
461
1343
642
4124
468
265
2413
700
592
306
1094
592
277
16514
778
304
700
17
21
674
7662
399
9746
8210
306
272
2943
65
341
516
3724
1019
18
2586
20789
436
7152
498
277
867
302
9746
8210
297
277
16514
382
8311
16
9212
265
3083
468
278
16156
277
9746
867
352
93198
386
2549
278
18
2586
411
530
3910
4124
3776
352
700
1518
278
18
22977
539
530
687
52448
352
1450
2413
700
277
373
61025
447
6
302
386
2413
352
20789
382
19477
5842
304
1930
387
8860
386
352
1450
2731
2312
73422
277
699
4124
1682
19792
498
1347
687
105464
26081
386
2617
504
12
21
13
621
700
16
689
539
2188
1008
304
4455
898
700
18
2952
16
8696
539
530
17208
277
4455
898
700
302
4124
50552
77
498
1347
16514
44914
302
910
687
105464
2911
386
5086
366
277
2312
382
2500
1450
700
1518
278
16
4124
50552
77
351
225
21
592
344
14044
8227
99512
113737
77
6577
1377
399
13
306
344
5149
302
272
2943
65
297
8588
113737
77
65
1377
225
20
680
1283
530
4602
4124
50552
77
351
648
14044
8227
99512
113737
77
6577
1377
399
65
535
648
5149
1113
2943
65
516
297
8588
113737
77
9085
382
8311
16
8588
113737
77
65
351
8588
2943
65
402
2731
17979
468
13822
352
2462
306
699
18
16473
27967
1375
6021
2462
351
272
35950
2315
699
351
274
344
359
2462
1377
699
16
840
2312
16
689
539
530
1994
39154
1690
1207
2312
1414
5601
16
697
7258
5182
16
713
539
530
14801
3393
386
1907
2312
277
1794
2570
2500
700
1518
278
16
8483
1375
17
4953
60821
5802
13
351
7143
592
2462
341
277
1094
18168
302
2462
297
23864
648
20
16
700
17
21
65
344
77
3077
1278
840
18168
302
2462
1714
278
306
840
18168
302
2462
297
648
84
15
21
16
700
17
21
152446
17
699
103619
94279
5802
13
351
7143
592
699
341
1831
297
4607
16514
778
304
700
17
21
344
77
3077
1278
903
8654
910
3591
460
700
402
272
18071
65
1377
699
680
8598
30
592
699
1377
2462
16
18486
382
14032
638
261
189125
99512
113737
77
6577
351
189125
99512
2943
6577
692
22072
41342
16
1207
203
348
22072
41342
351
344
1815
103619
94279
5802
13
2265
225
20
804
225
21
13
506
344
54371
60821
5802
13
2265
225
21
804
225
20
680
8801
592
699
516
15422
1831
16
539
919
411
28986
21
1798
592
2462
341
4953
16
539
5909
411
9954
21
1798
7494
840
2312
388
261
6755
16
3422
352
272
2943
65
297
8588
113737
77
25306
348
1437
272
2943
65
1377
2462
30
3422
11
351
225
20
592
4953
60821
5802
13
1625
225
21
344
29753
592
4953
16
2462
8045
31
7494
2462
2188
1831
3098
348
1437
272
2943
65
1377
699
30
3422
11
351
225
21
344
29753
699
341
1831
13
15470
302
4607
35
2209
17034
30
592
699
1377
2462
16
539
3402
23626
18
1437
699
2308
2462
16
1232
699
341
1831
297
699
8588
16
713
3422
11
351
225
21
18
2952
16
592
699
1377
2462
16
1850
277
1656
1690
388
348
34988
344
87
2943
65
341
852
2738
3422
11
351
3422
302
272
2943
65
297
8588
2943
65
344
4556
6195
2570
8311
16
4124
50552
77
351
225
21
592
189125
99512
113737
77
6577
1377
399
306
3422
1113
2943
68622
1377
225
20
382
2110
530
2050
304
4601
4124
50552
77
297
4249
302
4607
4124
2943
65
306
29440
382
28354
4124
2943
65
351
225
21
592
189125
99512
2943
6577
1377
399
306
3422
1113
2943
65
1377
225
20
382
54641
340
351
189125
99512
2943
6577
1377
399
16
398
351
3422
1113
2943
65
1377
225
20
18
2586
4124
2943
65
351
340
306
398
382
7525
2312
16
539
569
340
11
351
344
14044
8227
99512
2943
6577
692
22072
41342
1377
399
733
398
11
351
3422
1113
2943
68622
1377
225
20
382
2110
530
17208
4124
50552
77
351
340
11
306
398
28080
2110
1008
304
17208
4455
898
700
44862
302
4124
50552
77
382
23928
386
22072
41342
530
361
506
21
16
20
16
21
16
539
530
100524
700
983
22302
2387
366
4953
60821
5802
13
306
699
103619
94279
5802
680
2933
5319
2312
1094
468
3166
10690
30
890
539
4835
265
2475
18168
302
2462
1325
278
16
4953
60821
7883
2044
18
22041
16
890
539
4835
277
1058
18168
302
699
1325
278
344
273
1714
278
733
699
103619
94279
7883
1641
18
6755
16
699
103619
94279
874
361
1641
499
277
1472
592
699
8615
1714
278
382
4892
539
530
687
52448
352
1450
278
277
10690
1207
4953
60821
3393
30
468
2475
214982
60821
351
277
1058
3591
1518
278
1207
272
18071
65
1377
2462
344
359
839
680
1563
700
6758
2475
214982
60821
16
4953
60821
5802
13
341
1641
35
41729
16
4953
60821
5802
13
2767
2462
341
277
1094
18168
297
648
20
25478
17
21
1807
1437
2475
214982
60821
8654
16
1232
352
700
6758
2475
214982
60821
16
903
341
840
18168
302
2462
297
344
84
15
21
16
700
17
21
733
713
4953
60821
5802
13
1641
16
3419
851
840
18168
1714
278
18
1437
903
341
387
18168
1714
278
16
1232
4953
60821
5802
13
2044
499
277
1472
18
22041
16
592
840
2475
18168
16
4953
60821
5802
13
1641
352
616
700
44862
382
54351
16
699
103619
94279
5802
2738
592
699
8615
1714
278
16
1232
1850
1641
352
616
700
44862
18
34988
16
411
7883
1641
890
700
1518
1058
214982
18703
1325
278
18
4214
1058
214982
18703
351
277
1058
3591
1518
278
1207
272
18071
65
1377
699
344
359
839
680
5489
352
700
6758
1058
214982
18703
16
699
516
1831
297
4607
16514
344
29753
839
3591
460
700
17
21
16
306
592
699
8615
468
1058
214982
18703
16
352
700
6758
1058
214982
18703
16
700
17
21
460
1058
214982
18703
16
713
699
516
297
16514
733
713
699
103619
94279
5802
13
2044
18
1563
700
1518
1058
214982
18703
16
699
103619
94279
5802
13
1641
382
27872
16
277
2911
302
4953
60821
5802
13
306
699
103619
94279
5802
13
436
137906
5882
898
22302
302
700
16
9212
1094
468
778
304
1217
10690
30
2475
214982
60821
306
1058
214982
18703
344
414
11568
851
468
278
5513
35
689
700
44862
680
2586
352
1450
2312
344
84
16
699
733
539
530
5827
1131
2312
4232
306
1232
352
700
297
1450
12601
16
22072
41342
341
5882
16
306
3422
1113
2943
68622
530
361
10224
2387
366
272
2943
65
306
4953
60821
5802
680
2952
16
3422
1113
2943
68622
851
10549
366
4953
60821
5802
13
890
272
2943
58616
1018
16
306
366
699
7135
890
272
2943
58616
1815
35
2209
272
2943
58616
1815
6632
3422
133022
21
2837
16
697
341
5882
18
1563
852
8210
16
3422
1113
2943
68622
351
3422
1113
2943
65
344
4556
6195
680
2586
352
22302
16
3422
1113
2943
68622
341
3673
5882
344
359
272
2943
65
1377
2462
420
699
13
420
1656
396
4607
344
69122
680
2209
4607
3422
1113
2943
65
341
3162
382
27872
16
4124
50552
77
352
700
297
387
12601
530
361
10224
396
30
4124
50552
77
351
344
14044
8227
99512
2943
6577
692
22072
41342
1377
399
13
306
344
17659
366
272
2943
65
306
4953
60821
5802
13
4115
22954
7517
189125
99512
2943
6577
341
3162
352
1450
700
344
3161
16514
30456
733
539
530
17208
352
1450
700
6697
592
539
1287
22072
41342
306
3422
4550
18
2209
539
2188
1008
304
4455
898
700
16
697
1387
361
1451
18
2952
16
1480
277
22302
436
2487
344
271
1210
225
24
22302
30
1714
839
2312
1646
16
1360
4232
16
1325
733
539
1387
17208
277
4455
898
700
297
1450
12601
498
142157
898
700
297
386
12601
306
115738
16
689
386
1011
2188
361
504
4020
13
621
2312
592
539
59689
898
616
700
18
2209
539
530
687
52448
16514
44914
302
910
24732
386
2617
471
304
17208
4455
898
22302
297
504
12
21
13
592
277
5652
352
4124
50552
77
73996
304
2761
1013
344
14044
8227
99512
2943
6577
1377
399
506
22072
41342
13
306
344
5149
4550
680
7517
189125
99512
2943
6577
23633
621
700
16
539
4445
22414
6043
382
2608
8696
539
530
687
52448
352
1450
2731
1333
302
189125
99512
2943
6577
306
352
1450
2731
272
2943
65
277
13556
35
3557
2897
382
23928
277
16066
16
9745
903
341
265
31420
4377
30
461
6756
1435
302
48112
1325
730
2312
530
361
19377
498
11532
1450
2413
396
277
373
13695
6
306
5210
304
6313
304
2299
20789
468
1451
10690
18
14812
539
530
1761
297
4249
302
277
1794
306
399
306
17208
277
6756
2731
1435
302
20789
5502
2142
85242
277
1343
18
22547
411
361
386
277
6756
1435
302
48112
341
5207
277
1435
302
9746
8210
35
2523
382
19477
2050
304
16216
277
1343
717
20733
382
54641
277
1794
272
302
4354
307
18
461
1343
48112
272
983
17158
1207
1450
10368
341
34901
402
3129
304
9746
1682
6758
399
18
957
341
3600
304
30
539
1472
265
10368
16
306
539
13052
411
3369
539
1011
569
304
2549
265
699
3083
516
3402
297
277
10368
16
306
468
386
1646
539
1169
277
10368
1714
386
3083
382
81740
30
461
867
302
8210
297
1450
10368
341
7662
277
867
302
8210
386
5230
297
386
10368
18
7517
17158
436
72075
16
277
8023
436
77921
35
3557
13375
31
724
1387
29513
35
41729
16
17158
436
27399
306
3144
277
1794
2142
29513
18
461
867
302
8210
297
265
10368
530
29513
402
8023
302
3735
17158
35
8520
16
1480
265
3083
530
5230
297
4347
17158
592
411
316
147818
3735
18
1563
2024
16
272
508
377
1001
728
399
33
22
18
9583
30
10368
21
373
26124
26471
9746
33
23
1518
22
16
713
4445
2549
274
35
16473
37687
30
1472
265
344
21
733
2549
290
344
22
733
2549
274
35
274
516
297
391
69
19230
97
306
867
2287
33
22
2649
4273
2549
274
16
713
10368
21
373
377
3210
10368
22
1472
274
30
867
1801
71
2547
2549
265
35
265
516
297
391
71
97
306
867
2287
33
21
32
22
16
2549
265
16
867
1801
71
28919
2547
2549
290
35
290
516
297
391
71
28919
97
306
867
2287
33
22
2649
4273
2549
290
16
713
10368
22
373
1001
3210
2586
8023
30
391
69
19230
97
306
391
71
28919
97
29513
468
265
18
2586
8023
530
29513
382
27872
16
277
8023
436
516
13375
77921
382
8311
16
9212
730
3083
530
3910
277
9746
8023
302
17158
386
2549
386
2413
382
25790
539
530
1761
297
4249
302
277
373
245576
6
1207
277
1343
20789
18
610
277
4607
1794
16
277
4124
10690
436
1731
23864
700
1207
277
16514
272
63
20
55327
65
674
7662
399
9746
8210
306
272
2943
65
341
516
3724
1019
18
16473
27967
277
867
302
1175
23864
396
346
108184
382
8311
16
592
539
2312
265
3083
468
278
16
277
699
4124
867
346
18703
642
569
277
1656
4124
10690
352
700
460
278
344
29753
724
5086
366
93198
516
2291
278
680
1563
700
6743
278
16
265
4124
468
700
530
2893
592
277
699
16514
867
400
7193
11
674
2287
399
306
272
2943
65
516
297
400
7193
28080
2110
530
1761
302
277
1603
366
4124
468
700
396
30
15422
4124
2943
65
351
225
21
592
344
14044
8227
99512
2943
6577
1377
399
13
306
344
87
2943
65
516
297
8588
2943
23923
4790
2312
16
4124
113737
77
65
351
225
21
592
344
14044
8227
99512
2943
6577
692
22072
41342
5802
13
1377
399
13
306
344
87
2943
65
516
297
8588
113737
77
112677
8311
16
22072
41342
5802
13
341
3673
506
21
16
20
16
21
18
6755
16
272
2943
65
516
297
8588
113737
77
65
341
11104
304
30
592
272
2943
65
1377
2462
1232
516
4953
60821
5802
1798
592
272
2943
65
1377
699
1232
2044
344
29753
699
2837
297
8588
113737
77
45763
1625
1656
396
4607
382
27872
16
539
530
17208
4124
113737
77
65
499
4607
4124
2943
65
306
29440
18
22977
539
530
687
52448
352
1450
700
277
2911
189125
99512
2943
6577
306
3473
272
2943
65
341
297
8588
2943
65
344
20128
680
5489
352
265
2688
2312
16
539
530
17208
4124
113737
77
65
498
15990
3776
386
16246
22072
41342
5802
13
306
4953
60821
5802
680
7517
4953
60821
5802
13
306
699
103619
94279
5802
13
436
7152
498
700
5657
304
2475
214982
60821
306
1058
214982
18703
16
539
1387
17208
4124
113737
77
65
297
504
12
21
13
621
700
16
689
539
1008
304
4455
898
700
382
2608
8696
539
530
17208
277
4455
898
700
44862
302
4124
113737
77
65
498
142157
898
700
297
19797
1207
22072
41342
306
4953
60821
436
5882
18
610
1450
1175
2783
16
4124
113737
77
65
341
265
1154
302
700
386
10549
366
189125
99512
2943
6577
306
3473
272
2943
65
25782
2462
420
699
4115
18
2952
16
189125
99512
2943
6577
3393
402
700
16
689
539
1387
687
52448
16514
44914
302
22927
352
1450
2731
189125
1333
35
7517
399
6758
225
1670
16
189125
99512
2943
6577
341
387
11795
1360
225
20
306
225
1670
344
956
468
1210
399
35
41729
16
8588
2943
65
530
569
778
304
1219
5802
15
21
16
1670
13
9746
16
689
700
530
361
2927
680
2952
16
539
1008
304
12476
4550
189125
99512
2943
6577
692
22072
41342
1377
399
18
1563
265
2688
22072
41342
16
492
341
11104
304
189125
99512
2943
6577
1377
399
506
22072
41342
18
2586
352
1450
2731
1333
302
22072
41342
16
539
1008
304
1682
277
1435
302
700
297
277
2783
1207
189125
99512
2943
6577
1377
910
2741
306
851
277
20050
4550
12413
382
669
20050
4550
344
87
2943
65
516
297
8588
113737
77
6577
530
361
12652
1652
983
4027
2387
366
272
2943
1807
1563
272
2943
65
1377
2462
30
4550
341
516
4953
60821
5802
680
1563
272
2943
65
1377
699
30
4550
341
2044
344
29753
2837
297
680
1563
852
272
2943
10925
4550
341
272
2943
65
516
297
8588
2943
65
344
20128
13
1480
8588
113737
77
65
1656
396
8588
2943
65
352
1731
382
27872
16
352
1450
12601
1207
4953
60821
5802
13
306
699
103619
94279
5802
13
436
5882
16
539
530
17208
1375
6021
22072
351
282
344
8781
341
7152
498
344
1815
103619
94279
35
20
30
21
13
506
344
54371
60821
35
21
30
20
11499
5489
539
1008
304
1682
700
297
12601
1175
386
638
261
189125
99512
2943
6577
1377
399
506
282
203
261
5709
344
359
272
2943
58616
1018
1232
516
4953
60821
5802
13
1625
592
272
2943
58616
1815
1232
2044
1625
272
2943
65
516
297
8588
2943
112677
2608
4953
60821
5802
13
341
5882
297
277
12601
344
1892
8559
733
713
277
4550
352
272
2943
58616
1018
341
3673
2837
1641
420
2837
2044
9305
366
277
1333
302
4953
60821
297
386
12601
18
1563
852
272
2943
2315
277
4550
341
272
2943
65
516
297
8588
2943
65
344
20128
733
697
539
530
687
52448
382
14353
16
352
272
2943
58616
1815
16
277
4550
341
2837
2044
16
713
1731
700
3042
11274
382
27872
16
352
265
2688
12601
344
4271
282
306
4953
60821
436
5882
733
277
867
302
23477
700
341
1731
700
297
277
12601
402
189125
99512
2943
6577
1377
399
506
282
306
31666
387
4728
4550
386
10549
366
272
2943
65
306
8696
4953
60821
344
359
272
2943
58616
1018
680
7517
4953
60821
341
5882
16
352
272
2943
58616
1018
16
277
4550
7883
3673
344
359
4953
60821
1641
13
1232
2044
16
420
344
359
4953
60821
2044
13
1232
1641
18
2586
10044
16
297
277
12601
16
277
13556
499
10690
1207
272
2943
58616
1018
341
3673
225
20
344
359
4953
60821
13
420
616
344
359
516
4953
680
1563
852
8210
16
1850
2387
366
4607
3422
382
29838
16
539
530
687
52448
352
1450
2731
1333
302
189125
344
20
568
1670
13
306
352
1450
3083
344
273
1060
352
1450
700
13
277
1682
302
23864
700
297
265
2783
386
22465
3166
3776
18
7517
539
642
1008
304
6132
1451
22302
344
1943
1450
2312
733
539
1387
911
16514
44914
898
277
1794
304
3032
2783
20634
297
504
12
21
680
1563
2024
16
539
1387
687
52448
26081
1375
17
2983
2943
65
351
1435
302
23864
477
6758
700
35
2209
539
1008
2783
20634
382
2110
530
687
52448
16514
44914
352
1450
3083
306
352
1450
189125
1333
35
2209
189125
99512
2943
6577
341
265
1333
386
3393
402
700
18
2952
16
539
530
687
52448
387
4173
2143
43190
34727
2943
65
351
189125
99512
2943
23923
9405
1060
265
1568
302
32088
18
2159
3032
20634
1013
373
6230
1451
23864
700
297
648
48
36625
65
569
2143
43190
34727
2943
65
1377
1659
306
272
2943
65
2308
910
4550
728
539
1387
911
265
925
3920
1013
10368
6657
420
51576
14254
6657
352
1450
1659
306
1450
3083
4550
16
689
903
436
778
304
225
1670
189125
2911
344
29753
399
6758
225
1670
16
689
2143
43190
530
361
778
304
225
1670
16
689
1387
361
1518
79
31
539
1094
2081
819
2143
43190
1377
399
1279
16
1207
399
1279
1387
361
1360
506
21
306
225
1592
16
689
2143
43190
341
123672
16
713
539
1094
1008
2143
43190
1377
2741
16
1207
2741
1387
361
506
21
16
20
55340
1670
18
2209
2143
43190
4273
361
506
21
16
713
592
2741
6484
16
840
15667
18
2586
539
1094
1008
2143
43190
2911
499
225
20
304
225
1670
18
9405
225
1592
2731
2911
18
9405
2164
5
8801
34481
2287
341
225
1670
16
713
9746
8210
1682
4273
14949
225
1670
18
2586
189125
99512
2943
6577
341
387
11795
1360
225
20
306
225
1670
18
8946
5
2586
539
530
687
52448
352
1450
2731
9746
1682
282
297
225
20
568
1670
16
387
4173
16514
37438
1230
2943
65
351
1435
302
23864
477
344
3161
225
21
304
700
35
17034
402
57143
13
1207
2143
43190
99512
13478
6577
1377
282
18
2209
539
1008
304
5203
19797
302
23864
700
344
47048
1207
539
1994
4124
680
2952
16
6035
386
4124
23864
700
436
499
225
21
304
307
17
21
344
29753
4124
468
700
2767
1472
302
10368
468
700
680
1283
530
831
402
23864
700
344
21
218853
352
16514
680
16473
8483
352
700
499
225
20
304
307
16
539
569
8588
2943
65
352
16514
4354
700
344
77
8210
680
461
4124
4550
5119
700
344
1833
1472
3591
13
306
272
2943
1807
2586
539
1008
304
1994
700
499
225
21
304
307
17
21
18
1283
530
687
52448
26081
302
4354
307
344
1943
700
499
225
20
304
307
17
21
13
15739
277
4124
3591
35
41729
16
539
530
687
52448
352
1450
700
344
21
568
82
17
21
13
277
4607
4124
4056
306
851
277
2911
189125
99512
2943
6577
306
3473
272
2943
65
341
297
8588
2943
65
344
77
3077
1278
4607
20050
680
1563
20634
16
539
1008
304
1994
19797
302
700
344
63721
1207
4124
1387
5181
680
7517
277
1794
4354
341
778
304
225
622
66
24
16
539
1387
10373
504
4020
13
621
2312
592
539
59689
898
700
306
911
504
12
21
13
621
700
35
2209
539
1587
304
4928
504
4020
13
621
2312
18
2952
16
592
539
530
3032
2783
20634
297
504
12
21
13
352
1450
12601
16
306
903
436
468
1210
504
12
21
13
22302
621
2312
16
1232
2983
621
2312
1011
361
504
12
21
13
4171
277
2331
302
42537
277
22302
16
697
341
504
12
21
13
621
2312
18
2209
539
2188
1008
304
17208
277
22302
344
8831
214982
60821
16
1058
214982
18703
680
9405
504
12
21
13
621
2312
1347
687
105464
2475
19
19821
26081
18
5489
352
1450
12601
16
539
1008
304
17208
277
4455
302
4124
50552
77
898
700
297
386
12601
18
1437
539
530
17208
386
4455
297
504
12
21
13
1347
687
105464
16514
44914
16
1232
2983
621
2312
341
504
12
21
680
3483
1011
361
2199
3127
4892
277
2941
30
4421
8896
638
17
42379
16514
30456
8588
2943
65
352
700
33
20
568
82
344
24986
63
20
16051
20
16
8588
2943
65
351
8588
2943
17
21
65
367
344
21
106262
87
2943
17
21
35014
3098
17
42379
2143
43190
2943
65
351
189125
99512
2943
6577
352
700
33
20
568
82
388
17
1563
1450
700
499
225
21
304
307
17
21
16
17208
4607
88201
2943
65
351
344
14044
43190
2943
65
1377
399
13
306
4684
24986
2943
65
6656
344
567
2350
2943
239155
1819
1149
764
225
21
1377
225
20
3098
17
6755
16
352
1450
3083
466
344
20
568
948
733
539
874
1587
304
1287
352
1450
700
3473
272
2943
65
1377
466
16
4115
18
2209
352
20050
4550
297
699
8588
16
539
1008
304
1287
352
1450
700
592
272
2943
65
1377
2462
420
699
18
7517
2462
306
699
8632
621
2312
16
539
4273
687
52448
352
616
18
2952
16
297
277
12601
4158
16
539
642
5203
4027
2387
366
272
2943
65
1377
2462
16
699
16
420
852
18
1563
852
16
539
1008
4607
4550
344
87
2943
65
516
297
8588
2943
23923
1563
272
2943
65
1377
2462
16
277
4550
10549
366
4953
60821
5802
733
697
341
5882
297
12601
18
1563
272
2943
65
1377
699
16
4550
341
2837
2044
18
2586
539
1008
304
361
2948
304
16
352
265
2688
12601
648
48
36625
65
344
1425
700
23864
733
1682
277
1435
302
700
1175
386
638
261
506
2143
43190
2943
65
1377
2741
344
4271
2741
351
399
506
282
16
402
282
351
22072
41342
352
386
12601
465
261
506
306
344
359
272
2943
58616
1018
306
516
4953
60821
13
420
344
359
272
2943
58616
1513
306
4607
4550
13
4115
382
2110
530
687
52448
16514
44914
352
1450
3083
306
352
1450
2143
43190
1333
35
2209
539
569
778
304
225
1670
8210
16
306
2143
43190
778
304
225
1592
18
2586
539
1387
2299
265
225
23
40
16514
4455
35
3483
1011
361
225
1670
14
1592
25208
16
697
341
225
1670
14
1592
14
622
66
24
64823
225
27
4364
16
697
341
6772
18
2209
539
851
1008
304
23612
277
4550
352
272
2943
58616
1018
1207
4953
60821
13917
18
7517
4953
60821
341
5882
297
12601
16
539
530
11297
277
1682
983
15667
499
10690
1207
272
2943
65
25782
2462
306
1207
272
2943
65
516
25782
2462
344
414
516
699
680
1563
272
2943
58616
1018
16
539
1008
304
1287
3473
4953
60821
341
1641
420
2044
18
610
277
12601
16
4953
60821
341
3162
5882
18
2586
592
4953
60821
341
1641
16
1232
10690
402
272
2943
58616
1018
3042
11274
344
29753
4550
6382
516
4953
680
1437
4953
60821
341
2044
16
1232
10690
402
272
2943
58616
1018
2837
11274
344
60667
2143
43190
4550
680
2586
539
530
687
52448
19720
302
23864
700
402
2688
2143
43190
306
272
2943
58616
1018
18
7517
2462
23633
621
2312
16
539
1008
304
361
2948
304
6132
352
265
3018
3083
2462
18
2586
539
530
687
52448
352
1450
3083
274
16
387
4173
420
16514
4455
302
19720
1207
272
2943
65
1377
274
306
2143
43190
2943
65
1377
282
18
3483
341
16
352
1450
3083
344
20
568
948
13
306
1450
9746
1682
282
344
20
568
1670
733
539
530
17208
16514
44914
898
700
344
21
568
82
17
21
680
5489
539
530
3032
2783
20634
297
504
12
21
13
352
1450
344
71
28173
680
7517
903
436
225
1670
14
1592
351
225
23495
1175
16514
4455
26081
16
1450
302
4354
307
344
50180
307
15
21
352
16514
733
2983
4625
5907
23495
14
622
3528
64823
225
27
4364
32088
16
697
341
6772
344
11216
225
4021
21222
592
225
28
11304
1450
35
2209
539
530
911
7922
3815
1013
853
16
689
11636
14215
302
146581
1011
361
47552
18
2952
16
539
530
911
26081
302
146581
499
5939
4173
420
1568
302
14215
35
225
27
4364
11636
32088
341
265
2942
344
25175
853
5907
1575
11304
16
713
5907
12806
21222
680
3483
2428
361
2502
1398
18
2209
539
530
24819
30
7517
307
33
622
66
24
16
225
23495
535
225
622
66
24
351
225
27
16
2777
16
937
18
11636
146581
436
14233
2927
18
1283
1387
911
21911
35
3557
6751
7400
18
2209
539
1387
21957
498
1347
12892
4119
420
4173
984
45
3015
35
2952
16
539
1008
304
4793
19720
386
530
361
778
304
307
344
622
66
24
733
697
22700
297
225
902
20495
344
4956
225
2394
22071
680
2586
539
1387
911
4173
984
44
3015
499
277
4173
5939
18
2209
17713
1451
26081
2428
361
94168
689
123611
382
71093
16
539
530
4928
24284
352
616
8210
498
34155
386
352
277
13556
499
272
2943
58616
1018
16
539
1094
1008
304
6132
352
277
3018
2462
3083
302
277
1843
2312
18
2586
539
1387
687
52448
16
352
1450
3083
274
16
265
16514
4455
4173
302
4354
307
15
21
352
277
2143
43190
2911
35
41729
16
539
1008
304
1682
23864
700
297
265
2783
402
272
2943
58616
71
306
2143
43190
2943
58616
72
18
9405
265
225
22
40
4550
18
1283
1387
687
52448
352
1450
3083
274
265
1568
302
2143
43190
2911
468
10690
1207
272
2943
58616
71
16
306
1232
911
16514
44914
898
1731
10690
35
2209
539
851
1008
304
5203
19797
386
2549
1804
8210
18
22977
539
530
687
52448
265
3225
4173
352
1450
282
16
306
1232
352
1450
3083
274
16
539
530
569
265
16514
4455
302
19720
1207
344
14044
43190
2943
58616
72
306
272
2943
58616
71
680
957
341
15837
265
225
22
40
16514
4455
898
700
16
402
15428
352
282
306
274
18
7517
700
341
8162
16
539
530
17208
16514
44914
352
1450
344
71
28173
13
498
142157
700
3984
306
24938
18
3483
1011
361
504
12
1670
14
1592
25208
13
845
16
697
341
819
225
27
73
26
7154
16
6772
18
23755
396
9576
2428
361
1398
689
8696
18597
592
539
911
7434
8627
18
610
11636
16
539
1387
4793
265
225
22
40
1568
302
14215
30
50542
65935
54442
4274
71
4274
77
65
689
386
1011
361
225
1592
14
1670
10726
82
15
21
13
64823
225
27
73
26
146581
18
1437
539
911
1568
302
14215
302
146581
16
1450
853
341
225
1575
11304
16
2983
5907
12806
21222
16
697
2428
14949
11279
4625
13008
344
60802
225
6008
21222
16
1387
361
20672
689
44406
680
2209
539
851
1008
852
26081
18
1283
530
2050
304
5510
4625
498
1347
12892
80221
592
19720
5491
297
225
902
20495
18
7517
307
33
622
66
24
16
19720
621
16514
436
778
304
225
622
66
24
16
697
22700
297
225
902
20495
344
20
17
2394
22071
680
2586
539
1387
911
4173
984
44
3015
352
1450
344
71
28173
680
3483
1011
361
225
22
11304
621
6920
16
713
2983
4625
5907
27
73
26
535
225
22
351
225
992
21222
16
697
341
2199
18
2952
16
4173
984
44
3015
4007
1665
225
22
40
57143
6043
31
539
1387
569
265
20078
420
265
10031
1568
18
2209
539
530
3138
1347
1568
302
26081
382
2608
17713
16514
44914
352
616
344
71
28173
13
2428
361
265
3422
9702
689
123611
382
10917
16
539
851
1008
304
5203
277
4550
352
272
2943
58616
1815
30
1731
23864
3042
11274
18
2586
539
530
14801
1019
382
14353
16
539
1008
304
5203
277
4550
352
272
2943
65
1377
2462
890
4953
60821
341
2044
16
539
1682
1019
18
1563
272
2943
65
1377
2462
890
4953
60821
341
1641
16
539
1682
5023
382
2500
852
8210
344
77
3077
1278
516
2462
306
516
699
733
539
1008
304
1682
1731
700
1207
272
2943
65
516
297
8588
2943
65
344
20128
13
306
2143
43190
2943
65
1377
2741
18
1563
1131
16
539
1907
569
265
3083
14434
4550
31
1850
1060
265
6543
4550
386
10549
366
272
2943
65
306
8588
2943
1807
1283
530
687
52448
352
1450
700
265
1333
2764
39412
351
344
24986
2943
65
6656
344
567
2350
2943
239155
1819
1149
764
225
21
18
5489
277
4550
352
13556
341
2764
39412
1377
225
20
18
2586
539
1008
304
1682
23864
700
297
265
2783
1207
2143
43190
2943
65
1377
2741
306
2764
39412
1377
225
20
18
957
341
265
225
22
40
4550
30
2143
43190
1333
306
2764
39412
344
20
420
225
21
680
7517
2764
39412
341
11674
16
539
530
569
1217
16514
4455
26081
352
1450
2143
43190
1333
30
730
352
2764
39412
33
20
16
730
352
2764
39412
33
21
18
9405
225
1592
14
22
351
225
5477
16514
4455
26081
18
9405
2164
18
2209
6035
386
2764
39412
10549
366
272
2943
2315
713
1850
516
3083
14434
16
1850
1060
265
4016
302
700
18
2586
539
530
687
52448
387
4173
1622
108184
2943
65
351
225
21
592
344
14044
43190
2943
65
1377
399
35
41729
539
1008
352
3453
2741
2911
16
516
1060
4607
4124
680
26128
16
539
1008
304
1682
352
22551
2741
344
79
1279
680
2586
539
1008
352
1450
2731
2143
43190
1333
282
16
265
16514
4455
302
1622
108184
2943
65
344
77
3077
1278
2764
39412
1377
225
20
680
9405
225
1592
16514
44914
18
9177
382
8311
16
352
272
2943
58616
1018
16
539
1008
304
1682
1731
700
297
2783
402
2143
43190
2943
65
1377
2741
306
272
2943
58616
1018
18
2586
539
1008
621
89799
621
37476
43190
16514
44914
382
27872
16
2983
687
242789
30
1041
17
2143
43190
2943
65
352
700
33
21
568
82
17
21
344
273
225
20
568
82
16
689
4124
23864
700
499
225
21
304
307
17
21
3098
17
2764
39412
2943
65
351
344
24986
2943
65
6656
344
567
2350
2943
239155
1819
1149
764
225
21
388
17
1563
1450
3083
274
344
20
568
948
733
352
1450
9746
1682
282
344
20
568
1670
733
539
17208
16514
4455
898
700
302
19072
5802
402
2143
43190
2943
58616
72
306
272
2943
58616
71
680
16473
27967
37505
31641
41342
54442
4274
71
4274
77
21265
17
1563
1450
282
16
539
17208
16514
4455
898
700
302
19072
5802
402
2143
43190
2943
58616
72
306
2764
39412
2943
58616
20
680
16473
27967
1622
108184
41342
54442
4274
77
15032
2110
851
1008
304
1287
352
1450
2312
344
84
16
699
13
277
22302
302
700
1207
4953
60821
306
699
103619
94279
436
5882
18
2159
771
1131
22302
16
539
1008
2475
214982
60821
306
1058
214982
18703
382
6027
242789
352
2475
306
3733
53840
1375
2500
1450
2413
700
344
20
218853
733
539
530
17208
2475
214982
2943
65
351
2475
3591
1518
700
402
1656
3083
16
420
307
592
5023
18
22041
16
11075
214982
2943
65
351
3733
3591
460
700
402
1656
3083
16
420
506
21
382
2110
530
17208
1131
498
25354
499
2454
306
1503
382
8311
16
352
265
2312
468
2413
278
344
20
218853
733
402
2462
351
272
35950
2315
699
351
274
344
4271
274
2308
2462
680
5489
638
17
1563
700
1518
278
16
4953
60821
5802
13
351
344
19821
214982
35950
65
1377
506
21
420
11075
214982
35950
65
460
278
35
41729
16
1008
304
2292
592
903
341
839
18168
302
2462
297
648
20
16
700
17
21
65
852
936
278
18
957
341
1641
592
903
8654
387
18168
302
2462
1714
278
344
77
3077
1278
11075
214982
35950
65
2308
506
21
13
7183
903
8654
387
18168
302
2462
1325
278
689
1714
700
344
77
3077
1278
2475
214982
35950
65
8654
306
2475
214982
35950
65
460
700
680
2586
4953
60821
5802
13
351
344
19821
214982
35950
65
1377
506
21
13
306
344
8831
214982
35950
65
341
4628
420
2475
214982
35950
65
6743
700
680
4540
21887
16
1529
2475
60821
351
2475
214982
35950
65
344
273
307
592
5023
680
5489
352
700
1518
278
638
261
4953
60821
5802
13
351
344
19821
214982
35950
65
1377
506
21
13
306
344
8831
60821
1377
307
420
2475
60821
6743
700
3098
17
699
103619
94279
5802
2738
592
699
8615
1714
278
344
77
3077
1278
903
8654
18168
302
699
297
23864
648
20
16
278
17
21
24299
1232
699
103619
94279
5802
13
351
7143
352
616
700
1518
278
18
34988
16
1529
1058
18703
351
1058
18168
302
699
1325
278
344
77
3077
1278
2475
214982
352
699
6857
499
278
15
21
680
5489
352
700
1518
278
16
699
103619
94279
5802
13
351
7143
592
344
9060
18703
2308
4628
306
1058
18703
460
700
13
1625
8077
35
41729
16
592
699
8615
1325
278
16
1232
352
700
1518
278
16
699
103619
94279
5802
13
341
1641
592
700
1518
1058
18703
344
29753
1058
18703
341
277
1058
18168
1325
278
16
306
839
3591
700
1518
1058
18703
4059
386
18168
680
1563
700
6758
1058
18703
16
699
516
1831
297
4607
16514
18
2586
539
1008
304
1287
277
1058
18168
302
699
1325
278
18
1283
530
687
52448
352
1450
3083
387
4173
302
10690
16
1232
352
265
2688
278
16
539
530
11674
3612
304
1511
277
1058
18168
1518
278
18
7517
307
33
622
66
24
16
539
1387
17208
366
277
12643
621
2312
1347
687
105464
2475
18168
26081
352
1450
3083
18
1283
530
17208
2475
67
157390
12957
31641
202384
4274
1084
65
351
277
2475
3591
6743
912
1207
3083
466
8615
344
273
307
680
957
530
361
687
105464
352
1450
3083
306
1450
2413
1347
265
35671
13325
18
7517
34481
2287
225
1670
306
307
33
622
66
24
16
539
530
569
2475
214982
63
1670
4274
82
15
21
65
26081
18
9405
225
1670
14
622
3528
64823
225
15316
79
32088
16
6772
18
22041
16
11075
214982
26081
382
14032
352
265
2688
278
306
699
16
539
530
771
638
261
1058
18703
351
2475
67
157390
12957
31641
115681
4274
84
15
21
65
344
359
460
307
465
261
11075
18703
351
11075
67
157390
12957
31641
115681
4274
84
65
344
359
6743
20
465
261
1563
699
103619
94279
5802
2407
348
592
11075
18703
2308
506
21
344
77
3077
1278
699
8615
1714
278
733
1232
1641
352
616
700
44862
388
348
1625
30
1641
352
700
1518
1058
18703
344
359
1058
18703
460
307
733
1625
2044
352
616
700
44862
382
27872
16
277
22302
352
700
1518
278
1207
4953
60821
306
699
103619
94279
436
5882
436
7152
498
277
51712
468
278
15
21
16
2475
60821
16
1058
18703
16
4115
18
30105
16
352
700
1518
278
16
539
569
778
304
3148
22302
2387
366
28368
302
1131
4232
1375
6021
340
351
278
15
21
344
6373
302
700
2783
680
27969
1994
700
499
278
15
21
304
307
17
21
344
29753
700
2687
307
17
21
680
2209
700
436
11795
23864
18
461
22302
302
700
1207
4953
60821
5802
13
306
699
103619
94279
5802
13
436
5882
436
1375
21
18
700
297
648
84
15
21
16
1219
46326
60821
16
1058
18703
6030
21
65
592
1731
4232
2893
388
22
18
4115
382
2110
1008
304
8483
277
22302
21887
382
54641
638
261
434
351
278
15
21
344
241937
700
1518
278
465
261
419
351
307
17
21
344
176870
700
994
54641
638
261
2462
33027
351
2475
214982
35950
65
261
905
2475
3591
1518
278
402
2462
16
420
307
592
5023
388
261
699
33027
351
2475
67
157390
12957
31641
115681
4274
84
15
21
65
261
905
1058
3591
1518
278
402
699
16
420
307
592
5023
388
261
6755
16
539
1008
304
1994
592
699
8615
1714
278
30
1232
699
103619
94279
5802
13
351
1641
352
616
700
44862
16
713
903
341
840
2312
1646
352
699
103619
18
610
386
1690
16
699
103619
94279
341
1641
352
4569
2783
18
2586
22302
1094
11297
498
4953
60821
3393
468
2462
33027
382
2558
699
1414
516
5230
1714
278
16
1232
699
103619
94279
5802
13
351
2044
352
700
6758
699
33027
16
1641
352
700
1518
699
33027
344
60667
699
33027
460
307
680
1437
699
33027
1377
307
16
1232
2837
2044
382
4892
22302
436
638
261
1437
699
8615
1714
278
638
348
905
699
103619
2837
1641
388
348
905
4953
60821
2044
352
700
6743
2462
33027
344
359
2462
33027
460
307
13
1625
2837
1641
388
348
2586
539
569
468
1210
1217
22302
638
454
73679
342
21
30
700
297
648
84
15
21
16
1219
53309
33027
16
307
6030
21
65
592
2462
33027
460
307
1625
648
84
15
21
16
307
17
21
65
402
4953
60821
1641
388
454
73679
342
22
30
700
297
648
4956
3280
15
21
16
2462
33027
733
307
17
21
65
402
4953
60821
2044
344
359
2462
33027
460
307
3098
261
34988
344
1815
516
1714
278
2407
348
905
699
103619
2044
352
700
6758
699
33027
16
1641
352
700
1518
699
33027
388
348
905
4953
60821
2044
352
700
6743
2462
33027
344
359
2462
33027
460
307
13
1625
2837
1641
388
348
2586
539
569
778
304
2240
22302
638
454
4214
11297
4232
30
699
33027
344
359
460
307
13
306
2462
33027
344
359
460
307
680
2227
874
62124
388
454
1283
530
5096
1019
382
19477
8483
638
261
4232
351
19842
867
302
391
84
15
21
16
307
97
4171
11568
2462
33027
592
460
307
16
4171
11568
699
33027
592
460
307
388
261
5489
22302
1360
27399
4232
382
41571
1450
12601
16
277
2911
302
4953
60821
306
699
103619
94279
436
5882
1480
638
261
506
4953
60821
5802
13
341
1641
352
700
460
2462
33027
16
2044
352
700
6743
2462
33027
344
359
2462
33027
460
307
733
1625
2837
1641
388
261
506
699
103619
94279
5802
13
341
2044
352
700
6758
699
33027
344
359
699
17723
64344
1615
306
699
33027
460
307
733
1641
352
700
1518
699
33027
18
1437
699
8615
1714
278
16
1232
699
103619
1641
2837
388
4892
12035
16
5882
297
1450
12601
382
27872
16
352
1450
2312
16
539
530
17208
1131
22302
6043
1347
687
105464
2475
26081
382
8311
16
352
1450
12601
16
539
569
638
261
506
4953
351
5882
344
5736
19
8884
465
261
506
699
103619
351
5882
344
5736
19
8884
465
261
506
22072
41342
351
344
21
592
516
699
103619
1625
225
20
13
506
344
21
592
4953
1625
225
20
680
8598
30
592
4953
341
7143
16
539
9823
2462
16
713
22072
4059
506
21
592
4953
31
592
699
103619
341
8077
16
539
7157
699
16
713
22072
4059
692
21
31
1625
225
20
388
261
506
2741
351
399
506
22072
18
1437
2741
460
225
20
420
2741
1518
225
1670
16
1232
840
15667
499
492
12601
344
29753
2143
43190
4273
361
6484
420
1518
1670
16
689
2143
43190
530
361
778
304
225
1670
16
713
592
2741
1518
225
1670
16
5023
31
592
2741
460
225
20
16
5023
3098
261
506
6755
16
352
277
4550
366
272
2943
65
516
297
8588
113737
77
2315
539
1008
304
17208
15667
638
348
535
1563
700
1207
272
2943
65
1377
2462
638
454
506
592
4953
30
1232
2462
516
297
699
8588
16
713
272
2943
65
516
297
8588
113737
77
65
341
1641
344
29753
272
2943
58616
1018
306
2462
27102
680
26128
17034
30
4550
352
4124
341
272
2943
65
516
297
400
7193
6627
2586
592
272
2943
58616
1018
306
4953
60821
5802
13
1641
16
1232
2462
341
27102
16
713
272
2943
65
516
297
8588
113737
77
65
341
1641
18
2586
352
272
2943
58616
1018
16
277
13556
341
1641
890
4953
60821
341
1641
18
2209
7977
342
1392
352
272
2943
58616
1018
16
4550
6382
516
4953
60821
35
16473
316
171902
382
2110
569
4124
50552
77
351
344
14044
43190
99512
113737
77
6577
1377
399
13
306
344
87
2943
65
516
297
8588
113737
77
112677
8311
16
272
2943
65
516
297
8588
113737
77
65
2767
638
261
506
1437
272
2943
65
1377
2462
30
1232
516
297
8588
113737
77
65
86564
2462
341
516
297
8588
113737
77
1807
11998
341
297
8588
113737
77
65
86564
4953
60821
5802
13
341
2044
344
77
3077
1278
2462
2188
1831
680
2586
272
2943
65
516
297
8588
113737
77
65
341
11104
304
4953
60821
5802
13
1377
7143
388
261
506
1437
272
2943
65
1377
699
30
1232
516
297
8588
113737
77
65
341
2837
2044
1480
699
341
1831
344
29753
539
4472
411
468
278
680
2586
3042
28446
388
261
506
34988
344
1513
2738
1232
272
2943
65
516
297
8588
113737
77
65
86564
15422
516
297
8588
2943
65
344
29753
8588
113737
77
65
1656
396
8588
2943
65
352
1131
680
2586
4550
341
2764
39412
2943
65
1377
225
20
382
27872
16
352
272
2943
58616
1018
16
277
4550
341
1641
890
4953
60821
5802
13
341
7143
18
9177
5151
5
342
8170
1078
411
41303
18
16473
4309
382
4892
11689
638
261
506
1563
272
2943
58616
1018
30
13556
592
4953
60821
5802
13
1377
7143
388
261
506
1563
272
2943
58616
1815
30
13556
3042
388
261
506
1563
852
30
13556
592
2764
39412
2943
65
1377
225
20
382
8311
16
6035
386
4953
60821
5802
13
341
5882
297
22302
18
2586
352
272
2943
58616
1018
16
297
22302
1207
4953
60821
341
7143
16
616
1175
10690
22465
277
20050
4550
31
1207
4953
60821
341
8077
16
5023
22465
382
8311
16
539
851
569
277
2143
43190
4550
30
2143
43190
2943
65
1377
2741
382
27872
16
352
1450
12601
16
539
530
17208
277
1435
302
700
297
386
12601
31666
638
261
2143
43190
2943
65
1377
2741
203
261
5709
344
344
87
2943
58616
1018
306
4953
60821
13
7183
344
87
2943
58616
1513
306
2764
39412
2943
58616
20
13
12446
2608
17034
30
461
373
1513
6
7817
4059
8210
386
436
15600
2462
6685
699
18
2586
539
1008
304
1682
10690
1207
272
2943
65
516
297
391
1018
16
699
97
306
2143
43190
2943
58616
11918
306
2764
39412
2943
58616
20
382
2110
530
687
52448
16514
44914
304
3032
1131
19720
6697
382
2110
569
638
261
506
50542
108184
39412
49717
54442
4274
77
10925
1435
302
23864
477
6758
700
1175
386
2143
43190
13478
58616
72
306
2764
39412
13478
58616
20
388
261
506
50542
31641
41342
54442
4274
71
4274
77
10925
1435
302
23864
477
6758
700
1175
386
2143
43190
13478
58616
72
306
272
13478
58616
71
382
14032
352
265
2688
12601
648
48
36625
65
344
156055
302
700
23864
733
539
530
17208
638
261
2983
2907
51416
351
50542
108184
39412
49717
150381
4274
54
65
506
50542
108184
39412
49717
150381
4274
48
17
21
65
261
905
19720
352
373
1513
6
8210
35
2209
492
4059
616
8210
16
2291
2462
306
699
18
2586
539
1008
304
57859
15667
499
2462
306
699
592
724
846
33649
689
17420
361
16
420
919
1132
592
724
1196
361
33649
689
99462
382
66355
30
1283
530
17208
638
261
1682
81871
351
344
64795
108184
39412
49717
150381
4274
54
65
506
50542
108184
39412
49717
150381
4274
48
17
21
6577
506
344
8227
60821
21695
9767
13
506
344
8227
18703
21695
9767
733
1207
1682
60821
21695
9767
341
1435
302
700
297
12601
402
272
2943
58616
1018
306
2143
43190
2943
58616
11918
306
2764
39412
2943
58616
20
35
2209
2764
39412
2943
65
352
2462
341
2837
225
21
35
41729
16
592
272
2943
58616
1018
16
1232
2764
39412
2943
65
351
344
24986
2943
65
6656
2462
13
764
225
21
18
7517
2462
540
1831
297
4607
16514
778
304
700
17
21
35
3557
13375
30
592
700
341
1175
386
2462
8615
468
2413
278
35
2209
700
1518
278
16
306
4607
1794
674
2462
468
278
18
2586
352
700
1518
278
16
8588
2943
65
4059
2462
344
29753
278
460
700
680
8111
16
2764
39412
2943
65
352
2462
10690
341
2837
225
21
297
277
4607
18
8801
2462
341
297
8588
2943
65
352
700
1518
278
18
26128
16
341
386
2837
1641
35
1563
700
1518
278
16
277
16514
778
304
700
17
21
4059
3591
278
16
697
674
2462
18
2586
12035
16
8588
2943
65
4059
2462
18
8111
16
352
839
700
1518
278
1207
272
2943
65
1377
2462
16
539
569
2764
39412
2943
65
1377
225
21
18
2586
297
277
50542
108184
39412
49717
16
1175
700
436
516
33649
1480
2764
39412
2943
58616
21
16
516
225
20
18
2586
50542
108184
39412
49717
150381
65
9724
74951
272
2943
58616
1018
344
29753
2764
39412
2943
58616
21
680
9177
5
3483
73996
18
2586
539
1907
1008
304
57859
2462
15667
499
277
373
1513
6
1682
1480
724
436
516
297
386
1682
17833
18
2115
819
699
35
1563
272
2943
58616
1815
16
2764
39412
2943
65
874
361
225
20
420
225
21
9305
366
3473
699
540
15422
1831
18
2209
539
436
516
2291
699
15667
17833
1480
352
699
16
277
4550
341
2837
2044
16
713
539
1998
29082
1019
499
2983
18
2952
16
50542
108184
39412
49717
4059
699
592
2764
39412
2943
58616
20
18
2586
539
1008
304
57859
1731
1207
272
2943
58616
1815
306
2764
39412
2943
58616
20
344
29753
724
436
33649
297
50542
108184
39412
49717
689
1196
516
11274
680
6755
16
352
699
16
592
2764
39412
2943
58616
21
16
724
436
516
297
50542
108184
39412
49717
17833
16
713
6772
382
2608
851
16
352
272
2943
58616
1018
16
539
1008
304
1682
1019
22560
2387
366
4953
60821
18
7517
50542
108184
39412
49717
74951
1019
16
539
1008
304
919
1132
277
1682
302
700
402
272
2943
58616
1018
306
2143
43190
2943
58616
11918
16
689
1094
592
4953
60821
341
1641
18
8801
1731
1196
11274
344
29753
20050
4550
1641
680
1533
6035
386
352
272
2943
58616
1018
16
277
2143
43190
4550
341
2188
2143
43190
2943
58616
11918
16
306
539
569
50542
31641
41342
150381
4274
1018
65
19720
1019
382
27872
16
352
387
12601
402
4953
60821
9453
16
277
2983
15667
351
1041
261
1682
60821
21695
9767
692
1682
81871
421
4271
638
261
1682
60821
21695
9767
351
344
359
4953
60821
13
1232
344
5686
302
700
297
12601
402
272
2943
58616
1018
306
2143
43190
2943
58616
11918
13
1625
225
20
388
261
1682
81871
351
344
5686
302
700
297
12601
402
2143
43190
2943
58616
11918
306
2764
39412
2943
58616
20
13
506
344
5686
302
700
297
12601
402
272
2943
58616
1815
306
2143
43190
2943
58616
11918
306
2764
39412
2943
58616
20
680
8801
50542
108184
39412
49717
4059
616
700
402
2143
43190
2943
58616
11918
306
2764
39412
2943
58616
20
16
689
539
1008
304
29082
1731
1207
272
2943
58616
1815
382
2110
530
851
17208
1682
81871
396
638
261
1682
81871
351
344
64795
108184
39412
49717
150381
4274
54
65
506
50542
108184
39412
49717
150381
4274
48
17
21
6577
506
344
64795
31641
41342
150381
4274
1815
4274
54
65
506
50542
31641
41342
150381
4274
1815
4274
48
17
21
6577
592
699
103619
94279
35
26128
16
699
341
265
3018
3083
16
713
539
1008
304
57859
1094
1731
700
1207
272
2943
58616
1815
306
851
2764
39412
2943
58616
20
18
2952
16
50542
31641
41342
150381
4274
1815
65
19720
23864
402
272
2943
58616
1815
306
2143
43190
2943
58616
11918
16
15470
302
2764
39412
18
2209
539
1008
304
57859
1094
1731
402
2764
39412
2943
58616
20
18
2586
539
4273
5502
911
50542
31641
41342
1480
411
4007
2549
2764
39412
4550
18
1283
1008
265
717
3018
16514
4455
30
352
1450
3083
274
16
306
1450
2143
43190
282
16
539
1008
304
1287
277
1682
302
23864
700
1207
272
2943
58616
71
306
2143
43190
2943
58616
72
306
2764
39412
2943
58616
20
18
7517
2764
39412
2943
65
341
7152
498
3473
272
2943
65
341
297
8588
2943
2315
306
352
265
2688
3083
274
16
2764
39412
2943
65
341
225
21
592
274
8615
297
16514
1714
700
16
1625
225
20
18
957
10549
366
700
18
2586
539
1008
265
225
23
40
16514
4455
30
352
1450
3083
274
16
1450
2143
43190
282
16
306
1450
2764
39412
290
344
20
19
21
733
16514
898
700
18
3483
1011
361
225
1670
14
1592
14
22
351
225
21
11247
16514
26081
16
1450
302
4354
307
18
9405
819
225
21
11247
14
622
3528
64823
225
992
4364
16174
18
1437
1450
6920
341
225
22
11304
344
5100
902
733
4924
5907
1575
21222
18
168649
18
1437
1347
11636
146581
16
225
992
49
535
225
1575
64823
225
24227
21222
16
2502
1398
18
2586
539
1008
7434
5666
382
23928
386
307
33
622
66
24
16
225
992
49
11636
146581
341
14233
2927
32002
4120
21222
680
2209
539
2428
516
1008
616
158147
31
539
1094
1008
2764
39412
582
20
352
1713
10727
40884
35
41729
16
352
1682
81871
539
1008
304
29082
272
2943
58616
1815
16
689
539
851
1008
2764
39412
2943
58616
20
18
2586
539
1008
304
57859
499
50542
108184
39412
49717
1731
700
402
272
2943
58616
1815
306
2764
39412
2943
58616
20
18
2586
539
1008
265
16514
4455
386
352
1450
700
6632
19072
2350
2943
58616
1815
306
2764
39412
2943
58616
20
306
2143
43190
2943
58616
72
680
3483
341
7662
277
225
23
40
30
352
3083
699
16
282
16
306
2764
39412
582
20
18
7517
699
23633
621
2312
16
539
1387
17208
366
277
12643
498
142157
898
700
297
277
12601
35
2209
386
1011
361
504
131252
4354
13
621
2312
16
697
2428
361
20672
592
2983
22302
3796
616
3393
436
2164
35
3557
2897
382
72320
30
1283
530
687
52448
352
1450
700
277
2764
39412
16
306
1232
352
1450
12601
539
530
17208
1682
81871
498
25354
277
12601
592
277
12601
341
2164
35
2209
22302
530
361
2927
16
778
304
504
4020
680
2952
16
539
530
911
16514
44914
898
700
352
1450
2143
43190
282
306
1450
3083
274
16
689
539
1008
2764
39412
396
1357
18
2209
539
530
6035
386
2764
39412
2943
65
341
225
21
352
839
3083
386
8615
297
277
16514
18
1563
265
2688
3083
274
16
2764
39412
2943
65
341
225
21
352
616
700
1518
1058
18168
302
274
18
2586
352
265
2688
3083
274
16
277
867
302
700
1207
2764
39412
2943
58616
20
341
265
16514
778
304
277
1058
18168
302
274
344
273
8295
680
30105
16
352
3083
274
16
2764
39412
2943
65
351
225
20
352
700
460
1058
214982
1623
16
306
351
225
21
352
700
6743
1058
214982
1623
16
1207
1058
214982
1623
341
277
1058
3591
344
4296
297
4124
23864
35
17034
30
700
436
4124
23864
16
499
225
21
304
307
17
21
18
2764
39412
2943
65
21062
304
272
2943
65
297
8588
2943
1807
8588
2943
65
341
16514
778
304
700
17
21
344
29753
700
341
1472
302
10368
680
2586
2764
39412
2943
65
10799
3473
272
2943
65
8615
297
272
63
20
55327
17
21
1807
2586
352
265
2688
3083
274
16
2764
39412
2943
65
351
225
20
352
700
6758
1058
18168
3591
302
274
344
77
3077
1278
592
277
1058
18168
302
274
341
468
2413
285
344
20
218853
733
1232
352
700
6758
285
16
8588
2943
65
1414
516
3451
274
31
352
700
1518
285
16
8588
2943
65
5720
274
680
8801
592
700
1518
285
16
1232
16514
4059
3591
285
697
341
274
18
2586
14233
16
2764
39412
2943
65
341
225
20
352
700
6758
1058
214982
1623
16
306
225
21
352
700
1518
1058
214982
1623
18
957
341
1641
21297
700
436
23864
302
4124
10690
344
77
21062
304
1472
3591
680
2209
17034
30
700
341
277
3591
302
277
4124
344
73210
3591
302
10368
680
8588
2943
65
341
867
302
8210
297
272
63
20
55327
65
344
29753
700
341
277
16514
4354
680
1437
539
8483
700
396
277
1472
3591
302
265
699
10368
344
77
499
225
20
304
307
17
21
733
1232
8588
2943
65
351
867
302
8210
297
272
63
20
55327
1807
1563
700
33
20
16
8588
63
20
93755
7342
1563
700
34
20
16
8588
2943
65
4059
272
63
20
568
77
17
21
1807
5489
2764
39412
2943
65
351
344
87
2943
65
297
8588
2943
23923
2586
352
3083
274
16
2764
39412
2943
65
351
225
20
592
274
1414
516
5230
297
272
63
20
55327
17
21
1807
461
1058
18168
302
274
297
277
1794
341
468
910
2413
285
344
20
218853
680
5489
352
700
1175
386
700
17
21
460
285
344
77
6758
285
733
8588
2943
65
1414
516
3451
274
18
2586
2764
39412
2943
16051
20
18
1563
700
1518
285
16
8588
2943
65
5720
274
344
29753
285
460
700
680
2586
2764
39412
2943
16051
21
18
2586
14233
16
2764
39412
2943
65
341
225
20
352
700
6758
1058
214982
1623
16
225
21
352
700
1518
1058
214982
1623
382
27872
16
352
1450
3083
274
16
539
530
687
52448
1058
214982
1623
344
1833
21820
700
1175
386
8588
2943
65
5720
274
35
41729
16
700
341
277
3591
297
4249
302
16514
4354
18
2209
539
1008
14894
499
700
344
13695
3591
13
304
4550
18
7517
700
19797
499
225
21
304
307
17
21
16
539
530
17208
352
1450
3083
274
16
277
1058
4124
3591
700
20
1207
2764
39412
2943
65
7883
225
21
18
3483
341
16
277
21820
700
1175
386
272
2943
65
297
8588
2943
1807
2209
539
530
17208
5502
30
4214
1058
214982
1623
361
277
1058
18168
2413
297
277
1794
344
20
218853
680
5489
352
4124
3591
700
344
77
499
225
21
304
307
17
21
733
2764
39412
2943
65
351
225
20
592
700
6758
1058
214982
1623
35
8801
592
700
6758
1058
214982
1623
16
1232
277
16514
272
63
20
55327
65
11751
1714
277
1058
18168
35
16473
2292
30
1058
214982
1623
341
277
3591
344
20
218853
13
1207
3083
274
1058
8615
18
1563
4124
3591
700
344
73210
3591
733
8588
2943
65
351
867
2350
63
20
55327
23923
1563
700
351
1058
214982
1623
692
225
21
16
8588
2943
65
4059
272
219358
214982
1623
65
351
274
18
2586
2764
39412
2943
65
352
4124
3591
700
351
1058
214982
1623
15
21
7883
225
21
18
1563
700
6758
1058
214982
1623
16
8588
2943
65
1414
516
2549
274
344
29753
700
17
21
460
1058
214982
1623
680
2586
2764
39412
2943
16051
20
18
2586
277
11960
341
700
6758
1058
214982
1623
6632
225
20
16
700
1518
1058
214982
1623
6632
225
21
18
9177
382
27872
16
352
839
3083
274
16
2764
39412
2943
65
341
265
2672
1154
30
225
20
352
700
297
648
21
16
1058
214982
1623
65
344
359
1058
214982
1623
6743
21
13
306
225
21
352
700
297
648
9060
214982
1623
15
21
16
307
17
21
1807
1563
1058
214982
1623
351
225
20
344
71
8615
468
1058
3083
733
1232
352
700
6743
21
16
2764
39412
2943
16051
21
18
1563
274
386
3042
8615
16
1058
214982
1623
351
307
344
273
69183
733
1232
2764
39412
2943
16051
20
352
616
700
382
29838
16
352
265
2688
3083
699
16
539
530
17208
277
867
302
700
1207
2764
39412
2943
58616
20
6043
30
1850
700
6758
1058
214982
18703
344
359
1058
214982
18703
460
307
680
2586
304
57859
499
50542
108184
39412
49717
1731
402
272
2943
58616
1815
306
2764
39412
2943
58616
20
16
539
530
17208
1682
18703
49717
351
1435
302
700
297
12601
402
272
2943
58616
1815
306
2143
43190
2943
58616
11918
306
700
6758
1058
214982
18703
18
7517
1058
214982
18703
341
3162
344
2043
105464
352
1450
3083
680
2952
16
6035
386
272
2943
58616
1815
306
700
6758
1058
214982
18703
35
1437
1058
214982
18703
341
277
1058
18168
302
699
16
1232
352
700
6758
1058
214982
18703
16
272
2943
58616
1815
341
2731
1094
592
700
1377
1058
214982
18703
35
41729
16
1058
214982
18703
341
265
2413
344
20
218853
680
1563
4124
23864
700
344
8781
436
1472
23864
16
499
225
21
304
307
17
21
733
700
21062
304
3591
700
18
1437
1058
214982
18703
351
285
344
20
218853
733
1232
352
4124
3591
700
351
285
15
21
16
272
2943
65
341
468
3591
700
35
26128
16
272
2943
65
341
277
3083
468
2413
700
344
20
218853
680
2586
592
1058
214982
18703
351
285
16
386
2767
272
55243
65
1377
699
18
5489
352
4124
3591
700
16
272
2943
65
341
277
3083
468
3591
700
18
2586
272
2943
65
1377
699
592
700
1377
285
18
2209
700
19797
499
225
21
304
307
17
21
18
2586
903
341
468
1210
730
700
1207
272
2943
58616
1815
306
700
1377
285
344
359
285
1360
225
21
306
307
17
21
680
2952
16
903
1387
361
4347
53840
302
699
3735
18
1563
700
1518
285
16
2764
39412
2943
58616
21
16
713
724
436
516
297
277
7810
867
18
1563
700
460
285
16
272
2943
65
4273
361
699
1480
699
494
1058
18168
341
468
285
18
2586
14233
16
352
2764
39412
2943
58616
20
16
277
1094
700
402
272
2943
58616
1815
341
11568
700
351
285
592
285
6743
21
306
285
6758
307
17
21
18
2209
5522
16
592
699
8615
4347
3041
16
3735
53840
569
2764
39412
2943
58616
21
16
713
724
436
516
33649
297
7810
867
18
2586
277
867
302
700
402
272
2943
58616
1815
306
2764
39412
2943
58616
20
341
7662
277
1058
18168
302
699
344
359
969
3591
341
1360
225
21
306
307
17
21
680
9405
468
1210
730
3591
5
957
341
265
9019
16491
382
19477
13561
402
2024
30
272
508
92
36714
728
699
2371
93
6627
1058
214982
10429
351
225
22
344
20
218853
680
4124
23864
700
30
225
21
16
22
16
23
18
1563
700
33
21
30
272
63
21
116751
92
747
516
349
18
700
33
22
30
272
63
22
116751
93
747
2764
39412
63
22
128410
8588
63
22
65
351
867
2350
63
20
30
22
6577
351
15572
92
11
7342
2586
489
93
11
516
297
8588
63
22
2315
2764
39412
63
22
16051
20
18
2586
12035
16
700
33
22
95766
18
700
33
23
30
272
63
23
116751
94
747
516
349
18
2586
1094
700
33
22
674
272
2943
58616
1815
306
2764
39412
2943
58616
20
18
1563
699
2371
92
747
1058
214982
8443
33
20
18
5489
4124
23864
700
30
700
33
21
30
272
63
21
116751
92
747
8588
63
21
65
29183
92
57894
2764
39412
63
21
16051
21
344
29753
700
34
9060
214982
8443
680
2586
2764
39412
63
21
16051
21
16
713
516
7810
18
700
33
20
516
4800
18
2586
5023
18
2586
14233
16
352
839
3083
274
16
903
341
468
1210
730
4124
3591
700
344
116199
16
700
351
1058
214982
1623
692
225
21
16
3419
1058
214982
1623
15
21
341
1360
225
21
306
307
17
21
13
1207
2764
39412
2943
58616
20
306
272
2943
58616
71
18
957
73996
16285
3127
27872
16
277
373
1513
6
7817
16
1325
83084
699
16
17045
304
265
867
386
4059
616
700
402
2764
39412
2943
58616
20
306
2143
43190
2943
58616
11918
16
6329
11568
730
3364
3591
1207
272
2943
58616
1815
306
2764
39412
2943
58616
20
18
2209
6035
386
492
3364
3591
2428
361
5101
297
277
12601
420
516
382
38724
16
352
272
2943
58616
1018
16
539
1008
304
1682
1019
592
4953
60821
341
1641
16
689
19877
386
352
700
1518
278
16
2462
341
297
277
4607
1794
468
278
16
713
2764
39412
2943
65
352
2462
341
2837
225
21
344
29753
278
460
700
680
2586
2462
10690
436
516
297
277
7810
867
18
2586
724
436
23626
22560
382
29838
16
1682
81871
351
344
64795
108184
39412
49717
150381
4274
54
65
506
50542
108184
39412
49717
150381
4274
48
17
21
6577
506
344
21
592
12601
5720
277
3364
3591
352
699
306
2764
39412
2943
58616
20
1625
225
20
680
2209
17034
30
461
3364
3591
352
699
341
1094
730
3591
16
1465
411
700
18703
49717
351
1058
214982
18703
692
225
21
344
359
1058
214982
18703
1360
225
20
306
307
17
22
35
41729
16
700
1998
361
1360
225
21
306
307
17
21
16
713
592
1058
214982
18703
15
21
341
1360
225
21
306
307
17
21
24273
680
3483
3591
28446
304
50542
108184
39412
49717
150381
65
1094
592
969
2143
43190
2943
65
1377
2741
18
2586
539
1008
304
57859
411
592
411
15245
297
277
12601
306
969
2143
43190
25782
2741
18
2209
539
530
1060
2292
5502
382
54351
16
352
1682
60821
21695
9767
16
539
1008
304
1682
23864
700
297
12601
402
272
2943
58616
1018
306
2143
43190
2943
58616
11918
18
7517
2462
8615
4347
3041
11568
16
539
1008
304
1682
616
1175
700
16
516
1060
730
18
2952
16
6035
386
352
700
1518
278
16
2462
8615
468
278
306
11568
3735
18
2586
903
1387
361
4347
700
1207
272
2943
58616
1018
18
2209
539
530
687
52448
352
1450
3083
2462
16
16514
44914
302
2143
43190
352
10690
1207
272
2943
58616
1018
18
9405
277
50542
31641
41342
150381
4274
1018
65
539
3402
4800
18
2586
539
530
771
1682
302
2462
10690
402
2143
43190
582
11918
297
277
12601
6697
382
27872
16
6381
16
352
1450
12601
539
530
17208
15667
1347
638
261
2741
351
399
506
22072
203
261
592
2741
460
225
20
420
2741
1518
225
1670
30
96948
351
225
20
203
261
1625
638
348
905
1682
81871
351
4455
898
700
297
12601
302
648
14044
43190
2943
58616
11918
306
2764
39412
2943
58616
20
306
272
2943
166946
1815
65
1041
348
905
7517
2764
39412
2943
58616
20
867
341
4260
304
6132
3874
50542
108184
39412
49717
150381
21265
348
905
149389
592
700
18703
49717
344
359
8654
306
969
2143
43190
582
11918
13
341
297
12601
388
348
2983
81871
351
344
64795
108184
39412
49717
150381
4274
54
65
506
50542
108184
39412
49717
150381
4274
48
17
21
6577
1041
348
592
700
18703
49717
341
516
4628
306
434
6758
700
18703
49717
6758
419
306
2143
43190
2943
18703
49717
65
1377
2741
638
454
2983
81871
19935
225
21
203
348
905
1682
60821
351
344
359
4953
60821
13
1232
344
64795
31641
41342
150381
4274
1018
4274
54
65
506
50542
31641
41342
150381
4274
1018
4274
48
17
21
6577
1625
225
20
203
348
2983
60821
351
225
20
203
348
592
4953
60821
638
454
2983
60821
351
344
64795
31641
41342
150381
4274
1018
4274
54
65
506
50542
31641
41342
150381
4274
1018
4274
48
17
21
7204
348
96948
351
2983
60821
692
2983
81871
300
2608
5522
16
341
903
839
13556
499
272
2943
58616
1815
35
2523
16
2837
225
20
382
14353
16
539
1998
4802
386
352
272
2943
58616
1018
16
277
4550
851
6382
2143
43190
2943
58616
11918
16
697
539
3402
1682
3874
50542
31641
41342
382
8311
16
539
1008
304
4802
386
492
10413
12989
10655
352
616
700
297
277
12601
18
16473
13561
402
387
2024
382
26412
4607
4124
4550
30
4124
2943
65
351
344
14044
43190
2943
58616
79
13
306
2764
39412
2943
58616
20
18
5641
10413
352
699
1794
1325
2312
1196
8138
4124
113737
77
65
396
5047
18
16473
1310
402
265
2164
1690
20488
382
21915
4607
1794
272
16
539
2312
468
278
304
699
18
1563
700
1518
278
16
539
569
4953
60821
5802
13
306
699
103619
5802
13
396
5047
18
5641
11470
4124
113737
77
65
3776
30
344
14044
43190
2943
65
692
22072
1377
399
13
306
344
344
87
2943
58616
1018
306
4953
60821
13
420
344
87
2943
58616
1513
306
2764
39412
2943
58616
20
13
15974
8598
386
539
4746
2549
1690
272
2943
58616
1815
1480
1850
2837
2044
18
6755
16
6035
386
352
272
2943
58616
1018
16
592
4953
60821
2044
16
1232
4124
11
341
2044
18
1563
272
2943
58616
1513
16
1850
2764
39412
2943
58616
20
382
8311
16
341
411
2731
386
352
272
2943
58616
1018
16
1571
592
4953
60821
2044
16
539
1387
2188
569
272
2943
65
516
297
8588
113737
77
128410
2523
16
1480
592
4953
60821
2044
16
1232
2462
341
2188
1831
16
713
272
2943
58616
1018
341
297
8588
113737
77
2315
713
4124
11
2044
18
9177
382
2500
272
2943
58616
1815
16
699
341
2837
1831
16
713
4124
11
2044
382
27872
16
277
4550
5563
4309
382
8311
16
1414
954
27946
10413
12989
1682
700
386
22465
1131
3776
35
1283
1682
638
261
506
1563
2462
30
1094
890
4953
60821
1641
306
2143
43190
2943
58616
11918
388
261
506
1563
852
344
77
3077
1278
516
2462
306
516
699
2738
539
1682
1731
402
2143
43190
2943
58616
11918
306
2764
39412
2943
58616
20
16
689
539
1998
29082
1731
1207
272
2943
58616
1815
344
29753
699
436
2837
2044
680
2952
16
954
2983
81871
396
5047
4059
616
700
402
2764
39412
2943
58616
20
306
2143
43190
2943
58616
11918
16
306
539
57859
277
3364
700
18703
49717
592
411
8654
306
2143
43190
14441
18
2209
436
903
839
852
700
402
272
2943
58616
1815
306
2764
39412
2943
58616
20
28455
700
18703
49717
35
1737
23069
16
352
265
2688
3083
699
16
2764
39412
2943
58616
20
1094
352
700
6758
1058
214982
18703
18
19078
1731
700
16
272
2943
58616
1815
530
1094
4252
468
700
351
1058
214982
18703
15
21
35
41729
16
700
341
277
4124
3591
16
697
25782
277
1472
3591
302
265
10368
18
1563
2764
39412
2943
58616
20
16
539
1008
700
6758
1058
214982
18703
18
2209
272
2943
65
341
277
3083
468
3591
700
18
1563
700
6758
1058
214982
18703
16
277
3591
700
341
2336
936
420
6792
304
277
1058
18168
302
699
18
461
1058
18168
341
468
2413
285
344
20
218853
680
1563
700
6758
285
16
277
3083
468
3591
700
1387
361
699
1094
592
285
1377
700
16
689
285
341
1360
225
20
306
307
17
21
18
1437
285
6743
225
21
16
1232
700
351
285
6632
700
351
285
16
306
2764
39412
55243
65
21062
304
4124
3591
700
351
285
35
26128
16
17034
30
4124
3591
700
10424
499
225
21
304
307
17
21
18
461
1058
18168
2413
285
341
225
20
218853
18
1563
4124
3591
700
16
539
1538
468
272
2943
1807
2586
272
2943
65
1377
699
592
700
1377
285
18
2209
1414
2764
39412
2943
65
1377
225
20
890
700
351
285
35
2764
39412
2943
65
351
344
87
2943
65
297
8588
2943
23923
8588
2943
65
351
867
2350
63
20
55327
23923
7517
700
351
285
16
8588
55243
65
351
867
2350
63
20
67790
17
21
6577
1414
516
2549
272
55243
65
351
699
16
713
2764
39412
55243
65
351
225
20
18
2586
14233
700
351
285
95766
344
359
285
1360
225
21
306
307
17
21
680
1563
700
460
285
16
272
2943
65
4273
361
699
1480
699
21506
13149
4427
18
1563
700
1518
285
16
2764
39412
2943
65
351
225
21
18
2586
14233
16
277
1094
700
402
272
2943
58616
1815
306
2764
39412
2943
58616
20
341
700
351
1058
214982
18703
344
60667
1058
214982
18703
6743
225
21
306
6758
307
17
21
680
2586
1850
265
3225
3591
382
27872
16
2983
81871
351
1435
302
700
297
12601
402
2764
39412
2943
58616
20
306
2143
43190
2943
58616
11918
16
30774
225
21
592
386
3364
3591
341
297
12601
306
969
2143
43190
14441
382
2608
341
411
9433
304
1060
57859
386
730
35
2115
819
277
1690
1207
699
8615
1714
278
35
5489
699
103619
94279
5802
13
341
1641
352
616
700
44862
16
713
699
341
297
8588
113737
77
65
17833
16
689
954
4550
352
4124
11
3402
4060
272
2943
58616
1815
3042
28446
18
2952
16
297
954
27946
16
539
436
27946
2764
39412
2943
58616
20
16
697
352
699
10690
2428
2549
910
23864
592
699
8615
1714
278
35
16473
15698
30
1437
699
8615
1714
278
16
1232
699
103619
94279
5802
13
341
1641
352
616
700
44862
18
2209
2764
39412
2943
65
352
699
10690
30
592
699
8615
1714
278
16
1232
903
341
387
18168
302
699
468
910
2413
285
460
278
18
5489
352
4124
23864
700
1518
278
16
2764
39412
2943
65
351
225
21
1480
8588
2943
65
4059
386
7977
18168
18
2586
352
700
1518
278
16
2764
39412
2943
65
1377
225
21
352
839
700
1207
272
2943
58616
1815
35
3557
13375
30
592
699
8615
1714
278
16
1232
352
700
1518
278
16
8588
2943
65
4059
386
7977
18168
16
713
2764
39412
2943
65
351
225
21
352
616
700
1207
272
2943
58616
1815
35
41729
16
2764
39412
2943
65
10799
3473
272
2943
65
341
297
8588
2943
1807
1437
699
8615
1714
278
16
1232
8588
2943
65
5720
699
344
29753
277
7977
18168
341
297
16514
680
8111
16
352
839
700
1207
272
2943
58616
1815
16
2764
39412
2943
65
351
225
21
18
2586
1175
700
436
516
33649
297
50542
108184
39412
49717
17833
18
2586
954
68993
302
277
3364
3591
341
1094
6964
890
699
8615
1325
278
344
77
3077
1278
1058
214982
18703
1518
278
680
8801
592
699
8615
1714
278
16
1232
277
3364
3591
344
9060
214982
18703
15
21
13
2428
361
6758
278
35
16473
2292
30
592
699
8615
1714
278
16
1232
1058
214982
18703
460
278
18
5489
277
3591
700
351
1058
214982
18703
15
21
341
6758
278
18
2209
954
700
2783
341
700
1518
278
16
713
386
3591
341
516
297
954
12601
344
29753
539
1094
1994
700
1518
278
680
2586
539
1907
1008
304
57859
4907
1480
386
3591
341
5536
277
12601
18
2952
16
1387
903
361
2484
700
1518
278
1207
272
2943
58616
1815
306
2764
39412
2943
58616
20
35
1437
699
8615
1714
278
16
1232
2764
39412
2943
65
341
225
21
352
839
700
1518
278
1207
272
2943
58616
1815
16
1480
8588
2943
65
3402
5720
699
18
2586
840
18
2586
277
1094
1690
1207
539
1008
304
57859
341
890
699
8615
1325
278
306
969
1058
18168
341
468
2413
285
1518
278
16
306
277
4124
3591
700
351
285
15
21
341
1518
278
18
610
386
1690
16
386
700
341
297
954
12601
306
2764
39412
2943
58616
20
16
306
272
2943
58616
1815
16
306
539
1998
29082
411
499
2983
81871
1480
411
1414
516
11274
344
29753
272
2943
58616
1815
680
2586
954
68993
302
277
3364
3591
13823
7662
386
1690
382
27872
16
2983
81871
10413
4229
382
8311
16
539
851
1008
304
1994
592
699
1377
2462
35
1437
539
2312
304
277
1656
3083
16
1850
265
840
40645
16
697
539
530
18486
1480
411
7258
3764
48112
18
2586
539
1094
1994
699
2308
2462
382
8311
16
539
851
1008
304
5203
277
4124
468
2413
278
5513
18
461
2312
530
3910
4124
468
278
18
1283
1008
304
17208
3473
903
341
265
4124
468
278
297
277
699
1794
18
957
10549
366
2454
10887
35950
65
344
8781
341
277
867
302
8210
297
277
1843
10368
1714
5993
278
13
306
277
699
3083
274
382
2110
530
687
52448
2454
10887
352
1450
2413
278
18
2454
10887
35950
65
341
277
867
302
8210
297
277
1843
10368
468
2413
278
344
10384
5993
272
35950
23923
1283
530
17208
492
498
85242
277
4607
1343
3984
382
98908
16
37687
277
4607
1343
638
261
3285
7826
351
867
1653
261
1472
351
225
20
203
261
1563
19086
499
225
20
304
307
17
21
638
1426
592
272
37597
65
516
297
3285
7826
306
6441
58539
7826
13
1377
399
638
454
905
4124
1714
19086
16
1472
699
10368
468
19086
203
454
1472
351
19086
203
454
3285
7826
351
391
87
37597
49997
1426
1625
638
454
3285
7826
3352
2350
37597
7204
261
957
6632
471
277
867
302
277
1843
10368
468
1450
3591
35
2209
539
1008
2454
10887
35950
65
5047
396
277
867
1714
5993
3083
468
278
18
3092
277
1472
302
5993
2413
278
16
277
1843
10368
494
867
341
277
867
302
8210
297
277
1843
10368
499
277
1472
302
386
10368
778
304
278
17
21
18
2586
539
530
17208
387
4173
3285
7826
64344
35950
65
352
278
499
225
20
304
307
17
21
16
1207
3285
7826
64344
63
20
65
351
867
581
344
9915
680
5489
1325
5993
1450
3083
16
539
4430
18
2952
16
6035
386
3285
7826
64344
35950
65
341
277
867
1325
5993
278
17
21
344
77
3077
1278
1714
5993
278
680
1283
530
17208
498
85242
1375
261
3285
7826
351
867
1653
261
352
278
297
2783
4020
2407
1426
3285
7826
64344
35950
65
351
3285
7826
28277
581
225
905
867
468
2413
278
1714
5993
272
35950
1391
1426
592
272
35950
65
516
297
3285
7826
306
6441
58539
7826
13
1377
399
638
2613
905
4124
16
1472
699
10368
468
278
203
2613
3285
7826
351
391
87
35950
49997
1426
1625
638
2613
3285
7826
3352
2350
35950
25226
2608
17034
30
610
277
15376
16
890
539
13530
265
3083
386
7815
265
4124
16
539
1472
265
699
10368
468
386
3083
16
306
277
699
10368
494
867
15528
341
1060
386
3083
18
2586
1325
5993
386
3083
16
3285
7826
7883
391
87
35950
65
7342
1563
277
2475
2413
278
15
21
16
3285
7826
64344
35950
15
21
65
1196
361
386
867
344
29753
1850
277
867
302
277
1843
10368
468
277
1472
302
5993
278
15
21
680
2586
277
2946
9284
4229
30
468
1450
278
16
539
3006
277
867
1714
5993
272
35950
2315
1232
4430
3285
7826
2387
366
3473
265
4124
9848
18
2952
16
539
1998
4802
386
1325
5993
272
35950
2315
3285
7826
22239
277
867
302
277
10368
386
4059
272
35950
65
344
359
840
4124
13
420
277
699
10368
494
867
344
359
4124
680
957
14441
277
15376
382
27872
16
539
530
17208
2454
7826
35950
65
351
3285
7826
64344
35950
65
352
1450
278
382
8311
16
352
265
2312
468
278
304
699
3083
274
16
539
1008
304
5827
592
265
4124
9848
468
278
18
461
4550
352
4124
468
278
297
277
699
1794
341
638
261
506
2454
7826
35950
65
674
2287
399
388
261
506
274
516
297
2454
7826
35950
15032
2558
4124
9848
16
1232
277
699
867
352
2413
278
15
21
341
391
71
7342
1437
840
4124
16
1232
277
699
867
352
278
15
21
341
2454
7826
35950
65
93970
391
71
97
344
956
6035
386
592
2454
7826
35950
65
2287
460
399
16
539
919
274
31
592
2454
7826
35950
65
2287
1377
399
306
274
297
2454
7826
35950
2315
1232
840
4124
306
867
30628
2454
7826
35950
11294
592
2454
7826
35950
65
2287
1377
399
306
274
516
297
2454
7826
35950
2315
1232
4124
680
2586
4924
10358
382
27872
16
539
530
17208
4124
9198
1615
351
225
21
592
344
4448
45010
7826
35950
6577
1377
399
306
274
516
297
2454
7826
35950
6577
1625
225
20
382
8311
16
1325
5993
278
16
277
4381
867
352
277
35758
344
73210
468
278
15
21
13
341
638
261
592
4124
9198
1615
30
330
20
351
391
71
732
261
1625
30
330
20
351
2454
7826
35950
65
93970
391
71
97
344
956
539
1998
4802
386
592
2454
7826
35950
65
2287
460
399
306
274
8696
3402
297
16
1850
1060
2454
7826
35950
65
93970
391
71
97
697
874
569
2287
6758
399
31
592
2454
7826
35950
65
2287
1377
399
306
274
297
2454
7826
35950
2315
1232
867
351
2454
7826
35950
11294
1625
4124
2570
2110
851
1008
304
1994
386
592
539
2312
277
3083
16
277
2454
7826
35950
65
8320
277
1656
1480
1850
2387
366
4607
8210
1714
278
18
2586
539
530
17208
1131
382
8311
16
277
2983
1435
302
48112
1325
2312
341
638
261
48112
11
351
344
20128
48112
778
304
278
17
21
13
692
344
13695
9198
1615
2265
225
21
804
225
20
13
692
344
5686
302
20789
297
35758
499
278
15
21
101037
2688
4381
867
330
20
2570
2608
17034
30
461
4607
48112
778
304
278
17
21
436
277
20789
386
11566
468
23864
460
278
297
277
4607
15376
18
2952
16
436
1731
20789
23276
304
4317
277
1656
1325
2312
35
1563
700
460
278
16
277
1343
341
74224
1480
277
16514
1714
278
341
38750
306
277
20789
468
700
460
278
5086
1094
366
8210
1714
700
16
697
436
38750
18
6755
16
277
1889
468
278
1714
2312
341
2454
7826
35950
2315
697
341
38750
18
2586
12035
16
20789
352
700
460
278
4317
277
1656
18
2586
539
530
17208
2983
94279
1623
7566
351
4455
1242
77
33
21
6165
82
17
21
97
4124
108184
2943
65
344
273
539
530
17208
2983
4607
48112
351
225
21
692
386
680
16473
27967
2983
108184
222888
351
225
21
692
4455
4124
108184
2943
1807
2209
539
1008
277
1435
302
48112
16
516
20789
18
2952
16
1850
8392
304
831
402
20789
306
1232
919
225
21
468
277
1169
18
7517
539
436
8362
297
6756
48112
16
539
530
17208
2983
48112
351
225
21
692
2983
1623
7566
18
27969
17208
2983
1623
7566
1325
2312
306
919
225
21
382
2608
17034
30
461
20789
1682
4059
616
23864
700
1207
265
699
10368
10626
18
461
2983
1435
302
17158
351
225
21
692
1435
302
20789
18
2586
539
530
17208
2983
1623
7566
11
306
1232
3032
351
225
21
692
2983
1623
7566
28080
8311
16
539
530
17208
2983
1623
7566
11
396
638
261
2983
1623
7566
11
351
344
5686
302
20789
352
700
460
278
13
692
4124
9198
1615
692
344
5686
302
20789
297
35758
499
278
15
21
2688
330
20
2570
669
1435
302
20789
352
700
460
278
341
1060
4455
1242
77
33
21
6165
84
17
21
97
4124
108184
2943
65
344
359
278
19105
21
680
1563
278
33
20
16
903
436
840
20789
1714
278
18
2586
539
530
687
52448
16514
4455
302
20789
30
4124
34727
2943
65
351
1435
302
20789
402
3591
6758
700
18
5489
20789
1714
278
351
4124
34727
35950
17
21
65
344
5324
278
17
21
6743
20
680
27969
5203
18758
382
8311
16
539
1008
304
17208
1435
302
20789
297
35758
499
278
15
21
2688
4381
867
330
20
18
957
341
277
1210
14114
766
16
689
539
5752
304
17208
411
19792
1347
277
12601
1557
4546
2946
16
1207
539
2489
277
35758
499
278
15
21
396
265
6917
302
10690
700
351
278
15
21
16
278
15
22
16
69585
307
17
21
344
13695
23864
680
1563
1450
1175
700
16
539
1008
304
5827
4124
113737
77
65
2387
366
277
2312
344
8781
341
6842
278
306
274
680
1283
569
265
1557
304
17208
4124
113737
77
65
352
1450
700
16
306
539
530
4455
1019
898
700
1347
277
12601
34172
306
16514
44914
382
27872
16
277
6381
8860
1375
21
18
4421
8896
277
4607
1794
272
302
4354
307
388
261
506
42379
16514
30456
35
3557
4494
31
539
1008
2143
43190
2943
65
352
700
33
21
568
82
17
21
306
2764
39412
2943
1807
1283
530
17208
1131
498
85242
277
70876
1343
304
771
2143
43190
306
2764
39412
35
41729
16
2143
43190
2943
65
351
189125
99512
2943
6577
1207
8588
2943
65
341
867
302
8210
297
272
63
20
55327
1807
957
530
361
19377
498
25354
306
14140
265
5206
8588
306
9746
1682
18
9405
4260
388
261
506
42379
2764
39412
2943
65
351
344
87
2943
65
297
8588
2943
152446
261
506
42379
4607
88201
2943
65
351
344
14044
43190
2943
65
1377
399
13
306
344
31061
39412
2943
65
1377
225
20
680
6755
17208
16514
4455
302
20789
30
4124
34727
2943
65
352
700
499
225
20
304
307
17
21
344
5324
4124
34727
63
20
16051
20
352
700
33
20
35
27969
8483
4173
4124
9198
9559
302
4354
307
344
1943
700
33
20
568
82
17
21
13
1207
4124
9198
9559
2943
65
341
225
21
592
903
341
265
4124
468
1472
3591
700
35
41729
16
4124
23864
700
499
225
21
304
307
17
21
4850
304
1472
302
10368
468
700
18
1283
530
4793
387
4173
4124
2943
65
352
700
33
21
568
82
17
21
18
1563
22209
16
539
530
569
387
4173
4124
9198
2943
65
352
700
499
225
20
304
307
17
21
16
1207
4124
9198
2943
65
351
225
21
592
265
699
10368
10626
468
700
344
77
34
20
680
27969
569
4124
9198
63
20
65
351
225
20
344
1612
4124
468
1472
680
5489
16514
4455
4124
34727
2943
65
351
4455
1242
78
33
21
6165
77
97
4124
9198
13478
128410
27969
8483
9222
3735
382
261
506
42379
2454
7826
35950
65
352
1450
2413
278
344
20
218853
680
957
341
277
867
302
8210
297
277
1843
10368
1060
1714
5993
272
35950
1807
1737
4546
16
37687
277
4607
1343
306
3006
3285
7826
1714
1450
3083
382
22
18
4421
52448
2475
18168
26081
638
261
506
2475
214982
31641
63
1670
4274
82
65
8696
396
265
1568
302
2475
23864
352
1450
3083
499
1450
2413
18
1283
530
17208
387
4173
2475
17364
63
1670
4274
82
15
21
65
1207
2475
17364
202384
4274
77
65
351
2475
3591
6743
700
1207
3083
466
8615
344
273
307
592
5023
680
957
530
361
6120
498
25354
499
1503
382
23
18
4421
52448
1058
18168
352
1450
3083
30
1058
214982
202384
65
351
1058
3591
344
20
218853
13
1207
466
8615
16
420
307
592
3042
382
24
18
4421
52448
16514
44914
352
638
261
506
1563
1450
2143
43190
1333
282
344
20
568
1670
733
387
4173
50542
108184
39412
49717
54442
65
302
4354
307
344
1943
23864
700
33
21
568
82
17
21
680
27969
8483
26081
36423
498
700
344
21
568
82
17
21
680
27969
851
1008
304
5203
700
499
225
20
304
307
17
21
35
1563
33669
16
539
530
2299
26081
302
4354
307
344
1943
23864
225
20
568
82
17
21
13
689
6035
386
4124
23864
700
1472
499
225
21
18
1283
530
1060
2299
26081
302
4354
307
344
20
568
82
17
21
13
306
911
3591
700
344
20
218853
13
304
3087
277
4124
3591
700
18
1563
700
33
20
16
539
7258
911
411
1480
903
341
840
4124
468
225
20
18
2209
352
16514
44914
16
539
530
569
26081
302
4354
307
344
20
568
82
17
21
13
306
8483
386
352
700
33
20
16
277
2911
436
225
20
18
5489
352
265
2783
648
48
36625
65
344
156055
13
302
4124
23864
16
539
530
17208
4455
1347
16514
86482
17
21
65
306
16514
75327
65
402
6527
57143
18
27969
361
17034
382
261
27969
8483
638
348
307
351
6441
2350
465
348
2143
43190
351
648
20
21018
82
261
905
352
700
499
225
20
304
307
17
21
16
2143
43190
2943
65
21062
304
8588
2943
128410
2209
8588
2943
65
341
16514
4354
700
18
1563
4124
3591
700
344
6373
302
10368
468
700
733
539
1008
2143
43190
2943
65
1207
700
341
277
3591
35
41729
16
4124
4550
5119
700
344
1833
1472
3591
680
2586
539
1008
2143
43190
2943
65
352
700
499
225
21
304
307
17
21
18
1283
530
8483
387
4173
2143
43190
12957
88201
302
4354
307
344
2640
700
13
1207
2143
43190
12957
88201
2943
65
351
189125
99512
2943
6577
352
700
499
225
20
568
82
18
2209
8588
2943
65
674
4354
700
18
1563
700
33
20
16
8588
63
20
93755
7342
1563
700
499
225
21
304
307
16
8588
2943
65
351
867
2350
63
20
55327
23923
461
4124
468
1472
3591
700
5119
8588
2943
1807
2586
539
1008
2143
43190
2943
65
352
700
499
225
21
304
307
17
21
18
2586
539
530
17208
387
4173
2143
43190
2943
65
352
700
33
20
568
82
344
4271
700
341
16514
4354
680
5489
352
4124
3591
700
344
6373
468
700
733
539
911
2143
43190
2943
1807
27969
2299
387
4173
2143
43190
34727
302
4354
307
15
21
16
1207
2143
43190
34727
2943
65
351
189125
99512
2943
6577
352
700
499
225
20
568
82
18
5489
4124
23864
4850
304
700
499
225
21
304
307
17
21
16
1347
2143
43190
34727
2943
15032
261
22041
16
2764
39412
2943
65
352
4124
3591
700
344
77
499
225
21
304
307
17
21
13
341
344
87
2943
65
297
8588
2943
6577
351
344
14044
43190
34727
2943
65
4059
272
2943
65
3422
680
1283
530
17208
2764
39412
2943
65
396
265
6543
382
261
5489
539
530
2077
16514
44914
898
700
499
225
21
304
307
17
21
382
261
1563
22209
16
13210
2299
26081
302
4354
307
344
1943
23864
225
21
568
82
17
21
680
16473
2299
14215
302
4354
307
15
21
344
20
568
82
13
306
1232
911
24433
382
261
27969
17208
638
348
2143
43190
351
648
20
197693
82
15
21
465
348
2764
39412
351
648
20
197693
82
15
21
13
225
905
225
20
420
225
21
16
352
700
499
225
20
568
82
16
689
1094
700
19105
21
1161
203
348
4124
108184
351
648
20
197693
82
15
21
13
261
905
4124
468
700
16
700
499
225
21
568
82
17
21
300
261
27969
7376
2143
43190
63
20
16051
20
388
261
3285
23538
351
225
20
203
261
352
700
297
2783
12
21
16
307
15
21
2407
348
466
351
6068
2350
2943
17
21
6577
506
6068
984
69
3566
348
3285
23538
24658
344
21
3492
466
465
348
2143
43190
2943
65
351
11897
58539
23538
680
8227
984
21
3015
225
905
689
539
530
4680
265
7323
304
361
7434
30
9746
8962
4284
225
21
592
344
11978
23538
764
344
21
1408
329
1149
1377
225
20
1625
225
20
18
27969
589
386
382
261
5489
17208
2764
39412
2943
65
352
700
499
225
21
304
307
17
21
638
348
466
351
6068
2350
2943
6577
506
6068
984
69
3566
348
2764
39412
2943
65
351
225
21
592
344
11978
23538
9198
7193
4059
466
13
1625
225
20
18
2209
3285
23538
9198
7193
341
8588
2943
65
344
22542
4354
700
680
1283
530
17208
2764
39412
366
277
12643
1706
25354
382
261
27536
16
539
530
17208
2143
43190
306
2764
39412
3728
498
25354
306
14140
265
867
420
8588
382
261
7517
307
341
225
622
66
24
16
539
530
17208
2143
43190
2943
65
6043
382
261
16473
589
638
348
8588
351
225
20
203
348
2143
43190
351
648
20
197693
82
15
21
465
348
2143
43190
63
20
65
351
225
20
203
348
352
700
297
2783
12
21
16
307
15
21
2407
454
466
351
6068
2350
2943
17
21
6577
506
6068
984
69
3566
454
8588
24658
344
21
3492
466
465
454
2143
43190
2943
65
351
2143
43190
2943
17
21
65
692
344
21
592
344
24986
764
344
21
1408
329
1149
1377
344
21
1408
329
13
1625
225
20
13
905
689
31420
30
1060
17208
11897
99512
680
8227
984
21
3015
1450
845
35
9405
504
12
1670
13
621
700
16
2983
225
15316
79
16
6772
18
27969
589
386
352
28401
382
261
2209
539
851
1008
2764
39412
2943
65
352
700
499
225
21
304
307
17
21
18
1283
530
17208
1325
539
569
8588
352
1450
700
382
261
27969
17208
387
4173
2764
39412
302
4354
307
15
21
344
2640
700
680
1563
700
499
225
21
304
307
638
348
466
351
6068
2350
2943
17
21
6577
506
6068
984
69
3566
348
905
2764
39412
352
4124
468
700
35
41729
4124
468
700
5119
272
2943
65
344
359
700
460
307
680
2586
539
1008
2764
39412
2943
65
352
700
33
21
568
82
17
21
16
697
341
3473
272
2943
65
297
8588
2943
1807
1283
530
17208
8588
2943
65
352
1450
700
16
1232
352
1450
700
499
225
21
304
307
17
21
16
2292
272
2943
65
297
8588
2943
15032
261
1283
530
17208
8588
4173
302
4354
307
15
21
30
8588
2943
65
351
8588
2943
17
21
65
367
344
21
3492
344
567
2350
2943
17
21
239155
1819
12319
261
5489
2143
43190
2943
65
351
11897
99512
2943
23923
8227
984
21
205285
261
5489
352
700
499
225
21
304
307
17
21
638
348
466
351
6068
2350
2943
6577
506
6068
984
69
3566
348
2764
39412
2943
65
351
225
21
592
344
24986
2943
65
6656
466
13
764
225
21
1625
225
20
300
261
1533
4124
108184
2943
65
351
225
21
592
344
14044
43190
2943
65
1377
399
13
306
344
31061
39412
2943
65
1377
225
20
13
1625
225
20
382
261
27969
851
17208
16514
4455
302
20789
30
4124
34727
2943
65
352
700
499
225
20
568
82
16
1207
4124
34727
2943
65
351
4455
1242
78
33
21
6165
77
97
4124
108184
13478
65
344
5324
4124
34727
63
20
16051
20
680
2586
539
530
569
387
4173
4124
34727
302
4354
307
15
21
382
261
11615
16
17208
2454
7826
35950
65
352
1450
278
499
225
20
304
307
17
21
18
27969
37687
277
4607
1343
1375
348
3285
7826
351
867
1653
348
2454
7826
351
648
9055
21018
82
225
905
1450
642
361
265
14004
97666
305
420
30208
35
27969
4793
396
265
250584
11795
344
29753
34481
225
1670
680
9405
717
7434
388
348
352
278
297
2783
4020
2407
454
2454
7826
35950
65
351
3285
7826
261
905
396
265
250584
35
41729
3285
7826
341
265
867
302
8210
18
1283
530
4793
396
387
11795
250584
388
454
466
351
6068
2350
35950
6577
506
6068
984
69
3566
454
592
466
516
297
3285
7826
306
6441
58539
7826
13
1377
399
638
615
905
4124
468
278
203
615
3285
7826
351
391
329
732
454
1625
638
615
3285
7826
3352
30400
465
454
2454
7826
35950
65
341
867
1714
5993
278
18
27969
4793
396
265
250584
35
1283
530
4793
396
387
11795
8588
15739
277
867
18
27969
1008
304
2292
20050
6697
18
2586
539
530
4680
3285
23538
396
11795
18
3092
1450
278
16
1714
5993
272
35950
2315
539
3006
2454
23538
351
3285
23538
18
5489
1325
5993
16
539
4430
3285
23538
25764
638
615
592
344
344
11978
23538
6656
466
13
764
225
21
2339
1377
225
20
306
2143
43190
58539
23538
13
1377
399
638
828
905
4124
16
699
8588
351
225
21
1408
329
203
828
3285
23538
351
225
21
3492
466
203
615
1625
638
828
3285
23538
24658
344
21
3492
466
994
348
2586
2454
23538
35950
65
351
3285
23538
1714
5993
272
35950
15032
261
27969
17208
387
4173
2454
23538
302
4354
307
382
261
27969
851
1008
304
17208
277
1435
302
9746
8210
297
2454
23538
30
189125
382
261
957
15376
851
6632
471
277
4607
20789
35
1283
1387
851
17208
4124
108184
499
492
15376
16
689
539
3402
19377
499
16514
30456
18
2952
16
6035
386
277
4124
108184
2943
65
19377
499
16514
30456
1196
4475
277
15376
18
1283
530
4835
18400
420
1060
17208
730
1557
18
27969
17208
2454
23538
3874
15376
16
306
851
17208
4124
108184
3874
16514
30456
352
24957
18
461
2454
23538
15376
341
4494
352
4124
9198
1615
17556
382
261
6013
16
539
1008
16514
44914
352
638
348
506
1563
1450
282
297
225
20
568
1670
16
50542
108184
39412
49717
54442
4274
77
65
351
1435
302
23864
477
297
648
21
16
700
65
344
77
24273
13
1175
386
2143
43190
13478
65
1377
282
306
2764
39412
13478
65
1377
225
20
388
348
506
1563
1450
3083
274
344
20
568
948
13
306
1450
282
297
225
20
568
1670
16
50542
31641
41342
54442
4274
71
4274
77
65
351
1435
302
23864
477
297
648
21
16
700
65
1175
386
272
13478
65
1377
274
306
2143
43190
13478
65
1377
282
388
348
506
6755
16
539
2428
1008
50542
31641
41342
54442
4274
71
4274
77
65
352
2462
306
699
8210
18
7517
2462
306
699
8632
621
2312
16
13210
911
1131
16514
44914
382
261
1283
851
1008
304
1287
352
1450
3083
274
16
1058
214982
1623
344
20
218853
680
27969
17208
1058
214982
4173
302
4354
225
1670
16
23939
304
307
18
5489
352
19086
297
2783
4020
2738
466
351
6068
2350
37597
239155
1819
31
592
1058
214982
202384
65
1377
307
30
1058
214982
202384
65
351
19086
382
261
6755
16
539
1008
2475
18168
26081
30
2475
17364
202384
4274
77
65
352
700
499
225
20
568
82
18
27969
17208
2475
17364
396
265
225
22
40
1568
302
2287
225
1670
1150
344
82
15
21
680
1563
1450
466
16
539
530
23939
2475
17364
202384
4274
82
65
351
307
18
5489
13325
499
307
17
21
1652
304
225
20
638
348
352
466
297
2783
12
1670
2407
454
2475
17364
202384
4274
77
65
351
2475
17364
202384
4274
77
15
21
65
592
700
15
21
460
307
1625
307
203
454
592
466
21062
304
272
2943
128410
41729
16
539
1008
2475
17364
352
1450
3083
19423
18
2586
539
530
569
265
225
22
40
1568
1207
2475
17364
202384
4274
77
65
341
277
2475
3591
6743
700
1207
3083
466
9848
18
1283
530
17208
498
352
1450
466
16
25354
499
1503
306
10868
2009
4156
18
7517
225
1670
25208
341
2164
16
539
530
589
1375
348
2475
17364
351
10434
82
197693
82
15
21
13
352
1447
297
2783
12
1670
9445
348
352
466
297
2783
12
1670
2407
454
205454
351
307
203
454
352
700
297
2783
4020
17
21
16
506
21
16
506
21
2407
615
592
6068
2350
2943
6577
506
6068
984
69
3015
1377
466
638
828
205454
351
700
203
615
2475
17364
202384
4274
77
65
351
205454
300
261
957
6632
2475
17364
202384
4274
77
65
351
2475
3591
6743
700
1207
466
8615
344
273
307
592
5023
680
8598
30
2475
17364
202384
4274
77
65
6714
277
3591
700
344
20
218853
13
1207
466
8615
18
1563
954
9160
16
539
1008
2475
18168
1325
278
344
77
3077
1278
6743
278
15
21
680
2586
539
530
911
2475
17364
202384
4274
84
15
21
15032
261
1283
851
1008
11075
214982
352
1450
3083
468
1450
2413
35
3557
27807
4778
352
22302
592
539
569
2475
17364
18
1563
4953
60821
5802
733
539
1008
304
1287
592
2462
8615
1714
278
18
1283
530
2292
592
2475
17364
63
1018
4274
20
65
6758
278
17
21
35
41729
16
539
1008
304
1287
592
903
341
839
18168
302
2462
297
648
20
16
278
17
21
1807
3483
341
11104
304
2475
17364
63
1018
4274
20
65
6758
278
17
21
18
2209
539
530
851
687
52448
387
4173
674
64344
35950
4274
329
128410
3557
4494
18
1563
265
2688
278
306
2462
16
539
530
17208
674
64344
351
344
9060
214982
63
1018
65
460
278
13
420
344
8831
17364
63
1018
4274
84
65
460
307
306
2475
17364
63
1018
4274
84
65
460
278
35
41729
16
2475
17364
63
1018
4274
84
65
6632
277
2475
18168
468
420
1325
278
18
1437
2475
17364
63
1018
4274
84
65
1377
278
344
77
3077
1278
272
35950
58616
1018
13
1232
4924
277
1843
2413
16
689
539
1008
53840
1714
278
18
2586
539
530
2292
592
903
341
839
18168
302
2462
297
648
20
16
278
17
21
65
498
15990
592
1058
214982
63
1018
65
460
278
18
8801
592
2462
8615
14882
1714
278
16
1232
1058
214982
63
1018
65
460
278
18
2952
16
1065
592
2462
8615
1094
1325
278
35
5489
1058
214982
63
1018
65
1518
278
420
351
307
18
2586
539
530
911
1058
214982
63
1018
65
460
278
304
9371
7135
1714
278
18
2209
1065
592
2462
8615
1804
1714
306
1325
35
1058
214982
63
1018
65
2188
460
278
18
2586
4924
6772
18
2586
539
530
17208
638
348
2462
64344
1615
351
344
9060
214982
63
1018
65
460
278
465
261
2209
17034
30
1058
214982
63
1018
65
2428
361
6743
307
344
359
3042
8615
680
5489
2462
64344
1615
341
2044
382
261
2952
16
539
851
1008
304
1287
2475
18168
1325
278
304
5827
4953
60821
5802
680
1283
530
911
2475
17364
63
1018
4274
84
15
21
65
304
771
277
2475
18168
1325
278
18
1437
386
341
307
16
1232
840
18168
1325
278
18
5489
4953
60821
5802
13
341
1641
592
2462
64344
1615
341
2044
344
29753
840
18168
1714
306
840
1325
680
1437
2462
64344
1615
341
1641
16
1232
4953
60821
5802
13
2044
352
616
700
44862
1480
903
341
387
18168
1714
278
16
713
2462
341
2837
1831
382
261
2586
539
530
17208
638
348
2462
64344
1615
351
344
9060
214982
63
1018
65
460
278
465
348
2462
33027
351
2475
17364
63
1018
4274
84
15
21
65
261
905
2475
3591
1518
278
402
2462
16
420
307
592
5023
382
261
5489
352
700
1518
278
638
348
4953
60821
5802
13
351
344
1876
2462
64344
1615
13
306
344
1018
33027
1377
307
420
2462
33027
6743
700
994
261
957
58317
35411
621
23487
1058
214982
352
2462
297
277
12601
34172
16
396
539
530
17208
277
11960
2462
33027
382
261
1563
699
103619
94279
5802
2407
348
699
64344
1615
351
344
9060
214982
115681
65
460
278
465
348
699
33027
351
2475
17364
115681
4274
84
15
21
65
592
699
2308
2462
35
41729
16
592
699
1377
2462
16
18486
18
1437
699
2308
2462
638
454
592
699
64344
1615
638
615
699
103619
94279
5802
13
351
7143
352
616
700
44862
388
454
1625
638
615
699
33027
351
2475
17364
115681
4274
84
15
21
65
261
905
1058
18168
1325
278
203
615
352
700
1518
278
30
699
103619
94279
5802
13
351
7143
592
344
1815
33027
460
307
306
700
1518
699
33027
13
1625
8077
35
41729
16
4550
30
699
103619
94279
5802
13
341
1641
592
699
341
297
4607
16514
778
304
700
17
21
18
1437
699
64344
1615
341
2044
16
1232
277
1058
18168
302
699
341
468
699
33027
344
8781
1387
361
307
680
5489
352
700
1518
278
16
699
103619
94279
5802
13
351
344
1815
33027
460
307
306
700
1518
699
33027
680
8801
592
700
6758
699
33027
16
1232
699
516
4427
5101
18
2586
638
828
699
103619
94279
5802
13
351
344
1815
33027
460
307
13
306
344
77
1518
699
33027
465
348
1437
699
64344
1615
1641
16
699
103619
94279
5802
13
351
7143
382
261
2586
22302
436
5047
498
1131
51712
382
261
6013
16
539
851
1008
304
17208
4124
9198
1615
18
3483
6382
2454
23538
35950
65
344
8781
539
569
13
306
699
3083
274
382
261
5489
539
1008
304
17208
1435
302
20789
297
35758
499
278
15
21
2688
330
20
18
27969
911
277
12601
1557
4546
16
1347
16514
44914
352
2764
39412
49717
306
1585
41342
382
261
2952
16
539
1998
361
17034
30
461
22302
436
898
4124
23864
700
499
278
15
21
304
307
17
21
18
1563
1450
12601
16
539
17208
15667
396
4546
18
2209
539
851
1008
304
4802
386
539
12989
2698
352
277
4381
867
330
20
18
610
954
62582
302
4124
113737
77
65
352
700
44862
16
539
16334
386
277
2454
867
1714
5993
700
341
277
867
386
16312
499
5993
616
3733
8210
344
15519
277
2312
468
278
680
957
341
7662
277
1889
386
1011
361
6202
498
85242
499
278
15
21
402
4381
867
330
20
18
5641
4550
352
4124
113737
77
65
11470
499
277
1343
1196
361
4080
352
839
330
20
35
26128
16
539
11470
4124
113737
77
65
2387
366
277
2312
468
278
306
277
1689
386
2454
7826
35950
65
341
277
4607
867
1714
278
18
2209
1325
2312
16
277
867
81086
3308
304
277
699
3083
18
5641
3360
302
4124
113737
77
65
352
700
44862
1161
277
1689
386
277
1094
3393
304
277
16514
8023
400
7193
11
2423
499
277
2312
468
278
18
3483
341
4309
15470
302
330
20
35
41729
16
330
20
341
277
867
1325
5993
278
18
2209
954
62582
302
4124
113737
77
65
297
4249
302
4953
60821
5802
733
699
103619
94279
5802
733
306
2764
39412
2943
65
16334
386
277
16514
867
400
7193
11
341
11470
499
4607
8588
2943
65
402
17979
2920
304
2312
468
278
18
957
62582
1645
516
10987
4907
819
330
20
31
1850
2387
21289
366
277
2312
468
278
306
277
4607
1794
18
2952
16
341
411
4080
890
330
20
341
516
5207
2454
7826
35950
65
93970
391
71
97
420
391
71
105323
3483
341
7662
1065
330
20
341
18
461
1889
1325
5993
278
341
7152
498
4124
9198
1615
306
2454
7826
35950
65
306
274
18
2209
954
3360
302
4124
113737
77
65
352
700
44862
1161
277
1689
386
277
16514
867
400
7193
11
344
1833
867
302
8210
297
272
63
20
55327
6577
341
11116
1094
498
277
2312
468
278
18
3483
341
1641
15470
302
1065
277
1343
1414
1325
278
31
277
16514
867
400
7193
11
341
5047
21289
498
277
8210
297
10690
225
20
568
77
17
21
1325
277
2312
18
7517
539
6816
1094
272
35950
2315
400
7193
11
341
7662
277
4607
16514
867
400
7193
402
277
20969
468
278
18
2586
954
3360
302
4124
113737
77
65
2387
366
4953
60821
306
699
103619
341
4080
352
839
700
44862
16
7821
302
277
1889
330
20
18
2952
16
4124
113737
77
65
851
10549
366
277
1889
302
277
1843
10368
468
277
845
539
6018
700
16
697
341
516
5207
7152
498
400
7193
58283
26128
16
341
4124
113737
77
65
7152
21289
498
400
7193
11
306
272
2943
128410
610
277
4607
1343
16
4124
468
700
341
7152
498
277
867
302
277
1843
10368
16
697
341
277
867
302
8210
297
277
10368
2650
277
2009
4124
18
3483
867
341
516
13375
6792
304
400
7193
149348
1563
2024
16
1994
4607
1794
373
377
728
399
33
21
18
400
67
22
351
867
2350
63
20
30
22
6577
351
15572
69
3949
70
57894
689
277
1843
10368
1714
5993
3591
225
22
35
41729
16
4124
23864
436
1472
23864
18
610
277
4607
1343
16
539
1011
4124
468
700
33
21
1480
35
16473
17208
30
272
508
377
728
399
33
21
18
9583
30
1472
468
225
20
16
867
1801
7342
9583
272
63
20
116751
69
3026
867
1801
69
7342
9583
272
63
21
116751
70
3026
2650
489
70
11
516
297
867
306
867
2287
33
21
582
79
16
4124
1714
272
63
21
2315
713
699
10368
10626
468
225
21
18
2586
4124
468
700
33
21
18
400
67
21
351
867
2350
63
20
30
21
6577
351
15572
69
11
7342
4124
468
700
33
21
6382
367
40
67
21
96
582
79
306
272
63
21
65
516
297
400
67
21
18
20987
16
367
40
67
21
105862
21
16
272
63
21
116751
70
11
516
297
15572
69
57894
713
4124
18
2586
4124
468
700
10549
366
400
7193
16
516
366
277
1843
10368
35
610
492
1690
16
277
1843
10368
1714
700
33
21
341
277
867
499
1472
225
20
304
700
17
21
351
400
67
21
18
9405
277
1656
18
610
3449
16
341
277
1843
10368
494
867
2837
6792
304
400
1242
6373
105323
3092
277
4526
539
1994
4124
468
700
16
277
1843
10368
4881
468
910
3591
1472
344
1833
2009
4124
2413
680
461
867
302
386
10368
341
7662
277
867
302
8210
297
272
86852
55327
65
344
29753
539
569
15267
778
304
700
17
21
680
3483
341
516
13375
6792
304
400
7193
16
1480
400
7193
4059
8210
1714
1472
18
2586
954
7977
20093
386
4124
4550
10549
1094
366
400
7193
341
6078
5
16473
74015
382
669
4124
4550
297
277
1343
341
30
539
4124
1714
3591
700
592
277
1843
10368
344
8781
4881
468
277
3733
4124
2413
16
2132
1472
13
674
7662
399
9746
8210
16
306
272
2943
65
341
516
297
386
867
18
461
867
302
277
1843
10368
341
277
867
302
8210
297
272
86852
55327
1807
957
341
516
13375
277
1656
396
400
7193
344
8781
341
867
302
8210
297
272
63
20
55327
23923
400
7193
4059
8210
1714
1472
18
2586
954
7977
62582
1347
400
7193
341
18765
382
2110
1008
304
316
17
27319
12989
382
2110
5047
7977
277
1343
396
638
261
506
8163
402
1472
351
225
20
16
3285
7826
351
11616
388
261
506
1563
912
499
225
20
304
307
17
21
638
348
592
272
74686
65
516
297
3285
7826
306
6441
58539
7826
13
1377
399
638
454
4124
468
912
344
6373
699
10368
468
912
465
454
3285
7826
351
391
87
74686
49997
348
1625
638
454
3285
7826
3352
2350
74686
25226
27872
16
265
4124
9848
468
3591
912
344
6373
302
699
10368
13
592
638
261
506
461
1843
10368
344
3161
3733
1472
304
912
17
21
13
674
7662
399
9746
8210
388
261
506
272
74686
65
341
516
297
386
867
382
669
1843
10368
494
867
341
277
867
302
8210
297
272
63
19821
13420
804
912
65
344
15519
778
304
912
17
21
680
16473
27967
330
69795
351
867
2350
86852
30
1084
23923
957
341
516
277
1656
396
400
17364
344
8781
341
867
2350
63
20
30
1084
138589
2586
954
7977
911
302
400
7193
540
43354
382
2110
1008
304
4309
382
27872
16
277
1435
302
20789
10549
366
277
10368
8023
16
697
436
41576
35
41729
16
17158
436
27399
306
3144
277
4425
1794
18
461
867
302
8210
297
265
10368
341
277
867
302
9746
8210
2223
386
10368
18
461
1343
20789
890
277
10368
494
867
2287
23459
399
306
277
2475
3083
341
699
382
8311
16
9212
265
3083
468
278
530
3910
277
10368
8023
352
17158
386
2549
278
18
887
530
3910
20789
468
10690
278
344
359
4124
9848
468
278
13
306
851
20789
468
10690
1325
278
1480
277
1843
10368
494
867
874
2312
382
4892
954
7977
2941
2387
366
400
7193
341
15235
18
1283
1008
265
699
4158
382
23928
277
16066
16
9745
903
341
265
31420
4377
30
7517
539
530
2312
468
1210
730
3083
16
8696
539
530
88934
99677
898
616
2731
3393
344
15316
79
13
306
352
1450
2312
16
37687
277
1343
499
28252
297
504
4020
680
225
15316
79
535
225
622
66
24
351
225
22
18
26
73
29
16
2502
1398
18
2209
8696
539
530
24819
277
15376
498
3836
27630
35
21209
2502
1398
382
2608
8696
539
530
911
277
1689
386
277
1343
341
15837
265
13325
402
265
867
16
306
539
530
37687
411
297
504
4020
13
621
2312
18
2952
16
225
22
18
26
73
29
7154
2428
361
98681
689
9745
402
96898
306
12800
26220
411
1387
1717
35
32468
225
22
18
26
73
29
341
3312
2502
1398
18
1283
1008
265
2516
1557
382
19477
62356
277
2746
18
22547
411
361
386
277
6756
1435
302
48112
1325
730
2312
341
5207
2761
1013
30
539
530
2837
8047
48112
6792
304
277
1435
302
9746
8210
297
277
1794
35
2523
16
7120
1436
7494
382
25790
539
530
1761
297
4249
302
373
114888
6
396
22302
1207
277
9746
1682
6758
399
16
306
539
1587
304
29093
277
1435
302
17158
498
17368
277
1794
468
10690
1207
539
530
3866
265
699
10368
304
1472
18
461
70876
1343
9712
471
304
1863
277
30041
16514
1450
845
18
52516
265
3083
530
1094
3910
277
1472
302
265
10368
592
411
7815
277
1843
10368
304
1169
7977
344
77
3077
1278
4124
13
420
24875
265
4124
18
887
5563
386
277
1094
1528
304
3764
277
1435
302
17158
341
304
2299
4728
20789
16
697
7400
2767
3130
265
3083
386
1011
7494
361
5101
344
32324
1850
3402
297
277
867
420
867
2287
460
399
13
3456
265
699
3083
516
297
277
867
890
277
867
2287
341
3402
399
16
6298
33410
265
4124
468
386
2413
18
6755
16
539
2428
361
2948
304
4613
265
4124
386
1011
569
11566
16
689
386
1011
11333
48112
16
713
539
11413
589
386
382
27872
16
539
4164
1587
304
2299
396
1451
20789
396
2731
18
461
4607
1343
3402
12651
20789
468
3166
10690
18
1283
530
1094
2312
730
3083
18
2586
539
530
2050
304
2299
20789
468
4728
10690
16
420
11568
7046
910
6349
20789
983
20789
7977
35
2209
277
4607
20789
436
13238
31
539
4273
5909
1019
35
41729
16
539
1387
12146
5909
387
6349
4124
498
9212
265
3083
16
697
1011
11333
48112
18
7517
539
1587
6756
16
539
11413
589
386
9082
411
15017
717
20789
20362
386
73669
277
4092
18
2209
8696
277
12381
2312
1387
5909
265
4124
304
2617
717
20789
3735
18
1563
2024
16
498
16927
265
4124
16
539
2428
21490
1217
17158
16
689
1232
3735
539
2428
361
2948
304
2299
4347
20789
5451
277
34013
10368
35
2209
277
70876
1343
1325
55295
1011
2489
277
34013
10368
396
730
10368
16
306
539
1387
12146
11297
411
3310
35
2209
277
70876
1343
2837
5443
277
30041
16514
16
713
55295
1217
17158
2428
2617
471
304
3735
4124
717
35
16473
1761
382
21915
4607
1794
674
265
4124
468
2413
700
18
1437
539
2312
265
3083
304
5909
386
4124
16
1232
277
1217
17158
1714
306
1325
3456
730
5198
10368
18
957
1387
12146
2617
471
304
569
717
20789
5451
386
5198
10368
35
2209
277
70876
1343
366
277
5198
10368
1011
1863
277
30041
16514
402
6758
79
9746
18
3483
30041
16514
2428
3757
361
5198
936
277
4455
302
277
1217
4607
17158
35
3557
13375
18
41729
16
16927
265
4124
119813
1217
17158
983
730
18
461
1435
302
48112
1011
11333
498
468
2750
225
21
344
29753
539
9823
386
4124
680
22547
492
7864
717
20789
20362
35
99008
592
277
34013
10368
530
361
3310
109409
983
717
936
225
22
17158
16
2204
3764
35
2209
15422
16
277
1217
17158
846
3402
34901
297
277
5258
386
277
1058
10368
540
277
30041
2731
499
969
1472
16
306
277
1749
10368
540
277
30041
2731
499
969
1472
18
1437
539
21490
1019
16
277
9634
1794
2428
361
91809
983
717
936
225
22
17158
1091
277
70876
6698
35
2251
386
2731
35
16473
1310
402
387
2024
382
22017
272
508
377
728
399
33
21
18
20313
30
17158
30
373
69
4990
70
6
1117
225
22
48112
18
102618
289
1011
361
373
377
728
697
1091
399
33
21
16
30041
16514
402
6758
21
9746
341
373
69
728
1232
373
70
6
1117
2188
225
22
48112
18
2586
55295
4007
2312
1682
382
22017
272
508
153564
728
399
33
21
18
20313
30
17158
30
373
5635
4990
70
6
1117
225
22
48112
18
102618
289
373
153564
1023
30041
16514
402
6758
21
9746
341
373
5635
728
1232
373
70
6
1117
225
22
48112
18
29483
382
22017
272
508
26124
728
399
33
22
18
20313
30
2292
30
1472
265
344
21
733
2549
290
344
22
733
2549
274
35
274
516
297
391
69
19230
97
306
867
2287
33
22
1117
4124
1714
274
16
713
17158
30
373
377
4990
71
6
1117
225
22
48112
18
102618
289
373
26124
1023
1656
1343
22699
225
22
48112
18
2586
55295
4007
3764
382
22017
272
508
377
390
728
399
33
22
18
16473
17208
4607
30
272
33
265
290
265
274
388
261
9583
30
1472
265
344
21
733
2549
290
2649
391
69
19230
97
344
22
733
2549
265
2649
265
297
867
16
4622
16
2549
274
35
274
516
297
391
69
19230
97
306
867
2287
33
22
1117
4124
1714
274
18
2586
17158
30
373
11020
4990
71
6
1117
225
22
48112
388
261
102618
289
373
377
390
1023
1656
16
2188
225
22
388
1974
819
265
1690
1207
55295
5143
717
48112
35
19001
4607
674
265
4124
468
700
16
689
277
1217
17158
436
1175
386
592
34013
16
277
70876
8860
2428
11297
21214
35
7517
277
70876
8860
341
57272
306
2837
5443
277
30041
16514
16
55295
1217
17158
386
846
15422
16532
498
265
4124
2767
386
277
4124
1646
341
8045
18
461
699
1794
494
1058
10368
642
361
277
126746
302
277
4607
1058
10368
306
1749
10368
18
461
70876
8860
642
1232
1863
277
30041
16514
499
277
1472
302
492
9634
1794
386
674
6758
79
9746
18
22547
386
361
5198
936
277
4455
302
277
1217
4607
17158
35
99008
16
592
277
1749
10368
1078
8210
386
1387
361
5101
297
277
1058
10368
494
867
2142
45844
399
16
1232
277
30041
16514
2428
3757
13052
983
277
1749
10368
16
6298
10944
277
1435
302
48112
18
53992
16
592
277
1749
10368
494
1058
3083
341
265
699
3083
386
1011
3866
265
4124
16
1232
277
1058
10368
2428
1169
7662
468
277
4607
4124
1646
16
10044
38633
277
4124
18
2586
55295
1414
516
2312
277
4124
10690
592
277
3083
468
277
4607
4124
1646
8320
1175
386
277
4550
12413
18
2952
16
539
6816
265
3083
16
713
1850
1497
382
25790
277
12381
6989
341
304
2312
265
3083
304
2299
265
4124
468
265
2413
386
15422
4746
569
265
4124
16
306
5752
386
492
4007
19523
839
6349
20789
18
36443
16
6600
265
4124
468
278
530
1094
919
265
4124
16
516
5909
6349
6299
16
9082
277
2312
851
16156
277
867
302
265
10368
386
8170
4124
3735
16
12146
16927
386
3735
4124
18
2209
592
539
1094
2312
730
3083
16
539
2428
361
2948
304
2299
265
4124
468
278
2142
20397
3735
20789
16
420
539
2428
361
2948
304
2299
4347
20789
3735
382
19477
16216
277
1603
302
265
2312
468
278
366
20789
1325
278
18
461
1343
1325
278
10549
366
277
699
1889
18
461
4607
20789
1325
278
436
7152
498
277
4607
1889
468
278
344
2506
7826
35950
6577
306
277
4607
8210
18
52516
277
3083
468
278
82923
277
1889
468
278
15
21
16
697
1232
25713
13845
20789
18
887
1387
3866
910
4607
20789
1325
278
304
38649
16
306
910
699
20789
304
5230
18
461
2204
1603
1387
361
4898
382
23928
277
15924
16
8696
903
341
3162
4377
30
461
6756
1435
302
48112
1325
730
2312
25782
277
1435
302
9746
8210
297
277
1794
35
3557
15595
7120
382
19477
88934
99677
2164
14580
304
1565
9058
35
2209
539
1008
304
3138
352
778
304
225
622
66
24
16
713
903
1998
361
387
7434
4377
382
44125
539
530
1761
297
4249
302
373
245576
6
1207
277
9746
1682
297
277
16514
23459
399
15
21
35
12854
50395
30
461
1343
530
361
4156
396
30
1283
569
265
7323
302
9746
8210
297
277
1843
10368
18
2973
539
1565
265
699
3083
516
297
277
1843
867
306
277
7323
341
399
16
539
4124
18
2586
277
1435
302
20789
341
277
1435
302
3041
539
1565
265
3083
386
341
516
297
277
1843
867
1706
277
1843
867
2287
341
399
382
27872
16
592
539
1387
2138
730
3083
304
1265
411
361
373
1876
297
277
1843
867
6
468
265
4526
890
277
867
2287
341
399
16
539
530
2299
265
4124
18
461
4607
1343
3402
12651
20789
468
3166
10690
18
52516
265
3083
1387
12146
1265
411
1175
265
9791
468
265
699
2413
16
420
1387
4613
265
9791
468
265
2413
344
359
411
3672
277
3083
361
297
277
867
890
411
17420
2570
2110
2428
361
2948
304
17208
16
352
1450
2413
700
16
3473
539
1387
373
6742
6
265
4124
468
700
498
9212
265
3083
18357
344
50180
468
700
5513
420
7977
13
306
16216
277
1603
366
3735
20789
382
23928
277
16981
16
8696
277
9444
4377
341
304
2050
616
2731
3393
306
37687
277
1343
297
504
4020
13
1450
16
689
402
96898
1013
1347
13822
1403
306
687
105464
2475
26081
304
18486
910
5412
35
2491
8696
277
1435
302
3393
304
2050
341
2336
1480
1094
3166
8210
5002
382
19477
15698
277
7120
304
1565
1065
3393
436
12381
382
14341
225
21
30
272
2371
390
27193
747
399
33
22
18
78991
2312
30
2312
4658
489
71
11
304
489
70
6627
3483
12651
20789
468
10690
225
22
306
225
23
35
41729
20789
468
23864
225
22
306
225
23
344
20
218853
35
16473
3591
30
272
63
20
16051
69
16
21
33226
16
22
33226
16
23
33226
16
24
49484
18
12343
272
63
22
65
304
290
18
1800
1794
30
265
274
290
274
265
18
9583
638
261
1472
30
867
202322
261
912
20
265
30
867
1801
69
732
261
912
21
274
30
274
516
297
867
16
867
2287
32
22
1117
867
1801
69
25201
732
261
912
22
290
30
290
516
297
867
16
867
2287
582
22
1117
4124
1714
290
18
2586
4124
468
912
22
18
1800
10368
1472
468
225
22
388
261
912
22
290
30
867
1801
70
732
261
912
23
274
30
274
516
297
867
16
867
2287
32
22
1117
867
1801
70
25201
732
261
912
24
265
30
265
516
297
867
16
867
2287
582
22
1117
4124
1714
265
18
2586
4124
468
912
24
388
261
2586
20789
468
23864
225
22
306
225
24
18
4012
1992
30
17158
30
648
20
16
21
2315
648
22
16
23
2315
648
24
65
1117
225
23
48112
18
2586
20789
468
225
22
306
225
24
382
28354
20789
352
489
390
27193
11
402
399
33
22
35
16473
17208
4607
30
265
274
274
274
265
388
261
912
20
265
30
867
1801
69
732
261
912
21
274
30
867
1801
69
25201
732
261
912
22
274
30
274
297
867
16
4622
203
261
912
23
274
30
4622
203
261
912
24
265
30
265
297
867
16
4622
18
2523
20789
18
2586
225
20
20789
18
2586
2312
4472
1217
20789
382
14341
225
22
30
272
2371
69
11020
377
747
399
33
23
18
20313
30
9746
11807
265
19230
1117
22
6758
23
16
4425
1794
95766
16
713
225
20
20789
18
52516
730
3083
4273
2299
20789
35
99008
1387
16
689
3032
341
225
21
17322
344
77
3077
1278
225
20
20789
680
2586
840
12067
382
14341
225
23
30
272
2371
92
36714
747
399
33
21
18
78991
2312
30
2312
1749
1150
304
265
18
1800
30
1150
265
349
698
18
9583
402
399
33
21
638
261
912
20
1150
30
867
1801
92
732
261
912
21
265
30
265
516
297
867
16
867
2287
582
21
1117
4124
1714
265
18
4124
468
225
21
388
261
912
21
265
30
867
1801
69
732
261
912
22
349
30
349
516
297
867
16
867
2287
582
21
1117
4124
1714
349
18
4124
468
225
22
388
261
912
22
349
30
867
1801
93
732
261
912
23
698
30
698
516
297
867
16
867
2287
582
21
1117
4124
1714
698
18
4124
468
225
23
388
261
2586
20789
468
225
21
16
22
16
23
1117
48112
225
24
18
20313
20789
30
1150
1150
349
698
1117
4124
468
225
22
306
225
23
35
41729
4607
30
912
20
1150
16
867
1801
92
14700
912
21
1150
30
1150
297
867
16
4622
31
912
22
349
30
349
516
297
867
16
867
2287
582
21
1117
4124
1714
349
31
912
23
698
30
698
516
297
867
16
4124
1714
698
18
2586
20789
468
225
22
306
225
23
1117
48112
225
23
18
2586
2312
4472
730
4124
344
271
3591
21
2570
27872
16
297
1804
4027
16
277
2312
4202
265
4124
468
277
2413
1207
539
6816
344
273
468
277
2475
2413
19767
610
2024
21
16
2312
468
3591
22
4202
4124
468
3591
22
344
1833
2312
5513
13
306
851
3735
4124
468
3591
24
18
610
2024
23
16
2312
468
3591
21
4202
4124
468
3591
21
382
4892
411
5563
9212
265
3083
530
2299
265
4124
468
386
2413
592
277
4550
12413
18
887
530
851
3910
3735
20789
382
23928
277
16066
16
8696
539
530
11199
498
5210
616
2731
3393
306
352
1450
16
13131
277
699
10368
1682
1347
265
5128
8860
386
111781
277
1689
386
277
1343
341
15837
265
8162
13325
306
539
530
687
52448
373
8831
4124
6
1478
297
265
1528
386
5143
504
12
21
13
4430
621
2312
18
22547
539
687
52448
277
4569
373
13695
1343
6
396
265
1154
302
277
6857
867
35
7517
277
1343
1094
10549
366
277
867
306
277
1794
16
8696
539
530
2489
411
396
265
57272
134660
306
687
52448
277
6650
352
616
2731
8023
35
2209
396
23069
16
1435
302
8023
1387
361
2927
382
2608
8696
539
530
21957
277
1889
304
1060
277
2287
302
277
867
35
3557
3811
16
1480
20050
13917
382
1974
592
539
6035
386
277
867
341
2837
265
22517
302
277
34481
16
689
539
1094
2081
819
697
8210
436
1831
18
2952
16
277
1343
1325
265
4124
114657
304
265
83703
391
329
7342
2586
277
867
530
361
839
22517
386
8615
396
277
867
302
265
10368
297
277
4607
1343
18
461
1435
302
9746
10368
8023
297
277
4607
1343
341
468
1210
277
1435
302
17158
16
697
341
468
1210
307
18
2586
2454
7826
35950
65
436
504
4020
13
9746
8023
18
4790
265
2312
16
277
699
867
330
20
341
3673
391
71
97
420
2454
7826
35950
65
93970
391
71
7342
391
71
97
341
265
83703
16
697
341
851
265
867
386
1387
5230
396
265
10368
867
297
277
4607
1343
344
359
386
3083
8615
396
265
10368
494
12520
3083
468
910
1646
680
2586
330
20
341
2837
3673
265
83703
420
265
15395
302
265
2454
7826
344
8781
341
265
867
499
4607
13
402
265
699
3083
18
461
15395
2428
516
361
265
867
386
8615
297
277
4607
16
689
539
1387
2188
5203
411
382
2608
8696
539
530
17208
277
1435
302
20789
499
265
2688
6857
867
330
20
898
277
35758
498
85242
277
1343
366
277
35758
689
1347
687
105464
373
8831
4124
6
1478
386
10549
1094
366
330
20
306
277
35758
18
22547
539
687
52448
352
1450
2413
700
306
352
1450
2731
867
330
20
344
9874
341
3673
265
83703
420
265
867
499
4607
13
277
1435
302
20789
35
3483
1011
361
468
1210
307
535
344
82
692
225
1670
13
9746
8023
35
2454
7826
35950
65
436
468
1210
307
9746
8023
18
1563
1450
1175
2454
7826
16
306
352
1450
274
16
539
569
1217
330
20
30
391
71
97
306
2454
7826
93970
391
71
7342
3483
1387
361
778
304
307
14
1670
14
22
351
225
19013
79
9746
330
20
18
1563
1450
1175
330
20
16
539
1008
304
17208
20789
499
277
1472
302
277
35758
35
2209
277
35758
1472
23633
402
278
18
41729
16
352
265
2688
2312
468
278
16
277
35758
10626
468
278
15
21
18
2586
539
1008
20789
499
2413
700
351
278
15
21
101037
402
4381
867
330
20
18
2586
539
1011
1008
352
1450
700
344
20
568
82
17
21
13
306
1450
330
20
16
277
1435
302
20789
499
700
18
9405
307
535
344
5686
302
330
20
13
697
1387
361
8730
382
2608
9745
539
530
17208
277
20789
499
700
352
265
2688
330
20
1347
265
38474
386
6582
277
35758
499
700
304
1169
16
689
539
530
37224
59706
3796
1497
330
20
498
71177
386
277
1343
341
8162
306
539
1387
17208
277
1603
302
6857
402
265
1497
867
498
373
54312
291
6
277
4607
15376
499
700
382
81740
30
461
4607
15376
499
700
344
5324
6857
867
2454
23538
2943
6577
16443
265
3166
6917
302
20789
18
1437
539
1472
402
265
1497
867
330
16
277
1343
874
1173
18
2952
16
6035
386
277
867
330
341
2837
265
22517
302
277
34481
16
306
277
1343
15837
21229
277
867
302
8210
4156
297
277
1843
10368
18
461
1843
10368
494
867
81086
396
539
13325
18
461
1435
302
20789
10549
366
890
539
13530
265
3083
516
297
277
1843
867
1706
277
867
2287
341
399
382
2558
539
1472
402
265
867
330
16
277
4381
4550
341
386
277
1843
10368
494
867
341
330
18
610
277
4607
16
539
1472
402
2454
23538
2943
65
344
8781
341
277
867
1325
5993
700
17
21
680
2586
539
530
1761
302
277
1343
499
700
396
30
539
569
387
4381
867
3285
351
330
18
5489
539
13325
499
700
304
307
17
21
382
8311
16
23907
539
569
687
105464
16
352
277
35758
6857
468
700
16
277
1603
302
1497
4381
8023
18
22547
539
17208
492
498
373
15288
12103
6
3984
352
1450
700
306
24284
277
10859
302
3285
8023
35
7517
277
1435
302
2731
3285
8023
341
5885
498
277
1435
302
9746
17158
297
277
4607
35
41729
16
277
867
3285
1919
277
35758
15376
530
1863
1451
2911
16
689
9745
539
530
17208
277
1435
302
20789
396
265
1154
302
277
4381
867
498
1347
265
164178
11405
52
898
277
35758
386
7941
352
1450
2731
867
277
1435
302
20789
499
386
867
101037
18
7517
277
1435
302
9746
8023
25974
1706
25354
277
35758
499
700
2428
361
5885
16
539
1387
17208
492
38474
352
1450
700
35
3483
1011
361
504
4020
535
1435
9414
98968
13
697
1387
361
2927
382
23928
277
845
16
8696
277
9444
4377
341
14233
304
2050
616
3393
306
37687
16
689
402
387
17422
386
277
15376
352
1450
2312
530
361
3410
297
504
4020
13
689
402
307
33
622
66
24
306
3393
33
15316
79
16
2983
225
22
18
26
73
29
2428
361
2502
1398
18
2952
16
9745
539
530
83337
3393
386
436
21930
304
5182
16
420
911
3422
10674
102613
304
37687
1451
3393
468
3984
35
1098
19360
382
25790
903
341
265
31420
97102
3032
18
16473
2050
304
1761
819
277
6756
2731
48112
18
461
70876
1343
15837
4468
27399
8210
386
436
616
2223
265
867
302
2287
399
18
461
1435
302
48112
25782
277
1435
302
3041
277
373
126120
867
6
52588
304
2549
265
699
3083
3369
411
23459
2287
399
16
1232
411
30628
386
2287
3369
265
699
3083
9712
265
4124
18
41729
16
539
530
1761
302
277
1343
396
30
539
5063
1257
277
1794
16
14140
265
867
302
8210
4156
297
277
1843
10368
18
461
867
25409
396
539
1565
699
8210
3369
411
23459
2287
399
18
9864
411
23459
2287
399
16
411
30628
386
2287
3369
539
1565
265
3083
516
297
277
867
16
697
31466
265
4124
306
114657
277
867
304
391
9874
3083
7342
2586
277
1343
341
1013
30
539
569
265
373
18273
6
302
9746
8210
386
539
569
10872
31
890
539
1565
265
699
3083
516
297
277
5702
306
277
5702
341
2833
344
6118
399
733
539
4124
382
27872
16
277
1435
302
20789
341
277
1435
302
3041
539
13530
265
3083
386
341
516
297
277
1843
5702
1706
277
5702
341
2833
382
8311
16
9212
730
3083
1387
3910
492
297
1217
4781
638
261
506
887
1387
3456
265
3083
386
341
516
297
277
1843
5702
468
277
4526
890
277
5702
341
2833
16
6298
6600
265
4124
468
386
2413
344
359
539
2312
411
304
265
3083
516
297
277
5702
306
277
5702
2287
341
399
3098
261
506
887
1387
2312
277
9998
302
277
5702
344
1892
16927
265
3083
592
411
540
277
1094
18168
16
420
8811
265
699
730
733
697
1387
3910
3687
20789
382
1699
29093
20789
16
539
4164
1587
304
2299
265
4124
468
910
2413
18
461
1861
539
530
589
341
304
2299
396
1451
20789
396
2731
18
7517
539
530
1094
2312
730
3083
16
539
530
5502
3866
265
4124
468
386
2413
592
539
2312
411
304
265
3083
516
297
277
1843
867
890
277
867
2287
341
399
18
3483
1011
919
265
4124
468
278
18
12620
16
277
2312
2428
3910
277
867
352
3735
10690
16
11568
6600
717
20789
3735
420
46785
910
18
461
2204
7157
1387
361
1518
21
382
681
2024
21
16
9212
468
3591
22
344
8781
540
265
489
71
3015
304
489
70
11
4202
265
4124
468
3591
22
344
29753
468
386
1646
16
277
1843
867
540
391
69
25201
97
2287
225
22
16
306
489
70
11
516
297
867
13
306
851
3735
4202
265
4124
468
3591
24
18
1882
1645
277
3735
4124
22522
35
4790
277
4124
468
225
22
16
277
699
10368
10626
402
489
70
747
867
1801
70
7342
5489
539
1565
489
71
11
468
3591
23
16
697
341
516
297
867
16
713
867
7883
391
70
25201
97
2287
225
22
18
5489
468
3591
24
16
489
69
11
341
516
297
867
16
713
4124
468
225
24
18
2586
277
699
4124
468
225
24
341
265
4238
22299
302
277
699
10368
18
610
277
4607
16
1325
5993
3591
22
344
71
733
277
867
540
391
69
25201
97
344
29753
3591
22
540
274
16
3402
297
867
680
3092
3591
23
16
274
2188
297
867
16
867
2287
225
22
16
3591
24
265
297
867
16
713
840
4124
18
2586
277
2312
7182
277
867
304
12760
7977
16
6152
304
387
4814
4124
3735
382
27872
16
9212
265
3083
530
3866
277
867
304
12760
7977
16
12146
6152
304
4728
20789
297
277
35758
382
25790
539
530
2045
277
1603
302
265
2312
468
278
396
30
411
874
3866
265
4124
468
278
16
306
1232
499
278
15
21
101037
16
277
1343
642
11536
402
265
699
867
18
461
1435
302
20789
499
278
15
21
101037
530
361
19377
592
539
1287
277
373
13695
4619
6
302
277
35758
6857
468
278
15
21
2688
277
699
867
18
2209
9745
539
530
687
52448
352
1450
2413
700
306
352
1450
2731
867
2287
35
3557
3811
382
23928
277
15924
16
2964
6857
304
1761
386
277
9444
4377
2428
16246
9342
11574
402
1889
1610
277
867
302
9746
8210
297
277
1843
10368
16
689
2650
399
6758
225
1670
16
277
1435
302
5267
341
8730
18
2952
16
8696
539
530
911
277
1689
386
539
1094
569
730
2312
16
713
539
1387
2050
616
2731
3393
689
37687
1450
2312
297
504
4020
13
306
5752
411
19553
2920
304
2674
5882
5980
35
16473
12564
30
225
622
66
24
535
225
15316
79
351
225
22
18
26
73
29
7154
18
610
11636
16
1450
5637
341
516
265
4081
11795
2457
31
411
10916
867
7154
16
34198
16
4115
18
2586
10098
2502
5983
382
2110
1008
265
55181
4158
382
44125
539
530
222713
277
2746
396
30
1283
1587
304
29093
277
1435
302
17158
18
957
341
11104
304
43023
277
4354
302
17158
35
3557
7662
382
13617
3592
30
461
70876
1343
530
361
3592
302
396
68723
277
1794
983
17158
1207
1450
10368
11751
468
277
2009
3083
1714
265
373
61025
6
3083
8615
386
1011
3764
277
9746
1682
7835
399
18
957
341
3600
304
30
539
13325
306
4680
265
867
31
890
539
13530
265
3083
516
297
277
867
306
867
2287
1377
399
16
539
4124
1714
411
18
2586
277
20789
436
7662
468
23864
1207
277
3083
341
373
1815
6
304
277
1843
867
306
277
867
341
2833
382
8311
16
23907
539
1387
2312
730
3083
18
957
1387
1265
386
3083
3456
373
1815
6
304
277
1843
867
890
277
867
341
2833
16
6600
265
4124
18
6755
16
411
1387
2312
277
867
9998
16
20397
3687
373
1815
1654
12456
25790
539
530
17208
352
1450
2413
700
277
373
5124
6
302
277
1843
10368
468
386
2413
297
277
4607
1343
18
957
1889
4059
277
1843
867
306
277
867
2287
18
1437
539
2312
265
3083
468
278
16
277
1889
468
278
874
2312
16
306
1232
277
13845
5267
34821
382
2558
539
687
52448
277
4569
1889
6650
352
277
4607
1794
16
539
1387
9745
17208
277
1603
302
265
2312
1347
265
9120
3600
304
373
94598
6
420
373
132334
6
925
8627
18
2209
386
2428
361
180226
382
23928
277
845
16981
352
492
2869
16
342
1008
304
6496
265
4377
386
19553
277
6292
18
22977
277
1310
4027
436
516
9283
2927
344
82
778
304
225
622
66
24
13
689
277
1435
302
3393
304
1310
2428
361
2336
1480
539
530
5879
277
699
3083
304
265
2164
867
35
610
1451
1175
4066
16
277
12381
2312
341
304
2312
265
3083
304
265
3083
386
341
516
1831
297
277
1843
10368
16
420
304
265
3083
386
341
3402
1831
689
386
2428
3866
265
12760
18
2209
539
4445
16652
366
386
382
25790
539
530
11199
498
88934
99677
898
3393
689
402
60860
30
7517
399
6758
225
1670
306
307
6758
225
622
66
24
16
8696
277
1435
302
10690
1207
265
4124
1387
361
15654
341
5885
18
1283
1387
2050
9212
1450
3083
304
1450
302
277
225
1670
11807
16
689
539
530
3836
5088
592
539
3402
8047
277
17910
6756
2731
48112
16
697
341
307
344
359
1450
3083
341
265
8156
17322
680
461
17910
6756
341
307
344
17906
1450
3083
6782
969
1902
17322
680
2973
530
386
4252
35
2973
352
1440
700
34
20
16
277
1843
10368
494
867
2287
341
225
21
306
272
2943
65
516
6792
304
386
3083
18
3483
2767
277
1794
674
840
1217
27399
6792
8210
35
41729
16
402
399
33
21
16
6756
48112
341
307
592
306
1094
592
616
16556
8210
436
1497
18
3398
399
34
21
16
6756
48112
1387
361
307
592
539
530
4802
386
277
1843
10368
494
867
2287
7883
399
1714
539
1226
569
304
2549
265
699
3083
35
26128
16
304
569
1450
3083
396
265
8156
17322
16
539
1008
265
4124
1714
1440
3083
1325
277
1058
18
3483
2767
352
1450
700
34
20
16
468
277
4526
1714
5993
700
16
277
1843
10368
494
867
2287
1998
361
399
306
272
2943
65
516
297
386
867
18
2209
277
1843
10368
494
867
2287
530
361
468
1210
399
18
1563
411
304
361
399
352
1440
700
34
20
16
277
1058
10368
1011
569
304
3451
277
1058
3083
1094
35
16473
1761
30
1437
539
1587
265
4124
1714
3591
225
21
16
1232
277
10368
1714
411
1998
569
2287
399
306
272
63
21
65
516
297
411
18
2209
277
10368
1714
3591
225
21
11775
302
1094
272
63
20
1807
10262
2287
341
225
21
18
2586
352
265
4124
468
700
33
21
16
539
1008
367
7628
867
96
351
399
306
272
63
21
65
516
297
867
18
1437
399
34
21
16
1232
367
7628
867
96
1011
361
225
21
16
516
399
18
2586
402
399
34
21
16
1850
13861
304
569
265
4124
468
700
33
21
1480
277
1843
867
2287
341
468
1210
225
21
344
29753
1094
730
3083
680
8111
16
277
6756
1435
302
48112
341
2336
936
307
890
399
34
21
18
20987
16
2024
21
402
399
33
22
11841
225
23
48112
686
302
225
25
8210
16
516
225
25
18
2586
6756
341
5885
382
27872
16
277
6756
2731
48112
341
2761
539
1387
17208
396
387
7866
5879
16
306
539
2428
516
1008
304
2050
616
3393
382
25790
539
530
17208
277
6756
48112
5502
498
11532
1450
2731
4124
2413
306
31064
592
539
530
373
6742
6
265
4124
903
498
9212
265
3083
16
306
1232
1682
1030
1451
20789
539
530
569
382
19477
5842
304
1761
302
277
2746
396
30
1283
530
2312
468
1210
730
3083
18
4790
277
2312
16
277
1343
642
6496
910
20789
18
1283
1587
304
29093
277
1435
302
20789
18
461
4607
20789
436
6842
18
2586
539
1587
304
919
396
1451
20789
396
2731
16
11568
468
277
2331
302
16927
910
4607
20789
382
26412
386
265
4124
468
2413
700
9848
592
16
468
277
845
539
436
468
700
16
277
1843
10368
494
867
674
2287
399
306
272
2943
65
516
297
386
867
18
610
277
4607
1343
16
492
4550
12413
352
910
700
18
1437
539
2312
265
3083
468
910
2413
278
16
411
1387
3910
277
1843
10368
494
867
468
3453
3041
382
25790
539
530
2045
277
1343
396
265
3302
302
373
202802
6
1207
277
1889
341
277
1843
867
344
6118
6758
399
680
461
6650
1154
30
2688
1889
330
344
1510
13
306
3083
274
16
539
6496
3673
265
4124
306
699
1889
351
391
71
2547
420
840
4124
306
699
1889
351
330
93970
391
71
97
344
359
274
516
297
330
306
367
55
99219
79
13
420
330
344
359
274
297
330
2570
27872
16
277
1343
341
265
57272
17722
134660
402
1889
3203
351
616
50104
302
34481
302
2287
6758
399
18
461
1435
302
1175
50104
341
2927
16
689
8696
539
530
21957
1480
277
5772
5267
17398
436
5885
304
1731
386
436
373
133036
6
499
277
4381
8295
867
2688
277
1794
18
1563
265
2688
1794
16
277
99164
5267
1919
277
4607
1343
436
468
1210
307
344
620
621
2413
680
2586
352
277
4607
1794
16
539
530
17208
277
1889
468
1450
2413
344
1833
867
302
277
1843
10368
1060
1714
5993
386
2413
680
9405
2454
23538
35950
15032
8311
16
592
539
2312
730
3083
16
539
436
10044
53481
277
6650
468
2413
278
18
461
699
1343
530
361
4156
396
4738
277
4607
6650
1154
689
402
265
11116
2740
468
278
344
1833
3083
680
1283
1387
2050
304
17208
277
699
1889
6917
498
373
15288
12103
6
499
278
101037
16
689
539
2428
361
2948
304
911
277
4607
1889
6917
306
6313
382
44125
539
530
17208
16
352
1450
2413
278
16
277
373
47107
6
302
9212
277
3083
468
278
366
277
1889
10859
499
278
101037
16
1347
687
105464
373
8831
18168
6
1478
18
957
1387
361
3600
304
954
7977
12601
4158
689
33664
352
277
1689
386
277
1843
10368
494
867
10549
366
277
1472
302
277
10368
16
516
366
277
16514
867
18
2952
16
8696
539
530
4817
277
2746
304
3190
366
277
1843
10368
494
867
16
697
341
15837
277
867
302
8210
4156
2650
277
2009
4124
18
957
867
341
2837
265
22517
302
277
8210
386
569
13149
297
277
10368
16
306
411
530
361
12240
498
277
867
302
8210
386
569
961
4156
2650
277
2009
4124
382
8311
16
6035
386
277
1843
10368
494
867
468
839
1646
341
7152
21289
498
277
8210
297
386
10368
713
3312
18
461
10368
10626
468
910
3591
1472
18
461
867
330
351
867
2350
86852
30
1084
23923
2586
1850
277
867
302
8210
297
265
72075
202468
6857
468
1472
18
1737
539
13052
277
10368
304
277
1503
16
539
919
8210
382
2558
539
2312
265
3083
468
278
16
411
530
3910
17158
386
2549
278
18
1563
20789
468
10690
700
1518
278
16
277
1843
10368
874
420
874
516
2549
278
16
9305
366
3473
903
540
265
4124
1360
278
306
700
18
957
3672
411
4110
382
23928
277
845
16
342
1761
277
1210
31975
2481
341
304
3138
265
4377
386
23675
616
3393
306
126125
1450
2312
297
504
4020
733
689
402
23185
17422
306
5752
386
277
1310
4027
436
516
616
14774
41597
35
2209
277
2746
6434
4060
6441
2350
13
778
304
225
622
66
24
16
306
539
1998
1717
616
6292
18
32468
1175
4066
2364
387
7434
4377
16
516
88934
99677
382
25790
903
341
265
31420
16491
30
461
6756
1435
302
48112
1325
730
2312
341
6792
304
277
1435
302
9746
8210
297
277
1794
4171
2761
35
3557
15595
382
19477
3612
4625
30
342
19877
265
38675
164288
1395
2746
373
44912
48112
402
730
2312
6
420
3600
35
99008
1850
499
387
22662
1207
277
4377
5906
5210
616
2731
3393
689
1347
16514
44914
304
17208
277
699
17322
1682
297
504
12
21
13
621
2312
16
396
539
846
25459
18
5641
7977
12601
4158
402
400
7193
540
62629
16
689
9745
539
530
6384
411
304
911
10368
8023
498
165354
23864
382
25790
539
530
4817
277
1343
304
831
366
277
373
8831
18168
6
302
8210
304
5827
890
20789
4252
18
2278
2428
361
265
3162
9120
30
1563
1450
2413
700
16
8483
277
373
8831
4124
6
2413
297
4249
302
277
1843
867
382
111937
4158
30
7517
399
6758
225
1670
16
539
1387
37687
277
1343
352
616
2731
3393
1347
265
164178
11190
13380
302
5267
35
3557
382
23928
277
15924
16
2964
11532
386
8696
277
9444
4377
341
304
911
9342
11574
402
250584
15739
277
867
302
8210
1161
297
277
1843
10368
16
689
539
530
24819
498
34155
386
539
1094
1008
304
1994
8023
386
436
50104
302
277
34481
306
569
2287
6758
399
18
7517
399
6758
225
1670
16
277
2983
1435
302
1175
50104
341
4455
1242
77
33
20
6165
79
97
346
12
1670
16
700
680
1563
399
33
1670
16
4924
225
22
66
1670
351
225
3284
4364
18
9405
2502
1451
18
2209
8696
399
341
2164
297
11279
6292
35
3557
23276
382
2608
9745
539
530
911
3655
2714
8942
71765
35
2523
382
25790
277
2746
530
361
7505
304
13131
277
6756
1435
302
17158
498
5210
304
2984
277
1794
468
10690
1207
277
9746
1682
297
277
16514
341
399
306
277
2475
3083
341
699
16
306
539
530
2312
730
3083
304
2299
699
1175
10690
382
19477
5842
304
32012
277
4309
4550
352
4124
468
700
297
4249
302
277
10368
494
867
382
2110
569
1472
351
2009
4124
2413
18
461
10368
867
330
351
867
2350
86852
55327
23923
1563
265
4124
468
700
304
5181
16
539
1008
367
55
96
1377
399
306
272
2943
65
516
297
330
382
8311
16
592
539
2312
265
3083
468
278
16
411
16156
330
352
17158
386
2549
278
18
30105
16
352
265
10368
386
10626
468
1472
306
11751
1714
700
344
77
3077
1278
1472
6758
278
460
700
733
277
867
330
4059
272
35950
65
592
278
341
2223
648
6373
16
700
17
21
1807
2586
9212
272
35950
65
3393
330
382
27872
16
277
1603
366
4124
468
700
10549
366
3473
278
341
297
277
12601
648
6373
16
700
17
21
65
352
277
10368
386
1011
361
5037
468
700
297
277
4607
1343
18
3483
10549
366
277
4607
4124
10690
382
25790
539
530
17208
16
352
1450
700
16
277
1472
3591
302
277
10368
386
5720
700
17
21
297
277
4607
1343
18
16473
27967
10368
13420
2943
65
351
277
3591
1207
277
10368
386
4059
2413
700
17
21
10626
18
5489
277
867
330
352
386
10368
341
867
2350
63
48353
13420
2943
65
804
700
23923
610
277
4607
16
4124
468
700
9848
592
367
1510
2350
63
48353
13420
2943
65
804
700
6577
96
1377
399
306
272
2943
65
516
297
386
867
382
8311
16
592
539
2312
272
35950
2315
1232
352
839
700
1518
278
16
592
278
341
297
277
10368
386
15422
9494
700
17
21
344
77
3077
1278
10368
13420
2943
65
6758
278
460
700
733
1232
277
867
330
352
386
10368
3393
18
6755
16
277
4124
468
700
874
420
874
516
5181
9305
366
277
699
867
382
27872
16
539
1387
687
52448
352
1450
700
277
10368
1472
306
277
867
302
386
10368
344
20128
680
5489
352
265
2312
468
278
16
539
530
5827
697
700
1518
278
569
278
297
725
10368
18
1563
1731
700
16
277
4124
4550
874
2312
18
1563
700
6758
278
16
74224
382
8311
16
277
1435
302
17158
386
2549
278
341
277
1435
302
17158
386
11461
278
18
610
277
4607
1343
16
17158
436
27399
306
3144
277
1794
18
8049
10368
21062
304
265
72075
12601
18
461
10368
386
5720
278
341
277
730
1207
10368
13420
6758
278
460
10368
14520
18
957
10368
341
42146
5047
18
2952
16
352
265
2688
700
1518
278
16
3473
700
23812
304
277
1656
10368
396
278
10549
366
3473
903
341
265
4124
1360
278
306
700
17
21
18
2586
700
341
297
277
1656
10368
396
278
86564
903
341
840
4124
468
839
3591
477
402
278
460
477
6758
700
17
21
18
3483
341
16
700
341
297
277
1656
10368
396
278
592
306
1094
592
700
6758
1169
9414
69795
21695
10160
1615
16
1207
1169
9414
69795
21695
10160
1615
341
277
3591
1207
277
10368
386
10626
468
10368
13420
35950
65
11751
344
77
3077
1278
277
4124
2413
1325
386
10368
680
41729
16
277
10368
386
5720
278
10626
468
1472
351
10368
13420
35950
65
306
11751
468
1169
351
277
2475
4124
2413
506
225
21
16
700
3077
1278
592
903
341
265
4124
468
2413
2475
88201
16
1232
277
10368
13823
778
304
2475
88201
17
21
18
2586
352
839
700
1518
278
16
592
700
6758
2475
88201
344
1833
1058
4124
1325
1472
733
1232
700
341
297
277
1656
10368
396
278
18
25244
16
700
341
297
265
3735
10368
382
27872
16
352
1450
2312
468
278
16
277
867
302
700
1518
278
386
436
9175
436
1731
700
386
436
297
277
1656
10368
396
278
344
77
3077
1278
1714
277
2475
4124
13
306
851
11568
700
386
436
297
3735
17158
35
26128
16
592
700
341
297
265
3735
10368
16
1232
277
10368
386
13823
700
17
21
10626
1325
278
16
713
278
341
516
297
386
10368
18
8111
16
9212
272
35950
65
1414
516
3910
277
867
302
386
3735
10368
344
29753
386
10368
1414
516
2549
278
680
2952
16
1387
411
3910
3735
17158
39274
35
1437
277
2312
7815
265
4124
7977
344
271
278
733
1232
277
10368
7824
278
2428
361
11297
16
53481
697
17158
1472
3735
18
3483
1387
3910
3735
17158
1480
277
1472
10690
2312
18
2209
297
954
3360
352
700
1518
278
16
539
436
11532
277
699
1343
1325
2312
16
697
874
569
1497
10368
18758
18
2586
1850
516
1060
819
277
4607
17158
31
277
2312
530
2299
265
699
4124
468
278
16
697
60443
277
4607
10368
16
15304
6600
265
699
10368
6857
468
278
18
957
699
10368
642
1232
361
15267
16
306
969
867
642
361
9175
498
277
6816
3083
18
957
699
10368
494
12515
530
3910
20789
468
10690
1518
278
16
1480
1616
277
1889
468
278
15
21
341
1497
16
306
277
17158
1325
278
874
361
1497
499
4607
18
2586
277
867
302
700
1518
278
386
436
9175
341
516
5207
1731
297
277
4607
10368
7824
278
31
1850
616
700
1518
278
1480
277
4569
1343
1325
278
874
2312
382
27872
16
539
436
1132
304
10257
730
382
23928
277
15924
16
9745
277
2746
36033
265
4377
1347
38474
402
250584
689
402
17422
386
539
1094
1008
304
1994
5267
386
436
373
133036
6
306
539
530
83337
1347
277
1689
386
539
569
1094
730
2312
16
713
539
1387
2050
616
2731
3393
689
17208
277
699
17322
1682
498
85242
277
1343
3984
352
1450
2312
16
689
1347
42626
1701
302
2527
352
137045
402
2688
6857
867
18
7517
277
1435
302
9746
344
6373
16
867
13
15278
386
530
22522
499
265
2312
2428
361
5885
16
539
1387
17208
277
1435
302
20789
499
265
2688
1472
402
265
2688
867
1347
38474
386
341
19377
3984
352
1450
1472
306
616
2731
8023
386
436
25974
18
957
341
1013
13131
265
6650
1154
352
1450
1472
382
19477
9492
492
30
1563
1450
2413
700
344
20
218853
733
539
1587
304
1287
16
352
1450
2731
867
330
344
34027
302
34481
16
2287
6758
399
733
277
1435
302
20789
499
700
304
1169
890
6857
402
867
330
18
2209
396
23069
16
277
1435
302
8023
341
8730
18
2952
16
539
1387
17208
492
366
277
12643
306
4793
2527
297
265
20078
16
1480
1451
8023
874
3042
361
4494
18
7517
539
1094
1008
8023
386
436
3673
391
71
97
420
2454
7826
35950
65
93970
391
71
97
352
910
278
306
274
16
306
2454
7826
35950
65
436
8023
386
5230
297
277
4607
1343
344
271
1210
307
9746
8023
680
2586
277
2983
1435
302
9746
8023
539
2428
1008
341
468
1210
307
535
225
1670
535
225
22
351
225
19013
79
18
9405
64594
18
1563
1450
1175
867
16
539
1387
17208
277
1435
302
20789
499
969
6857
2413
344
8781
23633
680
2209
6035
386
277
6857
2413
10549
366
278
18
1563
265
2688
867
330
16
411
1387
361
4494
6857
468
1497
10690
700
18
2586
539
1011
1008
304
17208
352
1450
700
306
1450
330
386
341
4494
18
3483
1387
361
778
304
225
19013
79
535
307
351
8730
382
2608
8696
539
530
17208
277
1435
302
20789
499
265
2688
867
330
468
265
2688
2413
700
1347
265
46800
4158
386
111781
687
105464
1478
819
277
1794
18
22977
539
530
17208
16
352
1450
2413
700
16
277
373
8831
4124
6
1154
352
616
2731
8023
498
85242
277
35758
3984
306
14781
352
1450
1889
277
1435
302
20789
18
7517
277
1435
302
5267
344
34763
13
17398
1919
277
15376
302
277
35758
499
700
2428
361
2927
16
689
8696
539
530
5879
411
498
277
1435
302
9746
93198
302
277
35758
35
3557
2897
382
13617
10149
30
7517
399
6758
225
1670
306
34481
341
2164
16
539
1387
911
164178
499
277
1169
302
277
1794
304
17208
16
352
1450
2413
700
306
1450
2731
867
330
16
277
1435
302
20789
499
700
402
4381
867
330
18
957
341
1013
265
38474
30
29124
2943
4274
24986
65
351
1435
302
20789
499
2413
700
304
1169
2688
386
277
1843
10368
494
867
341
8588
344
276
11795
15739
277
867
302
8210
297
277
1843
10368
680
461
6650
30
2688
8588
306
3083
466
351
272
2943
65
344
359
700
460
307
733
539
5827
592
265
4124
9848
468
700
344
359
700
341
265
4124
2413
35
41729
16
20789
436
468
10690
700
890
539
11135
304
4124
1714
5993
272
2943
1807
610
954
38474
16
539
436
468
277
7673
302
5993
2413
700
344
77
3077
1278
1714
5295
272
2943
23923
461
1843
867
341
8588
344
1833
867
302
8210
297
277
1843
10368
713
3312
16
697
4059
8210
499
277
10368
1472
778
304
700
17
21
680
5489
539
1343
272
2943
25306
261
592
344
24986
6656
466
13
764
225
21
1377
225
20
306
189125
99512
13
1377
399
638
348
905
4124
468
700
16
699
867
351
391
329
732
348
29124
2943
4274
24986
65
351
225
21
692
29124
2943
15
21
4274
21
1408
329
65
261
344
29753
539
569
265
4124
468
700
465
261
1625
638
348
905
840
4124
16
699
867
351
8588
367
344
21
1408
329
13
592
466
516
297
8588
1625
8588
203
348
29124
2943
4274
24986
65
351
29124
2943
15
21
4274
24986
367
344
21
1408
329
12015
261
344
956
17034
30
592
466
3402
297
8588
16
8588
38750
465
6979
30
29124
22965
4274
24986
65
351
225
20
352
839
8588
344
29753
840
717
8210
16
840
20789
2570
2110
1587
29124
63
20
4274
20
65
352
277
4607
1794
18
1563
265
2312
468
278
304
274
16
539
1011
1008
304
17208
29124
63
20
4274
20
65
402
277
11116
1794
16
697
341
11104
304
13131
29124
63
20
4274
20
65
366
277
11116
1794
18
2952
16
539
1387
2050
304
17208
29124
63
20
4274
20
65
352
616
2731
11116
14580
498
11532
277
1603
302
9212
730
3083
18
957
7348
1013
539
1387
911
265
9120
1207
539
373
9658
6
277
2312
306
6313
382
2608
277
38474
674
1889
2287
344
82
15
21
13
535
344
5686
302
30456
680
7551
302
30456
341
1435
302
50104
302
34481
302
2287
6758
399
18
1563
399
33
1670
16
4924
225
22
66
1670
64823
225
3284
4364
18
9405
2502
1451
304
4793
382
2608
8696
539
530
21957
30456
1480
277
5772
8023
386
5230
436
5885
18
1563
265
2688
1794
16
277
1435
302
9746
30456
386
530
5230
396
277
1843
867
1919
277
1343
344
359
539
1472
499
8295
13
341
468
1210
307
15
21
18
2952
16
890
539
2312
265
3083
16
277
867
874
1863
2911
386
436
516
297
277
4607
867
302
30456
35
1563
2024
16
592
539
2312
265
3083
304
265
699
730
16
277
867
1387
361
391
71
97
697
2428
516
569
13149
15422
18
2586
277
1435
302
30456
386
1387
5230
297
839
2731
2312
2428
361
6892
16
689
2188
32344
498
504
4020
535
225
1670
535
225
22
13
351
225
19013
79
16
396
23069
18
2586
8696
539
530
17208
38474
1094
352
30456
386
436
4494
382
2110
1387
17208
29124
2943
4274
24986
65
352
700
499
307
1652
304
225
20
16
689
1094
352
30456
386
436
99164
499
277
4381
1889
344
24986
33
20
13
1091
277
4607
1794
18
3483
867
302
30456
341
468
1210
307
15
21
18
1563
265
2312
16
539
2428
1008
30456
386
436
516
297
386
4607
99164
867
18
2952
16
539
1387
13052
277
38474
304
2549
1731
30456
396
1357
16
689
539
530
17208
1019
366
5901
1347
77647
306
42626
1701
382
153078
30
1283
530
4602
265
1154
11199
5802
16
8588
16
272
13
386
73422
277
1435
302
20789
499
2413
700
2688
1843
867
8588
16
21297
277
1794
341
272
344
1833
4607
1794
680
957
1154
642
86842
37687
3369
700
582
82
16
1347
265
20078
42626
147245
498
344
77
16
8588
680
461
1435
302
9746
344
77
16
8588
13
15278
386
530
361
10633
499
277
4381
1889
344
20
16
20
13
890
85242
277
4607
1794
341
468
1210
307
535
344
5686
302
30456
99164
499
225
20
680
7517
499
225
20
16
277
30456
99164
436
1731
386
5230
396
2454
23538
35950
65
352
278
499
225
20
304
307
18
9405
468
1210
307
15
21
30456
18
2586
2983
5267
5907
307
66
22
351
225
622
66
28
16
697
341
2502
1451
382
2608
8696
539
530
911
277
1689
386
277
6650
1094
10549
366
277
8588
306
277
2475
3083
16
306
277
8588
2287
341
468
1210
399
18
1283
1387
911
164178
304
17208
29124
352
616
30456
468
1450
700
16
689
4924
2188
1451
382
23928
277
845
16
342
1761
277
12601
1557
402
400
7193
540
23698
592
539
1387
4309
411
18
14812
539
530
4817
277
2746
304
831
366
277
373
7628
10368
867
6
498
316
2640
291
18
16473
5842
304
32012
277
4550
352
4124
468
700
297
4249
302
277
4607
16514
30456
689
402
265
8830
382
54641
277
10368
1472
3591
18
19001
539
569
265
4124
468
2413
700
18
5489
277
10368
386
11751
468
700
17
21
10626
468
910
3591
1472
18
461
867
330
351
867
2350
86852
55327
23923
6013
16
6035
386
277
867
330
341
265
22517
302
400
7193
344
1833
16514
867
778
304
700
17
21
733
689
1850
516
22551
31
1850
277
867
302
8210
386
5230
297
277
35758
302
400
7193
2650
277
2009
4124
18
2952
16
539
2428
361
2948
304
41625
330
297
4249
302
400
7193
306
277
3733
4124
382
25790
539
530
1761
302
277
1343
396
30
539
13325
306
4680
265
867
18
2973
539
13530
265
699
3083
516
297
277
867
306
277
867
2287
341
399
16
539
4124
18
2586
277
867
2837
11775
302
8210
386
569
13149
2650
277
2009
4124
18
8111
16
277
867
330
341
7662
277
867
302
8210
386
569
13149
297
277
1843
10368
16
697
341
265
22517
302
400
7193
16
689
851
411
341
277
867
302
8210
386
569
13149
2650
277
2009
4124
18
461
2009
4124
2413
341
277
1210
5089
477
460
700
1175
386
265
4124
11566
468
477
18
3483
477
341
265
4124
3591
18
2586
277
10368
499
477
304
700
17
21
674
867
330
382
8311
16
592
539
2312
265
3083
468
278
16
411
16156
277
867
330
352
17158
386
2549
278
18
461
4124
468
700
642
361
9175
592
278
341
297
277
10368
386
1011
569
961
5037
468
700
297
277
4607
1343
344
77
3077
1278
592
903
341
840
4124
1360
278
306
700
297
277
4607
680
2209
851
16
277
2312
1387
3866
265
4124
468
278
5513
16
697
3393
277
10368
18758
382
25790
539
530
5203
277
2312
498
11532
1217
4027
30
2312
1414
516
2299
265
4124
468
278
344
664
277
10368
10995
733
420
411
1414
2299
265
4124
468
278
18
610
1450
1690
16
539
530
17208
277
699
20789
1325
278
498
85242
16
689
9745
539
530
37687
19792
1347
687
105464
373
8831
4124
6
1478
386
10549
366
277
1843
867
382
2558
539
1387
687
52448
16
352
1450
2413
700
306
1450
2731
867
330
16
277
2475
4124
2413
306
277
8800
867
1325
5993
700
16
539
1387
3032
20634
6697
18
957
341
15837
4792
265
6650
2924
352
616
2731
5267
344
77
16
330
680
7517
700
6977
778
304
307
344
622
66
24
13
306
330
1387
361
1451
16
689
8696
277
1435
302
9746
330
386
530
5230
396
277
1843
867
468
839
2413
1919
839
15376
402
730
2312
341
5885
18
16473
5842
304
5879
277
1435
302
9746
330
386
530
5230
382
26412
277
4607
1343
30
468
1450
2413
278
16
539
569
2454
23538
35950
65
344
1833
867
1714
5993
278
680
2933
436
468
1210
307
9746
8023
18
2973
539
2312
265
3083
468
278
304
274
16
277
867
1325
5993
278
1387
361
638
261
506
1437
4124
468
278
30
391
71
732
261
506
34988
30
2454
23538
35950
65
93970
391
71
732
4892
1131
8023
436
3673
2571
72517
391
71
97
420
36312
302
265
2454
23538
344
8781
341
730
302
468
1210
307
8023
13
402
265
699
3083
18
461
1435
302
2731
36312
341
468
1210
307
14
1670
18
2586
2983
9746
8023
539
2428
1226
1008
396
4381
1889
352
277
35758
436
468
1210
307
14
1670
344
29753
2454
23538
35950
65
436
307
16
306
352
1450
539
569
778
304
225
1670
36312
680
12620
16
539
2428
1008
8023
386
22522
1919
277
15376
499
1731
4381
5267
18
1563
2024
16
6857
499
391
71
2547
396
539
13325
277
35758
16
277
867
642
34821
498
8811
8210
344
29753
592
867
2287
460
399
16
539
919
680
887
1387
3456
839
22517
302
8210
386
5230
297
277
35758
16
778
304
2287
399
18
461
1435
302
2731
50104
386
530
22522
499
265
2688
6857
867
1387
361
2927
16
689
9745
539
530
5879
411
498
277
1435
302
9746
93198
302
277
35758
35
3557
2897
382
23928
277
845
16981
16
2964
67942
6416
17713
277
88934
99677
898
3393
402
15376
16
689
402
387
17422
386
277
15376
352
1450
2312
530
361
3410
297
504
4020
13
689
1347
11636
2428
2188
361
2502
5983
18
2952
16
8696
277
1310
4027
436
516
616
14774
41597
31
724
1387
569
307
33
622
66
24
689
1094
265
2487
1310
4027
35
461
2746
6434
4060
539
1196
1717
616
6292
16
689
411
4007
15010
845
4753
18
610
1451
17673
8013
16
11636
6763
402
504
4020
66
22
13
2781
4759
352
307
33
622
66
24
18
2586
539
1008
2761
2516
382
19477
3612
352
3162
6763
2486
344
264
922
3858
680
342
19877
265
2746
373
44912
48112
1325
730
2312
6
8696
499
2130
305
3854
35
3557
2897
382
13617
3592
30
7517
399
6758
225
1670
16
539
1387
911
250584
306
164178
898
5267
16
689
539
1008
304
5203
730
2312
18
22977
539
530
2489
277
2746
396
30
539
1587
304
29093
277
1435
302
17158
18
957
341
11104
304
43023
277
2983
4354
302
17158
35
3557
382
25790
539
530
1761
302
277
1343
297
13623
30
35475
499
277
1169
16
539
530
11135
1207
20789
5181
2387
366
3687
8210
35
3557
382
23928
277
15924
16
2964
11532
386
277
12601
1557
402
400
7193
2428
3757
361
4309
592
539
55540
700
396
277
1472
302
265
10368
306
911
265
1497
8559
302
400
7193
18
16473
316
17
27319
277
4124
4550
12989
306
1565
592
411
530
361
10224
297
4249
302
16514
8023
382
2110
569
4124
468
2413
700
344
6373
302
699
10368
13
592
638
261
506
461
1843
10368
494
867
330
351
867
2350
86852
55327
6577
674
2287
399
388
261
506
272
2943
65
516
297
330
382
8311
16
6035
386
330
341
265
22517
302
277
867
302
8210
297
277
16514
778
304
700
17
21
16
689
1850
516
277
4425
16514
18
2952
16
539
530
41625
330
297
4249
302
277
1058
18168
302
1450
3083
297
277
10368
18
30105
16
330
341
277
867
302
8210
386
5230
297
277
10368
16
697
341
7662
277
867
302
8210
274
1175
386
277
2009
18168
302
274
1714
700
341
6743
1472
18
610
852
4361
16
330
351
391
274
367
2009
214982
64344
7193
3323
13
6743
1472
7311
1207
2009
214982
64344
7193
3323
13
341
277
13038
3591
460
700
1207
3083
274
8615
382
8311
16
592
539
7016
700
16
277
1472
302
277
10368
341
277
1210
5089
4124
1714
700
18
610
277
4607
1343
16
1472
341
7152
498
277
3733
20789
18
957
341
4110
382
25790
539
530
1761
302
277
1343
396
265
3302
302
373
13108
6
302
8210
35
3557
382
23928
277
845
16
342
1761
342
1008
304
3138
265
4377
386
19553
277
2688
6292
16
1571
592
516
17187
7434
16
498
38363
366
277
1689
386
277
1435
302
3393
304
2050
2428
361
7505
1480
539
1094
1008
304
2050
3393
386
1387
12146
5182
277
17322
1682
18
1283
1387
17208
277
4607
17322
1682
16
306
592
1850
3402
307
344
1833
17910
2687
733
758
307
18
34988
16
539
1387
2050
304
1565
592
539
530
8047
265
3634
1682
498
5210
3393
468
10690
1207
265
4124
1387
361
4202
18
22977
539
530
59689
898
10690
700
306
1994
9212
272
2943
65
304
265
3083
386
341
516
297
277
1843
867
468
386
1646
344
359
2731
13
304
2299
265
4124
468
700
16
306
1232
37687
277
2518
19792
1347
687
105464
925
18
2209
539
2188
1008
304
17208
277
1603
366
3735
20789
382
25790
539
530
911
277
2165
30
1563
265
2688
2312
468
278
304
274
16
539
530
17208
277
699
20789
1325
278
498
85242
16
689
539
530
39024
277
15376
498
1347
687
105464
373
8831
4124
6
1478
386
10549
366
277
1843
867
18
7517
277
1843
867
81086
16103
34282
16
539
1387
687
52448
352
1450
2413
700
306
352
1450
2731
867
2287
35
3557
382
19477
2672
1132
306
1994
592
539
530
17208
277
1435
302
20789
1325
2312
1347
265
3225
13325
386
44306
277
2312
18
7517
903
341
1094
730
2312
16
539
1387
37687
277
1343
3984
352
1450
2312
16
689
539
1387
4451
24322
3724
3393
498
34155
386
1451
3393
436
3600
35
3557
382
23928
277
15924
16
2964
2540
304
10987
386
277
9444
4377
341
277
12601
1557
402
400
7193
16
306
922
7977
62582
2428
569
18391
386
4124
4550
530
14233
361
10224
297
4249
302
400
7193
592
539
1994
265
1497
57143
18
16473
1310
402
265
2164
2024
304
1565
592
4124
108184
2943
65
530
361
10224
396
344
14044
8227
10991
7193
13
1377
399
13
306
344
87
2943
65
516
297
400
7193
680
610
2024
373
377
728
399
33
21
18
400
67
21
351
867
2350
63
20
6577
351
15572
69
11
7342
189125
33
21
16
272
63
21
116751
70
11
516
297
400
67
21
16
713
4550
12413
2649
4124
468
700
33
21
18
3483
14441
18
610
373
69
11020
377
728
399
33
23
18
400
67
21
29183
69
27076
2143
33
21
16
272
63
21
116751
69
11
297
400
67
21
16
840
4124
18
400
67
22
29183
69
27076
35
41729
272
63
20
116751
69
747
272
63
21
116751
69
747
713
400
67
22
29183
69
57894
272
63
22
116751
70
11
516
297
400
67
22
16
689
189125
10991
67
22
5791
21
2308
23
16
713
840
4124
18
400
67
23
29183
69
3949
70
27076
2143
33
22
16
272
63
23
116751
69
11
297
400
67
23
16
840
4124
18
400
67
24
29183
69
3949
70
27076
2143
33
22
16
272
63
24
116751
69
11
297
400
67
24
16
840
4124
18
400
67
25
29183
69
3949
70
27076
2143
33
22
16
272
63
25
116751
70
11
297
400
67
25
16
840
4124
18
2586
840
20789
16
14441
382
681
373
390
27193
728
399
33
22
18
400
67
21
29183
69
57894
272
63
21
116751
71
11
516
297
400
67
21
16
2143
33
21
2308
22
2649
840
4124
18
400
67
22
29183
69
3949
71
27076
2143
33
22
16
272
63
22
116751
71
11
297
400
67
22
2649
840
4124
18
400
67
23
29183
69
3949
71
27076
2143
33
22
16
272
63
23
116751
71
11
297
400
67
23
2649
840
4124
18
400
67
24
29183
69
3949
71
27076
2143
33
22
16
272
63
24
116751
69
11
297
400
67
24
2649
840
4124
18
2586
840
20789
16
14441
382
681
373
92
36714
728
399
33
21
18
400
67
21
29183
92
57894
272
63
21
116751
92
11
297
400
67
21
2649
840
4124
18
400
67
22
29183
92
57894
272
63
22
116751
93
11
516
297
400
67
22
16
2143
33
21
2649
4124
468
700
33
22
35
2209
4607
20789
846
468
225
22
306
225
23
18
8439
304
492
16
700
33
22
1011
361
265
4124
16
306
700
33
23
30
400
67
23
29183
92
3949
93
27076
35
26128
16
272
63
20
116751
92
747
272
63
21
116751
92
747
272
63
22
116751
93
6627
400
67
23
351
867
2350
63
20
30
23
6577
351
15572
92
3949
93
57894
2143
33
22
16
399
33
21
16
713
516
4124
18
2586
1094
700
33
22
4124
16
689
539
1078
20789
468
225
22
306
225
23
18
2586
277
4550
344
14044
8227
10991
7193
66546
79
306
272
2943
65
516
297
400
7193
13
6632
4124
468
700
33
22
1094
16
516
468
700
33
23
18
2586
1850
30899
382
8428
341
903
265
4124
468
700
33
23
297
277
4607
35
16473
37687
373
92
36714
6
402
399
33
21
638
261
1472
30
867
202322
261
912
20
1150
30
867
1801
92
732
261
912
21
1150
30
1150
297
867
16
4622
203
261
912
22
349
30
349
516
297
867
16
867
2287
33
21
582
79
2649
4124
1714
349
18
2586
4124
468
700
33
22
388
261
699
10368
1472
468
225
22
30
867
1801
93
732
261
912
23
698
30
698
516
297
867
16
867
2287
33
21
582
79
2649
4124
1714
698
18
2586
4124
468
700
33
23
388
4892
4124
468
700
33
23
10549
366
277
867
391
93
2547
516
366
400
67
23
351
15572
92
3949
93
11
7342
2586
14233
16
4124
4550
10549
366
277
10368
867
16
516
277
2833
16514
867
382
27872
16
954
7977
400
7193
4158
341
47967
6078
18
2586
539
1998
4309
382
23928
277
16066
16
2964
1616
31029
386
277
2746
341
5716
2702
306
4164
6382
9130
6900
1013
373
127680
306
42066
17422
6
420
373
48353
6657
402
13822
1403
3210
22977
277
9444
4377
5119
265
164178
898
5267
402
60860
16
2688
16981
344
82
6758
225
622
66
24
16
399
6758
225
1670
680
14812
539
530
911
265
38474
402
1889
344
77
16
8588
13
689
21957
30456
1347
277
1689
386
8588
2287
6758
399
16
306
911
265
9120
1013
373
12271
402
13822
305
352
30671
6
1207
539
17208
352
1450
700
277
2731
30456
99164
499
277
1472
16
306
1232
1682
20789
18
957
341
3600
304
277
373
191858
3627
101139
18131
21161
6
4158
18
1563
265
6842
1794
16
277
1435
302
99164
30456
499
1472
341
468
1210
307
15
21
18
1563
265
2312
16
539
1387
17771
14299
277
99164
30456
499
1472
352
277
11116
1794
18
7517
539
569
1094
730
2312
16
539
1387
17208
277
699
99164
30456
498
6857
499
1472
306
2165
277
11116
30671
16
697
1011
361
504
4020
535
1435
9414
142438
13
592
539
1609
2212
59689
898
616
30456
468
1450
2413
18
2209
539
1387
37687
5502
30
6857
499
8588
33
20
16
539
1343
8210
60166
16
24938
8588
3308
304
277
6650
16
306
27946
20789
18
9405
7662
504
4020
13
621
15376
18
2586
7898
1132
382
2608
9745
539
530
39024
277
15376
352
1451
3393
498
1347
277
1689
386
277
6650
1094
10549
366
3473
277
1843
3083
341
297
277
1843
8588
306
277
8588
2287
18
957
341
1013
265
1889
5704
1207
277
1889
341
277
8588
18
1283
1387
687
52448
16
352
1450
2413
700
16
265
1154
285
7193
99512
13
386
6714
277
699
8588
306
3473
265
4124
9848
18
5489
85242
277
4425
1794
499
8588
33
20
341
11104
304
71090
1131
5442
18
52516
265
3083
468
278
3393
277
1154
468
2413
278
18
1437
539
1387
41166
5442
6697
16
8696
1347
910
49371
3920
35
461
5442
436
516
8162
16
689
724
436
57272
382
2558
539
1387
687
52448
277
373
75226
6
302
616
5442
6329
2413
278
16
539
1387
5646
277
6816
1154
468
278
306
1232
4622
18
957
10334
1347
10368
6657
420
11674
32994
304
18636
5442
18
7517
539
569
778
304
225
622
66
24
10690
16
539
1387
2077
265
10368
6657
1207
1450
4572
13125
265
14894
499
2740
8588
304
3271
344
24986
16
4124
16
2475
23538
13
352
277
10368
411
13823
18
5489
352
265
2688
2312
468
278
16
539
530
6132
277
10368
6657
304
17208
277
6381
1193
498
13997
277
11116
1154
468
278
306
1232
25845
402
852
17158
18
2952
16
277
1435
302
30456
621
4572
1387
361
2927
18
2209
9745
539
530
21957
1480
277
1435
302
30456
386
3757
5230
396
15028
304
277
5442
297
277
6381
15376
341
5885
344
271
1210
307
15
21
680
2586
539
1387
4793
352
1450
4572
265
20078
14894
499
8588
304
3271
16
689
1094
352
30456
386
436
6964
352
277
10368
35
2952
16
890
539
18636
10552
16
277
867
302
30456
386
3434
1257
2428
7653
18
2209
8696
539
530
5879
277
2983
1435
302
30456
3796
616
10552
498
504
4020
535
34481
15309
3557
2897
382
23928
277
845
16
2964
2540
304
3138
265
4377
386
88934
12903
1395
3393
689
402
387
17422
30
352
1450
2312
16
539
37687
277
1343
16
689
539
2984
3836
592
539
3402
8047
277
17910
6756
344
8781
341
307
16
689
396
539
9968
16
402
399
34
21
16
2687
874
361
2336
680
2952
16
539
530
17208
277
17910
6756
6043
35
3557
2897
382
25790
539
530
17208
277
6756
2731
48112
498
265
70876
8860
386
23675
304
2299
20789
29206
2731
16
697
2428
3050
387
7866
5879
18
2209
539
1008
5204
382
23928
277
15924
16
342
1761
342
1998
4369
386
342
4273
11199
492
2746
7095
1616
18
2952
16
277
12759
4060
30
373
3039
1196
18523
277
2363
385
11116
297
265
127068
2363
2732
344
22310
642
61694
277
4607
5442
118742
2586
724
2364
471
304
3138
277
1154
18
99008
277
1310
4027
436
1175
386
265
25485
504
4020
66
22
13
420
504
4020
535
34481
13
4377
19553
1480
307
33
622
66
24
306
34481
33
1670
16
689
504
4020
535
34481
13
341
225
15316
79
16
516
504
4020
66
22
680
26128
16
592
539
2050
616
3393
344
82
535
225
1670
13
306
352
1450
2312
539
37687
297
504
4020
733
4924
504
4020
66
22
535
34481
13
351
225
22
18
26
73
29
18
2209
592
539
2050
616
3393
306
352
1450
2312
539
37687
297
504
12
21
13
498
1347
687
105464
925
16
386
1011
361
504
4020
535
34481
680
2586
539
1008
504
12
21
13
621
2312
382
23928
277
16066
16
2964
2540
304
3138
277
12601
1557
689
4309
277
4550
352
4124
468
700
18
22977
539
530
4601
4124
468
700
297
4249
302
277
10368
867
16
697
530
361
11470
499
277
16514
867
306
277
2009
4124
2413
18
2209
8696
539
530
687
52448
352
1450
700
277
10368
1472
306
277
10368
867
499
277
4607
1343
18
5489
352
265
2312
468
278
16
539
530
5827
697
700
1518
278
436
9175
306
17208
699
20789
1347
29440
2387
366
277
2312
382
19477
5842
386
382
7974
16
17208
277
4607
17322
30
277
17158
306
725
1472
306
1169
23864
18
1283
530
17208
387
4173
3371
13420
2943
65
352
700
499
225
20
304
307
16
1207
3371
13420
2943
65
341
277
1472
3591
302
277
10368
386
5720
2413
700
344
77
3077
1278
277
21820
3591
6758
700
1175
386
840
4124
1360
3371
13420
2943
65
306
700
680
41729
16
539
530
17208
387
4173
341
88201
2943
65
352
700
499
225
21
304
307
17
21
14999
592
265
4124
9848
468
700
18
5489
539
530
17208
10368
18758
30
277
17158
436
22302
648
6373
16
1169
65
1207
1472
351
3733
4124
3591
344
273
225
20
733
1169
351
1843
4124
3591
506
225
21
18
1563
1450
10368
16
539
530
17208
969
867
302
9746
8210
16
1465
411
3371
7826
86852
65
344
1943
277
10368
6857
468
1472
680
1283
530
687
52448
1131
8023
396
3422
204779
382
8311
16
352
265
2312
468
278
16
539
1008
304
17771
14299
277
17322
18
461
2312
1387
3910
17158
386
2549
278
18
887
1387
851
2299
265
4124
468
278
16
697
1011
11297
277
10368
7824
278
983
1217
17158
30
277
766
1714
278
306
277
766
6857
468
278
382
2558
277
2312
1414
516
2299
265
4124
468
278
16
1232
277
10368
7824
278
8320
32465
16
689
969
867
3393
1480
272
35950
65
6816
18
957
1387
3910
277
867
302
386
10368
306
12146
3866
265
4124
304
5230
468
910
3735
2413
2223
386
10368
344
77
3077
1278
277
10368
2428
1169
7977
420
3735
680
6755
16
411
1387
3910
277
867
302
13845
17158
35
2523
16
1480
13845
17158
1472
1325
277
1169
302
492
10368
16
697
341
38750
9082
265
4124
9848
7977
18
2586
1094
277
10368
7824
278
306
11568
277
4124
468
278
5513
436
5502
9175
18
2952
16
592
277
2312
7815
265
4124
468
278
16
1232
539
569
265
699
10368
6857
468
278
16
306
277
10368
1714
278
11751
468
278
17
21
18
461
699
10368
494
867
341
15528
391
71
7342
957
1387
3910
20789
2223
386
699
10368
306
851
13845
17158
1480
277
1889
1325
5993
278
15
21
341
1497
382
27872
16
277
1603
302
265
2312
341
38135
304
277
10368
2350
13
386
2549
278
306
277
2165
10690
3369
277
2475
4124
297
277
4607
35
3557
7662
16
1480
592
265
4124
9848
468
278
16
277
699
10368
2428
569
265
1497
867
16
697
1387
3910
20789
468
10690
2223
386
699
10368
306
851
3735
17158
1480
277
1889
468
277
1169
302
277
10368
642
361
1497
16
11568
53481
890
277
2475
4124
9848
382
2608
9745
539
530
17208
277
699
17322
498
85242
1094
499
278
101037
16
1347
277
4607
17322
1478
304
6697
18486
5412
1207
277
867
4007
2312
35
1563
2024
16
592
539
2312
272
35950
65
689
277
867
302
277
10368
8320
277
1656
344
73
1627
1278
592
274
341
3402
297
277
867
306
277
867
2287
460
399
733
1232
277
1343
499
278
15
21
2428
361
16896
304
4607
499
386
1646
35
3557
7662
16
1480
277
3083
468
278
6816
16
689
592
1850
3402
297
277
867
16
277
867
8320
277
1656
16
306
277
3687
2428
361
74224
1480
277
1094
5052
341
277
3083
468
278
16
689
2650
1850
3402
297
277
867
16
277
3687
5814
2428
361
277
1656
396
4607
35
16473
1310
30
20313
1794
272
16
2312
272
35950
65
304
274
16
1207
274
341
3402
297
277
1843
10368
494
867
306
277
867
2287
460
399
18
5489
890
5993
278
16
840
4124
16
867
38750
18
1563
10690
1325
278
16
277
8210
436
38750
18
461
1843
867
1325
5993
278
341
277
1656
396
4607
344
29753
539
4472
274
16
689
411
540
3402
903
680
2586
277
1889
341
16896
304
4607
18
8111
16
277
20789
1325
278
1196
361
7662
277
1656
396
4607
18
2251
386
2837
1641
35
14994
4607
30
468
2413
278
16
277
867
1714
278
341
330
18
4790
5993
4607
272
35950
65
344
1018
733
539
3289
699
867
330
11
344
57009
330
93970
391
1018
97
592
3776
680
1437
539
2312
272
35950
65
304
274
1207
274
14222
330
306
367
55
96
460
399
16
1232
1325
5993
16
277
867
7883
330
344
29753
274
3402
297
330
680
610
277
4607
16
1325
5993
2462
16
277
867
6511
330
11
697
2428
361
330
93970
391
1018
97
344
359
2462
516
297
330
13
420
330
344
359
2462
297
330
680
7517
2462
1387
361
1497
499
274
16
277
8023
330
11
306
330
874
1173
18
2586
277
1889
1325
278
1387
361
1497
18
2952
16
592
330
11
351
330
16
1232
277
1889
341
1656
18
2973
1011
330
11
351
330
35
3483
8913
592
2462
3402
297
330
344
664
330
11
351
330
13
420
592
367
55
96
460
399
306
2462
516
297
330
35
41729
16
592
367
55
96
460
399
306
2462
516
297
330
16
1232
330
11
351
330
93970
391
1018
2547
697
341
6892
936
330
18
2586
1889
35864
18
2586
592
274
341
297
330
306
2462
516
297
330
16
4607
1889
7883
330
93970
391
1018
2547
699
1889
8320
330
18
2586
1889
35864
18
7893
16
3687
20789
1387
361
1497
382
27872
16
539
4273
5207
18486
382
23928
277
845
16
2964
2540
304
3138
265
4377
386
23675
616
3393
306
126125
16
689
402
387
17422
386
539
687
52448
277
4607
17322
306
1232
352
1450
2312
539
37687
1347
277
4607
17322
396
265
3349
306
6313
1094
890
4778
18
2952
16
386
2428
2188
361
9702
382
45
1761
342
1008
304
4369
386
342
4273
11199
492
2746
1616
18
2209
277
12759
6382
636
304
2483
265
4377
18
22977
277
4655
4377
341
304
911
9342
11574
402
250584
306
3655
2714
8942
71765
35
3557
382
25790
342
1196
1538
778
277
2746
4538
18
461
1154
1227
2687
222888
14028
32057
44950
306
277
194863
10334
411
2428
361
499
387
2486
15856
18
342
19877
265
2746
373
44912
48112
402
730
2312
6
366
7654
122650
420
2761
18
99008
277
4377
5119
265
70876
4158
402
265
10368
6657
382
23928
277
845
16
2964
2540
304
6496
265
4377
386
19553
277
2688
6292
498
88934
99677
898
3393
689
402
387
3836
10085
592
539
1511
265
17322
6792
304
277
17910
6756
344
8781
539
530
17208
396
277
1435
302
9746
8210
35
3557
4309
680
2209
539
530
17208
277
17910
6756
396
307
344
29753
402
730
2312
16
1387
539
2837
8047
307
35
2523
16
2024
21
4213
2687
225
23
460
225
25
680
2586
516
382
25790
539
530
17208
387
7866
5879
30
461
6756
1435
302
48112
341
468
1210
277
1435
302
9746
8210
4171
2761
35
3557
382
45
1761
342
1998
3138
277
12601
1557
689
402
277
4309
4124
4550
18
22977
539
530
32012
277
4309
4550
297
4249
302
16514
8023
592
539
851
1287
277
10368
1472
18
1563
265
2688
700
16
277
10368
1472
341
277
1210
5089
4124
3591
1714
700
16
1465
411
11075
88201
18
5489
277
10368
867
330
351
867
2350
63
19821
88201
55327
23923
957
530
361
10224
396
277
867
302
8210
386
569
13149
297
277
16514
778
304
700
17
21
16
30774
1731
8210
386
13149
1714
11075
88201
18
3483
341
16
330
351
400
7193
795
400
1242
19821
88201
2547
1207
400
7193
341
867
2350
63
20
55327
24299
400
1242
19821
88201
97
341
867
2350
63
20
30
19821
88201
23923
20987
16
1480
277
10368
11775
302
8210
499
11075
88201
304
700
17
21
18
2586
330
351
400
7193
795
400
1242
19821
88201
7342
9177
5
9405
265
1993
16623
382
27872
16
277
4124
4550
468
700
7883
638
261
506
367
40
7193
795
400
1242
19821
88201
28004
1377
399
203
261
506
272
2943
65
516
297
344
40
7193
795
400
1242
19821
88201
19157
8311
16
400
1242
19821
88201
97
341
277
867
302
8210
297
277
16514
778
304
277
3733
4124
18
461
3733
4124
341
910
3591
477
460
700
1207
265
4124
11566
18
2586
539
569
265
4127
382
8311
16
592
539
569
277
4607
20789
16
539
1287
616
11075
88201
352
1450
700
18
1563
700
1207
265
4124
9848
297
277
4607
16
11075
88201
341
277
4124
468
700
5513
35
26128
16
352
265
4124
468
700
16
277
10368
1714
700
11751
468
700
17
21
16
306
969
1472
341
277
3733
4124
344
56506
477
680
5489
1325
277
4124
16
539
1472
265
699
10368
468
700
18
2586
352
4124
468
700
16
11075
88201
341
277
3733
4124
3591
344
1833
1472
302
277
10368
680
2586
352
265
4124
468
700
16
539
569
330
351
867
2350
63
19821
88201
55327
6577
306
3776
382
8311
16
352
265
2312
468
278
16
277
20789
874
2312
16
713
277
11075
88201
352
700
1518
278
874
2312
18
2952
16
8696
539
530
2188
911
492
11183
382
1905
5563
2188
4110
382
23928
277
845
16
2964
2540
304
6496
265
4377
386
19553
277
6292
498
17713
265
88934
99677
898
3393
402
15376
16
689
1347
11636
306
22026
386
277
1310
4027
436
516
2502
2927
306
386
539
530
24819
498
1347
13822
1403
306
3836
32521
18
7517
307
33
622
66
24
306
1435
302
3393
33
15316
79
16
2983
5826
225
22
18
26
73
29
16
697
341
13861
18
2209
8696
277
5772
1310
4027
569
7922
307
35
461
2746
6434
4060
225
21
6758
6441
2350
13
6758
225
622
66
24
16
689
277
1310
4027
297
277
10686
2549
14580
302
4354
225
622
16
225
28
16
4115
18
461
4728
1310
4027
569
31051
778
304
225
622
344
73
1627
1278
489
73
935
4786
38308
11
4354
225
28
16
489
53742
47847
62503
11
4354
225
28
16
4115
680
41729
16
277
1310
4027
297
277
2292
1154
2549
638
261
489
390
27193
11
344
25
465
261
489
69
11020
377
11
344
26
465
261
489
92
36714
11
344
24
465
261
489
26124
932
11
344
25
465
261
489
232152
11
344
26
465
261
489
91
52697
85983
11
344
26
465
261
489
73
935
4786
38308
11
344
28
465
261
489
53742
47847
62503
11
344
28
465
261
489
92
36714
11
344
24
13
344
106983
465
261
489
34777
78
61749
355
85
11
344
28
465
261
489
73
359
73919
27450
3257
11
344
622
465
261
489
24589
41476
11073
11123
29595
11
344
622
465
261
489
36173
85
6669
24589
27401
11
344
622
994
3196
14580
297
277
3419
6292
436
4354
6758
225
622
18
9405
2164
5
461
4728
1310
4027
569
4354
468
1210
225
622
18
2586
277
5772
6292
1161
304
13561
277
1154
2428
361
1094
1131
2164
14580
18
461
2746
6434
4060
6441
2350
13
778
304
225
622
66
24
16
689
277
1310
4027
3419
436
616
2164
18
461
12759
4060
373
4399
3138
277
1154
4546
306
1717
616
277
6292
1304
887
4007
2132
539
1008
304
5203
778
304
225
622
66
24
297
277
1310
20155
31
411
1060
4060
277
1154
1196
831
352
386
2783
18
2209
277
6292
3419
436
2164
18
2586
539
530
3138
265
88934
99677
4377
386
23675
616
3393
306
126125
16
306
411
642
1717
1480
277
1310
14580
436
1586
3211
344
4956
4354
225
622
680
8269
592
539
2050
616
3393
344
622
14
1670
33
15316
13
306
37687
504
4020
13
1450
344
4956
225
622
733
2983
7154
5907
22
5239
16
39154
382
9650
5
9405
277
1993
18
461
1310
4027
297
277
10686
436
616
2164
18
461
4728
1310
4027
569
4354
468
1210
225
622
18
2586
539
530
5207
88934
99677
898
616
2731
3393
344
4296
306
699
3083
13
306
37687
277
1343
352
1450
16
17208
277
1435
302
48112
16
306
758
277
6756
18
7517
277
6756
4354
297
6292
341
225
622
16
492
341
17187
6772
382
27872
16
539
1907
1008
387
7434
4377
31
539
530
3138
265
25485
504
4020
66
22
535
34481
13
4377
386
642
1717
277
2688
6292
1480
307
341
15747
382
2110
1196
16
4397
16
4802
386
954
1154
4229
352
277
3449
16981
396
1357
16
689
352
277
6059
302
14303
277
6292
16
88934
99677
341
18597
18
461
2746
6434
4060
373
21
6758
6441
2350
13
6758
225
622
66
24
728
689
277
1310
4027
436
2164
18
610
1175
17673
8013
16
2781
277
1310
4027
2549
6892
15028
16
689
1743
724
19986
3050
265
867
302
1310
4027
304
2292
18
2227
2428
851
569
8887
6292
402
6892
307
18
2209
277
12759
4060
373
10112
616
277
6292
3210
461
6292
3577
436
277
6299
499
277
194863
306
277
4728
1310
4027
18
15040
436
277
6292
539
1998
1717
18
2586
539
530
3138
265
4377
386
4229
352
1731
1310
14580
18
8269
592
903
436
8887
6292
402
6892
307
16
539
2428
4759
18
2952
16
277
2746
341
499
387
17409
5199
1207
724
2483
277
1310
4027
297
277
10686
18
32468
16
724
1094
1310
2737
1731
4027
18
2586
539
530
771
3624
402
88934
99677
382
27872
16
9916
3138
265
1154
386
638
17
1563
1450
2413
278
297
2783
4020
2407
261
506
1563
1450
699
3083
274
297
489
173862
11428
348
506
6993
265
699
1794
272
22
351
272
10841
84
65
692
274
692
272
35950
15
21
72852
348
506
119812
277
1343
366
272
22
304
17208
1435
302
48112
388
348
506
13873
2687
388
17
6755
1994
840
2312
344
77
3077
1278
4607
1794
13
498
2291
411
344
273
1472
2687
402
4607
3098
17
7448
2687
382
83812
30
5904
277
70876
1343
30
3285
7826
351
867
3787
1682
351
225
20
18
1563
466
297
272
22
30
592
466
516
297
3285
7826
306
6441
58539
7826
13
1377
399
30
1682
4284
225
21
31
3285
7826
351
391
329
97
1625
30
3285
7826
3352
30400
680
4790
9284
16
1682
692
225
21
35
26128
16
17034
30
461
1435
302
48112
341
277
1435
302
3041
539
4124
1115
265
16514
18
610
277
15376
16
539
19706
1682
890
539
4124
1714
265
3083
18
3092
277
1169
16
539
569
8809
277
2009
10368
16
713
2983
48112
351
1682
692
225
21
344
29753
1682
341
1435
302
20789
680
27536
16
539
530
23939
48112
351
225
20
16
306
1450
845
539
4124
16
539
1472
265
699
10368
306
19706
48112
35
16473
8483
30
1283
1472
402
17322
1682
351
225
20
18
2973
539
4124
1714
265
3083
16
539
569
11691
265
10368
16
713
539
19706
17322
1682
18
4790
5993
616
8210
16
539
569
730
717
10368
344
1833
2009
730
733
713
539
19706
17322
1682
498
225
21
468
277
1169
18
2586
2983
48112
351
344
5686
302
20789
13
692
225
21
18
610
277
15376
2946
16
592
539
19706
1682
890
539
4124
16
1232
1325
9284
16
2983
351
1682
692
225
21
382
61792
3138
15376
19792
1347
265
867
306
265
7323
352
9746
2287
18
7517
307
341
2164
16
1850
6772
382
61792
851
2549
277
4607
1794
396
265
12578
344
77
3077
1278
840
2312
680
3483
21062
304
516
9212
839
3083
382
135566
30
1563
1450
1310
1690
16
402
2687
4354
225
622
16
1435
302
3393
351
225
622
14
1670
351
225
15316
16
15376
504
12
622
13
1450
16
39154
382
27872
16
539
530
4602
277
1154
6043
382
19477
3138
382
61792
1008
304
1250
5601
3364
382
24157
4027
30
399
874
361
225
21
16
4115
382
61792
9284
898
616
10690
278
306
616
699
57697
18
1563
1450
16
17208
48112
18
13873
2687
382
2110
1196
851
1994
277
12634
302
516
3130
839
2312
16
697
341
9494
498
5210
616
3393
1207
699
1585
1377
2462
35
2209
386
1011
361
128009
18
1283
530
1060
17208
4607
48112
22560
306
1863
2687
382
44023
5826
1375
1847
2687
222888
14028
32057
44950
2350
16
399
2407
298
307
351
6441
2350
465
298
917
37687
2323
2407
348
3285
7826
351
867
1653
348
20789
351
225
20
203
348
352
466
297
262
638
454
592
466
516
297
3285
7826
306
6441
58539
7826
13
1377
399
638
615
20789
4284
225
21
203
615
3285
7826
351
391
329
732
454
1625
638
615
3285
7826
3352
30400
465
348
758
20789
692
225
21
225
905
48112
300
298
905
4607
203
298
1861
351
37687
2350
994
298
352
278
297
2783
4020
2407
348
2462
351
272
35950
1391
348
352
274
297
489
173862
11428
454
592
274
1377
2462
638
615
4622
203
454
262
351
272
10841
84
65
692
274
692
272
35950
15
21
72852
454
1861
351
2687
168948
16
37687
2323
12319
298
758
1861
300
1905
642
1717
277
2688
6292
1480
724
436
2164
382
2110
1196
4802
386
539
1994
468
1210
730
2312
16
713
539
436
4183
7662
386
382
8311
16
13640
1310
38278
402
7120
1375
87
2371
390
27193
747
399
33
22
18
37687
4607
6632
225
21
18
52516
4658
274
304
290
6632
225
23
18
5641
9284
642
2050
386
306
771
225
23
18
2586
1861
33
23
382
87
2371
69
11020
377
747
399
33
23
18
4607
225
21
18
12421
3393
16
689
4164
840
2516
16
713
1861
30628
225
21
382
87
2371
92
36714
747
399
33
21
18
4607
37687
35
489
92
36714
3026
3285
7826
166507
20789
33
20
388
261
466
2371
92
3026
516
297
867
16
6441
37511
5791
20
32
21
2649
919
16
867
29183
92
33487
261
466
2371
92
3026
297
867
2649
919
344
83575
465
261
466
2371
93
3026
516
297
867
16
6441
37511
5791
21
582
79
2649
4124
16
20789
33
21
16
867
29183
93
33487
261
466
2371
94
3026
516
297
867
16
6441
37511
5791
21
582
79
2649
4124
16
20789
33
22
16
867
29183
94
33487
261
48112
351
20789
15
21
351
225
23
18
2586
4607
225
23
18
52516
1749
1150
304
265
30
489
92
354
94
11428
261
466
2371
92
3026
867
29183
92
33487
261
466
2371
69
3026
265
516
297
867
16
6441
33
21
582
79
2649
4124
16
20789
33
21
16
867
29183
69
33487
261
466
2371
93
3026
349
516
297
867
16
6441
33
21
582
79
2649
4124
16
20789
33
22
16
867
29183
93
33487
261
466
2371
94
3026
698
516
297
867
16
6441
33
21
582
79
2649
4124
16
20789
33
23
16
867
29183
94
33487
261
48112
351
225
24
18
2586
1861
33
24
382
41204
382
27872
16
492
4377
19553
277
3419
6292
382
23928
277
16981
297
277
10686
16
492
341
18597
382
36795
1616
4602
277
2522
2363
402
277
1154
306
2549
277
2292
1154
35
461
10686
4060
373
5677
4222
59947
5533
213288
1304
2586
539
1196
516
2549
277
2292
1154
297
954
3032
31
1060
277
1154
8559
18
2209
539
530
2549
277
1154
306
11568
277
37687
5451
382
61792
3271
277
2363
297
265
3225
2732
382
19477
4602
277
2522
3032
5834
37182
485
3080
14487
203
1847
2687
222888
14028
32057
44950
2350
30
1284
16
399
30
853
13
2649
853
638
298
11192
23928
265
1794
272
306
387
11795
399
16
5827
277
6756
1435
302
48112
2731
203
298
1325
37080
9212
468
1210
730
3083
297
272
304
2484
64616
7330
388
298
461
68723
1343
30
27326
1863
277
30041
16514
402
468
1210
399
9746
203
298
8210
16
5909
411
344
620
17322
733
306
14361
3369
277
1794
341
8295
388
298
8340
298
917
48112
2323
30
1284
13
2649
853
638
348
11192
9690
277
1435
302
48112
352
1794
262
1347
277
70876
1343
33240
348
3285
7826
351
867
1653
348
20789
351
225
20
203
348
352
466
297
262
638
454
592
466
516
297
3285
7826
306
6441
58539
7826
13
1377
399
638
615
20789
4284
225
21
203
615
3285
7826
351
391
329
732
454
1625
638
615
3285
7826
3352
30400
465
348
758
20789
692
225
21
261
905
1450
4124
11751
265
10368
16
4171
277
2009
10368
300
298
307
351
6441
2350
465
298
1861
351
48112
2350
13
261
905
1690
30
840
2312
300
298
905
12421
9212
468
1210
730
3083
203
298
352
278
297
2783
4020
2407
348
2462
351
272
35950
1391
348
352
274
297
489
173862
11428
454
592
274
1377
2462
638
615
4622
203
454
262
351
272
10841
84
65
692
274
692
272
35950
15
21
72852
454
1861
351
2687
168948
16
48112
2323
12319
298
758
1861
203
3080
255013
255001
255000
255002
255012
203
9037
3733
5842
7935
277
6292
18
19426
277
2615
638
202890
344
4024
5089
1465
2009
2407
225
7368
68976
71
14979
47186
44395
78
457
8035
728
1880
225
7421
16
297
460
10438
485
298
2292
20399
222888
14028
32057
44950
465
225
7368
68976
71
14979
47186
44395
78
457
8035
728
1880
225
1952
16
297
2292
203
298
3999
12578
984
92
36714
747
225
21
13
1377
225
26
203
2613
7238
93321
41114
203
93704
2466
33109
1699
146817
16
492
341
593
3973
30
7060
277
2165
1154
16607
306
194863
16
7095
3138
277
1154
4546
306
1717
616
277
6292
18
1995
5677
4222
59947
5533
213288
28430
3039
1196
18523
277
2363
385
11116
297
265
127068
2363
2732
344
826
22057
13
344
22310
642
61694
277
4607
5442
13
255013
255001
255000
255003
255012
36231
748
122150
1008
304
3138
277
1154
2687
222888
14028
32057
44950
2350
16
399
13
386
6714
277
6756
1435
302
48112
67523
1325
37080
9212
468
1210
730
3083
18
461
68723
1343
30
5857
277
30041
16514
402
468
1210
399
9746
8210
16
5909
411
344
118107
396
730
17322
733
306
14361
3369
272
341
8295
382
669
60305
4158
30
2050
616
2731
3393
344
82
535
225
948
13
306
17208
48112
352
1450
6816
1794
18
307
778
304
225
622
66
24
16
4924
225
6701
79
3393
16
306
1450
48112
10424
297
504
4020
13
1117
225
22
18
25
73
29
7154
16
2502
5983
382
2110
1008
265
55181
4377
18
87228
30
461
68723
1343
341
70876
30
539
2837
1863
277
30041
16514
402
20649
399
9746
57697
18
3483
341
57272
2688
277
1794
18
2586
539
1008
304
29093
277
1435
302
17158
344
236942
13
498
37080
9212
730
3083
382
2110
1008
304
2550
1030
9212
265
3083
16156
277
1435
302
17158
18
7517
399
530
361
778
304
225
1670
16
306
1794
4354
778
304
225
622
66
24
16
539
1008
504
4020
13
420
504
4020
535
34481
13
9745
382
2110
1387
1994
38474
420
70876
402
10368
18758
382
19477
16216
277
70876
1343
18
29261
265
1154
285
2350
13
386
6714
1435
302
17158
344
236942
680
103940
304
25354
2454
304
1503
16
14140
265
867
302
9746
8210
4156
297
1843
10368
18
2973
8811
277
2475
3083
16
592
411
1011
3764
9746
1682
7835
399
16
539
1169
277
1843
10368
468
3733
2413
16
1472
265
699
10368
402
386
3083
18
2586
277
1435
302
17158
341
277
1435
302
3041
539
1008
304
12760
4171
225
21
382
4892
539
530
17208
285
2350
13
297
504
4020
680
1563
2024
16
352
272
351
373
390
27193
728
399
33
22
30
1343
638
17
10368
21
30
265
2649
867
391
69
732
17
274
2649
391
69
25201
97
2287
33
22
203
17
274
2649
391
69
25201
97
2287
33
22
203
17
274
2649
391
69
25201
97
2287
33
22
203
17
265
2649
1011
3456
391
69
25201
28919
105323
41729
9746
391
69
25201
97
2287
33
22
16
265
3402
297
867
16
713
840
12760
18
2586
10368
21
6977
616
277
1528
304
1169
1117
225
21
10368
18
26128
689
2024
4060
402
840
2312
35
41729
277
2024
30
2687
222888
14028
32057
44950
984
390
27193
747
225
22
13
351
225
23
18
2586
402
840
2312
16
285
984
390
27193
3015
35
16473
17208
30
272
2371
390
27193
747
399
33
22
18
15225
9894
30
1472
10368
21
30
265
16
274
16
274
16
274
16
265
18
9746
867
351
391
69
25201
97
2287
33
22
6207
16
3042
33572
399
16
713
3042
114657
18
2586
1094
225
21
10368
18
3483
14441
277
1154
3271
35
41729
724
2963
277
6756
1325
37080
9212
730
1585
341
225
23
18
2586
402
840
2312
1850
225
21
35
2209
277
1154
1998
758
6756
1325
37080
9212
16
713
592
840
2312
341
1861
35
2209
277
2024
494
4655
758
341
225
23
16
6115
402
910
2312
724
8047
225
23
48112
18
2586
277
3032
341
277
6756
3724
21254
16
2291
840
2312
18
2586
539
1008
304
17208
386
6756
382
27872
352
489
390
27193
11
399
33
22
16
1861
341
225
23
382
3185
304
771
225
23
35
52516
730
3083
18
8548
730
35
99008
2312
730
489
71
11
304
489
70
58283
16473
1310
30
489
377
27193
747
399
33
22
18
15225
9894
30
10368
21
30
265
16
290
2649
9746
391
69
19230
97
2287
33
22
18
2475
274
2649
9746
391
69
19230
25201
97
2287
33
23
1518
399
1117
12760
1714
274
16
713
1058
10368
489
377
747
1749
10368
1472
468
274
30
274
16
274
16
265
2649
9746
391
71
28919
97
2287
33
22
18
2586
2983
17158
351
225
22
35
41729
539
569
30
489
377
11
344
13695
733
1232
489
27193
58283
26128
539
1008
30041
16514
1450
845
18
2586
1325
96342
468
2413
1325
489
70
11
344
2640
225
22
86006
539
1863
2475
10368
30
1472
468
3591
22
489
71
747
2549
274
16
274
16
265
2649
616
9746
20649
22
16
713
10368
22
351
373
27193
728
3410
1117
2983
225
22
17158
18
9405
516
225
23
382
25790
2312
489
69
11
468
7673
304
2761
1625
35
16473
88934
30
272
2371
390
27193
747
2050
2312
1450
2413
306
1450
2731
699
1585
18
1283
530
20488
17208
1861
382
2110
530
4602
2164
6775
38278
35
2209
8696
539
530
3368
30
461
48112
1682
341
15837
277
1435
302
3041
277
9746
1682
22490
399
15
21
890
8811
8210
16
4171
225
21
18
2586
1450
845
539
569
265
373
17630
728
386
72297
10368
1682
382
27872
277
1435
302
17158
351
225
21
692
1435
302
10690
700
344
20
218853
13
1207
8811
272
2943
65
1011
3764
9746
1682
7835
399
16
700
3077
1278
277
4550
30
344
87
2943
65
516
297
3285
7826
306
6441
58539
7826
13
1377
399
680
2586
17158
351
225
21
692
1682
302
373
18906
6
23864
382
4892
64246
17158
341
11104
304
64246
277
1435
302
114657
16
700
3077
1278
5796
277
1435
302
3041
277
9746
867
23459
399
15
21
382
8311
16
592
539
530
2312
730
3083
16
539
530
12146
2299
4814
114657
420
4613
114657
35
41729
539
1587
29093
1435
302
114657
16
713
539
1587
304
3866
396
1451
114657
396
2731
18
52516
265
3083
530
3673
3866
265
12760
468
969
2413
420
3910
3687
114657
382
2608
17034
30
461
70876
1343
341
57272
31
411
2837
5443
277
30041
16514
402
20649
399
9746
8210
18
2586
277
114657
5181
7662
468
23864
1207
277
3083
341
699
306
277
867
3402
674
399
9746
18
2586
277
4619
30
1283
569
265
35873
5702
302
9746
8210
18
3092
1450
2672
16
539
4680
277
867
302
8210
297
1843
10368
18
2973
539
13530
265
3083
516
297
867
306
867
2287
1377
399
16
539
4124
1714
411
344
77
3077
1278
1472
699
10368
13
306
12760
867
304
3451
1094
386
3083
18
2586
1450
1175
2621
72297
17322
1682
382
27872
277
1435
302
48112
351
225
21
692
34856
302
23864
700
1207
272
2943
65
516
297
1843
867
306
367
7628
867
96
1377
399
680
957
341
11104
304
25354
382
8311
16
592
539
2312
265
3083
468
910
2413
278
499
2462
304
699
16
492
642
3910
277
1843
867
468
386
2413
306
851
13845
114657
18
461
1343
530
361
17771
74402
382
46540
30
29093
48112
382
2110
1008
304
1511
277
1861
2731
2312
344
273
840
2312
13
19792
382
35427
30
307
6758
225
622
66
24
16
34481
2287
225
1670
18
2586
504
4020
535
225
1670
13
2428
361
20672
30
352
1450
2413
278
16
1994
9212
304
1450
302
225
948
852
11807
344
29753
2462
26217
680
1563
1450
2312
16
539
1008
304
17208
48112
352
277
699
1794
6697
2142
504
4020
13
621
2312
18
22547
539
687
52448
2761
304
3032
48112
1325
265
3225
2312
297
504
12
21
13
420
504
4020
13
689
2983
504
12
1670
25208
13
18597
35
225
622
66
24
14
1670
351
225
15316
79
16
697
341
6772
18
2209
539
851
1008
304
17208
48112
352
1450
12578
2312
19792
18
1437
539
530
17208
48112
499
28252
352
1450
6816
1794
297
504
4020
733
2983
1011
361
225
15316
79
535
225
622
79
351
225
22
18
26
73
29
16
2502
1398
18
2586
539
1008
10662
621
2312
382
2608
9745
539
530
17208
277
1603
302
265
3225
2312
297
504
12
21
13
420
504
12402
13
621
2312
18
7517
399
6758
225
1670
16
8696
504
4020
13
341
2502
1398
621
2312
382
72320
30
5904
38474
420
70876
402
10368
18758
18
22547
1761
819
1207
304
4124
90712
18
12854
10295
30
461
70876
17322
341
15837
68723
983
17158
1175
386
1450
10368
674
468
1210
399
9746
8210
16
306
277
17322
341
396
6772
396
2731
344
4956
1435
302
17158
13
1091
277
6698
302
4738
30041
16514
1450
845
18
2209
386
70876
22699
265
3018
17322
18
2251
411
2837
12381
352
64246
1435
302
17158
35
1563
265
2688
1794
16
277
70876
4546
344
31818
1863
277
30041
16514
13
22699
265
3018
1435
302
17158
18
22547
903
361
265
1497
1528
304
17322
386
22699
717
17158
35
461
2746
6434
18948
277
68723
1343
30
385
1998
5857
277
30041
16514
402
468
1210
399
9746
8210
16
5909
411
16
306
14361
18
2586
1850
516
386
539
530
5857
839
17322
31
1850
6842
498
386
6698
18
2586
539
4445
127798
17158
71774
31
539
1998
1384
277
70876
8860
18
2586
277
1435
302
17158
341
7152
21289
498
277
1794
382
27872
539
1008
304
29093
386
1435
498
9212
468
1210
730
3083
382
4892
277
2746
17045
304
30
2688
1794
272
16
11795
399
16
539
530
2312
730
3083
304
839
852
64616
7330
16
304
29093
277
1435
302
3041
277
70876
8860
1011
12760
344
77
3077
1278
277
1435
302
17158
680
42379
386
6756
382
2110
1008
304
1930
387
7434
8860
382
2110
1387
5842
304
37687
277
70876
1343
3984
306
3006
352
1450
3591
700
3473
265
4124
9848
1325
2413
700
35
41729
114657
4252
1714
265
3083
386
1011
3866
14949
18
610
277
1343
16
539
569
265
1843
10368
17299
1060
1714
3591
700
890
539
13530
272
2943
65
386
31466
265
4124
18
2586
277
1435
302
17158
351
1435
302
20789
692
225
21
18
144322
4252
468
23864
700
1175
386
344
87
2943
65
516
297
867
306
367
1510
96
1377
399
680
2586
539
530
687
52448
277
70876
39952
352
4607
1794
382
8311
16
9212
730
3083
468
2413
278
1387
3910
277
867
468
386
2413
306
13845
114657
18
30105
16
277
4124
4550
10549
366
277
867
302
8210
297
277
1843
10368
778
304
277
1646
1060
1714
277
3591
18
3483
867
341
7152
498
277
8210
297
277
10368
16
697
436
499
277
1472
302
386
10368
344
21014
7977
2413
13
304
278
17
21
16
4171
11568
278
592
539
12831
4124
4427
382
2110
1008
304
2550
1030
1451
20789
277
699
1794
642
569
18
16473
27967
277
4607
1794
272
63
20
568
82
17
21
1807
4214
3569
37687
277
70876
352
4607
272
16
306
3006
1375
17
1563
1450
2413
700
344
20
218853
733
539
874
569
265
4124
1714
700
592
272
2943
65
7815
265
4124
18
4214
4124
2943
65
351
225
21
592
265
4124
9848
1060
1714
700
344
77
3077
1278
277
10368
11751
468
700
17
21
306
699
10368
10626
468
700
733
1625
225
20
18
8598
30
461
2983
1435
302
17158
351
225
21
692
4455
3323
321
2943
6577
352
700
499
225
20
304
307
17
21
344
956
4124
63
20
65
341
2837
225
20
1480
539
3042
4124
1714
1058
1585
680
41729
20789
4252
1714
700
890
4550
12413
31
713
2983
17158
351
225
21
692
2983
1623
7566
382
2110
851
1008
304
1287
277
867
302
8210
297
277
1843
10368
468
1450
1646
18
3483
867
341
7152
498
277
8210
499
277
1472
302
277
10368
344
21014
1472
3591
13
778
304
700
17
21
382
8311
16
592
539
2312
265
3083
468
2413
278
499
2462
304
699
16
277
70876
1343
642
361
1497
18
461
699
1794
642
569
265
1497
6917
302
8210
18
1283
1008
304
17208
277
699
2983
20789
382
2110
1387
5842
304
17208
277
1603
20845
18
7517
539
1094
2312
730
3083
16
277
20789
386
5181
1714
278
344
77
3077
1278
10690
700
460
278
13
2428
4317
277
1656
16
689
1387
2312
592
277
867
468
278
341
26466
35
41729
20789
468
10690
1714
278
436
7152
21289
498
8210
778
304
278
17
21
18
7517
539
1094
2312
468
278
16
8210
1714
278
4317
1656
16
713
277
20789
468
10690
460
278
1196
4317
38750
16
3419
277
2312
1414
516
3910
277
39952
1714
278
18
2209
5522
30
461
39952
1714
278
10549
366
277
9089
1858
468
7977
20789
16
697
436
2387
21289
366
8210
778
304
278
17
21
18
7517
1731
8210
436
38750
16
277
1472
302
277
10368
7824
278
341
38750
16
306
277
867
297
386
10368
778
304
278
17
21
341
38750
18
2952
16
277
4124
468
2413
278
344
77
3077
1278
3473
265
4124
9848
1714
278
13
10549
366
272
35950
17
21
65
306
277
867
297
277
10368
778
304
278
17
21
18
7517
8210
1714
278
38750
16
277
867
778
304
278
17
21
341
38750
18
2586
277
4550
352
265
4124
1714
278
341
38750
18
8111
16
277
5401
304
4124
468
278
344
77
3077
1278
3473
539
1472
265
699
10368
468
278
13
1196
4317
277
1656
18
2209
17034
30
461
4124
4550
468
2413
278
10549
366
277
1843
867
344
8781
341
499
10368
1472
304
278
17
21
13
306
272
35950
1807
7517
272
35950
65
3393
16
277
4124
1714
278
874
2312
18
2586
277
4124
468
278
344
77
3077
1278
1714
3591
278
13
530
2312
18
6755
16
277
867
468
278
1325
11568
13086
642
2312
1480
277
699
3083
341
699
382
4892
277
1094
3242
3393
436
468
10690
278
306
11568
3735
10690
16
1480
277
1889
344
1510
306
10368
1472
13
81086
499
278
101037
21214
382
27872
16
277
2983
20789
352
277
699
1794
351
4607
20789
352
23864
460
278
344
4556
6195
13
692
699
20789
468
278
344
50180
1497
13
692
20789
352
23864
1518
278
386
5086
366
277
699
1889
382
2110
1387
37687
499
278
101037
304
17208
699
20789
19792
592
539
530
17208
1030
1451
20789
5181
297
277
35758
2688
277
699
3083
468
278
306
277
4607
35758
16
689
277
1889
344
7628
867
13
874
361
1497
382
5158
4158
30
1563
1450
2731
2312
344
4296
278
306
699
1585
274
733
539
1008
304
17208
277
2983
20789
18
7517
307
33
622
66
24
306
34481
225
1670
16
539
1387
12146
687
52448
352
1450
35758
277
1435
302
20789
592
539
1472
402
265
2688
4381
867
18
5489
352
265
2688
2312
16
539
530
17208
20789
499
278
101037
1347
386
687
242789
382
2608
277
4381
867
468
278
1325
5993
778
304
278
17
21
341
7152
498
277
4607
39952
18
610
277
4607
1794
16
539
1287
352
1450
2413
700
277
1889
890
539
436
468
386
1646
30
700
3077
1278
277
867
302
9746
8210
297
277
1843
10368
16
306
851
277
1472
302
277
10368
344
273
122321
277
867
302
8210
386
436
373
4143
6
297
277
1843
10368
680
2973
539
1343
60166
16
468
1450
3591
700
539
569
265
867
3285
7826
7193
15739
277
867
302
9746
8210
297
277
1843
10368
344
8781
341
277
867
499
277
10368
1472
304
700
17
21
680
41729
16
592
539
8483
700
396
277
3591
539
436
819
304
1343
344
77
3077
1278
539
569
15267
8210
225
20
568
77
17
21
733
1232
1714
5993
272
2943
2315
539
569
265
3285
7826
7193
18
5489
592
4550
31466
16
539
4124
1714
700
16
6115
277
10368
11751
468
700
17
21
16
306
539
1472
265
699
10368
468
700
402
3285
7826
1242
77
15
21
97
351
391
87
2943
25442
344
29753
539
2549
272
2943
65
297
277
699
10368
680
25244
16
539
2549
272
2943
65
983
277
1843
10368
16
24938
3285
7826
1242
77
15
21
97
351
3285
7826
7193
93970
391
87
2943
25442
382
27872
16
539
530
37687
4607
272
306
4793
352
1450
3591
700
277
3285
7826
7193
344
1833
867
1714
5993
700
680
8598
386
3285
7826
67
20
351
8295
867
382
7525
5993
4425
1794
16
539
530
17208
1435
302
20789
351
1682
302
700
1207
4124
1714
700
344
77
499
225
20
304
307
17
21
13
689
4124
63
20
65
3042
8913
382
8311
16
592
539
2312
272
35950
65
304
699
1585
274
16
539
1008
304
17771
14299
277
1343
499
278
101037
16
689
402
265
11116
6857
1889
468
278
18
2952
16
277
1889
1714
278
344
11978
7826
1615
13
341
7152
498
4607
272
63
20
568
84
17
21
65
306
341
38750
1480
1731
8210
38750
18
2586
3285
7826
1615
8320
277
1656
382
8311
16
890
539
1343
2413
278
402
699
3083
274
16
277
4550
352
4124
1714
278
341
30
592
274
516
297
3285
7826
1615
306
6441
58539
7826
1615
13
1377
399
18
9405
277
4607
4550
352
272
35950
65
1011
569
961
30
2462
297
3285
7826
1615
35
306
6441
58539
7826
1615
13
1377
399
35
2586
277
4124
468
278
530
2312
592
4607
4550
540
1497
18
2586
539
1008
304
17208
699
4124
468
278
382
7525
5993
278
344
54800
539
4124
420
516
733
277
699
867
352
277
2475
2413
278
15
21
344
10465
411
3285
7826
1242
84
15
21
14712
1815
13
341
7152
1375
17
1437
4124
1714
278
30
1232
539
1472
699
10368
402
274
16
713
3285
7826
1242
84
15
21
14712
1815
351
391
71
21224
17
34988
344
1612
4124
2738
539
919
274
304
3285
7826
1615
16
713
3285
7826
1242
84
15
21
14712
1815
351
3285
7826
1615
93970
391
71
35957
8311
16
352
23864
1518
278
16
277
1343
10995
1347
277
699
1794
272
63
20
45421
65
692
274
692
272
35950
15
21
125915
689
277
16514
1714
278
341
1656
16
713
277
9089
352
700
460
278
436
1656
344
29753
3285
7826
7193
38750
680
2952
16
6035
30
1325
278
16
277
8210
436
272
35950
15
21
125915
697
436
1656
396
4607
16
689
277
4381
867
352
5993
3591
278
15
21
341
3285
7826
1242
84
15
21
14712
1815
344
77772
302
4607
3285
7826
1242
84
15
21
97
697
10549
366
4607
272
35950
23923
2586
277
35758
5993
874
1173
382
27872
16
2983
20789
351
4607
1623
7566
26649
5912
1615
71699
21
344
77
3077
1278
20789
468
23864
460
278
13
692
699
88201
9198
1615
692
35758
1623
7566
3280
15
21
16
3285
7826
1242
84
15
21
14712
1815
2570
11796
4607
1623
7566
26649
5912
1615
71699
21
351
4455
302
4607
4124
2943
65
352
700
297
648
20
16
278
17
21
65
344
14689
4124
63
20
65
341
225
20
17833
680
27969
27967
20789
64344
1615
351
1435
302
20789
468
10690
460
278
382
8311
539
1008
304
17208
35758
1623
7566
5802
16
4381
7826
13
352
700
499
278
15
21
101037
16
2688
277
1794
262
2943
58985
306
6857
867
3285
7826
7193
18
3483
341
277
1435
302
20789
386
642
5181
890
5993
35758
262
2943
58985
6857
402
386
867
16
1347
277
1656
70876
8860
18
957
10549
366
262
2943
58985
306
4381
7826
382
2110
530
687
52448
352
1450
35758
6857
3591
700
16
277
1435
302
20789
386
1011
5181
592
539
1472
402
387
8295
867
35
2209
4381
7826
874
516
361
8295
18
2952
16
539
530
687
52448
352
1450
35758
700
277
1603
302
6857
402
839
2731
867
35
3483
5563
2502
1451
382
2608
6035
386
277
4381
7826
468
278
15
21
341
3673
391
71
97
344
359
4124
468
278
13
420
3285
7826
1615
93970
391
71
97
344
359
840
4124
680
610
1804
4027
16
1850
265
867
302
468
1210
399
15
21
35
41729
3285
7826
1615
2287
20649
399
344
29753
1714
8811
272
35950
65
539
12831
41069
16
689
3285
7826
1615
874
361
2287
399
592
539
436
468
265
1646
1207
8811
272
35950
65
1011
3866
265
4124
35
41729
592
3285
7826
1615
2287
1377
399
16
1232
4607
272
35950
65
592
516
297
3285
7826
1615
1011
3866
4124
18
2586
3285
7826
1615
530
361
2287
399
18
22041
16
699
867
1325
8811
274
1387
361
2287
778
304
399
15
21
35
2209
1325
4124
16
867
341
391
71
97
2287
225
21
31
1325
840
4124
16
867
341
3285
7826
1615
93970
391
71
97
697
1387
361
2287
778
304
399
344
359
274
516
297
3285
7826
1615
13
420
399
592
274
3402
297
3285
7826
1615
344
6118
38750
680
41729
592
3285
7826
1615
2287
351
399
306
274
516
297
3285
7826
1615
16
1232
592
539
4746
4124
344
8781
1011
361
73411
1480
4550
1011
569
961
1641
733
689
297
699
15277
539
2428
569
840
4124
592
539
6816
274
304
361
297
3285
7826
1615
16
3130
867
2287
2188
399
18
2586
867
2287
3042
33572
399
1480
539
2837
4124
1714
8811
265
3083
386
1011
1265
411
14949
399
18
2586
1325
5993
278
16
277
867
2287
642
361
20649
399
382
27872
4381
7826
468
278
15
21
341
265
22517
302
34481
302
2287
1360
225
21
306
399
382
8311
16
352
35758
5993
16
277
1435
302
20789
10549
366
4381
7826
306
277
35758
1794
382
2110
1008
304
17208
352
1450
35758
700
344
77
499
225
20
304
307
13
306
352
1450
2731
4381
7826
344
6118
778
304
399
16
402
225
1670
11807
733
277
1435
302
20789
386
1011
5181
18
9405
8730
30
903
436
225
22
66
1670
2731
8023
16
689
539
1094
2081
819
8023
386
530
22522
16
697
436
50104
302
277
11807
386
5230
297
277
35758
18
2952
16
14774
41597
1387
361
1451
18
2209
8696
539
530
17208
35758
20789
366
277
12643
352
1450
2312
35
7517
2983
3393
341
778
304
225
15316
79
16
592
539
1387
17208
35758
20789
297
504
12
21
13
420
504
12402
13
621
2312
16
386
2428
361
18597
30
225
15316
79
535
225
1670
351
5907
26
18
5569
49
7154
16
6772
18
2209
539
1008
304
17208
35758
20789
352
1450
2312
18
2952
16
277
35758
5993
10549
366
4381
7826
31
689
539
530
687
52448
352
1450
35758
700
277
1603
302
6857
402
1450
2731
867
35
3483
5563
9702
382
72320
30
7517
307
341
1094
225
622
66
24
16
539
1387
352
1450
2312
278
306
699
274
16
37687
277
35758
499
278
15
21
101037
1347
277
699
4381
867
16
689
386
1011
361
504
4020
13
621
2312
16
2502
5983
382
2608
8696
539
530
5879
277
1435
302
3393
539
1008
304
1994
35
22547
903
361
265
717
2109
1528
304
17208
277
12381
12067
35
22977
539
530
3368
819
277
1603
302
265
3225
2312
30
411
530
468
1210
3764
277
1435
302
17158
498
910
2999
16
306
539
530
1511
277
1861
2312
498
25865
2326
3920
382
19477
1761
819
1030
265
3225
2312
530
3764
277
1435
302
20789
18
610
277
4607
1343
16
20789
5181
468
10690
1207
277
1843
867
2287
341
399
306
277
3083
341
699
18
52516
265
3083
2428
1375
17
6993
265
699
4124
468
969
1902
2413
592
411
7883
265
373
1815
6
3083
1706
277
867
2287
341
399
388
17
40528
265
4124
468
969
2413
592
15422
411
7182
265
4124
689
539
2312
411
304
361
297
277
867
344
664
840
4124
733
12146
10944
20789
18
2209
539
436
64246
16
713
539
1011
4928
19270
20789
9082
411
10025
304
717
20789
3735
18
99008
539
2428
31590
265
4124
468
278
304
7864
717
20789
3735
382
17
6755
16
498
9212
277
3083
16
539
9569
277
867
352
13845
10690
16
697
530
2299
420
19523
20789
3735
382
2110
1008
304
1511
277
6756
2731
3764
297
20789
382
12955
399
341
2164
344
60053
1670
733
539
1387
1994
1450
2731
699
3083
274
306
17208
277
1603
498
25354
277
35758
499
278
15
21
101037
16
689
539
1008
304
589
411
19792
352
616
278
306
274
18
14812
539
530
687
52448
352
1450
35758
700
277
1435
302
20789
386
1011
5181
592
539
1472
402
387
8295
867
344
273
839
867
13
1347
38474
386
10549
1094
366
277
867
302
8210
4156
35
3557
7662
382
81740
30
461
70876
1343
499
265
2688
6857
867
306
265
1794
262
530
361
31951
297
504
22107
2323
1149
845
18
1563
1450
35758
16
539
1387
687
52448
277
373
47107
6
302
6857
402
265
867
330
366
277
1435
302
20789
18
7517
277
867
330
341
265
22517
302
34481
16
306
277
1343
1094
41474
819
697
8210
436
297
330
306
277
8210
297
262
16
8696
539
530
17208
1347
38474
402
250584
35
2209
34481
2287
225
1670
16
250584
225
22
66
1670
341
8730
382
10917
16
6035
386
277
867
2287
341
468
1210
399
20649
225
1670
16
689
399
341
778
304
225
1670
18
21209
16
1435
302
2731
50104
302
2287
778
304
225
1670
499
225
1670
11807
341
225
22
66
1670
5907
225
3284
4364
16
2502
1451
382
2608
8696
539
530
5510
277
2746
1480
539
1094
1008
304
1994
8023
386
22522
499
277
4607
1343
420
499
730
2312
18
3483
341
16
277
4381
867
468
278
15
21
1325
2312
341
3673
3285
7826
1615
93970
391
71
97
420
391
71
7342
3285
7826
1615
341
265
867
386
8615
396
277
1843
867
468
2413
278
297
277
4607
1343
18
1882
1451
9746
8023
530
5230
35
610
277
4607
1343
16
468
1450
2672
16
277
867
341
277
867
302
9746
8210
297
277
1843
10368
18
461
1435
302
9746
17158
341
468
1210
307
16
689
277
8023
530
361
1451
18
2952
16
8696
539
530
5879
498
307
35
8049
845
539
4124
16
277
867
341
12760
304
265
83703
18
2586
277
8023
436
302
277
1027
30
3673
265
83703
344
9503
4124
13
420
265
867
386
25409
3369
2287
399
306
1232
539
4124
18
2586
277
867
341
2837
265
22517
302
8210
499
265
72075
10368
18
22547
903
361
1451
9746
50104
35
99008
778
304
504
4020
28410
13
689
516
8730
18
2209
539
1008
304
5203
616
2731
8023
386
1387
22522
499
265
2312
30
391
71
97
306
3285
7826
1615
93970
391
71
7342
2586
277
867
1325
2312
341
3673
265
83703
420
277
15395
302
3285
7826
1615
402
274
18
7517
3285
7826
1615
341
265
867
386
8615
297
4607
1343
16
539
530
35909
616
2731
3285
7826
1615
386
5181
468
1450
2413
18
2278
436
468
1210
307
9746
1175
8023
344
620
621
2413
680
2586
352
1450
2413
278
16
539
569
265
867
3285
7826
1615
18
5489
352
1450
2731
699
1585
274
16
539
569
1217
12578
4381
8023
352
35758
30
867
21
351
391
71
97
344
359
4124
468
278
13
306
867
22
351
3285
7826
1615
93970
391
71
97
344
359
840
4124
680
2209
539
851
1008
304
1287
697
302
1131
3757
9848
2387
366
3473
265
4124
8913
468
278
18
2209
539
1907
1287
265
69964
31
539
1008
304
12476
1804
21254
1480
277
4124
5401
10549
366
274
306
3285
7826
1615
18
2586
352
265
2688
278
306
274
16
539
530
17208
1375
17
4124
9198
1615
351
344
71
516
297
3285
7826
1615
306
6441
58539
7826
1615
13
1377
399
465
17
592
4124
9198
1615
16
1232
4381
7826
351
391
71
732
17
1625
4381
7826
351
3285
7826
1615
93970
391
71
889
27872
16
352
1450
278
306
274
16
539
530
17208
4381
7826
18
5489
539
1008
304
17208
35758
1623
7566
3280
15
21
16
4381
7826
680
2586
592
539
530
687
52448
352
1450
35758
700
306
352
1450
2731
4381
7826
330
344
9874
1387
361
839
867
302
2287
778
304
399
733
277
1435
302
20789
16
1232
539
530
3032
1450
344
84
25201
13
6697
382
2608
1435
302
2731
4381
7826
3796
616
278
306
274
30
1563
1450
278
16
3285
7826
1615
341
910
867
302
2287
20649
399
18
1563
1450
274
16
867
22
351
3285
7826
1615
93970
391
71
97
1387
361
1451
8023
18
2952
16
277
2983
1435
302
9746
8023
3796
616
278
306
616
274
2428
361
2927
689
8696
32344
498
504
4020
535
225
1670
13
1480
1450
867
341
7152
498
3285
7826
1615
344
8781
674
468
1210
307
9746
13
306
274
15013
468
1210
225
21
2479
16
713
277
15395
1387
361
778
304
307
14
1670
9746
8023
18
307
33
622
66
24
16
713
778
304
225
15316
79
9746
8023
18
9405
64594
5
8801
352
1450
278
16
3285
7826
1615
341
730
867
31
1232
352
1450
302
225
1670
11807
16
539
771
468
1210
225
1670
699
8023
344
21014
69488
3796
278
680
2586
2983
9746
8023
3796
616
278
306
616
274
341
504
4020
14
1670
13
351
225
15316
79
18
9405
20672
18
2952
16
539
851
569
867
21
351
391
71
97
697
436
1060
225
1670
2571
72517
382
27872
16
592
539
530
687
52448
352
1450
35758
700
306
352
1450
2731
4381
7826
330
344
6118
20649
399
13
277
1435
302
20789
16
539
1387
569
778
304
307
535
344
5686
302
9746
8023
13
16174
18
307
33
622
66
24
16
9746
8023
778
304
225
15316
79
1117
1851
225
22
18
26
73
29
16
2502
2927
382
2608
8696
539
530
17208
35758
1623
7566
366
277
12643
352
1450
2312
1347
38474
386
316
4206
59706
35
7517
352
1450
2312
539
1008
304
17208
35758
499
278
15
21
101037
16
306
277
35758
5993
341
15837
277
1656
396
5206
277
70876
8860
499
386
1646
402
265
2688
6857
867
18
1437
539
1343
3393
297
265
38078
1991
16
539
1387
911
48747
10900
382
71093
16
539
1387
37687
277
1343
352
616
2731
3393
498
25354
277
1794
3984
306
14140
910
925
3920
386
5143
471
304
17208
277
1603
302
9212
265
3083
366
277
2983
20789
382
25790
539
530
1761
297
4249
302
373
61025
4232
3210
461
70876
1343
15837
48112
277
1794
983
17158
1207
1450
10368
494
9746
8210
436
7662
277
867
302
386
10368
18
461
4354
302
1450
10368
341
7152
498
890
539
13530
265
3083
516
297
277
867
306
867
2287
351
399
382
2110
1387
1761
302
277
1343
396
30
539
569
265
35873
5702
302
9746
8210
31
890
539
919
265
699
3083
516
297
277
5702
306
277
5702
2287
341
399
16
539
1169
277
10368
306
1472
265
699
5702
402
386
3083
382
2558
539
2312
730
3083
16
539
2428
10044
11297
265
10368
983
1217
420
21490
17158
16
4115
382
44125
539
530
17208
277
6756
1435
302
17158
498
11532
1450
2413
396
265
3242
373
8482
1646
6
306
15990
592
9212
386
3083
304
2761
1625
1387
3866
4814
17158
382
19477
2050
304
2550
277
1603
302
9212
265
3083
468
2413
278
366
277
10368
18758
382
54641
17158
297
4607
1794
30
1529
3569
27967
277
1472
306
1169
23864
302
1450
10368
18
461
70876
39952
530
361
19377
30
539
569
17158
330
21
16
330
22
16
69585
5087
18
8049
10368
674
468
1210
399
9746
8210
16
306
352
1450
10368
6329
277
1058
16
277
1058
3083
302
277
10368
341
699
5657
304
277
3733
10368
494
867
16
306
7815
277
4124
1480
277
3733
867
2287
540
399
306
277
3083
341
516
297
386
867
382
8311
16
592
539
2312
265
3083
468
2413
278
16
539
2428
9569
1207
20789
5181
18
461
699
39952
642
851
361
265
6917
302
17158
18
461
1435
302
17158
341
288
692
13470
16
1207
13470
341
277
2204
2312
297
1435
302
20789
382
2110
1008
304
29093
13470
382
25790
539
530
17208
352
1450
2413
278
277
6756
2731
4728
20789
539
530
771
498
9212
272
35950
65
304
910
7330
18
957
1011
16246
25865
1030
277
2312
16156
277
1843
10368
306
13845
17158
382
2110
1387
5842
304
17208
277
373
90714
6
20789
297
277
35758
1325
278
2688
277
699
1889
382
81740
30
461
70876
1343
499
265
2688
6857
867
306
265
1794
530
361
4156
396
30
539
4680
265
867
3285
18
1563
1450
3083
466
297
277
1794
344
15519
277
6857
2413
86006
539
2292
592
8811
466
1011
3764
9746
1682
7835
399
18
2209
6035
30
461
6857
867
341
516
8295
890
539
1472
5993
35758
31
539
3402
569
910
8210
297
277
1843
10368
1714
277
35758
18
41729
16
890
5993
35758
6857
468
3591
700
16
539
436
297
277
7343
302
265
10368
31
277
1843
867
3285
344
3161
7977
8210
13
341
3402
1831
18
5489
539
1343
277
1058
3083
302
277
35758
16
697
341
468
3591
700
18
1563
386
3083
16
539
2292
592
411
1011
3866
265
4124
344
77
3077
1278
592
466
516
297
3285
306
6441
58539
13
1377
399
680
1437
713
16
539
4124
1714
700
16
1472
699
10368
402
466
16
306
3285
7883
391
329
7342
1437
516
16
539
919
466
304
3285
344
11978
7883
3285
93970
391
329
28674
306
4622
382
27872
16
277
35758
5993
341
3600
304
4607
689
402
4381
3285
1713
61226
382
8311
16
23907
539
687
52448
352
1450
35758
700
306
352
1450
2731
4381
867
3285
344
8781
341
265
867
302
8210
386
5230
297
277
16514
778
304
700
17
21
733
277
1435
302
20789
386
642
5181
18
2209
9745
539
530
21957
498
34155
386
277
867
3285
341
2837
265
22517
302
277
8210
386
5230
297
277
4607
16514
778
304
700
17
21
16
306
717
26767
16
1850
265
867
386
341
373
34914
6
1091
910
4550
35
3557
2897
382
23928
307
33
622
66
24
16
8696
504
4020
535
225
1670
13
341
18597
16
306
504
4020
535
225
1670
13
621
2312
341
516
18
2209
9745
539
530
59689
898
616
2731
3393
344
82
14
948
13
306
17208
277
699
2983
20789
297
504
12
21
13
498
1347
687
105464
1478
819
277
4607
39952
306
277
1603
302
265
3225
2312
366
277
1435
302
20789
382
19477
5842
304
32012
265
10413
352
277
2312
297
20789
2688
265
3225
3083
2312
382
6021
3569
27967
4607
20789
4173
4124
2943
65
352
700
499
225
20
304
307
17
21
344
13695
1714
700
680
6755
8483
352
1450
700
16
277
867
3285
7826
7193
344
10384
5993
700
680
6755
8483
352
1450
700
16
277
10368
1118
420
1472
3591
302
1843
10368
382
8311
16
1325
9212
272
35950
65
304
274
16
277
699
20789
4173
642
569
20789
468
23864
460
278
1656
396
4607
344
29753
1731
5086
1094
366
8210
1714
278
680
3092
3591
278
16
277
4124
874
2312
30
699
88201
1615
351
225
21
592
344
71
516
297
3285
7826
1615
306
6441
58539
7826
1615
13
1377
399
13
1625
225
20
18
8598
30
4607
4124
1615
351
225
21
592
344
1018
516
297
3285
7826
1615
306
6441
58539
7826
1615
13
1377
399
13
1625
225
20
382
4892
13470
88201
1615
351
699
88201
1615
506
4607
88201
1615
382
8311
16
352
23864
1518
278
16
20789
874
2312
18
16473
16216
1030
277
35758
20789
5086
366
277
4381
867
468
278
15
21
382
54641
35758
5993
1154
416
5802
16
330
13
351
1435
302
20789
386
642
5181
890
5993
1794
262
351
272
2943
58985
6857
402
1843
867
330
344
77
3077
1278
1714
5993
3083
468
700
680
8598
30
461
20789
33649
436
468
10690
700
16
700
15
21
16
4074
344
15519
4124
468
700
592
4550
12413
680
2586
2983
20789
352
35758
6857
468
700
341
416
5802
16
330
2570
14032
2983
20789
352
699
1794
351
20789
64344
1615
692
699
88201
1615
692
416
3280
15
21
16
699
2420
733
1207
699
2420
351
592
699
88201
1615
1232
391
71
97
1625
3285
7826
1615
93970
391
71
35957
2500
4607
1794
16
2983
20789
351
20789
64344
1615
692
4607
88201
1615
692
416
108184
3280
15
21
16
4607
2420
733
1207
4607
2420
351
592
4607
88201
1615
1232
391
1018
97
1625
3285
7826
1615
93970
391
1018
7342
2209
6035
386
4607
2420
341
7662
277
867
386
4607
1343
1011
569
468
278
15
21
18
2586
4607
3022
351
416
3280
15
21
16
4607
2420
2570
27872
16
13470
29956
351
344
1815
88201
1615
506
4607
88201
1615
13
692
344
42
3280
15
21
16
699
2420
13
506
416
3280
15
21
16
4607
2420
46815
4892
277
2204
2312
341
277
2312
468
278
4171
277
2312
297
35758
20789
382
8311
16
539
1008
304
17208
416
5802
16
330
13
506
416
5802
16
330
3015
352
3453
330
16
330
11
386
22522
499
265
2312
468
278
18
7517
539
569
1451
20634
344
84
16
274
733
539
1008
304
17208
1131
7933
19792
382
2558
539
530
687
52448
416
5802
16
330
13
352
616
700
306
352
616
2731
330
386
1387
5230
344
77
3077
1278
277
8023
386
436
3285
7826
7193
499
4607
1343
16
4171
11568
3285
7826
1615
93970
391
71
97
306
391
71
28674
1232
539
530
17208
13470
29956
6697
382
2608
539
1008
304
5203
778
304
225
15316
79
20634
18
1437
539
530
3032
1450
6132
297
504
12
21
13
420
504
26930
307
13
498
4077
778
687
105464
2911
16
4924
6772
382
4892
277
9010
17045
304
30
352
1450
35758
700
306
352
1450
2731
4381
867
330
344
6118
20649
399
733
17208
416
5802
16
330
680
2209
8696
539
1907
1008
616
2731
330
31
539
1094
1008
330
2911
386
436
3673
3285
7826
1615
344
1943
910
278
13
420
3285
7826
1615
93970
391
71
97
352
910
274
16
420
391
71
7342
3285
7826
1615
436
468
1210
307
9746
8023
18
3285
7826
1615
93970
391
71
97
352
1450
274
306
1450
278
6632
468
1210
307
14
1670
9746
8023
18
9405
778
304
225
15316
79
8023
18
6755
391
71
97
436
225
1670
18
2586
2983
9746
330
3796
616
20634
341
20649
307
14
1670
692
225
1670
64823
225
15316
79
15
1670
382
2558
539
687
52448
416
5802
16
330
13
352
616
700
344
20
568
82
13
306
352
616
1131
330
16
277
2983
5666
1011
361
307
535
344
5686
302
9746
330
13
351
225
622
66
24
535
225
15316
79
351
225
22
18
26
73
29
16
2502
2927
382
2608
9745
539
1907
1008
304
687
52448
352
616
700
31
539
530
17208
416
5802
16
330
13
366
277
12643
352
1450
6132
1347
265
687
105464
373
8831
4124
6
420
2761
386
5143
48747
17556
382
12955
307
341
225
622
66
24
16
8696
539
530
10373
504
4020
535
34481
13
621
6132
35
2523
16
225
15316
79
535
225
622
79
351
225
22
18
26
73
29
16
2502
1398
382
2110
1008
265
717
38078
1557
382
25790
539
530
17208
277
6756
2731
12067
5502
498
25865
277
1603
302
265
2312
366
277
1435
302
20789
16
306
18328
386
277
12381
2312
341
3673
304
2312
265
3083
304
265
699
7330
386
7815
265
4124
468
969
2413
306
851
12651
717
20789
3735
16
420
304
2312
265
3083
304
387
6349
7330
304
4613
265
4124
689
7864
3735
20789
18
22547
361
386
539
1094
1008
304
1994
9212
304
265
7330
386
341
516
5740
297
277
867
16
1480
386
24339
304
3764
20789
18
2209
539
1008
304
361
15373
382
13617
3592
30
7517
399
20649
225
1670
16
277
1435
302
9746
8210
297
839
10368
341
468
1210
225
1670
18
52516
265
3083
304
730
302
277
225
1670
11807
1387
361
4800
18
2952
16
9745
539
530
17208
352
1450
2413
278
277
1861
2731
2312
498
85242
277
1603
1094
366
277
373
61025
6
766
302
277
1794
16
700
3077
1278
277
10368
386
5720
278
306
8696
277
2475
10368
2350
680
8801
9212
265
3083
1094
16156
277
10368
7824
278
306
277
2165
10368
2350
13
3369
277
2475
4124
386
341
373
96188
6
302
277
16514
35
41729
16
1325
539
2312
278
16
277
39952
499
278
15
21
101037
10549
366
277
699
867
18
2952
16
277
35758
1325
278
341
15837
277
1656
396
4607
689
402
265
1497
4381
867
18
22547
539
17208
416
3280
15
21
16
699
2420
13
498
1347
687
105464
2911
352
137045
386
1472
402
387
8295
867
35
3557
5502
16
689
8696
539
530
687
52448
352
1450
35758
700
277
373
47107
6
302
6857
402
265
867
330
396
265
1154
386
10549
366
277
867
494
2287
306
697
11807
411
5720
5657
304
277
35758
18
22547
539
17208
416
5802
16
330
13
1347
38474
386
341
8162
297
277
4354
302
35758
16
689
539
530
687
52448
265
373
5124
5704
6
352
1450
35758
35
7517
277
34481
341
2164
16
539
1387
352
1450
35758
700
17208
265
6650
2924
30
2688
265
867
330
344
67037
396
250584
733
1065
341
277
1435
302
20789
890
5993
277
35758
306
277
8800
867
1325
5993
277
35758
35
2209
277
1435
302
2731
8023
341
225
22
66
1670
16
2502
2927
382
2608
8696
539
530
21957
1480
277
1343
1094
41474
819
3473
265
3083
341
297
277
867
16
306
277
867
2287
341
468
1210
399
18
2952
16
277
867
9998
13917
1094
113567
396
697
8210
436
1831
18
2952
16
352
277
6059
302
27946
20789
16
539
1008
304
1287
16
352
1450
3083
297
277
35758
16
3473
411
341
297
277
1843
867
18
3483
10549
366
277
5204
867
16
516
1060
2287
18
2586
539
1008
304
1287
20050
382
23928
386
307
33
622
66
24
306
34481
33
1670
16
9745
539
530
10373
504
4020
535
225
1670
13
2983
845
592
539
1930
387
8860
386
10424
297
504
4020
535
225
1670
13
6381
16
516
621
2312
18
3483
341
16
539
1008
304
17208
277
3032
2142
142157
898
616
2731
3393
28868
18
14812
539
530
911
38474
304
17208
277
1861
2731
2312
297
730
1717
382
26412
386
539
530
2312
468
1210
730
3083
18
2586
539
1387
1761
302
5210
616
2731
10690
278
306
616
2731
699
11807
274
16
689
17208
277
1603
19792
1347
910
687
105464
11813
386
2617
471
304
17208
277
2983
20789
1325
2312
297
504
12
21
13
621
344
84
25201
680
3483
1011
2485
504
4020
535
225
1670
13
2983
845
304
687
52448
2761
16
306
1232
504
4020
535
225
1670
13
304
12476
1450
6132
35
41729
592
539
687
52448
352
1450
278
306
1450
274
16
539
1008
504
12
21
13
621
6132
16
1232
2983
845
504
4020
535
225
1670
680
9405
18597
30
225
15316
79
7154
16
39154
18
2586
277
1584
9010
341
304
687
52448
2761
386
352
1450
344
84
16
274
13
6632
277
2983
20789
1325
9212
272
35950
65
304
274
6697
382
27872
16
539
1008
265
1528
304
17208
2983
20789
1325
265
2312
297
504
12
21
13
621
344
84
25201
680
1882
530
539
589
386
1688
2110
1387
687
52448
352
1450
2413
278
1375
17
20789
64344
1615
344
22542
20789
778
304
278
17
21
13
1137
4260
16
35829
4455
382
17
3285
7826
1615
344
1510
1714
278
13
1137
539
530
4793
396
265
250584
420
1568
16
689
539
1008
304
17208
4550
352
4124
468
278
6697
30
344
71
516
297
3285
7826
1615
306
6441
58539
7826
1615
13
1377
399
680
9405
4260
592
539
569
3285
7826
1615
306
969
2287
382
17
6755
1008
416
3280
15
21
16
699
2420
13
352
699
2420
386
10549
366
274
18
2586
539
1008
304
361
2948
304
17208
416
3280
15
21
16
330
13
352
1451
1497
330
344
848
304
225
1670
621
278
680
2586
539
1008
265
925
3920
386
530
3032
20634
302
277
1027
30
2688
35758
6857
3591
700
306
4381
867
330
344
6118
20649
399
733
758
1435
302
20789
382
2558
539
530
687
52448
352
1450
35758
700
306
352
1450
2731
330
344
3161
265
5885
867
13
277
3032
16
539
1387
4793
411
297
265
11924
4400
18
2209
277
1435
302
330
3796
616
20634
341
468
1210
307
14
1670
16
396
23069
18
2952
16
352
1450
1175
330
16
539
1008
416
5802
16
330
13
352
700
351
278
15
21
352
3453
278
18
3483
1011
361
307
14
1670
132850
35
41729
352
1450
278
16
539
569
778
304
225
1670
330
2911
18
2586
2983
344
77
38434
13
15278
341
504
4020
535
225
1670
13
351
225
15316
79
18
9405
64594
5
8801
352
1450
2413
278
344
20
568
82
17
21
13
306
1450
2731
699
3083
274
16
539
569
265
3018
330
344
8781
341
3673
391
71
97
420
3285
7826
1615
93970
391
71
4106
306
700
351
278
15
21
18
2586
539
1094
1008
416
5802
16
330
13
352
700
19989
499
225
21
304
307
344
29753
278
15
21
13
306
330
386
436
36312
302
3285
7826
1615
402
265
7330
18
3285
7826
1615
23633
402
278
18
2586
277
1435
302
9746
344
77
38434
13
15278
4494
341
468
1210
307
535
225
1670
351
225
15316
79
18
9405
516
8730
5
26128
16
341
411
1641
386
352
1450
278
16
277
330
539
1008
341
3673
391
71
97
420
3285
7826
1615
93970
391
71
105323
8520
18
2586
352
1450
278
16
539
569
778
304
225
1670
330
2911
344
1943
1450
274
680
2586
2983
344
84
25201
13
15278
341
307
14
1670
18
1563
1450
1175
8288
16
539
1008
416
3280
15
21
16
330
680
2586
539
1008
304
17208
416
352
778
304
307
14
1670
1497
344
77
38434
13
158147
16
1207
700
19797
898
225
21
568
82
344
29753
278
15
21
499
225
21
304
307
680
2586
468
1210
225
15316
79
20634
304
17208
416
18
1437
539
530
17208
1450
416
5802
38434
13
297
504
12
21
13
420
504
12402
13
845
16
1232
2983
687
242789
845
341
504
12
15316
79
535
2761
680
9405
18597
382
27872
16
539
530
4158
396
30
1563
1450
2413
700
499
307
1652
304
225
20
344
273
225
21
304
307
733
539
1587
304
361
2948
304
17208
416
5802
16
330
13
352
1451
330
18
13568
302
13131
416
499
28252
352
1450
344
77
38434
733
539
530
17208
1019
297
265
38474
9090
1347
44262
499
700
15
21
382
54641
416
5802
16
330
13
396
1435
302
20789
890
5993
35758
6857
468
700
402
4381
867
330
18
8598
30
461
20789
436
33649
468
10690
700
16
700
15
21
16
69585
307
17
21
344
77
3077
1278
1714
1450
3083
680
1283
530
8483
265
46800
10380
1375
6021
466
351
272
2943
65
344
20128
1794
680
2973
5993
3083
468
700
402
1843
867
330
1375
17
1437
466
516
297
330
306
6441
8565
13
1377
399
30
1232
265
4124
9848
1714
700
18
5489
277
10368
10626
402
466
16
306
277
699
867
352
2475
2413
344
77
15
21
13
341
391
329
7342
2586
13556
30
225
21
692
416
5802
15
21
16
391
329
101388
17
34988
344
1612
4124
2738
1232
466
341
4472
304
330
344
1510
7883
330
93970
391
329
28674
306
840
4124
468
700
18
5489
13556
30
416
5802
15
21
16
330
93970
391
329
101388
2608
17034
30
461
4381
867
330
341
277
867
1714
5993
700
18
2586
277
44262
12413
382
27872
16
539
530
17208
416
5802
16
330
13
352
839
700
306
330
1347
492
44262
18
1437
539
1078
304
17208
416
5802
16
330
13
352
1451
330
16
539
1387
911
42626
1701
18
7517
277
1435
302
9746
330
539
2081
819
341
5885
344
60053
15316
79
733
539
1387
17208
416
352
616
4494
344
77
38434
13
15278
3874
38474
499
700
42803
101355
382
2110
530
2489
277
35758
5993
396
265
38474
898
700
18
3092
1450
700
16
539
1008
304
17208
416
5802
16
330
13
352
330
297
265
867
302
2731
8023
386
539
642
6132
18
461
44262
10549
366
416
5802
15
21
16
77162
697
539
1011
569
3402
19377
592
539
1343
700
499
307
1652
304
225
20
382
27872
16
539
530
687
52448
265
20078
14894
344
77
16
330
13
304
416
5802
16
330
13
352
700
499
225
20
304
307
306
330
297
277
4494
867
18
2209
539
1008
304
1287
697
330
436
4494
18
1283
530
7324
616
4494
344
77
38434
13
15278
498
142157
898
278
306
274
306
13131
330
352
1450
18
5489
539
530
17208
416
352
1731
15278
1347
38474
16
689
539
874
851
1008
416
352
18204
330
386
5230
297
277
44262
890
13131
416
5802
16
330
680
1563
2024
16
304
17208
416
5802
16
330
13
352
910
330
16
539
1008
416
5802
15
21
16
331
13
352
331
351
391
329
97
420
330
93970
391
329
7342
15040
331
2428
516
361
297
954
687
105464
867
302
4494
330
18
2586
539
2428
1008
304
17208
416
352
4728
330
386
22522
1919
277
38474
18
1437
539
8293
304
1094
277
4494
330
16
539
4273
17208
416
5802
16
330
13
1347
44262
1480
277
2993
331
874
516
361
687
105464
18
2952
16
539
1387
17208
416
5802
16
330
13
366
277
12643
1347
77647
306
42626
1701
16
306
1094
4793
2527
352
330
386
436
106374
18
7517
277
1435
302
9746
330
386
1226
5230
297
839
77647
499
277
4494
20634
2428
361
6892
936
277
4607
225
15316
79
16
689
2188
8696
64594
35
16473
16216
382
2110
1472
402
20634
352
1450
278
306
274
16
402
700
351
278
15
21
306
330
351
391
71
97
420
3285
7826
1615
93970
391
71
7342
2973
539
17208
416
5802
16
330
13
352
1175
330
16
539
1008
304
17208
416
5802
15
21
16
331
13
352
331
351
391
329
97
420
330
93970
391
329
2547
1207
466
351
272
2943
1807
15040
331
1387
361
699
8023
516
297
277
4607
6132
867
18
2952
16
6035
386
330
341
265
867
302
2287
20649
399
16
306
466
341
265
3225
3083
18
2586
331
351
391
329
97
341
265
83703
16
697
341
297
277
6132
867
35
391
329
97
341
730
302
277
225
1670
2571
72517
16
697
539
2428
2549
18
2209
330
93970
391
329
97
2428
361
265
699
867
18
2952
16
330
5513
341
265
15395
302
3285
7826
1615
306
274
16
713
330
93970
391
329
97
2428
361
3285
7826
1615
93970
391
71
97
93970
391
329
7342
957
1387
361
265
867
386
4059
778
304
399
15
21
8210
35
2209
539
1094
919
466
592
411
9257
3402
297
330
18
7517
330
2287
20649
399
16
330
93970
391
329
97
1387
361
2287
399
15
21
16
689
1232
277
44262
1011
569
4124
468
700
1480
466
516
297
330
306
6441
8565
66546
79
16
713
539
11413
1008
304
704
304
416
5802
15
21
16
330
93970
391
329
22739
4993
539
1011
704
304
416
5802
15
21
16
391
329
25171
2586
297
277
840
49101
1690
16
539
1094
704
304
330
93970
391
329
97
890
466
341
297
330
420
6441
8565
13
460
399
18
1437
466
516
297
330
306
6441
8565
13
1377
399
16
539
4124
306
704
304
391
329
7342
2586
297
277
840
49101
1690
16
330
93970
391
329
97
2287
20649
399
344
29753
3673
466
3402
297
330
420
6441
8565
13
460
399
680
2586
330
93970
391
329
97
341
2188
265
867
302
2287
20649
399
382
27872
16
277
77647
22538
8023
386
436
50104
302
277
4607
34481
16
689
724
1387
361
1451
18
2952
16
6035
386
616
8023
386
5230
297
839
77647
436
50104
302
277
867
302
8210
386
5230
297
277
4607
1794
344
29753
539
1094
919
8210
499
272
680
2586
277
2983
1435
302
2731
50104
302
277
4607
34481
341
468
1210
225
22
92059
1207
288
341
1435
302
9746
11807
297
272
18
610
14774
1690
16
288
1387
361
225
1670
16
713
225
22
66
1670
5907
225
3284
49
16
2188
2927
689
8696
64594
402
42626
1701
35
225
3284
49
16174
1011
361
8730
297
4625
18
2209
539
1907
1008
616
31
539
1094
1008
1731
99164
499
277
20634
3874
77647
18
461
1435
302
99164
8023
2428
361
5885
1480
539
1472
499
3018
330
306
1343
137045
18
2952
16
277
77647
530
704
5731
344
848
304
307
13
306
468
1450
2672
16
539
874
2299
265
699
867
498
8811
265
3083
344
359
516
3402
1831
680
2586
277
867
530
2271
20900
18
35475
499
265
867
330
20
302
2287
778
304
399
16
396
539
1343
8210
16
277
867
530
1094
3764
344
264
4249
302
21032
13
1480
539
919
8210
890
724
436
516
3402
1831
16
689
1094
890
840
4124
9848
18
2973
265
4124
9848
16
539
12760
304
265
83703
391
329
7342
2586
8023
530
851
35161
18
2586
277
1435
302
9746
8023
25974
1387
361
2927
382
2608
9745
539
530
5879
277
2983
1435
302
9746
8023
25974
3796
616
20634
18
8049
6132
341
352
265
3018
344
77
16
330
680
461
77647
28988
277
35758
499
700
304
307
16
306
468
1450
2672
16
277
867
874
2312
18
461
2983
1435
302
344
77
16
330
13
15278
17398
3796
616
20634
1387
361
778
304
504
4020
535
1435
9414
34627
7156
98968
37812
6268
289
680
1437
1435
9414
34627
7156
98968
37812
6268
289
341
2927
16
411
2428
16113
778
382
10917
16
8696
539
530
911
265
1497
4158
30
7517
539
1094
1008
304
17208
416
5802
16
330
13
352
330
386
436
3673
3285
7826
1615
93970
391
71
97
420
391
71
2547
306
539
1094
1008
1131
352
700
351
278
15
21
16
539
1387
17208
416
5802
16
330
13
498
85242
277
35758
499
700
402
4381
330
16
689
539
1387
11057
2527
352
344
77
16
330
13
297
265
20078
396
539
17208
1019
18
7517
277
2983
1435
302
9746
344
77
16
330
13
386
642
1226
361
4494
2428
361
5885
1480
352
1450
700
16
277
330
2911
386
5230
436
1731
386
530
361
6202
498
6857
499
910
4381
330
306
5993
277
35758
18
2209
539
642
17208
416
352
1451
330
352
1450
700
18
1882
1451
35
1563
1450
700
16
697
330
2911
642
361
4494
35
2227
436
277
6299
386
22522
499
277
77647
6857
499
277
20634
352
386
700
18
7517
20634
352
1497
700
436
7821
344
65991
278
15
21
733
539
2428
1169
778
13131
1451
344
77
38434
13
15278
18
2209
2983
1435
302
20634
341
225
15316
79
18
1437
1450
6132
10025
304
20515
277
35758
306
16253
699
330
16
277
2983
831
1387
361
504
4020
535
225
15316
79
13
297
14774
1690
16
697
341
2502
1398
382
2110
1008
265
717
7434
1557
382
25790
539
530
1761
819
277
1603
302
265
3225
2312
297
4249
302
10368
18758
306
17208
277
2312
297
20789
498
25865
1094
2326
4318
18
7517
399
341
2164
344
60053
1670
733
277
10368
4354
341
5885
35
41729
16
265
10368
530
361
71774
1423
396
1423
396
9746
8210
20649
399
18
1563
2024
16
592
399
33
22
306
1794
341
616
489
36337
16
10368
530
361
4425
1794
18
2586
17158
530
361
1423
382
2608
8696
539
530
1994
386
277
70876
1343
15837
21062
304
265
3302
302
373
11837
36540
6
302
9746
8210
18
461
1435
302
20789
341
15837
277
1435
302
3041
539
13530
265
3083
386
341
516
297
277
1843
9746
867
306
277
867
2287
341
399
382
70266
265
3083
530
3910
468
1210
265
2487
17158
30
277
10368
7824
278
16
306
11568
277
2475
10368
2350
680
8801
277
1889
114657
1325
265
4124
18
2586
277
1603
2428
361
38135
382
19477
5842
304
41625
277
17158
297
277
4607
1794
18
19001
539
17208
277
17158
30
1450
10368
674
265
867
302
8210
344
126120
680
461
10368
18758
436
468
23864
1207
265
4124
9848
18
2586
539
569
17158
30
648
20
16
317
21
2315
648
73
21
15
21
16
317
22
2315
69585
648
73
1242
81
17
21
16407
21
16
307
17
21
1807
8049
10368
674
265
867
302
8210
344
6118
20649
399
680
461
1058
3083
302
1450
10368
344
22795
1058
13
341
699
5657
304
277
3733
10368
494
867
16
306
386
3083
7182
265
4124
382
8311
16
592
539
2312
265
3083
468
2413
278
16
697
23812
304
910
10368
344
56506
10368
477
680
52516
272
35950
65
1387
3910
1375
17
461
867
302
10368
477
16
12146
12267
277
10368
304
3673
13052
3310
420
1169
7977
382
17
6755
16
277
2475
10368
344
78
15
21
13
1480
277
4124
4550
1360
10368
477
306
477
15
21
10549
366
277
2009
3083
302
10368
477
344
273
277
1058
3083
302
10368
477
15
21
680
41729
16
277
4124
9848
1714
277
1058
3083
302
10368
477
15
21
592
386
3083
341
516
297
277
867
302
10368
477
306
277
2287
302
10368
477
494
867
341
399
18
2586
9212
265
3083
297
10368
477
1387
2312
969
867
16
697
1387
3910
3473
277
1058
3083
302
10368
477
15
21
7815
265
4124
344
77
3077
1278
3473
277
14890
1360
10368
477
306
477
15
21
62718
680
6755
16
411
1387
3910
277
39952
302
3735
17158
1480
277
867
302
10368
477
3393
16
697
874
9569
277
13845
20789
382
27872
16
277
1603
530
67747
1257
4347
17158
382
2608
9745
539
530
1761
297
4249
302
277
373
8831
18168
6
302
1450
3083
306
1030
277
867
81086
382
13617
10149
30
7517
399
341
2164
344
60053
1670
733
539
1387
1994
386
277
1343
530
361
12240
396
265
3302
302
57272
17722
134660
1207
1889
341
277
1843
867
302
8210
344
6118
20649
399
680
2278
436
468
1210
4455
1242
77
33
21
6165
79
97
346
12
1670
16
700
13
2731
5267
16
697
352
399
33
1670
341
225
22
66
1670
64823
225
3284
4364
16
697
341
2927
689
8696
64594
592
539
911
250584
306
21957
35
225
3284
4364
5267
341
2502
1451
352
4625
344
25175
1889
1011
1008
304
4793
38474
2911
352
137045
680
2952
16
539
1094
1008
5267
386
436
99164
499
277
4381
8295
867
2688
277
1794
18
3483
1435
1387
361
1687
7922
1480
277
1794
1094
674
225
622
66
24
8210
16
1450
6650
15013
468
1210
730
3083
18
461
1435
302
9746
5267
25974
1919
265
3225
1774
302
277
70876
1343
341
468
1210
307
344
29753
1450
2672
539
3673
4430
867
420
12760
680
41729
16
396
539
13325
16
277
867
3393
1094
890
539
919
265
699
3083
344
359
516
1831
13
420
12760
18
2586
277
1435
302
9746
8023
25974
1919
730
13325
341
468
1210
307
15
21
344
15519
8295
680
8801
1450
2672
3673
15013
265
699
3083
344
1510
2287
9063
498
225
21
13
420
114657
304
265
83703
344
1510
2287
7883
225
21
16
697
874
569
961
4156
1714
680
2209
1850
2731
304
74015
277
1656
867
35
1563
2024
16
592
539
12760
304
391
69
2547
3735
539
2428
569
867
391
69
19230
97
4115
18
2209
530
539
569
31579
8023
35
8520
16
391
69
97
1387
5230
4347
3041
1325
114657
18
2586
1435
302
9746
8023
1387
361
778
304
504
4020
535
34481
19767
3557
2897
18
2209
4164
32344
498
504
4020
535
399
13
8696
35
2952
16
1850
2188
64594
1480
307
33
622
66
24
382
8311
16
352
1450
2413
700
16
539
569
265
3018
867
3285
7826
7193
344
1833
867
1714
5993
700
13
386
9848
297
277
4607
13325
18
3483
867
341
730
302
277
5267
18
2586
539
530
4793
352
1450
700
969
867
344
299
265
250584
680
5489
352
839
2312
16
277
699
2420
539
1008
341
3673
391
71
97
344
190427
13
420
3285
7826
1615
93970
391
71
7342
3285
7826
1615
341
3162
18
2586
277
699
2420
341
3673
265
83703
420
277
15395
302
265
3162
867
402
265
3083
18
2586
903
436
468
1210
307
14
1670
2731
699
2420
382
8311
16
539
1008
416
5802
16
330
13
352
1131
330
18
22547
539
17208
416
5802
16
330
13
498
85242
277
35758
499
700
689
1347
277
1689
386
277
867
81086
16103
34282
2387
366
277
8210
35
7517
277
1435
302
9746
330
539
1008
341
5885
16
539
1387
17208
416
5802
16
330
13
352
1450
1175
344
77
38434
13
498
85242
277
35758
16
689
539
1011
1169
778
17771
187189
265
2942
302
831
18
2952
16
539
530
911
42626
1701
30
539
4793
19377
416
5802
16
330
13
297
265
20078
18
2973
539
17208
416
5802
16
330
733
539
874
1008
416
5802
15
21
16
331
13
352
331
351
391
87
2943
25442
420
330
93970
391
87
2943
65
7342
15040
331
874
516
361
297
954
687
105464
867
302
4494
344
77
38434
733
689
539
530
17208
1019
86842
306
4793
1019
18
461
2983
1435
302
344
77
16
330
13
386
771
19377
1919
277
4569
1343
2428
361
6892
936
277
4381
225
15316
79
16
689
9745
2188
64594
1480
277
77647
8597
341
468
1210
307
16
306
468
1450
2672
539
11360
35
41729
16
1450
24322
302
416
5802
16
330
13
8877
468
1210
730
302
1217
2731
2475
5267
344
90380
366
4550
680
2586
1850
265
8162
8642
16
516
63794
18
2586
304
17208
416
5802
16
330
733
539
1008
304
17208
416
5802
15
21
16
331
13
352
7662
730
331
344
57009
391
87
2943
25442
420
330
234553
95
87
2943
65
25171
2586
1850
265
3225
2481
1652
304
700
42803
18
2586
352
265
2688
344
77
38434
733
13131
416
5802
38434
13
642
7324
265
8642
302
5267
30
344
77
16
330
733
344
77
15
21
16
331
21
733
344
77
15
22
16
331
22
733
69585
344
82
16
2761
680
461
2983
1435
302
5267
17398
3796
616
59706
1387
361
2927
592
539
17771
14299
277
1656
344
78
16
559
13
4347
3041
499
1497
6857
4232
382
2608
539
530
42626
743
30
3984
539
17208
416
11165
16
559
733
539
37224
411
352
3687
8877
18
461
2983
1435
302
9746
344
78
16
559
13
386
642
361
19377
1387
361
778
304
277
2983
1435
302
344
77
16
330
13
539
15528
6585
4171
4728
6299
386
5230
3509
277
23077
18
2952
16
6035
386
1450
8642
341
5047
498
265
6917
302
9089
344
13695
420
516
13
2387
366
277
8210
306
277
867
18
461
867
468
1450
2672
341
7152
498
277
4381
867
306
277
8210
15267
713
3312
18
26094
4381
8023
874
2693
304
277
1656
867
468
910
3735
3591
382
669
2983
1435
302
2731
344
78
16
559
13
15278
386
530
22522
499
839
4381
867
386
341
265
22517
302
277
34481
306
302
2287
20649
399
16
396
539
1343
137045
16
2428
361
2927
16
689
8696
539
530
5879
411
498
504
4020
535
225
22
54588
13
697
341
8730
18
2952
16
2688
386
307
33
622
66
24
306
399
60053
1670
16
689
225
22
66
1670
341
225
3284
4364
16
4924
2502
1451
382
2608
9745
539
530
911
277
1689
386
277
1794
4354
341
1094
225
622
66
24
16
713
277
2983
1435
302
344
78
16
559
13
15278
386
1226
5230
297
839
8642
341
468
1210
277
2983
1435
302
344
78
16
559
13
386
530
361
7377
498
5993
277
1794
499
839
6857
867
18
1563
265
6842
6857
3591
477
16
277
867
81086
396
539
704
5739
18
1563
1450
477
16
277
867
468
2413
477
344
9503
5993
778
304
477
13
341
7152
498
277
6857
867
306
277
16514
272
13478
214112
2952
16
592
539
1994
616
2731
6857
8023
330
302
2287
20649
399
16
277
1435
302
9746
8023
386
530
5230
468
2413
477
341
5885
1480
277
867
341
6120
499
277
8210
297
277
35758
18
3092
2413
477
16
277
867
341
910
22517
302
277
8210
386
569
13149
297
272
13478
58985
778
304
910
1646
16
689
411
1387
361
1451
382
2608
8696
539
530
911
265
1497
9120
30
7517
539
1094
1008
304
17208
416
3280
15
21
16
699
2420
13
352
699
2420
386
436
36312
302
3285
7826
1615
306
265
3083
16
539
1387
17208
1131
498
85242
277
35758
499
278
15
21
402
386
4381
867
16
689
539
1387
37224
59706
3796
1497
278
18
1563
2024
16
352
265
6842
35758
6857
468
700
16
277
1154
416
5802
16
330
13
396
265
1154
302
330
2428
569
265
4081
3920
18
22547
411
361
386
416
5802
16
330
13
10549
1094
366
697
8210
499
277
35758
436
3402
297
330
35
8801
277
1343
1094
41474
819
3473
265
3083
341
297
330
18
1563
1450
3083
297
277
35758
16
277
5401
304
4124
10549
366
3473
386
3083
341
297
277
1843
867
18
461
867
81086
498
8811
8210
396
724
5230
344
359
516
3402
1831
13
3369
411
23459
2287
399
16
1232
20789
12760
304
265
83703
18
2586
277
1343
530
361
4156
396
30
539
569
265
867
386
10626
396
330
16
306
539
1343
277
35758
16
14140
265
867
18
461
1435
302
20789
341
277
1435
302
3041
539
13530
265
3083
516
297
277
1843
867
306
277
867
2287
341
399
382
1905
341
73835
302
265
2746
386
530
361
25837
402
38474
898
50104
689
8696
539
530
911
21032
10128
5905
420
687
52448
352
1450
35758
277
373
9060
18168
6
302
8210
382
23928
277
2164
34481
344
1670
733
539
2428
361
2948
304
687
52448
352
1450
35758
700
306
352
1450
2731
22517
302
8210
344
299
265
250584
13
277
1435
302
20789
18
2952
16
225
22
66
1670
341
2502
2927
18
2209
539
1094
1008
50104
302
2287
20649
399
18
1563
399
33
1670
16
4924
2188
225
22
66
1670
18
1563
7922
399
16
2132
399
33
22
16
1435
302
50104
302
2287
20649
22
341
346
12
1670
16
20
7162
39
12
1670
16
21
7162
39
12
1670
16
22
5791
21
15
1670
15
18857
33
22157
16
697
341
64594
18
1563
399
33
23
16
919
346
12
1670
16
23
5791
22
5239
16
2983
5907
22
19962
18
1563
399
33
24
16
346
12
1670
16
24
5791
992
15623
16
2983
5907
1145
7992
18
1563
399
33
25
16
346
12
1670
16
25
5791
2394
19880
16
2983
5907
7713
19880
18
1563
399
33
622
16
4455
1242
77
33
20
6165
622
97
346
12
1670
25478
13
341
2927
689
8696
2188
2223
4625
35
16473
17208
30281
30
4455
1242
77
33
20
6165
622
97
346
12
1670
25478
13
351
225
22
66
1670
535
12075
386
95923
12
1670
16
20
18
25
13
20649
622
35
41729
1850
21210
4919
302
225
22
66
1670
592
34580
35
225
22
66
1670
351
225
3284
4364
18
38061
341
5907
1691
18
25
4364
18
9405
2188
2927
18
1563
399
33
622
16
277
1435
302
50104
302
2287
20649
622
341
819
225
1691
4364
18
9405
265
2942
689
8696
64594
402
17034
11183
35
225
1691
4364
32088
344
24
11304
1450
13
341
5907
13542
21222
16
4171
32103
352
20078
420
4173
16
1387
361
98681
689
8696
2502
1398
352
11279
3167
18
2952
16
6035
386
399
530
361
396
1398
396
225
1670
16
713
14774
41597
50104
351
225
22
66
1670
351
225
3284
49
16
697
341
2502
3089
382
2608
8696
539
530
18060
386
277
70876
1343
1094
41474
819
277
867
2287
306
20050
16
689
277
1435
302
20789
10549
366
277
3018
11807
1094
297
277
5258
302
3473
724
436
297
277
867
18
2952
16
8696
539
530
21957
277
1889
304
1060
277
867
302
8210
1831
16
689
539
530
911
265
13822
305
306
4793
38474
352
1450
700
306
1450
8588
35
3483
1011
361
307
535
225
22
92059
16
13861
382
27872
16
539
1008
265
717
38078
4158
382
19477
1761
819
277
2746
21214
30
461
6756
1435
302
48112
1325
468
1210
730
2312
18
22547
411
361
386
277
12381
6989
341
304
2312
265
3083
304
265
699
7330
386
341
516
1831
297
277
1843
10368
16
12267
265
4124
16
306
851
304
265
7330
386
642
3866
4728
20789
297
277
35758
35
22977
539
530
17208
352
1450
2413
277
3242
3764
297
20789
592
539
2312
386
3083
304
265
3018
7330
16
498
25865
277
1603
366
277
1843
10368
306
277
2475
2487
17158
382
25790
539
530
1994
277
1603
366
277
1435
302
17158
396
30
1450
4124
9848
890
539
13530
265
3083
386
341
516
297
277
1843
867
306
277
867
2287
341
399
18
2586
304
3764
20789
16
539
1587
304
2299
699
12048
1207
265
3083
341
516
297
277
867
306
867
2287
341
399
18
52516
265
3083
530
3673
1375
17
49843
265
4124
468
969
1902
2413
344
359
539
1265
411
516
297
277
1843
867
306
867
2287
1377
399
2570
17
40528
265
4124
468
969
1902
2413
344
359
539
1265
411
361
297
277
1843
867
16
12146
10944
20789
16
689
8696
411
6425
3735
2570
17
45732
277
867
352
3735
10690
16
697
530
2299
420
19523
20789
3735
382
23928
386
539
1587
304
29093
20789
16
539
1011
6254
1587
304
3866
20789
16
516
4613
1019
18
2952
16
6848
19270
265
4124
2428
2617
277
867
304
5001
6892
16
20487
717
20789
3735
35
41729
16
592
539
4613
265
4124
16
539
919
277
3083
304
277
867
344
273
2553
411
733
697
2428
3764
277
867
2287
344
359
516
3402
1831
680
2209
592
867
2287
341
3402
399
16
8811
265
699
3083
1011
13287
3866
265
4124
16
713
19270
265
4124
498
3130
277
3083
3402
297
277
867
16297
277
867
2287
38750
16
697
2428
361
15654
592
539
1587
304
2553
277
867
2287
1398
304
3866
20789
3735
35
2209
20789
5181
890
867
2287
1377
399
306
539
13530
265
699
3083
18
1437
539
4613
265
4124
16
539
4928
265
4124
468
386
2413
16
689
539
851
4928
96342
277
867
16
713
277
867
8320
2287
399
18
3483
1387
2617
3687
699
8210
304
3866
20789
3735
344
29753
867
8320
2287
399
680
1437
539
4993
7182
265
4124
16
539
1011
12760
277
867
304
265
83703
16
697
2428
5510
277
7316
302
3687
20789
1480
277
867
2287
7883
225
21
16
516
399
18
2586
903
341
265
7363
13948
30
12267
265
4124
6632
387
14492
692
21
17322
16
689
114657
277
867
16
11568
10944
3687
20789
18
129673
265
4124
344
1892
3130
277
3083
3402
297
277
867
13
2428
9823
386
14492
4124
689
21374
277
867
2287
16
20487
717
20789
3735
18
2586
539
1008
304
1994
1804
382
27872
16
277
12381
2312
2428
16246
3673
12267
265
4124
468
278
420
516
16
67758
22699
3634
2983
382
8311
16
539
1387
5842
304
17208
352
1450
2413
278
277
1861
2731
2983
20789
1325
9212
272
35950
65
304
839
7330
16
498
26634
1804
21254
344
13695
420
840
4124
13
306
13131
277
1603
366
277
35758
382
1699
17208
277
1603
366
277
35758
19792
16
539
1387
687
52448
352
1450
35758
700
306
352
1450
2731
867
2287
35
2209
277
867
9998
13917
382
25790
539
530
1761
819
277
373
8831
4124
6
10690
18
610
277
4607
1343
16
539
569
265
6917
302
4124
10690
18
52516
265
3083
1387
8830
1131
4124
10690
382
26412
277
17158
396
22302
18
19001
539
569
17158
30
59727
225
21
30
499
312
21
304
423
21
16
59727
225
22
30
499
312
22
304
423
22
16
4074
1207
312
21
33
20
16
423
21
351
1058
4124
17
21
16
4115
18
8049
10368
674
265
867
302
9746
8210
382
2558
539
2312
265
3083
297
10368
477
16
277
699
1794
2428
21490
10368
477
402
277
2475
10368
344
78
15
21
13
592
277
4124
4550
840
5198
12413
16
420
11297
10368
477
3310
16
4115
382
25790
539
530
2489
277
1343
396
30
539
569
265
10019
700
306
265
867
3285
18
1283
1587
304
29093
277
1435
302
20789
18
52516
265
3083
341
1013
39173
730
3083
297
277
6917
18
957
341
3600
304
265
2746
1207
539
530
2312
730
2479
304
29093
277
1435
302
3041
265
3166
4550
341
1658
18
22547
361
25837
402
38474
386
73422
277
1435
302
20789
352
1450
16514
306
1232
2050
304
1565
277
1603
302
9212
1450
3083
382
13617
4610
30
7517
277
34481
341
2164
16
539
1387
911
265
373
31274
1957
6
38474
30
1563
1450
2413
700
16
539
530
17208
277
1435
302
20789
352
277
4607
1794
18
5489
16
352
1450
2731
2312
16
539
1387
17208
277
699
1435
302
20789
498
11532
277
3688
366
277
867
468
386
2413
306
277
2165
17158
1347
687
105464
1478
819
277
373
8831
18168
6
302
1450
3083
5657
304
277
10368
18758
382
25790
539
530
687
52448
352
1450
2413
700
306
1450
3083
274
16
277
3591
1207
274
2475
8615
1325
700
16
306
911
386
304
5827
592
8811
274
1011
3866
265
4124
2387
366
1843
867
2287
382
2608
539
2188
1008
304
1287
277
1843
867
2287
468
700
16
697
10549
366
7977
8210
382
23928
277
16981
16
8696
277
9444
4377
341
14233
304
2050
616
3393
306
37687
277
48112
16
689
402
96898
30
307
33
622
66
24
16
3393
33
948
14
622
66
24
33
6701
79
16
306
1450
15376
504
4020
13
341
2502
5983
18
2952
16
8696
539
530
24819
277
15376
1347
13822
1403
420
3836
32521
35
3557
4164
382
2608
9745
903
341
265
55181
1528
30
461
48112
1682
341
15837
277
1435
302
17158
16
697
341
851
6792
304
277
1435
302
3041
277
9746
1682
23459
399
15
21
18
3483
341
3600
304
27946
373
110650
6
1207
1450
1774
341
5047
498
265
35873
5702
302
9746
8210
18
52516
265
3083
530
1094
3910
10424
20845
382
19477
5842
304
17208
277
1603
302
265
2312
366
277
1435
302
20789
498
25865
277
10368
7824
278
306
277
2475
10368
382
21915
539
569
4607
17158
30
4074
59727
340
344
2539
468
423
8380
733
1232
59727
398
344
73210
468
312
4041
351
423
8380
15
21
680
461
4124
1360
340
306
398
9848
1480
468
2413
312
4041
16
277
3083
272
51094
4041
65
341
516
297
277
867
302
340
306
367
1510
8380
96
1377
399
382
8311
16
592
539
2312
265
3083
5451
10368
340
344
271
2413
278
20649
423
8380
733
539
2428
9569
867
8380
18
957
1387
3910
3473
277
4124
1360
340
306
398
2188
8913
18
1437
277
4124
73068
16
1232
17158
340
306
398
21490
983
730
5198
10368
18
1437
277
4124
8320
16
1232
10368
340
2428
361
11297
983
1217
17158
592
539
3866
265
699
4124
5451
340
382
54351
16
592
539
2312
265
3083
297
10368
398
16
411
1387
3910
969
1902
867
306
277
4124
1714
277
2475
10368
382
27872
16
277
1603
302
265
2312
341
5885
304
277
17158
386
3451
278
306
11568
277
16556
17158
16
1480
277
1889
12760
468
1450
4124
18
41729
16
277
1343
341
1175
386
1325
265
4124
16
277
867
341
12760
304
265
83703
18
2586
277
5814
1325
265
4124
10549
1094
366
386
10368
494
1058
3083
18
52516
265
3083
297
265
10368
530
1094
3910
277
867
2223
386
10368
306
277
4124
4550
468
277
14890
1325
386
10368
16
1480
277
867
1714
277
10368
341
7152
21289
498
277
10368
494
1902
8210
344
414
277
10368
494
1472
680
2952
16
1387
411
3910
20789
3310
7835
277
2475
10368
35
19001
539
2312
265
3083
297
10368
398
18
461
4124
1360
398
306
346
10549
366
867
4041
18
52516
867
4041
1387
3910
386
4124
18
5489
867
2285
341
12760
304
83703
2387
366
272
51094
2285
1807
2586
277
1603
341
5885
304
17158
386
436
5502
33232
30
277
10368
7824
278
16
306
11568
277
2475
10368
344
359
278
341
468
277
1169
302
265
10368
35
41729
16
592
278
341
297
277
7343
302
265
10368
16
9212
411
1387
3866
265
699
4124
5451
386
10368
16
42407
411
983
1217
17158
18
5489
277
1749
766
302
386
10368
7883
265
699
10368
16
306
969
867
341
7152
498
277
699
3083
468
277
11297
18
3483
1387
3910
277
4124
1360
386
699
10368
306
277
2165
4607
10368
344
8781
540
15422
277
2475
10368
680
2586
10044
16
277
2312
530
3910
468
1210
1217
17158
30
277
10368
7824
278
306
277
10368
1325
411
344
273
717
592
278
341
468
277
14890
76367
16473
3368
1375
17
461
70876
8860
6582
60166
18
461
1889
344
7628
867
13
81086
18
52516
265
3083
468
2413
278
80414
277
1889
468
386
1646
306
43212
18
461
1889
1325
5993
278
341
1161
352
616
13845
10690
18
461
1889
341
15837
277
867
302
9746
8210
297
277
1843
10368
18
461
1843
10368
530
361
3592
302
396
277
10368
386
4881
468
910
4124
18
4790
265
4124
16
277
867
341
265
83703
18
1737
539
1343
8210
16
277
867
25409
498
8811
699
8210
3369
411
23459
2287
399
16
468
697
1646
277
2475
699
3083
7815
265
4124
16
96342
277
867
304
265
83703
382
27872
16
277
10859
302
277
867
341
30
411
10626
396
910
867
330
20
344
3161
3733
10368
494
867
35
41729
1325
265
4124
16
867
341
391
87
63
13695
9559
65
25171
5489
396
539
704
16
539
919
8210
3369
867
2287
23459
399
16
1232
265
4124
9848
16
96342
304
265
83703
302
277
2475
3083
382
4892
277
867
2287
19871
1360
225
21
306
399
18
461
9998
302
277
867
10549
366
277
8210
4156
382
2558
539
2312
265
3083
468
2413
278
16
411
530
3910
277
867
499
386
1646
101037
18
461
867
468
2413
278
15
21
344
9503
5993
278
13
341
3673
265
83703
344
359
4124
13
420
277
3733
867
4171
277
699
3083
18
957
699
867
642
361
1161
352
13845
8210
18
461
13845
10859
642
361
3600
304
4607
689
402
265
1497
4381
867
382
8311
16
1387
492
3910
20789
7835
277
2475
10368
35
14994
386
1325
265
4124
16
277
867
114657
304
265
83703
18
461
2475
10368
494
867
81086
396
8210
436
4472
18
1437
539
2312
265
3083
5451
265
10368
16
277
867
352
386
10368
874
361
26466
16
697
1387
3866
265
4124
7977
420
3735
16
6298
20397
1207
277
2475
4124
9848
18
3483
1387
8830
277
14890
1360
17158
18
2952
16
277
3920
302
277
1794
8320
277
1656
6329
468
278
18
2586
277
1603
366
277
35758
341
7662
396
592
539
15267
277
35758
402
265
1497
4381
867
18
3483
1387
3910
4347
17158
16
516
1060
277
14492
2475
730
16
1480
277
4381
867
25713
277
4425
13845
10859
18
1563
2024
16
6857
402
265
6892
867
344
6118
399
13
2428
3866
20789
36422
936
6857
402
265
7922
867
382
2608
9745
539
530
5879
277
1435
302
17158
386
530
361
9175
498
265
3225
2312
18
7517
277
867
2287
341
468
1210
399
16
306
1450
10368
494
4354
341
468
2750
225
21
16
277
1435
302
17158
341
468
1210
307
18
52516
730
3083
1387
16
297
6728
16
3910
1451
17158
1480
277
4381
867
352
277
35758
1387
361
1497
16
12267
265
49424
302
20789
18
1563
4681
16
1994
265
1794
1207
399
33
22
16
272
351
373
377
583
583
8886
78311
461
4607
1343
30
1472
402
265
344
1510
391
69
28674
1232
290
344
1510
391
69
19230
28674
1232
2475
265
30
2650
867
2287
33
22
306
265
341
3402
297
867
35
41729
265
341
297
867
16
713
840
4124
16
867
30628
391
69
19230
2547
2475
290
30
290
297
867
16
840
4124
16
713
616
297
730
10368
1117
225
21
10368
18
1437
539
2312
730
3083
16
2132
277
4658
3083
499
489
69
11
304
489
71
747
1232
30
265
19230
25201
2649
468
274
16
867
391
69
19230
97
2287
33
22
16
274
516
297
867
1117
4124
1714
274
16
713
1058
10368
373
377
728
1749
10368
1472
402
274
344
1510
391
71
28674
1232
2475
265
30
265
516
297
391
71
97
306
2287
33
21
460
399
16
713
919
265
2649
867
391
71
28919
2547
2475
290
30
290
516
297
391
71
28919
97
306
2287
33
22
1377
399
1117
4124
1714
290
16
713
1749
10368
373
1001
728
4658
10368
373
70
3210
2586
539
771
225
23
17158
18
2586
265
3225
2312
4957
17158
499
225
21
304
225
23
16
20397
1451
17158
344
1833
4425
1794
680
2586
277
1603
530
361
4188
382
27872
16
539
4273
4753
304
2326
17158
382
29838
16
539
1008
265
717
4188
689
7434
1557
382
23928
386
307
33
622
66
24
16
8696
504
4020
535
225
1670
535
2761
2164
13
341
20672
592
2761
2164
341
1013
504
12402
13
420
504
12
21
680
22547
539
17208
416
5802
16
330
13
352
616
4494
344
77
38434
13
1347
38474
402
42626
1701
306
277
1689
386
277
1435
302
9746
344
77
38434
13
386
642
361
19377
341
516
8730
1480
1450
8642
341
4936
35
16473
5842
304
12564
277
2983
1435
302
9746
344
77
38434
13
386
1387
361
19377
592
539
42626
743
382
2110
569
4381
20634
352
1450
278
306
274
16
7859
344
77
44315
15
21
16
330
20
680
1563
1450
1175
6132
16
539
17208
416
5802
16
330
20
680
957
642
86842
17208
416
5802
15
21
16
331
21
733
4115
1278
3369
700
42803
18
2586
1450
6132
642
7324
265
8642
302
5267
344
78
16
225169
13
352
477
499
700
304
307
18
461
2983
1435
302
1175
5267
3796
616
20634
1387
361
778
304
504
4020
535
1435
9414
36426
152788
13
592
277
23077
436
77921
18
2209
724
874
29513
20326
1480
1451
4381
20634
874
2693
304
277
1656
344
78
16
225169
13
5267
18
610
277
14774
1690
16
724
1387
616
361
77921
16
6152
304
225
6701
79
535
4488
8642
4354
344
50180
504
4020
13
351
225
622
66
24
13
351
225
22
18
25
73
29
5267
16
697
341
2502
1451
382
2608
8696
277
23077
29513
7043
1480
277
137045
436
277
1656
352
1451
700
16
306
277
330
2911
436
5885
18
16473
16216
30
1563
265
6842
35758
6857
3591
477
16
277
1889
225169
10549
366
277
4381
330
20
306
277
8210
499
477
101037
18
26094
4381
330
20
530
2693
304
1497
225169
18
2952
16
277
1435
302
9746
225169
352
265
2688
477
2428
361
5885
18
610
2879
16
225169
341
2837
265
22517
302
277
8210
386
569
13149
297
277
35758
778
304
477
17
21
35
41729
16
1850
277
867
1325
5993
8210
477
1424
78
17
21
35
16473
8483
717
21887
382
4411
539
17208
416
11165
16
330
13
352
910
330
16
539
1343
8210
468
10690
477
16
477
15
21
16
69585
307
17
21
18
3092
1450
2672
16
277
867
81086
18
3092
277
1169
344
9503
5993
616
8210
733
539
569
265
2522
867
344
1833
867
302
277
2009
10368
680
2209
539
1907
1008
386
31
539
1060
1008
277
1435
302
20789
18
2952
16
18204
8023
436
851
8805
592
539
42626
743
18
1563
265
2688
477
16
277
2731
8023
386
530
5230
396
277
1843
867
468
2413
477
344
10384
5993
477
13
436
7662
277
8023
386
530
361
6202
498
6857
499
910
4381
330
20
344
8781
1387
361
839
867
302
2287
20649
399
13
306
5993
277
35758
272
13478
58985
35
41729
16
592
539
1472
468
477
402
867
330
16
1232
1325
5993
2413
477
16
539
771
265
699
867
352
477
15
21
18
2586
277
867
468
477
15
21
341
3673
391
87
13478
25442
592
4124
16
420
330
234553
95
87
13478
25442
592
840
4124
18
2586
277
867
468
477
15
21
341
7152
498
330
306
272
13478
1807
2586
277
2731
8023
468
2413
477
15
21
436
277
15395
302
30
352
1450
2731
330
16
3673
391
87
13478
25442
420
330
234553
95
87
13478
25442
592
4550
12413
18
2209
330
530
361
1451
382
10917
16
6035
386
330
5513
341
265
867
302
8210
386
436
373
4143
6
297
277
1843
10368
18
3092
2413
477
16
277
867
330
341
7662
277
867
302
9746
8210
4156
297
277
1843
10368
713
499
969
1472
778
304
477
17
21
18
3483
867
341
265
22517
302
277
8210
386
569
13149
297
277
4607
16514
778
304
477
17
21
344
29753
539
12831
6816
4907
1714
477
680
610
954
20634
16
277
4381
330
20
352
35758
477
341
3673
3285
7826
1615
93970
391
71
97
420
391
71
7342
3285
7826
1615
341
265
867
386
8615
297
277
4607
1343
468
2413
278
344
8781
341
1714
477
680
2586
3285
7826
1615
341
265
22517
302
8210
499
272
63
20
45421
17
21
1807
2586
330
20
341
265
22517
302
8210
499
272
63
20
45421
17
21
65
4171
8696
274
18
2586
330
20
341
265
22517
302
277
867
302
8210
386
5230
297
277
16514
778
304
278
17
21
16
4171
11568
274
18
957
867
341
516
22551
31
1850
5885
382
8311
16
890
539
1343
277
35758
272
13478
125915
277
867
468
2413
477
15
21
642
361
6120
499
330
20
498
8811
8210
499
272
13478
58985
3369
20789
18
957
867
1387
2549
8210
499
277
35758
396
1357
18
2586
277
867
530
2549
8210
499
1804
16514
306
35758
382
669
2983
1435
302
9746
8023
386
1387
5230
396
277
1843
867
468
839
2413
477
3796
616
59706
2428
361
32344
498
277
1435
302
9746
50104
302
277
34481
386
436
67523
498
6857
499
910
4381
867
344
8781
341
265
22517
302
277
16514
8210
4171
8696
730
699
3083
13
306
1232
8811
8210
499
277
35758
18
7517
277
35758
4354
341
778
304
225
622
66
24
16
277
867
1387
2271
304
2549
1451
8210
18
610
14774
1690
16
277
35758
1387
3451
616
225
1670
11807
16
306
277
4381
867
1387
2549
910
16
713
277
99164
8023
1387
361
616
50104
302
277
34481
386
2549
277
4381
867
494
8210
306
910
35758
8210
18
3483
1387
361
39947
382
2608
9745
539
530
911
277
1689
386
399
341
2164
344
60053
1670
13
304
5879
277
2287
302
8023
539
2081
819
35
21209
39947
382
23928
277
15924
16
8696
903
341
265
31420
4377
30
7517
539
530
2312
468
1210
730
3083
16
539
1387
2050
616
2731
3393
689
17208
277
699
48112
1682
1347
265
10662
1557
386
316
4206
24322
18
1563
1450
2312
16
539
1387
37687
277
1343
689
402
3836
32521
35
3557
2450
382
25790
539
530
911
265
10368
6657
420
2761
304
17208
277
1435
302
20789
1325
265
2312
297
504
26930
307
13
621
2312
35
99008
498
14140
910
925
3920
386
21229
277
70876
39952
382
42221
819
277
70876
39952
30
3578
3600
304
68723
983
17158
1207
1450
10368
674
468
1210
399
9746
8210
16
306
539
2837
1863
277
30041
2731
10368
18
957
341
57272
18
22547
539
17208
277
1435
302
17158
352
839
1794
297
504
4020
13
1347
265
9144
420
2761
35
8520
16
539
530
17208
411
498
25354
306
14140
277
867
302
9746
8210
297
277
1843
10368
16
306
27946
20789
18
9405
504
4020
680
2586
352
1450
2312
16
539
1008
504
4020
680
33249
5983
382
2608
8696
539
530
17208
277
1603
302
265
2312
1347
277
4607
39952
306
910
687
105464
26081
386
3862
471
16
352
1450
2413
16
277
867
302
8210
297
277
10368
306
277
2475
4124
2413
18
5489
16
890
539
2312
265
3083
16
539
530
6313
277
39952
20845
16
17771
187189
1094
277
9175
766
18
7517
277
39952
341
7152
498
277
9746
1682
16
9212
730
3083
2428
1094
3910
277
10368
386
5720
411
306
11568
277
2475
10368
2350
680
1737
23069
7977
16
277
1603
1387
67747
3312
16
689
9745
277
34612
6489
341
32344
498
2761
1013
504
12402
13
1480
277
867
2287
341
468
1210
399
306
277
1343
114657
1325
1450
4124
18
16473
1310
402
277
7977
2024
30
4607
373
377
583
583
6
344
79
33
22
13
7939
225
21
10368
18
52516
730
3083
304
489
71
11
7939
225
23
17158
18
1882
1451
17158
846
9175
35
461
2312
7182
265
4124
468
277
6816
3083
16
42407
277
1058
10368
983
1217
35
41729
15422
730
10368
18
4790
2312
16
539
3289
2240
17158
30
1058
373
377
728
1749
373
1001
728
4658
373
70
3210
2586
277
2312
9175
616
17158
18
2209
6035
386
277
2312
9707
265
699
3083
489
71
11
386
7182
265
4124
16
306
1232
277
10652
8210
846
316
109274
289
18
461
1603
84979
1480
277
12760
867
391
71
97
7182
13845
8210
304
361
15267
402
265
2164
867
16
6152
304
3310
20789
18
2586
14233
277
1603
530
361
4188
382
2608
8696
539
530
5879
277
1435
302
17158
386
530
361
9175
498
504
12402
13
1480
1325
265
4124
16
277
867
341
265
83703
16
306
277
1343
499
386
1646
101037
10549
1094
366
277
8210
306
277
867
16
689
277
867
2287
341
2164
18
2952
16
277
1435
302
17158
386
530
361
4202
499
265
1646
101037
341
468
1210
307
16
713
516
32344
498
399
382
27872
16
4924
516
9734
382
23928
277
16981
16
9745
277
9444
4377
341
14233
304
2050
616
3393
689
402
387
17422
30
1563
1450
2413
278
16
539
1094
1008
304
2050
9212
304
265
3083
386
341
516
5740
297
277
1794
35
2491
1094
304
265
3083
386
1011
3866
265
4124
35
3557
13375
382
25790
539
530
5510
277
1435
302
3393
304
1994
498
34155
386
9212
304
265
3083
386
341
3402
1831
297
277
1843
867
341
21930
304
361
12381
9082
411
24875
265
4124
304
7864
717
3735
20789
18
2209
539
2428
2188
1008
304
1994
1731
382
13617
3592
30
7517
399
6758
225
1670
16
539
1387
911
38474
402
250584
15739
277
1843
867
16
306
17208
277
1435
302
20789
352
277
4425
1794
352
1450
2731
4381
867
35
2209
539
1094
1008
4381
8295
867
18
3557
9734
382
20822
16
9745
539
101436
277
2746
30
461
68723
1343
341
30
373
30778
277
30041
16514
302
272
7824
468
1210
399
9746
8210
16
5909
492
16514
344
213322
396
730
17322
733
14361
3369
272
341
8295
1304
957
341
7662
277
70876
539
1161
18
2209
8696
539
530
2312
468
1210
730
3083
1714
13997
492
1343
18
2586
539
530
2312
265
3083
304
29093
277
1435
302
48112
382
8311
16
8696
903
341
265
3162
1193
30
461
6756
1435
302
48112
341
11841
498
3130
277
1794
396
373
742
6103
6
396
2731
16
700
3077
1278
12267
20789
396
2781
396
2731
18
52516
730
3083
530
468
1210
3764
277
1435
302
48112
498
2761
1013
504
12402
13
420
504
4020
15309
22547
361
386
277
12381
2312
341
304
2312
265
3083
304
265
6789
699
7330
386
341
516
1831
14882
16
12267
265
4124
468
386
2413
306
851
3130
277
867
2287
399
16
697
2428
3866
717
20789
3735
18
2209
539
1008
304
17208
277
5204
6756
382
23928
277
7120
306
277
4728
1310
4027
16
8696
277
4655
4377
341
14233
304
88934
99677
616
3393
1480
307
33
622
66
24
306
34481
225
1670
6632
225
15316
79
3393
16
306
1450
2312
15376
504
4020
13
1011
361
225
22
18
26
73
29
16
697
341
2502
1398
352
11636
18
2209
8696
402
910
17422
344
7846
1347
13822
1403
306
3836
2984
13
411
1387
1717
35
16473
12564
30
225
15316
79
535
225
622
79
351
225
22
18
26
73
29
7154
18
8269
592
1450
5637
341
265
4081
2292
16
11636
1011
1863
4943
304
4210
18
2586
516
18597
382
27872
16
539
1008
265
55181
8860
382
19477
2050
304
1761
819
277
2746
499
265
1497
10295
30
461
1435
302
48112
341
6792
304
277
1435
302
3041
277
9746
1682
297
277
1843
10368
23459
399
15
21
890
8811
265
3083
18
957
341
3600
304
277
1435
302
373
3005
1992
6
1207
539
13530
265
699
3083
1706
277
1843
10368
3402
674
399
9746
8210
382
2110
530
1761
302
277
1343
396
30
539
569
265
35873
5702
302
9746
8210
386
52588
3369
411
22490
2287
399
16
1232
277
2475
699
3083
31466
265
4124
306
114657
277
5702
304
265
83703
7824
386
3083
382
4892
277
1343
341
1013
30
1472
402
8295
5702
18
1563
1450
3083
16
592
411
341
516
297
5702
306
367
18273
96
1377
399
16
1232
4124
16
867
5702
351
391
329
7342
34988
16
919
466
304
5702
382
27872
16
277
1435
302
20789
341
277
1435
302
3041
539
13530
265
3083
516
297
5702
890
367
18273
96
1377
399
382
8311
16
592
539
2312
265
3083
468
2413
278
499
2462
304
699
16
539
3910
277
5702
468
386
1646
306
13845
12336
382
6021
3569
27967
277
5702
1060
1714
5993
2413
278
396
439
344
8781
341
3285
7826
1615
680
4790
5993
278
16
277
5702
7883
439
11
9305
366
699
306
4550
18
5489
352
10690
1518
278
16
277
1343
10995
382
2110
530
687
52448
352
1450
2413
700
306
352
1450
2731
5702
439
344
299
265
867
733
277
1435
302
20789
499
700
101037
18
2209
396
23069
16
2502
1451
382
2608
8696
539
530
911
277
1689
386
277
5702
439
341
2837
265
22517
302
277
34481
16
306
539
1094
2081
819
277
2287
302
439
306
697
11807
436
297
411
35
461
4550
352
265
4124
468
2413
700
10549
366
3473
272
2943
65
341
297
439
306
367
59
96
1377
399
18
2586
277
5204
9998
13917
1480
592
265
7330
341
297
439
16
411
4007
3866
265
4124
18
2952
16
277
9998
851
16156
3687
12336
1480
8811
265
7330
15013
411
304
439
592
516
3402
1831
18
2586
9998
13917
352
3687
20789
382
23928
277
2164
34481
344
1670
733
539
1387
3087
439
396
265
250584
302
225
1670
13822
18
5489
539
1387
1971
38474
898
277
1794
402
1889
1610
277
250584
16
689
386
1011
361
225
22
66
1670
5267
621
2413
16
2502
1451
382
2608
9745
539
530
911
277
1689
386
399
341
2164
16
713
277
1435
302
13822
867
341
468
1210
399
18
461
1435
302
30456
402
468
1210
399
13822
867
341
4455
1242
77
33
20
6165
79
97
346
12
1670
16
700
680
1563
399
33
25
16
4924
819
225
7713
79
31
352
399
33
622
16
5907
1691
49
31
352
399
33
1068
16
8696
5907
1296
49
35
16473
17208
5204
5463
1375
39
12
1670
16
20
5791
21
203
39
12
1670
16
21
5791
1670
203
39
12
1670
16
22
5791
18857
203
39
12
1670
16
23
5791
22
5239
203
39
12
1670
16
24
5791
992
15623
203
39
12
1670
16
25
5791
2394
19880
203
39
12
1670
16
26
5791
12745
12745
203
39
12
1670
16
27
5791
27656
5855
203
39
12
1670
16
28
5791
21
24815
18467
203
39
12
1670
16
29
5791
23
12827
16387
203
39
12
1670
16
622
5791
25
19038
27358
203
39
12
1670
16
807
5791
27
28195
8150
203
39
12
1670
16
740
5791
29
27656
6727
203
39
12
1670
16
1068
5791
622
4120
5239
300
20454
778
304
225
1068
341
819
225
1691
18
28
49
35
41729
4455
778
304
225
1068
4059
616
50104
778
304
4919
302
225
1670
16
697
341
225
22
66
948
351
225
1691
16
26615
16
20556
18
20987
4455
1242
77
33
20
6165
1068
97
346
12
1670
25478
13
351
225
22
66
948
351
225
1691
16
26615
16
20556
344
29753
34580
680
2586
352
399
33
1068
16
539
569
819
225
1691
18
25
4364
30456
18
9405
2188
2927
689
8696
98681
352
4625
592
539
4793
387
11795
621
8588
35
225
1691
18
25
49
535
225
24
11304
351
225
14423
21222
16
4171
32103
352
11636
146581
344
73593
6892
680
3557
31975
297
11636
382
2608
6035
386
399
530
361
778
304
225
1670
16
713
14774
41597
30456
351
225
22
66
1670
351
225
3284
49
16
13861
382
27872
16
539
4273
569
38474
898
616
30456
382
25790
539
530
911
265
3655
2714
8942
71765
420
2761
35
1098
19360
382
19477
62356
277
2746
16981
30
307
6758
225
622
66
24
16
399
6758
225
1670
18
957
341
9310
2164
352
307
16
689
2927
352
1889
3203
18
22977
277
9444
4377
5119
277
1689
386
539
530
2312
468
1210
730
3083
16
306
539
530
17208
277
1603
498
11532
1450
2413
306
1347
910
687
105464
26081
386
4793
352
1450
2413
277
373
8831
4124
6
420
373
48353
1169
6
297
277
4607
1794
16
306
1232
37687
277
1603
302
265
2312
498
31198
1131
26081
20845
382
25790
539
530
17208
352
1450
2413
700
277
1435
302
20789
499
700
304
1169
21297
277
1843
867
341
265
3018
867
386
530
361
12240
498
277
867
302
8210
386
569
13149
297
277
10368
778
304
700
17
21
18
2209
386
867
341
7152
498
277
4607
1794
494
39952
778
304
700
17
21
18
2952
16
1325
265
2312
16
277
867
468
278
874
1173
16
689
277
867
1325
5993
278
15
21
2428
361
2761
1013
391
71
97
420
3285
7826
1615
93970
391
71
7342
15040
436
3018
8023
386
436
373
14614
6
304
277
4607
867
382
27023
539
17208
416
5802
16
330
13
498
1347
277
4607
39952
306
910
687
105464
1478
819
277
35758
35
1563
265
2688
6857
867
330
16
277
1343
366
277
35758
272
2943
58985
530
361
3592
302
396
30
539
569
387
4381
867
330
18
1737
539
13325
16
539
4680
265
867
3285
18
461
1343
341
57272
18
22977
539
530
687
52448
352
1450
35758
700
16
352
1450
2731
373
7628
867
6
386
1387
22522
499
277
4607
1343
344
77
3077
1278
277
3285
7826
7193
2911
733
277
1435
302
20789
18
2209
539
851
1008
8023
386
436
36312
402
265
3083
382
19477
27967
4607
3285
7826
7193
344
10384
5993
700
13
352
700
499
225
20
304
307
18
1283
530
17208
1131
6043
30
3285
7826
67
20
351
8295
31
352
700
499
225
20
304
307
17
21
16
592
4550
31466
16
3285
7826
1242
77
15
21
97
351
391
87
2943
108136
1625
3285
7826
1242
77
15
21
97
351
3285
7826
7193
93970
391
87
2943
25442
382
8311
16
352
839
2312
468
278
16
277
699
2420
539
1008
352
35758
700
351
278
15
21
341
3673
391
71
97
420
3285
7826
1615
93970
391
71
7342
8598
386
3285
7826
1615
341
730
302
1131
4607
3285
7826
2911
18
2586
277
699
2420
436
3673
265
83703
420
277
15395
302
387
4607
3285
7826
402
265
3083
382
8311
16
23907
539
687
52448
352
1450
2413
700
344
3161
225
20
304
307
13
306
352
1450
4607
3285
7826
1333
344
8781
436
468
1210
307
9746
8023
13
277
1435
302
20789
499
700
101037
890
6857
402
386
867
18
3483
1011
361
307
535
344
5686
302
9746
3285
7826
2911
680
7517
1435
302
9746
3285
7826
2911
1387
361
778
304
307
344
359
1450
10368
22699
265
699
867
680
2586
4924
307
66
22
351
225
622
66
28
16
8696
98681
689
11568
20672
592
8805
396
32088
35
225
622
66
28
32088
341
225
5855
21222
16
2502
1398
18
2209
539
1387
4793
1094
352
700
306
352
277
3018
3285
7826
2911
386
5181
16
689
4924
2188
778
304
307
535
307
19
22
35
3557
2897
382
10917
16
6035
386
3285
7826
7193
436
516
22551
31
724
436
8023
386
5230
1919
277
13325
18
461
1435
302
9746
3285
7826
7193
2911
2428
361
1687
7922
936
307
1480
1451
10690
4451
277
1656
867
18
1563
2024
16
297
265
10368
1207
277
867
25409
16
1451
10690
569
277
1656
867
344
1833
867
1325
5993
1450
3083
35
41729
3285
7826
7193
3393
1450
845
539
1343
265
3083
16
1480
3285
7826
7193
341
277
867
1714
5993
700
18
2586
396
539
3746
1257
265
10368
16
277
867
3285
7826
7193
874
2312
1094
890
539
919
265
699
3083
18
1437
277
10368
674
4354
434
306
277
867
25409
499
2287
225
21
304
399
16
1232
3285
7826
7193
3393
468
1210
399
3041
621
10368
18
2586
2983
9746
3285
7826
7193
2911
3796
277
4425
1794
341
504
4020
142999
535
399
13
20649
504
4020
535
399
13
689
399
20649
225
1670
16
713
468
1210
225
15316
79
18
9405
3600
304
7977
12564
18
2586
1435
302
9746
3285
7826
7193
2911
341
468
1210
819
225
15316
79
18
9405
64594
5
8801
1450
10368
530
3866
468
1210
399
9746
8023
344
1833
867
1714
1450
3083
1207
265
699
3083
341
4472
680
41729
16
3285
7826
7193
341
277
867
1714
5993
700
18
610
265
10368
16
15528
1325
265
4124
16
3285
7826
7193
341
265
83703
344
6118
225
21
680
5489
396
539
1343
8210
16
592
265
3083
341
699
16
3285
7826
1242
77
15
21
97
7883
3285
7826
7193
93970
391
329
2547
713
277
867
3393
18
461
867
3393
1094
890
539
13530
265
3083
516
3402
297
277
867
18
610
265
10368
16
277
867
2287
9063
499
225
21
304
468
1210
399
16
306
1450
3764
8913
468
1210
3984
621
3083
4472
18
2586
1435
302
3393
297
3285
7826
2223
265
10368
341
468
1210
399
344
29753
2287
6977
499
225
21
304
468
1210
399
16
1450
2672
15013
265
699
3083
680
6755
16
890
539
13530
265
3083
3402
297
867
16
3285
7826
1414
516
2312
18
2586
3285
7826
7193
8320
277
1656
352
1451
27399
700
18
7893
16
277
1435
302
9746
3285
7826
7193
2911
6381
341
468
1210
344
5686
302
17158
13
535
344
79
15
21
13
8696
35
41729
1450
10368
530
569
778
304
399
15
21
9746
3285
7826
2911
344
15519
277
4381
83703
306
1325
1450
2457
680
2586
2983
9746
3285
7826
2911
20649
344
5686
302
17158
692
225
21
13
535
344
79
15
21
680
7551
302
17158
20649
307
18
2586
14774
41597
504
4020
28410
13
351
225
15316
79
18
9405
18597
382
27872
16
539
530
4793
265
14894
499
344
77
16
3285
7826
13
304
277
1435
302
20789
499
700
101037
890
6857
402
386
867
16
689
539
1094
1008
304
4793
352
1731
344
77
16
3285
7826
13
386
3757
5181
396
3285
7826
7193
297
277
4607
13325
16
306
851
352
3285
7826
1615
93970
391
71
97
697
436
36312
302
1731
8023
402
265
3083
18
2952
16
3285
7826
1615
93970
391
71
97
874
516
361
3724
277
4607
3285
7826
2911
16
689
411
341
265
867
386
341
1060
387
4607
3285
7826
4171
730
3083
18
461
1435
302
1175
8023
3796
616
278
306
274
341
468
1210
307
14
1670
351
225
15316
79
18
2586
2983
9746
8023
539
2428
1008
304
6132
344
77
16
330
13
341
504
4020
28410
13
344
20128
3285
7826
7193
13
692
504
4020
14
1670
13
344
343
671
13
351
504
4020
14
1670
13
14381
18
9405
819
225
15316
79
8023
621
700
35
26128
16
352
1450
700
16
539
2428
1008
304
6132
4347
330
2911
18
2209
2983
344
77
38434
13
15278
3796
616
700
341
4455
898
700
302
1435
302
330
4494
352
386
700
18
1563
1450
278
16
539
569
700
351
278
15
21
18
2586
352
1450
700
344
3161
225
21
304
307
733
539
1008
304
6132
416
5802
16
330
13
352
330
386
436
3673
391
71
97
420
3285
7826
1242
77
17
21
97
93970
391
71
7342
2586
352
1450
700
16
539
1008
778
304
225
1670
330
2911
18
2586
2983
344
77
38434
13
15278
341
819
307
14
1670
351
225
15316
79
18
9405
277
1435
302
20634
539
1008
304
3032
18
12620
16
890
539
17208
416
5802
38434
13
86842
16
539
874
1008
416
11165
16
559
13
352
852
477
306
559
18
2209
1731
559
2428
361
3724
277
8023
539
3402
569
297
954
6132
867
35
99008
516
16
689
539
530
42626
743
1019
396
539
17208
18
461
2983
1435
302
9746
344
78
16
559
13
386
642
361
19377
1919
277
4569
687
242789
2428
361
6892
16
689
9745
2188
64594
1480
277
77647
23077
436
8162
306
1451
642
29513
382
19477
5842
304
1930
387
8860
386
687
46708
275
416
5802
16
330
13
352
616
4494
344
77
38434
13
15278
1347
38474
402
42626
1701
16
689
539
1008
304
4802
386
277
2983
1435
302
5267
17398
341
516
2502
1398
382
2110
530
1971
265
164178
19
86299
499
1450
6132
344
77
38434
13
304
17208
416
5802
38434
13
86842
16
24284
2527
297
265
20078
18
7517
1450
6132
10025
304
265
2481
302
4354
344
82
23759
733
277
2983
1435
302
1889
21373
3796
616
20634
1387
361
2927
592
16166
436
77921
18
2952
16
6035
386
1451
20634
4451
277
1656
35758
700
306
3600
330
18
1563
2024
16
352
265
6842
700
16
539
874
1008
416
5802
16
330
21
733
416
5802
16
330
22
733
69585
416
5802
16
330
1670
680
2973
539
17208
416
5802
16
330
21
733
539
642
17208
416
5802
15
21
16
331
21
733
4115
18
15040
5267
344
77
15
21
16
331
21
13
2428
361
4494
352
852
20634
396
1357
18
2586
903
341
3242
352
37224
382
2558
539
3138
42626
1701
29469
16
277
2983
1435
302
9746
5267
17398
3796
616
20634
2428
361
32344
498
277
2983
1435
302
344
78
16
559
13
386
530
5230
396
344
77
38434
13
297
839
77647
18
2115
341
277
6756
2731
1435
302
1175
5267
35
8049
1889
341
265
8288
344
4296
477
16
867
559
680
461
867
559
341
265
22517
302
277
34481
302
2287
20649
399
18
461
1435
302
2731
559
341
468
1210
4455
1242
77
33
20
6165
79
97
346
12
1670
25478
680
1563
399
33
1670
16
4924
225
22
66
1670
351
225
3284
49
16
697
341
8730
18
2209
642
539
3757
4742
386
1451
35
99008
516
16
1480
277
8023
559
386
5230
436
11470
499
4607
3285
7826
2911
306
36312
402
8210
16
306
851
499
13845
8023
7435
498
8811
8210
499
277
35758
18
461
35758
4354
341
307
16
306
468
1450
2672
16
277
867
530
1094
7157
699
8210
18
35475
499
910
4381
867
559
20
16
396
539
1343
277
35758
16
277
867
530
1094
7653
344
264
4249
302
21032
13
3369
411
23459
2287
399
16
1325
697
411
114657
304
265
83703
18
2586
277
867
468
839
1646
341
2837
265
22517
302
277
15395
302
277
4381
867
306
277
8210
4156
713
3312
297
277
35758
18
7517
277
35758
4354
341
778
304
225
622
66
24
16
277
867
1387
12146
2549
1451
8210
16
689
277
1435
302
9746
50104
386
530
361
7435
498
4738
277
4381
867
306
8811
8210
499
277
35758
297
910
1991
341
5885
498
277
1435
302
4781
304
5857
697
8210
436
4472
1714
265
4124
9848
18
2952
16
20789
12760
277
867
304
265
83703
16
697
530
1232
2549
265
3083
386
540
516
297
277
4381
867
18
2586
277
867
530
2549
8210
499
277
35758
386
5230
1325
20789
18
610
14009
16
277
867
1387
361
839
22517
302
277
34481
386
5720
910
3083
499
277
35758
16
689
277
1343
91235
16981
382
25790
539
530
5879
277
2983
1435
302
9746
344
78
16
559
13
386
642
361
17398
498
616
20634
498
504
4020
535
225
22
54588
13
420
2761
16
689
4924
2502
3089
352
399
2927
382
2608
8696
297
5358
16
402
307
33
622
66
24
306
399
778
304
225
1670
16
277
1435
302
17398
5267
341
516
386
2927
1480
277
77647
8597
341
468
1210
307
16
306
277
63794
341
1094
1217
3782
344
13695
420
516
13
689
1450
1889
10025
304
7662
730
2475
1889
18
2586
1450
6132
21062
304
265
3225
2481
18
461
2983
1435
302
5267
17398
3796
616
20634
341
277
2287
302
277
15395
302
616
16166
499
1450
6132
18
1437
277
16166
29513
20326
16
277
15395
1387
361
1687
7922
936
277
4455
302
2481
31051
382
1974
341
277
14774
41597
29513
35
14994
277
4607
1794
306
1451
20634
18
22547
277
16166
361
5155
77921
35
99008
592
1450
6132
10626
468
265
1497
700
306
402
265
1497
4381
867
16
6152
304
9746
15823
18
2209
903
436
1094
225
15316
79
20634
16
306
1450
2481
4354
341
468
1210
307
16
713
277
2983
1435
302
1889
21373
297
277
14774
1690
592
616
16166
436
77921
341
225
15316
79
535
225
622
79
351
225
22
18
26
73
29
16
697
341
2502
1451
18
2952
16
341
411
2731
352
616
16166
304
361
77921
35
2227
1011
1008
304
569
1497
8023
468
1450
2413
18
7517
903
436
1094
265
5885
1435
302
2731
8023
468
1450
2413
16
277
16166
1998
29513
18
610
1689
16
352
265
6842
2413
477
16
277
867
559
386
530
5230
468
386
2413
3796
616
16166
341
5885
498
277
1435
302
2731
8023
386
530
361
10633
499
839
6857
867
468
386
2413
18
3483
1435
1387
361
2927
16
689
341
411
396
2927
396
277
1435
302
20634
35
99008
16
592
352
1450
6132
539
1169
778
402
265
9746
867
468
2413
477
16
1232
277
2983
1435
302
5267
1011
361
4455
898
477
302
344
5686
302
9746
8023
468
477
680
1437
352
1450
477
539
569
778
304
225
15316
79
9746
8023
16
306
307
33
622
66
24
16
4924
225
22
18
26
73
29
1754
18
2209
341
411
2731
304
569
225
15316
79
9746
8023
468
265
2688
2413
477
35
461
867
2287
341
468
1210
399
16
306
903
436
468
1210
4455
1242
77
33
20
6165
79
97
346
12
1670
25478
13
2731
8023
18
1563
399
33
1670
16
4924
225
3284
49
16
697
341
6892
936
225
15316
79
18
2586
297
14009
16
1850
2731
304
569
225
15316
79
9746
8023
468
2413
477
18
2952
16
1011
616
1131
8023
361
99164
499
910
4381
867
468
910
7977
2413
35
99008
16
592
277
1794
5720
1451
1497
8210
18
1563
2024
16
592
277
1794
341
265
68661
302
616
225
1670
11807
16
1232
499
265
2688
6857
867
16
396
539
1343
16
277
867
530
34821
304
1451
50104
18
2209
2188
16
277
1435
302
8023
99164
499
265
3225
6857
867
341
5885
498
277
1435
302
2731
15823
302
44640
306
20789
18
2952
16
592
539
569
1451
1497
6857
8023
16
277
15395
1387
361
2927
382
23928
277
16981
16
8696
539
530
5842
304
3138
277
42626
1701
4158
306
1565
592
411
19553
277
6292
18
7517
539
436
516
3757
5206
2363
1743
16
539
1008
304
3368
819
47061
18
2209
539
530
2050
304
24819
498
1347
250584
32088
304
3087
8023
16
306
911
265
20078
147245
498
344
78
16
8588
13
304
4793
19377
416
11165
16
8588
680
461
2983
1435
302
5267
19377
2428
361
18597
352
307
33
622
66
24
306
34481
225
1670
16
1480
277
1435
302
9746
30456
386
3757
5230
2428
361
1687
2336
936
277
17910
6756
18
610
277
14774
1690
16
1387
411
4158
225
22
66
1670
35
16473
2050
304
5675
265
14774
41597
1794
386
118475
277
1435
302
9746
30456
17398
18
1283
1587
352
1450
2413
477
16
1451
1497
30456
304
361
2731
396
277
1843
867
890
19243
386
2413
499
1497
6857
8023
18
35475
8023
436
3724
277
4607
3285
7826
2911
344
8781
436
468
1210
307
9746
30456
13
306
2571
72517
344
1670
680
1563
1450
1175
6857
8588
16
396
539
1343
277
35758
16
277
8588
81086
16103
34282
18
26094
6857
30456
530
2693
304
277
1656
8588
468
3735
10690
16
10944
14628
18
2159
29093
14628
16
539
1587
277
10859
304
361
12846
304
277
6857
8588
16
700
3077
1278
2164
3393
297
6857
8588
2693
304
1497
30456
3735
18
6755
16
277
1794
1196
361
1175
386
277
30456
530
1863
1451
2911
382
26412
399
33
1670
344
77
3077
1278
840
4753
366
9746
8210
35
41729
399
33
1670
2767
277
867
530
3855
778
304
225
1670
9746
8210
16
713
411
530
3855
839
22517
18
610
386
1690
16
277
4550
352
4124
341
3042
26780
1480
6441
37511
13
1377
399
1094
890
867
341
2833
16
689
592
539
919
265
699
3083
890
867
3402
674
225
1670
16
1850
13861
1480
34481
2287
341
225
1670
18
2586
402
399
33
1670
16
277
1343
3042
20789
344
29753
385
4445
569
717
936
225
1670
9746
680
2586
277
1435
302
48112
341
2837
225
21
15470
302
3393
18
3483
39154
5362
277
2746
16
689
277
6292
2549
399
778
304
225
25
16
225
27
16
4115
18
2586
352
399
2927
16
277
3032
341
225
21
344
273
8696
717
592
539
530
3866
20789
35
26128
16
592
399
33
1670
16
277
867
530
569
778
304
225
1670
9746
8210
18
7517
903
436
1094
225
1670
11807
16
277
867
530
11651
3451
616
225
1670
11807
18
461
4124
4550
9848
890
539
2050
304
919
265
3083
516
297
867
306
6441
37511
13
1377
399
18
1437
399
33
1670
16
1232
6441
37511
66546
1670
2767
867
3402
5720
616
225
1670
11807
18
41526
839
3083
344
8781
1998
361
730
302
1731
225
1670
13
1011
361
3402
297
867
16
713
840
4124
18
2586
14233
16
402
399
33
1670
16
277
1343
3042
20789
16
713
48112
33
21
2837
18
2586
352
2927
399
16
277
3032
341
225
21
18
2586
277
14774
41597
352
1889
3203
341
890
399
341
18687
16
2132
399
33
622
420
225
1068
16
1480
1232
1451
50104
436
2731
18
2209
6035
386
592
399
341
2927
16
277
1435
302
48112
341
2164
344
21
733
306
277
1603
302
3393
2428
361
5885
18
2952
16
277
1310
4027
2549
399
33
25
16
23
16
21
16
27
16
4115
18
2586
539
1008
304
5203
18687
399
382
19477
15698
277
6756
2731
1435
302
9746
30456
386
1387
5230
1919
277
38474
18
19001
399
33
622
18
461
1435
302
30456
402
20649
622
13822
341
819
225
1691
4364
18
22547
954
38474
3757
4742
265
3040
13579
302
1731
35
99008
516
16
1480
277
10859
341
45246
498
277
1794
18
461
1794
4354
341
1094
225
622
66
24
16
713
468
839
2413
477
16
277
8588
341
7152
498
277
8210
15267
499
277
1472
302
277
10368
304
477
17
21
18
461
10368
4354
341
468
1210
307
18
461
8588
530
2312
468
1210
504
152529
4354
13
3041
16
689
1450
2312
15013
265
699
3083
18
6757
277
4425
1794
16
277
2983
1435
302
8588
3393
3796
616
17158
341
468
1210
307
344
29753
1450
3083
3673
7815
265
2312
344
359
699
13
420
516
680
41729
16
297
277
4607
13325
16
3285
7826
7193
3393
468
1210
307
3041
18
1563
265
3449
6857
867
16
277
1435
302
8588
3393
890
5993
265
35758
1387
361
778
304
307
396
1357
18
2586
352
265
2688
6857
8588
16
277
1435
302
9746
30456
25974
1706
5993
277
35758
341
468
1210
504
4020
680
2586
1450
6132
22699
468
1210
504
4020
13
9746
30456
3509
969
2481
18
1437
539
569
225
15316
79
20634
16
277
2983
1435
302
8588
47608
344
77
3077
1278
344
78
16
24986
13
15278
13
1387
361
778
304
225
15316
79
535
307
351
225
22
18
26
73
29
16
689
1451
642
29513
382
669
29513
10549
366
1030
1451
1497
30456
530
361
468
265
2688
2413
477
499
1497
6857
30456
18
1563
265
6842
477
16
277
8588
468
386
2413
341
265
1154
302
277
6857
8588
306
277
8210
499
1472
304
477
17
21
18
1437
277
1154
341
148480
352
1451
6857
30456
16
1232
1451
1497
30456
1387
5230
468
477
18
1882
148480
530
411
361
35
461
8588
81086
498
8811
8210
344
17906
699
13
420
96342
304
265
83703
18
957
341
516
265
4081
8162
1154
18
887
2428
361
386
1497
6857
30456
530
2693
304
277
1656
8588
468
477
18
1563
2024
16
592
1804
6857
30456
3451
277
1656
867
302
8210
499
277
10368
1472
35
3557
2897
382
23928
277
16066
16
8696
903
341
265
31420
4377
386
342
12831
4800
18
16473
1412
277
2746
6434
1754
30
373
23928
265
1794
272
306
387
11795
399
16
5827
277
6756
1435
302
48112
2731
1325
37080
9212
468
1210
730
3083
297
272
304
2484
64616
7330
1304
461
68723
1343
341
396
4546
382
44125
277
9444
4377
341
304
6035
386
277
6756
1435
302
48112
341
6792
304
277
4354
302
277
1794
30774
2761
35
2523
382
13617
3592
30
7517
539
530
2312
468
1210
730
3083
16
8696
539
530
17208
277
12381
1435
498
11532
1450
2413
396
277
373
13695
1646
6
306
15990
592
539
530
3764
277
1435
302
20789
498
3130
386
2413
265
4124
344
273
516
680
22547
361
25837
498
9342
11574
1207
539
17208
352
1450
16514
277
867
302
2731
344
126120
1682
16
2761
13
1325
265
2312
382
23928
277
15924
16
9745
539
530
1538
352
9058
297
277
1310
4027
304
16278
265
31420
4377
382
19477
20488
17208
277
1310
4027
304
1565
1065
277
11726
436
306
8696
79382
265
10413
382
3506
225
21
30
272
2371
390
27193
747
399
33
22
2649
3032
225
23
388
28354
285
2350
13
351
225
21
344
299
19377
680
2586
539
530
3764
304
225
23
498
730
2312
382
9806
2312
22699
225
23
35
16473
88934
38278
18
12421
2312
1749
3083
489
71
11
304
489
70
3026
489
377
27193
747
399
33
22
2649
539
19377
225
22
17158
35
16473
996
34239
30
272
2371
377
27193
747
399
33
22
18
9583
638
17
10368
21
30
265
344
1510
391
69
8509
17
290
30
290
516
297
391
69
97
306
367
95
69
28004
33
21
32
22
16
713
919
290
2649
391
69
19230
732
17
274
30
274
516
297
391
69
19230
97
306
367
95
69
19230
28004
33
22
1377
399
1117
4124
1714
274
18
2586
1058
10368
373
377
3210
699
10368
1472
468
274
30
274
2649
391
71
732
17
274
30
274
297
391
71
97
2649
840
4124
16
867
391
71
732
17
265
30
265
516
297
391
71
97
306
367
95
71
28004
33
21
32
22
2649
919
265
2649
391
71
28919
7342
6644
18
2586
17158
30
373
377
728
373
27193
3210
9405
225
22
17158
18
3557
225
23
382
6273
4658
3083
489
71
11
304
489
70
3026
489
140825
1001
747
399
33
22
388
9477
638
17
265
30
391
69
732
17
274
30
516
297
391
69
2547
2287
21
2649
919
2649
391
69
25201
732
17
290
30
516
297
391
69
25201
2547
2287
22
1377
79
1117
4124
1714
290
18
2586
10368
21
373
390
3210
699
10368
1472
290
30
391
70
732
17
274
30
274
516
297
391
70
2547
2287
21
2649
919
2649
391
70
25201
732
17
265
30
265
516
297
391
70
25201
2547
2287
22
1117
4124
1714
265
18
2586
10368
22
373
13710
3210
699
10368
1472
265
30
391
69
7342
6644
18
2586
17158
30
373
390
4990
13710
4990
69
6
2649
225
23
17158
18
8520
5
2586
9212
277
4658
3083
344
2640
225
22
13
499
489
71
11
304
489
70
11
22699
225
23
48112
18
2586
12381
2312
341
468
2413
225
22
344
20
218853
35
272
2371
390
27193
747
10690
30
20
59956
16
21
53063
16
22
53063
16
23
53063
16
24
59956
680
52516
3591
225
22
304
489
70
11
4229
382
1974
819
9212
3591
225
21
304
489
70
58283
489
377
27193
11
7939
225
22
18
12179
225
23
304
489
70
58283
489
3140
3395
747
399
33
22
388
9477
638
17
265
32776
69
732
17
274
32776
69
25201
732
17
274
30
297
867
16
840
4124
2649
391
69
25201
732
17
290
30
516
297
391
69
25201
2547
2287
22
2649
4124
1714
290
18
10368
21
373
3140
3210
699
10368
290
30
391
70
732
17
265
30
265
516
297
391
70
2547
2287
21
2649
919
2649
391
70
28919
7342
6644
18
2586
17158
30
373
3140
4990
3395
6
2649
225
22
382
3812
225
20
304
489
70
3026
489
70
27193
58283
41729
2312
489
69
11
468
1472
304
489
70
3026
489
70
27193
747
399
33
22
388
9477
638
17
290
32776
70
732
17
274
30
516
297
391
70
2547
2287
21
2649
919
2649
391
70
25201
732
17
274
30
297
867
2649
391
70
25201
732
17
265
30
516
297
391
70
25201
2547
2287
22
2649
4124
1714
265
18
10368
21
373
132195
728
699
10368
265
30
391
69
7342
6644
2649
225
22
382
3812
225
24
304
489
70
3026
489
390
140250
747
399
33
22
388
9477
638
17
265
32776
69
732
17
274
32776
69
25201
732
17
274
30
297
2649
391
69
25201
732
17
274
30
297
2649
391
69
25201
732
17
290
30
516
297
16
2287
22
2649
4124
1714
290
18
10368
21
373
390
596
728
699
10368
290
30
391
70
7342
6644
2649
225
22
382
4892
1094
3591
22
304
489
70
11
6632
225
23
35
6755
8696
3591
22
304
2761
1625
35
12179
22
304
489
72
11
4115
35
16473
2050
3591
22
304
489
72
3026
489
119876
1001
747
399
33
22
388
9477
638
17
265
32776
69
732
17
274
32776
69
25201
732
17
282
30
516
297
391
69
25201
2547
2287
22
2649
4124
1714
282
18
10368
21
373
390
3210
699
10368
282
32776
72
732
17
274
30
274
516
297
391
72
2547
2287
21
2649
919
2649
391
72
25201
732
17
265
30
265
516
297
391
72
25201
2547
2287
22
2649
4124
1714
265
18
10368
22
373
13815
3210
699
10368
265
32776
69
7342
6644
2649
225
23
17158
396
1357
35
8520
16
1480
1325
4124
468
282
16
539
569
373
13815
6
1232
373
69
3210
2586
3591
22
304
839
7330
516
297
391
69
25201
97
306
402
2287
33
22
642
3866
265
4124
468
386
2413
16
42407
983
2240
17158
18
2586
839
2312
468
2413
225
22
304
265
7330
516
297
391
69
25201
97
22699
225
23
17158
18
2586
12381
12067
341
304
3866
265
4124
468
2413
225
22
344
8781
15422
4746
3866
265
4124
1480
468
2413
22
16
277
867
1714
540
391
69
25201
105323
16473
2292
4607
30
468
3591
22
344
45549
3083
733
4607
272
63
22
116751
71
747
1714
5993
3591
22
16
277
867
540
391
69
25201
97
344
29753
1325
3591
21
16
867
6511
391
69
25201
25171
7517
274
341
3402
297
867
16
840
4124
18
2586
15422
840
4124
18
3464
9212
304
265
699
7330
516
297
391
69
25201
2547
539
2299
265
4124
468
386
2413
16
697
6632
692
21
10368
7998
344
3161
225
21
304
225
22
13
306
851
3393
277
867
304
391
1815
97
352
277
2518
16
12146
6600
4728
20789
3735
18
610
492
1690
16
1325
277
4124
16
277
2518
373
1001
6
344
20128
23864
225
23
306
225
24
13
402
699
867
391
72
97
22699
265
4124
468
277
2009
3083
344
29753
1325
8811
274
16
867
7883
391
72
25201
97
2287
22
16
1232
265
31466
4124
680
2586
2983
20789
351
225
22
344
271
3591
22
306
3591
24
733
17158
33
23
18
2586
277
12067
4495
499
1804
277
699
4124
468
278
306
387
4814
4124
3735
382
27872
16
277
12381
2312
2781
10916
6600
265
4124
468
265
2413
1207
277
4607
867
2287
341
399
306
277
3083
341
3402
297
277
867
16
498
9212
411
304
265
3083
516
297
277
867
16
15304
12267
265
4124
306
96342
277
867
304
265
83703
18
957
530
2693
304
717
20789
3735
1480
277
699
83703
867
341
2164
16
9612
13845
8210
304
3866
20789
717
6043
382
16171
3736
16
304
29093
48112
16
539
2428
1587
304
2312
265
3083
468
265
2413
278
1207
277
4607
867
2287
341
399
306
277
3083
341
3402
297
277
867
344
664
840
4124
733
304
265
3083
516
297
277
867
16
12267
265
4124
18
957
6632
692
21
10368
7998
16
306
851
114657
277
867
304
265
83703
16
697
874
2617
4728
20789
297
277
35758
1480
277
867
341
2164
18
53992
16
9212
265
3083
468
265
2413
1207
4607
867
2287
341
399
306
277
3083
341
516
297
277
867
344
664
3402
265
4124
13
304
265
3083
297
277
867
1011
4613
386
4124
16
16307
265
10368
689
11568
10944
3687
20789
1480
277
867
30628
2927
18
3483
1011
4164
516
361
12381
9082
411
15017
1451
3687
20789
35
99008
592
19270
265
4124
5143
277
867
304
4317
2927
16
12267
20789
3735
468
10690
1207
15422
277
867
1011
569
961
12760
7977
35
2209
592
539
4613
265
4124
16
539
9823
730
10368
1616
16
689
277
867
8320
2287
399
16
713
3687
699
8210
642
3866
20789
396
14491
18
2952
16
1325
265
4124
16
277
867
7883
265
83703
16
697
2428
851
3866
20789
3735
18
2586
1850
516
4015
697
22699
717
17158
382
681
277
2024
16
277
12381
2312
540
304
2299
265
4124
1207
15422
903
540
5023
16
306
386
851
4202
387
4814
4124
3735
382
27872
16
265
23698
4158
30
1563
1450
2413
278
16
17208
277
4607
867
2287
1714
278
16
306
3473
265
4124
1011
5181
592
539
2312
272
35950
65
304
265
3083
516
297
277
4607
867
344
273
304
265
3018
3083
680
1283
530
1232
17208
277
2983
20789
1325
2312
498
85242
277
35758
402
277
699
867
344
57009
391
71
97
420
4607
867
93970
391
71
4106
19792
1347
687
105464
925
382
23928
386
277
1435
302
9746
4607
3285
7826
2911
341
504
4020
28410
733
539
1387
687
52448
352
1450
4607
3285
7826
1333
344
77
3077
16
1450
9746
867
386
8615
396
3285
7826
7193
297
277
4607
13325
13
277
1435
302
20789
499
1450
2413
700
101037
890
6857
402
386
867
18
5489
352
265
2312
16
539
530
911
386
687
105464
1333
352
277
6527
699
2420
382
2608
539
2188
1008
304
5203
699
2420
386
436
36312
302
387
4607
3285
7826
402
265
3083
16
697
874
516
361
3724
277
4607
3285
7826
2911
18
2952
16
6035
386
277
15395
302
387
4607
3285
7826
402
265
3083
274
341
15837
265
867
386
1387
851
5230
396
265
3285
7826
297
910
852
3522
35
3557
13375
16
689
8696
539
530
17208
416
5802
16
330
13
352
1175
330
1347
265
38474
386
1094
10549
366
277
867
494
9998
5657
304
277
35758
18
7517
539
1094
1008
416
352
8023
386
436
36312
302
4607
3285
7826
306
265
3083
16
9745
539
530
17208
416
5802
16
330
13
498
4738
277
4607
3285
7826
306
31198
352
277
4814
3083
382
19477
9492
492
4610
717
20733
382
2110
569
4607
39952
18
1563
1450
2413
700
16
539
569
4607
3285
7826
7193
344
10465
411
504
7193
680
6755
16
539
569
277
4607
20789
1682
499
700
101037
2688
4381
867
504
7193
35
41729
16
539
530
17208
277
4607
2983
20789
16
689
539
851
1008
416
5802
16
504
7193
13
697
341
7662
277
1435
302
20789
499
700
101037
890
6857
402
504
7193
18
7517
277
4607
1343
499
700
101037
402
4381
867
504
7193
341
1060
277
4607
35758
5993
344
29753
277
4607
39952
499
700
14441
386
680
2586
539
530
17208
352
1450
700
16
277
1435
302
20789
499
700
101037
297
277
4607
1794
890
6857
402
504
7193
18
16473
27967
2764
86521
1623
7566
2943
65
351
1435
302
20789
499
700
304
1169
890
6857
402
867
504
7193
18
8598
386
492
4059
20789
468
10690
700
16
700
15
21
16
69585
307
17
21
18
1283
530
17208
492
6043
498
25354
499
1503
304
2454
1347
38474
35
2491
539
530
17208
498
85242
277
4607
1343
306
14781
468
1450
2413
700
277
867
1714
700
344
51
7193
13
306
277
3687
20789
35
2209
277
3687
20789
5086
366
277
867
468
700
16
697
341
504
7193
18
7517
539
569
277
4607
39952
16
539
530
17208
277
1435
302
20789
499
700
101037
396
30
1850
277
1435
302
20789
386
5181
468
10690
6743
700
297
277
4607
39952
18
3483
530
361
687
105464
396
35758
88201
8962
2943
65
351
1435
302
20789
468
10690
477
6743
700
344
15519
700
592
4124
680
2209
17034
30
2764
86521
1623
7566
2943
65
341
5047
396
1435
302
20789
890
5993
35758
272
2943
58985
6857
402
867
504
7193
18
7517
277
4607
39952
499
700
341
7662
277
70876
352
277
4607
1794
16
277
20789
386
5181
297
277
4607
39952
468
10690
6743
700
436
7662
277
20789
33649
890
6857
402
504
7193
18
2586
2764
86521
1623
7566
2943
65
351
2983
1623
7566
13854
7193
2907
94279
351
4455
1242
78
55254
6165
82
17
21
97
4124
108184
13478
65
344
4271
4124
108184
13478
65
341
225
21
592
4124
1714
477
297
4607
680
2209
6035
386
4124
108184
13478
65
341
5047
2387
366
504
9500
18
2586
12035
16
539
530
17208
16514
2345
30222
4124
19720
6043
498
25354
3984
306
24284
4124
108184
2943
65
344
13695
1714
700
680
5489
35758
88201
2943
65
351
4455
1242
78
55254
6165
82
17
21
97
4124
108184
13478
65
344
273
499
700
304
1169
680
5489
2764
86521
1623
7566
2943
65
351
35758
88201
2943
15032
2608
341
2764
86521
1623
7566
2943
65
6792
304
416
5802
16
504
7193
15309
8520
16
1480
6857
402
504
7193
306
5993
277
4607
1794
22699
7662
277
4607
20789
499
700
101037
382
8311
16
352
265
2312
468
278
16
539
1008
416
3280
15
21
16
699
2420
680
699
2420
341
3673
391
71
97
420
504
1615
93970
391
71
7342
1283
569
687
105464
35758
88201
352
2413
278
15
21
402
4381
867
504
1242
84
15
21
97
344
20128
680
2209
539
1008
402
1497
4381
867
382
10917
16
9745
539
530
23587
416
3280
15
21
16
699
2420
13
304
2764
86521
1623
7566
35950
15
21
65
4171
910
22968
386
10549
366
1030
699
2420
35864
499
504
1242
84
15
21
7342
7517
504
1242
84
15
21
97
341
277
867
1325
5993
278
297
277
4607
18
504
1242
84
15
21
97
341
3673
391
1018
97
344
359
4124
468
278
13
420
504
1615
93970
391
1018
97
344
359
840
4124
680
2586
504
1242
84
15
21
97
341
3673
265
83703
420
504
1615
4171
2462
382
8311
16
699
2420
341
3673
391
71
97
420
504
1615
93970
391
71
7342
2586
699
2420
35864
499
504
1242
84
15
21
97
498
24916
2462
402
274
16
11568
851
8811
274
592
516
1831
382
2558
539
1387
17208
277
1603
302
9212
277
4381
867
499
504
1242
84
15
21
97
304
699
2420
366
277
1435
302
20789
352
277
35758
16
539
2428
17208
411
19792
382
81740
30
461
1343
366
277
35758
10549
1094
366
277
4381
867
306
277
8210
18
461
1435
302
20789
499
265
2688
2413
700
402
4381
867
330
530
361
10224
396
30
4455
898
8210
297
277
35758
302
19072
386
468
277
4526
539
13530
386
3083
16
277
1843
867
2287
341
399
306
277
3083
341
516
297
277
1843
867
18
461
1843
867
81086
2387
366
3733
8210
306
4381
330
382
44125
539
530
687
52448
352
1450
35758
700
265
373
38165
1154
6
386
16
2688
387
4381
867
330
16
13431
471
277
1435
302
20789
18
957
1154
2428
569
265
4081
3920
30
411
10549
366
277
867
330
1094
1257
697
8210
436
3402
1831
18
1563
1450
3083
466
297
277
35758
16
277
5401
304
4124
10549
366
3473
466
14222
330
306
367
55
96
1377
399
468
386
4526
18
461
10859
302
330
396
539
1343
8210
341
30
539
1472
402
330
16
1232
352
1450
466
16
592
466
516
297
330
306
367
55
96
1377
399
16
1232
4124
306
867
330
351
391
329
14700
1625
867
330
351
330
93970
391
329
97
344
359
466
516
297
330
13
420
330
38750
344
359
466
297
330
680
2586
330
1094
3393
498
8811
8210
344
17906
699
306
2287
460
399
13
420
96342
304
83703
344
17906
4124
2570
27872
16
277
1343
530
361
4156
396
30
539
569
265
373
7628
867
6
386
10626
396
330
18
1283
1343
277
35758
8210
60166
18
461
867
2287
21735
860
1360
225
21
306
399
18
2973
1850
2287
399
16
92229
265
699
3083
7815
265
4124
306
114657
304
265
83703
7824
386
3083
18
2973
1850
7922
936
399
16
92229
265
699
3083
15013
411
16
5796
2287
382
4892
277
1435
302
20789
341
15837
277
1435
302
3041
539
13530
265
3083
386
341
516
297
277
1843
867
890
277
1843
867
2287
341
7662
399
382
8311
16
592
539
2312
277
4381
867
499
504
1242
84
15
21
97
304
699
2420
16
1030
1414
386
3910
277
1435
302
20789
35
461
4381
867
20325
277
6857
2287
306
9998
18
957
1387
3910
890
277
867
23459
2287
399
306
890
20789
5181
382
44125
539
530
687
52448
352
1450
35758
700
277
1435
302
20789
396
265
1154
302
277
4381
867
2287
35
2209
9998
13917
1480
411
20325
697
8210
436
4800
373
1815
6
396
539
704
382
23928
277
2164
34481
16
8696
539
530
687
52448
352
1450
35758
700
306
352
1450
2731
22517
302
8210
344
299
265
250584
13
277
1435
302
20789
16
689
1094
352
50104
386
436
373
133036
6
499
277
4607
3285
7826
2911
35
2952
16
539
23069
386
1387
361
1451
382
2608
8696
539
530
5510
277
2746
498
34155
386
539
1094
1008
304
1994
3393
386
436
373
83734
6
306
1731
3393
642
361
302
265
3166
1027
30
3673
2312
265
3083
304
265
6789
699
7330
344
1876
297
277
1794
13
420
304
265
7330
386
341
297
277
1794
689
516
297
277
1843
867
18
22547
361
386
539
1094
1008
304
1994
9212
304
265
7330
386
341
516
1831
297
277
16514
344
77
3077
1278
516
297
504
1615
13
1480
386
642
3866
265
4124
306
12146
3764
17158
18
2952
16
1310
1690
489
69
11020
377
747
399
33
23
6714
225
21
18
16473
15698
386
30
272
2371
69
11020
377
747
399
33
23
18
20313
285
2350
15309
16473
17208
30
399
33
23
16
2687
9746
621
10368
341
225
23
18
272
2371
69
265
290
265
265
290
6627
9583
638
17
1472
867
13797
17
265
30
391
69
732
17
265
30
297
867
2649
391
69
732
17
290
30
516
297
391
69
2547
2287
21
32
23
2649
919
2649
391
69
19230
732
17
265
30
297
867
2649
391
69
19230
732
17
265
30
297
867
2649
391
69
19230
732
17
290
30
297
867
2649
391
69
19230
7342
2586
3042
23459
2287
23
16
840
20789
16
17158
33
21
18
2586
4607
341
225
21
18
3372
539
2312
730
3083
304
771
717
48112
35
2227
2132
6756
341
225
21
16
713
840
12067
2731
18
2586
9212
839
3083
4007
1356
18
8370
35
8801
399
33
23
341
9310
2927
16
306
277
1794
3402
674
468
1210
225
22
9746
11807
18
52516
265
3083
1387
15898
265
4658
7330
16
689
1011
386
3866
265
4124
35
2159
3866
265
4124
16
539
1008
277
1843
867
2287
304
361
225
23
306
277
699
3083
516
297
867
18
57998
16
867
2287
341
225
21
16
1232
25409
304
225
22
16
3042
23459
225
23
18
2586
1571
592
539
15898
265
699
3083
16
277
867
2287
642
361
468
1210
225
23
1094
1325
539
569
2240
9746
8210
18
2209
304
771
2240
9746
8210
16
539
1008
304
569
2240
1497
11807
297
277
10368
18
461
1794
5740
674
1094
489
69
11
306
489
70
6627
1437
539
2312
730
3083
304
489
71
747
1232
277
867
642
3456
391
69
19230
25201
97
468
910
1646
16
2287
33
23
18
4790
386
16
592
903
341
2484
3083
516
297
867
16
411
1011
3866
265
4124
18
2209
1325
539
569
616
2240
16
277
10652
8210
2428
361
1094
489
69
11
420
489
70
747
697
436
297
867
16
713
840
3310
20789
18
2586
539
1387
771
468
1210
730
4124
16
8800
297
225
22
17158
18
2209
277
3032
341
225
21
16
6115
539
4273
771
225
22
18
16473
1310
30
2312
2413
225
22
344
2640
22
13
499
489
70
11
304
489
71
3026
272
2371
5635
1353
377
58283
41729
4607
30
23864
30
20
59956
16
21
59956
16
22
65564
16
23
59956
16
24
59956
16
25
65564
18
12343
3591
22
304
489
71
3026
272
2371
69
265
274
265
265
290
6627
9583
638
17
265
32776
69
732
17
265
32776
69
732
17
274
30
516
297
391
69
2547
2287
21
32
23
2649
919
2649
391
69
25201
732
17
265
30
297
867
2649
391
69
25201
732
17
265
30
297
867
2649
391
69
25201
732
17
290
30
516
297
391
69
25201
2547
2287
22
32
23
2649
919
2649
391
69
25201
19230
7342
6644
18
2586
3042
23459
2287
23
16
840
20789
16
17158
33
21
18
2586
2188
225
21
18
2115
592
539
2312
265
3083
304
489
71
11
7977
713
386
539
771
2240
9746
7977
16
306
1232
3735
265
3083
516
297
867
8615
35
461
1794
674
1094
265
306
290
18
4790
8811
274
16
277
10652
11807
436
265
306
290
16
1804
297
867
391
69
25201
19230
105323
41729
1325
539
569
616
2240
16
277
867
341
391
69
25201
19230
7342
1437
3735
539
13530
265
16
1850
297
867
31
290
341
297
867
18
2586
840
4124
18
2586
14233
16
402
399
33
23
16
385
1008
265
12868
9746
3083
304
3866
265
4124
1325
277
867
341
2833
18
7517
903
436
1094
2240
11807
2983
344
69
19230
25201
13
1325
2312
16
867
530
3456
2833
689
840
699
3083
8615
18
2586
4273
3866
4124
18
2586
6756
17158
8320
225
21
18
2586
386
14441
382
27872
16
304
3764
17158
16
539
1008
304
15898
265
3083
386
642
3735
5230
1754
890
277
867
341
2833
16
12267
265
4124
18
2586
277
12381
2312
2781
10916
9212
265
3083
304
265
699
7330
386
8615
3735
297
277
1794
16
6600
265
6056
1207
277
867
7883
2833
306
1232
386
3735
7330
344
273
2484
13
31466
265
4124
382
1905
10334
386
277
1603
302
265
2312
530
361
38135
304
277
10690
1207
277
699
3083
8615
18
22977
539
530
1761
297
4249
302
15278
302
10690
30
9212
265
3083
468
278
304
274
530
2299
265
4124
468
278
344
359
3776
1658
13
306
851
12146
3866
265
4124
468
265
3735
2413
4787
1207
274
8615
306
277
867
2287
341
399
468
386
845
382
681
277
2024
489
390
27193
747
399
33
22
16
539
6816
2413
22
304
489
70
11
344
1815
733
306
3735
468
2413
24
344
20128
489
69
3015
35
41729
1325
2312
16
539
1078
20789
468
3591
22
344
70
13
306
3591
24
344
69
680
461
3735
4124
540
468
3591
24
16
697
540
15422
387
489
69
11
386
540
297
277
867
468
386
845
35
610
4607
16
468
3591
24
16
1714
5993
16
277
867
540
391
69
25201
97
344
29753
539
3042
4124
680
2586
489
69
11
540
297
867
16
840
4124
18
4790
2312
16
1325
4124
468
3591
22
16
277
867
6511
391
70
2547
1232
468
3591
23
489
71
11
4472
344
1510
391
70
25201
28674
1232
468
3591
24
489
69
11
341
516
297
391
70
25201
97
306
2287
33
22
1117
4124
18
2586
277
3735
4124
540
7182
498
265
3083
386
15422
540
297
277
867
689
1325
12760
1850
699
382
27872
16
277
2312
468
278
530
2299
265
699
4124
468
278
306
851
1265
910
3735
3083
3456
373
1815
6
5657
304
277
699
867
16
12267
4728
20789
382
4892
277
1603
530
361
19053
498
25865
277
3688
366
277
867
10859
382
23928
277
16066
16
9745
277
9444
4377
341
14233
304
88934
99677
402
910
60860
16
306
2688
307
33
622
66
24
306
3393
33
948
14
622
66
24
33
6701
79
16
306
1450
15376
504
4020
13
341
225
22
18
25
73
29
16
697
2428
361
98681
689
9745
402
7434
7878
297
12800
26220
411
1387
1717
35
2952
16
11279
22662
4066
1011
516
2617
225
22
18
25
73
29
7154
18
2586
903
1998
361
265
55181
4377
382
19477
3612
4625
30
342
19877
265
2746
499
2130
305
3854
420
3600
30
373
44912
7551
302
4012
1992
4790
4032
12343
6
420
2761
35
3557
2897
382
25790
539
530
1761
302
492
396
265
13232
302
373
61207
1794
983
468
1210
399
9746
8210
6
689
539
1587
304
29093
48112
18
41729
16
539
530
1761
302
411
396
30
539
530
2312
730
3083
304
29093
277
1435
302
3041
277
9746
1682
297
265
35873
5702
23459
399
15
21
18
957
341
3600
304
27946
373
74021
6
1207
539
919
699
8210
382
13617
4610
30
7517
399
6758
225
1670
16
539
1387
2489
277
1794
396
265
6917
306
17208
352
1450
2413
277
1435
302
20789
592
539
2312
277
3083
468
386
2413
304
1450
2731
7330
1347
265
687
105464
373
8831
18168
6
2924
386
13431
471
16
2688
265
1843
867
16
890
277
2475
3083
516
297
277
867
642
5230
18
957
1387
2617
471
304
17208
277
2983
20789
297
504
12402
13
621
2312
382
98908
16
352
265
2688
35758
6857
468
700
402
4381
867
330
16
277
1435
302
20789
530
361
19377
498
142157
898
8210
16
689
539
530
18486
10683
1347
2475
18168
1478
30
592
277
1843
867
2287
341
272
32427
399
733
1232
539
1008
304
1565
1030
1451
5826
3369
539
13530
265
3083
516
297
330
18
1437
539
13530
1175
265
3083
1714
277
867
23459
2287
399
16
539
919
411
306
3764
272
18
1437
539
6018
2287
399
1714
839
699
3083
16
1232
277
2475
3083
516
297
330
642
3866
265
4124
7998
18
2586
539
1387
687
52448
352
1450
2413
700
306
352
1450
867
330
344
67037
396
265
250584
13
277
1435
302
20789
16
689
539
530
21957
498
34155
386
277
1343
1094
41474
819
697
8210
436
297
330
16
516
725
1991
18
2952
16
304
17208
277
1435
302
20789
19792
16
539
1387
37687
1347
265
10019
306
265
925
3920
386
13431
471
16
2688
265
867
330
16
277
2475
3591
1207
265
3083
516
297
330
8615
18
957
341
1013
30
352
1450
3083
16
539
569
265
1568
302
10690
18
1563
265
2688
330
16
277
2475
2413
1207
265
3083
516
297
330
8615
341
277
7849
898
616
8210
516
297
330
302
725
2475
18168
1325
1843
3591
18
1737
539
1343
16
330
3393
344
183710
8210
733
713
539
1008
304
4430
697
8210
436
373
1815
3210
957
341
3600
304
265
48780
382
2558
539
1387
16
352
265
2688
4381
867
330
16
17208
277
1435
302
20789
498
27326
8910
277
2475
18168
302
265
3083
516
297
330
16
1232
8811
411
304
330
344
359
2287
185756
13
420
592
2287
582
79
16
1232
539
4124
306
12760
330
304
391
329
97
306
4622
18
957
1387
361
3410
297
504
12402
13
5826
1480
1450
2672
3673
15013
265
699
3083
344
158498
867
2287
13
420
7815
265
4124
306
114657
304
265
83703
18
461
1435
302
5826
3369
277
1169
341
468
1210
504
12402
692
1435
302
20789
13
689
1450
4124
114657
16
306
903
1387
361
1451
20789
18
2952
16
6035
386
1325
265
4124
16
277
867
7883
265
83703
16
306
539
642
919
699
8210
730
498
730
3369
2287
399
16
1232
4124
1754
16
4115
18
2586
277
1343
11775
302
19871
30
1472
402
867
2287
351
272
20
344
15889
680
5489
539
1538
352
277
2475
3083
516
297
330
18
1437
5023
16
539
12216
2142
3310
20789
18
25244
16
1529
477
361
277
3591
302
386
3083
18
1437
272
20
460
399
16
1232
539
530
373
5172
15227
6
386
3083
2142
265
4124
16
5796
272
20
498
225
21
16
306
4622
499
477
15
21
402
699
867
330
93970
391
329
7342
1437
272
20
1377
399
16
1232
539
569
265
4124
468
477
344
10384
386
3083
733
306
539
12760
304
867
391
329
2547
306
4622
499
477
15
21
382
27872
16
277
1435
302
20789
341
6792
304
277
1435
302
3041
539
13530
265
3083
516
297
330
890
277
1843
867
2287
341
7662
399
18
1533
277
867
2287
81086
1094
890
539
24445
8210
344
17906
2287
185756
13
420
1325
20789
344
6118
7883
225
21
680
2586
277
1343
530
361
31951
498
27326
25354
352
277
2475
3083
516
297
277
1843
867
16
306
31064
3473
304
24445
420
4124
2387
366
1843
2287
382
1905
15376
530
361
7434
592
539
530
6697
1511
277
2475
3083
516
297
277
1843
867
18
7517
277
34481
341
1094
225
1670
16
539
1387
16
352
1450
2413
16
687
52448
2475
18168
26081
352
1450
3083
18
5489
16
304
1511
277
2475
3083
516
297
330
16
539
1008
304
1994
616
8210
516
297
330
306
1863
277
7849
2475
18168
1325
1843
3591
18
957
530
361
3410
498
14140
265
10368
6657
420
265
13145
14842
898
277
225
1670
8210
18
7517
225
1670
341
15747
16
539
1387
5207
9284
898
616
225
1670
8210
516
297
330
306
17208
2475
18168
1347
687
105464
2475
17364
2943
4274
71
65
344
1833
2475
3591
6743
700
1207
3083
274
8615
680
5489
277
7849
6632
277
2475
3591
306
277
3083
18
957
1011
361
504
12
1670
13
621
2672
18
461
1435
302
5826
344
5172
273
4483
420
20789
13
341
468
1210
504
4020
13
297
14774
1690
16
1480
1450
2672
25328
277
3591
18
2209
592
539
9284
898
225
1670
1450
2672
16
2983
1387
361
504
12
1670
535
307
13
621
6132
16
697
341
225
15316
79
535
225
1670
535
225
622
79
351
225
3284
18
26
73
29
16
2502
1398
382
2608
8696
277
1435
302
5826
621
6132
341
1687
7922
1480
1450
2672
3673
83736
265
3083
344
158498
867
2287
13
420
7815
265
4124
344
17630
1406
680
461
1435
302
9259
4483
1714
265
4124
341
468
1210
399
344
29753
867
2287
9063
499
1843
2287
304
399
680
4790
265
4124
16
867
2287
7883
225
21
16
306
539
1754
24445
778
304
399
17
21
8210
1714
2475
4124
18
2586
1360
20789
16
468
1210
399
8210
436
15267
344
226770
680
461
1435
302
20789
297
277
35758
530
361
778
304
307
16
689
1450
4124
341
7528
498
265
12760
18
2952
16
277
1435
302
5826
1207
539
1008
304
1511
277
2475
3083
516
297
330
341
15837
277
1435
302
8210
539
1343
3369
539
3673
12216
420
265
4124
9848
18
610
277
14774
1690
16
539
2428
1343
1450
3083
28868
16
6152
304
504
4020
13
5826
621
6132
18
2586
4924
516
1622
382
2608
9745
539
530
687
52448
352
1450
2413
700
306
352
1450
2731
867
2287
35
3557
3811
382
23928
277
845
16
8696
539
1196
1994
386
277
16981
344
82
6758
225
622
66
24
13
436
3757
18687
16
306
277
1435
302
3393
344
6701
79
13
3041
307
344
622
79
13
341
225
22
18
25
73
29
16
697
2428
361
98681
689
1387
361
29313
297
346
2264
689
516
11636
18
2952
16
8696
277
1310
4027
436
516
14774
41597
31
8696
11279
14580
569
2164
399
420
2761
18
2209
539
1998
10987
14774
41597
382
25790
903
341
265
3162
4377
30
5904
38474
402
250584
689
21957
1347
277
1689
386
399
6758
225
1670
306
307
6758
225
622
66
24
16
306
277
3032
341
3673
4607
420
2761
1013
386
18
22547
411
361
386
277
6756
1435
302
48112
341
3673
277
4607
420
277
4607
15
21
35
610
277
7120
16
489
390
27193
11
399
33
22
30
4607
33
21
16
2687
33
23
16
5052
33
22
18
2586
411
530
3764
498
717
936
225
21
382
4892
516
386
382
19477
5842
304
32012
265
717
7434
1557
498
25865
277
3920
302
277
70876
1343
306
277
1603
302
265
3225
2312
382
2110
530
1761
302
277
1343
396
22054
265
6917
302
373
51884
6
344
1510
13
468
1450
2413
18
461
1435
302
20789
341
277
1435
302
3041
277
867
2287
341
399
306
277
2475
3083
341
699
382
2558
539
2312
265
3083
468
2413
278
16
539
10044
9569
277
867
468
2413
278
306
616
3735
8023
18
957
530
361
4156
396
39173
277
373
38165
1154
6
468
278
382
44125
539
530
911
265
9120
3600
304
373
20440
402
730
2312
6
1207
539
17208
352
1450
2413
277
1861
539
530
589
592
539
2312
386
3083
16
1347
687
105464
2911
352
277
2454
766
344
10384
278
13
306
1503
766
344
9503
278
13
402
910
1889
18
7517
277
1889
344
1510
13
530
361
778
304
225
22
54588
21254
16
689
8696
539
530
4753
277
1889
304
277
867
302
8210
386
569
13149
297
277
16514
16
697
341
468
1210
225
1670
18
2952
16
277
867
2287
341
468
1210
399
16
713
277
1889
3203
341
4455
1242
77
33
20
6165
79
97
346
12
1670
25478
680
1563
399
778
304
225
25
16
4924
819
225
7713
79
16
697
341
64594
5
1563
399
778
304
225
25
16
539
1387
687
52448
38474
352
616
30456
18
1563
6892
399
16
277
3032
2428
361
2164
35
16473
15698
277
1310
4027
30
724
569
399
33
22
16
23
16
21
16
25
16
23
16
21
16
25
16
21
16
27
16
23
16
21
16
622
18
2586
399
19797
499
225
21
304
225
622
18
399
33
622
341
277
8331
18
1563
399
33
622
16
1435
302
30456
402
20649
622
13822
341
819
225
1691
4364
16
697
341
2927
689
8696
2188
31975
592
539
911
7434
925
8627
306
1094
17208
352
4494
30456
35
2209
225
1691
4364
32088
297
11636
341
13861
344
36303
1518
225
21
8130
680
2952
16
539
2428
516
1008
304
4793
616
30456
31
539
1387
17208
366
277
12643
1347
77647
306
42626
1701
16
689
2188
1387
361
1451
5267
382
2608
6035
386
352
6892
399
16
277
1435
302
48112
67523
2428
361
5885
18
1563
399
33
622
16
277
6756
2731
48112
341
468
1210
307
344
29753
1450
10368
468
2750
4354
225
21
680
2586
539
1008
304
17208
411
7662
18
2209
9745
352
399
19105
82
35
399
530
361
778
304
225
1670
16
689
307
778
304
225
622
66
24
18
1437
399
341
2927
344
56506
6743
1435
302
9746
8210
297
277
1794
733
1232
277
1343
20272
20789
18
52516
730
3083
2428
1094
361
2948
304
3866
468
1210
265
2487
20789
18
2209
2188
539
1008
5204
3032
382
23928
277
6323
302
399
297
6292
344
848
304
225
622
733
8696
539
530
5203
399
778
304
225
25
402
250584
38474
16
306
352
6892
399
16
539
530
911
265
1497
1557
1480
277
1435
302
9746
8210
341
5885
35
2209
399
33
622
2188
674
225
1691
49
30456
16
697
341
2502
1451
382
20822
16
8696
539
530
911
265
1497
11183
30
7517
399
6758
225
1670
16
689
277
5772
867
2287
3042
33572
399
16
306
277
867
341
2837
265
22517
302
277
34481
18
2952
16
539
530
18060
386
277
1343
1094
41474
819
277
867
297
4249
302
697
8210
436
1831
16
689
539
2428
361
2948
304
911
265
9120
2988
373
12271
402
13822
305
306
20947
306
42066
17422
6
420
373
129100
5993
402
10368
6657
12456
71093
16
8696
539
530
11199
277
2746
1347
265
70876
8860
386
5502
73422
277
6756
48112
1325
730
2312
2142
5210
616
3393
16
498
11532
1450
2413
306
13131
277
1861
2731
12067
1347
910
687
105464
26081
386
13100
277
373
92512
6
499
9212
386
3083
304
265
699
7330
382
19477
5842
304
63043
277
7157
297
20789
890
539
2312
265
3083
468
2413
278
304
265
699
7330
274
382
54641
4607
20789
4173
4124
108184
2943
65
352
700
33
20
568
82
17
21
18
11612
4607
20789
351
346
108184
351
4455
4124
108184
2943
15032
7525
2312
16
20789
351
346
108184
692
13470
16
1207
13470
351
13470
1615
692
13470
86521
382
2110
569
13470
1615
351
699
88201
1615
506
4124
108184
35950
15032
2500
277
35758
16
539
1008
416
3280
15
21
16
699
2420
13
506
416
3280
15
21
16
504
1242
84
15
21
101388
8311
16
6035
386
504
1242
84
15
21
97
341
277
4607
867
468
278
15
21
18
699
2420
341
3673
391
71
97
420
504
1615
93970
391
71
7342
504
1242
84
15
21
97
341
3673
391
1018
97
420
504
1615
93970
391
1018
7342
2586
699
2420
306
504
1242
84
15
21
97
436
1804
3673
265
83703
420
265
15395
302
504
1615
402
265
3083
382
27872
16
539
530
1761
302
277
5052
396
9212
277
3083
386
341
297
277
867
499
2462
304
274
344
273
16927
2462
306
8811
274
680
957
341
1013
24916
730
3083
297
277
1843
867
382
2558
539
1387
687
52448
16
352
1450
2413
700
306
352
1450
2731
867
330
16
277
1435
302
20789
16
689
8696
539
530
17208
277
5052
1347
277
5123
302
373
8831
18168
6
302
1450
3083
5657
304
277
10368
382
26412
277
1343
499
265
2688
6857
867
330
18
461
1435
302
20789
530
361
10224
396
30
1563
1450
3083
297
277
35758
16
411
7815
265
4124
592
468
277
4526
539
1343
411
16
277
1843
867
2287
341
399
306
277
3083
341
516
297
277
867
18
461
1843
867
2287
10549
366
1030
1451
9746
8210
569
961
4472
2650
277
2009
4124
344
273
1472
680
957
341
3600
304
265
1343
1207
539
569
265
373
142305
6
302
399
9746
8210
386
530
361
36624
1714
265
4124
341
13238
890
265
699
3083
8615
382
2558
539
1761
297
4249
302
277
1794
16
539
530
8483
352
1450
3083
969
373
9060
18168
6
297
277
10368
18
2209
9745
539
530
17208
277
1435
302
20789
352
265
2688
6857
867
330
498
85242
277
1794
3984
16
689
1347
265
13145
14842
304
18486
10683
396
4546
7977
16
306
539
530
589
492
352
616
2731
330
297
265
13378
1347
265
48780
499
1503
304
2454
35
7517
225
1670
341
2164
16
539
1387
352
1450
2413
700
17208
277
1435
302
20789
352
616
2731
330
35
3483
1011
361
307
535
344
5686
302
30456
13
697
341
2502
2927
382
2608
8696
539
530
17208
352
1450
2413
700
277
1435
302
20789
352
1450
2731
867
2287
35
3557
3811
382
23928
277
15924
16
9745
277
9444
4377
341
304
911
164178
11405
52
402
1889
1610
277
1843
867
344
299
265
250584
13
306
59689
898
277
1794
16
689
1094
2553
4671
302
277
1435
302
4781
420
2761
35
3557
382
20822
16
8696
342
250260
277
2746
30
887
4060
373
135836
277
6756
1435
302
48112
2731
1325
37080
9212
468
1210
730
3083
297
272
304
2484
64616
7330
1304
461
68723
1343
341
5047
396
30
5857
277
30041
16514
402
468
1210
399
9746
8210
16
5909
411
16
14361
18
3483
341
7662
1065
539
11029
18
2209
9745
903
341
265
35736
30
4790
9212
265
3083
16
539
1232
5646
277
68723
1343
18
2586
539
1008
304
29093
277
1435
302
17158
382
8311
16
1387
411
361
386
277
6756
1435
302
48112
341
5207
277
4354
302
277
1794
344
77
3077
1278
1450
3083
969
1902
17322
13
592
539
530
2312
730
3083
32126
35
1563
2024
16
592
399
33
21
16
277
4607
1343
30
17322
983
17158
1450
7824
468
1210
225
21
9746
3083
16
700
3077
1278
1450
10368
530
1094
569
730
3083
16
689
277
6698
341
304
1863
277
30041
16514
402
468
1210
225
21
9746
3083
18
1437
277
1794
674
1094
730
3083
1351
16
277
30041
16514
341
277
4425
1794
16
713
1094
225
21
17322
18
1437
277
1794
674
11538
8210
16
277
30041
16514
402
468
1210
225
21
9746
3083
341
1060
277
1058
1774
302
16896
8210
18
5489
14361
18
2586
277
1435
302
48112
341
277
1435
302
10424
302
27399
16896
8210
18
1563
399
33
21
16
277
6756
48112
1325
9212
730
3083
341
277
1435
302
10424
4171
11568
4814
35
610
277
1310
1690
489
92
36714
747
399
33
21
16
3032
225
26
35
26128
16
1310
30
3999
12578
984
92
36714
747
225
21
13
1377
225
26
18
16473
17208
30
272
2371
92
36714
747
399
33
21
18
20313
10424
30
489
6173
747
489
93
747
489
94
11
1117
225
23
48112
18
2227
2963
6756
341
225
26
16
697
341
277
4354
302
277
1794
344
24
15309
41729
225
26
1518
225
24
16
13861
1480
48112
4445
14949
4354
344
25175
10368
468
2750
225
21
680
2586
8696
342
250260
30
461
1310
4060
30
3999
12578
984
92
36714
747
225
21
13
1377
225
26
18
9405
499
277
2292
1154
18
2209
7977
297
277
194863
16
903
341
387
2024
30
25436
2687
222888
14028
32057
44950
984
92
36714
747
225
21
13
225
24
18
26128
16
277
194863
4060
638
5640
5197
2687
222888
14028
32057
44950
984
390
27193
747
225
22
465
23
203
5197
2687
222888
14028
32057
44950
984
69
11020
377
747
225
23
465
21
203
5197
2687
222888
14028
32057
44950
984
92
36714
747
225
21
465
24
203
5640
4892
277
194863
7120
1436
386
352
489
92
36714
747
399
33
21
16
277
3032
341
225
24
18
2209
277
2292
1154
4059
387
4728
1310
30
3999
12578
984
92
36714
747
225
21
13
1377
225
26
18
9405
73411
18
16473
316
25735
277
3419
2363
18
461
2746
6434
4059
265
194863
402
2240
7120
16
1232
265
2292
1154
402
1731
2240
7120
4171
4728
1310
4027
18
461
4728
1310
4027
2549
638
5640
298
905
22708
1310
4027
203
298
3999
12578
984
26124
932
747
225
25
13
1377
225
21
203
298
3999
12578
984
232152
747
225
22
13
1377
225
21
203
298
3999
12578
984
91
52697
85983
747
225
25
13
1377
225
22
203
298
3999
12578
984
73
935
4786
38308
747
225
21
13
1377
225
28
203
298
3999
12578
984
53742
47847
62503
747
225
23
13
1377
225
23
203
298
3999
12578
984
92
36714
747
225
21
13
1377
225
26
203
298
3999
12578
984
34777
78
61749
355
85
747
225
25
13
1377
225
22
203
298
3999
12578
984
73
359
73919
27450
3257
747
225
27
13
1377
225
22
203
298
3999
12578
984
24589
41476
11073
11123
29595
747
225
23
13
1377
225
24
203
298
3999
12578
984
36173
85
6669
24589
27401
747
225
21
13
1377
225
622
203
5640
4892
903
341
265
66504
30
461
194863
2024
4060
489
92
36714
747
21
2649
225
24
16
689
277
4728
1310
4060
225
26
18
8548
730
341
4309
35
461
2746
4060
373
3039
1196
18523
277
2363
385
11116
297
265
127068
2363
2732
344
22310
642
61694
277
4607
5442
118742
461
4607
1154
16607
306
194863
436
2688
16
306
539
1008
304
3138
411
304
1717
616
6292
344
15519
277
2292
1154
680
461
2292
1154
4059
1804
277
194863
7120
306
4728
1310
4027
18
2586
539
1998
22465
616
70305
297
277
2292
1154
18
3483
2767
277
1154
1998
758
225
26
352
7086
92
36714
747
21
733
516
225
24
18
2586
277
194863
2024
2428
361
43737
420
766
302
277
4607
28725
35
2209
277
12759
4060
373
6534
277
2165
1154
16607
306
194863
16
7095
3138
277
1154
4546
306
1717
616
277
6292
1304
2586
539
1998
1717
277
2292
1154
16
697
4059
277
4728
1310
4027
18
8111
16
277
4309
4655
19237
436
1731
297
277
2292
1154
18
461
194863
7120
436
1060
51082
306
874
516
361
277
5772
4655
19237
35
2952
16
724
436
766
302
277
194863
16
689
277
2292
1154
4059
70305
386
8705
35
36443
16
297
1175
4066
16
277
194863
7120
436
766
302
277
21542
16
306
277
2292
1154
4059
1019
4171
4814
18
2209
1743
277
194863
2024
352
489
92
36714
747
21
4060
225
24
16
1706
277
4814
4060
225
26
18
9405
265
12475
18
8548
730
1196
539
6724
35
461
12759
4060
373
10112
616
277
6292
1304
461
6292
436
5047
297
277
2292
1154
18
2586
539
1998
22465
277
2292
1154
18
8111
16
277
194863
2024
2428
361
265
20511
420
8696
1850
265
1497
16340
18
2209
539
1998
704
498
277
2292
1154
382
19477
13561
30
461
2292
1154
1058
61405
277
2240
499
194863
16
1232
4728
18
2586
411
36033
1804
30
3999
12578
984
92
36714
747
21
13
1377
225
24
306
851
3999
12578
984
92
36714
747
21
13
1377
225
26
18
9405
13861
9082
277
1154
6714
1497
2911
9305
366
2761
35
2523
16
1850
277
1656
2740
18
2586
903
341
387
100849
18
99008
277
4728
1310
4027
436
10439
304
361
8156
16
306
277
2292
1154
4059
1019
396
4814
6292
7835
277
194863
16
689
724
2428
361
4309
35
461
194863
341
766
302
277
4607
1154
28725
16
306
539
436
304
3138
411
396
4546
18
461
5224
297
277
194863
4060
373
23928
265
1794
272
306
387
11795
399
16
5827
277
6756
1435
302
48112
2731
1325
37080
9212
468
1210
730
3083
297
272
304
2484
64616
7330
1304
2586
277
194863
7120
436
12762
304
361
4309
18
2209
277
2292
1154
4059
1019
16
713
724
1998
4475
18
2952
16
277
4728
1310
4027
851
2549
489
92
36714
747
21
1377
225
26
16
697
102717
277
194863
18
957
10334
386
9745
277
2292
1154
341
516
10439
304
361
15474
396
341
35
2209
277
2746
4060
373
8940
2292
20399
222888
14028
32057
44950
13
304
1774
6292
1304
2586
539
1998
4802
386
890
539
1465
2292
402
954
1154
16
616
70305
1717
18
2586
539
1008
304
1265
277
1154
758
225
26
352
7086
92
36714
747
21
13
304
22465
277
4728
1310
16
689
1232
277
194863
2024
1011
4759
592
539
1774
249836
18
2209
277
2746
2428
516
2081
819
277
194863
7120
31
724
2428
1060
361
7120
302
10828
16
516
13375
4309
35
3483
5563
11700
382
25790
342
250260
30
461
194863
341
766
302
277
1154
539
1008
304
3138
18
461
2292
1154
4059
277
2240
7120
499
277
194863
344
1833
1058
2240
61405
13
306
1232
4728
6299
18
2586
277
1058
2240
61405
436
277
194863
7120
18
8111
16
724
1998
361
19347
18
461
4728
6299
2549
489
92
36714
747
21
1377
225
26
16
697
1011
12475
18
2586
9745
277
194863
2024
341
6078
16
420
277
4728
1310
341
6078
18
18750
386
277
2746
341
7080
304
471
304
7016
16
306
277
3733
5842
7935
366
387
4728
1310
344
5648
12578
984
92
36714
747
21
66546
26
733
411
10799
386
277
4728
1310
341
766
302
277
1310
20155
306
1998
361
7895
18
461
194863
2024
2428
569
961
265
20511
297
277
28725
18
2586
539
1196
6150
304
22465
277
2292
1154
396
265
4425
16
697
4059
616
1731
70305
18
8111
16
277
4309
3271
352
7086
92
36714
747
21
13
1196
361
225
26
16
516
225
24
18
16473
13561
402
954
7977
3360
352
399
33
21
382
2500
399
33
21
16
277
1343
30
1450
10368
530
569
468
1210
225
21
9746
3083
16
713
1450
10368
1998
4732
302
16896
8210
18
461
70876
5443
277
30041
16514
402
468
1210
225
21
9746
3083
16
700
3077
1278
277
1058
1774
302
27399
16896
8210
18
5489
5909
411
16
306
14361
18
2586
277
1435
302
48112
341
277
1435
302
10424
344
230846
11562
302
27399
6792
8210
680
1563
489
92
36714
747
10424
30
489
6173
747
489
93
747
489
94
11
1117
225
23
48112
18
2586
4607
285
2350
13
351
225
23
382
7597
539
2312
730
3083
304
771
717
48112
35
7517
399
33
21
16
1450
10368
1998
361
265
3225
3083
1351
18
2159
3764
48112
16
539
1587
304
2984
10424
983
7922
10424
16
52764
1450
3083
8156
16
7859
307
48112
344
24
680
2209
530
539
8047
225
24
402
730
2312
35
99008
498
9212
730
3083
304
1265
616
8210
9746
35
2209
539
1094
569
225
24
8210
18
1437
539
2312
730
3083
304
265
699
7330
516
1831
16
1232
539
1387
569
10424
30
317
1627
1278
2312
730
302
277
489
92
11
304
489
69
747
1232
1794
7883
489
17217
94
11
344
359
2312
1058
1150
680
5489
10424
30
489
69
3949
92
3949
93
3949
94
11
1117
225
24
48112
18
2586
225
24
341
67523
18
2209
277
1310
36033
225
26
16
697
341
5762
936
4354
225
24
16
13861
18
2586
2761
341
1115
382
25790
342
101436
277
68723
1343
18
16473
316
25735
30
373
669
68723
1343
4229
396
7575
638
17
21941
277
30041
16514
302
272
7824
468
1210
399
9746
8210
203
17
16821
492
16514
344
213322
396
730
17322
465
17
45598
3369
272
341
8295
2501
2500
399
33
21
16
265
16514
402
468
1210
225
21
9746
3083
530
361
839
16514
1207
616
8210
436
277
1656
18
461
30041
1175
16514
341
277
1058
1774
302
16896
8210
18
2586
1325
16927
386
1774
16
539
569
277
10652
1794
18
5489
1754
1863
277
30041
16514
402
468
1210
225
21
9746
3083
16
697
341
277
2475
1774
16
4115
18
2586
14233
1435
302
48112
351
1435
302
10424
382
27872
16
352
489
92
36714
747
10424
33
23
18
52516
730
3083
1387
3764
10424
498
468
1210
225
22
35
8801
385
530
2984
265
1774
302
4354
434
983
1217
10424
498
9212
730
3083
5451
16
5796
10424
498
225
21
18
1563
2024
16
489
6173
11
530
3456
489
4356
11
592
2312
1749
1150
304
349
16
1232
10424
30
489
92
3949
93
3949
94
11
1117
225
23
35
41729
4607
10424
30
489
6173
3949
93
3949
94
11
351
23
18
52516
1749
1150
304
349
6632
489
4356
3949
93
3949
94
11
1117
10424
30
489
92
3949
93
3949
93
3949
94
58283
26128
489
4356
11
341
516
265
1774
1480
1850
489
92
11
1232
489
93
747
713
10424
30
489
92
3949
93
3949
93
3949
94
58283
16473
17208
30
1794
1325
2312
30
10690
30
20
69674
16
21
138771
16
22
138771
16
23
174332
18
85539
30
489
92
11
344
29753
2475
341
349
16
1497
733
1232
489
9691
11
344
29753
1804
349
733
1232
489
94
11
1117
225
23
10424
18
2586
2188
225
23
18
52516
1058
1150
304
349
6632
489
93
4356
3949
94
58283
41729
489
93
4356
3949
94
58283
1794
30
20
138771
16
21
69674
16
22
138771
16
23
174332
18
85539
30
489
93
3949
92
3949
93
3949
94
11
1117
225
24
10424
18
2586
539
530
771
225
24
18
22547
539
771
225
25
420
225
26
35
3557
402
4354
225
24
18
2586
2687
341
225
24
18
2586
3097
1414
1310
2364
225
26
35
14812
342
250260
277
1310
30
3999
12578
984
92
36714
747
225
21
13
1377
225
26
18
9405
499
277
2292
1154
16
689
8696
277
2292
1154
341
516
10439
304
361
1774
396
341
35
461
2746
4060
30
373
8940
2292
20399
222888
14028
32057
44950
13
304
1774
6292
1304
2586
539
1998
1265
411
1717
382
44125
277
1794
489
92
36714
11
341
5198
35
2523
16
1850
225
24
382
25790
277
48112
1682
341
516
277
1435
302
10424
352
399
33
21
35
16473
4638
18400
277
8559
30
373
30778
277
30041
16514
302
272
7824
468
1210
399
9746
8210
3210
1563
399
33
21
16
277
16514
530
3451
468
1210
225
21
9746
3083
18
461
30041
1175
16514
341
14233
277
1058
1774
302
16896
8210
18
2586
1325
14460
16
14361
18
2586
12035
382
2608
277
1310
36033
225
26
16
697
341
5762
936
225
24
18
22547
411
361
386
277
1154
6714
277
6756
1435
302
48112
1325
37080
9212
468
1210
730
3083
16
306
352
399
33
21
16
277
6756
2731
341
225
22
44930
4448
2350
164360
21
35
2523
382
25790
342
101436
277
2746
30
22977
277
68723
1343
341
516
277
70876
539
3592
18
887
4060
30
373
30778
277
30041
16514
302
272
7824
468
1210
399
9746
8210
3210
3483
341
14233
70876
18
2209
8696
1325
16927
386
16514
16
539
436
6751
304
127798
35
2523
16
411
4060
5909
492
16514
344
213322
396
730
17322
680
5489
14361
18
2586
1850
57272
382
27872
16
277
1435
302
48112
352
265
2688
1794
341
6842
18
2586
3097
1011
903
361
265
6756
1325
9212
35
8801
539
530
2312
730
3083
304
9569
277
1794
16
306
1232
277
1343
22699
265
1497
1435
302
48112
18
2586
539
1587
277
6756
898
616
2731
14580
386
530
361
6202
498
9212
468
1210
730
3083
382
2500
489
92
36714
747
399
33
21
16
1065
341
277
6756
48112
2731
498
9212
468
1210
730
3083
35
1283
530
2312
730
3083
304
839
852
64616
7330
18
1283
1587
304
29093
277
1435
302
10424
18
461
6756
10424
341
11841
890
616
8210
436
9746
16
1480
1232
1450
3083
341
969
1902
1774
16
7859
225
24
48112
18
3372
539
771
717
936
225
24
35
2523
16
1480
402
225
24
8210
16
277
6756
1435
302
10424
341
225
24
344
359
616
16556
8210
1173
680
2586
277
6756
341
225
24
18
2586
277
1310
31518
225
26
341
13861
18
8111
16
3673
277
1310
341
6078
16
420
342
250260
277
1310
30
8696
1850
3999
12578
984
92
36714
747
225
21
13
1377
225
26
499
277
2292
1154
16
689
9745
277
2292
1154
341
766
302
277
2746
6434
306
539
436
304
3138
277
1154
304
1717
1731
6292
16
6115
277
1154
1196
758
225
26
352
489
92
36714
747
21
18
3483
1011
32599
386
922
5405
302
277
68723
1343
341
18765
382
19477
316
195488
277
68723
1343
717
14316
18
461
5224
30
373
23928
265
1794
272
306
387
11795
399
16
5827
277
6756
1435
302
48112
2731
1325
37080
9212
468
1210
730
3083
297
272
304
2484
64616
7330
382
669
68723
1343
4229
396
7575
638
17
21941
277
30041
16514
302
272
7824
468
1210
399
9746
8210
203
17
16821
492
16514
344
213322
396
730
17322
465
17
45598
3369
272
341
8295
2501
1905
341
4015
18
2586
352
399
33
21
16
396
23069
16
48112
351
1435
302
10424
18
2586
2687
341
4354
592
616
9746
382
2608
277
1310
36033
225
26
352
4354
225
24
18
22547
411
361
386
277
1154
6714
277
6756
1435
302
48112
1325
9212
468
1210
730
3083
16
306
352
489
92
36714
747
399
33
21
16
277
3032
341
225
26
35
3483
1011
2676
539
530
771
717
48112
936
277
4354
302
277
1794
18
3483
4007
1265
5258
1480
1450
17322
1998
361
265
1713
61226
1794
16
306
277
4455
302
31051
25782
4607
4354
344
29753
539
5909
93198
680
2586
1435
302
48112
6758
4354
18
2586
225
26
1518
225
24
13861
382
27872
16
903
1998
361
265
20511
297
277
2746
6434
420
277
1310
18
2952
16
277
3733
5842
7935
366
277
1310
3999
12578
984
92
36714
747
225
21
13
1377
225
26
16
6115
386
277
4655
3271
341
14233
225
26
3308
304
277
1310
20155
18
2586
539
1998
73229
382
25790
277
68723
1343
341
1497
30
22977
1325
16927
265
16514
16
539
436
6751
304
2312
277
1991
35
2523
382
19477
1412
277
194863
2024
1754
30
887
4213
638
5197
2687
222888
14028
32057
44950
984
390
27193
747
225
22
465
23
203
5197
2687
222888
14028
32057
44950
984
69
11020
377
747
225
23
465
21
203
5197
2687
222888
14028
32057
44950
984
92
36714
747
225
21
465
24
300
4892
3308
304
277
194863
16
489
92
36714
747
21
1196
361
225
24
18
2209
277
4728
1310
4060
225
26
18
8548
730
341
4309
35
461
2746
4060
373
3039
1196
18523
277
2363
385
11116
297
265
127068
2363
2732
344
22310
642
61694
277
4607
5442
118742
887
851
4060
373
8940
2292
20399
222888
14028
32057
44950
13
304
1774
6292
1304
2586
277
2292
1154
4059
1804
277
194863
7120
306
4728
6292
18
36443
16
297
1175
17673
8013
16
277
194863
7120
436
766
302
277
21542
306
436
10753
396
23811
7576
18
461
4728
6292
436
4814
304
4802
67848
18
2586
277
1154
1998
22465
616
18
7517
724
12475
16
9745
277
4728
1310
341
3757
352
265
1497
1794
35
2209
411
4060
489
92
36714
747
21
1377
225
26
18
22547
411
361
386
277
1794
341
489
92
4356
29276
11
420
2761
35
2523
382
25790
342
5478
1965
171382
277
1310
30
461
4728
1310
1568
4059
638
298
3999
12578
984
73
935
4786
38308
747
225
21
13
1377
225
28
203
298
3999
12578
984
53742
47847
62503
747
225
23
13
1377
225
23
203
298
3999
12578
984
92
36714
747
225
21
13
1377
225
26
203
298
3999
12578
984
34777
78
61749
355
85
747
225
25
13
1377
225
22
203
298
12567
19477
2292
31051
30
489
73
935
4786
38308
11
4354
225
28
16
399
33
21
2649
6756
48112
1387
361
225
28
592
616
9746
16
689
724
2963
225
28
16
697
341
52298
344
514
9746
35
489
73
3949
77
3949
71
3949
88
3949
94
3949
94
3949
91
3949
92
11
674
31579
489
94
747
713
10424
30
489
73
3949
77
3949
71
3949
88
3949
4786
3949
91
3949
92
11
1117
225
27
10424
18
2209
724
2963
225
28
1325
11568
9212
730
3083
18
22547
539
2312
730
489
94
11
304
2761
1625
304
1265
616
9746
35
8520
16
2312
730
698
304
349
2649
1232
616
9746
35
489
73
3949
77
3949
71
3949
88
3949
94
3949
93
3949
91
3949
92
11
616
9746
1117
225
28
10424
18
2586
225
28
341
52298
18
2586
386
1310
5563
10358
402
954
5405
382
8311
16
489
92
36714
11
4354
225
24
16
399
33
21
18
35107
10424
402
730
2312
35
1737
539
23069
16
6756
341
225
24
18
2209
724
2963
225
26
18
22547
903
361
265
236759
386
48112
436
516
10424
689
2761
1625
35
16473
37687
277
1343
20488
352
489
92
36714
747
399
33
21
1347
277
70876
6698
16
689
8696
539
436
6751
304
5857
839
16514
402
468
1210
399
9746
8210
16
516
13375
277
30041
35
461
5224
4060
373
30778
277
30041
16514
302
272
7824
468
1210
399
9746
8210
3210
2586
1850
30041
382
27872
16
352
489
92
36714
747
277
1058
30041
16514
402
468
1210
225
21
9746
3083
341
373
6173
6
344
29753
373
92
4356
6
674
1217
9746
680
16821
373
6173
728
10652
373
29276
3210
5489
30041
16514
402
468
1210
225
21
9746
341
373
93
728
5909
16
10652
373
94
3210
5489
373
94
3210
2586
225
23
48112
18
2586
4607
351
23
382
8311
16
530
539
2312
730
3083
304
771
717
936
225
24
35
19001
539
2312
730
3083
304
2761
16
539
771
265
699
1794
302
4354
225
24
18
461
6756
1435
302
48112
352
265
4354
17
24
1794
402
399
33
21
341
225
24
344
359
616
8210
9746
680
2586
225
26
341
13861
382
29838
16
277
1310
1998
361
6078
16
420
342
250260
277
1794
30
8696
1850
489
92
4356
29276
58283
2209
1850
489
92
36714
6627
22547
411
361
386
277
1154
6714
277
6756
1435
302
48112
1325
9212
468
1210
730
3083
16
689
277
48112
436
33649
21214
35
1563
2024
16
8696
1450
17322
341
5047
396
265
85523
386
341
8045
16
306
277
1682
4059
277
4607
1794
35
2523
382
19477
17208
352
489
92
36714
747
399
33
21
16
592
539
2312
730
3083
16
8696
539
530
771
225
25
48112
35
21209
1518
24
13861
18
2586
277
1310
341
41514
382
23928
386
277
3733
5842
7935
366
492
1310
16
306
277
2746
341
7080
304
471
304
7016
16
9745
277
9444
4309
3032
352
489
92
36714
747
21
341
14233
225
26
16
306
922
26565
341
62629
1480
277
68723
1343
2428
516
361
277
70876
730
539
1761
18
16473
316
25735
277
68723
5224
30
373
30778
277
30041
16514
302
272
7824
468
1210
399
9746
8210
3210
3483
341
4015
18
2209
8696
1325
16927
386
16514
16
539
589
4222
14361
366
277
22503
35
887
4060
373
58178
3369
272
341
8295
3210
2586
12035
382
27872
16
2964
67942
386
277
1310
341
74052
18
2952
16
396
265
52992
16
539
1998
6496
2363
386
19553
277
2688
2292
1154
18
7517
277
2292
1154
4059
386
40439
16
539
1998
1265
12578
984
92
36714
747
21
13
758
225
26
18
1882
1387
386
4252
35
22977
277
1154
16607
341
1497
30
2687
222888
14028
32057
44950
2350
16
399
13
6714
277
6756
1435
302
48112
16
689
8696
277
48112
436
33649
396
277
1435
302
3041
539
4124
16
516
2291
277
2009
10368
35
1563
2024
16
592
539
569
225
21
10368
16
48112
351
225
20
35
610
954
7977
8559
16
539
1392
48112
351
1435
302
17158
18
2209
277
194863
7120
30
489
390
27193
747
22
2649
225
23
18
5641
19377
4607
285
2350
13
352
489
390
27193
11
540
225
21
10368
18
2227
2132
2687
341
225
23
18
2586
724
436
27946
17158
344
236942
680
2586
954
8559
14441
382
2500
489
92
36714
747
21
16
592
724
2963
225
26
16
4924
1518
24
18
2586
13861
382
25790
277
1794
489
92
36714
11
341
3757
5198
35
16473
1682
30
489
92
3949
92
3949
93
3949
94
11
351
24
18
22547
903
361
8887
8210
35
2523
382
25790
277
1154
341
12762
304
758
277
6756
1435
302
48112
1325
37080
9212
468
1210
730
3083
16
689
277
48112
436
5047
21214
30
9745
1450
17322
341
265
85523
386
341
8045
16
306
277
1682
341
277
1435
302
222720
8045
16
697
341
277
1435
302
17158
18
2586
2188
6758
307
382
59685
399
530
361
225
20
35
2523
382
27872
16
342
18294
903
341
265
103364
297
277
1310
30
8696
1850
489
92
4356
29276
58283
29087
225
25
16
2687
48112
225
25
16
689
724
2963
225
26
18
21209
1518
25
382
25790
1850
489
92
4356
93
4786
58283
29087
225
26
16
2687
225
26
18
3483
1011
4475
30
489
92
4356
93
4786
11
402
399
33
21
16
4607
10424
30
489
6173
3949
9691
3949
4786
11
351
23
18
3372
539
2312
730
3083
304
771
225
26
48112
35
1437
539
2312
730
3083
304
2984
616
10424
16
539
1387
771
616
9746
35
3398
225
26
8210
16
592
539
2312
730
16
539
1387
771
468
1210
225
26
48112
592
616
16556
9746
18
2209
489
92
4356
93
4786
11
4354
225
26
16
1325
730
2312
16
539
1387
569
616
9746
35
99008
16
592
539
2312
730
302
277
69488
304
265
699
7330
16
539
1387
771
616
225
26
9746
35
2278
436
1094
225
1670
11807
16
713
12035
18
2586
225
26
341
2731
18
2586
8696
277
1794
341
489
92
4356
93
4786
58283
2209
1850
5448
489
92
36714
6627
22547
361
265
9546
8210
382
20700
468
277
4728
1310
1568
30
489
73
935
4786
38308
11
4354
225
28
16
399
33
21
2649
225
28
344
134658
5258
680
489
53742
47847
62503
11
4354
225
28
16
399
33
23
2649
225
23
18
489
92
36714
11
4354
225
24
16
399
33
21
2649
225
26
344
48513
1744
680
489
34777
78
61749
355
85
11
4354
225
28
16
399
33
25
2649
225
22
18
489
73
359
73919
27450
3257
11
4354
225
622
16
399
33
27
2649
225
22
18
489
24589
41476
11073
11123
29595
11
4354
225
622
16
399
33
23
2649
225
24
18
489
36173
85
6669
24589
27401
11
4354
225
622
16
399
33
21
2649
225
622
344
134658
5258
30
616
9746
35
41729
489
36173
85
6669
24589
27401
11
674
69488
35
16473
1565
30
423
19152
50019
34398
28919
19230
25201
22539
34398
38708
2649
69488
423
8615
4347
3041
16
713
516
616
9746
18
2209
402
399
33
21
16
2687
48112
341
4354
592
616
9746
18
3372
539
2312
730
3083
304
1265
616
9746
35
99008
18
2586
225
622
341
52298
18
2586
489
92
36714
11
341
277
1094
11700
730
382
25790
489
92
36714
11
341
3757
489
92
4356
29276
58283
29087
225
25
16
2687
225
25
16
516
225
26
18
489
92
4356
93
4786
11
4354
225
26
2649
225
26
18
2586
9745
1850
489
92
4356
93
4786
11
689
45089
396
489
92
36714
6627
2491
8696
1850
489
6173
4356
9691
58283
2523
382
23928
277
100849
16
342
1761
277
1210
12914
4158
341
304
10987
277
194863
7120
436
4309
306
277
4728
1310
341
265
20511
16
689
277
2746
4060
304
1717
616
6292
18
2952
16
277
3733
5842
7935
366
277
4728
1310
16
713
277
1310
341
4800
766
302
277
20155
18
8111
16
539
1998
3271
225
26
352
7086
92
36714
747
21
680
1882
1387
386
361
35
16473
2050
304
17208
592
539
101436
399
30
8696
399
341
277
6756
1435
302
9746
8210
6751
297
1450
17322
16
689
277
68723
1343
2428
361
1497
30
8696
385
436
6751
304
5857
839
16514
344
1876
13375
277
30041
13
402
468
1210
399
9746
8210
16
306
385
1587
304
29093
277
1435
302
48112
35
2209
277
5224
4060
373
30778
277
30041
16514
3210
2586
1850
6842
382
25790
1325
9212
265
3083
16
539
436
6751
304
5646
277
68723
1343
90712
16
700
3077
1278
539
530
5857
697
16514
304
1863
468
1450
2672
344
28586
304
468
1210
399
9746
13
304
29093
277
1435
302
48112
18
3483
1011
361
265
1497
2746
30
2688
265
1794
16
539
530
2312
730
3083
16
1232
539
1587
304
17322
277
1794
983
396
1451
222720
396
2731
16
1450
85523
2896
468
1210
399
9746
8210
16
306
277
17322
530
361
11339
71774
344
1876
13375
70876
680
461
6756
1435
302
48112
1011
1232
361
277
4354
302
277
1794
592
539
530
1265
1450
3083
265
10368
16
689
402
468
1210
399
9746
621
10368
16
592
399
33
21
16
1450
10368
1998
361
265
3225
3083
16
713
539
530
8047
4354
48112
15470
302
1794
2269
16
498
3130
1450
10368
265
3225
3083
18
2209
277
1343
4546
341
70876
30
5857
277
30041
16514
18
2586
516
386
382
19477
2292
277
2024
489
390
27193
747
22
2649
225
23
18
1437
539
1387
17322
71774
344
1876
70876
733
402
399
33
22
16
539
1387
17322
489
390
27193
11
983
225
25
3225
8210
35
2209
1450
3225
3083
674
225
21
9746
6758
22
16
713
539
1387
17322
983
225
25
17158
18
2586
277
6756
1011
361
225
25
16
516
225
23
18
2586
277
1343
1998
361
70876
382
27872
16
277
194863
2024
225
24
352
489
92
36714
747
21
1998
361
4309
18
2586
277
4728
1310
341
4164
265
103364
18
610
1451
17673
4066
16
277
194863
7120
436
766
302
277
21542
306
436
10753
396
23811
7576
16
1706
4728
6292
436
4814
304
4802
61571
18
461
12475
10334
386
277
4728
1310
341
74052
18
2952
16
277
2746
6434
4060
373
10112
616
277
6292
1304
887
4007
15010
3473
277
194863
7120
436
4800
6292
18
32468
16
297
1175
17409
14798
16
724
1774
277
2292
1154
16
697
4059
616
70305
18
2586
539
1008
304
22465
616
382
23928
277
24460
16
342
1761
277
71070
341
304
3138
277
1154
396
4546
498
277
194863
344
29753
4924
277
2746
6434
13
306
5752
386
277
4728
1310
341
516
3757
1774
35
2209
277
12759
4060
304
911
2292
304
1774
6292
16
713
411
642
361
1774
382
25790
277
4728
1310
341
3757
352
265
1497
1154
35
2523
382
19477
1538
468
277
4728
1310
352
489
92
36714
747
21
30
1850
1325
489
53742
47847
62503
747
23
13
1377
225
23
18
22547
411
361
386
277
1794
341
489
92
4356
29276
58283
2209
724
8089
489
92
36714
6627
14812
1850
265
5209
183764
2615
382
23928
277
16981
16
9916
10987
386
277
4309
4655
19237
436
1731
297
277
194863
16
306
277
4728
1310
341
265
20511
18
2952
16
277
3733
5842
7935
366
386
1310
16
713
539
1998
6313
18
22977
277
4728
1310
341
3757
4309
306
539
1008
304
55540
277
2746
382
19477
2050
304
17208
489
92
36714
747
21
20488
402
954
5405
304
1565
592
8696
539
530
771
225
26
48112
18
2251
903
839
1528
35
19001
399
33
21
16
48112
436
10424
18
35107
10424
352
4354
225
24
341
225
24
18
2586
225
26
13861
18
2586
2761
341
1115
382
25790
277
1154
6714
277
6756
1435
302
48112
1325
9212
468
1210
730
3083
16
689
277
48112
436
33649
396
277
1435
302
20789
16
516
2291
277
2009
10368
35
1563
2024
16
592
539
569
225
21
10368
16
48112
351
225
20
18
5489
352
489
390
27193
747
22
16
592
4607
48112
351
225
20
344
29753
225
21
10368
733
2687
1387
361
225
22
35
2209
724
2132
225
23
16
713
516
382
25790
277
1154
6714
277
6756
1435
302
48112
16
1207
265
17322
341
265
85523
8045
16
306
1325
9212
265
3083
16
539
530
851
127798
277
1794
35
2523
382
23928
277
133336
16
342
1761
277
4728
1310
1998
361
265
20511
18
610
1175
12048
16
6848
277
4309
4158
341
304
3138
3308
304
277
194863
306
14801
277
4728
1310
16
689
277
2746
19986
4060
304
1717
616
6292
18
2952
16
277
3733
5842
7935
366
277
4728
1310
16
713
539
1008
304
7016
304
1717
411
18
3483
18372
386
277
1310
341
4800
4309
382
19477
316
195488
277
2746
30
373
6534
277
2165
1154
16607
306
194863
16
7095
3138
277
1154
4546
306
1717
616
277
6292
1304
461
6292
436
277
70305
297
277
2292
1154
18
2586
539
1998
1265
12578
984
92
36714
747
21
13
758
225
26
18
1882
1387
386
361
35
16473
2050
304
1565
592
8696
277
1794
489
92
36714
11
674
4354
225
24
689
277
1154
1387
758
225
26
592
539
1682
2761
1625
18
22977
277
1154
6714
277
6756
1435
302
48112
2731
1325
37080
9212
468
1210
730
3083
16
689
277
48112
436
5047
396
277
1435
302
3041
539
530
11297
277
1794
1175
386
1450
766
674
468
1210
399
9746
8210
16
306
539
530
5857
277
60443
71774
344
1876
70876
680
461
6756
1435
302
5412
1011
1232
361
5885
498
277
1794
4354
16
689
1387
361
717
936
4354
35
2523
382
20822
16
1387
411
361
386
1325
9212
265
3083
16
539
436
6751
304
5646
277
68723
1343
4347
3041
402
1497
14580
35
2523
382
25790
342
5478
105464
277
10424
352
489
92
36714
6627
16473
1568
8210
30
3591
20
489
92
747
3591
21
489
92
747
3591
22
489
93
747
3591
23
489
94
6627
461
10424
30
23864
225
20
17
21
436
489
92
11
344
11837
4354
225
22
733
3591
22
341
489
93
11
344
11837
4354
21
733
3591
23
341
489
94
11
344
11837
4354
21
680
2586
225
23
10424
382
2558
539
2312
730
3083
16
2132
2312
3591
21
499
489
92
11
304
489
93
747
539
771
489
4356
29276
6627
85539
30
489
92
3949
9691
3949
94
11
1117
225
23
18
12343
3591
20
304
489
93
3026
489
9691
91652
11
2649
489
9691
3949
92
3949
94
11
1117
225
23
18
12343
3591
22
304
489
92
3026
489
41117
94
11
2649
489
41117
3949
94
11
1117
225
22
18
12343
3591
22
304
489
94
3026
489
6173
4786
11
2649
489
6173
3949
4786
11
1117
225
22
18
12343
3591
23
304
489
92
3026
489
6173
4356
11
2649
489
41117
3949
93
11
1117
225
22
18
12343
3591
23
304
489
93
3026
489
92
4356
93
11
2649
489
6173
3949
9691
11
1117
225
22
18
2586
2687
341
225
23
35
2209
539
3592
9212
304
1265
616
9746
6632
225
24
18
2159
771
225
24
16
539
1008
616
8210
9746
18
3398
225
24
8210
16
539
1008
1450
3083
1497
499
969
26998
18
2251
411
2731
402
730
2312
35
20313
674
31579
1150
18
1283
530
2312
730
302
277
1150
494
304
265
699
7330
16
2132
489
69
6627
5489
1794
7883
489
17217
94
11
420
489
92
354
94
11
420
489
92
354
94
58283
1437
539
2312
3591
20
304
489
69
3026
489
17217
94
11
2649
8210
30
265
22539
16762
35866
616
9746
16
306
16556
616
1497
16
713
10424
30
265
22539
16762
35866
1117
225
24
18
8520
16
4924
2731
18
2586
2687
1196
361
225
24
18
2586
3097
1011
1310
2132
225
26
35
22547
903
361
265
15277
1207
539
771
225
25
420
225
26
35
10546
592
4354
1518
24
382
27872
16
2964
31029
277
1310
341
6078
18
2952
16
277
2746
341
7080
304
471
297
492
7001
16
306
539
1008
304
6496
2363
386
642
1717
277
6292
396
2688
18
7517
342
4273
2312
277
6292
16
342
1998
6496
2363
386
6714
225
26
352
7086
92
36714
747
21
680
1882
1387
386
4252
35
14812
277
1154
341
12762
304
758
277
6756
1435
302
48112
1325
9212
468
1210
730
3083
16
689
277
48112
436
33649
396
277
1435
302
9746
93198
8045
35
2523
382
44125
277
68723
1343
341
1497
30
13568
302
16927
277
30041
16514
16
385
5857
839
16514
344
1876
13375
30041
13
402
468
1210
399
9746
8210
16
306
385
1587
304
29093
277
1435
302
48112
344
77
3077
1278
1435
302
17158
13
498
16159
277
1861
6917
302
93198
18
957
7883
265
2746
302
68723
277
1794
983
396
1451
222720
396
2731
16
1450
402
468
1210
399
9746
8210
18
461
6756
1435
302
1175
222720
341
277
4354
302
277
1794
592
399
6743
21
16
1480
385
530
11297
983
3225
8210
344
25175
674
225
21
9746
6758
79
680
2586
352
399
33
21
16
6756
48112
351
307
16
15470
302
1794
18
2586
352
489
92
36714
747
386
1011
361
225
24
18
21209
516
225
26
382
59685
385
436
6751
304
2312
730
3083
306
1232
17322
983
222720
386
436
516
13375
72075
35
2523
382
25790
277
48112
436
5047
396
277
1435
302
9746
8210
297
1450
17322
35
2523
382
23928
277
133336
16
342
1761
277
1861
3347
341
304
10987
277
194863
7120
436
4309
306
277
4728
1310
341
265
20511
16
689
539
1998
2188
1717
411
1480
277
21633
57076
642
911
277
2292
1154
18
2952
16
2650
539
436
516
3757
5206
2363
1743
16
539
1008
304
2483
387
3032
386
34494
277
2746
396
42257
18
610
492
3167
16
539
436
304
3271
265
2363
2732
386
14127
277
1154
18
461
1181
642
1232
1774
277
6292
344
197328
277
2292
1154
13
306
1565
592
724
1717
18
1437
277
1310
341
41514
16
277
1181
2428
569
265
1497
4655
3271
18
2209
539
569
304
6724
277
2746
6434
396
2688
18
32468
297
1175
17409
4066
16
277
1310
4027
436
10358
18
461
12475
10334
265
103364
297
277
2746
6434
18
18750
386
277
3733
5842
7935
366
277
1310
3999
12578
984
92
36714
747
21
13
1377
225
26
16
1850
4164
386
277
4655
3271
341
14233
225
26
18
2586
539
1008
304
7745
686
1030
304
771
225
26
382
19477
2050
304
1565
592
8696
277
1794
489
92
36714
11
341
3757
5198
2920
304
8887
8210
35
22547
411
361
489
92
4356
29276
58283
9405
4354
225
25
16
2687
225
25
18
489
92
4356
93
4786
11
4354
225
26
16
2687
225
26
18
22547
361
489
92
4356
93
4786
58283
2209
724
8089
489
92
36714
6627
14812
1850
489
6173
4356
9691
58283
2523
382
20700
468
277
4619
302
277
4728
6292
30
724
569
3453
31051
306
399
18
1563
399
33
21
16
724
569
489
73
935
4786
38308
11
344
4448
28
13
2649
225
28
16
489
36173
85
6669
24589
27401
11
344
4448
622
13
2649
225
622
18
2586
352
399
33
21
16
724
2364
277
6756
2731
48112
344
77
3077
1278
4354
13
1325
730
2312
18
1563
489
92
36714
747
4354
225
24
16
724
2364
225
26
16
697
341
516
4354
18
2586
8696
489
92
36714
11
341
516
4354
225
24
35
16473
1682
11807
30
1150
16
1150
16
349
16
698
351
24
18
22547
903
361
265
20511
30
8696
1850
489
92
4356
29276
11
344
4448
25
13
2649
225
25
35
2209
724
569
225
26
18
489
92
4356
93
4786
11
344
4448
26
13
2649
26
18
2586
8696
277
1794
341
489
92
4356
93
4786
11
689
45089
396
489
92
36714
11
2920
304
265
9546
8210
35
461
1794
489
92
4356
93
4786
11
341
34580
18
22547
361
265
103364
382
23928
277
32143
402
852
6292
16
342
1761
1850
52298
386
277
9444
1794
341
489
92
4356
93
4786
11
344
11228
225
26
680
461
194863
2024
489
92
36714
747
21
2649
24
1011
1232
361
6078
16
689
277
4728
1310
1011
361
225
26
18
8548
730
341
717
4164
35
461
194863
7120
436
766
302
277
1154
21542
16
713
724
1196
361
4309
18
461
4728
6292
436
1060
4814
304
1310
7835
277
7120
18
32468
16
4814
6292
436
11339
304
3144
8106
4027
16
516
304
38469
7120
18
2586
1850
717
4164
386
277
4728
1310
341
4309
306
277
194863
2024
341
6078
35
2209
277
194863
2024
341
766
302
277
1656
2746
6434
18
3578
11700
304
569
1217
73411
2911
382
19477
15698
277
194863
7120
30
489
390
27193
747
22
2649
23
16
489
69
11020
377
747
23
2649
21
16
489
92
36714
747
21
2649
24
18
2933
436
2164
306
5084
52298
18
461
4728
1310
352
489
92
36714
747
21
2649
26
341
1687
6892
18
887
1387
361
386
277
4728
1310
341
352
265
1497
1794
16
8696
489
92
4356
93
4786
11
689
724
8089
489
92
36714
11
498
20511
18
16205
468
277
1568
30
1325
489
53742
47847
62503
747
23
13
1377
225
23
16
724
569
489
92
36714
747
21
13
1377
225
26
18
22547
361
386
277
1794
341
489
92
4356
93
4786
11
689
277
36915
84594
778
18
2952
16
489
92
4356
93
4786
11
341
225
26
11807
16
616
297
15278
18
3483
1011
361
265
4238
1310
352
399
33
21
30
4607
10424
351
225
23
16
1325
730
2312
385
1387
2984
616
10424
16
4243
225
26
18
3483
14441
277
4619
302
489
73
935
4786
38308
11
344
28
2649
28
13
306
489
36173
85
6669
24589
27401
11
344
622
2649
622
680
2586
4164
277
9444
1794
341
489
92
4356
93
4786
6627
461
103364
341
52298
30
9546
489
93
11
306
489
94
11
4115
382
27872
16
9916
10987
386
277
4309
1310
352
489
92
36714
747
21
341
3757
352
489
92
4356
93
4786
11
420
2761
386
22699
225
26
18
2209
539
4273
2312
277
1310
18
2952
16
396
277
52992
16
539
1998
3138
277
1154
396
4546
16
306
277
1310
20155
642
361
1161
304
12476
18
7517
539
436
516
3757
29706
16
539
1008
304
2483
2363
386
1011
1717
277
6292
592
724
846
10358
18
610
492
3522
16
539
436
304
6496
265
4377
386
44004
19553
277
2688
6292
18
461
100849
341
34233
382
23928
277
845
16
9916
11536
304
3138
265
4377
386
19553
277
194863
7120
306
277
4728
6292
6329
11568
277
52218
730
18
2209
539
1008
304
1717
616
18
14812
539
530
2702
3646
265
3364
1690
352
489
92
36714
747
21
304
758
225
26
35
3483
1011
361
56858
689
2428
1717
277
6292
18
2952
16
277
2746
36033
265
3449
4377
16
516
2702
87842
18
2209
2688
277
16981
16
539
2428
771
3624
402
411
35
46764
516
16
1480
903
2428
361
852
8887
6292
382
25790
277
4728
1310
1568
341
516
3757
766
302
277
2522
10393
31
1850
1060
3419
396
5256
18
461
12759
4060
373
8940
2292
20399
222888
14028
32057
44950
13
304
1774
6292
1304
2586
411
341
766
302
277
10393
382
45
1761
277
1861
341
304
3138
265
4309
3449
4377
16
306
592
277
1310
341
6078
16
539
4273
7016
411
18
2209
2650
492
341
265
1541
4597
9856
16
539
436
304
2483
2363
386
539
4915
65865
277
2746
396
4546
18
461
100849
2428
361
265
1310
302
954
5266
304
7925
35
3557
4164
382
23928
277
16066
16
9916
10987
386
277
4728
1310
352
489
92
36714
747
21
341
14233
225
26
16
306
2050
304
1565
592
8696
342
101436
277
68723
1343
18
16473
316
195488
277
1343
30
373
30778
277
30041
16514
302
272
7824
468
1210
399
9746
8210
3210
22547
411
361
386
1325
16927
386
16514
16
539
589
4222
14361
366
277
22503
35
461
18017
373
58178
3369
272
341
8295
6
10334
539
589
18
2209
8696
539
436
6751
304
2312
277
1794
1450
845
35
2523
382
13617
12634
30
461
68723
1343
2428
361
6227
304
277
4607
1794
272
16
689
539
436
6751
304
2312
468
1210
730
3083
1714
6857
277
1343
18
9405
1065
539
16334
382
25790
277
1435
302
48112
341
277
1435
302
8210
297
277
1794
35
2523
382
19477
3612
2486
4625
30
2278
341
265
3162
2746
373
44912
4012
1992
4790
4032
12343
6
499
2130
305
3854
35
342
19877
265
2746
373
44912
7551
302
4012
1992
4790
4032
12343
6
8696
499
265
22662
18
342
530
2050
304
19877
18
342
1761
5361
4156
265
2746
1207
385
530
2312
730
3083
304
29093
277
1435
302
222720
1175
386
1450
85523
674
468
1210
399
9746
8210
16
306
277
17322
341
3410
67463
1318
344
9200
369
16514
680
461
4377
5906
5210
616
3393
689
1347
16514
2345
30222
687
242789
304
3032
6697
18
3483
14441
954
4158
382
23928
386
16
9916
11536
402
277
42626
1701
4158
306
5752
386
277
1310
100849
77872
5513
592
539
3138
12989
18
7517
277
1310
36033
225
26
352
489
92
36714
747
21
16
8696
954
4309
7878
642
3757
758
225
26
352
386
2740
35
16473
1310
20488
402
954
5405
30
1563
489
92
36714
747
21
16
4607
48112
351
225
23
18
3372
539
771
225
26
498
9212
730
3083
35
1737
23069
16
2687
341
225
24
18
2586
840
18
34159
539
530
2312
265
3083
304
2761
386
3672
277
1343
6496
717
936
4354
48112
35
3483
1011
361
13861
18
2586
277
1310
1998
361
6078
382
27872
16
342
1761
277
1094
1528
304
1717
277
1310
396
2688
341
304
2702
3646
386
3018
1690
18
2209
386
1011
361
57122
352
265
3449
4377
382
23928
277
6056
16
9916
10987
277
4728
1310
341
4309
306
386
922
5405
341
62629
18
16473
2050
304
17208
489
92
36714
747
21
402
277
70876
1343
1325
9212
265
3083
304
1565
592
539
530
771
225
26
48112
18
19001
539
2312
730
3083
304
2761
16
306
1232
5646
277
70876
1343
18
22547
277
70876
1343
6496
717
936
4354
48112
35
2523
16
1480
1450
17322
34808
468
2750
730
3083
16
713
1435
302
48112
20649
4354
18
2586
304
771
225
26
499
4354
225
24
16
13861
18
8111
16
277
1310
1998
361
352
265
5198
1794
18
2586
2964
31029
1850
265
103364
382
23928
386
277
2746
341
304
3138
277
1154
396
4546
16
306
277
194863
7120
436
766
302
277
5224
16
9916
3138
3308
304
277
194863
306
5752
386
277
4728
1310
341
516
3757
1774
420
386
277
1181
674
33664
277
1310
18
2952
16
277
3733
5842
7935
366
277
4728
1310
16
713
386
10334
386
277
1310
341
766
302
277
10393
306
954
7878
4746
758
225
26
18
7517
539
4273
1565
277
4607
7878
16
539
1907
1287
1065
411
8938
18
2209
277
2615
540
387
40439
2615
366
386
1310
16
6115
954
7878
8938
2761
852
936
225
26
18
2586
539
1008
304
758
225
26
304
1717
382
23928
277
133336
16
8696
277
1154
341
12762
304
758
277
6756
1435
302
48112
1325
37080
9212
468
1210
730
3083
16
689
277
48112
436
33649
396
277
1435
302
9746
93198
8045
35
2523
382
20822
16
1387
411
361
386
277
68723
1343
341
30
385
5857
277
30041
16514
402
468
1210
399
9746
8210
16
5909
411
344
118107
396
730
17322
733
306
1232
385
4622
366
277
10652
1794
16
689
385
436
6751
304
2312
265
3083
468
1450
2672
35
2523
16
277
2312
341
1094
468
277
7673
382
8355
20017
382
44125
277
4728
1310
1568
4059
265
31579
302
277
194863
2024
35
16473
10049
30
194863
2024
30
489
92
36714
747
21
2649
225
24
18
22708
1310
30
489
92
36714
747
21
2649
225
26
18
2586
724
436
1497
18
22547
411
361
386
277
4728
1310
341
3757
352
265
1497
1794
689
5478
161925
35
1563
4681
16
489
92
4356
29276
58283
16473
17208
352
489
92
4356
29276
747
399
33
21
18
20313
10424
30
489
6173
3949
9691
3949
94
11
1117
225
23
18
3372
539
771
225
26
35
29087
341
225
25
16
2687
225
25
18
2586
516
18
489
92
4356
93
4786
11
4354
225
26
2649
225
26
2731
18
2586
4164
277
1794
341
489
92
4356
93
4786
6627
461
4728
1310
2428
569
961
489
92
4356
93
4786
747
689
724
8089
489
92
36714
11
498
20511
18
2952
16
277
4728
1310
1568
851
4059
489
73
935
4786
38308
11
344
28
926
28
13
306
489
36173
85
6669
24589
27401
11
344
622
926
622
733
697
436
14580
402
4354
6792
304
277
4655
3271
16
18919
386
352
399
33
21
16
277
4655
3271
341
277
4354
344
77
3077
1278
385
530
8047
616
9746
680
1563
489
92
4356
93
4786
747
4354
225
26
16
385
530
8047
616
9746
498
9212
730
3083
344
73
1627
1278
2312
730
302
277
69488
304
265
699
7330
733
7859
225
26
48112
18
2586
386
22700
277
4619
18
2586
2964
14718
31029
386
277
9444
1794
341
489
92
4356
93
4786
6627
461
103364
341
297
277
4728
1310
382
27872
16
342
642
3138
277
4309
4377
21297
277
194863
7120
436
4309
306
277
4728
1310
341
396
15143
689
539
642
6724
277
11236
18
610
277
2363
16
539
642
516
2702
3646
382
23928
277
845
16
9916
3138
277
42626
1701
4158
402
250584
38474
306
5752
411
19553
382
2608
539
2188
1008
304
1930
387
7434
4377
18
18750
277
16981
16
9745
539
530
3138
277
88934
99677
402
17422
30
1563
1450
2413
278
16
539
1094
1008
304
2050
9212
304
265
3083
386
341
516
297
277
1794
344
273
386
8615
3735
13
1480
386
341
4164
12381
18
2209
539
1008
304
361
2897
382
25790
539
530
911
265
73598
30
461
6756
48112
341
11841
498
9212
265
3083
304
265
699
7330
386
8615
3735
297
277
1794
16
12267
265
4124
306
20487
717
20789
18
1283
1387
2050
1094
3393
304
11807
386
5230
297
277
1794
344
87026
277
1843
680
3483
1011
361
468
1210
225
948
621
2413
16
2188
225
6701
79
18
2209
8696
539
530
37687
1094
1731
3393
1347
687
105464
35758
1478
382
23928
277
15924
16
342
1761
277
42626
1701
4158
402
250584
306
57687
302
344
77
16
8588
13
2428
3757
361
31975
1480
277
1435
302
9746
30456
25974
2428
361
5885
297
5358
16
4661
592
539
911
77647
306
1094
17208
4494
5267
18
461
2983
1435
302
5267
1387
361
366
277
1991
302
307
535
344
5686
302
9746
30456
621
2413
680
1563
399
778
304
225
622
16
277
1435
302
30456
341
819
225
1691
4364
16
689
539
642
1094
4742
265
2164
13579
1480
277
1794
4354
341
1094
225
622
79
306
1450
2481
21373
468
1210
307
5267
18
3398
225
15316
79
6857
20634
16
592
1450
6132
21373
819
307
5267
16
2983
1387
361
225
22
18
26
73
29
16
689
1451
5267
642
29513
1480
277
137045
436
277
1656
352
1451
700
18
41729
16
352
265
6842
35758
6857
468
700
16
277
867
302
2731
30456
386
530
5230
468
386
2413
3796
616
20634
341
5885
18
1563
1450
700
16
277
30456
386
5230
436
1731
99164
499
910
4381
8588
18
7517
277
1435
302
2731
4381
30456
341
5885
344
20128
3285
7826
2911
306
725
36312
402
265
1585
733
277
2983
1435
302
30456
3796
616
700
2428
361
64594
382
2110
1387
5842
304
3138
492
297
11636
306
5752
411
10424
2223
845
135701
13008
18
7517
539
436
516
3757
29706
16
539
1008
304
2483
2363
386
539
1761
1011
831
18
2209
396
387
8202
16
342
530
2050
304
24819
382
2110
530
3087
8023
396
32088
1347
250584
344
1670
13822
680
27969
687
52448
352
1450
2413
700
277
4607
867
1714
5993
700
16
1465
2764
7826
2943
65
344
1943
700
499
225
20
304
307
680
1283
530
17208
2764
7826
63
20
16051
20
18
5489
539
530
37687
4607
1343
304
17208
4124
108184
2943
65
306
2764
7826
2943
15
21
15032
8311
16
539
1008
304
17208
416
5802
16
8588
13
352
3453
344
77
16
8588
680
27969
911
42626
1701
297
265
20078
16
147245
498
344
77
16
8588
680
27969
17208
86842
1375
1847
416
5802
16
8588
2407
298
592
700
1377
307
30
758
225
20
203
298
466
351
272
2943
1391
298
3422
351
225
21
3492
344
567
30400
6030
1819
465
298
592
344
24986
764
3422
13
1377
225
20
306
11897
99512
680
8227
984
21
3015
1377
399
30
225
905
2287
399
35
539
1008
189125
203
348
905
4124
468
700
203
348
758
225
21
692
416
5802
15
21
16
3422
465
298
1625
638
348
699
23538
351
8588
367
3422
203
348
758
416
5802
15
21
16
699
23538
994
2608
539
1008
304
17208
189125
19792
18
1283
530
687
52448
2143
118107
352
30456
778
304
225
22
66
1670
35
3557
31975
18
2209
539
530
17208
6441
302
867
498
1347
3422
8962
581
297
11636
225
23
18
28
212181
11636
225
23
18
622
674
853
68071
8962
2338
2586
539
530
911
8588
68071
8962
112272
8311
16
539
1008
304
1465
416
352
1451
344
77
16
8588
680
27969
1472
402
20634
352
1450
278
306
274
18
1563
1450
278
297
2783
4020
2407
298
2462
351
272
35950
1391
298
352
274
297
489
173862
11428
348
592
274
1377
2462
30
4622
203
348
699
2420
351
344
31061
7826
35950
65
367
344
21
3492
344
567
3323
6030
1819
11762
592
516
344
71
516
297
2764
7826
35950
65
306
2764
7826
35950
1807
5149
8962
581
1377
399
13
1625
344
21
3492
344
567
3323
6030
1819
2604
348
905
41729
539
1008
304
17208
4124
4550
304
11135
699
2420
388
348
905
4214
2764
7826
1615
351
2764
7826
35950
65
344
24986
1714
278
3098
348
905
34087
4124
468
278
352
699
1585
274
638
348
592
344
71
297
2764
7826
1615
13
420
344
31061
7826
1615
68071
8962
581
460
399
2407
454
699
88201
1615
351
225
20
203
454
699
2420
351
2764
7826
1615
367
344
21
3492
344
567
3323
6030
1819
2604
348
1625
638
454
699
88201
1615
351
225
21
203
454
699
2420
351
344
21
3492
344
567
3323
6030
1819
2604
348
905
42379
2983
20789
352
492
2312
638
348
905
20789
64344
1615
351
4455
1242
78
33
20
6165
84
17
21
97
4124
108184
13478
65
344
788
530
687
52448
16514
88201
465
348
905
2983
351
20789
64344
1615
692
699
88201
1615
692
344
42
3280
15
21
16
699
2420
13
506
416
3280
15
21
16
2764
7826
35950
15
21
35542
348
905
8801
4607
20789
499
278
15
21
402
2764
7826
35950
15
21
65
341
2764
86521
1623
7566
35950
15
21
65
351
35758
88201
35950
15
21
65
344
5421
302
4124
108184
499
278
15
21
465
348
905
2586
539
1008
416
3280
15
21
16
699
2420
13
506
35758
88201
35950
15
21
21265
348
905
27969
17208
416
3280
15
21
16
699
2420
13
3874
42626
16
306
1232
919
20789
64344
1615
692
699
88201
1615
692
3000
382
2608
539
1998
361
17034
30
2764
86521
1623
7566
35950
15
21
65
341
277
1435
302
20789
297
277
4607
1794
499
2413
278
15
21
101037
16
2688
386
277
4381
867
341
2764
7826
35950
15
21
1807
9405
7662
416
3280
15
21
16
2764
7826
35950
15
21
23923
2586
3000
351
416
3280
15
21
16
699
2420
13
506
416
3280
15
21
16
2764
7826
35950
15
21
112677
27872
16
2983
20789
351
16514
88201
35950
65
692
699
88201
1615
692
3000
16
1207
16514
88201
35950
65
351
2983
20789
468
10690
460
278
344
77
3077
1278
4455
302
4124
108184
63
20
568
84
17
21
23923
8598
386
4124
108184
63
20
65
341
2837
225
20
382
2110
530
687
52448
16514
88201
4173
382
14032
1861
351
2687
94530
29956
1623
7566
16
1861
2570
8311
16
539
1008
304
17208
416
5802
16
8588
13
19792
18
27969
3138
265
46800
1154
402
312
625
28090
382
77397
3933
30
461
1435
302
9746
30456
386
642
361
7895
304
416
1387
361
2927
18
2209
539
530
2050
304
4753
498
34155
386
8588
642
2837
361
265
22517
302
277
34481
386
8615
297
277
35758
35
41729
16
8588
530
2549
8210
386
5230
297
277
16514
344
20128
3285
7826
13
306
11568
699
8210
4472
18
7517
277
35758
874
3451
8210
516
297
277
4607
867
16
8588
530
2549
1731
18
2209
277
2983
1435
302
9746
30456
3796
616
8877
2428
2188
361
2927
382
2110
1387
5842
304
3138
416
133125
352
1450
700
306
8588
1347
38474
402
42626
1701
16
689
539
2428
7196
77647
8597
420
4625
3933
382
23928
277
16981
16
8696
539
530
3138
265
1497
4158
30
1563
1450
2413
278
16
539
530
17208
277
1603
302
9212
304
265
3083
274
498
85242
277
35758
1347
265
5128
1557
386
111781
687
105464
373
8831
18168
6
11813
306
10424
297
504
12402
13
621
2312
18
7517
399
6758
225
1670
16
306
539
569
778
304
225
15316
79
3393
16
2983
504
12
15316
79
535
225
1670
13
351
225
26
18
5569
4364
16
697
341
6772
18
957
1387
361
277
9444
4377
382
19477
9492
386
30
1563
265
2688
35758
6857
468
700
402
4381
867
330
16
539
1587
304
17208
277
1435
302
20789
18
1737
4546
16
277
1343
530
361
4156
396
30
1706
700
460
307
638
17
4214
2475
351
1511
277
2475
3083
297
272
2943
58985
386
341
516
297
330
388
17
1437
840
1175
3083
16
2984
388
17
1437
367
55
96
1377
399
638
298
506
4124
468
700
344
77
3077
1278
19706
1682
465
298
506
330
351
391
9874
3083
732
298
506
700
351
2475
692
225
21
35
26128
17034
30
461
4124
9848
1714
277
3083
468
2475
18
4790
4124
16
539
1472
265
699
10368
402
386
3083
16
713
539
1196
867
330
351
391
329
97
306
700
351
2475
344
29753
539
569
15267
386
3083
396
277
1058
302
277
699
10368
35
41729
1325
265
4124
16
277
10368
10626
402
386
3083
16
713
539
2549
411
297
277
699
10368
18
610
277
44262
16
592
4124
468
700
16
1232
539
867
330
351
391
87
2943
25442
306
4622
5993
499
700
15
21
18
2586
297
277
29607
16
592
539
1511
2475
3083
516
297
330
306
367
55
96
1377
399
16
1232
539
569
265
4124
468
2475
344
10384
386
3083
680
5489
539
867
330
351
391
87
134745
25442
306
867
700
351
2475
15
21
344
29753
539
569
15267
272
134745
65
396
1472
302
699
10368
680
2209
6035
386
277
3083
468
2475
341
5101
297
277
699
10368
16
713
539
1196
9710
700
304
2475
15
21
18
2952
16
297
277
373
10610
2475
3083
516
297
330
6
4158
16
539
1008
304
5203
1804
4027
382
71093
16
539
530
37687
5502
396
277
44262
16
689
539
1587
304
18486
10683
1347
2475
18168
1478
304
4928
47500
1257
1450
3083
730
498
730
18
7517
277
1435
302
5826
344
5172
273
4483
420
20789
13
341
468
1210
504
4020
733
689
539
530
39024
498
39525
304
277
2475
3083
516
297
330
382
81740
30
2973
367
55
96
460
399
16
539
642
24445
616
8210
3369
539
13530
265
3083
516
297
330
18
3483
20524
530
361
3410
297
730
12159
304
277
2475
1175
3083
18
22041
16
890
367
55
96
1377
399
16
539
642
13530
265
3083
516
297
330
16
697
642
3866
265
4124
16
306
1232
539
12760
330
304
265
83703
306
4622
499
277
2475
3083
1325
386
344
29753
277
4124
3083
7883
277
1472
302
265
699
10368
680
2586
539
530
1343
297
504
48872
302
9259
4483
692
1435
302
20789
13
5826
18
461
1435
302
9259
4483
341
468
1210
399
1360
20789
344
29753
1450
20524
15013
265
699
3083
304
330
3369
2287
23459
399
680
2586
2983
1435
302
5826
3796
277
4569
35758
341
504
4020
13
297
14774
1690
344
25175
3083
3673
7815
387
20524
420
265
4124
680
2209
539
530
39024
1450
20524
498
39525
304
277
2475
3083
516
297
330
16
697
6382
8910
277
7849
2475
18168
302
839
3083
516
297
330
18
3483
530
361
3410
498
687
133079
352
1450
2413
306
1450
3083
277
2475
3591
18
7517
34481
341
225
1670
16
539
530
687
52448
2475
17364
2943
4274
71
65
352
700
499
307
1652
304
225
20
18
2475
17364
2943
4274
71
65
351
277
21820
477
6743
700
1175
386
272
13478
65
1377
274
16
420
307
592
516
1831
18
5489
352
265
2688
867
330
344
24986
733
304
1511
277
2475
3083
516
297
330
16
539
530
59689
898
616
274
516
297
330
306
1863
1219
898
2475
17364
2943
4274
71
1807
9405
504
12
1670
13
621
2672
18
7517
277
1435
302
5826
344
5172
273
4483
15
36009
13
341
468
1210
504
4020
733
689
539
530
5510
277
1435
302
5826
498
34155
386
1450
2672
3673
15013
730
3083
304
330
344
158498
2287
13
420
7815
265
4124
344
17630
1406
680
461
1435
302
9259
4483
1714
265
4124
341
468
1210
399
16
306
1325
265
4124
16
330
2287
7883
225
21
16
306
539
1754
24445
778
304
399
17
21
8210
18
2586
2983
1435
302
5826
344
5172
273
4483
692
20789
13
341
468
1210
504
4020
13
297
14774
1690
16
689
1387
361
396
1398
396
307
592
1450
3083
341
265
699
3083
306
399
341
2927
35
41729
592
399
341
2927
344
73
1627
1278
225
1670
733
1232
277
1343
3042
20789
16
306
539
24445
616
8210
730
498
730
16
713
1435
302
5826
351
307
18
2586
504
4020
13
5826
18
1563
1450
2672
16
539
589
504
12
1670
13
831
304
1511
2475
3083
516
297
330
18
2586
2983
621
6132
1387
361
504
12
1670
535
307
13
351
225
15316
79
16
3041
225
15316
79
20634
351
225
3284
18
26
73
29
16
2502
1398
382
2608
539
530
5510
277
1435
302
20634
498
34155
386
352
265
2688
35758
700
16
277
24322
302
416
5802
16
330
13
352
1497
330
530
361
4131
18
22977
539
530
17208
416
5802
16
330
13
352
616
330
468
3984
1347
38474
35
7517
277
1435
302
330
539
1008
352
265
6842
700
341
778
304
225
1670
16
539
1387
17208
1019
498
25354
277
35758
3984
16
14140
910
925
3920
386
5143
471
304
3032
352
616
330
18651
35
99008
1347
21032
10128
5905
382
13617
10149
30
7517
539
1094
1008
416
5802
16
699
2420
13
1207
699
2420
341
3673
391
71
97
420
2764
7826
35950
65
93970
391
71
2547
306
2764
7826
35950
65
341
730
302
277
4607
8023
16
539
2428
361
2948
304
17208
416
5802
16
330
13
352
616
1175
330
1347
265
38474
386
6582
277
35758
306
16297
4671
302
16
352
1450
2731
867
2287
16
277
1435
302
4781
304
8047
20789
35
3557
25485
382
23928
277
845
16
342
1761
277
42626
1701
4158
402
77647
306
57687
2428
361
277
36620
304
2363
16
306
539
530
5752
386
277
1435
302
5267
17398
341
516
2502
2927
18
7517
307
33
622
66
24
306
399
6758
225
1670
16
277
1435
302
9746
30456
386
530
5230
396
2764
7826
2943
65
341
468
1210
307
344
86550
504
4020
28410
13
396
23069
680
1563
1450
2312
16
699
2420
341
3673
265
83703
420
15395
302
2764
7826
35950
65
402
265
1585
18
2586
277
2983
1435
302
9746
30456
539
642
1008
304
1717
304
416
341
504
4020
14
1670
680
9405
778
304
225
15316
79
18
1563
1450
1175
344
77
38434
733
13131
416
5802
38434
13
86842
874
4742
1451
852
344
78
16
559
13
5267
18
2952
16
1451
302
1731
344
78
75735
13
5267
2428
361
277
1656
3796
1497
20634
18
461
2983
1435
302
344
78
75735
13
5267
17398
2428
361
366
277
1991
302
307
535
344
5686
302
9746
30456
386
530
5230
468
2413
477
680
2115
341
277
6756
1435
302
9746
30456
386
530
5230
468
265
2688
2413
477
3796
616
20634
35
1563
265
6842
477
16
277
8588
468
386
2413
341
277
867
1325
5993
8210
778
304
477
17
21
18
957
867
341
7152
498
277
4381
8588
306
277
8210
499
277
1472
304
477
17
21
18
7517
277
4381
30456
436
3724
277
504
4020
14
1670
13
30456
16
277
867
302
2731
30456
468
477
1387
361
396
1451
396
504
4020
14
1670
13
297
14774
1690
35
99008
16
689
8696
297
5358
1850
2336
382
2608
539
530
2050
304
3138
306
1565
592
411
19553
18
7517
539
4273
1774
16
539
1998
16652
366
26565
382
45
19877
386
297
910
14874
11574
6763
16
724
1161
38474
402
250584
352
399
778
304
225
622
420
713
16
306
307
33
22
937
16
4115
18
5378
307
33
622
66
24
16
399
778
304
225
1670
16
689
8696
724
4753
399
304
225
622
297
277
6292
35
461
1310
4059
399
33
622
18
225
22
66
622
33
21
6351
30456
16
697
341
6772
18
1563
399
33
622
16
4455
1242
77
33
20
6165
622
97
346
12
1670
25478
13
341
819
225
1691
4364
16
689
4924
277
2983
2731
30456
16
516
277
1435
386
5230
18
610
265
1794
302
4354
225
622
66
24
16
277
1435
302
9746
30456
386
530
5230
396
1843
867
2428
361
1687
7922
18
610
1689
16
1450
8588
21062
304
265
22517
302
8210
18
461
1343
1094
15013
8210
890
724
436
699
16
713
277
867
2287
9063
20900
18
35475
499
910
4381
867
344
8781
341
265
22517
733
396
539
1343
8210
16
539
919
8210
730
498
730
344
43404
2287
399
13
306
1232
12760
18
2586
277
867
341
2837
265
22517
386
530
361
6202
498
6857
499
910
4381
867
306
8811
8210
297
277
1991
724
5230
16
402
114657
304
265
83703
18
461
2983
1435
302
9746
50104
386
530
5230
297
277
4425
1794
2428
361
32344
498
504
4020
535
34481
13
1480
1450
845
539
919
265
699
3083
16
277
867
2287
9063
498
225
21
16
306
1450
2457
12651
265
699
22517
18
12620
16
1325
265
4124
16
539
12760
304
265
83703
16
697
874
361
265
22517
3402
4156
18
2586
277
2983
1435
302
9746
50104
25974
297
265
3225
2833
13325
344
20128
13
341
468
1210
307
15
21
18
1563
265
3449
6857
867
16
277
1435
302
9746
50104
25974
1706
5993
277
35758
1387
361
6892
16
689
2188
1450
2672
3673
15013
265
3083
344
66735
265
699
22517
13
420
114657
344
606
265
83703
680
7517
277
35758
4354
341
468
1210
307
16
277
1435
302
9746
50104
25974
297
265
3225
1774
341
468
1210
307
18
2586
592
539
1774
416
5802
38434
13
352
1451
1497
4381
330
16
277
2983
1435
302
9746
344
78
75735
13
5267
17398
1387
361
396
1398
396
504
48872
9414
36426
2420
535
307
13
592
616
10424
436
77921
18
2209
8696
1451
10424
29513
1480
277
35758
341
277
1656
352
1451
700
382
26412
1217
1497
4381
30456
330
21
306
330
22
18
2973
5993
277
1656
35758
16
277
8023
559
386
5230
2428
361
3600
1480
724
436
11470
498
8811
8210
499
277
35758
18
3578
2731
386
330
21
306
330
22
2693
304
1451
1497
559
468
910
477
16
689
277
2983
1435
302
559
3796
616
477
2428
361
5885
1480
277
35758
674
1094
307
8210
16
306
1450
3083
530
361
4472
468
1210
3984
304
265
867
1714
265
4124
114657
411
18
2952
16
1497
4381
30456
1387
2693
304
1497
15823
302
44640
306
20789
16
14848
1497
559
468
277
1656
477
18
22547
386
361
1451
35
99008
16
689
1450
559
341
265
22517
302
277
34481
18
461
2983
1435
302
50104
302
277
34481
341
225
22
66
1670
5907
225
3284
49
18
461
35758
674
225
622
79
8210
18
22547
277
15395
302
616
559
3796
616
10424
361
396
2927
396
225
3284
49
35
99008
592
277
1794
5720
1451
1497
8210
306
277
4381
30456
8632
11826
18
2209
341
411
2731
304
569
225
3284
49
9746
50104
5230
499
10424
302
4354
225
622
79
35
8049
1774
530
1094
2299
504
4020
13
50104
18
3398
225
15316
79
10424
16
277
2983
9746
50104
1387
361
778
304
225
15316
79
535
225
622
79
351
225
22
18
26
73
29
16
689
1451
642
29513
18
610
14774
1690
16
724
1387
361
77921
592
1450
1774
16443
265
4936
867
468
1450
2413
18
2251
386
2731
35
1563
386
304
4252
16
468
1450
2413
477
16
277
8023
559
1998
361
616
9746
3796
10424
18
7517
903
436
468
1210
225
22
66
1670
2731
8023
16
689
225
15316
79
535
225
622
79
351
225
22
18
26
73
29
1518
225
22
66
1670
16
713
107893
19987
14009
4060
910
8023
1998
14361
18
2586
277
2983
1435
302
9746
344
78
75735
13
5267
341
468
1210
225
22
66
1670
535
307
351
225
3284
49
535
225
622
79
351
225
25631
8757
35
41729
344
78
75735
13
15278
30
477
19797
898
307
10690
344
20
568
82
733
559
19797
898
225
22
66
1670
8023
16
713
2983
2731
15278
341
307
535
225
22
66
1670
16
697
341
8730
18
2209
539
1094
4742
265
22517
302
1731
18
461
7866
5879
366
277
1435
302
344
78
75735
13
539
1387
4742
341
307
535
1435
9414
36426
2420
35
3557
7662
382
2608
539
530
5879
277
1435
302
344
78
75735
13
5267
17398
498
277
4455
898
10424
302
277
1435
302
5267
17398
297
386
1774
18
7517
1450
1774
21373
468
1210
307
15
21
5267
344
25175
2413
477
306
277
867
468
386
2413
680
1437
539
569
419
10424
344
15316
79
733
2983
17398
5267
1387
361
778
304
419
535
344
82
15
21
13
351
225
22
18
26
73
29
18
2952
16
1451
5267
642
361
7963
18
461
14774
41597
7963
1654
341
890
616
10424
569
16896
1889
15823
6329
468
277
1472
18
1437
724
436
616
16896
6329
277
4381
8588
16
1232
352
1450
477
16
277
867
559
341
7152
21289
498
277
4381
8588
306
277
35758
18
1437
277
4381
30456
436
616
9746
16
1232
468
1450
477
16
539
1387
569
778
304
419
1497
559
2911
18
2586
2983
17398
5267
1387
361
419
535
307
351
225
22
18
26
73
29
18
9405
2502
1451
382
2608
341
411
2731
304
569
419
351
225
15316
79
9746
4381
30456
386
2693
304
9746
559
468
1450
477
35
99008
592
277
35758
5720
1451
8210
306
277
30456
436
616
50104
386
436
373
26375
11250
3210
2952
16
277
1435
302
2731
9746
30456
341
225
22
66
1670
351
225
3284
49
16
697
341
6892
936
225
15316
79
16
713
297
14009
539
1387
569
225
15316
79
9746
4381
30456
18
1563
1450
1175
8588
16
277
867
559
468
265
2688
477
1387
361
1497
18
2586
12035
16
1850
2731
386
539
1169
778
402
1451
9746
5267
382
27872
16
277
42626
1701
4158
1387
361
2502
9702
297
14774
1690
382
23928
492
16
539
1008
265
2516
1557
382
25790
539
530
17208
277
6756
48112
498
11532
1450
2413
306
277
1603
302
9212
304
265
3083
386
8615
3735
16
1347
687
105464
373
8831
18168
6
306
373
8831
4124
6
26081
382
19477
5842
304
32012
265
10413
352
277
2983
20789
1325
265
2312
382
2110
530
1761
302
277
4607
1343
396
22054
265
6917
302
373
61025
4232
3210
461
1603
302
265
2312
530
361
19377
498
25865
1030
277
867
81086
382
13617
4610
30
7517
539
530
2312
468
1210
730
3083
16
539
1387
1994
277
1794
396
265
6917
306
911
38474
402
5267
15739
277
867
302
9746
8210
4156
713
3312
16
689
539
530
4753
277
1889
3203
498
34155
386
277
867
2287
341
468
1210
399
16
306
277
867
341
2837
265
22517
302
277
34481
18
1283
1387
589
265
38474
898
277
1794
386
73422
16
352
1450
2413
306
352
1450
2731
867
16
277
1435
302
20789
778
304
386
1646
18
5489
16
352
1450
2312
16
539
1387
6313
277
38474
20845
18
2209
386
1011
361
3600
304
277
42626
1701
382
23928
277
15924
16
9745
277
9444
4377
341
304
88934
99677
402
910
60860
16
306
277
16981
436
3757
7922
35
461
2746
6434
4060
225
21
6758
6441
2350
13
6758
225
622
66
24
16
689
8696
297
5358
277
6292
436
7922
35
2952
16
539
1998
10987
14774
41597
382
25790
903
341
265
3162
1193
30
461
6756
1435
302
48112
1325
730
2312
341
6792
304
277
4607
1435
4171
277
6756
898
10690
302
344
21
692
2761
680
22547
361
386
539
1094
1008
304
1994
9212
265
3083
304
265
699
7330
386
8615
3735
16
306
277
7157
530
361
19377
498
4077
468
277
2475
18168
302
386
7330
306
277
6489
304
277
2475
4124
16
4115
382
19477
5842
304
17208
277
7157
890
539
2312
265
3083
468
278
304
265
699
7330
274
386
341
516
297
2764
7826
1615
306
1175
386
6441
144494
7826
1615
13
1377
399
344
664
386
539
3866
265
4124
680
610
492
1690
16
699
88201
1615
351
225
21
344
29753
4550
19347
733
306
699
2420
351
391
71
7342
461
4607
4124
1615
540
225
20
344
29753
3083
540
3402
297
867
680
2586
13470
1615
351
692
21
382
8311
16
277
35758
3000
351
416
3280
15
21
16
391
71
4106
506
416
3280
15
21
16
2764
7826
35950
15
21
23923
2764
7826
35950
15
21
65
341
3673
391
1018
97
344
359
4607
4124
1615
540
225
20
35
41729
4607
4124
1615
540
225
20
16
713
4607
1645
516
4124
16
713
2764
7826
35950
15
21
65
351
2764
7826
1615
93970
391
1018
97
351
2764
7826
1615
344
29753
2462
3402
297
867
680
2586
2764
7826
35950
15
21
65
351
2764
7826
1615
18
2586
2764
7826
35950
15
21
65
341
277
1656
396
2764
7826
1615
16
697
674
2287
399
18
2586
4607
867
468
278
15
21
341
265
867
302
2287
399
344
29753
840
4124
680
699
2420
351
391
71
97
341
2287
225
21
382
4892
277
35758
3000
341
277
5052
297
20789
890
6857
402
265
83703
391
71
97
7248
6857
402
265
867
302
2287
399
344
1833
4607
867
680
36443
16
6857
402
265
83703
341
717
4164
304
3866
20789
3735
1480
277
867
341
2164
16
713
416
3280
15
21
16
391
71
4106
341
4164
6892
936
416
3280
15
21
16
2764
7826
35950
15
21
23923
2586
13470
29956
341
4898
382
54351
16
592
539
2312
265
3083
468
278
304
265
7330
3402
297
2764
7826
1615
344
664
840
4124
733
1232
699
88201
1615
351
225
20
344
42021
396
4607
592
4607
3402
1078
4124
35
41729
592
4607
1078
265
4124
468
278
16
1232
699
88201
1615
351
225
20
16
13470
1615
351
506
21
31
592
4607
1078
840
4124
16
13470
1615
351
225
20
680
1533
699
2420
351
2764
7826
1615
344
29753
274
3402
297
867
16
15395
4007
2312
680
2586
699
2420
351
2764
7826
35950
15
21
128410
41729
592
4607
1078
840
4124
16
2764
7826
35950
15
21
65
351
2764
7826
1615
93970
391
1018
97
351
2764
7826
1615
344
29753
2462
3402
297
867
680
2586
2764
7826
35950
15
21
65
351
2764
7826
1615
18
2586
699
2420
351
2764
7826
35950
15
21
1807
2586
3000
351
225
20
18
2586
2983
20789
38750
18
2586
9212
304
265
7330
3402
297
277
867
1414
516
3910
20789
344
359
840
4124
15422
13
420
17045
498
225
21
344
359
4124
15422
680
2586
1175
3393
436
516
15654
9082
724
7864
2761
1625
35
2209
699
2420
1656
396
4607
16
713
35758
3000
351
225
20
18
2586
840
2204
7157
18
7893
16
304
3764
48112
16
539
1196
1994
3393
386
3866
265
4124
1207
15422
903
540
5023
16
700
3077
1278
2312
265
3083
386
540
3402
297
277
1843
867
304
265
3083
516
297
277
867
890
867
2287
1377
399
18
3483
6632
14492
692
21
306
4164
9063
35758
20789
382
1974
819
9212
265
3083
468
278
304
265
3083
516
297
2764
7826
1615
890
2764
7826
1615
2287
460
399
35
5489
15422
16
903
1011
361
840
4124
344
29753
867
2287
460
399
420
3083
699
689
2287
185756
35
41729
4550
352
4124
341
344
329
516
297
867
306
2287
1377
399
680
1437
2287
460
399
16
840
4124
15470
18
2586
4607
4124
1615
351
225
20
18
1800
88201
1615
351
225
21
592
2287
1377
399
35
26128
16
592
2764
7826
1615
2287
460
399
16
1232
1571
592
699
1585
516
297
867
16
699
88201
1615
351
225
20
1480
4550
6382
2287
1377
399
18
2586
699
88201
1615
351
225
20
18
2586
13470
1615
351
225
20
18
699
2420
351
2764
7826
1615
93970
391
71
97
344
6118
9063
498
225
21
680
2586
699
2420
874
361
6892
936
2764
7826
35950
15
21
128410
2764
7826
35950
15
21
65
351
2764
7826
1615
93970
391
1018
7342
7517
2462
874
420
874
516
361
297
2764
7826
1615
18
1437
2462
516
297
2764
7826
1615
16
1232
2764
7826
35950
15
21
65
2287
1387
361
778
304
399
15
21
35
2209
592
2764
7826
1615
2287
460
399
306
2462
516
297
2764
7826
1615
16
1232
4607
4472
2462
2142
4124
16
713
2764
7826
35950
15
21
65
2287
351
2764
7826
1615
2287
692
21
16
697
1387
361
778
304
399
18
2586
699
2420
351
2764
7826
1615
93970
391
71
2547
697
1387
361
3600
18
461
3000
1387
361
4898
420
6484
35
99008
16
1480
699
2420
674
265
1497
3083
16
697
1387
3910
3687
20789
18
957
1690
2428
361
15654
592
277
699
3083
6425
3866
717
20789
3735
18
1563
2024
16
9212
265
3083
304
265
7330
386
8615
3735
890
277
867
341
2833
1387
3866
265
4124
3735
18
2586
539
1196
851
1994
492
382
27872
16
277
12381
2312
2428
16246
3673
6600
265
4124
468
278
344
1892
9212
304
265
699
7330
890
867
2287
1377
399
306
2462
3402
297
867
13
420
31198
277
867
304
265
717
30977
730
344
1892
9212
304
265
7330
386
341
516
297
867
890
867
2287
460
399
13
304
7864
717
20789
3735
382
23928
277
16066
16
2964
67942
386
277
42626
1701
402
57687
2428
361
277
36620
304
3138
306
1387
1717
592
277
1435
302
5267
341
64594
18
7517
492
341
265
17673
2746
297
387
10172
11190
6578
16
9745
277
4655
4377
341
14233
304
2050
616
3393
306
37687
1347
277
70876
1343
16
689
402
387
17422
30
1480
399
341
468
1210
225
1670
16
539
530
687
52448
352
1450
2413
277
2475
18168
302
1450
3083
16
306
1232
352
1450
2312
16
539
530
37687
277
1343
297
504
12402
13
621
2312
498
39525
304
2475
8210
516
297
867
16
396
4546
7977
18
2209
539
1008
304
4802
504
12402
13
621
2312
16
516
504
4020
680
16473
5842
304
1930
386
382
2110
1008
304
17208
416
5802
16
330
13
352
265
2688
6857
867
330
306
35758
6857
468
700
18
27969
3138
265
1154
386
16
2688
700
306
330
16
6714
277
1435
302
20789
18
27969
2050
304
17208
411
19792
498
142157
898
277
35758
1347
2475
18168
26081
382
2110
530
687
52448
2475
17364
2943
4274
71
65
352
700
499
307
1652
304
225
20
18
2475
17364
2943
4274
71
65
351
277
21820
477
6743
700
402
272
13478
65
1377
274
16
420
307
592
5023
382
8311
16
304
17208
416
5802
16
330
733
539
530
4680
1843
3591
3285
351
700
16
1843
867
3285
7826
351
330
16
20789
351
225
20
382
9111
3285
460
307
638
298
905
9837
277
2475
3083
516
297
3285
7826
203
298
2475
17144
351
307
203
298
2475
31641
351
4628
203
298
352
274
297
2783
12
1670
2407
348
592
516
344
11978
7826
6656
274
13
764
225
21
638
454
205454
351
2475
17364
104865
4274
71
1391
454
592
205454
460
2475
17144
638
615
2475
17144
351
205454
203
615
2475
31641
351
274
203
298
592
2475
17144
1377
307
30
905
840
3083
516
297
3285
7826
203
348
2984
203
298
905
6013
16
468
3285
16
539
569
516
4427
15267
3083
2475
17144
18
2209
539
1008
304
1343
8210
499
3285
304
2475
17144
17
21
388
298
905
41729
16
954
9284
1196
1343
8210
60166
18
461
2475
17144
341
277
1058
3591
1207
265
3083
516
297
3285
7826
8615
388
298
905
461
8210
499
3285
304
2475
17144
17
21
436
616
297
3285
7826
344
29753
7494
539
1011
569
1724
1019
680
2586
724
530
361
33990
2142
12267
20789
388
298
905
2952
16
539
1008
304
4430
3285
7826
396
539
24445
1019
30
1450
1175
3083
874
919
699
8210
304
3285
7826
592
516
3402
1831
388
298
905
2209
2650
724
436
616
297
3285
7826
16
3285
7826
1414
516
2312
18
2586
539
530
1060
9710
3285
304
2475
17144
388
298
905
2209
17034
30
1737
539
24445
265
3083
16
592
1850
516
297
3285
7826
16
539
1011
569
1724
411
396
2475
17144
18
2586
14233
16
616
8210
499
3285
304
2475
17144
17
21
436
297
3285
7826
388
298
905
2586
539
530
1060
867
3285
351
2475
17144
388
298
3285
351
2475
17144
203
298
905
6013
16
539
436
468
265
3083
2475
31641
386
341
516
297
3285
7826
388
298
592
3285
7826
68071
8962
581
1377
399
638
348
905
4124
468
492
2413
344
10384
5993
492
3083
465
348
20789
4284
225
21
203
348
3285
7826
351
225
21
3492
2475
31641
203
348
905
4790
4124
16
539
1472
265
699
10368
402
492
3083
16
713
539
1196
1343
411
35
41729
1325
4124
16
539
2549
492
3083
297
277
699
10368
16
713
539
1196
9710
3285
304
2475
17144
15
21
1480
539
569
26219
492
3083
396
766
302
277
699
10368
388
348
3285
4284
225
21
203
298
1625
638
348
905
840
4124
16
539
919
277
3083
304
3285
7826
203
348
3285
7826
24658
344
21
3492
2475
31641
465
348
3285
4284
225
21
300
7525
277
9284
16
758
20789
382
2608
539
1998
851
1994
386
1325
57239
8210
16
3285
7826
874
3764
297
2287
1571
592
1731
8210
436
297
3285
7826
35
2523
16
724
436
297
3285
7826
16
713
840
3764
18
2586
277
2946
9284
341
4309
30
539
12159
304
277
2475
3083
516
297
3285
7826
16
1232
11135
4124
420
24445
2387
366
1843
867
2287
18
2952
16
539
851
1008
304
2698
352
277
12634
386
277
2475
3083
516
297
3285
7826
2428
5230
1325
910
8210
386
436
297
3285
7826
16
689
1731
8210
2428
569
961
4472
7977
35
26128
16
3285
7826
874
2312
396
539
24445
8210
386
436
516
297
3285
7826
18
2209
297
954
9284
16
539
436
39525
5502
304
277
2475
3083
516
297
3285
7826
16
65918
898
8210
386
436
297
3285
7826
18
2209
1731
8210
1387
361
699
5657
304
277
1843
3285
7826
35
41729
592
265
3083
341
516
297
3285
7826
16
539
1011
569
1724
411
396
2475
17144
18
2586
498
8559
16
277
2475
3083
516
297
3285
7826
341
277
1058
3591
1207
265
3083
516
297
3285
7826
8615
18
2536
8210
1714
386
3591
436
297
3285
7826
18
2586
57239
1019
1414
516
2312
3285
7826
18
2586
539
530
21606
12159
382
2608
1325
539
24445
344
77
3077
1278
890
3285
7826
2287
460
399
306
539
13530
265
3083
516
297
3285
7826
733
539
919
411
304
3285
7826
16
5796
969
2287
18
5489
539
3746
3285
3430
386
3083
344
11978
4284
225
21
680
5489
539
1008
304
1511
277
2475
3083
516
297
277
699
3285
7826
16
697
874
361
3310
10683
18
2586
539
1008
304
14361
382
27872
16
277
8860
304
17208
416
5802
16
330
13
530
361
11029
396
1375
1847
20789
13854
5802
16
330
2407
298
3285
351
700
203
298
3285
7826
351
330
203
298
20789
351
225
20
203
298
1706
3285
460
307
638
348
905
1511
2475
3591
477
6743
3285
1207
272
13478
65
516
297
3285
7826
203
348
2475
17144
351
307
203
348
2475
31641
351
506
21
203
348
352
274
297
2783
12
1670
2407
454
592
516
344
11978
7826
6656
274
13
764
225
21
638
615
205454
351
2475
17364
104865
4274
71
1391
615
592
205454
460
2475
17144
638
828
2475
17144
351
205454
203
828
2475
31641
351
274
203
348
592
2475
17144
1377
307
638
454
2984
203
348
592
3285
7826
68071
8962
581
1377
399
638
454
905
4124
203
454
20789
4284
225
21
203
454
3285
7826
351
225
21
3492
2475
31641
203
454
3285
351
2475
17144
692
225
21
203
348
1625
638
454
905
24445
203
454
3285
7826
24658
225
21
3492
2475
31641
203
454
3285
351
2475
17144
692
225
21
203
298
758
20789
300
2608
341
492
4309
35
16473
1310
402
265
4081
2024
382
28354
1794
489
390
27193
747
399
33
22
18
42379
20789
13854
12
20
16
391
69
4106
35
41729
4607
1343
499
1472
30
867
1801
7342
5641
1154
1196
17208
20789
890
6857
402
867
330
18
1563
4607
16
539
1472
402
330
33
20
18
16473
37687
1375
11978
33
20
16
3285
7826
33
20
344
6118
20
185756
680
9837
2475
1585
516
297
867
30
1058
3083
489
69
11
516
297
867
16
2475
17144
33
20
16
2475
31641
2371
69
6627
2287
185756
1117
24445
16
3285
7826
7883
391
69
2547
3285
33
21
388
11978
33
21
16
3285
7826
1801
69
2547
2287
21
185756
18
9837
2475
1585
516
297
867
30
468
3591
21
489
71
11
516
297
867
16
2475
17144
33
21
16
2475
31641
2371
71
6627
2287
185756
1117
24445
16
3285
7826
1801
69
25201
2547
3285
33
22
388
11978
33
22
16
3285
7826
1801
69
25201
2547
2287
33
22
1377
399
18
9837
2475
1585
516
297
867
30
3591
22
489
71
11
341
297
867
16
3591
23
489
71
11
297
867
16
3591
24
489
69
11
297
867
18
2586
840
1585
516
297
867
16
2984
18
20789
33
20
18
2586
20789
13854
12
20
16
20
5791
20
18
2209
4607
2983
20789
351
225
20
35
41729
4607
48112
351
225
21
16
713
20789
33
20
18
9177
382
8311
16
352
2312
468
278
33
22
304
489
70
747
699
2420
351
391
70
97
344
29753
4124
468
278
680
16473
17208
20789
13854
12
23
16
391
70
4106
35
8801
1325
2312
16
539
1472
35758
499
3591
23
35
26128
16
1325
2312
16
539
569
699
1794
489
140825
1001
747
306
539
436
468
2413
278
15
21
33
23
18
1283
1008
304
17208
20789
499
3591
23
402
4381
867
391
70
7342
16473
37687
4607
1343
352
489
140825
1001
11
304
13561
20789
33
22
18
5641
1154
20789
13854
12
23
16
391
70
4106
1196
758
225
22
382
87
2371
140825
1001
747
23864
225
20
17
24
18
27969
17208
20789
13854
12
23
16
391
70
4106
1375
11978
33
23
16
3285
7826
1801
70
2547
2287
21
185756
33
22
18
9837
2475
1585
516
297
867
30
3591
23
489
71
58283
41729
272
63
23
65
341
489
71
58283
26128
489
140825
1001
3026
23864
30
20
59956
16
21
53063
16
22
65564
16
23
53063
16
24
59956
18
2586
3285
33
23
16
272
63
23
116751
71
6627
489
71
11
516
297
391
70
2547
713
2475
17144
33
23
16
2475
31641
2371
71
6627
2287
185756
1117
24445
16
3285
7826
1801
70
25201
2547
3285
33
24
388
11978
33
24
16
3285
7826
1801
70
25201
2547
2287
33
22
1377
399
18
9837
2475
1585
516
297
867
30
3591
24
489
69
11
516
297
867
16
2475
17144
33
24
16
2475
31641
2371
69
6627
2287
582
79
1117
4124
16
20789
28480
21
344
3701
225
21
733
3285
7826
1801
69
2547
3285
33
25
344
29753
2475
17144
15
21
680
39955
11751
18
2586
20789
13854
12
23
16
391
70
4106
351
225
21
35
2209
539
4655
2983
20789
499
3591
23
304
1169
297
277
699
1794
304
361
35
610
277
699
1794
489
140825
1001
747
1325
2312
16
277
2983
20789
436
468
10690
225
22
344
70
13
306
225
24
344
69
680
461
20789
499
3591
23
101037
1196
361
1094
277
4124
468
3591
24
16
713
225
21
18
2586
416
12
23
82430
70
4106
351
225
21
18
3483
14441
382
8311
16
352
4607
16
20789
13854
12
23
16
2764
7826
63
23
6577
35
4607
272
2371
390
27193
747
2764
7826
63
23
128410
16473
17208
4607
3285
7826
2911
30
2764
7826
63
20
16051
20
16
1325
5993
225
20
344
69
2738
592
4124
35
840
16
713
2764
7826
63
21
93755
69
7342
1325
225
21
344
71
2738
840
4124
16
2764
7826
63
22
93755
69
25201
7342
1325
225
22
344
71
2738
840
4124
16
2764
7826
63
23
93755
69
25201
7342
1325
225
23
344
71
2738
840
4124
16
2764
7826
63
24
93755
69
25201
7342
1325
225
24
344
69
2738
840
4124
16
2764
7826
63
25
93755
69
25201
7342
2586
2764
7826
63
23
65
351
391
69
25201
7342
5489
20789
13854
12
23
16
391
69
25201
4106
1196
361
225
20
1480
499
3591
23
101037
16
277
4607
674
840
4124
344
29753
489
27193
11
616
297
867
680
20987
16
20789
13854
12
23
16
391
69
25201
4106
1011
1511
2475
1585
516
297
867
35
3092
3285
33
23
16
867
1801
69
25201
2547
2475
1585
516
297
867
341
489
69
11
468
3591
24
35
41729
272
63
24
116751
69
11
341
297
867
16
713
5023
16
6714
225
20
18
2586
3000
351
225
21
506
225
20
351
225
21
18
5489
16514
88201
778
304
278
33
22
30
20789
468
10690
460
22
35
4607
20789
30
4124
63
20
16051
20
16
4124
63
21
16051
20
16
4124
63
22
16051
20
1117
16514
88201
33
20
18
699
88201
1615
33
21
18
2586
2983
20789
351
225
20
15
21
15
21
33
22
16
17158
351
2983
20789
692
21
351
23
18
3483
14441
4655
382
4892
277
20789
13854
1154
5563
4309
382
8311
16
539
1008
304
17208
20789
13854
5802
16
330
13
352
1451
344
77
38434
680
461
8860
2946
34198
1706
3285
460
307
16
306
1450
29607
16320
2475
17144
498
25354
225
1670
8210
306
1347
2475
17364
104865
4274
71
1807
461
1435
302
40753
297
277
1706
9284
341
277
1435
302
3041
539
13530
265
3083
516
297
277
1843
867
18
8049
1175
2621
3673
7815
387
20524
344
359
867
2287
460
399
13
420
265
4124
344
359
867
2287
1377
399
680
461
1435
302
9259
4483
341
468
1210
399
1360
20789
16
306
20789
530
361
1451
18
610
14774
1690
16
592
399
33
21
16
1232
1450
3083
341
516
297
867
344
29753
867
2287
225
21
16
306
3083
874
420
874
516
361
297
867
680
41729
402
399
33
21
16
277
1343
30
1472
402
867
330
344
6118
8696
225
21
420
225
20
680
3092
1450
2672
16
592
277
3083
341
516
297
867
16
1232
2650
867
2287
1377
399
344
21
733
539
4124
306
12760
304
391
329
7342
1437
3083
341
297
867
16
539
589
5601
344
5172
15227
680
2586
277
1435
302
40753
25782
277
1435
302
3041
539
13530
265
3083
516
297
867
18
610
14774
1690
16
592
616
8210
436
9746
306
867
10626
396
8295
16
1232
539
642
569
387
2621
352
1450
3083
35
16473
37687
30
330
8295
16
2287
20
185756
16
1058
1585
516
297
867
2649
24445
344
6118
7883
21
680
3285
14655
3430
1585
18
11615
1585
516
297
867
344
29753
867
674
1058
1585
13
2649
1616
867
2287
1377
399
344
21
733
713
4124
16
1232
12760
304
391
9455
1585
7342
5489
2475
1585
516
297
867
2649
4124
16
4115
18
2586
1450
3083
31466
387
2621
344
57009
24445
420
4124
680
2586
1435
302
40753
351
307
18
1563
1450
29607
16
539
13325
225
1670
8210
304
1511
2475
17144
18
2586
2983
831
621
1465
351
504
12
1670
535
307
13
351
504
4020
680
1563
225
15316
79
8877
16
4924
2502
1687
382
2608
539
530
24819
30
1563
265
2688
3285
306
3285
7826
16
8910
2475
17144
530
361
3410
498
14140
265
10368
6657
420
265
13145
14842
302
2475
53840
352
1450
3083
516
297
3285
7826
18
2952
16
2650
34481
341
225
1670
16
25354
225
1670
1450
845
341
5882
18
461
4264
341
277
1435
302
40753
621
1465
382
2608
8696
539
530
5510
277
1435
302
8877
498
71177
386
352
1451
344
77
38434
733
277
1193
2428
361
277
1656
18
1283
1387
11057
2527
302
20789
13854
5802
38434
13
297
265
20078
16
3600
304
42626
1701
18
5489
16
352
1450
6132
344
77
38434
733
539
17208
20789
13854
5802
38434
13
1347
277
59038
1557
16
689
539
4793
2527
352
344
77
38434
680
461
1435
302
9746
344
77
38434
13
539
1008
341
468
1210
225
15316
79
18
1563
1450
1175
344
77
38434
733
277
59038
1557
2428
1863
504
4020
13
845
297
14774
1690
16
6152
304
225
22
18
26
73
29
1754
18
2952
16
592
539
11057
16
277
1058
24322
302
265
344
77
38434
13
642
361
11552
16
689
13845
20634
386
3034
352
277
1656
344
77
38434
13
642
771
33913
1193
18
461
1435
302
9746
344
77
38434
13
341
225
15316
79
16
713
2983
845
1011
361
468
1210
4455
898
9746
344
77
38434
13
302
2331
304
17208
18
1437
1450
24322
341
504
4020
733
2983
225
15316
79
535
225
622
79
351
225
22
18
26
73
29
18
2586
2188
2502
1398
382
2608
8696
277
4488
2331
341
1687
3598
1480
277
1706
9284
4007
2837
59689
307
3041
31
411
2781
88648
3836
18
2952
16
297
14774
1690
16
352
265
35758
386
10626
4549
277
7673
306
402
265
867
386
4007
8293
16
411
1387
59689
1451
3041
18
1563
2024
16
592
330
341
8295
306
399
341
2927
16
1232
539
642
24445
616
8210
3369
539
1774
686
302
8210
16
402
504
4020
13
40753
18
2586
14774
41597
2331
621
344
77
38434
13
341
504
4020
680
2586
2983
1387
361
225
22
18
26
73
29
382
27872
16
539
1008
265
717
7434
1528
304
17208
416
5802
38434
13
352
1451
344
77
38434
680
22977
539
530
687
52448
352
1450
700
306
352
1450
2731
867
2287
35
3557
3811
382
23928
277
15924
16
2964
6857
304
1761
386
8696
277
9444
4377
341
14233
304
88934
99677
402
504
4020
14
1670
13
498
1347
265
38078
16491
386
277
6756
48112
341
3673
4607
420
4607
34845
24321
16
306
539
530
17208
277
1861
498
11532
1450
2413
306
1347
687
105464
373
8831
4124
6
26081
18
2209
2964
516
10811
411
382
19477
3612
352
3162
6763
30
342
19877
265
2130
305
3854
2746
373
44912
7551
302
4012
1992
4790
4032
12343
6
2428
361
499
265
22662
18
342
530
2050
304
19877
277
4377
4158
18
22977
411
5119
38474
402
250584
689
1094
352
399
6758
225
622
16
306
352
6892
399
724
911
265
1497
1557
1480
277
3032
341
5207
307
344
4956
48112
13
420
2761
382
31736
468
277
1310
4027
16
352
399
33
21
16
724
569
19237
6792
304
4354
344
24
926
24
35
689
724
569
225
26
16
689
8696
1850
225
26
352
265
5198
1794
680
1563
399
33
22
16
724
569
19237
1013
225
23
16
22
16
24
4115
18
3557
17103
307
382
25790
539
530
17208
277
6756
48112
498
11532
277
1603
302
9212
265
3083
304
265
699
7330
386
8615
3735
16
306
277
7157
530
361
19377
498
4077
468
277
6489
1360
10690
306
277
867
13241
382
19477
5842
304
17208
277
2983
20789
1325
265
2312
297
4249
302
4607
20789
306
910
29440
2387
366
277
373
8831
18168
6
302
8210
5657
304
277
10368
18758
382
54641
4607
17158
30
4214
277
17158
361
5047
498
4124
10690
18
1563
1450
10368
16
539
569
969
867
306
969
4354
382
70266
265
3083
468
2413
278
297
10368
477
1387
1375
17
1437
539
3866
265
4124
468
278
16
539
11297
10368
477
983
1217
5412
344
2506
766
306
277
3083
468
278
7883
1058
302
699
10368
477
15
21
680
461
699
10368
477
15
21
642
569
867
391
1815
7342
461
2518
302
10368
477
15
21
344
20128
10368
477
15
21
13
306
3310
17158
874
361
9175
382
17
1437
539
4613
265
4124
468
278
344
77
3077
1278
4607
1078
265
4124
689
539
2312
304
4928
411
733
539
21490
10368
477
306
10368
477
15
21
35
41729
592
4607
1078
265
4124
468
278
16
386
2767
278
341
277
1058
3083
302
10368
477
15
21
18
52516
386
3083
304
361
297
867
302
10368
477
1011
19523
277
4124
16
55295
10368
477
306
10368
477
15
21
983
265
5198
10368
18
3483
1011
5510
1435
302
17158
498
225
21
382
4892
6600
265
4124
6254
9063
17158
498
468
2750
225
21
16
306
530
3764
3310
592
277
699
10368
10025
304
4728
20789
3735
382
27872
16
277
12381
2312
4164
12651
265
4124
1207
15422
903
540
5023
16
396
4156
297
277
2024
382
29838
16
539
1387
3190
366
10690
278
1207
4607
1078
840
4124
16
306
1994
9212
272
35950
65
304
265
3083
516
297
2764
7826
35950
65
306
402
6441
144494
7826
35950
6577
1377
399
18
3483
642
2299
265
4124
468
278
18
1563
1175
265
2312
16
699
88201
1615
351
225
21
16
13470
1615
351
692
21
18
461
699
2420
351
391
71
7342
1283
1008
304
17208
277
5052
297
35758
20789
382
8311
16
277
35758
499
278
15
21
402
4381
867
391
71
97
530
361
5071
304
4607
35758
499
278
15
21
402
4381
867
2764
7826
35950
15
21
65
344
8781
341
2764
7826
35950
65
2650
840
4124
680
2586
539
1008
13470
86521
351
416
3280
15
21
16
391
71
4106
506
416
3280
15
21
16
2764
7826
35950
112677
2558
539
530
17208
416
5802
16
391
71
4106
352
616
700
306
274
19792
16
8696
539
530
687
52448
2761
1013
373
8831
4124
6489
6
4115
382
81740
30
416
5802
16
391
71
4106
341
277
1435
302
20789
890
6857
402
265
83703
867
391
71
7342
957
341
265
3364
1690
18
22041
16
416
5802
16
330
13
352
330
302
2287
399
2428
361
4131
382
44125
539
530
687
52448
352
1450
2413
700
306
1450
3083
274
16
277
1435
302
20789
592
539
1472
402
391
71
97
468
700
18
3483
1011
361
307
535
225
1670
2911
18
9405
225
15316
79
2911
18
1437
539
530
17208
1450
297
504
12
21
13
420
504
12402
13
1347
687
105464
925
16
1232
539
530
771
416
5802
16
391
71
4106
6697
382
3185
304
17208
416
5802
16
391
71
4106
19792
35
1283
530
37687
277
1343
689
539
2428
687
52448
265
2924
2475
88201
2943
4274
71
65
386
6632
277
2475
3591
1207
265
4124
1011
5181
890
6857
402
391
71
97
468
700
18
2209
277
1343
10549
366
277
867
16
697
3393
382
10917
16
6035
386
6857
402
391
71
2547
277
1343
341
57272
18
1283
1387
687
52448
352
1450
700
306
274
277
1435
302
20789
352
277
35758
1347
38474
499
277
1503
16
1480
277
1343
1094
10549
366
277
1843
867
306
277
8210
18
7517
277
867
2287
530
361
778
304
399
16
689
6857
499
265
83703
16
277
867
642
7653
3369
411
23459
2287
399
16
1232
20789
5181
18
957
341
3600
304
277
4607
1343
689
402
265
1497
4381
867
382
2110
1387
687
52448
352
1450
700
306
1450
2731
867
35
3557
31975
382
2608
8696
539
530
18060
386
416
5802
16
391
71
4106
530
361
10224
297
4249
302
277
4607
39952
306
910
5319
18
1563
2024
16
592
539
1472
402
391
71
2547
277
1058
3083
539
13530
16
592
411
341
516
274
16
1232
2650
867
2287
341
225
21
460
399
344
53374
399
33
21
733
539
24445
411
16
8811
304
867
18
2586
277
867
25409
18
461
1343
341
15837
277
1656
396
277
4607
1343
689
402
387
4381
867
302
2287
225
21
7824
274
4993
302
277
4607
867
468
700
18
2586
539
1387
17208
416
5802
16
391
71
4106
498
4738
277
4607
35758
499
700
689
402
265
1497
4381
867
382
2558
539
1387
687
52448
16
352
1450
700
306
1450
2731
373
5124
6
5047
498
277
867
302
8210
3402
4156
16
277
1435
302
20789
16
4924
1754
277
38474
382
23928
277
845
16981
302
492
2869
16
342
1761
342
1008
304
2483
265
4377
386
468
2750
19553
277
2688
7120
297
277
194863
16
1571
592
516
616
4728
6292
18
2209
277
12759
4060
304
1717
616
6292
18
2952
16
297
277
3522
302
492
7001
16
277
10393
2428
361
2387
366
277
2363
494
67848
3308
304
277
2746
5224
16
516
366
5206
6292
18
461
1181
2428
516
3757
13806
277
2363
31
1850
1060
352
471
304
6496
265
4377
18
32468
297
1131
373
126971
277
2746
6
8774
16
277
4377
341
15223
498
5206
2737
8887
6292
18
461
3419
2292
1154
2428
361
766
302
277
2746
6434
304
24467
277
4655
19237
16
689
277
5772
58265
2428
911
1731
6292
18
2586
539
1008
304
22465
277
2292
1154
382
23928
277
12475
16
9916
10987
277
4728
1310
341
4309
306
539
1008
304
3271
225
26
352
489
92
36714
747
21
18
2159
8047
386
16
8696
277
1154
1196
758
277
6756
1435
302
48112
1325
37080
9212
468
1210
730
3083
16
689
277
48112
436
5047
21214
30
8696
1850
277
1435
302
9746
8210
297
1450
17322
35
2523
382
19477
2050
304
1565
592
225
26
1387
361
6202
498
910
16340
30
1437
539
2312
730
3083
16
539
2428
361
2948
304
17322
983
717
936
4354
222720
592
539
2617
8295
222720
35
2523
382
25790
277
68723
1343
341
30
385
5857
277
30041
16514
402
468
1210
399
9746
8210
16
5909
411
344
118107
396
730
17322
733
306
1232
385
14361
366
277
1656
1794
35
3483
4007
1265
5258
382
13617
12634
30
461
1154
6714
277
6756
1435
302
48112
2731
1325
37080
9212
468
1210
730
3083
16
689
277
48112
436
33649
396
277
1435
302
9746
8210
297
1450
17322
35
3483
1011
361
20208
382
23928
277
133336
16
342
1761
277
1210
52298
341
386
277
4728
1310
341
265
20511
18
610
1451
17673
2746
12152
366
13494
1013
38675
426
1704
420
2130
305
3854
16
277
194863
7120
436
277
6299
10753
16
306
4728
6292
436
516
3577
18
5378
16
277
2292
1154
4059
1804
16
689
8696
1850
265
5209
183764
2615
499
265
3149
1207
277
4814
1310
540
352
265
1497
2746
382
45
642
11536
304
3138
265
4377
386
19553
277
194863
7120
16
306
5752
386
277
4728
6292
436
516
3757
1161
420
386
277
1181
674
33664
1019
18
7517
342
4273
13561
16
9916
2483
265
4377
386
342
4915
341
4309
2387
366
277
2746
5224
382
23928
277
845
16
9916
3138
277
42626
1701
4158
402
57687
302
416
5802
16
8588
13
1347
312
625
28090
16
306
17208
1861
396
4546
18
9916
851
2549
387
17422
30
352
1450
278
16
539
1094
1008
304
1994
9212
304
8210
386
436
516
297
2764
7826
35950
65
890
2287
1377
399
16
1480
852
3393
4164
516
15654
18
2209
304
361
6085
16
539
530
2188
59689
898
616
225
948
852
57697
18
461
1435
302
3393
341
225
6701
79
16
306
1450
416
24322
2428
361
11552
16
689
402
57687
411
2428
1717
592
277
1435
302
9746
344
77
16
8588
13
341
516
2502
2927
382
36795
3138
306
5752
352
277
1861
382
19477
4602
277
2363
382
61792
1008
304
17208
2764
7826
4173
306
4124
108184
4173
382
44023
5826
1375
21
18
307
351
6441
2350
465
22
18
42379
2764
7826
63
20
65
351
225
20
344
24986
402
3422
225
20
352
489
69
58283
27969
4400
1585
304
3422
30
6068
30400
6030
1819
465
261
42379
4124
108184
351
648
20
21018
82
203
261
1563
700
297
2783
4020
2407
1426
466
39412
351
225
21
3492
344
567
2350
2943
239155
1819
465
1426
592
2764
7826
2943
65
764
466
39412
1377
225
20
306
2764
7826
2943
1807
5149
8962
581
1377
399
638
2613
4124
108184
2943
65
351
225
21
203
2613
2764
7826
2943
15
21
65
351
466
39412
203
1426
1625
638
2613
2764
7826
2943
15
21
65
351
2764
7826
2943
65
367
466
39412
203
261
8598
30
2764
7826
674
4354
307
15
21
382
23
18
42379
16514
88201
4173
30
16514
88201
2943
65
351
4455
3323
321
108184
63
20
55327
6577
352
700
499
225
20
304
307
344
22542
88201
63
20
16051
20
680
1283
530
17208
35829
382
24
18
29261
265
1154
20789
13854
5802
16
8588
13
386
6714
1435
302
20789
499
700
304
1169
402
4381
8588
382
261
27969
911
312
625
28090
366
344
77
16
8588
680
7517
8588
341
387
853
778
304
225
22
66
1670
16
539
530
911
411
396
1993
382
261
39332
302
20789
13854
638
261
592
700
1377
307
30
758
225
20
203
261
905
34087
2475
3083
516
297
8588
203
261
2475
17144
351
307
203
261
2475
31641
351
4628
203
261
352
274
297
2783
12
1670
2407
1426
592
516
344
24986
6656
274
13
764
225
21
638
2613
905
1511
2475
18168
302
3083
274
499
700
203
2613
205454
351
2475
17364
2943
4274
71
65
261
905
539
1008
2475
17364
4173
203
2613
592
205454
460
2475
17144
638
3877
2475
17144
351
205454
203
3877
2475
31641
351
274
203
261
592
2475
17144
1377
307
638
1426
758
225
20
203
261
592
8588
68071
8962
581
1377
399
638
1426
905
4124
203
1426
758
225
21
692
20789
13854
46326
17144
15
21
16
225
21
3492
2475
31641
465
261
1625
638
1426
905
24445
203
1426
758
20789
13854
46326
17144
15
21
16
8588
367
344
21
3492
2475
31641
12319
261
1283
1008
2475
17364
4173
30
2475
17364
2943
4274
71
65
351
2475
3591
6743
700
1207
272
18071
65
1377
274
16
420
307
592
5023
18
1283
530
17208
498
142157
499
307
1652
304
225
20
382
25
18
42379
4607
29956
1623
7566
351
4455
3323
321
108184
994
26
18
1563
1450
278
297
2783
4020
2407
261
2764
7826
1615
351
2764
7826
35950
1391
261
352
274
297
2783
12
1670
2407
1426
592
274
1377
6068
2350
35950
239155
1819
30
4622
203
1426
905
34087
699
88201
1615
306
699
2420
203
1426
905
699
88201
1615
351
225
21
592
344
71
516
297
2764
7826
1615
306
2764
7826
1615
68071
8962
581
1377
399
13
1625
225
20
203
1426
592
344
31061
7826
1615
6656
274
13
764
225
21
1377
225
20
306
2764
7826
1615
68071
8962
581
1377
399
638
2613
699
88201
1615
351
225
21
203
2613
699
2420
351
225
21
3492
274
203
1426
1625
638
2613
699
88201
1615
351
225
20
203
2613
699
2420
351
2764
7826
1615
367
344
21
3492
274
465
1426
905
42379
3000
351
20789
13854
3280
15
21
16
699
2420
13
506
20789
13854
3280
15
21
16
2764
7826
35950
15
21
7204
1426
3000
351
20789
13854
3280
15
21
16
699
2420
13
506
20789
13854
3280
15
21
16
2764
7826
35950
15
21
7204
1426
2983
1623
7566
351
16514
88201
35950
65
692
699
88201
1615
692
3000
203
1426
1861
351
2687
168948
16
2983
1623
7566
994
261
8598
30
16514
88201
35950
65
341
4455
302
20789
108184
63
20
45421
65
344
77
3077
1278
20789
468
23864
460
278
680
7517
4124
108184
63
20
65
341
2837
225
20
16
539
530
911
382
27
18
7448
1861
692
225
21
35
26128
16
954
2983
1623
7566
341
277
1435
302
20789
16
306
1435
302
48112
351
2983
1623
7566
692
225
21
18
2209
539
569
961
13131
20789
13854
396
1435
302
20789
18
2586
1861
1196
361
277
6756
1435
302
48112
16
697
341
2983
1623
7566
692
225
21
18
2952
16
297
277
7120
16
724
758
48112
1682
18
5641
17556
302
2983
1623
7566
1196
361
277
1435
302
20789
18
2586
539
1008
304
758
1861
1623
7566
692
225
21
382
2608
17034
30
610
277
2292
16
724
10049
12578
101285
1377
1659
18
2586
12578
6714
48112
1682
18
2586
539
1998
758
48112
16
516
20789
18
2586
539
1196
17208
1861
222888
351
2687
94530
222888
16
4074
680
4607
222888
351
4455
3323
321
108184
13
692
225
21
382
27872
16
539
530
17208
1861
1623
7566
351
2687
94530
1623
7566
16
77162
306
758
1861
1623
7566
692
225
21
382
71093
16
539
530
5502
17208
48112
498
8811
225
21
468
277
1169
382
44023
4815
1375
17
27969
687
52448
2475
17364
396
265
1568
302
14215
302
4354
307
15
21
16
1450
9118
1568
4354
225
1670
18
7517
307
33
622
66
24
16
225
1670
14
622
66
24
351
225
15316
79
16174
16
6772
382
17
27969
911
499
136060
1250
312
625
28090
382
17
461
20789
13854
1154
5119
77647
31
77647
8597
1387
361
778
304
307
344
622
66
24
733
697
2428
14949
11636
77647
4753
344
6347
225
21
937
680
2586
539
1008
304
3764
77647
4753
420
3138
133125
18
1283
530
867
14658
2425
4128
49877
25665
12
696
937
680
9405
20672
382
2608
277
20789
13854
1154
341
46800
306
642
1465
5513
1451
3041
18
3398
57687
16
77647
8597
2428
361
778
304
307
16
697
341
20672
592
539
3764
4753
382
10917
16
277
20789
13854
1154
396
5047
5119
2475
17364
16
697
539
1008
304
2318
18
27969
8483
411
5451
277
12688
1154
304
13100
2475
17364
16
307
16
399
382
77397
3892
3933
30
20789
13854
642
361
2988
1451
3041
402
1497
344
77
16
8588
680
461
57687
642
4793
2527
18
8049
1465
874
59689
898
225
1670
8210
304
1511
2475
17144
18
610
277
14774
1690
16
592
539
1465
20789
13854
352
1451
344
77
16
8588
733
277
2983
831
1387
361
1398
16
689
402
57687
16
1450
344
77
16
8588
13
341
19377
3984
18
461
1435
302
9746
344
77
16
8588
13
1387
361
2927
18
2209
8696
1850
18597
382
23928
277
16066
16
9916
3138
492
306
5752
352
277
1861
382
36795
851
919
387
17422
30
1563
20789
13854
16
539
530
687
52448
352
1450
700
277
2475
18168
4173
16
306
5451
20789
13854
539
530
1511
2475
17144
498
25354
225
1670
306
1347
2475
17364
2943
4274
71
1807
9405
504
12
1670
13
621
46800
1465
18
461
1435
302
46800
8877
621
20789
13854
341
277
1435
302
4796
344
5172
273
4483
15
36009
680
610
14774
1690
16
4924
504
4020
680
2586
621
344
77
16
8588
733
2331
504
12
1670
25208
680
3398
778
304
225
15316
79
344
77
16
24986
13
9746
16
4924
8730
18
2209
8696
1451
344
77
16
24986
13
642
569
3211
16166
1480
700
341
4515
304
307
18
1563
700
4549
307
16
277
9284
642
42125
6697
18
461
14774
41597
2331
341
352
700
33
20
306
8588
2164
18
2278
436
1094
265
2487
1175
344
77
16
24986
13
386
642
3866
1423
10424
35
41729
16
352
265
2688
700
16
277
2331
302
20789
13854
5802
16
8588
13
10549
366
8588
18
1563
30456
386
436
2164
344
6118
460
399
733
277
1343
642
24445
1451
8210
16
6152
304
1451
4796
18
1563
30456
386
436
2927
420
2833
16
411
874
4124
6697
18
2209
2188
16
277
2983
1435
302
4796
3796
616
344
77
16
24986
13
1387
361
1398
382
23928
277
20586
16
342
1761
492
4377
874
516
1717
277
845
13008
18
2952
16
2650
492
341
265
1541
2869
306
516
3757
15474
16
9916
2483
411
396
277
3032
382
36795
851
919
265
3364
1690
352
399
6743
307
35
3557
4494
382
23928
277
12759
304
18523
277
2363
297
265
3225
2363
2732
16
9916
6496
277
2522
2363
382
2608
1714
184752
16
13640
1310
38278
402
277
2688
7120
1347
492
4158
344
78325
539
4309
277
1310
12475
680
1563
489
390
27193
747
22
16
539
3402
99461
411
1196
758
225
23
18
1563
489
69
11020
377
747
23
16
13640
17208
304
1565
592
411
6714
225
21
382
87
2371
69
11020
377
747
399
33
23
18
42379
4607
30
1737
539
1645
16
840
20789
16
713
48112
33
21
18
1283
1008
304
1565
592
839
2312
530
3764
18
5641
8860
642
17208
1861
18
120926
1861
8320
225
21
382
2500
489
92
36714
747
21
16
4607
48112
33
23
18
5641
8860
1011
17208
1861
18
1437
539
2312
730
3083
304
1265
616
9746
16
539
771
48112
33
24
18
2586
1861
1011
361
225
24
18
2209
277
4728
1310
36033
225
26
16
713
954
8860
1011
4759
386
1310
18
2952
16
592
277
4728
1310
341
265
103364
16
1850
20672
382
27872
16
9916
6496
2363
25764
382
36795
2549
14658
2425
4128
49877
25665
382
8311
16
4602
277
2522
2363
5834
37182
485
3080
14487
203
656
14658
203
3161
136060
1250
312
625
28090
300
18884
2425
4128
49877
25665
12
696
937
994
1847
2687
222888
14028
32057
44950
2350
30
1284
16
399
30
853
13
2649
853
638
298
307
351
6441
2350
465
298
905
4400
8210
304
13822
30
489
69
11
2649
225
20
16
69585
489
94
11
2649
225
948
203
298
905
687
52448
2475
18168
302
1450
3083
499
1450
2413
203
298
2475
17364
351
10434
82
65
535
225
1670
352
1447
297
2783
4020
692
225
21
9445
298
352
700
297
2783
4020
506
225
21
16
506
21
16
506
21
2407
348
905
5209
499
700
15
21
203
348
352
274
297
2783
12
1670
2407
454
2475
17364
2943
4274
71
65
351
2475
17364
2943
692
225
21
4274
71
1391
348
466
39412
351
225
21
3492
344
567
2350
2943
6577
506
225
1819
465
348
2475
17364
2943
4274
567
2350
2943
6577
506
225
1819
65
351
700
300
298
905
4607
70876
39952
203
298
2764
7826
351
648
20
65
535
344
82
692
225
21
13
951
905
2764
7826
2943
65
351
8588
1714
5993
700
203
298
4124
108184
351
648
20
65
535
307
615
905
4124
108184
2943
65
351
225
21
592
265
4124
1714
700
203
298
352
700
297
2783
4020
2407
348
466
39412
351
225
21
3492
344
567
2350
2943
6577
506
225
1819
465
348
592
344
31061
7826
2943
65
764
466
39412
13
1377
225
20
306
2764
7826
2943
1807
5149
8962
581
1377
399
638
454
4124
108184
2943
65
351
225
21
203
454
2764
7826
2943
692
225
21
65
351
466
39412
203
348
1625
638
454
2764
7826
2943
692
225
21
65
351
2764
7826
2943
65
367
466
39412
300
298
905
16514
4455
302
20789
203
298
16514
88201
351
648
20
65
535
344
82
692
225
21
465
298
352
700
297
2783
12
21
16
307
692
225
21
2407
348
16514
88201
2943
65
351
16514
88201
2943
506
225
21
65
692
4124
108184
2943
506
225
21
4414
298
4607
1623
7566
351
4455
3323
321
108184
465
298
1861
1623
7566
351
4607
1623
7566
300
298
1029
80
625
28090
20399
6118
15298
465
298
917
20789
13854
5802
30
853
16
8588
30
853
13
2649
853
638
348
11192
5312
302
20789
890
5993
35758
272
2943
58985
402
4381
867
8588
33240
348
592
700
1377
307
638
454
758
225
20
203
348
905
1511
2475
3083
516
297
8588
203
348
2475
17144
351
307
203
348
2475
31641
351
506
21
203
348
352
274
297
2783
12
1670
2407
454
592
516
344
24986
6656
274
13
764
225
21
638
615
205454
351
2475
17364
2943
4274
71
1391
615
592
205454
460
2475
17144
638
828
2475
17144
351
205454
203
828
2475
31641
351
274
203
348
592
2475
17144
1377
307
30
549
905
840
3083
516
297
8588
14642
840
3310
20789
203
454
758
225
20
203
348
592
8588
68071
8962
581
1377
399
638
454
905
4124
468
2475
17144
203
454
758
225
21
692
20789
13854
46326
17144
692
225
21
16
225
21
3492
2475
31641
465
348
1625
638
454
905
24445
277
3083
203
454
758
20789
13854
46326
17144
692
225
21
16
8588
367
344
21
3492
2475
31641
12319
298
905
2050
9212
730
3083
203
298
352
278
297
2783
4020
2407
348
2764
7826
1615
351
2764
7826
35950
1391
348
466
39412
60821
351
225
21
3492
344
567
2350
35950
6577
506
225
1819
465
348
352
274
297
2783
12
1670
2407
454
592
274
1377
6068
2350
35950
6577
506
225
1819
638
615
4622
203
454
905
11135
3473
265
4124
9848
468
278
1325
2312
203
454
592
344
31061
7826
1615
6656
274
13
764
225
21
1377
225
20
306
2764
7826
1615
68071
8962
581
1377
399
638
615
699
88201
1615
351
225
21
203
615
699
23538
351
225
21
3492
274
203
454
1625
638
615
699
88201
1615
351
225
20
203
615
699
23538
351
2764
7826
1615
367
344
21
3492
274
994
454
905
5052
297
20789
352
277
35758
203
454
3000
351
20789
13854
3280
692
225
21
16
699
23538
13
506
20789
13854
3280
692
225
21
16
2764
7826
35950
692
225
21
25226
454
2983
1623
7566
351
16514
88201
35950
65
692
699
88201
1615
692
3000
203
454
592
2983
1623
7566
1518
1861
1623
7566
638
615
1861
1623
7566
351
2983
1623
7566
300
298
905
48112
351
20789
692
225
21
203
298
758
1861
1623
7566
692
225
21
203
3080
255013
255001
255000
255002
255012
203
9037
3733
5842
7935
277
6292
18
19426
277
2615
638
202890
344
4024
5089
1465
2009
2407
225
7368
68976
60
21
1517
23
49
19965
28
8035
728
1880
225
13335
16
297
460
10438
485
298
2292
20399
222888
14028
32057
44950
465
225
7368
68976
60
21
1517
23
49
19965
28
8035
728
1880
225
1748
16
297
2292
203
298
3999
12578
984
92
36714
747
225
21
13
1377
225
24
203
2613
7238
93321
41114
203
93704
2466
33109
1699
146817
16
492
341
593
3973
30
7060
277
2165
1154
16607
306
194863
16
7095
3138
277
1154
4546
306
1717
616
277
6292
18
1995
5677
4222
59947
5533
213288
28430
3039
1196
18523
277
2363
385
11116
297
265
127068
2363
2732
344
826
22057
13
344
22310
642
61694
277
4607
5442
13
255013
255001
255000
255003
255010
2110
1008
304
4602
265
4309
4377
352
2687
222888
14028
32057
44950
382
2110
569
265
1794
272
16
4354
778
304
225
21
73
24
16
306
399
344
21
568
1670
680
1283
530
2312
468
1210
730
3083
304
839
852
64616
7330
18
5489
539
17322
277
1794
498
27326
4738
277
30041
16514
386
5720
468
1210
399
9746
8210
16
5909
411
16
306
14361
18
1283
1008
304
29093
277
1435
302
48112
382
184433
30
957
341
265
70876
68723
2387
366
9746
3083
19720
18
52516
730
3083
530
3910
277
17322
4232
382
2110
1008
304
17208
277
6756
2731
48112
1325
468
1210
730
2312
382
2110
1387
2050
304
17208
277
70876
17322
352
4607
1794
16
1232
2050
1450
2731
2312
306
17771
14299
48112
19792
18
7517
307
341
225
21
73
24
16
504
4020
535
34481
13
351
225
22
18
26
73
25
341
6772
592
1450
10393
341
504
12
21
13
420
504
26930
307
680
2209
277
4607
4377
24091
304
17208
499
28252
352
1450
2312
1347
38474
35
461
60305
4377
302
504
4020
66
22
535
34481
13
341
2502
5983
344
21
73
28
535
225
1670
680
1283
1008
7434
1557
382
2110
1008
304
2550
277
70876
17322
1343
382
23928
265
1794
262
16
539
1587
304
11297
411
983
17158
30
1058
10368
341
277
30041
16514
402
468
1210
399
9746
8210
16
1232
5909
411
306
14361
382
1905
341
3600
304
30
35475
468
3591
700
16
539
7653
3369
539
569
399
9746
8210
18
3092
277
1646
890
8811
277
2475
3083
1011
14949
399
16
539
1169
277
10368
468
3733
3591
18
3483
341
16
10368
10626
468
700
16
6977
304
477
1207
9746
57697
1682
7883
1518
79
1325
2291
477
16
713
10368
11751
468
477
17
21
18
2586
539
13325
306
1682
9746
8210
382
2110
530
687
52448
2475
10690
1207
1450
3083
8615
16
689
70876
39952
530
361
19377
402
1217
42849
306
265
867
382
2608
539
1008
304
12476
1451
11116
14580
6697
18
461
60305
4158
302
25354
352
1450
2312
504
4020
535
225
1670
535
307
13
341
2502
5983
382
2110
1008
304
17208
1030
1451
48112
2312
890
539
14637
265
3083
382
2110
530
1761
302
277
70876
17322
396
265
6917
302
4124
10690
344
63721
1207
265
10368
11751
680
4214
20789
361
10690
1207
539
4124
344
77
3077
1278
23864
1325
697
10368
11751
680
19001
539
569
265
1794
262
16
539
530
17208
969
4124
10690
18
4214
20789
63
20
65
351
225
20
344
6373
733
20789
63
21
65
351
1169
302
1058
10368
344
148971
86006
4115
18
36443
20789
351
1568
302
23864
1207
539
4124
1325
3591
344
7846
10368
18758
680
7551
302
48112
351
1435
302
17158
351
6441
3323
7566
13
506
225
21
35
2209
17034
30
72882
1682
341
1435
302
17158
18
2586
592
539
569
4124
10690
274
20
33
20
16
274
21
16
274
22
16
69585
7794
1207
7794
351
307
344
432
680
5489
1435
302
48112
351
288
344
114888
680
2586
539
530
1761
302
20789
396
1169
23864
344
148971
680
461
8860
30
700
33
20
31
1706
700
49669
30
1511
2687
477
6743
700
1175
386
9746
57697
297
272
2943
95679
15
21
65
6758
399
31
1232
10368
11751
468
477
16
2475
700
81232
15
21
18
2586
20789
436
468
23864
1207
477
341
277
1169
302
10368
18
2586
277
4124
23864
344
148971
13
436
477
15
21
35
41729
592
539
8483
4124
10690
396
277
6857
23864
302
1450
10368
16
1232
20789
351
648
20
16
477
21
15
21
16
477
22
15
21
16
4074
1807
7551
302
48112
351
1435
302
17158
351
6441
3323
7566
6030
21
18
2209
352
27946
48112
539
530
1060
1682
20789
17
21
382
71093
16
539
530
17208
1435
302
20789
344
77
3077
1278
1435
302
10368
18758
13
697
341
48112
17
21
382
2608
539
1008
304
29093
1435
302
48112
344
114888
680
52516
265
3083
530
3764
420
11333
277
1435
302
17158
382
46540
30
29093
48112
1325
468
1210
730
2312
382
2110
530
1761
302
277
4607
70876
39952
306
1232
12476
277
1603
302
90075
265
3083
468
2413
278
382
5158
4158
30
4421
52448
352
1450
2413
700
277
1603
302
16927
386
3083
35
3557
25485
382
13617
4158
30
7517
399
341
468
1210
225
1670
16
306
1794
4354
341
225
21
73
24
16
539
1387
2050
304
17208
277
39952
352
616
2731
3393
297
504
4020
535
34481
535
399
13
1347
265
70876
8860
402
35873
12336
386
10900
19720
123199
382
2608
8696
903
341
265
31420
1528
30
461
70876
39952
341
57272
18
52516
265
3083
530
1094
3910
10368
18758
20845
18
22977
539
530
17771
14299
277
1435
302
48112
1325
9212
272
35950
65
304
910
852
1585
16
498
85242
277
39952
689
6857
499
278
15
21
35
2952
277
2312
874
3910
277
7977
10368
592
277
10368
5720
278
18
2586
539
1008
304
1994
382
17484
277
39952
341
70876
16
277
2312
468
2413
278
530
3910
1375
17
461
10368
386
5720
2413
278
18
461
10368
494
1472
306
1169
1387
8830
2920
304
6816
1585
20397
9746
1682
388
17
461
2475
10368
2350
13
1387
361
9175
1480
277
1472
3591
302
277
2475
10368
341
7152
498
1207
539
4124
382
27872
16
539
1008
304
19792
17208
277
2312
297
17322
1682
382
2110
530
687
52448
277
70876
39952
352
277
4607
1794
16
24284
352
1450
2413
700
30
277
10368
1472
344
77
3077
1278
697
10368
3591
411
23812
304
733
306
277
1169
3591
302
386
10368
18
6755
687
52448
277
9746
3083
867
352
1450
10368
382
2558
539
2312
265
3083
468
2413
278
16
539
530
17771
14299
277
39952
499
278
101037
344
273
8696
499
277
1472
302
969
10368
13
402
277
699
3083
16
306
10049
402
4607
382
23928
16981
307
6758
225
21
73
24
16
539
1387
352
1450
2731
2312
16
17771
14299
277
39952
499
278
101037
19792
1347
265
9120
3600
304
373
76144
499
278
6
306
17771
14299
402
38474
35
2209
4183
386
352
1450
278
306
1450
2731
1585
344
1670
13
2428
361
504
4020
535
225
1670
535
307
13
14774
41597
382
2110
530
2050
304
687
52448
2761
1013
352
1450
2413
700
306
1450
2731
3083
344
273
8588
13
277
1603
35
3483
5563
2502
2927
382
13617
3592
30
7517
539
530
2312
1094
730
3083
16
8696
539
530
17208
277
6756
48112
498
11532
1450
2731
4124
1646
386
1387
361
33879
18
22547
277
6756
48112
361
11841
498
9212
265
3083
304
373
27312
6
277
9746
1682
35
3557
8749
382
2110
1387
851
11199
402
265
38474
386
21229
352
1450
2413
700
277
1889
344
7628
867
302
8210
13
306
1435
302
48112
778
304
700
18
2209
903
436
1451
5267
344
22
66
1670
2502
1451
680
2952
16
2650
399
6758
225
1670
16
277
9746
867
2287
341
32344
498
399
35
2209
2188
225
22
54588
1387
361
8730
382
2110
1008
265
55181
4377
382
19477
15698
277
7120
306
2050
304
2550
277
2746
17973
382
14341
225
21
30
272
2371
390
27193
747
399
33
22
1117
3032
225
23
388
28354
30
16473
37687
30
399
33
22
16
272
2371
69
274
274
274
265
11
344
47048
225
20
568
24
680
15225
9894
30
1472
468
225
20
30
16514
402
6758
22
9746
57697
30
539
530
1863
489
69
3949
71
11
9746
33
22
16
8811
2475
1585
489
71
11
2188
225
22
16
8811
2475
489
71
11
2188
225
22
16
8811
2475
489
69
11
2188
225
22
35
41729
9746
57697
297
489
390
27193
11
436
391
69
25201
14883
22
16
713
539
1387
1863
4569
1794
35
2209
277
8860
4060
373
9200
369
16514
7824
468
1210
399
9746
8210
3210
2586
592
277
4425
1794
674
6758
79
9746
8210
16
1232
1058
17322
341
4425
1794
16
306
539
5088
18
3483
1011
3050
225
21
17322
18
2209
3032
341
225
23
16
713
539
1008
304
2312
468
1210
730
3083
304
3764
48112
18
2586
539
530
2312
2761
304
2984
983
717
17158
18
20987
539
530
2312
730
3083
304
2299
717
9746
18758
382
19477
2050
4607
2142
2312
30
489
390
27193
11
674
9746
33
22
16
713
1094
225
21
17322
18
4790
2312
16
539
530
771
225
23
18
1882
35
99008
2312
277
4658
489
71
11
304
489
70
11
22699
489
140825
1001
58283
5489
39952
30
1472
30
489
69
3949
71
3949
70
11
9746
33
23
1518
22
16
713
5088
1714
489
70
58283
41729
30041
16514
402
6758
22
9746
30
373
390
6
344
126120
225
22
13
341
30041
35
6621
30
16514
373
69
1023
21
16
373
390
1023
22
16
373
3140
1023
22
16
373
390
596
1023
22
16
373
390
27193
1023
22
18
2586
2188
4569
1794
95766
1480
9746
33
22
6758
22
18
26128
16
9746
57697
297
373
390
27193
6
436
265
306
274
16
12035
225
22
18
2586
1571
402
489
70
747
592
539
2312
730
3083
16
539
2428
3764
9746
1682
689
2188
1387
361
6758
79
35
1283
1008
304
771
717
48112
31
539
1008
304
2299
717
17158
16
713
539
1008
910
16514
304
569
7662
399
9746
16
689
2475
3083
304
361
699
344
31215
399
15
21
13
713
386
539
4124
1714
411
18
2586
539
1008
304
569
265
2413
1207
9746
1682
297
16514
25782
399
16
306
2475
3083
341
5536
386
867
16
713
539
4124
1714
411
18
52516
265
3083
530
3673
2299
265
699
9746
1585
386
9712
265
4124
16
420
5909
265
9746
1585
713
386
717
17158
5230
382
19477
20488
1511
265
2312
30
272
2371
390
27193
747
399
33
22
18
1437
539
2312
277
2009
489
69
11
304
489
70
747
539
771
489
390
140250
6627
130682
57697
6381
30
265
25201
19230
351
225
23
1518
22
18
119263
30
1472
468
225
20
30
16514
373
69
1023
21
16
373
390
1023
22
16
373
3140
1023
22
16
373
390
596
1023
22
16
373
390
140250
1023
23
344
500
16967
13
713
30041
16514
402
6758
22
9746
341
373
390
596
26471
2209
373
390
596
6
674
9746
265
25201
351
22
16
20672
18
2586
1058
10368
351
23864
225
20
17
23
373
390
596
3210
11615
1472
468
225
24
30
373
70
6
9746
33
21
2649
10368
18
11612
48112
33
22
18
3557
225
23
382
2558
539
2312
277
7343
489
71
11
344
4296
225
22
13
304
489
70
3026
373
140825
1001
3210
130682
6381
30
265
25201
19230
351
23
18
119263
30
1472
30
373
69
1023
21
16
373
390
1023
22
16
373
140825
1023
23
1518
22
16
713
4124
1714
2413
225
22
35
41729
373
390
6
341
4354
22
16
9746
33
22
16
20672
18
2586
1058
10368
351
23864
225
20
17
21
373
390
3210
11615
1472
468
3591
22
30
373
70
1023
21
16
373
13710
1023
22
16
373
177273
1023
22
35
26128
2475
8210
30
3591
23
2371
71
747
3591
24
2371
69
6627
35475
468
225
22
30
85523
373
177273
1023
9746
391
70
25201
28919
14883
23
1518
22
18
2586
30041
16514
402
6758
22
30
373
70
1023
21
16
373
13710
1023
22
16
373
177273
26471
373
13710
6
341
4354
22
9746
33
22
16
8811
489
69
11
3672
225
23
1518
22
16
713
10368
351
23864
22
17
23
373
13710
3210
11615
1472
468
3591
24
30
373
69
6
1117
10368
18
2586
2983
225
23
48112
30
373
390
728
373
13710
728
373
69
3210
3483
14441
3032
225
23
18
2586
2312
468
3591
22
499
489
71
11
304
489
70
11
22699
225
23
48112
382
27872
277
1603
30
15422
16
277
4425
1794
540
730
10368
18
4790
2312
16
539
3289
20789
468
10690
1325
225
22
306
1325
225
24
35
41729
48112
30
17158
30
373
390
728
373
13710
728
373
69
3210
3483
341
4124
1325
3591
21
344
432
302
1058
10368
13
306
1325
3591
23
344
432
302
1749
680
2586
20789
468
23864
225
22
306
225
24
35
41729
10368
10626
30
225
20
16
22
16
24
18
2586
4124
10690
30
1472
23864
30
225
20
16
22
16
24
1117
1435
302
48112
351
225
23
382
4892
539
1565
386
265
2312
530
3866
699
20789
382
8311
16
1749
2024
30
272
2371
69
11020
377
747
399
33
23
1117
3032
225
21
18
16473
17208
4607
30
9746
57697
297
4425
1794
35
489
69
3949
70
11
351
22
6758
23
16
713
4607
48112
33
21
18
52516
730
3083
4273
3764
48112
35
99008
689
3032
4060
2687
341
225
21
16
713
4273
771
1518
21
382
39521
30
272
2371
92
36714
747
399
33
21
1117
3032
225
24
18
399
33
21
2767
1450
10368
530
569
468
1210
225
21
9746
3083
16
700
3077
1278
616
8210
297
265
10368
1998
361
1656
18
20313
1794
30
489
92
3949
92
3949
93
3949
94
11
1117
9746
8210
30
352
10368
30
373
6173
6
9746
33
21
16
1232
2475
489
93
11
9746
33
21
689
1497
499
3733
10368
494
867
35
41729
70876
30
1472
468
225
20
30
373
92
1023
21
16
373
6173
1023
21
16
373
92
4356
1023
22
1518
21
16
713
1058
10368
351
373
6173
3210
11615
1472
468
225
22
30
373
93
1023
21
16
373
29276
1023
22
1518
21
16
713
10368
351
373
93
3210
11615
1472
468
225
23
30
373
94
1023
21
1117
10368
18
2586
4607
48112
33
23
18
4790
2312
16
539
530
771
225
24
18
1882
35
99008
2312
489
92
11
304
489
93
11
22699
489
4356
29276
58283
16473
1310
30
489
4356
29276
747
399
33
21
18
8163
30
489
92
11
2649
10368
373
92
3210
5489
489
93
11
2649
10368
373
93
3210
5489
489
93
11
2649
10368
373
93
3210
5489
489
94
11
2649
10368
373
94
3210
9405
225
24
48112
18
2491
2312
489
93
11
304
489
92
11
22699
489
92
36714
58283
41729
4607
489
92
36714
11
3402
225
23
48112
31
304
771
225
24
539
1008
304
2984
1450
3083
28868
18
3398
399
33
21
16
1450
3083
1998
361
1656
2223
10368
16
689
16556
1656
8210
530
361
38340
18
2159
569
1450
3083
8156
16
539
1008
272
1175
386
840
1217
27399
8210
436
277
1656
344
29753
592
724
436
1656
16
724
530
361
38340
983
730
10368
680
2586
539
1008
304
2312
468
1210
730
3083
304
19523
616
16556
69488
35
20313
489
92
36714
11
674
373
6173
6
31579
16
713
730
10368
302
4354
225
22
18
1437
539
2312
730
489
92
11
304
2761
1625
16
317
1627
1278
489
69
11
22699
489
17217
94
747
1232
616
16556
436
9746
16
713
225
24
48112
18
2586
14233
2312
530
3764
48112
382
27872
277
2746
30
539
1008
304
29093
1435
302
17158
1325
11568
53481
730
3083
382
81740
30
461
70876
39952
341
15837
7152
498
25354
2454
304
1503
16
14140
265
867
302
4156
8210
297
1843
10368
18
50310
8811
277
2475
3083
1011
3764
277
867
2287
7835
399
16
539
1169
277
10368
1714
386
3083
344
77
3077
1278
539
4124
680
2586
10368
18758
436
468
10690
1207
277
9746
1682
302
277
10368
344
8781
341
277
867
302
8210
297
386
10368
13
23459
399
306
277
2475
3083
341
5536
386
867
16
7183
277
1169
302
1794
382
27872
16
277
39952
341
7152
498
277
10690
1207
265
699
3083
516
297
277
1843
867
8615
1325
539
569
3402
399
9746
382
2558
539
2312
265
3083
16
411
530
3910
1375
17
13765
265
4124
341
8456
468
277
3733
2413
344
77
3077
1278
592
1325
2312
16
277
867
302
277
10368
344
10384
277
6816
1585
13
3402
5720
399
9746
16
306
277
6816
1585
341
516
297
386
867
16
1232
539
4124
1714
277
6816
1585
31
7494
516
2570
17
13765
277
6816
1585
5513
530
3866
265
4124
1325
411
344
77
3077
1278
1325
2291
411
16
592
277
867
2287
7883
399
306
277
2475
3083
341
5536
16
1232
4124
1325
6816
1585
680
2209
492
341
3600
304
1603
366
2475
10368
382
4892
6381
16
277
2312
530
3910
778
304
1217
20789
30
730
1714
277
6816
2413
344
77
3077
1278
3473
265
4124
9848
468
3591
278
733
306
730
1325
344
77
3077
1278
3473
265
4124
9848
468
3591
278
15
21
35
41729
20789
436
468
10368
18758
30
592
265
4124
9848
1714
2413
278
16
386
2767
277
10368
386
15422
5101
278
11751
1714
278
31
592
265
4124
9848
1325
2413
278
16
386
2767
277
10368
386
10626
468
278
11751
468
910
3735
1646
16
11568
7977
936
1714
382
2110
530
2045
39952
396
265
1343
1207
539
4680
265
867
302
8210
4156
297
277
1843
10368
18
16473
8483
265
1154
386
2688
277
4607
1794
16
16443
387
4173
4124
64344
2943
65
14999
3473
903
341
265
4124
1714
3591
700
344
77
3077
1278
10368
11751
468
700
17
21
680
5489
48112
351
1435
302
20789
344
29753
20789
1360
17158
13
692
225
21
35
41729
592
4124
64344
63
20
65
341
2044
16
4124
64344
2943
65
1641
2767
903
341
265
4124
1360
700
17
21
306
700
18
5489
1435
302
17158
351
1435
302
20789
692
225
21
344
29753
20789
8156
17158
680
2209
8392
30
1435
302
48112
351
1435
302
20789
344
4271
4124
468
3591
700
2767
1472
302
699
10368
468
700
13
692
225
21
35
16473
8483
4124
9198
2943
65
396
1641
592
265
699
10368
10626
468
700
344
77
34
20
680
5489
17158
351
1682
302
4124
9198
344
15519
4124
9198
63
20
16051
4282
13
351
1435
302
20789
692
225
21
35
41729
539
530
1060
1682
277
1435
302
17158
396
1435
302
3041
539
1472
265
699
10368
16
697
341
1435
302
4124
10690
344
15519
1472
680
1437
539
8483
4124
64344
2943
65
352
700
499
225
21
568
82
344
13695
1714
700
2767
1472
699
10368
468
700
733
1232
17158
351
4455
4124
64344
2943
65
352
700
33
21
568
82
35
7517
1450
10368
13590
468
265
4124
64344
2413
16
306
2009
10368
851
13590
468
910
4124
64344
18
2586
1435
302
17158
351
1435
302
23864
700
344
21
26720
77
26720
82
13
1207
4124
64344
2943
65
341
1641
18
8801
4124
64344
63
20
65
341
60606
1641
35
41729
468
1472
302
1794
539
1472
265
10368
468
3591
225
20
16
713
386
1011
361
387
4728
10368
18
2209
539
530
2549
4124
64344
63
20
65
396
1641
352
22209
31
1232
17158
351
4455
1242
77
33
20
6165
82
17
21
97
4124
64344
2943
128410
16473
361
18863
382
66355
30
4214
17158
361
7152
498
1472
23864
18
4214
1472
63
20
16051
20
18
1563
700
499
225
21
304
307
16
592
903
341
265
4124
1360
700
17
21
306
700
16
1232
1472
40640
65
351
700
18
2586
1435
302
17158
351
1435
302
1472
23864
351
1435
302
20789
692
225
21
344
29753
20789
8156
17158
680
1437
539
8483
4124
2943
65
351
7143
592
903
341
265
4124
1360
700
17
21
306
700
344
77
499
225
21
568
82
733
1232
17158
351
344
5686
302
20789
13
692
225
21
18
2209
277
1435
302
48112
539
1587
341
17158
18
2586
48112
351
225
21
692
1435
302
20789
382
71093
16
539
530
1761
302
1435
302
20789
344
77
3077
1278
1435
302
3041
539
1169
265
10368
1714
277
1169
13
396
48112
506
225
21
18
610
277
7120
30
1563
489
390
27193
11
4607
30
48112
33
21
1117
20789
33
20
18
1563
6816
3478
489
140825
1001
747
48112
33
23
1117
20789
33
22
344
40191
10690
30
1325
3591
21
306
1325
3591
23
680
2586
20789
4850
304
10690
1207
265
699
10368
10626
344
77
3077
1278
1325
3591
21
306
1325
3591
23
680
2586
539
530
1682
20789
382
27872
16
304
29093
48112
16
539
1587
304
29093
1435
302
20789
344
77
3077
1278
1435
302
10368
18758
13
1325
468
1210
730
2312
382
2110
530
687
52448
352
4607
1794
277
20789
18
5489
352
1450
2731
2312
16
539
1008
304
17208
699
20789
19792
382
17484
307
341
778
304
225
21
73
24
16
539
1387
2050
304
17771
14299
20789
352
1450
12578
2312
297
504
4020
13
845
16
6152
304
504
4020
66
22
535
225
1670
13
351
225
22
18
26
73
29
16
2502
5983
18
2209
8696
539
530
83337
30
1451
3393
642
516
3910
20789
1687
31
539
530
8696
17771
14299
1094
499
277
1646
302
2312
101037
382
81740
30
461
70876
39952
1094
10549
366
277
867
302
8210
297
277
1843
10368
306
277
2475
8210
18
52516
265
3083
468
2413
278
530
1094
3910
277
10368
386
5720
278
306
11568
277
2475
10368
344
73210
468
278
13
1480
277
867
468
277
14890
2428
2312
18
2952
16
277
39952
1325
277
2475
10368
1387
851
361
9175
592
277
867
302
8210
297
277
2475
10368
3393
2920
304
277
6816
1585
35
2209
2650
17158
436
7821
16
1325
539
4124
468
910
1646
16
1450
10368
10626
8076
402
969
1902
867
18
2586
277
1603
341
2326
304
277
10368
7824
278
306
277
2165
10368
344
359
278
341
277
1058
3083
302
277
2475
10368
1325
4124
680
41729
16
592
278
341
5451
265
10368
16
9212
411
1387
3866
277
10368
304
1169
7977
420
3735
16
306
1387
851
3910
277
2475
10368
1480
277
4124
2413
3393
16
32760
277
1472
302
2475
10368
18
2209
17158
7835
386
2428
361
9175
1094
592
277
4124
1646
14655
16
53481
277
6857
3591
302
13845
17158
16
697
1387
3910
725
1902
39952
18
2952
16
2650
277
39952
1343
341
70876
306
1450
10368
341
19377
19423
16
277
39952
302
277
35758
1325
265
4124
10549
1094
366
277
85523
499
386
4124
101037
18
2586
592
539
3746
277
4124
2413
344
77
3077
1278
277
1169
302
265
10368
733
277
35758
386
341
15267
3393
16
697
1387
3910
277
1435
302
20789
297
386
35758
382
27872
16
9212
265
3083
468
278
1387
3910
277
39952
302
277
35758
6857
499
910
4124
2413
16
12146
1451
17158
3735
382
2608
8696
539
530
17208
352
1450
2413
700
306
1450
2731
3083
274
16
277
1603
366
277
1435
302
20789
890
539
6754
272
2943
65
402
274
18
7517
307
33
21
73
24
16
539
1387
687
52448
910
38474
386
352
1450
6857
3591
700
16
2688
265
8588
302
8210
4156
297
277
1843
10368
344
6118
6758
79
733
277
1435
302
20789
499
700
101037
592
539
1384
70876
35
3483
1011
361
8730
1480
8588
530
361
778
304
225
22
54588
5267
16
689
399
26720
1670
713
4924
13861
382
10917
16
8696
539
530
6035
386
277
70876
39952
674
265
31420
4016
30
461
10368
2837
5720
468
1210
399
9746
8210
16
306
411
341
277
30041
16514
402
386
4016
18
2586
15837
16
277
10368
11751
468
277
2413
1060
1714
277
1058
18168
302
265
3083
516
297
277
867
1325
539
569
36624
399
9746
8210
35
41729
1850
30
539
1472
402
8295
867
18
1283
59689
898
8210
31
539
919
1450
3083
304
277
867
18
2973
277
867
2287
23459
399
16
539
4622
8811
396
1423
396
277
3083
341
3402
297
277
867
18
1437
539
13530
265
3083
516
297
277
867
16
1232
539
1998
1169
277
10368
1714
386
3083
344
77
3077
1278
539
4124
1503
1714
386
3083
680
1437
539
13530
265
3083
386
341
297
277
867
16
539
530
4622
18
2586
277
10368
11751
468
277
1058
2413
1207
277
867
2287
351
399
306
277
2475
3083
341
516
297
277
867
35
26128
17034
30
461
10368
341
277
30041
16514
402
468
1210
399
9746
18
2586
539
530
2553
8811
8210
1571
592
867
2287
460
399
16
1480
539
1387
2188
569
265
699
9746
306
2188
361
6758
79
18
2586
277
4550
304
4124
341
30
890
539
569
399
9746
306
277
2475
3083
341
5536
277
867
16
539
4273
2549
411
1480
386
1011
1265
1518
79
9746
18
2586
539
4124
1714
386
2475
3083
18
6755
16
592
539
3042
6018
399
9746
16
539
704
304
1169
382
27872
16
39952
530
361
4546
396
30
8163
468
3591
700
18
64446
867
330
302
4156
57697
344
3303
2505
8295
680
1563
477
499
700
304
307
17
21
30
592
367
55
96
460
399
420
272
13478
65
297
330
30
919
272
13478
65
304
330
31
1625
30
10368
11751
468
477
17
21
344
13695
1714
477
733
1472
699
10368
468
477
16
402
330
351
391
87
13478
25442
344
29753
699
10368
494
1058
1585
680
24579
382
4892
15837
16
539
4124
468
10690
1207
539
13530
265
3083
386
341
516
297
277
1843
867
306
277
867
2287
341
3402
399
382
27872
16
20789
5181
7662
468
1731
10690
382
8311
16
592
539
2312
265
3083
468
2413
278
304
274
16
277
1603
366
20789
530
361
15538
20845
1375
6021
4607
1794
272
18
27969
17208
4607
20789
18
1563
1450
2731
2312
16
539
1587
304
17208
699
20789
1682
382
12955
307
341
1094
225
21
73
24
16
8696
539
530
10373
504
4020
535
225
1670
535
2761
2164
13
592
539
530
17208
277
699
20789
6697
344
7846
504
12
21
13
420
504
26930
307
13
621
2312
13
498
1347
687
105464
26081
386
8829
277
39952
382
153078
30
4421
52448
352
1450
2413
700
30
277
10368
1472
344
273
1169
13
386
411
23812
304
297
277
4607
39952
18
6755
17208
352
1450
10368
969
9746
867
16
306
277
2475
3083
1325
277
10368
344
1833
1058
1585
302
2475
10368
13
420
386
277
10368
11751
468
1169
382
14032
352
265
2312
468
2413
278
16
539
530
37687
277
39952
499
277
1472
302
277
10368
7824
278
16
17771
14299
3369
539
3673
7196
265
1646
1207
277
867
7883
11498
344
77
3077
1278
539
530
37224
687
105464
35758
680
7517
277
10368
31051
436
3211
366
4488
35
2209
14774
1690
1387
361
1423
17158
344
73
1627
1278
616
1656
1585
680
1437
539
2312
265
3083
297
265
1423
10368
16
539
2428
1008
304
17771
14299
277
4425
2518
302
1794
35
3483
1011
361
504
4020
13
621
2312
16
2502
5983
382
2608
9745
539
530
687
52448
352
1450
2413
700
16
277
1193
302
277
70876
39952
592
539
1472
468
700
402
387
8295
867
16
306
539
1343
277
1794
5739
16
689
539
1008
304
1287
277
1435
302
20789
499
700
101037
2688
277
867
302
8210
539
569
3402
344
8781
341
468
1210
399
680
2952
16
539
2428
21957
277
1343
498
34155
386
277
70876
39952
341
57272
306
530
361
12240
396
265
17722
134660
35
7517
277
1889
341
277
867
302
8210
4156
297
277
1843
10368
344
6118
6758
399
680
2278
436
1451
2731
8023
16
689
9745
539
530
4400
1019
304
2761
1013
373
8781
8210
436
1831
6
689
4924
225
22
66
1670
21254
382
2608
8696
539
530
34028
277
1689
386
399
341
2164
35
399
6758
225
1670
16
689
1387
361
778
304
225
1670
18
2952
16
225
22
66
1670
341
8730
382
111937
4158
30
7517
307
341
1094
225
21
73
24
16
8696
539
530
911
265
38474
402
42626
1701
621
2413
306
265
8588
15739
277
1843
867
302
8210
297
277
10368
16
689
277
8588
1387
361
12240
396
265
250584
302
778
304
225
1670
13822
18
2952
16
1435
302
9746
30456
25974
1919
70876
39952
2428
361
5885
1480
277
867
25409
20900
18
610
14774
1690
16
592
539
1472
499
839
2413
16
277
867
530
361
839
22517
302
778
304
399
8210
35
2209
8696
516
616
5230
31
689
1387
361
1451
18
2952
16
297
5358
16
402
307
33
21
73
24
16
8696
2983
1435
302
9746
30456
3796
616
2731
6857
4232
341
516
2502
2927
35
16473
1761
30
1563
1450
6857
3591
700
16
539
1472
402
8295
867
18
5489
396
539
13325
16
539
919
8210
3369
539
3673
12216
420
13530
265
699
1585
890
867
341
2287
399
16
12267
265
4124
18
461
8023
25974
436
1731
93198
302
222720
18
6757
616
700
16
903
1387
361
504
4020
66
22
13
9746
93198
18
2209
1450
16514
674
265
867
697
341
277
867
302
8210
4156
297
386
16514
18
461
1435
302
9746
3083
8023
1387
361
778
304
4455
898
31051
302
1435
302
50104
16
697
1387
361
8730
18
2952
16
8696
539
530
21957
498
34155
386
277
867
1094
13917
352
3473
411
5720
265
2879
3083
306
969
2287
18
2209
890
539
13530
265
3083
516
297
277
867
16
539
4124
18
2586
277
4550
304
4124
10549
366
3473
277
1843
867
2287
341
399
306
277
699
3083
341
516
297
277
867
382
27872
16
352
265
2688
6857
3591
700
16
277
39952
341
7152
498
277
6917
302
8210
18
2159
17208
277
1435
302
20789
499
700
101037
16
539
1387
911
265
38474
386
352
1450
3591
477
344
73210
2413
13
306
277
867
302
8210
4156
297
277
1843
10368
344
6118
6758
399
13
6714
277
1435
302
20789
499
477
18
2209
4924
8730
382
2608
8696
539
530
911
265
1217
44415
35873
5702
9120
304
17208
277
39952
352
265
2688
1794
6697
18
1533
352
265
11116
1794
16
539
1387
17771
14299
39952
297
504
4020
13
845
621
2312
16
689
9745
539
530
83337
30
1451
3393
642
516
3910
277
39952
1687
31
539
1387
17208
277
1603
498
1094
17771
187189
499
277
2312
1646
101037
3369
539
7196
265
11498
4318
1207
277
39952
14441
277
4607
18
7517
277
1794
4354
341
225
21
73
24
16
504
4020
66
22
13
2428
361
98681
689
9745
539
530
589
504
4020
66
22
13
592
29313
35
307
33
21
73
24
16
307
66
22
33
21
73
28
16
697
2428
361
2502
5983
297
11636
689
8696
402
17034
7878
1387
1717
35
2209
539
851
569
225
1670
2731
3393
621
2413
16
3130
225
22
18
26
73
29
16
10098
2502
5983
382
2110
1008
265
717
38078
1557
382
13617
3592
30
7517
539
530
2312
468
1210
730
3083
16
539
530
2489
277
2746
396
30
1511
265
1794
262
386
35864
499
272
297
468
1210
730
2413
16
386
118475
277
1435
302
17158
297
277
70876
17322
402
7273
399
382
2110
1387
2050
304
17208
16
352
1450
2413
278
306
1450
2731
13293
1585
274
16
277
1435
302
17158
18
22977
539
530
687
52448
352
1450
2413
277
373
182379
6
302
386
2413
304
277
10368
1682
16
1347
910
687
105464
26081
386
2617
504
12
21
13
4430
382
25790
539
530
2045
277
70876
39952
396
265
57272
17722
134660
1207
277
1889
341
277
1843
867
302
8210
344
67037
396
265
13822
305
13
306
277
2740
341
277
1794
18
461
30671
30
592
367
5124
96
460
399
16
699
1889
351
1889
93970
391
4978
2547
3271
840
4124
18
34988
592
1585
297
1889
16
699
1889
351
1889
344
42021
733
840
4124
18
34988
344
4978
516
297
1889
306
367
5124
96
1377
399
733
1232
4124
9848
344
6693
692
21
733
699
1889
351
391
4978
7342
2586
277
134660
674
5267
386
436
50104
302
2287
6758
399
18
9405
12146
1451
5267
382
2608
9745
539
530
21957
498
34155
386
277
1889
341
2837
277
867
302
8210
4156
297
277
1843
10368
16
306
386
867
341
7662
277
867
302
9746
8210
297
386
10368
18
2952
16
277
10368
4354
1387
361
1423
689
277
867
2287
341
32344
498
399
18
610
277
14774
1690
16
399
33
1670
16
277
867
1387
361
839
7799
302
778
304
225
1670
8210
16
689
903
436
4455
1242
77
33
20
6165
1670
97
346
12
1670
25478
13
351
225
22
66
1670
5907
225
3284
4364
5267
16
697
341
2502
1451
382
2608
8696
539
530
18060
386
277
134660
1094
21373
5267
386
436
99164
499
6857
402
8295
867
16
2165
30671
5047
498
277
1794
18
1563
265
2688
1794
16
277
1435
302
5267
17398
2428
361
5885
18
1563
265
6842
1794
272
16
277
70876
39952
642
6496
265
6917
302
5267
30
1472
8295
16
1232
1325
5993
1058
3083
16
1889
1801
71
21
14700
1232
919
2475
1585
16
4115
18
461
1435
302
9746
5267
17398
3509
277
39952
344
1943
277
4425
1794
13
341
468
1210
1435
302
17158
692
2761
18
41729
1450
845
539
4124
16
539
12760
304
265
699
1889
17433
302
277
3083
386
7182
277
4124
344
29753
1325
4124
16
539
1472
265
699
10368
402
386
3083
396
277
1094
1585
297
969
867
680
2586
277
1889
6917
341
30
4381
1889
330
20
351
33467
1232
1325
1058
1585
16
330
21
351
391
71
21
14700
1325
1749
1585
16
8696
330
22
351
391
71
21
25201
22
97
592
9746
306
2287
185756
16
4115
18
2586
1450
1889
341
277
867
302
9746
8210
297
277
1843
10368
18
461
1435
302
17158
1387
361
778
304
307
344
359
399
33
21
16
1450
10368
341
4354
225
21
16
713
1889
1325
1450
1585
341
1060
386
1585
16
713
9746
5267
778
304
307
680
610
14774
1690
16
307
33
21
73
24
16
713
778
304
225
21
73
24
9746
5267
352
265
2688
1794
18
9405
64594
18
2952
16
890
539
1994
17979
16
277
1889
6917
2428
2312
689
2188
5885
382
27872
16
352
265
2688
1794
262
16
277
1435
302
5267
17398
297
277
70876
134660
341
468
1210
1435
302
17158
692
1435
302
3041
539
12760
2920
304
20789
35
41729
1450
10368
21062
304
265
1889
344
1833
867
302
8210
297
386
10368
680
461
1435
302
17158
341
468
1210
307
344
17906
399
33
21
680
2586
468
1210
225
21
73
24
5267
18
2586
352
1450
12578
262
16
539
1387
37687
297
504
4020
13
845
18
2209
539
569
778
304
225
22
18
26
73
25
14430
344
82
535
225
1670
680
225
22
18
26
73
25
535
225
21
73
24
351
225
22
18
26
73
29
16
2502
1687
382
2608
9745
539
530
5510
277
1435
302
14430
30
539
1094
1008
304
1994
9212
265
3083
304
910
852
7330
386
1387
3910
39952
18
14812
539
530
2050
304
5827
352
1450
2413
278
16
697
68255
1387
12146
3764
277
1435
302
17158
18
99008
1094
265
2487
344
7846
8210
386
436
516
297
277
1843
10368
494
867
16
420
436
297
411
16
4115
5854
2209
539
4273
15644
386
31
539
2428
1008
304
2050
616
225
948
852
11807
18
2952
16
225
21
73
24
535
225
948
351
225
6701
79
16
2188
1398
382
2608
8696
539
530
911
277
1689
386
307
341
225
21
73
24
306
1450
15376
504
4020
13
1011
361
2502
9702
18
2209
539
2428
37687
1450
12578
297
504
7370
13
1207
434
341
277
4354
302
277
35758
9175
16
697
2428
361
2164
366
4488
18
610
14774
1690
16
592
539
2312
265
3083
3836
297
265
1423
10368
16
539
2428
569
304
316
80888
6988
5155
277
4425
1794
18
2209
9745
277
14774
41597
2983
898
616
14430
530
361
32344
498
504
4020
66
22
13
1347
910
38078
9120
1013
373
100368
38474
402
42626
1701
6
1207
539
687
52448
352
1450
2413
700
277
1193
302
70876
39952
352
137045
16
689
277
1889
4059
277
1843
867
8588
18
2952
16
539
1387
17208
265
38474
386
352
1450
2413
700
306
1450
2731
8588
344
6118
6758
399
13
6632
277
1435
302
20789
499
700
304
1169
592
539
1472
402
386
8588
18
2209
277
1435
302
30456
1387
361
8730
16
689
8696
539
530
21957
498
34155
386
30456
436
1094
1731
386
436
2731
396
8023
302
9746
8210
297
265
10368
18
1563
265
2688
1794
16
277
1435
302
9746
30456
386
5230
396
539
13325
499
1450
1472
2428
361
5885
18
2209
539
1008
304
1994
616
2731
30456
386
1387
22522
1325
265
2312
382
72320
30
1283
1387
2050
304
11199
277
2746
1347
265
70876
7274
302
12381
262
18
22977
903
341
265
31420
31575
30
461
6756
1435
302
48112
341
6792
304
277
1435
302
10690
700
1207
272
2943
65
2308
272
2943
17
21
65
4171
2761
35
3557
7662
382
19477
2050
304
2550
277
1603
302
265
3225
2312
717
63943
776
382
54641
4607
20789
396
23864
1207
265
4124
9848
344
77
3077
1278
1472
302
265
699
10368
680
4214
20789
108184
351
391
77
367
4124
64344
2943
65
1641
16
700
34
20
7342
7551
302
48112
351
367
36009
108184
96
692
225
21
344
29753
1472
468
225
20
680
52516
265
3083
468
2413
278
530
14637
277
867
302
20789
18
1283
1587
304
29093
48112
382
2110
1387
2050
304
17208
277
1603
302
9212
272
35950
65
304
274
498
85242
277
70876
1343
1094
352
277
10368
386
5720
278
306
8696
277
2475
2487
17158
3369
539
3673
7196
265
1646
1207
277
39952
7883
16896
304
277
4607
499
386
1646
101037
18
3483
341
16
539
1387
687
52448
352
1450
2413
700
344
299
1472
302
265
10368
13
277
2475
4124
2413
306
277
867
1325
386
10368
18
5489
539
1387
12159
297
504
12
21
13
5826
3509
277
39952
382
98908
16
539
1387
687
52448
352
1450
3591
700
277
2165
1375
17
1437
539
1472
265
10368
468
700
344
77
3077
1278
539
436
468
277
7673
302
265
10368
733
1065
341
277
1169
3591
302
277
1058
10368
344
77
3077
1278
277
3591
477
1175
386
277
10368
499
700
304
477
341
34901
402
468
1210
399
9746
15309
41729
16
277
70876
1343
1011
1863
277
30041
16514
402
468
1210
399
9746
16
713
277
10368
499
700
11751
468
317
5802
13
1207
317
5802
13
341
277
8331
3591
1175
386
277
9746
1682
302
272
2943
43125
5802
7162
21
65
6758
399
16
306
3673
317
5802
13
1377
307
17
21
420
272
53863
5802
7162
21
65
341
265
3083
516
297
277
867
302
386
10368
306
277
867
2287
341
399
344
77
3077
1278
1011
14949
680
2209
539
530
17208
317
5802
13
19792
1347
1217
42849
35
2209
539
530
687
52448
387
4173
2475
88201
2943
65
697
341
277
3591
1325
277
4124
344
77
3077
302
2475
10368
1472
680
16473
8483
205454
2943
65
351
277
21820
3591
477
6743
700
1175
386
592
539
1472
265
10368
468
700
16
277
10368
11751
468
477
17
21
306
539
4124
1714
477
18
610
852
4361
16
205454
2943
65
341
277
3591
1207
277
2475
10368
13590
18
1563
265
4080
700
16
205454
2943
65
341
277
1058
3591
1207
2291
272
22965
768
2943
9085
1011
3866
277
10368
304
14949
399
9746
8210
344
273
1169
680
4540
39720
16
539
530
17208
1347
265
35873
5702
30
4680
265
5702
648
77
16
477
13
386
341
277
1843
10368
344
77
24273
16
477
18287
13
402
9746
1682
6758
399
16
306
352
1450
700
16
539
13052
477
396
3312
396
2731
18
2209
539
530
687
52448
352
1450
700
277
34901
477
1175
386
9746
2350
2943
95679
6577
6758
399
18
5489
205454
2943
65
351
477
344
29753
10368
11751
468
477
17
21
16
2475
1472
341
477
680
1437
277
4425
35758
499
700
674
9746
6758
399
16
1232
205454
2943
65
351
307
344
59182
840
4124
3369
1169
680
2586
539
530
17208
205454
2943
65
352
616
700
297
504
4020
13
1347
1217
42849
344
242380
5702
680
20987
16
539
530
17208
387
4173
1503
2943
65
351
34901
477
1175
386
9746
2350
2943
95679
6577
6758
399
18
7517
399
6758
225
1670
16
539
530
911
265
1217
44415
402
265
7590
4400
420
867
18
13196
35873
5702
30
1472
700
33
20
16
477
33
20
16
4680
9746
1682
18
1563
1450
700
16
3764
477
3369
8811
272
13478
65
1011
14949
399
16
1232
867
1503
2943
65
351
477
16
1232
3746
700
304
700
15
21
306
4430
19720
25764
18
957
4229
297
504
4020
680
2586
539
530
17208
277
39952
352
4607
1794
382
8311
16
2688
1503
2943
2315
539
530
34334
277
20789
30
461
1058
10368
341
499
225
20
304
1503
63
20
27225
21
16
2475
1472
351
1503
63
20
2315
1749
10368
1472
351
1503
63
20
2315
713
969
1169
341
1503
126916
63
20
9085
17
21
16
4115
18
2586
539
530
17208
387
4173
2475
94384
13420
2943
65
352
616
700
35
41729
539
1094
1008
352
23864
386
436
10368
10626
18
1283
530
17208
277
1568
302
10368
10626
30
10626
351
648
20
11294
1706
10626
19785
21
65
460
307
30
1472
351
10626
19785
21
11294
1169
351
1503
86852
11294
10626
6179
44106
1798
592
1169
1377
1472
30
2984
35
2209
1503
86852
65
1518
1472
1480
468
2750
730
1585
344
53374
1794
8295
680
2586
539
771
616
10368
10626
18
1563
839
3591
700
16
539
530
17208
969
10368
1472
498
11674
3612
366
10626
18
2586
539
530
6697
1287
697
10368
700
23812
304
306
969
10368
1169
382
8311
16
592
539
2312
265
3083
468
2413
278
16
1030
1414
1503
2943
65
2312
35
1503
2943
65
10549
366
277
85523
272
2943
214112
52516
265
3083
468
278
1387
3910
1503
2943
65
352
616
700
6758
278
16
1480
277
85523
272
2943
58985
3393
352
1731
700
18
2586
277
4425
16514
302
10626
1387
2312
18
3483
5563
62342
382
2608
8696
539
530
17208
277
1603
302
265
2312
1347
265
9120
1013
373
359
539
1287
1503
2943
65
352
4607
16
539
530
17771
14299
1503
2943
65
352
277
11116
1794
6697
498
1094
24938
1731
700
386
436
9175
3210
7517
277
2312
341
468
2413
278
16
277
85523
272
2943
58985
352
700
6758
278
3393
468
2413
278
18
2586
1503
2943
65
352
700
6758
278
2428
2312
18
2952
16
277
1435
302
1175
700
341
278
15
21
16
697
1387
361
778
304
307
18
1563
1450
12578
2312
344
84
25201
733
539
1387
17771
14299
1503
2943
65
352
700
499
225
20
304
278
297
504
3280
13
845
16
1232
539
1387
17208
277
699
20789
18
3483
1011
361
504
4020
66
22
13
2983
344
29753
4455
898
278
302
278
351
504
4020
66
22
11499
3398
307
33
21
73
24
16
504
4020
66
22
5791
21
73
28
16
697
2428
361
98681
689
9745
18597
297
11636
592
29313
35
2209
539
851
569
225
1670
12423
352
274
16
713
504
12
1670
535
307
66
22
13
351
225
22
18
26
73
29
16
516
18597
382
2110
1008
265
2516
4158
382
44125
539
530
17208
352
1450
2413
278
306
1450
2731
3083
274
16
277
1435
302
48112
498
1347
38474
386
6582
277
1794
3984
306
352
1450
2413
539
530
2050
616
2731
68255
306
4430
277
39952
297
504
12
21
13
1347
687
105464
1478
819
277
4607
39952
306
277
1603
302
90075
265
3083
382
153078
30
5904
277
5123
302
373
359
539
2312
272
35950
65
304
274
16
1232
277
10368
386
15422
12359
278
874
3673
21490
402
3733
10368
420
11297
21214
1304
1283
530
17208
277
1435
302
20789
20366
498
277
4607
39952
306
1232
6313
2387
366
2326
3393
382
25790
539
530
2489
277
70876
39952
396
265
3302
302
373
13695
890
9746
23459
399
306
2475
1585
341
699
3210
2586
265
4124
9848
468
2413
700
344
77
34
20
13
592
306
1094
592
30
277
867
302
8210
297
277
10368
17299
468
700
17
21
674
2287
399
16
306
272
2943
65
341
516
297
386
867
18
6755
16
277
10368
1472
341
1325
3733
4124
18
2586
4124
10690
436
7152
498
3776
366
272
306
277
1889
344
8781
341
277
867
302
9746
8210
297
277
1843
10368
680
461
1889
341
15837
277
867
302
8210
386
569
13149
297
277
1843
10368
2650
277
2009
4124
382
2558
539
2312
272
35950
65
304
274
16
539
1008
304
17771
14299
277
1889
352
277
10368
7824
278
306
13845
20789
382
2110
1387
687
52448
352
1450
3591
700
277
373
8831
4124
6
2387
366
277
4607
1794
16
1347
277
35873
5702
9120
18
3483
6632
471
352
1450
10368
1472
700
16
277
2475
1472
477
351
1503
2943
1807
2209
492
2475
1472
341
7152
498
25354
5739
18
1437
539
2312
265
3083
16
277
1503
2943
65
2428
2312
16
689
9745
539
530
17208
277
699
1503
2943
65
352
700
6758
278
1347
910
48747
10900
382
71093
16
539
1387
17208
352
1450
2413
700
16
277
373
8831
18168
6
302
1450
3083
16
697
2428
1356
304
5827
277
70876
39952
6697
382
19477
1761
21214
30
461
70876
39952
15837
4468
8210
3369
539
569
399
9746
16
1232
4124
1714
839
3083
516
297
386
867
18
2586
277
10368
18758
436
468
10690
1207
539
13530
265
3083
386
341
373
1815
6
304
277
10368
494
867
16
3419
277
867
2287
341
399
18
1437
277
867
2287
460
399
16
539
530
2549
699
8210
2142
13086
382
27872
16
592
539
2312
265
3083
468
278
304
274
16
411
1387
3910
1375
17
13765
903
341
265
4124
468
2413
278
344
77
3077
1278
1714
277
3083
468
278
680
957
4124
10549
366
277
867
302
277
3733
10368
344
8781
11751
468
278
17
21
13
306
272
35950
1807
461
3733
10368
494
867
341
7152
498
277
4607
1794
778
304
278
17
21
16
689
592
539
6816
387
7977
3083
16
277
867
2428
1173
18
2952
16
539
436
1094
9212
730
3083
16
713
539
1008
304
1994
277
699
867
352
277
10368
386
15422
12359
278
18
3483
10368
494
867
341
2387
366
277
8210
499
969
1472
304
278
17
21
16
4171
277
6816
3083
592
1850
5101
35
41729
277
4124
1714
278
1011
361
4800
890
5993
277
10368
386
10626
468
910
3591
6758
278
18
461
10368
386
5720
278
874
420
874
516
4124
1714
278
9305
366
277
867
302
386
10368
344
8781
4059
8210
499
969
1472
304
278
17
21
13
306
277
3083
468
278
382
17
13765
903
341
265
4124
1325
278
344
77
3077
1278
1325
5993
277
3083
468
278
680
3483
10549
366
277
867
1325
2291
278
306
277
2475
3083
344
359
839
2570
27872
16
539
1008
304
17208
277
699
867
352
277
10368
386
5720
278
382
2110
1387
687
52448
352
1450
2413
700
277
4607
10368
1472
306
277
4607
867
352
386
10368
18
1563
4607
16
539
569
352
1450
10368
265
1472
3591
306
265
867
302
9746
8210
18
1563
265
2312
468
278
16
539
1008
304
17771
14299
277
10368
386
5720
278
499
969
1472
344
8781
2428
2312
13
304
278
344
273
7835
680
957
1387
361
3410
498
25354
5739
499
277
10368
1472
3369
539
3673
7196
265
1646
1207
277
867
162416
304
277
4607
420
539
12216
18
2209
386
1387
361
1423
382
2608
8696
539
530
911
265
9120
302
373
74486
42849
6
420
373
45899
32994
6
304
6697
1511
277
2475
4124
18
1437
539
687
52448
352
1450
2413
700
306
1450
2731
8588
35
3557
31975
382
13617
10149
30
7517
539
530
2312
468
1210
730
3083
16
8696
539
530
1761
302
277
2746
396
30
539
530
7650
730
3083
35
2523
16
539
2312
304
839
7330
16
516
7650
382
25790
539
530
63043
396
30
1563
1450
2731
4124
2413
344
77
3077
1278
3591
1207
265
4124
9848
297
277
12381
15277
733
539
530
2050
304
1565
592
539
530
6313
277
1794
304
2299
386
4124
16
306
1682
277
6756
20789
382
2608
9745
903
341
265
3162
1193
30
461
6756
1435
302
48112
1325
468
1210
730
2312
25782
277
4607
1435
302
48112
4171
277
1435
302
373
90714
20789
6
386
530
361
11561
498
277
2312
18
36981
1013
30
539
530
2299
265
4124
468
10690
1207
15422
903
9257
730
16
498
3130
277
3083
468
386
2413
361
265
699
9746
3083
5657
304
277
30576
10368
494
867
382
23928
277
16981
16
8696
277
9444
4377
341
14233
504
4020
535
34481
535
2761
13
689
1347
38474
402
1889
20692
306
57687
386
277
1435
302
9746
30456
25974
1919
70876
5993
302
616
2731
17979
341
5885
1480
399
341
2164
35
16473
9492
382
26412
539
1587
304
12476
48112
2323
13
352
1451
262
386
436
1586
3600
344
213435
498
730
3083
680
22547
539
17208
277
1603
123199
1347
265
9120
1013
373
359
539
1287
277
1193
352
277
4607
1794
16
539
530
4430
411
498
85242
499
278
5739
3369
277
1889
58381
26471
7517
277
1794
341
302
4354
778
304
225
21
73
24
16
306
539
569
778
304
225
22
18
26
73
25
12578
14580
16
9745
2983
15376
845
1387
361
504
4020
535
34481
535
4488
10368
4354
680
2209
14774
41597
1387
361
1398
382
2608
8696
277
1310
4027
436
5470
1175
386
265
25485
504
4020
535
225
1670
535
307
13
19553
35
461
2746
341
499
910
22662
35
461
1794
4354
341
225
21
73
24
16
504
4020
66
22
535
225
1670
13
341
2502
1398
18
2586
903
1998
361
265
55181
1557
382
19477
2050
304
1761
302
265
38474
386
352
1450
2413
700
306
1450
2731
8588
302
2287
6758
399
16
73422
277
1435
302
20789
499
700
101037
18
2209
539
530
21957
30456
498
34155
386
1094
277
7135
302
8210
13917
16
689
539
1387
911
265
13822
305
302
225
1670
13822
18
2952
16
277
1435
302
2731
30456
341
225
22
66
1670
16
697
341
2502
2927
18
2209
9745
539
530
4753
304
30456
386
436
373
133036
6
499
839
6857
1646
16
697
2428
2188
361
8730
382
2608
8696
539
530
911
277
1689
386
399
341
468
1210
225
1670
16
689
539
530
2489
277
8588
396
265
225
1670
20495
11795
306
911
42626
1701
402
265
20078
31
277
1435
302
9746
30456
25974
1919
5993
302
277
4607
1794
344
414
969
22858
13
2428
361
516
2502
2927
1480
277
1794
4354
341
225
21
73
24
306
1450
10368
494
867
341
265
22517
302
277
8210
386
5230
297
386
10368
18
610
277
14774
1690
16
592
277
1794
5720
616
225
1670
11807
297
277
1058
10368
16
1232
277
867
1387
361
839
22517
35
3557
2450
31
277
867
341
7662
277
867
302
9746
8210
297
386
10368
18
1737
277
10368
25409
16
277
867
1094
25409
344
273
114657
1325
265
4124
680
2586
352
265
2688
6857
1646
16
277
867
81086
175064
344
2725
8210
13
3369
265
4124
114657
411
304
265
83703
18
2586
277
1435
302
9746
8023
3509
277
4425
1343
352
265
2688
6857
1646
341
468
1210
277
1435
302
17158
499
386
1472
4171
2761
18
1563
277
4425
1794
16
277
2983
1435
302
9746
10368
8023
3796
616
17158
341
468
1210
1435
302
17158
344
29753
1450
10368
674
969
1902
867
680
2586
352
4607
1794
16
277
1435
302
9746
8023
341
468
1210
307
344
29753
1450
10368
494
867
341
9746
35
3557
13375
16
689
1387
14361
680
2586
1850
504
4020
680
1563
11116
14580
16
277
1435
302
9746
8023
25974
1387
361
778
304
504
4020
13
621
1794
18
2209
3796
616
12578
14580
16
277
2983
1435
302
9746
8023
1387
361
2927
382
10917
16
8696
539
530
911
265
1497
4158
30
13568
302
5210
616
2731
68255
16
539
530
5827
277
12381
13293
352
1450
2413
278
498
25865
1065
1603
411
530
569
366
277
39952
18
22977
539
530
17208
352
1450
2413
278
277
373
92512
6
297
1435
302
48112
592
539
2312
272
35950
65
304
910
3083
274
18
461
7157
10549
366
1030
277
39952
3393
20845
382
19477
5842
304
32012
37309
352
277
2312
297
48112
890
539
14637
272
35950
65
304
274
382
6021
277
4607
39952
361
2688
498
10626
1568
330
351
648
87
20
33
20
16
272
21
16
272
22
16
69585
1326
42803
2315
1207
2122
436
1472
23864
302
17158
344
77
499
225
20
304
288
680
1563
1450
10368
477
16
411
13823
23864
648
31021
16
24664
15
21
17
21
65
344
5324
272
1242
81
14883
82
680
4214
277
867
302
9746
8210
297
10368
477
361
867
9500
382
8311
16
1994
265
2413
278
18
887
23812
304
910
10368
16
2132
10368
262
16
1207
357
6758
278
460
272
1242
88
15
21
7342
461
10368
262
46912
23864
648
309
16
985
65
1207
985
351
272
1242
88
15
21
13468
21
18
461
867
302
8210
297
10368
262
341
867
872
382
8311
16
592
539
2312
272
35950
65
304
274
16
277
39952
2428
2312
18
461
10368
262
1387
361
11297
420
34013
402
26998
382
98908
16
2240
4027
1375
21
18
461
2312
9848
297
277
13878
302
10368
262
344
1876
468
969
18758
680
3483
341
16
357
460
278
460
985
382
22
18
461
2312
9848
468
277
1058
3083
302
10368
262
16
700
3077
1278
278
1377
357
382
23
18
461
2312
9848
468
277
2009
3083
302
10368
262
16
700
3077
1278
278
1377
985
382
2608
851
6035
386
592
539
2312
265
3083
16
411
1387
3910
277
867
302
10368
262
16
697
1387
3866
277
10368
304
1169
7977
420
3735
16
12146
55295
402
16556
17158
382
17484
277
39952
341
70876
16
277
10368
262
341
34901
2688
277
4607
8210
18
4790
2312
16
539
1008
304
17771
14299
277
39952
499
357
101037
344
273
499
277
7673
592
7977
17158
2312
35
2209
2650
1094
730
3083
3393
16
306
1850
297
10368
262
16
17158
1714
357
436
74224
1480
724
1169
468
357
17
21
18
2952
16
592
277
2312
7815
265
4124
1714
357
16
1232
357
1011
8830
16
20397
7977
17158
35
41729
592
277
2312
3672
277
10368
386
15422
12514
468
357
17
21
1616
1169
7977
16
386
1387
2299
265
699
4124
1714
357
16
697
1011
8830
277
1472
302
10368
262
304
387
7977
3591
35
2209
277
2312
341
5451
10368
262
16
713
277
10368
1714
357
344
48353
262
17
21
13
11751
468
357
17
21
18
461
4124
1714
357
341
7152
498
277
867
302
10368
262
17
21
306
277
3083
468
357
344
8781
341
4607
272
63
309
23923
3483
3083
2428
361
6816
592
278
1377
357
18
2209
592
278
341
516
357
16
1232
277
3083
468
357
341
38750
18
2586
277
4124
1714
357
8320
277
1656
18
8111
16
17158
1714
357
436
38750
382
54351
16
17158
1325
10368
262
2428
361
9175
592
277
1169
302
10368
262
3393
16
1480
277
1472
302
277
2475
10368
344
163142
468
272
1242
88
15
21
4106
2428
8830
382
27872
16
277
1603
341
39882
304
10368
262
306
11568
277
2165
10368
2350
13
3369
539
6018
265
1646
1207
277
39952
7883
16896
304
4607
344
77
3077
1278
277
867
302
8210
297
277
699
10368
499
910
699
1472
14441
277
4607
867
352
386
35758
680
957
341
3600
304
265
373
7044
4430
6
1207
539
17771
14299
277
70876
39952
499
277
1646
302
2312
3369
539
7196
265
2413
1207
277
867
302
8210
297
277
1843
10368
341
277
1656
396
277
4607
867
352
386
6857
1646
344
77
3077
1278
277
4607
39952
494
10368
1472
468
386
1646
674
277
1656
867
680
3092
386
1646
16
277
2518
302
277
39952
14441
382
4892
539
1387
687
52448
352
1450
3591
700
16
277
4607
10368
1472
344
77
3077
1278
697
10368
411
23812
304
13
306
277
4607
867
352
386
10368
18
5489
16
352
265
2312
468
278
16
539
530
37687
277
70876
1343
499
277
4607
10368
1472
302
278
344
10465
411
1472
872
13
402
277
11116
3083
16
306
539
530
911
42626
1701
304
4928
17771
187189
352
1451
278
25201
22124
35
2209
539
2188
569
1451
382
44125
539
530
911
265
164178
11405
52
898
5267
5047
498
344
4296
16
8588
13
689
1094
352
277
4607
1794
35
3557
2897
382
23928
277
15924
16
8696
539
1196
62356
277
2746
6434
30
373
6534
277
2165
1154
16607
306
194863
16
7095
3138
277
1154
4546
306
1717
616
277
6292
18
1995
5677
4222
59947
5533
213288
11164
6
3578
499
387
17409
3167
1207
539
1008
304
6496
2363
386
19553
2688
6292
18
461
6292
2549
3018
70305
18
99008
277
4655
4377
341
516
2769
29313
31
8696
277
16981
436
2164
3811
386
265
25485
504
4020
535
225
1670
535
307
13
4377
19553
1480
307
6758
225
1296
35
2209
277
194863
4060
225
21
6758
6441
2350
13
6758
225
622
66
24
18
9405
225
622
79
18
504
4020
66
22
13
341
225
1296
49
16
697
2428
361
98681
689
9745
402
11636
306
96898
411
1387
1717
35
2952
16
402
225
1670
5980
16
1850
225
22
18
26
38
16
10098
516
382
2608
8696
277
6292
436
516
616
14774
41597
31
8696
724
436
2164
18
2952
16
539
1196
10987
14774
41597
382
20822
16
277
2746
2428
361
499
2130
305
3854
35
342
19877
265
2746
373
44912
7551
302
4012
1992
4790
4032
12343
6
420
2761
3600
35
2964
516
2897
382
19477
3612
4625
30
2278
341
265
2746
373
44912
7551
302
4012
1992
4790
52516
4032
21567
6
8696
35
342
19877
265
2746
1207
385
530
2312
730
3083
306
1232
385
1008
304
17322
983
5412
402
468
1210
399
9746
8210
16
306
385
1587
2687
1435
302
5412
18
342
1761
5361
4156
2761
1013
386
18
99008
277
4377
5119
38474
402
250584
689
399
341
2164
35
2209
399
530
361
778
304
225
1670
16
689
8696
539
530
6035
386
399
341
468
1210
225
1670
16
689
277
1794
4354
341
225
622
66
24
18
22547
903
361
265
4377
1347
38474
402
1889
20692
1207
277
8588
341
1094
778
304
225
22
54588
16
689
399
1387
361
778
304
225
1670
16
697
341
2502
1451
18
2209
8696
539
530
911
265
1497
38474
30
7517
539
1094
2312
730
3083
16
539
1387
1994
277
4607
1794
306
2050
304
1565
1207
539
530
7747
265
4124
382
13617
3592
30
461
70876
17322
15837
20789
468
10690
1207
277
1843
867
302
9746
8210
341
7662
399
306
277
2475
3083
341
516
297
386
867
18
2586
592
539
1587
304
3764
277
1435
302
48112
16
539
1008
304
2299
4728
20789
18
2933
20789
530
361
4202
498
3130
265
3083
468
265
2413
1175
386
277
30576
10368
494
867
2287
341
399
306
277
3083
341
5536
386
867
344
664
386
265
4124
9848
1714
411
733
420
498
3130
265
3083
1175
386
1325
2291
411
16
277
867
2287
7883
399
306
277
2475
3083
341
5536
344
664
4124
1325
411
680
41729
1804
2299
20789
382
681
277
4607
1794
16
20789
5181
468
10690
1207
492
4550
12413
18
1437
539
2312
265
3083
16
539
530
12146
2299
699
20789
468
10690
1207
15422
277
4550
1645
516
3855
16
306
851
11568
5909
20789
344
359
277
2312
52076
265
4124
680
1283
1587
304
29093
2204
3764
382
4892
539
530
2050
304
12476
352
1450
2413
278
306
1450
2731
13293
274
16
1030
1451
20789
436
4202
420
8045
382
25790
539
530
17208
352
1450
2413
278
16
277
4607
4124
4056
468
278
344
77
3077
1278
3473
903
341
265
4124
1714
278
16
306
3473
903
341
265
4124
1325
278
13
2387
366
277
4607
39952
18
5489
16
1325
2312
16
539
530
17208
699
4124
4056
468
278
306
468
278
15
21
344
29753
1731
436
277
1094
10690
7305
4124
4056
530
2312
16
1480
20789
20362
2428
8830
689
725
5657
1991
874
2312
35
41729
592
539
3746
277
4124
468
278
16
1232
277
4124
468
278
15
21
2428
3456
265
4124
420
516
16
9305
18
2209
20789
3310
3624
1387
851
361
9175
1480
277
10368
18758
8830
16
689
277
4550
352
20789
468
1731
10690
10549
366
277
8210
306
277
867
16
697
874
2312
2920
304
277
8830
18
2952
16
9745
539
530
1436
386
1094
20789
468
10690
278
306
278
15
21
436
9175
16
306
277
2518
302
277
20789
1325
278
15
21
4317
277
1656
35
16473
1310
402
2024
382
28354
30
272
2371
390
27193
747
399
33
22
18
20313
20789
35
16473
17208
30
1472
468
225
20
30
867
11616
388
17
700
33
20
30
1585
489
69
747
867
2287
225
20
32
22
1117
919
16
867
29183
69
11
21224
17
700
33
21
30
489
71
747
867
2287
21
32
22
1117
919
16
867
29183
69
3949
71
27076
2287
22
388
17
700
33
22
30
489
71
747
867
2287
22
16
1585
297
867
1117
919
16
867
38750
388
17
700
33
23
30
489
71
747
1656
388
17
700
33
24
30
489
69
747
867
2287
22
16
1585
297
867
1117
919
388
6109
302
1794
16
840
4124
1714
1169
18
2586
4607
20789
30
5023
35
41729
539
1008
20789
890
539
13530
265
3083
516
297
867
306
867
2287
1377
399
18
5378
468
700
33
22
16
867
2287
33
22
16
1585
489
71
11
297
867
16
713
840
4124
18
3092
700
33
24
16
867
2287
33
22
16
1585
489
69
11
297
867
18
2586
840
4124
18
2586
4607
48112
351
225
21
344
29753
840
20789
680
2586
20789
1568
341
8295
382
7525
2312
468
278
33
22
304
489
70
747
539
3289
20789
468
10690
1714
3591
22
35
41729
17158
30
373
390
728
373
13710
728
373
69
3210
2586
20789
5181
1714
3591
22
344
29753
699
10368
10626
468
225
22
13
306
1714
3591
24
344
29753
699
10368
10626
468
225
24
680
610
4249
302
4124
10690
344
2640
1207
699
10368
10626
733
20789
468
225
22
306
225
24
18
2586
20789
1714
278
344
2640
22
13
341
1641
16
306
1325
278
35
41729
1325
278
16
539
569
4124
468
3591
24
697
341
1325
278
15
21
35
278
33
22
16
4124
468
225
24
341
1217
23864
3735
18
2586
20789
3310
3624
530
361
9175
18
2586
277
1603
530
67747
382
2608
8696
539
530
5879
277
1435
302
9175
20789
30
2650
1450
10368
341
7152
498
277
4550
16
306
1325
2312
16
277
39952
499
278
101037
2428
361
1497
16
689
539
1387
17208
411
1347
265
10019
386
14655
5739
3369
277
1889
58381
18
461
1435
302
5826
1387
361
778
304
307
16
689
352
1450
2312
539
2428
569
304
589
504
4020
680
2952
16
592
539
1343
616
3393
297
265
7795
1528
16
539
2428
4451
59706
382
26412
539
687
52448
352
1450
3591
700
277
4607
373
8831
4124
6
2413
2387
366
4607
1794
18
3483
341
16
352
1450
1472
700
16
539
569
205454
2943
65
351
277
3591
1207
277
2475
4124
9848
344
77
3077
1278
1472
302
2475
10368
680
957
530
361
19377
1347
35873
5702
396
4546
382
8311
16
592
539
2312
265
3083
468
278
16
539
1587
304
17208
277
699
205454
352
10626
6758
278
18
22977
539
530
4430
205454
2943
65
352
700
499
278
1652
304
225
20
123199
16
1347
910
3302
302
373
94598
6
9120
35
1563
1450
700
16
205454
2943
65
341
7152
498
25354
5739
499
700
3369
539
1511
265
3083
516
297
277
1843
867
890
867
2287
1377
399
18
461
1843
867
341
277
867
302
9746
8210
297
272
2943
19074
768
2943
9085
35
41729
205454
2943
65
341
277
21820
477
1518
700
1175
386
3673
477
1377
307
344
432
13
420
272
13478
65
516
297
867
2350
2943
95679
6577
306
867
2350
2943
95679
6577
674
2287
399
18
2586
539
530
17208
205454
2943
65
1347
1217
42849
396
7977
382
2558
539
2312
272
35950
2315
1232
352
839
700
6758
278
16
277
85523
272
2943
58985
3393
468
2413
278
18
2586
205454
2943
65
2428
2312
18
2952
16
539
1387
17771
14299
205454
2943
65
352
616
700
499
278
1652
304
225
20
1347
265
3302
302
13623
48780
386
111781
277
4607
205454
2911
306
277
2312
382
81740
30
205454
2943
65
10549
366
277
867
302
8210
297
272
2943
95679
65
352
477
297
344
77
16
205454
2943
55806
1437
539
2312
272
35950
65
499
2462
304
699
16
277
1094
222720
386
2312
436
1731
386
2549
278
18
1563
700
6758
278
16
277
10368
499
700
304
205454
2943
27225
21
874
2549
278
18
1437
205454
2943
65
6758
278
16
1232
277
2312
1414
516
3910
205454
2943
65
1480
277
10368
11751
1714
278
18
2586
1094
1731
700
1207
205454
2943
65
1518
278
1387
361
9175
18
1563
1731
700
16
277
699
205454
113737
77
65
642
361
19377
2387
366
277
11116
3083
382
2558
539
1387
17208
352
1450
700
277
1603
302
9212
272
35950
65
366
205454
2943
65
19792
16
9745
1347
687
105464
1478
819
277
4607
1794
16
539
1387
1232
17208
277
699
39952
10626
6697
382
2608
539
1008
304
17208
277
2983
1435
302
20789
352
277
11116
1794
18
461
1435
302
20789
341
15837
277
1435
302
3041
539
1472
265
699
10368
344
87026
1472
468
225
20
680
3483
25782
277
1435
302
23864
700
344
21
6758
700
6758
307
13
1175
386
700
341
265
10368
1472
344
77
3077
1278
700
341
6792
304
205454
63
19821
13420
65
352
910
3733
1472
680
1437
539
569
277
1568
302
10368
10626
1325
2312
16
539
530
1682
20789
382
71093
16
539
1387
17208
277
1435
302
17158
5502
498
85242
499
225
20
16
689
1347
205454
113737
77
65
47776
382
4892
592
539
530
17208
277
699
10368
10626
1325
265
2312
16
539
530
1682
1019
382
27872
16
352
1450
12578
2312
344
84
25201
733
539
1008
304
17208
277
699
10368
10626
18
1283
1387
17208
1019
498
6857
499
225
20
306
2165
205454
11
47776
3369
539
6018
307
18
2209
205454
113737
20
65
2428
361
1497
499
4607
205454
63
20
1807
1283
1008
304
17208
205454
11
352
23864
386
436
10368
10626
344
8781
436
265
22517
680
2952
16
539
2428
516
1287
277
699
10368
10626
2142
13131
205454
11
352
1451
23864
382
2608
8696
539
530
17208
277
699
10368
10626
498
85242
499
225
20
402
265
11116
1794
16
689
1347
277
4607
205454
2911
306
1094
24938
890
539
13530
277
6816
2413
18
7517
277
2312
341
468
278
16
277
15376
642
704
30
1472
468
225
20
16
1384
4607
205454
63
20
65
3369
539
3673
7196
265
10368
386
4059
278
420
539
1717
278
18
16473
27967
277
4607
10368
386
5720
278
30
4607
10368
1472
351
357
16
4607
1169
351
985
18
461
4607
205454
63
309
65
351
985
15
21
344
1833
1472
302
2475
10368
680
1563
700
460
357
16
4607
205454
2943
65
436
38750
1480
277
6816
3083
341
516
297
1731
222720
344
29753
724
1169
1714
278
35
41729
592
700
460
357
16
277
85523
272
2943
58985
4059
278
35
7517
278
341
297
648
309
16
985
2315
306
357
1518
700
35
41729
700
460
357
2767
700
341
297
265
10368
386
11751
1714
357
18
461
85523
272
2943
58985
4059
278
1094
592
700
6758
357
16
689
2650
700
460
357
16
277
85523
4059
357
306
101037
16
713
411
4059
278
18
2952
16
277
4607
205454
2943
65
352
700
460
357
341
19377
2387
366
277
4607
8210
16
306
411
2428
569
205454
2943
65
1518
278
35
99008
16
1480
277
10368
499
700
874
704
7835
278
18
1563
2024
16
297
4607
272
2371
390
27193
747
357
352
278
33
22
341
225
20
16
713
700
33
20
341
277
1472
16
205454
63
20
65
351
225
25
344
432
680
2586
205454
63
20
65
4059
278
18
2586
9212
272
35950
65
1387
3910
205454
63
20
65
396
1357
18
2586
17158
1714
357
1387
361
9175
592
725
205454
4059
278
18
2586
277
1603
1387
67747
41303
396
1357
18
610
3449
16
839
700
1175
386
4607
205454
2943
65
1518
278
1387
361
9175
16
1480
277
85523
499
700
304
205454
2943
27225
21
4059
278
18
3483
4059
1451
700
18
2586
1850
516
1060
277
10368
7824
278
382
27872
16
17771
187189
499
28252
5563
4778
382
23928
277
15924
16
9745
277
9444
4377
341
14233
504
4020
535
34481
535
307
13
689
402
96898
306
3836
2984
35
2209
307
33
622
66
24
16
307
66
22
33
1296
4364
16
697
297
11636
2428
361
98681
689
9745
402
12800
26220
306
4081
7154
411
1387
1717
592
277
5882
341
2674
306
539
1094
569
304
1774
265
2487
1310
4027
35
2952
16
277
2746
5224
10334
903
436
1451
1310
4027
344
3761
4059
1451
61405
680
2586
539
1008
304
5203
1019
616
19792
382
25790
539
530
5510
277
34481
498
71177
386
1094
8210
386
5230
297
272
5002
16
306
539
1094
1008
304
1994
9212
304
8210
386
436
516
297
277
1843
867
35
2209
539
2428
1008
304
2050
616
225
1670
382
13617
3592
30
7517
539
1094
2312
730
3083
16
539
1387
2489
411
396
539
436
6751
304
7650
277
3083
306
7747
265
699
730
18357
35
3557
7662
382
44125
539
530
63043
396
30
461
6756
1435
302
48112
341
6792
304
277
1435
302
373
245576
6
1207
539
530
5664
265
4124
498
3130
277
3083
468
386
2413
361
265
699
9746
3083
5657
304
277
30576
10368
494
867
16
2688
386
539
530
2312
730
3083
304
8047
386
18
957
7883
265
3302
302
16457
2746
382
25790
539
530
11199
1347
38474
402
1889
15739
277
1843
867
302
8210
297
277
10368
16
689
539
21957
277
867
304
265
13822
305
306
911
3655
2714
8942
71765
35
3557
4164
382
19477
2050
304
1761
302
277
2746
499
265
1497
10149
30
461
70876
17322
15837
118475
277
1435
302
17158
35
2523
16
1850
57272
16
516
17422
18
461
1094
6128
341
277
2312
18
2586
539
1008
304
5857
265
2312
304
29093
17158
382
25790
539
530
1761
302
277
4607
1794
306
17208
352
1450
2413
278
277
373
48353
13556
6
592
539
846
304
4124
903
18
2209
539
4273
71774
4124
31
20789
1998
22465
277
70876
6698
382
2110
1387
2050
304
17208
277
6756
2731
17158
498
11532
1450
2731
4124
1646
306
10811
592
539
530
6313
277
1794
304
1265
386
4124
4080
16
2688
386
539
530
2312
730
3083
18
5489
539
1387
2050
304
3985
396
1451
20789
396
2731
344
11317
221728
680
2209
277
70876
1343
9712
20789
468
3018
10690
31
539
4273
71774
5857
20789
18
2952
16
539
530
7828
1019
382
25790
539
530
4817
277
2746
983
265
5314
2746
30
1450
3083
2413
530
361
12658
265
699
3083
344
273
10148
1656
13
1175
386
890
539
1774
277
70876
8860
16
539
771
265
3166
1435
302
17158
18
1283
1587
304
29093
17158
402
468
1210
730
2312
18
957
341
1013
265
730
62121
17422
382
2110
1387
2050
304
911
265
373
27982
44415
6
4158
304
17208
277
4607
39952
16
306
1232
352
1450
2413
278
16
539
1387
17208
277
1603
302
9212
272
35950
65
498
17771
187189
277
39952
499
278
35671
306
5739
35
3557
2897
382
23928
277
845
16981
352
492
2869
16
8696
539
530
5842
304
3138
265
4377
386
341
7434
3811
498
1347
42626
1701
306
1094
17771
187189
4778
137045
18
7517
307
33
622
66
24
306
539
569
778
304
225
22
18
26
73
25
14430
16
592
1450
12578
5443
366
4488
504
249489
4020
1149
420
2336
16
411
1387
361
20672
18
2209
14774
41597
1387
361
504
4020
680
2952
16
9745
539
530
83337
30
1451
3393
642
6496
277
1656
11116
1794
35
1563
2024
16
9212
265
3083
304
265
3083
386
341
3402
1831
20362
2428
569
3600
1603
304
9212
304
2484
3083
35
3557
13375
382
25790
539
530
17208
352
1450
2413
278
16
277
12381
13293
498
25865
277
2326
3522
30
539
1094
1008
304
1994
8210
386
1387
3673
2299
265
4124
1714
278
420
1325
278
18
7517
277
1603
302
265
2312
530
1094
2299
20789
468
10690
1207
277
4550
7883
1641
16
697
436
5885
304
468
1210
1217
10690
30
278
306
278
15
21
344
273
8696
717
592
277
2312
7815
265
49424
680
2209
396
539
6974
297
277
2024
16
2312
468
3591
22
7182
20789
468
225
22
306
225
24
16
697
341
516
14492
1325
278
18
2586
277
1603
530
49424
1480
277
10368
4354
3393
382
2608
9745
277
49424
4354
341
5885
498
399
35
8801
277
10368
494
867
2287
341
468
1210
399
18
2973
539
2312
265
3083
16
277
699
10368
494
867
2428
361
1497
16
306
277
13845
17158
2428
361
7152
27698
18
2952
16
277
49424
1387
2188
361
1423
382
19477
5842
304
1930
387
8860
386
352
1450
12578
2312
344
84
25201
733
73422
277
699
39952
498
85242
499
277
1472
689
1347
687
105464
373
8831
4124
6
47776
386
539
530
4430
366
277
12643
402
265
3302
302
373
94598
6
1347
265
10368
6657
35
3557
39154
382
23928
277
16066
16
8696
903
341
265
31420
4377
30
7517
539
530
2312
468
1210
730
3083
16
277
6756
1435
302
48112
341
3673
277
4607
1435
302
48112
16
420
539
530
3764
411
498
468
1210
2761
18
14812
539
530
17208
277
6756
2731
48112
498
11532
616
2731
3225
89799
17979
306
1347
387
8860
386
10424
297
504
4020
535
225
1670
13
498
50178
277
1689
386
277
70876
17322
530
361
19377
297
504
4020
13
306
539
530
687
52448
2761
1013
352
1450
2413
700
16
277
373
8831
18168
6
302
1450
3083
16
697
5143
471
304
17208
277
70876
39952
6697
592
539
1287
277
6857
867
382
20822
30
1437
539
1472
265
10368
468
3591
700
402
387
4381
867
330
344
8781
341
3673
8295
420
265
83703
352
277
1058
3083
302
277
10368
733
1232
277
70876
8860
642
11536
30
411
642
2549
8210
396
1423
396
3673
367
55
96
460
399
420
277
3083
341
297
330
31
411
642
4124
1714
265
3083
386
341
516
297
330
306
367
55
96
1377
399
18
2586
277
1343
341
57272
2688
330
306
277
1794
499
700
382
27872
16
592
539
1387
687
52448
352
1450
3591
700
306
1450
2731
8588
374
344
188093
277
1843
867
302
8210
297
277
10368
16
402
2287
6758
399
733
277
1435
302
20789
499
700
101037
16
539
1387
12476
839
2312
498
6857
499
277
10368
1472
402
277
6527
8588
18
2952
16
277
1435
302
30456
341
8730
382
2608
8696
539
530
21957
277
8588
304
2761
7922
30
7517
277
8588
341
277
867
302
9746
8210
4156
713
3312
297
277
10368
16
306
277
10368
494
4354
341
114933
16
689
277
8588
494
2287
341
468
1210
399
18
2952
16
277
5772
9682
302
8210
13917
1480
890
539
13530
265
699
3083
516
297
8588
16
539
4124
592
367
24986
96
1377
399
18
2586
277
8588
494
9998
13917
18
1563
2024
16
592
8588
351
391
69
19230
97
306
2475
1585
341
274
16
539
4124
18
1437
8588
351
391
69
25201
2547
1656
18
2586
839
8588
302
2287
399
642
4124
366
839
1585
516
297
8588
18
2586
352
30456
302
2287
460
399
16
724
530
24445
839
699
1585
2142
13086
18
2586
277
5814
10549
1094
366
277
2287
302
277
8588
306
3473
277
1585
341
297
8588
18
2209
5522
30
1563
30456
302
2287
460
399
16
8811
265
699
1585
9063
277
2287
16
306
1232
13845
57697
386
436
516
297
277
699
8588
2428
3866
265
4124
1094
592
1325
8811
16
277
2287
7883
399
306
277
2475
1585
341
516
297
277
8588
18
2586
277
5204
9998
13917
352
3687
20789
1480
277
867
302
8210
386
436
4800
373
264
8588
6
20325
697
3687
57697
3866
20789
18
2586
539
1008
304
1287
277
3018
867
382
10917
16
8696
539
530
6035
386
277
8588
1094
13917
297
10380
304
277
8210
539
642
13530
3735
18
1437
539
1387
687
52448
352
1450
2413
700
16
352
1450
3083
274
16
3473
274
642
5230
297
277
3687
1714
265
4124
35
3483
1387
361
1161
304
17208
277
1603
302
265
2312
382
13617
5618
30
7517
399
6758
225
1670
16
539
1387
911
265
13822
305
304
3087
277
8588
16
306
911
42626
1701
402
265
20078
18
461
2983
1435
302
9746
344
77
16
8588
13
15278
386
5181
1919
277
5993
302
277
4607
1794
2428
361
5885
18
2209
352
265
6816
1794
16
539
2428
569
699
30456
18
2952
16
8696
539
530
18328
386
277
1435
302
9746
30456
3796
616
2731
17979
341
2188
64594
1480
1450
8588
341
7152
498
265
867
302
8210
386
5230
297
910
85523
302
277
4607
1794
18
461
4607
1794
674
468
1210
225
1670
9746
11807
16
306
277
867
302
8210
386
530
5230
297
839
85523
341
468
1210
225
1670
18
2586
277
1435
302
2731
30456
341
468
1210
225
22
66
1670
16
697
341
8730
16
689
277
1435
302
30456
386
3757
5230
297
839
85523
302
277
4607
1794
2428
361
1687
7922
35
14994
265
1794
386
5720
616
225
1670
11807
18
461
1435
302
9746
50104
386
530
5230
396
277
867
302
8210
297
910
85523
1387
361
396
2927
396
4455
1242
77
33
20
6165
1670
97
346
12
1670
25478
13
351
225
22
66
1670
16
1480
352
839
22517
16
903
8654
265
85523
386
5720
7662
1731
8210
35
3557
13375
16
689
1850
2731
592
277
1794
341
16446
304
569
1450
22517
5230
18
1563
2024
16
265
1794
386
14215
616
11807
297
910
1991
16
306
498
4738
222720
385
530
771
3453
50104
18
2952
16
304
771
616
50104
16
17668
1008
265
1794
386
5720
1450
7330
468
2750
3984
16
306
385
530
3985
222720
386
2549
839
7799
302
11807
592
724
5230
297
387
1991
386
5143
386
18
41729
16
592
277
1794
674
616
225
1670
11807
16
385
530
1863
265
85523
386
4059
265
3018
22517
498
6857
468
277
1058
18168
302
730
302
277
11807
306
17299
468
277
2009
18168
302
2484
16
396
1423
396
616
11807
297
277
22517
5230
1360
1019
18
887
2428
361
2731
304
13534
1451
50104
16
689
516
13375
616
18
21209
16
277
1435
302
50104
1387
361
2927
382
2608
8696
539
530
911
277
1689
386
277
70876
1343
1094
41474
819
277
867
302
8210
4156
713
3312
16
306
277
867
1094
25409
344
273
114657
680
2586
277
6917
302
30456
17398
352
265
2688
6857
3591
700
341
119870
297
4249
302
867
21032
30
411
10626
402
8295
16
1232
15013
8210
730
498
730
344
273
47776
890
4347
9746
5230
680
2586
277
1435
302
9746
30456
17398
352
265
2688
700
341
468
1210
277
1435
302
17158
499
700
16
697
341
468
1210
307
23759
18
2586
2983
898
616
700
1387
361
504
4020
66
22
13
297
14774
1690
16
697
341
225
21
73
28
18
9405
8696
98681
689
9745
539
530
911
38474
402
42626
1701
306
11057
2527
352
344
77
16
8588
13
3796
1497
17979
35
2209
277
8588
341
3018
304
277
1794
344
29753
8210
5002
680
1437
539
2312
265
3083
16
277
30456
642
361
1497
18
2952
16
539
1387
2489
277
1794
396
265
4425
306
17208
352
616
2731
344
77
16
8588
13
1347
38474
386
6582
277
1794
297
13623
1991
16
24284
352
1450
700
306
8588
277
1435
302
20789
499
700
2688
386
277
1843
10368
494
867
341
8588
18
957
38474
1011
569
2287
307
535
1435
9414
142438
18
1437
1435
9414
142438
341
8730
16
516
31975
382
2608
8696
539
530
911
265
1497
38474
30
7517
277
8588
2287
6758
399
16
306
399
6758
225
1670
16
689
539
1387
21957
277
8588
498
15739
411
396
265
19842
1568
302
8210
35
3557
9734
382
23928
277
15924
16
9745
277
9444
4377
341
3757
504
4020
535
34481
13
1347
265
38078
16491
30
461
6756
1435
302
48112
1325
468
1210
730
2312
341
6792
304
277
4607
1435
302
48112
4171
277
1435
302
10690
1207
539
530
2299
265
4124
498
9212
265
3083
304
265
3083
516
297
277
1843
10368
494
867
16
689
1094
592
277
10368
494
867
2287
341
399
18
1533
539
530
17208
492
19792
498
687
133079
352
1450
2413
277
373
48353
867
6
306
3473
265
4124
1387
361
13238
382
19477
5842
304
32012
387
5652
352
277
1435
302
48112
1325
2312
382
54641
4607
39952
30
20789
108184
351
10690
1207
265
4124
9848
344
77
3077
1278
10368
1472
23864
1518
20
680
4214
20789
108184
8962
351
6441
3323
7566
108184
13
351
48112
108184
506
225
21
382
8311
16
1994
539
2312
272
35950
65
304
274
18
461
699
39952
874
569
4728
20789
18
22547
539
17208
277
699
20789
498
25865
277
4607
20789
306
277
1603
302
277
2312
35
22977
277
1094
20789
386
530
2312
436
1731
468
10690
6758
278
15
21
35
8801
839
4124
7835
386
341
7152
498
277
35758
6857
499
910
4124
386
341
6758
278
15
21
35
3557
2897
382
19477
37687
265
2312
386
7815
265
4124
468
2413
4787
1518
278
15
21
18
610
2024
16
278
33
22
16
4124
468
225
24
1518
278
15
21
18
2586
4124
7835
278
15
21
530
5230
382
8428
1414
4124
468
225
24
5230
35
8801
1325
2312
16
277
10368
7824
278
11751
7977
344
271
3591
225
21
733
306
277
2475
10368
10626
468
3591
225
22
18
5489
499
3591
225
22
16
277
70876
1343
22699
265
10368
386
11751
468
3591
225
23
344
29753
373
13710
6
674
9746
391
70
25201
97
2287
225
22
16
306
2475
1585
468
3591
24
341
489
69
11
697
341
516
297
391
70
25201
97
306
867
2287
1377
22
16
713
4124
1714
3591
24
680
2586
277
4124
468
225
24
341
265
1193
302
277
699
10368
6857
468
3591
22
306
277
3083
468
3591
24
18
2586
277
4124
468
225
24
341
15837
7152
498
277
699
10368
494
867
306
277
3083
468
3591
24
18
610
277
4607
39952
16
903
540
840
4124
468
225
24
1480
277
4607
10368
499
3591
22
304
3591
24
35
41729
4607
10368
499
3591
22
344
71
13
304
3591
24
344
69
13
1078
867
391
71
28919
105323
26128
4607
272
2371
390
27193
3026
23864
30
20
59956
16
21
53063
16
22
53063
16
23
53063
16
24
59956
18
20313
17158
30
730
10368
4425
1794
16
867
391
69
25201
7342
2523
4124
468
225
24
18
2586
277
4124
468
225
24
8615
1480
277
699
10368
6857
468
225
22
674
867
391
70
25201
97
306
277
3083
468
225
24
341
489
69
11
697
341
516
297
386
867
306
867
2287
1377
22
18
2586
277
4124
468
225
24
341
2920
304
277
699
10368
494
867
306
277
3083
468
225
24
18
2586
277
4124
468
225
24
341
516
5502
1325
278
16
689
1325
278
15
22
382
27872
16
277
1603
530
67747
71774
3312
592
277
699
10368
494
867
35864
499
4607
16
12267
13845
20789
304
8830
382
2608
9745
539
530
5879
277
34612
30
461
699
10368
494
867
341
7152
498
277
8210
499
969
1472
778
304
910
1646
18
3483
867
341
265
22517
302
277
8210
386
5230
297
277
35758
6857
468
386
1472
18
1437
539
2312
730
3083
16
277
699
10368
494
867
530
1094
1173
499
277
4607
10368
494
867
297
265
5885
1528
18
14812
539
530
687
52448
352
1450
3591
700
16
277
373
5124
6
302
277
4607
10368
6857
468
700
344
77
3077
1278
277
867
302
8210
297
277
10368
386
1011
361
4582
592
539
4881
265
10368
468
700
680
9405
7662
277
867
302
9746
8210
297
272
2943
19074
768
2943
9085
344
4271
205454
2943
65
341
277
4607
2475
4124
680
5489
16
592
539
1472
265
699
10368
468
700
344
32321
304
2312
733
277
70876
1343
642
1384
265
3600
2481
689
402
11568
1497
867
382
2558
539
1387
17208
352
1450
700
16
277
867
302
8210
386
1011
361
297
277
10368
592
539
1472
468
700
402
8295
867
344
77
3077
1278
277
4607
10368
494
867
733
306
851
277
2475
4124
205454
2943
2315
1232
592
539
2312
265
3083
2223
386
10368
16
539
2428
361
2948
304
17208
277
699
10368
494
867
306
699
205454
113737
77
65
1347
910
48747
1557
382
2608
9745
539
530
17208
352
1450
700
277
1603
302
9212
265
3083
468
2413
278
366
277
10368
1472
700
498
1347
265
9120
1013
373
18548
10900
402
10368
6657
6
386
32125
277
867
302
8210
297
265
35873
5702
35
3557
2897
382
23928
277
845
16
8696
342
1196
2050
304
3138
265
4377
386
5119
42626
1701
302
344
77
16
8588
13
352
277
4607
1794
306
1232
352
1450
2312
16
539
17208
277
699
1193
498
373
269
80947
6
277
1343
689
1347
277
4607
42626
1701
1207
2731
18
7517
277
1435
302
344
77
16
8588
13
15278
386
5230
1919
277
5993
302
616
12578
14580
2428
361
64594
1480
30456
436
5885
304
50104
302
8210
386
5230
297
277
4607
1794
16
306
277
2983
1435
302
50104
2428
361
5885
2920
304
277
4354
35
2209
396
23069
16
1387
361
1451
382
19477
1310
14774
41597
30
272
5720
616
225
1670
11807
16
1450
32799
1451
3041
18
14994
616
2731
222720
30
903
436
504
4020
66
22
13
222720
16
1450
402
969
1902
867
302
9746
8210
18
2952
16
1451
222720
4451
277
1656
867
18
461
1435
302
9746
8023
3724
616
222720
1387
361
2927
689
8696
32344
498
2761
1013
504
4020
535
399
13
420
504
12
1670
535
2761
680
41729
16
277
1435
302
9746
50104
302
265
867
302
2287
282
341
468
1210
225
22
92540
16
697
352
282
33
1670
341
225
3284
4364
18
9405
2502
1451
18
2209
1011
265
1794
302
4354
225
622
79
3757
13534
225
3284
4364
9746
50104
35
99008
516
16
1480
304
771
265
22517
16
385
1008
616
8210
297
277
22517
304
5230
613
147670
297
910
1991
18
3398
5676
6158
16
1451
50104
642
5230
18
2209
225
3284
4364
341
3312
6892
936
307
66
22
33
21
73
28
16
713
1850
2731
386
265
1794
302
4354
225
21
73
24
1387
13534
1451
50104
16
8696
4515
304
225
22
66
1670
35
1098
19360
1480
1450
22517
6382
468
2750
396
1451
8210
396
277
22517
2287
18
461
2983
1435
302
222720
341
307
4020
15
21
5403
22
64823
225
25
73
27
18
8049
85523
530
6496
468
1210
730
867
18
2586
468
1210
225
25
73
27
9746
8023
1387
361
16734
16
697
341
2336
936
225
3284
4364
18
2586
297
14009
16
265
1794
1387
13534
778
304
5907
25
73
27
9746
8023
16
697
341
2927
689
8696
516
616
5230
297
5358
18
2952
16
954
8860
1011
1008
304
5203
778
304
225
22
18
26
73
25
14430
16
1450
20143
504
48872
302
9746
30456
25974
13
831
18
1437
1450
12578
1387
13530
778
304
504
4020
13
30456
16
4924
225
22
18
26
73
25
535
225
21
73
24
351
225
22
18
26
73
29
16
2502
1687
382
2608
8696
539
530
911
277
1689
386
539
1094
1008
304
12476
225
22
18
26
73
25
14430
16
306
539
530
687
52448
352
1450
344
77
16
8588
13
277
1193
352
277
4607
1794
16
306
1232
352
265
2312
16
539
1094
1008
304
17208
277
1193
352
30456
386
1173
499
277
4607
8588
498
468
1210
730
3083
2312
468
278
18
3483
2428
361
5885
382
13617
4610
30
7517
539
1094
2312
730
3083
16
539
1387
17208
277
39952
352
277
4607
1794
16
306
1232
352
1450
2413
278
16
539
1387
2050
304
373
10691
6
277
39952
498
20845
31198
277
867
18
22977
539
530
17208
277
6756
1435
302
48112
498
11532
616
2731
20789
539
530
2299
16
306
1347
265
38474
386
19720
1030
1451
20789
539
530
8047
402
730
2312
382
25790
539
530
2489
277
2746
396
30
539
1587
304
29093
277
1435
302
17158
18
461
70876
39952
341
57272
16
689
539
530
7828
411
498
9212
730
3083
18
957
341
3600
304
30
539
530
7650
730
3083
306
6754
411
402
2484
18
22547
539
2045
492
396
539
436
6751
304
7650
730
18168
302
265
3083
306
7747
2484
18357
1625
35
3557
7662
382
23928
277
15924
16
9745
342
1196
3612
352
3162
6763
2486
35
2209
396
387
8202
16
342
1907
569
4123
6645
16
689
342
2428
19877
3600
4066
18
2278
341
265
38675
164288
1395
2746
373
44912
7551
302
179605
6
402
399
9746
16
306
385
530
2312
730
3083
18
342
1761
5361
4156
2761
1013
386
18
99008
277
4377
5119
265
38474
402
5267
344
4296
16
1435
302
9746
1161
13
306
21229
277
1435
302
17158
16
306
277
2312
341
4800
498
5210
304
14637
730
3083
304
3673
1472
265
699
10368
420
1169
265
10368
382
19477
2050
304
1761
302
265
38474
386
73422
16
352
1450
2413
700
306
1450
2731
1435
302
9746
8210
1161
713
3312
297
277
1843
10368
344
72
733
277
6756
1435
302
17158
778
304
700
16
689
539
851
1008
304
1287
697
8210
569
961
1161
304
5827
3687
20789
18
2952
16
539
1387
21957
277
867
302
8210
1161
498
34155
386
1094
3473
265
3083
341
297
277
867
13917
16
689
539
1387
2489
1450
3083
28868
35
3483
5563
1013
265
1889
37147
382
2608
8696
539
530
911
265
38474
1207
539
2489
277
8210
396
3815
306
539
1094
2081
819
277
867
2287
306
277
2475
8210
35
3557
3811
382
13617
4158
30
7517
399
341
2164
344
26720
1670
733
539
1387
911
265
13822
305
304
3087
277
867
16
306
911
164178
11405
52
499
277
1169
18
1563
1450
2413
700
16
539
1387
17208
277
1435
302
20789
499
700
2688
277
1843
867
8588
18
2209
539
1387
17208
492
1347
265
38474
386
163704
700
499
307
101355
16
306
352
1450
700
16
539
1994
277
3083
272
2943
65
306
4430
5267
18
2952
16
277
1435
302
30456
341
8730
382
2608
9745
539
530
911
277
1689
386
277
8588
1094
13917
352
277
4550
890
539
13530
265
3083
516
297
8588
18
22547
539
2489
277
1343
396
265
17722
134660
402
5267
1610
277
1843
867
16
689
539
530
21957
498
34155
386
277
867
530
361
12240
396
265
250584
302
225
1670
13822
16
306
539
530
911
265
11924
4400
304
4793
1094
99164
5267
18
1563
265
2688
1794
262
16
277
1435
302
99164
5267
1919
277
70876
1343
499
277
1472
341
468
1210
277
1435
302
17158
344
8781
341
6758
307
13
4171
8696
910
4728
5267
352
18204
5826
35
41729
277
1343
6977
1257
5267
60166
30
1472
402
8295
867
16
1232
1325
1450
3083
16
277
867
3393
18
461
867
1094
3393
890
539
919
265
699
3083
344
126120
13
420
890
539
4124
306
12760
304
265
699
867
18
2586
277
1435
302
1889
30671
341
468
1210
307
344
29753
1450
3083
7815
265
6650
16
3673
21652
297
1656
867
420
96342
680
2586
277
1435
302
9746
5267
17398
297
265
3225
1774
341
468
1210
307
344
29753
1450
1889
21062
304
265
867
25974
468
910
1646
680
9405
1622
18
2586
352
265
2688
1794
262
16
539
530
37687
297
504
4020
13
845
382
8311
16
592
539
569
1451
12578
14580
262
386
436
1586
3600
344
213435
498
730
3083
733
539
1387
2050
304
37687
1450
499
28252
16
689
8696
539
530
4451
59706
498
42626
3736
277
15376
2527
352
93198
35
1563
2024
16
539
1387
17208
277
15376
352
277
4607
1794
16
306
1232
352
1450
2312
16
539
1387
5842
304
373
216285
6
277
15376
689
5088
890
539
7196
277
6816
3083
16
1232
4622
402
277
699
3083
16
306
1232
911
277
4607
15376
352
277
2518
592
277
1889
14441
382
98908
16
23907
539
569
4607
15376
30
539
1343
8210
730
498
730
16
14140
1889
344
7628
867
16
20789
1682
680
3092
1450
2413
700
16
539
569
1889
108184
2943
65
351
344
24986
7193
16
20789
7193
13
1207
8588
7193
341
277
867
1325
5993
700
344
77
24273
86006
306
20789
7193
341
2983
20789
778
304
386
1646
18
41729
20789
1682
341
1435
302
20789
25974
713
3312
344
77
3077
1278
1435
302
3041
539
4124
1714
5993
277
1843
3083
680
1283
530
4793
1325
5993
1450
3083
277
8588
306
35829
20789
382
2558
539
2312
272
35950
65
304
274
16
1232
352
10690
700
460
278
16
277
1889
1196
361
16896
304
4607
1480
277
2312
21506
11566
4427
18
3092
2413
278
16
277
4607
6650
2428
569
961
2761
31
1616
1850
1497
18
2586
539
530
1863
1889
108184
35950
17
21
65
344
1833
1889
1714
5993
2413
278
13
306
1232
5646
277
699
6650
344
5324
274
13
304
771
699
1889
468
278
16
306
699
35829
20789
18
5489
352
10690
1518
278
16
539
1387
4622
85242
1347
277
699
1889
16
689
539
2428
361
2948
304
37224
277
4607
15376
352
10690
1518
278
592
277
5267
3822
35
2952
16
277
1889
468
278
15
21
297
4607
2428
361
1497
499
1065
539
1011
771
402
277
699
3083
18
2209
539
1387
4622
85242
499
278
15
21
1347
277
699
1889
16
697
1011
361
3600
304
4607
689
402
265
1497
8588
468
277
1472
18
3483
15376
2428
361
1423
382
2608
8696
539
530
687
52448
265
38474
386
352
839
6857
1889
344
24986
13
468
2413
700
16
6632
277
1435
302
20789
499
700
304
1169
18
3483
38474
1011
569
2287
307
535
1435
9414
142438
16
689
9745
539
530
21957
1480
277
8588
468
2413
700
297
277
4607
15376
341
730
302
265
5885
867
344
1833
30456
17398
297
4607
680
1563
265
6816
1794
16
277
8588
468
278
2428
361
265
8588
386
35864
499
277
4607
8588
468
278
17
21
498
8811
123654
16087
274
18
461
699
8588
468
278
1387
361
730
302
265
5885
867
11470
499
4607
30456
35
99008
539
1387
17208
277
38474
352
616
30456
386
5230
297
277
4607
15376
344
8781
436
504
4020
13
1451
680
5489
352
265
2312
16
539
1387
1538
778
277
38474
1333
352
277
699
8588
468
2413
278
15
21
16
306
18636
402
20789
778
304
278
18
957
1011
3050
504
12
21
13
621
2312
382
19477
9492
492
30
1563
277
4607
1794
272
16
539
37687
277
70876
1343
306
3006
352
1450
2413
700
344
9503
5993
3083
700
13
277
8588
306
277
1435
302
20789
713
3312
18
41729
539
1008
277
8588
1714
5993
2413
700
344
77
3077
1278
277
867
302
8210
297
277
1843
10368
468
277
1472
302
5993
700
680
16473
8483
1375
6021
1472
23538
2943
65
351
277
867
302
9746
8210
297
277
1843
10368
1060
1714
5993
3083
468
3591
700
344
77
499
225
20
304
307
680
57998
1472
23538
63
20
65
351
8295
867
18
4790
5993
3083
700
16
539
569
265
699
8588
344
8781
7883
1472
23538
2943
15
21
65
352
2475
3083
680
6755
16
539
530
3006
4124
64344
2943
65
351
225
21
592
903
540
265
4124
1714
3591
700
344
77
34
20
680
461
2983
20789
351
4455
4124
64344
382
2110
530
17208
1472
23538
2943
65
306
4124
64344
2943
65
352
616
700
297
504
4020
13
352
4607
272
382
8311
16
23907
539
2312
272
35950
65
304
274
18
5489
352
700
6758
278
16
277
5993
778
304
700
341
38750
35
41729
352
700
460
278
16
277
8210
436
1656
16
713
1472
23538
2943
65
306
4124
64344
2943
65
1196
361
1656
396
4607
16
1480
277
1343
778
304
700
1414
516
16246
277
6816
3083
18
2952
16
17034
30
461
4124
64344
2943
65
10549
366
277
1889
1714
5993
700
16
697
341
7152
498
3733
8210
18
7517
8210
1714
278
436
38750
16
277
1889
1714
5993
700
344
1943
700
6758
278
13
1196
361
277
1656
396
4607
16
3419
386
277
10368
7824
278
1414
516
3910
7977
20789
35
2209
277
10368
7824
278
10626
468
910
357
6758
278
18
1563
700
460
357
16
1731
436
297
3733
17158
16
697
436
74224
1480
277
2312
341
1325
1019
18
2586
352
700
460
357
16
1472
23538
2943
65
306
4124
64344
2943
65
436
1656
18
1563
357
6758
700
6758
278
16
277
1889
1714
5993
700
2428
361
9175
1480
277
10368
1472
2428
2312
592
277
2312
7815
265
4124
7977
35
2209
592
277
2312
9848
468
278
16
306
539
436
1714
278
16
277
10368
386
5720
278
341
2188
277
1656
396
4607
3369
539
1343
277
6816
3083
18
2586
277
1889
1714
5993
700
344
77
460
278
13
1196
361
1656
396
4607
16
1480
277
1343
778
304
700
17
21
341
38750
16
306
277
3083
468
700
344
359
700
460
278
13
341
38750
16
306
277
4550
352
4124
468
700
10549
366
1889
1714
700
306
272
2943
1807
7517
1889
1714
700
341
38750
344
1892
25401
733
4124
64344
2943
65
38750
18
2586
12035
16
352
616
700
6758
278
16
277
4607
15376
778
304
700
17
21
6632
4309
1889
1714
5993
700
18
2586
539
530
911
4607
1472
23538
2943
65
352
700
6758
278
382
8311
16
468
2413
278
16
539
569
4607
1472
23538
35950
65
344
5124
1714
5993
4607
272
35950
24299
4607
3083
2462
18
4790
5993
2462
16
539
3289
4607
1472
23538
35950
15
21
65
306
8696
265
4124
468
278
344
13695
64344
35950
65
10799
592
4124
1714
278
680
610
277
699
15277
16
539
2553
1472
23538
35950
65
344
42021
733
689
539
1343
699
3083
274
4993
302
2462
18
2586
539
1008
304
17208
699
13420
23538
35950
15
21
65
306
699
88201
64344
35950
65
344
13695
1714
278
13
2387
366
1472
23538
35950
65
306
274
18
957
530
361
3410
297
504
12
21
13
498
13997
277
6650
6149
1375
23928
1843
8588
374
344
6118
351
367
49
180493
306
2475
3083
1150
344
71
2407
17
1437
367
49
96
460
399
30
1232
840
4124
16
699
8588
351
374
93970
391
92
21224
17
34988
592
1150
297
374
30
840
4124
16
699
8588
351
374
388
17
34988
147153
49
96
1377
399
306
1150
516
297
374
2738
1232
4124
1714
1150
9848
344
664
4124
64344
35950
65
351
225
21
733
306
699
8588
351
391
92
35957
27872
539
530
17208
699
88201
64344
35950
65
306
699
13420
23538
35950
15
21
65
6043
382
8311
16
352
10690
700
1518
278
16
277
5993
10995
499
699
13420
23538
35950
15
21
65
402
277
1794
272
35950
15
21
58985
344
4556
6195
16
1480
539
1094
6816
3083
468
278
680
2586
539
1008
304
37687
499
2413
278
15
21
101037
402
4381
8588
351
699
13420
23538
35950
15
21
1807
957
341
3600
304
277
4607
15376
689
402
265
1497
6857
8588
18
1437
539
1387
687
52448
265
38474
386
16
2688
265
6857
8588
374
306
265
6857
3591
700
16
13431
471
277
1435
302
20789
499
700
304
1169
344
77
3077
1278
20789
64344
352
23864
700
16
700
15
21
16
69585
307
17
21
733
1232
539
1387
17208
277
2983
20789
352
277
6816
1794
396
1375
12815
1623
7566
351
344
20128
20789
778
304
278
17
21
13
692
699
88201
64344
35950
65
692
38474
35950
15
21
4274
1815
13420
23538
35950
15
21
95702
4271
4607
20789
778
304
278
17
21
341
4455
302
4124
64344
2943
65
352
700
33
21
568
84
344
20128
680
41729
17034
30
20789
64344
2943
65
341
5047
352
700
499
225
21
304
307
396
4124
1714
3591
700
18
2586
2983
20789
351
4455
1242
77
33
21
6165
82
97
4124
64344
2943
1807
1563
4607
16
539
569
4607
1623
7566
351
4455
1242
77
33
21
6165
82
97
4607
88201
64344
2943
15032
2500
6816
16
539
569
638
17
1563
700
460
278
30
4124
64344
2943
65
1656
396
4607
388
17
3092
700
351
278
30
4124
64344
35950
65
874
361
1497
344
788
17208
699
88201
64344
35950
152446
17
1563
700
1518
278
30
4124
64344
2943
65
874
361
1497
1480
277
1889
468
1472
302
700
35864
18
2952
16
1131
20789
530
361
6202
498
38474
499
278
15
21
402
4381
8588
699
13420
23538
35950
15
21
15032
27872
16
2983
1623
7566
351
4607
1623
7566
26649
5912
1615
17
21
692
699
88201
64344
35950
65
692
38474
35950
15
21
4274
1815
13420
23538
35950
15
21
40830
1207
4607
1623
7566
26649
5912
1615
17
21
351
4455
1242
77
33
21
6165
84
17
21
97
4607
88201
64344
2943
65
344
359
278
19105
21
16
1625
225
20
680
8598
386
4607
88201
64344
35950
65
341
516
5101
1480
539
436
24916
411
402
699
88201
64344
35950
15032
8311
16
592
539
530
17208
38474
2943
4274
49
65
352
616
700
344
20
568
82
13
306
616
30456
374
386
1387
5230
16
1232
539
530
12476
839
2312
297
504
12
21
13
344
273
504
104505
25223
13
304
2050
274
680
7517
903
436
307
15
21
10690
700
306
778
304
225
22
66
1670
30456
374
16
4924
2502
1451
18
2952
16
6035
386
297
277
4607
15376
16
277
30456
386
5230
468
1450
700
436
5885
344
1833
1472
23538
2943
65
2911
680
6755
16
277
30456
386
1387
5230
1325
265
2312
468
278
436
11470
499
4607
30456
498
13997
265
6650
468
278
18
3483
867
2428
361
5885
18
22977
539
530
17208
38474
1094
352
30456
386
5230
297
277
4607
15376
420
530
361
10633
499
1731
30456
498
265
3225
3083
6650
18
3483
1387
361
64594
382
19477
27967
277
867
302
30456
386
5230
396
1472
23538
2943
65
352
700
499
225
20
304
307
297
277
4607
15376
18
957
867
2287
341
468
1210
307
15
21
344
29753
1450
700
674
265
8588
16
689
1451
874
14361
680
2586
468
1210
307
15
21
9746
30456
18
12620
16
890
539
2312
265
3083
16
277
699
8588
468
278
15
21
341
19377
396
265
1154
302
1472
23538
35950
65
306
274
18
1472
23538
35950
65
341
730
302
277
4607
30456
344
29753
1850
1714
5993
278
680
2586
699
13420
23538
35950
15
21
65
341
3673
1472
23538
35950
65
93970
391
71
97
344
359
367
6373
23538
35950
90667
460
399
733
420
1472
23538
35950
65
344
359
274
297
1472
23538
35950
65
306
367
6373
23538
35950
90667
1377
399
733
420
391
71
97
344
359
367
6373
23538
35950
90667
1377
399
306
274
516
297
1472
23538
35950
23923
2586
699
13420
23538
35950
15
21
65
341
3673
265
225304
302
1472
23538
35950
65
344
359
367
6373
23538
35950
90667
460
399
733
420
1472
23538
35950
65
5513
16
420
265
83703
391
71
7342
2536
1131
30456
436
3673
4607
30456
420
30456
386
530
361
6202
499
4607
30456
498
8811
730
3083
344
359
277
4607
8588
1078
2287
460
399
13
420
498
10607
265
83703
18
461
1435
302
2731
699
30456
3796
616
278
306
274
1387
361
2927
16
689
8696
539
530
5879
411
30
1563
1450
4607
8588
374
344
6118
6758
399
733
306
1450
3083
274
16
539
1387
771
778
304
2240
2731
699
30456
30
374
93970
391
71
97
344
359
367
49
99219
79
733
374
344
359
274
297
374
306
367
49
96
582
79
733
391
71
97
344
359
367
49
96
582
79
306
274
516
297
374
680
2586
3796
616
4607
30456
344
271
1210
307
15
21
13
306
616
225
1670
57697
16
277
1435
302
9746
699
30456
341
468
1210
344
82
15
21
5708
1670
183778
689
1451
69488
18
2952
16
277
1435
302
2731
30456
1387
2188
361
2927
16
689
9745
539
530
17208
38474
366
277
12643
306
11057
1094
4494
30456
382
2608
539
851
1008
38474
352
23864
700
1518
278
18
1563
1450
3591
700
16
277
8588
468
1472
302
5993
700
344
264
277
6816
15277
13
1387
361
839
8588
386
530
5230
297
277
4607
15376
1325
910
6650
35
41729
16
1325
539
17208
699
13420
23538
35950
15
21
2315
539
1232
4622
5993
499
278
15
21
18
461
30456
386
642
5230
1919
492
42178
436
7662
277
30456
386
5230
297
277
4607
15376
6857
499
3591
278
15
21
689
402
265
1497
4381
8588
18
2952
16
277
42178
499
278
15
21
101037
402
265
1497
4381
8588
341
15837
265
1497
1774
302
277
70876
8860
366
277
85523
272
35950
15
21
58985
402
4381
8588
374
351
699
13420
23538
35950
15
21
1807
957
1774
642
7324
265
6917
302
30456
306
20789
18
1283
1387
687
52448
352
1450
3591
700
306
1450
2731
8588
374
344
9874
1387
5230
396
1472
302
265
10368
13
277
1435
302
20789
499
700
304
1169
18
957
341
277
38474
539
1008
382
8311
16
1030
1451
344
77
16
374
13
15278
436
903
35
700
19797
499
225
20
304
307
18
374
19797
898
616
50104
302
11807
302
2287
6758
399
18
9405
8730
18
2209
8696
539
530
5510
1480
374
1998
361
1175
386
411
1387
361
277
1472
8588
302
265
10368
297
910
4080
1774
302
277
70876
8860
366
910
35758
302
277
4607
1794
18
2952
16
1325
265
2312
16
277
4381
8588
1387
361
839
8588
302
2287
6758
399
344
29753
539
1387
12760
304
391
71
97
697
341
2287
225
21
680
2586
58112
16
374
1387
361
839
22517
302
11807
302
2287
778
304
399
18
9405
2188
225
22
66
1670
382
27872
16
539
1008
2484
16623
382
25790
539
530
911
277
1689
386
399
6758
225
1670
16
689
539
530
2489
277
8588
396
265
225
1670
20495
11795
306
911
265
11924
4400
304
4793
38474
2911
1094
352
30456
386
436
3757
4494
1919
10393
302
616
3393
18
7517
903
436
468
1210
344
82
535
34481
13
12578
3393
16
306
1450
2312
6382
38474
352
468
1210
730
8588
344
1833
699
13420
23538
35950
15
21
24299
277
2983
1435
302
9746
344
77
16
374
13
15278
539
1008
304
17208
1387
361
504
4020
535
34481
680
8801
352
1450
2312
16
539
1008
38474
35950
15
21
4274
1815
23538
1807
699
23538
10549
366
278
306
274
18
2586
539
1387
687
52448
38474
352
616
700
306
616
30456
386
530
22522
396
699
13420
23538
35950
15
21
65
352
839
278
25201
18
3483
867
2287
341
468
1210
307
535
34481
535
344
21014
5980
680
16473
12564
30
1563
1450
278
16
1472
23538
35950
65
341
730
302
468
1210
307
15
21
30456
18
1563
1450
1175
8588
16
306
352
1450
3083
274
16
699
23538
530
361
730
302
778
304
225
23
21254
344
49
234553
95
71
97
592
367
49
99219
79
16
374
592
274
52711
49
306
367
49
96
582
79
16
391
71
97
592
367
49
96
582
79
306
274
5183
236
49
680
2586
352
1450
278
16
277
1435
302
2731
699
30456
341
468
1210
225
23
14
200303
16
689
1451
69488
3796
278
18
2586
2983
9746
699
30456
3796
616
278
1387
361
778
304
344
82
15
21
5708
200303
183778
2209
1450
699
8588
341
265
22517
302
11807
18
461
2983
1435
302
50104
302
11807
341
225
22
66
1670
16
697
341
8730
16
689
277
1435
302
50104
539
3757
7324
499
4607
30456
498
8811
468
1210
730
3083
1387
361
1687
7922
18
1563
1450
4607
8588
374
16
374
234553
95
71
97
352
367
49
99219
79
6632
50104
302
2287
778
304
399
15
21
16
689
374
2287
6758
399
16
713
374
234553
95
71
97
2287
6758
399
15
21
16
689
6035
386
1325
8811
274
16
277
8588
2287
1387
361
778
304
399
15
21
16
689
297
277
38474
539
1094
2081
819
30456
302
2287
6758
399
35
8801
277
38474
1889
344
24986
13
9423
277
1843
867
302
8210
297
277
10368
16
697
1998
569
2287
6758
399
344
29753
539
4124
890
2287
1011
3456
399
15
21
680
41729
16
277
8588
297
38474
341
277
867
1714
5993
265
3083
16
306
969
2287
341
468
1210
399
344
29753
539
3042
569
1518
79
297
265
10368
680
2586
374
674
2287
6758
399
18
5489
374
234553
95
71
97
1387
569
2287
351
367
49
63839
21
18
1437
367
49
96
460
399
16
1232
367
49
63839
21
6758
399
16
713
1850
4080
18
1437
367
49
96
1377
399
16
1232
374
234553
95
71
97
1011
569
2287
399
15
21
16
697
341
516
6751
396
265
1889
1480
539
1011
569
4124
1714
2291
274
18
2586
277
6650
352
367
49
96
1377
399
306
274
516
297
374
10025
304
265
4124
306
699
8588
391
71
97
344
6118
225
21
680
2586
14233
16
277
1094
699
30456
539
771
499
4607
374
436
30
374
5513
344
359
274
297
374
306
367
49
96
582
79
733
391
71
97
344
359
367
49
96
582
79
306
274
516
297
374
733
306
374
234553
95
71
97
344
359
367
49
99219
79
680
6755
16
592
367
49
99219
79
306
274
516
297
374
16
1232
374
234553
95
71
97
341
699
18
1437
367
49
99219
79
306
274
297
374
16
1232
374
38750
344
956
4924
1656
396
4607
374
16
3402
4800
680
2586
277
867
302
2731
30456
539
2428
1008
396
38474
5267
436
1375
17
2536
4607
30456
374
344
6118
6758
399
3098
17
1563
1450
4607
8588
374
402
367
49
96
460
399
16
352
1450
274
516
297
374
16
277
8588
374
234553
95
71
97
344
6118
6758
399
3098
17
1563
1450
3083
274
16
277
8588
391
71
97
344
6118
225
21
13
344
1489
341
9494
498
277
2946
592
903
8654
387
4607
8588
374
402
367
49
99219
79
35
41729
391
71
97
1387
361
6202
396
374
234553
95
71
97
1207
374
341
8295
35
2209
8295
8588
341
516
15422
1831
396
1472
23538
2943
128410
1472
23538
63
20
65
341
8295
16
689
341
386
4800
35
610
954
15376
16
1472
23538
63
20
65
351
8295
867
18
2586
8295
341
387
4607
8588
18
2586
391
71
97
351
8295
93970
391
71
97
592
367
9915
99219
79
16
697
341
2837
1641
352
399
19105
21
18
2586
391
71
97
341
3402
9494
498
374
33
9915
1690
18
2586
277
1094
4728
30456
7835
4607
436
1731
302
277
1027
374
234553
95
71
97
1207
374
341
387
4607
8588
402
367
49
96
460
399
306
274
516
297
374
18
6755
16
9745
30456
386
22522
499
391
71
97
30671
436
3402
5101
382
27872
16
277
867
302
30456
539
2428
1008
352
38474
341
277
4607
30456
4171
616
30456
386
530
361
6202
498
8811
265
3225
3083
304
387
4607
8588
7305
2287
460
399
18
461
1435
302
4607
30456
341
468
1210
307
15
21
344
26720
225
21
73
24
15
21
680
1563
1450
1175
8588
374
16
277
1435
302
2731
44640
341
468
1210
344
1670
506
367
49
96
680
2586
2983
1435
302
12578
30456
341
4455
898
374
302
344
1670
506
367
49
96
680
610
14774
1690
16
592
539
569
1451
30456
302
3453
13241
16
492
1387
361
778
304
344
82
15
21
5708
1670
5907
225
22
18
26
73
25
16
697
341
64594
18
41729
16
592
539
569
307
15
21
9746
30456
16
1450
1387
11274
778
304
225
1670
16
689
1451
642
29513
18
2586
277
2983
9746
30456
539
2428
1226
1008
341
32344
498
225
22
66
1670
58112
16
689
34899
499
1131
7154
16
411
1387
361
778
304
504
4020
535
34481
13
697
341
5907
15316
79
18
9405
18597
382
29838
16
539
530
687
52448
265
38474
2924
352
616
4494
30456
468
1450
3591
700
35
2209
539
2188
569
700
13759
18
2952
16
6035
386
277
38474
352
265
2688
8588
374
468
3591
700
1094
10549
366
277
85523
499
700
101037
306
277
8588
374
18
1437
539
1587
304
3032
20634
38474
2943
4274
49
65
352
1451
344
77
16
374
733
539
1387
17208
411
1347
77647
402
42626
1701
16
306
539
1011
1094
17208
1731
386
436
4494
18
7517
277
2983
1435
302
4494
344
77
16
374
13
15278
2428
361
504
4020
535
34481
13
396
1357
35
16473
16216
382
2500
1450
2312
344
84
25201
733
539
1008
38474
35950
15
21
4274
1815
23538
1807
2586
277
20634
436
302
277
1027
344
77
16
374
13
1207
700
19797
499
225
21
304
307
344
29753
278
15
21
530
361
778
304
307
13
306
374
341
730
302
277
30456
499
277
867
4546
18
461
2983
1435
302
9746
344
77
16
374
13
15278
1387
361
778
304
307
535
344
5686
302
30456
13
297
14774
1690
16
697
1387
361
225
21
73
24
535
225
22
18
26
73
25
351
225
22
18
26
73
29
16
2502
1451
18
2209
9745
1451
22124
436
516
4494
1480
352
265
2688
700
16
1094
265
2487
30456
436
2731
396
1472
23538
2943
65
297
277
4607
15376
16
306
277
699
30456
539
1008
436
11470
499
1731
468
7977
10690
18
2952
16
38474
35950
15
21
4274
1815
23538
65
1387
361
839
8588
386
1387
5230
468
2413
278
15
21
297
910
1774
402
4381
8588
699
23538
18
2209
277
8588
468
2413
278
15
21
297
386
1774
341
7152
498
5993
8210
499
278
15
21
101037
18
461
867
302
30456
386
530
5230
468
2413
700
297
10424
402
839
6857
8588
2428
361
2927
382
2608
8696
539
530
17208
38474
2943
4274
49
65
1347
265
9120
386
6582
700
499
307
101355
306
352
1450
700
16
539
17208
38474
2943
4274
49
65
352
616
374
386
436
4494
18
1437
277
1435
302
9746
374
3796
616
700
341
64594
344
7846
504
104505
25223
535
2761
13911
539
1387
589
411
382
19477
1761
819
277
3920
302
277
38474
18
1563
265
2688
3591
700
306
8588
374
344
6118
6758
399
733
38474
2943
4274
49
65
351
1435
302
20789
499
700
304
1169
344
77
3077
1278
20789
1714
23864
700
15
21
16
700
15
22
16
69585
307
680
461
44262
1375
6021
1150
351
272
2943
65
344
20128
3083
468
700
680
5489
539
1994
6650
1375
2558
367
49
96
460
399
638
17
2523
4124
1714
700
15
21
344
29753
539
530
2549
1150
680
2586
38474
2943
4274
49
65
351
38474
2943
15
21
4274
49
93970
391
92
19667
388
38378
592
1150
297
374
30
147153
49
96
1377
399
465
17
2523
4124
1714
700
15
21
18
38474
2943
4274
49
65
351
38474
2943
15
21
4274
49
21265
38378
147153
49
96
1377
399
306
1150
516
297
374
2407
17
26119
1714
700
15
21
9848
18
2586
38474
2943
4274
49
65
351
225
21
692
38474
2943
15
21
4274
95
92
97
15032
6979
1690
30
38474
22965
4274
49
65
351
225
20
352
839
374
344
29753
840
717
8210
2570
1905
341
265
8162
44262
297
700
16
402
1889
374
18
1437
539
1387
17208
38474
2943
4274
49
65
352
616
700
306
616
374
19792
16
539
1387
3032
20634
382
8311
16
6035
386
277
44262
352
38474
2943
4274
49
65
10549
366
38474
2943
15
21
4274
21014
8588
1807
2586
592
539
1343
700
499
307
1652
304
225
20
16
539
530
17208
38474
2943
4274
49
65
352
616
374
592
539
569
38474
2943
15
21
4274
118711
352
616
374
18
461
1435
302
374
341
8730
18
2209
9745
539
530
21957
1480
277
6650
1094
5119
265
2487
30456
499
277
2475
1839
30
352
265
2688
374
306
3083
1150
16
277
2475
8588
341
3673
374
16
374
234553
95
92
2547
420
391
92
7342
2586
277
867
302
30456
99164
499
265
2688
374
341
2164
344
271
1210
225
23
680
2586
592
539
569
38474
2943
15
21
65
8805
396
265
4400
499
8588
304
1333
16
1232
539
530
17208
38474
2943
4274
49
65
498
4077
778
277
6527
30456
297
38474
2943
15
21
1807
2952
16
277
1435
302
30456
297
38474
2943
15
21
65
1387
361
2927
382
2608
8696
539
530
18060
386
277
30456
386
3757
5230
297
277
38474
344
77
3077
1278
386
436
99164
499
910
6857
8588
13
436
5885
1480
277
8588
2287
341
468
1210
399
16
306
277
8210
436
1094
1731
386
5230
297
277
35758
499
700
18
3092
2413
700
16
277
1094
8210
386
530
5230
297
277
8588
436
1731
386
5230
297
272
2943
58985
344
29753
277
8588
341
6120
499
8210
297
277
1843
10368
16
697
436
499
272
2943
30
23923
2586
277
8588
530
1094
3451
8210
386
5230
297
272
2943
214112
1737
539
704
41303
16
277
867
302
2731
8210
160138
35
41729
16
890
5993
499
307
101355
16
468
2413
700
16
277
3687
1794
341
272
2943
214112
461
8588
374
297
38474
2943
4274
49
65
9423
277
867
302
8210
3402
4156
297
277
1843
10368
1714
5993
700
18
2933
8210
1998
361
265
22517
302
277
8210
297
272
2943
58985
35
3557
13375
16
1480
277
10368
1387
1472
1714
700
16
689
297
38474
2943
4274
49
65
539
436
468
3591
700
402
8588
374
386
4902
499
3733
8210
18
2952
16
592
539
436
13131
38474
352
616
2731
374
16
539
1008
304
1994
616
50104
302
277
34481
18
2209
8696
539
530
8293
374
304
50104
302
277
867
302
8210
386
5230
297
272
2943
58985
1480
592
374
5720
265
3083
516
297
272
2943
125915
1232
411
530
3042
361
8045
344
29753
539
3042
1565
386
3083
1754
733
689
1850
2731
386
374
5720
265
3083
386
13149
7977
306
7258
5230
1754
18
9405
6772
31
277
8588
530
3451
8210
386
436
516
297
277
35758
18
2586
539
4273
8293
304
1094
8210
297
272
2943
30
15032
10917
16
8696
539
530
6035
386
277
38474
2911
352
30456
386
3451
8210
516
1831
297
277
35758
436
57272
30
2650
1731
8210
642
3042
361
25974
1754
16
277
10368
642
3042
1565
265
3083
5536
374
344
22795
11568
699
8210
499
35758
680
1437
277
8588
5720
265
3083
516
297
35758
16
1232
890
539
13530
265
3083
499
35758
386
341
516
297
374
16
592
367
49
96
1377
399
16
539
4124
306
12760
304
391
92
14700
7494
592
367
49
96
460
399
16
539
530
919
1150
16
24219
277
8588
18
2586
1850
2188
6964
382
4892
277
1435
302
30456
341
2188
8730
382
23928
277
15924
16
9745
277
2746
36033
265
31420
4377
30
7517
539
530
2312
468
1210
730
3083
16
539
1387
2050
616
2731
3393
306
17208
48112
1347
265
70876
8860
386
10424
297
504
4020
13
621
2312
16
689
539
530
3836
10085
592
277
1843
1861
341
3402
307
344
69066
2731
48112
680
461
6756
2731
48112
341
307
344
359
1450
3083
341
969
1902
10368
16
697
6382
399
33
21
306
616
16556
8210
1497
680
2586
592
539
530
8047
307
16
539
530
5088
18
2209
297
14774
1690
16
399
1387
361
225
21
306
1794
1013
373
95276
5635
6
344
82
33
21
73
24
13
1207
4607
48112
33
21
18
52516
730
3083
530
468
1210
3764
48112
304
35
1437
539
2312
730
3083
304
2761
1625
16
539
1387
2984
983
468
1210
225
22
17158
35
41729
402
399
33
21
16
1450
10368
530
569
1094
730
9746
3083
16
713
304
569
1450
3083
8156
16
539
1008
616
16556
8210
1497
18
52516
730
3083
530
7016
468
1210
1217
16556
69488
16
12146
5796
48112
498
468
1210
225
21
35
16473
16216
30
610
265
1794
302
616
489
36337
16
48112
33
21
18
1437
539
2312
730
3083
304
489
70
747
2132
468
2413
278
16
1232
539
771
4074
69
265
290
265
265
1424
702
461
70876
402
399
33
21
30
10368
499
225
20
304
1058
3591
1207
1585
35864
499
3733
35
41729
402
399
33
21
16
277
6698
30
1472
402
1058
1585
16
1232
396
1423
396
277
2475
1585
341
1656
396
1843
10368
494
867
344
8781
341
265
83703
733
2549
411
18
1437
2475
1585
341
1497
16
4124
1714
411
306
1472
699
10368
18
2586
402
730
2312
16
539
1387
771
468
1210
225
22
17158
30
730
10368
302
265
494
1714
278
344
359
278
34
20
13
306
730
1325
344
359
278
49669
17
21
680
2586
2687
48112
33
22
18
2586
277
3764
341
5885
18
610
3449
16
9212
730
3083
530
3764
277
1435
302
48112
498
468
1210
2761
1013
504
249489
4020
198576
3557
2897
382
25790
539
530
5879
277
1435
302
17158
386
530
361
4472
498
265
3225
2312
18
22547
411
361
386
277
6756
48112
1325
730
2312
341
468
1210
4607
48112
692
2761
1013
225
22
35
610
277
2024
16
4607
33
21
16
699
33
23
16
3764
302
225
22
18
12854
2024
30
489
92
36714
11
4607
33
23
16
699
33
24
16
3764
225
21
18
489
390
27193
11
4607
33
21
16
699
33
23
16
3764
225
22
18
489
69
11020
377
11
4607
33
21
16
699
33
21
16
3764
225
20
18
2586
3764
1387
361
225
22
18
22547
411
361
717
35
16473
2050
304
1761
302
265
15277
1207
2312
12651
1451
699
20789
18
19001
399
33
22
16
1794
30
373
377
121852
27181
18
20313
30
1058
10368
373
377
6
344
126120
265
19230
733
1232
2518
436
290
494
344
42021
396
867
733
713
1094
730
10368
18
12343
277
1058
489
69
11
304
489
71
58283
5489
10368
30
373
11123
26471
41729
1472
30
489
71
11
344
1510
391
71
28674
2475
489
70
11
147153
49
105862
21
32
22
13
2549
16
867
391
71
19230
7342
5489
2475
489
70
11
147153
49
105862
22
16
1585
297
867
13
2549
18
2586
2188
730
10368
18
3557
1451
20789
382
1974
819
265
1794
1207
903
436
1451
3242
20789
386
436
24279
498
730
3083
35
1563
2024
16
399
33
22
16
1794
30
373
69
290
265
290
265
290
123263
49884
265
306
290
18
3398
399
33
22
16
4425
1794
674
1094
265
19230
16
713
48112
33
21
18
1437
539
2312
730
3083
16
2132
277
1749
265
304
274
16
1232
1794
7883
373
69
274
290
265
290
8886
78311
16473
37687
30
1472
30
489
69
11
867
391
69
7342
2475
489
71
11
147153
49
105862
21
32
22
13
2549
16
867
391
69
25201
7342
2475
489
70
11
147153
49
105862
22
16
1585
516
297
867
35
290
516
297
391
69
25201
2547
713
4124
1714
290
680
2586
539
569
4124
1714
3591
22
18
5489
1472
699
10368
468
489
70
3026
867
391
70
7342
2475
489
69
11
147153
49
105862
21
32
22
13
2549
16
867
391
70
28919
7342
2475
489
70
11
147153
49
105862
22
16
1585
297
867
13
2549
18
2586
539
771
225
22
17158
18
21209
516
1451
382
1974
819
399
33
23
16
1794
402
1451
9746
11807
35
20313
48112
33
21
592
9746
6758
23
18
52516
730
7330
304
2761
1625
1387
2299
20789
468
10690
1207
277
699
7330
341
516
297
277
3733
10368
494
867
18
8049
4124
21062
304
265
2413
1207
539
13530
265
699
3083
516
297
277
867
1706
277
867
2287
341
399
18
461
1435
302
1175
10690
539
530
2299
341
5885
1480
1450
4124
6382
386
277
867
2287
361
7662
399
468
386
1646
18
4790
265
4124
16
277
867
114657
304
265
83703
16
713
277
2475
4124
6382
386
10368
304
6018
2287
399
1754
306
1232
13530
265
699
3083
18
2586
277
6756
1435
302
20789
539
530
2299
402
730
2312
2428
361
5885
498
277
1435
302
373
83
135162
6
297
277
1794
16
697
2428
361
504
4020
680
2209
530
539
2299
1451
20789
35
19001
399
341
2927
16
2132
225
622
16
306
277
1794
341
1175
386
903
436
1451
10690
1207
539
1387
4124
592
539
1387
2312
730
3083
304
361
265
699
9746
7330
5657
304
277
30576
10368
18
2209
1325
265
4124
16
277
867
114657
16
713
304
2299
2484
4124
539
1008
304
45414
399
9746
1754
18
52516
730
3083
530
1094
3910
730
10368
494
867
18
887
1387
3866
386
10368
304
1169
7977
16
6600
265
4124
18
5489
277
2475
10368
2428
851
1169
7977
592
277
6816
3083
851
16156
277
867
302
386
10368
35
2209
277
6816
3083
341
1094
730
2413
16
713
411
530
1094
5502
3910
277
10368
411
23812
304
18
2952
16
498
12267
387
7977
4124
16
277
1472
302
277
2475
10368
27596
16
697
1387
2617
386
2475
10368
304
851
1169
7977
16
12146
6600
4347
20789
18
957
1387
49424
18
610
277
2024
16
2312
468
3591
22
7182
20789
468
225
22
306
225
24
16
1217
20789
18
22547
411
3866
717
35
99008
592
277
1794
341
1423
306
277
2312
7815
265
83501
1603
382
26412
399
33
22
16
1794
30
373
69
290
274
290
265
290
274
290
265
8886
78311
14892
304
3368
382
25790
277
6756
3764
341
5885
498
2761
1013
277
1435
302
3041
277
4607
1794
1011
569
4124
592
411
1078
399
9746
35
3557
2897
382
23928
277
15924
16
9745
277
9444
4377
341
14233
504
4020
535
34481
13
498
1347
265
38474
402
13822
305
306
42626
1701
16
306
277
16981
436
1175
386
411
19553
18
342
19877
265
2130
305
3854
2746
373
44912
7551
302
4012
1992
4790
52516
4032
21567
6
689
2964
516
2897
382
19477
3612
4625
30
342
1761
903
341
265
2746
373
44912
7551
302
4012
1992
4790
52516
4032
21567
6
499
2130
305
3854
35
41729
16
342
19877
265
2746
373
44912
7551
302
4012
1992
4790
52516
4032
21567
6
8696
499
265
22662
18
342
2428
2050
304
19877
277
4377
4158
18
99008
411
5119
277
4610
302
373
359
539
2312
265
3083
16
539
530
1761
302
411
396
3673
539
1587
304
2299
265
4124
1714
411
420
1325
411
3210
1533
539
530
687
52448
352
1450
2413
277
373
8831
18168
6
302
1450
3083
16
306
1232
17208
277
1435
302
48112
1347
265
70876
8860
386
530
361
31951
297
504
4020
13
621
2312
16
689
724
24819
498
34155
386
277
1435
302
3393
539
1008
304
2050
341
5885
1480
539
1094
1008
304
1994
8210
386
436
3673
277
1843
3083
420
910
3018
8210
386
5230
297
277
1794
35
2209
2188
225
948
621
2413
382
20822
16
8696
539
530
5510
277
34481
498
38704
386
1094
8210
386
5230
297
272
5002
16
306
539
1094
1008
304
1994
9212
304
265
3083
386
341
3402
1831
297
272
16
1480
9212
304
265
699
3083
516
297
272
1387
361
31951
498
9212
304
839
3083
516
297
272
16
689
277
1603
1094
10549
366
3473
386
3083
341
297
277
1843
867
420
516
18
7517
277
1843
867
11775
302
8210
499
272
16
592
539
2312
304
265
3083
516
297
272
16
1850
15837
277
1656
396
9212
304
265
3083
386
341
516
297
277
1843
867
306
516
297
272
35
2209
277
1603
366
3687
17158
1387
5086
366
3687
53840
302
386
3083
18
1437
539
2312
304
265
3083
516
297
272
16
1232
386
3083
642
3042
5230
1754
16
713
411
642
2837
3866
20789
592
277
867
2287
341
399
306
277
3083
341
516
297
277
867
18
2586
277
1603
2428
361
3600
304
9212
304
265
3083
386
1414
516
5230
297
277
35758
18
2952
16
903
1387
361
1451
1175
8210
344
948
506
9746
2907
9750
680
2209
9745
539
530
2489
1019
396
11104
1480
277
12109
1094
10549
366
3473
277
3083
341
297
277
1843
867
344
8781
411
7258
361
13
306
3473
411
8615
3735
344
279
7258
680
2586
539
1387
5229
839
3083
516
297
272
396
265
16329
18
2586
539
1387
5510
277
1435
302
12578
3393
304
468
1210
307
535
344
126120
2907
9750
692
225
21
13
8696
18
2209
9746
2907
9750
1387
361
778
304
225
1670
16
2188
3600
382
2608
8696
539
530
851
6035
386
352
265
2688
2413
278
16
277
1603
302
9212
304
265
3083
274
10549
366
3473
274
341
297
277
1843
8588
344
6118
35
4115
22954
2586
539
1094
1008
304
1994
8210
386
436
3673
297
277
1843
8588
420
516
16
689
851
539
1008
304
1287
277
2287
302
277
8588
5657
304
399
18
7517
277
8588
341
3162
352
4607
16
539
1387
17208
277
12381
274
352
386
278
2387
366
277
8588
18
16473
16216
382
3884
2413
278
16
539
569
4607
1472
23538
35950
65
351
374
108184
18
4790
2312
16
539
1994
699
3083
274
18
461
699
4124
1714
278
344
77
3077
1278
4124
64344
35950
6577
10549
366
374
108184
306
274
396
621
6650
6149
1375
17
1437
367
49
108184
96
460
399
30
1232
840
4124
1714
278
344
29753
539
530
2549
274
2142
45844
399
680
2586
4124
64344
35950
65
351
225
20
388
17
34988
592
367
49
108184
96
1377
399
638
261
506
1437
274
297
374
108184
30
840
4124
1714
278
388
261
506
1437
274
516
297
374
108184
30
4124
1714
278
351
225
21
382
27872
16
352
265
2688
374
108184
16
277
1094
1528
304
771
265
4124
468
278
341
592
367
49
108184
96
1377
399
306
274
516
297
374
108184
18
610
386
1690
16
4124
64344
35950
65
351
225
21
18
25244
16
4124
64344
35950
65
351
225
20
382
8311
16
277
699
8588
1325
5993
278
344
77
3077
1278
1472
23538
35950
15
21
6577
341
638
17
1437
367
49
108184
96
460
399
30
699
23538
351
374
108184
93970
391
71
732
17
34988
592
367
49
108184
96
1377
399
638
261
506
1437
274
297
374
108184
30
699
23538
351
374
108184
344
29753
840
4124
465
261
506
1437
274
516
297
374
108184
30
699
23538
351
391
71
97
344
29753
4124
1714
16
306
699
10368
10626
402
274
994
4892
277
699
8588
341
7152
382
8311
16
277
2518
302
277
39952
344
3161
278
15
21
101037
13
10549
366
492
699
8588
306
277
35758
272
35950
15
21
214112
1437
539
1387
17208
16
352
1450
2731
8588
374
306
1450
3591
700
16
277
1435
302
20789
499
700
101037
16
539
1387
12476
382
2608
8696
539
530
17208
277
1603
302
265
2312
1347
265
373
101819
4173
6
4158
30
7517
277
2312
1094
16156
277
10368
386
5720
278
16
539
1387
17208
1030
1451
20789
436
6760
420
18766
498
53481
386
10368
18
30105
16
539
1387
17208
277
4607
1435
302
20789
20366
498
277
10368
386
5720
278
306
277
2165
17158
16
306
1232
17208
277
699
1435
352
386
35758
18
5489
277
2983
2312
341
344
1815
1623
7566
13854
1615
13
506
344
20128
1623
7566
13854
1615
733
4171
11568
265
4124
468
278
592
699
88201
64344
35950
65
35864
499
4607
4124
64344
35950
15032
6021
4607
69795
361
277
10368
386
5720
278
18
4214
357
351
1472
3591
302
386
10368
344
20128
733
985
351
1169
3591
302
386
10368
344
20128
680
5489
4607
20789
499
357
101037
344
15519
20789
2223
277
10368
35
41729
20789
1094
5181
468
18758
1360
17158
18
24904
265
10368
16
903
436
840
20789
18
2586
277
20789
20366
498
277
10368
357
306
3735
436
30
903
341
265
4124
1714
357
592
357
34
20
344
77
3077
1278
592
903
341
265
3733
10368
733
306
1232
20789
352
1450
13845
10368
1472
18
2586
2983
20789
499
357
304
1169
351
344
21
592
357
34
20
1625
225
20
13
692
1435
302
4728
10368
10626
1325
357
382
2608
8696
8392
30
2983
20789
351
1435
302
10368
10626
344
87026
3591
225
20
680
2586
592
539
530
17208
277
1435
302
10368
10626
1325
278
297
277
4607
306
699
16
539
530
17208
22072
382
2110
1387
687
52448
387
4173
2475
69795
13420
2943
65
351
277
3591
302
277
2475
10368
1472
1325
700
344
273
307
592
5023
680
41729
16
539
569
277
1568
302
10368
10626
18
1563
839
2413
700
16
539
530
1511
277
2475
10368
1472
6743
700
498
11674
3612
366
277
1568
302
10626
382
8311
16
592
539
2312
272
35950
2315
277
10368
10626
1387
2312
18
2952
16
8696
539
530
17208
277
699
10368
10626
498
11532
386
277
2312
530
1094
3910
277
10368
1472
386
15422
12359
278
16
306
11568
277
2475
2487
10368
10626
3369
539
7196
265
1646
1207
277
4607
10368
1472
2188
4229
18
957
10334
386
539
1387
37687
499
277
4607
10368
1472
357
5739
16
1347
277
699
3083
16
3369
539
3673
7196
265
2413
1207
277
70876
1343
1011
6496
277
1656
2475
10368
1472
396
4607
499
386
2413
18
3092
386
1646
16
539
530
12159
382
2110
1387
687
52448
352
1450
3591
700
16
277
373
8831
10368
1472
6
1325
700
297
277
4607
1794
30
205454
108184
2943
65
351
277
21820
477
1518
700
1175
386
477
341
265
10368
1472
297
4607
344
273
307
592
5023
680
957
341
15837
277
1169
302
277
10368
386
5720
700
4171
225
21
35
41729
16
592
700
341
5451
265
10368
16
277
2475
10368
1472
341
277
1472
302
277
2475
10368
16
697
341
985
15
21
18
2586
205454
108184
2943
65
351
205454
108184
63
309
65
352
839
700
297
648
309
16
985
1807
2586
539
530
17208
387
4173
205454
108184
352
616
700
297
504
4020
13
1347
1217
42849
35
1283
530
17208
277
10368
10626
1058
16
1232
352
1450
700
16
539
530
1511
277
2475
1472
6743
700
3874
11674
3612
420
687
133079
387
4173
2475
13420
1207
352
1450
700
539
867
2475
13420
2943
65
351
277
1472
302
277
10368
7824
700
35
3557
7662
382
2110
530
17208
387
4173
10368
1745
2943
65
351
697
10368
3591
700
23812
304
16
306
10368
14520
2943
65
351
1169
3591
302
386
10368
18
5489
2475
69795
13420
2943
65
351
10368
14520
2943
65
692
225
21
592
10368
14520
2943
65
692
225
21
341
265
10368
1472
344
77
3077
1278
1850
3673
307
420
277
1472
302
2475
10368
680
41729
16
10368
14520
2943
65
692
225
21
341
7662
277
1472
302
277
2475
10368
344
273
307
592
1850
277
2009
680
2586
539
530
17208
2475
94384
13420
2943
65
351
10368
14520
2943
65
692
225
21
382
27872
16
539
569
352
1450
700
16
277
2475
10368
1472
341
3162
344
20128
680
6013
16
592
539
2312
272
35950
2315
539
1008
304
17771
14299
277
10368
10626
499
910
1646
18
16473
8483
265
1154
386
2688
265
1472
3591
700
306
265
8588
374
344
15889
867
352
277
10368
733
6714
277
2475
10368
1472
1325
700
344
77
3077
1278
277
3591
1207
277
2475
10368
13590
680
957
341
15837
277
70876
1343
30
6857
468
700
402
867
374
16
539
13325
5739
3369
539
3673
12216
420
539
13530
265
3083
516
297
374
890
367
49
96
1377
399
16
1232
539
4124
1714
386
3083
16
306
277
2475
10368
10626
468
386
3083
18
2586
277
2475
10368
1472
341
3673
307
344
359
539
3042
4124
13
420
277
3591
477
1207
277
4124
9848
18
2586
539
530
17208
2475
94384
13420
18703
5802
16
374
13
498
85242
382
8311
16
592
539
2312
272
35950
2315
539
1008
304
17208
277
699
10368
10626
499
277
7673
3369
539
1717
278
16
1232
4622
18
2209
9745
539
530
17208
277
699
10368
10626
1347
277
4607
2475
94384
13420
2911
396
265
3302
302
373
26602
6
890
277
1889
14441
382
98908
16
539
1472
468
3591
225
20
402
8588
8295
18
1283
1384
277
4607
2475
94384
13420
63
20
65
304
771
304
277
1169
302
1058
10368
344
8781
341
4607
680
2952
16
2920
304
2312
16
277
1058
10368
2428
361
1497
18
2209
539
1387
5842
304
37687
499
277
7673
16
689
539
530
911
42626
1701
352
344
77
16
374
13
15278
382
23928
386
277
1435
302
344
77
16
374
13
15278
539
2428
1008
341
5885
1480
374
341
11470
499
4607
30456
498
8811
468
1210
730
3083
16
306
700
436
10690
1207
539
1472
265
10368
18
461
1435
302
10368
10626
297
277
4607
1794
341
468
1210
307
344
29753
1450
10368
1472
341
387
3591
680
41729
16
277
1435
302
10368
10626
341
468
1210
307
15
21
344
15519
225
20
680
2586
700
530
361
839
3591
386
341
265
10368
1472
297
277
4607
1794
420
1387
3456
265
10368
1472
1325
2312
18
2209
1325
2312
16
277
10368
10626
1387
361
1497
18
2952
16
539
530
5879
277
2983
1435
302
10368
10626
386
530
5230
297
839
12578
1794
304
504
4020
13
1480
1450
10368
1472
21062
304
265
2413
1207
539
4124
16
306
20789
530
1094
4252
468
10690
1207
265
3083
341
516
297
277
1843
867
306
867
2287
1377
399
18
3398
730
2312
16
277
1435
302
20789
1387
3764
16
689
1450
4124
12651
265
699
10368
1472
18
22547
277
1435
302
10368
10626
3456
717
936
504
4020
15309
610
14774
1690
16
402
399
33
21
16
6756
17158
341
307
16
713
10368
10626
351
307
18
2586
1435
302
10368
10626
341
468
1210
307
15
21
18
2586
277
23864
700
386
530
5230
396
10368
10626
436
265
22517
302
391
20
55340
82
7342
2586
468
1210
307
15
21
2731
700
2911
382
27872
16
352
839
12578
1794
16
277
6917
302
10368
10626
341
265
138394
302
23864
16
402
468
1210
307
15
21
5015
18
8111
16
592
539
1387
17208
352
1450
2731
700
344
20
568
82
13
306
1450
2731
8588
374
344
9874
1387
361
277
8588
468
1472
302
10368
700
733
277
2475
10368
1472
1325
700
16
539
1387
2077
277
39952
498
6857
499
700
33
20
402
8588
8295
16
1232
27326
5646
492
2475
94384
13420
18703
304
12159
304
2475
1472
16
4115
382
8311
16
277
1435
302
344
77
16
374
13
15278
539
2428
1008
304
17208
1387
361
778
304
307
535
344
5686
302
30456
539
2081
819
680
2209
1435
302
30456
539
2081
819
2428
361
5885
1480
374
530
1094
361
30456
386
436
2731
468
10368
10626
18
2115
436
277
2731
30456
468
10368
10626
35
3092
265
10368
1472
16
277
8588
341
7662
391
21238
468
386
3591
97
344
29753
277
10368
13590
402
386
3083
680
8801
1325
265
4124
16
539
1472
265
699
10368
402
277
3083
386
7182
277
4124
344
1833
3083
468
277
4124
2413
680
2586
277
8588
468
277
1472
302
265
10368
341
2837
265
83703
867
7824
277
1058
3083
302
386
10368
18
2251
386
2837
1641
35
16473
13561
402
277
70876
8860
30
2973
539
4124
1714
265
3083
16
539
1472
265
699
10368
402
386
3083
18
2586
277
4381
867
352
386
10368
341
391
9874
3083
7342
8520
18
6755
16
277
1586
1058
10368
10626
402
3083
468
3591
225
20
16
713
969
4381
8588
341
391
87
63
20
65
7342
2586
616
10368
10626
569
8588
6792
304
277
867
7824
277
3083
468
386
3591
18
8111
16
277
8588
468
265
10368
1472
341
2837
265
83703
5
9405
265
9019
16491
382
20822
16
341
411
2837
35
14994
277
1690
1207
539
569
265
10368
1472
468
3591
700
18
1882
1645
539
771
903
35
33043
700
33
20
16
420
539
4124
1714
700
18
461
4124
9848
890
539
13530
265
3083
516
297
277
1843
867
306
277
867
2287
341
399
18
3092
386
1646
16
539
1472
265
699
10368
402
386
3083
18
2586
14233
16
277
699
10368
494
867
341
7662
391
9874
3083
7342
2586
12035
16
839
10368
1472
344
15519
277
1058
13
674
8588
302
2287
225
21
344
53374
277
1794
341
8295
680
8111
16
277
8588
468
277
7673
302
1450
10368
341
2837
265
83703
18
957
73996
265
2942
3127
19477
4638
18400
402
7120
30
610
4607
489
390
27193
747
17158
30
1094
730
10368
10626
468
225
20
402
8588
391
69
7342
9177
18
610
6816
489
140825
1001
747
17158
30
1472
468
225
20
8588
391
69
2547
1472
468
225
22
8588
391
70
2547
1472
468
225
24
8588
391
69
7342
2536
2571
72517
382
681
489
92
36714
11
402
399
33
21
16
17158
30
1472
468
225
20
8588
391
92
2547
1472
468
225
22
8588
391
93
2547
1472
468
225
23
8588
391
94
7342
2536
2571
72517
382
27872
16
277
38474
1889
468
10368
1472
700
341
5207
277
3083
272
2943
65
344
273
277
6816
3083
680
7517
277
8588
341
1060
391
71
2547
969
2287
341
225
21
16
697
341
6758
399
344
29753
399
19105
21
680
2586
277
8588
341
2837
265
83703
382
1905
341
265
8730
96940
5
342
18391
492
7977
18
20987
16
1325
265
4124
16
277
10368
10626
402
277
3083
386
7182
277
4124
16
713
969
867
341
386
3225
3083
18
461
1058
10368
10626
402
272
63
20
2315
851
265
83703
382
29838
16
277
70876
1343
530
361
4546
21289
498
277
6917
302
10368
10626
306
277
8210
468
1731
10626
18
461
8588
352
265
10368
344
1833
867
302
9746
8210
2223
386
10368
13
25409
499
386
83703
396
539
2549
717
8210
16
3369
3673
539
6018
2287
399
420
539
13530
265
3083
516
297
277
867
306
867
2287
1377
399
16
468
697
1646
539
4124
382
27872
16
539
530
1761
302
277
39952
396
30
539
569
265
1568
302
10368
10626
18
25307
27399
10626
16
539
569
265
10368
344
50180
8295
35
2523
16
10368
674
468
2750
277
6857
3083
680
461
10368
499
1472
7193
304
1060
1714
1472
1242
77
15
21
97
344
148971
13
341
34901
1175
386
277
9746
8210
297
386
10368
3042
14949
399
16
306
9651
16
890
539
6018
277
3083
1060
1714
1472
1242
77
15
21
2547
8811
386
3083
1011
3866
9746
1682
304
14949
399
344
273
539
6018
1169
680
41729
16
277
10368
11751
7662
468
277
3591
1472
1242
77
15
21
13468
21
16
306
277
3083
468
1472
1242
77
15
21
97
341
516
297
277
867
302
277
10368
306
277
867
2287
341
399
344
359
399
341
10633
13
420
8696
277
10368
12514
1480
539
10633
1169
35
16473
226944
1375
6021
10626
351
648
77
20
33
20
16
700
21
16
700
22
16
69585
901
42803
65
1207
1450
83025
341
277
1472
3591
302
265
10368
16
306
901
351
307
344
432
680
1563
1450
477
499
225
20
304
288
17
21
16
10368
477
13823
23864
648
2899
16
700
1242
78
15
21
13468
21
1807
461
70876
4550
18373
386
638
17
461
867
302
8210
297
10368
477
16
1465
411
330
9500
16
34494
367
55
9500
96
6758
399
388
17
1437
367
55
9500
96
1377
399
16
1232
277
3083
468
3591
700
1242
78
15
21
97
344
1833
1058
3083
302
2475
10368
13
341
516
297
330
9500
18
344
17484
7494
539
1387
569
5101
411
2142
45844
399
16
170765
14730
1997
20033
17
6755
16
352
839
16514
302
10368
477
16
277
9746
1682
3042
33572
399
382
27872
16
277
39952
341
7095
15854
498
277
6917
302
10368
10626
16
697
436
23864
1207
539
4124
1714
386
3591
344
22795
1472
225
20
2570
8311
16
277
1343
530
361
4156
396
30
35475
468
3591
700
20
33
20
402
867
330
351
391
87
2943
20
65
7342
5489
539
3746
5739
16
8811
8210
16
14140
330
16
3369
539
3673
6018
277
1169
420
539
13530
265
3083
516
297
330
306
367
55
96
1377
399
18
3092
386
1646
16
539
867
2475
1472
304
386
94403
3591
16
12760
330
304
391
9874
3083
2547
306
4622
382
27872
16
277
39952
10549
1094
366
277
1794
306
399
382
8311
16
592
539
2312
265
3083
468
2413
278
304
274
16
1030
1414
277
39952
2312
35
461
1094
1528
304
3910
277
39952
341
592
278
341
265
10368
1472
420
5451
265
10368
18
52516
265
3083
5451
265
10368
1387
3910
277
867
330
302
386
10368
16
12146
12267
411
304
1169
7977
420
3735
16
697
1011
8830
13845
10368
10626
382
2608
6035
386
10368
10626
436
2837
2571
72517
18
2586
1325
265
2312
16
277
699
10368
10626
642
851
361
2571
72517
344
1833
8210
468
1731
10690
16
697
874
361
6816
592
277
2413
341
265
1472
2570
27872
16
539
530
1761
302
277
2746
396
30
539
569
265
1794
272
18
1283
530
2312
730
3083
18
1283
1587
304
29093
277
1435
302
17158
344
67813
680
461
39952
341
7152
498
277
6698
2946
382
8311
16
492
3920
2428
2617
265
717
7434
4377
382
81740
30
461
39952
530
361
19377
498
25354
306
14140
277
1843
867
330
344
3303
2505
391
87
63
20
65
25171
1563
1450
2475
3083
1150
468
3591
700
16
592
1150
297
330
16
4622
31
1625
592
367
55
96
460
399
16
919
1150
304
330
31
1625
147153
55
96
1377
399
306
1150
516
297
330
733
1232
539
4124
1714
700
30
700
7883
265
699
1472
16
330
351
391
92
7342
2586
15837
16
20789
5181
7662
468
10690
1207
539
13530
265
3083
516
297
277
1843
867
306
277
867
2287
341
399
382
27872
16
277
20789
436
7152
498
277
4550
30
468
2413
700
344
77
34
20
733
592
277
867
302
9746
8210
297
277
10368
386
4881
468
3733
4124
344
10465
411
11075
13420
13
674
2287
399
16
306
272
2943
65
341
516
297
386
867
16
1232
700
341
265
4124
382
8311
16
592
539
2312
272
35950
65
304
274
16
492
530
3910
638
17
13765
265
4124
9848
468
2413
278
344
359
278
34
20
680
3483
10549
366
277
867
302
277
10368
386
4881
1714
278
344
10465
411
11075
7826
13
306
274
388
17
13765
265
4124
9848
468
2413
278
15
21
344
359
278
15
21
460
307
680
3483
10549
366
277
867
1325
2291
274
344
359
840
4124
468
278
13
420
592
903
540
265
4124
468
278
16
1232
277
10368
10626
468
278
402
867
391
71
2547
306
1232
277
4550
468
278
15
21
10549
366
386
867
306
272
35950
15
21
15032
27872
16
1094
10690
278
306
278
15
21
530
569
725
4124
4056
6816
5502
18
2952
16
396
539
6974
16
9212
468
278
530
3866
20789
468
3735
10690
1480
277
10368
386
5720
278
874
1169
7977
16
32760
277
1472
302
13845
17158
16
697
297
2875
874
3866
3310
20789
18
2209
6035
386
277
4124
4056
302
265
2413
700
10549
366
277
867
302
277
10368
386
4881
468
277
3733
4124
18
1437
539
8830
277
3733
4124
344
77
3077
1278
2312
1207
277
10368
11751
733
1232
277
867
352
13845
17158
874
361
1497
16
6152
304
1497
4124
9089
468
3735
10690
18
2586
277
1603
530
67747
382
2608
9745
539
530
5879
277
34612
30
7517
1450
10368
494
867
2287
341
468
1210
399
16
306
1450
4124
114657
277
867
304
265
83703
16
277
39952
341
15837
265
6917
302
17158
1450
302
697
11751
890
3673
539
569
10633
399
9746
420
539
6018
277
1169
18
52516
730
3083
530
1094
3910
277
10368
386
5720
411
18
3483
10368
494
867
874
2312
16
12267
411
304
1169
7977
420
3735
18
1437
411
11751
7977
16
1232
277
2475
10368
10626
7977
16
306
969
867
341
7152
498
277
3083
468
386
7977
1472
18
957
1387
3866
386
2475
10368
304
851
1169
7977
16
306
713
366
18
2586
277
1603
1387
67747
1257
1451
17158
382
10917
16
6035
386
1450
10368
494
867
341
7152
21289
498
277
8210
2223
386
10368
18
52516
265
3083
297
10368
262
530
3910
969
867
16
306
6298
969
1169
3591
18
957
874
2312
277
1472
302
10368
262
15
21
16
697
341
277
3591
1207
10368
262
11751
15
21
18
1437
386
1472
341
1497
16
1232
10368
262
15
21
494
867
341
2387
366
277
3083
468
386
699
1472
16
697
2428
361
1497
499
277
4607
3083
468
386
2413
344
359
277
1472
33879
680
3483
1387
3866
10368
262
15
21
304
569
265
1497
867
16
12146
17299
468
265
1497
3591
16
306
713
366
18
2586
14233
16
277
2312
530
3866
265
49424
382
2608
8696
539
530
911
277
1689
386
277
10368
8023
436
2837
50104
302
277
34481
16
306
277
1343
341
57272
16
304
17208
277
699
39952
19792
1347
265
3302
302
373
74486
42849
6
1207
539
687
52448
352
1450
3591
700
306
1450
2731
3083
274
344
1833
1472
3083
302
265
10368
733
277
2475
10368
1472
1325
700
890
277
10368
10626
402
274
18
7517
277
10368
1472
8588
341
2837
391
71
2547
539
1094
1008
304
1994
30456
386
436
2571
72517
18
9405
2199
5
8801
468
277
7673
302
265
10368
16
277
867
341
2837
265
83703
18
2586
277
38474
1889
352
10368
10626
341
1060
277
3083
344
273
277
867
391
71
25171
957
17045
277
1889
3203
304
225
1670
382
8311
16
539
530
8483
265
1154
2475
13420
5802
16
274
13
386
6714
277
3591
302
277
2475
10368
1472
1325
700
16
2688
386
277
1843
10368
4881
468
700
402
4381
3083
274
344
77
3077
1278
277
867
341
391
71
25171
957
1154
530
361
19377
498
85242
277
70876
1343
366
277
85523
272
2943
125915
689
539
530
9745
17208
411
19792
1347
687
105464
925
8627
382
98908
16
352
265
2688
700
306
274
16
539
1587
304
1511
277
21820
477
1518
700
1175
386
592
539
1472
265
10368
468
700
402
867
391
71
2547
277
10368
11751
1714
477
344
77
3077
1278
477
341
277
2475
1472
680
8439
304
277
70876
6698
16
277
10368
642
2549
8210
499
700
101037
396
1423
396
3673
277
867
2287
460
399
420
277
3083
341
297
277
867
18
887
642
4124
1714
265
3083
1150
468
3591
477
592
277
1843
867
2287
1377
399
306
1150
516
297
867
18
2586
539
1008
304
1511
277
1058
3591
477
1518
700
1207
3673
638
17
477
1377
307
344
432
465
17
461
867
2287
7883
399
468
910
1646
16
306
277
3083
468
477
341
516
297
277
867
382
2608
277
867
81086
396
539
13325
30
411
10626
396
391
71
7342
1737
539
2549
8210
16
539
919
699
9746
8210
3369
277
867
2287
23459
399
18
9864
277
867
2287
341
399
16
839
3310
3083
516
297
277
867
642
3866
265
4124
382
27872
16
277
1343
530
361
4546
396
30
539
13325
8210
499
700
16
14140
265
867
330
344
3303
2505
391
71
25171
1283
919
8210
304
330
592
724
436
516
3402
297
330
16
3369
330
2287
23459
399
18
9864
330
2287
1377
399
16
539
4622
25354
689
539
4273
919
8210
516
297
330
31
4993
16
592
539
13530
265
3083
516
297
330
16
539
4124
1714
411
344
664
386
3083
7883
277
1472
302
2475
10368
680
2586
277
2475
1472
341
277
1058
3591
477
1518
700
1175
386
3673
638
17
539
569
10633
277
1169
16
420
203
17
539
569
3402
36624
399
9746
8210
297
277
10368
16
306
272
13478
65
341
516
297
277
1843
330
344
77
3077
1278
516
297
277
867
302
277
1058
399
9746
8210
2570
2608
6035
386
277
1843
330
341
7662
277
867
302
9746
8210
4156
713
3312
297
277
10368
18
2586
3984
539
569
4156
399
9746
16
839
699
3083
516
3724
1731
399
642
3866
265
4124
382
27872
16
2475
13420
5802
16
274
13
341
277
1058
3591
477
1518
700
1175
386
638
17
4214
331
361
277
867
302
9746
8210
297
272
2943
95679
65
344
1833
10368
713
3312
680
1437
367
56
96
460
399
16
1232
539
4273
4124
468
477
1480
539
12831
10633
399
9746
4427
16
1571
592
272
13478
65
341
516
297
331
18
41729
16
539
4124
1094
890
367
56
96
1377
399
306
272
13478
65
516
297
331
18
1437
367
56
96
460
399
16
539
530
2549
272
13478
65
1571
592
1850
699
16
1480
386
1011
3764
367
56
96
304
367
56
63839
21
6758
399
18
2586
539
4622
388
17
1437
367
56
96
1377
399
306
272
13478
65
516
297
331
16
1232
539
4124
1714
477
16
713
2475
1472
351
477
388
17
1437
367
56
96
1377
399
306
272
13478
65
297
331
16
539
530
2549
411
16
713
4622
388
17
6755
16
592
539
6018
277
1169
344
78
1377
307
733
1232
903
341
840
4124
16
713
2475
1472
351
307
382
27872
16
2475
13420
5802
16
274
13
530
361
19377
396
30
59689
477
499
700
15
21
304
307
16
14140
277
867
302
9746
8210
4156
713
3312
344
73210
402
391
71
25171
2973
539
569
4156
399
9746
16
539
2292
592
272
13478
65
341
297
277
867
31
592
516
16
758
477
18
1437
539
12216
277
9284
2142
1175
4550
16
758
307
382
1905
341
15837
265
8162
13325
499
700
18
49003
492
352
616
700
306
274
1011
361
504
4020
66
22
535
225
1670
13
1754
382
2608
9745
539
530
687
52448
352
1450
3591
700
277
373
8831
4124
6
352
1450
2731
6857
3083
274
1347
910
3302
302
35758
134660
420
498
687
133079
352
1450
2413
277
1058
18168
302
1450
3083
16
4115
382
81740
30
461
4550
352
13086
10549
366
3473
539
569
3402
10872
399
9746
8210
297
277
10368
18
2586
539
1008
304
1287
16
352
1450
6857
3591
700
16
277
867
302
8210
386
642
361
10872
396
539
13325
18
957
341
1013
539
1008
304
1287
16
352
1450
700
16
277
13604
3591
1207
539
569
10872
399
9746
8210
344
359
2731
680
16473
27967
399
34627
7156
17364
2943
65
351
277
21820
3591
477
6743
700
1175
386
277
1435
302
9746
8210
297
272
2943
95679
15
21
65
341
399
18
1437
903
436
17156
936
399
9746
297
277
35758
16
1232
399
34627
7156
17364
2943
65
351
56610
344
273
307
680
5489
16
592
399
34627
7156
17364
2943
65
8654
16
1232
352
839
477
1518
399
34627
7156
17364
2943
2315
592
272
13478
65
341
516
297
277
867
302
8210
297
272
2943
110483
34627
7156
17364
2943
17407
21
2315
1232
539
1011
4124
468
477
18
2209
6035
386
277
867
468
399
34627
7156
17364
2943
65
341
7662
277
867
302
9746
8210
297
386
16514
18
2586
277
4550
352
4124
468
477
341
30
477
1518
399
34627
7156
17364
2943
65
306
272
13478
65
516
297
386
867
382
27872
16
2475
13420
5802
16
274
13
351
277
21820
477
1518
700
1175
386
3673
477
1377
307
16
420
344
78
1518
399
34627
7156
17364
2943
65
306
272
13478
65
516
297
867
7193
733
1207
867
7193
341
277
867
302
9746
8210
297
272
2943
110483
34627
7156
17364
2943
17407
21
65
344
359
399
34627
7156
17364
2943
65
8654
680
1437
399
34627
7156
17364
2943
65
1414
516
2893
344
77
3077
1278
2336
936
399
9746
297
35758
733
1232
903
642
361
840
4124
16
713
2475
13420
5802
16
274
13
351
307
382
2608
492
3360
31785
386
277
6857
3083
274
341
766
302
277
867
7193
18
2952
16
592
274
341
516
297
277
867
302
277
1058
399
9746
35
41729
16
277
6857
3083
274
341
272
2943
65
344
359
539
1472
468
700
16
277
1058
3083
341
272
2943
23923
2209
297
954
1154
2475
13420
5802
16
274
733
539
2617
277
6857
3083
304
361
274
16
697
2428
1173
499
272
2943
65
592
539
6816
411
18
2586
539
1008
304
1994
386
277
10368
10626
402
3083
274
468
2413
700
16
15470
302
1065
272
2943
65
15422
341
18
2586
277
867
302
9746
8210
297
277
10368
642
361
6120
499
277
8210
297
272
2943
58985
344
5324
272
2943
65
13452
498
274
592
700
341
277
1472
680
2586
539
1008
304
17208
2475
13420
352
11116
14580
1207
277
3083
468
700
874
361
6816
382
27872
16
539
1008
304
5203
3393
382
23928
277
16066
16
8696
539
530
11199
277
2746
498
88934
5664
352
1450
2312
689
402
60860
306
3836
32521
16
306
5752
411
19553
2688
277
1310
16981
35
461
2746
4060
6441
2350
13
6758
225
622
66
24
16
689
8696
277
5772
6292
436
7922
35
2952
16
277
2292
1154
4059
70305
352
14580
778
304
4354
225
622
344
73
1627
1278
489
92
36714
11
4354
225
24
16
489
73
935
4786
38308
11
4354
225
28
16
489
53742
47847
62503
11
4354
225
28
16
489
92
36714
11
4354
225
24
16
489
34777
78
61749
355
85
11
4354
225
28
16
489
73
359
73919
27450
3257
11
4354
225
29
16
489
24589
41476
11073
11123
29595
11
4354
225
622
16
489
36173
85
6669
24589
27401
11
4354
225
622
680
2536
1310
14580
297
277
2292
436
5716
3211
344
4956
4354
225
622
680
461
4728
1310
4027
436
616
3211
14580
18
461
7120
851
436
3211
344
4956
4354
225
25
680
2586
9745
277
5772
1310
20155
1161
297
10393
341
1094
1731
3419
35
461
2746
6434
4060
373
6534
277
2165
1154
16607
306
194863
16
7095
3138
277
1154
4546
306
1717
616
277
6292
1304
306
1232
4213
265
2292
1154
402
1451
1310
4027
16
689
1731
1310
4027
436
2164
18
15968
840
23094
386
903
436
8887
6292
402
6892
307
18
610
1451
17673
8013
16
277
10713
1310
4027
436
277
1094
6299
16
306
277
1154
1196
1717
1019
18
461
16981
297
277
194863
344
4448
2350
13
6758
225
622
66
24
13
2428
361
1060
352
5224
16
689
277
5772
6292
1387
361
7922
18
2952
16
1850
44406
304
10987
386
382
23928
386
616
3419
1310
4027
569
4354
6758
225
622
16
539
1387
3138
265
88934
99677
4377
386
23675
616
3393
306
17771
170777
48112
498
85242
277
70876
1343
1450
845
16
306
411
642
6043
1717
18
461
2746
2428
361
5470
1175
386
277
25485
4377
19553
1480
277
1310
4027
436
2164
18
461
16981
2428
361
903
304
146937
420
304
9371
277
3449
2746
16
689
277
5772
6292
436
5885
382
19477
2292
277
2292
1154
30
887
4059
70305
352
14580
30
489
390
27193
11
344
25
733
489
69
11020
377
11
344
26
733
489
92
36714
11
344
24
733
489
26124
932
11
344
25
733
489
232152
11
344
26
733
489
91
52697
85983
11
344
26
733
489
73
935
4786
38308
11
344
28
733
489
53742
47847
62503
11
344
28
733
489
92
36714
11
344
24
733
489
34777
78
61749
355
85
11
344
28
733
489
73
359
73919
27450
3257
11
344
29
733
489
24589
41476
11073
11123
29595
11
344
622
733
489
36173
85
6669
24589
27401
11
344
622
680
2536
31051
6758
225
622
18
2586
14233
16
277
1310
4027
436
15747
18
8111
16
265
88934
99677
504
4020
535
34481
535
307
13
4377
1011
361
468
1210
225
622
535
225
1670
535
225
622
351
225
22
5239
7154
621
1310
1690
16
697
341
39154
18
8269
592
539
569
1451
1310
4027
344
1833
2292
10424
616
468
3984
733
1850
6772
382
27872
16
277
36620
4377
30
1563
1450
2731
2312
344
84
16
274
733
5675
277
11116
1794
262
16
17208
48112
2323
13
498
85242
70876
504
4020
733
306
2553
277
6756
18
6755
1994
840
2312
18
7448
2687
382
23928
277
2164
1310
13241
16
492
341
18597
306
4260
304
3138
382
669
7977
16957
7935
1480
724
1078
24797
297
277
15376
420
11236
18
1283
1008
304
4802
539
12989
3138
277
68723
1154
382
19477
316
33962
958
277
48112
1154
12989
382
2110
1008
304
17208
277
1435
302
17158
344
236942
13
352
265
2688
1794
262
1347
277
70876
6698
1375
17
8163
468
700
33
20
388
17
5887
700
460
307
638
261
506
4214
867
351
391
88
2943
65
21224
261
506
477
351
700
15
21
203
261
506
5887
477
460
307
638
348
592
262
13478
65
297
867
30
919
304
867
344
273
1060
4622
465
348
1625
592
6441
37511
13
460
399
30
919
262
13478
65
304
867
203
348
1625
30
2984
344
48353
11751
1714
477
465
348
477
4284
225
21
203
261
506
59727
499
700
304
477
17
21
388
261
506
700
351
477
300
9690
1435
302
17158
382
2608
539
530
36679
30
1283
530
13325
1257
277
1794
16
14140
1843
867
18
57998
867
351
8295
18
1563
1450
3083
466
297
262
638
261
506
592
466
516
297
867
306
6441
37511
13
1377
399
30
1232
539
4124
1714
492
3083
16
700
3077
1278
1472
265
699
10368
16
306
867
351
391
329
732
261
506
1625
30
919
466
304
867
382
3884
277
1169
16
1435
302
17158
351
1435
302
20789
692
225
21
18
7517
20789
5181
890
539
13530
265
3083
516
297
867
306
6441
37511
13
1377
399
18
6755
16
277
1058
10368
10626
468
3591
225
20
16
713
2983
17158
351
225
21
692
1435
302
1175
20789
382
19477
1310
366
7120
382
14341
30
262
2371
390
27193
747
399
33
22
18
9583
638
1510
1801
7342
466
2371
69
3026
516
297
867
16
6441
37511
5791
20
32
22
1117
919
1117
867
29183
69
11
21224
329
2371
71
3026
516
297
867
16
6441
37511
5791
21
32
22
1117
919
1117
867
29183
69
3949
71
11
21224
329
2371
71
3026
297
867
1117
4622
388
329
2371
71
3026
297
867
388
329
2371
69
3026
297
867
388
3377
20789
16
17158
33
21
18
9177
382
13772
262
2371
140825
1001
747
399
33
22
638
329
2371
69
3026
867
8295
1117
919
15572
69
11
21224
329
2371
71
3026
516
297
16
6441
33
21
32
22
1117
919
15572
69
3949
71
11
21224
329
2371
70
3026
516
297
16
6441
33
22
582
79
1117
4124
1714
489
70
747
17158
1682
7883
225
22
16
867
12760
304
15572
70
11
21224
329
2371
71
3026
516
297
867
15572
70
57894
6441
33
21
32
22
1117
919
15572
70
3949
71
11
21224
329
2371
69
3026
516
297
867
15572
70
3949
71
57894
6441
33
22
582
79
1117
4124
1714
489
69
747
17158
33
23
16
867
12760
304
15572
69
11
21224
6109
30
2983
17158
33
23
18
9177
382
14341
30
262
2371
92
36714
747
399
33
21
638
1510
8295
388
329
2371
92
3026
919
15572
92
11
21224
329
2371
92
3026
297
867
1117
4622
388
329
2371
93
3026
516
297
867
16
6441
33
21
582
79
1117
4124
1714
489
93
747
17158
33
22
16
867
29183
93
11
21224
329
2371
94
3026
516
297
867
15572
93
57894
6441
33
21
582
79
1117
4124
1714
489
94
747
17158
33
23
16
867
29183
94
11
21224
10914
17158
33
23
18
9177
382
13772
262
2371
17217
94
11
344
4639
1749
1150
304
265
35
41729
539
1008
304
2312
304
771
225
24
17158
680
16473
1310
262
2371
17217
94
11
344
359
539
2312
1749
1150
304
265
2738
489
17217
94
11
399
33
21
388
1510
8295
388
329
2371
69
3026
919
15572
69
11
21224
329
2371
92
3026
516
297
867
16
6441
33
21
582
79
1117
4124
1714
489
92
747
17158
33
22
16
867
29183
92
11
21224
329
2371
93
3026
516
297
867
16
6441
33
21
582
79
1117
4124
1714
489
93
747
17158
33
23
16
867
29183
93
11
21224
329
2371
94
3026
516
297
867
16
6441
33
21
582
79
1117
4124
1714
489
94
747
17158
33
24
16
867
29183
94
11
21224
10914
225
24
18
9177
382
4892
277
8860
4229
382
8311
16
539
1008
304
3138
2687
222888
14028
32057
44950
2350
16
399
13
386
23675
616
3393
344
15519
840
2312
13
306
6714
2687
48112
382
12955
307
6758
225
622
66
24
297
16981
689
1310
4027
436
2164
16
539
530
1060
589
1375
20128
351
48112
2350
465
17406
351
4607
203
82
351
6441
2350
465
1943
278
297
2783
4020
2407
298
352
274
297
489
173862
11428
348
592
274
1377
272
35950
10925
4622
203
348
262
351
272
10841
84
65
692
274
692
272
35950
15
21
72852
348
1861
351
2687
168948
16
48112
2323
2604
1594
1861
300
1905
341
504
4020
535
225
1670
535
307
13
351
504
12
1670
535
307
66
22
680
3398
307
778
304
225
622
66
24
16
4924
225
22
18
26
73
29
16
2502
5983
18
2209
592
1310
4027
436
2164
344
82
26720
622
733
1850
6772
382
23928
386
277
3419
1310
4027
436
2164
16
306
277
2746
4164
36033
265
88934
99677
4377
1480
1850
265
17673
7697
352
21710
16
9916
704
402
277
88934
99677
4158
382
2608
539
1998
4802
411
19553
616
6292
18
16473
1310
38278
402
277
2688
1310
4027
382
2110
3402
1287
7120
1717
382
24861
1310
4027
1375
17
489
26124
932
747
399
33
25
1117
4607
48112
35
7517
9746
33
25
6758
25
16
730
10368
1117
225
21
18
52516
730
3083
1387
11568
3764
35
14812
516
16
3032
225
21
18
5641
88934
5664
642
17208
306
1196
771
225
21
382
17
489
232152
747
399
33
22
1117
4607
48112
33
21
344
126120
33
21
6758
22
680
52516
730
3083
304
2761
1625
1387
2299
717
17158
35
1563
399
33
22
16
1794
489
37223
377
11
344
359
2312
2009
265
304
290
2738
13640
37687
30
489
37223
377
11
399
33
22
18
867
29183
69
57894
1232
489
69
11
297
867
16
4622
31
489
69
11
297
867
31
489
69
11
297
867
31
489
69
11
297
867
31
489
70
11
516
297
867
16
6441
37511
5791
21
32
22
1117
919
16
867
29183
69
3949
70
11
7342
2523
4124
16
17158
33
21
18
12343
304
489
3395
37223
3026
1472
489
70
747
867
29183
70
57894
1232
489
69
11
516
297
16
6441
33
21
32
22
1117
919
16
867
29183
70
3949
69
11
14700
1232
2518
489
36337
297
867
18
2586
2188
225
21
10368
18
22547
539
771
225
22
35
2159
771
225
22
17158
16
539
1008
265
4124
468
910
1646
1207
867
2287
33
22
306
2475
1585
516
297
867
18
7517
539
569
1094
1217
9746
11807
265
306
290
16
592
539
1226
569
1804
297
277
1656
10368
16
1232
839
3310
1585
516
297
391
69
19230
97
1011
3866
4124
16
689
539
1094
569
265
306
290
18
2586
1325
1804
5230
16
616
13845
8210
436
3673
265
420
290
16
697
436
297
277
867
16
713
840
4124
18
2586
2687
48112
33
21
18
2586
3032
225
21
14441
382
17
489
91
52697
85983
747
399
33
25
1117
4354
225
26
18
16473
17208
4607
48112
35
130682
11807
30
286
19800
38736
25201
17269
28919
351
225
26
1518
25
16
713
516
616
297
730
10368
18
15225
9894
30
1472
468
225
20
30
867
29183
91
11
7342
700
33
21
489
78
3026
516
297
16
6441
33
21
32
25
1117
919
15572
91
3949
78
11
7342
700
33
22
489
80
3026
919
2649
15572
91
3949
78
3949
80
11
7342
700
33
23
489
71
3026
919
2649
15572
91
3949
78
3949
80
3949
71
11
7342
700
33
24
489
88
3026
919
2649
15572
91
3949
78
3949
80
3949
71
3949
88
27076
344
6118
25
680
700
33
25
489
69
3026
516
297
867
16
2287
33
25
582
79
1117
4124
1714
489
69
747
713
17158
33
22
18
2586
4607
48112
33
22
18
52516
730
3083
1387
8696
3764
304
225
23
35
461
3032
341
225
22
18
2586
88934
5664
642
1511
2687
33
22
382
17
489
73
935
4786
38308
747
399
33
21
1117
4354
225
28
18
20313
48112
35
3398
399
33
21
16
1008
1450
10368
304
569
1094
730
9746
1585
18
2158
30
317
700
274
262
698
698
286
1150
18
16473
37687
30
1472
489
73
747
867
29183
73
11
7342
2475
489
77
11
516
297
867
16
6441
33
21
582
79
1117
4124
1714
489
77
747
3371
33
22
16
867
29183
77
11
7342
2475
489
71
11
516
297
16
4124
1714
16
3371
33
23
16
867
29183
71
11
7342
2475
489
88
11
516
297
16
4124
1714
16
3371
33
24
16
867
29183
88
11
7342
2475
489
94
11
516
297
16
4124
1714
16
3371
33
25
16
867
29183
94
11
7342
2475
489
94
11
297
867
16
4622
18
2475
489
91
11
516
297
16
4124
1714
16
3371
33
26
16
867
29183
91
11
7342
2475
489
92
11
516
297
16
4124
1714
16
3371
33
27
16
867
29183
92
11
7342
11612
17158
33
27
35
41729
539
33649
20789
1714
700
16
274
16
262
16
698
344
9503
1058
698
86006
17034
30
16473
2672
1375
77
33
20
30
466
2371
73
11
2649
867
29183
73
57894
3371
1682
35
1283
1682
17158
498
20789
15
21
18
57998
20789
33
20
388
9477
638
17
489
73
3026
867
29183
73
11
21224
17
489
77
3026
516
297
867
16
6441
33
21
582
79
1117
4124
1714
489
77
747
20789
33
21
16
867
29183
77
11
21224
17
489
71
3026
516
297
867
15572
77
57894
6441
33
21
582
79
1117
4124
1714
489
71
747
20789
33
22
16
867
29183
71
11
21224
17
489
88
3026
516
297
867
15572
71
57894
6441
33
21
582
79
1117
4124
1714
489
88
747
20789
33
23
16
867
29183
88
11
21224
17
489
94
3026
516
297
867
15572
88
57894
6441
33
21
582
79
1117
4124
1714
489
94
747
20789
33
24
16
867
29183
94
11
21224
17
489
94
3026
297
867
16
4622
388
17
489
91
3026
516
297
867
15572
94
57894
6441
33
21
582
79
1117
4124
1714
489
91
747
20789
33
25
16
867
29183
91
11
21224
17
489
92
3026
516
297
867
15572
91
57894
6441
33
21
582
79
1117
4124
1714
489
92
747
20789
33
26
16
867
29183
92
11
21224
6109
18
17158
351
20789
15
21
351
225
27
382
2608
277
3032
2688
341
225
28
18
2586
4607
48112
33
27
35
461
1310
36033
3032
225
28
352
489
73
935
4786
38308
11
402
399
33
21
18
3483
10334
539
530
8047
225
28
48112
498
9212
730
3083
18
16473
1565
30
2159
771
225
28
48112
16
539
1008
225
27
20789
344
29753
17158
351
20789
15
21
680
28228
539
569
225
26
20789
18
2586
539
1008
730
717
4124
18
3398
399
33
21
16
1450
4124
9848
17091
539
13530
265
3083
1497
499
277
1843
10368
494
3225
3083
18
28228
16
903
341
730
2111
1207
1217
1656
8210
436
16556
344
1833
1217
698
494
680
3483
5143
1019
304
361
297
1656
10368
18
2159
3764
48112
16
539
1387
2312
730
302
1731
698
494
304
2761
1625
304
2984
277
8288
983
1217
17158
18
1563
4681
16
2312
277
1749
489
94
11
304
489
93
747
1232
1794
7883
489
73
935
3590
38308
6627
119812
638
17
489
73
11
2649
3371
21
203
17
489
77
11
2649
4124
344
17970
22
465
17
489
71
11
2649
4124
344
17970
23
465
17
489
88
11
2649
4124
344
17970
24
465
17
489
94
11
2649
3371
25
203
17
489
93
11
2649
4124
344
17970
26
465
17
489
91
11
2649
4124
344
17970
27
465
17
489
92
11
2649
4124
344
17970
28
465
10914
17158
33
28
18
8520
18
2586
3032
225
28
382
8372
88934
5664
642
1994
9212
1450
3083
304
839
852
7330
16
2291
9212
277
1749
698
304
349
16
306
642
17208
48112
12989
16
61115
225
28
382
27872
88934
5664
4229
382
17
489
53742
47847
62503
747
399
33
23
1117
4354
225
28
18
6431
225
23
18
27969
6724
382
17
489
92
36714
747
399
33
21
1117
3032
225
24
18
64452
4800
382
17
489
34777
78
61749
355
85
747
399
33
25
1117
4354
225
28
18
6431
225
22
382
17
489
73
359
73919
27450
3257
747
399
33
27
1117
4354
225
29
18
6431
225
22
382
17
489
24589
41476
11073
11123
29595
747
399
33
23
1117
4354
225
622
18
6431
225
24
382
17
489
36173
85
6669
24589
27401
747
399
33
21
1117
4354
225
622
18
6431
225
622
18
3483
2767
539
530
8047
1450
3083
8156
18
3398
399
33
21
16
539
1008
616
16556
8210
1497
18
20313
1794
489
36173
85
6669
24589
27401
11
674
910
69488
35
16473
1565
30
423
19152
50019
34398
28919
19230
25201
22539
34398
38708
18
2278
436
1217
423
494
468
10690
225
20
306
225
23
16
851
468
2413
225
28
18
2586
516
616
16556
436
1497
18
2159
771
225
622
48112
16
539
1008
304
2312
468
1210
730
3083
304
1265
616
16556
8210
1497
18
2251
386
2731
35
16473
2292
30
461
1794
4354
225
622
16
304
569
225
622
17158
16
539
1008
1450
3083
304
361
969
1902
10368
16
6115
840
1217
27399
8210
530
361
277
1656
18
28228
16
903
436
840
27399
69488
35
6621
16556
30
423
4205
344
27341
733
307
40381
344
27341
733
4787
3370
344
27341
733
423
7813
344
27341
733
265
1035
344
27341
733
290
1965
344
27341
733
274
8213
344
27341
733
1150
3370
344
27341
733
423
3214
344
27341
680
2586
3757
16
903
436
840
1217
16556
6792
8210
5
2586
402
399
33
21
16
4607
48112
1196
361
225
622
3402
16
1480
1450
3083
530
361
969
1902
10368
396
1423
396
840
1217
27399
436
1656
35
26128
16
402
399
33
21
16
277
6698
30
1472
402
1058
1585
16
867
29183
86
11
7342
11615
1585
489
82
3026
516
297
867
16
6441
33
21
582
79
1117
4124
1714
489
82
747
713
10368
21
11751
468
225
20
16
10368
22
10626
468
225
21
18
5489
489
85
3026
516
297
867
15572
82
57894
4124
1714
16
4115
18
2586
14233
16
592
840
1217
27399
436
1656
16
1232
1450
3083
341
969
1902
10368
16
7859
225
622
48112
18
16473
37687
30
489
86
11
2649
867
31057
86
11
7342
489
82
3026
516
297
16
6441
33
21
582
79
1117
4124
16
17158
33
22
16
867
31057
82
11
7342
489
85
3026
516
297
16
4124
16
17158
33
23
16
867
31057
85
11
7342
489
86
3026
516
297
16
4124
16
17158
33
24
16
867
31057
86
11
7342
489
69
3026
516
297
16
4124
16
17158
33
25
16
867
31057
69
11
7342
489
70
3026
516
297
16
4124
16
17158
33
26
16
867
31057
70
11
7342
489
71
3026
516
297
16
4124
16
17158
33
27
16
867
31057
71
11
7342
489
92
3026
516
297
16
4124
16
17158
33
28
16
867
31057
92
11
7342
489
86
3026
516
297
16
4124
16
17158
33
29
16
867
31057
86
11
7342
489
76
3026
516
297
16
4124
16
17158
33
622
16
867
31057
76
11
7342
2586
4607
48112
33
622
18
461
3032
4060
225
622
16
713
411
14441
18
2586
954
88934
5664
642
17208
4607
48112
33
622
306
1861
33
622
382
27872
16
277
88934
5664
4158
1196
1717
616
2688
6292
382
23928
386
277
6292
436
2164
16
539
530
3138
265
25485
4377
382
2608
539
1998
4802
277
48112
1154
341
4309
306
7434
352
2164
14580
382
61792
3138
1375
1847
48112
2323
2407
298
307
351
6441
2323
465
298
20789
351
225
20
203
298
3285
7826
351
867
1653
298
352
466
297
262
638
348
592
466
516
297
3285
7826
306
6441
58539
7826
13
1377
399
638
454
20789
4284
225
21
203
454
3285
7826
351
391
329
732
348
1625
638
454
3285
7826
3352
30400
465
298
758
20789
692
225
21
300
2608
17034
30
461
4550
352
4124
341
890
539
13530
265
3083
516
297
3285
7826
306
6441
58539
7826
13
1377
399
18
2952
16
1065
819
277
1690
890
6441
58539
7826
13
460
399
306
466
516
297
3285
7826
35
1283
1060
919
411
16
840
4124
18
9405
4309
382
8311
16
539
1008
304
1994
386
399
341
2688
304
2687
222888
14028
32057
44950
16
516
304
48112
18
2586
48112
1196
4369
399
396
7273
396
1357
18
2586
539
8483
387
9118
1154
420
1717
399
382
44023
1375
1847
2687
222888
14028
32057
44950
2350
30
1284
16
399
30
853
13
2649
853
638
298
917
1682
222888
2323
30
1284
13
2649
853
638
348
3285
7826
351
867
1653
348
20789
351
225
20
203
348
352
466
297
262
638
454
592
466
516
297
3285
7826
306
6441
58539
7826
13
1377
399
638
615
20789
4284
225
21
203
615
3285
7826
351
391
329
732
454
1625
638
615
3285
7826
3352
30400
465
348
758
20789
692
225
21
300
298
1861
351
1682
222888
2350
465
298
307
351
6441
2350
465
298
352
278
297
2783
4020
2407
348
352
274
297
489
173862
11428
454
592
274
1377
272
35950
25306
615
4622
203
454
262
351
272
10841
84
65
692
274
692
272
35950
15
21
72852
454
1861
351
2687
168948
16
1682
222888
2323
2604
298
758
1861
300
1905
341
4081
306
1196
1717
277
6292
382
2608
539
1008
304
361
17034
819
3892
30
1563
307
33
622
16
1850
6772
18
8269
592
307
846
6892
16
411
2428
361
5983
16
689
277
6292
436
2164
382
23928
386
277
2746
6434
4059
16981
778
304
225
622
66
24
16
689
277
1310
4027
436
2164
16
1850
4164
386
277
9444
4377
341
516
88934
5664
16
689
277
2746
2428
361
499
265
5199
1207
724
1094
1310
402
2164
4027
352
277
28915
302
277
7697
18
610
1451
17673
10172
4256
16
724
3034
304
3138
265
1154
402
2688
16981
16
689
277
1310
4027
436
18687
382
23928
277
845
16
9916
2483
277
88934
99677
4377
16
396
1850
277
36620
306
642
1717
277
3419
6292
382
10917
16
539
1196
4802
539
5203
277
1690
1207
399
1387
361
225
20
35
2523
16
399
6743
225
21
382
24157
4027
30
1794
4354
225
21
18
1563
839
399
16
48112
351
225
21
18
52516
277
3083
4273
3764
1480
2188
730
10368
18
5641
88934
5664
642
831
382
8311
16
539
1008
304
3271
277
2363
297
265
3225
2363
2732
382
2608
277
2746
4060
373
3039
1196
18523
277
2363
385
11116
297
265
127068
2363
2732
344
826
22057
13
344
22310
642
61694
277
4607
5442
118742
2586
539
1060
1008
304
2483
277
1154
7878
382
27872
16
2522
3032
30
35642
277
88934
99677
4377
382
2608
539
1998
4802
1850
4309
352
616
2688
1310
4027
382
19477
6697
37687
277
4728
1310
4027
38278
420
3874
26565
304
361
19814
382
3506
30
489
91
52697
85983
747
399
33
25
2649
3032
225
22
18
5641
88934
5664
1196
1511
225
22
382
3506
30
489
53742
47847
62503
747
399
33
23
2649
3032
225
23
382
3506
30
489
34777
78
61749
355
85
747
399
33
25
2649
3032
225
22
382
3506
30
489
73
359
73919
27450
3257
747
399
33
27
2649
3032
225
22
382
3506
30
489
24589
41476
11073
11123
29595
747
399
33
23
2649
3032
225
24
382
2110
1387
1310
910
302
1131
6697
498
26565
592
88934
5664
1011
8138
1731
5463
18
7517
539
4445
1774
2363
1743
16
689
2688
277
33669
16
411
1196
382
77397
79515
30
461
48112
1154
1998
12989
5203
277
1690
890
399
341
6892
936
277
1435
302
9746
8210
297
277
1794
18
610
386
1690
16
277
4425
1794
341
730
10368
16
20789
33
20
16
6714
225
21
18
9405
4309
382
14353
16
277
2312
1387
361
304
265
3083
386
341
277
1656
396
4607
35
1283
18486
382
5158
717
122221
30
461
2746
4060
373
9503
37080
9212
468
1210
730
3083
3210
2586
539
530
851
5857
516
304
2312
839
18
5641
1861
10626
402
4607
382
27872
16
277
4377
341
4631
382
8311
16
539
1196
4602
277
2363
382
2608
1714
184752
16
1994
592
903
341
839
15277
1207
9212
265
3083
304
2484
1387
3866
20689
34198
35
2523
382
2110
1196
851
6035
386
277
34481
341
64616
4857
11807
16
713
142157
898
489
173862
11
341
6772
382
2794
16066
30
1563
1450
1310
1690
16
504
4020
66
22
535
225
1670
680
1563
307
33
622
16
1850
39154
382
27872
16
9916
2483
492
4377
382
10917
16
277
3733
16957
7935
1480
724
1078
24797
18
5641
4081
4377
1196
361
4309
382
19477
4638
18400
277
48112
1154
402
265
42835
1690
30
399
33
22
16
1794
373
11020
3210
20313
30
489
69
11
867
31057
69
11
14700
489
70
3026
516
297
16
6441
33
21
32
22
1117
919
15572
69
3949
70
11
14700
489
69
3026
297
867
16
4622
18
20789
33
20
16
17158
33
21
18
9405
4309
1480
4425
1794
674
9746
391
69
19230
14883
22
6758
22
16
713
730
10368
382
2558
539
2312
489
70
11
304
489
71
3026
373
11591
3210
9583
30
489
69
11
867
31057
69
11
14700
489
71
3026
516
297
16
6441
33
21
32
22
1117
919
15572
69
3949
71
11
14700
489
69
3026
297
867
16
4622
18
17158
33
21
18
1437
539
2312
489
69
11
304
489
70
3026
373
150128
3210
489
70
11
867
31057
70
11
14700
489
70
11
297
867
31
489
69
11
516
297
16
6441
33
21
32
22
1117
919
15572
70
3949
69
11
7342
17158
33
21
18
2586
2188
225
21
382
2558
539
2312
489
69
11
468
1472
304
489
71
3026
373
176757
3210
489
71
11
867
31057
71
11
14700
489
70
11
516
297
16
6441
33
21
32
22
1117
919
15572
71
3949
70
11
14700
489
69
11
516
297
16
6441
33
22
582
79
1117
4124
1714
489
69
747
17158
33
22
18
2586
3032
1387
361
225
22
382
8372
88934
5664
1011
1511
386
382
8311
16
4802
386
277
48112
1154
12989
19720
17158
890
903
436
4347
20789
382
3506
30
373
377
390
728
399
33
22
18
9583
30
489
69
11
867
31057
69
11
14700
489
70
11
516
297
16
6441
33
21
32
22
1117
919
15572
69
3949
70
11
14700
489
69
11
297
867
31
489
71
11
516
297
16
6441
33
22
582
79
1117
4124
1714
489
71
747
17158
33
22
18
2586
17158
33
22
18
9405
4309
30
17158
30
373
11020
6
306
373
71
12456
2558
539
2312
489
71
11
304
489
70
3026
373
183640
728
399
33
22
30
489
69
11
867
31057
69
11
14700
489
70
11
919
15572
69
3949
70
11
14700
489
69
11
297
867
31
489
70
11
297
867
1117
840
4124
16
17158
33
21
382
4892
4229
382
27872
16
277
4377
5563
4689
382
23928
386
277
2746
4164
36033
492
4081
4158
344
29753
277
6292
436
2164
733
9916
3271
277
88934
99677
2363
382
2608
304
361
6085
16
539
1387
919
265
2164
17422
30
592
1861
23459
307
344
69066
2731
17158
733
539
530
2984
3836
18
2209
516
4778
382
61792
3138
382
8311
16
4602
277
2522
3032
18
255011
255012
3080
14487
300
1847
2687
222888
14028
32057
44950
2350
30
1284
16
399
30
853
13
2649
853
638
298
11192
9690
277
6756
1435
302
48112
1325
37080
9212
468
1210
730
3083
33240
2458
298
917
48112
2323
30
1284
13
2649
853
638
348
11192
5312
302
48112
302
1794
262
402
2688
399
33240
348
3285
7826
351
867
1653
348
20789
351
225
20
203
348
352
466
297
262
638
454
592
466
516
297
3285
7826
306
6441
58539
7826
13
1377
399
638
615
20789
4284
225
21
203
615
3285
7826
351
391
329
732
454
1625
638
615
3285
7826
3352
30400
465
348
758
20789
692
225
21
261
905
1450
4124
61979
17158
16
4171
277
2009
730
19964
298
1861
351
48112
2350
465
298
307
351
6441
2350
465
298
352
278
297
2783
4020
2407
348
352
274
297
489
173862
11428
454
592
274
1377
272
35950
25306
615
4622
203
454
262
351
272
10841
84
65
692
274
692
272
35950
15
21
72852
454
1861
351
2687
168948
16
48112
2323
2604
298
758
1861
300
3080
255013
255001