255000
255004
255012
8928
9460
436
2837
304
361
7528
306
4273
361
86428
498
13845
1181
420
1756
14134
638
17
1532
642
3032
10855
352
11828
16
29845
16
420
12077
2269
4131
304
6126
12283
18
1532
642
516
2483
2269
386
341
20243
420
1387
361
1161
304
3866
7431
382
8928
9460
8490
396
593
31768
16
689
724
530
361
86428
297
13845
1181
420
1756
14134
638
17
4520
1227
341
5464
28760
7654
388
17
1532
436
265
2927
4001
2045
6120
498
169990
422
382
7
15420
24293
203
3080
4605
203
63
300
1391
3080
255013
255001
255000
255002
255012
6534
277
2165
1154
16607
306
194863
16
7095
3138
277
1154
4546
306
1717
616
277
6292
18
1995
5677
4222
59947
5533
213288
28430
3039
1196
18523
277
2363
385
11116
297
265
127068
2363
2732
344
826
22057
13
344
22310
642
61694
277
4607
5442
994
5640
1847
1682
59283
1323
2907
184257
28720
30
853
16
12216
30
853
16
4753
30
853
16
272
30
1284
13
2649
853
638
298
11192
4716
277
1435
302
8672
32088
297
277
2783
648
6373
16
12216
21265
2458
298
340
4898
11795
1150
341
2988
8672
592
638
298
225
21
18
887
11751
402
272
344
87
341
265
35758
302
1150
465
298
225
22
18
8049
14387
297
1150
341
468
1210
4753
19964
298
35685
638
348
1472
30
461
1472
302
277
2783
344
156055
465
348
12216
30
461
1169
302
277
2783
344
156055
465
348
4753
30
461
6756
6751
14387
1333
344
21
6758
4753
6758
225
29
465
348
272
30
340
1794
15739
265
4898
11795
386
1998
361
265
35758
19964
298
11341
638
348
461
1682
302
8672
32088
297
277
2688
2783
19964
298
25436
1682
59283
1323
2907
184257
12
21
16
225
26
937
16
225
24
16
373
12827
2272
298
225
25
203
298
25436
1682
59283
1323
2907
184257
12
883
16
225
16241
16
225
26
16
373
622
2272
298
225
22
203
298
25436
1682
59283
1323
2907
184257
12
21
937
16
225
22
937
16
225
24
16
373
23
937
2272
298
225
20
203
298
33328
1847
2292
180005
2407
298
905
12692
1310
4027
203
298
3999
12578
12
21
16
225
26
937
16
225
24
16
373
12827
2191
1377
225
25
203
298
3999
12578
12
883
16
225
16241
16
225
26
16
373
622
2191
1377
225
22
203
298
3999
12578
12
21
937
16
225
22
937
16
225
24
16
373
23
937
2191
1377
225
20
19964
298
905
22708
1310
4027
203
298
3999
12578
12
1960
16
225
18467
16
225
29
16
373
29
2191
1377
225
1199
203
298
3999
12578
12
696
16
225
24848
16
225
24
16
373
21
2191
1377
225
1449
203
298
3999
12578
12
2510
16
225
23959
16
225
22
16
373
807
2191
1377
225
22
203
298
3999
12578
12
22
21411
26033
16
225
3284
19127
17588
16
225
26
16
373
18730
2191
1377
225
28
22407
203
298
3999
12578
12
7537
16
225
24852
16
225
23
16
373
963
2191
1377
225
23
203
298
3999
12578
12
7686
16
225
20469
16
225
26
16
373
3501
2191
1377
225
26
203
298
3999
12578
12
29
19039
16
225
7521
17133
16
225
29
16
373
3124
2191
1377
225
28202
203
298
3999
12578
12
28
28016
16
225
959
22138
16
225
27
16
373
5111
20851
2191
1377
225
21
203
298
3999
12578
12
29
17697
27414
16
225
6548
23862
26087
16
225
21
16
373
7955
7955
2191
1377
225
22
203
298
3999
12578
12
22
21411
26033
16
225
3284
19127
17588
16
225
26
16
373
18730
2191
1377
225
883
28016
203
298
3999
12578
12
27
18833
25268
25314
13904
16
225
3586
23025
25742
25848
25264
16
225
26
16
373
22
16745
2191
1377
225
4543
17697
22407
203
298
3999
12578
12
21751
14317
23941
26579
11524
16
225
24588
27919
22157
21868
19962
16
225
23
16
373
11777
10783
17193
13900
21026
2191
1377
225
20
203
298
3999
12578
12
7992
22366
25599
22019
18248
16
225
19528
26461
28360
27465
24282
16
225
29
16
373
27527
27043
26090
23850
28822
2191
1377
225
20
300
7
5904
2292
38460
59283
1323
2907
184257
13
304
1774
6292
388
3080
255013
255001
255000
255003
255012
36231
748
122150
1008
304
3138
1682
59283
1323
2907
184257
28720
16
12216
16
4753
16
272
13
386
19720
32088
1150
297
648
6373
16
12216
65
1175
386
1375
21
18
1150
11751
402
272
344
77
3077
1278
272
341
265
35758
302
1150
680
2586
1150
68437
225
622
66
4448
2350
13
1377
853
2350
15309
2209
17034
30
272
341
265
1794
15739
265
4898
11795
386
1998
361
265
35758
18
36443
16
35758
2767
277
2009
27740
7662
4475
272
18
2586
592
272
674
6152
53432
35
461
2746
4060
272
341
265
1794
15739
265
4898
11795
18
32468
4898
11795
1414
516
569
6152
53432
18
2586
539
530
10987
272
1414
516
569
6152
53432
18
2209
539
1998
1994
386
272
874
569
4354
1175
386
890
539
1994
1150
16
277
35758
1998
4475
272
18
1437
1150
674
17156
27740
936
272
16
1232
411
4273
569
272
396
35758
18
2586
1150
1998
361
468
2750
396
1423
396
272
382
22
18
8049
14387
297
1150
341
468
1210
4753
18
4753
341
1360
225
21
306
225
29
24273
382
2110
1008
304
1682
277
1435
302
1150
297
648
6373
16
12216
65
31666
1804
382
35427
30
1472
306
12216
436
32088
35
99008
2927
16
396
4156
297
1310
4027
778
304
225
622
66
883
18
2586
539
1008
7434
27946
16
516
142157
898
277
2783
382
2110
1008
304
1682
5463
402
14387
16981
306
35758
4550
18
78599
5463
386
436
17242
302
27740
6758
4753
16
306
1169
402
265
3018
35758
272
382
2110
530
1761
302
16253
5463
402
14387
16981
386
436
6743
1472
306
6758
12216
382
669
16013
4158
30
911
14387
38474
304
1682
5463
499
225
20
304
433
386
22465
277
14387
25284
306
35758
4550
18
5489
3032
351
285
2238
52207
13
506
285
28720
17
21
680
7517
277
2783
341
24273
16
539
1008
304
1682
5463
6758
12216
30774
5463
6758
1472
17
21
382
2608
17034
30
461
35758
4550
6382
386
277
1435
11751
402
272
18
3483
341
265
6842
35758
18
2586
297
38474
16
539
530
31396
386
277
2009
6441
2350
13
27740
7662
6792
272
18
6755
616
27740
1998
361
6758
4753
382
2110
851
1008
304
1994
386
5463
4273
569
6152
53432
35
32468
890
539
1994
5463
16
6152
53432
436
516
6751
1480
1232
277
1435
1011
361
20906
18
2209
277
35758
4550
30
592
272
674
4354
434
16
1232
1150
1998
569
468
2750
434
27740
18
1563
5463
402
6152
53432
16
539
1011
2489
1019
396
5463
402
17156
27740
18
2209
539
530
1060
1682
5463
499
225
20
304
433
386
22465
3776
31
539
1998
4802
386
5463
402
6152
53432
436
516
33649
1480
724
1011
361
4800
396
5463
402
17156
27740
18
2952
16
592
539
589
14387
38474
402
6842
1435
302
27740
344
7846
3504
304
4354
6441
16248
13911
539
1008
304
5203
6152
53432
9222
18
36443
16
539
1682
5463
402
7662
265
3166
1435
302
27740
344
1612
6152
53432
13
6329
11568
277
1435
225
20
18
2209
954
2783
4059
225
20
35
1472
306
12216
436
4898
35
461
7120
1472
499
4898
5463
16
689
1387
361
225
20
35
461
2746
4060
1472
30
1472
302
277
2783
24273
18
887
4007
15010
4898
689
277
1310
4027
436
4898
18
2952
16
277
35758
4550
6382
386
272
341
265
4898
11795
16
306
277
1435
1150
11751
402
272
18
22547
1150
361
225
20
35
2523
1480
272
341
4898
18
2586
539
530
14801
225
20
18
2209
352
38474
499
225
20
304
433
16
539
1998
361
17034
516
304
1682
5463
402
6152
53432
386
1011
10044
361
20906
936
4494
18
340
31420
4158
30
4716
5463
1150
297
648
20
16
433
65
1175
386
1150
34494
14387
16981
306
277
35758
4550
18
2952
16
5463
1013
225
20
8316
436
3757
225
8316
16
697
874
569
17156
27740
936
4494
352
35758
272
18
461
35758
4550
30
539
1008
277
2009
434
27740
302
1150
304
361
7662
272
18
1437
539
3087
1150
2142
6152
53432
16
1232
277
2009
434
27740
436
1060
277
19229
11183
302
1150
18
2586
539
1008
277
1794
11183
302
1150
304
1169
402
272
18
2586
592
1150
674
17156
27740
936
434
16
411
4273
22465
18
2586
297
38474
539
530
31396
386
277
1435
674
468
2750
434
27740
16
700
3077
1278
277
1058
1713
41872
14387
8615
468
910
2413
306
6381
4354
6743
434
382
27872
539
1008
304
1682
5463
402
468
2750
434
27740
344
273
11568
7662
434
420
717
13
386
569
616
27740
6758
4753
306
1169
402
272
18
2209
5463
402
717
27740
851
569
35758
272
16
713
4924
6772
382
5158
1528
30
5904
14387
38474
366
277
19229
11183
302
433
16
402
1889
30
2413
3591
344
3161
1210
3040
304
2750
733
9453
352
13334
344
22542
25782
433
713
3312
733
9453
352
1713
88223
41872
344
77
3077
1278
4881
733
306
8696
265
1889
352
35758
35
7517
539
1008
277
2009
434
27740
7662
6792
272
16
539
530
4671
277
35758
15595
18
1563
277
2009
434
27740
16
539
1008
1019
7662
304
4475
272
18
2586
539
530
4671
277
35758
15595
1889
30
539
436
297
277
1343
302
15595
277
35758
31
539
1008
304
4802
386
277
2009
434
27740
6792
272
18
36443
16
539
530
2489
277
1435
396
265
1794
302
27740
344
5324
840
6152
53432
13
306
539
1587
277
2009
434
27740
304
361
7662
277
2688
1794
272
18
2586
539
530
1343
499
1210
3040
14387
304
2750
18
2973
539
436
2223
277
2009
434
10690
344
77
3077
1278
10690
1207
277
35758
16572
733
539
1008
304
31396
386
277
14387
14441
277
7260
14387
297
272
18
1563
10690
7835
434
16
839
14387
6758
4753
341
6751
18
6755
539
1008
304
31396
386
616
27740
436
6758
4753
382
2110
851
1008
304
4802
386
277
1435
674
468
2750
434
27740
18
3483
341
9724
50089
592
539
569
265
4881
9453
306
539
4802
386
539
569
468
2750
434
27740
297
277
1435
18
2209
592
277
1435
674
6152
53432
16
1850
3757
265
20906
1435
18
2952
16
592
539
11743
402
6152
53432
304
265
6842
4354
16
539
1008
304
4802
386
277
1435
302
6152
53432
1714
277
1058
1713
41872
14387
341
2336
936
6441
2350
680
3483
341
16
539
1008
277
1435
494
4354
344
35171
6152
53432
13
304
361
468
2750
434
18
610
38474
402
6842
4354
16
539
530
569
4881
9453
306
1682
1094
5463
1207
1325
5993
616
27740
16
4881
341
1641
306
277
1435
302
27740
344
77
3077
1278
277
2413
302
277
2009
1713
88223
41872
14387
13
341
468
2750
434
35
41729
16
592
539
1343
265
6842
1435
302
27740
344
56506
6441
16248
13
27740
733
1232
5463
402
17156
27740
1011
361
12240
402
6152
53432
18
1563
2024
16
433
33
2905
344
23
27740
680
461
1435
225
8316
1011
361
12240
396
373
8316
3210
2209
1435
225
25
1011
361
12240
396
373
4662
3210
610
386
11183
16
277
2009
434
27740
344
56506
434
33
22
16
272
508
740
2191
1011
361
373
2113
6
352
277
1435
225
25
35
41729
16
592
539
11743
304
4354
225
23
16
277
2009
225
22
27740
302
373
4662
6
436
373
2113
728
697
341
516
373
740
3210
2586
592
539
31396
35758
366
277
84267
11183
16
1232
5463
386
436
20906
936
434
1011
9724
4759
1480
277
84267
27740
297
4805
1011
361
53432
16
689
277
2009
434
27740
1011
2549
53432
35
16473
15698
30
19001
272
508
740
728
434
33
22
18
1563
1435
225
740
16
84267
304
4354
225
23
2649
373
2577
3210
461
2009
225
22
27740
436
373
740
728
713
411
14441
18
1563
1435
225
9974
16
84267
304
4354
225
23
2649
373
9974
728
2009
225
22
27740
373
740
728
14441
18
1563
1435
225
21
16
84267
304
4354
225
23
2649
373
3528
728
2009
225
22
27740
373
555
728
1414
516
4475
18
1563
1435
225
740
689
402
6152
53432
84267
304
265
6892
4354
344
56506
225
24
27740
733
539
2428
771
373
20
2577
728
2009
225
22
27740
373
740
728
14441
18
2586
592
539
11743
304
265
6842
4354
6792
304
277
4354
302
433
344
273
910
6892
6842
4354
733
1232
5463
402
17156
936
434
27740
1011
569
6152
53432
386
50899
910
302
277
2009
434
27740
35
41729
16
592
277
1435
494
5772
4354
341
2336
936
434
16
1232
890
84267
304
265
6842
4354
344
56506
374
13
1207
374
6743
434
16
277
2009
434
27740
642
2549
53432
499
277
3504
35
1563
2024
16
434
33
22
16
1435
33
25
16
374
33
23
344
84
30972
304
225
23
27740
13
1117
373
4662
728
2009
225
22
27740
351
373
2113
3210
2586
1850
516
6792
304
272
18
1563
374
33
24
1117
373
20
4662
728
2009
225
22
351
373
2113
3210
2586
1850
516
6792
18
2586
3504
304
265
4354
6743
434
642
2188
516
4475
272
592
272
674
1713
41872
6152
27740
35
2209
1065
592
272
5513
5720
53432
35
317
1627
1278
272
508
622
3210
7551
33
622
16
84267
304
4354
225
23
1117
373
3316
728
2009
225
22
27740
351
373
622
728
14441
18
7551
33
20
35
3557
6751
1480
272
4898
18
2586
3504
304
265
6842
4354
344
73
1627
1278
277
4354
302
433
13
642
12989
31396
386
277
1435
494
5772
11183
344
35171
6152
53432
13
11751
402
272
16
1480
277
2009
434
27740
302
277
84267
11183
4850
304
277
5772
2009
434
27740
592
277
1435
674
468
2750
434
27740
16
689
592
277
1435
674
17156
936
434
27740
16
277
84267
11183
642
569
6152
53432
306
277
2009
434
27740
642
2549
53432
16
697
4164
7258
4475
272
9082
272
341
616
53432
35
2209
272
341
4898
16
713
272
674
468
2750
730
1713
41872
14387
18
8111
16
352
5463
402
17156
936
434
27740
16
277
84267
11183
4273
1169
402
272
1480
277
2009
434
27740
1011
569
53432
468
277
4805
35
41729
16
1994
434
33
21
16
272
508
20
26471
2209
272
341
4898
16
713
272
4273
361
373
20
3210
2586
272
494
1058
14387
341
1713
41872
35
3557
13375
30
272
1387
361
373
20
26471
41512
11795
4445
1472
402
225
20
16
689
1387
3451
53432
5451
35
317
1627
1278
272
508
622
6
674
1058
14387
225
21
18
2586
839
4898
11795
674
1058
14387
1713
41872
18
2586
272
494
1058
14387
341
1713
41872
18
5489
592
1435
674
17156
936
434
27740
16
277
84267
11183
494
2009
434
27740
1011
569
265
7810
468
277
1058
302
1731
434
10690
35
16473
1565
30
434
33
22
16
272
508
622
3210
1437
1435
33
622
16
84267
304
225
23
1117
373
3316
728
2009
225
22
351
373
622
728
14441
18
9405
6772
1480
1435
674
7662
434
27740
18
1437
1435
33
6880
16
84267
304
225
23
1117
373
6880
728
2009
225
22
351
373
622
728
14441
18
1437
1435
33
622
689
539
11743
304
4354
225
24
1117
373
20
3316
728
2009
225
22
351
373
622
728
14441
18
2586
5463
402
468
2750
434
27740
642
4475
272
592
277
2009
434
27740
302
277
5772
1435
6792
272
18
1437
1435
674
17156
936
434
27740
16
2132
1435
33
25
16
434
33
22
16
272
508
622
3210
370
30972
304
225
23
1117
373
4662
728
2009
225
22
351
373
2113
728
516
373
622
3210
2586
411
18048
18
8111
16
3504
304
265
4354
6743
434
344
414
9651
304
277
4354
302
433
13
642
12989
31396
386
277
1435
674
468
2750
434
27740
1480
7494
277
2009
434
27740
4273
4475
272
18
2952
16
903
341
265
122221
30
1437
277
1435
674
7662
434
27740
16
689
402
6152
53432
35
2523
16
5463
1907
569
6152
53432
297
4350
11183
18
2586
1850
6772
382
2608
1065
819
5463
402
717
27740
936
433
494
4354
35
9405
41379
1480
539
436
27946
778
304
433
18
2586
539
530
911
14387
38474
402
6842
4354
6792
304
277
1435
302
27740
302
433
344
273
8696
265
6892
6842
4354
304
5203
5463
402
717
27740
35
2209
539
1094
1008
778
304
433
16
713
539
530
867
4354
351
1435
302
27740
302
433
18
2952
16
1994
5463
386
569
717
27740
936
433
35
2227
436
1518
433
16
713
516
33649
18
2586
6772
382
2608
539
1008
304
1682
5463
499
225
20
304
433
24273
18
2952
16
539
1998
29082
5463
386
569
6152
53432
35
41729
16
225
20
1011
361
12240
396
616
53432
18
10262
2009
434
27740
1011
361
53432
18
7517
272
341
4898
16
225
20
1414
516
4475
18
2586
225
20
7258
361
33649
17833
18
2586
539
530
2549
225
20
306
411
642
361
23788
686
498
35758
4550
18
2586
1850
6772
304
1682
499
225
20
382
27872
16
539
530
3138
265
1154
1682
8343
40752
16248
13
386
6714
277
1435
302
32088
1150
297
648
20
16
433
65
31666
277
14387
16981
306
35758
4550
18
5489
3032
351
1682
8343
40752
2238
52207
13
506
1682
8343
40752
28720
17
21
2570
8311
16
539
1008
304
3138
1682
8343
40752
16248
13
19792
382
61792
589
265
46800
14387
38474
18
23567
30
912
344
2640
499
1210
3040
304
2750
733
13334
344
17210
733
4881
344
17210
733
35758
34875
10887
35
41729
16
539
1008
304
31396
277
2009
434
27740
7662
18
1283
530
23612
35758
15595
498
4077
468
277
2413
5657
304
277
1169
18
16473
8483
434
351
6441
2350
680
27969
1343
27740
499
1210
3040
304
2750
18
2973
539
436
2223
277
2009
434
10690
344
77
3077
1278
499
277
344
4448
16248
6030
48
13
371
2413
304
277
2009
733
539
1008
304
31396
386
277
14387
14441
277
7260
14387
499
272
344
3161
2454
304
1503
680
2209
17034
30
461
35758
272
341
2688
396
265
1794
18
461
2009
434
27740
302
277
1435
4850
304
272
63
20
65
1610
277
1210
3040
302
277
35758
344
1833
14387
468
277
20373
66
344
48
17
21
13
2111
13
306
272
19785
21
65
277
8027
2111
18
2586
890
539
1343
27740
499
1210
3040
304
2750
16
539
1008
304
1287
697
2413
297
272
539
436
468
18
1283
530
569
265
1889
15739
1030
1451
27740
302
277
35758
539
569
23940
713
3312
35
41729
16
539
1008
5204
24005
16
713
539
530
2292
468
1450
2672
30
592
539
436
297
277
35758
4318
344
77
3077
1278
277
10652
27740
304
1343
436
6758
434
306
539
436
516
4427
3410
402
35758
733
1232
539
1008
304
4475
277
2993
14387
18
2209
1065
819
5463
386
569
717
936
6441
16248
13
27740
35
3557
2731
1480
539
7016
277
1435
302
27740
304
6441
16248
680
2952
16
1994
5463
386
569
17156
27740
936
6441
16248
13
344
77
3077
1278
6152
53432
680
610
954
38474
16
539
569
265
4881
9453
386
10799
3473
539
569
8456
265
1713
41872
14387
4427
18
1437
4881
341
8077
16
539
436
2188
297
6152
53432
18
610
386
1690
16
539
1196
516
31396
277
35758
16981
1480
1731
6152
53432
436
516
766
302
277
5772
1435
18
2209
592
539
569
6152
53432
306
539
436
819
304
1472
16
539
1008
304
11651
569
468
2750
434
27740
18
3483
2767
539
1998
11651
2111
1713
41872
27740
297
10690
1175
386
277
2983
4354
344
1833
1435
302
27740
1325
4881
13
341
468
2750
434
18
2952
16
954
38474
402
6842
4354
306
35758
18782
366
277
2009
434
10690
302
277
84267
11183
1387
87148
2617
5463
402
17156
936
434
27740
304
4475
272
35
1737
23069
16
592
277
1435
674
17156
936
434
27740
16
277
84267
11183
642
569
53432
297
277
1058
344
4448
16248
13
506
5772
14607
13
10690
16
306
277
2009
434
10690
642
2549
53432
468
277
4805
35
16473
1310
30
433
674
4354
374
18
19001
539
569
265
1435
402
5772
4354
399
460
434
18
5489
277
84267
11183
674
374
27740
16
402
374
8927
6152
53432
18
461
2009
434
27740
642
4732
302
344
79
13
27740
499
277
1435
344
1833
5772
27740
13
7528
498
344
48
506
399
13
53432
35
41729
16
277
2009
434
27740
436
277
2750
3040
434
27740
18
1563
265
1435
402
399
27740
16
969
2750
3040
434
27740
2549
616
969
27740
344
29753
399
460
434
13
306
1232
344
48
506
399
13
6152
53432
499
277
3504
35
26128
16
277
84267
11183
674
374
27740
30
10690
225
20
568
49
17
21
344
4024
3040
304
2750
680
461
1435
494
5772
27740
50899
277
2009
399
10690
344
47048
374
8927
304
374
17
21
680
2586
277
2009
434
27740
344
47048
374
6315
304
374
17
21
13
2549
10690
374
6315
8886
374
8927
17
21
697
436
53432
344
29753
1731
436
1714
277
5772
1435
494
27740
733
306
10690
374
8927
8886
374
17
21
697
436
277
5772
27740
18
2586
277
35758
1011
361
344
48
8927
13
53432
7528
498
277
399
27740
18
957
4273
6792
272
1480
272
10626
402
265
1713
41872
14387
18
2586
1850
6772
18
2952
16
1065
592
272
674
53432
35
272
341
4898
689
530
569
53432
5451
16
689
969
1058
14387
341
1713
41872
18
2586
277
35758
1011
569
265
1713
41872
1058
14387
16
689
277
84267
11183
494
2009
434
27740
1011
569
53432
468
277
1058
10690
344
29753
374
6315
304
374
8927
17
21
436
53432
680
2586
411
18048
9082
374
6315
6758
374
8927
17
21
35
3483
1011
2485
399
6743
434
16
697
341
516
277
1690
18
2586
14233
5463
402
17156
936
434
27740
642
4759
18
2586
539
530
5207
31396
277
35758
4550
366
277
84267
11183
494
2009
434
27740
15470
302
4881
9453
16
306
411
642
12989
5419
5463
402
17156
936
434
27740
382
2608
539
1998
851
4802
386
539
1907
41858
1682
5463
1207
277
35758
14441
689
277
1435
674
6152
53432
386
436
766
302
277
35758
35
1563
2024
16
23907
433
674
4354
374
16
306
539
1994
277
1435
225
20
18
9405
616
53432
16
2009
434
27740
616
53432
16
516
15595
272
18
2586
6772
382
27872
16
539
530
3138
38474
386
6582
616
374
27740
16
402
5267
30
912
16
13334
16
35758
34875
35
2209
35758
15595
341
57272
2688
277
27740
539
2111
306
277
2993
27740
18
2952
16
539
1008
304
4802
386
277
2009
434
27740
7662
6792
272
18
957
341
265
25284
386
530
361
50089
498
16
352
1450
2413
16
592
539
436
297
277
35758
4318
344
77
3077
1278
10652
27740
6758
434
306
539
436
2188
2223
277
35758
86006
539
1998
867
277
14387
304
265
3018
1333
18
2209
17034
30
461
35758
4318
341
5047
2387
366
277
5772
4354
302
277
1435
16
516
277
84267
4354
18
2952
16
396
23069
16
1347
84267
11183
402
6842
4354
374
4229
1480
839
1435
402
17156
936
434
27740
642
569
53432
297
277
35758
4318
306
7258
4475
18
2209
903
341
265
202267
30
19001
539
569
265
1435
402
717
936
434
27740
16
689
277
2009
434
27740
436
7662
272
18
610
277
84267
11183
16
277
2009
434
27740
436
7662
277
2009
434
27740
302
277
1435
344
29753
277
1435
76176
277
2009
399
27740
16
306
592
399
6743
434
16
1232
277
2009
434
27740
436
7662
277
1435
494
2009
434
27740
680
2586
277
84267
11183
494
2009
434
27740
6792
272
592
306
1094
592
277
5772
1435
494
2009
434
27740
6792
272
18
2586
539
530
21606
31396
277
35758
4550
366
277
2009
434
10690
302
277
84267
11183
382
2608
1065
819
5463
386
569
7662
434
27740
35
5489
277
84267
11183
494
2009
434
27740
436
7662
277
4425
1435
344
29753
277
1435
76176
10690
374
6315
568
49
17
21
680
2586
4924
6772
382
27872
16
539
530
3138
38474
386
6582
374
27740
16
306
352
1450
2413
700
344
20
14682
499
2454
733
592
700
341
297
277
2783
648
49
6315
16
374
17
21
65
344
77
3077
1278
539
436
297
277
35758
4318
733
1232
277
14387
539
2111
1998
6792
277
2993
14387
272
73244
6315
692
700
128410
16473
8483
30
4214
434
351
6441
2350
680
461
35758
272
21062
304
27740
499
277
344
49
6315
13
371
2413
304
277
2009
18
3092
2413
700
344
20
14682
499
2454
733
592
374
6315
6758
700
6758
374
17
21
16
1232
539
2485
14387
282
351
853
2350
2943
506
344
49
506
434
12015
680
1563
700
460
374
6315
16
839
14387
6758
4753
341
6751
16
689
851
1998
361
6758
4753
306
851
592
4881
341
2044
16
539
530
5857
225
20
344
29447
7810
13
420
1472
3735
18
2952
16
539
851
1008
304
31396
386
616
27740
436
6758
4753
16
15470
302
2413
382
4892
539
530
23612
386
382
2608
5522
30
15968
265
122221
30
2115
819
5463
386
569
6152
53432
306
1232
1472
35
461
27740
297
277
35758
4318
386
436
53432
499
6152
53432
1387
361
766
302
277
35758
35
2209
592
277
1435
674
17156
936
434
27740
16
1232
910
10690
297
277
35758
4318
436
53432
1480
724
436
6152
53432
18
2209
539
31396
277
35758
27740
304
361
3018
1713
41872
27740
18
2586
724
7258
4475
16
713
1175
5463
436
26217
18
9405
6772
18
2952
16
1065
819
5463
386
569
717
936
434
27740
16
689
277
1058
2487
27740
302
277
35758
344
1833
3634
7542
2223
277
35758
13
436
53432
35
9405
20672
592
272
5143
53432
18
1563
2024
16
272
508
3316
26471
2209
272
341
265
4898
11795
1794
31
7400
4898
32088
1907
569
6152
53432
18
2586
272
4273
569
6152
53432
18
3483
2767
277
1058
14387
302
272
341
1713
41872
18
2586
277
1210
3040
14387
302
277
35758
4318
1998
361
1713
41872
18
3483
2767
386
277
14387
468
2413
374
6315
1998
361
1713
41872
18
3483
18373
386
277
1435
674
468
2750
434
27740
306
386
277
14387
7998
1714
277
35758
341
766
302
277
16514
18
2586
1850
6772
382
27872
16
38474
4158
30
4214
374
351
1435
302
27740
302
433
344
359
433
33
20
16
374
33
21
35
41729
16
539
1008
304
5203
433
33
20
22560
18
2209
1472
17
21
1387
361
506
21
592
1472
33
20
35
461
2746
4007
15010
592
1472
530
361
225
20
18
46764
1472
6743
21
18
2209
539
530
5203
433
32
20
498
19210
225
20
18
27969
10987
1472
6743
225
21
16
689
539
530
2188
3138
21606
382
61792
4602
265
1154
1682
8343
40752
16248
13
386
6714
277
1682
302
5463
297
648
20
29184
65
386
22465
277
3776
18
1437
433
460
225
20
16
758
225
20
382
8311
16
38474
4815
1375
2110
569
304
1994
277
4753
366
27740
30
1450
14387
1998
361
6758
4753
382
2110
851
569
304
1994
386
5463
4273
569
27740
1518
4753
382
61792
589
77647
402
42626
1701
344
12271
13
366
344
1084
16
13334
16
4881
680
2209
341
4881
4494
35
7517
539
3402
31396
35758
366
277
2009
434
27740
16
306
539
2617
6152
53432
18
2952
16
539
1008
304
4802
386
277
1435
341
516
33649
592
1850
7810
35
2209
7810
1011
4759
35758
17833
18
2209
4881
9453
2428
361
4494
352
2761
1625
35
41729
16
1994
277
1690
1207
277
1435
674
6152
53432
306
1232
277
35758
4318
4059
910
53432
18
15040
53432
1011
361
13238
304
361
1713
41872
344
29753
272
494
1058
14387
341
1713
41872
733
713
724
7258
4475
18
2586
5463
402
6152
53432
386
4759
35758
436
9724
26217
18
2209
1065
819
5463
386
569
6152
53432
306
1232
277
35758
4318
4059
265
7810
1480
272
674
265
7810
3735
35
9405
20672
18
2952
16
589
539
1008
304
4802
386
277
1435
1414
516
569
6152
53432
386
436
766
302
277
35758
35
1737
23069
16
277
35758
70712
1058
14387
341
1713
41872
16
713
592
903
436
6152
53432
1714
277
35758
4318
16
277
1058
14387
302
277
35758
4318
341
13238
304
361
1713
41872
16
713
1850
6772
18
2209
903
341
265
15277
30
19001
374
341
2927
16
306
539
569
265
1435
386
674
17156
936
434
27740
16
689
277
35758
4318
4059
53432
499
6152
53432
306
851
4059
27740
499
277
5772
1435
35
3483
1011
361
344
48
8927
13
53432
692
399
27740
18
1563
492
304
6792
272
16
697
10626
402
1713
41872
16
277
1058
14387
302
277
35758
4318
1998
361
1713
41872
16
713
539
1008
399
6743
434
35
8801
592
399
460
434
16
277
1058
14387
302
277
35758
4318
341
499
6152
53432
344
25707
733
516
15595
272
494
1058
14387
18
2586
14233
5463
402
399
122245
4273
4475
18
2586
4881
9453
874
516
361
4494
352
67848
1480
277
35758
4550
642
9724
29082
1019
18
2952
16
903
341
2484
122221
30
461
14387
25284
30
373
9093
14387
297
1150
341
468
1210
4753
1304
12379
492
5646
304
616
27740
16
2291
6152
53432
35
36443
16
6152
53432
436
516
4800
27740
302
277
1435
18
2586
539
1196
516
31396
277
4753
366
6152
53432
18
610
954
84267
11183
16
539
2489
6152
53432
396
53432
16
306
225
20
341
6758
4753
344
29753
4753
6743
21
16
225
20
6758
4753
680
2586
1850
6772
18
2209
1065
819
277
1435
225
20
35
3578
616
53432
16
27740
225
20
6758
4753
16
689
35758
18048
16
713
1850
6772
18
2586
539
1907
1008
265
4881
9453
304
42366
6152
53432
499
4753
35
8801
539
436
9612
14387
225
20
352
6152
53432
16
306
225
20
6758
4753
16
713
1850
6772
18
2952
16
903
341
265
202267
30
2115
592
4753
351
225
20
35
2209
4753
341
1360
225
21
306
225
29
24273
16
713
4753
6743
21
16
713
225
20
341
6751
396
265
14387
344
29753
225
20
6758
4753
680
2586
6152
53432
436
6751
18
2586
539
1907
1008
304
8293
27740
304
361
1713
41872
352
6152
10690
18
2586
4881
9453
2428
516
361
4494
352
277
14387
25284
1480
539
2617
225
20
18
2209
539
2428
2188
1008
4881
9453
304
12989
5203
277
35758
4550
35
16473
4638
18400
382
26412
265
15277
30
19001
272
351
373
20
26471
2209
272
341
4898
16
713
272
4273
361
373
20
3210
2586
272
2837
674
1058
14387
1713
41872
18
2586
277
1058
14387
302
277
35758
4318
1998
361
1713
41872
18
610
277
84267
11183
16
386
14387
341
468
2413
374
6315
18
1437
539
569
6152
53432
16
1232
468
2413
374
6315
16
277
14387
1387
361
225
20
16
689
411
341
13238
304
361
1713
41872
16
713
277
1435
1998
569
265
1713
41872
14387
468
386
2413
16
6115
386
277
1435
674
468
2750
434
27740
306
386
2413
341
766
302
277
1435
16
516
6152
7810
18
2586
4881
9453
2428
516
361
4494
304
31396
386
277
1435
674
468
2750
434
27740
1480
277
35758
4550
9712
265
1713
41872
14387
468
386
2413
18
2952
16
1065
819
5463
386
569
7662
434
27740
35
5489
277
35758
4318
13823
616
27740
16
306
277
1058
14387
302
277
35758
4318
341
277
1210
3040
14387
302
277
1435
16
697
341
1713
41872
1480
277
1435
674
434
27740
306
840
6152
53432
18
2586
1850
6772
382
2608
1994
5463
386
569
717
936
434
27740
16
689
277
1058
14387
302
277
35758
4318
1387
361
7810
592
277
1435
674
265
7810
903
35
2209
272
494
1058
14387
341
1713
41872
16
713
411
1998
361
1713
41872
18
2586
1754
6772
382
27872
16
539
2428
516
1008
265
4881
9453
468
616
16
1480
277
14387
16981
436
616
6758
4753
16
306
539
2617
225
20
352
839
14387
16
306
277
35758
4550
9712
277
2009
434
27740
304
361
7662
272
18
957
18373
386
277
1435
674
468
2750
434
27740
344
29753
277
35758
70712
1058
14387
341
1713
41872
16
277
1435
1998
569
386
14387
680
2952
16
903
341
265
12680
1690
30
2115
592
277
1435
674
6152
53432
1175
386
277
35758
4318
4059
910
53432
1714
277
5772
1435
10626
16
689
277
35758
70712
1058
14387
344
1833
730
468
2413
374
6315
13
341
13238
304
361
1713
41872
16
713
386
1011
361
265
14387
386
341
766
302
277
1435
344
29753
1850
1713
41872
680
3483
2767
386
277
1435
1998
569
265
1713
41872
14387
468
386
2413
16
697
341
1714
277
35758
4318
35
41729
16
277
35758
4318
341
277
2009
434
27740
18
461
2413
374
6315
341
277
344
48
13
371
499
277
1503
18
1437
386
14387
341
1713
41872
16
1232
277
1435
674
468
2750
386
1451
27740
16
700
3077
1278
468
2750
434
27740
18
2209
1387
411
361
386
277
1435
674
717
27740
936
434
16
689
277
14387
468
374
6315
341
1713
41872
306
341
766
302
277
1435
16
12035
18
2586
840
2746
382
29838
16
539
2428
361
2948
304
64424
4881
9453
306
5207
1343
616
27740
16
402
277
35758
4550
6227
45531
18
2952
16
539
1998
361
17034
819
277
1690
1207
433
674
17156
27740
936
434
35
1563
2024
16
433
33
2905
344
49
33
23
733
434
33
24
344
4448
2350
5791
24
680
5489
903
341
840
2413
297
277
2783
648
49
6315
16
374
17
21
65
1480
374
6315
351
506
21
16
697
341
15235
18
610
386
1690
16
277
35758
4318
341
8295
35
2209
277
4550
6382
386
277
1435
11751
402
272
16
697
674
4354
225
24
18
1437
277
1435
494
6756
2731
4354
344
49
13
341
2336
936
434
16
1232
840
1435
6758
433
530
569
434
27740
16
1480
5463
402
434
27740
436
468
2750
225
622
44930
48
17
21
680
7517
433
460
225
622
44930
48
17
21
13
344
29753
374
460
434
18372
433
460
225
622
44930
48
17
21
13911
903
436
840
5463
31666
277
35758
4550
18
2586
1682
8343
40752
16248
13
351
225
20
18
2586
539
530
5203
386
3836
30
592
433
460
225
622
44930
48
17
21
2738
758
225
20
382
2608
851
16
592
433
674
4354
374
6743
434
16
539
530
11536
402
38474
382
8311
16
539
1008
304
3138
38474
402
42626
1701
366
344
1084
16
13334
680
2952
16
539
851
1008
304
1287
697
14387
341
2993
468
1450
2413
592
539
436
297
277
35758
4318
18
3483
341
57272
2387
366
912
306
434
16
713
539
530
17208
411
366
277
12643
18
2209
17034
30
461
35758
4318
341
5047
5657
304
277
2983
4354
374
344
1833
1435
302
27740
302
433
680
2952
16
592
539
569
6152
53432
16
277
4949
1435
874
569
17156
27740
18
2209
396
23069
16
277
35758
4318
297
277
84267
11183
341
6842
18
2586
539
530
8483
387
4173
9511
120498
302
4354
374
16
1207
9511
120498
2943
65
351
4628
592
700
460
374
6315
344
77
3077
1278
516
297
35758
733
1625
9511
120498
2943
65
351
853
2350
2943
506
344
49
6315
12015
680
5489
1919
38474
16
468
1450
2413
16
592
9511
120498
2943
65
341
516
4628
16
539
1998
5857
386
14387
31
1625
539
530
5857
839
14387
499
225
20
304
344
25665
592
516
13334
1625
1219
124651
16
14387
302
433
468
386
2413
46815
2608
539
851
1008
304
1994
386
592
13334
341
7143
16
277
6756
14387
6751
341
277
14387
302
433
468
386
2413
18
2586
277
6751
27740
436
225
20
568
4956
123983
1207
2687
123983
351
344
50
2943
65
592
13334
1625
4753
680
2952
16
6035
386
277
35758
14387
2428
361
1518
4753
35
7517
272
341
265
4898
11795
16
969
27740
436
1360
225
20
17
29
18
2209
4753
874
361
2336
936
910
14387
297
272
18
610
386
1690
16
592
277
2993
14387
33572
4753
16
1232
1850
13861
304
22465
277
14387
25284
18
2952
16
277
2746
4060
4753
341
277
6756
6751
14387
1333
18
2586
592
839
14387
302
272
1518
4753
16
1232
840
1435
530
22465
1804
3776
1480
277
35758
5720
265
14387
1518
4753
18
2209
5522
30
461
4550
4060
373
9093
14387
297
1150
341
468
1210
4753
1304
3483
4059
616
27740
302
1150
18
1437
272
674
265
14387
1518
4753
16
1232
839
1150
17299
402
272
1011
569
386
14387
16
713
1850
13861
18
2586
539
530
3836
758
225
20
592
839
14387
302
272
1518
4753
18
3483
530
5612
778
382
2608
17034
30
2115
592
272
674
265
14387
1518
4753
35
5489
14233
840
1150
530
22465
18
2586
539
530
2292
386
3836
306
758
225
20
382
54351
16
539
851
1008
304
1994
386
277
35758
272
874
569
6152
53432
35
2209
272
341
4898
16
713
840
6152
53432
16
689
411
530
569
53432
5451
18
15040
53432
436
6772
382
8311
16
38474
402
42626
1701
366
344
1084
16
13334
680
7517
539
569
840
852
1889
16
1850
25485
382
2608
539
1998
851
1994
386
5463
402
6152
53432
436
6751
16
689
539
1998
4802
386
539
436
516
27946
5463
386
436
7810
35
30544
642
361
12240
396
616
53432
18
461
35758
4550
642
4759
1480
272
341
4898
16
713
516
33649
18
2586
1850
6772
382
2608
341
903
839
2996
386
38474
19720
265
1435
386
16
1325
82767
6152
53432
16
674
17156
936
434
27740
689
2188
34494
35758
2920
304
910
20208
1654
35
16473
1310
402
387
2024
30
433
33
21
937
344
49
33
24
733
434
33
22
16
272
508
622
3210
8439
304
954
38474
16
539
642
31396
386
277
2009
1217
27740
436
7662
373
622
3210
1563
265
1435
1013
225
3316
35
41729
16
225
622
341
1217
27740
18
610
84267
304
225
24
27740
16
225
622
1011
361
373
20
3316
3210
10492
1217
27740
373
622
728
14441
18
2586
1850
33649
18
9405
4309
18
2115
819
1435
225
20
35
373
20
937
728
2009
1217
27740
373
409
728
18048
18
7551
225
20
35
18048
18
2115
819
1435
225
1296
35
373
20
1296
728
2009
1217
373
409
728
18048
18
2586
1094
5463
17299
402
225
622
436
33649
382
8311
16
1065
819
265
1435
1013
225
6880
35
373
20
6880
728
2009
1217
373
622
728
14441
16
33649
18
9177
382
1974
819
1435
225
622
35
33649
382
27872
16
38474
4229
382
2608
539
1998
851
1994
277
1690
1207
277
1435
674
7662
434
27740
16
689
277
84267
11183
874
569
6152
53432
592
374
1518
434
18
1563
2024
16
433
33
4542
344
49
33
23
733
434
33
22
16
272
508
959
3210
461
1435
225
959
674
4354
225
22
16
84267
304
373
25118
3210
10492
1217
27740
373
959
728
14441
18
2586
33649
18
9405
4309
1480
225
959
11751
402
225
959
382
8311
16
1065
819
1435
225
959
890
433
33
959
35
374
33
22
16
434
33
22
16
1232
35758
4318
341
10690
225
20
306
225
21
18
461
2993
27740
436
272
63
20
65
306
272
63
21
65
344
29753
374
6315
33
20
680
2586
277
1435
1998
7662
6792
272
18
2586
4924
4309
382
8311
16
1065
819
1435
225
9652
890
433
33
9652
344
49
33
23
733
434
33
22
16
272
508
959
3210
5489
225
9652
11751
402
225
959
16
713
1196
361
33649
18
610
84267
373
9652
728
2009
1217
373
959
728
14441
18
9177
382
27872
16
277
38474
4158
5563
4309
382
8311
16
539
1008
304
3138
1682
8343
40752
16248
13
19792
382
61792
7046
433
304
265
1568
302
27740
16
2132
27740
351
1568
24094
5232
16
1284
16248
93167
5489
374
351
6441
3524
77266
2570
2558
374
460
434
30
758
225
20
382
2558
839
14387
297
272
1518
4753
30
758
225
20
344
956
17034
30
957
4550
16572
29469
352
839
433
16
713
539
530
2292
5536
1682
8343
40752
306
3836
758
225
20
18
2952
16
1850
2731
386
352
910
433
16
1571
592
272
674
265
14387
1518
4753
16
277
1682
8343
40752
16248
13
2428
2188
361
1713
41872
592
433
341
2336
936
277
21820
1435
402
386
35758
35
41729
16
592
272
674
265
14387
1518
4753
16
1232
839
1435
17299
402
272
1011
569
386
14387
16
62795
14387
25284
18
2586
14233
840
1435
297
277
4569
2783
530
22465
18
2586
539
530
3836
758
225
20
499
277
1584
1154
18
2209
277
38474
1011
851
758
225
20
1480
468
277
35758
10690
16
277
2993
14387
1011
361
1518
4753
16
713
840
4080
27740
18
2586
539
1387
18486
3836
2292
16
689
1850
1622
352
3892
18
27969
2549
3836
2292
297
1682
59283
1323
2907
184257
30
592
839
853
30400
13
1518
4753
30
758
225
20
18
8801
4924
265
4374
17422
382
8311
16
3138
1682
8343
40752
16248
16034
149670
1375
1847
1682
8343
40752
16248
2407
298
592
433
460
225
20
30
758
225
20
203
298
27740
351
1568
24094
5232
16
1284
16248
12886
298
374
351
6441
3524
77266
465
298
592
374
460
434
30
758
225
20
203
298
905
4421
52448
2993
14387
352
1450
2413
592
297
35758
203
298
9511
351
648
9055
65
535
374
203
298
352
700
297
2783
8759
6315
16
374
2407
348
9511
2943
65
351
853
2350
2943
506
344
49
506
434
80390
298
905
6013
38474
203
298
499
136060
1250
312
625
28090
300
298
1029
80
625
28090
57151
465
298
917
29124
40815
16
13334
2407
348
592
912
1377
374
638
454
905
2536
27740
15267
18
19100
304
4802
386
539
569
468
2750
434
27740
35
41729
16
277
35758
4550
341
50089
366
277
2009
434
27740
16
689
539
4746
2292
592
277
1435
674
468
2750
434
27740
35
2952
16
592
277
1435
674
17156
936
434
27740
16
1232
277
35758
4318
1011
569
961
13238
304
3018
27740
344
11317
41872
468
1058
680
2209
1387
539
569
265
1435
386
34494
277
35758
4550
689
674
17156
936
434
27740
35
1737
23069
16
840
16
1480
277
1058
14387
302
35758
341
1713
41872
16
713
277
1435
1998
569
468
2750
386
1451
27740
18
2209
13640
4638
18400
30
19001
374
6743
434
16
306
539
436
468
277
1169
18
461
1435
539
16446
2428
569
6152
53432
1175
386
277
5772
1435
4354
341
2336
936
434
18
2209
1414
954
38474
2617
386
35
8520
16
1480
539
6751
27740
225
20
297
10690
1714
277
35758
4318
18
3092
277
1169
16
539
569
265
2833
14387
1794
18
1437
277
5772
1435
344
215350
6152
53432
13
674
4354
460
434
16
1232
277
35758
4318
344
1833
2009
434
10690
13
4059
53432
499
6152
53432
18
2952
16
1731
53432
436
13238
304
3018
27740
498
9511
18
7517
9511
494
1058
14387
344
4296
374
6315
13
341
1713
41872
344
32324
272
494
1058
14387
1713
41872
733
277
1435
4273
569
265
7810
903
1480
539
1998
5857
386
5204
14387
18
2586
592
277
5772
1435
674
17156
936
434
27740
16
1232
2413
374
6315
1011
361
265
6152
7810
344
29753
277
1435
494
27740
1472
3735
680
2209
954
38474
9712
411
304
361
265
3018
1713
41872
14387
16
713
386
4273
4252
18
8111
16
839
1435
386
23459
912
582
49
1998
569
265
1713
41872
14387
468
2413
374
6315
16
697
2767
277
1435
494
5772
4354
341
468
2750
434
18
2586
539
1907
1008
387
4814
2292
388
454
758
225
21
225
905
4080
1435
203
348
1625
638
454
2687
123983
351
27740
74686
65
592
13334
1625
4753
203
454
2983
351
225
20
203
454
352
282
297
2783
12
20
16
2687
123983
15
21
2407
615
592
9511
74686
65
341
516
4628
306
282
2308
9511
74686
25306
828
4622
203
615
2475
872
502
351
13334
306
344
72
1377
2687
123983
465
615
2983
4284
29124
40815
15
21
16
2475
872
502
465
454
758
2983
300
298
758
29124
12
20
16
7143
994
2608
5522
30
2278
341
265
30495
4264
30
461
14387
4753
16572
304
616
27740
16
2291
1731
297
277
35758
4318
18
5641
9284
92079
282
304
6758
4753
344
19965
2687
123983
13
306
851
592
9511
74686
65
341
516
4628
16
539
31396
24005
18
2952
16
1065
592
9511
74686
65
1518
4753
35
5489
539
18486
16
306
840
12423
18
2209
539
1387
3836
2292
386
839
14387
297
272
1518
4753
16
1232
758
225
20
18
2586
539
530
919
386
2292
304
4928
24975
38474
382
2608
341
903
839
852
122221
35
461
1435
1998
361
4898
35
461
2746
4060
373
37
4898
11795
1150
341
2988
8672
27181
18
2586
1150
1998
361
1518
225
20
18
2209
954
1682
8343
40752
4059
225
20
18
225
20
1414
516
22465
35758
344
29753
272
341
4898
733
713
1850
516
33649
18
2586
1850
6772
382
2608
1065
819
5463
386
569
6152
53432
306
1232
277
35758
4318
35
461
38474
396
4546
642
1682
5463
1013
225
20
2577
35
41729
16
277
38474
26079
265
6842
36540
1794
18
1563
2024
16
433
33
21
937
344
49
33
24
733
434
33
22
16
272
508
740
3210
461
1435
225
740
341
12240
396
373
20
2577
3210
3483
341
6751
1480
539
2617
6152
53432
18
12379
225
740
22465
277
3776
35
8520
16
225
740
11751
402
225
740
16
616
27740
6758
4753
344
78325
4753
19105
22
680
2586
1850
33649
18
9405
4309
1480
225
740
341
265
4898
11795
18
2586
1850
6772
382
8311
16
1310
402
2688
7120
382
61792
3138
277
1154
1682
59283
1323
2907
184257
402
3836
4188
2292
306
1232
17208
1375
1847
1682
59283
1323
2907
184257
28720
16
12216
16
4753
16
272
2407
298
905
20737
272
304
1568
302
146581
203
298
272
120498
351
648
545
30400
13
352
466
297
272
1391
298
434
351
6441
2350
120498
465
298
905
16483
2292
30
592
839
14387
1518
4753
16
758
225
20
203
298
592
839
3524
1518
4753
352
282
297
272
120498
2407
348
758
225
20
203
298
905
41324
304
1682
5463
6758
433
203
298
917
1682
8343
40752
16248
2407
348
592
433
460
225
20
638
454
758
225
20
203
348
27740
351
1568
24094
5232
16
1284
16248
12886
348
374
351
6441
3524
77266
465
348
592
374
460
434
638
454
758
225
20
203
348
905
4421
52448
2993
27740
352
35758
4318
203
348
9511
351
648
9055
65
535
374
203
348
352
700
297
2783
8759
506
434
16
374
2407
454
9511
2943
65
351
272
120498
2943
506
344
49
506
434
9445
348
499
136060
1250
312
625
28090
203
348
1029
80
625
28090
20399
6118
15298
465
348
917
29124
40815
16
13334
2407
454
592
912
1377
374
638
615
758
225
21
203
454
2687
123983
351
27740
74686
65
592
13334
1625
4753
203
454
2983
351
225
20
203
454
352
282
297
2783
20399
123983
692
225
21
2407
615
592
9511
74686
65
341
516
4628
306
282
2308
9511
74686
25306
828
4622
203
615
2983
4284
29124
40815
15
21
16
13334
306
344
72
1377
2687
123983
2604
454
758
2983
203
348
758
29124
12
20
16
7143
465
298
758
1682
8343
40752
2238
52207
13
506
1682
8343
40752
28720
17
21
994
8311
16
1310
402
3419
7120
382
2110
1008
304
1774
7498
6292
382
14341
225
21
30
1682
59283
1323
2907
184257
12
21
16
225
26
937
16
225
24
16
373
12827
2191
2649
225
25
382
19477
17208
20488
35
27969
6724
277
38474
382
2608
539
1008
304
361
17034
30
461
38474
19720
5463
499
225
20
304
433
24273
18
1563
433
33
26
937
16
539
1008
304
1682
5463
17299
402
225
12827
16
616
27740
6758
24
18
6755
5463
1998
361
4898
18
16473
2050
304
35909
30
36902
17299
402
225
12827
16
27740
6758
24
18
461
1435
1998
361
302
277
1027
2265
160084
12827
18
461
16514
530
361
839
27740
6758
24
16
689
851
1998
361
468
2750
35
1563
5463
778
304
225
26
937
18
461
2009
2240
27740
436
225
12827
18
2586
277
1435
341
2761
1013
1659
12827
16
1207
1659
341
277
10962
14387
18
1563
5463
6758
26
937
16
1659
530
361
225
20
17
25
35
41729
16
225
26
937
5513
11751
402
225
937
16
516
225
12827
18
2586
5463
1013
225
12827
16
225
21
12827
16
225
22
12827
16
225
23
12827
16
225
24
12827
35
6755
225
12827
35
16473
2292
30
225
12827
344
37996
27740
13
341
6758
26
937
16
27740
30
225
21
16
22
16
24
616
6758
24
18
225
21
12827
30
27740
225
21
16
21
16
22
16
24
6758
24
16
6758
26
937
35
225
21
12827
6758
26
937
12035
18
225
22
12827
30
6758
26
937
12035
18
225
23
12827
30
12035
18
225
24
12827
30
12035
18
225
25
12827
35
225
25
12827
1518
26
937
35
225
25
12827
6758
26
937
35
225
25
12827
341
2336
936
225
26
937
35
41729
16
225
25
12827
341
2336
936
225
26
937
16
713
8696
851
225
25
12827
35
2209
2292
27740
30
225
25
1518
4753
225
24
16
713
516
6751
18
2586
225
25
12827
15235
18
2586
6751
30
225
12827
16
225
21
12827
16
225
22
12827
16
225
23
12827
16
225
24
12827
2649
225
25
5463
18
6755
8696
225
20
12827
35
9405
225
12827
16
3402
33649
18
225
12827
35
8520
18
6755
225
740
12827
35
9405
225
25
27740
1518
26
937
16
713
516
18
6755
225
9974
35
2523
18
2586
225
25
14441
382
8372
38474
352
433
33
26
937
30
27740
15345
26
16
20
16
20
16
20
2315
374
33
24
16
434
33
23
16
35758
4318
10690
225
21
16
22
16
23
35
41729
374
6315
33
21
16
713
10690
225
21
16
22
16
23
344
20
14682
13
436
35758
18
9511
63
21
16051
87
63
20
16051
21
16
9511
63
22
16051
87
63
21
16051
22
16
9511
63
23
16051
87
63
22
16051
24
18
3092
912
20
344
4024
3040
733
9511
63
20
65
341
4628
18
2586
539
1682
5463
402
2009
2240
27740
7662
225
12827
16
306
1058
14387
530
361
225
20
568
26
344
956
14387
6758
24
4753
680
2586
2731
1058
27740
30
225
20
16
21
16
22
16
23
16
24
18
2952
16
592
1058
14387
341
225
20
16
1232
277
1435
1011
361
225
20
12827
351
225
12827
16
697
341
6751
18
2209
341
225
12827
6758
225
26
937
35
8520
18
2209
1414
954
38474
1682
5463
402
6152
53432
35
8520
16
1480
539
2617
14387
225
20
468
912
20
18
3483
22699
1435
373
20
12827
6
697
341
225
12827
18
2952
16
539
1998
4802
386
5463
1013
373
20
12827
6
436
4800
396
225
12827
16
697
11751
402
225
12827
35
8520
16
1480
277
2009
2240
27740
436
373
12827
3210
2586
411
1196
361
33649
18
2209
341
903
839
4638
27946
35
8049
9746
11795
21062
304
7662
730
84267
11183
35
41729
16
352
265
2688
11795
16
903
341
265
4936
84267
11183
302
4354
374
35
3557
7662
30
1437
539
11743
402
6152
53432
304
4354
374
16
1450
11795
674
265
4936
11183
18
2586
225
12827
674
7662
730
11183
30
373
20
12827
3210
2586
1850
33649
3984
18
2586
4924
6772
18
2586
38474
1011
1682
1058
14387
225
20
16
21
16
22
16
23
16
24
344
25
21254
680
2952
16
539
851
1008
304
2292
592
1058
14387
225
20
10025
304
265
1435
402
17156
936
434
27740
35
1737
23069
16
1850
20672
1480
277
35758
4550
9712
2413
21
344
49
6315
13
304
361
225
21
16
697
341
1713
41872
18
2586
277
1435
674
468
2750
225
23
27740
35
41729
16
277
1435
225
12827
674
225
23
27740
16
697
341
434
33
23
18
2586
1850
4080
18
2586
38474
22699
225
25
18
9177
382
14341
225
22
30
1682
59283
1323
2907
184257
12
883
16
225
16241
16
225
26
16
373
622
2191
2649
225
22
382
19477
17208
20488
30
5463
1360
225
883
306
225
16241
24273
17299
402
225
622
16
27740
6758
26
18
461
5463
17299
402
225
622
30
225
622
16
225
6880
16
225
11195
16
4074
689
225
622
341
2336
936
225
883
16
713
516
5101
18
225
6880
341
297
2783
35
225
6880
1360
225
883
306
225
16241
16
27740
30
225
21
16
21
16
20
6758
26
16
713
12035
18
225
11195
341
297
2783
35
225
11195
1360
225
883
306
225
16241
16
27740
30
225
22
16
21
16
20
6758
26
16
12035
18
225
14661
1518
16241
16
713
516
18
6755
8696
225
3316
35
9405
225
622
16
516
297
2783
18
2586
225
6880
306
225
11195
2649
225
22
5463
18
6755
2292
225
622
35
26217
18
2586
3032
225
22
382
8372
38474
30
1682
8343
40752
12
16241
13
506
1682
8343
40752
12
992
680
16473
17208
1682
8343
40752
12
16241
680
433
33
16241
16
27740
15345
22
16
21
16
25
2315
374
33
23
16
434
33
22
16
374
6315
33
21
16
35758
10690
225
21
16
22
30
9511
63
21
16051
87
63
20
16051
21
16
9511
63
22
16051
87
63
21
16051
20
18
3092
912
20
16
9511
63
20
65
4628
18
4753
33
26
18
1563
433
33
16241
16
13334
15528
7143
18
1283
1008
304
1682
5463
6758
16241
402
2009
1217
27740
225
622
306
27740
6758
26
382
19477
17208
29124
30
912
20
16
2687
123983
351
27740
63
20
16051
22
344
29753
13334
680
282
499
225
20
568
22
18
2209
851
282
1998
361
6758
26
16
6772
382
17
282
33
20
30
2475
872
502
351
344
78152
306
282
582
22
19767
41729
16
13334
341
7143
16
282
582
4956
123983
35
2687
123983
33
22
16
713
282
33
20
516
6792
16
713
2475
872
502
14040
18
5489
539
1008
304
1682
5463
499
912
21
402
13334
14040
16
306
35758
16981
382
8311
912
21
30
9511
63
21
16051
21
18
7517
13334
14040
16
2687
123983
33
25665
33
26
18
1283
1008
304
5857
282
21
499
225
20
568
26
689
1998
6792
9511
63
21
16051
21
18
2586
1094
282
21
33
21
18
5489
2475
872
502
8320
8077
18
912
22
30
9511
63
22
16051
20
16
13334
14040
16
2687
123983
33
26
16
1998
5857
282
22
33
20
18
2586
492
22699
1435
373
3316
6
351
225
622
18
2209
341
225
622
6758
16241
35
8520
18
2952
16
539
436
27946
5463
499
225
20
304
225
16241
24273
18
2586
225
622
341
5101
18
2209
539
1008
304
57859
1472
17
21
33
992
3735
18
2586
225
622
341
33649
297
1682
8343
40752
12
16241
680
9405
6772
382
17
282
33
21
468
912
20
30
2475
872
502
351
344
78152
306
282
582
22
35
840
13
713
8077
18
5489
912
21
30
9511
33
21
16
5857
282
21
33
21
344
6850
680
912
22
30
9511
33
20
16
5857
282
22
33
20
18
2586
1435
373
6880
6
351
225
6880
18
4716
289
382
17
282
33
22
468
912
20
30
2475
872
502
351
7143
344
29753
282
582
4956
123983
680
5489
912
21
30
13334
9139
16
2687
123983
351
27740
63
21
16051
21
18
9511
63
21
16051
21
16
713
282
21
1998
361
225
21
18
2209
282
21
1998
361
6758
21
306
6792
225
21
16
20672
18
2586
282
21
33
21
16
2475
872
502
351
344
78152
306
282
21
582
4956
123983
35
2687
123983
33
21
16
713
7143
680
5489
912
22
30
13334
9139
16
2687
123983
351
27740
63
22
16051
25
18
9511
63
22
16051
20
16
713
282
22
1998
361
225
20
18
2209
225
20
6758
25
16
20672
18
2586
1435
373
11195
6
351
225
11195
18
4716
289
382
4892
2983
5463
6758
16241
30
225
622
16
225
6880
16
225
11195
2649
225
23
5463
382
8311
1682
8343
40752
12
992
2738
433
33
992
16
27740
15345
21
16
24
2315
374
33
22
16
434
33
22
16
374
6315
33
20
16
35758
10690
225
20
16
21
30
9511
63
20
16051
87
63
20
16051
21
16
9511
63
21
16051
87
63
21
16051
20
18
1283
1008
5463
6758
992
402
2009
1217
27740
225
622
306
27740
6758
26
382
20440
30
912
20
16
2687
123983
33
21
344
78152
680
282
499
225
20
568
21
382
17
282
33
20
30
2475
872
502
351
344
78152
306
282
582
21
35
840
13
2649
8077
18
912
21
30
9511
63
21
16051
20
16
13334
14040
16
2687
123983
33
26
16
1998
5857
282
21
33
20
18
2586
1435
373
409
26471
41729
16
373
409
6
351
225
20
18
2209
341
225
20
6758
992
35
8520
18
2209
1414
225
20
22465
35758
35
10492
1217
27740
436
373
409
728
516
373
622
3210
26128
16
689
539
50089
9511
63
20
128410
3092
912
20
16
9511
63
20
65
341
516
4628
35
1563
374
33
22
16
434
33
22
16
9511
63
20
16051
21
16
9511
63
21
16051
20
18
610
492
11360
16
282
33
20
468
912
20
18
2209
9511
63
20
65
341
516
4628
306
282
33
20
2308
21
16
713
539
18486
18
2586
282
33
20
341
516
6751
1480
411
66424
35758
468
912
20
18
2586
282
33
20
341
516
4800
18
2586
539
1998
2292
9511
74686
65
1714
16159
18
610
922
7977
7498
16
342
20263
9511
63
20
1807
2586
352
282
33
20
16
2650
9511
63
20
65
341
225
21
306
282
33
20
2308
21
16
18486
18
2586
1094
282
33
21
4800
382
17
282
33
21
30
2475
872
502
351
344
78152
306
282
582
21
35
12035
13
2649
7143
18
5489
912
21
30
13334
9139
16
2687
123983
33
149037
63
21
16051
24
18
9511
63
21
16051
20
16
1998
5857
282
21
33
20
344
414
6758
24
680
2586
1435
373
622
6
351
622
18
2209
341
225
622
6758
992
35
8520
18
2586
1682
8343
40752
12
992
13
4059
225
622
18
6755
8696
282
33
21
306
282
21
33
20
22699
225
622
18
2115
819
282
33
21
306
282
21
1387
361
852
27740
35
2523
16
9511
63
21
16051
20
16
713
1094
225
20
18
2586
1682
8343
40752
12
992
5791
21
382
27872
1682
8343
40752
12
16241
6030
8227
8343
40752
12
992
5791
23
17
21
33
22
18
42600
382
14341
225
23
30
1682
59283
1323
2907
184257
12
21
937
16
225
22
937
16
225
24
16
373
23
937
2191
2649
225
20
18
272
508
23
937
728
4354
225
24
18
7517
4753
33
24
16
689
272
5720
14387
225
23
306
225
20
16
616
6758
24
18
2952
16
5463
1998
361
6758
22
937
306
6743
21
937
18
461
35758
373
23
937
6
2767
277
1435
11751
402
225
23
937
16
700
3077
1278
2009
3148
27740
225
23
937
18
2586
2731
5463
30
225
23
937
16
225
1068
937
16
4115
18
2209
225
23
937
341
1518
22
937
16
713
5023
297
2783
18
6755
225
20
35
2523
18
2586
225
20
18
5641
38474
30
1682
8343
40752
12
22
937
13
306
1682
8343
40752
12
4542
680
16473
2292
1682
8343
40752
12
22
937
680
433
33
22
937
16
27740
15345
22
16
20
16
20
16
20
2315
374
33
24
16
434
33
24
16
374
6315
33
20
16
9511
63
20
16051
23
16
9511
63
21
16051
20
16
9511
63
22
16051
20
16
9511
63
23
16051
20
18
3092
912
20
16
9511
63
20
16051
23
16
689
13334
9139
16
2687
123983
33
22
18
2586
282
1998
361
225
23
16
689
2687
123983
341
225
22
16
713
840
12423
18
2586
1682
8343
40752
12
22
937
5791
20
18
2586
3032
225
20
382
3196
1622
382
8311
16
4728
1310
4027
1375
17
1682
59283
1323
2907
184257
12
1960
16
225
18467
16
225
29
16
373
29
2191
2649
225
1199
18
1283
530
1310
3735
382
17
1682
59283
1323
2907
184257
12
696
16
225
24848
16
225
24
16
373
21
2191
2649
225
1449
382
17
1682
59283
1323
2907
184257
12
2510
16
225
23959
16
225
22
16
373
807
2191
2649
225
22
382
17
1682
59283
1323
2907
184257
12
22
21411
26033
16
225
3284
19127
17588
16
225
26
16
373
18730
2191
2649
225
28
22407
344
9060
18168
13
306
851
2649
225
883
28016
344
56946
18168
680
2586
903
436
1217
1497
4655
2527
352
277
1656
5938
35
3483
5563
73411
18
16473
15698
277
1310
1568
30
2227
569
1217
16174
402
1656
5938
689
1497
4655
19237
30
1041
5640
298
3999
12578
12
22
21411
26033
16
225
3284
19127
17588
16
225
26
16
373
18730
2191
1377
225
28
22407
203
298
13361
298
3999
12578
12
22
21411
26033
16
225
3284
19127
17588
16
225
26
16
373
18730
2191
1377
225
883
28016
203
5640
6605
4273
1804
361
1641
9082
730
341
265
20511
18
22977
903
341
265
103364
35
16473
1412
277
4607
2746
6434
30
2227
7939
265
1568
302
4728
1310
4027
18
887
2428
361
386
277
1749
18168
341
3757
265
1497
1465
35
2209
277
5938
436
16896
18
22547
411
361
386
730
302
1019
341
499
265
1497
3478
35
99008
277
1749
730
341
499
265
3735
3478
35
2491
8696
1850
265
20511
297
277
2746
5224
35
461
12759
4060
30
373
3039
1196
18523
277
2363
385
11116
297
265
127068
2363
2732
344
22310
642
61694
277
4607
5442
15932
306
1232
724
2483
265
194863
306
265
2292
1154
402
4347
61405
18
3578
2731
386
910
302
1131
61405
436
499
1497
1310
10424
306
730
302
1019
341
265
31579
402
265
1497
4655
1333
2920
304
265
1497
16340
35
2491
9745
903
341
265
202267
30
461
35758
272
874
569
6152
53432
35
2209
272
341
4898
16
713
373
18730
6
341
6772
18
36142
33
26
18
23480
341
2927
18
461
1682
2428
361
225
28
22407
420
225
883
28016
18
8548
730
341
4309
35
16473
2050
304
3368
382
2110
1008
304
13561
697
341
4309
18
22547
361
386
277
1310
1568
4059
1804
4655
19237
499
1217
1497
32200
35
2491
8696
1850
265
20511
297
277
2746
6434
18
2952
16
539
1998
3138
277
1154
386
19553
616
6292
18
1437
903
341
265
12475
16
539
1008
304
13924
18
16473
2292
277
3735
1310
30
1041
5640
298
3999
12578
12
22
21411
26033
16
225
3284
19127
17588
16
225
26
16
373
18730
2191
1377
225
883
28016
203
5640
2608
7977
903
341
851
638
5640
298
3999
12578
12
22
21411
26033
16
225
3284
19127
17588
16
225
26
16
373
18730
2191
1377
225
28
22407
203
5640
4892
724
569
1217
1497
4655
2911
352
277
1656
2740
18
3483
341
13861
9082
277
1154
341
12762
304
758
1804
35
3483
4445
361
382
25790
1850
265
5209
183764
2615
30
22977
277
1749
730
341
3757
265
1497
7273
35
16473
15698
277
13539
1310
4027
1375
5640
298
3999
12578
12
1960
16
225
18467
16
225
29
16
373
29
2191
1377
225
1199
203
298
3999
12578
12
696
16
225
24848
16
225
24
16
373
21
2191
1377
225
1449
203
298
3999
12578
12
2510
16
225
23959
16
225
22
16
373
807
2191
1377
225
22
203
298
3999
12578
12
22
21411
26033
16
225
3284
19127
17588
16
225
26
16
373
18730
2191
1377
225
28
22407
203
298
3999
12578
12
7537
16
225
24852
16
225
23
16
373
963
2191
1377
225
23
203
298
3999
12578
12
7686
16
225
20469
16
225
26
16
373
3501
2191
1377
225
26
203
298
3999
12578
12
29
19039
16
225
7521
17133
16
225
29
16
373
3124
2191
1377
225
28202
203
298
3999
12578
12
28
28016
16
225
959
22138
16
225
27
16
373
5111
20851
2191
1377
225
21
203
298
3999
12578
12
29
17697
27414
16
225
6548
23862
26087
16
225
21
16
373
7955
7955
2191
1377
225
22
203
298
3999
12578
12
22
21411
26033
16
225
3284
19127
17588
16
225
26
16
373
18730
2191
1377
225
883
28016
203
298
3999
12578
12
27
18833
25268
25314
13904
16
225
3586
23025
25742
25848
25264
16
225
26
16
373
22
16745
2191
1377
225
4543
17697
22407
203
298
3999
12578
12
21751
14317
23941
26579
11524
16
225
24588
27919
22157
21868
19962
16
225
23
16
373
11777
10783
17193
13900
21026
2191
1377
225
20
203
298
3999
12578
12
7992
22366
25599
22019
18248
16
225
19528
26461
28360
27465
24282
16
225
29
16
373
27527
27043
26090
23850
28822
2191
1377
225
20
203
7203
45
1565
1217
16896
5501
18
99008
730
302
1019
341
265
103364
306
1196
569
1497
5938
18
14812
277
1749
730
341
3757
1411
103264
12
22
21411
26033
16
225
3284
19127
17588
16
225
26
16
373
18730
2191
1377
225
28
22407
68
306
277
1058
341
499
387
7977
3478
35
2491
9745
277
1749
341
499
265
1497
1310
1207
1472
306
12216
436
100450
35
2209
724
436
1656
18
22547
361
386
277
2746
15422
1078
1497
4655
19237
16
306
277
2292
1154
4059
1804
396
8156
1310
4027
16
689
724
436
73411
18
610
1175
12048
16
539
1008
304
5827
697
730
341
4309
2387
366
18291
26565
420
498
6726
402
954
7878
382
2110
530
2050
304
17208
277
1682
352
386
3018
1690
20488
35
3483
1011
361
8730
18
2209
8696
539
530
3368
819
277
38474
4158
18
461
38474
5563
4309
18
22977
277
1058
18168
344
28
22407
13
341
4309
306
277
1749
344
883
28016
13
341
265
20511
16
420
18742
41837
382
19477
2292
277
852
1310
4027
304
1565
592
724
1265
5258
18
1563
4681
16
1682
59283
1323
2907
184257
12
1960
16
225
18467
16
225
29
16
373
29
2191
2649
225
1199
18
1283
530
6697
3368
30
5463
17299
402
225
29
16
27740
6758
29
344
77
3077
1278
616
27740
733
297
2783
225
1960
568
18467
18
3483
341
15837
616
5463
17299
402
225
29
297
386
2783
18
16473
1682
30
499
225
2503
16
225
3124
16
225
4228
16
225
4306
16
225
5293
16
225
5095
16
225
959
16
225
11872
16
225
13279
16
225
14551
16
225
15352
16
225
16053
16
225
16162
16
225
16649
16
225
17781
16
225
17189
16
225
9652
16
225
17672
16
225
18284
16
225
19153
16
225
19103
16
225
20072
16
225
20744
16
225
21982
16
225
22512
35
225
22512
1518
18467
16
713
778
304
225
21982
18
6755
225
1960
35
2523
18
2586
1568
30
225
2503
16
3124
16
4228
16
4306
16
5293
16
5095
16
959
16
11872
16
13279
16
14551
16
15352
16
16053
16
16162
16
16649
16
17781
16
17189
16
9652
16
17672
16
18284
16
19153
16
19103
16
20072
16
20744
16
21982
18
9405
225
1199
5463
18
8520
16
225
1199
18
2586
386
1310
341
4309
382
9741
30
1682
59283
1323
2907
184257
12
696
16
225
24848
16
225
24
16
373
21
2191
2649
225
1449
18
36902
17299
402
225
21
16
27740
6758
24
16
2783
225
696
568
24848
18
16473
2050
304
1682
6697
30
2536
5463
17299
402
225
21
16
402
27740
1094
225
20
17
24
18
9405
265
3422
717
4110
18
2209
539
530
6724
382
9741
30
1682
59283
1323
2907
184257
12
2510
16
225
23959
16
225
22
16
373
807
2191
2649
225
22
18
36902
17299
402
225
807
16
27740
6758
22
16
2783
225
2510
568
23959
18
120926
225
22
5463
382
9741
30
1682
59283
1323
2907
184257
12
28
28016
16
225
959
22138
16
225
27
16
373
5111
20851
2191
2649
225
21
18
3483
5563
52298
382
9741
30
1682
59283
1323
2907
184257
12
29
17697
27414
16
225
6548
23862
26087
16
225
21
16
373
7955
7955
2191
2649
225
22
18
3398
4753
33
21
16
1094
27740
225
20
420
225
21
6751
18
272
508
7955
7955
3210
36902
17299
402
225
7955
7955
16
616
27740
225
20
420
225
21
18
23480
2927
18
46764
225
22
382
9741
30
1682
59283
1323
2907
184257
12
27
18833
25268
25314
13904
16
225
3586
23025
25742
25848
25264
16
225
26
16
373
22
16745
2191
2649
225
4543
17697
22407
18
9405
2927
382
8311
16
277
31579
402
1217
1497
2527
30
8696
1850
265
20511
306
539
1196
14801
730
35
2209
277
2292
1154
4059
1804
61405
16
713
954
7878
1998
22465
1804
592
539
1774
277
2292
18
3483
341
13861
18
8111
16
539
1998
15698
592
903
341
839
202267
386
1387
3866
277
1154
304
758
1497
2911
9305
366
2761
1625
35
22547
411
361
386
277
1154
16607
420
277
2746
5224
341
175538
35
16473
316
25735
277
2746
6434
30
373
37
4898
11795
1150
341
2988
8672
592
30
225
21
18
887
11751
402
272
344
87
341
265
35758
302
1150
13
225
22
18
8049
14387
297
1150
341
468
1210
4753
1304
9405
4015
382
25790
903
341
387
4728
25284
30
1150
1998
361
4898
16
306
272
341
265
4898
11795
18
9405
411
382
27023
903
361
265
122221
819
6152
53432
297
272
35
272
341
265
1794
15739
265
4898
11795
16
713
840
6152
53432
382
27872
16
277
1154
341
57272
382
25790
277
31579
1310
341
499
265
1497
3478
302
277
2746
16
306
277
57076
36033
471
304
1717
616
61405
16
689
724
436
73411
18
610
1175
17673
8013
16
6848
724
569
31579
1310
4027
402
1656
2740
689
1497
4655
3271
1480
724
436
6726
1497
8822
35
1098
19360
382
19477
2292
277
2911
30
225
28
22407
306
225
883
28016
18
24900
386
225
883
28016
341
7662
4638
225
28
22407
35
225
28
22407
14
22
351
225
902
20806
16
516
225
883
28016
18
225
28
22407
14
21
18
2125
60889
18
3557
265
4081
10380
382
25790
730
302
1019
341
277
1193
352
265
1497
2783
35
22547
361
386
277
1749
730
1196
361
1411
103264
12
22
21411
26033
16
225
3284
19127
17588
16
225
26
16
373
18730
2191
1377
225
28
22407
68
306
277
1058
341
3757
265
1497
1465
35
2209
724
436
16896
5501
18
99008
265
5209
183764
2615
1207
277
1058
18168
341
499
387
7977
3478
306
277
1749
341
499
265
3735
3478
16
306
539
436
12762
304
3138
277
730
386
19553
616
6292
16
689
277
6292
2549
1804
35
461
12759
4060
30
373
6534
277
2165
1154
16607
306
194863
16
7095
3138
277
1154
4546
306
1717
616
277
6292
1304
2586
539
1998
1717
616
6292
16
2291
1804
61405
18
3483
341
73411
382
19477
15698
277
194863
30
887
4059
2240
7120
30
344
21
16
26
937
16
24
1619
12827
2191
33
25
16
344
883
16
16241
16
26
1619
622
2191
33
22
16
344
21
937
16
22
937
16
24
1619
23
937
2191
33
20
18
2586
277
194863
3979
277
21542
18
461
4728
1310
4027
297
277
2292
1154
436
8156
18
99008
277
2292
1154
341
499
387
7475
3149
306
874
3451
7783
18
2952
16
539
436
304
4602
2363
386
19553
277
2292
1154
18
2209
539
4273
1717
1217
1497
4655
2911
352
277
1656
2740
18
2586
539
1008
304
11135
697
730
341
4309
18
22977
903
341
265
236759
30
461
35758
272
2428
361
4800
396
265
1794
386
1998
5230
396
265
35758
16
689
516
13375
7662
277
2009
27740
35
2523
16
411
4060
373
2098
402
272
344
87
341
265
35758
302
1150
118742
3483
2767
277
19229
11183
302
1150
11751
402
277
1794
272
18
2586
1850
7662
277
2009
27740
382
25790
277
14387
25284
373
9093
14387
297
1150
341
468
1210
4753
6
2767
386
1450
14387
494
1333
341
6758
4753
16
689
1065
819
277
27740
302
272
35
2227
436
766
302
1150
16
713
724
1998
851
22465
18
2586
954
2292
352
839
14387
1518
4753
341
4309
382
25790
277
2783
341
24273
306
539
1008
304
1994
5463
402
6152
53432
35
2209
4924
6772
382
23928
277
31579
16
342
18294
1850
265
20511
297
277
2746
6434
18
99008
277
1749
18168
1196
569
1497
5938
16
8696
265
1497
272
420
1497
4753
18
1563
4681
16
8696
277
1749
730
341
1411
103264
12
22
21411
26033
16
225
3284
19127
17588
16
225
26
16
373
18730
2191
1377
225
28
22407
68
306
277
1058
341
499
265
1497
1310
16
306
277
1749
341
265
31579
689
402
265
1497
4655
1333
2920
304
265
11336
297
277
1310
35
2491
8696
277
1310
4027
436
499
1217
1497
10424
306
539
1008
304
4802
954
7878
19553
1804
16
689
724
436
73411
16
713
539
1008
304
7745
686
697
730
341
3757
4309
498
26565
420
498
5206
954
2363
1325
7878
18
7517
539
4445
1774
1743
16
539
1008
304
79382
382
19477
2050
304
20488
17208
265
2164
1690
304
1565
592
954
38474
341
4309
18
2209
539
4445
17208
352
277
8730
2783
18
2952
16
539
530
1310
277
11236
402
7922
49010
4027
382
2608
9745
277
4264
341
386
277
38474
396
4546
2428
361
18765
1480
411
32962
5463
402
6152
53432
396
4080
1571
592
724
569
17156
27740
936
434
35
2209
539
23069
1850
6772
1480
35758
4550
9712
265
1713
41872
468
2413
374
6315
18
2209
1065
592
272
5720
265
7810
468
969
1058
14387
35
2209
272
341
4898
16
713
1058
14387
4273
361
7810
18
2586
1850
6772
382
2608
1994
265
15277
1207
4753
341
2164
306
277
35758
272
674
265
14387
386
341
7662
277
4753
15
21
35
1283
3402
3836
758
225
20
18
2586
6772
382
25790
277
2746
36033
386
5463
1196
516
569
6152
53432
16
700
3077
1278
277
1435
494
19229
11183
1196
516
569
6152
53432
16
306
277
35758
272
341
265
35758
302
386
11183
18
610
954
38474
16
539
2617
5463
402
6152
53432
16
689
539
23069
386
5463
402
6152
53432
2188
4850
304
5772
5463
2142
6152
53432
16
306
277
35758
4550
366
277
84267
11183
14441
277
5772
35758
4550
1480
277
5772
1435
494
2009
434
27740
436
7662
277
2009
434
27740
302
277
84267
11183
592
277
1435
674
468
2750
434
27740
18
2952
16
903
341
265
30495
1690
30
19001
277
5772
1435
674
7662
434
27740
16
689
890
84267
304
4354
374
16
277
1058
374
6315
27740
436
53432
18
461
35758
4318
4059
277
4569
5772
1435
18
9405
6772
18
19001
277
5772
1435
674
717
936
434
27740
16
1232
277
35758
4318
341
277
2009
434
27740
302
277
5772
1435
18
2586
2188
6772
382
2608
1065
819
5463
386
569
17156
936
434
27740
35
2227
436
516
33649
1480
277
35758
4318
1011
569
53432
468
277
4805
306
1011
516
4475
272
344
29753
272
10626
1713
41872
680
2586
724
436
26217
18
2586
954
38474
12989
19720
5463
386
22465
277
4550
382
2608
903
341
2484
122221
30
461
1435
1998
361
4898
18
225
20
341
516
4898
16
689
1850
26217
498
35758
4550
17833
18
2586
6772
382
27872
16
277
38474
1196
361
4309
382
23928
277
31579
1310
16
8696
277
1749
4655
1333
344
883
28016
13
341
277
4309
730
16
306
277
1058
344
28
22407
13
341
265
20511
35
2491
18742
41837
18
1283
1008
304
1565
592
903
341
839
852
1310
386
2428
9371
697
341
4309
18
16205
468
277
1310
1714
306
1325
30
1041
5640
298
3999
12578
12
7537
16
225
24852
16
225
23
16
373
963
2191
1377
225
23
203
298
3999
12578
12
7686
16
225
20469
16
225
26
16
373
3501
2191
1377
225
26
203
298
3999
12578
12
29
19039
16
225
7521
17133
16
225
29
16
373
3124
2191
1377
225
28202
203
298
3999
12578
12
28
28016
16
225
959
22138
16
225
27
16
373
5111
20851
2191
1377
225
21
203
298
3999
12578
12
29
17697
27414
16
225
6548
23862
26087
16
225
21
16
373
7955
7955
2191
1377
225
22
203
298
3999
12578
12
22
21411
26033
16
225
3284
19127
17588
16
225
26
16
373
18730
2191
1377
225
883
28016
203
298
3999
12578
12
27
18833
25268
25314
13904
16
225
3586
23025
25742
25848
25264
16
225
26
16
373
22
16745
2191
1377
225
4543
17697
22407
203
5640
38853
386
277
1310
402
373
18730
6
8615
7977
306
1754
3735
18
887
1387
361
386
277
1058
373
18730
6
1310
344
28
22407
13
341
3757
352
265
1497
2783
35
2209
1850
5448
114556
18
99008
265
36915
2615
30
461
1058
373
18730
6
2428
361
499
265
1497
3478
302
277
2746
306
277
1749
341
499
277
6332
1310
16
306
539
1196
14801
277
1058
35
2209
277
2292
1154
4059
1804
18
2952
16
6848
297
1131
4066
16
724
2483
265
1568
302
6292
16
910
302
697
436
7120
306
910
436
4728
18
2209
724
436
616
61405
16
713
724
616
1998
1717
382
23928
277
54037
16
342
1761
1850
6085
304
10987
386
277
4309
4655
1333
341
225
883
28016
16
1480
1850
3735
297
277
1568
306
2428
361
277
9444
730
18
2209
3097
1011
903
361
1217
35
14812
277
1058
373
18730
6
1310
341
3757
265
1497
2740
689
277
1541
3289
12461
2920
304
265
5209
183764
2615
18
16473
15698
277
1880
5463
30
610
277
3419
2292
1154
16
903
341
1375
5640
298
3999
12578
12
1960
16
225
18467
16
225
29
16
373
29
2191
1377
225
1199
203
298
3999
12578
12
696
16
225
24848
16
225
24
16
373
21
2191
1377
225
1449
203
298
3999
12578
12
2510
16
225
23959
16
225
22
16
373
807
2191
1377
225
22
203
298
3999
12578
12
22
21411
26033
16
225
3284
19127
17588
16
225
26
16
373
18730
2191
1377
225
28
22407
203
298
3999
12578
12
7537
16
225
24852
16
225
23
16
373
963
2191
1377
225
23
203
298
3999
12578
12
7686
16
225
20469
16
225
26
16
373
3501
2191
1377
225
26
203
298
3999
12578
12
29
19039
16
225
7521
17133
16
225
29
16
373
3124
2191
1377
225
28202
203
298
3999
12578
12
28
28016
16
225
959
22138
16
225
27
16
373
5111
20851
2191
1377
225
21
203
298
3999
12578
12
29
17697
27414
16
225
6548
23862
26087
16
225
21
16
373
7955
7955
2191
1377
225
22
203
298
3999
12578
12
22
21411
26033
16
225
3284
19127
17588
16
225
26
16
373
18730
2191
1377
225
883
28016
203
7203
1383
5563
11700
304
569
277
1656
5938
12775
18
22547
361
386
277
1058
730
341
3757
1411
103264
12
22
21411
26033
16
225
3284
19127
17588
16
225
26
16
373
18730
2191
1377
225
28
22407
68
306
277
1749
730
341
1411
103264
12
22
21411
26033
16
225
3284
19127
17588
16
225
26
16
373
18730
2191
1377
225
883
28016
68
689
386
3672
840
5258
18
22977
277
1058
730
341
265
1497
1310
689
277
5938
846
41858
76577
18
16473
1538
468
277
13539
5501
30
461
3733
1310
341
106441
2510
16
225
23959
16
225
22
16
373
807
2191
1377
225
22
22243
5489
106441
7537
16
225
24852
16
225
23
16
373
963
2191
1377
225
23
22243
2586
277
225
18730
1310
341
16201
18
14812
1850
12762
304
361
106441
22
21411
26033
16
225
3284
19127
17588
16
225
26
16
373
18730
2191
1377
225
28
22407
68
306
277
2475
730
341
106441
27
18833
25268
25314
13904
16
225
3586
23025
25742
25848
25264
16
225
26
16
373
22
16745
2191
1377
225
4543
17697
22407
22243
5489
1325
386
16
903
341
2484
106441
22
21411
26033
16
225
3284
19127
17588
16
225
26
16
373
18730
2191
1377
225
883
28016
22243
3483
5563
1013
265
20511
382
45
1761
277
71070
4158
341
304
3138
277
1154
12989
306
1232
1565
697
302
277
1217
4655
2911
954
7878
1011
6496
18
7517
539
4273
1774
16
539
1008
304
3368
420
79382
18
2952
16
8696
539
530
3138
277
38474
297
265
1528
386
411
19553
1804
35
9405
13861
9082
277
1310
341
9342
35
2523
382
23928
277
9460
16
539
1998
6496
2363
386
19553
616
6292
18
1437
903
341
265
12475
16
9745
277
57076
642
1094
1774
265
22517
35
461
2292
1154
4059
616
61405
16
713
592
954
7878
6714
265
1333
386
14441
730
689
516
277
852
16
277
2292
642
4759
18
8111
16
539
1008
304
5827
277
4309
4655
1333
382
19477
15698
277
5463
30
225
28
22407
306
225
883
28016
18
461
2783
341
499
225
22
21411
26033
304
225
3284
19127
17588
16
4753
33
26
16
272
508
18730
3210
9405
265
8730
2783
18
461
1682
2428
361
225
28
22407
420
225
883
28016
18
8548
730
5563
717
52298
35
1283
530
5842
304
12564
277
1435
302
5463
17299
402
225
18730
16
402
27740
6758
26
16
297
386
2783
18
461
4354
302
277
2783
30
225
3284
19127
17588
506
225
22
21411
26033
64823
225
1507
16
22658
16
21325
5463
18
2209
539
436
65192
304
5463
402
27740
6758
26
16
697
341
265
1687
7922
867
1480
27740
436
5885
304
225
20
17
26
18
461
9733
302
1175
5463
3724
616
5463
302
265
2688
4354
341
344
27
19
622
20534
79
352
399
57329
5463
344
29753
1450
14387
530
361
225
20
17
26
16
689
6152
14387
4273
361
225
20
680
6755
539
8293
304
17299
402
225
18730
18
2586
277
1682
1196
361
21210
344
5686
302
93198
386
22465
14387
16981
306
6496
5463
297
277
2783
680
887
1387
361
3673
382
2110
1387
2050
304
17208
1347
265
3600
38474
20488
35
3483
1011
361
71220
382
25790
539
530
1310
402
265
7922
49010
1690
304
1565
592
954
38474
11236
341
4309
18
2209
277
31579
10334
386
9745
730
302
277
4655
19237
341
499
387
7977
3478
1207
277
35758
4550
2428
361
26335
21214
18
1563
2024
16
8696
373
2098
402
272
6
2767
386
272
341
265
85523
468
277
1169
16
689
516
13375
277
4569
2009
27740
35
3483
4007
1265
5258
382
71093
16
8696
903
341
265
14393
386
277
1435
1150
1998
361
7662
272
35
2523
16
411
4060
11751
402
272
382
13617
12634
30
461
14387
25284
2428
361
386
1450
14387
297
1150
341
468
1210
4753
16
689
8696
4753
341
277
6756
6751
14387
16
306
272
874
3451
27740
1518
4753
35
3483
1011
3866
225
20
16
689
539
3402
2292
382
23928
277
12475
16
9916
10987
277
9444
4309
1333
341
225
883
28016
1480
1850
277
3735
730
16
306
9745
277
7977
730
341
265
103364
18
2209
539
1008
304
361
2897
382
19477
1538
468
277
852
1310
4027
30
106441
27
18833
25268
25314
13904
16
225
3586
23025
25742
25848
25264
16
225
26
16
373
22
16745
2191
1377
225
4543
17697
22407
22243
3483
341
851
265
2927
1435
18
106441
21751
14317
23941
26579
11524
16
225
24588
27919
22157
21868
19962
16
225
23
16
373
11777
10783
17193
13900
21026
2191
1377
225
20
22243
106441
7992
22366
25599
22019
18248
16
225
19528
26461
28360
27465
24282
16
225
29
16
373
27527
27043
26090
23850
28822
2191
1377
225
20
22243
15040
5084
52298
382
669
1310
106441
29
17697
27414
16
225
6548
23862
26087
16
225
21
16
373
7955
7955
2191
1377
225
22
68
402
4753
33
21
16
272
508
7955
7955
3210
16473
1310
6697
30
36902
17299
402
225
7955
7955
16
27740
1094
225
20
420
225
21
18
461
2783
341
499
225
29
16
17697
16
27414
304
225
6548
16
23862
16
26087
18
1283
530
1761
30
461
21820
1435
402
386
35758
306
27740
6758
21
341
225
7955
7955
344
26
27740
13
689
4924
2336
936
1472
18
461
2475
1387
361
225
21
3520
7955
35
41729
16
5463
17299
402
225
7955
7955
30
461
16514
530
361
839
1794
302
225
20
19
21
27740
344
82239
6152
53432
35
689
1435
1998
569
468
2750
225
26
27740
16
306
277
16514
766
530
569
27740
225
20
19
21
680
461
1435
1998
361
2223
277
2783
18
16473
2050
304
1511
20488
30
461
2783
341
225
29
16
17697
16
27414
304
225
6548
16
23862
16
26087
18
461
5463
436
302
3453
31051
18
461
35758
4354
341
225
26
18
2586
277
1435
341
302
277
1027
1659
535
225
622
66
26
692
225
7955
7955
16
1207
1659
341
387
11795
344
82239
402
6152
53432
35
41729
16
592
277
2983
4354
1518
26
16
1659
530
361
839
11795
402
27740
225
20
19
21
16
689
277
1058
14387
302
1659
4273
361
225
20
1480
1232
277
2983
1435
1011
569
17156
27740
936
225
26
15
4448
15581
680
2209
539
2617
5463
402
17156
936
225
26
27740
35
2523
16
35758
4354
225
26
6382
468
2750
225
26
27740
16
713
2983
4354
6743
26
18
2586
1659
530
361
499
225
20
778
304
344
6548
16
23862
16
26087
17
7955
7955
5403
622
66
26
64823
225
6548
16
20011
16
4074
41729
16
17208
30
225
6548
16
23862
16
26087
506
225
7955
16
7955
351
225
6548
16
20821
16
17663
16
11437
498
225
622
66
26
351
225
6548
18
20821
17663
18
2586
1659
2687
11795
351
225
6548
18
2586
1659
530
361
499
225
20
304
225
6548
18
2209
1659
1998
569
27740
1094
225
20
420
225
21
890
5448
297
19229
35
8801
277
4425
1435
494
27740
1998
361
6758
21
18
2586
1659
1998
361
17242
302
27740
225
20
420
225
21
1094
18
6755
16
277
1435
302
27740
302
1659
344
35171
6152
53432
13
1998
361
1175
386
277
2983
27740
351
6441
14964
15581
1149
692
225
26
16
306
277
1058
14387
302
1659
4273
361
225
20
18
2586
1659
530
361
225
20
35
1437
1659
33
20
16
1232
1435
351
225
7955
7955
16
697
674
225
26
27740
16
616
27740
436
225
21
16
697
341
6751
344
26720
21
680
2209
225
7955
7955
341
2336
936
225
29
16
17697
16
27414
16
713
516
297
2783
18
2586
1659
1998
361
1175
386
277
1435
6743
1472
18
6755
1659
1998
361
6758
225
6548
18
2586
1659
530
361
5463
17242
302
27740
225
20
19
21
16
1360
35
16473
1568
1659
2911
499
225
20
304
225
6548
386
4732
1094
302
27740
225
20
19
21
30
225
20
16
21
16
622
16
807
344
29753
225
622
16
807
436
6758
6548
733
851
8696
225
1296
35
225
1296
341
1518
6548
16
713
840
18
6755
225
6681
35
1518
6548
18
2586
2731
1659
30
225
20
16
21
16
622
16
807
18
6755
8696
225
22
35
840
18
6755
225
23
35
840
18
6755
225
24
35
840
18
6755
225
25
35
840
18
6755
225
26
35
840
18
6755
225
27
35
840
18
6755
225
28
35
840
18
6755
225
29
35
840
18
6755
225
740
35
5720
225
22
16
516
6751
18
2586
1094
1731
18
6013
17208
5463
30
1659
33
20
2649
225
7955
7955
344
26
27740
13
460
1472
18
1659
33
21
2649
225
21
14
622
66
26
15
7955
7955
351
225
21
16
7955
16
7955
35
41729
16
225
21
16
937
16
937
15
7955
16
7955
33
21
16
7955
16
7955
18
9405
225
21
16
7955
16
7955
460
225
29
16
17697
16
27414
35
8520
16
225
21
18
21
4364
460
225
29
18
27
4364
18
2586
516
297
2783
18
1659
33
622
2649
225
622
16
937
16
937
15
7955
16
7955
351
225
622
16
7955
16
7955
18
9405
225
622
16
7955
16
7955
16
697
341
1518
1472
35
225
622
16
7955
16
7955
1518
225
29
16
17697
16
27414
16
12035
18
6755
2292
27740
30
225
622
16
7955
16
7955
674
27740
30
225
21
16
20
16
21
16
21
16
21
16
21
16
21
616
6758
21
18
2586
4080
18
1659
33
807
2649
225
807
16
937
16
937
15
7955
16
7955
351
225
807
16
7955
16
7955
18
9405
851
1518
1472
306
27740
616
225
21
18
2586
539
569
1217
5463
297
2783
30
225
622
16
7955
16
7955
306
225
807
16
7955
16
7955
18
2209
341
903
1659
33
20
35
840
18
2586
1682
33
22
18
3483
14441
277
1310
18
9177
382
4892
954
38474
11236
5563
10358
382
8311
16
352
277
225
18730
1690
16
539
530
5842
304
3368
697
4655
1333
2428
361
4309
18
14812
539
530
17208
1347
265
3600
38474
689
402
7922
5938
304
1565
592
954
38474
22699
4309
2527
352
852
6292
18
1283
3402
10753
2240
2688
7120
16
697
7895
18
461
852
6292
539
12831
24533
18
2209
539
530
5842
304
13561
265
2487
717
304
4802
954
38474
341
4309
382
3506
30
1682
59283
1323
2907
184257
12
1960
16
225
18467
16
225
29
16
373
29
2191
2649
225
1199
18
5641
38474
1196
6496
386
18
16473
37687
6697
30
1682
8343
40752
12
18467
13
506
1682
8343
40752
12
1773
680
7517
4753
33
29
16
27740
530
361
225
20
17
29
344
77
3077
1278
616
27740
680
2586
15837
539
436
27946
5463
17299
402
225
29
297
277
2783
18
3483
341
265
31420
2746
30
616
5463
17299
402
225
29
1360
225
1960
306
225
18467
18
1283
530
17208
30
225
2503
16
3124
16
4228
16
4306
16
5293
16
5095
16
959
16
11872
16
13279
16
14551
16
15352
16
16053
16
16162
16
16649
16
17781
16
17189
16
9652
16
17672
16
18284
16
19153
16
19103
16
20072
16
20744
16
21982
18
9405
225
1199
18
2586
954
38474
1196
3050
386
18
9177
382
3506
30
1682
59283
1323
2907
184257
12
696
16
225
24848
16
225
24
16
373
21
2191
2649
225
1449
18
1283
1387
5842
304
20488
17208
304
13561
38474
18
16473
2050
304
1682
5463
17299
402
225
21
16
27740
6758
24
16
1360
225
696
306
225
24848
382
2110
1008
304
7324
5463
302
277
1027
1659
21
16
1207
1659
341
265
6917
302
27740
344
25175
6758
24
13
306
277
4425
1435
494
27740
6758
24
18
6755
277
1435
1998
361
6743
696
18
16473
1568
616
1175
5463
778
304
225
24848
382
7974
16
1994
5463
402
225
22
27740
30
499
225
696
304
225
959
18
2227
1998
1169
402
225
21
16
713
2731
30
225
1710
16
2193
16
3501
16
4471
16
6419
16
7366
16
7537
16
7510
18
2209
27740
1998
361
6758
24
18
2586
1094
1731
1207
1450
14387
6758
24
18
6621
30
225
1710
2649
27740
225
22
16
21
6674
31
225
2193
2649
225
23
16
21
6674
31
225
3501
2649
225
24
16
21
6674
31
225
4471
2649
225
25
1518
24
516
6751
31
225
6419
2649
225
26
34
24
31
225
7366
926
27
34
24
31
225
7537
926
28
34
24
31
225
7510
926
29
34
24
18
2586
6751
30
225
1710
16
2193
16
3501
2649
225
23
5463
382
8311
225
23
57329
5463
30
499
225
1296
304
225
24848
18
2227
1169
402
225
21
16
713
5463
1013
17798
21
1207
340
306
398
436
27740
344
20
17
24
16
689
340
4273
361
225
20
1480
1232
411
1011
361
265
225
22
57329
1435
35
41729
16
225
23
57329
5463
569
340
499
225
21
304
225
26
344
956
5885
498
225
24848
306
27740
6758
24
680
2586
340
530
361
225
21
16
22
16
23
16
24
344
29753
6758
24
680
398
530
361
225
20
17
24
18
2209
851
277
1435
1998
361
6758
24848
18
2586
539
35909
1375
37
33
21
30
5463
225
21
38
21
30
225
6681
16
7955
16
11777
16
13060
16
14603
18
2209
27740
30
225
21
16
20
16
21
31
225
21
16
21
16
21
31
225
21
16
22
16
21
31
225
21
16
23
16
21
31
225
21
16
24
16
21
616
27740
6758
24
18
2586
616
225
25
5463
18
2209
2292
592
839
1518
24848
35
2523
16
616
460
2393
382
37
33
22
30
225
22
38
21
30
225
4543
16
14948
16
16427
16
16818
16
18419
18
30211
1104
30
225
22
16
20
16
21
6674
31
225
22
16
21
16
21
6674
31
225
22
16
22
16
21
6674
31
225
22
16
23
16
21
6674
31
225
22
16
24
16
21
6674
18
2586
616
225
25
5463
382
37
33
23
30
225
23
38
21
30
225
15704
16
19038
16
18779
16
22146
16
22412
18
6621
27740
6758
24
30
225
23
16
20
16
21
6674
31
225
23
16
21
16
21
6674
31
225
23
16
22
16
21
6674
31
225
23
16
23
16
21
6674
31
225
23
16
24
16
21
6674
18
2586
616
225
25
382
37
33
24
30
225
24
38
21
30
225
14822
16
21410
16
23211
16
24067
16
24703
18
6621
27740
6758
24
30
225
24
16
20
16
21
6674
31
225
24
16
21
16
21
6674
31
225
24
16
22
16
21
6674
31
225
24
16
23
16
21
6674
31
225
24
16
24
16
21
6674
18
2586
616
225
25
382
37
33
25
30
516
6751
1480
14387
225
25
34
24
382
37
33
26
30
225
26
38
21
30
225
20665
16
25603
16
25498
16
27714
16
27476
18
2209
27740
30
225
26
34
24
16
713
5023
6751
18
6755
225
26
34
24848
35
225
20665
16
25603
16
25498
436
460
24848
35
225
25498
460
24848
16
689
14387
225
26
34
24
16
713
516
6751
18
225
27714
34
24848
17833
382
4892
499
225
23
57329
5463
16
539
569
225
25
15
25
15
25
15
25
351
225
696
5463
382
8311
851
1994
225
21
57329
5463
35
461
2783
10626
468
225
696
16
713
225
21
57329
5463
516
5101
18
6755
225
24
57329
5463
35
225
24
57329
5463
1011
361
6743
21
937
16
697
341
1518
24848
16
713
5023
382
14353
1994
225
22
57329
5463
539
3402
33649
225
23
382
14353
1994
5463
402
717
27740
35
5023
382
4892
2983
351
225
696
15
23
351
225
1449
18
3483
14441
277
1310
18
9177
382
4892
954
38474
1196
6496
225
1449
352
386
1690
382
3506
30
1682
59283
1323
2907
184257
12
2510
16
225
23959
16
225
22
16
373
807
2191
2649
225
22
18
16473
17208
20488
304
13561
38474
382
12260
225
2510
304
225
23959
16
4753
33
22
344
149037
225
20
16
21
16
22
733
35758
373
807
3210
19100
5463
17299
402
225
807
16
27740
6758
22
382
1569
5463
17299
402
225
807
30
225
807
16
225
7955
16
225
14948
16
225
19038
16
225
21410
16
4074
689
27740
1998
361
6758
22
382
5790
225
807
30
27740
225
21
16
21
6674
16
689
225
807
460
2510
16
516
5101
388
7955
30
27740
225
21
16
21
16
21
6674
16
225
7955
297
2783
35
225
7955
1360
225
2510
306
225
23959
16
12035
388
14948
30
27740
225
22
16
21
16
21
6674
16
225
14948
297
2783
35
225
14948
1360
225
2510
306
225
23959
16
12035
388
19038
30
27740
225
23
16
21
16
21
2649
225
23
34
22
516
6751
388
21410
30
225
24
34
22
516
6751
388
14353
225
1710
35
9405
225
1710
16
516
17299
402
225
807
388
14353
225
21
14948
35
9405
225
24
57329
1518
23959
388
14353
225
6681
35
516
17299
402
225
807
388
14353
225
1710
35
840
388
14353
225
14948
341
6751
16
225
7955
6751
18
6755
8696
225
807
35
516
297
2783
18
6755
225
19038
516
6751
18
6755
225
14948
35
12035
18
6755
225
14948
35
12035
18
6755
225
1710
35
840
18
2586
539
569
225
7955
306
225
14948
2649
225
22
5463
18
2586
1310
19553
382
3506
30
1682
59283
1323
2907
184257
12
28
28016
16
225
959
22138
16
225
27
16
373
5111
20851
2191
2649
225
21
18
16473
5842
304
13561
6697
30
4753
33
27
16
272
508
5111
20851
6
344
25
27740
680
23480
225
28
28016
304
225
959
22138
18
2586
5463
1998
1169
402
225
5111
20851
16
27740
6758
27
18
461
1435
1998
361
468
2750
225
28
28016
18
461
21820
1435
17299
402
225
5111
20851
341
225
5111
20851
344
25
27740
13
689
4924
460
28
28016
35
41729
16
225
5111
20851
341
1518
28
28016
35
225
5111
20851
341
225
25
27740
16
225
28
28016
341
225
24
27740
16
713
225
5111
20851
1518
225
28
28016
18
2586
225
5111
20851
341
12578
18
6621
27740
30
225
25
16
23
16
20
16
23
16
22
616
6758
27
16
12035
18
11615
1387
361
225
14959
20851
35
3483
1011
361
225
26
27740
30
225
14959
20851
1518
225
28
28016
16
689
341
411
6758
959
22138
35
225
14959
20851
1518
225
959
22138
16
713
2502
1398
18
6755
225
12328
20851
35
1518
959
22138
35
225
12328
20851
1518
959
22138
18
2586
1094
225
5111
20851
341
2223
2783
18
2209
1008
304
2292
592
225
5111
20851
341
6743
28
28016
35
8520
16
225
5111
20851
1518
225
28
28016
18
2586
1682
33
21
18
9177
382
3506
30
1682
59283
1323
2907
184257
12
29
17697
27414
16
225
6548
23862
26087
16
225
21
16
373
7955
7955
2191
2649
225
22
539
3402
24533
382
3506
30
1682
59283
1323
2907
184257
12
27
18833
25268
25314
13904
16
225
3586
23025
25742
25848
25264
16
225
26
16
373
22
16745
2191
2649
225
4543
17697
22407
18
14892
304
13561
20488
16
689
4164
4309
382
8311
16
277
31579
225
18730
1690
30
539
1008
304
11135
697
4655
1333
341
4309
18
22977
539
530
17208
1347
38474
121680
352
265
7922
2783
304
1565
592
954
38474
22699
265
1333
386
1011
361
10358
402
277
4619
302
852
6292
18
2209
539
4445
17208
352
8730
5463
382
25790
539
530
32012
265
10413
304
1682
5463
402
2688
35758
306
14387
4753
18
461
1682
341
15837
277
1435
302
93198
344
1833
766
1714
277
35758
13
386
436
17242
302
27740
6758
4753
16
306
277
4425
1435
18462
2223
648
6373
16
12216
1807
957
341
1013
27946
5463
297
265
2783
386
4475
265
4619
18
461
38474
539
4546
341
4350
382
23928
386
277
852
6292
1717
402
954
38474
16
1850
4164
386
277
38474
341
4309
18
2586
277
31579
1998
361
265
20511
18
8548
302
277
1217
4655
2911
341
717
4164
304
361
277
9444
730
35
16473
1538
468
277
5463
30
225
28
22407
306
225
883
28016
18
1437
539
17208
1682
8343
40752
2238
52207
13
306
1682
8343
40752
28720
17
21
13
22560
16
8696
730
302
1019
341
277
1193
302
265
1497
16340
18
1563
4681
16
8696
277
14387
25284
341
373
25175
14387
297
1150
341
468
1210
4753
6
6115
1450
14387
341
6758
4753
16
689
1065
819
277
27740
302
272
35
2227
436
766
302
1150
18
2586
4924
6772
382
25790
903
341
265
122221
30
461
1435
1150
1998
361
4898
16
306
277
35758
272
341
265
4898
11795
18
9405
6772
382
25790
277
1310
402
225
18730
15422
1078
265
1497
1472
6074
52207
35
22547
361
386
277
1058
225
18730
1310
540
3757
352
106441
22
21411
26033
16
225
3284
19127
17588
16
225
26
16
373
18730
2191
1377
225
28
22407
68
306
277
1749
730
341
265
1497
1310
386
3289
5478
1965
171382
18
7517
277
2292
1154
4059
1804
16
539
1008
304
1717
1804
18
9405
13861
18
34159
277
1154
341
12762
304
758
265
30208
35
2523
382
44125
277
2746
36033
471
304
3138
277
1154
1175
386
411
530
361
1161
297
265
3018
1528
386
2428
8138
1217
1497
2911
2387
366
910
4188
1889
35
1098
19360
382
23928
277
9460
30
373
3039
1196
18523
277
2363
385
11116
297
265
127068
2363
2732
344
22310
642
61694
277
4607
5442
118742
957
18372
539
436
304
6754
277
6349
1154
8559
402
954
7878
18
461
6292
436
3419
396
265
2292
1154
18
2227
642
1774
277
2292
402
954
7878
18
1437
903
436
73411
6292
16
277
2292
642
4759
18
610
265
11279
17673
9010
16
277
1310
4027
436
10358
18
2586
342
18294
277
31579
341
265
20511
297
277
2746
6434
7080
1743
16
689
297
277
5772
3167
16
903
2428
361
1094
730
18
7517
539
436
304
6496
2363
386
19553
616
6292
16
539
1998
6496
2363
386
14441
1804
35
9405
13861
382
25790
539
530
3138
277
1154
297
1175
265
1528
386
411
6714
277
4309
1333
352
277
1058
225
18730
1310
306
851
352
277
1749
35
3483
1011
2485
277
1154
304
569
1217
1497
19237
9305
366
2761
16
697
341
516
2731
382
27872
16
342
1761
277
1094
18291
12841
341
386
277
31579
341
387
2615
16
306
539
1196
10987
277
4309
4655
1333
341
225
883
28016
1480
1850
277
3735
730
306
2428
361
277
9444
1310
18
2952
16
539
530
2050
304
1565
592
903
341
839
852
40447
18
16205
468
277
1880
1714
277
1058
225
18730
1310
30
1411
5648
12578
12
2510
16
225
23959
16
225
22
16
373
807
2191
1377
225
22
22243
461
1880
1325
277
1058
225
18730
1310
30
1411
5648
12578
12
7537
16
225
24852
16
225
23
16
373
963
2191
1377
225
23
22243
2586
277
1058
225
18730
1310
341
1360
225
22
306
225
23
18
887
5563
52298
18
461
1749
225
18730
1310
8615
1325
265
4810
302
6292
30
106441
29
19039
16
225
7521
17133
16
225
29
16
373
3124
2191
1377
225
28202
6193
106441
28
28016
16
225
959
22138
16
225
27
16
373
5111
20851
2191
1377
225
21
6193
106441
29
17697
27414
16
225
6548
23862
26087
16
225
21
16
373
7955
7955
2191
1377
225
22
22243
5489
903
341
2484
106441
22
21411
26033
16
225
3284
19127
17588
16
225
26
16
373
18730
2191
1377
225
883
28016
22243
2586
1850
1013
724
22161
265
31579
1310
498
20511
382
23928
386
277
2746
6434
4059
1804
16
689
396
265
52992
539
1008
304
6496
2363
386
19553
616
6292
16
8696
539
530
1774
277
6292
20845
35
3557
2731
18
2209
539
530
2050
304
3368
819
277
38474
3271
352
386
3018
2783
18
14812
539
530
17208
277
1682
1347
265
1736
35
7517
539
436
277
8202
16
539
530
37687
277
38474
297
954
2709
35
3557
31975
382
25790
539
530
32012
277
1682
1347
77052
1022
304
1565
697
341
52298
18
16473
5842
304
30281
277
1682
352
386
2783
382
2110
1008
304
1682
5463
1150
297
648
37
16
398
65
1207
340
33
22
16
21411
16
26033
306
398
33
3284
16
19127
16
17588
16
4753
33
26
16
272
508
18730
3210
2586
1150
1998
1169
402
27740
225
18730
16
306
616
27740
6758
26
382
7974
16
6035
386
272
508
18730
6
674
27740
225
24
16
20
16
23
18
2536
6758
26
16
713
840
3836
33976
382
8311
16
5463
17299
402
225
18730
30
1150
351
349
535
225
21
937
692
225
18730
16
1207
349
341
265
1713
45589
11795
344
1833
16514
680
461
2983
1435
302
27740
302
1150
341
6441
14964
13944
1149
692
225
23
344
53374
349
674
6152
53432
35
2209
1150
494
11183
4007
569
6152
53432
16
713
349
4273
569
6152
53432
592
539
1994
277
5772
1435
18
2952
16
297
954
38474
539
2617
6152
53432
297
277
84267
11183
16
689
277
5772
1435
494
349
341
277
11795
7435
498
277
27740
1714
277
35758
18
610
4249
302
1150
16
539
530
1761
302
411
396
30
1150
351
225
21
937
535
399
692
225
18730
16
1207
399
341
387
11795
6743
20
18
2209
399
874
569
6152
53432
35
41729
16
592
1150
674
7662
225
23
27740
16
1232
399
33
20
6632
1150
33
18730
16
689
225
18730
341
2336
936
340
35
225
18730
460
225
22
16
21411
16
26033
16
713
516
297
2783
18
2586
399
1998
361
1175
386
1150
6743
340
306
1150
6758
398
382
14353
16
616
27740
302
1150
1998
361
6758
26
18
3483
91235
16981
366
277
19229
11183
302
1150
382
2110
530
2050
304
1682
1175
399
386
22465
277
14387
16981
306
277
2783
382
2608
9745
539
530
911
277
38474
304
17208
277
1682
352
492
3018
1690
18
7517
539
436
5009
2363
16
539
1387
1310
20845
16
689
539
4445
18
2952
16
539
1387
5842
304
3138
277
38474
297
265
8156
3167
297
954
3858
35
3557
2731
382
23928
277
15924
16
9916
10987
386
277
4309
4655
1333
341
225
883
28016
16
1480
1850
277
3735
730
306
5563
717
52298
396
265
1310
1690
344
170595
1435
680
6755
16
6035
386
277
852
1310
402
2927
5463
1013
225
4543
17697
22407
341
851
2927
18
2586
225
883
28016
341
7922
18
2209
225
28
22407
341
851
7922
18
8548
730
341
717
4164
35
14892
304
2132
382
25790
539
530
2292
24957
402
852
6292
30
461
1310
402
373
7955
7955
6
7939
225
22
16
697
341
2164
18
461
1310
402
373
22
16745
6
7939
225
4543
17697
22407
16
697
341
2927
18
461
1310
402
373
5111
20851
6
7939
225
21
18
2586
277
225
18730
1310
7859
225
28
22407
420
225
883
28016
436
1804
18687
382
45
1761
539
1008
304
13924
492
498
8696
4077
468
277
2746
494
3149
35
461
2746
5563
304
361
499
910
17673
9010
18
461
31579
2428
361
265
20511
297
277
21466
18
610
1175
12048
16
1850
2670
352
277
1310
4027
304
361
4309
306
277
31579
304
361
265
5209
183764
2615
18
32468
16
277
2292
1154
1011
569
1450
1310
1094
3984
18
2586
9916
10987
386
277
1058
18168
344
28
22407
13
341
277
9444
730
16
306
277
1749
344
883
28016
13
341
265
20511
18
2952
16
3097
1011
724
569
1804
35
22547
361
386
277
1058
341
499
277
2024
297
277
194863
35
2523
16
194863
1094
674
2240
7120
18
2586
1804
436
499
277
2292
1154
382
25790
277
2292
1154
341
499
1217
1497
12360
306
724
9634
1019
18
461
12759
4060
30
373
3039
1196
18523
277
2363
385
11116
297
265
127068
2363
2732
344
22310
642
61694
277
4607
5442
118742
957
10334
386
903
341
387
4607
1154
386
539
1008
304
14637
18
461
4607
1154
2428
569
961
5047
402
910
7878
386
539
1008
304
6754
18
461
6292
436
3419
304
13561
954
7878
18
1437
277
4607
7878
540
121613
16
411
2428
569
7895
910
6292
689
516
3575
18
461
2292
1154
4059
1804
4655
19237
16
8696
724
436
499
1217
1497
10424
35
3557
2897
382
23928
277
61531
16
9916
2050
304
3138
277
38474
306
1232
16
592
4494
16
6313
2387
366
26565
18
2209
2650
342
4273
1774
16
342
1998
5857
730
18
22977
539
530
1538
468
277
4619
302
277
852
1310
2911
30
461
225
18730
1310
341
8456
1325
225
22
306
1714
225
23
18
461
5463
225
28
22407
306
225
883
28016
18
1437
539
1994
277
8009
302
277
1682
304
277
2783
4354
16
8696
730
341
52298
18
2209
516
9734
382
13617
3592
30
22547
411
361
386
277
1154
1682
59283
1323
2907
184257
341
4655
304
758
277
1682
352
277
2783
648
6373
16
12216
65
24273
16
689
277
38474
539
8089
19720
5463
499
225
20
304
433
24273
16
306
539
57859
18
9405
4350
18
2209
1065
592
277
2783
4059
5463
402
6152
53432
35
2523
382
25790
903
341
265
202267
30
461
35758
272
1998
361
265
35758
302
1150
16
689
1150
341
265
4898
11795
16
713
969
19229
11183
1414
516
569
6152
53432
18
610
954
38474
16
539
6751
5463
402
6152
53432
297
277
84267
11183
18
2952
16
396
23069
16
1731
4850
304
5463
402
17156
27740
16
697
874
2188
569
277
35758
4016
592
277
5772
1435
674
468
2750
434
27740
18
2209
1065
819
5463
1013
225
20
18730
35
9405
225
18730
16
697
674
225
23
27740
16
713
411
674
35758
373
18730
3210
9405
6772
18
2209
1414
954
38474
1682
225
18730
890
433
33
21
937
35
16473
1310
30
433
33
21
937
16
434
33
23
16
272
508
18730
3210
374
33
24
16
9511
63
21
16051
24
35
41729
16
374
6315
33
21
16
713
9511
63
21
16051
24
16
9511
63
22
16051
20
16
9511
63
23
16051
23
18
3092
912
20
16
539
530
5857
282
33
20
344
29753
13334
35
10549
366
433
680
1563
433
33
21
937
16
27740
15345
21
16
20
16
20
16
20
2315
13334
15528
18
282
33
20
341
6751
1480
2687
123983
33
21
16
713
282
33
20
460
21
16
2475
872
502
14040
18
5489
912
21
30
9511
63
21
16051
24
16
13334
14040
16
2687
123983
33
25665
18
2586
1998
5857
282
21
33
24
18
5489
912
22
30
9511
63
22
16051
20
16
5857
282
22
33
20
18
912
23
30
9511
63
23
16051
23
16
5857
282
23
33
23
18
2586
1435
373
20
18730
6
351
225
18730
341
33649
18
9405
4309
382
8311
16
1065
819
5463
1013
225
24
13615
35
3483
11751
402
373
13615
26471
3557
373
18730
3210
2586
516
33649
382
27872
16
38474
5563
4309
382
23928
277
31579
16
342
1761
277
71070
341
304
3138
277
1154
306
5752
386
277
57076
1094
10424
265
22517
302
6292
16
420
386
277
31579
341
3757
265
1497
1310
689
5478
39481
18
610
1451
17673
13494
16
277
1310
4027
436
6842
306
277
31579
11413
2893
18
2586
9745
277
4309
4655
1333
341
225
883
28016
1480
1850
277
3735
730
306
2428
361
277
730
386
8615
297
277
5772
1310
20155
18
2209
2964
516
2897
382
2110
1387
2050
304
1565
592
903
341
839
852
40447
30
461
1310
402
373
18730
6
8615
12775
16
689
277
1749
845
411
341
7528
498
265
1310
402
373
22
16745
3210
461
373
22
16745
6
1310
341
851
265
2927
1435
18
461
373
18730
6
1310
402
225
883
28016
8615
1325
373
7955
7955
6
306
1714
373
22
16745
3210
3483
5563
1013
265
4238
28368
30
1325
7922
6292
16
265
7848
1310
16
1232
265
2927
1310
18
461
1058
225
18730
1310
8615
7977
16
8696
499
265
1497
3149
18
342
1761
1850
4164
386
277
1058
225
18730
1310
344
28
22407
13
341
265
20511
16
306
277
4309
730
341
225
883
28016
382
2608
13640
15698
277
5463
30
225
28
22407
306
225
883
28016
18
24900
386
225
883
28016
506
225
28
22407
351
225
27
28543
18
3557
265
4081
4347
382
25790
539
530
17208
277
1682
1347
265
4374
6775
38278
35
3557
2731
382
23928
277
845
16
9916
10987
386
277
4309
4655
1333
341
225
883
28016
18
2952
16
304
361
6085
16
342
1387
3138
277
1154
297
1175
265
1528
386
411
530
361
209352
35
2523
382
25790
539
530
3138
277
38474
306
1232
919
265
4550
386
592
277
2740
14441
344
22
21411
26033
16
225
3284
19127
17588
16
225
26
16
373
18730
2191
758
225
28
22407
592
910
9453
1625
225
883
28016
16
689
4924
56858
306
516
18597
382
23928
386
277
2746
341
304
3138
277
1154
396
4546
16
306
277
5224
4007
569
277
31579
16
9916
704
402
277
194863
7120
306
277
852
6292
18
461
31579
341
516
297
277
194863
16
713
1850
766
302
277
2292
1154
18
2209
277
2292
1154
341
3419
396
766
302
277
2746
6434
304
471
18
1283
1998
1717
616
61405
297
277
2292
1154
18
2586
539
1008
304
22465
1804
18
9405
13861
18
8111
16
342
18294
386
277
2292
1154
341
3757
265
3225
1154
386
642
361
1161
304
1310
954
7878
16
689
411
5720
265
20511
18
610
1175
20333
16
9745
277
9444
4309
1333
341
277
730
386
8615
3735
16
396
411
2428
361
277
4309
730
1325
31594
265
11336
297
277
1310
18
2491
8696
277
1058
730
341
499
387
7977
3478
306
277
1749
341
277
33664
3478
16
306
539
1196
3138
277
1154
386
19553
277
33664
6292
344
1833
3735
6299
680
461
12759
4060
373
10112
616
277
6292
3210
1437
539
3138
277
1154
12989
16
411
642
6496
265
3018
1333
352
386
2740
18
1437
386
1333
14441
730
302
277
1217
4655
16
411
642
1717
386
3999
16
689
4759
277
852
18
2586
539
4273
1717
1804
18
8111
16
277
1094
1528
304
1717
616
6292
341
592
277
1310
20155
1414
516
2549
1804
61405
16
700
3077
1278
277
31579
341
265
20511
306
1094
730
1196
361
903
18
7517
539
4273
2312
277
1310
16
539
1998
10987
386
277
5772
1310
3167
642
569
1094
730
16
420
386
277
57076
642
4369
3673
35
9405
21930
382
23928
277
61531
16
9916
1538
352
839
852
9058
18
14812
277
1058
225
18730
1310
341
3757
352
265
1497
2783
689
277
5938
436
5478
39481
18
1563
4681
16
8696
277
1058
341
1411
103264
12
22
21411
26033
16
225
3284
19127
17588
16
225
26
16
373
18730
2191
1377
225
28
22407
68
306
277
1749
341
1411
103264
12
22
21411
26033
16
225
3284
19127
17588
16
225
26
16
373
18730
2191
1377
225
883
28016
68
689
9745
724
436
1217
1497
8877
35
2523
382
25790
277
2746
15422
1078
1217
1497
1310
5442
16
306
277
2292
1154
341
25845
1019
18
22547
361
386
277
1058
225
18730
1310
341
499
277
373
34394
6
306
277
1749
499
373
24861
1310
4027
3210
2209
724
436
297
277
1656
2292
1154
382
45
1761
277
1861
3347
341
304
3138
277
38474
12989
16
306
1232
16
592
277
57076
18048
2920
304
277
31579
16
539
2428
1008
304
6313
18
2209
539
4273
1287
18
7517
492
341
265
31951
3167
16
9745
277
10393
642
1774
277
2292
1154
402
954
7878
306
2364
411
304
1717
18
1437
903
341
265
31579
16
411
642
4759
18
2586
539
1998
4802
386
954
7878
6714
277
4309
1333
352
386
2740
18
2209
697
730
341
4309
35
1283
1008
304
5827
498
26565
420
498
7475
4580
382
19477
2050
304
17208
277
1682
352
386
1690
1347
265
717
26978
4158
16
9745
1347
77052
1022
306
277
2783
16981
18
957
341
265
15836
689
8696
123611
402
910
23093
81277
1347
277
38474
11236
689
402
12169
20042
35
3557
31975
352
2927
5463
382
10917
16
539
530
5842
304
17208
277
1682
1347
265
1736
297
954
2709
35
3557
2731
382
25790
539
530
32012
265
10413
352
1682
8343
40752
16248
13
352
265
2688
35758
306
4753
16
306
1232
12476
352
277
2688
433
2911
18
2209
386
1011
2485
13131
277
1435
302
4080
93198
399
1175
386
225
21
937
28410
15
18730
6758
433
306
277
27740
302
277
4425
1435
436
6758
26
18
957
341
265
14387
38474
2746
386
539
3402
569
265
46800
4377
352
16
689
539
1008
304
3757
17208
411
18
19223
265
4575
16
1850
2502
2702
382
23928
277
16981
16
342
1761
277
1210
12914
341
304
10987
386
277
9444
4309
1333
341
225
883
28016
16
1480
1850
277
3735
730
306
5563
717
373
26478
3210
6755
16
6035
386
277
1310
402
373
18730
6
8615
12775
16
306
277
1058
845
1850
225
28
22407
16
277
1749
225
883
28016
18
1437
385
1538
468
277
13539
6292
16
277
5463
225
28
22407
306
225
883
28016
436
1804
52298
18
2209
225
28
22407
341
7922
16
8696
2502
2164
35
16473
21210
12564
277
1435
302
4080
5463
297
386
2783
382
2110
1008
304
1682
5463
1360
225
22
16
21411
16
26033
306
225
3284
16
19127
16
17588
386
1169
402
225
18730
306
569
27740
6758
26
382
7974
16
6035
386
277
2783
341
819
225
1507
4364
5463
18
461
9733
302
5463
402
27740
6758
26
341
344
27
19
622
20534
72
352
282
57329
5463
18
1563
5463
2239
225
22
17
23
4364
344
27
27740
13
306
2239
225
1530
4364
344
28
27740
680
461
4488
9733
8696
2239
344
27
19
622
20534
27
64823
225
20
18
937
26847
352
225
27
57329
5463
16
306
344
27
19
622
20534
28
64823
225
20
18
937
23306
352
225
28
57329
5463
18
114945
498
277
1682
302
5463
297
1731
14387
31051
386
1169
402
225
18730
18
6755
277
2783
4059
1804
225
27
57329
306
225
28
57329
5463
382
19477
2984
1652
277
2783
498
1435
302
27740
382
37
351
225
22
16
21411
16
26033
344
27
27740
465
38
351
225
3284
16
19127
16
17588
344
28
27740
994
4892
5463
402
225
27
27740
30
499
225
22
16
21411
16
26033
304
225
29
16
4542
16
4542
388
40631
402
225
28
27740
30
499
225
622
16
937
16
937
304
225
3284
16
19127
16
17588
382
2110
1008
304
1682
4080
5463
17299
402
225
18730
297
1450
382
7974
16
1994
225
27
57329
5463
17299
402
225
18730
30
2227
436
302
277
1027
67121
18730
16
1207
265
341
225
21
17
29
16
689
851
277
4425
1435
494
27740
6758
26
18
2586
1450
14387
265
19230
25201
16
24
16
20
16
23
1998
361
6758
26
18
2586
265
530
361
225
21
17
26
344
29753
225
27
16
28
16
29
1518
26
680
290
530
361
225
20
17
26
16
274
530
361
225
20
17
26
18
2586
1435
302
225
27
57329
5463
17299
402
225
18730
306
616
27740
6758
26
341
30
265
297
391
21
568
26
97
1117
225
26
12423
31
290
297
391
20
568
26
97
1117
225
27
12423
31
274
297
391
20
568
26
97
1117
225
27
12423
18
2586
2983
225
26
14
27
14
27
351
225
21215
18
2952
16
539
851
1008
1731
5463
304
361
2223
277
2783
648
22
16
21411
16
26033
16
225
29
16
4542
16
4542
1807
2586
539
1008
304
1682
1030
1451
302
1131
225
21215
5463
436
6743
225
22
16
21411
16
26033
382
669
21820
225
27
57329
1435
17299
402
225
18730
341
225
21
16
937
16
18730
35
41729
16
265
4273
361
225
20
1480
1850
265
225
27
57329
1435
18
2586
277
21820
341
265
33
21
16
290
33
20
16
274
33
20
1117
225
21
16
937
16
18730
18
2209
225
21
16
937
16
18730
460
225
22
16
21411
16
26033
18
2586
539
1008
304
1511
277
11960
382
2110
530
17208
277
7849
265
1175
386
277
1435
6743
225
22
16
21411
16
26033
382
6021
277
1435
361
433
351
225
21
16
937
16
937
535
265
692
225
21
16
937
535
290
692
225
1296
535
274
692
225
18730
382
2110
1008
433
6743
225
22
16
21411
16
26033
382
4892
225
21
16
937
16
937
265
692
225
21
937
290
692
225
1296
274
692
225
18730
6743
225
22
16
21411
16
26033
382
9579
225
21
16
937
16
937
265
6743
225
22
16
21411
16
26033
506
344
21
937
290
692
225
1296
274
692
225
18730
13
6743
225
22
16
21411
16
26033
506
344
21
937
14
26
692
225
1296
14
26
692
225
18730
13
351
225
22
16
21411
16
26033
506
344
26
937
15
5239
15
18730
5791
22
16
21411
16
26033
17
27
16
4958
33
22
16
20104
16
24735
382
4892
265
1998
361
468
2750
56916
12
22
16
20104
16
24735
855
225
21
16
937
16
937
13
351
225
23
344
29753
225
22
14
21
73
26
33
22
16
937
16
937
460
225
22
16
20104
16
24735
16
225
23
14
21
73
26
33
23
16
937
16
937
6743
225
22
16
20104
16
24735
680
2586
265
6743
225
23
382
14353
16
265
6758
225
26
344
29753
14387
4753
225
26
680
2586
265
297
391
23
16
24
16
25
16
26
97
1117
225
24
2911
382
8311
352
1450
265
297
391
23
16
24
16
25
16
26
2547
290
306
274
530
361
225
20
568
26
344
27
1450
680
2209
539
851
1008
304
4802
386
277
1435
1414
516
14949
225
29
16
4542
16
4542
16
689
616
402
265
26720
26
436
9724
6758
26
16
4542
16
4542
460
225
29
16
4542
16
4542
16
713
6772
18
6755
1008
304
4802
386
277
1435
341
6743
22
16
21411
16
26033
31
352
265
33
23
16
539
1008
304
2292
592
903
2893
290
25201
1175
386
433
6743
225
22
16
21411
16
26033
18
461
6756
352
265
33
23
341
290
33
26
25201
33
26
6632
433
351
225
23
16
937
16
937
15
26
16
5239
15
23966
33
23
16
4316
16
14726
35
41729
16
225
23
16
937
16
937
692
225
26
16
937
692
225
5239
692
225
18730
351
225
23
16
4763
16
18730
35
26128
30
225
21
937
18390
33
26
937
16
225
1296
22558
33
5239
16
4171
225
18730
1117
2983
225
23
16
4763
16
18730
35
16473
17208
30
225
23
16
937
16
937
692
225
26
16
937
351
225
23
16
4763
16
937
31
692
5239
351
225
23
16
4763
16
5239
31
692
18730
351
225
23
16
4316
16
4958
35
2964
108553
18
16473
589
50593
30
433
351
225
21
16
937
16
937
15816
692
225
21
16
937
18390
692
225
1296
22558
692
225
18730
18
1563
265
33
23
16
290
33
26
16
274
33
26
30
225
23
16
937
16
937
692
225
26
16
937
692
225
5239
692
225
18730
351
225
23
16
4763
16
18730
18
9405
1518
225
22
16
21411
16
26033
18
2586
616
265
33
23
5463
402
290
25201
297
225
20
568
26
436
6743
35
461
7849
352
265
33
23
341
290
33
20
25201
33
20
30
225
23
16
937
16
18730
18
9405
1518
225
22
16
21411
16
26033
35
225
23
16
937
16
18730
1518
225
22
16
21411
16
26033
16
12035
18
2586
616
265
33
23
5463
436
297
2783
18
1563
265
33
24
16
25
16
26
851
297
2783
18
2586
2983
225
27
57329
4080
5463
351
225
24
535
225
27
535
225
27
351
225
12806
382
2608
5522
16
341
265
33
22
2731
35
265
33
22
6632
2687
433
351
225
22
16
937
16
937
692
225
26
16
5239
692
225
23966
351
225
22
16
4763
16
23966
35
41729
16
225
22
16
937
16
937
15
26
16
937
15
5239
15
18730
33
22
16
4763
16
23966
16
697
341
2336
936
225
22
16
21411
16
26033
18
2586
265
33
22
516
297
2783
18
265
33
21
6632
1571
7922
18
2586
14233
1094
265
33
23
16
24
16
25
16
26
18
2586
225
12806
5463
499
225
27
57329
382
8311
16
1994
225
28
57329
5463
30
499
225
622
16
937
16
937
304
225
3284
16
19127
16
17588
18
2227
1169
402
225
18730
16
713
1027
67121
932
18730
16
1207
265
341
225
21
17
26
344
29753
14387
4753
225
26
16
306
1850
277
1210
3040
14387
302
387
225
28
57329
1435
16
713
265
4273
361
225
20
31
851
265
6758
26
680
290
25201
28173
45955
1450
225
20
17
26
382
10914
2731
225
28
57329
5463
17299
402
225
18730
306
27740
6758
26
30
265
297
391
21
568
26
97
1117
225
26
12423
31
290
25201
28173
45955
1450
225
27
12423
1117
225
26
535
225
27
66
24
351
225
26
535
225
22
14822
351
225
992
16
21810
382
8311
539
1008
304
1682
1731
2223
277
2783
648
622
16
937
16
937
16
225
3284
16
19127
16
17588
15032
7974
16
616
225
28
57329
5463
402
265
33
21
568
26
436
1360
225
622
16
937
16
937
306
225
4306
16
4542
16
4542
35
41729
16
6756
402
265
33
26
341
225
26
16
15342
16
15342
35
26128
16
265
33
26
16
306
290
25201
28173
45955
2687
225
26
1117
1435
351
225
26
16
937
16
937
692
225
26
14
622
16
937
35
16473
5675
30
225
28
57329
30
27740
30
265
344
29191
671
2111
733
290
344
76
8010
8543
93792
733
274
344
1203
8543
93792
733
282
344
371
93792
733
317
344
76
117061
733
1232
225
24
16
20
16
23
18
2586
1333
351
225
21
16
937
16
937
15816
692
225
1296
16
937
18390
692
225
622
16
937
22558
692
225
21
16
937
23242
692
225
1296
101040
692
225
18730
382
44912
402
265
33
26
16
290
33226
42167
66872
33
26
30
225
26
16
937
16
937
692
225
5239
16
937
692
225
1530
16
937
692
225
26
16
937
692
225
5239
692
225
18730
351
225
26
16
15342
16
18730
18
9405
2336
936
225
622
16
937
16
937
35
41729
16
225
26
16
15342
16
18730
341
225
27
57329
35
26128
16
225
26
16
15342
16
18730
341
225
27
27740
344
29753
1850
2336
936
225
622
16
937
16
937
680
9405
265
2746
18
8801
592
265
33
26
16
277
1435
341
468
1210
225
26
16
15342
16
18730
16
697
341
1094
225
27
27740
18
2586
352
387
225
28
57329
1435
16
277
1210
3040
14387
1998
361
468
2750
225
21
16
689
304
569
225
28
27740
16
277
1435
1998
361
6743
225
622
16
937
16
937
18
3398
265
33
26
16
277
6756
341
225
26
16
15342
16
18730
16
697
341
460
622
16
937
16
937
18
2586
3757
16
352
277
1435
304
361
225
28
57329
16
277
1210
3040
14387
265
1998
361
468
2750
225
21
16
689
851
277
1435
1998
361
6743
225
622
16
937
16
937
18
461
21820
225
28
57329
1435
341
225
622
16
937
16
937
18
2586
539
1008
265
1175
386
277
1435
6743
225
622
16
937
16
937
18
1563
265
33
21
16
277
1435
341
468
2750
225
21
16
937
16
937
692
4074
692
225
18730
351
225
21
16
937
16
18730
16
697
341
225
27
57329
18
2586
304
6018
225
28
27740
16
539
1008
277
1435
304
361
468
2750
225
622
16
937
16
937
18
3483
2767
277
2983
1998
361
6743
622
16
937
16
937
18
1563
265
33
21
16
1571
402
2687
290
25201
28173
45955
344
26
16
26
16
26
16
26
13
6632
225
21
16
15342
16
18730
16
2188
460
622
16
937
16
937
18
2586
265
33
21
4273
8138
225
28
57329
5463
18
22041
265
33
22
6632
2687
225
22
16
15342
16
18730
460
622
16
937
16
937
18
265
33
23
6632
225
23
16
15342
16
18730
460
622
16
937
16
937
18
265
33
24
6632
225
24
16
15342
16
18730
460
622
16
937
16
937
18
265
33
25
6632
225
25
16
15342
16
18730
460
622
16
937
16
937
18
265
33
26
6632
225
26
16
15342
16
18730
460
622
16
937
16
937
18
4628
6018
225
622
16
937
16
937
18
3483
2767
903
436
840
225
28
57329
5463
17299
402
225
18730
386
569
616
27740
6758
26
5
8801
277
6756
402
265
33
26
341
225
26
16
15342
16
18730
16
697
341
1094
225
27
27740
18
2586
839
1435
17299
402
225
18730
306
2896
616
27740
6758
26
4273
569
225
28
27740
1480
277
1210
3040
14387
1011
361
468
1210
225
26
16
689
304
569
225
28
27740
16
277
1435
1998
361
468
2750
225
622
16
937
16
937
16
697
1011
2485
277
1210
3040
14387
304
361
468
2750
225
21
16
689
1571
402
225
21
16
277
1435
341
468
1210
225
21
16
15342
16
18730
592
852
27740
2687
225
26
16
697
341
2188
225
27
27740
18
41729
16
304
771
225
28
27740
16
277
1435
1998
361
6743
622
16
937
16
937
18
461
21820
225
28
57329
1435
402
27740
6758
26
1011
361
225
21
16
937
16
20
937
35
26128
16
225
28
57329
2767
277
1435
674
225
28
27740
16
713
277
21820
225
28
57329
1435
341
225
622
16
937
16
937
18
2209
530
225
622
16
937
16
937
569
616
27740
6758
26
35
2523
16
1480
411
5720
265
225
21
306
53432
16
4924
6772
344
21
26720
26
680
2209
411
11751
402
225
937
16
516
225
18730
18
2586
539
1008
304
1994
5463
302
277
1027
386
1169
402
225
18730
306
569
225
28
27740
18
461
21820
1175
1435
402
27740
6758
26
1011
361
225
21
16
937
16
20
937
35
16473
5675
30
225
28
57329
30
10690
30
282
27
282
26
282
25
282
24
282
23
282
22
282
21
282
20
344
4271
282
20
341
8027
680
1283
1008
282
21
33
24
16
282
20
33
23
35
41729
16
35758
373
18730
6
2767
277
2009
2240
27740
436
225
24
16
20
16
23
18
2586
282
22
33
24
16
282
21
33
20
16
282
20
33
23
35
26128
16
17034
30
1437
277
1435
674
225
28
27740
16
277
2009
2240
27740
436
10690
225
25
16
24
16
23
35
16473
3591
499
184751
396
2413
225
27
344
4024
3040
13
304
225
20
344
73412
680
461
35758
302
4354
225
23
2767
27740
468
10690
225
22
16
21
16
20
35
41729
16
592
277
1435
674
4354
434
29956
16
277
2009
434
27740
436
277
2750
3040
18
2586
592
539
569
225
28
27740
16
277
2009
2240
436
277
14849
16
20373
16
8027
35
1563
2024
16
225
740
16395
23337
11751
402
373
23337
3210
2586
277
8027
341
277
2009
14387
18
2586
352
35758
373
18730
728
277
14849
14387
1196
361
225
24
16
20373
14387
225
20
16
8027
14387
225
23
18
2586
277
14387
468
2413
225
22
344
76
117061
13
351
225
24
16
2413
225
21
344
175834
13
351
225
20
16
2413
225
20
344
43698
13
351
225
23
382
4892
352
387
225
28
57329
1435
16
277
1210
3040
14387
341
468
2413
225
27
344
622
66
27
2111
680
2586
277
1333
351
225
622
66
27
535
282
27
692
225
622
66
26
535
282
26
692
225
622
66
25
535
282
25
692
225
622
66
24
535
282
24
692
225
622
66
23
535
282
23
692
225
622
66
22
535
282
22
692
225
622
66
21
535
282
21
692
225
622
66
20
535
282
20
16
402
282
22
33
24
16
282
21
33
20
16
282
20
33
23
382
8311
16
277
7849
225
28
57329
1435
341
225
622
16
937
16
937
16
697
674
282
27
33
21
16
306
616
3575
225
20
18
2209
539
1008
282
22
33
24
16
713
277
7849
225
28
57329
1435
17299
402
225
18730
341
225
622
16
937
16
937
692
225
18730
351
225
622
16
937
16
18730
35
41729
16
225
622
16
937
16
937
674
27740
30
225
21
225
20
225
20
225
20
225
20
225
20
225
20
225
20
18
2159
1169
402
225
18730
16
539
1008
277
2009
2240
27740
304
361
225
24
16
20
16
23
18
2586
539
1387
867
282
22
33
24
16
282
21
33
20
16
282
20
33
23
18
461
21820
225
28
57329
1435
402
386
35758
1011
361
402
282
27
33
21
344
29753
1998
361
468
2750
225
21
304
361
225
28
57329
733
306
616
852
3634
27740
344
72
26
28173
25
28173
24
28173
23
13
396
2164
396
2731
16
700
3077
1278
225
20
18
2586
277
1435
341
225
21
225
20
225
20
225
20
225
20
225
20
225
24
225
20
225
23
35
26128
16
225
28
27740
30
10690
225
27
16
26
16
25
16
24
16
23
16
22
16
21
16
20
18
3398
282
27
33
21
16
282
26
33
20
16
282
25
33
20
16
282
24
33
20
16
282
23
33
20
16
282
22
33
24
16
282
21
33
20
16
282
20
33
23
6632
225
622
16
937
16
18730
35
16473
17208
30
225
622
66
27
33
622
16
937
16
937
31
282
26
33
20
1117
20
31
282
25
33
20
9579
20
31
282
24
33
20
9579
20
31
282
23
33
20
9579
20
31
282
22
33
24
1117
225
24
14
1296
33
4120
31
282
21
33
20
9579
20
31
282
20
33
23
9579
23
18
14610
351
225
622
16
937
16
937
15
4120
15
23
33
622
16
937
16
18730
18
8520
16
4924
225
28
27740
18
6013
16
2292
27740
30
616
27740
436
225
21
16
20
16
20
16
20
16
20
16
24
16
20
16
23
18
2536
6758
26
35
225
21
16
20
16
20
16
20
16
20
16
24
16
20
16
23
436
616
6758
26
16
12035
18
2586
225
622
16
937
16
18730
341
265
4080
225
28
57329
1435
402
35758
225
18730
306
27740
6758
26
18
2586
922
7977
26565
386
265
33
21
4273
8138
225
28
57329
5463
540
62629
1480
342
53786
16334
277
1435
302
27740
2387
366
277
1210
3040
14387
18
41729
16
402
265
33
21
344
77
3077
1278
282
27
33
21
733
277
1435
341
468
2750
225
622
16
937
16
937
16
697
341
225
28
27740
18
2586
1850
2731
18
3827
7977
222712
42690
30
342
3592
265
33
21
6632
5463
778
304
225
21
16
15342
16
18730
16
689
4924
352
265
225
27
57329
1435
35
342
23778
277
2111
2911
18
16473
996
34239
30
1563
387
225
28
57329
1435
16
277
1210
3040
14387
341
297
277
225
622
66
27
2111
18
1437
386
14387
341
225
21
16
277
7849
1435
402
386
14387
341
225
21
535
225
622
66
27
351
225
622
16
937
16
937
18
41526
852
27740
344
15519
277
35758
13
642
3764
411
16
689
277
7849
402
282
27
33
21
306
277
35758
6842
341
225
622
16
937
16
18730
396
2946
18
2586
14233
265
33
21
530
3050
225
28
57329
5463
382
4892
922
7977
3360
352
225
27
57329
5463
540
4309
30
1563
225
27
57329
5463
16
277
1210
3040
14387
341
297
277
225
622
66
26
2111
18
1563
225
28
57329
5463
16
1850
297
277
225
622
66
27
2111
18
2586
539
1008
304
2489
1019
22560
382
19477
12989
16216
1804
14387
31051
382
2110
569
1472
340
33
22
16
21411
16
26033
344
27
27740
13
306
1169
398
33
3284
16
19127
16
17588
344
28
27740
680
2586
5463
530
361
225
27
57329
344
3161
225
21
16
937
16
937
304
225
29
16
4542
16
4542
13
306
225
28
57329
344
3161
225
622
16
937
16
937
304
225
959
16
4542
16
4542
680
2209
954
2783
341
5885
304
778
304
225
3284
16
19127
16
17588
16
713
225
28
57329
5463
778
304
386
382
8311
16
539
1008
304
1682
5463
17299
402
225
18730
16
27740
6758
26
382
7974
16
35909
2731
5463
498
2983
4354
382
8561
225
21
30
225
27
57329
5463
344
77
3077
1278
5463
499
225
21
16
937
16
937
304
225
29
16
4542
16
4542
680
2227
569
225
27
27740
18
461
35758
302
4354
225
23
76176
277
2009
2240
27740
18
2586
277
1435
341
302
277
1027
30
265
290
274
282
225
24
225
20
225
23
16
1207
265
341
277
13714
14387
344
622
66
26
733
290
8637
8543
93792
344
622
66
25
733
274
5053
8543
93792
344
622
66
24
733
282
10962
344
622
66
23
733
306
1232
14849
33
24
16
20373
33
20
16
8027
33
23
382
35427
30
265
499
225
21
304
225
26
344
29753
14387
6758
26
16
306
4273
361
225
20
352
225
27
57329
680
290
25201
28173
499
225
20
304
225
26
18
6755
277
4425
1435
1998
361
2223
648
37
16
398
1807
7517
225
27
57329
5463
436
6758
29
16
4542
16
4542
16
697
341
2336
936
398
33
3284
16
19127
16
17588
16
713
616
225
27
57329
5463
297
277
2783
436
6758
38
18
2209
539
851
1008
1019
6743
340
33
22
16
21411
16
26033
18
2586
539
1008
304
1682
1731
225
27
57329
5463
386
436
6743
340
382
2110
3402
24091
386
689
13640
996
34239
9222
382
27
57329
1435
433
351
225
21
16
937
16
937
15816
692
225
1296
16
937
18390
692
225
622
16
937
22558
692
225
21
16
937
23242
692
225
18730
344
29753
225
4120
15
23
35
41729
16
225
24
14
1296
33
4120
16
4171
225
23
351
225
18730
680
8520
16
433
351
225
21
16
937
16
937
15816
692
225
1296
16
937
18390
692
225
622
16
937
22558
692
225
21
16
937
23242
692
225
18730
382
2110
1008
433
6743
225
22
16
21411
16
26033
382
4892
225
21
16
937
16
937
15816
692
225
1296
16
937
18390
692
225
622
16
937
22558
692
225
21
16
937
23242
6743
225
22
16
21411
16
26033
506
225
18730
351
225
22
16
21411
16
14438
382
8311
16
265
530
361
225
21
568
26
18
16473
1511
277
7849
265
1175
386
277
6756
2731
402
386
265
344
77
3077
1278
290
33226
42167
33
26
13
530
6018
468
2750
225
22
16
21411
16
14438
18
41729
16
539
1008
304
1682
22124
386
22465
277
25983
382
2110
530
59689
898
265
306
1682
4080
344
70
25201
28173
13
386
1265
433
6743
340
382
49541
352
1450
265
1375
69
33
21
30
2687
433
351
225
21
16
937
16
937
692
225
1296
16
937
14
26
692
225
622
16
937
14
26
692
225
21
16
937
14
26
692
225
18730
351
225
21
16
937
16
937
692
225
5239
16
937
692
225
1530
16
937
692
225
26
16
937
692
225
18730
351
225
21
16
15342
16
18730
18
957
341
460
225
22
16
21411
16
26033
16
713
840
265
33
21
5463
297
2783
382
69
33
22
30
2687
433
351
225
22
16
15342
16
18730
460
225
22
16
21411
16
26033
16
713
840
382
69
33
23
30
1219
433
402
265
33
23
306
290
33226
42167
33
20
30
225
23
16
937
16
18730
18
9405
1518
225
22
16
21411
16
26033
35
225
23
16
937
16
18730
1518
225
22
16
21411
16
26033
16
12035
18
2586
616
290
25201
28173
344
20
568
26
13
352
265
33
23
3050
433
6743
225
23
16
937
16
18730
16
697
341
6743
340
18
2586
616
225
27
14
27
14
27
351
225
21689
22124
352
265
33
23
436
297
2783
382
2608
5522
16
539
1998
851
4802
433
6758
398
16
689
398
341
2927
16
713
6772
382
69
33
24
30
27698
16
1219
433
351
225
24
16
937
16
18730
6743
340
16
713
616
225
21689
22124
382
69
33
25
30
1219
433
351
225
25
16
937
16
18730
6743
340
16
616
225
21689
382
69
33
26
30
1219
433
351
225
26
16
937
16
18730
6743
340
16
616
225
21689
382
27872
2983
225
27
57329
4080
5463
351
225
24
535
225
21689
351
225
21
22788
382
2608
7977
342
3289
225
12806
16
697
540
1528
1115
18
342
98571
3592
265
1094
778
304
225
26
306
3289
225
24
14
27
14
27
33
12806
16
689
386
540
352
225
26
12423
352
265
35
41729
16
265
530
361
225
21
17
26
344
26
12423
733
689
342
7977
19635
265
304
225
23
16
24
16
25
16
26
344
24
12423
13
1480
265
33
21
16
22
516
297
2783
18
2586
4924
4309
18
2209
342
1232
50765
498
225
27
14
27
351
225
3124
35
26128
16
290
306
274
1450
569
225
27
12423
344
20
17
26
733
282
851
225
27
12423
16
713
2983
352
1450
265
341
225
27
66
23
351
225
21689
18
2586
225
24
14
21689
351
225
21
22788
18
3827
7977
225
12806
4902
499
61229
225
24
14
27
14
27
16
697
33326
282
18
2586
4309
225
27
57329
1682
341
225
21
22788
382
2608
341
265
6751
304
361
225
20
35
2523
16
1480
225
27
57329
5463
4273
569
6152
7810
18
2586
265
499
225
21
304
225
26
18
2586
4924
4309
382
8311
16
1690
225
22
30
225
28
57329
5463
344
622
16
937
16
937
304
225
959
16
4542
16
4542
680
5641
2783
7866
5879
341
398
33
3284
16
19127
16
17588
16
713
539
1008
225
28
57329
5463
6758
225
3284
16
19127
16
17588
382
2992
225
28
57329
1435
674
27740
30
317
285
326
311
225
24
225
20
225
23
16
1207
317
341
277
5053
1445
107866
14387
344
622
66
27
733
285
341
13714
344
622
66
26
733
326
8637
8543
93792
344
622
66
25
733
311
5053
8543
93792
344
622
66
24
733
306
1232
225
24
16
20
16
23
396
277
2009
2240
382
35427
30
317
499
225
21
304
225
26
344
29753
14387
6758
26
16
306
4273
361
225
20
352
225
28
57329
680
285
45737
38708
499
225
20
304
225
26
18
6755
277
1435
1998
361
6743
340
35
2209
340
341
225
27
57329
16
713
616
225
28
57329
5463
436
6743
622
16
937
16
937
1518
340
16
713
3598
5879
9724
19347
18
32992
5879
30
433
6758
225
3284
16
19127
16
17588
382
8311
16
433
351
225
622
16
937
16
937
101040
692
225
21
16
937
16
937
26292
692
225
1296
16
937
28464
692
225
622
16
937
28518
692
225
18730
382
2110
1008
433
6758
225
3284
16
19127
16
17588
382
2110
851
569
14387
16981
285
45737
38708
6758
26
382
2110
1008
304
1682
277
1435
302
344
73
39825
45737
38708
13
402
317
297
225
21
568
26
16
285
45737
38708
297
225
20
568
26
16
1175
386
433
6758
225
3284
16
19127
16
17588
382
8311
16
6035
386
398
33
3284
16
19127
16
17588
674
27740
30
225
26
16
27
16
22
16
23
16
26
16
25
16
20
16
21
35
41729
16
225
3284
16
19127
16
17588
341
225
28
27740
35
16473
4602
30
225
3284
16
19127
16
17588
351
225
3284
16
19127
16
17588
18
9405
225
28
27740
35
225
3284
4364
341
225
28
27740
35
225
3284
16
19127
16
17588
341
225
28
27740
1480
1850
1360
225
622
16
937
16
937
306
225
959
16
4542
16
4542
18
8520
16
1850
225
28
27740
18
10262
27740
30
225
26
344
1203
1445
107866
733
225
27
344
29191
671
733
225
22
344
76
8010
8543
93792
733
225
23
344
1203
8543
93792
733
225
26
344
371
93792
733
225
25
344
76
117061
733
225
20
344
175834
733
225
21
344
43698
680
2586
277
1435
341
225
3284
16
19127
16
17588
382
8372
433
674
277
1027
402
2009
2240
27740
225
18730
16
713
969
8027
14387
341
225
23
16
20373
14387
225
20
16
14849
14387
225
24
18
2209
171103
8027
14387
341
225
21
18
2586
433
1998
361
6758
398
18
7517
433
11751
402
225
18730
16
697
341
2336
936
398
35
35902
30
398
33
3284
16
19127
16
17588
16
433
11751
402
225
18730
18
461
2009
2240
27740
302
433
436
225
18730
18
2586
277
20373
14387
302
433
341
225
20
16
1706
171103
20373
14387
341
225
20
35
171103
20373
14387
341
225
20
35
171103
27740
30
4074
25
16
20
16
21
35
41729
16
398
33
3284
16
19127
16
17588
30
2984
30
225
3284
16
19127
16
17588
351
225
3284
16
19127
16
17588
18
2586
14849
14387
351
225
25
16
20373
351
225
20
16
8027
351
225
21
18
2586
171103
2009
2240
27740
436
225
17588
18
433
494
2009
2240
436
225
18730
18
7517
225
18730
460
225
17588
16
839
433
402
2009
2240
225
18730
642
361
2336
936
398
396
1423
396
277
3634
27740
436
516
2502
2927
35
2209
539
851
569
277
25284
366
277
4425
1435
18
7517
433
494
2009
2240
436
225
18730
16
306
171103
2009
2240
436
225
17588
16
1850
2731
386
433
1387
14949
398
592
277
3634
27740
436
6892
936
171103
3634
27740
18
1563
2024
16
592
317
33
26
16
285
33
27
35
2209
285
4273
14949
225
26
2920
304
4753
18
2586
277
6756
433
402
317
33
26
306
285
45737
38708
33
26
341
30
225
26
14
622
16
937
16
937
692
225
26
14
21
16
937
16
937
692
225
26
14
1296
16
937
692
225
26
14
622
16
937
692
225
18730
351
225
1530
16
937
16
937
692
225
26
16
937
16
937
692
225
5239
16
937
692
225
1530
16
937
692
225
18730
351
225
2704
16
23090
16
18730
18
9405
2336
936
398
33
3284
16
19127
16
17588
18
2586
616
317
33
26
22124
436
2223
398
18
1563
317
33
25
16
2687
341
225
4021
16
23090
16
18730
460
398
18
1563
317
33
24
16
225
2589
16
23090
16
18730
16
4115
18
2586
411
5563
616
225
28
57329
5463
402
27740
6758
26
436
9724
6758
398
35
16473
2292
317
33
26
2687
351
225
2704
16
23090
16
18730
460
225
3284
16
19127
16
17588
16
12035
18
317
33
27
341
516
6751
18
2586
616
22124
402
317
297
225
21
568
26
306
285
45737
38708
297
225
20
568
26
6496
433
6758
225
2704
16
23090
16
18730
16
697
341
460
398
18
2586
616
1175
225
28
57329
5463
436
2223
277
2783
18
6755
16
436
903
839
225
28
57329
5463
402
317
33
26
386
14949
398
35
461
6756
402
317
33
26
341
225
2704
16
23090
16
18730
16
697
341
2336
936
398
18
2586
616
436
4080
382
2608
5522
16
539
851
1008
433
6743
340
16
689
340
341
225
27
57329
16
713
616
225
28
57329
5463
436
6743
622
16
937
16
937
1518
340
16
713
6772
382
27872
16
2983
225
28
57329
4080
5463
351
1435
302
344
73
39825
45737
38708
13
402
317
297
225
21
568
26
16
285
45737
38708
297
225
20
568
26
351
225
26
535
225
27
66
23
351
225
26
535
225
21689
351
225
22
27601
382
8311
16
2983
4080
5463
297
277
4425
2783
351
225
27
57329
4080
344
21
22788
13
692
225
28
57329
4080
344
22
27601
13
351
225
23
19396
382
2608
277
4655
2911
436
225
28
22407
420
225
883
28016
16
697
436
1687
6892
936
225
23
19396
18
2586
922
12169
27946
341
3312
1115
18
3483
10334
386
922
20093
819
14387
4753
2428
361
175538
18
16722
342
101436
4753
35
4753
33
26
16
689
27740
1998
361
468
1210
4753
16
700
3077
1278
6758
26
18
9405
1065
342
1161
18
2586
3097
341
922
1682
1094
225
23
19396
35
461
4655
19720
436
2239
225
28
79
420
225
902
79
16
697
341
6892
18
3483
10334
386
922
12169
27946
18391
2761
30
9745
5463
530
569
717
936
225
28
27740
35
8801
398
33
3284
16
19127
16
17588
341
225
28
27740
16
689
5463
1387
569
717
27740
592
724
436
2336
936
398
35
2523
16
5463
402
717
936
225
28
27740
1011
361
6743
1296
16
937
16
937
1518
398
16
713
516
297
2783
18
2586
6756
27740
341
225
28
18
2586
3097
1011
277
1682
361
6892
35
16473
4638
18400
922
225
27
57329
1682
30
342
33649
265
33
23
16
24
16
25
16
26
1450
402
225
27
66
23
33
21689
16
2983
225
21
22788
18
2209
341
265
6751
304
361
225
26
35
8520
16
14387
6758
26
18
2586
265
33
26
6632
5463
778
304
225
26
16
15342
16
18730
35
41729
16
402
265
33
26
16
277
6756
1435
341
225
26
16
15342
16
18730
16
697
341
225
27
27740
18
9405
6772
18
2209
341
265
33
26
6751
35
8520
16
1480
4753
33
26
18
2586
4924
5101
18
2586
225
21
22788
5563
4309
382
28
57329
30
317
33
21
568
26
16
1450
402
225
27
66
23
33
21689
16
2983
225
22
27601
18
14610
225
23
19396
382
2608
277
4655
2911
436
2239
225
28
79
420
225
902
79
16
697
341
819
225
22
18
25
304
225
25
3041
6892
18
2586
8696
342
18391
5463
402
225
26
27740
35
8801
340
341
225
22
16
21411
16
26033
16
697
341
225
27
27740
16
713
225
26
57329
5463
436
2336
936
340
16
713
516
5101
18
2586
386
4445
361
382
25790
277
2783
4059
5463
402
6152
53432
35
2523
382
25790
342
5478
105464
277
1435
302
12423
352
290
25201
28173
352
225
27
57329
5463
18
1563
225
27
57329
5463
16
27740
10690
30
265
344
622
66
26
733
290
344
622
66
25
733
274
344
622
66
24
733
282
344
622
66
23
733
317
33
24
344
622
66
22
733
285
33
20
344
622
66
21
733
326
33
23
344
622
66
20
680
2209
6035
386
277
14387
468
225
622
66
23
341
282
16
697
341
277
10962
14387
18
342
1161
282
396
10962
16
689
3757
16
352
265
225
27
57329
1435
16
277
7542
436
30
13714
344
622
66
26
733
8637
8543
93792
344
622
66
25
733
5053
8543
93792
344
622
66
24
733
10962
344
622
66
23
733
14849
344
622
66
22
733
20373
344
622
66
21
733
8027
344
622
66
20
680
461
35758
373
18730
6
76176
14849
344
622
66
22
733
20373
344
622
66
21
733
8027
344
622
66
20
680
2586
277
10652
27740
436
277
3634
3148
30
13714
16
8637
8543
93792
16
5053
8543
93792
16
10962
18
9405
225
24
27740
16
516
225
23
18
342
98571
3592
1094
265
19230
25201
28173
344
24
27740
13
689
1232
342
33649
1094
265
19230
25201
35
16473
73676
30
1563
265
225
27
57329
1435
16
539
569
225
27
27740
2983
18
239192
4354
434
33
23
16
713
277
16514
766
674
225
24
27740
344
47048
225
26
16
25
16
24
16
23
680
610
922
7977
5652
16
342
1161
265
396
13714
344
622
66
26
733
290
396
8637
8543
93792
344
622
66
25
733
274
396
5053
8543
93792
344
622
66
24
733
282
396
10962
344
622
66
23
680
9405
225
24
27740
18
2586
277
1435
302
2342
27740
341
225
24
16
516
225
23
18
342
8170
1392
290
25201
28173
1450
569
225
27
12423
16
689
342
851
1078
265
8156
35
16473
316
171902
382
2500
265
225
27
57329
1435
16
277
27740
436
30
282
26
344
622
66
26
733
282
25
344
622
66
25
733
282
24
344
622
66
24
733
282
23
344
622
66
23
733
282
22
33
24
16
282
21
33
20
16
282
20
33
23
18
2586
277
16514
27740
436
282
26
16
282
25
16
282
24
16
282
23
18
9405
225
24
27740
18
2536
1998
361
6758
4753
33
26
18
282
26
4273
361
225
20
344
29753
225
27
57329
680
2586
282
26
297
225
21
568
26
344
26
12423
680
282
25
16
282
24
16
282
23
1450
297
225
20
568
26
344
27
12423
1450
680
2586
2983
225
26
535
225
27
66
23
351
225
26
535
225
21689
351
225
22
27601
2731
225
27
57329
5463
17299
402
225
18730
306
27740
6758
26
16
2142
11532
2783
382
8311
16
539
1008
304
1682
1731
386
436
6743
340
33
22
16
21411
16
26033
18
2586
539
1008
304
1682
3724
1131
225
22
27601
16
1030
1451
436
6743
340
382
54351
16
352
225
28
57329
5463
16
277
16514
674
225
25
27740
344
29753
2983
225
28
16
35758
225
23
1117
225
25
27740
680
30211
1104
30
282
27
344
622
66
27
733
282
26
344
622
66
26
733
282
25
344
622
66
25
733
282
24
344
622
66
24
733
282
23
344
622
66
23
733
1232
35758
282
22
33
24
16
282
21
33
20
16
282
20
33
23
18
2586
16514
27740
30
282
27
28173
26
28173
25
28173
24
28173
23
18
282
27
4273
361
225
20
344
28
57329
733
306
616
6758
26
18
2586
282
27
297
225
21
568
26
344
26
12423
680
282
26
28173
25
28173
24
28173
23
1450
297
225
20
568
26
344
27
12423
1450
680
11612
225
26
535
225
27
66
24
351
225
26
535
225
22
14822
351
225
992
16
21810
2731
225
28
57329
5463
402
35758
225
18730
306
27740
6758
26
16
2142
2783
27670
382
8311
16
539
1008
304
1682
1731
2223
648
37
16
398
15032
4892
922
7977
19720
846
1115
1480
342
18391
730
16514
14387
352
225
27
57329
5463
344
45
1094
40977
352
225
23
27740
28455
265
680
2586
4309
2983
2731
344
35171
2783
13
341
225
22
27601
692
225
992
16
21810
351
225
902
16
23534
382
8311
16
277
4655
2911
436
225
28
22407
306
225
883
28016
16
1804
2336
936
225
902
16
23534
18
2586
386
3672
5258
30
539
1008
304
5419
498
2783
382
8311
16
539
1008
304
1682
1030
1451
302
1131
225
902
16
23534
5463
4486
2223
648
22
16
21411
16
26033
16
225
3284
16
19127
16
17588
15032
19477
17208
352
225
27
57329
5463
30
2278
436
225
22
27601
2731
225
27
57329
5463
344
5324
27740
6758
26
680
1283
1008
304
1682
1731
6743
340
382
2110
530
17208
498
142157
898
282
26
344
69
733
282
25
344
70
733
282
24
344
71
733
282
23
344
72
13
306
15990
277
1333
382
50
351
225
21
16
937
16
937
23242
26
692
225
1296
16
937
23242
25
692
225
622
16
937
23242
24
692
225
21
16
937
23242
23
692
225
18730
382
2110
1008
433
6743
225
22
16
21411
16
26033
382
2110
530
1682
498
115738
898
282
26
16
306
352
1450
282
26
16
1682
277
1435
302
344
72
25
28173
24
28173
23
13
1175
386
277
8800
433
6743
340
382
12955
277
1435
302
22124
341
516
8730
344
22
27601
733
539
1387
297
14009
17208
20488
16
689
539
1008
304
589
411
50593
382
19477
27967
1659
351
225
21
16
937
16
937
23242
26
692
225
1296
16
937
23242
25
692
225
622
16
937
23242
24
692
225
21
16
937
23242
23
18
5489
433
351
1659
692
225
18730
382
21372
30
1659
692
225
18730
6743
225
22
16
21411
16
26033
1117
1659
6743
225
22
16
21411
16
14438
382
4892
539
1008
304
1682
11795
6763
402
282
26
297
225
21
568
26
16
282
25
28173
24
28173
23
297
225
20
568
26
16
1175
386
1659
6743
225
22
16
21411
16
14438
382
2110
530
2984
498
282
26
382
8561
282
26
33
21
30
2687
1659
351
225
21
16
937
16
937
692
225
5239
16
937
692
225
1530
16
937
692
225
26
16
937
351
225
21
16
15342
16
937
18
957
341
460
225
22
16
21411
16
14438
16
713
840
6763
382
72
26
33
22
30
2687
1659
351
225
22
16
15342
16
937
460
225
22
16
21411
16
14438
16
713
840
382
72
26
33
23
30
1219
1659
351
225
23
16
937
16
937
344
17906
282
25
42167
24
42167
23
33
20
680
9405
3402
1518
225
22
16
21411
16
14438
18
2586
616
22124
352
282
26
33
23
436
4080
18
7551
302
22124
352
282
26
33
23
30
282
25
28173
24
28173
23
1450
225
27
12423
1117
225
27
66
23
351
225
21689
18
2586
352
282
26
33
23
16
1682
351
225
21689
382
72
26
33
24
30
1219
1659
351
225
24
16
937
16
937
1518
11960
16
713
616
225
21689
4080
382
72
26
33
25
30
1219
1659
351
225
25
16
937
16
937
1518
11960
16
616
225
21689
382
72
26
33
26
30
1219
1659
351
225
26
16
937
16
937
1518
11960
16
616
225
21689
382
27872
16
225
27
57329
4080
5463
351
225
24
535
225
21689
351
225
21
22788
18
3483
14441
922
7977
1682
344
21
22788
680
2586
386
766
341
4309
382
8311
16
352
225
28
57329
5463
30
2278
436
225
992
16
21810
2731
225
28
57329
5463
344
5324
27740
6758
26
680
1283
1008
304
1682
1731
6758
398
33
3284
16
19127
16
17588
382
50
351
225
622
16
937
16
937
23242
27
692
225
21
16
937
16
937
23242
26
692
225
1296
16
937
23242
25
692
225
622
16
937
23242
24
692
225
21
16
937
23242
23
692
225
18730
382
2110
1008
433
6758
225
3284
16
19127
16
17588
382
2110
530
2984
498
282
27
344
1833
1210
3040
14387
680
282
27
297
225
21
568
26
382
2500
1450
282
27
16
539
1008
304
1682
277
1435
302
344
72
26
28173
25
28173
24
28173
23
13
297
225
20
568
26
1175
386
433
6758
398
382
2110
530
17208
277
6756
2731
352
1450
282
27
306
1565
592
411
33572
398
382
7974
16
6035
386
398
351
225
3284
16
19127
16
17588
382
2110
530
851
4602
433
351
225
622
16
937
16
937
23242
27
692
783
692
225
18730
16
1207
783
351
225
21
16
937
16
937
23242
26
692
225
1296
16
937
23242
25
692
225
622
16
937
23242
24
692
225
21
16
937
23242
23
16
402
783
19989
499
225
20
304
225
26
16
15342
16
937
35
41729
16
6756
783
890
282
26
42167
25
42167
24
42167
23
33
26
341
225
26
16
937
16
937
692
225
5239
16
937
692
225
1530
16
937
692
225
26
16
937
351
225
26
16
15342
16
937
382
4892
433
2687
352
2688
282
27
341
225
622
16
937
16
937
23242
27
692
225
26
16
15342
16
937
692
225
18730
351
225
622
16
937
16
937
23242
27
692
225
26
16
15342
16
18730
382
2110
1008
492
6758
398
351
225
3284
16
19127
16
17588
382
49541
352
1450
282
27
1375
72
27
33
21
30
2687
433
351
225
622
16
937
16
937
692
225
26
16
15342
16
18730
351
225
902
16
15342
16
18730
460
398
16
713
616
22124
352
282
27
33
21
436
4080
35
2209
539
851
1008
304
4802
433
6743
340
16
689
340
341
225
22
18
29
4364
16
713
616
225
28
57329
5463
436
6743
622
16
937
16
937
1518
340
16
713
3598
5879
9724
19347
18
2586
352
282
27
33
21
16
616
225
27
66
24
351
225
22
14822
22124
436
4080
382
72
27
33
22
30
2687
433
351
225
696
16
937
16
937
692
225
26
16
15342
16
18730
351
225
1670
16
15342
16
18730
460
398
16
616
225
22
14822
4080
382
72
27
33
23
30
2687
433
351
225
963
16
937
16
937
692
225
26
16
15342
16
18730
351
225
1960
16
15342
16
18730
460
398
16
616
225
22
14822
4080
382
72
27
33
24
30
2687
433
351
225
1339
16
937
16
937
692
225
26
16
15342
16
18730
351
225
2589
16
15342
16
18730
460
398
16
616
225
22
14822
4080
382
72
27
33
25
30
2687
433
351
225
1120
16
937
16
937
692
225
26
16
15342
16
18730
351
225
4021
16
15342
16
18730
460
398
16
616
225
22
14822
4080
382
72
27
33
26
30
2687
433
351
225
1530
16
937
16
937
692
225
26
16
15342
16
18730
351
225
2704
16
15342
16
18730
18
35902
402
398
33
3284
16
19127
16
17588
18
225
2704
16
15342
16
18730
460
225
3284
16
19127
16
17588
16
713
2188
616
22124
4080
35
8520
16
1480
277
6756
341
2336
936
398
18
2586
352
282
27
33
26
16
616
225
22
14822
22124
436
851
4080
382
27872
16
616
225
992
16
21810
2731
225
28
57329
5463
436
2223
277
2783
35
2209
5522
16
2292
277
3598
5879
30
6346
616
225
28
57329
5463
6743
340
35
340
341
225
22
16
21411
16
26033
16
306
277
21820
225
28
57329
1435
402
27740
6758
26
341
225
622
16
937
16
18730
35
41729
16
277
21820
225
28
57329
1435
402
35758
225
18730
306
27740
6758
26
341
890
282
27
33
21
16
282
26
42167
25
42167
24
42167
23
33
20
1117
433
351
225
622
16
937
16
937
692
225
18730
351
225
622
16
937
16
18730
18
9405
1518
340
18
2586
12035
16
616
436
6743
340
382
27872
16
411
5563
386
616
225
992
16
21810
225
28
57329
5463
436
2223
648
37
16
398
1807
2209
341
386
1641
35
16473
2292
277
7866
5879
352
282
27
33
26
30
2687
341
225
2704
16
15342
16
18730
16
697
341
2336
936
398
33
3284
16
19127
16
17588
18
2586
12035
16
616
436
2223
18
2586
2983
4080
5463
351
225
27
57329
4080
344
21
22788
13
692
225
28
57329
4080
344
992
16
21810
13
351
225
883
16
28016
382
6605
14441
277
1749
4655
1333
30
225
883
16
28016
5
8946
5
2586
277
4309
4655
1333
341
225
883
28016
382
27872
16
277
31579
1310
30
277
1058
730
344
28
22407
13
341
18765
18
461
1749
730
344
883
28016
13
341
4309
18
2586
954
38474
1196
8138
225
883
28016
382
8311
16
539
1998
13561
386
954
38474
14233
22699
225
883
28016
18
5641
12169
27946
7939
225
883
16
28016
18
2586
277
38474
1196
6496
386
382
2608
539
851
3289
225
21
22788
352
225
27
57329
306
225
992
16
21810
352
225
28
57329
351
225
883
16
28016
18
3483
5563
4689
382
19477
4638
18400
277
225
28
57329
1682
30
2983
225
28
57329
5463
402
27740
6758
26
306
35758
225
18730
351
1435
302
12423
352
282
27
344
21
568
26
13
535
282
26
344
20
568
26
13
535
282
25
344
20
568
26
13
535
282
24
344
20
568
26
13
535
282
23
344
20
568
26
13
351
225
26
535
225
27
66
24
351
225
26
535
225
22
14822
351
225
992
16
21810
18
8520
382
8311
16
436
616
1131
5463
6758
225
3284
16
19127
16
17588
35
461
6756
341
402
282
27
33
26
16
282
26
33
26
16
282
25
33
26
16
282
24
33
26
16
282
23
33
26
1117
225
1530
16
937
16
937
692
225
26
16
937
16
937
692
225
5239
16
937
692
225
1530
16
937
692
225
26
16
937
692
225
18730
351
225
2704
16
15342
16
18730
18
9405
14233
2336
936
225
3284
16
19127
16
17588
18
2586
616
436
2223
382
1974
819
277
3598
5879
35
38706
341
282
27
33
21
16
3575
225
20
1117
225
622
16
937
16
18730
18
9405
1518
225
22
16
21411
16
26033
18
2586
616
436
2223
382
27872
16
2983
351
225
21
22788
692
225
992
21810
351
225
883
28016
382
4892
277
4309
4655
1333
341
225
883
28016
382
8311
16
3097
1645
539
771
225
28
22407
7977
35
99008
592
539
98571
4800
1094
225
27
57329
306
225
28
57329
689
402
910
852
25284
35
14812
592
539
140746
3592
386
277
1210
3040
14387
4273
14949
4753
35
2209
539
3402
40977
18
2491
8696
539
18391
277
225
28
57329
5463
1480
539
3592
724
14949
398
35
2209
539
6974
724
1907
18
2586
225
28
22407
2428
361
499
265
1497
236759
16
8696
27946
1094
5463
402
7662
225
28
27740
35
225
992
16
21810
341
3402
1518
28
22407
16
713
516
382
27872
16
277
1749
4655
1333
341
4309
382
29838
16
539
530
3138
277
38474
396
4546
16
306
411
1196
1717
616
6292
16
2291
277
4309
225
883
28016
382
8311
16
539
1008
304
4802
954
38474
12989
28506
277
1690
1207
374
460
434
344
50
674
17156
27740
936
35758
680
9405
3402
23626
382
14353
16
539
1008
304
5203
277
1690
1207
839
14387
297
272
1518
4753
16
539
3836
758
225
20
18
3483
341
3410
382
8311
16
13640
1310
954
38474
402
277
7120
539
20488
24533
1375
17
344
21
16
26
937
16
24
1619
12827
2191
2649
1196
361
225
25
18
1283
99461
411
1196
361
225
25
388
17
344
883
16
16241
16
26
1619
622
2191
2649
225
22
388
17
344
21
937
16
22
937
16
24
1619
23
937
2191
2649
225
20
388
17
344
1960
16
18467
16
29
1619
29
2191
2649
225
1199
388
17
344
696
16
24848
16
24
1619
21
2191
2649
225
1449
388
17
344
2510
16
23959
16
22
1619
807
2191
2649
225
22
388
17
344
28
28016
16
959
22138
16
27
1619
5111
20851
2191
2649
225
21
388
17
344
29
17697
27414
16
6548
23862
26087
16
21
1619
7955
7955
2191
2649
225
22
388
17
344
22
21411
26033
16
3284
19127
17588
16
26
1619
18730
2191
2649
225
883
28016
388
17
344
27
18833
25268
25314
13904
16
3586
23025
25742
25848
25264
16
26
1619
22
16745
2191
2649
225
4543
17697
22407
388
17
344
21751
14317
23941
26579
11524
16
24588
27919
22157
21868
19962
16
23
1619
11777
10783
17193
13900
21026
2191
2649
225
20
388
17
344
7992
22366
25599
22019
18248
16
19528
26461
28360
27465
24282
16
29
1619
27527
27043
26090
23850
28822
2191
2649
225
20
382
2110
1196
851
2292
277
1310
344
7537
16
24852
16
23
1619
963
2191
2649
225
23
16
306
344
7686
16
20469
16
26
1619
3501
2191
2649
225
26
16
306
344
29
19039
16
7521
17133
16
29
1619
3124
2191
2649
225
28202
18
1283
530
2050
304
13561
265
7652
304
4802
38474
4229
382
2608
2688
954
12169
27946
352
277
225
18730
1690
16
411
63835
402
38474
16
539
530
361
19814
382
8311
16
539
1998
3138
277
1154
382
77397
79515
1375
17
2973
13131
1682
8343
40752
16248
733
539
1008
304
5203
433
6484
30
758
225
20
388
17
2973
433
341
225
20
16
27740
351
648
20
128410
41729
16
1284
12
20
13
351
373
20
728
713
27740
351
648
20
2315
374
33
21
18
1437
434
1518
374
16
758
225
20
18
9405
6772
388
17
461
38474
5119
312
625
28090
402
5938
344
1084
16
13334
680
7517
539
569
840
852
1889
16
1850
6772
388
17
2952
16
6035
386
277
38474
396
5448
1414
516
569
265
373
84518
6
9453
18
2209
539
23069
1850
6772
1480
277
35758
4550
9712
277
2009
434
27740
304
361
1713
41872
468
277
1058
35758
2413
18
2209
1065
819
5463
1013
225
20
18730
35
9405
6772
18
2209
341
903
839
2996
386
277
38474
19720
5463
386
16
1325
82767
6152
53432
16
569
17156
936
434
27740
689
2188
22465
35758
1480
277
35758
4318
4059
53432
499
6152
53432
35
1737
23069
16
386
4273
4252
1480
277
35758
70712
1058
14387
344
4296
374
6315
13
341
13238
304
361
265
3018
1713
41872
14387
344
29753
272
494
1058
14387
341
1713
41872
680
8111
16
839
4080
1435
1998
569
265
1713
41872
14387
468
386
2413
16
6115
277
1435
674
468
2750
434
27740
18
2586
1850
6772
382
2608
5522
30
1065
592
272
674
265
1058
14387
386
341
7810
35
461
2746
4060
272
341
265
1794
15739
265
4898
11795
18
41512
32088
589
516
569
6152
53432
18
2586
272
63
20
65
2308
489
20
6627
2586
1850
1713
41872
18
9177
382
27872
16
38474
341
4309
382
10917
16
903
341
265
30495
1690
30
1437
4753
341
2336
936
277
2993
14387
297
277
35758
16
539
3836
758
225
20
18
9405
1622
382
8311
16
539
1196
851
1994
386
277
38474
19720
5463
499
225
20
304
433
24273
18
2209
954
2783
1472
874
361
225
21
16
713
1472
17
21
1387
361
225
20
18
9405
6772
382
8311
16
13640
3138
382
61792
4602
277
1154
402
277
3836
2292
382
77397
17422
30
4421
52448
277
1568
302
27740
352
272
382
8311
16
539
1008
304
4802
277
38474
341
7434
18
461
77647
8597
341
468
1210
277
1435
302
27740
302
433
16
697
341
468
1210
819
225
883
344
29753
2687
12216
341
2239
225
622
66
883
680
9405
6772
18
461
1435
302
5267
341
468
1210
374
535
225
22
344
78152
680
1563
1450
1889
16
539
9284
898
778
304
225
622
27740
18
2586
1850
5128
382
8311
16
539
1998
361
17034
819
277
35758
4318
30
2973
374
6743
434
16
539
867
9511
352
10690
374
6315
304
374
17
21
18
2209
6035
386
592
433
674
6152
53432
35
3557
6964
382
5158
717
122221
30
610
277
38474
16
890
539
436
468
265
2413
386
341
297
277
35758
4318
16
539
31396
277
14387
304
361
7662
9511
74686
1807
2209
1065
592
9511
74686
65
341
5762
936
4753
35
1283
3402
3836
8938
225
20
592
839
14387
297
272
1518
4753
18
2586
9511
74686
65
6758
4753
18
2952
16
1065
592
4753
341
16
2132
16
225
24
16
306
9511
74686
65
341
225
24
16
4924
6772
382
2608
851
16
890
13334
341
7143
16
2687
123983
874
361
2336
936
9511
74686
1807
610
386
1690
16
277
9284
642
569
840
4080
282
1480
9511
74686
65
1518
2687
123983
18
2586
29124
642
758
225
20
352
386
11360
18
9405
4309
382
8311
16
539
1008
304
4802
386
277
38474
12989
28506
277
1690
1207
433
674
17156
27740
936
434
18
1283
3402
758
225
20
382
8311
16
1310
277
38474
402
277
2688
7120
1347
7498
15376
352
910
382
19477
1310
344
21
16
26
937
16
24
1619
12827
2191
1347
954
38474
304
4802
539
771
225
25
382
2110
3402
99461
1850
225
25
18
9177
382
3506
344
883
16
16241
16
26
1619
622
2191
2649
225
22
16
539
1645
382
3506
344
21
937
16
22
937
16
24
1619
23
937
2191
2649
225
20
16
539
1645
382
3506
344
1960
16
18467
16
29
1619
29
2191
2649
225
1199
18
16473
37687
6697
402
38474
35
3557
4778
16
689
539
6724
382
8311
16
539
1196
851
1310
344
7537
16
24852
16
23
1619
963
2191
2649
225
23
18
16473
20488
17208
304
1565
592
38474
1011
6496
386
382
12260
225
7537
304
225
24852
16
4753
33
23
16
35758
373
963
3210
2586
5463
17299
402
225
963
16
27740
6758
23
382
1569
5463
17299
402
225
963
30
225
963
16
225
8710
16
225
12745
16
225
16646
16
225
19396
16
225
20979
16
225
21453
16
225
25323
16
225
23436
16
225
18461
16
225
21
13615
16
4115
18
2209
27740
1998
361
6758
23
18
2586
2731
27740
30
225
20
16
21
16
22
16
23
382
26412
5463
302
225
22
27740
30
225
963
344
149037
225
23
16
20
13
2649
4080
16
689
225
963
460
7537
16
516
297
2783
18
225
8710
30
27740
225
21
16
23
16
20
2649
225
21
26720
23
16
23
26720
23
16
20
26720
23
16
4080
16
306
225
8710
297
2783
35
225
8710
1360
225
7537
306
225
24852
16
12035
18
225
12745
30
225
22
16
23
16
20
4080
16
12035
18
225
16646
30
225
23
16
23
16
20
4080
16
12035
18
225
19396
30
225
24
34
23
15235
18
225
20979
30
225
25
34
23
15235
18
225
21453
30
26
34
23
15235
18
225
25323
30
27
34
23
15235
18
225
23436
30
28
34
23
15235
18
225
18461
30
29
34
23
15235
18
2586
499
225
23
57329
5463
344
86550
225
8710
16
12745
16
16646
13
539
569
225
23
5463
18
6755
8696
225
13615
35
9405
225
963
16
516
297
2783
18
6755
225
21
13615
341
225
24
57329
1518
24852
18
2586
2983
225
23
18
2586
14441
382
8372
38474
1196
6496
386
382
3506
344
7686
16
20469
16
26
1619
3501
2191
2649
225
26
18
16473
20488
17208
6697
30
5463
17299
402
225
3501
16
27740
6758
26
18
3914
30
225
3501
344
27968
16
460
7686
733
225
14603
344
21
16
24
16
21
6758
26
16
4080
733
225
18419
344
22
16
24
16
21
4080
733
225
22412
344
23
16
24
16
21
4080
733
225
24703
344
24
16
24
16
21
4080
733
225
25938
344
25
16
24
16
21
4080
733
225
27476
344
26
16
24
16
21
4080
733
225
28049
344
27
34
26
15235
733
225
26939
344
28
34
26
733
225
20227
344
29
34
26
680
6755
225
21
23263
1518
20469
35
225
21
23263
1518
20469
16
713
5088
18
6755
225
14603
35
539
569
18
2586
539
569
225
14603
16
18419
16
22412
16
24703
16
25938
16
27476
2649
4924
225
26
5463
18
8520
382
4892
38474
1196
831
382
8311
16
1310
344
29
19039
16
7521
17133
16
29
1619
3124
2191
2649
225
28202
18
27969
6724
382
8311
16
1310
344
28
28016
16
959
22138
16
27
1619
5111
20851
2191
2649
225
21
18
1283
1645
382
8311
16
1310
344
29
17697
27414
16
6548
23862
26087
16
21
1619
7955
7955
2191
2649
225
22
18
1283
1645
382
8311
16
1310
344
27
18833
25268
25314
13904
16
3586
23025
25742
25848
25264
16
26
1619
22
16745
2191
2649
225
4543
17697
22407
18
27969
6724
38474
382
8311
16
1310
344
21751
14317
23941
26579
11524
16
24588
27919
22157
21868
19962
16
23
1619
11777
10783
17193
13900
21026
2191
2649
225
20
18
7517
4753
33
23
16
689
272
5720
27740
1518
23
35
16473
2292
272
508
11777
10783
17193
13900
21026
3210
887
674
27740
30
225
21
16
22
16
21
16
22
16
22
16
20
16
22
16
23
16
23
16
22
16
21
16
22
16
23
16
23
16
22
18
2278
341
265
225
23
35
41729
16
27740
30
225
21
16
22
16
21
16
22
16
22
16
20
16
22
16
23
16
23
16
22
16
21
16
22
16
23
16
23
16
22
18
461
6756
14387
341
225
23
16
697
341
6758
4753
35
4753
33
23
16
713
27740
436
6758
23
16
20672
18
2209
277
2783
341
8730
16
689
8696
840
5463
22465
1480
302
2783
35
99008
225
20
18
27969
6724
38474
382
8311
16
1310
344
7992
22366
25599
22019
18248
16
19528
26461
28360
27465
24282
16
29
1619
27527
27043
26090
23850
28822
2191
2649
225
20
18
4753
33
29
16
616
27740
6758
29
16
689
8696
2783
4007
3451
839
5463
17299
402
386
35758
306
402
27740
6758
29
35
99008
225
20
18
27969
6724
382
27872
16
38474
1196
1717
616
382
8311
16
539
1008
304
3138
382
5158
717
122221
30
610
277
38474
16
539
911
277
4354
302
433
344
149037
302
433
680
2209
1065
819
5463
386
569
717
27740
936
433
35
2227
436
1518
433
16
713
516
33649
18
2586
4924
6772
382
2608
1065
819
5463
386
569
277
1656
1435
302
27740
396
433
689
436
2336
936
433
35
2227
436
33649
12989
3874
277
13334
9453
382
8311
16
539
1998
4802
386
277
38474
1414
516
1682
5463
402
6152
53432
386
1011
7494
361
4800
396
2896
17156
27740
936
434
18
1737
23069
16
1850
6772
1480
277
35758
4550
9712
265
1713
41872
468
2413
374
6315
18
2952
16
1065
592
434
341
225
21
35
5489
277
35758
4318
341
1060
277
2009
14387
18
1563
434
33
21
16
277
1058
14387
302
277
35758
341
277
8027
14387
18
3483
14387
1387
361
7810
35
2209
272
341
265
4898
11795
16
713
592
434
33
21
16
272
341
265
3225
14387
499
225
21
304
225
29
16
713
1713
41872
18
2586
2188
1713
41872
18
2586
277
4550
12413
382
2608
1065
592
4753
341
1175
386
277
14387
297
277
35758
341
7810
35
272
341
4898
16
713
272
4273
361
7810
18
2586
277
35758
494
1058
14387
341
1713
41872
382
27872
16
840
4264
382
8311
16
539
1196
851
1994
277
1690
1207
277
1435
674
7662
434
27740
16
306
277
1210
3040
14387
302
277
35758
341
851
277
1210
3040
14387
302
277
1435
18
3483
14387
1998
361
1713
41872
1480
277
1435
674
434
27740
306
840
6152
53432
18
5641
38474
5143
386
1480
468
2413
374
6315
344
8781
341
225
20
890
374
68959
733
539
31396
9511
63
20
65
697
341
1713
41872
18
2586
1850
6772
382
8311
16
7878
4815
1375
61792
8483
1682
59283
1323
2907
184257
396
4546
382
61792
911
499
136060
1250
312
625
28090
5451
277
1154
304
4928
4188
1889
382
8311
16
539
1008
304
361
17034
819
277
77647
8597
30
374
530
361
778
304
225
883
344
29753
2687
12216
341
225
3586
23025
25742
25848
25264
16
697
341
225
992
27740
35
41729
16
225
3586
16
23025
16
25742
16
25848
16
25264
341
225
992
27740
35
16473
1682
30
225
3586
16
23025
16
25742
16
25848
16
25264
2649
225
992
27740
35
225
3586
38576
341
225
992
27740
35
225
622
66
1068
341
225
622
38576
344
992
27740
86006
225
622
66
1068
341
225
622
16
937
16
937
16
937
16
937
697
341
225
992
27740
35
41729
16
225
622
66
20
33
21
344
21
14387
733
225
622
66
21
33
622
344
22
27740
733
713
225
622
66
1068
674
225
992
27740
18
8520
16
225
3586
23025
25742
25848
25264
341
225
992
27740
18
2586
77647
8597
225
992
341
6772
382
8311
16
539
1196
851
1994
386
277
38474
2428
361
2988
12775
344
1943
12216
306
1472
17
21
680
9405
6772
382
8311
16
3242
11336
30
610
277
38474
16
539
1161
1411
4956
123983
351
27740
74686
65
592
13334
1625
4753
22243
2209
6035
386
890
539
436
297
277
35758
4318
16
539
2428
569
265
2993
14387
386
341
2336
936
420
6792
304
4753
16
689
592
13334
341
7143
16
2687
123983
2428
361
2336
936
277
2993
14387
16
12267
840
12423
18
9405
4309
382
8311
16
539
851
1008
304
4802
386
539
2489
277
27740
1568
12989
30
1850
499
1210
3040
304
2750
382
8311
16
539
1998
4802
386
539
7046
272
304
1568
302
146581
3984
382
8311
16
13640
4602
277
2522
2363
382
61792
2549
277
3836
2292
30
592
839
853
3323
13
1518
4753
30
758
225
20
382
8311
16
3138
1682
8343
40752
396
31078
1154
382
61792
911
312
625
28090
382
5158
717
122221
30
610
277
38474
16
890
912
1377
374
16
539
758
225
21
18
2209
341
411
2837
4080
35
2115
592
277
1435
674
6152
53432
306
277
35758
4550
540
19347
1094
1480
277
84267
11183
494
35758
23940
16
689
277
5772
1435
344
9503
82767
6152
53432
13
2428
569
17156
936
434
27740
35
1737
23069
16
492
4273
4252
1480
277
35758
70712
1058
14387
341
1713
41872
16
713
903
1998
361
265
1713
41872
14387
468
2413
374
6315
16
697
2767
277
1435
674
468
2750
386
1451
27740
18
2209
1994
434
33
21
16
374
33
22
16
272
508
25
3210
461
35758
4318
341
277
2009
14387
344
4296
225
21
680
461
2993
14387
341
225
25
18
1563
265
1435
1013
225
2113
344
77
3077
1278
225
25
733
277
84267
11183
341
373
2113
3210
3092
2413
225
20
16
14387
225
20
31
468
2413
225
21
16
14387
225
25
18
957
34494
277
35758
4550
18
4790
82767
6152
53432
16
277
1435
341
225
25
16
697
674
225
21
14387
16
697
341
434
18
2586
1850
6772
18
1563
265
1435
1013
225
2113
16
411
674
468
2750
225
21
14387
35
8520
16
411
674
225
21
14387
18
2586
20672
382
1974
819
265
1435
1013
225
4662
402
374
33
23
16
434
33
21
16
272
508
25
3210
461
35758
4318
341
2413
225
22
344
5838
14387
680
887
341
13238
304
361
225
25
18
2586
903
341
265
1713
41872
14387
468
2413
225
22
16
713
277
1435
674
468
2750
225
21
14387
18
4790
82767
6152
53432
16
277
1435
341
225
25
16
697
341
6772
18
2586
1850
2837
468
2750
434
27740
1480
277
14387
468
2413
374
6315
341
1713
41872
344
29753
272
63
20
65
2308
489
20
11453
306
386
14387
341
766
302
277
1435
18
2586
277
1435
674
468
2750
386
1451
27740
18
2586
539
530
21606
758
225
21
382
2608
1065
592
272
63
20
65
341
7810
35
3483
1011
51426
4898
11795
16
713
516
6751
382
27872
16
19210
225
21
341
4309
382
8311
16
539
1196
851
1994
277
1690
1207
277
1435
341
7810
35
3483
1011
361
12240
396
616
53432
18
1563
434
19105
21
16
277
35758
70712
1058
14387
1011
361
7810
16
689
272
63
20
65
2308
20
16
713
411
11413
22465
277
35758
4550
16
713
38474
1011
516
6018
912
582
49
402
265
4080
2481
1480
468
910
1646
277
2993
14387
1011
516
4475
18
2586
7810
341
516
33649
382
27872
16
38474
341
4309
382
8311
16
539
1196
851
1994
386
277
2783
1472
874
361
225
21
16
713
1472
17
21
351
225
20
18
9405
6772
382
8311
16
539
1998
4802
386
277
38474
5119
11795
27740
382
8311
16
2522
2363
382
61792
4602
1375
1847
1682
59283
1323
2907
184257
28720
16
12216
16
4753
16
272
2407
298
272
120498
351
648
545
30400
13
352
466
297
272
1391
298
434
351
6441
2350
120498
465
298
592
839
3524
1518
4753
352
282
297
272
120498
2407
348
758
225
20
300
298
917
1682
8343
40752
16248
2407
348
592
433
460
225
20
638
454
758
225
20
203
348
27740
351
1568
24094
5232
16
1284
16248
12886
348
374
351
6441
3524
77266
465
348
592
374
460
434
638
454
758
225
20
203
348
905
687
52448
2993
14387
352
1450
2413
592
297
35758
203
348
9511
351
648
9055
65
535
374
203
348
352
700
297
2783
8759
506
434
16
374
2407
454
9511
2943
65
351
272
120498
2943
506
344
49
506
434
9445
348
499
136060
1250
312
625
28090
300
348
1029
80
625
28090
20399
6118
15298
465
348
917
29124
40815
16
13334
2407
454
592
912
1377
374
638
615
758
225
21
203
454
2687
123983
351
27740
74686
65
592
13334
1625
4753
203
454
2983
351
225
20
203
454
352
282
297
2783
20399
123983
692
225
21
2407
615
592
9511
74686
65
341
516
4628
306
282
2308
9511
74686
25306
828
4622
203
615
2983
4284
29124
40815
15
21
16
13334
306
344
72
1377
2687
123983
2604
454
758
2983
300
348
758
29124
12
20
16
7143
994
298
758
1682
8343
40752
2238
52207
13
506
1682
8343
40752
28720
17
21
994
8311
16
539
1196
1310
402
277
3419
7120
38278
35
1283
3402
1645
1451
18
461
1094
3242
4264
341
277
31579
1310
16
697
539
18094
498
42340
277
4309
4655
1333
341
225
883
28016
18
5641
38474
1196
6496
386
382
2608
539
1196
4638
18400
277
225
28
57329
1682
1347
954
38474
11236
304
4802
840
1115
14530
20740
7783
382
681
954
38474
352
1682
8343
40752
12
3284
16
19127
16
17588
733
539
1008
304
4802
386
411
19720
616
225
28
57329
5463
402
27740
6758
26
306
35758
225
18730
386
436
6758
3284
16
19127
16
17588
18
1283
23069
616
1175
5463
436
6758
398
1480
2687
341
225
2704
16
15342
16
18730
18
2209
341
225
2704
16
15342
16
18730
14233
2336
936
225
3284
16
19127
16
17588
35
8520
16
225
2704
16
15342
16
18730
460
225
3284
16
19127
16
17588
18
2586
616
225
28
57329
5463
402
27740
6758
26
436
2223
18
6755
16
436
903
839
225
28
57329
5463
402
27740
6758
26
386
436
5762
936
398
35
16473
2292
592
903
341
839
225
28
57329
1435
402
282
27
33
26
306
282
26
33
26
28173
25
33
26
28173
24
33
26
28173
23
33
26
6632
225
2704
16
15342
16
18730
18
2115
819
282
27
33
26
16
282
26
33
26
28173
25
33
26
28173
24
33
26
28173
23
33
27
35
3557
6751
1480
282
23
2687
225
26
18
2586
6756
341
225
2704
16
15342
16
18730
18
2586
12035
382
2608
1065
819
282
27
33
26
16
282
26
33
26
16
282
25
33
26
16
282
24
33
26
16
282
23
33
26
341
2687
18
2586
616
436
6758
398
382
8311
16
1065
819
225
29
57329
5463
35
2227
1011
361
6743
1296
16
937
16
937
1518
398
16
713
516
33649
382
27872
16
1682
8343
40752
13417
13
1196
2549
616
225
992
16
21810
225
28
57329
5463
306
851
277
225
21
22788
225
27
57329
5463
35
26128
16
1682
8343
40752
13417
13
4059
5463
6758
398
16
697
4059
616
225
27
57329
306
225
28
57329
5463
386
22465
3776
306
436
6758
398
18
1283
569
225
21
22788
225
27
57329
5463
16
616
436
6758
29
16
4542
16
4542
460
398
16
713
5101
18
2586
1682
8343
40752
13417
13
351
225
21
22788
692
225
992
21810
351
225
883
28016
382
8311
16
1065
819
5463
402
17156
936
225
27
27740
35
2227
1011
361
460
21
16
937
16
937
16
689
910
302
1019
1387
361
6743
340
35
340
33
22
16
21411
16
26033
16
713
5463
2336
936
225
21
16
937
16
937
436
460
340
16
713
516
297
277
2522
2783
18
2209
724
1387
361
33649
297
1682
8343
40752
13417
13
689
99462
686
890
539
17208
1682
8343
40752
28720
17
21
680
7517
1472
341
225
22
16
21411
16
26033
16
1472
17
21
351
225
22
16
21411
16
22180
18
2586
1682
8343
40752
28720
17
21
13
642
2549
5463
6758
22
16
21411
16
22180
386
22465
3776
18
3483
4059
910
225
27
57329
5463
35
99008
910
225
27
57329
5463
402
282
26
33
22
420
2336
35
2209
539
3402
7152
386
352
225
27
57329
5463
16
1731
402
282
26
33
22
420
225
21
436
2336
936
340
35
16473
2292
30
461
21820
225
27
57329
1435
17299
402
225
18730
341
225
21
16
937
16
18730
18
9405
2336
936
340
18
2586
910
225
27
57329
5463
402
282
26
33
21
420
225
22
1387
361
6743
1472
17
21
35
1472
17
21
351
225
22
16
21411
16
22180
18
461
225
27
57329
5463
402
282
26
33
22
2783
499
225
22
16
937
16
18730
304
225
22
16
15342
16
18730
344
4956
680
2536
302
1131
436
6758
22
16
15342
16
18730
16
697
341
2336
936
225
22
16
21411
16
22180
18
2586
5023
302
1019
436
6743
1472
17
21
18
22041
16
282
26
33
21
5463
436
1571
7922
18
2586
1682
8343
40752
28720
17
21
13
642
2549
1094
5463
386
436
460
340
18
8548
5463
436
1731
35
99008
225
26
57329
5463
17299
402
225
18730
35
16473
1565
30
225
26
57329
5463
30
724
569
225
26
27740
16
35758
4354
225
23
16
713
277
1435
341
302
277
1027
67121
18730
35
41729
16
225
26
57329
30
27740
282
25
282
24
282
23
282
22
282
21
282
20
16
402
282
22
33
24
28173
21
33
20
28173
20
33
23
18
282
25
4273
361
225
20
18
2586
2731
5463
30
225
21
16
20
16
20
16
24
16
20
16
23
351
225
1296
16
18730
35
9405
225
26
27740
35
225
1296
16
18730
341
225
26
27740
35
41729
16
225
1296
16
18730
341
225
26
27740
35
225
1296
16
18730
341
225
26
27740
344
29753
225
1296
16
18730
6743
225
1296
16
937
680
8520
18
1533
27740
6758
26
35
225
21
16
20
16
20
16
24
16
20
16
23
616
6758
26
18
2586
225
1296
16
18730
341
265
4080
225
26
57329
1435
18
6755
225
2393
16
18730
16
225
3966
16
18730
16
4115
18
5157
304
225
5239
16
18730
35
2209
225
5239
16
18730
27740
30
225
26
16
20
16
20
16
24
16
20
16
23
16
616
6758
26
18
2586
903
436
1451
225
26
57329
5463
18
6755
225
25
57329
5463
17299
402
225
18730
35
3483
1011
361
302
277
1027
583
18730
35
9405
225
25
27740
35
41729
16
592
277
1435
674
225
25
27740
16
277
2009
2240
436
225
18730
16
713
277
1435
341
1013
1150
18730
1207
1150
341
265
3225
14387
344
21
17
29
680
2209
386
1011
361
265
225
24
57329
1435
35
16473
361
18863
30
1563
265
1435
402
2983
27740
282
16
277
35758
76176
277
2009
434
27740
18
2586
592
2983
27740
351
225
24
16
35758
4354
33
23
16
1232
277
1435
341
302
277
1027
265
18730
16
1207
265
341
265
14387
344
21
17
29
352
225
24
57329
680
3483
22699
5463
1013
225
21
18730
16
225
22
18730
16
69585
225
29
18730
18
2209
225
29
18730
341
225
24
27740
18
2952
16
225
24
57329
5463
402
35758
225
18730
30
317
1627
1278
225
21
18730
27740
30
225
21
16
24
16
20
16
23
616
6758
26
35
225
24
26720
26
16
12035
18
2586
1451
225
24
57329
5463
396
1357
18
6755
225
23
57329
5463
17299
402
225
18730
30
386
1011
361
7662
225
18730
344
23
27740
680
2209
225
18730
460
340
18
2586
5463
2336
936
340
689
31666
3776
436
1731
402
17156
27740
30
225
24
57329
16
225
25
57329
16
225
26
57329
5463
17299
402
225
18730
306
27740
6758
26
16
306
851
225
21
57329
35
2523
16
1480
35758
4354
225
23
6382
468
2750
225
23
27740
18
2586
5463
402
225
23
27740
30
1094
225
18730
344
29753
1094
730
12634
35
41729
16
225
23
57329
5463
17299
402
225
18730
30
277
1435
341
7662
225
18730
18
9405
730
1435
18
2209
851
1387
361
225
20
18730
35
9405
225
24
57329
18
2586
225
23
57329
5463
30
1060
225
18730
18
225
24
57329
5463
30
302
277
1027
265
18730
16
1207
265
341
225
21
17
29
689
1998
361
6758
26
35
41729
16
265
530
361
225
20
35
2523
16
225
24
57329
1435
4273
569
6152
7810
18
2586
265
499
225
21
304
225
29
16
689
1998
361
6758
26
2920
304
4753
18
2586
265
297
391
21
16
22
16
23
16
24
16
25
16
26
7342
2586
225
26
5463
30
225
21
18730
16
22
18730
16
23
18730
16
24
18730
16
25
18730
16
26
18730
18
6621
27740
30
225
21
18730
27740
225
21
16
24
16
20
16
23
6758
26
12035
18
225
22
18730
27740
225
22
16
24
16
20
16
23
6758
26
12035
18
225
23
18730
27740
225
23
16
24
16
20
16
23
6758
26
12035
18
225
24
18730
27740
225
24
16
24
16
20
16
23
6758
26
12035
18
225
25
18730
27740
225
25
16
24
16
20
16
23
6758
26
12035
18
225
26
18730
27740
225
26
16
24
16
20
16
23
6758
26
12035
18
2586
225
26
5463
382
25
57329
5463
30
1027
583
18730
16
1207
265
344
1203
8543
93792
13
341
225
21
17
26
344
29753
6758
26
306
4273
361
225
20
733
290
344
371
93792
13
341
225
20
17
26
18
2586
265
674
225
26
12423
16
290
674
225
27
12423
1117
225
3304
5463
382
26
57329
5463
30
1027
67121
18730
16
1207
265
344
76
8010
8543
93792
13
225
21
17
26
16
290
344
1203
8543
93792
13
225
20
17
26
16
274
344
371
93792
13
225
20
17
26
1117
225
26
535
225
27
66
22
351
225
26
14
3124
33
21215
5463
382
27872
16
2983
5463
460
340
386
22465
3776
351
344
23
57329
30
225
21
13
692
344
24
57329
30
225
26
13
692
344
25
57329
30
225
3304
13
692
344
26
57329
30
225
21215
13
351
225
21
15
26
15
3304
15
21215
351
225
21689
382
2608
851
8696
5463
402
225
27
27740
689
402
282
26
33
21
420
225
22
35
15040
436
460
340
35
1737
539
6974
16
2687
402
282
26
33
22
341
225
22
16
15342
16
18730
16
697
341
2336
936
340
33
22
16
21411
16
26033
18
2586
1731
225
27
57329
5463
402
282
26
33
21
420
225
22
436
851
460
340
18
1882
1451
436
903
35
1563
282
26
33
21
30
616
22124
302
290
25201
28173
344
23
27740
13
1117
225
27
66
23
33
21689
18
1563
282
26
33
22
30
851
225
21689
18
2586
2983
225
26992
4728
5463
18
2209
436
1131
616
4080
35
8520
16
724
22465
14387
16981
306
35758
18
2586
5463
460
340
2549
1375
17
225
23
57329
30
225
21
344
18730
465
17
225
24
57329
30
225
26
203
17
225
25
57329
30
225
3304
203
17
225
26
57329
30
225
21215
203
17
225
27
57329
402
282
26
33
21
420
225
22
30
225
22
14
21689
351
225
26992
300
10914
351
225
21
15
26
15
3304
15
21215
15
26992
351
225
21
21959
35
16473
4455
30
225
21
15
26
33
27
16
692
3304
33
3124
16
692
21215
33
21689
16
692
26992
33
21
21959
382
2608
851
16
1387
903
361
225
28
57329
5463
2336
936
340
35
2523
16
225
28
57329
5463
1472
468
225
622
16
937
16
18730
1518
340
382
4892
2983
5463
6758
1472
17
21
344
77
3077
1278
460
1472
13
386
22465
3776
1196
361
225
21
21959
382
8311
16
1682
8343
40752
13417
13
351
225
883
28016
18
2586
1682
8343
40752
28720
17
21
13
1196
361
225
21
21959
16
1232
1682
8343
40752
13417
13
506
1682
8343
40752
28720
17
21
13
351
225
883
28016
506
225
21
21959
351
225
992
29535
35
9405
516
225
883
28016
18
26128
16
539
19377
2983
4080
5463
297
648
37
35939
65
396
225
883
28016
35
3483
540
277
2522
3032
499
277
1310
18
2209
592
1682
8343
40752
13417
13
4059
616
4080
5463
6758
398
16
306
1682
8343
40752
28720
17
21
13
4059
616
4080
5463
460
1472
16
1232
277
5052
1196
361
277
1682
297
648
6373
16
12216
65
697
341
12762
304
361
225
883
28016
3308
304
277
1310
18
3483
1011
32599
386
1682
8343
40752
28720
17
21
13
351
225
20
18
8801
225
883
28016
506
225
20
351
225
883
28016
18
3483
1011
2676
903
436
840
4080
5463
460
1472
18
2209
539
1060
1724
1451
4080
5463
460
340
344
21
21959
680
2586
2761
341
41514
382
19477
316
171902
30
461
1310
341
1682
59283
1323
2907
184257
12
22
21411
26033
16
225
3284
19127
17588
16
225
26
16
373
18730
2191
1377
225
883
28016
18
8439
304
954
12169
29198
16
277
2983
1435
302
4080
5463
297
277
4569
2783
648
37
16
398
65
1196
361
277
1435
302
225
27
57329
4080
5463
402
282
26
6743
23
344
29753
282
26
33
23
16
24
16
25
16
26
13
4171
616
225
28
57329
4080
5463
344
29753
616
436
6758
398
680
3483
7939
225
21
22788
692
225
992
21810
351
225
883
28016
18
3483
341
277
1682
297
648
37
16
398
128410
26128
16
1414
386
2549
5463
386
436
2336
936
340
35
461
225
27
57329
5463
402
282
26
33
23
16
24
16
25
16
26
616
436
6743
225
23
16
937
16
18730
16
697
341
6743
340
35
225
23
16
937
16
18730
1518
225
22
16
21411
16
26033
16
12035
18
2586
724
436
2223
648
37
35939
1807
461
225
28
57329
5463
436
616
6743
622
16
937
16
18730
1518
340
16
306
6758
398
18
2586
2983
297
648
37
35939
65
341
14233
225
883
28016
18
2209
1065
819
5463
460
340
35
2227
436
516
5101
18
2586
277
2522
3032
1196
361
225
883
28016
18
2209
539
7977
19377
1682
8343
40752
28720
17
21
13
1011
361
277
1682
302
4080
5463
460
1472
18
1437
1472
17
21
351
225
22
16
21411
16
22180
16
1232
1682
8343
40752
28720
17
21
13
1196
361
277
1682
302
616
4080
5463
6758
225
22
16
21411
16
22180
18
3483
4059
616
4080
5463
402
2983
27740
2336
936
225
27
344
77
3077
1278
225
23
16
24
16
25
16
26
27740
13
306
851
225
27
57329
5463
402
282
26
33
21
420
225
22
344
29753
1731
436
6758
22
16
15342
16
18730
680
2586
1682
8343
40752
28720
17
21
13
1196
361
277
4455
302
1731
18
3483
4455
539
19377
396
225
21
21959
18
16473
17208
717
21949
382
2110
1008
304
17208
1682
8343
40752
12
22
16
21411
16
22180
680
27969
17208
277
1435
302
4080
5463
344
2539
402
225
18730
16
27740
6758
26
13
386
436
6758
225
22
16
21411
16
22180
382
2110
3402
98245
21254
498
14387
4354
382
17
225
23
57329
30
1094
225
18730
18
225
18730
6758
225
22
16
21411
16
22180
35
8520
18
2586
1682
225
21
388
17
225
24
57329
30
5463
302
1027
265
18730
16
265
33
21
568
26
344
29753
6758
26
680
2536
1175
5463
30
225
21
18730
16
22
18730
16
23
18730
16
24
18730
16
25
18730
16
26
18730
18
6346
724
616
6758
225
22
16
21411
16
22180
35
8520
16
2687
225
26
18730
460
225
22
16
21411
16
22180
18
2586
1682
225
26
388
17
225
25
57329
30
5463
302
1027
583
18730
16
265
33
21
568
26
16
290
33
20
568
26
18
9405
225
26
14
27
33
3304
18
2536
1175
5463
2687
30
265
33
26
19230
33
26
1117
225
2704
18730
35
41729
16
225
25
57329
1435
30
265
14
622
937
692
290
14
21
937
692
225
18730
18
9876
351
225
26
14
622
937
692
225
26
14
21
937
692
225
18730
351
225
1530
16
937
692
225
26
16
937
692
225
18730
351
225
2704
16
18730
18
9405
460
225
22
16
21411
16
22180
18
2586
616
225
3304
436
5101
388
17
225
26
57329
30
5463
302
1027
67121
18730
16
265
33
21
568
26
16
290
33
20
568
26
16
274
33
20
568
26
18
9405
225
26
14
27
14
27
351
225
21215
18
9876
30
265
33
26
19230
33
26
25201
33
26
1117
225
5239
16
937
692
225
1530
16
937
692
225
26
16
937
692
225
18730
351
225
15342
16
18730
18
9405
460
225
22
16
21411
16
22180
18
2586
616
225
21215
5101
388
17
225
27
57329
30
5463
302
1027
282
26
282
25
282
24
282
23
225
18730
16
402
282
26
297
225
21
568
26
16
3575
225
20
568
26
18
2209
539
1008
1731
6758
225
22
16
21411
16
22180
18
1563
225
27
57329
5463
16
277
1333
341
225
21
16
937
16
937
23242
26
692
4074
692
225
18730
18
461
6756
352
282
26
33
22
341
225
22
16
15342
16
18730
344
29753
2687
402
282
26
33
22
341
225
22
16
15342
16
18730
680
9405
460
225
22
16
21411
16
22180
18
2586
616
225
27
57329
5463
402
282
26
33
22
436
5101
18
1563
282
26
33
21
16
2687
341
225
21
16
15342
16
18730
16
851
5101
18
2586
2983
225
27
57329
5463
402
282
26
33
21
420
225
22
30
225
22
535
225
27
66
23
351
225
22
535
225
21689
351
225
26992
382
27872
16
2983
1682
8343
40752
28720
17
21
13
351
225
21
692
225
26
692
225
3304
692
225
21215
692
225
26992
351
13640
919
30
225
21
15
26
33
27
31
692
3304
33
3124
31
692
21215
33
21689
31
692
26992
33
21
21959
18
8520
382
8311
16
1682
8343
40752
13417
13
351
1682
302
616
4080
5463
6758
398
18
3483
4059
638
17
2536
225
23
16
24
16
25
16
26
57329
5463
344
29753
616
436
6758
398
35
6621
30
2687
225
26
57329
341
225
15342
16
18730
460
398
16
713
616
225
21
15
26
15
3304
15
21215
351
225
21689
436
5101
388
17
2536
225
27
57329
5463
402
282
26
33
21
568
26
344
29753
616
436
6758
398
35
225
27
57329
2687
341
225
26
16
15342
16
18730
460
398
16
713
616
225
26
535
225
21689
351
225
22
27601
436
5101
388
17
2536
225
28
57329
5463
344
29753
616
436
6758
398
35
2687
225
28
57329
341
225
2704
16
15342
16
18730
460
398
16
713
616
225
992
16
21810
436
5101
388
17
99008
225
29
57329
5463
35
225
29
57329
5463
1472
468
225
1296
16
937
16
937
1518
398
35
398
341
225
3284
16
19127
16
17588
16
713
840
382
4892
2983
1682
8343
40752
13417
13
351
225
21689
692
225
22
27601
692
225
992
21810
351
225
902
26559
35
16473
17208
30
225
21689
15
22
27601
33
22
14822
31
692
992
21810
33
902
26559
18
8520
16
225
902
26559
382
8311
16
1682
8343
40752
28720
17
21
13
351
225
21
21959
382
14032
1682
8343
40752
13417
13
506
1682
8343
40752
28720
17
21
13
351
225
902
26559
506
225
21
21959
351
225
883
28016
18
84528
5
2586
954
12169
17556
45325
386
277
3032
341
225
883
28016
16
306
1682
8343
40752
28720
17
21
13
341
225
21
21959
16
516
225
20
18
2586
277
2522
3032
14441
382
27872
16
277
38474
1196
17208
1682
8343
40752
13417
5791
902
26559
306
1682
8343
40752
28720
17
21
5791
21
21959
16
7859
225
883
28016
18
3483
63835
402
954
38474
11236
382
29838
16
277
4309
4655
1333
341
225
883
28016
382
8311
16
539
1008
304
4802
386
954
38474
14233
6714
1131
2911
18
1563
1682
8343
40752
13417
733
402
398
33
3284
19127
17588
16
27740
4354
225
28
18
5641
38474
1196
1682
616
5463
402
35758
225
18730
306
27740
6758
26
16
697
539
19377
396
225
902
26559
18
1563
1682
8343
40752
28720
17
21
733
402
1472
17
21
33
22
21411
22180
16
27740
4354
225
27
35
41729
16
225
22
16
21411
16
22180
341
225
27
27740
35
225
22
16
21411
16
22180
341
225
27
27740
344
29753
1850
1360
225
21
16
937
16
937
306
225
29
16
4542
16
4542
680
5641
38474
352
433
33
22
16
21411
16
22180
1196
1682
616
4080
5463
6758
386
18
8439
304
954
12169
16
4924
225
21
21959
18
2586
38474
1196
6496
386
382
27872
16
954
38474
7878
1196
361
4309
382
8311
16
539
1196
4638
18400
386
277
38474
352
1682
8343
40752
16248
13
890
433
674
4354
374
6743
434
12989
19720
616
5463
402
35758
306
14387
16981
16
1571
592
433
674
6152
53432
35
887
1414
382
8311
16
539
1008
304
361
17034
819
277
1690
1207
433
341
2336
936
277
21820
1435
402
35758
306
14387
16981
16
1232
1682
8343
40752
16248
5791
20
18
9405
23626
498
277
38474
19210
225
20
382
8311
16
3138
382
5158
717
122221
30
610
277
38474
16
539
1161
9511
74686
65
352
10690
297
35758
18
2209
1065
592
277
2993
14387
341
5762
936
4753
35
1283
3402
3836
8938
225
20
16
713
840
4264
382
8311
16
539
1998
4802
386
539
7046
272
304
1568
302
146581
3984
382
8311
16
539
1196
851
1994
386
277
38474
2428
361
2988
402
433
386
674
265
1497
1435
302
27740
936
277
4354
539
2364
35
9405
6772
382
8311
16
2522
2363
382
61792
6496
277
1154
396
4546
382
2608
1714
184752
16
539
1196
1310
277
38474
352
910
8106
4027
382
24157
1690
225
21
30
4753
33
29
16
272
508
29
728
1472
33
21
16
12216
33
1296
18
5489
5463
17299
402
225
29
16
616
27740
6758
29
344
77
3077
1278
616
5463
17299
402
225
29
680
9405
15837
616
5463
17299
402
225
29
18
461
1682
1196
361
277
1435
302
1175
5463
297
648
21
16
1296
1807
2227
436
30
225
29
16
1057
16
1748
16
2503
16
3124
16
4228
16
4306
16
5293
16
5095
16
959
18
9405
225
622
18
16473
1565
592
38474
1011
17208
30
1682
8343
40752
12
1296
13
506
1682
8343
40752
12
20
680
1682
8343
40752
12
1296
13
1196
1682
5463
6758
1296
17299
402
225
29
30
225
29
16
1057
16
1748
16
2503
16
3124
16
4228
16
4306
16
5293
16
5095
16
959
1117
225
622
18
1682
8343
40752
12
20
13
351
225
20
344
29753
225
20
516
33649
680
2586
3032
225
622
18
9177
382
24157
1690
225
22
30
4753
33
21
16
272
508
807
728
1472
33
21
16
12216
33
1296
18
36902
17299
402
225
807
16
27740
6758
21
1117
1094
27740
225
20
420
225
21
18
2586
2731
5463
30
225
807
16
225
7955
16
225
21
3520
16
225
21
7955
16
4115
18
2209
2223
225
1296
16
1094
225
807
18
6755
8696
225
3520
35
9405
225
807
18
2586
3032
225
21
18
5641
38474
30
1682
8343
40752
12
1296
13
1196
1682
5463
6758
1296
17299
402
225
807
306
27740
6758
21
18
461
84267
11183
4354
374
33
23
352
433
33
1296
35
41729
16
225
1296
341
225
23
27740
18
434
33
22
18
2586
539
642
1994
5463
402
778
304
225
23
27740
18
461
38474
642
1682
5463
1013
225
3520
35
9405
225
807
16
697
341
6758
1296
18
2586
1196
1682
18
2209
1414
225
3520
22465
35758
35
10492
1217
27740
373
807
26471
8520
18
2586
1682
8343
40752
12
1296
5791
21
18
9177
382
24157
1690
225
23
30
1472
33
1296
16
12216
33
2393
16
4753
33
25
16
272
508
409
3210
2209
272
1998
361
4898
11795
16
713
272
4273
361
373
409
3210
2586
516
6751
382
24157
1690
225
24
30
4753
33
29
16
272
508
8316
728
1472
33
8316
16
12216
33
8316
18
5489
1094
1435
225
8316
1196
361
33649
18
5641
38474
30
1682
8343
40752
12
8316
13
506
1682
8343
40752
12
11832
680
1682
8343
40752
12
8316
13
1196
1682
5463
6758
8316
17299
402
225
8316
306
27740
6758
29
18
3483
4059
225
8316
18
6755
8696
225
20
8316
35
2209
4924
225
8316
16
689
84267
4354
35
433
33
8316
674
374
33
23
18
1563
433
33
8316
16
434
33
23
18
461
38474
642
31396
35758
366
2009
225
23
27740
16
697
352
265
225
23
57329
1435
2767
277
4425
1435
1998
361
7662
225
8316
18
2586
411
642
1682
225
8316
18
1682
8343
40752
12
11832
13
1196
361
225
20
18
2586
3032
225
21
18
9177
382
8311
16
8106
1690
1207
433
674
17156
27740
936
434
30
317
1627
1278
1472
33
21
16
12216
33
959
16
4753
33
29
16
272
508
8316
3210
5489
1682
8343
40752
12
959
13
6714
225
20
1480
374
33
22
460
434
33
23
18
2586
3032
225
20
382
8311
16
539
1008
304
4802
386
277
38474
1414
516
53786
1682
5463
402
6152
53432
386
569
4354
2336
936
434
689
2188
22465
35758
1480
277
2993
14387
468
374
6315
2428
361
7810
35
2209
272
63
20
65
341
1713
41872
16
713
516
382
8311
16
539
1196
851
1994
386
277
38474
5119
77647
402
312
625
28090
18
9405
6772
382
8311
16
539
530
90524
382
5158
717
3242
17422
30
610
277
38474
16
539
530
687
52448
277
6751
14387
19797
352
1713
966
30222
10690
396
265
30208
302
14215
304
5612
778
16
689
516
4778
382
8311
16
4602
277
2522
2363
382
61792
2549
277
2292
1154
35
461
2746
4060
373
3039
1196
18523
277
2363
385
11116
297
265
127068
2363
2732
344
22310
642
61694
277
4607
5442
118742
2586
539
1094
1008
304
2483
277
1154
8559
16
516
277
2292
1154
18
461
2292
1154
341
3419
352
6726
18
2586
539
1060
3271
277
1154
2363
382
27872
16
2522
3032
1375
3080
14487
203
1847
1682
59283
1323
2907
184257
28720
30
853
16
12216
30
853
16
4753
30
853
16
272
30
1284
13
2649
853
638
298
272
120498
351
648
545
30400
13
352
466
297
272
1391
298
434
351
6441
2350
120498
465
298
905
1437
839
14387
297
35758
33572
4753
16
13861
388
298
592
839
3524
1518
4753
352
282
297
272
120498
2407
348
758
225
20
300
298
917
1682
8343
40752
16248
30
853
13
2649
853
638
348
592
433
460
225
20
638
454
758
225
20
203
348
27740
351
1568
24094
5232
16
1284
16248
12886
348
374
351
6441
3524
77266
465
348
592
374
460
434
638
454
758
225
20
203
348
905
1563
1450
2413
16
277
2993
14387
592
411
15245
297
277
35758
4318
388
348
9511
351
648
9055
65
535
374
203
348
352
700
297
2783
8759
506
434
16
374
2407
454
9511
2943
65
351
272
120498
2943
506
344
49
506
434
61330
348
499
136060
1250
312
625
28090
300
348
1029
80
625
28090
20399
6118
15298
465
348
917
29124
40815
30
853
16
13334
30
4989
13
2649
853
638
454
592
912
1377
374
638
615
905
2536
27740
15267
1137
265
4080
1435
674
961
7435
388
615
758
225
21
203
454
2687
123983
351
27740
74686
65
592
13334
1625
4753
203
454
2983
351
225
20
203
454
352
282
297
2783
20399
123983
692
225
21
2407
615
592
9511
74686
65
341
516
4628
306
282
2308
9511
74686
25306
828
4622
203
615
2983
4284
29124
40815
692
225
21
16
13334
306
344
72
1377
2687
123983
2604
454
758
2983
300
348
758
29124
12
20
16
7143
994
298
758
1682
8343
40752
2238
52207
13
506
1682
8343
40752
28720
506
225
21
465
7203
2110
1196
4802
386
277
1154
16607
14441
7662
382
8311
16
539
1008
304
3271
1094
277
1154
2363
297
265
3225
2363
2732
18
461
12759
4060
30
373
3039
1196
18523
277
2363
385
11116
297
265
127068
2363
2732
344
826
22057
13
344
22310
642
61694
277
4607
5442
118742
2586
539
1196
3271
265
2363
2732
402
277
1154
382
27872
16
2522
5834
37182
485
3080
14487
203
1847
1682
59283
1323
2907
184257
28720
30
853
16
12216
30
853
16
4753
30
853
16
272
30
1284
13
2649
853
638
298
272
120498
351
648
545
30400
13
352
466
297
272
1391
298
434
351
6441
2350
120498
465
298
905
1437
839
14387
297
35758
33572
4753
16
840
1435
530
22465
277
4550
388
298
592
839
3524
1518
4753
352
282
297
272
120498
2407
348
758
225
20
300
298
917
1682
8343
40752
16248
30
853
13
2649
853
638
348
592
433
460
225
20
638
454
758
225
20
203
348
27740
351
1568
24094
5232
16
1284
16248
12886
348
374
351
6441
3524
77266
465
348
592
374
460
434
638
454
758
225
20
300
348
905
1563
1450
2413
16
4793
277
2993
14387
592
411
23812
304
277
35758
388
348
9511
351
648
9055
65
535
374
203
348
352
700
297
2783
8759
506
434
16
374
2407
454
9511
2943
65
351
272
120498
2943
506
344
49
506
434
61330
348
499
136060
1250
312
625
28090
300
348
1029
80
625
28090
20399
6118
15298
465
348
917
29124
40815
30
853
16
13334
30
4989
13
2649
853
638
454
592
912
1377
374
638
615
758
225
21
203
454
2687
123983
351
27740
74686
65
592
13334
1625
4753
203
454
2983
351
225
20
203
454
352
282
297
2783
20399
123983
692
225
21
2407
615
592
9511
74686
65
341
516
4628
306
282
2308
9511
74686
25306
828
4622
203
615
2983
4284
29124
40815
692
225
21
16
13334
306
344
72
1377
2687
123983
2604
454
758
2983
300
348
758
29124
12
20
16
7143
994
298
758
1682
8343
40752
2238
52207
13
506
1682
8343
40752
28720
506
225
21
465
3080
255013
255001
255000
255002
255012
203
9037
3733
5842
7935
277
6292
18
19426
277
2615
638
202890
344
4024
5089
1465
2009
2407
225
7368
68976
20
45765
23
90
26
221195
22
8035
728
1880
225
7713
16
297
460
10438
485
298
2292
38460
59283
1323
2907
184257
465
225
7368
68976
20
45765
23
90
26
221195
22
8035
728
1880
225
1592
16
297
2292
203
298
3999
12578
12
21
16
225
26
937
16
225
24
16
373
12827
2191
1377
225
25
203
2613
7238
93321
93321
203
93704
2466
33109
1699
146817
16
492
341
593
3973
30
7060
277
2165
1154
16607
306
194863
16
7095
3138
277
1154
4546
306
1717
616
277
6292
18
1995
5677
4222
59947
5533
213288
28430
3039
1196
18523
277
2363
385
11116
297
265
127068
2363
2732
344
826
22057
13
344
22310
642
61694
277
4607
5442
13
255013
255001
255000
255003
255012
36231
748
122150
1008
304
42423
277
1154
1682
59283
1323
2907
184257
304
12989
11199
277
2746
382
23928
277
2746
30
1682
8672
32088
1150
297
648
6373
16
12216
65
1175
386
1375
17
1150
11751
402
272
344
87
341
265
35758
302
1150
465
17
8049
14387
297
1150
341
468
1210
4753
344
25665
341
225
21
568
29
16
44004
27740
225
20
17
29
35
887
4060
468
1210
4753
16
713
27740
530
361
225
20
35
32468
27740
530
361
225
20
396
1357
16
689
6035
386
1150
341
4898
11795
16
689
6152
53432
436
516
6751
18
2952
16
4550
373
9093
14387
297
1150
341
468
1210
4753
6
4059
14387
225
20
35
99008
12035
16
689
539
1008
304
1994
11279
16340
18
610
1310
7120
30
4753
33
24
16
272
508
12827
3210
461
3032
225
25
18
16473
2050
304
20488
17208
304
2550
18
6755
1310
344
1960
16
18467
16
29
1619
29
2191
1377
1199
18
4753
33
29
2767
839
14387
225
20
17
29
6751
35
3483
5563
2502
156435
18
2209
1008
304
361
17034
30
461
2746
5267
373
9093
14387
297
1150
341
468
1210
4753
344
21
6758
4753
6758
225
29
118742
887
1414
516
5153
386
27740
4273
361
7810
31
7810
341
468
1210
839
4898
4753
16
713
7810
341
6751
18
2209
851
272
341
265
35758
16
306
272
341
265
1794
15739
265
4898
11795
18
272
1387
569
6152
53432
35
46764
516
16
1480
272
341
265
4898
11795
16
713
840
6152
53432
18
2209
277
35758
530
361
23940
304
277
2750
3040
27740
16
11568
402
6152
53432
35
36443
16
890
539
2132
1150
11751
402
272
16
539
2676
277
19229
11183
302
1150
11751
402
277
5204
1794
272
16
713
272
1387
569
6152
53432
35
7517
272
341
265
4898
11795
16
411
7258
569
6152
53432
18
2586
277
35758
27740
1998
4475
7662
272
382
2110
1008
304
1682
5463
297
265
2783
386
22465
1804
16981
18
461
2783
530
361
2927
16
713
539
1008
7434
27946
16
4164
1347
14387
38474
382
8372
3733
38474
1078
387
4264
30
610
29124
16
539
1161
2687
123983
351
27740
74686
65
592
13334
1625
4753
16
1232
539
161884
282
499
225
20
304
2687
123983
16
689
539
2993
386
592
9511
74686
65
341
516
4628
16
1232
282
1377
9511
74686
11294
7494
18486
18
2952
16
903
341
265
30495
11336
30
2973
13334
341
1641
16
539
8293
27740
304
6758
27740
74686
1807
610
277
9284
16
539
17208
2983
4284
29124
40815
15
21
16
13334
306
344
72
1377
2687
123983
11499
2209
6035
30
592
13334
306
2687
123983
341
27740
74686
2315
1232
4550
344
72
1377
2687
123983
13
341
344
72
1377
27740
74686
23923
3483
341
4309
18
2952
16
539
851
1008
304
1994
386
592
9511
74686
65
341
516
4628
16
539
1094
2617
386
3018
14387
16
697
539
589
18
2209
903
341
2484
122221
30
461
35758
1998
7662
4475
272
468
277
1169
16
700
3077
1278
277
2009
434
27740
302
1150
1998
6792
272
18
610
954
38474
16
539
867
9511
352
277
10690
386
4850
304
35758
18
2952
16
539
1998
4802
386
277
35758
341
7662
272
16
306
386
903
341
840
6152
53432
7835
277
35758
35
2209
592
1150
674
17156
27740
936
6441
2350
733
1232
1850
13861
18
2586
539
758
225
20
592
4354
2336
936
434
382
2608
7076
851
387
4264
30
461
35758
4550
874
2485
386
277
27740
468
1731
10690
436
7662
272
120498
16
689
1065
819
277
6152
53432
35
7517
1150
341
265
4898
11795
16
969
19229
11183
4007
569
6152
53432
18
2209
297
38474
539
1994
616
5463
402
265
3166
1435
302
27740
344
84
30972
402
6152
53432
35
41729
539
436
4792
277
1435
499
1210
3040
14387
16
306
539
2489
277
1210
3040
14387
396
1713
41872
35
610
11279
14387
38474
352
27946
5463
6758
433
16
539
2781
2489
277
1058
14387
4273
361
7810
1480
386
1011
2693
304
5463
402
17156
27740
18
2952
16
539
436
27946
5463
499
225
20
304
433
344
15519
225
20
19767
689
539
1008
4898
32088
297
648
6373
16
12216
2315
689
539
530
1682
778
304
12216
306
57859
1682
778
304
1472
17
21
18
1563
1682
8343
40752
16248
733
539
1587
304
1682
5463
297
648
20
16
433
65
386
22465
4550
35
5489
3735
57859
18
2209
539
1008
304
4802
386
539
1907
2549
225
20
1480
1150
1998
361
4898
18
6755
225
20
341
516
4898
16
689
851
969
27740
436
373
20
728
697
341
265
35758
35
272
341
4898
16
713
225
20
4273
1169
402
272
9082
272
341
373
20
26471
2209
272
341
4898
16
713
225
20
516
33649
18
2586
1850
6772
592
539
2549
225
20
297
1682
8343
40752
16
396
1423
396
539
29082
411
297
68993
35
41729
1682
8343
40752
16248
13
19720
5463
499
225
20
304
433
24273
386
22465
277
4550
18
7517
225
20
7258
22465
344
53374
272
508
20
6
697
341
516
733
83084
1682
8343
40752
28720
17
21
13
499
1682
8343
40752
2238
52207
13
22699
277
1682
297
648
6373
16
12216
65
12989
18
2586
539
530
2549
225
20
21606
382
2608
297
954
38474
16
539
1008
304
4802
386
5463
402
6152
53432
344
77
3077
1278
5463
402
17156
27740
936
374
13
436
516
33649
53786
18
461
38474
341
5470
352
5463
402
7662
374
27740
35
41729
539
436
42537
5463
402
778
304
374
27740
35
16473
15698
11279
38474
30
2973
539
569
27740
1568
302
4354
374
344
1833
1435
433
733
539
1587
304
1682
5463
6758
433
18
461
38474
31811
499
1210
3040
14387
344
1084
225
20
13
304
2750
344
1084
374
17
21
680
3092
1450
2672
16
539
5857
265
14387
282
352
277
1843
2413
18
1437
539
5857
282
2336
936
277
14387
468
386
2413
297
433
16
1232
352
277
10652
10690
539
530
5857
839
14387
344
28586
304
4753
306
35758
13
1480
277
1435
642
361
2336
936
433
15470
302
3735
27740
18
9405
3097
539
569
13334
9453
18
2952
16
277
38474
1414
516
31396
386
277
1058
14387
4273
361
7810
16
1480
539
436
27946
5463
402
7662
374
27740
16
689
592
539
2617
277
1058
14387
304
361
7810
16
1232
539
10044
1682
5463
402
17156
27740
344
29753
6152
53432
436
6751
680
610
1451
14387
38474
32200
16
304
1682
5463
402
7662
374
27740
344
1612
6152
53432
733
539
2781
1472
402
265
9453
14999
3473
539
569
8456
839
1713
41872
14387
4427
18
2209
1743
16
539
436
27946
5463
499
225
20
304
433
24273
16
306
225
20
341
12240
396
616
53432
18
2586
539
1008
304
2617
6152
53432
304
3087
5463
402
17156
27740
16
689
539
1998
4802
386
539
1682
1450
1435
7662
3984
18
1437
539
2617
6152
53432
16
1232
5463
1013
225
25
344
67037
396
4074
4662
890
374
34
21
13
436
33649
12989
396
1423
396
539
2617
277
6152
10690
304
361
7810
18
2952
16
539
851
1008
304
4802
386
277
35758
4550
341
6227
304
277
5772
27740
302
277
1435
16
697
436
277
2009
434
27740
302
969
11183
18
2209
592
539
2617
6152
53432
16
1232
277
35758
10690
2428
361
297
277
6152
53432
4318
35
1563
2024
16
23907
272
351
373
25
728
306
539
436
27946
5463
6758
225
1120
18
3398
374
33
22
16
27740
351
648
25
16
20
1807
461
35758
373
25
6
2767
277
2009
14387
341
225
25
18
5641
9511
352
10690
30
374
33
22
16
434
33
21
16
713
352
912
33
21
344
5838
14387
733
9511
63
21
16051
25
18
1563
912
33
20
16
9511
63
20
16051
9055
18
5489
539
530
5857
282
20
499
225
20
568
25
344
78152
680
1437
282
20
33
20
16
1232
1435
341
225
20
35
41729
11183
373
2113
6
21062
304
1435
225
25
18
9405
6772
16
1480
277
2009
14387
341
225
25
16
306
277
1058
14387
341
225
20
16
697
341
6751
18
2209
539
1998
4802
386
277
35758
4550
341
6227
304
277
5772
1435
494
27740
16
516
304
277
84267
11183
18
2952
16
592
539
569
6152
53432
16
277
2009
14387
302
277
1435
341
14233
468
912
374
17
21
18
2586
954
38474
386
7542
27740
468
10690
225
20
568
49
17
21
16
402
9511
468
35758
10690
16
642
31396
386
277
2009
434
27740
436
7662
272
16
15470
302
6152
53432
18
9405
4309
1480
277
11183
4059
6152
53432
304
1265
4354
374
18
2209
341
903
265
2996
386
277
35758
272
1387
361
5198
936
277
1435
35
1283
3402
5203
374
122245
2649
758
225
20
18
2586
592
539
569
374
6743
434
16
306
539
867
9511
352
10690
374
6315
8886
374
17
21
16
1731
4850
304
277
35758
302
277
1435
592
539
1994
277
1435
396
2896
7662
374
27740
344
5324
2731
6152
53432
680
1563
5463
402
17156
936
374
27740
16
277
11183
402
6152
53432
2188
674
1731
35758
10690
18
1563
2024
16
1435
225
25
402
374
33
23
30
27740
648
20
16
20
16
25
1807
239192
2413
225
22
344
359
434
33
21
13
341
225
25
16
1622
18
2586
492
1557
4229
396
1423
396
539
2489
277
1435
396
2896
7662
374
27740
344
5324
6152
53432
6751
680
2586
539
1907
1008
265
9453
352
6152
53432
18
2952
16
539
1008
304
361
17034
819
277
4550
373
9093
14387
297
1150
341
468
1210
4753
3210
610
954
38474
16
539
31396
386
352
1450
14387
282
539
5857
16
282
6758
4753
18
9405
4309
382
2608
7076
2484
122221
30
461
35758
272
1998
361
265
35758
302
1150
18
5641
38474
147548
386
277
2009
434
27740
436
7662
272
18
9405
4309
18
2952
16
1065
819
5463
386
569
717
27740
936
277
4354
302
272
16
689
277
35758
4550
341
19347
35
9405
6772
382
8311
16
3097
1645
954
3733
38474
4759
35
16473
1310
402
277
1058
2024
30
1472
33
21
16
12216
33
26
937
16
4753
33
24
16
272
508
12827
3210
16473
20488
17208
4655
1682
225
25
18
5641
38474
7939
2761
1625
18
99008
539
18391
2761
819
277
14387
4753
30
461
27740
302
1150
1998
361
468
1210
4753
16
6115
1450
14387
6758
4753
18
610
954
38474
16
539
8293
282
6758
2687
123983
344
78152
4550
13
306
851
282
6758
4753
35
41729
539
867
2687
123983
351
27740
74686
65
592
13334
1625
4753
18
5489
539
9284
282
499
225
20
304
2687
123983
18
2209
539
4746
19986
2292
282
6758
4753
18
2952
16
592
13334
306
2687
123983
351
27740
74686
2315
1232
282
6758
27740
74686
65
9724
18
2209
1065
592
4753
460
27740
74686
65
306
13334
35
5489
2687
123983
351
27740
74686
65
2428
361
1518
4753
16
9612
27740
1518
4753
35
2209
539
1998
31396
386
1450
14387
341
6758
4753
15470
302
110944
18
2586
954
9284
1998
8293
282
304
6758
4753
16
306
851
6758
2687
123983
592
13334
18
2586
277
4309
2687
14387
6751
341
1219
3524
77266
74686
65
592
13334
1625
4753
16
4753
13
351
27740
74686
65
592
13334
306
27740
74686
65
6758
4753
1625
4753
35
41729
539
1008
304
31396
1217
16981
30
344
21
13
592
13334
16
282
4273
14949
277
14387
302
433
468
386
2413
31
344
22
13
282
4273
14949
4753
18
2586
277
7866
5879
352
282
341
1219
124651
16
27740
74686
65
592
13334
1625
4753
680
2586
539
1196
17208
4753
123983
351
4753
592
516
13334
1625
1219
124651
16
27740
74686
23923
5489
9284
282
499
225
20
304
4753
123983
18
1533
1232
851
2292
592
9511
74686
65
341
516
4628
306
282
2308
9511
74686
2315
18486
382
681
954
2363
16
539
1645
30
2687
123983
351
27740
74686
65
592
13334
1625
4753
31
1232
9284
282
297
2783
20399
123983
15
21
680
3483
5143
282
778
304
27740
74686
65
1571
592
27740
74686
65
1518
4753
16
697
341
6078
18
1563
2024
16
592
433
674
14387
225
29
468
910
2413
689
4753
33
24
16
306
13334
341
1641
16
1232
2687
123983
33
29
16
713
539
1011
2617
282
33
29
16
697
66424
277
4753
4550
18
3483
1011
898
8227
18
2586
539
1008
304
23612
277
4753
382
14353
16
539
1008
304
1994
386
277
35758
27740
5895
1998
851
22465
277
4753
4550
18
2209
539
3402
2292
386
616
27740
297
272
436
6758
4753
31
7494
758
225
20
382
8311
16
277
38474
851
3438
304
1994
386
890
539
569
265
35758
14393
16
277
35758
27740
436
6842
18
610
277
38474
16
539
2489
1019
396
2993
18
9405
4309
382
2608
903
2428
361
2484
202267
30
461
35758
1998
361
7662
272
16
689
1065
819
5463
386
569
4814
27740
1714
277
35758
35
9405
6772
382
8311
16
277
38474
851
3438
304
1682
5463
12989
352
2927
19797
18
2952
16
903
341
851
277
12634
302
5463
386
569
17156
27740
936
374
344
77
3077
1278
6152
53432
680
610
954
38474
16
539
2617
282
20
33
20
16
697
2767
277
1435
1387
569
17156
27740
18
9405
6772
18
2209
1414
386
3910
277
35758
4550
35
1563
2024
16
592
272
674
4354
434
33
23
16
306
374
33
22
344
664
374
122245
733
539
758
225
20
18
1437
374
33
23
16
306
277
1435
341
225
12827
16
27740
648
21
16
22
16
24
1807
239192
10690
436
616
2240
27740
16
2993
304
4475
272
7662
18
9405
6772
18
2209
1065
819
1435
225
1199
35
3483
1011
361
12240
396
648
20
16
22
16
24
65
592
374
33
23
35
3483
1435
674
1094
1217
27740
344
1199
13
689
954
11183
341
2240
27740
402
6152
7810
18
461
35758
373
12827
6
6382
2009
2240
27740
304
361
225
12827
16
697
341
516
19347
1480
277
2009
2240
27740
302
648
20
16
22
16
24
65
436
225
6351
16
516
225
12827
18
2586
516
33649
18
2586
1850
6772
382
2608
1065
819
5463
386
569
717
27740
936
374
35
5641
38474
1094
19720
5463
778
304
433
16
713
5463
402
717
27740
936
433
436
516
4800
16
697
341
4309
382
8311
16
277
38474
5563
20672
1325
31594
277
4753
5879
18
2209
539
851
1008
304
1994
277
1690
890
1472
33
21
16
12216
33
26
937
16
4753
33
24
16
272
508
12827
3210
16473
1310
38278
420
402
2363
3735
18
2952
16
277
40439
7935
16
713
903
341
717
382
44125
903
341
2484
4264
30
461
35758
272
1998
361
265
35758
16
689
277
1435
1150
1998
569
27740
468
1210
4753
18
2952
16
1065
819
5463
386
569
6152
53432
35
461
11183
402
6152
53432
341
516
265
4350
11183
16
689
539
436
1347
411
1094
39991
18
461
4550
373
9093
14387
297
1150
341
468
1210
4753
6
16572
304
277
5772
19229
11183
302
1150
16
697
1414
516
569
6152
53432
18
2586
592
539
569
265
1435
1013
225
25
16
969
27740
436
1060
648
25
1807
610
954
38474
402
374
33
24
344
1943
433
33
26
937
733
539
1011
3087
411
396
648
20
16
20
16
20
16
25
1807
461
27740
539
1994
436
648
20
16
20
16
20
16
25
1807
461
4550
1011
1232
2617
14387
225
20
35
7517
4753
33
24
16
14387
225
20
341
6758
24
16
20672
18
2209
277
5772
1435
225
25
674
1094
14387
225
25
16
306
225
25
6758
24
35
41729
225
25
1518
24
16
713
411
1196
361
15235
18
2209
297
954
11183
16
539
569
27740
225
20
16
20
16
20
16
25
16
306
539
2292
1450
14387
30
225
20
6758
24
16
225
20
6758
24
16
225
20
6758
24
16
225
25
1518
24
2649
1011
361
15235
18
2586
539
1011
12989
12149
411
1480
730
302
277
27740
344
1833
2009
730
13
341
225
25
1518
4753
18
2952
16
6035
386
277
5772
1435
494
27740
436
1094
648
25
2315
516
648
20
16
20
16
20
16
25
1807
461
4550
373
25175
14387
297
1150
6
13244
304
277
5772
27740
302
1150
16
516
2291
6152
53432
18
2586
1414
954
38474
53786
12149
5463
386
569
265
14387
1518
4753
1480
302
6152
53432
35
1563
265
1435
1013
225
25
16
277
5772
14387
341
225
25
16
697
341
1518
24
16
713
411
1196
361
22648
18
2209
297
954
11183
16
539
569
4814
53432
386
436
516
766
302
277
1435
18
2586
277
4550
1011
53786
5646
304
1731
53432
35
41729
539
436
13997
304
616
27740
302
277
11183
16
2291
6152
53432
18
7517
53432
436
6758
4753
16
4924
6772
18
461
14387
386
341
1518
4753
344
25
13
341
851
1831
16
713
539
12149
18
2586
1850
4309
18
2952
16
1065
819
265
1435
1013
225
20
35
79039
648
20
51505
2315
27740
616
7810
16
616
6758
4753
16
713
539
1011
1682
225
20
396
8672
35
2209
225
20
341
516
4898
306
1414
516
1169
402
272
344
53374
272
508
20
728
689
272
4898
680
2586
225
20
17420
361
33649
18
2209
954
38474
1011
1682
225
20
592
616
27740
22465
4753
306
35758
4550
35
1563
225
20
16
35758
4550
18048
1480
272
341
516
8295
306
272
4898
18
2586
225
20
341
516
33649
18
2586
1850
6772
382
2608
1994
265
1435
1013
225
25
402
4753
33
26
18
5489
225
25
341
6758
26
16
713
411
1196
361
6751
592
35758
4550
19347
18
610
954
11183
16
27740
2549
53432
306
225
25
18
1468
14373
6758
26
16
225
25
26720
26
16
713
20672
18
2586
1850
6772
382
2608
1065
819
265
1435
386
674
265
14387
1518
4753
297
969
5772
11183
16
689
297
954
84267
11183
386
14387
8615
468
910
2413
344
50180
516
277
1210
3040
680
3483
642
361
15803
1480
539
2292
616
27740
382
4892
6152
53432
436
6772
382
8311
16
277
1584
7016
341
304
31396
4753
366
1450
14387
7706
18
2586
539
1196
14637
38474
304
911
4753
123983
351
4753
592
516
13334
1625
1219
124651
16
27740
74686
112677
14353
16
539
1196
5203
277
1690
1207
272
674
6152
53432
35
461
2746
4060
272
341
265
1794
15739
265
4898
11795
16
713
411
674
840
6152
53432
18
2209
539
1387
2188
569
272
1013
373
20
26471
887
4060
4898
11795
16
713
272
6743
225
21
16
713
840
6152
53432
306
1058
14387
1713
41872
18
2586
539
530
10987
382
8311
16
903
341
2484
3242
11336
30
461
38474
6714
1682
302
5463
499
225
20
304
433
24273
386
22465
18
2952
16
1414
411
12989
5203
5463
1207
277
35758
4550
341
19347
689
277
1435
674
17156
27740
936
434
35
1283
758
225
20
592
374
460
434
16
697
341
4309
18
2209
1065
819
5463
1207
374
1377
434
35
5489
9511
13823
616
10690
18
9405
6772
382
8311
16
539
1008
304
4802
386
277
38474
1414
516
4638
1682
420
4826
5463
2920
304
6152
53432
890
277
35758
88357
402
6152
53432
35
3557
387
4264
382
2608
13640
1310
277
1058
2024
20488
402
33664
38474
18
2952
16
277
3733
2363
851
1161
312
625
28090
366
29124
40815
16
13334
680
2209
277
38474
1889
10549
366
13334
16
689
851
366
277
10652
2993
27740
35
41729
9511
341
6842
29469
18
2586
1850
20672
18
2209
539
1008
304
4802
386
277
38474
494
3349
1690
6714
225
21
890
539
6018
1169
16
15470
302
3473
539
569
19347
277
35758
35
461
35758
4550
341
50089
498
9511
31
890
539
12216
16
539
569
3402
8456
27740
468
616
10690
16
713
592
616
9511
16981
846
19347
16
1232
277
1435
95766
18
2586
3349
1690
6714
225
21
382
8311
16
539
851
1008
304
1994
386
277
35758
874
569
4354
434
16
689
592
277
1435
674
717
936
434
27740
16
277
35758
10690
436
7152
18
2952
16
1065
819
5463
1207
277
35758
14393
25099
402
277
4753
35
64452
23626
382
2608
903
341
265
30495
122221
30
461
35758
1998
361
7662
272
16
689
277
1435
874
569
27740
1714
277
35758
386
436
851
766
302
272
35
9405
516
387
4264
382
8311
16
1714
17713
277
2522
2363
16
13640
1761
819
277
1310
4027
304
13561
382
61792
3138
277
33664
3478
306
1774
38278
366
910
6292
382
2608
1058
16
277
2615
3270
30
95719
2466
366
12578
12
21
16
26
937
16
24
1619
12827
2191
1377
25
18
2586
954
38474
3673
33649
2502
2487
420
2502
1451
18
16473
17208
20488
304
1565
4655
1682
382
23928
4753
33
24
16
713
27740
6751
30
225
20
16
21
16
22
16
23
16
24
344
29753
468
1210
4753
16
306
4753
33
24
680
2586
1450
14387
6758
24
18
272
508
12827
3210
272
27740
30
225
21
16
22
16
24
616
6758
24
16
20672
382
2110
1008
304
1682
5463
1150
297
648
21
16
26
937
65
1175
386
1150
11751
402
373
12827
6
306
1450
14387
6758
24
382
4892
1150
1998
569
2009
2240
27740
225
12827
18
2586
1150
530
361
12240
396
4074
12827
16
1207
4074
341
265
16514
344
44273
361
8295
680
461
27740
302
277
16514
1998
361
6758
24
18
6755
16
277
1435
1998
361
1360
225
21
306
225
26
937
24273
382
4892
539
1008
5463
30
1041
12827
344
359
225
12827
6743
21
306
6758
26
937
16
12035
465
20
12827
35
3483
341
225
12827
16
1656
388
2608
851
5463
1013
225
12827
16
225
21
12827
35
2209
225
21
12827
674
14387
489
21
3949
21
3949
22
3949
24
58283
6621
27740
30
225
21
16
21
16
22
16
24
616
6758
24
16
12035
18
2586
225
21
12827
95766
388
22
12827
35
225
22
16
21
16
22
16
24
616
6758
24
35
225
22
6758
24
12035
18
2586
225
22
12827
95766
388
23
12827
35
225
23
16
21
16
22
16
24
6758
24
35
225
23
6758
24
12035
18
2586
225
23
12827
95766
388
24
12827
35
225
24
16
21
16
22
16
24
6758
24
35
225
24
6758
24
12035
18
2586
225
24
12827
95766
388
8311
851
225
12827
35
9405
225
23
57329
18
6755
225
21
12827
344
24
57329
680
6755
225
22
12827
16
23
12827
16
24
12827
18
9405
225
25
5463
18
2115
819
225
25
12827
35
225
25
1518
24
16
713
516
6751
18
225
12827
35
6755
1065
819
225
555
12827
35
3483
1011
361
225
21
12827
1754
18
6755
5463
1013
225
12827
402
6152
53432
516
4800
396
8156
5463
18
2586
903
436
7662
225
25
5463
30
225
12827
16
225
21
12827
16
225
22
12827
16
225
23
12827
16
225
24
12827
18
2209
5522
16
225
26
12827
35
225
26
34
24
516
6751
18
6755
225
12827
35
225
12827
5513
341
6751
18
6755
225
20
12827
35
3557
9746
18
2586
1682
351
225
25
382
2608
851
8696
5463
1013
225
740
4120
35
3483
1011
1169
402
373
12827
26471
2523
16
225
740
4120
11751
402
373
4120
728
516
373
12827
3210
2586
840
382
1974
819
225
740
22357
35
87329
402
373
22357
728
516
373
12827
12456
27872
225
25
5563
4309
382
8311
16
1065
819
5463
1013
225
12827
35
9405
2223
225
21
17
26
937
18
225
21
12827
16
22
12827
16
23
12827
16
24
12827
436
616
6758
26
937
35
225
24
12827
6758
26
937
12035
18
225
25
12827
1011
361
1518
26
937
35
225
25
12827
460
26
937
16
689
225
25
34
24
713
26217
18
225
26
12827
341
1518
26
937
35
225
26
12827
1518
26
937
16
26217
17833
18
2586
1094
1731
225
25
382
27872
3032
225
25
382
8372
3733
38474
16
1480
411
4746
31396
4753
16
2428
569
33649
5463
402
27740
1518
24
18
1563
2024
16
411
2428
1682
225
25
12827
35
2209
225
25
12827
341
1518
26
937
35
41729
225
25
12827
341
6758
26
937
16
306
1011
361
33649
592
6751
18
6755
225
26
12827
35
225
26
12827
1518
26
937
35
225
26
12827
1518
26
937
16
516
297
2783
18
6755
225
22138
35
3483
11751
402
373
12827
26471
2523
18
2209
411
1387
1682
5463
1013
225
27786
35
225
27786
11751
402
373
12827
26471
2523
18
2586
8696
411
898
8227
289
306
3289
1518
25
35
2209
277
40439
7935
1480
4655
225
25
16
689
539
3289
2761
1625
18
22547
361
386
954
38474
1091
8227
289
1480
302
277
4753
4264
35
16473
37687
38474
352
433
33
26
937
382
2110
1008
304
1682
5463
6758
26
937
386
22465
35758
373
12827
6
306
27740
6758
24
382
2608
954
38474
5740
344
5324
11336
13
2428
569
1091
8227
289
1480
411
4746
31396
4753
16
689
386
1011
4164
898
8227
16
516
1091
8227
18
26128
16
592
539
1907
31396
4753
16
1232
27740
1518
24
436
6751
16
697
1011
2549
717
5463
1013
225
25
12827
16
225
26
12827
344
359
6758
26
937
733
225
27
12827
4115
18
2209
225
25
12827
341
6758
26
937
35
225
25
12827
460
26
937
16
12035
18
2586
386
1011
3764
1682
18
6755
225
26
12827
1518
26
937
35
225
26
12827
1518
26
937
16
713
516
5101
18
6755
225
22138
35
3557
35758
18
2586
468
2750
730
4814
1435
344
25
12827
13
1011
361
33649
18
2586
1682
1011
361
468
2750
225
26
18
2586
3097
40439
2615
35
22547
361
386
954
38474
7939
225
24
35
99008
2920
304
852
3933
382
19477
20488
17208
38474
402
954
121613
2363
304
1565
382
61792
3138
265
4374
7498
38474
35
14892
18
2209
8696
277
38474
851
1078
387
4264
402
277
13334
4550
306
277
4753
18
22547
361
386
539
851
1008
304
31396
386
277
1058
14387
4273
361
7810
35
2209
386
341
516
4494
1480
539
436
27946
5463
499
225
20
304
433
16
306
225
20
341
516
33649
17833
2920
304
35758
18
2209
1065
819
5463
1013
225
12827
35
3398
374
33
24
344
29753
433
33
26
937
16
27740
648
26
16
20
16
20
16
20
23923
461
38474
642
1994
5463
402
7662
225
24
27740
344
15519
6152
53432
680
887
642
1682
5463
499
225
20
304
225
26
937
24273
18
3483
4059
5463
402
225
21
16
22
16
23
16
24
27740
3874
6152
53432
18
2586
411
642
1682
225
12827
12989
382
8311
16
539
1008
304
17208
1682
8343
40752
12
26
937
13
506
1682
8343
40752
12
20
13
344
29753
1472
17
21
33
20
680
5641
38474
6714
1682
352
5463
6758
50
386
22465
4550
382
19477
2050
304
17208
1682
8343
40752
12
26
937
13
20488
35
51787
361
123611
382
2608
1714
386
16
6035
386
954
38474
674
265
11336
30
610
277
9284
16
539
17208
2983
4284
29124
40815
15
21
16
13334
306
344
72
1377
2687
123983
11499
2952
16
539
1161
2687
123983
351
27740
74686
65
592
13334
1625
4753
18
2209
539
851
1008
304
4802
386
282
6758
4753
18
2952
16
297
277
9284
539
3402
704
778
304
2687
123983
16
689
592
2687
123983
1518
4753
16
539
2617
282
1518
4753
18
2586
4924
387
898
8227
382
2608
8696
539
851
569
265
11336
297
277
4550
352
13334
30
2973
13334
341
7143
16
539
17208
2687
123983
351
27740
74686
11294
1232
539
9284
282
499
225
20
304
2687
123983
18
2209
539
851
569
9511
74686
65
11568
33410
265
3018
14387
18
9405
6772
18
2952
16
903
341
851
387
4264
30
461
4550
352
17809
13334
341
13334
306
344
72
1377
2687
123983
680
2209
6035
30
2687
123983
341
277
7866
5879
352
282
18
2973
13334
341
7143
16
2687
123983
351
27740
74686
1807
1437
539
5857
282
460
2687
123983
16
1232
352
277
2518
539
530
361
516
13334
18
1437
539
5857
282
1377
2687
123983
16
1232
13334
8320
7143
352
2475
2413
18
9405
4309
382
2608
539
851
1008
304
1994
386
592
13334
341
7143
16
539
1998
851
3129
4753
30
700
3077
1278
539
4273
5857
265
14387
1518
4753
1571
592
1850
6758
2687
123983
18
2586
277
9284
1196
361
282
297
2783
35977
124651
16
2687
123983
7162
21
680
2586
4924
277
7016
382
8311
16
851
1994
386
539
1008
304
5203
277
1690
1207
4753
874
361
2336
936
277
2993
35758
14387
35
64452
23626
498
3836
758
382
8311
16
13640
5842
304
4602
277
33664
2363
306
1310
402
277
2688
7120
382
2608
277
2615
341
499
277
3733
5842
31
539
1008
304
6496
265
699
4309
1154
18
27969
1060
4602
277
33664
2363
402
277
7016
382
2608
903
2428
361
852
3933
30
461
38474
5119
312
625
28090
366
29124
40815
16
13334
680
2952
16
277
29124
1154
851
5119
277
27740
1568
306
9511
697
436
5047
5536
16
689
4924
6772
1480
724
436
516
10235
304
29124
31
312
625
28090
79222
2387
1094
366
912
306
13334
16
697
436
277
1094
5938
18
2586
1850
6772
382
2608
903
341
2484
122221
30
610
277
38474
16
539
2489
9511
74686
65
396
2993
14387
18
2952
16
1065
592
9511
74686
65
341
516
4628
689
277
14387
539
5857
344
72
13
1998
6792
386
18
2209
539
851
1008
304
4802
386
282
6758
4753
16
697
341
3402
50089
498
277
9284
2783
18
2586
1850
20672
382
8311
16
539
851
1008
304
1994
277
1690
890
277
35758
272
674
4354
434
16
689
277
1435
2428
569
717
27740
936
434
16
306
277
35758
27740
2428
361
2993
16
689
1065
819
5463
1207
277
35758
88357
402
277
6152
53432
35
3557
2731
1480
35758
341
468
277
1169
382
8311
16
539
1196
851
1994
386
277
1435
1150
1998
361
4898
18
7517
539
1682
499
225
20
304
433
16
306
225
20
341
516
4898
306
851
18048
35758
16
539
436
6772
18
2952
16
890
539
57859
1682
8343
40752
28720
17
21
733
592
1472
17
21
351
225
20
16
539
57859
1682
352
225
20
16
697
341
225
20
18
2586
20672
382
8311
16
1065
819
1472
33
21
35
5489
1472
17
21
33
20
18
2586
6772
382
8311
16
13640
1310
402
277
1058
2024
20488
498
85242
38474
382
61792
3138
265
4374
11636
7498
15376
35
51787
361
8392
304
3757
1774
2363
16
689
2650
539
436
297
387
3167
1207
539
4445
1774
16
539
1008
304
3368
18
2952
16
539
530
5842
304
17208
1682
8343
40752
12
26
937
13
352
277
2688
5938
402
33664
38474
18
2209
4924
71220
18
13568
16
539
530
2050
304
32012
265
31420
97102
4377
35
2209
539
436
2993
304
3138
265
1154
386
19553
616
6292
16
306
539
530
911
38474
382
23928
386
277
1310
4027
2549
2927
5463
344
7846
778
304
225
622
66
883
733
38474
402
504
48872
302
27740
535
225
22
13
621
1682
8343
40752
341
6772
18
7551
302
27740
2687
8696
225
902
344
29753
225
622
66
883
674
225
902
27740
35
41729
225
622
66
883
341
225
21
73
883
697
341
225
902
27740
35
225
21
16
937
16
937
16
937
16
937
16
937
341
225
902
27740
35
16473
2292
30
225
622
66
883
351
225
21
937
937
937
937
937
16
4924
225
902
27740
18
2586
38474
621
1682
8343
40752
341
468
1210
5907
902
14
22
5267
16
39154
382
2608
539
1008
304
4802
277
38474
28506
2927
433
12989
382
8311
16
903
2428
361
265
122221
819
277
35758
4550
890
277
1435
674
17156
27740
936
434
35
64452
23626
382
2608
903
341
851
277
1690
1207
277
1435
494
4354
25782
434
16
689
277
16514
341
8295
18
9405
6772
382
8311
16
903
2428
361
387
4264
402
5463
386
569
265
14387
1518
4753
689
436
2188
6751
1480
302
277
35758
35
2523
382
8311
16
2484
122221
30
461
4550
373
9093
14387
297
1150
341
468
1210
4753
6
4059
14387
225
20
18
2586
5463
1013
225
20
436
6751
14387
49343
16
689
724
436
516
33649
2920
304
35758
382
8311
16
277
38474
396
4546
19720
5463
402
7662
374
27740
344
15519
6152
53432
13
386
22465
35758
306
14387
4753
18
2952
16
1414
411
12989
1682
5463
386
569
717
936
374
27740
35
2523
16
1480
539
436
27946
778
304
433
16
697
674
374
27740
18
2586
5463
402
717
27740
936
433
436
516
4800
382
8311
16
352
1682
8343
40752
16248
733
539
1008
304
1682
5463
499
225
20
304
433
24273
18
5641
38474
1414
386
498
42537
5463
402
7662
374
27740
344
4271
374
351
6441
14964
16248
11762
402
6152
53432
6751
16
306
539
31396
386
277
16446
1435
344
299
11795
13
341
6758
433
3874
277
13334
9453
18
9405
4350
382
2608
341
903
839
2996
386
539
1682
5463
402
6152
53432
386
3757
569
17156
27740
16
306
1731
5463
2428
569
35758
4550
19347
689
277
35758
27740
436
3757
766
302
277
6152
53432
35
1563
2024
16
23907
272
351
373
409
26471
2209
272
341
4898
11795
16
713
272
4273
569
6152
53432
18
2209
272
1387
361
373
20
26471
3557
6751
18
2586
272
494
1058
14387
341
1713
41872
18
8111
16
277
35758
4273
361
616
53432
18
2586
277
35758
642
3042
361
19347
498
6152
53432
1480
6152
53432
436
468
277
4805
16
516
468
277
1169
18
2586
840
4264
382
27872
16
38474
5563
4309
382
8311
16
3097
1645
3733
38474
4759
35
120926
2920
304
277
4753
18782
11336
18
16473
1310
402
277
1058
2024
498
17713
33664
38474
297
954
2709
35
22977
539
530
17208
1682
8343
40752
12
26
937
13
402
33664
38474
304
1565
592
539
771
225
25
352
277
2783
648
21
16
26
937
65
700
3077
1278
1682
8343
40752
12
26
937
13
506
1682
8343
40752
12
20
680
7517
1682
8343
40752
12
20
13
1196
361
225
20
344
20
1414
516
1169
402
225
12827
733
713
539
2364
1682
8343
40752
12
26
937
5791
25
382
19477
2050
304
17208
1682
8343
40752
12
26
937
13
1347
97102
26565
30
4716
5463
6758
26
937
402
35758
373
12827
6
306
27740
6758
24
382
40631
402
35758
225
12827
30
2227
436
302
1027
433
351
399
535
225
21
937
692
225
12827
16
1207
399
6743
20
11795
16
306
277
27740
302
433
344
1833
4425
1435
13
1998
361
6758
24
382
2110
1008
433
6758
225
26
937
18
2586
399
14
21
937
15
12827
6758
225
26
937
1117
399
6758
344
26
937
17
12827
5403
21
937
351
225
25
25297
19
21
937
351
225
25
18
25297
16
713
399
6758
25
18
2586
399
530
361
225
20
16
21
16
22
16
23
16
24
16
25
382
8311
2292
1450
1375
79
33
20
30
433
33
12827
16
27740
30
225
21
16
22
16
24
616
6758
24
2649
6674
388
79
33
21
30
433
33
21
12827
16
27740
30
225
21
16
21
16
22
16
24
616
6758
24
2649
6674
388
79
33
22
30
433
33
22
12827
16
27740
30
225
22
16
21
16
22
16
24
616
6758
24
2649
6674
388
79
33
23
30
433
33
23
12827
16
27740
30
225
23
16
21
16
22
16
24
616
6758
24
2649
6674
388
79
33
24
30
433
33
24
12827
16
27740
30
225
24
16
21
16
22
16
24
616
6758
24
2649
6674
388
79
33
25
30
433
33
25
12827
16
27740
30
225
25
16
21
16
22
16
24
2649
225
25
1518
24
2649
516
6674
388
79
33
26
30
433
33
26
12827
1518
26
937
35
225
26
12827
1518
26
937
16
713
516
4800
382
27872
7662
225
25
5463
18
2586
1682
8343
40752
12
26
937
13
1196
361
225
25
382
8311
16
954
38474
1196
17208
386
18
16473
2050
304
37687
38474
352
433
33
26
937
382
84716
30
648
26
16
20
16
20
16
20
2315
374
33
24
16
434
33
23
382
7415
30
10690
374
6315
33
21
304
374
17
21
1117
23864
225
21
16
22
16
23
35
41729
374
33
24
16
434
33
23
16
713
35758
10690
30
23864
225
21
16
22
16
23
35
26128
30
592
539
569
27740
10690
225
20
16
21
16
22
16
23
344
20
1210
3040
680
239192
2009
434
33
23
27740
4850
304
10690
374
6315
351
225
21
16
22
16
23
18
2586
9511
63
21
16051
87
120498
63
20
16051
21
16
9511
63
22
16051
87
120498
63
21
16051
22
16
9511
63
23
16051
87
120498
63
22
16051
24
18
9511
63
20
16051
9055
382
8311
539
1774
38474
402
13334
9139
15528
382
2110
1008
304
1682
5463
6758
648
26
16
20
16
20
16
20
65
386
22465
35758
306
14387
6758
24
382
19477
17208
20488
1347
38474
11236
382
2110
8483
29124
40815
16
13334
13
6714
1682
302
4781
352
10652
10690
344
1084
568
49
17
21
13
2688
1843
13334
4056
382
61792
17208
6062
6372
382
6979
30
29124
12
24
16
12919
351
225
21
382
2110
1008
304
1994
6751
27740
468
1450
2413
16
73886
4753
344
24
13
306
9511
382
61792
17208
352
912
33
23
1652
304
225
20
382
7974
16
6035
386
468
912
33
23
344
73412
3040
733
9511
63
23
16051
24
18
2586
539
1998
5857
282
33
24
18
6755
4753
33
24
16
713
20672
18
2209
851
13334
4550
30
1437
13334
341
7143
16
539
4273
14949
27740
63
23
16051
20
35
2209
27740
63
23
16051
20
18
7517
539
1998
5857
282
33
24
16
689
225
24
1518
225
20
16
592
13334
341
7143
16
386
1011
1265
277
1435
14949
433
18
2952
16
277
38474
642
5203
492
30
2973
13334
341
7143
16
277
2687
6751
14387
341
1219
124651
16
27740
74686
6577
351
1219
12
24
16
20
5791
20
18
2586
277
9284
352
282
499
225
20
304
225
20
16
689
9511
63
23
16051
24
16
713
903
341
840
4080
282
18
8111
16
29124
12
23
16
7143
13
1011
361
225
20
1480
539
4273
5857
282
33
24
1706
73886
13334
306
4753
18
3483
1011
2676
386
839
1435
386
341
13334
344
77
3077
1278
16514
25782
433
494
16514
713
3312
13
4273
569
277
2009
14387
13238
304
225
24
1480
433
494
2009
14387
341
225
20
18
2586
839
1435
386
14441
433
494
16514
778
304
912
17
21
306
1232
468
912
33
23
48616
225
24
1011
14949
433
18
2586
29124
12
23
16
7143
5791
20
382
8311
16
592
13334
7883
8077
7977
344
77
3077
1278
468
910
7977
2413
539
16654
265
14387
2336
936
277
7260
14387
302
433
733
1232
468
912
33
23
539
530
5857
839
14387
6758
4753
16
689
1998
22465
9511
63
23
16051
24
16
713
539
530
5857
282
33
24
18
2586
29124
12
23
16
8077
5791
21
344
29753
1094
282
33
24
6751
680
9177
382
8311
16
17208
29124
12
22
16
13334
680
912
33
22
344
45549
14387
680
9511
63
22
16051
22
382
2110
1008
304
1994
1217
4027
30
13334
9139
306
13334
14040
382
7974
16
352
13334
9139
30
461
2687
6751
14387
351
1219
124651
16
27740
63
22
6577
351
1219
12
24
16
20
5791
20
18
2586
6751
282
297
648
20
16
20
1807
2209
9511
63
22
16051
22
16
713
840
4080
282
2649
29124
12
22
16
7143
5791
20
382
2500
13334
14040
30
2687
6751
14387
351
4753
33
24
18
39955
282
499
225
20
304
225
24
18
2209
9511
63
22
16051
22
16
713
1094
282
33
22
341
6751
18
1563
1450
1175
282
16
539
1008
304
1465
29124
12
23
16
13334
306
344
72
1377
2687
123983
11499
7517
13334
14040
16
277
2475
13334
8320
8077
15470
302
282
344
32324
13334
306
344
72
1377
2687
123983
13
642
361
8077
680
2586
29124
12
22
16
8077
13
351
29124
12
23
16
8077
13
351
225
21
344
29753
1094
282
33
22
680
2586
29124
12
22
16
8077
5791
21
382
8311
16
29124
12
21
16
13334
680
912
33
21
16
9511
63
21
16051
21
382
7974
16
13334
9139
30
2687
123983
351
1219
124651
16
27740
63
21
6577
351
1219
12
24
16
20
5791
20
18
2586
282
530
361
225
20
1094
18
9511
63
21
16051
21
2649
840
4080
282
1117
29124
12
21
16
7143
5791
20
382
78152
14040
30
2687
123983
351
4753
33
24
18
282
499
225
20
568
24
18
9511
63
21
16051
21
16
713
1094
282
33
21
6751
18
1563
282
33
21
16
2475
13334
351
13334
306
344
72
1377
2687
123983
13
1117
8077
306
344
21
1377
225
24
13
1117
8077
18
2586
29124
12
21
16
8077
13
351
29124
12
22
16
8077
13
351
225
21
382
8311
16
29124
12
20
16
13334
680
912
33
20
16
9511
63
20
16051
9055
382
2110
1472
402
13334
9139
382
2110
1008
304
1682
5463
6758
433
382
2110
17208
29124
12
20
16
7143
680
3092
912
33
20
16
27740
63
20
16051
26
18
2687
123983
351
1219
124651
16
27740
63
20
6577
351
1219
12
24
16
26
5791
24
18
2586
282
530
361
225
20
16
21
16
22
16
23
16
24
382
2608
6035
30
539
1998
1994
386
592
539
5857
282
33
20
16
277
1435
642
569
6152
7810
16
6115
277
5772
1435
674
17156
27740
18
9405
6751
396
1423
396
277
8800
1435
6758
433
35
7517
539
436
1347
6152
53432
16
539
1008
304
361
17034
30
1437
539
5857
282
33
20
468
277
1210
3040
2413
16
1232
277
1435
494
5772
1333
341
7152
498
277
10652
27740
18
2952
16
297
954
11183
16
539
2489
5463
402
6152
53432
396
2896
277
1656
4354
374
18
2209
539
851
569
277
13334
4550
30
2973
13334
9139
306
539
5857
282
460
2687
123983
344
4271
2687
123983
341
1219
124651
16
27740
63
20
6577
351
225
24
733
1232
352
277
2518
539
530
361
516
13334
18
2209
851
539
1008
304
1994
386
592
539
5857
282
33
20
16
386
341
2336
936
27740
63
20
16051
26
16
713
13334
7883
8077
18
2952
16
6035
386
539
436
27946
5463
402
7662
374
27740
16
689
6152
7810
2767
277
5772
1435
674
17156
27740
18
9405
6772
16
396
1423
396
277
8800
11795
344
17906
26335
402
6152
53432
13
341
6758
433
18
7517
539
16654
282
33
20
16
697
341
2336
936
277
1058
14387
302
433
344
26
733
839
7799
302
10652
27740
344
28586
304
4753
306
35758
13
642
8138
265
1435
2336
936
433
16
1480
277
1058
14387
341
225
20
460
225
26
18
2586
4924
4080
382
8311
16
352
1450
282
6751
344
20
568
24
733
539
1008
304
17208
277
2475
1889
30
13334
33027
351
13334
306
344
72
1377
2687
123983
680
7517
2687
123983
341
225
24
16
539
569
638
17
1437
282
33
24
16
1232
13334
33027
351
7143
306
344
24
1377
225
24
13
1117
7143
388
17
1437
282
32
24
16
1232
13334
33027
351
7143
306
344
8884
13
1117
8077
382
4892
352
1450
282
16
539
919
29124
40815
15
21
16
13334
33027
2570
8311
16
539
851
1998
3129
386
282
530
361
839
14387
225
20
568
24
16
840
9511
468
912
20
382
4892
29124
12
20
16
7143
13
351
4455
1242
72
33
20
568
24
97
29124
12
21
16
13334
33027
2570
2110
569
19377
29124
12
21
16
7143
5791
20
16
29124
12
21
16
8077
5791
21
382
27872
638
17
282
33
20
2649
13334
33027
14040
2649
29124
12
21
156864
5791
21
203
17
282
33
21
2649
13334
33027
14040
2649
225
21
203
17
282
33
22
2649
13334
33027
14040
2649
225
21
203
17
282
33
23
2649
13334
33027
14040
2649
225
21
203
17
282
33
24
2649
13334
33027
9139
2649
29124
12
21
183551
5791
20
300
10914
351
225
21
15
21
15
21
15
21
15
20
351
225
24
382
4892
29124
12
20
16
7143
13
351
225
24
382
27872
1682
8343
40752
12
26
937
13
351
225
24
35
3483
1011
361
225
24
16
516
225
25
18
36981
341
1115
18
8439
304
954
12169
1682
16
903
1196
361
225
25
5463
18
2586
954
38474
7939
225
24
18
16473
4638
18400
382
8372
38474
5563
304
569
18391
730
1435
18
8548
730
35
461
5463
436
30
225
12827
16
225
21
12827
16
225
22
12827
16
225
23
12827
16
225
24
12827
382
8372
38474
33649
225
24
5463
18
8548
730
341
9546
35
120926
225
12827
35
2491
225
24
12827
35
16473
1565
382
8372
38474
6751
282
20
499
225
20
304
225
24
18
1563
1450
282
20
16
539
33649
5463
386
22465
35758
306
4753
306
436
6758
26
937
382
8311
16
13640
35909
277
5463
386
954
38474
1011
1682
2387
366
277
12423
1375
17
282
20
33
20
30
5489
13334
7883
8077
344
29753
282
20
32
24
680
2586
539
1008
304
1682
5463
402
16514
225
20
306
1232
839
27740
352
10690
225
21
16
22
16
23
386
22465
35758
306
4753
16
402
13334
14040
344
77
3077
1278
840
7866
5879
7835
4753
680
957
1196
1682
616
5463
1207
277
1058
14387
344
4024
3040
13
341
225
20
16
700
3077
1278
5463
402
468
1210
225
23
27740
344
29753
6152
7810
680
8548
5463
402
35758
225
12827
306
27740
6758
24
569
468
1210
225
23
27740
35
9405
7662
225
12827
344
29753
225
12827
341
225
23
57329
680
6755
11568
225
20
12827
35
9405
1656
396
225
12827
18
2586
282
20
33
20
1196
1682
225
12827
18
2586
386
28446
225
21
382
17
282
20
33
21
30
5489
13334
14040
344
29753
282
20
32
24
680
957
19720
5463
1207
277
1210
3040
14387
341
225
21
16
700
3077
1278
225
24
57329
5463
6857
402
225
21
18
461
5463
402
35758
225
12827
306
27740
6758
24
306
6857
402
225
21
30
225
21
12827
18
6755
1387
903
361
225
21
35
41729
5463
402
225
24
27740
30
277
4619
341
225
21
1447
1447
1447
1207
277
2009
2240
27740
436
225
12827
18
2586
1094
225
21
12827
18
2586
282
20
33
21
28446
225
21
382
17
282
20
33
22
30
19720
225
22
12827
388
17
282
20
33
23
30
19720
225
23
12827
388
17
282
20
33
24
30
13334
9139
16
6115
539
4622
13334
18
2586
539
1008
304
1682
5463
1207
277
16514
713
3312
25782
433
494
16514
468
2413
225
20
35
433
494
1058
14387
341
225
26
16
689
539
16654
282
20
33
24
16
697
341
2336
936
225
26
35
26128
16
433
494
1058
14387
341
225
26
18
7517
539
16654
282
20
33
24
16
697
341
2336
936
225
26
16
3097
341
13334
33027
7143
35
8801
539
19377
13334
33027
351
13334
306
344
72
1377
2687
123983
680
5378
2687
123983
341
1219
124651
16
27740
63
20
6577
351
1219
12
24
16
26
5791
24
18
2586
282
1377
2687
123983
2767
282
582
24
18
7517
282
20
33
24
16
306
13334
540
7143
16
13334
33027
351
7143
306
7143
1117
7143
18
2209
341
386
4309
35
16473
1761
30
610
11279
14387
38474
16
890
539
436
297
13334
5432
16
539
436
42537
5463
386
436
2336
936
420
6792
304
433
18
3092
265
2688
2413
16
539
569
3402
23940
277
16514
302
433
7662
778
304
277
3733
2413
344
29753
539
569
961
13334
713
3312
680
3092
2413
912
16
539
530
5857
265
14387
282
18
1437
539
5857
282
2336
936
277
14387
302
433
468
386
2413
16
1232
352
277
10652
10690
539
436
840
5198
13334
344
77
3077
1278
839
14387
6751
680
1437
539
5857
282
6792
304
277
14387
302
433
468
386
2413
16
1232
539
4317
13334
18
2952
16
539
851
569
277
4753
25284
16
697
874
8293
282
3310
18
610
954
7878
16
539
867
2687
123983
351
27740
74686
65
592
13334
1625
4753
18
2209
539
851
1008
304
23612
4753
16
713
277
5772
7866
5879
341
1219
3524
77266
74686
2315
4753
13
890
13334
18
2209
277
4550
352
21652
13334
1196
361
30
13334
306
344
72
1377
27740
74686
6577
35
2491
13334
306
344
72
1377
2687
123983
13
8806
957
341
9019
382
681
4350
38474
16
890
13334
9139
16
539
10049
282
304
277
14387
302
433
468
386
2413
344
149037
74686
23923
1437
282
460
27740
74686
2315
1232
539
530
704
304
516
13334
352
277
2518
18
1437
282
1377
27740
74686
2315
539
4317
13334
18
1437
282
1518
27740
74686
2315
1850
15235
1480
1011
14949
433
18
2952
16
539
851
569
277
4753
25284
18
2586
277
4080
27740
436
1731
386
22465
282
6758
4753
306
282
6758
27740
74686
65
344
359
13334
680
461
4550
352
21652
13334
1196
361
30
13334
306
344
72
1377
27740
74686
23923
8801
277
13334
4550
341
819
15595
277
16514
302
433
7662
18
887
1414
516
5086
366
277
4753
18
2586
592
539
5857
282
386
25782
27740
74686
65
344
1833
5772
14387
302
433
733
1232
539
5001
13334
18
1437
539
5857
282
386
341
2336
936
27740
74686
65
689
851
6758
4753
16
1232
539
3456
516
13334
18
2209
1065
592
4753
341
2336
936
27740
74686
128410
5489
277
6756
6751
14387
341
4753
16
697
341
460
27740
74686
1807
610
386
1690
16
539
4273
5857
282
1377
27740
74686
65
1480
411
1011
51426
4753
18
2586
539
4273
5001
13334
31
539
1998
3456
516
13334
18
2586
277
13334
33027
1196
361
13334
306
344
72
1377
27740
74686
6577
35
16473
15698
382
21915
27740
74686
65
351
225
26
16
4753
351
225
24
16
13334
9139
18
461
6751
27740
436
225
20
568
24
344
29753
1998
361
6758
4753
306
6758
26
680
19078
1131
16
539
530
5857
282
33
24
18
1437
539
5857
282
33
24
16
341
386
6792
304
27740
74686
128410
2523
16
27740
74686
16051
26
18
2586
539
436
516
15595
433
494
14387
16
713
539
1196
361
516
13334
352
277
2518
18
8801
277
1435
642
361
2336
936
433
15470
302
3735
27740
344
29753
468
492
2413
16
225
24
460
225
26
680
2586
13334
33027
1196
361
8077
18
610
954
3733
7878
16
539
1161
13334
306
344
72
1377
2687
123983
733
1207
2687
123983
351
1219
124651
16
27740
74686
6577
351
225
24
18
2586
539
1161
282
1377
2687
123983
304
11135
21652
13334
18
3483
1011
1265
282
33
24
3866
13334
33027
9139
16
697
341
18765
1480
539
436
516
15595
277
5772
14387
302
433
18
8111
16
954
13334
4550
341
6078
382
27872
16
277
4309
13334
4550
341
30
13334
33027
351
13334
306
344
72
1377
27740
74686
6577
35
2209
539
851
569
4753
25284
30
539
4273
5857
282
1518
27740
74686
65
890
13334
16
689
539
3402
8293
282
6758
27740
74686
65
498
277
5879
344
1386
124651
16
27740
74686
138589
2952
16
277
4550
352
21652
13334
1196
361
386
277
16514
539
6120
713
3312
341
7662
6792
304
433
494
16514
18
3483
2767
468
1450
2413
1207
539
569
961
13334
713
3312
16
277
14387
539
16654
1998
6792
27740
74686
1807
1437
539
5857
265
14387
2336
936
27740
74686
2315
539
3456
516
13334
18
2586
277
6650
1196
361
30
13334
33027
351
13334
306
344
72
1377
27740
74686
112677
2608
539
1998
851
4802
386
890
13334
9139
16
539
1094
2617
282
6758
27740
74686
65
344
414
851
6758
4753
680
2586
277
6751
27740
436
282
499
225
20
304
1219
124651
16
27740
74686
23923
19078
1131
16
592
282
1377
27740
74686
2315
1232
13334
33027
351
7143
31
1625
8077
382
8311
16
1065
819
277
1690
1207
4753
460
27740
74686
128410
5489
1219
124651
16
27740
74686
6577
351
4753
16
697
341
460
27740
74686
1807
2586
539
4273
569
282
1377
27740
74686
65
1480
282
4273
14949
4753
18
8111
16
13334
33027
642
2837
361
8077
890
4753
460
27740
74686
65
306
13334
9139
18
3483
14441
277
54084
30
592
4753
341
7922
936
433
494
14387
468
386
2413
16
1232
839
1435
539
2077
386
48025
4753
642
361
27807
2336
936
433
468
386
2413
344
29753
539
4445
6018
27740
74686
24299
713
539
3456
516
13334
382
27872
16
277
4309
6650
352
13334
341
30
13334
33027
351
13334
306
344
72
1377
27740
74686
112677
8311
16
1414
492
7016
954
38474
35
16473
17771
14299
29124
12
20
16
7143
13
402
4309
13334
4550
382
2110
2188
569
27740
351
648
26
16
20
16
20
16
20
2315
4753
33
24
382
54641
29124
40815
16
13334
13
402
4309
11236
1375
45980
27740
468
912
890
13334
9139
30
282
297
2783
12
20
16
1219
124651
16
27740
74686
187930
21
680
2973
13334
14040
30
282
297
2783
12
20
16
4753
15
21
2570
2608
851
9511
74686
65
1998
361
19347
382
3511
13334
33027
351
13334
306
344
72
1377
27740
74686
112677
8311
17208
1754
382
2110
3402
19377
29124
12
23
16
13334
13
402
4309
13334
4550
35
66241
539
19377
29124
12
23
16
7143
13
351
225
20
1480
9511
63
23
16051
24
16
306
6751
27740
890
13334
9139
30
1219
124651
16
27740
63
23
6577
351
1219
12
24
16
20
5791
20
16
713
1094
282
33
20
16
689
9511
63
23
16051
24
2649
15235
1117
225
20
18
9405
2188
4309
18
29124
12
23
16
8077
2738
6751
27740
225
20
568
24
16
9511
63
23
16051
24
2649
1094
282
33
24
16
306
13334
33027
351
8077
306
4074
1117
8077
18
2586
29124
12
23
16
8077
5791
21
18
9177
382
8311
29124
12
22
16
13334
680
912
33
22
16
27740
63
22
16051
20
16
9511
63
22
16051
22
382
17
13334
9139
30
6751
282
297
225
20
568
1386
12
24
16
20
5791
20
1117
1094
282
33
20
18
2209
9511
63
22
16051
22
2649
15235
1117
29124
12
22
16
7143
5791
20
388
17
13334
14040
30
6751
282
225
20
568
24
16
9511
63
22
16051
22
1117
1094
282
33
22
18
1563
282
33
22
16
13334
33027
351
13334
306
344
72
582
149037
63
22
6577
1117
8077
306
344
22
582
20
13
1117
8077
18
2586
29124
12
22
16
8077
13
351
29124
12
23
16
8077
5791
21
18
2586
29124
12
22
16
8077
5791
21
18
29483
396
1714
382
8311
29124
12
21
16
13334
680
912
33
21
16
27740
63
21
16051
20
16
9511
63
21
16051
21
382
17
13334
9139
30
6751
282
225
20
568
20
1117
282
33
20
16
9511
63
21
16051
21
15235
1117
29124
12
21
16
7143
5791
20
388
17
13334
14040
30
6751
282
225
20
568
24
16
9511
63
21
16051
21
1117
1094
282
33
21
18
1563
282
33
21
16
13334
33027
351
8077
306
344
21
582
20
13
1117
8077
18
2586
29124
12
21
16
8077
5791
20440
12
22
16
8077
5791
21
382
8311
29124
12
20
16
13334
680
912
33
20
16
27740
63
20
16051
26
16
9511
63
20
16051
9055
382
17
13334
9139
30
6751
282
297
225
20
568
1386
12
24
16
26
5791
20
568
24
382
2500
1450
282
16
539
17208
13334
33027
351
13334
306
344
72
1377
27740
63
20
6577
1117
7143
306
344
72
582
26
680
7517
282
19797
225
20
568
24
16
5023
25782
225
26
16
713
13334
33027
351
8077
352
616
282
18
2586
352
616
282
16
539
1465
29124
12
21
16
8077
680
1283
569
29124
12
21
16
8077
5791
21
18
2586
4455
898
282
33
20
568
24
30
225
25
535
225
21
351
225
25
382
27872
29124
12
20
16
7143
5791
25
18
9177
5
2586
277
4309
1682
8343
40752
12
26
937
5791
25
382
4892
277
11336
540
297
277
13334
4550
18
1283
1161
282
1377
2687
123983
4993
302
282
1377
27740
74686
1807
461
2687
123983
540
1161
304
5879
277
27740
16
689
277
13334
4550
1196
10049
304
27740
74686
15032
27872
16
539
1008
304
7016
277
38474
382
8311
16
539
851
1008
304
4802
386
539
12989
5203
277
4753
890
13334
341
7143
30
277
7866
5879
341
1219
124651
16
27740
74686
24299
516
1060
27740
74686
65
420
4753
22560
18
2586
277
6751
27740
2783
341
499
225
20
304
344
25665
592
516
13334
1625
1219
124651
16
27740
74686
138589
1533
277
13334
33027
9453
341
13334
306
344
72
1377
27740
74686
112677
8311
16
539
1196
851
1994
277
12634
386
277
35758
272
874
569
4354
434
16
306
539
867
9511
352
10690
374
6315
8886
374
17
21
18
9405
6772
382
8311
16
539
1196
851
1994
277
1690
1207
4753
874
361
225
20
35
461
2746
4060
225
21
6758
4753
6758
225
29
16
713
4753
341
468
2750
225
21
18
2209
27740
530
361
225
20
16
697
341
6758
4753
18
2586
20672
382
8311
16
539
1196
851
1761
819
277
12634
386
277
35758
272
1387
569
265
14387
1518
4753
16
1232
539
758
225
20
3836
18
9405
4309
382
8311
16
539
851
1008
304
1994
277
1690
1207
277
2783
341
2927
16
306
539
1008
304
17208
1682
8343
40752
352
1804
12216
306
1472
17
21
18
461
38474
642
361
2988
12775
16
1450
402
504
8759
535
225
22
13
5267
16
1450
1889
34198
778
304
4753
15
21
344
4956
225
622
680
2586
1850
7434
382
8311
16
539
1998
4802
386
277
38474
1414
516
1682
5463
402
6152
53432
386
1011
3866
277
35758
304
361
19347
53786
35
64452
23069
1850
6772
382
8311
16
539
1008
304
3138
277
1154
25764
382
2608
903
341
851
265
122221
30
461
38474
396
4546
19720
5463
499
225
20
304
433
24273
18
2952
16
1065
819
5463
386
569
17156
27740
936
374
689
277
35758
4550
341
19347
35
1563
2024
16
433
33
26
937
16
374
33
24
18
461
1435
225
12827
341
33649
3874
282
20
33
20
16
282
21
33
21
16
282
22
33
22
16
282
23
33
24
35
41729
225
12827
1011
361
12240
396
27740
648
20
16
21
16
22
16
24
65
890
374
33
24
18
16473
1565
592
954
38474
402
4309
11236
19720
386
18
610
954
38474
16
468
912
20
539
16654
282
20
33
20
344
78152
33027
14040
733
1232
468
912
21
539
1998
5857
282
21
33
21
344
7415
733
468
912
22
282
22
33
22
16
468
912
23
282
23
33
24
18
7517
13334
14040
1325
912
20
16
277
10652
10690
436
78696
19282
499
4753
306
9511
18
2586
386
2481
341
33649
18
9177
382
8311
16
1065
819
5463
1013
225
12827
402
374
33
23
35
9405
265
1497
433
18
2209
954
38474
352
433
33
26
937
5119
374
33
24
18
2586
539
436
27946
5463
402
7662
225
24
27740
344
15519
6152
53432
680
9405
6772
1480
539
436
27946
616
5463
6758
433
16
306
5463
402
17156
27740
436
12240
402
6152
53432
382
8311
16
903
341
265
202267
30
2973
539
569
6152
53432
16
277
35758
10690
436
2188
5047
18
1563
265
1435
1013
225
12827
16
402
374
33
24
16
277
35758
10690
436
23864
225
21
16
22
16
23
18
3483
4229
1480
277
5772
1435
494
2009
2240
27740
436
225
12827
18
2952
16
1065
819
265
1435
1013
225
21
11582
35
3483
1011
361
12240
396
648
20
16
21
16
22
16
24
16
20
65
592
374
33
25
18
2209
592
374
33
24
16
1850
516
5101
1480
225
21
11582
1518
26
937
35
41729
225
21
11582
460
26
937
35
225
21
11582
460
26
937
16
689
402
374
33
24
16
539
436
1094
11532
5463
402
778
304
225
24
27740
35
41729
433
33
26
937
674
374
33
24
16
713
5463
402
225
24
27740
1094
35
2209
225
21
11582
341
265
225
24
57329
1435
35
225
21
11582
341
225
24
27740
16
12035
18
2209
225
21
11582
1011
361
12240
396
27740
648
21
16
22
16
24
16
20
65
890
374
33
24
18
10262
35758
373
12827
26471
461
2009
2240
27740
302
225
21
11582
436
225
11582
16
516
225
12827
18
2586
411
4007
22465
35758
18
2586
840
4264
382
2608
1994
265
1435
1013
225
12827
402
433
33
2393
16
374
33
23
18
5489
954
38474
1011
911
374
33
23
16
306
35758
10690
1011
361
23864
225
20
16
21
16
22
35
7517
434
33
23
16
374
6315
33
20
16
713
9511
63
20
16051
21
16
7415
63
21
16051
22
16
7415
63
22
16051
24
18
9405
6772
18
2586
277
11183
14441
7662
382
27872
16
277
38474
341
10358
382
8311
16
539
1008
304
361
17034
819
277
1690
1207
374
460
434
18
5489
539
758
225
20
18
9405
4309
382
8311
16
539
851
1008
304
4802
386
277
38474
28506
2927
433
19792
306
4007
3866
77647
8597
3933
18
7551
302
27740
341
2164
16
713
77647
8597
341
6772
382
8311
16
539
851
1008
304
1994
386
539
436
1347
312
625
28090
18
9405
6772
382
8311
16
539
1998
851
1994
386
277
38474
19720
5463
499
225
20
304
433
24273
18
2209
1065
819
5463
386
569
6152
53432
306
277
35758
4550
341
19347
16
689
277
1435
3757
674
17156
27740
936
434
35
9405
3402
26217
1480
374
122245
16
539
758
225
20
18
2586
6772
382
8311
16
539
1196
1310
402
852
7120
304
4802
67848
382
2608
539
12831
11029
4427
31
539
1008
304
6496
277
2522
2363
382
8311
16
1714
5009
277
2522
2363
16
13640
316
171902
616
1310
4027
304
1565
592
903
436
839
852
79515
382
61792
704
1257
1450
1310
1690
306
20488
3368
819
4655
19720
306
1565
592
954
38474
1011
6496
1019
18
27969
851
2292
8106
4027
382
3506
4027
1375
21
18
1682
59283
1323
2907
184257
12
21
16
225
26
937
16
225
24
16
373
12827
2191
1377
225
25
2649
539
6842
16
1196
361
225
25
382
22
18
1682
59283
1323
2907
184257
12
883
16
225
16241
16
225
26
16
373
622
2191
1377
225
22
382
19477
16216
30
4753
33
26
16
713
27740
225
20
17
26
6751
18
272
508
622
728
4354
434
33
22
18
2586
5463
17299
402
373
622
3210
6755
1450
14387
6758
26
382
12260
648
883
16
16241
15032
1569
5463
17299
402
373
622
6
297
386
2783
30
225
6880
35
225
6880
341
1360
225
883
306
225
16241
35
225
6880
12035
18
225
11195
35
225
11195
341
1360
225
883
306
225
16241
35
225
11195
12035
18
6755
225
622
35
689
225
622
460
883
18
225
5745
35
11751
402
225
696
16
516
225
622
18
225
8710
35
840
18
2586
1094
225
6880
306
225
11195
18
2209
539
1998
2292
14387
16981
30
225
6880
27740
30
225
21
16
21
16
20
616
6758
26
2649
6674
18
225
11195
27740
30
225
22
16
21
16
20
6758
26
2649
6674
18
2586
1682
225
22
18
9177
382
8372
38474
1196
1682
1131
382
8311
16
1065
819
225
3316
35
9405
225
622
16
516
297
2783
382
14353
8696
225
20
3316
35
3557
382
4892
225
22
382
8311
16
1310
1690
30
1682
59283
1323
2907
184257
12
1960
16
225
18467
16
225
29
16
373
29
2191
1377
225
1199
382
25665
33
29
16
713
616
27740
225
20
17
29
6751
18
272
508
29
728
4354
225
21
18
2586
5463
17299
402
14387
225
29
16
306
616
27740
6758
29
344
31818
1641
680
2586
539
1008
1682
302
5463
297
648
1960
16
18467
65
386
1169
402
225
29
382
1569
30
225
2503
16
3124
16
4228
16
4306
16
5293
16
5095
16
959
16
11872
16
13279
16
14551
16
15352
16
16053
16
16162
16
16649
16
17781
16
17189
16
9652
16
17672
16
18284
16
19153
16
19103
16
20072
16
20744
16
21982
16
22512
35
26128
225
22512
1518
18467
16
713
778
304
225
21982
18
6755
225
1960
35
840
18
2586
13640
1682
30
499
225
2503
304
225
21982
16
2672
225
622
18
9405
344
21982
17
2503
5403
622
692
21
351
344
12745
5403
622
15
21
33
1449
15
21
33
1199
18
8520
382
8372
38474
1196
1682
225
1199
382
8311
16
1310
1690
30
1682
59283
1323
2907
184257
12
696
16
225
24848
16
225
24
16
373
21
2191
1377
225
1449
382
25665
33
24
16
713
27740
6758
24
18
272
508
21
728
4354
225
21
18
2586
5463
17299
402
14387
225
21
16
306
616
27740
6758
24
18
23480
648
696
16
24848
15032
2110
1008
304
1682
5463
1150
1175
386
1150
9
622
582
21
306
616
27740
302
1150
6758
24
382
19477
1568
2731
5463
402
2009
14387
225
21
16
306
27740
6758
24
18
6755
2223
2783
382
2110
530
2050
304
17208
30
461
5463
436
302
277
1027
4074
21
18
461
27740
1714
277
2009
14387
1998
361
6758
24
396
1357
18
2586
15837
5463
7305
19229
11183
11775
302
27740
225
20
17
24
1094
16
306
2009
14387
341
225
21
382
2110
1008
304
1682
1175
5463
1360
225
696
306
225
24848
382
2110
530
88934
1761
30
461
6756
1435
225
24848
674
27740
225
26
16
22
16
23
18
2209
225
26
1518
24
16
713
225
24848
516
6751
18
41729
225
24848
674
14387
225
26
1518
24
16
713
516
6751
18
2586
277
7866
5879
341
10044
277
8331
1435
6758
24848
386
34494
27740
6758
24
18
3483
1011
361
225
19665
35
2209
225
19665
11751
402
225
24
16
516
225
21
18
225
24703
35
225
24703
11751
402
225
21
35
225
24703
11751
402
225
21
35
41729
225
24703
11751
402
225
21
35
2523
16
225
24703
11751
402
225
21
35
225
24703
2009
14387
341
225
21
35
225
24703
893
225
622
351
225
21
35
225
24703
11751
402
225
21
35
2523
16
225
24703
11751
402
225
21
35
225
24703
494
2009
14387
341
225
21
35
26128
16
225
24703
30
27740
225
24
16
24
16
21
2649
2009
14387
225
21
16
12035
18
2586
225
24703
341
6751
592
616
27740
6758
24
18
225
24
16
24
16
21
6758
24
16
12035
18
225
24703
6758
24848
16
713
1850
6751
18
6755
225
23211
35
225
23211
27740
225
24
16
22
16
21
6758
24
16
6751
18
225
21410
35
225
21410
6751
18
225
14822
35
225
14822
6751
18
225
24921
35
225
24921
674
225
29
34
24
16
516
6751
18
2586
539
1008
304
1682
5463
402
27740
1094
225
20
17
24
306
2009
14387
225
21
16
1360
225
696
306
225
24848
382
19477
17208
50593
1375
40631
402
225
22
27740
30
499
225
696
304
225
959
18
9830
57329
5463
17299
402
225
21
30
225
1710
16
2193
16
3501
16
4471
16
6419
16
7366
16
7537
16
7510
18
2209
27740
1998
361
6758
24
18
2586
6751
30
225
1710
344
22
26720
24
16
21
26720
24
13
6674
31
225
2193
344
23
26720
24
13
6674
31
225
3501
344
24
26720
24
13
6674
31
225
4471
344
25
34
24
13
840
31
225
6419
840
31
225
7366
840
31
225
7537
840
31
225
7510
840
18
6755
225
807
35
2209
225
807
341
460
696
35
41729
225
807
460
696
16
516
297
2783
18
6755
8696
225
555
35
516
4800
18
2586
1217
57329
6751
30
225
1710
16
2193
16
3501
18
9405
225
23
382
24117
57329
5463
499
225
1296
304
225
24848
18
15955
57329
5463
17299
402
225
21
16
27740
616
6758
24
18
461
14849
14387
530
361
225
21
16
22
16
23
16
24
344
29753
6758
24
680
126870
14387
225
20
17
24
18
42551
14387
6842
225
21
382
1569
616
22124
30
14849
30
225
21
17
24
344
24
3782
733
20373
30
225
20
17
24
344
25
3782
733
8027
30
21
344
27780
680
2586
2983
225
24
14
25
33
696
5463
18
2209
1008
304
361
6758
24848
18
7517
14849
14387
2687
225
24
16
616
5463
402
14849
14387
225
24
436
6758
22815
35
41729
225
24
6173
402
42444
6758
959
16
2687
225
22815
35
26128
16
225
24
6173
402
20373
778
304
225
24
6632
225
24
16
24
16
21
351
225
24703
16
225
24
16
23
16
21
33
24067
16
4115
18
2536
436
6758
225
22815
35
41729
225
24
16
24
16
21
33
24703
16
225
24
16
24
16
21
341
225
24703
18
461
6756
402
14849
225
24
306
20373
225
24
341
225
24703
18
2536
436
6758
225
24703
16
697
341
6758
24848
18
2586
616
225
696
5463
436
6751
18
2952
16
539
1998
851
4802
386
277
5463
436
6743
696
16
697
724
436
18
2586
2240
57329
5463
30
225
696
5463
382
2608
851
1065
819
3148
57329
5463
35
461
21820
3148
57329
1435
402
27740
6758
24
341
225
21
937
35
41729
225
21
937
674
27740
225
21
16
20
16
20
16
20
616
6758
24
16
689
11751
402
225
20
16
516
225
21
18
461
21820
3148
57329
1435
17299
402
225
21
306
27740
6758
24
1011
361
225
21
3528
35
225
21
3528
27740
30
225
21
16
20
16
20
16
21
616
6758
24
16
689
225
21
3528
1518
24848
16
713
5023
18
2586
2983
1196
361
225
23
15
696
351
225
1449
18
3483
14441
277
4655
225
1449
382
8372
38474
1196
17208
492
12989
382
8311
16
1310
1690
30
1682
59283
1323
2907
184257
12
2510
16
225
23959
16
225
22
16
373
807
2191
1377
225
22
382
25665
33
22
16
713
27740
6758
22
18
272
508
807
728
4354
225
22
18
2586
5463
17299
402
373
807
728
306
1450
14387
6758
22
18
23480
648
2510
16
23959
15032
1569
5463
17299
402
225
807
306
27740
6758
22
30
461
5463
436
302
1027
4074
807
18
30211
1104
6751
30
225
20
16
21
16
22
1094
382
2110
1008
304
1511
5463
297
648
2510
16
23959
65
386
22465
382
14507
57329
5463
30
225
807
35
225
807
460
2510
16
516
297
2783
18
225
1710
35
225
1710
460
2510
18
2586
5023
382
24117
57329
5463
30
499
225
1296
304
225
23959
18
22859
1169
402
225
807
16
713
2009
1217
27740
225
807
18
2586
1435
341
302
1027
1659
807
16
1207
1659
341
14849
14387
18
1659
1998
361
225
21
420
225
22
344
29753
6758
22
680
2586
2731
5463
30
225
7955
306
225
14948
18
6621
30
225
7955
27740
225
21
16
21
16
21
6758
22
35
225
21
6758
22
12035
18
225
14948
27740
225
22
16
21
16
21
6758
22
35
225
22
6758
22
12035
18
11243
436
297
2783
35
225
7955
6743
2510
16
12035
31
225
14948
6758
23959
16
12035
18
2586
4924
225
22
5463
18
6755
8696
225
3520
35
9405
225
807
16
516
2240
57329
18
2586
1682
225
22
18
9177
382
8372
38474
1196
1682
225
22
382
8311
16
1310
1690
30
1682
59283
1323
2907
184257
12
22
21411
26033
16
225
3284
19127
17588
16
225
26
16
373
18730
2191
1377
225
28
22407
35
26128
903
436
1217
1175
1310
4027
30
730
402
225
28
22407
306
2484
402
225
883
28016
35
16473
1412
30
461
2688
1310
4027
297
277
2292
1154
2549
1375
5648
12578
12
22
21411
26033
16
225
3284
19127
17588
16
225
26
16
373
18730
2191
1377
225
28
22407
203
3970
5648
12578
12
22
21411
26033
16
225
3284
19127
17588
16
225
26
16
373
18730
2191
1377
225
883
28016
300
6605
5563
73411
31
724
569
1217
70305
352
277
1656
5938
31518
1497
2527
344
28
22407
306
225
883
28016
680
3483
4445
1804
361
1641
18
16473
15698
277
2746
6434
30
461
1756
3419
265
2292
1154
402
4347
70305
18
2227
1392
30
373
5648
12578
12
22
21411
26033
16
225
3284
19127
17588
16
225
26
16
373
18730
2191
1377
225
28
22407
6
306
3735
373
5648
12578
12
22
21411
26033
16
225
3284
19127
17588
16
225
26
16
373
18730
2191
1377
225
883
28016
3210
3483
341
265
20511
18
46764
724
9444
1497
5938
352
277
1749
730
35
14812
1850
265
5209
183764
2615
18
30949
468
277
1568
1375
5648
12578
12
22
21411
26033
16
225
3284
19127
17588
16
225
26
16
373
18730
2191
1377
225
28
22407
203
5648
12578
12
696
16
225
24848
16
225
24
16
373
21
2191
1377
225
1449
203
5648
12578
12
2510
16
225
23959
16
225
22
16
373
807
2191
1377
225
22
203
5648
12578
12
22
21411
26033
16
225
3284
19127
17588
16
225
26
16
373
18730
2191
1377
225
883
28016
203
5648
12578
12
7537
16
225
24852
16
225
23
16
373
963
2191
1377
225
23
203
5648
12578
12
7686
16
225
20469
16
225
26
16
373
3501
2191
1377
225
26
203
5648
12578
12
29
19039
16
225
7521
17133
16
225
29
16
373
3124
2191
1377
225
28202
203
5648
12578
12
28
28016
16
225
959
22138
16
225
27
16
373
5111
20851
2191
1377
225
21
203
5648
12578
12
29
17697
27414
16
225
6548
23862
26087
16
225
21
16
373
7955
7955
2191
1377
225
22
203
5648
12578
12
21751
14317
23941
26579
11524
16
225
24588
27919
22157
21868
19962
16
225
23
16
373
11777
10783
17193
13900
21026
2191
1377
225
20
203
5648
12578
12
7992
22366
25599
22019
18248
16
225
19528
26461
28360
27465
24282
16
225
29
16
373
27527
27043
26090
23850
28822
2191
1377
225
20
300
4892
903
436
1217
16896
5501
352
344
22
21411
26033
16
225
3284
19127
17588
16
225
26
16
373
18730
2191
402
1497
4655
2911
18
3483
341
41514
18
46764
730
302
1019
341
265
20511
18
2952
16
277
1756
4060
30
373
3039
1196
18523
277
2363
385
11116
297
265
127068
2363
2732
344
22310
642
61694
277
4607
5442
118742
1533
724
3419
277
1310
20155
18
5641
1154
1998
1717
616
6292
297
277
3419
2292
18
2586
539
1008
304
4802
386
954
1154
19553
1804
70305
35
3483
341
13861
9082
730
302
1019
341
6078
18
22547
411
361
386
277
1154
341
12762
304
361
2988
402
1497
5938
35
14812
277
1749
730
341
265
1497
1154
35
2523
16
1850
277
1656
12578
344
8227
59283
1323
2907
184257
680
2586
903
341
265
12475
382
23928
386
277
1756
4060
373
6534
277
2165
1154
16607
306
194863
16
7095
3138
277
1154
4546
306
1717
616
277
6292
1304
306
1232
3979
277
194863
402
7120
30
1968
5197
1682
59283
1323
2907
184257
12
21
16
225
26
937
16
225
24
16
373
12827
2272
25
203
5197
1682
59283
1323
2907
184257
12
883
16
225
16241
16
225
26
16
373
622
2272
22
203
5197
1682
59283
1323
2907
184257
12
21
937
16
225
22
937
16
225
24
16
373
23
937
2272
20
300
4892
1731
2240
436
297
277
194863
18
461
4728
1310
4027
436
9603
297
277
2292
1154
18
19078
1019
16
903
436
1217
352
344
22
21411
26033
16
225
3284
19127
17588
16
225
26
16
373
18730
2191
402
1497
4655
2911
18
22547
411
361
386
277
1058
730
341
3757
352
265
1497
2783
35
22977
277
1749
730
341
265
103364
306
1196
361
352
265
1497
272
35
2491
8696
277
1749
730
341
10439
304
1310
277
1154
402
265
1497
1991
302
10235
35
2209
1850
16896
382
2110
1008
304
13924
492
18
99008
277
1310
20155
341
499
265
3162
2746
16
306
730
302
1131
341
277
4309
3032
306
277
852
341
265
31579
2615
18
1283
1387
2050
304
16278
697
341
4309
498
26565
819
277
2746
382
19477
17208
1682
59283
1323
2907
184257
12
22
21411
26033
16
225
3284
19127
17588
16
225
26
16
373
18730
2191
20488
35
3483
1011
361
8730
16
689
539
530
2050
304
1565
697
302
225
28
22407
420
225
883
28016
5563
52298
382
23928
277
2783
30
1472
33
22
16
21411
16
26033
31
12216
33
3284
16
19127
16
17588
18
2586
819
225
1507
4364
5463
18
461
1682
302
8672
32088
2428
361
297
277
10962
18
11243
225
28
22407
306
225
883
28016
436
52298
382
2608
539
1008
304
1717
1804
6292
18
7517
724
436
73411
16
539
4273
1717
1804
18
2952
16
277
1756
2428
569
1858
265
20511
297
41290
277
1310
4027
18
32468
297
1175
8013
16
277
1310
20155
341
6842
306
539
1998
4475
4655
19237
18
2209
1743
724
7939
1217
1497
4655
19237
352
277
1656
1465
18
3483
341
265
2746
382
25790
277
1749
40439
341
3757
352
265
1497
1465
16
689
724
98571
8089
277
1656
5938
18
22547
411
361
386
277
1749
1465
1196
569
1497
10235
16
1013
344
22
21411
26033
16
225
3284
19127
17588
16
225
26
16
373
18730
2191
35
2491
9745
1850
344
22
21411
26033
16
225
3284
19127
17588
16
225
26
16
373
18730
2191
352
277
1058
306
344
51523
1625
13
352
277
1749
35
16473
1538
468
277
13539
5501
1375
5648
12578
12
22
21411
26033
16
225
3284
19127
17588
16
225
26
16
373
18730
2191
1377
225
28
22407
203
3970
5648
12578
12
22
21411
26033
16
225
3284
19127
17588
16
225
26
16
373
18730
2191
1377
225
883
28016
300
6662
4015
724
436
16896
18
957
341
4164
387
2615
297
277
2746
6434
18
610
1175
4027
16
539
2428
1008
304
10987
277
4309
4655
3271
341
277
730
386
14441
277
2746
494
9444
11236
16
420
9745
277
1310
20155
341
516
616
2993
35
2209
277
12759
4060
373
10112
616
277
6292
3210
2586
539
1998
1717
1440
40439
297
277
2292
1154
18
2952
16
592
903
341
265
12475
16
1850
13861
382
25790
277
2292
1154
341
766
302
277
19647
3270
16
306
724
2428
569
87148
5101
31579
18
2209
724
1392
30
373
8940
2292
38460
59283
1323
2907
184257
13
304
1774
6292
1304
2586
724
2364
386
277
2292
1154
642
1774
616
1731
61405
18
2586
539
1998
6496
265
1154
386
34494
616
1731
61405
18
2209
592
903
436
73411
61405
16
8696
277
1154
1387
758
1497
2911
2387
366
910
8887
4550
35
2523
382
44125
277
1749
40439
341
3757
265
1497
1310
1690
689
724
20263
304
2312
277
5938
18
30949
468
277
1568
16
903
341
851
1375
5648
12578
12
29
19039
16
225
7521
17133
16
225
29
16
373
3124
2191
1377
225
28202
300
5648
12578
12
28
28016
16
225
959
22138
16
225
27
16
373
5111
20851
2191
1377
225
21
300
5648
12578
12
29
17697
27414
16
225
6548
23862
26087
16
225
21
16
373
7955
7955
2191
1377
225
22
300
8928
436
616
1497
382
25790
277
1749
344
883
28016
13
341
352
265
1497
272
35
22547
361
373
18730
6
7248
373
18730
26471
2523
382
71093
16
8696
277
1058
730
344
28
22407
13
341
277
4309
1682
16
306
277
1749
341
265
20511
18
2209
539
1008
304
11135
382
2110
530
2050
304
17208
277
1682
352
344
22
21411
26033
16
225
3284
19127
17588
16
225
26
16
373
18730
2191
1347
265
4374
7498
420
30281
35
3557
31975
20488
18
2209
539
1387
5842
304
3368
819
277
38474
306
1565
697
3271
2428
361
4309
2688
277
16981
18
2952
16
539
530
851
1994
386
277
1310
20155
2428
569
961
7377
498
387
21633
1181
16
306
69488
2428
361
53465
689
1804
1008
304
361
7895
35
3483
4007
1265
5258
382
13617
12634
30
461
1756
2428
569
3419
1217
8156
1310
5442
35
2209
724
1094
7939
730
2292
1154
382
23928
277
61531
16
9745
539
1196
10987
386
277
4309
4655
1333
341
277
730
499
277
194863
35
2209
277
194863
1094
4059
2240
7120
18
461
4728
6292
436
4164
9444
304
361
5101
18
461
31579
2428
361
265
5209
183764
2615
499
277
3149
18
342
1761
277
71070
4158
341
304
3138
277
1154
12989
3308
304
277
2746
5224
16
306
5752
386
277
1310
20155
344
8781
4059
1804
61405
13
642
3757
1774
1094
277
1058
730
35
2209
277
2292
1154
4059
1804
61405
31
724
642
1804
361
15474
18
2586
592
954
1154
6714
225
28
22407
16
411
642
4759
277
1749
3999
31518
225
883
28016
18
1437
411
6714
225
883
28016
16
411
642
4759
277
1058
18
2586
539
4273
22465
1804
382
25790
277
1749
3999
341
3757
352
265
1497
12578
35
2523
16
1850
277
1656
382
2110
1387
2292
592
8696
277
1749
3999
341
12762
304
361
352
265
1497
867
302
10235
16
1013
344
22
21411
26033
16
225
3284
19127
17588
16
225
26
16
373
18730
2191
689
402
265
1497
4655
3271
35
22977
277
4309
3032
341
225
883
28016
16
306
225
28
22407
341
265
103364
18
2491
18742
41837
382
2110
1387
1538
468
277
4619
30
461
2783
341
499
819
225
23
4364
304
225
3284
4364
18
461
4753
341
225
26
18
461
35758
341
373
18730
3210
461
1682
2428
361
2761
18
1283
530
5842
304
12564
30
461
35758
4354
341
225
23
18
2586
5463
436
302
1027
433
351
399
14
21
937
692
225
18730
16
402
399
6743
225
20
18
461
27740
302
433
1998
361
6758
26
18
2586
539
1008
304
1682
399
1175
386
433
297
648
6373
16
12216
65
306
616
27740
302
433
6758
26
18
6755
433
6758
12216
16
433
6743
1472
382
2110
530
2050
304
17208
30281
1682
35
3557
4260
20488
382
2608
8696
539
530
16278
499
852
1310
4027
30
461
3733
1310
1690
344
29
19039
16
225
7521
17133
16
225
29
16
373
3124
2191
7939
225
28202
18
461
2475
344
28
28016
16
225
959
22138
16
225
27
16
373
5111
20851
2191
7939
225
21
18
461
2475
344
29
17697
27414
16
225
6548
23862
26087
16
225
21
16
373
7955
7955
2191
7939
225
22
18
2586
277
19720
8632
382
8311
16
277
31579
1387
361
265
20511
1207
277
1749
341
3757
265
1497
1310
1690
689
724
8089
277
1656
5938
18
30949
468
277
1568
16
903
341
851
344
21751
14317
23941
26579
11524
16
225
24588
27919
22157
21868
19962
16
225
23
16
373
11777
10783
17193
13900
21026
2191
1377
225
20
306
344
7992
22366
25599
22019
18248
16
225
19528
26461
28360
27465
24282
16
225
29
16
373
27527
27043
26090
23850
28822
2191
1377
225
20
18
15040
436
2927
382
25790
277
1749
344
883
28016
13
341
3757
352
265
1497
272
16
1013
373
18730
26471
887
341
277
1656
18
2491
8696
1850
352
344
22
21411
26033
16
225
3284
19127
17588
16
225
26
16
373
18730
2191
689
402
4753
33
26
35
8520
382
23928
277
100849
16
9745
539
1196
10987
386
277
4309
4655
1333
341
225
883
28016
16
306
277
225
28
22407
341
265
83092
499
265
1497
1310
18
2491
8696
277
225
28
22407
341
4309
306
225
883
28016
341
265
31579
402
6078
1333
18
19223
7475
1478
16
539
4273
1287
382
10917
16
277
1756
2428
569
41998
5101
1804
304
1310
386
954
1154
341
57272
35
2523
382
23928
386
277
2746
6434
4059
277
194863
402
2240
7120
16
306
1232
4060
373
24861
1310
4027
6
306
14215
1019
16
1850
4164
386
616
302
1731
436
10439
304
361
1310
4027
18
2586
539
1008
304
1717
616
18
2209
277
31579
341
73411
18
22547
411
361
386
277
1154
341
12762
304
361
2988
402
1497
10235
35
14812
277
1749
1880
341
3757
265
1497
1465
689
724
20263
304
2312
277
5938
18
16473
15698
277
1541
1375
5648
12578
12
22
21411
26033
16
225
3284
19127
17588
16
225
26
16
373
18730
2191
1377
225
28
22407
203
3970
5648
12578
12
22
21411
26033
16
225
3284
19127
17588
16
225
26
16
373
18730
2191
1377
225
883
28016
300
4099
341
840
1880
2984
420
5052
18
3578
16896
382
25790
277
1749
730
341
12762
304
361
352
344
22
21411
26033
16
225
3284
19127
17588
16
225
26
16
373
18730
2191
689
402
4753
33
2761
1625
35
2209
1850
277
1656
382
71093
16
9745
277
1749
730
341
499
265
1497
3478
302
277
2746
16
306
277
1756
5101
411
140746
18
610
1175
17673
8013
16
6848
903
436
4347
1310
4027
297
277
5224
16
306
277
2292
1154
4059
616
302
1019
18
3578
20596
304
569
69488
382
23928
277
12759
373
10112
616
277
6292
728
539
2428
1008
304
3271
265
1154
386
19553
616
61405
396
2688
18
2209
1850
13861
18
2586
539
1998
10987
386
730
302
277
61405
341
265
20511
18
8548
730
341
717
4164
304
361
277
4309
4655
1333
35
1283
1387
2050
304
17208
1347
954
38474
344
19955
539
3138
13
306
1565
1065
1333
411
6632
352
386
1465
18
5489
539
1387
1565
697
302
225
28
22407
420
225
883
28016
14441
18
1437
411
14441
730
16
539
1387
1232
6313
35
2209
539
1008
304
13311
2363
386
642
361
15223
2737
277
1310
20155
18
461
1310
20155
4059
1804
61405
16
713
539
1998
22465
1804
18
34159
277
10393
1181
1094
10424
277
16871
386
436
1831
35
2209
724
436
1804
1831
382
25790
277
1756
9444
304
569
1217
8156
1310
4027
402
1497
5938
16
689
41858
8089
277
1656
5938
12775
18
22977
277
1749
730
1196
361
344
22
21411
26033
16
225
3284
19127
17588
16
225
26
16
373
18730
2191
689
402
4753
33
26
35
9405
277
1656
18
2491
8696
1850
344
22
21411
26033
16
225
3284
19127
17588
16
225
26
16
373
18730
2191
402
1472
306
12216
100450
35
2523
382
19477
1538
468
277
13539
5501
30
4790
277
31579
16
903
341
344
7537
16
225
24852
16
225
23
16
373
963
2191
1377
225
23
16
4115
18
2586
277
31579
341
16201
382
45
1761
1850
52298
386
277
31579
341
387
2615
16
306
277
4309
4655
1333
352
386
1310
341
225
28
22407
16
306
277
225
883
28016
341
265
83092
499
2484
1310
344
50180
499
265
1497
2746
680
2491
8696
277
225
28
22407
341
4309
306
277
225
883
28016
341
265
103364
382
2110
1387
2050
304
3368
819
697
341
717
4164
2387
366
277
4619
302
19720
18
461
2783
225
22
16
21411
16
26033
304
225
3284
16
19127
16
17588
341
2927
16
713
1682
1387
361
297
277
20373
302
10962
18
225
883
28016
341
819
12775
225
28
22407
18
22547
361
3673
382
25790
539
530
30281
30
461
1435
302
5463
402
35758
373
18730
6
306
27740
6758
26
297
277
4425
2783
778
304
225
3284
4364
18
16473
2050
304
21210
12564
30
36902
302
1027
433
351
399
14
21
937
15
18730
18
461
1435
302
1175
433
778
304
225
3284
4364
341
819
225
3284
4364
19
21
937
64823
225
3284
16
937
18
2209
539
851
569
277
14387
25284
30
1450
14387
6758
26
18
9405
54569
18
2586
1094
265
13579
302
1731
642
22465
14387
6758
26
18
1563
265
5676
1435
16
12075
386
265
14387
341
6758
26
341
225
27
19
622
351
225
20
18
27
344
29753
27740
225
20
17
26
24273
16
225
27
686
302
225
622
680
1563
265
1435
402
282
27740
16
12075
386
616
27740
6758
26
341
344
20
18
27
20534
72
18
1563
5463
2239
225
28
27740
344
29753
225
3284
4364
341
225
28
27740
35
225
3284
16
19127
16
17588
341
225
28
27740
35
41729
225
3284
16
19127
16
17588
341
225
28
27740
35
225
3284
4364
341
225
28
27740
35
225
622
4364
341
225
28
27740
35
225
622
16
937
16
937
341
225
28
27740
344
21
7528
498
225
27
53432
1117
225
28
27740
680
8520
16
225
3284
16
19127
16
17588
341
225
28
27740
18
2586
12075
386
616
225
28
27740
6758
26
341
344
20
18
27
20534
28
64823
225
20
18
20
23306
18
2586
4655
1682
302
5463
17299
402
225
18730
306
14387
6758
26
778
304
225
3284
4364
341
819
344
3284
73
26
19
21
937
5708
20
18
20
23306
64823
225
3284
16
937
535
225
20
18
20
23306
64823
225
23
16
24544
18
9405
352
616
5463
778
304
225
3284
4364
18
2209
954
2783
10626
468
225
22
16
21411
16
26033
16
713
539
57859
1731
3392
1472
18
461
1472
341
819
225
23
4364
16
713
5463
499
225
20
304
225
22
16
21411
16
22180
18
1882
1451
1175
5463
35
62843
344
22
18
21411
73
26
19
21
937
5708
20
18
20
23306
64823
225
22
16
21411
535
20
18
20
23306
64823
225
16649
18
2586
277
1682
297
954
2783
1011
361
21210
225
23
16
24544
506
225
16649
351
225
23
16
26629
18
9405
3312
2336
936
1804
225
28
16
22407
306
225
883
16
28016
18
2586
922
12616
12564
5563
2502
2674
18
2209
6035
386
277
35758
4550
3402
17045
277
1682
304
819
433
19
21
937
18
2586
1435
302
14430
341
819
344
18548
4354
5403
21
937
18
461
2783
4354
341
225
3284
16
19127
16
17588
506
225
22
16
21411
16
26033
351
225
1507
16
22658
16
21325
18
243637
498
225
21
937
6632
819
225
1507
16
19090
14430
18
5489
12075
386
616
27740
6758
26
352
1731
14430
35
2209
17034
30
461
5463
539
1994
436
516
45531
5676
898
616
5463
31
724
436
1731
17299
402
225
18730
18
10768
27740
436
516
7821
3796
277
4425
1435
35
41729
724
436
30
277
2009
2240
27740
436
6842
344
24
16
20
16
23
680
15040
436
6758
26
344
24
26720
26
16
20
26720
26
16
23
26720
26
13
713
6772
18
461
852
27740
344
1833
3634
27740
13
1998
851
361
6758
26
18
1563
265
1435
17299
402
225
18730
16
277
852
27740
344
1833
16514
13
530
361
4907
16
689
1450
14387
1998
361
6758
26
18
2586
277
12075
386
265
5676
1435
17299
402
225
18730
674
616
27740
6758
26
341
344
20
18
27
20534
12
12815
120498
506
225
23
680
1563
5463
2239
225
28
27740
16
2983
27740
351
225
28
16
713
344
20
18
27
20534
25
64823
225
20
18
902
26559
18
2586
4655
1682
351
225
1507
16
19090
535
225
20
18
13332
64823
225
622
16
5855
18
9405
297
277
186967
302
1804
225
28
16
22407
306
225
883
16
28016
18
2586
1804
436
52298
18
3827
7977
17556
1161
616
225
28
27740
16
689
539
569
6842
35758
16
713
277
852
27740
436
225
25
27740
352
387
225
28
57329
1435
16
12075
225
20
18
27
66
25
351
225
20
18
13332
18
2586
4655
5907
622
16
5855
18
2586
1804
225
28
79
306
225
883
79
436
2731
9305
366
5204
6158
306
2783
1472
382
27872
16
539
4273
11135
498
23146
382
25790
539
530
1538
468
277
852
1310
4027
304
1565
592
903
341
265
4619
30
461
1310
344
29
19039
16
225
7521
17133
16
225
29
16
373
3124
2191
7939
225
28202
18
16473
17208
21210
30
23480
4354
5907
6338
79
16
35758
4354
225
22
16
5463
17299
402
225
3124
436
819
225
6338
79
19
1296
64823
225
16703
18
2536
27740
6758
29
2837
1641
344
29753
4753
33
29
680
2586
1682
5907
16703
16
14441
225
28202
18
2586
386
1310
19553
592
14387
4550
341
2837
1641
344
25665
33
29
680
2586
1850
10358
382
3506
344
28
28016
16
225
959
22138
16
225
27
16
373
5111
20851
2191
7939
225
21
18
239192
4354
225
25
16
2783
4354
5907
7510
79
16
5463
17299
402
225
5111
20851
436
819
225
7510
79
19
1296
937
64823
225
20
18
7510
16
713
468
1210
225
21
18
78364
4550
4753
33
27
18
2586
225
21
3672
5258
382
3506
344
29
17697
27414
16
225
6548
23862
26087
16
225
21
16
373
7955
7955
2191
7939
225
22
18
239192
4354
225
26
16
2783
4354
5907
5111
4364
16
5463
17299
402
225
7955
7955
436
819
225
5111
73
26
19
21
73
26
64823
225
5111
18
2209
14387
4753
33
21
16
713
1450
14387
1998
361
225
20
420
225
21
18
1563
265
1435
17299
402
225
7955
7955
16
277
852
27740
1998
851
361
225
20
420
225
21
18
1563
387
225
28
57329
1435
344
29753
225
6548
4364
341
225
28
27740
733
277
16514
341
225
22
27740
18
8049
16514
14387
530
361
225
20
420
225
21
16
713
225
22
66
22
33
24
21254
18
19078
1731
16
697
436
297
2783
35
23480
1472
225
29
16
17697
16
27414
344
27
57329
35
41729
225
29
16
17697
16
27414
341
225
27
27740
35
225
29
16
17697
16
27414
341
225
27
27740
35
225
29
4364
341
225
27
27740
35
225
622
4364
341
225
28
27740
16
713
225
29
16
17697
16
27414
341
225
27
27740
35
16473
2292
30
225
29
16
17697
16
27414
341
1360
225
21
16
937
16
937
306
225
29
16
4542
16
4542
16
713
1850
225
27
27740
18
461
1169
225
6548
16
23862
16
26087
341
225
28
27740
18
2586
5463
402
35758
225
7955
7955
1387
361
225
27
57329
5463
35
340
225
27
57329
1435
4273
569
35758
225
7955
7955
1480
35758
4354
225
26
16
713
277
1435
1998
569
468
2750
225
26
27740
18
340
225
27
57329
1435
17299
402
225
7955
7955
1011
361
1013
1150
7955
7955
1207
1150
341
277
13714
14387
18
1150
530
361
225
21
35
225
21
16
7955
16
7955
341
225
27
57329
35
225
21
16
7955
16
7955
341
225
27
27740
16
12035
18
2209
225
21
16
7955
16
7955
674
27740
616
225
21
16
20672
18
6755
225
21
16
7955
16
7955
341
6743
1472
35
1472
33
29
16
17697
16
27414
16
713
225
21
16
7955
16
7955
341
2336
936
1472
18
2586
516
5101
18
11615
2731
341
225
807
16
7955
16
7955
35
9405
225
28
27740
16
689
225
807
16
7955
16
7955
341
1518
6548
4364
35
41729
225
807
4364
341
2223
2783
35
225
807
16
7955
16
7955
341
2336
936
225
6548
16
23862
16
26087
16
12035
18
6755
225
622
16
7955
16
7955
35
225
622
16
7955
16
7955
851
2223
18
2209
27740
1998
361
6758
21
18
2586
5463
402
16514
27740
1094
225
20
420
225
21
18
1563
225
28
57329
5463
17299
402
225
7955
7955
16
277
1435
341
302
1027
17798
7955
7955
16
1207
340
341
5053
1445
107866
14387
16
398
341
13714
14387
18
11243
1998
361
225
20
420
225
21
18
2586
2731
5463
30
225
555
16
7955
16
7955
35
9405
225
21
16
7955
16
7955
344
27
57329
16
516
225
28
57329
592
6152
7810
35
2209
539
1994
11183
2142
6152
53432
18
2586
277
21820
225
28
57329
1435
402
27740
6758
21
341
225
622
16
937
16
937
35
41729
225
622
16
937
16
937
674
27740
225
21
16
20
16
20
16
20
16
20
16
20
16
20
16
20
2649
11751
402
225
937
937
16
516
225
7955
7955
18
2586
304
1169
402
225
7955
7955
16
277
2009
5590
27740
436
225
21
494
18
2586
277
1435
341
1013
24598
7955
7955
16
1207
24598
436
277
1058
1217
27740
18
1563
411
304
361
387
225
28
57329
1435
16
277
1058
14387
4273
361
225
20
16
713
1659
21
1998
361
225
21
35
41729
277
1058
14387
344
1203
1445
107866
2111
13
530
361
225
21
344
29753
225
20
1011
1265
411
225
27
57329
680
2586
21254
30
225
807
16
7955
16
7955
344
30535
27740
225
21
13
306
225
622
16
7955
16
7955
344
9060
225
21
16
1749
225
20
680
6755
225
807
16
7955
16
7955
341
225
807
16
7955
16
7955
31
225
622
16
7955
16
7955
341
225
622
16
7955
16
7955
18
11243
569
27740
6758
21
18
6346
724
297
2783
35
1472
33
29
16
17697
16
27414
16
713
1804
6743
1472
18
6644
33
6548
16
23862
16
26087
16
1804
6758
1169
18
2586
4924
225
22
5463
18
6755
1387
903
361
225
807
16
7955
16
7955
35
8520
18
6755
225
807
16
7955
16
7955
35
64452
33649
18
6755
225
807
16
7955
16
7955
35
26128
16
225
807
16
7955
16
7955
341
730
18
225
622
16
7955
16
7955
341
2484
18
6755
8696
225
807
16
7955
16
7955
35
9405
411
18
6755
225
807
16
7955
16
7955
35
9405
277
1656
18
6755
225
807
16
7955
16
7955
35
2523
18
6755
225
807
16
7955
16
7955
35
2586
225
22
5463
18
3483
14441
4655
225
22
18
2586
386
1310
341
10358
382
27872
16
277
38474
1196
6496
4309
2527
352
1731
382
8311
16
352
277
31579
16
539
1008
304
11135
697
730
341
4309
18
99008
277
4309
3032
341
225
28
22407
16
306
277
225
883
28016
341
265
20511
344
50180
1850
499
265
1497
1310
1690
402
1497
5938
680
16473
2292
592
903
341
839
852
1310
1690
386
1387
361
23778
30
461
2475
1310
1325
277
31579
341
344
7537
16
225
24852
16
225
23
16
373
963
2191
1377
225
23
18
3483
5563
6772
18
2586
277
31579
341
16201
382
23928
386
277
1756
8089
277
2292
1154
16
724
2428
569
31862
411
499
910
3149
306
87148
2454
1217
5501
18
610
1175
4027
16
1850
31211
304
10987
386
277
4309
4655
3271
341
277
730
386
8615
1058
16
420
277
730
386
14441
277
194863
35
2209
277
194863
4007
2549
492
1310
382
25790
539
530
2050
304
17208
1347
265
4374
6775
38278
35
3557
2731
382
71093
16
539
1387
3138
277
1154
306
1232
1774
277
16871
20845
35
2209
539
436
297
265
1541
4597
3167
2142
5772
12626
18
2952
16
539
530
3368
386
277
38474
539
642
3138
642
6496
265
3018
1333
352
386
1465
18
1283
530
2050
304
17208
411
20488
402
277
38474
35
3483
1011
361
9283
71220
352
387
225
28
57329
1435
402
434
33
23
18
2209
9745
539
530
32012
265
10413
35
3557
4494
382
23928
277
845
16
8696
539
1196
3138
277
1154
12989
3308
304
277
2746
16
306
1232
2549
265
32371
386
6714
3673
225
28
22407
420
225
883
28016
2387
366
910
5961
1889
35
3483
1011
361
56858
306
516
297
277
8165
18
2209
277
1756
36033
265
4377
386
19553
616
6292
31
592
539
4273
1717
1804
16
8696
277
10393
642
1094
1774
277
6292
499
277
194863
35
461
2746
6434
4060
373
10112
616
277
6292
6
306
1232
4213
277
2292
1154
402
1451
61405
18
2586
539
1998
1717
1019
616
382
25790
277
31579
341
265
3616
129565
31
9745
277
1154
1682
59283
1323
2907
184257
341
12762
304
361
2988
402
1497
10235
297
277
1749
3999
16
689
724
98571
8089
277
1656
18
22547
411
361
386
277
1749
3999
341
3757
352
344
22
21411
26033
16
225
3284
19127
17588
16
225
26
16
373
18730
2191
689
402
265
1497
4753
35
2523
16
1850
225
26
382
13617
3592
30
14812
277
2292
1154
341
766
302
277
1756
3270
16
306
724
31786
386
539
4602
277
1154
306
1232
1774
277
2292
18
461
2292
4059
1804
61405
16
689
9745
724
2364
386
954
1154
642
758
277
4309
1333
16
306
277
31579
341
265
20511
297
277
2746
6434
386
539
1196
14801
18
610
1451
17673
9010
13494
16
277
1310
4027
436
6842
306
539
1998
4475
1019
18
1437
903
341
265
31579
16
1850
4164
265
5209
183764
2615
18
18750
386
492
341
265
31951
3167
16
9745
277
5772
1310
20155
386
642
361
1161
304
11746
1094
4059
277
6299
499
277
194863
35
2209
724
19986
3419
277
2292
1154
402
1451
61405
18
2586
4164
616
436
2993
382
2110
1387
2050
304
1565
592
839
302
277
852
1310
4027
1387
3050
265
16936
30
1563
2024
16
344
21751
14317
23941
26579
11524
16
225
24588
27919
22157
21868
19962
16
225
23
16
373
11777
10783
17193
13900
21026
2191
1377
225
20
18
9405
265
8730
2783
402
2927
35758
18
461
35758
4354
341
225
883
35
16473
1682
30
373
11777
10783
17193
13900
21026
6
4354
35
4716
30
225
21
16
22
16
21
16
22
16
22
16
20
16
22
16
23
16
23
16
22
16
21
16
22
16
23
16
23
16
22
1117
225
883
27740
18
461
2783
341
499
225
21751
1424
304
225
24588
30475
1804
225
883
57329
5463
35
41729
225
21751
14317
23941
26579
11524
341
225
883
27740
35
16473
1682
30
225
21751
16
14317
16
23941
16
26579
16
11524
2649
4924
225
883
27740
35
225
21751
38576
341
225
883
27740
35
225
622
66
992
341
225
1296
38576
344
883
27740
680
2586
1804
5463
436
225
883
57329
18
2586
277
5463
539
1994
569
7662
225
883
27740
35
99008
18
461
35758
4354
341
225
883
16
713
434
33
883
25782
277
1435
302
27740
302
277
5463
297
277
2783
35
2209
1472
306
12216
436
1804
225
883
57329
16
689
903
1387
361
5463
402
225
883
27740
386
1169
402
386
35758
18
7517
277
35758
341
225
883
27740
16
839
1435
17299
402
386
35758
1998
569
468
2750
225
883
27740
16
306
2650
277
5463
297
277
2783
436
616
225
883
27740
16
277
1094
1528
304
569
35758
341
592
277
1435
25782
277
35758
7662
35
8801
592
265
1435
674
225
883
27740
306
11751
402
265
225
883
57329
35758
16
1232
277
1435
1998
361
7662
386
35758
344
29753
277
35758
341
277
4425
1435
680
2586
539
1008
5463
386
436
7662
6792
304
272
306
851
569
616
27740
6758
4753
18
272
341
373
11777
10783
17193
13900
21026
3210
6621
592
1450
14387
6758
23
35
4753
33
23
18
30211
1104
30
225
21
16
22
16
21
16
22
16
22
16
20
16
22
16
23
16
23
16
22
16
21
16
22
16
23
16
23
16
22
18
461
27740
436
225
21
16
22
16
22
16
23
4115
18
6346
839
1518
23
35
225
23
341
6751
16
225
22
16
21
16
20
436
6772
18
2586
616
27740
6758
23
18
2586
272
5513
34494
14387
4550
18
2209
341
272
2223
277
2783
648
21751
14317
23941
26579
11524
16
225
24588
27919
22157
21868
19962
128410
16473
10049
272
351
225
11777
10783
17193
13900
21026
18
9405
819
225
11777
38576
18
461
1472
341
225
21751
38576
16
697
341
6892
936
225
11777
38576
18
2586
272
341
2336
936
1472
18
8111
16
840
1435
297
277
2783
530
361
7662
272
18
6755
839
1435
402
225
883
27740
306
17299
402
272
1011
569
304
361
468
2750
272
16
689
1387
569
4814
27740
35
26128
16
592
277
1435
674
225
883
27740
306
11751
402
265
225
883
57329
35758
16
411
1998
361
7662
277
35758
1480
277
35758
76176
616
27740
18
15968
840
16514
18
2586
277
1094
12578
341
272
5513
16
697
341
516
297
277
2783
18
2586
1682
225
20
18
3483
14441
382
54351
16
277
2475
1310
344
7992
22366
25599
22019
18248
16
225
19528
26461
28360
27465
24282
16
225
29
16
373
27527
27043
26090
23850
28822
2191
1377
225
20
18
239192
4354
341
225
883
35
373
27527
27043
26090
23850
28822
6
4354
225
883
18
461
2783
341
499
225
7992
1424
304
225
19528
30475
1804
225
883
57329
5463
18
461
35758
5513
341
225
27527
1424
697
341
819
225
27527
38576
16
697
341
2336
936
1472
225
7992
38576
18
2586
272
341
516
297
2783
18
6755
839
1435
402
225
883
27740
17299
402
386
35758
1011
361
7662
386
1435
344
29753
35758
4354
25782
14387
4354
680
2586
1682
225
20
18
2586
1731
6292
436
10358
382
8311
16
352
277
31579
1310
16
8696
277
4309
3032
341
225
883
28016
16
306
225
28
22407
341
499
265
1497
3478
35
2491
18742
41837
382
2110
1387
2050
304
17208
1347
954
38474
11236
16
689
1850
2502
9702
382
23928
277
20586
16
9745
539
530
4602
277
1154
1175
386
411
6714
225
28
22407
352
386
1465
306
225
883
28016
352
277
1656
1465
35
9405
13861
9082
539
911
910
7475
4550
18
2209
539
1387
3138
277
1154
304
2292
592
277
5938
4475
386
3018
1465
306
758
277
6527
1333
2387
366
910
9453
35
3483
1011
361
2702
87842
16
697
341
6254
516
6751
689
6848
297
1175
59696
1850
18597
35
461
2746
4060
373
4399
3138
277
1154
4546
3210
2586
539
1196
3138
265
3449
4377
16
516
2702
3646
18
2952
16
592
277
1310
20155
4059
73411
36033
16
277
1094
1528
304
1717
616
341
304
2702
3646
18
2209
386
1011
361
56858
306
4164
516
1065
277
1756
9002
382
25790
277
1756
36033
471
304
7925
277
100849
306
3034
352
60282
35
2209
277
12759
4060
373
3039
1196
18523
277
2363
385
11116
297
265
127068
2363
2732
344
22310
642
61694
277
4607
5442
118742
2586
539
1998
3271
2363
382
23928
386
277
1756
3419
277
2292
1154
16
9745
724
31786
386
539
911
386
2292
304
13561
954
7878
18
1437
539
3138
12989
16
277
2292
642
1717
616
61405
18
3483
2767
277
31579
1998
361
10358
31
700
3077
1278
954
4309
7878
1196
6496
1804
225
28
22407
306
225
883
28016
352
277
1656
1465
35
3483
4445
4252
18
2586
8696
277
31579
341
265
20511
306
1196
361
8045
18
610
1175
20333
16
1850
2670
304
10987
386
277
4309
4655
1333
341
277
730
386
8615
297
277
194863
35
2209
277
194863
4007
2549
386
1310
382
20822
16
277
194863
1094
4059
2240
7120
18
461
2292
1154
4059
1451
4728
6292
18
22977
277
31579
341
265
5209
183764
2615
1207
730
302
277
5501
341
3757
352
265
1497
1465
689
724
20263
304
2312
277
5938
18
16473
15698
277
1568
30
1325
277
31579
16
903
341
344
7537
16
225
24852
16
225
23
16
373
963
2191
1377
225
23
16
344
7686
16
225
20469
16
225
26
16
373
3501
2191
1377
225
26
16
344
29
19039
16
225
7521
17133
16
225
29
16
373
3124
2191
1377
225
28202
16
344
28
28016
16
225
959
22138
16
225
27
16
373
5111
20851
2191
1377
225
21
16
344
29
17697
27414
16
225
6548
23862
26087
16
225
21
16
373
7955
7955
2191
1377
225
22
16
344
21751
14317
23941
26579
11524
16
225
24588
27919
22157
21868
19962
16
225
23
16
373
11777
10783
17193
13900
21026
2191
1377
225
20
16
344
7992
22366
25599
22019
18248
16
225
19528
26461
28360
27465
24282
16
225
29
16
373
27527
27043
26090
23850
28822
2191
1377
225
20
18
2536
1131
436
9746
382
669
31579
341
277
1094
730
386
8615
12775
18
3578
52298
386
730
302
1019
341
155150
18
8548
730
35
22547
361
386
277
1058
344
28
22407
13
341
277
4309
730
16
306
277
1749
344
883
28016
13
341
265
83092
499
265
1497
1310
1690
386
1078
1497
5938
18
22977
277
1749
1196
361
352
344
22
21411
26033
16
225
3284
19127
17588
16
225
26
16
373
18730
2191
689
402
4753
33
2761
1625
35
3557
2897
382
25790
539
530
3612
2486
4625
30
2278
341
265
3162
2130
305
3854
2746
373
4583
96463
89592
10706
6
420
2761
35
342
19877
265
2746
373
4583
96463
89592
10706
6
8696
499
2130
305
3854
35
41729
903
341
265
2130
305
3854
2746
225
22
23616
18
4716
11744
89592
10706
16
697
341
1497
18
2278
341
851
265
2746
373
4583
8672
32088
6
8696
499
910
22662
35
3557
2897
382
23928
277
15924
16
342
1761
277
71070
4158
341
304
3138
277
1154
12989
3308
304
277
2746
16
306
1232
2549
265
32371
386
592
277
10235
4475
277
31579
16
758
1804
35
2209
539
4445
758
1217
2911
382
25790
539
530
10987
386
277
1310
20155
642
1094
1774
277
61405
386
436
297
277
194863
35
2209
724
19986
1392
373
8940
2292
38460
59283
1323
2907
184257
13
304
1774
6292
1304
306
3419
277
2292
1154
18
2586
4164
724
642
1774
386
382
23928
277
16981
302
492
5199
344
1833
1756
341
11967
471
304
4602
2363
297
265
2869
733
539
530
2483
277
4309
7878
16
306
592
277
31579
341
265
20511
16
954
2363
642
4759
277
31579
3999
18
2952
16
277
1756
2428
569
9444
386
277
31579
341
516
265
2746
16
420
8696
724
642
1094
1310
402
277
194863
7120
35
2209
724
5101
277
2292
1154
16
713
724
4164
2364
277
4728
6292
382
45
1387
5842
304
17208
277
4309
1682
352
344
22
21411
26033
16
225
3284
19127
17588
16
225
26
16
373
18730
2191
1347
265
4374
7498
38474
402
910
96898
35
3483
1011
361
9283
845
54781
16
689
9745
539
530
30281
1347
26565
420
4602
265
2164
6775
297
954
2709
35
3557
31975
382
71093
16
539
1387
3138
277
1154
306
1232
16
890
411
48238
386
3018
2740
16
758
265
1333
386
3672
1804
61405
1717
35
9405
13861
382
25790
539
530
1565
592
730
302
277
2911
341
7662
4638
277
852
35
225
883
28016
855
225
28
22407
64823
225
21
18
18979
18
3557
387
8749
5980
382
23928
277
61531
16
342
1761
277
1861
3347
341
304
3138
277
1154
12989
306
5752
386
277
31579
341
265
20511
306
277
10393
642
1094
2292
277
194863
7120
35
2209
277
1756
19986
4060
373
10112
616
277
6292
728
306
277
6292
2549
277
2292
1154
18
2586
539
1008
304
1717
616
382
44125
277
1756
674
265
8887
20093
30
461
1154
1682
59283
1323
2907
184257
1196
361
11029
396
4546
16
306
277
2292
1154
341
3419
352
471
304
13561
16
689
277
31579
341
3757
516
265
1310
1480
277
2292
1154
341
516
766
302
277
16090
58265
35
461
2746
6434
4060
30
373
6534
277
2165
1154
16607
306
194863
16
7095
3138
277
1154
4546
306
1717
616
277
6292
18
1995
5677
4222
59947
5533
213288
11164
6
5489
724
1436
277
194863
306
1232
265
2292
1154
18
2227
2132
373
8940
2292
38460
59283
1323
2907
184257
13
304
1774
6292
1304
2586
1850
1013
724
2483
265
1310
34030
18
2586
539
1998
1717
616
61405
297
386
2292
382
23928
386
277
31579
341
73411
16
342
1761
1850
265
103364
18
610
1175
12048
16
9923
16472
6416
277
1058
18168
344
28
22407
13
1610
4309
16
1480
1850
277
1058
306
2781
277
4309
730
18
6755
16
277
1749
2428
569
961
41858
76577
499
265
1497
1310
1690
18
5361
4156
3600
3933
297
2746
12152
1207
265
1880
341
12461
18
2586
9916
10987
277
4309
4655
3271
341
225
28
22407
352
386
1465
16
306
277
225
883
28016
341
387
2615
18
2209
539
1008
304
4802
954
1154
6714
225
28
22407
382
2608
1065
592
277
4309
341
225
883
28016
35
1283
4273
1287
382
25790
539
530
1538
468
277
4619
30
461
1310
344
22
21411
26033
16
225
3284
19127
17588
16
225
26
16
373
18730
2191
22699
225
28
22407
297
277
1058
3999
306
225
883
28016
297
277
1749
18
24900
386
225
883
28016
341
7662
225
28
22407
692
225
27
28543
35
3557
9734
382
25790
277
1749
341
352
265
1497
2783
689
724
8089
1656
1472
306
12216
35
22547
361
265
5209
183764
302
2484
1310
1690
1207
277
5463
846
1497
18
1563
4681
16
8696
277
1749
1196
361
344
22
21411
26033
16
225
3284
19127
17588
16
225
26
16
373
18730
2191
689
402
4753
33
26
35
9405
1656
18
2491
8696
1850
344
22
21411
26033
16
225
3284
19127
17588
16
225
26
16
373
18730
2191
689
402
1472
306
12216
100450
35
2523
382
23928
277
6219
302
4728
6872
16
9916
3138
277
1154
12989
306
6724
386
277
4309
3032
352
386
1465
341
225
28
22407
18
1437
411
14134
686
304
361
225
883
28016
16
1232
277
1756
2428
7925
306
4309
18
2209
539
569
304
2483
2761
382
71093
16
539
1387
3138
277
1154
306
1232
16
592
277
2740
14441
386
3018
1465
16
539
1387
758
225
28
22407
306
851
569
265
4889
35
2209
539
4445
22465
1804
61405
382
25790
539
530
3138
277
1154
1175
386
411
6714
225
28
22407
352
277
1058
1465
306
225
883
28016
352
277
1749
1465
498
1347
910
7475
54021
1889
35
1563
2024
16
539
1387
569
265
4188
6307
386
215769
1450
845
277
1154
341
2988
402
1731
10235
35
2209
277
2292
8877
277
1154
4347
3041
35
41729
277
2292
8877
12578
344
8781
341
1682
59283
1323
2907
184257
13
4347
3041
18
461
31579
61405
1804
1465
12578
402
277
1656
10235
18
2586
592
539
911
265
7323
16
277
1058
1465
1011
758
225
28
22407
16
277
1749
1465
1011
758
225
883
28016
592
539
27533
18
3483
1011
1717
1804
61405
5
2209
4924
265
16474
30
539
1387
4793
265
9453
386
10799
3473
492
3018
1465
674
961
1858
1714
16
306
592
713
16
758
277
852
1333
18
3483
1011
22465
277
31579
18
2952
16
492
341
9176
56858
306
516
265
27395
4377
18
2209
411
2428
361
265
1528
304
1717
277
6292
2688
277
54037
18
2209
277
1756
2428
516
15160
386
382
23928
386
277
1756
36033
265
24953
7878
16
9923
4616
3138
12989
306
5752
277
31579
341
265
20511
382
45
1761
277
1210
12914
341
304
3138
277
4309
38474
306
14801
277
31579
396
387
2615
18
610
277
2522
2363
16
9916
2549
277
4309
38474
18
1437
277
1756
3735
10424
277
2292
16
25549
1565
277
8221
366
277
31579
16
689
724
530
1232
13534
277
2615
382
23928
386
492
341
265
1541
4597
9856
306
2964
304
2483
265
4377
16
9916
2483
277
4309
38474
2363
382
2608
1714
184752
16
13640
4802
954
38474
341
4309
352
616
6292
539
530
3368
819
382
61792
3138
277
1154
402
1375
17
3836
2292
30
592
839
14387
297
272
1518
4753
30
758
225
20
388
17
434
351
6441
2350
465
17
917
1682
8343
40752
16248
2407
261
592
433
460
225
20
30
758
225
20
203
261
27740
351
1568
24094
5232
16
1284
16248
12886
261
374
351
6441
3524
77266
465
261
592
374
460
434
30
758
225
20
203
261
9511
351
648
9055
21018
49
203
261
352
700
297
2783
8759
6315
16
374
2407
1426
9511
2943
65
351
853
2350
2943
506
344
49
506
434
134727
35
41729
272
120498
1568
388
261
2209
17034
30
272
341
265
1794
16
539
530
7046
304
1568
302
146581
3984
5536
388
261
5489
8483
29124
40815
16
13334
2407
1426
592
912
1377
374
30
758
225
21
203
1426
2687
123983
351
1219
124651
16
27740
74686
6577
592
13334
1625
4753
203
1426
2983
351
225
20
203
1426
352
282
297
2783
20399
123983
15
21
2407
2613
592
9511
74686
65
341
516
4628
306
282
2308
9511
74686
25306
3877
4622
203
2613
2475
872
502
351
13334
306
344
72
1377
27740
74686
7204
2613
2983
4284
29124
40815
15
21
16
2475
872
502
465
1426
758
2983
203
261
911
312
625
28090
382
2608
539
1998
361
17034
30
2973
13334
341
7143
16
539
1998
851
4802
386
539
1907
14949
4753
18
2586
2687
123983
351
1219
124651
16
27740
74686
6577
592
13334
1625
4753
382
8311
16
6035
30
610
277
9284
16
539
851
1008
304
1994
386
592
13334
341
7143
306
282
1518
27740
74686
65
341
516
2731
1480
2687
123983
3402
13008
304
6758
27740
74686
1807
2586
20672
382
8311
16
539
851
1008
304
1994
386
890
13334
341
7143
16
539
874
569
282
1377
27740
74686
65
689
851
282
1998
361
6758
4753
16
697
341
19347
1480
2687
123983
351
1219
124651
16
27740
74686
6577
18373
282
6758
4753
18
2586
6772
382
8311
16
1065
819
5463
402
6152
53432
35
1737
23069
16
724
436
6772
382
8311
16
539
1196
851
1994
277
1690
1207
4753
341
225
20
35
2209
4753
6743
21
16
713
6772
382
8311
16
539
851
1008
304
1994
386
277
35758
272
2428
361
5198
936
277
1435
302
27740
302
433
18
64452
23626
382
8311
16
539
1196
1310
402
277
7120
539
530
20488
13561
382
3506
225
21
30
344
21
16
26
937
16
24
1619
12827
2191
2649
1196
361
225
25
18
5641
38474
1196
3050
386
382
3506
225
22
30
344
883
16
16241
16
26
1619
622
2191
2649
225
22
18
16473
2050
304
17208
402
954
38474
6697
35
3557
4778
16
689
539
530
6724
382
3506
225
23
30
344
21
937
16
22
937
16
24
1619
23
937
2191
2649
225
20
18
8801
272
508
23
937
6
4354
225
24
16
4753
33
24
18
36902
17299
402
373
23
937
6
306
27740
6758
24
18
461
1094
12578
1011
361
225
23
937
5513
16
689
225
23
937
341
460
21
937
35
41729
225
23
937
341
1518
22
937
35
225
23
937
1518
22
937
16
713
516
297
2783
18
6755
839
1435
1013
225
1068
937
341
1518
22
937
18
2586
225
20
18
5641
38474
1196
3050
225
20
382
3506
225
24
30
344
1960
16
18467
16
29
1619
29
2191
2649
225
1199
18
5641
38474
1196
3050
225
1199
382
3506
225
25
30
344
696
16
24848
16
24
1619
21
2191
2649
225
1449
18
15018
831
382
3506
225
26
30
344
2510
16
23959
16
22
1619
807
2191
2649
225
22
18
15018
831
382
3506
225
27
30
344
7537
16
24852
16
23
1619
963
2191
2649
225
23
18
16473
13561
6697
30
4753
33
23
16
272
508
963
728
4354
225
22
18
23480
648
7537
16
24852
1807
36902
17299
402
373
963
6
306
27740
6758
23
18
3914
30
225
8710
35
225
8710
27740
225
21
16
23
16
20
6758
23
16
12035
18
225
12745
35
225
22
16
23
16
20
6758
23
16
12035
18
225
16646
35
225
23
16
23
16
20
6758
23
16
12035
18
225
19396
35
225
24
34
23
840
18
225
20979
35
840
18
225
21453
35
225
26
34
23
840
18
225
25323
35
840
18
225
23436
35
840
18
225
18461
35
840
18
6755
225
963
35
516
297
2783
18
225
13615
35
225
963
516
18
6755
225
13615
35
2523
18
6755
225
8710
16
12745
16
16646
436
2223
225
7537
17
24852
18
6755
225
13615
35
840
18
6755
8696
225
13615
35
3557
18
6755
225
13615
35
2523
18
6755
225
13615
35
6755
225
13615
35
6755
225
13615
35
6755
225
13615
35
2586
225
23
5463
18
9177
382
3506
225
28
30
344
7686
16
20469
16
26
1619
3501
2191
2649
225
26
18
16473
13561
30
4753
33
26
16
272
508
3501
3210
23480
648
7686
16
20469
1807
36902
17299
402
373
3501
1023
225
14603
16
18419
16
22412
16
24703
16
25938
16
27476
16
28049
16
26939
16
20227
18
6621
14387
6758
26
30
225
14603
30
21
16
24
16
21
6758
26
12035
31
225
18419
30
22
16
24
16
21
12035
31
225
22412
30
23
16
24
16
21
12035
31
225
24703
30
24
16
24
16
21
12035
31
225
25938
30
25
16
24
16
21
12035
31
225
27476
30
26
16
24
16
21
12035
31
225
28049
30
27
34
26
840
31
225
26939
30
28
34
26
840
31
225
20227
30
29
34
26
840
18
2586
5463
225
14603
17
27476
2672
225
1296
6632
225
26
5463
18
6755
225
3501
35
516
297
2783
18
2586
225
26
18
9177
382
3506
225
29
30
344
29
19039
16
7521
17133
16
29
1619
3124
2191
2649
225
28202
18
957
341
265
2927
1682
689
5563
52298
382
3506
225
622
30
344
28
28016
16
959
22138
16
27
1619
5111
20851
2191
2649
225
21
18
1737
99461
16
4164
225
622
7955
35
41729
35758
225
5111
20851
4354
225
25
18
461
1094
1435
17299
402
225
5111
20851
306
27740
6758
27
297
2783
341
5091
225
14959
20851
35
26128
16
225
28
28016
304
225
959
22138
18
461
5463
17299
402
225
5111
20851
436
302
1027
433
351
399
14
1296
937
692
225
5111
20851
18
461
21820
1175
433
6743
28
28016
341
225
5111
20851
35
225
5111
20851
460
28
28016
35
225
5111
20851
1518
28
28016
16
12035
225
5111
20851
1518
28
28016
18
225
5111
20851
341
2223
2783
35
225
5111
20851
6758
959
22138
35
8520
18
6621
27740
30
225
25
16
23
16
20
16
23
16
22
616
6758
27
16
12035
18
2586
225
5111
20851
95766
18
6755
225
14959
20851
35
9405
225
14959
20851
1518
959
22138
35
225
14959
20851
1518
959
22138
16
713
516
297
2783
18
225
5111
20851
341
277
1094
730
18
6755
8696
225
20
25420
20851
35
9405
225
5111
20851
1656
18
2586
1682
225
21
18
9177
382
3506
225
807
30
344
29
17697
27414
16
6548
23862
26087
16
21
1619
7955
7955
2191
2649
225
22
18
1737
99461
16
225
622
16
7955
16
7955
306
225
807
16
7955
16
7955
18
9177
382
3506
225
740
30
344
21751
14317
23941
26579
11524
16
24588
27919
22157
21868
19962
16
23
1619
11777
10783
17193
13900
21026
2191
2649
225
20
18
1737
99461
16
840
5463
18
9177
382
3506
225
1068
30
344
7992
22366
25599
22019
18248
16
19528
26461
28360
27465
24282
16
29
1619
27527
27043
26090
23850
28822
2191
2649
225
20
18
9177
382
8311
16
1310
225
992
30
344
22
21411
26033
16
3284
19127
17588
16
26
1619
18730
2191
2649
2265
1283
1008
304
9922
382
3506
225
883
30
344
50180
277
31579
341
516
9444
16
689
592
539
14801
16
539
2188
1008
304
1717
277
1058
302
1019
35
461
2292
4059
1804
16
713
539
1998
1717
1804
18
3483
2767
539
1008
304
3271
265
1333
386
14441
1804
225
28
22407
306
225
883
28016
352
277
1656
1465
18
9405
13861
9082
539
758
265
1568
420
2761
18
2586
277
1094
1528
304
1717
1804
341
592
277
1310
20155
341
516
1774
396
2688
16
689
8696
724
642
1774
1094
277
1058
2240
194863
7120
35
461
2746
6434
4060
373
10112
616
277
6292
6
306
1232
4213
277
2292
1154
18
32468
297
1175
8774
16
277
2292
1154
341
766
302
277
2746
6434
304
24467
4655
5814
16
689
277
5772
10393
2428
1094
1774
277
7120
499
277
194863
35
2952
16
277
1756
19986
4060
373
8940
2292
38460
59283
1323
2907
184257
13
304
1774
6292
1304
2586
724
31786
304
1774
386
382
23928
277
133336
16
342
18294
277
31579
341
387
2615
18
9916
11536
402
277
4309
7878
306
6035
386
592
277
31579
18048
16
1850
2920
304
265
20511
297
277
1310
1690
382
2608
9745
903
341
2484
16340
30
461
1154
1682
59283
1323
2907
184257
341
12762
304
361
2988
402
277
10235
396
2688
16
689
277
1310
4027
297
277
2292
1154
436
516
616
2993
31
8696
1094
277
6299
499
277
194863
436
2993
35
461
12759
4060
373
10112
616
277
6292
1304
306
1232
4213
277
194863
402
2240
7120
16
306
1232
4060
373
1847
2292
180005
2738
4074
905
12692
1310
4027
4074
905
22708
1310
4027
8886
78311
2586
277
2292
1154
4059
1804
2024
306
4728
6292
18
2586
616
436
6292
382
27872
16
2964
297
265
17031
382
25790
342
530
3138
277
1154
297
1175
265
1528
386
411
6714
265
1333
386
341
3673
225
28
22407
420
225
883
28016
9305
366
277
4188
1889
16
689
386
1011
361
16474
93
18
2952
16
2688
386
492
341
265
35189
16
8696
277
9444
4377
341
304
3138
277
4309
38474
16
306
277
31579
341
265
3616
129565
386
277
125888
642
14801
35
3557
4164
382
19477
15698
277
31579
717
14316
30
887
8615
1325
277
1880
373
5648
12578
12
696
16
225
24848
16
225
24
16
373
21
2191
1377
225
1449
3210
5489
903
341
373
5648
12578
12
2510
16
225
23959
16
225
22
16
373
807
2191
1377
225
22
3210
5489
373
5648
12578
12
22
21411
26033
16
225
3284
19127
17588
16
225
26
16
373
18730
2191
1377
225
28
22407
3210
5489
373
5648
12578
12
7537
16
225
24852
16
225
23
16
373
963
2191
1377
225
23
3210
5489
373
5648
12578
12
7686
16
225
20469
16
225
26
16
373
3501
2191
1377
225
26
3210
5489
373
5648
12578
12
29
19039
16
225
7521
17133
16
225
29
16
373
3124
2191
1377
225
28202
3210
5489
373
5648
12578
12
28
28016
16
225
959
22138
16
225
27
16
373
5111
20851
2191
1377
225
21
3210
5489
373
5648
12578
12
29
17697
27414
16
225
6548
23862
26087
16
225
21
16
373
7955
7955
2191
1377
225
22
3210
5489
373
5648
12578
12
21751
14317
23941
26579
11524
16
225
24588
27919
22157
21868
19962
16
225
23
16
373
11777
10783
17193
13900
21026
2191
1377
225
20
3210
5489
373
5648
12578
12
7992
22366
25599
22019
18248
16
225
19528
26461
28360
27465
24282
16
225
29
16
373
27527
27043
26090
23850
28822
2191
1377
225
20
12456
6662
2731
386
277
1749
18168
302
344
22
21411
26033
16
225
3284
19127
17588
16
225
26
16
373
18730
2191
341
3757
265
1497
1310
1690
689
724
98571
8089
277
1656
5938
18
14812
411
1196
361
344
22
21411
26033
16
225
3284
19127
17588
16
225
26
16
373
18730
2191
402
265
1497
272
35
2491
8696
1850
344
22
21411
26033
16
225
3284
19127
17588
16
225
26
16
373
18730
2191
689
402
4753
33
26
35
2523
382
27023
411
361
386
277
1749
730
341
352
344
22
21411
26033
16
225
3284
19127
17588
16
225
26
16
373
18730
2191
689
402
265
1497
4655
3271
1480
724
436
6726
1217
1497
12360
302
277
1154
35
2523
382
25790
277
1749
730
341
3757
352
344
22
21411
26033
16
225
3284
19127
17588
16
225
26
16
373
18730
2191
689
724
31786
304
1310
386
277
1154
4229
352
1804
225
28
22407
306
225
883
28016
9305
366
2761
1625
35
3483
4007
1265
5258
382
13617
12634
30
461
1756
2428
569
9444
304
2549
1217
1310
4027
402
277
1656
5938
689
1497
4655
19237
304
1565
592
277
1154
341
10358
35
3483
4007
1265
5258
382
23928
277
6219
302
28401
16
342
1761
277
1861
341
304
3138
277
1154
12989
306
5752
386
277
31579
341
516
15474
18
22977
277
2292
1154
341
516
3757
1774
31
1850
1060
3419
352
30678
18
461
1756
4060
373
8940
2292
38460
59283
1323
2907
184257
13
304
1774
6292
1304
2586
724
2428
1774
411
5895
1325
539
2483
277
2363
18
1437
954
2363
18048
277
31579
16
724
2428
13534
277
2615
18
2209
396
265
4377
16
539
1196
2483
265
4309
7878
382
27872
16
9916
2483
277
4309
38474
7878
382
8311
16
13640
4602
277
2522
2363
402
17034
6141
304
277
38474
11236
382
61792
8483
1375
1847
1682
59283
1323
2907
184257
28720
16
12216
16
4753
16
272
2407
298
272
120498
351
648
545
30400
13
352
466
297
272
1391
298
434
351
6441
2350
120498
465
298
905
3836
12149
592
839
35758
14387
1518
4753
203
298
592
839
3524
1518
4753
352
282
297
272
120498
2407
348
758
225
20
300
298
917
1682
8343
40752
16248
2407
348
592
433
460
225
20
638
454
758
225
20
203
348
27740
351
1568
24094
5232
16
1284
16248
12886
348
374
351
6441
3524
77266
465
348
592
374
460
434
638
454
758
225
20
203
348
905
2993
27740
352
35758
10690
203
348
9511
351
648
9055
65
535
374
203
348
352
700
297
2783
8759
506
434
16
374
2407
454
9511
2943
65
351
272
120498
2943
506
344
49
506
434
61330
348
499
136060
1250
312
625
28090
300
348
1029
80
625
28090
20399
6118
15298
465
348
917
29124
40815
16
13334
2407
454
592
912
1377
374
638
615
758
225
21
203
454
905
2687
14387
6751
468
492
2413
203
454
7866
351
1219
124651
16
27740
74686
6577
592
13334
1625
4753
203
454
2983
351
225
20
203
454
352
282
297
2783
16018
2711
692
225
21
2407
615
592
9511
74686
65
341
516
4628
306
282
2308
9511
74686
25306
828
4622
203
615
2475
872
502
351
13334
306
344
72
1377
27740
74686
7204
615
2983
4284
29124
40815
692
225
21
16
2475
872
502
465
454
758
2983
300
348
758
29124
12
20
16
7143
994
298
758
1682
8343
40752
2238
52207
13
506
1682
8343
40752
28720
506
225
21
994
8311
16
539
1196
851
1994
277
12634
386
277
35758
272
1387
569
6152
53432
35
2209
272
341
4898
16
713
1058
14387
516
7810
18
2586
20672
382
8311
16
539
1008
304
4802
386
277
38474
28506
2927
433
12989
306
5119
77647
8597
778
304
1435
302
27740
344
4956
5907
902
680
9405
6772
382
8311
16
539
1196
1310
492
11236
402
277
1058
2024
20488
1347
2363
7498
35
1283
3402
1645
402
33664
13334
4550
306
3289
225
25
382
8311
16
539
1196
851
1994
277
1690
1207
4753
341
2336
936
277
2993
35758
14387
35
64452
23626
382
8311
16
539
1196
851
1994
277
1690
1207
277
35758
272
674
4354
434
16
689
277
1435
433
674
374
27740
16
306
539
867
9511
352
10690
374
6315
568
49
17
21
18
2952
16
1065
592
277
35758
272
674
27740
386
436
1518
4753
35
1283
3402
8938
225
20
382
8311
16
539
1196
851
1994
386
277
1435
1150
1998
361
4898
18
1737
23069
16
225
20
341
516
33649
1480
411
4007
1169
402
272
344
53374
272
508
20
728
689
516
680
2586
6772
382
8311
16
539
1196
851
1994
386
277
2783
2428
361
2927
306
1472
1387
361
225
20
35
2209
1472
341
4898
35
461
2746
4060
1472
341
277
1472
302
277
2783
24273
16
689
516
7174
304
361
4898
18
2952
16
277
7120
1472
468
225
21
16
225
883
16
4115
18
887
1387
361
225
20
35
99008
16
689
592
1472
33
20
16
1232
1472
17
21
351
506
21
16
306
1682
8343
40752
4096
21
13
6714
225
20
16
697
341
6772
18
6755
5463
1013
225
20
35
3557
33649
18
2586
1850
20672
382
8311
16
539
1196
851
1994
386
277
38474
2428
361
60920
592
539
17771
14299
1682
8343
40752
352
12216
306
1472
17
21
22560
18
9405
6772
382
8311
16
539
1196
851
1994
386
539
1387
687
52448
277
35758
27740
382
8311
16
3242
11336
30
610
277
38474
16
539
1161
7866
351
1219
124651
16
27740
74686
6577
592
13334
1625
4753
18
2209
539
851
1008
304
4802
386
539
1094
1994
27740
778
304
4753
18
9405
4309
382
2608
903
341
2484
122221
30
2973
13334
341
7143
16
539
1998
851
4802
386
277
14387
539
5857
341
6758
27740
74686
65
344
606
5001
6758
433
680
2952
16
539
851
569
277
4753
25284
18
2586
7866
351
1219
124651
16
27740
74686
6577
341
4309
382
8311
16
1065
819
277
1690
1207
4753
341
2336
936
27740
74686
128410
5489
7866
351
4753
16
697
341
2336
936
27740
74686
1807
9405
6772
18
5489
2475
872
502
351
13334
306
344
72
1377
27740
74686
6577
642
361
2044
352
839
282
344
29753
282
6758
4753
460
27740
74686
24299
713
2475
872
502
7883
8077
18
3483
12989
22239
386
277
1435
642
361
2336
936
433
468
492
2413
15470
302
3735
27740
382
8311
16
539
1196
851
1994
386
277
35758
14393
2428
5664
265
14387
386
341
5762
936
277
6751
7866
5879
18
1563
2024
16
592
9511
74686
65
341
16
2132
16
225
29
16
689
7866
341
225
24
16
1232
277
9284
642
18486
282
33
29
1480
1850
516
297
2783
18
2586
29124
6714
225
20
352
386
1889
16
697
341
4309
382
8311
16
539
1196
851
1994
277
1690
1207
277
35758
272
674
4354
434
16
306
277
1435
433
674
374
27740
16
306
539
867
9511
352
10690
374
6315
568
49
17
21
18
2952
16
1065
592
277
35758
272
674
6152
53432
35
3557
2731
1480
272
341
4898
18
2586
6772
382
8311
16
539
1196
851
1994
386
277
1435
433
2428
569
17156
27740
936
434
35
64452
23626
382
8311
16
539
1196
851
1994
386
277
38474
2428
1682
5463
402
6152
53432
386
436
3757
4080
689
569
17156
27740
936
374
16
306
277
35758
4550
2428
361
19347
402
6152
53432
35
1737
23069
16
272
341
4898
16
713
969
1058
14387
1713
41872
18
2586
277
35758
4273
361
616
53432
16
713
6152
53432
4273
22465
277
35758
18
2586
1850
6772
382
8311
16
539
1196
851
1994
386
277
1435
225
20
2428
361
33649
592
272
341
8295
35
2209
272
341
1713
61226
382
8311
16
539
1196
851
1994
386
277
4753
341
468
1210
225
29
16
713
27740
436
2164
382
8311
16
342
1761
277
38474
341
4309
382
8311
16
539
1008
304
3271
277
2363
297
265
3225
2363
2732
396
621
12759
382
2608
1714
184752
16
13640
1310
277
38474
402
277
1310
344
1960
16
18467
16
29
1619
29
2191
304
4802
411
22699
225
1199
18
1283
530
2050
304
17208
1682
8343
40752
12
18467
13
306
1682
8343
40752
12
1773
680
2209
539
530
6724
382
10917
16
539
1196
361
17034
819
277
13334
4550
30
610
954
38474
16
539
1161
2475
872
502
351
13334
306
344
72
1377
27740
74686
23923
2209
539
851
1008
304
1994
386
890
13334
341
7143
306
539
5857
265
14387
282
386
341
2336
936
27740
74686
2315
539
3456
516
13334
18
9405
4309
18
2209
1065
819
277
1690
890
13334
341
8077
35
5489
2475
872
502
351
8077
306
344
72
1377
27740
74686
6577
1117
8077
18
2586
2475
872
502
30628
8077
18
9405
4309
382
8311
16
1065
819
277
1690
890
13334
341
7143
306
27740
74686
65
341
2336
936
4753
35
5489
7866
351
27740
74686
1807
2586
282
530
361
499
225
20
304
27740
74686
1807
1563
282
1377
27740
74686
2315
2475
872
502
351
7143
31
352
282
460
27740
74686
2315
2475
872
502
351
8077
18
9405
4309
382
8311
16
1065
819
277
1690
890
13334
341
7143
306
27740
74686
65
341
5762
936
4753
35
5489
7866
351
4753
18
2586
282
530
361
499
225
20
304
4753
18
1563
839
282
16
282
460
27740
74686
2315
713
2475
872
502
351
8077
18
9405
4309
382
8311
16
539
851
1008
304
1994
386
277
35758
14393
874
361
468
10690
386
436
297
277
6152
53432
4318
890
277
1435
674
17156
27740
35
2209
592
374
460
434
16
539
758
225
20
18
2586
6772
382
8311
16
342
1761
277
38474
341
4309
382
8311
16
9916
6496
277
2522
2363
382
2608
539
1196
851
1994
386
277
1154
2428
361
2988
402
1586
2927
1472
306
12216
344
7846
778
304
225
622
66
883
680
5641
38474
5119
77647
306
312
625
28090
16
697
341
6772
382
8311
16
539
1196
851
1994
386
175676
77647
8597
2428
361
265
2746
592
277
1435
302
27740
341
2927
35
2209
27740
436
468
1210
225
902
16
713
77647
8597
341
468
1210
225
902
16
6772
382
8311
16
539
851
1008
304
4802
386
539
7046
272
304
27740
12989
382
8311
16
539
1196
851
1994
386
277
4753
341
387
853
1360
225
21
306
225
29
16
689
539
2489
411
396
853
382
8311
16
13640
4602
277
2522
2363
382
2608
5522
30
2278
341
265
3242
11336
30
610
277
38474
16
539
867
9511
2943
65
351
272
120498
2943
506
344
49
506
434
60457
2209
272
120498
341
265
1568
302
146581
18
2952
16
539
1008
304
4802
386
539
3591
272
120498
12989
18
7517
272
120498
341
5047
5536
16
306
539
436
1347
411
5451
29124
3874
24609
16
4924
6772
18
2209
539
1998
361
17034
30
272
120498
341
5047
1714
1682
8343
40752
16
713
1850
13453
18
2952
16
277
9511
1568
341
6120
5451
1682
8343
40752
1347
272
120498
18
9405
6772
382
2608
903
341
265
202267
30
461
35758
10690
436
5657
304
277
1435
494
14387
4354
374
18
2973
539
1465
1682
8343
40752
16248
733
374
351
6441
14964
16248
11499
461
35758
14393
341
386
277
2009
434
27740
302
277
1435
1998
6792
272
18
2952
16
592
277
1435
674
17156
936
434
27740
16
539
758
225
20
18
2586
890
374
6743
434
16
277
10690
302
277
35758
436
277
2009
434
27740
16
700
3077
1278
23864
374
6315
8886
374
17
21
18
9405
4309
382
8311
16
1065
819
5463
386
569
717
27740
936
374
35
2227
436
516
33649
1480
433
494
1435
302
27740
341
374
16
306
5463
402
717
27740
436
1518
433
18
2586
6772
382
8311
16
539
1196
851
1994
386
277
35758
272
874
569
4354
434
16
689
277
1435
433
2428
569
717
27740
16
306
277
35758
14393
16572
304
277
2009
434
27740
302
277
1435
16
15470
302
6152
53432
18
5641
38474
8023
9511
352
10690
374
6315
8886
374
17
21
18
1563
265
1435
402
5772
27740
344
1612
6152
53432
13
386
674
717
936
374
27740
16
1850
516
33649
1480
1850
1518
433
18
2586
6772
382
8311
16
539
1196
1310
402
277
2024
344
21
937
16
22
937
16
24
1619
23
937
2191
304
4802
411
6714
225
20
18
16473
37687
30
4753
33
24
16
272
508
23
937
728
434
33
24
18
1563
433
33
22
937
16
374
33
24
18
7517
374
1377
434
16
9511
63
20
16051
23
16
9511
63
21
16051
20
16
9511
63
22
16051
20
16
9511
63
23
16051
20
18
2209
6035
30
272
120498
351
648
23
16
20
16
20
16
20
1807
2952
16
4753
33
24
16
306
27740
436
6758
24
35
225
23
26720
24
16
225
20
26720
24
16
6674
18
2209
539
1998
2292
592
839
14387
1518
4753
35
2523
18
2586
38474
1196
1682
5463
6758
22
937
386
1169
402
373
23
937
6
306
27740
6758
24
18
461
1094
1435
17299
402
373
23
937
6
341
225
23
937
5513
16
689
225
23
937
1518
22
937
16
713
516
33649
18
6755
5463
1013
225
20
3966
35
9405
225
3966
16
697
341
460
21
937
35
41729
225
3966
341
225
23
57329
16
689
374
33
24
35
610
38474
402
433
33
22
937
16
374
33
24
16
5463
402
6152
53432
530
361
225
20
3966
344
77
3077
1278
225
3966
680
2209
1414
225
3966
1169
402
373
23
937
26471
461
2009
225
24
27740
302
277
11183
373
20
3966
6
436
373
20
3966
728
516
373
23
937
3210
2586
411
4007
22465
35758
18
2586
840
5463
18
6755
225
3231
937
35
9405
225
23
937
16
689
4924
225
25
57329
16
516
4800
1480
374
33
24
18
2586
38474
1196
758
225
20
18
9177
382
8311
16
539
1196
851
1310
402
344
21
937
16
22
937
16
24
1619
23
937
2191
352
1472
17
21
8696
225
4542
35
3557
4494
382
8311
16
277
38474
5563
4689
382
8311
16
9916
6496
277
2522
3032
382
2608
1714
386
16
13640
4638
18400
277
13334
4550
730
717
845
402
265
4081
1690
30
433
33
1120
16
4753
33
24
16
272
508
20
26471
3557
6751
1480
272
4898
18
2209
539
530
1310
402
265
2727
30
19001
4753
33
24
16
272
508
25
728
689
272
14387
1518
4753
16
713
3836
758
225
20
18
9405
6772
382
8311
16
1994
265
1690
1207
4753
33
22
16
272
508
740
728
433
33
5745
18
1283
1587
5463
6758
5745
17299
402
373
740
6
306
27740
6758
22
18
461
5463
17299
402
373
740
6
436
225
740
16
225
9974
16
225
13900
51505
689
27740
1998
361
6758
22
18
225
740
30
27740
225
21
16
22
6758
22
16
6674
18
225
9974
30
27740
225
21
16
21
16
22
6758
22
16
6674
18
225
13900
30
225
22
16
21
16
22
6758
22
16
6674
18
2209
225
13900
1518
5745
16
713
1094
225
740
306
225
9974
18
6755
225
740
341
225
22
57329
16
225
9974
341
225
23
57329
18
5641
38474
402
433
33
5745
16
374
33
23
16
434
33
22
18
9511
30
374
6315
33
21
16
713
9511
63
21
16051
21
16
9511
63
22
16051
22
18
27740
15345
21
16
22
16
20
1807
16473
17208
20488
1347
954
38474
11236
382
61792
17208
29124
12
20
183551
13
352
433
33
5745
382
149037
15345
21
16
22
16
20
2315
4753
33
22
382
7974
16
2292
272
27740
30
225
21
16
22
1804
6758
22
16
6674
382
7415
63
20
16051
9055
16
9511
63
21
16051
21
16
9511
63
22
16051
22
382
49541
29124
12
22
17269
502
2407
17
13334
9139
30
7866
351
1219
124651
16
27740
63
22
6577
351
1219
12
22
16
20
5791
20
18
2586
282
297
648
20
1807
9511
63
22
16051
22
16
713
840
4080
282
1117
29124
12
22
183551
5791
20
388
17
13334
14040
30
7866
351
4753
33
22
18
282
297
648
20
16
21
16
22
1807
9511
63
22
16051
22
1117
1094
282
33
22
18
1563
282
33
22
16
2475
872
502
351
13334
306
344
72
582
149037
63
22
6577
1117
8077
18
2586
29124
12
22
156864
5791
21
382
20440
12
21
17269
502
2407
17
13334
9139
30
7866
351
1219
12
22
16
27740
63
21
16051
22
13
1117
22
18
282
297
225
20
568
22
18
9511
63
21
16051
21
1117
1094
282
33
21
18
1563
282
33
21
16
2475
872
502
351
7143
306
344
21
582
22
19767
1117
8077
18
2586
29124
12
21
183551
13
351
29124
12
22
156864
5791
21
388
17
13334
14040
30
7866
33
22
18
9511
63
21
16051
21
1117
1094
282
33
21
18
2475
872
502
351
8077
18
2586
29124
12
21
156864
5791
20440
12
22
156864
5791
21
382
20440
12
20
17269
502
2407
17
13334
9139
30
7866
351
1219
12
22
16
27740
63
20
16051
21
13
1117
21
18
282
297
225
20
568
21
388
225
282
33
20
30
2475
872
502
351
7143
306
344
20
582
21
19767
1117
8077
2649
29124
12
21
156864
5791
21
388
225
282
33
21
30
2475
872
502
351
7143
306
344
21
582
21
19767
1117
7143
2649
29124
12
21
183551
5791
21
388
2586
2983
351
225
21
15
21
33
22
388
27872
1682
8343
40752
12
5745
5791
22
16
697
14441
225
740
306
225
9974
18
9177
382
8311
16
1065
819
1435
225
740
35
225628
396
648
20
16
21
16
22
65
890
374
33
23
18
3483
2481
30
282
20
33
20
344
78152
7883
8077
733
282
21
33
21
16
282
22
33
22
18
3483
341
5101
344
72
20
33
20
7939
29124
12
21
156864
5791
21
680
9177
382
8311
16
1435
225
9974
30
282
20
33
21
344
78152
30628
7143
1480
225
21
582
21
733
282
21
33
21
16
282
22
33
22
18
3483
2481
30
282
20
33
21
2649
29124
12
21
183551
5791
21
16
1232
282
21
33
21
2649
29124
12
22
156864
13
4115
18
2586
33649
382
27872
38474
4229
382
8311
16
539
1196
851
1310
265
1690
1207
4753
341
7922
936
265
14387
302
433
306
13334
341
7143
18
12692
30
433
33
5460
16
4753
33
22
16
272
508
409
26471
3557
6751
272
4898
18
2209
539
530
1310
402
272
508
409
26471
3557
4898
18
2209
539
530
1310
402
272
508
20
26471
3557
4898
18
2952
16
539
530
1310
402
272
508
409
26471
3557
6751
18
2586
18486
382
8311
16
1994
433
33
9666
16
4753
33
22
16
272
508
2113
26471
272
27740
225
20
16
25
18
2209
225
25
34
25665
16
713
3836
758
225
20
18
2586
6772
382
8311
16
539
1196
1994
277
1690
1207
277
35758
272
674
265
14387
1518
4753
16
539
758
225
20
3836
18
9405
4309
382
8311
16
342
1761
277
38474
341
4309
382
8311
16
539
1196
851
1994
386
277
1154
2428
361
2988
402
272
386
674
6152
53432
35
461
2746
4060
272
341
265
1794
15739
265
4898
11795
16
713
840
6152
53432
18
2586
6772
382
8311
16
539
1196
851
1994
386
277
2783
2428
361
8730
16
306
539
436
1347
77647
402
312
625
28090
18
9405
6772
382
8311
16
539
1196
851
1994
386
539
2428
569
304
7046
1472
17
21
304
853
16
306
592
1472
33
20
16
1472
17
21
3647
21
16
539
5203
433
32
20
382
8311
16
539
1196
851
1994
386
277
38474
2428
361
2988
12775
16
1450
402
969
1902
11057
1480
1682
8343
40752
341
265
31078
1154
386
18948
969
1902
29124
306
11057
18
9405
6772
382
8311
16
539
530
90524
382
2608
1714
184752
16
13640
1774
1257
277
1310
344
1960
16
18467
16
29
1619
29
2191
6697
304
4802
954
38474
22699
225
1199
18
1283
530
30281
1347
954
26565
30
461
1682
302
5463
6758
18467
17299
402
225
29
306
616
27740
6758
29
344
31818
1641
13
341
277
1682
302
5463
17299
402
225
29
778
304
225
18467
18
9405
9544
12
18467
19
622
13
351
225
1592
35
41729
5463
17299
402
225
29
30
225
29
16
1057
16
1748
55340
22512
35
2209
225
22512
1518
18467
16
713
2009
341
225
21982
18
2586
1682
351
344
21982
17
29
5403
622
692
21
351
225
15316
19
622
15
21
33
1670
15
21
33
1592
18
2209
539
1008
499
1472
33
1960
304
225
18467
16
713
57859
5463
6758
1773
386
1169
402
225
29
18
36902
17299
402
225
29
6758
1773
30
225
29
16
1057
16
1748
1117
225
23
5463
18
2586
225
1592
17
23
33
1199
18
2586
12035
382
8372
38474
1196
6496
386
382
8311
16
1310
344
696
16
24848
16
24
1619
21
2191
539
19377
225
1449
382
8311
16
1310
344
2510
16
23959
16
22
1619
807
2191
351
22
382
8311
16
1310
344
7537
16
24852
16
23
1619
963
2191
351
23
382
8311
16
1310
344
7686
16
20469
16
26
1619
3501
2191
351
26
382
8311
16
1310
344
29
19039
16
7521
17133
16
29
1619
3124
2191
351
28202
18
14892
304
13561
689
4164
4309
382
8311
16
1310
344
28
28016
16
959
22138
16
27
1619
5111
20851
2191
351
21
382
8311
16
1310
344
29
17697
27414
16
6548
23862
26087
16
21
1619
7955
7955
2191
351
22
382
8311
16
1310
344
21751
14317
23941
26579
11524
16
24588
27919
22157
21868
19962
16
23
1619
11777
10783
17193
13900
21026
2191
351
20
382
8311
16
1310
344
7992
22366
25599
22019
18248
16
19528
26461
28360
27465
24282
16
29
1619
27527
27043
26090
23850
28822
2191
351
20
382
8311
16
277
31579
1310
30
344
22
21411
26033
16
3284
19127
17588
16
26
1619
18730
2191
539
1907
1287
382
23928
386
616
852
6292
436
25485
306
954
38474
1196
1717
1019
16
9916
10987
277
31579
341
265
20511
306
11536
382
27872
16
2522
2363
382
2608
539
1196
851
1994
386
277
38474
2428
361
5983
592
539
1465
1682
8343
40752
4347
3041
402
1497
433
35
2209
539
1094
1465
12775
18
2586
6772
382
8311
16
9916
4602
277
2522
3032
402
277
2363
382
5158
717
3645
30
610
277
38474
16
539
1161
1411
3161
136060
1250
312
625
28090
22243
9405
6772
382
8311
16
9916
6496
277
2363
2732
382
9172
30
461
12759
4060
373
3039
1196
18523
277
2363
385
11116
297
265
127068
2363
2732
344
826
22057
13
344
22310
642
61694
277
4607
5442
118742
2586
539
1008
304
3271
277
4569
1154
8559
402
954
17979
16
5451
265
2363
2732
382
27872
16
2522
3032
5834
37182
485
3080
14487
203
1847
1682
59283
1323
2907
184257
28720
30
853
16
12216
30
853
16
4753
30
853
16
272
30
1284
13
2649
853
638
298
905
20737
35758
304
1568
302
27740
203
298
272
120498
351
648
545
30400
13
352
466
297
272
1391
298
434
351
6441
2350
120498
994
298
905
1437
277
35758
5513
5720
265
14387
6892
936
4753
16
840
1435
530
22465
203
298
592
839
3524
1518
4753
352
282
297
272
120498
2407
348
758
225
20
300
298
905
41324
304
1682
8672
32088
297
648
20
16
433
1391
298
917
1682
8343
40752
16248
30
853
13
2649
853
638
348
592
433
460
225
20
638
454
758
225
20
203
348
27740
351
1568
24094
5232
16
1284
16248
12886
348
374
351
6441
3524
77266
465
348
592
374
460
434
638
454
758
225
20
300
348
905
9511
2943
65
13125
277
2993
14387
468
2413
700
592
411
23812
304
277
35758
203
348
9511
351
648
9055
65
535
374
203
348
352
700
297
2783
8759
506
434
16
374
2407
454
9511
2943
65
351
272
120498
2943
506
344
49
506
434
61330
348
499
136060
1250
312
625
28090
300
348
1029
80
625
28090
20399
6118
15298
465
348
917
29124
40815
30
853
16
13334
30
4989
13
2649
853
638
454
592
912
1377
374
638
615
758
225
21
203
454
905
32992
5879
352
277
1843
14387
30
1998
516
14949
4753
16
306
592
13334
421
454
905
851
4273
14949
277
14387
302
433
468
492
2413
388
454
7866
351
1219
124651
16
27740
74686
6577
592
13334
1625
4753
203
454
2983
351
225
20
203
454
352
282
297
2783
16018
2711
692
225
21
2407
615
905
239192
14393
1998
361
19347
203
615
592
9511
74686
65
341
516
4628
306
282
2308
9511
74686
25306
828
4622
203
615
905
10287
13334
4056
30
4317
13334
1094
592
539
7662
23940
433
494
14387
203
615
2475
872
502
351
13334
306
344
72
1377
27740
74686
7204
615
2983
4284
29124
40815
692
225
21
16
2475
872
502
465
454
758
2983
300
348
758
29124
12
20
16
7143
994
298
905
96463
32088
297
648
6373
16
12216
65
351
1682
8343
40752
2238
52207
13
506
1682
8343
40752
28720
17
21
465
298
758
1682
8343
40752
2238
52207
13
506
1682
8343
40752
28720
506
225
21
465
3080
255013
255001
255000
255002
255012
203
9037
3733
5842
7935
277
6292
18
19426
277
2615
638
202890
344
4024
5089
1465
2009
2407
225
7368
68976
4595
56
24
185591
7585
55
25
8035
728
1880
225
7686
16
297
460
10438
485
298
2292
38460
59283
1323
2907
184257
465
225
7368
68976
4595
56
24
185591
7585
55
25
8035
728
1880
225
1773
16
297
2292
203
298
3999
12578
12
22
21411
26033
16
225
3284
19127
17588
16
225
26
16
373
18730
2191
1377
225
28
22407
203
2613
7238
93321
93321
241704
195967
93704
2466
33109
1699
146817
16
492
341
593
3973
30
7060
277
2165
1154
16607
306
194863
16
7095
3138
277
1154
4546
306
1717
616
277
6292
18
1995
5677
4222
59947
5533
213288
28430
3039
1196
18523
277
2363
385
11116
297
265
127068
2363
2732
344
826
22057
13
344
22310
642
61694
277
4607
5442
13
255013
255001
255000
255003
255010
2110
1008
304
3138
1682
59283
1323
2907
184257
12989
18
461
3733
16957
4164
4746
1682
12989
18
1283
1008
304
2550
277
2746
30
4716
8672
32088
297
648
6373
16
12216
65
1175
386
1375
17
887
11751
402
272
344
77
3077
1278
272
341
265
35758
302
1150
680
1563
2024
16
592
272
351
373
12827
728
1232
1150
1387
361
225
12827
16
225
21
12827
16
225
22
12827
16
4115
18
461
35758
1998
7662
4475
272
16
6115
277
2009
434
27740
436
7662
277
1794
272
382
17
8049
14387
297
1150
341
468
1210
4753
344
77
3077
1278
1450
14387
6758
4753
680
8598
30
4753
341
1360
225
21
306
225
29
24273
382
2110
1008
304
1682
5463
1150
297
648
6373
16
12216
65
386
22465
1804
382
669
1154
16607
30
917
1682
59283
1323
2907
184257
28720
30
853
16
12216
30
853
16
4753
30
853
16
272
30
1284
13
2649
853
1375
2110
436
304
3138
19792
16
1480
19797
530
361
2927
344
73
1627
1278
778
304
225
622
66
902
76367
461
1310
4059
225
27
18833
25268
25314
13904
304
225
3586
23025
25742
25848
25264
16
8730
5463
18
2586
539
1008
97102
27946
16
516
142157
382
2110
1008
304
1682
5463
6758
433
386
22465
35758
4550
306
14387
4753
18
5489
3032
351
285
2238
52207
13
506
285
28720
17
21
2570
2110
1008
304
1930
38474
898
27740
402
25284
386
35758
6842
382
2110
1998
851
1994
6152
53432
35
461
1435
341
265
4898
11795
18
32468
5463
589
516
569
6152
53432
18
2952
16
890
27946
5463
6758
433
16
539
1994
277
4350
19229
11183
2142
6152
53432
344
22795
352
225
20
5513
16
689
1472
6743
21
680
2209
539
1008
304
361
17034
30
461
35758
4550
16572
304
277
2009
434
27740
18
1437
277
1435
674
17156
936
434
27740
16
411
4273
569
277
35758
272
344
29753
272
341
1713
61226
35
99008
272
530
361
373
20
26471
272
341
265
1794
15739
265
4898
11795
35
461
5803
4060
30
272
30
340
1794
15739
265
4898
11795
386
1998
361
265
35758
18
2586
272
341
4898
11795
35
22547
569
6152
53432
35
887
4060
4898
11795
16
713
44004
516
6857
402
7810
18
2209
272
874
569
6152
53432
35
46764
516
18
2952
16
539
1196
2489
272
396
265
1794
7662
31
592
272
674
6152
53432
16
1232
277
35758
2428
1472
402
7810
16
697
1387
361
6751
35
461
5803
4060
373
28007
11795
6
713
272
341
4898
11795
11183
16
6298
840
6152
53432
18
2586
539
530
10987
272
4007
569
6152
53432
18
2209
539
2188
1008
304
5203
277
1690
1207
277
1435
874
569
17156
27740
936
4354
302
272
31
1731
5463
4273
361
8672
18
2586
539
530
758
225
20
382
8311
16
539
1008
304
1682
5463
6758
433
1207
1450
14387
6758
4753
16
306
2009
434
27740
6792
272
18
461
35758
4550
9712
3018
27740
297
277
2009
434
10690
18
6755
16
839
14387
1714
277
35758
1998
851
361
6758
4753
18
1533
539
1008
304
1682
5463
386
436
6758
433
382
24749
38474
4158
30
59689
499
1210
3040
14387
304
2750
16
402
1889
30
2413
3591
16
13334
9453
344
54800
16514
25782
433
494
16514
733
306
8696
851
539
1008
304
1994
386
277
35758
1998
361
19347
16
697
539
5203
498
15990
2993
14387
468
1450
2413
18
2952
16
592
277
1435
4354
341
7662
434
16
1232
277
4425
1435
341
277
35758
18
2209
592
4354
1518
434
16
277
16514
766
344
93090
27740
13
530
361
4907
2223
4753
16
689
1998
361
6758
433
494
16514
382
669
38474
2946
344
4057
5842
13
341
3600
304
11279
14387
38474
402
16981
18
2952
16
277
4264
341
386
539
2489
277
373
12093
14387
6
1094
352
10690
1207
35758
9848
18
2209
7076
122221
30
1437
277
1435
4354
374
341
5762
936
434
16
539
867
9511
352
277
2009
434
10690
25764
18
2952
16
1065
819
5463
402
4354
7662
434
35
5489
374
351
434
16
306
277
35758
76176
616
27740
16
713
277
9511
13823
616
10690
18
9405
6772
18
2209
277
38474
851
4059
27740
352
10690
1714
277
35758
344
22542
680
1563
4354
374
1518
434
16
277
16514
10690
344
20
568
49
6315
17
21
13
569
840
2993
14387
16
1094
4753
25284
18
3483
5563
4309
382
2608
3097
1414
277
1310
4759
35
99008
1480
277
38474
19720
5463
402
6152
53432
35
7517
539
436
27946
5463
402
7662
374
27740
35
610
4350
38474
16
890
539
1994
5463
302
4354
374
16
539
10987
277
1435
674
7662
374
27740
16
700
3077
1278
277
1210
3040
14387
4273
361
7810
344
53374
374
33
21
306
1435
341
225
20
680
2952
16
954
38474
163704
898
27740
499
277
1210
3040
304
277
2750
16
306
468
1450
2413
539
2617
14387
225
20
778
304
277
5879
18
3483
2767
5463
402
17156
27740
436
33649
396
5463
402
6152
53432
18
1563
2024
16
1994
433
351
225
2905
18
461
38474
402
27740
648
25
16
20
16
20
65
306
374
33
23
642
1682
5463
1013
225
2577
344
77
3077
1278
225
740
13
396
4080
1480
539
2617
6152
7810
468
277
1058
2413
18
3483
1011
898
8227
5463
460
433
386
569
17156
27740
18
461
11279
4377
352
27946
5463
6758
433
402
14387
16981
341
304
11743
402
6152
53432
304
265
6842
4354
6792
304
1435
302
27740
302
433
16
689
1232
539
1008
304
29082
5463
402
6152
53432
344
53374
277
1435
341
7662
7810
680
2952
16
539
851
1008
304
1994
5463
402
4354
2336
936
374
22560
16
420
539
530
5203
498
516
9612
6152
7810
297
277
1210
3040
14387
890
42537
5463
302
5204
4354
35
2209
539
436
27946
616
5463
6758
433
15470
302
4354
18
461
4350
38474
386
163704
898
616
14387
10690
306
5119
6152
53432
3757
19720
5463
402
17156
27740
396
5463
402
6152
53432
18
2209
539
530
5203
492
498
13879
386
539
1094
1682
5463
1207
277
1210
3040
14387
341
1713
41872
16
9082
277
1435
341
7662
225
20
18
2952
16
539
851
1008
304
1682
5463
302
4354
7662
374
386
436
6758
433
16
689
851
5463
302
4354
2336
936
374
382
71093
16
539
1387
1930
38474
386
19720
5463
302
265
2688
4354
434
344
46440
979
13
498
11532
4354
19986
18
12854
4158
30
4716
5463
402
4354
7662
6441
14964
16248
1149
306
6758
433
16
306
851
1682
5463
402
31051
460
6441
14964
16248
1149
386
22465
3776
18
1563
31051
460
434
16
724
4273
361
8672
344
29753
35758
4354
434
1518
4354
680
1563
31051
351
434
16
277
35758
341
277
4425
1435
16
713
539
1008
304
2292
592
277
1435
5513
25782
272
306
1450
14387
6758
4753
18
1563
31051
1518
434
16
277
16514
766
1998
22465
16981
306
851
361
6758
433
494
16514
32126
382
4892
539
1008
265
23093
38474
386
19720
5463
6758
433
402
265
2688
4354
35
2491
539
530
911
38474
386
4059
6152
53432
689
402
265
9453
14999
3473
539
569
4881
344
77
3077
1278
3473
13064
8456
265
1713
41872
14387
4427
680
3483
9453
18373
539
1907
1682
5463
402
6152
53432
396
4080
9082
277
4425
1435
341
7810
18
2209
7810
341
516
4898
11795
344
28007
11795
2767
1518
20
680
2586
539
530
14801
7810
18
2586
539
530
23612
265
373
84518
6
9453
382
19477
8483
38474
898
10690
499
1210
3040
304
2750
18
3092
1450
2413
16
539
1994
27740
225
20
568
25665
344
5324
5879
499
433
592
13334
680
461
35758
4550
1094
16572
304
277
2009
434
27740
302
277
2522
1435
344
1833
5772
27740
16
516
2291
6152
53432
680
1437
539
569
6152
53432
1714
277
35758
16
724
436
766
302
277
16514
344
1833
3634
27740
680
1563
2024
16
272
351
373
740
728
434
33
22
18
7551
225
9974
30
27740
648
21
16
21
16
22
1807
461
35758
373
740
6
341
277
2009
1217
27740
18
461
6152
14387
225
21
341
766
302
16514
18
9405
6772
18
2952
16
1435
225
20
2577
344
77
3077
1278
225
740
13
1011
569
4354
225
24
402
6152
53432
35
610
4350
11183
16
1850
225
740
16
697
674
4354
225
22
16
516
225
24
18
2586
277
35758
341
373
740
728
697
14441
272
18
2209
592
539
2617
6152
53432
16
1232
225
20
2577
1011
361
33649
396
265
1435
402
6152
53432
16
689
969
5772
11183
341
373
740
728
697
851
11751
402
373
740
26471
41729
16
373
740
6
11751
402
373
740
6
396
35758
302
4354
225
22
16
12035
18
2586
225
740
1196
361
33649
592
4753
6743
2687
14387
297
225
740
18
2952
16
592
539
1682
5463
1013
225
20
2577
396
8156
5463
16
539
1011
4638
32564
35
3557
7662
31
539
1011
1682
277
1656
11795
225
740
4347
3041
592
539
1994
1497
5463
302
27740
402
6152
53432
18
2586
539
1008
304
4928
6152
53432
1480
277
11795
11183
4007
569
1019
18
8111
16
539
1998
4802
386
539
1682
1450
11795
7662
3984
18
461
11279
4158
341
304
1682
5463
402
265
6842
4354
344
1612
6152
53432
13
306
1232
4455
898
31051
382
27872
16
539
530
17208
285
16248
13
351
1682
302
8672
32088
6758
433
382
2110
530
59689
898
2731
31051
6441
8443
499
225
21
304
6441
14964
16248
11499
1563
1450
4354
16
1682
5463
302
386
4354
386
22465
3776
306
6758
433
592
6441
8443
1377
6441
16248
733
1625
616
5463
302
386
4354
382
2608
6441
8443
530
361
778
304
225
902
35
41729
433
778
304
225
25
73
1068
16
4354
6758
225
992
8696
35
461
1310
4059
778
304
225
902
27740
344
3586
23025
25742
25848
25264
341
225
992
27740
35
41729
1682
30
225
3586
16
23025
16
25742
16
25848
16
25264
2649
225
992
27740
35
16473
1682
30
225
25
225
28
225
24
225
29
225
20
225
28
225
22
225
28
225
25
225
29
225
25
225
26
225
21
225
25
2649
225
992
27740
18
461
852
1310
4059
225
27
18833
25268
25314
13904
344
1068
27740
680
2586
31051
436
64594
18
2952
16
277
38474
621
4354
1387
361
6772
18
2209
539
1008
304
5203
277
35758
4550
352
1450
4354
18
1563
265
2688
4354
434
8443
16
592
434
8443
460
6441
2350
733
1232
13861
344
1594
225
20
680
1437
434
8443
6743
6441
2350
733
1232
277
35758
1998
361
7662
277
2009
6441
2350
13
27740
18
1563
4354
434
8443
1518
6441
2350
733
277
16514
766
674
4354
434
8443
506
6441
2350
13
27740
16
697
1998
616
361
6758
4753
16
306
277
6381
1435
1998
361
6758
433
592
434
8443
25782
6441
16248
680
1437
434
8443
460
6441
16248
733
1232
616
5463
302
386
4354
436
9724
6758
433
344
29753
724
569
17156
27740
680
2586
539
530
1682
616
5463
302
386
4354
31666
16981
16
2142
839
5879
6329
4753
382
27872
16
539
530
17208
1375
74
16248
13
351
4455
898
6441
8443
351
225
21
304
6441
16248
6030
21
302
1682
16131
22107
8443
13
692
1682
26649
5912
17540
17991
22107
16248
12319
4271
1682
16131
22107
8443
13
351
1435
302
32088
402
7662
6441
8443
27740
344
77
3077
1278
6152
14387
2308
225
20
13
386
22465
35758
306
14387
16981
18
1682
26649
5912
17540
17991
22107
13
351
1435
302
32088
402
7662
6441
27740
386
22465
16981
306
436
6758
433
382
2110
1008
304
17208
1682
16131
22107
8443
680
957
341
31420
30
1563
265
6842
4354
434
8443
1375
17
1437
434
8443
460
434
344
4448
1113
733
1682
16131
351
225
20
382
17
34988
1375
261
4214
16514
17540
351
434
8443
506
434
382
261
461
35758
27740
436
6842
304
272
120498
382
261
461
16514
27740
344
9060
16514
17540
10690
13
530
361
839
27740
499
225
20
304
4753
16
402
277
1058
14387
344
4024
3040
13
4273
361
225
20
344
29753
1850
265
6441
8443
57329
1435
680
6755
1450
14387
6758
4753
382
261
2586
277
1682
351
1435
302
12423
352
16514
17540
27740
31666
30
1058
14387
297
648
21
16
4753
2315
10652
16514
17540
17
21
27740
297
648
20
16
4753
65
344
956
1450
6758
4753
680
6755
1008
304
2292
386
277
35758
27740
5895
436
6758
4753
18
7517
539
3402
60039
386
7977
344
1191
14387
1518
4753
2649
225
20
733
539
530
10987
35758
27740
436
616
6758
4753
382
261
2586
1682
16131
22107
8443
13
351
344
25665
12423
352
1058
14387
35
41729
1058
14387
530
361
499
225
21
304
4753
24273
16
713
1682
351
4753
592
4753
19105
21
1625
225
20
16
689
4753
6743
21
680
5489
352
277
10652
16514
17540
17
21
10690
30
1450
530
361
225
20
568
25665
1117
344
25665
15
21
20534
12
22542
17540
17
21
680
2586
2983
351
4753
535
344
25665
15
21
20534
12
22542
17540
17
21
680
2952
16
492
10413
4229
1094
592
4753
19105
21
306
16514
17540
19105
21
18
2209
592
16514
17540
33
20
344
77
3077
1278
434
8443
1377
434
733
1232
903
341
840
16514
16
306
539
569
304
2292
592
277
35758
1435
5513
344
1833
11795
12240
498
272
13
34494
14387
4753
344
788
3402
1645
13
306
851
592
411
674
6152
53432
35
461
35758
272
341
265
4898
11795
16
713
969
1210
3040
14387
341
1713
41872
18
2586
1682
16131
7370
13
351
225
21
592
616
27740
302
272
6758
4753
16
1625
225
20
382
261
2209
17034
30
1563
434
8443
1377
434
16
539
1907
569
16514
16
689
539
2188
1008
304
1994
277
1435
1998
361
7662
434
27740
31
272
341
3402
387
434
57329
4898
11795
16
713
4924
6772
382
261
2586
1682
16131
22107
8443
13
351
4753
535
344
25665
15
21
20534
12
22542
17540
17
21
13
592
16514
17540
1518
225
20
1625
225
21
344
60667
35758
27740
6758
4753
680
2209
851
1008
304
1994
386
592
4753
460
225
21
35
4753
6743
21
621
16981
16
713
20672
382
261
2952
16
903
341
265
122221
30
461
35758
27740
874
569
6152
53432
35
1437
272
341
265
4898
11795
16
969
11183
1414
516
569
6152
53432
18
2586
969
1210
3040
14387
341
1713
41872
18
3483
14387
1998
851
361
6758
4753
18
7517
539
3402
2292
839
14387
1518
4753
16
1850
20672
382
261
2586
1682
16131
341
25485
382
8311
352
1682
26649
5912
17540
17991
22107
13
1207
6441
351
6441
16248
680
957
341
277
42835
766
30
539
1008
304
1682
5463
302
7662
6441
27740
386
22465
35758
4550
306
436
6758
433
16
2688
14387
4753
382
2110
530
589
265
14387
38474
898
277
6441
27740
16
689
539
1998
5203
6152
14387
1713
41872
25284
18
1283
530
589
38474
898
10690
499
1210
3040
304
2750
16
402
1889
30
2413
3591
344
20
568
4448
17
21
733
13334
9453
16
306
8696
851
265
9453
14999
3473
539
569
4881
344
77
3077
1278
539
569
8456
265
1713
41872
14387
13
304
31396
386
6152
14387
4273
361
7810
18
2952
16
2650
539
436
27946
5463
402
7662
6441
27740
16
277
1210
3040
14387
4273
361
7810
18
2586
539
530
5207
31396
386
468
2413
225
20
16
14387
12423
436
499
225
21
568
1386
124651
16
433
63
20
6577
592
13334
1625
225
21
568
25665
18
2209
539
1008
304
23612
35758
16981
352
277
2009
434
10690
382
2110
530
589
38474
386
163704
898
10690
16
402
2993
14387
468
1450
2413
592
411
341
2223
277
35758
4318
344
77
3077
1278
592
912
6743
6441
506
434
16
1232
14387
1998
6792
272
120498
74686
506
344
4448
506
434
12015
680
6755
1008
304
31396
4753
25284
468
1450
2413
18
12620
16
31396
386
352
277
1058
14387
16
14387
4273
361
7810
18
2952
16
6035
386
592
277
35758
4318
4059
277
1058
14387
35
3483
530
4252
592
6441
1377
434
16
1232
277
35758
13823
616
27740
16
2291
277
1058
18
610
386
1690
16
277
1058
14387
341
13238
304
361
277
1210
3040
14387
302
272
16
697
341
1713
41872
344
29753
272
4898
680
2586
9724
1713
41872
18
1437
6441
1518
434
16
277
1058
14387
341
516
13238
498
35758
16
713
539
1998
31396
1713
41872
18
2586
539
530
23612
386
498
16
468
2413
225
20
16
592
1850
516
265
35758
2413
344
77
3077
1278
912
460
6441
506
434
733
1232
14387
1998
361
6743
21
382
27872
16
539
530
8483
265
38474
1154
29124
40815
16
13334
13
386
6714
1435
302
4781
304
7376
27740
499
912
304
1169
31666
16981
18
2209
539
1008
304
23612
277
1713
41872
25284
352
277
1058
14387
1094
18
1283
1387
23612
386
498
265
9453
489
84518
11
689
2650
539
436
1094
27946
5463
402
7662
6441
27740
16
539
530
1060
5203
2413
225
20
22560
30
468
912
225
20
16
592
912
341
35758
344
77
3077
1278
6441
506
434
6758
225
20
13
1232
14387
1998
6792
272
120498
63
20
65
344
8781
341
1713
41872
680
34988
14387
1998
361
499
225
21
568
43818
344
4271
7866
341
1219
124651
16
27740
63
20
6577
592
13334
1625
4753
680
5489
352
852
10690
16
539
5203
16981
25764
382
71093
16
539
530
2489
277
1435
396
2896
265
6842
4354
402
6152
53432
6751
689
1232
57859
1731
402
6152
53432
18
2952
16
1850
8392
304
589
38474
402
1713
41872
468
1058
14387
382
2608
539
851
569
304
1994
386
277
35758
27740
1998
361
6758
4753
16
697
539
3402
2292
29469
31
4397
16
352
277
38474
539
1008
304
4802
386
468
10690
1207
539
569
2993
14387
16
386
14387
341
6758
4753
344
83575
60039
680
2209
851
539
1008
304
4802
386
592
277
2993
14387
341
1518
4753
16
1232
1682
341
7810
18
2586
539
530
3836
10085
382
8311
16
277
38474
77647
30
29124
40815
16
13334
680
3092
1450
2672
16
539
5827
277
6751
14387
2783
30
3598
5879
351
344
20
13
6329
912
1377
225
20
306
516
35758
2649
225
21
18
32992
5879
351
1219
124651
16
27740
74686
65
592
13334
1625
4753
680
5489
352
1450
14387
282
297
648
13832
16
7866
2315
539
2292
592
35758
14393
16572
30
592
912
6743
6441
506
434
16
1232
282
1998
6792
2993
351
272
120498
74686
506
344
4448
506
434
60457
1437
516
16
4622
18
5489
2475
872
502
351
13334
306
344
72
1377
27740
74686
23923
5489
4455
29124
40815
15
21
16
2475
872
502
2570
6979
1690
30
912
1377
6441
30
758
225
21
344
4419
1435
16446
680
957
19720
7662
730
1435
382
1905
38474
19720
5463
402
7662
6441
27740
16
402
277
4309
35758
16
306
1450
14387
6758
4753
16
306
6758
433
592
13334
382
2608
539
1998
851
1994
386
277
35758
4550
6382
277
1435
11751
402
272
16
6115
277
2009
434
27740
7662
4475
272
18
5641
38474
18373
386
468
1731
10690
16
27740
4475
272
18
9405
4309
382
8311
16
1065
819
5463
402
4354
2336
936
6441
35
15040
436
33649
498
1682
16131
352
20906
31051
16
396
4546
382
27872
16
285
16248
13
351
4455
1242
4448
8443
33
21
6165
4448
16248
6030
21
97
1682
16131
22107
8443
13
692
1682
26649
5912
17540
17991
22107
16248
46815
2110
1998
361
17034
819
1472
17
21
30
592
1472
1377
225
20
35
2209
1472
341
4898
35
461
2746
4007
15010
1472
6743
225
20
35
461
5803
30
373
4583
277
1435
302
8672
32088
297
277
2783
648
6373
16
12216
159350
887
4007
19986
2132
1472
6743
225
21
16
689
7120
569
1472
6743
225
21
18
6755
272
341
4898
11795
16
713
8672
5463
436
4898
18
2586
1472
530
361
225
21
420
8696
225
20
35
2209
2783
24273
1387
2549
225
20
35
2952
16
225
20
341
516
4898
306
1414
516
1169
402
272
344
28007
11795
680
2586
539
530
21606
2489
1472
17
21
396
11568
6484
16
306
1682
8343
40752
12
26678
13
6714
225
20
18
2586
539
530
569
265
29573
386
28506
6484
382
27872
16
3138
1375
17
42379
35758
27740
272
120498
1568
16
434
351
6441
2350
2570
17
4421
18400
30
592
839
14387
1518
4753
30
758
225
20
382
17
29261
265
1154
1682
176712
17540
26649
5912
16248
16
4354
13
1207
4354
341
5204
1435
302
27740
18
2209
539
1094
1008
352
4354
351
6441
14964
16248
11499
2586
539
530
17208
386
5502
382
71093
16
539
1387
131296
38474
386
19720
5463
6758
433
2142
31594
4354
16
498
1347
265
38474
402
265
9453
489
84518
11
306
489
78152
11
306
35758
4550
2387
366
5772
27740
344
215350
6152
53432
680
3483
2428
361
31420
30
539
530
589
38474
898
27740
302
433
16
9612
6152
53432
16
689
539
1008
304
4802
386
5463
402
17156
27740
344
77
3077
1278
6152
53432
13
436
33649
12989
306
1450
11795
33649
3984
18
461
11279
9120
30
38474
40815
16
13334
16
4881
16
35758
17364
13
1207
35758
17364
10799
1030
1451
302
277
35758
27740
539
569
23940
35
2209
539
1008
304
31396
386
277
35758
14441
7662
468
277
1169
16
713
539
1387
4671
277
1889
302
15595
35758
499
277
199356
3065
18
2952
16
1850
8392
304
5203
4354
19986
396
2946
382
2608
6035
386
277
4354
302
433
1387
361
778
304
8696
225
696
35
41729
277
1310
4059
5463
402
4354
778
304
225
902
16
689
539
851
569
265
1310
402
225
21751
14317
23941
26579
11524
344
883
27740
13
304
225
24588
27919
22157
21868
19962
344
883
27740
13
4354
225
883
18
12854
1310
30
225
7992
22366
25599
22019
18248
344
883
27740
13
304
225
19528
26461
28360
27465
24282
344
883
27740
680
12854
1310
30
225
27
18833
25268
25314
13904
344
1068
27740
680
2586
31051
436
64594
344
4956
8696
225
902
680
2586
539
530
9284
898
31051
778
304
6441
16248
6030
21
16
306
352
1450
17208
1682
16131
18
3483
1387
361
504
22107
16248
13
535
2761
680
2209
1682
16131
10413
341
4081
306
530
361
19377
402
51628
8458
16
697
341
5128
18
2952
16
539
1008
304
5203
2927
108502
344
7846
225
622
66
883
680
2209
4753
15
21
341
468
1210
225
622
344
29753
4753
6758
29
16
4753
15
21
6758
622
680
2586
344
25665
15
21
20534
12
22542
17540
13
530
361
8730
344
73
1627
1278
225
622
66
883
13
689
539
1008
5204
11795
1682
16
697
22700
297
175676
3089
32088
18
2586
1850
6772
382
2608
539
1998
361
17034
30
1563
31051
2336
936
434
16
1682
16131
351
225
20
18
1563
31051
6743
434
16
1682
16131
351
4753
535
344
25665
15
21
20534
12
22542
17540
17
21
13
592
16514
17540
34
20
1625
225
21
18
2209
539
851
1008
304
2292
386
277
35758
27740
5895
436
616
6758
4753
16
697
539
3402
1645
29469
18
2952
16
903
341
387
4728
202267
30
1563
5463
1207
277
16514
4354
1518
225
20
16
277
1058
14387
344
4024
3040
13
4273
361
7810
18
2209
1065
819
277
1690
1207
277
35758
4059
277
1058
14387
35
9405
1094
890
16514
17540
351
225
20
18
2586
954
10413
13823
386
382
2608
341
411
2837
4309
386
277
16514
27740
530
361
839
499
225
20
568
25665
344
5324
1058
14387
1713
41872
13
7821
302
35758
35
8520
16
1480
277
35758
341
6842
306
27740
436
7821
16
396
1423
396
1450
14387
6758
4753
18
7517
539
3402
14559
35758
27740
6758
4753
16
7076
840
4728
27670
30742
16514
306
35758
382
27872
1682
16131
22107
8443
13
530
361
19377
297
504
12
21
13
1347
51628
8458
382
2608
17034
30
461
16514
4354
1387
361
2927
344
73
1627
1278
778
304
225
883
680
1583
3191
8458
402
3349
778
304
225
622
306
51628
778
304
225
883
341
39154
382
8311
16
352
1682
26649
5912
17540
17991
16
539
1008
38474
898
27740
18
2209
539
530
851
17208
411
77052
2505
35
1563
5463
402
7662
6441
27740
16
539
530
1761
302
1019
396
16514
344
4448
506
434
13
27740
7528
498
6842
35758
18
461
4550
386
277
4425
1435
6758
433
47821
304
19440
277
16514
766
402
277
16514
766
302
433
344
1833
1058
6441
6315
27740
733
1706
851
11532
386
592
277
16514
341
6792
304
433
494
16514
16
1232
277
35758
1998
361
6758
277
35758
302
433
35
41729
16
352
5463
402
6842
35758
16
277
9540
341
152068
8986
30
461
1435
341
7152
498
969
16514
27740
344
4448
6315
27740
13
306
1232
277
35758
344
27780
680
2586
304
1682
5463
6758
433
16
539
530
59689
898
2731
16514
2911
344
299
5463
302
4354
6441
6315
16
402
1058
14387
1713
41872
13
386
16
890
9634
402
277
6842
35758
16
6496
265
1435
6758
433
382
98908
16
1529
16514
17540
351
6441
506
434
18
4214
16514
27740
361
278
20
1424
84
1242
22542
17540
17
21
97
344
4024
3040
304
2750
680
461
2833
1435
1659
351
16514
535
225
622
244906
692
35758
10013
16
1207
35758
10013
341
11795
1333
302
272
18
7517
35758
10013
341
6842
16
277
28368
302
1659
21062
304
28368
302
16514
344
299
5463
302
4354
16514
17540
16
700
3077
1278
499
225
622
2421
22542
17540
17
21
97
304
225
622
2421
22542
17540
97
506
225
21
16
689
402
1058
14387
1713
41872
680
1563
1659
6758
433
16
539
1008
304
10049
277
4569
1435
18
957
530
361
3410
498
42407
433
983
969
16514
306
35758
5412
396
1357
30
4214
433
34727
351
9544
16248
855
225
622
244906
733
433
86521
351
433
1577
225
622
244906
18
5489
1375
17
1437
433
34727
1518
16514
2731
2687
35
41729
16514
530
361
839
1435
499
225
622
2421
22542
17540
17
21
97
304
225
622
2421
22542
17540
97
506
225
21
16
689
851
1450
14387
6758
4753
18
2586
1850
516
277
2833
2783
382
17
1563
1450
2731
16514
1333
370
344
155302
8308
14387
16981
306
1058
14387
1713
41872
733
539
1008
1659
351
370
535
225
622
244906
692
330
6758
433
16
1207
330
341
35758
10013
382
2110
530
1682
277
1435
302
93198
370
386
22465
1375
17
370
341
265
16514
17540
57329
1435
402
1450
14387
6758
4753
16
1058
14387
2308
20
382
17
370
535
225
622
244906
692
330
6758
433
382
1905
530
361
12652
983
1217
4027
1375
21
13
1437
370
460
433
34727
30
1232
1659
6758
370
14
622
244906
692
344
622
244906
506
225
21
13
6758
433
34727
14
622
244906
692
344
622
244906
506
225
21
13
697
2428
361
1518
433
35
26128
16
17034
382
2110
569
433
351
433
34727
535
225
622
244906
692
433
86521
382
2500
839
370
460
433
34727
16
539
569
370
14
622
244906
692
330
6758
344
50
34727
506
225
21
5708
622
244906
692
330
18
7517
344
50
34727
506
225
21
5708
622
244906
692
330
6758
433
34727
14
622
244906
692
344
622
244906
506
225
21
13
8696
35
2209
539
1008
304
10049
402
433
18
7517
330
6758
225
622
244906
506
225
21
344
299
35758
674
434
27740
733
539
569
370
14
622
244906
692
330
6758
344
50
34727
506
225
21
5708
622
244906
692
344
622
244906
506
225
21
13
351
433
34727
14
622
244906
506
225
21
18
3483
341
10098
6758
433
34727
14
622
244906
506
225
21
460
433
34727
14
622
244906
692
433
86521
344
29753
433
86521
6743
225
20
680
2586
592
370
460
433
34727
16
1232
1659
460
433
34727
14
622
244906
6758
433
35
41729
433
34727
14
622
244906
1387
361
1518
433
592
433
86521
460
225
20
35
2523
433
86521
341
1360
225
20
306
225
622
244906
506
225
21
18
2586
433
34727
14
622
244906
341
3673
6792
304
433
344
359
433
86521
33
20
13
420
5762
936
433
344
359
433
86521
34
20
680
26128
30
433
351
433
34727
14
622
244906
692
433
86521
18
2586
433
34727
14
622
244906
6758
433
344
29753
433
86521
6743
225
20
680
2586
592
370
460
433
34727
16
1232
370
14
622
244906
692
330
6758
344
50
34727
506
225
21
5708
622
244906
692
344
622
244906
506
225
21
13
351
433
34727
14
622
244906
506
225
21
16
697
341
460
433
34727
14
622
244906
6758
433
18
2586
14233
839
370
460
433
34727
22699
1659
460
433
16
6298
1659
6758
433
17
21
16
713
1659
6758
433
18
2586
616
1175
370
344
155302
8308
14387
16981
13
436
4080
382
22
13
1437
370
1377
433
34727
30
1232
539
1008
1659
6758
433
16
700
3077
1278
433
34727
14
622
244906
692
330
6758
433
34727
14
622
244906
692
433
86521
1117
330
6758
433
86521
18
2586
539
1008
330
6758
433
86521
18
7517
330
341
6842
16
492
341
3673
1641
420
2044
18
1437
1641
16
1232
370
351
433
34727
341
4080
31
1625
516
382
23
13
1437
370
1518
433
34727
30
1232
1659
1518
433
16
15235
382
27872
16
277
1682
302
4080
93198
341
1375
17
4716
302
616
93198
370
344
5324
14387
16981
13
386
436
2336
936
433
34727
344
77
3077
1278
370
297
648
622
2421
22542
17540
17
21
2547
433
34727
506
225
21
65
306
31666
14387
16981
2570
17
15038
11568
225
21
592
433
34727
5513
34494
14387
16981
306
330
6758
433
86521
382
9172
30
6755
539
1008
304
4802
386
277
35758
330
5513
34494
14387
16981
16
689
539
3402
14559
29469
386
1450
14387
302
272
6758
4753
18
2952
16
539
851
1008
304
4802
386
277
35758
766
302
433
344
50
86521
13
674
969
27740
11568
45844
4753
35
2523
16
277
14387
16981
5646
304
277
4569
1435
1659
16
2291
969
35758
18
7517
239708
35758
341
6842
330
16
539
3402
1287
1850
20672
18
2586
539
1907
1008
304
2292
433
86521
27740
31
277
4550
341
1094
366
1659
16
516
433
382
2608
5522
30
461
1435
1659
1998
569
616
27740
6758
4753
18
9405
19347
592
16514
27740
6758
4753
306
330
27740
6758
4753
18
2586
592
539
1682
93198
386
22465
14387
16981
16
306
330
27740
436
20672
16
1232
1659
341
4080
18
2586
539
1060
1008
304
4802
16514
27740
16981
382
27872
16
539
530
17208
1682
26649
5912
17540
17991
498
1375
17
42379
433
34727
351
433
781
225
622
244906
203
17
42379
433
86521
351
433
1577
225
622
244906
300
17
4214
35758
10013
351
853
2350
13
344
956
17034
30
272
874
569
6152
53432
35
2209
272
341
4898
11795
16
713
840
6152
53432
18
2952
16
539
1998
1994
386
35758
10013
874
569
17156
936
434
27740
592
272
674
6152
53432
35
461
2746
4060
272
341
265
1794
15739
265
4898
11795
18
2586
1850
20672
14384
17
6621
592
35758
10013
1518
433
86521
30
1232
277
1690
370
1377
433
34727
341
15235
16
713
539
1094
1682
93198
460
433
34727
382
17
42379
1682
156469
351
1435
302
16514
5463
344
5324
14387
16981
306
1058
14387
1713
41872
13
386
436
460
433
34727
382
17
1437
35758
10013
6758
433
86521
306
433
34727
5513
34494
14387
16981
16
1232
919
225
21
382
27872
16
539
1008
265
1154
1682
34727
275
156469
148407
124651
120498
16
433
34727
13
1207
4753
120498
341
277
2687
14387
4753
16
306
539
1587
304
1682
5463
302
7662
16514
17540
27740
344
77
3077
1278
402
7662
16514
17540
27740
16
1058
14387
1713
41872
13
386
436
6758
910
5879
374
344
9012
433
34727
506
225
21
13
306
22465
1450
14387
6758
4753
18
957
341
15837
265
14387
38474
352
5463
302
6842
4354
16514
17540
16
2142
13334
16
689
539
1008
304
1682
616
5463
302
386
4354
386
22465
14387
16981
16
306
851
5463
2336
936
265
2688
5879
374
382
2608
6035
30
16514
17540
1387
361
7810
344
359
6441
1377
434
680
610
386
1690
16
903
341
840
16514
16
306
277
4550
17045
304
1060
15990
592
330
6758
433
86521
344
414
851
330
6758
433
35
41729
592
6441
1377
434
16
1232
277
1435
1659
351
330
18
5489
1659
6758
433
86564
330
6758
433
18
7517
433
674
1656
4354
16
433
86521
351
433
1577
225
622
244906
351
433
344
29753
433
460
225
622
244906
592
6441
1377
434
680
26128
16
592
6441
1377
434
16
1232
433
674
7662
434
27740
16
713
433
34727
351
433
781
225
622
244906
351
225
20
16
306
433
86521
351
433
18
5489
954
7977
1690
30
433
34727
351
225
20
16
697
341
516
265
4080
16514
1480
16514
4354
341
225
20
16
713
539
1008
304
2489
22560
18
610
277
3449
1557
16
890
16514
17540
351
225
20
16
277
16514
341
8295
16
306
277
1435
341
1060
330
18
2586
1682
26649
5912
17540
17991
351
225
21
592
330
6758
433
306
330
34494
14387
16981
344
8781
539
3402
14559
680
2586
352
6441
1377
434
16
1850
4081
30
1060
2292
592
35758
10013
6758
433
382
27872
16
539
530
5203
6441
1377
434
396
265
3364
1690
30
758
225
21
592
35758
10013
6758
433
1625
225
20
382
104340
16
16514
17540
351
6441
506
434
1518
225
20
382
8311
16
539
1008
304
1682
93198
302
4354
16514
17540
386
436
2336
936
433
34727
344
4271
433
34727
341
387
11795
302
4354
16514
17540
16
689
874
569
6152
53432
35
41729
433
34727
341
277
11795
14031
302
433
498
225
622
244906
16
697
22699
265
1435
402
778
304
16514
17540
27740
344
44273
569
17156
27740
592
433
341
2164
680
2952
16
2650
6441
351
6441
16248
13
1518
434
16
433
34727
674
468
1210
16514
17540
27740
18
2209
411
1387
569
17156
27740
592
277
3634
27740
302
433
436
7810
35
2523
16
1480
433
674
6441
27740
16
306
539
20947
498
225
622
244906
16
539
771
277
1210
3040
16514
17540
27740
302
433
18
15040
27740
1027
265
1435
402
7662
16514
17540
27740
344
29753
277
1210
3040
14387
302
433
341
1713
41872
16
306
539
2553
16514
17540
27740
680
2586
433
34727
341
265
1435
402
7662
16514
17540
27740
344
9060
14387
1713
41872
680
9177
382
27872
16
539
1008
304
1682
5463
302
7662
16514
17540
27740
344
9060
14387
1713
41872
13
402
1450
14387
6758
4753
16
306
2336
936
433
34727
382
1905
341
265
16013
14387
38474
2746
30
1682
5463
302
265
2688
4354
402
14387
16981
306
2336
936
265
2688
5879
374
344
8781
674
277
1656
4354
680
7517
539
1008
5463
2336
936
374
344
6564
362
2336
733
539
530
17208
1682
302
616
5463
302
386
4354
31666
16981
16
30774
1731
6743
374
35
2491
17208
5502
1347
38474
402
13334
9453
18
7517
16514
17540
6758
225
883
16
539
530
1060
589
265
14387
38474
898
277
27740
302
374
344
8781
341
433
34727
13
304
1682
5463
6758
374
17
21
386
22465
16981
18
2209
539
1008
304
1682
5463
2336
936
433
34727
16
516
6758
433
34727
17
21
35
41729
539
1587
370
460
433
34727
18
2586
539
530
1682
5463
6758
433
34727
506
225
21
18
7517
433
34727
341
11795
16
539
530
2489
5879
351
433
34727
506
225
21
18
2209
592
433
34727
351
225
20
35
887
4445
361
225
20
1480
16514
17540
34
20
306
1058
14387
1713
41872
18
2586
20672
382
71093
16
539
530
17208
1682
302
616
1175
5463
302
4354
16514
17540
344
10465
411
2983
16131
34727
275
13
306
1232
57859
1731
6743
433
34727
344
77
3077
1278
1682
302
5463
6743
433
34727
386
22465
16981
680
2209
386
2428
361
717
16553
1480
539
1008
304
1682
5463
6743
433
34727
16
697
341
3600
304
1682
26649
5912
16248
34727
13
506
225
21
35
41729
539
530
911
38474
304
1682
5463
6758
1659
5502
18
2586
539
530
3138
265
1154
1682
34727
275
26649
5912
124651
120498
16
1659
16
4354
13
386
6714
277
1682
302
5463
302
7662
489
11228
11
27740
344
9060
14387
1713
41872
13
402
1450
14387
6758
4753
16
306
6758
1659
18
5489
1682
156469
351
1682
34727
275
26649
5912
16248
34727
506
225
21
2570
2608
17034
30
1659
351
433
34727
506
225
21
874
569
17156
27740
936
16514
17540
18
1563
2024
16
433
34727
1387
361
225
21
937
16
16514
17540
33
24
16
1232
1659
33
4542
16
697
674
1094
225
23
27740
18
36902
302
4354
225
24
386
436
6758
225
4542
35
4628
16
1480
277
21820
225
24
57329
1435
341
225
21
937
18
2586
539
1008
304
5203
277
1690
1207
1659
460
225
622
2421
22542
17540
17
21
97
344
77
3077
1278
1659
674
17156
27740
680
610
386
1690
16
1682
156469
351
225
20
382
27872
16
539
1008
265
1154
386
19720
5463
302
7662
4354
434
20
344
5324
1058
14387
1713
41872
13
31666
14387
16981
16
306
6758
265
2688
5879
398
18
957
530
361
3410
402
265
14387
38474
386
163704
898
27740
302
398
16
689
539
851
1008
304
2698
352
277
6842
4354
18
4032
1528
30
26186
398
402
6152
53432
304
4354
434
20
35
2209
1232
539
1011
1682
5463
402
6152
53432
344
77
3077
1278
5463
402
17156
27740
13
697
539
1907
1587
18
2586
539
1008
304
31396
277
1058
14387
1713
41872
18
2586
539
530
589
38474
898
10690
499
1210
3040
304
2750
16
402
1889
30
2413
16
13334
16
306
8696
265
9453
14999
3473
539
569
4881
35
2209
2650
539
436
1094
27946
5463
302
7662
4354
434
20
16
539
530
5207
31396
386
468
277
1058
2413
16
14387
6743
225
21
18
9405
3600
304
277
38474
539
15422
1078
689
352
5463
302
6842
4354
18
2586
539
530
3138
265
29573
38474
352
27946
5463
302
265
2688
4354
434
20
16
402
14387
4753
16
306
6758
5879
398
16
306
851
22465
35758
16981
592
4494
35
2209
352
16514
27946
16
539
1907
569
35758
16981
1480
35758
341
8156
18
2586
539
1060
1008
304
1682
5463
302
4354
434
20
402
1450
14387
6758
4753
16
1058
14387
1713
41872
16
306
6758
398
382
1905
38474
530
361
3410
86842
402
42626
1701
898
344
1084
16
13334
680
7517
4354
6758
225
883
16
1850
39154
382
2608
539
851
1008
304
5203
4347
1310
4027
35
10546
730
1465
304
1682
59283
1323
2907
184257
621
1310
18
2586
539
530
10373
304
589
38474
621
1465
382
10917
16
539
1998
361
17034
30
461
38474
352
27946
5463
302
265
2688
4354
402
14387
16981
306
6758
5879
530
361
3410
402
4081
34198
382
2110
530
851
17208
2983
16131
34727
275
5502
30
2983
16131
34727
275
351
4753
535
344
25665
15
21
20534
12
22542
17540
17
21
680
9405
277
2983
5463
302
386
4354
31666
14387
16981
344
9060
14387
1713
41872
680
9405
4260
382
14032
539
1008
304
1682
1731
386
436
460
433
34727
18
1283
1387
17208
1682
156469
351
2983
16131
34727
275
506
1682
34727
275
86281
16248
34727
680
2209
1682
34727
275
86281
1011
361
5463
6743
433
34727
16
697
341
3600
15924
382
66355
30
5904
38474
304
1682
5463
6758
433
34727
506
225
21
16
402
277
4354
25284
382
2608
433
34727
506
225
21
1387
361
8730
344
848
304
225
622
66
883
680
2952
16
38474
898
27740
341
7434
382
4892
16
6381
8860
1375
17
12061
30
1472
16
12216
16
4753
16
272
382
17
272
120498
351
648
545
3323
13
352
274
297
272
11294
434
351
6441
2350
120498
2570
17
1437
839
3524
1518
4753
352
282
297
272
120498
2738
758
225
20
382
17
42379
35758
10013
351
853
2350
13
344
273
539
530
2553
396
1794
304
10049
152068
56675
35
2209
539
1008
35576
9540
352
330
6758
433
86521
18
7517
539
569
433
86521
396
11795
16
539
530
17208
35758
10013
351
853
2350
680
2952
16
17034
30
272
874
569
6152
53432
35
461
2746
4060
4898
11795
16
713
840
6152
53432
16
689
539
530
2188
5203
592
903
436
16
689
539
530
6724
1850
6772
382
17
29261
265
29573
1154
1682
16131
12957
14607
22107
8443
2407
298
592
6441
8443
460
434
30
758
225
20
203
298
16514
17540
351
6441
8443
506
434
203
298
592
16514
17540
1377
225
20
638
348
758
225
21
225
905
35758
5513
16
3402
14559
27740
6758
4753
203
298
1625
638
348
905
2983
5463
302
7662
6441
8443
27740
31666
14387
16981
203
348
905
1058
14387
30
225
21
568
25665
1117
4753
12423
203
348
905
10652
16514
17540
17
21
27740
30
225
20
568
25665
1117
344
25665
15
21
20534
12
22542
17540
17
21
465
348
758
4753
535
344
25665
15
21
239288
22542
17540
17
21
994
2608
5522
30
19100
304
2292
386
35758
27740
436
616
6758
4753
16
697
539
3402
1645
18
6755
1008
304
2292
386
277
35758
5513
1414
516
569
6152
53432
35
3557
4494
382
17
29261
265
29573
1154
1682
34727
275
26649
5912
124651
16
4354
16
5879
13
386
6714
1435
302
5463
402
7662
489
11228
11
27740
344
9060
14387
1713
41872
733
1450
14387
6758
4753
16
306
6758
5879
382
261
1437
5879
460
225
622
43271
11228
17
21
2738
758
225
20
344
29753
21820
4354
57329
1435
341
225
622
2421
11228
17
21
101388
261
20737
5879
304
1794
302
27740
302
4354
344
50180
11743
402
6152
53432
35
2209
5879
874
569
17156
27740
936
4354
31
689
539
3402
5203
5879
460
225
622
2421
11228
17
21
97
1690
680
2586
5879
6743
225
622
2421
11228
17
21
35957
261
1283
530
3138
38474
1375
261
27740
351
1568
24094
5232
16
1284
5311
808
11762
261
905
4354
351
6441
3524
77266
13
1377
4354
35
41729
5879
874
361
778
304
225
622
2421
11228
97
506
225
21
16
689
969
14387
4354
1387
361
2336
936
4354
592
5879
674
6152
53432
35
2209
592
5879
6743
225
622
2421
11228
17
21
2547
969
14387
11183
642
569
3673
4354
420
4354
17
21
27740
35
26128
30
1563
2024
16
4354
33
23
16
5879
33
2905
18
225
2905
674
225
23
27740
16
1656
396
4354
18
1437
5879
33
4542
16
851
225
23
27740
18
1437
5879
33
21
937
35
9405
4354
33
24
18
2586
5879
6743
225
622
2421
11228
17
21
97
18372
5879
674
468
2750
4354
27740
35
41729
225
622
2421
11228
17
21
97
341
277
21820
1435
402
4354
27740
18
2586
5879
6743
386
16
713
969
19229
11183
674
468
2750
4354
27740
18
2209
411
1387
569
717
936
4354
27740
592
5879
6743
225
622
2421
11228
105323
2952
16
592
5879
1078
717
936
4354
27740
16
1232
5879
1011
361
6743
225
622
2421
11228
2547
697
341
1518
6756
2731
1435
302
4354
27740
344
8781
341
225
622
2421
11228
97
506
225
21
680
2586
5879
4273
569
717
936
4354
27740
18
2586
5879
494
14387
4354
341
7662
4354
344
29753
5879
460
225
622
2421
11228
105323
41729
5879
1387
361
7662
225
622
2421
11228
97
506
225
21
16
697
674
4354
27740
18
2586
12035
16
5879
494
14387
4354
25782
4354
18
2586
539
530
2489
27740
396
1568
302
4354
382
261
5489
38474
40815
16
13334
2407
1426
592
912
1377
4354
30
758
225
21
203
1426
2687
123983
351
27740
74686
65
592
13334
1625
4753
203
1426
2983
351
225
20
203
1426
905
34087
3598
5879
352
492
2413
638
1426
592
912
1377
225
20
638
2613
3598
351
225
21
261
905
1058
14387
4273
361
7810
203
1426
1625
638
2613
3598
351
225
20
203
1426
352
282
297
2783
185788
16
2687
123983
15
21
2407
2613
905
851
1008
282
6758
4753
344
83575
60039
498
2687
123983
6758
4753
465
2613
2983
4284
29124
40815
15
21
16
13334
306
344
72
1377
27740
74686
35542
1426
758
2983
300
261
2209
6035
30
610
492
38474
16
539
436
27946
5463
302
7662
4354
27740
386
436
6758
5879
16
402
1450
14387
6758
4753
16
306
1058
14387
1713
41872
18
957
341
4309
382
261
2952
16
539
851
1008
304
1994
386
592
4753
460
3598
344
77
3077
1278
4753
460
225
21
352
1058
14387
733
1232
840
5463
18
2209
4753
6743
21
621
16981
382
261
957
38474
642
17208
277
1682
382
261
2209
539
2428
1008
304
42626
743
18
7517
4354
6758
225
883
16
77647
6772
382
17
6013
16
17208
285
16248
16034
261
917
1682
8343
40752
16248
2407
1426
592
433
460
225
20
30
758
225
20
203
1426
27740
3804
351
1284
16248
465
1426
6441
3804
351
6441
3524
77266
3804
994
1426
2983
351
225
20
203
1426
905
14610
898
31051
2336
936
6441
3804
203
1426
352
6441
8443
297
2783
12
21
16
6441
3804
2407
2613
2983
4284
1682
16131
12957
14607
22107
8443
994
1426
905
6013
5203
4354
1377
6441
3804
203
1426
592
6441
3804
460
434
638
2613
905
2523
5463
302
492
4354
530
569
35758
302
4354
434
203
2613
905
2586
5601
4472
352
492
4354
388
2613
1717
203
1426
12542
6441
3804
1377
434
638
2613
905
10546
2731
1435
341
272
5513
16
592
6758
433
306
27740
6758
4753
344
83575
14559
465
2613
592
853
2350
13
6758
433
638
3877
2983
4284
225
21
203
1426
1625
30
905
6441
3804
1518
434
203
2613
16514
17540
351
6441
3804
506
434
203
2613
433
34727
351
433
781
344
622
478
48
465
2613
433
86521
351
433
1577
344
622
478
48
465
2613
35758
10013
351
853
2350
465
2613
905
4716
93198
2336
936
433
34727
203
2613
592
433
34727
1518
225
20
30
905
433
34727
341
468
2750
225
21
1480
1058
14387
1713
41872
203
3877
905
19100
1682
302
93198
302
4354
16514
17540
16
14387
6758
4753
16
1058
14387
1713
41872
16
386
436
6758
433
34727
506
225
21
203
3877
592
433
34727
506
225
21
6743
225
622
43271
22542
17540
17
21
2738
905
1625
7810
203
7779
2983
4284
1682
34727
275
26649
5912
124651
16
16514
17540
16
433
34727
506
225
21
465
3877
905
1625
840
93198
2336
936
433
34727
35
41729
592
433
34727
1377
225
622
43271
22542
17540
17
21
13
344
1833
21820
16514
17540
57329
1435
733
1232
433
34727
506
225
21
460
225
622
43271
22542
17540
17
21
733
713
840
93198
2336
936
411
18
2586
1682
156469
351
225
20
388
2613
905
6013
2292
592
433
34727
5513
341
4080
306
35758
10013
6758
433
86521
203
2613
905
19100
304
2292
592
433
34727
34494
14387
16981
344
9060
14387
1713
41872
16
616
27740
6758
4753
13
306
851
592
35758
10013
6758
433
86521
388
2613
592
35758
10013
6758
433
86521
638
3877
905
6621
592
433
34727
341
265
4080
16514
344
77
3077
1278
1450
14387
6758
4753
16
1058
14387
1713
41872
465
3877
905
2209
851
1008
304
4802
386
433
34727
674
7662
16514
17540
27740
35
887
1414
1480
1850
433
781
225
622
244906
16
306
6441
3804
1518
434
16
713
433
34727
674
16514
17540
27740
388
3877
905
2586
539
530
2292
592
616
27740
302
433
34727
436
6758
4753
388
3877
592
616
5232
3524
13
6758
4753
352
282
297
1284
16248
34727
30233
7779
2983
4284
225
21
300
1426
758
2983
300
2608
341
492
4309
35
16473
1310
402
7120
382
7974
1310
30
1682
59283
1323
2907
184257
12
21
16
225
26
937
16
225
24
16
373
12827
2272
2110
2364
225
25
382
49541
20488
30
8672
5463
436
1731
17299
402
225
12827
306
27740
6758
24
18
3914
5463
6758
26
937
386
1169
402
225
12827
30
225
12827
16
225
21
12827
16
225
22
12827
16
225
23
12827
16
225
24
12827
35
225
24
12827
27740
30
225
24
16
21
16
22
16
24
616
6758
24
35
225
24
26720
24
16
21
26720
24
16
22
26720
24
16
24
26720
24
16
12035
18
225
25
12827
1518
26
937
35
225
25
12827
1518
26
937
35
41729
225
25
12827
460
26
937
16
27740
225
25
1518
24
16
713
15235
18
225
26
12827
1518
26
937
35
225
26
12827
1518
26
937
16
689
851
14387
225
26
1518
24
18
2586
1094
225
12827
16
21
12827
16
22
12827
16
23
12827
16
24
12827
436
4080
35
6755
8696
225
2577
35
840
18
2586
225
25
5463
18
3483
14441
382
8311
17208
3874
954
1557
382
25665
33
24
16
272
508
12827
728
434
33
23
16
35758
10013
33
12827
16
35758
27740
616
6758
24
382
54641
1682
16131
12957
14607
22107
8443
2407
4448
8443
33
21
30
460
48
1117
20
203
4448
8443
33
22
30
460
48
1117
20
203
4448
8443
33
23
30
16514
17540
33
20
1117
1682
16131
33
21
344
359
35758
6758
4753
16
12035
465
4448
8443
33
24
30
16514
17540
33
21
1117
2983
351
4753
535
344
25665
15
21
20534
12
20
13
351
4753
351
24
35
41729
16514
17540
33
21
16
713
1058
14387
12423
30
225
21
568
25665
1117
225
24
12423
18
2586
5463
30
225
21
12827
16
22
12827
16
23
12827
16
24
12827
1117
225
24
5463
388
4448
8443
33
25
30
16514
17540
33
22
1117
2983
351
4753
535
344
25665
15
21
20534
12
21
13
351
225
24
14
25
33
696
5463
18
2209
436
616
1131
6758
35
3557
33649
297
285
16248
13
352
433
33
26
937
1480
6441
8443
33
25
5463
436
1518
26
937
344
29753
21820
225
25
57329
1435
341
225
622
937
1518
26
937
680
2586
724
7258
361
5101
1480
539
1094
4455
31051
2336
936
6441
16248
13
344
4448
3804
33
24
680
2586
2983
499
31051
460
24
30
6441
21
16
22
30
20
31
6441
23
30
21
18
5489
4354
1377
24
30
539
1008
304
1682
5463
302
4354
225
24
6758
26
937
18
6441
3804
33
24
1117
6441
3804
1377
434
35
41729
434
33
23
16
6441
3804
33
24
1518
434
18
2586
16514
17540
33
21
16
433
34727
351
433
781
225
622
66
23
351
225
26
937
781
225
21
937
351
225
26
16
433
86521
351
225
26
937
1577
225
21
937
351
225
20
18
35758
10013
33
12827
382
8311
1682
93198
2336
936
433
34727
30
433
34727
33
26
16
16514
17540
33
21
18
4716
93198
6758
25
35
41729
2336
936
225
26
30
5463
302
4354
225
21
402
1058
14387
1713
41872
306
14387
6758
24
16
306
6758
25
18
15040
436
30
225
21
16
22
16
23
16
24
16
25
35
2209
14387
225
25
1518
4753
225
24
16
713
1094
225
21
16
22
16
23
16
24
1117
225
24
5463
18
2586
1682
156469
351
225
24
18
5489
2292
433
34727
5513
344
26
13
341
4080
35
433
34727
33
26
16
14387
225
26
1518
4753
225
24
1117
15235
18
2586
2983
352
4354
24
351
225
24
18
14610
402
6441
23
1682
225
21
6632
2983
285
12
26
937
5791
25
18
9177
382
8311
1749
1310
30
1682
59283
1323
2907
184257
12
883
16
225
16241
16
225
26
16
373
622
2191
1117
4655
225
22
382
19477
1568
8672
5463
30
1169
402
373
622
728
1450
14387
6758
26
18
36902
1360
225
883
306
225
16241
24273
30
1041
17
225
6880
35
225
6880
11751
402
225
622
35
41729
35758
373
622
1023
2009
1217
27740
1998
361
225
21
306
225
20
18
2586
5463
1013
225
622
16
225
6880
16
225
11195
16
4115
18
225
6880
341
2223
648
883
16
16241
2315
27740
30
225
21
16
21
16
20
616
6758
26
35
225
21
16
21
16
20
6758
26
16
12035
18
225
11195
341
225
11195
1518
16241
35
225
11195
341
6758
16241
16
27740
225
22
16
21
16
20
6758
26
16
12035
18
6755
225
622
341
225
622
460
883
16
516
5101
18
225
622
35
516
18
2586
225
6880
306
225
11195
1117
225
22
5463
18
2586
4655
225
22
382
8311
17208
402
954
1557
382
25665
33
26
16
272
508
622
728
434
33
22
16
35758
10013
33
622
16
27740
344
21
16
20
13
1804
6758
26
382
50
33
16241
16
6441
3804
33
23
382
49541
2983
31051
2336
936
225
23
30
6441
21
30
460
48
1117
20
31
6441
22
30
16514
17540
33
20
1117
1682
16131
33
21
35
2209
6441
22
1377
434
16
713
5463
302
4354
225
22
386
436
7662
272
30
225
622
18
2209
341
225
622
6743
1472
35
1563
285
16248
13
539
1682
616
5463
6758
433
16
516
1060
297
2783
18
2586
285
12
16241
13
4059
225
622
18
2209
1232
539
57859
285
12
992
680
2586
13640
17208
285
12
16241
13
1058
382
2500
6441
22
30
2650
6441
22
1377
434
16
1682
16131
33
21
344
29753
35758
27740
6758
4753
680
2586
6441
22
28446
225
21
382
4448
23
30
6441
3804
33
23
1518
434
33
22
16
16514
17540
33
21
18
433
34727
351
433
781
225
622
66
22
351
225
16241
781
225
1296
351
225
22
16
433
86521
351
225
16241
1577
225
1296
351
225
883
18
35758
10013
33
622
382
4583
93198
2336
936
433
34727
30
433
34727
33
22
16
16514
17540
33
21
18
4716
93198
6758
21
35
41729
2336
936
225
22
30
5463
302
4354
21
402
14387
6758
26
16
1058
14387
1713
41872
16
6758
21
30
1094
225
21
18
2586
1682
156469
33
21
344
82226
225
21
680
6621
433
34727
33
22
5513
30
27740
30
225
22
6758
26
16
713
4080
18
6755
1008
35758
10013
6758
433
86521
30
225
622
6758
225
883
1641
18
2586
919
225
21
18
2586
6441
23
28446
225
21
15
21
33
22
382
10914
285
12
16241
13
351
6441
21
30
20
692
6441
22
30
21
692
6441
23
30
22
351
225
23
382
8311
285
12
992
2738
433
33
992
16
6441
3804
33
22
18
7517
6441
3804
1377
434
35
434
33
22
16
713
6441
3804
1377
434
16
713
1094
2731
1435
341
272
5513
592
6758
992
18
272
33
622
6758
992
16
713
285
12
992
5791
21
18
2586
3032
351
285
12
16241
6030
74
12
992
5791
23
17
21
33
22
18
9177
382
39521
1310
30
1682
59283
1323
2907
184257
12
21
937
16
22
937
16
24
1619
23
937
2191
1117
4655
225
20
382
87
508
23
937
728
434
33
24
16
4753
33
24
18
6621
35758
27740
30
225
23
16
20
16
20
16
20
616
6758
24
16
6674
382
8311
2783
648
21
937
16
22
937
1807
16473
1568
5463
17299
402
225
23
937
306
27740
6758
24
18
461
21820
1175
1435
341
225
23
937
5513
16
689
225
23
937
1518
22
937
35
225
23
937
1518
22
937
16
713
5023
18
6755
5463
1013
225
1068
937
16
4115
1278
689
1518
22
937
18
2586
225
20
382
8372
1557
1375
49541
285
12
22
937
680
433
33
22
937
16
6441
3804
33
24
18
7517
6441
3804
1377
434
35
434
33
24
16
12035
18
2586
6441
3804
1377
434
16
1094
2731
1435
341
272
33
23
937
592
6758
22
937
18
225
23
937
1518
22
937
16
713
1682
33
20
18
2586
285
12
22
937
5791
20
18
285
12
4542
2738
433
33
4542
16
6441
3804
33
23
460
434
33
24
16
713
840
5463
302
4354
225
23
530
569
35758
4354
225
24
18
2586
285
12
4542
5791
20
18
2586
3032
33
20
18
9177
382
27872
16
277
1557
5563
4309
382
8311
539
1008
304
3138
1682
34727
275
26649
5912
124651
16
4354
16
5879
680
2952
16
6035
386
539
851
1008
304
1994
386
277
16514
27740
1998
361
6758
4753
18
5641
38474
642
31396
386
1480
2687
123983
351
27740
74686
65
592
13334
1625
4753
16
306
539
59689
282
778
304
2687
123983
18
3483
18373
282
6758
4753
344
29753
2687
123983
6758
4753
680
2952
16
1065
819
277
3598
5879
35
1563
912
582
20
16
3598
33
21
18
2209
1065
592
4753
460
225
21
35
4753
6743
21
713
6674
382
2608
1065
592
4753
341
2336
936
277
3598
5879
35
1563
912
582
20
16
3598
33
21
16
689
4753
1387
361
225
20
35
2523
16
4753
6743
21
382
4892
38474
4229
382
2608
539
1008
304
361
17034
819
2927
108502
890
13131
344
25665
15
21
239288
22542
17540
17
21
13
352
1682
16131
12957
14607
18
9405
6772
382
8311
539
1008
304
4802
386
277
38474
352
1682
34727
275
26649
5912
341
7434
18
7517
4354
6758
225
883
16
1850
6772
382
2608
539
851
1008
304
5203
4027
1207
16514
17540
1387
361
778
304
16
2132
16
225
883
18
9405
6772
382
24157
52375
1375
17
272
874
569
4354
225
21
18
5489
434
33
21
18
5489
352
5463
302
4354
6441
8443
16
16514
17540
351
6441
8443
17
21
18
461
35758
341
265
3225
14387
18
5641
1557
2188
4229
30
1682
16131
352
6441
8443
351
434
35
1437
6441
8443
582
21
16
1682
16131
351
225
21
592
14387
6758
4753
18
1563
6441
8443
1518
225
21
16
1682
16131
351
4753
535
344
25665
15
21
20534
12
22542
17540
17
21
680
1563
27946
778
304
433
16
539
5203
6441
3804
1518
434
1690
27698
30
16514
17540
351
6441
3804
506
225
21
16
433
34727
351
433
781
225
622
16
433
86521
351
433
1577
225
622
18
35758
10013
351
853
2350
680
5489
1682
93198
2336
936
433
34727
1347
38474
16
306
2292
433
34727
5513
402
35758
10013
6758
433
86521
306
433
34727
27740
6758
4753
382
17
272
874
569
4354
1518
6441
3804
352
277
7866
5879
16
1232
6441
3804
460
434
16
713
1682
8343
40752
16248
5791
20
344
29753
539
1094
4455
31051
460
6441
3804
306
6441
3804
460
434
713
840
15667
680
9405
4309
382
17
1472
17
21
874
361
6484
18
1682
8343
40752
12
26678
13
1196
758
225
20
18
5641
1682
8343
40752
642
5203
433
32
20
3836
382
17
1283
1998
851
1994
386
277
35758
27740
5895
1998
361
6758
4753
31
539
3402
2292
386
29469
382
17
6755
16
352
6441
3804
1518
434
16
539
1008
304
4802
386
277
35758
10013
344
1833
11795
1333
302
272
13
341
6758
433
86521
35
9405
766
302
277
4550
382
17
1563
277
2292
302
433
34727
5513
1610
4080
16
539
1008
304
4802
386
433
34727
674
7662
16514
17540
27740
35
887
1414
1480
433
674
6441
3804
27740
306
539
5909
434
27740
499
277
1169
18
2952
16
592
433
34727
674
6152
53432
35
1563
2024
16
433
351
225
21
4662
16
434
33
22
16
433
34727
351
225
622
344
29753
225
21
4662
781
225
1296
351
225
622
733
697
341
225
22
27740
16
6772
18
2209
1065
819
433
351
225
21
4662
16
434
33
23
16
433
34727
351
225
21
344
29753
225
21
4662
781
225
21
937
351
225
21
680
5489
16514
17540
351
6441
3804
506
434
351
225
24
17
23
33
21
16
433
34727
33
21
674
225
21
14387
16
6674
18
2586
1850
6772
382
17
1563
277
38474
1682
34727
275
26649
5912
16
539
1008
304
5203
5879
351
433
34727
506
225
21
18
957
5879
874
569
17156
27740
936
16514
17540
592
433
34727
341
277
21820
16514
17540
57329
1435
344
77
3077
1278
225
622
2421
22542
17540
17
21
25171
610
386
1690
16
5879
460
225
622
2421
22542
17540
17
21
2547
306
539
758
225
20
18
9405
4309
382
17
6755
16
890
539
17208
2983
499
31051
2336
936
6441
3804
16
539
4455
1682
16131
12957
14607
22107
8443
13
352
6441
8443
499
225
21
304
6441
3804
17
21
18
2952
16
539
1998
4802
386
1682
16131
12957
14607
22107
8443
13
1094
19720
5463
386
436
4080
344
77
3077
1278
35758
27740
6758
4753
13
697
539
3402
14559
29469
18
2586
1850
6772
382
2608
539
1998
851
1994
386
352
31051
2336
936
434
16
1682
16131
12957
14607
6714
225
20
16
396
539
44724
382
8311
16
13640
1310
402
277
3419
4728
1310
4027
382
61792
3138
306
1310
38278
910
382
3506
225
24
30
1682
59283
1323
2907
184257
12
1960
16
225
18467
16
225
29
16
373
29
2191
1117
4655
225
1199
382
25665
33
29
16
272
508
29
728
434
33
21
16
35758
10013
33
29
382
49541
285
12
18467
680
433
33
18467
16
6441
3804
33
23
18
7517
434
33
21
16
6441
3804
1518
434
382
20454
31051
460
23
30
6441
21
30
6441
21
1377
434
35
41729
6441
21
351
21
16
434
33
21
1117
6441
21
1377
434
16
713
1682
16131
12957
14607
12
21
13
351
225
21
592
14387
225
29
6758
29
16
12035
1117
225
21
18
6441
22
30
6441
22
1518
434
16
16514
17540
351
225
21
16
1682
16131
351
4753
535
344
25665
15
21
20534
12
20
13
351
225
29
18
2586
2983
499
31051
460
23
30
6441
21
30
21
16
6441
22
30
29
1117
225
622
382
8311
4354
1377
23
30
16514
17540
351
225
22
16
433
34727
351
433
781
225
622
66
21
351
225
1592
16
433
86521
351
225
25
16
35758
10013
33
29
382
4583
93198
2336
936
433
34727
30
433
34727
33
1592
16
16514
17540
33
22
18
19100
5463
302
7662
225
22
27740
344
9060
14387
1713
41872
733
1450
14387
6758
29
16
6758
1670
18
11612
1175
5463
35
7517
4753
33
29
16
616
1217
57329
5463
499
225
622
304
225
959
569
27740
6758
29
16
689
539
1008
6758
1670
18
2586
1682
302
1217
57329
5463
6758
1670
30
499
225
622
304
225
1670
24273
1117
225
1145
5463
18
2209
851
1008
1058
14387
1713
41872
344
83575
13
306
27740
6758
29
344
514
680
2586
1682
156469
351
225
1145
35
16473
17208
30
225
622
17
1670
24273
1682
351
225
1670
17
622
15
21
351
225
1145
18
2586
1682
156469
33
1145
382
5790
433
34727
33
1592
30
27740
225
22
306
225
27
16
1804
6758
29
16
713
4080
18
6755
1008
35758
10013
6758
433
86521
30
225
29
6758
225
25
35
2044
18
2586
433
34727
516
4472
18
2586
4354
23
28446
225
1145
382
10914
285
12
18467
13
351
225
622
692
225
1145
351
225
1592
382
8311
285
12
1773
13
344
29753
1472
33
1960
16
1472
17
21
33
1773
680
433
33
1773
16
6441
3804
33
22
18
434
33
21
382
20454
31051
460
22
30
6441
21
30
1682
16131
33
21
344
29
680
2586
2983
713
3312
351
21
382
9697
1377
22
30
16514
17540
351
225
21
16
433
34727
351
433
781
225
622
351
225
23
16
433
86521
351
225
25
16
35758
10013
33
29
382
4583
93198
2336
936
433
34727
30
433
34727
33
23
16
16514
17540
33
21
16
1008
5463
302
4354
21
6758
22
30
27740
225
21
568
22
16
1804
6758
29
1117
225
22
5463
344
21
16
22
680
2586
1682
156469
33
22
382
5790
433
34727
33
23
30
14387
225
23
6758
29
16
35758
10013
6758
433
86521
35
225
29
6758
25
2044
18
2586
516
4472
18
2586
4354
22
28446
225
22
382
10914
285
12
1773
13
351
225
21
692
225
22
351
225
23
382
4413
351
285
12
18467
13
506
285
12
1773
13
351
225
1592
506
225
23
351
225
1199
18
9177
382
3506
225
25
30
1682
59283
1323
2907
184257
12
696
16
225
24848
16
225
24
16
373
21
2191
1117
4655
225
1449
382
25665
33
24
16
272
508
21
728
434
33
21
16
35758
10013
33
21
382
49541
285
12
24848
680
433
33
24848
16
6441
3804
33
23
382
20454
31051
460
23
30
6441
21
30
434
33
21
16
1682
16131
33
21
592
14387
225
21
6758
24
16
12035
1117
21
18
6441
22
30
16514
17540
33
21
16
1682
16131
351
4753
535
344
25665
15
21
20534
20
351
225
24
18
2586
4455
31051
32
23
351
225
21
15
24
33
25
382
9697
1377
23
30
16514
17540
33
22
16
433
34727
351
433
458
622
351
225
6494
16
433
86521
351
225
23
16
35758
10013
33
21
382
4583
93198
2336
936
433
34727
30
1008
1217
57329
5463
344
622
17
959
13
402
27740
6758
24
16
6758
6419
18
16473
17208
18
9830
57329
5463
402
1804
27740
6758
24
306
1058
14387
1713
41872
30
1058
14387
225
21
17
24
16
1749
14387
225
20
17
24
1117
2983
225
24
14
25
33
696
5463
18
19078
1131
16
1731
6758
6419
18
16473
1568
30
1058
14387
530
361
225
21
17
26
35
2209
1058
14387
1998
361
6758
24
16
713
2731
1058
27740
30
225
21
16
22
16
23
16
24
18
1563
1058
14387
225
21
30
1749
14387
225
20
17
24
1117
225
25
5463
344
622
16
807
16
740
16
1068
16
992
680
1563
1058
14387
225
22
30
1749
14387
225
20
17
24
1117
225
25
5463
344
696
17
1199
680
1563
1058
14387
225
23
30
225
25
5463
344
963
17
2014
680
1563
1058
14387
225
24
30
1749
14387
225
20
17
24
1117
5463
225
1339
17
2281
16
689
539
1008
6758
6419
16
713
616
225
25
436
6758
6419
18
2586
2983
351
225
25
15
25
15
25
15
25
351
696
18
2209
851
1008
5463
402
1058
14387
225
26
35
2209
1058
14387
4273
361
225
25
420
225
26
1480
4753
33
24
16
713
516
6751
18
2586
616
225
696
436
6758
6419
35
41729
225
2281
6758
6419
16
12035
18
2586
1682
156469
351
225
696
382
8311
2292
433
34727
33
6494
30
27740
225
26
306
225
22
18
225
26
1518
4753
225
24
16
713
15235
18
2586
4354
23
28446
225
696
382
10914
285
12
24848
13
351
225
25
692
225
696
351
225
948
382
8311
285
12
1057
2738
433
33
1057
16
6441
3804
33
22
382
20454
31051
460
22
30
6441
21
30
1682
16131
33
21
344
21
680
2586
2983
713
3312
33
21
382
9697
1377
22
30
16514
17540
33
21
16
433
34727
351
225
21
16
433
86521
351
225
29
16
35758
10013
33
21
382
4583
93198
2336
936
433
34727
30
433
34727
33
21
16
1008
5463
302
4354
21
6758
20
1117
5023
18
2586
1682
156469
33
20
382
5790
433
34727
33
21
30
14387
225
21
6758
24
16
35758
10013
6758
433
86521
35
225
21
6758
29
1641
18
2586
919
225
21
18
2586
4354
22
28446
225
21
382
10914
285
12
1057
13
351
225
21
692
225
21
351
225
22
382
4413
351
285
12
24848
13
506
285
12
1057
13
351
225
948
506
225
22
351
225
1449
18
9177
382
3506
225
26
30
1682
59283
1323
2907
184257
12
2510
16
225
23959
16
225
22
16
373
807
2191
1117
4655
225
22
382
25665
33
22
16
272
508
807
728
434
33
22
16
35758
10013
33
807
18
6621
35758
27740
30
225
21
16
21
6758
22
16
6674
382
49541
285
12
23959
680
433
33
23959
16
6441
3804
33
23
18
7517
434
33
22
16
6441
3804
1518
434
382
20454
31051
460
23
30
6441
21
30
460
48
1117
20
31
6441
22
30
434
33
22
16
1682
16131
33
21
344
359
27740
6758
22
16
12035
680
2586
4455
31051
32
23
351
225
21
382
9697
1377
23
30
16514
17540
33
21
16
433
34727
351
433
458
1296
351
225
23
16
433
86521
351
225
2455
16
35758
10013
33
807
382
4583
93198
2336
936
433
34727
30
433
34727
33
23
16
16514
17540
33
21
16
1008
5463
302
4354
21
6758
22
30
27740
225
21
568
22
344
30535
6758
22
13
1117
225
22
5463
344
21
16
22
680
2586
1682
156469
33
22
382
5790
433
34727
33
23
30
14387
225
23
1518
4753
225
22
1117
15235
18
2586
4354
23
28446
225
22
382
10914
285
12
23959
13
351
225
21
692
225
22
351
225
23
382
8311
285
12
2589
2738
433
33
2589
16
6441
3804
33
22
18
434
33
22
16
713
6441
3804
1377
434
18
2586
1094
2731
1435
341
272
33
807
592
6758
2589
18
225
807
6758
2589
16
713
285
12
2589
5791
21
382
4413
351
285
12
23959
13
506
285
12
2589
13
351
225
23
17
21
33
22
18
9177
382
3506
225
27
30
1682
59283
1323
2907
184257
12
22
21411
26033
16
225
3284
19127
17588
16
225
26
16
373
18730
2191
1117
4655
225
28
22407
18
6755
903
341
265
31579
1310
3735
31518
225
883
28016
35
41729
903
341
851
265
1310
402
1656
10235
689
31518
225
883
28016
35
16473
2292
30
461
3419
6292
2549
1375
5648
12578
12
22
21411
26033
16
225
3284
19127
17588
16
225
26
16
373
18730
2191
1377
225
28
22407
203
3970
5648
12578
12
22
21411
26033
16
225
3284
19127
17588
16
225
26
16
373
18730
2191
1377
225
883
28016
300
20822
16
903
436
1217
70305
352
277
1656
15028
689
1497
4655
2911
344
28
22407
306
225
883
28016
680
3483
5563
73411
18
16473
316
218850
277
2746
6434
30
887
14215
265
4810
302
1310
4027
18
41729
277
194863
4213
1375
5197
1682
59283
1323
2907
184257
12
21
16
225
26
937
16
225
24
16
373
12827
2272
25
203
5197
1682
59283
1323
2907
184257
12
883
16
225
16241
16
225
26
16
373
622
2272
22
203
5197
1682
59283
1323
2907
184257
12
21
937
16
225
22
937
16
225
24
16
373
23
937
2272
20
300
14032
903
341
265
373
3761
180005
15932
402
4728
1310
4027
1375
7
22708
1310
4027
203
5648
12578
12
1960
16
225
18467
16
225
29
16
373
29
2191
1377
225
1199
203
5648
12578
12
696
16
225
24848
16
225
24
16
373
21
2191
1377
225
1449
203
5648
12578
12
2510
16
225
23959
16
225
22
16
373
807
2191
1377
225
22
203
5648
12578
12
22
21411
26033
16
225
3284
19127
17588
16
225
26
16
373
18730
2191
1377
225
28
22407
203
5648
12578
12
7537
16
225
24852
16
225
23
16
373
963
2191
1377
225
23
203
5648
12578
12
7686
16
225
20469
16
225
26
16
373
3501
2191
1377
225
26
203
5648
12578
12
29
19039
16
225
7521
17133
16
225
29
16
373
3124
2191
1377
225
28202
203
5648
12578
12
28
28016
16
225
959
22138
16
225
27
16
373
5111
20851
2191
1377
225
21
203
5648
12578
12
29
17697
27414
16
225
6548
23862
26087
16
225
21
16
373
7955
7955
2191
1377
225
22
203
5648
12578
12
22
21411
26033
16
225
3284
19127
17588
16
225
26
16
373
18730
2191
1377
225
883
28016
203
5648
12578
12
27
18833
25268
25314
13904
16
225
3586
23025
25742
25848
25264
16
225
26
16
373
22
16745
2191
1377
225
4543
17697
22407
203
5648
12578
12
21751
14317
23941
26579
11524
16
225
24588
27919
22157
21868
19962
16
225
23
16
373
11777
10783
17193
13900
21026
2191
1377
225
20
203
5648
12578
12
7992
22366
25599
22019
18248
16
225
19528
26461
28360
27465
24282
16
225
29
16
373
27527
27043
26090
23850
28822
2191
1377
225
20
300
4892
903
436
1217
16896
8877
304
12578
12
22
21411
26033
16
225
3284
19127
17588
16
225
26
16
373
18730
2191
402
1497
4655
2527
344
28
22407
306
225
883
28016
680
3483
341
13861
9082
277
1154
341
12762
304
758
1497
2911
2387
366
2761
1625
35
14812
1850
265
20511
35
2491
9745
277
1058
730
341
499
277
4381
7120
35
2209
277
4381
7120
1094
569
2240
8877
18
461
4728
1310
4027
1472
1325
265
4889
13223
22708
1310
4027
3210
2586
1804
225
28
22407
306
225
883
28016
5230
297
277
1656
2732
18
99008
277
1058
341
265
5478
188772
4655
1333
35
2491
8696
277
1154
341
12762
304
1682
2761
1625
35
16473
1412
277
4607
2746
5224
30
887
4060
30
373
4583
277
1435
302
8672
32088
297
277
2783
648
6373
16
12216
159350
461
194863
4213
2240
2024
8877
18
5489
903
341
265
373
3761
180005
15932
2732
402
4728
1310
4027
18
2586
4164
277
4728
1310
4027
436
616
4309
16
306
277
31579
1465
402
1497
4655
2911
341
265
103364
18
8548
730
341
4309
35
1283
1008
304
79382
499
277
4619
420
8696
277
1154
341
12762
304
758
2761
1625
35
461
31579
1465
874
361
265
20511
31
8696
730
302
1019
341
265
5209
183764
2615
18
16473
15698
277
3735
1310
4027
30
2227
569
2927
5463
16
1013
225
27
18833
25268
25314
13904
304
225
3586
23025
25742
25848
25264
16
4753
225
26
16
272
373
22
16745
728
4655
225
4543
17697
22407
18
3483
5563
52298
18
1533
225
21751
14317
23941
26579
11524
304
225
24588
27919
22157
21868
19962
16
4753
225
23
16
272
373
11777
10783
17193
13900
21026
728
4655
225
20
18
3483
5563
52298
18
1533
225
7992
22366
25599
22019
18248
304
225
19528
26461
28360
27465
24282
16
4753
225
29
16
272
373
27527
27043
26090
23850
28822
728
4655
225
20
18
2586
1094
277
31579
5563
34233
382
23928
386
277
2746
6434
4060
373
3039
1196
18523
277
2363
385
11116
297
265
127068
2363
2732
344
22310
642
61694
277
4607
5442
118742
1533
539
436
304
3138
277
1154
304
1717
616
6292
18
2586
539
1008
304
6496
265
1154
386
19553
616
1731
70305
18
1437
903
341
265
12475
16
1850
4164
386
730
302
277
4655
2911
341
6078
18
2209
697
730
35
1283
530
2050
304
17208
352
277
2688
2783
20488
35
3483
1011
361
9702
18
14812
539
530
6724
277
3735
730
35
2209
539
1008
304
4802
277
1154
4229
352
616
852
1310
4027
382
71093
16
9745
277
1058
225
28
22407
341
4309
306
277
1749
225
883
28016
341
265
20511
344
50180
1850
265
1310
1690
499
265
1497
3478
680
2952
16
539
1008
304
11135
18
16473
1565
592
903
341
839
4619
30
461
1749
18168
302
277
1656
10235
8615
1325
3313
852
6292
16
713
1850
4164
265
5209
183764
2615
18
32468
16
890
1175
4066
436
10998
16
724
2483
265
1568
302
1310
4027
16
306
6848
724
2549
69488
140746
18
461
4381
766
302
277
2746
1078
2240
7120
18
461
4728
1310
4027
436
9603
16
306
277
31579
8615
396
277
225
29
371
4728
1310
1690
18
887
1387
361
386
277
4655
1333
6816
499
225
28
22407
304
225
883
28016
2920
304
265
20070
35
2209
539
4445
1287
382
23928
386
954
8860
341
2387
366
277
2746
5224
306
19553
277
1058
2240
306
277
2475
4846
344
1960
17
18467
16
225
696
17
24848
16
225
2510
17
23959
733
539
1196
1310
954
8860
366
277
31579
1690
304
1565
1065
1333
411
22699
18
1437
954
8860
22699
225
28
22407
16
1232
8696
4924
4309
16
306
277
225
883
28016
341
265
20511
18
1437
411
22699
225
883
28016
16
1232
8696
277
7977
730
341
6078
18
2209
539
1008
304
11135
697
730
304
6150
352
18
7517
277
9460
2132
373
10112
616
277
6292
728
539
1998
6496
265
1154
386
19553
616
70305
297
277
2292
2732
18
1437
903
341
265
12475
16
277
1154
4273
1717
1804
18
2586
9745
277
31579
341
516
3757
903
35
16473
316
25735
277
3419
1541
14316
18
887
4060
1375
5640
1847
2292
180005
2407
298
905
12692
1310
4027
203
298
3999
12578
12
21
16
225
26
937
16
225
24
16
373
12827
2191
1377
225
25
203
298
3999
12578
12
883
16
225
16241
16
225
26
16
373
622
2191
1377
225
22
203
298
3999
12578
12
21
937
16
225
22
937
16
225
24
16
373
23
937
2191
1377
225
20
19964
298
905
22708
1310
4027
203
298
3999
12578
12
1960
16
225
18467
16
225
29
16
373
29
2191
1377
225
1199
203
298
3999
12578
12
696
16
225
24848
16
225
24
16
373
21
2191
1377
225
1449
203
298
3999
12578
12
2510
16
225
23959
16
225
22
16
373
807
2191
1377
225
22
203
298
3999
12578
12
22
21411
26033
16
225
3284
19127
17588
16
225
26
16
373
18730
2191
1377
225
28
22407
203
298
3999
12578
12
7537
16
225
24852
16
225
23
16
373
963
2191
1377
225
23
203
298
3999
12578
12
7686
16
225
20469
16
225
26
16
373
3501
2191
1377
225
26
203
298
3999
12578
12
29
19039
16
225
7521
17133
16
225
29
16
373
3124
2191
1377
225
28202
203
298
3999
12578
12
28
28016
16
225
959
22138
16
225
27
16
373
5111
20851
2191
1377
225
21
203
298
3999
12578
12
29
17697
27414
16
225
6548
23862
26087
16
225
21
16
373
7955
7955
2191
1377
225
22
203
298
3999
12578
12
22
21411
26033
16
225
3284
19127
17588
16
225
26
16
373
18730
2191
1377
225
883
28016
203
298
3999
12578
12
27
18833
25268
25314
13904
16
225
3586
23025
25742
25848
25264
16
225
26
16
373
22
16745
2191
1377
225
4543
17697
22407
203
298
3999
12578
12
21751
14317
23941
26579
11524
16
225
24588
27919
22157
21868
19962
16
225
23
16
373
11777
10783
17193
13900
21026
2191
1377
225
20
203
298
3999
12578
12
7992
22366
25599
22019
18248
16
225
19528
26461
28360
27465
24282
16
225
29
16
373
27527
27043
26090
23850
28822
2191
1377
225
20
203
7203
9650
16
903
436
1217
16896
5501
18
957
341
10098
387
2615
18
610
1175
12048
16
539
2428
1008
304
16278
697
4655
1333
341
4309
2387
366
277
2746
494
11236
18
22977
539
530
17208
277
4309
1333
1347
954
8860
306
1565
697
14441
18
16473
5842
304
17208
352
277
2927
1690
20488
35
9405
4110
18
2209
539
530
2050
304
3368
420
8696
1511
265
4619
30
461
1058
18168
36033
225
28
22407
16
277
1749
225
883
28016
18
225
883
28016
341
819
4638
225
28
22407
35
3557
7662
18
14812
730
302
1019
341
352
265
1497
4753
420
272
35
2209
724
436
277
1656
382
25790
277
1058
18168
341
499
277
194863
2024
35
2523
16
194863
7120
436
1497
18
461
1058
2240
7120
436
225
21
17
26
937
16
225
883
17
16241
16
225
21
937
17
22
937
18
2586
225
28
22407
306
225
883
28016
436
1804
297
4728
1310
4027
18
99008
277
1749
730
341
265
20511
1207
724
41858
8089
225
883
28016
4993
302
225
28
22407
35
2491
18742
41837
18
22547
361
386
277
1154
15422
8938
225
28
22407
689
3735
7557
304
225
883
28016
35
14892
304
3862
382
2110
530
2292
277
2475
1310
30
12578
12
7537
16
24852
16
23
1619
963
2191
4655
225
23
18
16473
1310
954
8860
366
386
304
1565
592
539
771
225
23
382
25665
33
23
16
272
508
963
728
434
33
22
16
35758
10013
33
963
16
27740
344
23
16
20
13
6758
23
16
6674
382
49541
285
12
24852
680
433
33
24852
16
6441
3804
33
23
18
7517
434
33
22
16
6441
3804
1518
434
382
20454
31051
460
23
30
6441
21
30
460
48
1117
20
31
6441
22
30
434
33
22
16
1682
16131
33
21
35
2209
2292
27740
302
272
30
225
23
16
20
1804
6758
23
16
713
1682
16131
33
21
18
2586
4455
31051
32
23
351
225
21
382
9697
1377
23
30
16514
17540
33
21
16
433
34727
351
433
458
1296
351
225
28
16
433
86521
351
225
6419
16
35758
10013
33
963
382
4583
93198
2336
936
433
34727
30
433
34727
33
28
16
16514
17540
33
21
16
1008
5463
302
4354
21
6758
27
30
27740
225
21
568
27
16
689
1998
361
6758
23
35
4753
33
23
16
713
27740
6751
30
225
21
16
22
16
23
18
6755
6758
27
30
616
2240
436
6758
27
18
2586
1682
156469
351
225
23
344
21
16
22
16
23
680
2952
16
851
1008
304
2292
592
225
24
16
25
16
26
16
27
436
6751
35
2523
16
1480
4753
33
23
18
2586
1094
225
21
16
22
16
23
382
8311
2292
433
34727
33
28
30
14387
225
28
1518
4753
225
23
1117
15235
18
2586
4354
23
28446
225
23
382
10914
285
12
24852
13
351
225
21
692
225
23
351
225
24
382
8311
285
12
1793
2738
433
33
1793
16
6441
3804
33
22
18
434
33
22
16
713
6441
3804
1377
434
18
2586
1094
2731
1435
341
272
33
963
592
6758
1793
18
225
963
6758
1793
16
713
285
12
1793
5791
21
382
4413
351
285
12
24852
13
506
285
12
1793
13
351
225
24
17
21
33
23
18
44375
225
23
18
9177
382
9741
1310
30
12578
12
7686
16
20469
16
26
1619
3501
2191
4655
225
26
382
25665
33
26
16
272
508
3501
728
434
33
22
16
35758
10013
33
3501
16
27740
344
24
16
21
13
1804
6758
26
16
6674
382
49541
285
12
20469
680
433
33
20469
16
6441
3804
33
23
382
20454
31051
460
23
30
6441
21
30
460
48
1117
20
31
6441
22
30
434
33
22
16
1682
16131
33
21
18
2586
4455
31051
32
23
351
225
21
382
9697
1377
23
30
16514
17540
33
21
16
433
34727
351
433
458
1296
351
225
29
16
433
86521
351
225
992
16
35758
10013
33
3501
382
4583
93198
2336
936
433
34727
30
433
34727
33
29
16
16514
17540
33
21
16
1008
5463
302
4354
21
6758
28
30
27740
225
21
568
28
16
689
4753
33
26
16
713
6751
27740
30
225
21
16
22
16
23
16
24
16
25
16
26
18
6755
6758
28
30
616
5590
18
2586
1682
156469
351
225
26
382
5790
433
34727
33
29
30
14387
225
29
1518
26
1117
15235
18
2586
4354
23
28446
225
26
382
10914
285
12
20469
13
351
225
21
692
225
26
351
225
27
382
8311
285
12
7510
2738
433
33
7510
16
6441
3804
33
22
16
434
33
22
16
713
6441
3804
1377
434
18
272
33
3501
6758
7510
16
713
285
12
7510
5791
21
382
4413
351
225
27
506
225
21
351
225
26
18
44375
225
26
18
9177
382
9741
1310
30
12578
12
29
19039
16
7521
17133
16
29
1619
3124
2191
4655
225
28202
382
25665
33
29
16
272
508
3124
728
434
33
22
16
35758
10013
33
3124
16
27740
344
24
16
29
13
1804
6758
29
16
6674
382
49541
285
12
7521
17133
680
433
33
7521
17133
16
6441
3804
33
25
382
20454
31051
460
25
30
539
1008
304
17208
1682
16131
352
31051
225
21
16
22
16
23
16
24
382
17
6441
21
30
434
33
22
16
713
6441
21
122245
1117
20
388
17
6441
22
30
434
33
22
16
6441
22
1377
434
1117
1682
16131
351
225
21
344
29753
27740
6758
29
3098
17
6441
23
30
16514
17540
351
225
21
16
1682
16131
351
4753
535
344
25665
15
21
20534
12
20
13
351
225
29
388
17
6441
24
30
16514
17540
351
225
22
16
1682
16131
351
4753
535
344
25665
15
21
20534
12
21
13
351
225
29
535
225
622
351
225
1948
388
4892
4455
31051
32
25
351
225
20
15
21
15
29
15
1948
351
225
1296
382
8311
4354
1377
25
30
16514
17540
351
225
23
16
433
34727
351
433
781
225
1296
351
225
25814
35
26128
16
225
622
244906
351
225
622
66
22
33
1296
18
433
33
7521
17133
16
713
433
34727
351
225
7521
17133
781
225
1296
351
225
25814
16
433
86521
351
225
7521
17133
1577
225
1296
351
225
1793
16
35758
10013
33
3124
382
2110
1008
304
1682
93198
302
4354
225
23
344
9060
14387
1713
41872
16
1450
14387
6758
29
13
386
436
460
433
34727
344
77
3077
1278
6758
26847
680
7517
4753
33
29
16
839
225
23
57329
1435
344
1296
17
4542
13
402
27740
6758
29
341
6751
18
2586
616
225
23
57329
5463
499
225
1296
304
225
4542
436
6751
18
2209
539
1094
1008
1731
6758
26847
18
2586
1682
302
5463
499
225
1296
304
225
26847
24273
351
225
26847
506
225
1296
692
225
21
351
225
27786
382
2608
539
851
1008
304
4802
386
277
16514
5513
674
27740
6758
4753
344
8781
341
225
29
16
713
616
27740
436
6758
29
680
2586
1682
156469
351
225
27786
382
8311
2292
433
34727
33
25814
30
27740
225
28
16
22
16
24
616
6758
29
16
713
4080
18
19100
35758
10013
6758
433
86521
30
225
3124
6758
225
1793
35
1641
18
2586
919
225
21
382
27872
4354
25
28446
225
27786
692
225
21
351
225
26401
382
10914
285
12
7521
17133
13
351
225
1296
692
225
26401
351
225
25009
382
8311
285
12
29
6701
2738
433
33
29
6701
16
6441
3804
33
24
382
20454
31051
460
24
30
6441
21
30
20
16
6441
22
30
21
16
6441
23
30
29
1117
2983
351
225
622
382
9697
1377
24
30
16514
17540
33
22
16
433
34727
351
225
29
6701
781
225
1296
351
225
7686
16
433
86521
351
225
1120
16
35758
10013
33
3124
382
4583
93198
302
4354
22
32427
433
34727
33
7686
2738
1217
57329
5463
499
225
622
304
225
7510
24273
16
689
402
27740
6758
29
344
514
1217
57329
5463
436
6758
959
680
2586
1682
351
225
7510
506
225
622
692
225
21
351
225
7521
18
2952
16
1008
304
4802
1058
14387
1713
41872
306
27740
6758
29
16
697
341
616
18
2586
1682
156469
351
225
7521
382
5790
433
34727
33
7686
30
27740
225
29
306
225
22
16
1804
6758
29
16
4080
18
19100
35758
10013
6758
433
86521
30
225
3124
6758
225
1120
1641
18
2586
919
225
21
382
27872
4354
24
28446
225
7521
15
21
351
225
7713
382
10914
285
12
29
6701
13
351
225
622
692
225
7713
351
225
8028
382
4413
351
285
12
7521
17133
13
506
285
12
29
6701
13
351
225
25009
506
225
8028
351
225
28202
18
44375
225
28202
18
9177
382
9741
1310
30
12578
12
28
28016
16
959
22138
16
27
1619
5111
20851
2191
4655
225
21
382
25665
33
27
16
272
508
5111
20851
728
434
33
25
16
35758
10013
33
5111
20851
16
27740
344
25
16
23
16
20
16
23
16
22
13
616
6758
27
16
6674
382
49541
285
12
959
22138
680
433
33
959
22138
16
6441
3804
33
25
18
7517
434
33
25
16
6441
3804
1377
434
18
2586
1094
2731
1435
341
272
33
5111
20851
592
6758
959
22138
18
225
5111
20851
6758
959
22138
16
713
285
12
959
22138
5791
21
382
8311
285
12
28
18550
2738
433
33
28
18550
16
6441
3804
33
24
18
7517
434
33
25
1518
6441
3804
16
840
5463
302
4354
225
24
530
569
35758
4354
225
25
18
2586
285
12
28
18550
5791
20
382
4413
351
225
21
506
225
20
351
225
21
18
44375
225
21
18
9177
382
9741
1310
30
12578
12
29
17697
27414
16
6548
23862
26087
16
21
1619
7955
7955
2191
4655
225
22
382
25665
33
21
16
272
508
7955
7955
728
434
33
26
16
35758
10013
33
7955
7955
16
27740
616
225
21
6758
21
16
6674
382
49541
285
12
6548
23862
26087
680
433
33
6548
23862
26087
16
6441
3804
33
28
382
20454
31051
460
28
30
1008
304
17208
1682
16131
352
31051
225
21
568
27
382
2110
1008
304
17208
1682
16131
22107
8443
13
352
6441
8443
6743
434
35
434
33
26
16
713
1094
31051
6743
26
11274
382
17
6441
21
17
25
30
460
48
1117
20
388
17
6441
26
30
16514
17540
33
20
1117
1682
16131
351
225
21
344
29753
35758
27740
616
6758
21
3098
17
6441
27
30
16514
17540
33
21
1117
1682
16131
351
4753
535
344
25665
15
21
20534
20
351
225
21
388
17
6441
28
30
539
642
17208
22560
382
4892
4455
31051
32
28
351
6441
26
30
21
692
6441
27
30
21
351
225
22
382
8311
4354
1377
28
30
16514
17540
351
225
22
16
433
34727
351
433
781
225
622
66
26
351
225
6548
23862
26087
781
225
21
16
937
16
937
351
225
6548
35
16473
17208
30
225
6548
16
23862
16
26087
781
225
21
16
937
16
937
351
225
6548
344
29753
225
6548
14
21
73
26
33
6548
16
937
16
937
680
433
86521
351
225
23862
16
26087
16
35758
10013
33
7955
7955
382
2110
1008
304
1682
93198
302
4354
225
22
344
9060
14387
1713
41872
16
1450
14387
6758
21
680
7517
4753
33
21
16
27740
6751
30
1058
14387
530
361
225
21
1094
344
29753
1713
41872
680
10104
14387
530
361
225
20
420
225
21
35
41729
1450
14387
6758
21
16
713
1749
14387
530
361
225
20
420
225
21
18
2586
2731
93198
30
225
622
306
225
807
18
2209
1008
1019
304
361
460
433
34727
33
6548
18
11243
225
622
306
225
807
436
460
6548
18
2586
1682
156469
351
225
22
382
8311
2292
433
34727
33
6548
30
27740
30
1058
14387
225
26
1518
4753
225
21
16
713
15235
18
2586
4354
28
28446
225
22
382
10914
285
12
6548
23862
26087
13
351
225
22
344
3161
31051
460
28
13
692
225
22
351
225
24
382
8311
285
12
29
17697
28069
2738
433
33
29
17697
28069
16
6441
3804
33
27
382
20454
31051
460
27
30
6441
26
30
21
344
29753
6441
26
1377
434
13
351
21
31
6441
27
35
41729
31051
460
27
2549
6441
21
17
26
18
6441
21
17
25
30
20
31
6441
26
30
21
18
2586
4455
31051
32
27
351
225
21
382
9697
1377
27
30
16514
17540
33
21
16
433
34727
351
433
781
225
622
66
26
351
225
29
17697
28069
781
225
21
16
937
16
937
351
225
29
35
41729
225
29
16
17697
16
28069
781
225
21
16
937
16
937
351
225
29
344
29753
225
29
14
21
73
26
33
29
16
937
16
937
680
433
86521
351
225
17697
16
28069
16
35758
10013
33
7955
7955
382
4583
93198
302
4354
21
32427
433
34727
33
29
2738
5463
302
4354
21
30
27740
225
21
568
28
16
689
4753
33
21
16
713
1094
14387
225
21
341
6751
18
6755
1008
6758
28
30
225
21
6758
28
16
713
1682
156469
351
225
21
344
82226
225
21
2570
5790
433
34727
33
29
30
14387
225
29
1518
4753
225
21
16
15235
18
2586
4354
27
28446
225
21
382
10914
285
12
29
17697
28069
13
351
225
21
692
225
21
351
225
22
382
4413
351
285
12
6548
23862
26087
13
506
285
12
29
17697
28069
13
351
225
24
506
225
22
351
225
22
18
44375
225
22
18
9177
382
8311
539
569
1217
10652
6292
402
277
1656
10235
689
1497
4655
2911
18
16473
17208
352
386
1690
1347
954
8860
304
1565
697
411
22699
382
8561
30
12578
12
22
21411
26033
16
225
3284
19127
17588
16
225
26
16
373
18730
2191
4655
3673
225
28
22407
420
225
883
28016
382
61792
17208
1347
954
1557
382
12501
638
17
4753
351
225
26
203
17
272
351
373
18730
728
434
351
225
23
16
35758
10013
351
225
18730
203
17
6621
35758
27740
30
225
24
16
20
16
23
616
6758
26
16
6674
382
2110
1008
285
12
3284
19127
17588
13
306
285
12
22
21411
22180
13
344
29753
1472
17
21
351
225
22
21411
22180
2570
7974
17208
285
12
3284
19127
17588
680
433
351
225
3284
19127
17588
382
84716
30
225
26
16
27
16
22
16
23
16
26
16
25
16
20
16
21
35
41729
225
3284
19127
17588
341
225
28
27740
35
16473
1682
30
225
26
225
27
225
22
225
23
225
26
225
25
225
20
225
21
2649
225
28
27740
18
8520
382
4892
6441
3804
351
225
28
382
48
351
225
23
16
713
6441
3804
1518
434
382
20454
31051
460
28
30
539
1008
1682
16131
352
31051
225
21
568
27
382
61792
17208
1682
16131
22107
8443
13
352
6441
8443
6743
434
35
41729
1094
31051
6743
23
11274
18
1563
6441
8443
460
23
16
225
20
382
4892
539
1008
304
17208
352
6441
8443
351
225
23
16
24
16
25
16
26
16
27
382
54641
638
25665
33
26
16
4753
15
21
33
27
382
17
6441
23
30
16514
17540
33
20
1117
1682
16131
351
225
21
344
359
35758
27740
6758
4753
16
12035
465
17
6441
24
30
16514
17540
33
21
1117
1682
16131
351
4753
535
344
25665
15
21
20534
20
351
225
26
203
17
6441
25
30
16514
17540
33
22
1117
1682
16131
351
4753
535
344
25665
15
21
20534
21
351
225
26
535
225
27
351
225
3304
203
17
6441
26
30
16514
17540
33
23
1117
1682
16131
351
4753
535
344
25665
15
21
20534
22
351
225
26
535
225
3124
351
225
21215
203
17
6441
27
30
16514
17540
33
24
1117
1682
16131
351
4753
535
344
25665
15
21
20534
23
351
225
26
535
225
21689
351
225
22
27601
300
20454
31051
460
28
351
225
21
692
225
26
692
225
3304
692
225
21215
692
225
22
27601
351
13640
4455
30
225
21
15
26
33
27
16
692
3304
33
3124
16
692
21215
33
21689
16
692
22
27601
33
22
14822
18
2586
2983
351
225
22
14822
382
8311
4354
1377
28
30
16514
17540
351
225
25
344
29753
225
28
17
23
33
25
680
19100
433
34727
351
433
781
225
622
66
23
351
225
3284
19127
17588
781
225
21
937
351
225
3284
19127
35
41729
225
3284
16
19127
16
17588
781
225
21
937
351
225
3284
16
19127
35
26128
16
17208
30
225
3284
16
19127
16
17588
11437
498
225
21
937
351
225
3284
16
19127
18
17588
35
41729
11795
14031
30
225
3284
16
19127
16
17588
781
225
21
937
351
225
3284
16
19127
344
29753
225
21
937
14
3284
19127
351
225
3284
16
19127
16
937
680
2586
433
34727
351
225
3284
19127
18
433
86521
351
225
17588
18
35758
10013
351
225
18730
382
2110
1008
304
1682
93198
302
4354
225
25
344
9060
14387
1713
41872
16
1450
14387
6758
26
13
386
436
2336
936
433
34727
351
225
3284
19127
18
6755
2292
433
34727
5513
592
4080
306
35758
10013
6758
433
86521
382
7974
16
539
1008
304
17208
1682
156469
351
1435
302
225
25
57329
5463
344
77
3077
1278
499
225
622
937
304
225
959
4542
13
402
1450
14387
6758
26
16
1058
14387
1713
41872
344
21
17
26
733
306
6758
225
3284
16643
344
29753
2336
936
225
3284
19127
680
27969
17208
492
1347
38474
420
97102
27946
402
16981
382
54351
16
539
1008
304
2292
433
34727
33
3284
19127
30
27740
436
225
26
16
27
16
22
16
23
16
26
18
2209
6035
4753
33
26
16
713
14387
225
27
1518
4753
18
7893
433
34727
341
15235
1480
14387
225
27
1518
4753
18
2586
539
642
516
919
225
21
352
433
34727
1571
592
35758
10013
6758
433
86521
382
4892
539
1094
1008
1682
156469
382
8311
16
1682
156469
341
277
1682
302
616
4080
225
25
57329
93198
344
149037
225
21
17
26
352
1058
16
225
20
17
26
352
3575
13
386
436
6758
225
3284
16643
382
2110
530
17208
492
1347
265
14387
38474
420
498
142157
898
2731
93198
35
7517
4354
341
225
25
306
4753
225
26
16
2983
1435
302
4080
93198
341
225
26
535
225
27
66
24
351
225
26
535
225
22
14822
351
225
992
21810
18
9405
64594
304
88934
99677
592
539
6585
16
689
539
1008
265
57272
1557
18
1283
530
3138
38474
382
2608
13640
5842
304
17208
20488
35
887
2428
361
2927
689
539
530
30281
18
2952
16
539
1008
277
5204
1682
304
10049
304
225
28
22407
420
225
883
28016
382
2110
1008
304
17208
285
12
3284
19127
17588
13
351
225
22
14822
692
1682
156469
382
14032
285
12
22
21411
22180
13
27698
16
306
57859
382
2110
530
17208
285
12
22
21411
22180
680
433
351
225
22
21411
22180
16
6441
3804
351
225
27
344
29753
225
22
16
21411
16
22180
341
225
27
27740
680
434
33
23
16
713
6441
3804
1518
434
382
20454
31051
460
27
30
31051
225
21
568
26
382
2110
3402
19377
31051
225
23
17
26
19720
30
6441
23
33
21
16
6441
24
33
26
16
6441
25
33
3304
16
6441
26
33
21215
18
2586
4455
31051
460
27
351
225
21
15
26
15
3304
15
21215
351
225
21689
382
8311
4354
1377
27
30
16514
17540
351
225
24
344
27
17
23
33
24
680
433
34727
351
433
781
225
21
937
351
225
22
21411
22180
781
225
21
937
351
225
22
21411
35
41729
225
22
16
21411
16
22180
781
225
21
937
351
225
22
21411
344
29753
225
21
937
14
22
21411
351
225
22
16
21411
16
937
680
433
86521
351
225
22180
18
35758
10013
351
225
18730
382
2110
1008
304
1682
93198
302
4354
225
24
344
9060
14387
1713
41872
16
1450
14387
6758
26
13
386
436
460
433
34727
351
225
22
21411
16
700
3077
1278
6758
225
22
16935
18
6755
2292
433
34727
5513
30
27740
225
22
16
29
16
24
16
26
18
78364
225
29
1518
4753
225
26
16
713
15235
382
4892
285
12
22
21411
22180
13
351
225
21689
692
1682
156469
67
24
82226
16
1207
1682
156469
67
24
82226
351
1435
302
225
24
57329
4080
93198
344
9060
14387
225
21
17
26
16
3575
225
20
17
26
13
6758
225
22
16935
382
14032
3032
351
344
22
14822
692
1682
156469
67
25
82226
13
506
344
21689
692
1682
156469
67
24
82226
13
351
344
22
14822
506
225
21689
13
692
344
8227
156469
67
25
82226
506
1682
156469
67
24
82226
13
351
225
22
27601
692
344
8227
156469
67
25
82226
506
1682
156469
67
24
82226
2570
8311
539
1008
304
17208
1682
156469
67
25
82226
306
1682
156469
67
24
82226
382
19477
17208
1682
156469
67
24
82226
1058
382
2110
569
4354
33
24
16
4753
33
26
16
5879
33
22
16935
382
2110
1008
304
1682
5463
499
225
21
937
304
225
22
16935
24273
386
22465
1450
14387
6758
26
16
1058
14387
225
21
17
26
382
2110
530
589
14387
38474
366
277
27740
302
5879
33
22
16935
382
84716
30
648
22
16
29
16
24
16
25
128410
41729
225
22
16935
674
27740
225
22
16
29
16
24
16
25
382
2608
6035
30
539
1094
1682
5463
402
27740
6758
26
18
461
5879
674
265
14387
225
29
697
33572
4753
16
689
4924
20672
1480
954
38474
642
3129
277
4753
382
61792
3138
265
38474
304
17208
1682
302
5463
302
7662
225
24
27740
344
9060
14387
225
21
17
26
16
3575
225
20
17
26
13
386
436
6758
5879
382
19477
8483
38474
40815
16
13334
13
86842
382
2608
8696
539
530
17208
20488
498
142157
898
2731
1058
14387
382
7974
14387
344
371
93792
2111
13
530
361
499
225
21
304
1219
12
26
16
5879
63
20
6577
35
5879
63
20
16051
22
16
713
1058
14387
530
361
225
21
420
225
22
382
8561
225
21
30
1058
14387
351
225
21
18
5489
277
10652
225
23
27740
530
361
839
499
225
20
568
26
344
29753
4753
13
306
277
4425
1435
6758
5879
35
7517
1058
14387
225
21
460
5879
494
1058
14387
225
22
16
277
2518
530
361
4907
344
20
568
26
13
2142
7866
5879
18
2586
1435
302
21254
351
225
27
66
23
351
225
21689
382
8561
225
22
30
1058
14387
351
225
22
18
5489
539
1008
304
4802
277
10652
27740
1027
265
1435
6758
5879
494
10652
27740
344
16935
13
689
402
27740
6758
26
18
2952
16
5879
494
10652
27740
436
648
29
16
24
16
25
1807
7517
277
10652
27740
1998
361
6758
1450
7260
14387
890
5879
341
13334
35
41729
592
1058
14387
25782
5879
494
1058
14387
344
22
733
1232
539
1008
277
10652
225
23
57329
35758
304
361
6758
225
16935
16
689
851
1450
14387
6758
26
18
7517
5879
494
1749
14387
341
225
29
16
689
954
27740
436
5885
304
6758
26
16
713
277
6756
2731
352
277
1749
14387
341
225
26
18
2586
592
1749
14387
341
6758
26
16
1232
539
1008
304
10049
402
5879
494
1749
14387
344
29
680
7517
839
14387
6758
26
341
2336
936
225
29
16
15470
302
277
2518
16
277
1435
642
361
2336
936
5879
592
277
1749
14387
341
2336
936
225
29
18
2209
17034
30
1437
1749
14387
341
2336
936
225
29
16
1232
15470
302
4658
306
12868
27740
16
277
1435
341
2336
936
5879
1480
277
1749
14387
341
7922
18
1437
1749
14387
25782
225
29
35
2209
225
29
1518
4753
16
713
4273
361
225
29
18
2586
352
1058
14387
225
22
16
277
1749
14387
530
1094
361
225
20
568
26
16
616
302
697
436
460
29
16
713
277
1435
642
2837
361
2336
936
5879
18
26128
16
689
5879
494
1749
14387
341
225
29
16
713
839
1749
14387
6758
26
341
460
29
16
713
277
4425
1435
341
2336
936
5879
18
2586
616
21254
352
10652
27740
344
20
568
26
13
436
6751
18
3483
6632
225
27
66
23
351
225
21689
21254
382
2608
539
1998
851
1994
386
277
10652
27740
1998
361
7662
225
23
27740
16
402
6152
53432
6751
344
29753
539
436
27946
225
24
57329
5463
16
277
2009
2240
27740
530
361
499
225
20
304
225
4542
689
402
14387
16981
680
8520
382
27872
16
352
1058
14387
225
22
16
1682
351
225
27
66
23
351
225
21689
382
2608
341
386
4309
35
16473
4638
18400
30
461
5879
341
225
22
16935
18
1563
1058
14387
225
22
16
277
6756
1435
539
1387
569
402
27740
6758
26
341
225
22
15342
344
29753
1749
14387
2687
225
26
16
4658
2687
225
26
16
12868
2687
225
26
680
9405
225
22
15342
16
697
341
2336
936
225
22
16935
18
2586
14233
616
5463
402
1058
14387
225
22
306
27740
6758
26
436
6758
22
15342
460
225
22
16935
18
2586
616
436
4080
18
2586
1682
351
225
21689
382
27872
2983
1682
156469
67
24
82226
351
225
21689
692
225
21689
351
225
26992
382
2608
5522
16
539
851
569
1058
14387
1387
361
225
20
35
2523
16
1058
14387
1998
361
6743
21
18
2586
1094
225
21
306
225
22
18
2586
225
26992
382
2608
539
1998
851
1994
592
1058
14387
1387
361
225
20
35
2523
382
27872
1682
156469
67
24
82226
351
225
26992
382
8311
17208
1682
156469
67
25
82226
352
5879
33
3284
16643
344
29753
2336
936
433
34727
33
3284
19127
16
713
5879
33
3284
16643
680
29087
33
25
16
4753
33
26
16
1058
14387
225
21
17
26
382
2110
1008
304
1682
225
25
57329
5463
344
622
937
17
959
4542
13
402
1450
14387
6758
26
386
436
6758
225
3284
16643
382
2110
530
589
14387
38474
366
5879
33
3284
16643
382
84716
30
648
26
16
27
16
22
16
23
16
25
15032
7974
14387
344
1203
8543
93792
2111
13
530
361
499
225
21
304
1219
12
26
16
26
13
351
225
26
18
7517
5879
494
1058
14387
341
225
26
16
539
569
1217
4027
30
1058
14387
460
225
26
16
306
1058
14387
351
225
26
382
8561
340
30
1058
14387
351
225
21
16
22
16
23
16
24
16
25
344
77
3077
1278
225
21
17
25
680
1563
1450
1175
1058
14387
16
2650
1850
2336
936
5879
494
1058
14387
344
26
733
277
10652
225
24
27740
530
361
839
499
225
20
568
26
344
27
12423
1450
13
2142
3310
27670
18
2586
352
1450
302
225
25
1058
27740
16
1682
351
225
27
66
24
351
225
22
14822
382
27872
2983
352
1058
27740
225
21
17
25
351
225
25
535
225
22
14822
351
225
740
4662
382
8561
398
30
1058
14387
351
225
26
344
17277
304
5879
494
1058
14387
680
5489
539
1008
304
1994
277
10652
225
24
27740
304
361
6758
5879
494
35758
225
27
16643
16
402
14387
16981
6758
26
382
8311
539
1008
304
1682
225
24
57329
5463
344
15519
6152
53432
35
41729
277
10652
10690
436
10962
16
14849
16
20373
16
8027
31
724
530
361
499
225
20
304
225
29
4542
16
689
402
1450
14387
6758
26
680
1283
1008
1731
6758
225
27
16643
382
2110
530
3310
11297
2387
366
1749
14387
344
371
93792
2111
302
277
35758
16
700
3077
1278
277
1749
14387
6381
2570
6021
277
1749
14387
282
21
344
20
17
29
13
689
5885
304
225
20
17
26
18
461
5879
494
1749
14387
341
225
27
382
17
1437
282
21
460
225
27
344
77
3077
1278
282
21
530
361
225
20
17
26
16
616
6758
26
733
1232
277
10652
2240
27740
530
361
839
499
225
20
568
26
344
27
66
23
351
225
21689
13
1480
282
21
341
2336
936
5879
494
1749
14387
16
713
15470
302
2518
16
277
1435
341
2336
936
5879
382
17
1437
282
21
1377
225
27
16
689
225
27
1518
4753
16
713
516
6751
18
2586
282
21
4273
361
225
27
382
27872
16
352
1058
14387
351
26
16
616
2731
1749
27740
436
225
20
17
26
16
616
460
27
18
2586
616
1175
5463
436
460
5879
18
2586
352
1058
14387
225
26
16
277
10652
225
24
27740
530
361
839
7799
402
1450
14387
225
20
17
26
30
2983
351
225
27
66
24
351
225
22
14822
382
2608
5522
16
539
1998
851
1994
386
277
1749
14387
1387
361
6792
304
5879
494
1749
14387
35
47420
494
1749
14387
341
225
27
16
689
1749
14387
2687
341
225
26
16
713
4273
361
6792
18
2586
14233
616
5463
402
1058
14387
225
26
306
27740
6758
26
436
2336
936
5879
35
461
6756
1175
1435
341
225
2704
15342
16
697
341
2336
936
225
3284
16643
35
41729
225
2704
15342
460
225
3284
16643
16
12035
18
2586
616
436
2336
18
2586
1682
351
225
22
14822
382
27872
2983
1682
156469
67
25
82226
351
225
740
4662
692
225
22
14822
351
225
992
21810
382
2608
6035
30
957
341
7662
277
2983
1435
302
4080
225
25
57329
93198
344
26
535
225
27
66
24
351
225
26
535
225
22
14822
351
225
992
21810
680
20987
16
1480
5879
33
3284
16643
341
6892
936
277
6756
2731
4080
16514
344
2704
15342
733
713
616
4080
225
25
57329
93198
436
2336
936
5879
18
2586
1682
156469
67
25
82226
351
2983
16131
34727
275
351
225
26
535
225
27
66
24
351
225
992
21810
382
8311
1682
156469
67
24
82226
539
19377
396
225
26992
18
16473
13561
386
2983
16131
34727
275
352
4354
225
24
341
225
26
535
225
27
66
23
351
225
26
535
225
21689
351
225
22
27601
18
5641
1682
156469
67
24
82226
351
225
26992
16
697
341
265
22517
18
3483
5563
52298
1480
5879
33
22
16935
341
2336
936
277
6756
225
24
57329
4080
344
8781
341
225
26
15342
680
2586
1094
910
302
1019
436
2336
382
8311
539
569
1375
74
12
3284
19127
17588
13
351
225
22
14822
692
225
992
21810
351
225
902
26559
382
74
12
22
21411
22180
13
351
225
21689
692
225
26992
351
225
21
21959
382
27872
3032
351
225
902
26559
506
225
21
21959
351
225
883
28016
382
4892
954
8860
22699
225
883
28016
352
277
31579
1310
1690
382
27872
16
277
4655
1333
225
883
28016
14441
954
17556
16
1706
225
28
22407
341
4164
265
20511
344
50180
499
387
7977
3478
420
265
103364
680
7517
539
569
19377
225
883
28016
306
411
5563
10358
16
539
1196
8770
386
396
277
4309
4655
1333
18
8111
16
277
1154
1196
758
225
883
28016
352
386
2740
382
8311
539
1008
304
3138
954
8860
25764
382
8311
539
851
569
1217
717
1310
4027
402
2927
5463
1375
17
12578
12
27
18833
25268
25314
13904
16
225
3586
23025
25742
25848
25264
16
225
26
16
373
22
16745
2191
4655
225
4543
17697
22407
382
17
12578
12
21751
14317
23941
26579
11524
16
225
24588
27919
22157
21868
19962
16
225
23
16
373
11777
10783
17193
13900
21026
2191
4655
225
20
382
17
12578
12
7992
22366
25599
22019
18248
16
225
19528
26461
28360
27465
24282
16
225
29
16
373
27527
27043
26090
23850
28822
2191
4655
225
20
382
2110
1008
304
4802
954
8860
19553
1131
396
1357
382
23928
277
16066
16
539
1196
3138
265
14946
4377
386
5119
14387
38474
352
27946
93198
778
304
265
5879
16
396
539
4546
382
8311
16
539
1008
304
361
17034
819
2927
108502
30
344
25665
15
21
20534
12
22542
17540
17
21
13
874
361
8730
16
689
11636
530
5203
3089
32088
18
2952
16
352
6441
8443
778
304
16
2132
16
225
696
16
344
25665
15
21
20534
12
22542
17540
17
21
13
1387
361
28224
344
622
66
696
680
9405
6772
382
2608
539
851
1008
304
17208
1682
34727
275
26649
5912
124651
16
4354
16
5879
680
1283
530
3138
265
38474
1154
386
5119
42626
1701
344
80
625
28090
13
366
344
1084
16
13334
680
7517
4354
6758
8696
225
696
16
1850
6772
382
10917
16
539
1998
851
5203
277
1690
1207
5879
874
569
17156
27740
936
4354
35
41729
539
1094
1465
1682
34727
275
26649
5912
890
539
1008
304
1682
93198
302
265
2688
4354
386
436
2336
936
265
3166
5879
344
50
34727
506
225
21
680
2209
539
851
2292
592
5879
6743
225
622
2421
11228
17
21
2547
7494
758
225
20
18
610
954
8860
16
539
1094
1465
1682
34727
275
26649
5912
890
433
34727
1518
225
20
306
539
1008
304
1682
93198
2336
936
433
34727
18
1283
530
3138
1682
34727
275
26649
5912
396
1375
1847
1682
34727
275
26649
5912
124651
16
4354
16
5879
2407
298
905
4716
5463
302
7662
489
11228
11
27740
344
9060
14387
1713
41872
733
1450
14387
6758
4753
16
386
436
6758
5879
388
298
592
5879
460
225
622
43271
11228
17
21
2407
348
758
225
20
203
298
27740
351
1568
24094
5232
16
1284
5311
808
12886
298
499
136060
1250
312
625
28090
203
298
1029
80
625
28090
57151
465
298
917
29124
40815
16
13334
2407
348
592
912
1377
4354
638
454
758
225
21
203
348
2687
123983
351
27740
74686
65
592
13334
1625
4753
203
348
2983
351
225
20
203
348
3598
351
225
21
592
912
1377
225
20
1625
225
20
203
348
352
282
297
2783
185788
16
2687
123983
15
21
2407
454
592
282
1518
4753
638
615
2984
203
454
2983
4284
29124
40815
15
21
16
13334
306
344
72
1377
27740
74686
35542
348
758
2983
203
298
758
29124
12
20
16
7143
994
2608
6035
30
610
277
9284
16
539
436
3402
13879
2687
123983
6758
4753
1480
13334
494
2687
123983
341
1219
3524
77266
74686
2315
4753
680
2586
282
642
361
6758
4753
9724
18
2586
539
530
64424
277
592
282
1518
4753
2292
382
8311
16
539
1998
4802
386
492
38474
12989
19720
5463
402
7662
489
11228
11
27740
16
1058
14387
1713
41872
16
27740
6758
4753
16
306
6758
5879
382
2110
1196
1310
492
38474
366
4081
4027
382
3506
30
4753
33
26
16
4354
33
22
16
5879
33
1670
18
1283
2364
5463
499
225
622
304
225
1670
402
27740
6758
26
30
1731
436
225
622
17
1057
344
514
27740
6758
29
35
689
4753
33
26
16
713
27740
1998
361
6758
26
18
2586
5463
402
1058
14387
225
21
306
1749
14387
225
20
17
26
1117
225
27
5463
344
622
17
902
680
1563
1058
14387
225
22
16
1749
14387
225
20
17
26
1117
225
27
5463
344
696
17
1670
680
1563
1058
14387
225
23
17
29
35
2209
5879
494
1058
14387
341
225
22
16
306
4753
341
225
26
16
713
1058
14387
4273
14949
225
26
17833
18
2209
539
1008
304
1994
1058
14387
778
304
1219
12
26
16
5879
494
1058
14387
680
41729
5879
33
1670
16
1058
14387
225
22
18
1563
1058
14387
225
22
16
1749
14387
530
361
778
304
225
26
344
29753
4753
13
306
851
6758
5879
494
1749
14387
592
13334
35
7517
539
867
13334
15528
1641
18
3092
912
20
16
2687
123983
351
1219
124651
16
27740
63
20
6577
351
1219
12
26
16
22
5791
22
18
2586
1058
14387
530
361
225
21
420
225
22
18
1563
1058
14387
225
21
32427
22
733
1232
352
912
21
16
13334
7883
8077
344
29753
282
460
27740
63
20
24299
713
2687
123983
351
4753
351
26
16
306
3598
33
20
344
29753
912
23346
20
680
2586
1749
14387
530
361
225
20
17
26
1117
225
27
5463
18
1563
1058
14387
225
22
344
17277
733
1232
13334
8320
7143
16
2687
123983
351
1219
124651
16
27740
63
21
6577
351
1219
12
26
16
26
5791
26
18
2586
1749
14387
530
361
225
20
17
26
1117
225
27
5463
18
11612
351
225
992
18
5641
38474
1196
3050
225
992
382
8311
16
954
8860
352
285
16248
13
5119
1682
34727
275
26649
5912
352
5879
351
433
34727
506
225
21
18
2586
539
1008
304
361
17034
30
610
277
1690
1207
433
34727
506
225
21
874
569
17156
27740
936
4354
16
539
758
225
20
18
9405
4309
382
8311
16
539
851
1008
304
5203
277
1690
1207
4354
351
225
20
344
77
3077
1278
6441
3804
1377
434
680
9405
23626
22560
382
8311
16
539
851
1008
304
4802
386
539
12989
17208
433
34727
306
433
86521
396
32088
18
7517
433
530
361
778
304
8696
225
622
66
902
16
1347
11795
40743
341
6772
382
8311
16
539
1998
851
1994
277
12634
386
272
874
569
6152
53432
35
461
2746
4060
272
341
265
1794
15739
265
4898
11795
18
2586
411
17420
569
6152
53432
18
2209
592
411
1414
16
539
2428
1008
304
2489
411
396
2896
6152
53432
16
6115
386
277
35758
1387
569
6152
53432
16
697
1011
3910
277
35758
4354
306
277
4550
386
277
1435
11751
402
272
18
1563
2024
16
272
351
373
3528
3210
5489
5463
17299
402
373
3528
6
569
2009
2240
27740
7662
225
3528
16
713
277
14849
14387
341
225
20
16
20373
225
20
16
6299
225
21
18
9405
6751
396
1423
396
1450
14387
6758
4753
18
2952
16
277
2746
4060
4898
11795
16
713
373
3528
6
341
516
265
4898
11795
11183
344
279
674
6152
53432
680
2586
539
530
10987
840
6152
53432
18
2209
304
361
6085
16
539
1387
2188
5203
272
402
6152
53432
498
31504
304
11795
35
2209
1232
277
4354
1011
361
4800
396
6441
2350
13
15470
302
6152
53432
16
697
341
6772
1480
539
1008
277
35758
304
4475
7662
277
1794
272
18
1437
272
674
6152
53432
16
1232
277
35758
4059
1731
53432
16
6115
277
1435
1998
569
1731
53432
297
1731
10690
18
9405
20672
18
2952
16
277
2746
4060
272
341
265
1794
15739
265
4898
11795
16
713
9923
10987
840
6152
53432
382
27872
16
539
530
2553
954
4158
382
8311
16
539
1196
851
1994
277
1690
1207
4753
341
2336
936
910
14387
297
272
18
1283
3402
2292
306
758
225
20
382
8311
16
3138
277
1154
382
61792
4602
277
2363
402
277
2165
5826
1375
21
18
272
120498
351
648
545
30400
13
352
466
297
272
1391
22
18
434
351
6441
2350
120498
465
23
18
592
839
3524
1518
4753
352
282
297
272
120498
2738
758
225
20
203
24
18
35758
10013
351
853
2350
13
261
905
689
17034
30
592
272
674
6152
53432
16
853
2350
13
1011
7177
1019
16
9212
4354
18
2209
539
10987
840
6152
53432
18
2952
16
539
851
1008
277
35576
1333
352
9540
402
433
86521
18
7517
272
874
569
6152
53432
16
853
2350
13
1011
516
7026
277
2833
35576
1333
35
41729
592
272
674
6152
53432
16
317
1627
1278
272
508
3528
728
853
2350
5791
21
16
689
539
1008
277
11795
1333
302
277
35758
396
277
2009
434
27740
16
697
341
225
21
344
29753
225
3528
341
225
21
680
9405
4309
18
2586
1347
853
2350
13
341
6772
352
35576
9540
18
2209
277
4354
434
341
6441
2350
680
2586
539
1008
1804
18
2586
35758
10013
351
853
2350
13
4229
382
25
18
29261
1682
16131
12957
14607
22107
8443
2407
261
592
6441
8443
460
434
30
758
225
20
203
261
16514
17540
351
6441
8443
506
434
203
261
592
16514
17540
1377
225
20
638
1426
758
225
21
203
261
1625
638
1426
758
4753
535
344
25665
15
21
239288
22542
17540
17
21
994
2608
5522
30
2251
492
4309
352
6441
8443
1518
434
35
461
1058
14387
302
277
16514
344
4024
3040
13
530
361
225
21
568
25665
16
306
277
10652
16514
17540
17
21
27740
530
361
225
20
568
25665
18
8520
382
2608
539
851
1008
304
4802
386
277
35758
27740
5895
436
6758
4753
16
697
539
3402
14559
18
2586
1850
6772
382
26
18
29261
1682
34727
275
26649
5912
124651
16
4354
16
5879
2407
261
592
5879
460
225
622
43271
11228
17
21
2407
1426
758
225
20
203
261
27740
351
1568
24094
5232
16
1284
5311
808
12886
261
499
136060
1250
312
625
28090
203
261
1029
80
625
28090
57151
465
261
917
29124
40815
16
13334
2407
1426
592
912
1377
4354
638
2613
758
225
21
203
1426
2687
123983
351
27740
74686
65
592
13334
1625
4753
203
1426
2983
351
225
20
203
1426
3598
351
225
21
592
912
1377
225
20
1625
225
20
203
1426
352
282
297
2783
185788
16
2687
123983
15
21
2407
2613
2983
4284
29124
40815
15
21
16
13334
306
344
72
1377
27740
74686
35542
1426
758
2983
203
261
758
29124
12
20
16
7143
994
9172
30
461
38474
1414
516
19986
31396
282
6758
4753
1480
2687
123983
341
3402
5885
304
4753
344
29753
13334
1625
4753
16
306
592
13334
16
27740
74686
65
874
361
1518
4753
16
689
539
1863
1219
35
41729
2687
123983
351
27740
74686
65
592
13334
1625
4753
18
2209
592
13334
306
27740
74686
65
1518
4753
16
1232
2687
123983
351
27740
74686
65
1518
4753
16
697
1011
2617
282
778
304
27740
74686
65
689
539
1998
4802
282
6758
4753
18
2586
539
1008
304
1999
2687
123983
498
4753
1571
890
13334
18
2586
539
1196
17208
30
2687
123983
351
1219
3524
77266
74686
2315
4753
13
592
13334
1625
4753
18
9405
2123
1480
433
34727
874
569
27740
6892
936
4753
16
689
539
2188
1094
2617
27740
6758
4753
18
2586
539
1998
31396
386
382
27872
16
14637
1375
359
13334
638
298
2687
123983
351
1219
3524
77266
74686
2315
4753
465
4836
638
298
2687
123983
351
4753
300
54351
16
3598
341
396
1714
382
14353
16
297
277
9284
16
539
59689
282
499
3598
304
2687
123983
24273
382
8311
16
38474
4229
382
2608
539
851
1008
304
1994
386
890
13334
341
7143
306
539
5229
265
14387
2336
936
27740
74686
2315
1232
2475
872
502
7883
8077
18
9405
4309
382
8311
16
539
851
1008
304
4802
386
352
5463
302
7662
489
11228
11
27740
16
277
1058
14387
4273
361
7810
18
9405
50089
498
3598
33
21
468
912
33
20
382
8311
16
539
851
1008
304
5203
277
1690
1207
4354
1387
361
225
20
35
3557
4494
382
8311
16
8483
1682
8343
40752
16248
16034
359
433
460
225
20
30
758
225
20
300
149037
3804
351
1284
16248
465
4448
3804
351
6441
3524
77266
3804
994
12815
351
225
20
300
7
31051
2336
936
6441
3804
203
1943
6441
8443
297
2783
12
21
16
6441
3804
2407
298
2983
4284
1682
16131
12957
14607
22107
8443
994
7
5203
4354
1377
6441
3804
203
359
6441
3804
460
434
638
298
905
840
5463
302
492
4354
530
569
35758
302
4354
434
203
298
1717
203
36079
6441
3804
1377
434
638
298
905
1094
2731
1435
341
272
5513
203
298
592
35758
10013
6758
433
638
348
2983
4284
225
21
203
4836
30
905
6441
3804
1518
434
203
298
16514
17540
351
6441
3804
506
434
203
298
433
34727
351
433
781
344
622
478
48
465
298
433
86521
351
433
1577
344
622
478
48
994
298
905
1682
93198
2336
936
433
34727
203
298
592
433
34727
1518
225
20
638
348
5879
351
433
34727
506
225
21
203
348
592
5879
6743
225
622
43271
22542
17540
17
21
2738
225
905
4802
5879
674
468
2750
16514
17540
27740
203
454
2983
4284
1682
34727
275
26649
5912
124651
16
16514
17540
16
5879
465
348
905
1625
5879
674
17156
27740
16
840
93198
2336
936
433
34727
344
29753
21820
16514
17540
57329
1435
341
225
622
2421
22542
17540
17
21
8509
298
905
2292
433
34727
5513
203
298
905
1008
304
4802
433
34727
674
7662
16514
17540
27740
35
887
1414
1480
6441
3804
1518
434
16
306
433
494
1058
14387
341
1713
41872
16
713
433
34727
341
468
2750
225
622
2421
22542
17540
17
21
732
298
592
35758
10013
6758
433
86521
638
348
905
2292
592
433
34727
341
265
4080
16514
30
616
969
27740
6758
4753
306
1058
14387
1713
41872
344
8781
411
341
465
348
592
616
5232
30400
13
6758
4753
352
466
297
1284
16248
34727
30233
454
2983
4284
225
21
300
1594
2983
300
2608
5522
30
610
277
1690
1207
6441
3804
1518
434
16
539
851
1008
304
1994
277
12634
386
277
35758
10013
5513
2428
361
1518
433
86521
16
697
539
3402
2292
18
6755
16
539
1998
4802
386
277
16514
17540
341
4898
16
697
411
341
382
8311
16
539
1008
304
1310
492
8860
366
277
3419
1310
4027
382
2110
3402
10753
3313
20488
306
3289
4309
2527
382
8311
16
539
1196
851
1310
277
2927
1310
4027
402
954
8860
304
4802
411
4229
382
2110
1387
2050
304
17208
352
12578
12
27
18833
25268
25314
13904
16
225
3586
23025
25742
25848
25264
16
225
26
16
373
22
16745
2191
304
1565
592
539
771
225
4543
17697
22407
18
9405
265
8730
24322
16
689
539
530
6724
277
8860
592
11029
12989
18
2952
16
539
1008
304
361
49603
819
3892
18
461
38474
352
1682
34727
275
26649
5912
642
361
2988
468
1210
3984
621
1465
304
1682
8343
40752
344
1943
277
7866
5879
306
3598
5879
680
461
38474
77647
8597
25782
4354
344
4956
5907
902
733
306
42626
1701
5267
436
468
1210
225
22
535
4354
344
29753
13334
6543
680
2586
1850
39154
382
669
1584
2331
341
277
9284
898
31051
2336
936
6441
3804
16
697
341
468
1210
819
225
902
40753
16
1450
13131
51628
8458
344
10120
32088
680
9405
6772
382
4892
6381
16066
341
18597
382
8311
16
539
1998
851
5203
277
1690
1207
4753
15
21
874
361
2927
16
689
51628
8458
341
6772
382
8311
16
539
1196
851
1994
386
344
25665
15
21
239288
22542
17540
17
21
13
1387
361
8730
352
2927
16514
17540
344
7846
225
622
66
902
733
689
11636
530
5203
3089
32088
18
2952
16
352
9283
2927
5463
16
277
11795
2428
361
8730
16
689
539
436
1094
1347
411
352
27946
16
697
341
387
11795
386
1387
361
37682
1547
2927
344
73
1627
1278
352
6441
3804
33
696
16
16514
17540
33
883
16
4753
33
29
16
1682
16131
12957
14607
351
225
29
535
225
622
66
992
351
225
29
73
992
16
697
341
6772
680
41729
225
622
66
992
341
6772
18
8269
225
622
66
1045
341
6772
18
2586
1850
20672
382
2608
539
1998
361
17034
402
51628
8458
352
2927
108502
30
344
25665
15
21
239288
22542
17540
17
21
13
402
4753
15
21
33
622
306
51628
778
304
8696
225
883
22699
225
622
66
883
16
697
341
6772
18
1563
51628
778
304
225
696
16
225
622
66
696
341
2188
6772
18
2586
840
2746
382
8311
16
539
1196
851
1994
386
352
6441
3804
1518
434
16
539
17208
433
34727
351
433
781
344
622
478
48
680
957
14031
341
6772
382
8311
16
539
851
1008
304
4802
386
539
17208
225
622
478
48
12989
352
2927
434
35
434
341
4354
302
272
16
697
341
468
1210
8696
225
696
35
2209
1850
6772
382
8311
16
539
1998
851
5203
277
1690
1207
272
2428
361
373
20
26471
461
5803
4060
4898
11795
16
713
516
7810
382
8311
16
539
1196
851
1994
277
15277
1207
4753
341
225
20
35
2209
4753
6743
21
621
16981
382
8311
16
539
1196
851
1994
386
277
2783
648
6373
16
12216
65
1387
361
2927
16
689
539
1094
17208
285
2238
52207
13
506
285
28720
17
21
680
9405
6772
382
8311
16
539
1008
304
3138
277
1154
25764
382
2608
1714
184752
16
539
1196
1310
277
8860
402
277
31579
1690
304
9182
411
22699
225
883
28016
18
1283
3402
19377
20488
306
3289
225
883
28016
18
2586
592
954
7878
14441
386
16
1232
277
4655
1333
225
883
28016
341
4309
382
8311
16
539
1998
851
4802
386
277
38474
352
1682
34727
275
26649
5912
12989
28506
277
1690
890
5879
674
27740
6892
936
4753
689
13334
18
5641
2687
123983
351
1219
3524
77266
74686
2315
4753
13
592
13334
1625
4753
18
957
18373
539
3042
14949
4753
18
2952
16
903
341
265
122221
30
1437
13334
341
7143
306
27740
74686
65
1518
4753
16
1232
2687
123983
351
4753
18
5489
890
539
59689
282
499
3598
304
2687
123983
16
539
642
2549
27740
2336
936
27740
74686
65
689
851
6792
304
4753
16
697
874
361
2336
936
27740
74686
1807
9405
6772
18
2209
1065
819
277
1690
890
539
5229
265
14387
2336
936
27740
74686
128410
5489
2475
872
502
7883
8077
344
29753
282
460
27740
74686
24299
697
341
4309
18
2952
16
539
1998
361
17034
30
461
4550
352
2475
872
502
1196
361
13334
306
344
72
1377
27740
74686
23923
2209
592
13334
341
7143
306
282
460
27740
74686
2315
1232
2475
872
502
351
8077
18
9405
6772
382
2608
592
13334
341
7143
306
539
5229
282
1377
27740
74686
65
344
8781
341
1518
4753
35
41729
592
27740
74686
65
1518
4753
16
1232
2687
123983
351
4753
16
713
539
4273
5229
282
1377
27740
74686
65
1480
282
1011
14949
4753
18
2586
539
642
3042
569
282
1377
27740
74686
65
890
27740
74686
65
1518
4753
18
8111
16
539
3042
5001
13334
592
277
5879
14387
33572
4753
18
3483
341
4309
1480
839
1435
402
265
14387
1518
4753
341
15235
16
713
539
1094
1682
5463
386
436
6758
5879
689
851
3129
277
4753
18
7517
277
5879
14387
341
1518
4753
16
277
1094
1528
304
361
6758
5879
1706
73886
4753
341
304
569
265
14387
2336
936
5879
468
386
2413
16
697
1011
1265
277
1435
9724
2336
936
5879
15470
302
3735
27740
18
2586
954
38474
12989
28506
386
382
8311
16
539
851
1008
304
4802
386
352
277
1690
1207
5879
674
17156
27740
936
4354
16
539
758
225
20
18
1283
3402
2292
5879
460
225
622
43271
11228
17
21
680
9405
4309
382
8311
16
539
1196
851
1994
277
12634
302
13304
35
11636
3089
146581
6772
382
8311
16
539
1196
851
1994
386
539
436
1347
77647
352
38474
16
697
341
6772
382
8311
16
539
530
3138
277
2363
382
2608
1714
184752
16
13640
1310
954
8860
402
265
2487
717
4027
304
4802
840
1115
14530
20740
7783
382
3506
225
21
30
1682
59283
1323
2907
184257
12
21
16
26
937
16
24
1619
12827
2191
1117
225
25
18
5641
8860
22699
35
1283
19377
7977
285
12
26
937
5791
25
16
285
12
20
5791
20
35
41729
1472
33
21
16
713
1472
17
21
33
20
18
285
12
20
13
1196
361
225
20
18
2586
3032
33
25
18
9177
382
3506
225
22
30
1682
59283
1323
2907
184257
12
883
16
16241
16
26
1619
622
2191
1117
225
22
18
285
12
16241
5791
23
16
285
12
992
5791
21
1117
225
22
18
9177
382
3506
225
23
30
1682
59283
1323
2907
184257
12
21
937
16
22
937
16
24
1619
23
937
2191
1117
225
20
18
285
12
22
937
5791
20
16
285
12
4542
5791
20
1117
20
382
3506
225
24
30
225
1960
17
18467
16
29
1619
29
6
1117
1199
18
285
12
18467
5791
1592
16
285
12
1773
5791
23
1117
1199
382
3506
225
25
30
225
696
17
24848
16
24
1619
21
6
1117
1449
18
285
12
24848
5791
948
16
285
12
1057
5791
22
1117
1449
382
3506
225
26
30
225
2510
17
23959
16
22
1619
807
6
1117
22
18
285
12
23959
5791
23
16
285
12
2589
5791
21
1117
22
382
3506
225
27
30
225
7537
17
24852
16
23
1619
963
6
1117
23
18
285
12
24852
5791
24
16
285
12
1793
5791
21
1117
23
382
3506
225
28
30
225
7686
17
20469
16
26
1619
3501
6
1117
26
18
285
12
20469
5791
27
16
285
12
7510
5791
21
1117
26
382
3506
225
29
30
225
29
19039
17
7521
17133
16
29
1619
3124
6
1117
28202
18
285
12
7521
17133
5791
25009
16
285
12
29
6701
5791
8028
1117
28202
382
3506
225
622
30
225
28
28016
17
959
22138
16
27
1619
5111
20851
6
1117
21
18
285
12
959
22138
5791
21
16
285
12
28
18550
5791
20
1117
21
382
3506
225
807
30
225
29
17697
27414
17
6548
23862
26087
16
21
1619
7955
7955
6
1117
22
18
285
12
6548
23862
26087
5791
24
16
285
12
29
17697
28069
5791
22
1117
22
382
3506
225
740
30
225
22
21411
26033
17
3284
19127
17588
16
26
1619
18730
6
1117
883
28016
344
507
19377
680
285
12
3284
19127
17588
5791
902
26559
16
285
12
22
21411
22180
5791
21
21959
1117
883
28016
382
3506
225
1068
30
225
27
18833
25268
25314
13904
17
3586
23025
25742
25848
25264
16
26
1619
22
16745
6
1117
4543
17697
22407
18
27969
6724
382
3506
225
992
30
225
21751
14317
23941
26579
11524
17
24588
27919
22157
21868
19962
16
23
1619
11777
10783
17193
13900
21026
6
1117
20
18
5641
8860
1196
3050
225
20
1480
4164
35758
5720
14387
1518
23
35
16473
2292
272
508
11777
10783
17193
13900
21026
728
27740
30
225
21
16
22
16
21
16
22
16
22
16
20
16
22
16
23
16
23
16
22
16
21
16
22
16
23
16
23
16
22
18
2278
436
27740
225
23
16
22
16
4115
18
4753
33
23
16
713
616
27740
6758
23
35
8520
16
27740
436
1094
225
20
16
21
16
22
16
23
18
2586
35758
341
20672
18
2209
8696
277
2783
341
1175
386
840
5463
22465
18
27969
6724
382
3506
225
883
30
225
7992
22366
25599
22019
18248
17
19528
26461
28360
27465
24282
16
29
1619
27527
27043
26090
23850
28822
6
1117
20
18
28764
382
8311
16
539
1196
851
1994
8106
4027
1013
1472
33
21
16
12216
33
21
16
4753
33
29
16
272
508
21
3210
5489
8672
5463
30
225
21
5513
35
27740
6758
29
16
11751
402
373
21
728
12035
18
2586
1682
33
21
18
5641
8860
30
285
12
21
13
352
433
33
21
16
6441
3804
33
21
16
434
33
21
16
6441
3804
582
48
16
35758
10013
33
21
6758
21
16
2983
33
21
18
285
12
20
5791
20
18
2586
3032
33
21
382
2558
272
508
21
728
4753
33
21
16
2783
648
622
16
622
1807
5489
225
622
1414
516
1169
402
373
21
26471
11751
402
373
20
728
713
840
18
2586
1682
33
20
18
5641
8860
30
285
12
622
2738
6441
3804
33
22
16
434
33
21
16
6441
3804
1518
434
18
16514
17540
33
21
16
433
34727
351
225
622
458
622
351
21
16
433
86521
33
20
16
35758
10013
33
21
18
1682
93198
2336
936
433
34727
30
433
34727
33
21
16
5879
33
20
16
5879
32
622
2421
20
14883
21
35
41729
225
622
43271
22542
17540
17
21
5791
622
478
20
33
21
18
5879
33
20
32
21
16
713
1682
156469
33
20
18
6621
433
34727
33
21
30
27740
63
21
128410
41729
433
34727
33
21
16
27740
489
21
11
6758
4753
33
21
16
306
35758
10013
33
21
6758
433
86521
33
20
35
2044
18
2586
4354
22
28446
225
20
18
14610
31051
32
22
30
6441
21
30
1682
16131
33
21
344
29753
272
33
21
6758
21
680
2586
285
12
622
5791
21
18
285
12
29
2738
433
33
29
16
6441
3804
33
21
16
434
33
21
16
6441
3804
582
48
16
35758
10013
33
21
6758
29
35
1641
16
713
285
12
29
5791
21
18
2586
3032
351
285
12
622
6030
74
12
29
5791
20
18
9177
382
8311
16
539
1196
851
1310
1690
1207
35758
5720
14387
1518
4753
30
1196
758
225
20
382
8311
16
539
1008
304
4802
386
352
6441
3804
1518
434
16
539
12989
17208
433
34727
396
11795
14031
18
2209
539
1998
361
17034
819
2927
5463
30
433
781
344
622
478
48
13
341
6772
382
8311
16
539
851
1008
304
17208
225
622
478
48
16
697
1387
361
2927
689
6772
382
8311
16
539
851
1008
304
17208
616
5232
30400
13
6758
4753
352
466
297
1284
16248
34727
11499
9405
6772
382
8311
16
539
1196
1994
592
433
34727
1387
361
225
20
35
1563
6441
3804
1518
434
16
433
674
468
2750
434
15
21
27740
18
461
1210
3040
14387
302
433
341
1713
41872
16
713
890
539
20947
498
225
622
244906
16
277
1193
341
468
2750
225
21
344
29753
433
6743
225
622
2421
48
25171
1563
2024
16
433
33
21
937
16
434
33
23
16
433
458
21
937
33
21
18
2586
433
34727
6743
21
18
2586
539
1907
1008
304
12971
819
433
34727
33
20
382
2608
297
277
1690
1207
6441
3804
1518
434
16
433
34727
1387
361
2761
1013
225
1296
1424
20
35
3578
6772
382
8311
16
539
1998
851
1994
277
15277
1207
4753
341
2164
16
306
277
5879
352
1682
34727
275
26649
5912
2428
361
2336
936
277
21820
2731
16514
344
622
2421
22542
17540
17
21
4106
1571
4100
433
34727
1518
225
20
18
1563
2024
16
433
34727
33
21
16
16514
17540
33
22
16
1232
5879
33
20
460
225
622
2421
21
14883
622
16
713
1682
156469
33
20
18
9405
4309
382
8311
16
539
851
1008
304
1994
277
15277
1207
433
34727
5513
2428
569
17156
27740
936
16514
17540
35
3483
4273
4252
1480
433
674
6441
3804
27740
16
306
539
436
4738
277
1058
16514
17540
27740
18
7517
6441
3804
1518
434
16
277
1058
16514
17540
27740
1027
265
1435
402
7662
16514
17540
27740
344
1833
1210
3040
14387
341
1713
41872
680
2586
433
34727
674
7662
16514
17540
27740
382
8311
16
539
1196
851
1994
277
1690
1207
272
2428
569
4354
1518
6441
3804
352
277
7866
5879
16
539
3402
5203
6441
3804
460
434
1117
285
16248
5791
20
352
386
4354
16
306
4455
31051
460
6441
3804
1094
4059
31051
460
434
697
436
225
20
18
2586
285
16248
5791
20
18
9405
4309
382
8311
16
539
1196
851
1994
277
12634
302
1472
1518
12216
35
3557
7174
16
689
5091
1472
6758
12216
382
8311
16
539
1196
851
1994
3892
30
461
38474
352
1682
34727
275
26649
5912
642
361
2988
468
1210
12775
621
1682
8343
40752
344
1943
12216
306
1472
17
21
680
9405
6772
382
8311
16
539
530
4602
277
2522
2363
382
2608
1714
5009
16
539
1008
304
4802
539
12989
1250
136060
5451
277
1154
35
1283
530
1250
468
1828
302
277
1154
420
29469
18
3578
6772
382
8311
16
539
1998
6496
277
2363
297
265
3225
2363
2732
396
15139
382
61792
4602
1375
3080
14487
203
1847
1682
59283
1323
2907
184257
28720
30
853
16
12216
30
853
16
4753
30
853
16
272
30
1284
13
2649
853
638
298
272
120498
351
648
545
30400
13
352
466
297
272
1391
298
434
351
6441
2350
120498
465
2458
298
905
1437
35758
5720
265
14387
6892
936
4753
16
840
8672
11795
530
2893
388
298
592
839
3524
1518
4753
352
282
297
272
120498
2407
348
758
225
20
19964
298
35758
10013
351
853
2350
13
261
905
35576
1333
302
277
35758
19964
298
905
41324
304
1682
8672
32088
6758
433
203
298
917
1682
8343
40752
16248
30
853
13
2649
853
638
348
592
433
460
225
20
638
454
758
225
20
203
348
27740
3804
351
1284
16248
465
348
6441
3804
351
6441
3524
77266
3804
465
4856
348
2983
351
225
20
30795
348
905
4716
5463
402
17156
27740
936
433
203
348
352
6441
8443
297
2783
12
21
16
6441
3804
2407
454
592
6441
8443
460
434
638
615
4622
203
454
16514
17540
351
6441
8443
506
434
203
454
592
16514
17540
1377
225
20
638
615
2983
4284
225
21
261
905
277
1435
341
7662
272
203
454
1625
638
615
2983
4284
4753
535
344
25665
692
225
21
13
1995
344
22542
17540
506
225
21
465
4856
348
905
28215
5463
402
7662
6441
3804
27740
203
348
592
6441
3804
460
434
638
454
905
2523
1435
302
492
4354
530
569
35758
302
4354
434
203
454
1717
203
348
12542
6441
3804
1377
434
638
454
905
10546
2731
1435
341
272
5513
203
454
592
35758
10013
6758
433
638
615
2983
4284
225
21
203
348
1625
30
225
905
6441
3804
1518
434
203
454
16514
17540
351
6441
3804
506
434
203
454
5053
150290
5278
351
225
622
1995
434
203
454
433
34727
351
433
781
5053
150290
5278
203
454
433
86521
351
433
1577
5053
150290
5278
64903
454
905
4716
93198
27807
2336
936
433
34727
203
454
592
433
34727
1518
225
20
638
615
5879
351
433
34727
506
225
21
203
615
592
5879
6743
225
622
1995
344
22542
17540
506
225
21
2407
828
2983
4284
1447
8227
34727
275
26649
5912
124651
16
16514
17540
16
5879
465
9078
454
905
6621
592
433
34727
5513
341
265
4080
16514
306
35758
22700
203
454
592
35758
10013
6758
433
86521
638
615
905
45454
433
34727
27740
2737
4753
203
615
592
616
5232
30400
13
6758
4753
352
466
297
1284
16248
34727
30233
828
2983
4284
225
21
30795
348
758
2983
19964
298
905
41324
352
27946
4080
93198
6758
5879
203
298
917
1447
8227
34727
275
26649
5912
124651
30
853
16
4354
30
853
16
5879
30
853
13
2649
853
638
348
592
5879
460
225
622
1995
344
11228
506
225
21
2407
454
758
225
20
203
348
27740
351
1568
24094
5232
16
1284
5311
808
12886
348
499
136060
1250
312
625
28090
30795
348
1029
80
625
28090
20399
6118
15298
465
348
917
29124
40815
30
853
16
13334
30
4989
13
2649
853
638
454
592
912
1377
4354
638
615
758
225
21
203
454
2687
123983
351
1219
3524
77266
74686
2315
4753
13
592
13334
1625
4753
203
454
2983
351
225
20
203
454
3598
351
225
21
592
912
1377
225
20
1625
225
20
203
454
352
282
297
2783
185788
16
2687
123983
692
225
21
2407
615
2983
4284
29124
40815
692
225
21
16
13334
306
344
72
1377
27740
74686
35542
454
758
2983
30795
348
758
29124
12
20
16
7143
465
2458
298
758
1682
8343
40752
2238
52207
13
506
1682
8343
40752
28720
506
225
21
465
7203
2608
539
1008
304
361
17034
30
610
277
9284
352
31051
2336
936
6441
3804
16
539
1161
1411
359
6441
8443
460
434
30
4622
68
689
539
851
1008
304
1994
386
352
6441
8443
6743
434
16
539
17208
1682
16131
12957
14607
18
2952
16
539
4746
8483
265
8156
1154
31
539
1060
19377
11059
18
9405
6772
382
2608
539
1196
6035
386
352
6441
8443
1518
434
16
277
10413
4753
535
344
25665
15
21
239288
22542
17540
17
21
13
31785
386
277
35758
27740
436
616
6758
4753
344
788
3402
14559
680
6755
16
539
1998
4802
386
277
16514
4354
1518
20
18
9405
6772
382
2608
341
903
839
1690
1207
6441
8443
1377
434
689
277
35758
5513
2428
569
265
14387
1518
4753
35
1283
3402
8938
225
20
7977
16
713
1850
6772
382
8311
16
539
851
1008
304
4802
386
352
6441
8443
1518
434
16
277
5463
539
1682
436
14233
8672
32088
18
8520
382
8311
16
539
1196
1310
954
8860
366
277
31579
1690
1347
2363
304
13561
18
7517
539
4273
1774
2363
1743
16
539
1998
3368
18
1283
3402
19377
285
12
3284
19127
17588
5791
902
26559
306
285
12
22
21411
22180
5791
21
21959
16
7859
225
883
28016
18
5641
8860
1196
6496
277
1656
382
2608
539
1008
304
4638
18400
277
4455
352
31051
2336
936
6441
3804
297
285
12
3284
19127
17588
680
1283
19377
6441
23
33
21
16
6441
24
33
26
16
6441
25
33
3304
16
6441
26
33
21215
16
6441
27
33
22
27601
18
14610
33
22
14822
18
16473
13561
1347
10413
1375
17
6441
23
30
16514
17540
33
20
1117
225
21
203
17
6441
24
30
16514
17540
33
21
1117
4753
535
344
25665
15
21
20534
20
351
225
26
535
225
21
351
26
203
17
6441
25
30
16514
17540
33
22
1117
225
26
535
225
27
66
21
351
3304
203
17
6441
26
30
16514
17540
33
23
1117
225
26
535
225
27
66
22
351
26
14
3124
33
21215
203
17
6441
27
30
16514
17540
33
24
1117
225
26
535
225
27
66
23
351
26
14
21689
33
22
27601
300
20454
33
21
15
26
15
3304
15
21215
15
22
27601
33
22
14822
18
9177
382
8311
285
12
22
21411
22180
13
31051
2336
936
225
27
30
6441
23
33
21
16
6441
24
33
26
16
6441
25
33
3304
16
6441
26
33
21215
18
14610
33
21689
18
9177
382
8311
1682
156469
67
25
82226
30
1283
23069
1850
2983
16131
34727
275
351
225
26
535
225
27
66
24
351
225
26
14
22
14822
351
225
992
21810
18
5641
8860
494
1682
34727
275
26649
5912
352
4354
33
25
16
5879
33
3284
16643
1196
758
386
18
16473
1565
592
954
38474
1011
758
386
18
7517
5879
33
3284
16643
16
697
341
1518
6756
4080
16514
225
2704
15342
16
616
4080
93198
436
2336
18
2586
38474
1196
758
2983
16131
34727
275
18
461
38474
642
17208
12989
1480
352
1450
1058
14387
225
21
17
25
16
2650
724
436
2336
936
5879
494
1058
14387
344
26
733
277
2518
530
361
839
225
20
568
26
16
7859
225
25
14
27
66
24
351
225
740
4662
18
1563
1058
14387
225
26
16
2650
1850
6792
304
5879
494
1058
14387
35
5879
494
1058
14387
341
225
26
16
689
1232
539
704
304
912
21
30
5879
494
1749
14387
341
225
27
16
689
2687
123983
351
1219
12
27
16
26
5791
26
16
713
1749
14387
530
361
225
20
17
26
16
616
2336
936
5879
494
1749
14387
344
27
680
2586
352
839
6128
302
1749
14387
225
20
17
26
16
277
2518
436
2342
18
2586
2983
352
1058
14387
225
26
341
225
27
66
24
351
225
22
14822
18
14610
351
225
740
4662
15
22
14822
33
992
21810
18
9177
382
8311
1682
156469
67
24
82226
30
5879
33
22
16935
18
5641
38474
1196
758
225
26992
18
16473
17208
1347
38474
11236
304
4802
1850
4309
382
84716
302
5879
30
648
22
16
29
16
24
16
25
2315
4354
33
24
16
4753
33
26
382
61792
1774
38474
20488
1375
54641
29124
40815
16
13334
2570
61792
17208
1435
302
225
24
57329
5463
344
9060
14387
1713
41872
16
27740
6758
26
13
6758
5879
382
2110
530
17208
498
142157
898
1058
14387
382
7974
14387
344
1084
20
13
530
361
499
3598
33
21
304
2687
123983
351
1219
3524
77266
63
20
2315
4753
13
351
1219
12
22
16
26
5791
22
18
2586
1058
14387
530
361
225
21
420
225
22
382
17
1437
1058
14387
351
21
32427
22
733
1232
13334
7883
8077
352
912
21
18
1563
912
21
16
2687
123983
351
4753
351
26
16
3598
33
20
18
2586
352
277
10652
225
23
27740
16
839
7799
302
225
20
568
26
1117
225
27
66
23
351
225
21689
382
17
1437
1058
14387
351
22
344
17277
304
5879
494
1058
14387
733
1232
13334
8320
7143
352
912
21
18
3092
912
21
16
2687
123983
351
1219
3524
77266
63
21
2315
4753
13
351
1219
12
29
16
26
5791
26
18
2586
1749
14387
530
361
499
3598
33
20
304
225
26
18
6013
539
1008
304
1994
1217
989
52882
2387
366
3473
1749
14387
460
27740
63
21
65
344
29
13
420
351
35
7517
2687
123983
33
26
16
697
341
460
29
16
713
839
1749
14387
225
20
17
26
642
361
460
29
16
3130
13334
3456
8077
352
912
22
18
2586
352
1450
1749
14387
6128
344
27
12423
733
277
10652
225
22
27740
530
361
839
225
20
568
26
1117
225
27
66
22
33
3124
18
2586
2983
352
1058
14387
225
22
351
225
27
535
225
3124
351
225
21689
382
27872
2983
351
225
21689
692
225
21689
351
225
26992
18
9177
382
4892
954
38474
22699
225
26992
382
27872
285
12
3284
19127
17588
5791
22
14822
15
992
21810
33
902
26559
16
285
12
22
21411
22180
5791
21689
15
26992
33
21
21959
16
5052
33
883
28016
18
9177
382
27872
954
8860
14441
277
225
883
28016
1333
382
8311
539
1998
4802
386
352
277
1310
402
225
27
18833
25268
25314
13904
17
3586
23025
25742
25848
25264
16
4753
33
26
16
272
508
22
16745
728
954
8860
6714
225
4543
17697
22407
18
1283
4445
13561
20488
16
689
539
530
6724
277
11236
592
11029
12989
382
8311
16
539
851
1008
304
4802
386
352
277
2927
35758
6292
344
21751
14317
23941
26579
11524
17
24588
27919
22157
21868
19962
16
4753
33
23
16
272
508
11777
10783
17193
13900
21026
2191
954
8860
6714
225
20
18
120926
1480
277
2783
341
8730
689
8696
840
5463
22465
18
887
1387
361
2920
304
277
1689
386
277
35758
5513
674
27740
6758
23
16
689
277
2783
2428
361
1175
386
840
5463
3655
277
16981
18
1283
530
5842
304
3368
30
461
35758
4354
434
33
883
18
461
2783
1472
304
12216
46912
499
819
225
24
73
992
304
225
25
18
23
73
992
16
713
5463
569
225
883
27740
18
7517
434
33
883
16
6441
3804
352
12216
341
225
883
35
16473
2292
30
225
21751
14317
23941
26579
11524
341
225
883
27740
35
4716
30
225
21751
16
14317
16
23941
16
26579
16
11524
2649
4924
225
883
27740
344
29753
225
622
66
992
351
225
1296
16
937
16
937
16
937
16
937
697
341
225
883
27740
35
41729
225
622
66
992
341
225
21
7528
498
225
992
53432
351
225
1296
16
937
16
937
16
937
16
937
344
883
27740
680
2586
12035
16
225
21751
14317
23941
26579
11524
341
225
883
27740
18
22041
16
225
24588
27919
22157
21868
19962
341
225
883
27740
18
2586
6441
3804
351
225
883
351
434
18
8111
16
285
16248
13
352
1131
433
1094
4059
11568
277
1435
272
5513
592
411
341
2223
2783
306
6758
50
18
7517
272
341
373
11777
10783
17193
13900
21026
728
697
341
225
883
27740
18
2251
386
2223
648
6373
16
12216
128410
16473
2292
30
1472
33
21751
14317
23941
26579
11524
16
12216
33
24588
27919
22157
21868
19962
18
272
33
11777
16
10783
16
17193
16
13900
16
21026
35
41729
272
508
11777
10783
17193
13900
21026
6
341
225
11777
16
10783
16
17193
16
13900
16
21026
18
3483
341
2336
936
1472
35
225
11777
38576
7248
225
21751
38576
16
713
272
460
1472
18
2586
272
341
516
297
277
2783
18
6755
16
2650
6441
3804
351
434
16
277
1094
2731
8672
11795
402
4354
225
883
341
272
5513
18
2586
592
272
341
516
297
277
2783
16
1682
341
225
20
18
2586
954
8860
1196
758
225
20
18
9177
382
54351
16
352
277
2009
1310
30
1472
33
7992
22366
25599
22019
18248
16
12216
33
19528
26461
28360
27465
24282
16
4753
33
29
16
272
508
27527
27043
26090
23850
28822
3210
11243
5463
436
225
883
27740
35
225
7992
16
22366
16
25599
16
22019
16
18248
341
225
883
27740
16
12216
341
851
225
883
27740
18
272
341
373
27527
27043
26090
23850
28822
6
697
341
225
883
27740
18
2251
272
2223
277
2783
35
225
27527
16
27043
16
26090
16
23850
16
28822
341
2336
936
1472
344
7992
38576
680
2586
272
516
297
2783
18
2586
1682
33
20
18
9177
382
27872
16
277
8860
1196
6496
4309
2527
352
1731
382
8311
16
539
1196
851
1994
3242
79515
1375
17
461
911
302
51628
8458
352
2927
16514
17540
1387
361
9702
689
18597
382
17
461
38474
352
1682
34727
275
26649
5912
5119
77647
306
57687
18
3578
6772
382
17
1283
1008
304
4802
386
539
17208
225
622
43271
11228
17
21
13
12989
352
4354
33
20
35
3557
4494
382
17
610
1682
8343
40752
16
890
6441
3804
1518
434
16
539
17208
5053
150290
5278
351
225
622
478
48
18
957
1387
361
2927
16
689
6772
382
17
610
277
2292
352
433
34727
27740
16
539
911
1284
16248
34727
13
306
59689
898
8210
18
9405
6772
382
17
1283
1196
851
1994
386
277
35758
10013
2428
361
2927
16
689
853
2350
13
4229
382
8311
16
539
1196
851
1310
8106
1690
1207
4753
341
225
29
306
272
341
373
29
728
2783
648
21
16
29
1807
5489
8672
5463
436
5463
17299
402
225
29
306
27740
6758
29
18
2586
225
29
1094
18
2586
1682
33
21
18
5641
8860
30
285
12
29
2738
6441
3804
33
21
16
434
33
21
16
6441
3804
582
48
16
35758
10013
33
29
6758
29
1117
2983
33
21
18
285
12
20
5791
20
1117
3032
33
21
18
9177
382
2558
2783
648
21
16
28
2315
1232
285
12
28
2738
6441
3804
33
21
16
434
33
21
16
6441
3804
582
48
16
35758
10013
33
29
6758
28
35
2044
1117
2983
33
20
18
285
12
20
5791
20
1117
3032
33
20
18
9177
382
2558
2783
648
622
16
1057
2315
4753
33
29
16
272
508
29
3210
96463
5463
30
5463
17299
402
225
29
16
27740
6758
29
18
3483
4059
225
1057
35
225
1057
11751
402
225
29
16
27740
225
21
306
225
29
6758
29
16
12035
18
6755
225
29
341
686
302
2783
18
2586
1682
33
21
18
5641
8860
30
285
12
1057
2738
6441
3804
33
22
16
434
33
21
16
6441
3804
1518
434
18
16514
17540
33
21
16
433
34727
351
225
1057
458
622
351
21
16
433
86521
33
29
16
35758
10013
33
29
18
1682
93198
2336
936
433
34727
30
433
34727
33
21
16
5879
33
20
460
225
622
2421
20
14883
21
1117
225
20
18
6621
433
34727
33
21
30
14387
225
21
6758
29
16
35758
10013
6758
433
86521
35
225
29
6758
29
1641
1117
919
225
21
18
14610
31051
32
22
30
6441
21
30
1682
16131
33
21
344
29
680
2586
285
12
1057
5791
21
15
21
33
22
18
285
12
29
2738
396
1714
285
12
29
5791
21
18
6431
351
225
22
17
21
33
21
18
9177
382
2558
2783
648
622
16
1045
2315
1232
285
12
1045
2738
6441
3804
33
22
16
433
34727
33
21
16
433
86521
33
28
16
35758
10013
33
29
1518
28
1117
516
4472
18
1682
93198
2336
936
433
34727
30
225
20
18
6441
21
30
21
1117
285
12
1045
5791
21
18
285
12
29
5791
21
1117
3032
33
20
18
9177
382
8311
16
1310
15277
1207
4753
341
2164
306
35758
674
265
14387
7662
6792
304
4753
16
4924
20672
382
8311
16
1310
15277
1207
272
674
4354
225
21
306
4753
341
225
21
16
272
508
21
728
2783
648
622
16
807
1807
96463
5463
30
5463
17299
402
225
21
306
27740
6758
21
18
2586
2731
5463
30
225
21
344
541
302
2783
733
225
807
35
225
807
11751
402
225
21
16
27740
225
21
306
225
21
6758
21
16
12035
18
6755
225
622
35
11751
402
225
20
16
840
18
2586
1682
33
21
18
5641
8860
30
285
12
807
2738
6441
3804
33
22
16
434
33
21
16
6441
3804
1518
434
18
16514
17540
33
21
16
433
34727
351
225
807
458
622
351
21
16
433
86521
33
21
16
35758
10013
33
21
18
1682
93198
2336
936
433
34727
30
5879
33
20
1117
20
18
6621
433
34727
33
21
30
14387
225
21
6758
21
16
35758
10013
6758
433
86521
35
225
21
26720
21
1641
1117
919
225
21
18
6441
21
30
1682
16131
33
21
1117
285
12
807
5791
22
18
285
12
29
2738
6441
3804
33
21
16
434
33
21
16
35758
10013
33
21
6758
29
1117
285
12
29
5791
21
18
6431
33
22
17
21
33
21
18
9177
382
8311
16
1310
15277
1207
272
4354
1518
21
306
16514
17540
1518
20
16
306
5879
352
1682
34727
275
26649
5912
341
1175
386
910
5463
436
26217
2920
304
4753
16981
366
27740
18
5641
38474
1196
5203
382
8311
16
539
851
1008
304
1994
386
277
38474
352
1682
34727
275
26649
5912
2428
361
2988
402
5879
386
674
27740
1518
4753
689
13334
16
306
954
2687
123983
351
1219
3524
77266
74686
2315
4753
13
18373
539
1907
14949
4753
18
2952
16
539
1998
851
1994
386
277
3598
5879
352
277
1058
14387
341
225
21
18
9405
4309
382
8311
16
539
1998
851
1994
386
352
1682
34727
275
26649
5912
16
539
874
1008
304
1717
4753
396
387
7411
16
689
539
3402
569
4753
6307
297
12688
9480
18
1283
530
1060
911
277
12688
4753
31
689
539
5047
1447
8227
34727
275
26649
5912
402
4753
7273
18
27969
2553
411
352
28401
382
8311
16
539
1196
851
1994
386
277
1154
2428
361
2988
1451
3041
35
2209
1850
1094
3984
621
1310
382
8311
16
539
1196
851
1994
386
539
2428
361
2948
304
24819
498
687
133079
16751
16
689
516
4778
382
8311
16
539
1196
851
4802
386
539
5203
277
1690
1207
272
674
6152
53432
35
1437
272
674
6152
53432
16
1232
35758
10013
351
853
2350
13
1011
7177
1019
16
306
277
35576
1333
2428
361
7922
18
2209
277
35758
4550
6382
277
1435
11751
402
272
16
700
3077
1278
277
2009
434
27740
7662
4475
272
16
2291
6152
53432
18
1563
2024
16
272
508
3528
728
434
33
23
18
5489
5463
17299
402
225
3528
569
2009
2240
27740
225
3528
18
461
35576
1333
302
277
35758
341
225
21
18
2586
890
19440
402
433
86521
344
1833
2009
434
27740
302
433
733
539
1196
10049
277
11795
1333
302
277
35758
35
41729
433
86521
341
433
1577
225
622
244906
16
697
341
277
11795
1333
302
277
2009
434
27740
302
433
344
5324
6152
53432
6751
680
2586
592
272
674
6152
53432
16
317
1627
1278
373
3528
728
1232
539
1008
304
2292
386
433
86521
1377
853
2350
13
344
8781
341
225
21
13
689
851
386
433
86521
674
7662
434
27740
35
1563
433
86521
304
6792
225
21
16
411
1011
361
225
21
16
689
539
1008
411
304
361
225
3528
35
41729
433
86521
341
387
11795
1360
225
20
306
225
622
244906
506
21
18
1563
277
35758
304
4475
272
508
3528
728
539
1008
277
2009
2240
27740
304
361
225
3528
16
700
3077
1278
433
86521
1998
361
225
21
16
689
851
539
1008
304
1994
386
433
86521
396
387
11795
341
225
21
16
697
341
6772
18
2952
16
890
539
17208
433
86521
351
433
1577
225
622
244906
16
411
6632
277
11795
1333
16
697
352
433
33
21
937
1011
361
225
20
344
29753
225
21
937
1577
225
21
937
351
225
20
733
516
225
3528
18
2586
592
433
33
21
937
16
433
86521
33
20
16
697
1414
516
6792
225
21
16
713
516
8672
18
2586
19440
11795
2911
4229
1480
6152
53432
436
60606
40977
352
498
277
55310
18
2586
1347
35758
10013
351
853
2350
13
341
6772
1571
592
272
674
6152
53432
18
2952
16
277
4354
434
341
2188
6441
2350
733
306
277
35758
4550
341
386
277
2009
434
27740
4475
272
18
9405
11104
304
433
86521
1377
853
2350
13
890
272
341
26335
396
387
11795
35
3557
7662
30
1437
272
508
3528
728
1232
853
2350
5791
21
18
1563
433
304
1169
402
373
3528
728
539
1008
433
1577
225
21
937
351
225
21
16
697
341
7662
433
86521
1377
225
21
18
2586
411
4229
18
2586
1347
853
2350
13
341
4309
18
2952
16
539
1998
361
17034
30
1437
272
674
6152
53432
16
1232
277
4550
386
1450
14387
297
1150
341
468
1210
4753
2188
16572
304
1731
6152
53432
344
8781
436
225
20
16
713
6772
680
5641
7977
2292
386
839
3524
1518
4753
13
642
2188
5646
31
6152
53432
436
6772
18
2586
277
8860
2188
4229
352
272
402
6152
53432
16
6329
386
277
373
9060
14387
302
35758
6
874
361
7810
16
697
1011
3910
277
4550
352
5463
302
4354
7662
434
30
1563
6441
3804
1377
434
16
539
1094
919
225
21
592
35758
10013
6758
433
306
35758
27740
6758
4753
18
2209
592
272
674
6152
53432
16
1232
277
1435
12240
498
272
1011
569
17156
27740
936
434
35
41729
272
396
265
1794
874
569
6152
53432
16
689
539
2489
411
396
265
35758
302
4354
434
18
1563
265
1435
302
7662
434
27740
16
277
1435
1998
569
7662
434
27740
31
592
272
674
6152
53432
16
1232
277
1210
3040
14387
302
277
1435
1011
361
7810
16
697
341
516
6751
352
387
434
57329
1435
344
29753
5463
1907
569
6152
53432
680
8111
16
592
272
674
6152
53432
16
1232
903
341
840
8672
11795
302
4354
434
16
1480
265
1435
402
7662
434
27740
4273
1472
402
7810
18
2952
16
277
2746
4060
272
9423
265
4898
11795
16
713
411
17420
569
6152
53432
18
2586
539
530
14801
492
1690
382
27872
16
954
8860
341
6772
382
8311
16
539
1196
851
1994
277
12634
386
4753
341
225
20
35
3557
6751
382
8311
16
539
1196
851
1994
386
277
1154
874
361
2988
402
1472
1518
12216
35
3557
7174
16
689
539
530
10987
1472
6758
12216
18
1437
1472
1518
12216
16
954
1682
8343
40752
2238
52207
13
506
1682
8343
40752
28720
17
21
13
2428
361
6484
16
689
539
1387
1060
758
225
20
35
2209
516
4494
382
8311
16
539
1196
851
1994
386
277
1154
2428
361
2988
402
1472
33
20
35
461
2746
4060
1472
341
277
1472
302
277
2783
344
156055
680
887
4007
2132
1472
6743
21
18
2952
16
272
341
265
4898
11795
16
713
8672
32088
436
4898
18
2586
592
1472
33
20
16
539
1682
499
225
20
16
689
225
20
341
516
4898
16
713
411
17420
361
33649
18
5641
1682
8343
40752
12
20
13
1011
2489
433
33
20
18
16473
1565
30
433
33
20
16
27740
3804
508
20
728
6441
3804
33
21
18
7517
434
341
468
2750
225
21
35
272
341
4898
11795
16
713
434
19105
21
18
1563
6441
3804
33
21
16
592
434
582
21
16
1232
6441
3804
582
48
16
539
2292
592
35758
10013
6758
20
18
35758
10013
341
4898
344
29753
272
4898
733
713
2044
18
6755
4455
31051
460
21
341
5023
18
2586
285
12
20
5791
20
18
2586
1850
6772
18
1437
1472
33
20
16
1472
17
21
3647
21
16
1682
8343
40752
4096
21
5791
20
18
2586
3032
1011
361
225
20
18
2586
1850
6772
382
8311
16
539
1196
851
1994
386
277
38474
352
1682
34727
275
26649
5912
2428
361
2988
402
4354
33
20
35
3557
297
954
10828
1480
539
1094
1465
890
16514
17540
34
20
344
29753
539
2292
5879
6743
225
622
43271
22542
17540
17
21
13
306
16514
17540
19105
21
680
2586
4354
19105
21
382
8311
16
539
1196
851
1994
386
277
38474
2428
361
2988
402
5879
386
341
7662
225
622
43271
11228
17
21
6030
21
35
9405
2336
936
225
622
43271
11228
17
21
733
713
539
758
225
20
18
9405
4309
1480
277
21820
4354
57329
1435
341
225
622
43271
11228
17
21
2570
8311
16
539
1196
851
1994
386
539
2428
569
265
2927
1435
302
1310
4027
35
2209
1850
1060
730
382
8311
16
539
1196
851
1994
386
539
2428
1587
304
911
59038
38474
304
4928
77647
8597
35
64187
341
468
1210
225
696
16
6772
382
8311
16
539
1196
851
1994
386
539
2428
1587
304
911
312
625
28090
402
2687
6118
15298
31
1850
6772
382
8311
16
539
1196
851
1994
386
539
436
61703
136060
5451
277
29573
1154
31
4924
20672
689
1387
361
9146
304
1828
302
2031
352
8917
18
2952
16
277
2746
4060
539
1196
18523
277
2363
539
11116
297
265
3225
2363
2732
31
1850
6772
304
569
27717
5451
1154
18
2209
7400
539
2636
27717
468
1828
18
2209
1850
20672
382
8311
16
539
1008
304
6496
277
2522
3032
382
5158
717
3645
30
610
277
9284
352
31051
2336
936
6441
3804
16
539
8089
1375
1943
6441
8443
297
2783
12
21
16
6441
3804
2407
298
592
6441
8443
460
434
638
348
4622
203
298
16514
17540
351
6441
8443
506
434
203
298
592
16514
17540
1377
225
20
638
348
2983
4284
225
21
203
298
1625
638
348
2983
4284
4753
535
344
25665
692
225
21
13
1995
344
22542
17540
506
225
21
994
2608
6035
30
1563
6441
8443
6743
434
16
539
436
8811
1682
16131
12957
14607
22107
8443
680
2952
16
539
1998
851
1994
386
352
6441
8443
1518
434
16
277
16514
17540
351
6441
8443
506
434
18
461
10413
4753
535
344
25665
15
21
239288
22542
17540
17
21
13
31785
386
277
16514
27740
436
7821
306
277
1058
14387
341
1713
41872
18
9405
4309
382
2608
1065
819
277
1690
1207
4753
341
225
20
35
3557
6751
382
8311
16
539
1196
851
1994
386
352
6441
8443
1377
434
16
539
4472
225
21
18
9405
4309
382
8311
16
539
1008
304
4802
386
352
6441
8443
460
434
16
539
18486
16
697
539
589
402
4622
382
8311
16
539
851
1008
304
1994
386
352
6441
8443
1377
434
16
539
2428
851
569
277
12634
386
277
35758
5513
674
265
14387
1518
4753
35
2209
539
3402
8938
225
20
7977
18
2586
1850
6772
382
8311
16
539
851
1008
304
4802
386
352
6441
8443
1518
434
16
539
436
516
4638
244764
5463
386
569
4354
7662
434
689
402
6152
53432
35
2523
382
8311
16
539
1196
851
1994
386
277
38474
352
1682
34727
275
26649
5912
341
5047
5451
1682
8343
40752
35
41729
539
5047
411
396
265
31078
1154
5451
1682
59283
1323
2907
184257
689
5536
1682
8343
40752
18
1283
5047
1447
8227
34727
275
26649
5912
396
265
8156
1154
5451
277
1584
1154
689
5536
1682
8343
40752
35
610
277
2363
2946
16
539
5047
1447
8227
34727
275
26649
5912
1325
1682
8343
40752
35
41729
539
8089
1375
1847
1682
8343
40752
16248
30
853
13
2649
853
638
298
12567
1847
1447
8227
34727
275
26649
5912
124651
30
853
16
4354
30
853
16
5879
30
853
13
2649
853
638
298
12567
2608
539
8456
1447
8227
34727
275
26649
5912
1325
1682
8343
40752
689
1714
277
758
18
9405
6772
382
8311
16
539
1196
851
6035
386
277
1682
8343
40752
1154
5119
4753
306
35758
10013
499
12688
9480
18
9405
6772
382
8311
16
539
1008
304
4802
386
277
2363
341
6876
184001
4309
382
8311
16
539
2428
851
1994
43951
498
57687
277
2527
302
1447
8227
34727
275
26649
5912
352
12461
8877
35
2209
1682
8343
40752
341
2988
1094
12775
344
1943
12216
306
1472
17
21
680
2586
840
1008
382
8311
16
539
1196
851
1994
386
539
2428
361
2948
304
18636
277
1217
8877
304
1682
8343
40752
983
265
3225
1154
386
73422
277
3032
5502
1347
21032
10128
5905
35
2209
954
4158
341
6772
382
8311
16
539
1196
851
1994
386
277
38474
352
1682
34727
275
26649
5912
2428
361
2988
402
5879
386
341
2336
936
225
622
43271
11228
17
21
13
306
539
758
225
20
3836
16
697
341
1622
382
8311
16
539
1196
851
1994
386
352
6441
3804
1518
434
16
539
17208
5053
150290
5278
351
225
622
478
48
18
2209
592
434
341
2927
344
7846
225
696
733
225
622
478
696
341
6772
382
8311
16
539
1196
851
1994
386
539
436
1347
77647
297
38474
31
11636
77647
8597
2739
341
225
21
937
16
713
6772
382
8311
16
539
1196
851
1994
386
539
436
1347
1029
80
625
28090
5451
1447
8227
34727
275
26649
5912
31
4924
6772
382
8311
16
539
1196
851
1994
386
539
2428
1587
304
911
59038
38474
304
4928
1154
1465
32103
16
689
516
4494
382
8311
16
539
1196
851
1310
402
265
1690
1207
433
34727
5513
341
4080
689
35758
10013
1518
433
86521
16
713
516
4472
18
64452
10753
382
8311
16
539
1196
851
1310
402
265
1690
1207
433
34727
674
27740
6758
4753
16
689
433
34727
341
516
4080
1480
411
674
17156
27740
35
41729
433
34727
2837
674
7662
16514
17540
27740
1480
433
674
6441
3804
27740
306
539
8045
434
27740
18
2209
1065
592
433
34727
674
6152
53432
35
3483
1011
2676
433
674
6152
53432
35
3557
2731
382
8311
16
539
1196
851
1310
402
265
1690
1207
4753
341
225
29
306
272
341
373
29
728
2783
648
21
16
21
937
937
1807
957
1011
361
2927
689
954
8860
1196
5203
382
8311
16
539
1196
851
1310
402
265
1690
1207
272
341
373
20
26471
3557
6751
382
8311
16
539
1196
851
1310
402
265
1690
1207
4753
341
225
21
16
272
508
807
728
2783
648
622
16
696
1807
5489
8672
5463
30
5463
17299
402
225
807
306
27740
6758
21
18
2586
225
807
1094
18
225
807
341
297
2783
18
2586
1682
33
21
18
5641
8860
30
285
12
696
2738
6441
3804
33
22
16
434
33
22
16
6441
3804
582
48
16
35758
10013
33
807
6758
696
35
1641
16
713
2983
33
21
18
285
12
29
2738
6441
3804
33
21
460
434
1117
20
18
6431
33
21
18
9177
382
8311
16
1310
402
4753
33
21
16
272
508
807
728
2783
648
740
16
696
1807
285
12
696
5791
21
16
285
12
807
5791
21
1117
3032
33
20
18
9177
382
8311
16
1310
402
4753
33
21
16
272
508
622
728
2783
648
622
16
622
1807
272
27740
30
225
21
306
225
20
6758
21
16
713
225
622
1196
361
8672
18
285
12
622
2738
6441
3804
33
22
16
434
33
22
16
6441
3804
582
48
16
35758
10013
33
622
6758
622
1117
2983
33
21
18
285
12
29
5791
20
1117
3032
33
21
18
9177
382
8311
16
1310
402
4753
33
21
16
272
508
622
728
2783
648
29
16
29
1807
285
12
29
5791
20
16
285
12
28
5791
20
1117
20
382
8311
16
1310
402
4753
33
21
16
272
508
622
728
2783
648
807
16
807
1807
285
12
807
2738
6441
3804
33
22
16
434
33
22
16
35758
10013
33
622
6758
807
1117
21
18
285
12
622
2738
285
12
622
5791
21
18
3032
33
20
18
9177
382
8311
16
1310
402
4753
33
21
16
272
508
622
728
2783
648
1296
16
2393
1807
6441
3804
33
23
16
434
33
22
16
16514
17540
33
21
18
433
34727
306
433
86521
352
433
33
2393
30
433
34727
33
2393
458
1296
33
22
16
433
86521
33
20
18
35758
10013
33
622
18
1682
93198
2336
936
433
34727
30
433
34727
33
22
16
5879
33
21
16
16514
17540
33
21
16
5879
33
21
6743
622
2421
20
14883
21
35
12035
18
1682
34727
275
26649
5912
124651
33
21
16
4354
33
21
16
5879
33
21
2738
1682
302
225
21
57329
5463
344
9060
14387
225
21
13
6758
21
16
14387
6758
21
1117
225
21
344
82226
225
21
680
2586
1682
156469
33
21
18
6621
433
34727
33
22
30
14387
225
22
1518
4753
33
21
1117
15235
18
2586
4354
23
28446
225
21
18
14610
31051
32
23
30
6441
21
30
460
48
1117
20
31
6441
22
30
1682
16131
33
21
1117
2983
33
21
18
2586
285
12
2393
5791
21
15
21
33
22
18
6013
285
12
959
2738
6441
3804
33
22
16
434
33
22
16
6441
3804
582
48
16
35758
10013
33
622
6758
959
35
1641
1117
285
12
959
5791
21
18
285
12
959
13
851
4059
35
41729
285
12
959
13
19720
5463
6758
959
18
461
1094
8672
1435
6758
959
341
225
622
18
2586
285
12
959
5791
21
18
2586
3032
351
285
12
2393
6030
74
12
959
5791
22
17
21
33
21
18
8548
14441
277
8672
1435
225
6880
35
26128
16
8672
5463
297
648
1296
16
2393
65
386
1169
402
225
622
306
27740
6758
21
30
2731
5463
30
225
6880
35
27740
225
21
16
21
16
20
616
6758
21
16
11751
402
225
622
16
12035
18
6755
225
622
35
686
302
2783
18
6755
225
1296
35
11751
402
225
409
16
840
18
225
6681
35
11751
402
225
555
16
840
18
225
6880
341
297
2783
18
6755
225
7955
35
11751
402
225
807
16
840
18
2586
1094
225
6880
18
2586
1682
33
21
18
5641
8860
7939
225
21
18
9177
382
27872
16
954
8860
5563
4689
382
8311
16
539
1196
1994
277
3892
302
277
38474
352
1682
34727
275
26649
5912
30
887
5119
77647
306
57687
18
1563
1450
1465
16
277
1435
302
5267
341
468
1210
225
22
535
4354
18
7517
4354
6758
819
225
696
16
1850
39154
382
8311
16
539
1196
851
1994
386
539
436
1347
175676
6120
2714
11795
40743
352
51628
8458
16
697
341
6772
382
8311
16
539
1196
851
1994
386
277
2363
874
361
1774
297
387
3167
1207
77647
341
516
6751
35
2209
1850
6751
382
8311
16
539
1196
851
1994
386
539
2428
1587
304
7046
277
1154
304
59038
304
4928
77647
4753
35
2209
1850
6772
382
8311
16
539
1196
851
1994
386
277
1154
2428
361
2988
402
1586
2927
1472
306
12216
16
1013
225
622
66
1045
16
689
954
8860
2188
4229
382
8311
16
539
1196
851
1994
386
277
38474
352
1682
34727
275
26649
5912
5119
265
31078
1154
29124
16
697
14703
4753
16
27740
16
4354
499
277
12688
9480
18
9405
6772
382
8311
16
539
1196
851
1994
386
539
436
1347
499
136060
1250
312
625
28090
5451
1447
8227
34727
275
26649
5912
18
9405
6772
689
1387
361
468
1828
18
2952
16
304
4928
316
46645
1450
1465
16
539
1387
1250
468
1828
302
5939
18
2209
2650
539
436
304
2483
265
3225
2363
2732
16
539
530
2636
27717
468
1828
382
2608
277
2746
4060
30
373
3039
1196
18523
277
2363
385
11116
297
265
127068
2363
2732
344
826
22057
13
344
22310
642
61694
277
4607
5442
118742
2586
539
530
2636
27717
468
1828
5451
277
2363
2732
382
27872
16
539
530
4602
1375
3080
14487
203
3161
136060
1250
312
625
28090
300
1847
1682
59283
1323
2907
184257
28720
30
853
16
12216
30
853
16
4753
30
853
16
272
30
1284
13
2649
853
638
298
905
7878
3970
7203
61792
589
386
382
8311
16
539
1196
851
4802
386
539
911
1351
31658
396
297
16607
382
8311
16
2522
2363
382
2608
1714
2522
16
539
1196
4638
18400
277
11236
352
1682
8343
40752
890
6441
3804
1518
434
306
539
17208
433
34727
351
433
781
5053
150290
5278
18
957
4229
1480
433
674
6441
3804
27740
16
306
539
436
4738
277
11795
14031
498
225
622
244906
18
3483
22699
277
16514
766
344
4024
3040
6441
3804
506
434
27740
680
957
341
4309
382
8311
16
539
1196
851
1994
386
352
6441
3804
1518
434
16
539
851
1008
304
4802
386
277
35758
766
302
433
344
50
86521
13
341
5071
304
35758
10013
18
9405
3410
382
8311
16
539
1196
851
1994
386
890
6441
3804
1518
434
16
277
1435
302
27740
297
277
16514
766
341
16514
17540
18
2952
16
6035
386
277
16514
766
1387
569
6152
53432
592
433
674
53432
297
1731
10690
35
2209
2650
433
494
1210
3040
14387
341
1713
41872
16
306
539
1863
277
1058
16514
17540
27740
16
277
1058
14387
302
433
34727
341
277
1058
14387
302
433
16
697
341
1713
41872
18
2586
433
34727
674
7662
16514
17540
27740
16
840
6152
53432
382
8311
16
539
851
1008
304
4802
386
890
539
17208
1682
34727
275
26649
5912
16
539
911
4354
351
16514
17540
16
697
341
277
1435
302
27740
297
277
16514
18
9405
4309
382
8311
16
539
851
1008
304
1994
386
277
1682
34727
275
26649
5912
1154
36033
5879
304
361
277
6756
6751
1333
352
277
16514
344
87026
433
34727
5513
680
9405
3097
539
1465
402
5879
351
433
34727
506
225
21
382
8311
16
539
1196
851
1994
277
15277
1207
433
34727
341
225
20
35
1737
23069
16
516
2731
352
6441
3804
1518
434
382
8311
16
539
1196
851
1994
277
15277
1207
4753
341
225
20
35
3557
6751
382
8311
16
539
1196
851
1994
277
15277
1207
272
341
8295
35
3557
6751
344
28007
11795
2570
8311
16
539
1196
851
1994
386
277
1154
2428
361
2988
402
4753
1518
225
29
35
461
5803
4060
225
21
6758
4753
6758
225
29
16
713
539
530
10987
382
8311
16
539
1196
851
1994
386
277
1154
2428
361
2988
402
1472
306
12216
1586
2927
16
689
11636
146581
530
5203
382
8311
16
539
1196
851
1994
386
539
2428
1587
304
911
7789
402
55310
35
3557
4494
382
8311
16
539
1196
851
1994
386
277
38474
352
1682
34727
275
26649
5912
874
361
2988
402
5879
386
341
7662
277
6756
2731
1333
352
386
4354
1091
4753
16981
35
9405
6772
382
8311
16
539
1196
851
1994
386
539
2428
1587
304
919
265
3364
1690
352
6441
3804
1377
434
689
851
277
1435
272
2428
569
6152
53432
35
3557
4494
382
8311
16
539
1196
851
1994
386
539
2428
1587
304
911
42626
1701
352
1682
8343
40752
35
3557
4494
1480
1850
2988
1094
12775
382
8311
16
539
1196
851
1994
386
539
2428
1587
304
17208
1682
16131
12957
14607
1347
265
9284
352
2164
31051
35
2209
51628
8458
341
6772
382
8311
16
539
1196
851
1994
386
539
2428
1587
304
687
52448
16751
302
344
25665
15
21
13
778
304
2687
2731
16514
17540
304
4928
12461
51628
8458
18
2209
1850
516
4778
382
8311
16
539
1196
851
1994
386
539
2428
1587
304
17208
225
622
43271
22542
17540
17
21
13
1451
3041
31
539
530
17208
366
277
12643
382
8311
16
2522
2363
382
5158
717
122221
30
610
277
9284
352
31051
2336
936
6441
3804
16
539
1161
1411
359
6441
8443
460
434
30
4622
22243
2209
539
851
1008
304
4802
386
352
6441
8443
6743
434
16
277
1682
16131
12957
14607
10413
341
4080
18
2952
16
6035
386
352
6441
8443
1518
434
16
277
16514
17540
351
6441
8443
506
434
16
689
539
1998
851
4802
386
277
16514
4354
1518
20
18
9405
6772
382
2608
1065
819
6441
8443
1377
434
35
5489
16514
17540
33
20
16
306
539
919
225
21
18
9405
4309
382
8311
16
539
851
1008
304
1994
386
352
6441
8443
1518
434
16
277
10413
4753
535
344
25665
15
21
239288
22542
17540
17
21
13
31785
386
277
1058
14387
302
277
16514
341
1713
41872
306
530
361
225
21
568
25665
18
2952
16
341
411
2731
386
277
1058
14387
302
277
16514
1387
361
225
20
35
2523
16
1480
277
6381
1435
674
6441
8443
27740
16
713
969
1210
3040
14387
4273
361
225
20
18
2586
277
16514
494
1058
14387
344
8781
341
277
6381
1435
494
1058
14387
13
1998
361
1713
41872
18
2586
277
2783
341
225
21
568
25665
16
7859
4753
12423
18
9405
4309
382
8311
16
539
1196
851
1994
386
277
35758
27740
5895
1998
361
6758
4753
16
697
539
3402
14559
382
8311
16
539
1196
851
1994
386
352
6441
8443
1518
434
16
903
341
387
4728
202267
30
461
16514
766
306
277
35758
766
436
7821
16
689
277
6381
1435
494
27740
436
277
126746
302
16514
306
35758
18
7517
277
35758
27740
436
6842
16
306
539
4802
1450
14387
6758
4753
16
1850
6772
382
8311
16
539
1196
851
1994
386
352
6441
8443
1518
434
16
277
1435
302
27740
297
277
16514
341
16514
17540
16
306
539
1682
616
5463
402
7662
16514
17540
27740
344
9060
14387
1713
41872
13
386
22465
14387
16981
18
9405
4309
382
8311
16
539
1196
851
1994
386
352
6441
8443
1518
434
16
277
5463
33649
2549
1731
1207
277
16514
5513
2428
569
27740
386
436
7662
277
1656
396
277
35758
35
9405
6751
382
8311
16
539
1196
851
1994
386
539
436
27946
5463
402
7662
6441
8443
27740
16
689
539
436
516
19986
15990
386
277
1435
494
4354
341
7662
6441
8443
31
539
436
27946
3874
97102
19720
16
697
10987
386
277
1435
674
7662
6441
8443
27740
1480
539
31396
1058
14387
1713
41872
18
2586
1850
4309
382
8311
16
539
1196
851
1994
386
352
6441
8443
1518
434
16
539
2428
4638
32564
5463
386
436
6758
433
35
2523
16
1480
539
8156
31051
30
31051
2336
936
6441
3804
436
33649
2142
5879
16
306
4354
1377
6441
3804
341
33649
402
5879
18
2586
840
29513
382
8311
16
539
1196
851
1994
386
352
6441
3804
1518
434
16
539
851
1008
304
1994
5463
302
4354
6441
3804
386
436
2336
936
433
18
5641
1557
19720
1019
498
11532
93198
2336
936
433
34727
306
11568
433
34727
5513
18
3483
13823
616
5463
302
4354
6441
3804
16
1480
839
1435
302
4354
6441
3804
530
361
42146
5448
396
16514
535
225
622
244906
692
35758
344
5324
35758
6842
680
461
28368
302
5463
302
277
1656
4354
21062
304
277
28368
302
93198
344
29753
35758
341
6842
680
2586
27946
93198
2336
936
433
34727
6632
616
5463
2336
936
433
344
29753
592
16514
460
433
34727
16
1232
277
4425
1435
341
460
433
680
1533
592
16514
1377
433
34727
16
1232
539
1008
304
2292
592
35758
6758
433
86521
18
2586
1850
4309
382
8311
16
539
1196
851
1994
386
277
35758
10013
2428
361
6892
936
433
86521
16
689
539
2188
2428
569
5463
402
16514
2336
936
433
34727
386
436
4080
16
697
539
33649
18
9405
4309
382
8311
16
539
1196
851
1994
386
539
2428
569
5463
302
4354
6441
3804
386
569
16514
1518
433
34727
689
2188
277
4425
1435
1387
361
6758
433
592
277
35758
341
7922
35
2523
16
1480
592
16514
1518
433
34727
16
1232
16514
535
225
622
244906
6743
344
50
34727
15
21
5708
622
244906
1518
433
34727
14
622
244906
692
344
622
244906
506
21
13
6743
433
344
29753
433
86521
6758
225
622
244906
506
21
680
41729
16
592
16514
1518
433
34727
16
1232
16514
535
225
622
244906
6743
344
50
34727
15
21
5708
622
244906
1518
433
34727
14
622
244906
692
344
622
244906
506
21
13
6743
433
35
16473
2292
30
433
351
433
34727
14
622
244906
692
433
86521
16
1207
433
86521
460
225
622
244906
18
2586
344
50
34727
15
21
5708
622
244906
1518
433
34727
14
622
244906
692
225
622
244906
1518
433
34727
14
622
244906
692
433
86521
351
433
18
2586
839
1435
402
16514
1518
433
34727
341
1518
433
18
2586
539
1907
1008
304
1994
1019
18
9177
382
8311
16
539
1196
851
1994
386
352
6441
3804
1518
434
16
277
38474
352
1682
34727
275
26649
5912
5119
4354
351
16514
17540
18
9405
4309
382
8311
16
539
1196
851
1994
386
352
6441
3804
1518
434
16
539
17208
5053
150290
5278
351
225
622
478
48
18
957
1387
361
2927
689
6772
382
8311
16
539
1196
851
1994
386
352
6441
3804
1518
434
16
539
851
1008
304
4802
386
277
1435
272
674
7662
434
27740
16
697
411
1414
382
8311
16
539
1196
851
1994
386
277
1154
874
361
2988
402
4753
33
20
35
3557
621
16981
382
8311
16
539
1196
851
1994
386
277
1154
874
361
2988
402
272
2896
4354
225
20
35
3557
621
16981
382
8311
16
539
1196
851
1994
386
277
1154
874
361
2988
402
1472
1518
12216
35
3557
7174
16
689
539
530
10987
1472
6758
12216
18
1437
516
16
539
1387
2188
17208
6484
1682
16
689
4164
516
10753
382
8311
16
539
1196
851
1994
386
277
1154
2428
361
2988
402
1472
33
20
16
12216
33
20
16
4753
33
29
16
272
508
21
3210
5489
3032
1196
361
225
20
1480
225
20
341
516
8672
18
5641
8860
30
285
12
20
5791
20
16
285
4096
21
5791
20
16
3032
33
20
18
9177
382
8311
16
539
1196
851
1994
386
277
1154
2428
361
2988
402
1472
33
21
16
12216
33
21
16
4753
33
21
16
272
508
21
3210
5489
3032
33
21
18
285
12
21
5791
21
16
285
12
20
5791
20
1117
21
382
8311
16
539
1196
851
1994
386
277
1154
2428
361
2988
402
1472
33
21
16
12216
33
21
16
4753
33
21
16
272
508
22
3210
5489
3032
33
20
18
285
12
21
2738
6441
3804
33
21
16
434
33
21
16
6441
3804
582
48
16
35758
10013
33
22
6758
21
35
2044
1117
20
18
285
12
20
5791
20
1117
20
382
8311
16
616
1622
382
8311
16
539
1196
851
1310
402
265
1690
1207
4753
341
225
29
306
272
341
373
29
728
2783
648
21
16
225
1296
1807
5489
8672
5463
436
5463
17299
402
225
29
306
27740
6758
29
18
3483
4059
225
29
16
225
1057
16
1748
16
2503
16
3124
16
4228
16
4306
16
5293
16
5095
16
959
18
9405
225
622
5463
18
5641
8860
1196
3050
225
622
18
16473
17208
6697
1375
74
12
1296
2738
6441
3804
33
23
16
434
33
21
16
6441
3804
1518
434
18
16514
17540
33
22
18
433
34727
351
225
1296
458
622
351
622
16
433
86521
33
20
16
35758
10013
33
29
382
20454
31051
460
23
30
6441
21
30
1682
16131
33
21
344
29
1798
6441
22
30
1682
16131
351
4753
535
344
25665
15
21
20534
20
351
29
1117
29
18
2586
4455
31051
32
23
351
225
622
382
9697
1377
23
30
16514
17540
33
22
16
433
34727
33
622
16
433
86521
33
20
16
35758
10013
33
29
382
4583
93198
2336
936
433
34727
30
433
34727
33
622
16
5879
33
29
16
16514
17540
33
22
16
5879
33
29
460
225
622
2421
21
14883
622
35
41729
225
622
43271
22542
17540
17
21
5791
622
478
21
33
622
18
5879
33
29
32
622
16
713
1682
156469
33
20
382
5790
433
34727
33
622
30
27740
225
21
306
225
20
16
1804
6758
29
16
4080
18
19100
35758
10013
6758
433
86521
35
225
29
6758
20
2044
18
2586
4354
23
28446
225
20
382
10914
285
12
1296
5791
622
382
74
12
20
5791
20
18
6431
33
622
18
9177
382
8311
16
539
1196
1310
402
265
1690
1207
4753
341
225
21
306
272
341
373
622
728
2783
648
622
16
6880
1807
96463
5463
30
5463
17299
402
225
622
306
27740
6758
21
30
225
622
16
225
6880
35
225
6880
11751
402
225
622
16
27740
225
21
16
21
16
20
616
6758
21
16
12035
18
6755
8696
225
11195
35
686
302
2783
18
2586
1682
33
22
382
8372
8860
30
285
12
6880
2738
6441
3804
33
23
16
434
33
22
16
16514
17540
33
21
18
433
34727
351
225
6880
458
1296
351
21
16
433
86521
33
622
16
35758
10013
33
622
382
20454
31051
32
23
30
6441
21
30
460
48
1117
20
31
6441
22
30
1682
16131
33
21
344
622
680
2586
4455
31051
32
23
33
21
382
9697
1377
23
30
16514
17540
33
21
16
433
34727
33
21
16
433
86521
33
622
16
35758
10013
33
622
382
4583
93198
2336
936
433
34727
30
5879
33
20
460
225
622
2421
20
14883
21
1117
20
382
5790
433
34727
33
21
30
14387
225
21
6758
21
16
35758
10013
6758
433
86521
35
225
622
6758
622
1641
1117
919
225
21
382
4892
4354
23
28446
225
21
18
11612
285
12
6880
5791
21
15
21
33
22
382
74
12
29
2738
285
12
29
13
351
225
20
35
41729
285
12
29
13
6441
3804
33
21
460
434
1117
20
18
2586
3032
33
22
18
9177
382
8311
16
539
1196
1310
402
265
1690
1207
4753
341
225
21
16
272
508
622
728
2783
648
807
16
6880
1807
5489
8672
5463
30
225
6880
1094
35
225
622
341
686
18
2586
1682
33
21
382
74
12
6880
5791
22
16
285
12
622
5791
21
35
285
12
622
2738
6441
3804
33
22
16
434
33
22
16
6441
3804
582
48
16
35758
10013
33
622
6758
622
1117
21
18
2586
285
12
622
5791
21
18
6431
33
22
17
21
33
21
18
9177
382
8311
16
539
1196
1310
402
265
1690
1207
4753
341
225
21
16
272
508
622
728
2783
648
6681
16
6880
1807
96463
5463
30
225
6880
1094
35
225
6880
11751
402
225
622
16
27740
225
21
16
21
16
20
6758
21
16
12035
18
6755
8696
225
6681
35
11751
402
225
555
16
840
18
2586
1682
33
21
382
74
12
6880
5791
22
16
285
12
1296
5791
35
285
12
1296
2738
6441
3804
33
23
16
434
33
22
16
16514
17540
33
21
16
433
34727
33
1296
458
1296
33
21
16
433
86521
33
20
16
35758
10013
33
622
18
14610
31051
32
23
30
6441
22
30
21
1117
2983
713
3312
33
21
18
29087
582
23
30
1682
93198
2336
936
433
34727
30
5879
33
20
1117
20
18
6621
433
34727
33
21
30
14387
225
21
6758
21
16
35758
10013
6758
433
86521
35
225
622
6758
20
2044
18
2586
285
12
1296
5791
21
18
2586
3032
33
22
17
21
33
21
18
9177
382
8311
16
539
1196
1310
402
265
1690
1207
4753
341
225
21
16
272
508
622
728
2783
648
7955
16
2393
1807
96463
5463
30
8696
5023
35
225
6880
341
686
16
225
11195
686
18
2586
1682
33
20
382
74
12
2393
2738
6441
3804
33
23
16
434
33
22
16
16514
17540
33
21
16
433
34727
33
2393
458
1296
33
22
16
433
86521
33
20
16
35758
10013
33
622
18
14610
31051
32
23
30
6441
22
30
21
1117
21
18
29087
582
23
30
1682
93198
2336
936
433
34727
30
433
34727
33
22
16
5879
33
21
16
5879
19105
21
35
12035
16
1682
34727
275
26649
5912
124651
33
21
16
4354
33
21
16
5879
33
21
13
1117
21
344
82226
225
21
680
2586
1682
156469
33
21
18
6621
433
34727
33
22
30
14387
225
22
1518
4753
225
21
1117
15235
18
2586
4354
23
28446
225
21
18
11612
285
12
2393
5791
22
382
74
12
6880
5791
22
18
2586
3032
33
22
17
22
33
20
18
9177
382
8311
16
539
1196
1310
402
265
1690
1207
4753
341
225
21
16
272
508
622
728
2783
648
2393
16
3966
1807
96463
5463
35
225
11195
35
11751
402
225
622
16
27740
225
22
16
21
16
20
16
689
14387
225
22
1518
4753
225
21
16
713
840
18
225
14661
4115
18
2586
1682
33
20
382
74
12
3966
2738
6441
3804
33
23
16
434
33
22
16
16514
17540
33
21
16
433
34727
33
23
16
433
86521
33
20
16
35758
10013
33
622
18
14610
31051
32
23
30
6441
22
30
21
1117
21
18
29087
582
23
30
1682
93198
2336
936
433
34727
30
433
34727
33
23
16
5879
33
22
16
5879
19105
21
16
1682
34727
275
26649
5912
124651
33
21
16
4354
33
21
16
5879
33
22
13
1117
21
344
82226
225
21
1094
16
2650
14387
225
22
1518
4753
680
2586
1682
156469
33
21
18
6621
433
34727
33
23
30
14387
225
23
1518
21
1117
15235
18
2586
285
12
3966
5791
22
18
285
12
2393
5791
22
18
3032
33
20
18
9177
382
8311
16
616
5563
10358
382
8311
16
539
1196
851
1994
277
12634
302
11795
13304
297
51628
8458
35
11636
3089
146581
6772
382
8311
16
539
1196
851
1994
386
277
38474
352
1682
34727
275
26649
5912
2428
361
2988
402
5879
386
341
1586
2927
16
689
4354
341
2164
16
713
38474
642
2188
361
6772
382
8311
16
539
1196
851
1994
386
539
436
1347
77647
402
312
625
28090
31
492
642
11057
2527
352
1450
344
1084
16
13334
13
352
1450
1465
304
1447
8227
34727
275
26649
5912
18
7517
1447
8227
34727
275
26649
5912
341
2988
468
1210
12775
344
1943
12216
306
1472
17
21
733
1850
6772
382
8311
16
539
1196
851
1994
386
539
2428
1587
304
3746
277
312
625
28090
5536
277
1154
304
37224
3796
8877
35
2209
1450
1465
674
1497
5879
16
4753
16
4354
16
713
516
4494
382
8311
16
539
1196
851
1994
386
539
2428
1587
304
911
59038
38474
304
4928
77647
32103
16
689
1850
6772
382
8311
16
539
1196
851
1994
386
539
2428
1587
304
5203
277
1690
1207
4753
341
225
20
35
3557
4494
382
8311
16
539
1196
851
1994
386
539
2428
1587
304
919
265
5128
2481
30
592
1472
1518
12216
16
758
225
20
35
2209
516
4494
382
8311
16
539
1196
851
1994
386
539
2428
1587
304
911
1411
56279
124651
15
21
16
16514
17540
17
21
71316
352
51628
8458
382
8311
16
539
1196
851
1994
386
539
2428
1587
304
687
52448
16751
302
344
25665
15
21
13
778
304
2687
16514
17540
25974
304
4928
17771
70006
18
2209
516
4778
382
8311
16
539
1196
851
1994
386
277
1154
2428
361
2988
4347
3041
297
277
1656
6557
35
2209
516
7174
382
8311
16
539
1196
6496
2522
2363
382
2608
1714
2522
16
13640
316
25735
277
2746
6434
30
887
4060
373
6534
277
2165
1154
16607
306
194863
16
7095
3138
277
1154
4546
306
1717
616
277
6292
18
1995
5677
4222
59947
5533
213288
11164
6
2586
539
1060
1008
304
3138
277
1154
382
8311
16
539
1196
851
1994
386
277
4381
2363
539
436
39173
2428
569
852
5442
35
2209
539
436
1094
304
14637
1682
59283
1323
2907
184257
18
461
2292
1154
341
3419
352
6726
31
539
17420
14637
411
382
8311
16
539
1196
3271
1094
277
2363
2732
402
277
1154
8559
306
4778
27717
382
27872
16
2522
3032
1375
3080
14487
203
3161
136060
1250
312
625
28090
300
1847
1682
59283
1323
2907
184257
28720
30
853
16
12216
30
853
16
4753
30
853
16
272
30
1284
13
2649
853
638
298
272
120498
351
648
545
30400
13
352
466
297
272
1391
298
434
351
6441
2350
120498
994
298
905
1437
277
35758
5513
5720
265
14387
6892
936
4753
16
840
8672
11795
530
2893
388
298
592
839
3524
1518
4753
352
282
297
272
120498
2407
348
758
225
20
300
298
35758
10013
351
853
2350
13
225
905
35576
1333
302
277
35758
300
298
905
41324
304
1682
8672
32088
6758
433
203
298
917
1682
8343
40752
16248
30
853
13
2649
853
638
348
592
433
460
225
20
638
454
758
225
20
300
348
27740
3804
351
1284
16248
465
348
6441
3804
351
6441
3524
77266
3804
465
348
2983
351
225
20
300
348
905
4716
8672
32088
402
17156
27740
936
433
203
348
352
6441
8443
297
2783
12
21
16
6441
3804
2407
454
592
6441
8443
460
434
638
615
4622
203
454
16514
17540
351
6441
8443
506
434
203
454
592
16514
17540
1377
225
20
638
615
905
461
1435
341
7662
277
35758
5513
203
615
2983
4284
225
21
203
454
1625
638
615
905
6010
14387
302
277
16514
30
225
21
568
25665
203
615
905
133303
16514
17540
17
21
27740
30
225
20
568
25665
203
615
2983
4284
4753
535
344
25665
692
225
21
13
1995
344
22542
17540
506
225
21
994
348
905
4716
8672
32088
402
7662
6441
3804
27740
203
348
592
6441
3804
460
434
638
454
905
2523
1435
302
492
4354
530
569
265
35758
302
4354
434
203
454
1717
203
348
12542
6441
3804
1377
434
638
454
905
10546
277
35758
5513
341
2731
203
454
592
35758
10013
6758
433
638
615
2983
4284
225
21
203
348
1625
30
225
905
6441
3804
1518
434
203
454
16514
17540
351
6441
3804
506
434
203
454
5053
150290
5278
351
225
622
1995
434
203
454
433
34727
351
433
781
5053
150290
5278
203
454
433
86521
351
433
1577
5053
150290
5278
300
454
905
4716
93198
27807
2336
936
433
34727
203
454
592
433
34727
1518
225
20
638
615
5879
351
433
34727
506
225
21
203
615
592
5879
6743
225
622
1995
344
22542
17540
506
225
21
2407
828
2983
4284
1447
8227
34727
275
26649
5912
124651
16
16514
17540
16
5879
994
454
905
6621
592
433
34727
5513
341
265
4080
16514
306
277
35758
22700
203
454
592
35758
10013
6758
433
86521
638
615
592
616
5232
30400
13
6758
4753
352
466
297
1284
16248
34727
30233
828
2983
4284
225
21
300
348
758
2983
300
298
905
41324
304
1682
5463
302
265
2688
4354
402
14387
16981
306
6758
5879
203
298
917
1447
8227
34727
275
26649
5912
124651
30
853
16
4354
30
853
16
5879
30
853
13
2649
853
638
348
592
5879
460
225
622
1995
344
11228
506
225
21
2407
454
758
225
20
300
348
27740
351
1568
24094
5232
16
1284
5311
808
51622
348
1029
80
625
28090
20399
6118
15298
465
348
917
29124
40815
30
853
16
13334
30
4989
13
2649
853
638
454
592
912
1377
4354
638
615
758
225
21
300
454
2687
123983
351
1219
3524
77266
74686
2315
4753
13
592
13334
1625
4753
203
454
2983
351
225
20
203
454
3598
351
225
21
592
912
1377
225
20
1625
225
20
203
454
352
282
297
2783
185788
16
2687
123983
692
225
21
2407
615
2983
4284
29124
40815
692
225
21
16
13334
306
344
72
1377
27740
74686
35542
454
758
2983
300
348
758
29124
12
20
16
7143
994
298
758
1682
8343
40752
2238
52207
13
506
1682
8343
40752
28720
506
225
21
465
7203
8311
16
539
1196
4638
18400
352
839
20175
7783
382
17
1283
30927
312
625
28090
468
1828
388
17
461
1154
8559
341
4309
388
17
39275
1682
8343
40752
16
539
5047
1447
8227
34727
275
26649
5912
396
265
31078
1154
18
9405
20672
388
17
1283
1161
1411
3161
136060
1250
312
625
28090
68
5451
1447
8227
34727
275
26649
5912
35
41729
539
30927
468
1828
16
713
539
530
911
312
625
28090
5502
2142
316
46645
18
2209
539
851
569
1411
3161
136060
1250
312
625
28090
68
468
1828
16
713
1850
6772
18
39275
1447
8227
34727
275
26649
5912
16
539
911
312
625
28090
2142
61703
1754
18
9405
6772
382
2608
539
5047
117940
8227
34727
275
26649
5912
68
5451
277
1584
1154
35
41729
539
5047
411
396
265
31078
1154
5451
1682
59283
1323
2907
184257
16
1325
1682
8343
40752
18
9405
6772
382
2608
6035
30
610
277
2363
2946
16
539
5047
117940
8227
34727
275
26649
5912
68
396
265
1154
5451
1411
8227
59283
1323
2907
184257
68
689
5536
1411
8227
8343
40752
22243
9405
4309
382
8311
16
539
1161
117940
8227
34727
275
26649
5912
124651
16
16514
17540
16
5879
71316
5451
1682
8343
40752
18
9405
6772
382
8311
16
539
1196
851
1994
386
539
1161
1411
25665
68
6307
297
277
12688
9480
16
689
851
396
7273
297
1447
8227
34727
275
26649
5912
18
9405
6772
16
689
6035
386
277
12688
4753
306
277
7273
4753
2428
16812
31
539
1161
117940
8227
34727
275
26649
5912
124651
16
16514
17540
16
5879
237518
713
539
1717
277
12688
4753
18
9405
6772
382
8311
16
539
1196
851
1994
386
5451
1682
8343
40752
539
851
911
1411
25665
68
344
6747
680
9405
6772
382
8311
16
539
1196
851
1994
386
539
1161
1411
514
5232
30400
13
6758
4753
352
466
297
1284
16248
34727
1149
22243
9405
6772
382
8311
16
539
1196
851
1994
386
539
1161
1411
359
5879
6743
225
622
1995
344
22542
17540
506
225
21
2738
68
957
1387
361
29313
498
13131
11960
351
225
622
43271
22542
17540
17
21
680
3578
6772
382
8311
16
539
1196
851
1994
386
352
6441
3804
1518
434
16
539
17208
5053
150290
5278
351
225
622
478
48
18
9405
6772
382
8311
16
539
1196
851
1994
386
539
17208
1411
12815
4284
4753
535
344
25665
692
225
21
13
1995
344
22542
17540
506
225
21
13
22243
957
5119
51628
8458
18
22547
361
2927
689
6772
382
8311
16
539
1196
851
1994
386
352
6441
8443
1518
434
16
539
2428
851
1008
304
2292
386
277
16514
27740
436
616
6758
4753
18
5641
10413
18373
386
1480
539
8293
1450
14387
304
225
20
568
25665
18
2952
16
1414
411
4802
386
277
16514
494
1058
14387
341
1713
41872
35
8520
16
539
1161
4753
12423
352
1058
14387
344
21
568
25665
680
9405
4309
382
8311
16
539
1196
851
1994
386
539
4746
2292
277
1690
1207
4753
460
225
21
35
3557
4494
382
8311
16
539
1196
851
1994
386
539
2428
1587
304
5203
277
1690
1207
272
341
373
20
26471
2209
2746
4060
4898
11795
16
713
14801
382
8311
16
539
1196
851
1994
386
539
2428
1587
304
5203
277
1690
1207
272
674
4354
225
20
35
3557
2731
382
8311
16
539
1196
851
1994
386
277
38474
352
1682
34727
275
26649
5912
5119
1411
4956
123983
351
1219
3524
77266
74686
2315
4753
13
592
13334
1625
4753
22243
2209
1065
592
27740
74686
65
341
1518
4753
35
5489
2687
123983
351
4753
18
9405
4309
18
2952
16
539
851
1008
304
1994
386
592
13334
341
7143
306
27740
74686
65
1518
4753
16
1232
352
839
14387
282
2336
936
27740
74686
65
689
11568
6792
304
4753
16
277
1435
642
361
2336
936
5879
1480
282
460
27740
74686
1807
9405
6772
18
1533
1325
24602
282
460
27740
74686
2315
13334
7883
8077
16
306
13845
27740
530
361
778
304
4753
18
9405
4309
382
8311
16
539
1196
851
1994
386
539
1161
1411
78152
306
344
72
1377
27740
74686
6577
68
396
2475
872
502
18
1437
13334
341
8077
16
2475
872
502
30628
8077
18
9405
4309
382
8311
16
539
1196
851
1994
386
539
1161
1411
13832
351
225
21
592
912
1377
225
20
1625
225
20
22243
9405
4309
352
5463
402
7662
489
11228
11
27740
382
8311
16
539
1196
851
1994
386
539
2428
1587
304
5203
277
1690
1207
4354
1377
225
21
306
5879
460
225
622
2421
20
14883
21
18
5489
539
758
225
20
3836
18
9405
4309
1480
277
21820
225
21
57329
1435
341
225
21
344
29753
539
1994
5463
402
7662
730
14387
16
1058
14387
1713
41872
680
2586
592
5879
460
21
16
840
5463
382
8311
16
539
1196
851
1994
386
539
2428
1587
304
1310
277
38474
402
4354
33
21
16
4753
33
29
16
5879
33
25
18
15018
758
5463
499
225
21
304
225
25
30
225
25
18
5641
38474
30
27740
15345
25
2315
912
20
30
2687
123983
351
1219
12
25
16
29
5791
25
16
3598
33
21
16
9284
282
33
21
568
25
16
1450
29124
40815
21
13
6714
225
21
18
2586
2983
33
25
18
9177
382
8311
16
539
1196
851
1310
402
4354
33
22
16
4753
33
26
16
5879
33
1670
18
1283
7977
4655
225
992
18
16473
37687
38474
6697
1375
149037
15345
22
16
26
2315
4354
33
22
388
20440
12
20
183551
2407
4956
123983
351
1219
12
22
16
26
5791
22
16
3598
33
21
16
282
33
21
30
2475
872
502
351
344
21
582
22
19767
2044
16
713
29124
12
21
156864
3098
20440
12
21
156864
2738
912
582
22
35
840
16
2687
123983
33
25665
33
26
16
3598
33
20
18
39955
282
33
20
568
26
1117
225
27
18
2586
29124
12
21
156864
5791
27
388
72
33
22
30
2475
872
502
351
344
22
582
22
19767
1641
16
29124
12
21
183551
3098
20440
12
21
183551
2738
2687
123983
351
1219
12
26
16
26
5791
26
16
3598
33
20
16
9284
282
33
20
568
26
1117
27
18
2586
29124
12
21
183551
5791
27
388
27872
29124
12
20
183551
5791
27
15
27
33
992
18
9177
382
8311
16
616
1622
382
8311
16
539
1196
851
1994
386
277
2363
2428
361
30172
352
1586
2927
15028
2920
304
12461
51628
8458
16
689
1850
20672
382
8311
16
539
1196
851
1994
386
539
2428
1587
304
911
143464
80
625
28090
57151
71316
5451
1447
8227
34727
275
26649
5912
16
689
539
3402
30927
312
625
28090
382
8311
16
539
1196
851
1994
386
277
2363
5119
1411
3161
136060
1250
312
625
28090
68
468
1828
16
689
539
851
2428
1008
304
1250
2761
1625
35
3557
4494
382
8311
16
539
1196
851
1994
386
277
1154
1227
341
1682
59283
1323
2907
184257
16
396
2993
382
8311
16
539
1196
851
1994
386
539
2428
1587
304
919
194863
35
461
4607
3402
674
194863
31
539
1196
2553
411
35
461
2746
4060
539
1196
7095
3138
277
1154
4546
306
1717
616
277
6292
18
461
3419
2363
4059
265
194863
18
610
954
2363
2732
16
539
530
2549
277
194863
396
1357
304
361
10358
18
32468
16
890
17713
16
539
2553
277
4607
194863
18
2586
539
1196
2549
277
194863
297
954
7878
382
27872
16
539
1196
2549
277
194863
499
277
2746
18
461
4607
1154
16607
306
194863
846
2688
18
1283
1196
5209
386
194863
983
954
7878
382
27872
16
954
2522
2363
1196
569
277
194863
396
3419
382
8311
16
539
642
6496
2522
3032
402
277
194863
5101
382
19477
5675
2522
2363
1375
3080
14487
203
3161
136060
1250
312
625
28090
300
1847
1682
59283
1323
2907
184257
28720
30
853
16
12216
30
853
16
4753
30
853
16
272
30
1284
13
2649
853
638
298
11192
4716
277
1435
302
8672
32088
297
277
2783
648
6373
16
12216
21265
2458
298
340
4898
11795
1150
341
2988
8672
592
638
298
225
21
18
887
11751
402
272
344
87
341
265
35758
302
1150
465
298
225
22
18
8049
14387
297
1150
341
468
1210
4753
19964
298
35685
638
348
1472
30
461
1472
302
277
2783
344
156055
465
348
12216
30
461
1169
302
277
2783
344
156055
465
348
4753
30
461
6756
6751
14387
1333
344
21
6758
4753
6758
225
29
465
348
272
30
340
1794
15739
265
4898
11795
386
1998
361
265
35758
19964
298
11341
638
348
461
1682
302
8672
32088
297
277
2688
2783
19964
298
25436
1682
59283
1323
2907
184257
12
21
16
225
26
937
16
225
24
16
373
12827
2272
298
225
25
203
298
25436
1682
59283
1323
2907
184257
12
883
16
225
16241
16
225
26
16
373
622
2272
298
225
22
203
298
25436
1682
59283
1323
2907
184257
12
21
937
16
225
22
937
16
225
24
16
373
23
937
2272
298
225
20
203
298
8340
298
272
120498
351
648
545
30400
13
352
466
297
272
1391
298
434
351
6441
2350
120498
994
298
905
1437
277
35758
5513
5720
265
14387
6892
936
4753
16
840
8672
11795
530
2893
388
298
592
839
3524
1518
4753
352
282
297
272
120498
2407
348
758
225
20
300
298
35758
10013
351
853
2350
13
225
905
35576
1333
302
277
35758
300
298
905
41324
304
1682
8672
32088
6758
433
203
298
917
1682
8343
40752
16248
30
853
13
2649
853
638
348
592
433
460
225
20
638
454
758
225
20
300
348
27740
3804
351
1284
16248
465
348
6441
3804
351
6441
3524
77266
3804
465
348
2983
351
225
20
300
348
905
4716
8672
32088
402
17156
27740
936
433
203
348
352
6441
8443
297
2783
12
21
16
6441
3804
2407
454
592
6441
8443
460
434
638
615
4622
203
454
16514
17540
351
6441
8443
506
434
203
454
592
16514
17540
1377
225
20
638
615
905
461
1435
341
7662
277
35758
5513
203
615
2983
4284
225
21
203
454
1625
638
615
905
6010
14387
302
277
16514
30
225
21
568
25665
203
615
905
133303
16514
17540
17
21
27740
30
225
20
568
25665
203
615
2983
4284
4753
535
344
25665
692
225
21
13
1995
344
22542
17540
506
225
21
994
348
905
4716
8672
32088
402
7662
6441
3804
27740
203
348
592
6441
3804
460
434
638
454
905
2523
1435
302
492
4354
530
569
265
35758
302
4354
434
203
454
1717
203
348
12542
6441
3804
1377
434
638
454
905
10546
277
35758
5513
341
2731
203
454
592
35758
10013
6758
433
638
615
2983
4284
225
21
203
348
1625
30
225
905
6441
3804
1518
434
203
454
16514
17540
351
6441
3804
506
434
203
454
5053
150290
5278
351
225
622
1995
434
203
454
433
34727
351
433
781
5053
150290
5278
203
454
433
86521
351
433
1577
5053
150290
5278
300
454
905
4716
93198
27807
2336
936
433
34727
203
454
592
433
34727
1518
225
20
638
615
5879
351
433
34727
506
225
21
203
615
592
5879
6743
225
622
1995
344
22542
17540
506
225
21
2407
828
2983
4284
1447
8227
34727
275
26649
5912
124651
16
16514
17540
16
5879
994
454
905
6621
592
433
34727
5513
341
265
4080
16514
306
277
35758
22700
203
454
592
35758
10013
6758
433
86521
638
615
592
616
5232
30400
13
6758
4753
352
466
297
1284
16248
34727
30233
828
2983
4284
225
21
300
348
758
2983
300
298
905
41324
304
1682
5463
302
265
2688
4354
402
14387
16981
306
6758
5879
203
298
917
1447
8227
34727
275
26649
5912
124651
30
853
16
4354
30
853
16
5879
30
853
13
2649
853
638
348
592
5879
460
225
622
1995
344
11228
506
225
21
2407
454
758
225
20
300
348
27740
351
1568
24094
5232
16
1284
5311
808
51622
348
1029
80
625
28090
20399
6118
15298
465
348
917
29124
40815
30
853
16
13334
30
4989
13
2649
853
638
454
592
912
1377
4354
638
615
758
225
21
300
454
2687
123983
351
1219
3524
77266
74686
2315
4753
13
592
13334
1625
4753
203
454
2983
351
225
20
203
454
3598
351
225
21
592
912
1377
225
20
1625
225
20
203
454
352
282
297
2783
185788
16
2687
123983
692
225
21
2407
615
2983
4284
29124
40815
692
225
21
16
13334
306
344
72
1377
27740
74686
35542
454
758
2983
300
348
758
29124
12
20
16
7143
994
298
758
1682
8343
40752
2238
52207
13
506
1682
8343
40752
28720
506
225
21
465
7203
8311
16
539
1196
13561
386
277
194863
4059
277
2024
1310
4027
396
2688
18
2227
436
903
382
8311
16
539
1196
851
1994
386
539
1161
277
6307
1411
25665
68
297
1217
31078
5442
344
8227
8343
40752
306
1447
8227
34727
275
26649
5912
680
9405
6772
1480
724
436
8156
78051
31
277
9118
1154
530
2318
277
12688
4753
6307
16
689
539
851
1717
4753
396
7273
304
1447
8227
34727
275
26649
5912
304
4928
24460
18
610
1682
8343
40752
16
539
3867
304
277
12688
4753
18
9405
6772
382
8311
16
539
1196
851
1994
386
539
2428
1587
304
911
1411
56279
124651
15
21
16
16514
17540
17
21
71316
304
361
10591
10662
16
689
516
4494
382
8311
16
539
1196
851
1994
386
539
2428
1587
304
919
265
3364
1690
352
890
1472
1518
12216
35
3557
4494
382
8311
16
539
1196
851
1994
386
277
1154
2428
361
2988
402
1472
33
20
16
689
1472
17
21
351
506
21
16
1682
8343
40752
4096
21
13
6714
225
20
382
8311
16
539
1196
851
1994
386
277
1154
2428
361
2988
402
12216
33
20
35
5489
1682
8343
40752
12
20
13
6714
225
20
16
3032
225
20
382
8311
16
616
1622
382
8311
16
539
1196
6496
2522
3032
18
255011
255012
3080
14487
203
3161
136060
1250
312
625
28090
300
1847
1682
59283
1323
2907
184257
28720
30
853
16
12216
30
853
16
4753
30
853
16
272
30
1284
13
2649
853
638
298
11192
4716
277
1435
302
8672
32088
297
277
2783
648
6373
16
12216
21265
2458
298
340
4898
11795
1150
341
2988
8672
592
638
298
225
21
18
887
11751
402
272
344
87
341
265
35758
302
1150
465
298
225
22
18
8049
14387
297
1150
341
468
1210
4753
19964
298
35685
638
348
1472
30
461
1472
302
277
2783
344
156055
465
348
12216
30
461
1169
302
277
2783
344
156055
465
348
4753
30
461
6756
6751
14387
1333
344
21
6758
4753
6758
225
29
465
348
272
30
340
1794
15739
265
4898
11795
386
1998
361
265
35758
19964
298
11341
638
348
461
1682
302
8672
32088
297
277
2688
2783
19964
298
25436
1682
59283
1323
2907
184257
12
21
16
225
26
937
16
225
24
16
373
12827
2272
298
225
25
203
298
25436
1682
59283
1323
2907
184257
12
883
16
225
16241
16
225
26
16
373
622
2272
298
225
22
203
298
25436
1682
59283
1323
2907
184257
12
21
937
16
225
22
937
16
225
24
16
373
23
937
2272
298
225
20
203
298
8340
298
272
120498
351
648
545
30400
13
352
466
297
272
1391
298
434
351
6441
2350
120498
994
298
905
1437
277
35758
5513
5720
265
14387
6892
936
4753
16
840
8672
11795
530
2893
388
298
592
839
3524
1518
4753
352
282
297
272
120498
2407
348
758
225
20
300
298
35758
10013
351
853
2350
13
225
905
35576
1333
302
277
35758
300
298
905
41324
304
1682
8672
32088
6758
433
203
298
917
1682
8343
40752
16248
30
853
13
2649
853
638
348
592
433
460
225
20
638
454
758
225
20
300
348
27740
3804
351
1284
16248
465
348
6441
3804
351
6441
3524
77266
3804
465
348
2983
351
225
20
300
348
905
4716
8672
32088
402
17156
27740
936
433
203
348
352
6441
8443
297
2783
12
21
16
6441
3804
2407
454
592
6441
8443
460
434
638
615
4622
203
454
16514
17540
351
6441
8443
506
434
203
454
592
16514
17540
1377
225
20
638
615
905
461
1435
341
7662
277
35758
5513
203
615
2983
4284
225
21
203
454
1625
638
615
905
6010
14387
302
277
16514
30
225
21
568
25665
203
615
905
133303
16514
17540
17
21
27740
30
225
20
568
25665
203
615
2983
4284
4753
535
344
25665
692
225
21
13
1995
344
22542
17540
506
225
21
994
348
905
4716
8672
32088
402
7662
6441
3804
27740
203
348
592
6441
3804
460
434
638
454
905
2523
1435
302
492
4354
530
569
265
35758
302
4354
434
203
454
1717
203
348
12542
6441
3804
1377
434
638
454
905
10546
277
35758
5513
341
2731
203
454
592
35758
10013
6758
433
638
615
2983
4284
225
21
203
348
1625
30
225
905
6441
3804
1518
434
203
454
16514
17540
351
6441
3804
506
434
203
454
5053
150290
5278
351
225
622
1995
434
203
454
433
34727
351
433
781
5053
150290
5278
203
454
433
86521
351
433
1577
5053
150290
5278
300
454
905
4716
93198
27807
2336
936
433
34727
203
454
592
433
34727
1518
225
20
638
615
5879
351
433
34727
506
225
21
203
615
592
5879
6743
225
622
1995
344
22542
17540
506
225
21
2407
828
2983
4284
1447
8227
34727
275
26649
5912
124651
16
16514
17540
16
5879
994
454
905
6621
592
433
34727
5513
341
265
4080
16514
306
277
35758
22700
203
454
592
35758
10013
6758
433
86521
638
615
592
616
5232
30400
13
6758
4753
352
466
297
1284
16248
34727
30233
828
2983
4284
225
21
300
348
758
2983
300
298
905
41324
304
1682
5463
302
265
2688
4354
402
14387
16981
306
6758
5879
203
298
917
1447
8227
34727
275
26649
5912
124651
30
853
16
4354
30
853
16
5879
30
853
13
2649
853
638
348
592
5879
460
225
622
1995
344
11228
506
225
21
2407
454
758
225
20
300
348
27740
351
1568
24094
5232
16
1284
5311
808
51622
348
1029
80
625
28090
20399
6118
15298
465
348
917
29124
40815
30
853
16
13334
30
4989
13
2649
853
638
454
592
912
1377
4354
638
615
758
225
21
300
454
2687
123983
351
1219
3524
77266
74686
2315
4753
13
592
13334
1625
4753
203
454
2983
351
225
20
203
454
3598
351
225
21
592
912
1377
225
20
1625
225
20
203
454
352
282
297
2783
185788
16
2687
123983
692
225
21
2407
615
2983
4284
29124
40815
692
225
21
16
13334
306
344
72
1377
27740
74686
35542
454
758
2983
300
348
758
29124
12
20
16
7143
994
298
758
1682
8343
40752
2238
52207
13
506
1682
8343
40752
28720
506
225
21
465
3080
255013
255001