255000
255004
255012
8928
9460
436
2837
304
361
7528
306
4273
361
86428
498
13845
1181
420
1756
14134
638
17
1532
642
3032
10855
352
11828
16
29845
16
420
12077
2269
4131
304
6126
12283
18
1532
642
516
2483
2269
386
341
20243
420
1387
361
1161
304
3866
7431
382
8928
9460
8490
396
593
31768
16
689
724
530
361
86428
297
13845
1181
420
1756
14134
638
17
4520
1227
341
5464
28760
7654
388
17
1532
436
265
2927
4001
2045
6120
498
169990
422
382
7
15420
24293
203
3080
4605
203
63
300
1391
3080
255013
255001
255000
255002
255012
6534
277
2165
1154
16607
306
194863
16
7095
3138
277
1154
4546
306
1717
616
277
6292
18
1995
5677
4222
59947
5533
213288
28430
3039
1196
18523
277
2363
385
11116
297
265
127068
2363
2732
344
826
22057
13
344
22310
642
61694
277
4607
5442
994
5640
1847
1682
129966
86796
4020
30
853
16
399
30
853
16
272
30
1284
13
2649
853
638
298
11192
18750
265
1794
272
302
4354
307
17433
302
8210
489
37
747
489
38
747
306
489
110389
298
306
265
4898
11795
399
16
1682
277
1435
302
4781
304
6754
1450
215531
402
203
298
3673
489
37
11
420
489
38
11
1175
386
277
8800
1794
674
840
236189
178142
85523
203
298
302
4354
399
388
2458
298
340
1794
341
4800
373
23038
6
592
840
72075
85523
302
4354
399
341
265
158925
388
298
7448
277
1682
68437
225
7858
18833
22460
388
2458
298
35685
638
348
307
30
461
4354
302
277
1794
344
22
6758
399
6758
307
6758
225
21
937
465
348
399
30
461
4354
302
222720
304
2292
352
236189
164508
344
79
6758
225
622
465
348
272
30
340
1794
302
4354
307
17433
302
489
37
747
489
38
747
306
118639
2319
2458
298
11341
638
348
461
1435
302
1622
14580
68437
225
7858
18833
22460
19964
298
25436
1682
129966
86796
12
27
16
225
24
16
489
2630
182250
35
6994
3566
298
225
21
203
298
25436
1682
129966
86796
12
1339
16
225
27
16
489
106126
106126
106126
106126
106126
3566
298
225
12180
20718
25493
203
298
25436
1682
129966
86796
12
883
16
225
25
16
489
2630
44031
106126
8806
3566
298
225
20
203
298
33328
1847
2292
180005
2407
298
905
4720
4027
499
277
2746
203
298
3999
12578
12
27
16
225
24
16
489
2630
182250
35
6994
3015
1377
225
21
203
298
3999
12578
12
1339
16
225
27
16
489
106126
106126
106126
106126
106126
3015
1377
225
12180
20718
25493
203
298
3999
12578
12
883
16
225
25
16
489
2630
44031
106126
8806
3015
1377
225
20
203
298
3999
12578
12
1339
16
225
28
16
118639
37
35
38
8806
38
35
38
35
4387
182250
35
38
8806
38
182250
35009
38
35
10432
35
38
35009
6994
8806
174072
3015
1377
225
20744
11582
19964
298
905
22708
1310
4027
203
298
3999
12578
12
21
937
16
225
622
16
215531
535
225
21
937
13
1377
225
22804
7858
25635
203
298
3999
12578
12
21
937
16
225
29
16
489
38
11
535
225
622
692
489
37
11
535
225
24
692
489
38
11
535
225
23
692
489
37
11
535
225
28
692
489
38
11
692
489
37
11
535
225
25
692
489
38
11
535
225
23
692
489
37
11
692
489
38
11
535
225
24
692
489
37
11
692
489
38
11
535
225
23
692
489
37
11
692
489
38
11
535
225
22
692
489
37
11
692
489
38
11
535
225
1068
692
489
37
11
692
489
38
11
535
225
992
692
489
37
11
535
225
22
692
489
38
11
535
225
22
692
489
37
11
692
489
38
11
535
225
22
692
489
37
11
535
225
22
692
489
38
11
535
225
1068
692
489
37
11
535
225
22
692
489
38
11
535
225
22
692
489
37
11
535
225
22
692
489
38
11
535
225
883
692
489
37
11
535
225
22
692
489
38
11
535
225
22
692
489
37
11
692
489
38
11
535
225
23
692
489
37
11
692
489
38
11
535
225
1145
692
489
37
11
692
489
38
11
535
225
29
692
489
37
11
692
489
38
11
535
225
24
692
489
37
11
692
489
38
11
535
225
807
692
489
37
11
692
489
38
11
535
225
23
692
489
37
11
692
489
38
11
535
225
992
692
489
37
11
692
489
38
11
535
225
24
692
489
37
11
692
489
38
11
535
225
29
692
489
37
11
692
489
38
11
535
225
1045
692
489
37
11
692
489
38
11
535
225
1670
692
489
37
11
535
225
22
692
489
38
11
535
225
807
692
489
37
11
692
489
38
11
535
225
26
692
489
37
11
692
489
38
11
535
225
24
692
489
37
11
692
489
38
11
535
225
1670
692
489
37
11
535
225
22
692
489
38
11
535
225
2394
692
489
37
11
692
489
38
11
535
225
22
692
489
37
11
692
489
38
11
535
225
24
692
489
37
11
692
489
38
11
692
489
37
11
692
489
38
11
535
225
22
692
489
37
11
692
489
38
11
535
225
22
692
489
37
11
692
489
38
11
535
225
1575
692
489
37
11
692
489
38
11
535
225
1068
692
489
37
11
692
489
38
11
535
225
1057
692
489
37
11
692
489
38
11
535
225
883
692
489
37
11
692
489
38
11
535
225
26
692
489
37
11
692
489
38
11
692
489
37
11
692
489
38
11
535
225
23
692
489
37
11
692
489
38
11
535
225
1045
692
489
37
11
535
225
22
692
489
38
11
692
489
37
11
692
489
38
11
535
225
22
692
489
37
11
692
489
38
11
535
225
1045
692
489
37
11
692
489
38
11
535
225
992
692
489
37
11
535
225
22
692
489
38
11
535
225
23
692
489
37
11
692
489
38
11
535
225
22
692
489
37
11
535
225
22
692
489
38
11
535
225
622
692
489
37
11
692
489
38
11
535
225
23
692
489
37
11
535
225
25
692
489
38
11
692
489
37
11
692
489
38
11
535
225
23
692
489
37
11
692
489
38
11
535
225
29
692
489
37
11
692
489
38
11
535
225
963
692
489
37
11
692
489
38
11
535
225
1773
692
489
37
11
692
489
38
11
535
225
740
692
489
37
11
692
489
38
11
535
225
22
692
489
37
11
535
225
22
692
489
38
11
692
489
37
11
535
225
22
692
489
38
11
535
225
1057
692
489
37
11
692
489
38
11
535
225
25
692
489
37
11
535
225
22
692
489
38
11
692
489
37
11
692
489
38
11
535
225
1199
692
489
37
11
535
225
22
692
489
38
11
692
489
37
11
692
489
38
11
535
225
22
692
489
37
11
692
489
38
11
535
225
1575
692
489
37
11
692
489
38
11
535
225
696
692
489
37
11
692
489
38
11
535
225
1449
692
489
37
11
692
489
38
11
535
225
2193
692
489
37
11
692
489
38
11
535
225
29
692
489
37
11
692
489
38
11
535
225
902
692
489
37
11
692
489
38
11
535
225
1449
692
489
37
11
692
489
38
11
535
225
1199
692
489
37
11
692
489
38
11
535
225
1710
692
489
37
11
692
489
38
11
535
225
902
692
489
37
11
692
489
38
11
535
225
27
692
489
37
11
692
489
38
11
692
489
37
11
692
489
38
11
535
225
22
692
489
37
11
692
489
38
11
535
225
25
692
489
37
11
692
489
38
11
535
225
28
13
1377
225
20
203
298
3999
12578
12
21
937
16
225
22
16
215531
535
225
26
692
489
37
11
692
215531
535
225
27
692
489
37
11
535
225
24
692
215531
535
225
24
692
489
37
11
692
215531
535
225
22
692
489
37
11
692
215531
692
489
37
11
692
215531
535
225
25
692
489
37
11
692
215531
535
225
27
692
489
37
11
535
225
22
692
215531
535
225
28
692
489
37
11
692
215531
692
489
37
11
535
225
22
692
215531
535
225
22
692
489
37
11
692
215531
535
225
622
692
489
37
11
692
215531
535
225
22
692
489
37
11
692
215531
535
225
22
692
489
37
11
692
215531
535
225
23
692
489
37
11
692
215531
535
225
22
692
489
37
11
692
215531
692
489
37
11
692
215531
535
225
24
692
489
37
11
692
215531
535
225
28
692
489
37
11
692
215531
692
489
37
11
692
215531
692
489
37
11
692
215531
535
225
25
692
489
37
11
692
215531
535
225
23
692
489
37
11
692
215531
535
225
807
692
489
37
11
692
215531
535
225
25
692
489
37
11
692
215531
535
225
28
692
489
37
11
692
215531
535
225
25
692
489
37
11
692
215531
692
489
37
11
692
215531
535
225
25
692
489
37
11
692
215531
535
225
622
692
489
37
11
535
225
22
692
215531
692
489
37
11
692
215531
535
225
28
692
489
37
11
692
215531
535
225
22
692
489
37
11
692
215531
535
225
23
692
489
37
11
692
215531
535
225
22
692
489
37
11
692
215531
692
489
37
11
535
225
22
692
215531
535
225
23
692
489
37
11
692
215531
535
225
22
692
489
37
11
692
215531
535
225
23
692
489
37
11
692
215531
535
225
22
692
489
37
11
692
215531
535
225
24
692
489
37
11
692
215531
535
225
27
692
489
37
11
692
215531
535
225
23
692
489
37
11
692
215531
535
225
29
692
489
37
11
692
215531
535
225
26
692
489
37
11
692
215531
692
489
37
11
535
225
23
692
215531
535
225
22
692
489
37
11
692
215531
535
225
23
692
489
37
11
692
215531
535
225
24
692
489
37
11
692
215531
535
225
740
692
489
37
11
692
215531
692
489
37
11
692
215531
535
225
28
692
489
37
11
692
215531
535
225
27
692
489
37
11
535
225
22
692
215531
535
225
25
692
489
37
11
692
215531
692
489
37
11
692
215531
535
225
22
692
489
37
11
692
215531
535
225
26
692
489
37
11
692
215531
535
225
883
692
489
37
11
692
215531
535
225
22
692
489
37
11
692
215531
535
225
24
692
489
37
11
692
215531
535
225
24
692
489
37
11
535
225
22
692
215531
692
489
37
11
692
215531
535
225
23
692
489
37
11
692
215531
692
489
37
11
692
215531
535
225
29
692
489
37
11
692
215531
692
489
37
11
692
215531
535
225
25
692
489
37
11
692
215531
535
225
1057
692
489
37
11
692
215531
535
225
25
692
489
37
11
692
215531
535
225
22
692
489
37
11
692
215531
692
489
37
11
535
225
22
692
215531
535
225
26
692
489
37
11
692
215531
535
225
22
692
489
37
11
692
215531
535
225
26
692
489
37
11
692
215531
535
225
25
692
489
37
11
692
215531
535
225
22
692
489
37
11
535
225
22
692
215531
535
225
28
692
489
37
11
692
215531
692
489
37
11
692
215531
692
489
37
11
692
215531
535
225
740
692
489
37
11
535
225
22
692
215531
692
489
37
11
692
215531
535
225
25
692
489
37
11
692
215531
535
225
25
692
489
37
11
692
215531
692
489
37
11
535
225
22
692
215531
535
225
24
692
489
37
11
692
215531
535
225
29
692
489
37
11
692
215531
692
489
37
11
692
215531
535
225
740
692
489
37
11
535
225
22
692
215531
692
489
37
11
692
215531
535
225
740
692
489
37
11
535
225
22
692
215531
535
225
25
692
489
37
11
692
215531
535
225
22
692
489
37
11
535
225
22
692
215531
692
489
37
11
692
215531
692
489
37
11
692
215531
535
225
26
692
489
37
11
535
225
23
692
215531
692
489
37
11
692
215531
535
225
23
692
489
37
11
692
215531
692
489
37
11
692
215531
535
225
29
692
489
37
11
692
215531
535
225
23
692
489
37
11
692
215531
692
489
37
11
692
215531
535
225
23
692
489
37
11
535
225
22
692
215531
692
489
37
11
535
225
22
692
215531
692
489
37
11
692
215531
692
489
37
11
692
215531
692
489
37
11
692
215531
535
225
25
692
489
37
11
692
215531
692
489
37
11
692
215531
535
225
23
692
489
37
11
692
215531
535
225
23
692
489
37
11
692
215531
535
225
22
692
489
37
11
692
215531
692
489
37
11
692
215531
535
225
807
692
489
37
11
535
225
22
692
215531
535
225
28
692
489
37
11
692
215531
535
225
22
692
489
37
11
692
215531
535
225
27
692
489
37
11
692
215531
535
225
23
692
489
37
11
692
215531
535
225
24
692
489
37
11
692
215531
692
489
37
11
692
215531
535
225
27
692
489
37
11
535
225
23
692
215531
535
225
24
692
489
37
11
692
215531
692
489
37
11
692
215531
535
225
22
692
489
37
11
692
215531
535
225
27
692
489
37
11
692
215531
692
489
37
11
692
215531
535
225
28
692
489
37
11
692
215531
535
225
22
692
489
37
11
535
225
22
692
215531
535
225
22
692
489
37
11
692
215531
535
225
23
692
489
37
11
692
215531
535
225
23
692
489
37
11
692
215531
535
225
807
692
489
37
11
692
215531
535
225
22
692
489
37
11
535
225
22
692
215531
692
489
37
11
692
215531
535
225
23
692
489
37
11
692
215531
535
225
29
692
489
37
11
692
215531
535
225
27
692
489
37
11
535
225
24
692
215531
535
225
25
692
489
37
11
692
215531
535
225
24
692
489
37
11
692
215531
535
225
26
692
489
37
11
692
215531
535
225
22
692
489
37
11
692
215531
535
225
25
692
489
37
11
535
225
23
692
215531
535
225
29
692
489
37
11
692
215531
535
225
23
692
489
37
11
692
118639
3015
1377
225
20
203
298
3999
12578
12
21
937
16
225
28
16
489
37
11
535
225
21
937
13
1377
225
20
203
298
3999
12578
12
1339
16
225
27
16
489
106126
106126
106126
106126
106126
3015
1377
225
20
203
298
3999
12578
12
21
937
16
225
622
16
215531
535
225
21
937
13
1377
225
22804
7858
25635
203
298
3999
12578
12
21
937
16
225
622
16
215531
535
225
21
937
13
1377
225
22804
7858
25635
203
298
3999
12578
12
21
937
16
225
28
16
489
38
11
535
225
21
937
13
1377
225
20
203
298
3999
12578
12
25
16
225
25
16
489
4387
35
6994
3015
1377
225
22
203
298
3999
12578
12
21
937
16
225
23
16
489
10432
35
38
8806
38
35
85106
35
10432
8806
38
8806
10432
35009
10432
39195
35009
38
8806
38
35
38
8806
38
8806
85106
35
38
35
10432
39195
38
8806
38
35
38
35
38
35
10432
35
38
193230
145616
35
38
35009
10432
193230
85106
39195
38
39195
38
35
85106
35
38
35009
38
39195
38
35
38
35009
38
35
38
35009
38
35
10432
35
10432
35
10432
39195
85106
35
38
8806
38
35009
10432
39195
10432
8806
85106
39195
8806
145616
35
10432
35
38
39195
10432
35
38
35
85106
35
85106
8806
10432
35
10432
85106
35
10432
35
10432
35
10432
39195
8806
38
35
38
8806
10432
35
85106
35
38
8806
38
35
38
35009
38
39195
38
35009
38
35
38
35
10432
85106
8806
10432
85106
35009
85106
8806
38
39195
8806
38
8806
38
35
10432
35
38
35
38
39195
38
35
10432
35
10432
35
38
193230
85106
8806
85106
35
145616
8806
38
39195
85106
35
85106
39195
38
35
38
39195
10432
8806
85106
39195
145616
10432
8806
38
39195
85106
8806
85106
35009
10432
85106
35
85106
8806
145616
10432
8806
38
35
10432
8806
38
8806
38
35
38
35
10432
35
38
8806
38
35009
38
35
85106
8806
10432
35
10432
39195
85106
35009
10432
35
38
35
38
35009
38
8806
38
35009
38
35
85106
35
85106
35
38
35
145616
35
10432
8806
85106
35009
10432
8806
85106
35009
38
39195
8806
38
35009
85106
193230
145616
35
10432
35009
10432
193230
145616
8806
85106
8806
38
8806
38
8806
38
35
10432
35009
38
8806
38
35009
38
35009
38
8806
38
8806
10432
8806
38
35
10432
35
10432
35
85106
35
85106
8806
38
35009
38
8806
85106
35
10432
35
38
8806
38
35
38
35
10432
85106
35009
145616
8806
10432
35
10432
8806
10432
35009
38
35
38
35009
38
8806
10432
35
85106
35009
10432
8806
38
35009
38
8806
38
8806
38
35
85106
35
38
8806
38
8806
10432
8806
85106
35009
38
35
38
35
10432
8806
10432
8806
85106
35
10432
35
85106
35
10432
35
38
8806
10432
35
10432
35
10432
35
10432
35
10432
35009
10432
85106
35
145616
35
38
35009
145616
145616
8806
38
35
38
35009
10432
39195
10432
35
145616
8806
38
39195
145616
10432
8806
10432
8806
38
35
38
8806
10432
39195
38
35009
85106
8806
145616
85106
35
145616
35
145616
8806
10432
8806
38
35
38
8806
85106
8806
38
35
38
35
10432
35009
85106
35
38
35
85106
8806
10432
35
10432
193230
10432
35
10432
35009
145616
8806
10432
35009
38
8806
38
35
10432
35
10432
35
38
35
145616
35
38
35
38
35
38
35
38
8806
10432
35
38
8806
145616
35
38
35009
38
35
38
8806
38
35
10432
35
10432
39195
38
35
10432
35
38
35
38
35
10432
8806
10432
8806
38
35
145616
85106
35
10432
3015
1377
225
20
300
7
5904
2292
38460
129966
86796
13
304
1774
6292
388
3080
255013
255001
255000
255003
255010
2110
1008
304
3138
1682
129966
86796
18
22729
30
2688
1794
272
302
4354
307
402
489
37
747
489
38
747
489
88569
11795
399
344
22
6758
399
6758
307
6758
225
21
937
16
399
6758
225
622
680
39953
1450
215531
402
489
37
11
420
489
38
11
1175
386
8800
1794
674
840
236189
178142
85523
302
4354
7662
399
18
4716
1435
302
4781
68437
225
7858
18833
22460
382
35427
30
307
778
304
225
21
937
16
399
778
304
225
622
16
713
399
341
2164
18
1283
1008
304
1682
30673
304
215531
1175
386
352
1440
72075
85523
302
4354
399
16
411
341
4222
265
158925
382
165519
30
461
4550
341
819
236189
178142
222720
302
4354
399
18
7517
399
341
2164
16
539
530
9745
911
38474
402
1889
14433
277
2009
399
8210
344
273
2761
13
306
851
31396
16981
819
50577
236189
164508
386
16246
3687
8210
35
2952
16
6035
386
265
158925
302
4354
399
341
7152
498
277
85523
5513
18
461
4550
341
386
352
616
700
499
225
20
304
307
8927
16
85523
272
2943
55327
65132
65
341
516
265
158925
18
957
341
265
2326
4550
386
1094
10549
366
1450
5702
302
4354
399
18
2952
16
277
12336
29513
18
2586
1850
265
3302
302
25284
19729
366
277
1794
382
23928
399
6758
225
622
306
307
6758
225
21
937
16
539
530
911
38474
898
10690
16
1207
277
1889
4059
277
2009
399
17
21
8210
344
273
8696
277
2009
399
8210
19767
1480
304
2292
277
158925
4550
352
265
5702
17299
468
2413
700
16
539
1008
277
85523
302
4354
399
18
1437
539
1343
499
2454
304
1503
16
468
2672
700
539
1008
304
2292
277
158925
4550
352
5702
17299
468
700
344
77
3077
1278
10690
700
8927
15
21
304
700
680
2586
592
539
1287
277
2009
399
17
21
8210
16
539
530
5827
277
2475
3083
344
359
6842
420
2342
13
306
1232
2292
592
277
699
5702
302
4354
399
344
15471
498
2009
399
17
21
692
2475
1585
13
341
265
158925
18
1437
516
16
539
530
11536
382
27872
38474
30
29124
74686
4274
24986
65
1207
8588
9423
277
2009
778
304
399
17
21
8210
35
2209
8210
436
489
37
11
420
489
38
747
539
1008
304
30451
1019
396
13822
18
7517
399
6758
225
622
16
399
17
21
6758
225
29
16
713
539
530
30451
399
17
21
13822
16
689
539
1008
304
3087
277
5772
8210
18
2952
16
903
436
1094
1217
11807
16
713
539
530
2489
489
37
11
306
489
38
11
396
225
20
306
225
21
18
5489
265
5702
302
4354
399
341
158925
592
277
6917
302
13822
341
34580
18
1563
277
5702
302
2009
399
8210
16
539
1008
304
2292
592
411
341
158925
18
610
38474
16
890
539
919
265
699
3083
274
344
5149
733
539
569
3733
1889
15739
277
2009
399
17
21
8210
18
5489
277
699
5702
341
11075
344
20506
302
4354
399
17
21
13
123256
402
274
18
2159
2292
592
1850
158925
16
539
1008
304
10049
277
1058
306
2009
13822
30
15837
16
277
699
5702
341
158925
86564
352
616
477
499
225
20
304
399
17
21
16
3422
468
2413
344
79
17
21
506
477
13
302
11075
25782
3422
468
2413
477
302
274
35
26128
16
17034
382
6021
277
2009
399
17
21
8210
361
12240
396
265
6917
302
13822
290
1242
79
17
22
2547
290
1242
79
17
23
2547
69585
290
67
20
344
4271
290
67
20
341
277
23734
3724
1019
680
41729
8392
30
539
4793
277
2009
399
17
21
8210
396
387
11795
8588
1207
2750
3040
3422
341
277
1210
5089
3083
35
2491
539
530
4793
1019
396
387
11795
1207
1450
3422
21062
304
265
2413
5657
304
277
1169
18
1563
158925
2292
16
539
1008
304
10049
277
1058
3083
302
277
5702
344
1833
27484
3724
277
399
13
402
277
2009
344
4024
5089
680
461
5702
341
302
4354
399
30
10690
30
700
8927
15
21
16
700
8927
15
22
16
69585
700
18
461
27484
341
468
3591
700
8927
15
21
16
6702
468
700
18
1437
539
569
8805
277
2009
399
17
21
8210
344
77
3077
1278
23864
700
8927
15
22
304
700
733
1232
277
5702
11775
302
3083
468
700
8927
15
21
344
10465
411
1150
13
4171
1131
399
17
21
8210
18
2586
890
539
6650
304
2475
2413
700
15
21
16
539
642
919
3083
274
351
272
2943
15
21
65
344
273
592
489
88569
3673
225
20
420
225
21
680
461
699
5702
344
1943
15990
468
700
15
21
13
642
361
30
499
700
15
21
8927
15
21
304
700
15
21
16
700
3077
1278
23864
700
15
22
8927
304
700
15
21
18
3483
4059
277
3083
468
700
15
22
8927
344
8781
341
277
2475
3083
304
361
4472
35
41729
17034
30
539
1343
10690
499
2454
304
1503
18
19001
539
569
6120
1794
778
304
3591
700
344
20
218853
680
1283
1008
304
4802
386
277
5702
17299
468
700
344
77
3077
1278
23864
700
8927
15
21
1424
77
13
341
516
158925
18
2159
31396
492
16
468
2672
700
344
9503
6578
3083
468
700
733
539
1008
304
2292
277
5702
302
4354
399
386
11751
468
700
18
2586
539
1008
304
1287
277
8210
302
386
5702
18
1437
539
4793
277
2009
399
17
21
8210
344
77
3077
1278
23864
700
8927
15
22
304
700
733
1232
539
2188
1008
277
3083
468
700
8927
15
21
304
1027
277
5702
18
2586
539
2428
4793
277
2009
399
8210
4993
18
2952
16
592
539
4793
277
2009
399
8210
16
1232
468
1450
2672
539
2292
158925
4550
366
277
8805
399
8210
344
8781
341
277
5702
17299
468
700
680
5489
539
8830
30
539
7177
277
23734
3083
306
14467
699
730
16
24938
8588
18
3483
5563
4238
382
2608
307
778
304
225
21
937
16
399
778
304
225
622
16
1435
302
2731
30456
302
4354
399
341
225
22
54588
351
778
304
225
21
6351
18
9405
64594
18
2952
16
539
851
569
6842
8210
297
272
16
697
8293
2731
30673
468
1450
2413
18
2586
539
530
589
38474
898
10690
700
499
225
20
304
307
17
21
16
402
1889
1610
277
2009
399
8210
344
273
8696
2009
399
17
21
306
277
1843
730
35
689
539
530
23612
2292
468
2672
700
1347
1889
1325
8811
3083
468
700
680
16473
8483
38474
2943
4274
24986
65
351
1435
302
4781
304
11954
8210
778
304
2413
700
1175
386
277
2009
399
8210
344
77
3077
1278
10690
700
8927
15
21
8886
700
16
592
700
6743
399
17
21
31
352
700
460
399
17
21
16
539
530
11743
402
2761
35
2209
539
1094
1008
304
2292
12336
386
436
7095
7435
16
700
3077
1278
700
6743
399
17
21
680
41729
539
530
8483
1889
396
277
2009
399
8210
352
10690
700
8927
15
21
4074
700
890
700
6743
399
17
21
18
1563
10690
700
460
399
17
21
16
539
12831
4427
7435
265
2833
5702
16
713
539
530
1060
569
265
1889
386
9423
277
5772
12658
8210
344
50180
396
387
11795
302
4354
700
15
21
680
2952
16
539
530
851
23612
3504
352
33669
30
2489
4381
1889
396
8588
302
616
53432
344
273
2761
13
15739
8295
16514
35
2209
539
1008
304
41658
31051
35
2952
16
2650
539
1094
2081
819
15990
12336
302
4354
399
16
539
530
4793
277
2009
1219
12402
16
700
15
21
13
8210
18
2209
1347
265
6842
36540
8588
302
399
13822
402
910
11183
352
3836
10690
2428
361
20672
592
539
2489
9546
8210
396
2761
35
2209
1232
277
158925
2292
352
265
5702
302
4354
399
1011
2485
277
4425
399
8210
304
361
5047
18
1563
700
460
399
17
21
16
903
341
840
2833
5702
304
2292
16
713
539
530
2617
839
1889
396
1423
396
411
341
10358
402
272
18
2952
16
890
700
351
399
17
21
16
277
5702
11775
302
8210
499
3591
225
20
304
399
17
21
18
3092
386
1646
539
569
265
2833
399
36540
8588
18
2586
539
530
569
38474
2943
4274
24986
65
5047
352
700
499
225
20
304
307
17
21
16
1207
8588
72338
277
2009
778
304
399
8210
35
2209
592
539
911
265
8588
302
4354
399
16
539
1008
304
5203
3836
10690
1207
539
569
2336
936
399
8210
18
4032
4158
30
352
700
460
399
17
21
16
539
530
4793
277
5772
6917
302
8210
344
299
11795
302
4354
700
15
21
13
689
1232
277
1435
302
5267
1011
361
6307
18
27536
16
539
530
911
265
38474
386
21229
277
2009
399
8210
402
265
125854
352
373
343
53606
6
10690
18
2209
539
530
851
11743
277
7673
402
373
53387
2081
6
8210
16
306
1060
31396
386
352
839
5702
7095
2223
277
1794
16
277
4550
12413
18
1563
3836
12336
344
77
3077
1278
12336
386
1472
468
3591
225
20
733
539
1008
304
2292
890
700
6743
399
17
21
18
2586
592
539
4793
277
2009
399
8210
396
265
8588
302
4354
399
16
539
530
23939
38474
402
387
4381
8588
15739
277
1058
399
8210
1325
724
436
7152
18
2209
1714
539
569
399
8210
16
539
4273
12476
277
4550
18
2586
539
530
569
265
38474
386
26079
277
1794
2672
498
2672
306
1325
539
569
8456
399
8210
16
539
1472
15990
18
3483
10334
539
530
589
38474
898
2413
700
16
402
1889
1610
277
2009
399
8210
344
273
8696
2009
399
17
21
13
306
539
2292
277
4550
890
539
4631
265
5702
382
43209
30
5904
38474
898
10690
700
16
1207
1889
341
277
2009
399
17
21
8210
344
1833
6299
386
642
361
1161
297
277
2475
5702
680
3092
2672
700
344
37211
2413
700
733
539
1994
277
3083
539
11954
344
359
489
88569
1217
12423
31
592
6842
16
730
680
5489
539
1027
265
5702
17433
302
277
3733
399
17
21
8210
4171
492
699
3083
344
359
539
569
468
2750
399
17
21
3733
8210
680
461
5702
341
4080
592
1850
516
158925
18
1437
539
569
2336
936
399
17
21
3733
8210
16
1232
840
5702
341
7435
344
273
539
2489
277
5702
396
2837
4080
35
41729
277
1058
5702
11751
890
700
351
399
17
21
344
20
218853
680
1563
700
460
399
17
21
16
903
341
840
5702
302
4354
399
17299
468
700
16
713
840
25284
18
2586
539
1094
31396
277
158925
4550
890
539
569
468
2750
399
17
21
3733
8210
18
2586
539
530
4793
277
2009
399
17
21
8210
396
1889
18
5489
890
539
919
265
699
3083
16
539
569
7662
399
8210
344
359
539
1078
399
17
21
8170
13
306
539
2292
277
158925
4550
366
386
5702
18
4790
8811
16
539
4430
1889
304
277
699
2009
399
17
21
8210
344
82194
3536
277
23734
302
277
3733
399
17
21
306
138225
277
699
3083
680
957
4229
382
2608
539
851
1008
304
5203
277
4381
1889
30
1714
839
8210
16
539
569
225
20
3733
8210
18
1737
539
919
277
1058
3083
16
539
1907
569
265
2833
5702
16
713
1889
1325
8811
1196
361
277
2009
399
17
21
8210
16
689
539
1094
569
225
21
3083
18
1882
304
3087
1889
302
4354
778
304
399
17
21
35
1283
1387
911
265
6842
36540
8588
302
399
13822
402
910
125854
352
373
343
53606
3210
27536
16
539
530
2489
277
38474
396
4792
277
1794
60166
306
24284
277
4569
16514
778
304
399
17
21
16
689
4924
504
4020
535
225
22
54588
13
592
539
2837
4793
2833
399
13822
35
41729
592
539
4793
277
2009
399
8210
16
539
569
225
22
54588
21254
16
306
539
530
1472
402
265
31823
8588
352
277
7673
18
16473
1761
30
5904
38474
2943
4274
24986
65
1207
8588
341
387
11795
302
399
13822
15739
277
2009
399
8210
344
77
3077
1278
10690
700
8927
15
21
4074
700
680
1563
700
499
225
20
304
307
17
21
18
3092
1450
2672
16
539
1008
304
6650
499
1889
8588
76006
344
188093
277
2009
399
8210
778
304
3733
2413
13
304
699
1889
8588
18703
344
188093
277
2009
399
8210
778
304
1843
2413
680
461
6650
30
539
1994
277
3083
539
11954
468
2413
700
344
10465
411
274
16
3422
680
5489
277
699
8588
18703
351
4684
24986
76006
3492
225
21
13
764
4684
21
1408
79
6030
21
1149
367
274
18
3483
341
16
539
8830
2454
498
730
344
82194
3536
277
23734
3422
13
306
919
699
3422
396
167185
35
2209
17034
819
1991
18
16473
8483
8588
13822
1175
386
3422
225
20
341
277
1210
5089
3083
35
2491
8392
30
4214
8588
361
265
399
20495
11795
1207
3422
225
20
21062
304
277
3083
468
2413
700
344
1833
1210
5089
733
3422
225
21
304
700
17
21
16
69585
3422
399
17
21
304
700
8927
15
21
18
5489
890
539
919
265
699
3083
274
16
277
699
8588
7883
30
344
24986
3492
225
21
13
367
274
16
689
539
1008
304
2553
1094
399
13822
16
713
8588
18703
351
4684
24986
3492
225
21
13
367
274
13
764
4684
21
1408
79
6030
21
680
5489
277
699
3083
274
7883
3422
225
20
344
4024
5089
680
610
492
11183
16
277
5702
17433
302
277
2009
399
8210
341
7662
8588
18
2586
304
2292
158925
4550
16
539
1008
304
1310
592
8588
341
265
158925
396
265
6917
302
13822
499
3422
225
20
344
4024
5089
13
304
3422
399
17
21
344
252397
680
340
158925
302
4354
399
2767
386
352
616
477
499
225
20
304
399
17
21
16
3422
468
2413
477
25782
3422
468
2413
399
17
21
11151
18
2586
539
530
687
52448
352
1450
2731
8588
3473
411
341
265
158925
382
8311
16
890
79863
16
539
1008
304
4802
386
277
699
8588
344
8781
341
277
5702
17299
468
1843
2413
700
13
341
4222
265
158925
18
2952
16
17034
30
461
5702
17299
468
2413
700
11775
302
277
2009
399
8210
16
697
341
8588
18703
18
2586
539
1008
304
31396
386
8588
18703
341
516
265
158925
18
2209
1065
819
7977
12336
35
2227
846
50089
468
3733
5826
18
1563
2024
16
890
539
123675
499
700
17
21
304
700
16
539
60039
386
8588
76006
344
8781
540
277
5702
17299
468
700
17
21
13
540
516
265
158925
18
2586
498
25401
16
72753
386
1450
699
8588
341
516
265
158925
18373
386
616
12336
302
4354
399
344
2539
468
10690
399
17
21
55340
307
17
21
13
436
516
236189
164508
382
2608
341
386
9433
35
14994
5702
6857
468
3591
225
20
30
411
11751
468
3591
399
17
21
16
713
468
2672
700
73555
17
21
16
539
31396
8588
18703
516
158925
18
2586
12035
16
616
12336
436
9494
382
8311
539
1008
304
23612
277
6842
8210
297
272
18
1563
1450
2413
700
16
277
3083
539
11954
1998
4475
272
2943
65
592
272
2943
65
341
489
37
11
420
489
38
12009
592
272
2943
65
341
489
88569
539
530
5857
3673
489
37
11
420
489
38
11
344
20506
225
20
420
225
21
680
2586
297
6650
16
539
1994
2731
274
2911
10358
402
272
2943
1807
5489
539
17208
8588
18703
351
4684
24986
3492
225
21
13
367
274
13
764
4684
21
1408
79
6030
21
680
1283
1232
2292
592
8588
18703
341
516
265
158925
18
1437
12035
16
919
304
38474
2943
4274
24986
18703
65
499
38474
2943
17
21
4274
24986
15032
2608
1065
819
277
4381
1889
35
3092
700
351
506
21
344
1612
8210
733
539
1008
265
6857
8588
18
1563
700
351
225
20
16
539
6650
499
910
4381
1889
18
2952
16
539
1907
569
265
3733
8588
302
4354
399
1480
539
569
17156
936
399
8210
18
4032
4158
30
539
530
2489
38474
1714
839
8210
396
2896
265
8588
386
9423
387
8295
16514
16
689
539
1008
304
5203
277
1058
399
17
21
5826
2142
15990
158925
18
27536
16
539
530
1472
402
700
351
225
20
306
8483
38474
63
20
4274
24986
65
352
30456
302
4354
225
21
35
2209
954
38474
1889
36033
8588
302
4354
399
18
2586
539
1008
304
23939
32126
18
4032
2670
9120
30
1563
10690
700
460
399
17
21
16
277
1889
1196
3087
277
5772
8210
12658
713
3312
344
1876
13375
399
13822
680
2209
539
530
13052
277
1889
11183
304
2837
361
265
399
20495
8588
16
402
277
5405
386
277
9546
8210
344
8395
936
277
1794
1472
13
436
4800
373
53387
2081
3210
2952
16
890
539
1027
265
5702
302
4354
399
16
539
1008
7662
399
8210
31
689
592
539
569
516
4427
12658
399
8210
16
539
4273
1027
265
2833
5702
18
2586
352
700
460
399
17
21
16
539
1196
516
2292
158925
4550
18
2586
539
530
2617
839
6650
2142
15990
16
396
1423
396
277
8210
12658
713
3312
4475
272
18
5489
1325
539
569
399
8210
16
539
1472
15990
382
27872
539
530
1930
38474
396
30
352
700
499
225
20
304
307
17
21
16
539
4680
38474
2943
4274
24986
65
1207
8588
72338
277
2009
778
304
399
8210
35
2209
304
2553
12808
16
539
530
11743
277
7673
402
125854
2911
386
436
516
489
37
11
420
489
38
11
306
5207
3042
3866
158925
3933
18
2952
16
890
539
8830
16
539
1008
304
1287
1065
13822
304
7177
18
1437
539
11743
402
53432
344
273
2761
733
1232
890
539
569
2336
936
399
8210
16
277
8588
642
569
6152
53432
344
252397
13822
680
5489
277
8588
2428
3087
265
5702
386
4059
84267
8210
16
697
1387
53786
361
4800
158925
592
539
2292
18
2586
539
4273
1060
11743
306
2292
499
277
1472
18
13568
16
539
530
5203
277
1058
399
17
21
5826
22560
30
539
530
17208
616
2731
30673
352
277
1058
399
8210
344
273
778
304
399
17
21
13
306
1232
1472
38474
402
1889
15739
277
2009
399
8210
1325
539
569
468
2750
399
8210
18
12854
4158
30
5904
38474
898
10690
402
1889
1610
277
2009
399
17
21
8210
16
396
7977
16
1480
386
58317
3504
18
16473
9492
386
382
2528
351
2009
399
17
21
8210
344
20506
680
1563
10690
700
344
20
218853
733
539
569
6120
1794
778
304
700
17
21
18
1283
1008
304
11954
3083
468
700
18
1437
700
460
399
17
21
16
1232
539
1907
569
265
2833
5702
302
4354
399
16
713
539
1094
1008
304
4802
386
277
12658
3083
341
10358
402
272
2943
1807
4790
56262
16
539
4430
277
1889
304
277
699
2009
399
17
21
8210
344
8781
341
277
3733
1889
344
359
839
13
33879
306
699
1585
52733
680
1563
700
6743
399
17
21
16
539
569
7662
399
17
21
3733
8210
16
713
890
539
11954
1585
274
16
539
1027
265
5702
302
4354
399
344
1833
3733
399
17
21
692
274
680
1283
2292
386
492
5702
341
516
265
158925
18
5489
4430
1889
382
4892
539
1008
304
3087
1889
396
265
1435
302
399
17
21
13822
18
1563
700
460
399
17
21
16
277
1889
15528
341
225
20
344
1612
8210
680
4790
56262
1058
3083
16
1889
7883
386
3083
344
5324
910
3504
35
41729
539
1008
304
4793
277
2009
778
304
399
17
21
8210
18
1563
399
17
21
13822
16
539
530
4793
387
11795
1207
277
2750
3040
3422
341
277
1210
5089
35
16473
8483
1889
13822
30
3422
225
20
351
1210
5089
3083
344
271
2413
700
17
21
733
3422
225
21
351
2475
8766
16
69585
3422
344
4448
17
21
13
351
23734
18
5489
890
539
569
2336
936
399
17
21
8210
16
277
3634
13822
344
8395
936
5772
13
436
10737
18
2209
539
530
2489
1019
396
225
20
352
33669
35
2952
16
890
539
1027
265
5702
16
539
1094
1008
277
5204
399
17
21
8210
18
2586
352
700
460
399
17
21
16
539
4273
1027
265
5702
16
713
539
1907
1008
304
2292
158925
18
2586
539
530
1060
2617
839
1889
386
341
10358
402
277
12658
8210
713
3312
16
15470
302
1065
13822
436
297
3634
10690
18
2209
539
1008
304
4430
1889
12989
30
592
539
569
1889
15739
277
2009
288
8210
344
81
460
399
17
21
733
1325
8811
699
3083
16
539
1008
304
4793
277
2009
288
15
21
8210
16
697
1196
361
8805
297
277
3598
13822
302
277
1889
344
359
539
8483
1889
396
277
5772
8210
402
840
3504
680
2209
539
1587
265
6842
5966
1889
352
38474
35
3557
13375
6842
5966
31
539
1387
911
265
20078
147245
498
1889
344
1937
420
11795
13
689
539
530
851
4793
1889
396
265
1794
302
4354
778
304
399
17
21
18
7517
307
6758
225
21
937
306
399
6758
225
622
16
277
1435
302
2731
5267
341
468
1210
225
22
2421
79
17
21
97
351
225
10560
18
9405
2164
18
2586
539
530
911
38474
396
20078
420
4173
302
2287
225
22
2421
79
17
21
97
352
1450
700
18
2952
16
539
1008
304
5203
277
1689
386
1889
4354
23633
18
1283
530
911
265
14894
499
1889
344
67037
396
11795
302
4354
399
17
21
16
689
539
530
4793
277
5772
13822
297
3598
10690
306
1994
386
9546
13822
436
41379
35
2209
890
539
4430
16
539
1008
304
8830
306
919
699
3422
18
1437
539
4793
1889
396
387
11795
302
7662
399
17
21
13822
16
539
1008
304
4802
386
277
8766
13822
4850
304
5772
8210
18
2209
352
3836
10690
16
539
569
17156
936
399
17
21
8210
31
539
1387
11743
402
53432
366
277
2454
344
252397
13
420
1503
35
2209
1232
890
539
3735
1027
265
5702
16
539
1008
277
5204
8210
18
1437
539
11743
402
53432
16
1232
890
539
8830
16
539
1011
9823
277
3504
306
277
5772
8210
2428
8830
53786
18
1563
2024
16
23907
399
33
24
16
399
17
21
33
23
18
4790
1058
3083
489
37
747
539
1587
1889
15739
2009
225
23
8210
30
539
569
1094
730
3083
16
713
277
1889
1196
361
2761
1013
344
11245
16
5023
16
489
37
3015
35
2209
539
1008
265
1528
304
3087
277
6917
302
778
304
225
23
8210
18
9302
387
11795
402
225
23
13822
16
539
1387
4793
277
8210
297
277
2750
3040
13822
16
689
1232
277
23734
3422
1011
361
277
1210
5089
35
16473
8483
30
1889
341
265
6917
302
277
2009
778
304
399
17
21
8210
16
402
277
1210
5089
468
3422
225
20
16
1749
1210
5089
468
3422
225
21
16
4115
18
2586
352
700
33
20
16
1325
56262
1585
274
20
16
1889
351
274
20
344
5324
13822
30
3422
20
33226
20
16
13822
225
21
306
225
22
37437
680
2209
539
1008
265
12808
11183
352
38474
18
1283
1387
911
265
1889
386
341
387
11795
302
4354
399
17
21
16
1207
277
3598
13822
4850
304
277
5772
8210
297
1991
16
306
3634
13822
436
1060
141464
386
539
3042
911
18
2973
539
4430
16
539
1008
304
8830
277
1889
2454
498
730
344
606
7177
277
23734
5772
3083
13
306
1232
919
699
3083
396
3422
225
20
18
2952
16
592
277
1889
5740
674
17156
936
399
17
21
8210
16
32760
1011
9823
277
5772
8210
1480
724
436
297
277
3598
13822
31
689
32760
2454
1011
3746
1019
304
3634
13822
16
697
436
141464
16
306
539
1011
9823
1019
18
2586
539
1008
265
1497
11183
382
72320
30
5904
1889
396
277
5772
1794
302
2009
778
304
399
17
21
8210
16
8805
396
265
30208
420
11795
26869
402
265
6307
4354
18
7517
307
341
225
21
937
306
1435
302
2731
14580
341
5885
344
22
2421
79
17
21
28674
539
1387
1060
911
387
11795
8588
386
72338
7662
277
399
17
21
8210
16
689
539
1008
304
5203
277
1689
386
468
3836
5826
539
569
17156
8210
18
4032
4158
30
539
530
2489
277
38474
396
4792
277
1794
306
1094
1472
15990
1325
539
569
399
8210
18
1283
530
589
1217
22365
30
1058
16
11954
277
1058
399
8210
344
273
1058
399
17
21
19767
2142
839
16981
344
22795
15595
272
733
1232
499
2413
399
17
21
101037
16
31396
158925
16981
18
2952
16
277
158925
25284
16572
304
277
5702
17299
468
2413
399
17
21
16
697
10916
8210
225
20
568
79
17
21
18
2586
539
1008
304
4802
386
1325
539
11954
3083
468
2413
399
17
21
16
277
5702
302
4354
399
344
47048
225
20
568
79
17
21
13
341
516
265
158925
18
2586
539
1008
304
2549
386
2292
18
2586
539
4445
5207
14801
16981
352
277
1058
5702
382
2110
1387
1472
38474
499
700
33
20
306
569
1889
396
277
2009
399
8210
16
689
539
1008
304
5203
277
4381
4550
1207
539
12831
12658
399
8210
18
12854
1557
30
11743
277
1794
402
31823
8210
386
436
516
489
37
11
420
489
38
11
468
277
7673
306
1169
1175
386
277
31823
8210
3042
1027
265
158925
302
4354
399
35
2209
539
1008
304
4802
386
277
31823
8210
1907
3910
277
4550
18
7517
277
4550
341
1094
352
222720
386
436
7095
2223
277
5772
1794
16
539
1387
11743
402
8210
386
436
1497
499
489
37
11
306
489
38
11
689
1232
539
1011
569
304
1994
1019
396
766
302
277
1794
35
41729
539
530
2489
277
38474
396
539
569
387
20689
2454
3065
302
8210
386
436
373
21527
728
689
539
1008
304
4802
386
277
12336
386
1472
1714
277
1794
436
516
4800
18
1437
539
11743
402
8210
386
436
23276
304
3042
3866
265
158925
16
539
1387
5207
14801
1019
18
2952
16
277
158925
4550
341
1094
14559
352
12336
386
436
13025
2223
277
1794
302
4354
307
18
1437
539
11743
402
8210
386
436
1497
499
839
2731
17219
16
1232
890
539
8830
277
8588
16
277
84267
8210
642
5230
297
277
5702
352
3836
5826
16
306
592
539
2292
1019
16
724
1387
3866
2044
64619
18
2586
539
1998
516
2292
1019
382
27872
277
38474
402
1889
396
2009
399
8210
306
72753
158925
366
1450
6650
4229
592
539
1472
402
387
4381
1889
386
9423
277
1058
399
8210
1325
724
436
12658
16
306
539
1094
1472
72753
890
539
569
399
8210
18
3483
10334
539
1387
1343
277
1058
399
10690
2142
16981
16
1232
352
700
499
399
304
307
17
21
16
31396
16981
18
2209
539
851
1008
304
31396
277
25284
352
5702
17299
468
700
351
399
17
21
16
697
10916
277
1058
399
8210
18
2586
539
530
23612
386
2292
890
539
11954
277
399
8543
3083
344
77
351
399
17
21
680
2586
539
1387
2489
277
1058
399
5826
396
265
687
242789
386
26079
616
2731
14580
302
4354
399
344
103433
402
272
63
20
110483
24299
306
1232
352
1450
1175
1794
386
1414
4222
569
265
158925
5702
302
4354
399
344
77
3077
1278
277
4425
1794
302
4354
399
341
516
265
158925
1480
4924
277
1094
5702
302
4354
399
890
4354
351
399
733
539
1472
38474
499
903
402
1889
1610
277
2009
399
8210
344
8781
341
386
1794
680
5489
352
13845
10690
16
539
31396
16981
382
2608
17034
30
461
4550
341
386
840
72075
85523
302
4354
399
341
265
158925
18
1563
265
1794
302
4354
307
16
903
436
307
8927
15
21
12336
18
2973
539
569
12658
277
1058
399
8210
16
539
569
3402
730
5702
344
47048
225
20
568
79
17
21
680
2586
539
1998
2292
386
492
5702
341
516
265
158925
18
5489
352
1450
13845
17219
16
539
2292
277
699
5702
386
11751
468
277
1843
2413
18
2586
539
530
14233
589
30
59689
700
499
225
20
304
307
17
21
16
306
468
1450
2672
16
890
539
11954
3083
16
592
700
6743
399
17
21
16
539
2292
277
5702
7435
498
277
2009
399
8210
344
77
3077
1278
10690
700
8927
15
21
568
77
680
957
341
7662
277
38474
402
1889
1610
277
2009
399
8210
16
689
539
1008
387
4381
1889
1714
539
569
839
8210
18
1882
304
5203
277
1058
399
17
21
5826
35
1283
1387
1472
402
387
4381
373
9915
6
1889
386
16
890
539
11954
277
1058
3083
16
1414
516
569
265
2833
5702
16
713
840
2292
18
2209
539
1008
304
3087
277
2009
399
8210
396
265
8588
302
4354
399
16
689
402
910
12548
352
277
9546
8210
18
1283
1387
911
265
125854
1333
386
539
3042
2292
3369
539
569
399
8210
18
1563
2024
16
539
1387
8483
38474
352
700
499
225
20
304
307
17
21
16
402
1889
1610
277
2009
778
304
399
8210
12240
396
387
11795
302
4354
399
16
689
539
851
4793
277
1435
302
8210
12658
713
3312
18
2952
16
539
530
4928
386
498
1347
265
38474
386
13125
277
2009
399
8210
689
1094
10626
72753
16871
1325
539
569
399
8210
18
3483
341
16
539
530
569
1217
38474
26081
30
730
352
5267
402
4354
2336
936
399
344
7846
265
867
302
14580
302
4354
460
399
13
306
730
352
4354
7662
399
18
2209
539
530
851
23612
277
4610
302
373
24986
402
265
9453
14999
592
539
569
265
2833
5702
3210
7517
399
341
2164
16
539
1387
1060
589
38474
898
10690
402
1889
1610
277
2009
399
8210
16
689
539
23939
38474
63
20
4274
24986
65
352
30456
386
4850
304
277
1058
3083
35
41729
352
700
33
20
16
1325
56262
1585
274
16
277
2009
399
8210
436
30
539
569
1094
730
3083
16
689
539
530
1761
302
411
396
265
8588
1207
277
23734
399
17
21
13822
436
10737
18
2159
4928
15990
16
539
1387
867
1731
13822
304
265
1333
386
539
3042
2292
16
689
539
1008
304
6650
12989
18
1437
539
2489
10737
13822
396
225
20
16
1232
468
700
33
20
16
8588
351
344
71
13
689
539
1008
304
569
399
13822
30
539
1387
3087
8588
396
344
71
13
689
402
277
5405
386
277
852
13822
436
225
20
18
2952
16
890
539
3735
8830
16
1731
53432
642
3456
766
302
277
5702
18
1563
2024
16
1325
56262
1749
3083
282
16
8588
18703
351
4684
24986
3492
225
21
13
367
282
13
764
4684
21
1408
79
6030
21
680
1437
8588
351
274
344
77
3077
1278
3422
20
33226
16
13822
21
568
79
17
21
33
20
733
1232
8588
3492
225
21
22699
13822
30
3422
20
33
20
16
3422
21
33226
16
3422
22
33
20
51505
41729
1008
304
361
17034
402
28368
18
1437
539
911
8588
402
167185
396
1210
5089
16
1232
8588
351
274
344
237918
680
5489
32760
2454
498
225
21
30
699
167185
7883
225
20
16
3422
21
7883
274
16
13822
225
22
568
3456
225
20
18
5489
7183
282
30
167185
7883
282
16
3422
21
33226
16
3575
225
20
18
2586
1325
1217
8210
16
8588
351
344
71
1408
21
9522
72
35
41729
344
24986
1408
21
9522
72
30
592
8588
33226
16
1232
344
71
1408
21
9522
72
6632
13822
30
3422
20
42167
16
3422
21
33226
18
2586
8588
9423
8210
499
23734
304
32903
35
16473
8483
8588
396
13822
1207
3422
20
341
277
1210
5089
16
3422
21
341
1749
1210
5089
16
69585
3422
12402
17
21
13
341
277
23734
18
5489
890
539
569
1094
730
3083
16
539
867
8588
351
274
344
664
3422
20
33226
16
3422
21
568
79
17
21
351
2265
680
2209
539
1008
304
569
7662
399
13822
18
2586
539
1008
304
11954
2911
304
277
3634
13822
18
1437
539
867
1019
304
225
20
16
1232
1325
1749
3083
282
16
8588
351
4684
71
3492
225
21
13
367
282
13
764
8588
16131
18
3483
22699
3422
20
42167
16
3422
21
33226
16
3422
22
568
79
17
21
33
20
18
2586
1616
277
8588
4059
53432
396
141464
352
10690
8766
936
277
1794
1472
18
5489
890
539
11651
569
399
8210
16
277
8588
642
361
7662
277
6917
302
8210
344
252397
468
3422
399
17
21
16
32903
468
3422
20
680
3092
386
1646
16
277
53432
642
569
961
33879
686
1480
539
569
399
8210
18
20987
16
1325
399
5826
16
277
8588
642
569
840
53432
344
78325
616
12658
8210
436
225
20
19
21
680
2586
352
5826
700
460
399
17
21
16
277
8588
4059
53432
297
3634
13822
18
1437
539
2292
158925
4550
352
839
8588
386
4059
53432
16
539
2428
53786
12149
420
4369
14580
18
2586
539
1998
516
2292
158925
4550
3369
539
569
7662
399
8210
18
3483
2767
539
1196
1094
31396
277
4550
890
700
6743
399
17
21
16
700
3077
1278
1325
539
569
12658
468
2750
399
8210
18
610
277
38474
6650
16
890
539
436
819
304
3746
304
1889
8588
18703
16
539
1008
304
2292
592
539
569
265
2833
5702
18
3483
341
16
592
277
1435
302
12658
8210
713
3312
344
77
15
21
13
6743
399
16
1232
8588
18703
341
265
2833
5702
306
1998
516
361
158925
18
25244
16
539
2617
839
8588
18703
344
103433
402
30673
680
2586
539
530
23612
265
7323
420
1060
2292
592
700
6743
399
17
21
382
27872
539
530
569
38474
2943
4274
24986
65
1207
8588
341
387
11795
302
399
13822
16
15739
277
2009
778
304
399
8210
344
5324
53432
352
9546
8210
680
1563
1450
2413
700
16
539
1994
616
2731
8588
76006
499
38474
2943
17
21
65
344
1943
700
34
20
13
420
4381
1889
352
700
33
20
18
5489
539
5857
265
3083
274
10358
402
272
2943
1807
42379
8588
18703
351
4684
24986
76006
3492
225
21
13
367
274
13
764
4684
21
1408
79
6030
21
680
1437
700
6743
399
17
21
16
539
2485
386
8588
18703
341
516
265
158925
18
5489
919
304
38474
2943
4274
24986
18703
15032
8311
16
1065
819
277
4381
1889
352
700
351
506
21
35
1563
700
351
225
20
16
539
1008
304
6650
499
910
373
9915
6
1889
18
1283
530
1761
386
1714
839
8210
16
277
8588
76006
341
225
20
344
514
53432
680
2209
341
386
4080
35
1437
539
867
8588
76006
351
225
20
16
1232
352
700
33
20
16
539
17208
8588
18703
351
4684
20
3492
225
21
13
367
274
13
764
8588
16131
351
274
18
957
8588
674
53432
297
13822
225
21
568
79
17
21
18
7517
700
33
20
460
399
17
21
16
539
1907
2292
158925
16
713
1850
6772
18
2586
539
530
1472
402
38474
19785
21
65
396
265
3225
1889
402
8588
351
225
20
16
1682
351
225
21
18
5489
352
700
33
20
16
539
6650
304
8588
18703
352
1450
2731
274
10358
402
272
63
20
1807
957
642
7324
616
2731
1058
8210
18
5489
352
700
33
21
16
539
6650
499
1731
30456
16
4115
18
3092
700
351
399
17
21
16
539
642
2292
277
8588
18703
344
8781
1616
674
840
53432
35
41729
1325
399
5826
16
277
8588
642
569
7662
399
13822
11993
402
8210
16
1480
53432
569
961
33879
686
680
1563
2024
16
399
33
24
16
1325
56262
225
24
8210
16
277
8588
642
569
13822
30
23734
499
2413
20
468
3422
23
16
32903
468
3422
20
18
7517
539
4881
402
53432
16
1325
225
24
5826
16
616
13822
436
11993
402
5772
8210
18
2586
468
700
73555
17
21
16
8588
18703
642
361
265
4080
5702
18
2586
539
1008
304
31396
1713
196467
81506
366
386
8588
18703
18
9177
382
27872
277
38474
402
4381
8588
76006
33
20
4229
16
3419
539
2489
277
4550
32126
30
1094
31396
1713
196467
81506
890
700
6743
399
17
21
382
2608
5522
30
2115
819
12336
386
436
7095
2223
277
1794
689
516
17299
468
700
35
2536
12336
436
9494
1480
539
2292
468
1450
700
890
700
6743
399
17
21
16
277
5702
17299
468
700
341
14559
18
2586
1850
6772
382
8311
539
1008
304
17208
277
1435
302
4781
68437
28157
351
225
7858
18833
22460
382
12271
15428
30
700
778
304
225
21
937
16
8588
778
304
225
22
54588
344
4956
225
21
6351
680
2586
2983
5267
5907
225
21
73
26
16
697
341
6772
18
153186
30
352
1450
1889
16
539
1994
778
304
225
22
2731
274
344
359
272
2943
65
341
489
88569
1625
225
21
680
2586
2983
7154
5907
307
535
225
22
54588
535
225
22
351
225
22
73
26
16
697
341
6772
382
2608
539
1998
361
17034
819
277
1991
302
13822
352
158925
2292
18
27969
8483
8588
396
399
20495
11795
402
3422
225
20
351
1210
5089
3083
16
3422
225
21
351
1749
1210
5089
16
69585
3422
399
17
21
351
23734
18
5489
265
8588
341
265
158925
592
352
616
477
499
225
20
304
399
17
21
16
3422
477
1377
3422
344
79
17
21
506
477
680
2586
539
530
687
52448
387
4173
341
185931
224346
65
6543
382
8311
16
38474
7878
30
539
530
911
265
1568
302
4354
225
22
54588
352
1843
19720
18
29702
11075
351
648
20
65
535
344
21
1408
79
680
4216
11075
63
20
65
351
225
21
344
9915
1889
680
5489
59689
700
499
225
20
304
307
17
21
18
1563
1450
8588
297
11075
344
359
1682
34
20
733
539
17208
2731
2475
8210
18
1563
1450
274
297
6751
107706
2350
2943
6577
344
20
352
489
37
747
225
21
352
489
38
11453
17208
699
23538
351
4684
24986
3492
225
21
13
367
274
13
764
4684
21
1408
79
6030
21
680
1437
700
6743
399
17
21
306
341
185931
115681
23538
65
341
7143
16
18486
18
34988
16
919
304
699
4173
699
65935
115681
23538
65
4284
11075
224346
65
1577
28157
382
7525
5993
616
30456
16
867
11075
351
699
65935
344
25707
115603
1428
4173
302
2287
225
21
1408
79
680
3092
277
1169
16
1325
700
351
307
17
21
16
277
3032
341
4455
898
616
30456
297
11075
302
11075
224346
65
344
29753
616
30673
436
4080
592
724
7895
16981
468
1450
2672
680
2952
16
6035
386
277
38474
4059
5267
386
874
569
43229
53432
35
2209
1325
5993
616
307
8210
16
277
8588
642
3087
277
2009
399
8210
302
277
1794
18
3483
341
265
4080
1889
18
2278
341
840
3310
25284
18
2586
4455
616
19720
382
2608
341
903
839
202267
819
277
4381
8588
76006
33
20
35
14994
265
15277
1207
272
674
6842
8210
386
12475
402
277
6650
35
1283
1094
1994
274
10358
402
272
2943
2315
713
6772
382
24157
4027
30
399
530
361
396
2927
396
307
344
73
1627
1278
307
33
21
937
16
399
33
21
937
680
2209
6035
25284
4060
399
6758
225
622
18
2586
399
341
468
1210
225
622
16
713
225
22
54588
6758
225
21
6351
18
9177
382
8311
16
1310
402
2688
7120
382
19477
3138
265
4374
7498
1310
402
1058
2024
30
307
33
27
16
399
33
24
16
272
2371
2630
182250
35
6994
28080
2110
1008
304
17208
1682
18
15018
361
225
21
382
19477
2050
304
37687
6697
30
272
30
10690
225
20
64885
16
21
73375
16
22
30
25694
23
64885
16
24
30
25694
25
73375
16
26
64885
382
79
33
24
18
38474
402
8588
2287
225
902
18
12474
11075
63
20
16051
21
382
77
33
20
16
272
63
20
116751
37
11
1117
274
33
20
1094
388
24986
76006
33
20
2649
699
23538
351
4684
20
1408
21
9522
20
41197
883
351
225
20
388
77
33
20
460
225
23
344
79
17
21
33
23
13
713
840
2292
18
699
65935
63
20
65
4284
21
388
19821
7883
648
21
16
20
51505
4414
77
33
21
16
272
63
21
116751
38
11
1117
274
33
21
388
4675
8588
33
20
30
699
23538
351
4684
20
1408
21
9522
21
5791
21
18
700
33
21
32
23
840
2292
18
699
65935
63
21
16051
21
382
77
33
22
16
272
63
22
116751
31255
1117
274
530
361
225
20
420
225
21
388
4675
8588
33
21
344
45899
225
20
3528
16
3422
20
33
21
35
26128
16
8588
1325
700
33
21
30
699
23538
33
21
18
16473
17208
30
8588
1325
700
33
21
30
8588
13822
30
3422
20
33
21
344
4024
5089
733
3422
21
33
20
16
3422
22
33
20
16
3422
23
33
20
18
2586
4924
4309
388
8311
274
33
20
30
699
23538
351
4684
21
1408
21
9522
20
13
764
883
351
344
22
96
20
5791
22
18
8588
33
22
344
45899
225
20
3316
16
3422
20
33
20
16
3422
21
33
21
16
3422
22
33
20
16
3422
23
33
20
680
700
33
22
32
23
840
2292
18
699
65935
63
22
65
4284
11075
63
21
16051
21
388
71
33
21
30
699
23538
351
4684
21
1408
21
9522
21
5791
344
22
96
21
5791
23
18
8588
33
23
344
20
3520
680
699
65935
63
23
65
4284
21
388
4892
1325
700
33
22
16
19720
30
8588
22
30
21
16
8588
23
30
21
382
77
33
23
16
272
63
23
116751
37
11
1117
274
33
20
388
9477
1450
8588
638
24986
33
22
344
20
3316
2738
699
23538
351
4684
22
1408
21
9522
20
5791
24
344
20
1296
680
700
33
23
6743
23
713
2292
341
185931
63
24
128410
225
24
297
11674
30
13822
30
3422
20
33
20
16
3422
21
33
20
16
3422
22
33
21
16
3422
23
33
20
35
41729
225
24
19229
351
11674
225
20
1296
344
20506
30
3422
20
33
20
16
3422
21
33
20
16
3422
22
33
21
16
3422
23
33
20
680
7467
81506
35
35902
3422
20
7248
3422
23
30
225
20
7248
225
20
6792
31
3422
21
7248
3422
22
30
225
20
7248
225
21
516
6792
16
713
516
158925
18
2586
6751
18
699
65935
63
24
65
4284
21
388
24986
33
23
344
20
3520
2738
699
23538
351
4684
23
1408
21
9522
20
5791
26
344
20
6880
680
13822
30
3422
20
33
20
16
3422
21
33
21
16
3422
22
33
21
16
3422
23
33
20
18
6621
158925
30
3422
20
7248
3422
23
30
20
7248
20
6674
31
3422
21
7248
3422
22
30
21
7248
21
6674
1117
158925
5
2586
18486
388
4892
1325
700
33
23
16
19720
30
8588
24
33
21
382
77
33
24
16
272
63
24
116751
31255
1117
274
33
20
420
225
21
388
4675
8588
33
24
344
20
1296
2738
13822
30
3422
20
33
20
16
3422
21
33
20
16
3422
22
33
21
16
3422
23
33
20
388
71
33
20
30
699
23538
351
4684
24
1408
21
9522
20
5791
28
344
21
937
680
13822
30
3422
20
33
20
16
3422
21
33
20
16
3422
22
33
20
16
3422
23
33
21
18
6621
158925
30
3422
20
7248
3422
23
30
20
7248
21
516
6792
1117
516
158925
18
2586
6751
18
699
65935
63
28
65
4284
21
388
71
33
21
30
699
23538
351
4684
24
1408
21
9522
21
5791
29
344
21
3528
680
13822
30
3422
20
33
21
16
3422
21
33
20
16
3422
22
33
20
16
3422
23
33
21
18
6621
158925
30
3422
20
7248
3422
23
30
21
7248
21
6674
31
3422
21
7248
3422
22
30
20
7248
20
6674
1117
158925
5
2586
18486
388
4892
1325
700
33
24
16
8588
28
33
21
382
77
33
25
16
272
63
25
116751
38
11
1117
274
33
21
388
4675
8588
33
28
344
21
937
2738
13822
30
3422
20
33
20
16
3422
21
33
20
16
3422
22
33
20
16
3422
23
33
21
388
1815
23538
351
4684
28
1408
21
9522
21
5791
344
902
96
21
5791
1145
35
2209
8588
2287
225
24
13822
16
713
764
883
30
225
1145
764
225
883
351
225
21
344
20
3528
680
26128
17208
30
225
28
19229
351
11674
225
21
937
344
24
13822
680
47319
2454
30
225
21
937
3492
21
351
225
622
937
344
25
13822
680
7183
402
225
21
30
225
622
3528
18
764
883
351
225
20
3528
344
21
680
2586
699
23538
33
21
18
13822
30
3422
20
33
21
16
3422
21
33
20
16
3422
22
33
20
16
3422
23
33
20
388
77
33
25
6743
23
16
2292
158925
352
8588
33
21
30
11674
225
20
3528
30
3422
20
7248
3422
23
30
21
7248
20
516
6792
1117
516
158925
18
2586
6751
18
699
65935
63
21
65
4284
21
382
77
33
26
16
272
63
26
116751
37
11
1117
274
33
20
388
4675
8588
33
21
30
699
23538
351
4684
21
1408
21
9522
20
5791
22
344
20
3316
680
13822
30
3422
20
33
20
16
3422
21
33
21
16
3422
22
33
20
16
3422
23
33
20
18
6621
158925
30
3422
20
7248
3422
23
30
20
7248
20
6674
31
3422
21
7248
3422
22
30
21
7248
20
516
6792
1117
516
158925
18
2586
6751
18
699
65935
63
22
65
4284
21
382
7525
2522
16
4455
19720
351
225
21
18
2586
14441
382
16708
382
12668
2024
30
307
33
1339
16
399
33
27
16
616
118639
6627
44375
225
12180
20718
25493
18
27969
6724
38474
382
39521
2024
30
307
33
883
16
399
33
25
16
272
2371
2630
44031
106126
8806
11
4655
225
20
382
98161
2024
30
307
33
1339
16
399
33
28
16
272
2371
35
37
35
38
8806
38
35
38
35
4387
182250
35
38
8806
38
182250
35009
38
35
10432
35
38
35009
6994
8806
174072
11
4655
225
20744
11582
18
27969
6724
382
14353
1451
4728
6292
382
27872
38474
4158
5563
4309
382
8311
539
1998
1994
68437
225
7858
18833
22460
382
44023
4815
1375
17
4421
52448
158925
352
616
30456
499
225
20
304
344
21
1408
79
6030
21
18
9141
30
917
341
185931
81506
99512
16
399
2738
352
477
297
2783
12402
2738
592
344
24986
6656
477
13
764
225
21
2308
344
24986
6656
344
79
17
21
11151
1149
764
225
21
30
758
8077
31
758
7143
382
17
38474
30
911
1217
14215
302
4354
225
21
1408
79
18
11075
351
648
20
65
535
344
21
1408
79
1798
11075
63
20
65
351
225
21
388
17
1563
700
297
2783
4020
2407
298
699
351
648
20
65
535
344
21
1408
79
465
298
352
8588
16
37505
297
35909
74363
2407
348
592
37505
1377
225
20
30
4622
203
348
592
272
2943
65
1377
489
37
11428
454
274
94434
351
648
20
1391
348
12542
272
2943
65
1377
489
38
11428
454
274
94434
351
648
21
1391
348
1625
30
905
118639
2319
454
274
94434
351
648
20
16
21
1391
348
352
274
297
274
94434
638
454
699
23538
351
4684
24986
3492
225
21
13
367
274
13
764
4684
21
1408
79
6030
21
465
454
592
700
6743
399
17
21
306
341
185931
115681
23538
25306
615
4622
203
454
699
115681
23538
65
351
344
1815
115681
23538
65
692
37505
13
1577
28157
203
298
11075
351
699
203
17
4790
9284
16
2343
351
4455
74363
13
1577
28157
382
2608
17034
30
461
38474
396
4546
4059
277
4381
1889
11075
63
20
16051
21
18
3092
700
33
20
16
539
6650
304
699
23538
351
274
18
9405
6772
18
2952
16
539
1998
1994
386
277
4381
1889
8588
33
20
21062
304
2896
840
8210
18
9405
20672
382
2608
730
122221
30
1563
700
460
399
17
21
16
539
589
516
2292
158925
16
689
539
2188
2617
839
8588
18703
16
1571
592
411
5720
53432
35
9405
6772
1480
53432
436
516
5772
8210
4427
31
724
3087
9546
8210
18
2952
16
890
539
3735
569
265
2833
5702
16
539
642
569
840
53432
18
2209
1387
903
361
265
6056
1207
265
8588
386
4059
53432
41858
19553
277
158925
2292
592
539
2292
35
1283
1094
2292
890
700
6743
399
17
21
16
697
18373
386
277
5702
341
2833
16
700
3077
1278
840
53432
35
41729
1325
700
6743
399
17
21
16
277
8588
874
2188
3451
53432
592
539
12831
12658
3811
8210
35
16473
15698
30
3092
700
351
399
17
21
16
539
569
12658
7662
399
8210
18
35475
499
8588
76006
697
2428
569
53432
297
3634
13822
344
29753
15528
53432
680
4790
399
5826
16
277
53432
436
33879
686
18
20987
16
592
539
1472
402
8588
76006
33
20
306
539
569
399
5826
16
277
8588
1325
1450
2672
30
1325
225
21
2672
30
8588
674
3422
20
33226
20
16
13822
21
568
79
17
21
33
20
18
4790
225
22
5826
30
8588
351
4684
71
20
1408
21
9522
71
21
13
2649
13822
30
3422
20
33226
21
16
3422
21
33226
20
16
3575
225
20
18
4790
399
5826
30
8588
351
4684
1424
2091
71
20
1408
21
9522
71
21
144402
21
1424
9522
71
1242
79
17
21
4106
2649
13822
30
3422
20
33226
1242
79
17
21
2547
3422
21
33226
1242
79
17
22
2547
69585
3422
1242
79
17
21
14883
71
20
18
2586
616
13822
436
11993
402
5772
8210
18
2586
468
700
351
399
17
21
16
277
8588
674
840
53432
18
2586
277
4550
700
6743
399
17
21
18373
386
277
8588
341
7095
44133
18
2952
16
1065
819
4027
1207
272
674
6842
215531
35
887
4007
3910
18
2586
1850
6085
382
2608
1065
592
399
1518
307
35
3557
6751
30
225
22
6758
399
6758
307
382
27872
38474
341
4309
382
8311
539
1998
4802
386
277
38474
4007
4638
1682
420
4826
16981
352
12336
386
436
516
17299
468
700
35
1737
23069
16
1850
4631
382
8311
16066
30
504
4020
535
225
22
54588
535
225
22
13
351
778
304
225
21
937
535
225
21
6351
535
225
22
351
5907
22
4364
16
697
341
6772
382
2608
539
1998
851
1994
277
68437
382
8311
1310
402
4728
7120
38278
35
99008
516
4494
382
8311
539
1998
1994
3242
79515
30
461
38474
6650
5119
8588
3492
225
21
16
697
352
8588
778
304
344
21
1408
79
6030
21
16
32760
2454
874
6496
13822
7835
399
16
689
539
8588
402
4684
21
1408
79
6030
21
680
2586
4309
382
8311
16
539
1196
13561
402
277
1310
386
36033
225
20
352
1451
4027
16
1013
12578
12
21
937
16
225
622
16
215531
535
225
21
937
13
1377
225
22804
7858
25635
18
27969
6724
382
8311
16
341
903
839
22917
819
277
4550
373
1612
236189
178142
85523
302
4354
399
26471
5641
38474
18373
386
1440
85523
302
4354
399
341
516
265
158925
18
2952
16
341
903
839
12634
386
265
85523
302
4354
399
1387
361
265
158925
1571
592
1450
5702
17299
468
1450
2413
341
516
35
2523
16
1480
222720
302
4354
399
436
7662
277
12336
17299
468
10690
700
351
399
17
21
304
307
17
21
18
2586
15990
1450
5702
13823
616
382
27872
38474
341
4309
382
2608
5522
30
22547
903
361
265
15277
1207
265
85523
302
4354
399
341
516
265
158925
689
910
852
4550
35
2523
382
27872
4377
5563
25485
382
8311
539
1998
3138
277
1154
1682
129966
86796
25764
382
2608
1714
184752
16
1994
592
903
341
839
717
7434
1557
35
3557
4494
382
8311
16
730
717
122221
30
461
38474
396
4546
5119
387
4173
302
2287
225
22
54588
18
2952
16
539
1008
304
4802
386
352
700
460
399
17
21
16
539
589
516
41858
1994
30456
386
569
6152
53432
396
15235
5267
35
2209
539
2489
1019
396
4080
1480
724
4850
304
12460
30673
18
9405
6772
18
2952
16
1325
700
6743
399
17
21
16
277
8588
642
2837
361
7095
44133
16
689
539
2188
2553
616
30456
18
9405
20672
382
2608
1065
819
277
1689
386
910
30456
874
361
93677
1480
724
3451
53432
689
539
436
468
700
6743
399
17
21
35
1737
23069
16
724
17420
361
99164
1480
53432
436
33879
686
1325
399
5826
18
2952
16
1387
903
361
265
15277
1207
539
11954
8210
386
3866
277
8588
304
569
53432
1571
1325
399
5826
35
10546
592
539
11954
8210
386
436
516
225
20
420
225
21
35
2209
539
1094
11954
489
37
11
344
20
13
420
489
38
11
344
21
680
2586
53432
297
8588
436
3673
5772
489
37
11
420
141464
18
2586
1325
399
5826
16
277
8588
494
13822
4850
7662
304
277
399
8210
18
7517
539
569
12658
399
8210
16
903
436
840
141464
18
2586
53432
297
8588
468
700
6743
399
17
21
1011
4850
304
5772
489
37
11
8210
16
516
141464
18
2586
1850
2731
386
265
8588
1013
225
20
937
344
514
53432
13
1387
5230
1325
399
5826
592
616
12658
8210
436
489
37
6627
9405
6772
18
2586
277
38474
642
2549
30456
402
53432
396
4080
5267
396
1423
396
724
3087
5772
30673
18
2586
277
4550
700
6743
399
17
21
341
9433
304
4802
386
277
8588
9423
265
5702
302
4354
399
18
2586
539
1907
1008
304
2292
592
8588
674
53432
382
27872
38474
341
4309
382
8311
16
539
1998
4802
539
2489
68437
12989
18
6755
6035
386
277
1435
302
4781
1387
361
2927
16
689
539
893
382
8311
16
13640
1761
819
277
4625
30
1347
1217
14215
302
4354
778
304
225
21
6351
341
39154
382
8311
16
3138
382
2608
1714
17673
16
2292
592
903
341
839
5151
30
461
2746
5267
399
6758
225
622
16
307
778
304
225
21
937
18
2586
225
22
54588
351
225
21
6351
16
6772
382
8311
16
1310
402
277
2688
7120
1347
265
4374
7498
2292
352
277
12868
2024
35
14892
382
2608
539
530
6724
382
8311
16
1994
3242
13304
297
11636
35
11636
146581
436
22551
16
689
539
893
382
8311
16
539
1998
4602
277
2363
5451
277
1154
1682
129966
86796
382
14353
16
6035
386
277
2746
4059
265
194863
306
7120
31
539
1998
2553
277
1154
16607
306
194863
396
2688
18
1283
530
1060
3138
277
1154
382
8311
16
539
1998
361
17034
819
277
1991
302
13822
297
277
158925
2292
18
27969
687
52448
341
185931
4173
302
4354
225
21
1408
79
16
402
6543
382
8311
16
539
1196
851
1994
386
277
38474
874
361
29313
498
1347
1568
9615
671
16
689
6772
382
8311
16
13640
4602
277
2363
1375
3080
14487
203
43052
351
225
7858
18833
22460
300
1847
1682
129966
86796
4020
30
853
16
399
30
853
16
272
30
1284
13
2649
853
638
298
8588
38149
351
225
21
3492
399
203
298
905
687
52448
158925
203
298
341
185931
351
648
8884
65
535
8588
38149
203
298
352
8588
297
2783
99512
38149
2407
348
905
2292
592
8588
341
158925
203
348
6569
351
7143
203
348
352
477
297
2783
12402
2407
454
3422
9500
351
344
24986
6656
477
13
764
225
21
203
454
3422
8724
21
78
351
344
24986
6656
344
79
17
21
11151
1149
764
225
21
203
454
592
3422
9500
2308
3422
8724
21
78
638
615
6569
351
8077
203
615
2984
203
348
341
185931
224346
65
351
6569
300
298
11075
351
648
20
65
535
8588
38149
203
298
11075
63
20
65
351
225
21
225
905
8295
1889
300
298
352
700
16
466
297
35909
2350
2407
348
699
351
648
20
65
535
8588
38149
203
348
592
466
1377
489
37
11428
454
274
94434
351
648
20
1391
348
12542
466
1377
489
38
11428
454
274
94434
351
648
21
1391
348
1625
30
225
905
118639
2319
454
274
94434
351
648
20
16
225
21
1391
348
352
8588
16
37505
297
35909
74363
2407
454
592
37505
1377
225
20
638
615
4622
203
454
352
274
297
274
94434
638
615
699
23538
351
4684
24986
3492
225
21
13
367
274
13
764
344
24986
38149
506
225
21
465
615
592
700
6743
399
17
21
306
341
185931
115681
23538
25306
828
4622
203
615
699
115681
23538
65
351
344
1815
115681
23538
65
692
37505
13
1577
28157
203
348
11075
351
699
300
298
2343
351
4455
74363
13
1577
28157
203
298
758
2343
203
7203
2608
341
903
839
4264
402
1347
8588
38149
506
225
21
35
7517
8588
38149
341
2136
302
1217
16
8588
38149
506
225
21
351
344
21
1408
79
6030
21
16
4309
382
8311
16
2292
402
1058
2024
30
1196
3271
225
21
382
2608
539
1008
304
361
17034
819
277
57143
30
700
10626
499
225
20
18
3092
700
351
399
17
21
16
539
2292
699
23538
18
9405
4309
382
8311
16
1994
277
1690
1207
399
351
307
18
5489
539
1094
569
730
5702
344
1833
4425
1794
680
5641
38474
30
1325
5993
616
307
8210
16
539
642
569
14559
277
5702
468
700
351
307
17
21
351
399
17
21
35
41729
592
399
351
307
16
1232
399
17
21
351
307
17
21
18
2586
277
2292
9848
468
277
2009
29607
344
77
351
307
17
21
680
3092
386
1646
16
539
17208
699
23538
499
8588
76006
344
8781
21062
304
277
1058
307
17
21
8210
35
41729
1325
5993
307
17
21
8210
16
11075
5720
5267
15739
277
2009
399
8210
35
2209
399
351
307
16
713
539
1008
304
4793
8588
302
2287
307
16
689
539
436
24284
8588
302
2287
399
351
307
18
2952
16
307
530
361
778
304
225
21
937
16
306
399
6758
225
622
16
713
399
351
307
4273
4252
1480
399
6758
225
622
18
2586
539
1907
569
304
12971
819
2927
399
18
9177
382
8311
16
13561
1749
2024
30
307
33
1339
16
399
33
27
16
616
118639
6627
38474
642
17208
265
1435
18
1283
6724
382
8311
16
730
717
3645
30
461
38474
396
4546
5119
265
2942
302
5267
352
1450
700
16
689
1850
6772
382
2608
539
1998
4802
386
277
38474
1414
516
6496
18765
2527
352
3836
10690
1207
539
569
2336
936
399
8210
689
539
2188
569
5267
402
8588
2896
53432
18
1563
2024
16
1325
700
33
20
16
8588
1387
361
225
20
344
359
272
63
20
116751
37
3015
35
41729
1325
700
33
20
16
8588
351
274
344
20
420
225
21
680
9405
6772
18
4790
700
33
21
16
8588
1387
361
344
71
20
1408
21
9522
71
21
18
3483
874
569
53432
592
274
20
33
20
35
3557
53432
396
141464
689
5772
13822
18
9405
6772
18
2586
616
30456
4850
304
5772
30673
713
3312
344
5324
53432
1094
592
5772
17219
341
489
37
5911
2586
277
1889
11183
341
10358
30
468
839
1646
16
8588
72338
277
2009
778
304
399
8210
16
402
277
5405
386
352
700
460
399
17
21
16
277
3634
13822
344
133556
700
15
21
13
436
516
4427
12658
16
689
539
2489
1019
396
53432
297
277
8588
18
2952
16
1731
53432
436
516
141464
689
5772
30673
35
26128
16
492
341
30495
30
2973
539
569
1094
12658
225
21
3083
16
277
8588
1325
700
33
20
341
344
71
20
680
3483
8588
674
13822
30
3422
20
351
274
20
16
13822
225
21
568
79
17
21
351
225
20
18
2209
1731
13822
225
21
568
79
17
21
436
516
12658
4427
18
610
954
11183
16
539
436
10044
6578
1019
304
225
20
344
8781
1011
361
26335
396
489
37
5911
2209
386
341
516
4309
1480
724
12831
961
12658
4427
18
2952
16
539
1094
2081
819
277
8588
352
3687
30671
306
352
158925
2292
890
539
569
265
2833
5702
18
1563
700
460
399
17
21
16
539
589
516
2292
158925
16
713
277
1689
386
1131
3634
13822
436
225
20
1414
516
3910
4907
18
2973
539
6650
304
700
33
21
16
539
17208
699
23538
351
4684
24986
3492
225
21
13
367
274
21
13
764
8588
16131
18
1437
8588
351
274
20
344
5324
3634
13822
225
20
733
1232
699
23538
351
4684
71
20
3492
225
21
13
367
274
21
680
461
13822
30
3422
20
351
274
21
16
3422
21
351
274
20
16
13822
225
22
568
79
17
21
351
225
20
18
17250
16
13822
225
22
568
79
17
21
436
2188
225
20
16
15739
524
81703
18
9405
6772
1480
724
436
516
1161
3369
539
569
399
8210
18
2973
539
11651
771
304
700
351
399
17
21
16
277
8588
642
569
13822
30
3422
20
351
274
1242
79
17
21
2547
3422
21
351
274
1242
79
17
22
2547
69585
3422
1242
79
17
21
97
351
274
20
18
461
13822
7835
399
17
21
436
57848
686
16
713
616
13822
436
12658
18
2586
277
53432
297
277
8588
1919
18204
5826
436
10044
141464
386
771
95310
396
539
8830
18
957
341
265
2670
9120
352
38474
366
2009
399
8210
16
2781
1161
297
1794
4066
18
887
4229
1480
539
3042
8147
1731
53432
396
5772
8210
3369
724
3456
766
302
265
2833
5702
16
468
697
1646
724
569
961
33879
686
382
2608
341
903
839
2996
386
265
7810
344
299
12548
13
1387
361
43354
352
387
5772
489
37
11
890
15990
158925
468
700
6743
399
17
21
35
3092
700
351
399
17
21
16
277
8588
674
7662
399
13822
16
616
12658
16
713
840
141464
4317
18
2586
1850
6085
382
27872
38474
341
4309
382
8311
16
539
1196
851
1994
592
903
341
839
1008
304
5203
277
1690
1207
399
33
21
35
2209
16981
2132
399
6743
225
22
18
2586
6772
382
8311
16
13640
1310
402
277
4728
1310
386
36033
225
20
352
1451
4027
18
27969
6724
382
8311
16
730
717
2292
30
461
38474
5119
4173
302
2287
225
22
54588
18
1563
399
33
622
16
4924
225
21
6351
16
6772
18
1563
399
33
22
16
4924
225
24
18
9177
382
8311
16
539
1196
851
1994
386
277
38474
1387
361
3310
29313
498
1347
21911
35
3557
4494
382
8311
16
539
1998
4802
386
539
911
68437
7154
19792
30
539
893
1325
1450
2457
304
4928
2927
5463
16
689
11636
530
5203
3089
146581
16
689
893
341
6772
382
8311
16
539
1196
1994
386
277
38474
34198
898
616
30456
1571
592
37505
33
20
31
539
18486
592
37505
582
20
18
9405
6772
382
8311
16
539
1196
851
1994
277
12634
302
1347
1568
44868
304
5612
778
16
689
516
4778
382
8311
16
539
1998
4602
277
2522
2363
297
277
2993
5030
30
265
127068
2363
2732
402
277
1154
8559
306
277
7878
18
461
2746
4060
30
373
3039
1196
18523
277
2363
385
11116
297
265
127068
2363
2732
344
826
22057
13
344
22310
642
61694
277
4607
5442
118742
2586
539
1008
304
3271
1094
277
1154
2363
35
461
1756
3419
277
1154
16607
306
194863
18
1283
1196
6754
277
4607
1154
402
954
7878
18
2586
539
3271
277
4569
1154
8559
402
954
2363
5451
382
27872
2522
3032
1196
361
1375
3080
14487
203
1847
1682
129966
86796
4020
30
853
16
399
30
853
16
272
30
1284
13
2649
853
638
298
28157
351
225
7858
18833
22460
203
298
8588
38149
351
225
21
3492
399
203
298
905
4421
52448
158925
4056
352
616
30456
203
298
341
185931
351
648
8884
65
535
8588
38149
203
298
352
8588
297
2783
99512
38149
2407
348
6569
351
7143
203
348
352
477
297
2783
12402
2407
454
592
4684
24986
6656
477
13
764
225
21
13
2308
4684
24986
6656
344
79
17
21
11151
1149
764
225
21
2407
615
6569
351
8077
203
615
2984
203
348
341
185931
224346
65
351
6569
300
298
11075
351
648
20
65
535
8588
38149
203
298
11075
63
20
65
351
225
21
225
905
1472
402
8295
1889
300
298
352
700
16
466
297
35909
2350
2407
348
699
351
648
20
65
535
8588
38149
203
348
592
466
1377
489
37
11428
454
274
94434
351
648
20
1391
348
12542
466
1377
489
38
11428
454
274
94434
351
648
21
1391
348
1625
30
225
905
118639
2319
454
274
94434
351
648
20
16
225
21
1391
348
352
8588
16
37505
297
35909
74363
2407
454
592
37505
1377
225
20
638
615
4622
203
454
352
274
297
274
94434
638
615
699
23538
351
4684
24986
3492
225
21
13
367
274
13
764
344
24986
38149
506
225
21
465
615
592
700
6743
399
17
21
306
341
185931
115681
23538
25306
828
4622
203
615
699
115681
23538
65
351
344
1815
115681
23538
65
692
37505
13
1577
28157
203
348
11075
351
699
300
298
2343
351
4455
74363
13
1577
28157
203
298
758
2343
203
7203
2608
539
1008
304
4802
386
539
911
277
1656
1154
1227
306
16607
396
2688
18
9405
6772
382
8311
16
4638
18400
277
194863
30
461
2746
6434
4059
265
194863
18
15018
539
2549
411
35
461
12759
4060
30
373
6534
277
2165
1154
16607
306
194863
16
7095
3138
277
1154
4546
306
1717
616
277
6292
18
1995
5677
4222
59947
5533
213288
11164
6
887
851
4060
30
373
3039
1196
18523
277
2363
385
11116
297
265
127068
2363
2732
344
826
22057
13
344
22310
642
61694
277
4607
5442
118742
957
10334
386
539
436
12762
304
6754
277
6349
1154
7878
16
689
539
530
2553
277
194863
396
3419
18
2586
539
1196
2549
277
194863
297
954
2363
2732
304
4680
411
18
32468
16
277
4607
2363
1078
277
194863
18
2586
539
1196
3271
277
1154
402
277
194863
396
2688
16
4171
954
7878
382
27872
2522
3271
1196
2549
277
4569
1154
8559
402
277
194863
306
954
2363
382
2110
1196
851
4802
539
1907
41858
14637
277
6292
31
539
436
516
382
8311
16
1714
184752
16
539
1196
1310
402
277
2688
7120
1347
265
7498
1774
352
277
4658
2024
30
307
33
883
16
399
33
25
16
272
2371
2630
44031
106126
8806
6627
1283
530
2050
304
1565
592
38474
22699
225
20
382
87
30
10690
30
225
20
64885
16
21
73375
16
22
64885
16
23
73375
16
24
64885
16
1232
225
622
215531
87
382
79
33
25
18
2586
539
1008
304
2292
12336
302
4354
225
25
18
461
1058
5702
11751
468
700
33
24
30
8210
23864
225
20
17
24
30
340
398
340
398
340
18
3483
341
265
158925
35
16473
2292
30
340
398
340
398
340
2649
13623
341
340
398
340
398
340
16
12035
1850
265
158925
18
2586
592
539
11954
839
8210
304
277
215531
344
47048
225
25
17
992
733
277
1058
5702
341
3402
265
158925
15470
302
3735
30673
1480
1850
6842
18
2586
903
1196
361
225
20
4781
18
5641
38474
1196
5628
386
468
700
33
24
344
29753
399
17
21
33
24
733
890
539
1343
700
33
24
16
539
642
569
8588
15739
5702
23864
225
20
17
24
18
7517
272
63
20
568
24
65
436
6842
16
277
8588
642
361
7152
42146
18
3092
700
33
24
16
539
642
2292
341
185931
115681
23538
65
306
411
642
361
7143
16
713
539
18486
8811
839
1889
18
8111
16
11075
7883
616
53432
18
5489
13845
5826
642
569
840
5267
16
306
2522
4455
642
361
225
20
18
2586
411
14441
382
8311
16
2292
277
12868
2024
30
307
33
1339
16
399
33
28
16
272
2371
35
37
35
38
8806
38
35
38
35
4387
182250
35
38
8806
38
182250
35009
38
35
10432
35
38
35009
6994
8806
174072
11
4655
225
20744
11582
18
27969
6724
382
8311
16
277
4728
1310
30
12578
12
1339
16
225
28
16
118639
37
35
38
8806
38
35
38
35
4387
182250
35
38
8806
38
182250
35009
38
35
10432
35
38
35009
6994
8806
174072
3015
1377
225
20744
11582
18
8598
386
277
2746
6434
4059
265
1880
402
373
5648
12578
12
1339
16
225
28
16
118639
37
35
38
8806
38
35
38
35
4387
182250
35
38
8806
38
182250
35009
38
35
10432
35
38
35009
6994
8806
174072
3015
1377
225
20744
11582
3210
41729
297
277
194863
16
903
341
386
1880
35
26128
16
4077
468
277
194863
16
411
4059
2240
2024
70305
1375
5640
5197
1682
129966
86796
12
27
16
225
24
16
489
2630
182250
35
6994
3566
21
203
5197
1682
129966
86796
12
1339
16
225
27
16
489
106126
106126
106126
106126
106126
3566
12180
20718
25493
203
5197
1682
129966
86796
12
883
16
225
25
16
489
2630
44031
106126
8806
3566
20
203
7203
14032
1325
386
16
903
341
265
8156
3965
402
373
1847
2292
180005
2738
6
386
4059
4728
1310
4027
18
461
2746
5224
4060
30
373
6534
277
2165
1154
16607
306
194863
16
7095
3138
277
1154
4546
306
1717
616
277
6292
1304
461
194863
4059
277
2240
7120
18
2209
277
373
3761
6
1154
341
516
766
302
277
16607
31
1850
4164
766
302
277
6726
8689
18
2586
539
1094
1008
304
3138
277
1154
1682
129966
86796
1175
386
411
19553
277
6292
297
277
2292
1154
18
461
2292
1154
4059
1451
1310
4027
7835
277
194863
7120
18
2586
954
7878
1998
1717
1731
396
1357
382
27872
539
1008
304
4802
386
954
38474
19553
616
1731
6292
382
19477
15698
910
302
277
4728
1310
4027
304
1565
592
724
1387
17691
839
33828
382
21
18
3999
12578
12
21
937
16
225
622
16
215531
535
225
21
937
13
1377
225
22804
7858
25635
18
957
341
265
2927
307
16
616
489
88569
399
33
622
18
2586
539
1008
304
17208
1435
302
14580
302
4354
225
21
937
898
391
37
35939
97
402
840
236189
178142
85523
302
4354
7662
225
622
18
5641
38474
1196
17208
386
18
1283
530
6724
382
22
18
3999
12578
12
21
937
16
225
29
16
489
38
11
535
225
622
692
489
37
11
535
225
24
692
489
38
11
535
225
23
692
489
37
11
535
225
28
692
489
38
11
692
489
37
11
535
225
25
692
489
38
11
535
225
23
692
489
37
11
692
489
38
11
535
225
24
692
489
37
11
692
489
38
11
535
225
23
692
489
37
11
692
489
38
11
535
225
22
692
489
37
11
692
489
38
11
535
225
1068
692
489
37
11
692
489
38
11
535
225
992
692
489
37
11
535
225
22
692
489
38
11
535
225
22
692
489
37
11
692
489
38
11
535
225
22
692
489
37
11
535
225
22
692
489
38
11
535
225
1068
692
489
37
11
535
225
22
692
489
38
11
535
225
22
692
489
37
11
535
225
22
692
489
38
11
535
225
883
692
489
37
11
535
225
22
692
489
38
11
535
225
22
692
489
37
11
692
489
38
11
535
225
23
692
489
37
11
692
489
38
11
535
225
1145
692
489
37
11
692
489
38
11
535
225
29
692
489
37
11
692
489
38
11
535
225
24
692
489
37
11
692
489
38
11
535
225
807
692
489
37
11
692
489
38
11
535
225
23
692
489
37
11
692
489
38
11
535
225
992
692
489
37
11
692
489
38
11
535
225
24
692
489
37
11
692
489
38
11
535
225
29
692
489
37
11
692
489
38
11
535
225
1045
692
489
37
11
692
489
38
11
535
225
1670
692
489
37
11
535
225
22
692
489
38
11
535
225
807
692
489
37
11
535
225
22
692
489
38
11
535
225
26
692
489
37
11
535
225
22
692
489
38
11
535
225
24
692
489
37
11
535
225
22
692
489
38
11
535
225
1670
692
489
37
11
535
225
22
692
489
38
11
535
225
2394
692
489
37
11
692
489
38
11
535
225
22
692
489
37
11
692
489
38
11
535
225
24
692
489
37
11
692
489
38
11
692
489
37
11
692
489
38
11
535
225
22
692
489
37
11
692
489
38
11
535
225
22
692
489
37
11
692
489
38
11
535
225
1575
692
489
37
11
692
489
38
11
535
225
1068
692
489
37
11
692
489
38
11
535
225
1057
692
489
37
11
692
489
38
11
535
225
883
692
489
37
11
692
489
38
11
535
225
26
692
489
37
11
692
489
38
11
692
489
37
11
692
489
38
11
535
225
23
692
489
37
11
692
489
38
11
535
225
1045
692
489
37
11
535
225
22
692
489
38
11
692
489
37
11
692
489
38
11
535
225
22
692
489
37
11
692
489
38
11
535
225
1045
692
489
37
11
692
489
38
11
535
225
992
692
489
37
11
535
225
22
692
489
38
11
535
225
23
692
489
37
11
692
489
38
11
535
225
22
692
489
37
11
535
225
22
692
489
38
11
535
225
622
692
489
37
11
692
489
38
11
535
225
23
692
489
37
11
535
225
25
692
489
38
11
692
489
37
11
692
489
38
11
535
225
23
692
489
37
11
692
489
38
11
535
225
29
692
489
37
11
535
225
22
692
489
38
11
535
225
963
692
489
37
11
692
489
38
11
535
225
1773
692
489
37
11
692
489
38
11
535
225
740
692
489
37
11
692
489
38
11
535
225
22
692
489
37
11
535
225
22
692
489
38
11
692
489
37
11
535
225
22
692
489
38
11
535
225
1057
692
489
37
11
692
489
38
11
535
225
25
692
489
37
11
535
225
22
692
489
38
11
692
489
37
11
692
489
38
11
535
225
1199
692
489
37
11
535
225
22
692
489
38
11
692
489
37
11
692
489
38
11
535
225
22
692
489
37
11
535
225
22
692
489
38
11
535
225
1575
692
489
37
11
692
489
38
11
535
225
696
692
489
37
11
692
489
38
11
535
225
1449
692
489
37
11
535
225
22
692
489
38
11
535
225
2193
692
489
37
11
535
225
22
692
489
38
11
535
225
29
692
489
37
11
535
225
22
692
489
38
11
535
225
902
692
489
37
11
692
489
38
11
535
225
1449
692
489
37
11
692
489
38
11
535
225
1199
692
489
37
11
692
489
38
11
535
225
1710
692
489
37
11
535
225
22
692
489
38
11
535
225
902
692
489
37
11
535
225
22
692
489
38
11
535
225
27
692
489
37
11
692
489
38
11
692
489
37
11
692
489
38
11
535
225
22
692
489
37
11
692
489
38
11
535
225
25
692
489
37
11
535
225
22
692
489
38
11
535
225
28
13
1377
225
20
300
1905
1310
341
265
1423
1794
402
1451
489
37
11
306
489
38
11
306
910
118639
6627
887
36033
225
20
18
3483
10334
386
277
16981
1265
411
13861
18
5641
38474
1196
758
225
20
18
7517
539
436
15990
616
21254
16
411
1196
361
6772
382
23
18
3999
12578
12
21
937
16
225
22
16
215531
535
225
26
692
489
37
11
692
215531
535
225
27
692
489
37
11
535
225
24
692
215531
535
225
24
692
489
37
11
692
215531
535
225
22
692
489
37
11
692
215531
692
489
37
11
692
215531
535
225
25
692
489
37
11
692
215531
535
225
27
692
489
37
11
535
225
22
692
215531
535
225
28
692
489
37
11
692
215531
692
489
37
11
535
225
22
692
215531
535
225
22
692
489
37
11
692
215531
535
225
622
692
489
37
11
692
215531
535
225
22
692
489
37
11
692
215531
535
225
22
692
489
37
11
692
215531
535
225
23
692
489
37
11
692
215531
535
225
22
692
489
37
11
692
215531
692
489
37
11
692
215531
535
225
24
692
489
37
11
692
215531
535
225
28
692
489
37
11
692
215531
692
489
37
11
692
215531
692
489
37
11
692
215531
535
225
25
692
489
37
11
692
215531
535
225
23
692
489
37
11
692
215531
535
225
807
692
489
37
11
692
215531
535
225
25
692
489
37
11
692
215531
535
225
28
692
489
37
11
692
215531
535
225
25
692
489
37
11
692
215531
692
489
37
11
692
215531
535
225
25
692
489
37
11
692
215531
535
225
622
692
489
37
11
535
225
22
692
215531
692
489
37
11
692
215531
535
225
28
692
489
37
11
692
215531
535
225
22
692
489
37
11
692
215531
535
225
23
692
489
37
11
692
215531
535
225
22
692
489
37
11
692
215531
692
489
37
11
535
225
22
692
215531
535
225
23
692
489
37
11
692
215531
535
225
22
692
489
37
11
692
215531
535
225
23
692
489
37
11
692
215531
535
225
22
692
489
37
11
692
215531
535
225
24
692
489
37
11
692
215531
535
225
27
692
489
37
11
692
215531
535
225
23
692
489
37
11
692
215531
535
225
29
692
489
37
11
692
215531
535
225
26
692
489
37
11
692
215531
692
489
37
11
535
225
23
692
215531
535
225
22
692
489
37
11
692
215531
535
225
23
692
489
37
11
692
215531
535
225
24
692
489
37
11
692
215531
535
225
740
692
489
37
11
692
215531
692
489
37
11
692
215531
535
225
28
692
489
37
11
692
215531
535
225
27
692
489
37
11
535
225
22
692
215531
535
225
25
692
489
37
11
692
215531
692
489
37
11
692
215531
535
225
22
692
489
37
11
692
215531
535
225
26
692
489
37
11
692
215531
535
225
883
692
489
37
11
692
215531
535
225
22
692
489
37
11
692
215531
535
225
24
692
489
37
11
692
215531
535
225
24
692
489
37
11
535
225
22
692
215531
692
489
37
11
692
215531
535
225
23
692
489
37
11
692
215531
692
489
37
11
692
215531
535
225
29
692
489
37
11
692
215531
692
489
37
11
692
215531
535
225
25
692
489
37
11
692
215531
535
225
1057
692
489
37
11
692
215531
535
225
25
692
489
37
11
692
215531
535
225
22
692
489
37
11
692
215531
692
489
37
11
535
225
22
692
215531
535
225
26
692
489
37
11
692
215531
535
225
22
692
489
37
11
692
215531
535
225
26
692
489
37
11
692
215531
535
225
25
692
489
37
11
692
215531
535
225
22
692
489
37
11
535
225
22
692
215531
535
225
28
692
489
37
11
692
215531
692
489
37
11
692
215531
692
489
37
11
692
215531
535
225
740
692
489
37
11
535
225
22
692
215531
692
489
37
11
692
215531
535
225
25
692
489
37
11
692
215531
535
225
25
692
489
37
11
692
215531
692
489
37
11
535
225
22
692
215531
535
225
24
692
489
37
11
692
215531
535
225
29
692
489
37
11
692
215531
692
489
37
11
692
215531
535
225
740
692
489
37
11
535
225
22
692
215531
692
489
37
11
692
215531
535
225
740
692
489
37
11
535
225
22
692
215531
535
225
25
692
489
37
11
692
215531
535
225
22
692
489
37
11
535
225
22
692
215531
692
489
37
11
692
215531
692
489
37
11
692
215531
535
225
26
692
489
37
11
535
225
23
692
215531
692
489
37
11
692
215531
535
225
23
692
489
37
11
692
215531
692
489
37
11
692
215531
535
225
29
692
489
37
11
692
215531
535
225
23
692
489
37
11
692
215531
692
489
37
11
692
215531
535
225
23
692
489
37
11
535
225
22
692
215531
692
489
37
11
535
225
22
692
215531
692
489
37
11
692
215531
692
489
37
11
692
215531
692
489
37
11
692
215531
535
225
25
692
489
37
11
692
215531
692
489
37
11
692
215531
535
225
23
692
489
37
11
692
215531
535
225
23
692
489
37
11
692
215531
535
225
22
692
489
37
11
692
215531
692
489
37
11
692
215531
535
225
807
692
489
37
11
535
225
22
692
215531
535
225
28
692
489
37
11
692
215531
535
225
22
692
489
37
11
692
215531
535
225
27
692
489
37
11
692
215531
535
225
23
692
489
37
11
692
215531
535
225
24
692
489
37
11
692
215531
692
489
37
11
692
215531
535
225
27
692
489
37
11
535
225
23
692
215531
535
225
24
692
489
37
11
692
215531
692
489
37
11
692
215531
535
225
22
692
489
37
11
692
215531
535
225
27
692
489
37
11
692
215531
692
489
37
11
692
215531
535
225
28
692
489
37
11
692
215531
535
225
22
692
489
37
11
535
225
22
692
215531
535
225
22
692
489
37
11
692
215531
535
225
23
692
489
37
11
692
215531
535
225
23
692
489
37
11
692
215531
535
225
807
692
489
37
11
692
215531
535
225
22
692
489
37
11
535
225
22
692
215531
692
489
37
11
692
215531
535
225
23
692
489
37
11
692
215531
535
225
29
692
489
37
11
692
215531
535
225
27
692
489
37
11
535
225
24
692
215531
535
225
25
692
489
37
11
692
215531
535
225
24
692
489
37
11
692
215531
535
225
26
692
489
37
11
692
215531
535
225
22
692
489
37
11
692
215531
535
225
25
692
489
37
11
535
225
23
692
215531
535
225
29
692
489
37
11
692
215531
535
225
23
692
489
37
11
692
215531
692
489
37
11
692
215531
535
225
23
692
489
37
11
535
225
22
692
215531
692
489
37
11
535
225
22
692
215531
692
489
37
11
692
215531
692
489
37
11
692
215531
692
489
37
11
692
215531
535
225
25
692
489
37
11
692
215531
692
489
37
11
692
215531
535
225
23
692
489
37
11
692
215531
535
225
23
692
489
37
11
692
215531
535
225
22
692
489
37
11
692
215531
692
489
37
11
692
215531
535
225
807
692
489
37
11
535
225
22
692
215531
535
225
28
692
489
37
11
692
215531
535
225
22
692
489
37
11
692
215531
535
225
27
692
489
37
11
692
215531
535
225
23
692
489
37
11
692
215531
535
225
24
692
489
37
11
692
215531
692
489
37
11
692
215531
535
225
27
692
489
37
11
535
225
23
692
215531
535
225
24
692
489
37
11
692
215531
692
489
37
11
692
215531
535
225
22
692
489
37
11
692
215531
535
225
27
692
489
37
11
692
215531
692
489
37
11
692
215531
535
225
28
692
489
37
11
692
215531
535
225
22
692
489
37
11
535
225
22
692
215531
535
225
22
692
489
37
11
692
215531
535
225
23
692
489
37
11
692
215531
535
225
23
692
489
37
11
692
215531
535
225
807
692
489
37
11
692
215531
535
225
22
692
489
37
11
535
225
22
692
215531
692
489
37
11
692
215531
535
225
23
692
489
37
11
692
215531
535
225
29
692
489
37
11
692
215531
535
225
27
692
489
37
11
535
225
24
692
215531
535
225
25
692
489
37
11
692
215531
535
225
24
692
489
37
11
692
215531
535
225
26
692
489
37
11
692
215531
535
225
22
692
489
37
11
692
215531
535
225
25
692
489
37
11
535
225
23
692
215531
535
225
29
692
489
37
11
692
215531
535
225
23
692
489
37
11
692
118639
3015
1377
225
20
300
1905
341
265
1586
1423
1794
402
1451
215531
306
489
37
11
306
489
38
6627
461
1310
36033
225
20
18
9405
52298
1480
277
16981
2428
5664
265
158925
18
5641
38474
1196
5203
1423
14580
19792
382
24
18
3999
12578
12
21
937
16
225
28
16
489
37
11
535
225
21
937
13
1377
225
20
18
7517
616
489
37
747
839
5702
302
4354
225
28
642
361
616
489
163856
16
697
341
265
158925
344
17287
192027
713
225
20
18
38474
1196
5628
386
468
277
1058
5702
344
77
33
27
13
386
8588
7883
616
53432
344
359
539
4400
340
33
20
13
420
616
6299
344
359
398
33
21
15309
2209
1743
489
37
11
341
489
37
747
713
539
4400
489
37
11
304
225
20
18
2586
616
53432
8588
341
158925
35
6621
30
8588
616
53432
344
5149
616
225
20
13
341
158925
35
8520
16
1480
616
13822
6792
18
2586
468
700
33
27
16
699
23538
351
616
53432
16
697
341
158925
16
713
18486
18
2586
840
5267
19046
18
2586
2522
4455
225
20
18
9177
382
25
18
3999
12578
12
1339
16
225
27
16
489
106126
106126
106126
106126
106126
3015
1377
225
20
18
26128
16
277
194863
1078
387
2024
402
616
215531
306
399
33
27
7859
225
12180
20718
25493
18
2209
1743
277
2292
1154
4059
387
40439
30
3999
12578
12
1339
16
225
27
16
489
106126
106126
106126
106126
106126
3015
1377
225
20
18
3483
5563
73411
18
16473
15698
30
610
277
2746
6434
16
277
194863
4059
638
5640
5197
1682
129966
86796
12
1339
16
225
27
16
489
106126
106126
106126
106126
106126
3566
12180
20718
25493
203
5640
4892
386
2024
36033
225
12180
20718
25493
18
2209
297
277
2292
1154
16
903
341
638
5640
5648
12578
12
1339
16
225
27
16
489
106126
106126
106126
106126
106126
3015
1377
225
20
203
5640
414
851
3735
638
5640
5648
12578
12
21
937
16
225
622
16
215531
535
225
21
937
13
1377
225
22804
7858
25635
203
3970
5648
12578
12
1339
16
225
27
16
489
106126
106126
106126
106126
106126
3015
1377
225
20
203
5648
12578
12
21
937
16
225
622
16
215531
535
225
21
937
13
1377
225
22804
7858
25635
203
5640
1383
8615
903
341
72661
306
73411
16233
18
99008
277
2292
1154
4059
4347
1310
4027
16
306
910
436
10439
304
361
225
20
35
2209
277
194863
4060
277
1749
2024
6714
225
12180
20718
25493
18
3483
341
265
3018
1333
18
461
2292
1154
851
4059
387
40439
386
12578
12
1339
16
27
16
616
118639
3015
1377
225
20
18
3483
1011
4759
592
954
1154
6714
225
12180
20718
25493
18
2586
8696
342
250260
30
461
2292
1154
2428
361
6726
277
1154
539
436
17713
344
103264
13
402
1497
5938
16
689
277
2746
6434
2428
569
1217
8156
8023
35
16473
316
25735
277
19647
3270
382
669
1756
4060
1375
6
6534
277
2165
1154
16607
306
194863
16
7095
3138
277
1154
4546
306
1717
616
277
6292
18
1995
5677
4222
59947
5533
213288
28430
3039
1196
18523
277
2363
385
11116
297
265
127068
2363
2732
344
826
22057
13
344
22310
642
61694
277
4607
5442
994
5640
1847
1682
129966
86796
4020
30
853
16
399
30
853
16
272
30
1284
13
2649
853
638
298
4074
344
208999
13
13361
7203
1847
2292
180005
2407
298
905
4720
4027
499
277
2746
203
298
3999
12578
12
27
16
225
24
16
489
2630
182250
35
6994
3015
1377
225
21
203
298
3999
12578
12
1339
16
225
27
16
489
106126
106126
106126
106126
106126
3015
1377
225
12180
20718
25493
203
298
3999
12578
12
883
16
225
25
16
489
2630
44031
106126
8806
3015
1377
225
20
203
298
3999
12578
12
1339
16
225
28
16
118639
37
35
38
8806
38
35
38
35
4387
182250
35
38
8806
38
182250
35009
38
35
10432
35
38
35009
6994
8806
174072
3015
1377
225
20744
11582
19964
298
905
22708
1310
4027
203
298
3999
12578
12
21
937
16
225
622
16
215531
535
225
21
937
13
1377
225
22804
7858
25635
203
298
3999
12578
12
21
937
16
225
29
16
489
38
11
535
225
622
692
489
37
11
535
225
24
692
489
38
11
535
225
23
692
489
37
11
535
225
28
692
489
38
11
692
489
37
11
535
225
25
692
489
38
11
535
225
23
692
489
37
11
692
489
38
11
535
225
24
692
489
37
11
692
489
38
11
535
225
23
692
489
37
11
692
489
38
11
535
225
22
692
489
37
11
692
489
38
11
535
225
1068
692
489
37
11
692
489
38
11
535
225
992
692
489
37
11
535
225
22
692
489
38
11
535
225
22
692
489
37
11
692
489
38
11
535
225
22
692
489
37
11
535
225
22
692
489
38
11
535
225
1068
692
489
37
11
535
225
22
692
489
38
11
535
225
22
692
489
37
11
535
225
22
692
489
38
11
535
225
883
692
489
37
11
535
225
22
692
489
38
11
535
225
22
692
489
37
11
692
489
38
11
535
225
23
692
489
37
11
692
489
38
11
535
225
1145
692
489
37
11
535
225
22
692
489
38
11
535
225
29
692
489
37
11
692
489
38
11
535
225
24
692
489
37
11
535
225
22
692
489
38
11
535
225
807
692
489
37
11
692
489
38
11
535
225
23
692
489
37
11
535
225
22
692
489
38
11
535
225
992
692
489
37
11
535
225
22
692
489
38
11
535
225
24
692
489
37
11
535
225
22
692
489
38
11
535
225
29
692
489
37
11
535
225
22
692
489
38
11
535
225
1045
692
489
37
11
692
489
38
11
535
225
1670
692
489
37
11
535
225
22
692
489
38
11
535
225
807
692
489
37
11
692
489
38
11
535
225
26
692
489
37
11
535
225
22
692
489
38
11
535
225
24
692
489
37
11
535
225
22
692
489
38
11
535
225
1670
692
489
37
11
535
225
22
692
489
38
11
535
225
2394
692
489
37
11
535
225
22
692
489
38
11
535
225
22
692
489
37
11
692
489
38
11
535
225
24
692
489
37
11
535
225
22
692
489
38
11
535
225
22
692
489
37
11
692
489
38
11
535
225
23
692
489
37
11
692
489
38
11
535
225
1045
692
489
37
11
535
225
22
692
489
38
11
692
489
37
11
535
225
22
692
489
38
11
535
225
22
692
489
37
11
535
225
22
692
489
38
11
535
225
1045
692
489
37
11
535
225
22
692
489
38
11
535
225
992
692
489
37
11
535
225
22
692
489
38
11
535
225
23
692
489
37
11
535
225
22
692
489
38
11
535
225
22
692
489
37
11
535
225
22
692
489
38
11
535
225
622
692
489
37
11
535
225
22
692
489
38
11
535
225
23
692
489
37
11
535
225
25
692
489
38
11
692
489
37
11
535
225
22
692
489
38
11
535
225
23
692
489
37
11
535
225
29
692
489
37
11
535
225
22
692
489
38
11
535
225
963
692
489
37
11
692
489
38
11
535
225
1773
692
489
37
11
535
225
22
692
489
38
11
535
225
740
692
489
37
11
535
225
22
692
489
38
11
535
225
22
692
489
37
11
535
225
22
692
489
38
11
535
225
23
692
489
37
11
535
225
22
692
489
38
11
535
225
1057
692
489
37
11
535
225
22
692
489
38
11
535
225
25
692
489
37
11
535
225
22
692
489
38
11
692
489
37
11
692
489
38
11
535
225
1199
692
489
37
11
535
225
22
692
489
38
11
692
489
37
11
535
225
22
692
489
38
11
535
225
22
692
489
37
11
535
225
22
692
489
38
11
535
225
1575
692
489
37
11
692
489
38
11
535
225
696
692
489
37
11
692
489
38
11
535
225
1449
692
489
37
11
535
225
22
692
489
38
11
535
225
2193
692
489
37
11
535
225
22
692
489
38
11
535
225
29
692
489
37
11
535
225
22
692
489
38
11
535
225
902
692
489
37
11
692
489
38
11
535
225
1449
692
489
37
11
692
489
38
11
535
225
1199
692
489
37
11
692
489
38
11
535
225
1710
692
489
37
11
535
225
22
692
489
38
11
535
225
902
692
489
37
11
535
225
22
692
489
38
11
535
225
27
692
489
37
11
535
225
22
692
489
38
11
535
225
22
692
489
37
11
535
225
22
692
489
38
11
535
225
22
692
489
37
11
535
225
22
692
489
38
11
535
225
25
692
489
37
11
535
225
22
692
489
38
11
535
225
28
13
1377
225
20
203
298
3999
12578
12
21
937
16
225
22
16
215531
535
225
26
692
489
37
11
692
215531
535
225
27
692
489
37
11
535
225
24
692
215531
535
225
24
692
489
37
11
692
215531
535
225
22
692
489
37
11
692
215531
692
489
37
11
692
215531
535
225
25
692
489
37
11
692
215531
535
225
27
692
489
37
11
535
225
22
692
215531
535
225
28
692
489
37
11
692
215531
692
489
37
11
535
225
22
692
215531
535
225
22
692
489
37
11
692
215531
535
225
622
692
489
37
11
692
215531
535
225
22
692
489
37
11
692
215531
535
225
22
692
489
37
11
692
215531
535
225
23
692
489
37
11
692
215531
535
225
22
692
489
37
11
692
215531
692
489
37
11
692
215531
535
225
24
692
489
37
11
692
215531
535
225
28
692
489
37
11
692
215531
692
489
37
11
692
215531
692
489
37
11
692
215531
535
225
25
692
489
37
11
692
215531
535
225
23
692
489
37
11
692
215531
535
225
807
692
489
37
11
692
215531
535
225
25
692
489
37
11
692
215531
535
225
28
692
489
37
11
692
215531
535
225
25
692
489
37
11
692
215531
692
489
37
11
692
215531
535
225
25
692
489
37
11
692
215531
535
225
622
692
489
37
11
535
225
22
692
215531
692
489
37
11
692
215531
535
225
28
692
489
37
11
692
215531
535
225
22
692
489
37
11
692
215531
535
225
23
692
489
37
11
692
215531
535
225
22
692
489
37
11
692
215531
692
489
37
11
535
225
22
692
215531
535
225
23
692
489
37
11
692
215531
535
225
22
692
489
37
11
692
215531
535
225
23
692
489
37
11
692
215531
535
225
22
692
489
37
11
692
215531
535
225
24
692
489
37
11
692
215531
535
225
27
692
489
37
11
692
215531
535
225
23
692
489
37
11
692
215531
535
225
29
692
489
37
11
692
215531
535
225
26
692
489
37
11
692
215531
692
489
37
11
535
225
23
692
215531
535
225
22
692
489
37
11
692
215531
535
225
23
692
489
37
11
692
215531
535
225
24
692
489
37
11
692
215531
535
225
740
692
489
37
11
692
215531
692
489
37
11
692
215531
535
225
28
692
489
37
11
692
215531
535
225
27
692
489
37
11
535
225
22
692
215531
535
225
25
692
489
37
11
692
215531
692
489
37
11
692
215531
535
225
22
692
489
37
11
692
215531
535
225
26
692
489
37
11
692
215531
535
225
883
692
489
37
11
692
215531
535
225
22
692
489
37
11
692
215531
535
225
24
692
489
37
11
692
215531
535
225
24
692
489
37
11
535
225
22
692
215531
692
489
37
11
692
215531
535
225
23
692
489
37
11
692
215531
692
489
37
11
692
215531
535
225
29
692
489
37
11
692
215531
692
489
37
11
692
215531
535
225
25
692
489
37
11
692
215531
535
225
1057
692
489
37
11
692
215531
535
225
25
692
489
37
11
692
215531
535
225
22
692
489
37
11
692
215531
692
489
37
11
535
225
22
692
215531
535
225
26
692
489
37
11
692
215531
535
225
22
692
489
37
11
692
215531
535
225
26
692
489
37
11
692
215531
535
225
25
692
489
37
11
692
215531
535
225
22
692
489
37
11
535
225
22
692
215531
535
225
28
692
489
37
11
692
215531
692
489
37
11
692
215531
692
489
37
11
692
215531
535
225
740
692
489
37
11
535
225
22
692
215531
692
489
37
11
692
215531
535
225
25
692
489
37
11
692
215531
535
225
25
692
489
37
11
692
215531
692
489
37
11
535
225
22
692
215531
535
225
24
692
489
37
11
692
215531
535
225
29
692
489
37
11
692
215531
692
489
37
11
692
215531
535
225
740
692
489
37
11
535
225
22
692
215531
692
489
37
11
692
215531
535
225
740
692
489
37
11
535
225
22
692
215531
535
225
25
692
489
37
11
692
215531
535
225
22
692
489
37
11
535
225
22
692
215531
692
489
37
11
692
215531
692
489
37
11
692
215531
535
225
26
692
489
37
11
535
225
23
692
215531
692
489
37
11
692
215531
535
225
23
692
489
37
11
692
215531
692
489
37
11
692
215531
535
225
29
692
489
37
11
692
215531
535
225
23
692
489
37
11
692
215531
692
489
37
11
692
215531
535
225
23
692
489
37
11
535
225
22
692
215531
692
489
37
11
535
225
22
692
215531
692
489
37
11
692
215531
692
489
37
11
692
215531
692
489
37
11
692
215531
535
225
25
692
489
37
11
692
215531
692
489
37
11
692
215531
535
225
23
692
489
37
11
692
215531
535
225
23
692
489
37
11
692
215531
535
225
22
692
489
37
11
692
215531
692
489
37
11
692
215531
535
225
807
692
489
37
11
535
225
22
692
215531
535
225
28
692
489
37
11
692
215531
535
225
22
692
489
37
11
692
215531
535
225
27
692
489
37
11
692
215531
535
225
23
692
489
37
11
692
215531
535
225
24
692
489
37
11
692
215531
692
489
37
11
692
215531
535
225
27
692
489
37
11
535
225
23
692
215531
535
225
24
692
489
37
11
692
215531
692
489
37
11
692
215531
535
225
22
692
489
37
11
692
215531
535
225
27
692
489
37
11
692
215531
692
489
37
11
692
215531
535
225
28
692
489
37
11
692
215531
535
225
22
692
489
37
11
535
225
22
692
215531
535
225
22
692
489
37
11
692
215531
535
225
23
692
489
37
11
692
215531
535
225
23
692
489
37
11
692
215531
535
225
807
692
489
37
11
692
215531
535
225
22
692
489
37
11
535
225
22
692
215531
692
489
37
11
692
215531
535
225
23
692
489
37
11
692
215531
535
225
29
692
489
37
11
692
215531
535
225
27
692
489
37
11
535
225
24
692
215531
535
225
25
692
489
37
11
692
215531
535
225
24
692
489
37
11
692
215531
535
225
26
692
489
37
11
692
215531
535
225
22
692
489
37
11
692
215531
535
225
25
692
489
37
11
535
225
23
692
215531
535
225
29
692
489
37
11
692
215531
535
225
23
692
489
37
11
692
215531
692
489
37
11
692
215531
535
225
23
692
489
37
11
535
225
22
692
215531
692
489
37
11
535
225
22
692
215531
692
489
37
11
692
215531
692
489
37
11
692
215531
692
489
37
11
692
215531
535
225
25
692
489
37
11
692
215531
692
489
37
11
692
215531
535
225
23
692
489
37
11
692
215531
535
225
23
692
489
37
11
692
215531
535
225
22
692
489
37
11
692
215531
692
489
37
11
692
215531
535
225
807
692
489
37
11
535
225
22
692
215531
535
225
28
692
489
37
11
692
215531
535
225
22
692
489
37
11
692
215531
535
225
27
692
489
37
11
692
215531
535
225
23
692
489
37
11
692
215531
535
225
24
692
489
37
11
692
215531
692
489
37
11
692
215531
535
225
27
692
489
37
11
535
225
23
692
215531
535
225
24
692
489
37
11
692
215531
692
489
37
11
692
215531
535
225
22
692
489
37
11
692
215531
535
225
27
692
489
37
11
692
215531
692
489
37
11
692
215531
535
225
28
692
489
37
11
692
215531
535
225
22
692
489
37
11
535
225
22
692
215531
535
225
22
692
489
37
11
692
215531
535
225
23
692
489
37
11
692
215531
535
225
23
692
489
37
11
692
215531
535
225
807
692
489
37
11
692
215531
535
225
22
692
489
37
11
535
225
22
692
215531
692
489
37
11
692
215531
535
225
23
692
489
37
11
692
215531
535
225
29
692
489
37
11
692
215531
535
225
27
692
489
37
11
535
225
24
692
215531
535
225
25
692
489
37
11
692
215531
535
225
24
692
489
37
11
692
215531
535
225
26
692
489
37
11
692
215531
535
225
22
692
489
37
11
692
215531
535
225
25
692
489
37
11
535
225
23
692
215531
535
225
29
692
489
37
11
692
215531
535
225
23
692
489
37
11
692
118639
3015
1377
225
20
203
298
3999
12578
12
21
937
16
225
28
16
489
37
11
535
225
21
937
13
1377
225
20
203
298
3999
12578
12
1339
16
225
27
16
489
106126
106126
106126
106126
106126
3015
1377
225
20
203
298
3999
12578
12
21
937
16
225
622
16
215531
535
225
21
937
13
1377
225
22804
7858
25635
203
298
3999
12578
12
21
937
16
225
622
16
215531
535
225
21
937
13
1377
225
22804
7858
25635
203
298
3999
12578
12
21
937
16
225
28
16
489
38
11
535
225
21
937
13
1377
225
20
203
298
3999
12578
12
25
16
225
25
16
489
4387
35
6994
3015
1377
225
22
203
298
3999
12578
12
21
937
16
225
23
16
489
10432
35
38
8806
38
35
85106
35
10432
8806
38
8806
10432
35009
10432
39195
35009
38
8806
38
35
38
8806
38
8806
85106
35
38
35
10432
39195
38
8806
38
35
38
35
38
35
10432
35
38
193230
145616
35
38
35009
10432
193230
85106
39195
38
39195
38
35
85106
35
38
35009
38
39195
38
35
38
35009
38
35
38
35009
38
35
10432
35
10432
35
10432
39195
85106
35
38
8806
38
35009
10432
39195
10432
8806
85106
39195
8806
145616
35
10432
35
38
39195
10432
35
38
35
85106
35
85106
8806
10432
35
10432
85106
35
10432
35
10432
35
10432
39195
8806
38
35
38
8806
10432
35
85106
35
38
8806
38
35
38
35009
38
39195
38
35009
38
35
38
35
10432
85106
8806
10432
85106
35009
85106
8806
38
39195
8806
38
8806
38
35
10432
35
38
35
38
39195
38
35
10432
35
10432
35
38
193230
85106
8806
85106
35
145616
8806
38
39195
85106
35
85106
39195
38
35
38
39195
10432
8806
85106
39195
145616
10432
8806
38
39195
85106
8806
85106
35009
10432
85106
35
85106
8806
145616
10432
8806
38
35
10432
8806
38
8806
38
35
38
35
10432
35
38
8806
38
35009
38
35
85106
8806
10432
35
10432
39195
85106
35009
10432
35
38
35
38
35009
38
8806
38
35009
38
35
85106
35
85106
35
38
35
145616
35
10432
8806
85106
35009
10432
8806
85106
35009
38
39195
8806
38
35009
85106
193230
145616
35
10432
35009
10432
193230
145616
8806
85106
8806
38
8806
38
8806
38
35
10432
35009
38
8806
38
35009
38
35009
38
8806
38
8806
10432
8806
38
35
10432
35
10432
35
85106
35
85106
8806
38
35009
38
8806
85106
35
10432
35
38
8806
38
35
38
35
10432
85106
35009
145616
8806
10432
35
10432
8806
10432
35009
38
35
38
35009
38
8806
10432
35
85106
35009
10432
8806
38
35009
38
8806
38
8806
38
35
85106
35
38
8806
38
8806
85106
35009
38
35
38
35
10432
8806
10432
8806
85106
35
10432
35
85106
35
10432
35
38
8806
10432
35
10432
35
10432
35
10432
35
10432
35009
10432
85106
35
145616
35
38
35009
145616
145616
8806
38
35
38
35009
10432
39195
10432
35
145616
8806
38
39195
145616
10432
8806
10432
8806
38
35
38
8806
10432
39195
38
35009
85106
8806
145616
85106
35
145616
35
145616
8806
10432
8806
38
35
38
8806
85106
8806
38
35
38
35
10432
35009
85106
35
38
35
85106
8806
10432
35
10432
193230
10432
35
10432
35009
145616
8806
10432
35009
38
8806
38
35
10432
35
10432
35
38
35
145616
35
38
35
38
35
38
35
38
8806
10432
35
38
8806
145616
35
38
35009
38
35
38
8806
38
35
10432
35
10432
39195
38
35
10432
35
38
35
38
35
10432
8806
10432
8806
38
35
145616
85106
35
10432
3015
1377
225
20
203
7203
2110
1565
4347
70305
18
76604
16
277
1749
40439
297
277
373
3506
4027
499
277
2746
6
766
341
30
1411
5648
12578
12
1339
16
225
27
16
489
106126
106126
106126
106126
106126
3015
1377
225
12180
20718
25493
22243
5489
3735
16
1325
373
24861
1310
4027
728
903
341
2484
40439
30
1411
5648
12578
12
1339
16
225
27
16
489
106126
106126
106126
106126
106126
3015
1377
225
20
22243
957
341
73411
18
99008
1850
265
20511
297
277
2746
6434
16
420
8696
277
1310
4027
436
499
1497
12360
35
461
1756
4060
373
10112
616
277
6292
3210
2586
954
1154
1998
22465
1804
35
2209
724
4445
1804
361
1641
18
16473
15698
277
3522
30
461
194863
15422
4059
277
2024
402
4655
225
12180
20718
25493
18
461
2292
1154
4059
4728
1310
4027
16
306
3724
1019
16
903
341
387
40439
386
277
1656
2740
6714
225
20
18
3483
10334
386
8696
277
2292
1154
341
6726
265
1497
1154
35
2491
9745
903
341
265
5478
2476
30
8696
277
4728
1310
1690
674
265
1497
399
35
1563
4681
16
8696
1850
1411
5648
12578
12
1339
16
225
28
16
489
106126
1424
3015
1377
225
20
68
35
2209
277
1541
4060
373
5648
12578
12
1339
16
225
27
16
489
106126
106126
106126
106126
106126
3015
1377
225
20
3210
9405
7662
277
1656
396
277
194863
2024
18
2586
1850
73411
382
19477
1538
468
277
4569
2292
1154
2732
18
887
10626
402
1375
5640
1847
2292
180005
2407
298
905
4720
4027
499
277
2746
203
298
3999
12578
12
27
16
225
24
16
489
2630
182250
35
6994
3015
1377
225
21
203
298
3999
12578
12
1339
16
225
27
16
489
106126
106126
106126
106126
106126
3015
1377
225
12180
20718
25493
203
298
3999
12578
12
883
16
225
25
16
489
2630
44031
106126
8806
3015
1377
225
20
203
298
3999
12578
12
1339
16
225
28
16
118639
37
35
38
8806
38
35
38
35
4387
182250
35
38
8806
38
182250
35009
38
35
10432
35
38
35009
6994
8806
174072
3015
1377
225
20744
11582
19964
298
905
22708
1310
4027
203
298
3999
12578
12
21
937
16
225
622
16
215531
535
225
21
937
13
1377
225
22804
7858
25635
203
298
3999
12578
12
21
937
16
225
29
16
489
38
11
535
225
622
692
489
37
11
535
225
24
692
489
38
11
535
225
23
692
489
37
11
535
225
28
692
489
38
11
692
489
37
11
535
225
25
692
489
38
11
535
225
23
692
489
37
11
692
489
38
11
535
225
24
692
489
37
11
692
489
38
11
535
225
23
692
489
37
11
692
489
38
11
535
225
22
692
489
37
11
692
489
38
11
535
225
1068
692
489
37
11
692
489
38
11
535
225
992
692
489
37
11
535
225
22
692
489
38
11
535
225
22
692
489
37
11
692
489
38
11
535
225
22
692
489
37
11
535
225
22
692
489
38
11
535
225
1068
692
489
37
11
535
225
22
692
489
38
11
535
225
22
692
489
37
11
535
225
22
692
489
38
11
535
225
883
692
489
37
11
535
225
22
692
489
38
11
535
225
22
692
489
37
11
692
489
38
11
535
225
23
692
489
37
11
692
489
38
11
535
225
1145
692
489
37
11
535
225
22
692
489
38
11
535
225
29
692
489
37
11
535
225
22
692
489
38
11
535
225
24
692
489
37
11
535
225
22
692
489
38
11
535
225
807
692
489
37
11
535
225
22
692
489
38
11
535
225
23
692
489
37
11
535
225
22
692
489
38
11
535
225
992
692
489
37
11
535
225
22
692
489
38
11
535
225
24
692
489
37
11
535
225
22
692
489
38
11
535
225
29
692
489
37
11
535
225
22
692
489
38
11
535
225
1045
692
489
37
11
692
489
38
11
535
225
1670
692
489
37
11
535
225
22
692
489
38
11
535
225
807
692
489
37
11
692
489
38
11
535
225
26
692
489
37
11
535
225
22
692
489
38
11
535
225
24
692
489
37
11
535
225
22
692
489
38
11
535
225
1670
692
489
37
11
535
225
22
692
489
38
11
535
225
2394
692
489
37
11
535
225
22
692
489
38
11
535
225
22
692
489
37
11
692
489
38
11
535
225
24
692
489
37
11
535
225
22
692
489
38
11
535
225
22
692
489
37
11
692
489
38
11
535
225
23
692
489
37
11
535
225
22
692
489
38
11
535
225
1045
692
489
37
11
535
225
22
692
489
38
11
692
489
37
11
535
225
22
692
489
38
11
535
225
22
692
489
37
11
535
225
22
692
489
38
11
535
225
1045
692
489
37
11
535
225
22
692
489
38
11
535
225
992
692
489
37
11
535
225
22
692
489
38
11
535
225
23
692
489
37
11
535
225
22
692
489
38
11
535
225
22
692
489
37
11
535
225
22
692
489
38
11
535
225
622
692
489
37
11
535
225
22
692
489
38
11
535
225
23
692
489
37
11
535
225
25
692
489
38
11
692
489
37
11
535
225
22
692
489
38
11
535
225
23
692
489
37
11
535
225
29
692
489
37
11
535
225
22
692
489
38
11
535
225
963
692
489
37
11
535
225
22
692
489
38
11
535
225
1773
692
489
37
11
535
225
22
692
489
38
11
535
225
740
692
489
37
11
535
225
22
692
489
38
11
535
225
22
692
489
37
11
535
225
22
692
489
38
11
535
225
23
692
489
37
11
535
225
22
692
489
38
11
535
225
1057
692
489
37
11
535
225
22
692
489
38
11
535
225
25
692
489
37
11
535
225
22
692
489
38
11
692
489
37
11
535
225
22
692
489
38
11
535
225
1199
692
489
37
11
535
225
22
692
489
38
11
692
489
37
11
535
225
22
692
489
38
11
535
225
22
692
489
37
11
535
225
22
692
489
38
11
535
225
1575
692
489
37
11
692
489
38
11
535
225
696
692
489
37
11
692
489
38
11
535
225
1449
692
489
37
11
535
225
22
692
489
38
11
535
225
2193
692
489
37
11
535
225
22
692
489
38
11
535
225
29
692
489
37
11
535
225
22
692
489
38
11
535
225
902
692
489
37
11
692
489
38
11
535
225
1449
692
489
37
11
692
489
38
11
535
225
1199
692
489
37
11
692
489
38
11
535
225
1710
692
489
37
11
535
225
22
692
489
38
11
535
225
902
692
489
37
11
535
225
22
692
489
38
11
535
225
27
692
489
37
11
535
225
22
692
489
38
11
535
225
22
692
489
37
11
535
225
22
692
489
38
11
535
225
22
692
489
37
11
535
225
22
692
489
38
11
535
225
25
692
489
37
11
535
225
22
692
489
38
11
535
225
28
13
1377
225
20
203
298
3999
12578
12
21
937
16
225
22
16
215531
535
225
26
692
489
37
11
692
215531
535
225
27
692
489
37
11
535
225
24
692
215531
535
225
24
692
489
37
11
692
215531
535
225
22
692
489
37
11
692
215531
692
489
37
11
692
215531
535
225
25
692
489
37
11
692
215531
535
225
27
692
489
37
11
535
225
22
692
215531
535
225
28
692
489
37
11
692
215531
692
489
37
11
535
225
22
692
215531
535
225
22
692
489
37
11
692
215531
535
225
622
692
489
37
11
692
215531
535
225
22
692
489
37
11
692
215531
535
225
22
692
489
37
11
692
215531
535
225
23
692
489
37
11
692
215531
535
225
22
692
489
37
11
692
215531
692
489
37
11
692
215531
535
225
24
692
489
37
11
692
215531
535
225
28
692
489
37
11
692
215531
692
489
37
11
692
215531
692
489
37
11
692
215531
535
225
25
692
489
37
11
692
215531
535
225
23
692
489
37
11
692
215531
535
225
807
692
489
37
11
692
215531
535
225
25
692
489
37
11
692
215531
535
225
28
692
489
37
11
692
215531
535
225
25
692
489
37
11
692
215531
692
489
37
11
692
215531
535
225
25
692
489
37
11
692
215531
535
225
622
692
489
37
11
535
225
22
692
215531
692
489
37
11
692
215531
535
225
28
692
489
37
11
692
215531
535
225
22
692
489
37
11
692
215531
535
225
23
692
489
37
11
692
215531
535
225
22
692
489
37
11
692
215531
692
489
37
11
535
225
22
692
215531
535
225
23
692
489
37
11
692
215531
535
225
22
692
489
37
11
692
215531
535
225
23
692
489
37
11
692
215531
535
225
22
692
489
37
11
692
215531
535
225
24
692
489
37
11
692
215531
535
225
27
692
489
37
11
692
215531
535
225
23
692
489
37
11
692
215531
535
225
29
692
489
37
11
692
215531
535
225
26
692
489
37
11
692
215531
692
489
37
11
535
225
23
692
215531
535
225
22
692
489
37
11
692
215531
535
225
23
692
489
37
11
692
215531
535
225
24
692
489
37
11
692
215531
535
225
740
692
489
37
11
692
215531
692
489
37
11
692
215531
535
225
28
692
489
37
11
692
215531
535
225
27
692
489
37
11
535
225
22
692
215531
535
225
25
692
489
37
11
692
215531
692
489
37
11
692
215531
535
225
22
692
489
37
11
692
215531
535
225
26
692
489
37
11
692
215531
535
225
883
692
489
37
11
692
215531
535
225
22
692
489
37
11
692
215531
535
225
24
692
489
37
11
692
215531
535
225
24
692
489
37
11
535
225
22
692
215531
692
489
37
11
692
215531
535
225
23
692
489
37
11
692
215531
692
489
37
11
692
215531
535
225
29
692
489
37
11
692
215531
692
489
37
11
692
215531
535
225
25
692
489
37
11
692
215531
535
225
1057
692
489
37
11
692
215531
535
225
25
692
489
37
11
692
215531
535
225
22
692
489
37
11
692
215531
692
489
37
11
535
225
22
692
215531
535
225
26
692
489
37
11
692
215531
535
225
22
692
489
37
11
692
215531
535
225
26
692
489
37
11
692
215531
535
225
25
692
489
37
11
692
215531
535
225
22
692
489
37
11
535
225
22
692
215531
535
225
28
692
489
37
11
692
215531
692
489
37
11
692
215531
692
489
37
11
692
215531
535
225
740
692
489
37
11
535
225
22
692
215531
692
489
37
11
692
215531
535
225
25
692
489
37
11
692
215531
535
225
25
692
489
37
11
692
215531
692
489
37
11
535
225
22
692
215531
535
225
24
692
489
37
11
692
215531
535
225
29
692
489
37
11
692
215531
692
489
37
11
692
215531
535
225
740
692
489
37
11
535
225
22
692
215531
692
489
37
11
692
215531
535
225
740
692
489
37
11
535
225
22
692
215531
535
225
25
692
489
37
11
692
215531
535
225
22
692
489
37
11
535
225
22
692
215531
692
489
37
11
692
215531
692
489
37
11
692
215531
535
225
26
692
489
37
11
535
225
23
692
215531
692
489
37
11
692
215531
535
225
23
692
489
37
11
692
215531
692
489
37
11
692
215531
535
225
29
692
489
37
11
692
215531
535
225
23
692
489
37
11
692
215531
692
489
37
11
692
215531
535
225
23
692
489
37
11
535
225
22
692
215531
692
489
37
11
535
225
22
692
215531
692
489
37
11
692
215531
692
489
37
11
692
215531
692
489
37
11
692
215531
535
225
25
692
489
37
11
692
215531
692
489
37
11
692
215531
535
225
23
692
489
37
11
692
215531
535
225
23
692
489
37
11
692
215531
535
225
22
692
489
37
11
692
215531
692
489
37
11
692
215531
535
225
807
692
489
37
11
535
225
22
692
215531
535
225
28
692
489
37
11
692
215531
535
225
22
692
489
37
11
692
215531
535
225
27
692
489
37
11
692
215531
535
225
23
692
489
37
11
692
215531
535
225
24
692
489
37
11
692
215531
692
489
37
11
692
215531
535
225
27
692
489
37
11
535
225
23
692
215531
535
225
24
692
489
37
11
692
215531
692
489
37
11
692
215531
535
225
22
692
489
37
11
692
215531
535
225
27
692
489
37
11
692
215531
692
489
37
11
692
215531
535
225
28
692
489
37
11
692
215531
535
225
22
692
489
37
11
535
225
22
692
215531
535
225
22
692
489
37
11
692
215531
535
225
23
692
489
37
11
692
215531
535
225
23
692
489
37
11
692
215531
535
225
807
692
489
37
11
692
215531
535
225
22
692
489
37
11
535
225
22
692
215531
692
489
37
11
692
215531
535
225
23
692
489
37
11
692
215531
535
225
29
692
489
37
11
692
215531
535
225
27
692
489
37
11
535
225
24
692
215531
535
225
25
692
489
37
11
692
215531
535
225
24
692
489
37
11
692
215531
535
225
26
692
489
37
11
692
215531
535
225
22
692
489
37
11
692
215531
535
225
25
692
489
37
11
535
225
23
692
215531
535
225
29
692
489
37
11
692
215531
535
225
23
692
489
37
11
692
215531
692
489
37
11
692
215531
535
225
23
692
489
37
11
535
225
22
692
215531
692
489
37
11
535
225
22
692
215531
692
489
37
11
692
215531
692
489
37
11
692
215531
692
489
37
11
692
215531
535
225
25
692
489
37
11
692
215531
692
489
37
11
692
215531
535
225
23
692
489
37
11
692
215531
535
225
23
692
489
37
11
692
215531
535
225
22
692
489
37
11
692
215531
692
489
37
11
692
215531
535
225
807
692
489
37
11
535
225
22
692
215531
535
225
28
692
489
37
11
692
215531
535
225
22
692
489
37
11
692
215531
535
225
27
692
489
37
11
692
215531
535
225
23
692
489
37
11
692
215531
535
225
24
692
489
37
11
692
215531
692
489
37
11
692
215531
535
225
27
692
489
37
11
535
225
23
692
215531
535
225
24
692
489
37
11
692
215531
692
489
37
11
692
215531
535
225
22
692
489
37
11
692
215531
535
225
27
692
489
37
11
692
215531
692
489
37
11
692
215531
535
225
28
692
489
37
11
692
215531
535
225
22
692
489
37
11
535
225
22
692
215531
535
225
22
692
489
37
11
692
215531
535
225
23
692
489
37
11
692
215531
535
225
23
692
489
37
11
692
215531
535
225
807
692
489
37
11
692
215531
535
225
22
692
489
37
11
535
225
22
692
215531
692
489
37
11
692
215531
535
225
23
692
489
37
11
692
215531
535
225
29
692
489
37
11
692
215531
535
225
27
692
489
37
11
535
225
24
692
215531
535
225
25
692
489
37
11
692
215531
535
225
24
692
489
37
11
692
215531
535
225
26
692
489
37
11
692
215531
535
225
22
692
489
37
11
692
215531
535
225
25
692
489
37
11
535
225
23
692
215531
535
225
29
692
489
37
11
692
215531
535
225
23
692
489
37
11
692
118639
3015
1377
225
20
203
298
3999
12578
12
21
937
16
225
28
16
489
37
11
535
225
21
937
13
1377
225
20
203
298
3999
12578
12
1339
16
225
27
16
489
106126
106126
106126
106126
106126
3015
1377
225
20
203
298
3999
12578
12
21
937
16
225
622
16
215531
535
225
21
937
13
1377
225
22804
7858
25635
203
298
3999
12578
12
21
937
16
225
622
16
215531
535
225
21
937
13
1377
225
22804
7858
25635
203
298
3999
12578
12
21
937
16
225
28
16
489
38
11
535
225
21
937
13
1377
225
20
203
298
3999
12578
12
25
16
225
25
16
489
4387
35
6994
3015
1377
225
22
203
298
3999
12578
12
21
937
16
225
23
16
489
10432
35
38
8806
38
35
85106
35
10432
8806
38
8806
10432
35009
10432
39195
35009
38
8806
38
35
38
8806
38
8806
85106
35
38
35
10432
39195
38
8806
38
35
38
35
38
35
10432
35
38
193230
145616
35
38
35009
10432
193230
85106
39195
38
39195
38
35
85106
35
38
35009
38
39195
38
35
38
35009
38
35
38
35009
38
35
10432
35
10432
35
10432
39195
85106
35
38
8806
38
35009
10432
39195
10432
8806
85106
39195
8806
145616
35
10432
35
38
39195
10432
35
38
35
85106
35
85106
8806
10432
35
10432
85106
35
10432
35
10432
35
10432
39195
8806
38
35
38
8806
10432
35
85106
35
38
8806
38
35
38
35009
38
39195
38
35009
38
35
38
35
10432
85106
8806
10432
85106
35009
85106
8806
38
39195
8806
38
8806
38
35
10432
35
38
35
38
39195
38
35
10432
35
10432
35
38
193230
85106
8806
85106
35
145616
8806
38
39195
85106
35
85106
39195
38
35
38
39195
10432
8806
85106
39195
145616
10432
8806
38
39195
85106
8806
85106
35009
10432
85106
35
85106
8806
145616
10432
8806
38
35
10432
8806
38
8806
38
35
38
35
10432
35
38
8806
38
35009
38
35
85106
8806
10432
35
10432
39195
85106
35009
10432
35
38
35
38
35009
38
8806
38
35009
38
35
85106
35
85106
35
38
35
145616
35
10432
8806
85106
35009
10432
8806
85106
35009
38
39195
8806
38
35009
85106
193230
145616
35
10432
35009
10432
193230
145616
8806
85106
8806
38
8806
38
8806
38
35
10432
35009
38
8806
38
35009
38
35009
38
8806
38
8806
10432
8806
38
35
10432
35
10432
35
85106
35
85106
8806
38
35009
38
8806
85106
35
10432
35
38
8806
38
35
38
35
10432
85106
35009
145616
8806
10432
35
10432
8806
10432
35009
38
35
38
35009
38
8806
10432
35
85106
35009
10432
8806
38
35009
38
8806
38
8806
38
35
85106
35
38
8806
38
8806
85106
35009
38
35
38
35
10432
8806
10432
8806
85106
35
10432
35
85106
35
10432
35
38
8806
10432
35
10432
35
10432
35
10432
35
10432
35009
10432
85106
35
145616
35
38
35009
145616
145616
8806
38
35
38
35009
10432
39195
10432
35
145616
8806
38
39195
145616
10432
8806
10432
8806
38
35
38
8806
10432
39195
38
35009
85106
8806
145616
85106
35
145616
35
145616
8806
10432
8806
38
35
38
8806
85106
8806
38
35
38
35
10432
35009
85106
35
38
35
85106
8806
10432
35
10432
193230
10432
35
10432
35009
145616
8806
10432
35009
38
8806
38
35
10432
35
10432
35
38
35
145616
35
38
35
38
35
38
35
38
8806
10432
35
38
8806
145616
35
38
35009
38
35
38
8806
38
35
10432
35
10432
39195
38
35
10432
35
38
35
38
35
10432
8806
10432
8806
38
35
145616
85106
35
10432
3015
1377
225
20
203
7203
2110
1565
277
73411
40439
8615
12775
30
373
5648
12578
12
1339
16
225
27
16
489
106126
106126
106126
106126
106126
3015
1377
225
20
6
8615
12775
35
41729
1850
9603
1325
277
3733
730
35
461
6917
30
1325
277
1058
4728
1310
344
1833
8730
1794
733
539
569
373
5648
12578
12
21
937
16
225
22
16
4074
24248
1232
3735
373
5648
12578
12
21
937
16
225
28
16
489
37
11
535
225
21
937
13
1377
225
20
728
1232
373
5648
12578
12
1339
16
225
27
16
489
106126
106126
106126
106126
106126
3015
1377
225
20
728
1232
373
5648
12578
12
21
937
16
225
622
16
215531
535
225
21
937
13
1377
225
22804
7858
25635
728
1232
373
5648
12578
12
21
937
16
225
622
16
215531
535
225
21
937
13
1377
225
22804
7858
25635
728
1232
373
5648
12578
12
21
937
16
225
28
16
489
38
11
535
225
21
937
13
1377
225
20
728
1232
373
5648
12578
12
25
16
225
25
16
489
4387
35
6994
3015
1377
225
22
728
1232
265
8730
2009
40439
25782
225
20
18
2586
903
436
1217
70305
352
344
1339
16
27
16
616
118639
3015
35
41729
277
1058
730
341
297
277
373
3506
4027
499
277
2746
6
3965
16
277
1749
730
341
297
277
373
24861
1310
4027
6
3965
18
2586
14233
16
277
2746
5563
304
569
52218
16233
18
99008
277
194863
2024
341
4309
16
306
277
4728
1310
1690
341
265
1497
7273
35
2209
1850
7662
277
1656
1794
18
22547
411
361
386
277
2292
1154
341
6726
265
1497
1154
16
8696
277
12578
1154
341
265
1497
3478
35
2491
9745
277
1756
1858
265
20511
297
41290
277
6292
18
2952
16
277
12759
4060
373
10112
616
277
6292
3210
2586
539
1008
304
4802
954
1154
19553
616
70305
297
277
2292
1154
16
2291
1804
18
3483
1011
361
13861
592
724
436
73411
382
25790
277
4728
1310
1690
341
3757
6726
265
1497
1154
344
7846
265
1497
7878
13
689
539
436
304
3138
1682
129966
86796
16
697
341
1065
12578
341
35
610
277
2292
1154
16
724
1465
12578
18
2586
12578
341
44004
277
1154
539
436
304
3138
18
461
2292
1154
341
3419
498
277
1756
396
277
1310
34030
18
2586
539
1998
1265
2897
386
1682
129966
86796
344
507
7878
13
19553
616
70305
297
2292
18
2586
539
1008
304
22465
1804
1375
17
12578
12
1339
16
225
27
16
489
106126
106126
106126
106126
106126
3015
1196
6792
225
12180
20718
25493
344
3161
277
1058
40439
297
277
373
3506
4027
499
277
2746
6
766
13
5709
851
6792
225
20
344
3161
277
3735
40439
297
277
373
24861
1310
4027
6
766
680
9405
13861
382
27872
903
1998
361
387
2615
18
99008
277
4728
1310
1690
341
5478
188772
31
8696
1850
12578
12
1339
16
225
28
16
489
106126
1424
3015
1377
225
20
35
16473
15698
277
3522
30
610
277
373
24861
1310
4027
728
1325
277
1058
730
344
21
937
16
622
16
616
118639
3015
903
341
265
1423
730
344
21
937
16
29
16
4074
680
5489
903
341
265
225
21
937
16
22
16
4074
1232
265
225
21
937
16
28
16
489
37
82682
21
937
16
1232
225
1339
16
27
16
616
118639
6627
3483
5563
686
302
2111
1480
277
225
1339
16
27
16
616
215531
540
3402
10753
306
4655
225
12180
20718
25493
18
8370
1011
724
14361
411
402
225
20
35
99008
1850
265
20511
306
1196
361
225
20
352
910
852
399
35
2491
8696
277
1794
341
1497
35
2209
1850
7662
277
1656
382
25790
277
2292
1154
4059
1804
277
2746
494
7120
306
4728
7120
16
689
277
4728
7120
436
352
265
1497
3478
302
277
2746
35
461
1756
4060
373
6534
277
2165
1154
16607
306
194863
16
7095
3138
277
1154
4546
306
1717
616
277
6292
1304
461
194863
4059
277
2240
7120
18
2586
277
2746
5224
4164
36033
1731
2240
396
277
6332
7120
18
461
2292
1154
2428
361
265
8156
1310
34030
386
4059
4814
6292
386
2428
361
352
265
1497
1154
35
2209
724
436
616
61405
366
12578
16
697
341
44004
277
1154
539
436
17713
18
2586
724
436
766
302
277
1656
1310
20155
18
2586
539
1998
1717
616
302
1019
382
23928
277
54037
16
9745
903
341
265
236759
30
461
2292
1154
2428
361
1161
304
1310
277
1154
539
436
17713
16
689
277
70305
2428
361
15142
1175
386
910
302
1019
436
10439
304
361
1774
1094
592
3166
3776
3855
35
2209
724
436
616
61405
16
713
724
616
1998
1717
382
25790
277
1749
40439
352
344
1339
16
27
16
616
118639
3015
341
3757
265
20511
16
306
277
4309
4655
1333
341
225
20
35
2209
277
194863
4060
225
12180
20718
25493
18
8548
730
341
717
4164
304
361
4309
35
461
194863
341
766
302
277
2746
6434
3419
304
471
18
461
4728
1310
4027
2428
361
499
277
4607
2746
494
8887
6292
35
2952
16
277
1756
19986
4060
373
5677
4222
59947
5533
213288
1304
2586
539
4273
2312
277
1310
70305
18
2586
954
7878
1998
22465
616
302
1019
396
2688
382
27872
539
1008
304
1565
592
1850
2731
386
1682
129966
86796
12
1339
16
27
16
616
118639
3015
1387
361
1804
225
12180
20718
25493
306
225
20
35
2523
382
25790
277
1154
1227
297
277
2292
341
516
1682
129966
86796
35
461
2292
1154
5119
373
103264
3210
3483
10334
386
277
1154
539
1008
304
3138
341
8298
373
103264
6
297
277
6726
3167
16
689
277
2746
6434
4060
277
1154
16607
341
373
1847
1682
129966
86796
4020
30
853
16
399
30
853
16
272
30
1284
13
2649
853
3210
99008
277
6726
34030
63340
954
1154
396
12578
35
2209
277
1756
4060
373
3039
1196
18523
277
2363
385
11116
297
265
127068
2363
2732
344
22310
642
61694
277
4607
5442
118742
2586
539
436
304
6754
277
4607
1154
344
8781
341
1682
129966
86796
13
402
954
7878
18
461
2292
1154
341
5091
265
8156
1154
386
642
1465
1682
129966
86796
344
273
8696
1850
265
4188
2292
680
2209
277
1756
4060
373
8940
2292
38460
129966
86796
13
304
1774
6292
1304
2586
724
31786
304
1465
2292
402
954
1154
396
7411
18
2586
277
2292
1154
642
1465
12578
344
8781
341
277
7895
1154
680
2586
12578
341
1682
129966
86796
18
2586
14233
16
277
1656
1154
382
27872
539
569
265
12475
18
22977
277
2292
1154
4059
1804
277
2746
494
7120
306
4728
7120
16
306
277
4728
7120
2549
265
1310
386
277
616
215531
1690
352
344
1339
16
27
13
1196
361
225
20
16
689
386
102717
277
2746
494
2024
18
22547
411
361
386
277
2746
494
2024
341
3757
352
265
1497
399
35
2523
16
1850
277
1656
382
25790
277
2292
192497
40439
352
344
1339
16
27
16
616
118639
3015
341
265
5209
183764
2615
306
1196
361
352
265
1497
2740
16
1013
344
1339
16
28
16
616
118639
3015
35
2209
277
1794
341
616
489
88569
306
399
33
28
16
8696
411
1196
361
225
20
35
2209
277
2746
494
2024
352
399
33
28
341
516
2688
18
2952
16
903
341
387
40439
352
344
1339
16
28
16
118639
37
35
38
8806
38
35
38
35
4387
182250
35
38
8806
38
182250
35009
38
35
10432
35
38
35009
6994
8806
174072
3015
1377
225
20744
11582
18
9405
1497
382
19477
15698
277
4728
1310
4027
1568
14316
18
4790
277
1058
2487
16
903
341
265
1880
30
373
5648
12578
12
21
937
16
225
622
16
215531
535
225
21
937
13
1377
225
22804
7858
25635
3210
5489
373
5648
12578
12
21
937
16
225
29
16
489
38
11
535
225
622
692
489
37
11
535
225
24
692
489
38
11
535
225
23
692
489
37
11
535
225
28
692
489
38
11
692
489
37
11
535
225
25
692
489
38
11
535
225
23
692
489
37
11
692
489
38
11
535
225
24
692
489
37
11
535
8886
78311
3483
341
265
1586
1423
1794
18
5489
373
5648
12578
12
21
937
16
225
22
16
215531
535
225
26
692
489
37
11
692
215531
535
225
27
692
489
37
11
535
225
24
692
215531
535
225
24
692
489
37
11
692
215531
535
225
22
692
489
37
11
692
215531
692
489
37
11
692
215531
535
225
25
692
489
37
11
692
215531
535
225
27
692
489
37
11
535
225
22
692
215531
535
225
28
692
489
37
11
692
215531
692
489
37
11
535
225
22
692
215531
535
225
22
692
489
37
11
692
215531
535
225
622
692
489
37
11
692
215531
535
225
22
692
489
37
11
692
215531
535
225
22
692
489
37
11
692
215531
535
225
23
692
489
37
11
692
215531
535
225
22
692
489
37
11
692
215531
692
489
37
11
692
215531
535
225
24
692
489
37
11
692
215531
535
225
28
692
489
37
11
692
215531
692
489
37
11
692
215531
692
489
37
11
692
215531
535
225
25
692
489
37
11
692
215531
535
225
23
692
489
37
11
692
215531
535
225
807
692
489
37
11
692
215531
535
225
25
692
489
37
11
692
215531
535
225
28
692
489
37
11
692
215531
535
225
25
692
489
37
11
692
215531
692
489
37
11
692
215531
535
225
25
692
489
37
11
692
215531
535
225
622
692
489
37
11
535
225
22
692
215531
692
489
37
11
692
215531
535
225
28
692
489
37
11
692
215531
535
225
22
692
489
37
11
692
215531
535
225
23
692
489
37
11
692
215531
535
225
22
692
489
37
11
692
215531
692
489
37
11
535
225
22
692
215531
535
225
23
692
489
37
11
692
215531
535
225
22
692
489
37
11
692
215531
535
225
23
692
489
37
11
692
215531
535
225
22
692
489
37
11
692
215531
535
225
24
692
489
37
11
692
215531
535
225
27
692
489
37
11
692
215531
535
225
23
692
489
37
11
692
215531
535
225
29
692
489
37
11
692
215531
535
225
26
692
489
37
11
692
215531
692
489
37
11
535
225
23
692
215531
535
225
22
692
489
37
11
692
215531
535
225
23
692
489
37
11
692
215531
535
225
24
692
489
37
11
692
215531
535
225
740
692
489
37
11
692
215531
692
489
37
11
692
215531
535
225
28
692
489
37
11
692
215531
535
225
27
692
489
37
11
535
225
22
692
215531
535
225
25
692
489
37
11
692
215531
692
489
37
11
692
215531
535
225
22
692
489
37
11
692
215531
535
225
26
692
489
37
11
692
215531
535
225
883
692
489
37
11
692
215531
535
225
22
692
489
37
11
692
215531
535
225
24
692
489
37
11
692
215531
535
225
24
692
489
37
11
535
225
22
692
215531
692
489
37
11
692
215531
535
225
23
692
489
37
11
692
215531
692
489
37
11
692
215531
535
225
29
692
489
37
11
692
215531
692
489
37
11
692
215531
535
225
25
692
489
37
11
692
215531
535
225
1057
692
489
37
11
692
215531
535
225
25
692
489
37
11
692
215531
535
225
22
692
489
37
11
692
215531
692
489
37
11
535
225
22
692
215531
535
225
26
692
489
37
11
692
215531
535
225
22
692
489
37
11
692
215531
535
225
26
692
489
37
11
692
215531
535
225
25
692
489
37
11
692
215531
535
225
22
692
489
37
11
535
225
22
692
215531
535
225
28
692
489
37
11
692
215531
692
489
37
11
692
215531
692
489
37
11
692
215531
535
225
740
692
489
37
11
535
225
22
692
215531
692
489
37
11
692
215531
535
225
25
692
489
37
11
692
215531
535
225
25
692
489
37
11
692
215531
692
489
37
11
535
225
22
692
215531
535
225
24
692
489
37
11
692
215531
535
225
29
692
489
37
11
692
215531
692
489
37
11
692
215531
535
225
740
692
489
37
11
535
225
22
692
215531
692
489
37
11
692
215531
535
225
740
692
489
37
11
535
225
22
692
215531
535
225
25
692
489
37
11
692
215531
535
225
22
692
489
37
11
535
225
22
692
215531
692
489
37
11
692
215531
692
489
37
11
692
215531
535
225
26
692
489
37
11
535
225
23
692
215531
692
489
37
11
692
215531
535
225
23
692
489
37
11
692
215531
692
489
37
11
692
215531
535
225
29
692
489
37
11
692
215531
535
225
23
692
489
37
11
692
215531
692
489
37
11
692
215531
535
225
23
692
489
37
11
535
225
22
692
215531
692
489
37
11
535
225
22
692
215531
692
489
37
11
692
215531
692
489
37
11
692
215531
692
489
37
11
692
215531
535
225
25
692
489
37
11
692
215531
692
489
37
11
692
215531
535
225
23
692
489
37
11
692
215531
535
225
23
692
489
37
11
692
215531
535
225
22
692
489
37
11
692
215531
692
489
37
11
692
215531
535
225
807
692
489
37
11
535
225
22
692
215531
535
225
28
692
489
37
11
692
215531
535
225
22
692
489
37
11
692
215531
535
225
27
692
489
37
11
692
215531
535
225
23
692
489
37
11
692
215531
535
225
24
692
489
37
11
692
215531
692
489
37
11
692
215531
535
225
27
692
489
37
11
535
225
23
692
215531
535
225
24
692
489
37
11
692
215531
692
489
37
11
692
215531
535
225
22
692
489
37
11
692
215531
535
225
27
692
489
37
11
692
215531
692
489
37
11
692
215531
535
225
28
692
489
37
11
692
215531
535
225
22
692
489
37
11
535
225
22
692
215531
535
225
22
692
489
37
11
692
215531
535
225
23
692
489
37
11
692
215531
535
225
23
692
489
37
11
692
215531
535
225
807
692
489
37
11
692
215531
535
225
22
692
489
37
11
535
225
22
692
215531
692
489
37
11
692
215531
535
225
23
692
489
37
11
692
215531
535
225
29
692
489
37
11
692
215531
535
225
27
692
489
37
11
535
225
24
692
215531
535
225
25
692
489
37
11
692
215531
535
225
24
692
489
37
11
692
215531
535
225
26
692
489
37
11
692
215531
535
225
22
692
489
37
11
692
215531
535
225
25
692
489
37
11
535
225
23
692
215531
535
225
29
692
489
37
11
692
215531
535
225
23
692
489
37
11
692
215531
692
489
37
11
692
215531
535
225
23
692
489
37
11
535
225
22
692
215531
692
489
37
11
535
225
22
692
215531
692
489
37
11
692
215531
692
489
37
11
692
215531
692
489
37
11
692
215531
535
225
25
692
489
37
11
692
215531
692
489
37
11
692
215531
535
225
23
692
489
37
11
692
215531
535
225
23
692
489
37
11
692
215531
535
225
22
692
489
37
11
692
215531
692
489
37
11
692
215531
535
225
807
692
489
37
11
535
225
22
692
215531
535
225
28
692
489
37
11
692
215531
535
225
22
692
489
37
11
692
215531
535
225
27
692
489
37
11
692
215531
535
225
23
692
489
37
11
692
215531
535
225
24
692
489
37
11
692
215531
692
489
37
11
692
215531
535
225
27
692
489
37
11
535
225
23
692
215531
535
225
24
692
489
37
11
692
215531
692
489
37
11
692
215531
535
225
22
692
489
37
11
692
215531
535
225
27
692
489
37
11
692
215531
692
489
37
11
692
215531
535
225
28
692
489
37
11
692
215531
535
225
22
692
489
37
11
535
225
22
692
215531
535
225
22
692
489
37
11
692
215531
535
225
23
692
489
37
11
692
215531
535
225
23
692
489
37
11
692
215531
535
225
807
692
489
37
11
692
215531
535
225
22
692
489
37
11
535
225
22
692
215531
692
489
37
11
692
215531
535
225
23
692
489
37
11
692
215531
535
225
29
692
489
37
11
692
215531
535
225
27
692
489
37
11
535
225
24
692
215531
535
225
25
692
489
37
11
692
215531
535
225
24
692
489
37
11
692
215531
535
225
26
692
489
37
11
692
215531
535
225
22
692
489
37
11
692
215531
535
225
25
692
489
37
11
535
225
23
692
215531
535
225
29
692
489
37
11
692
215531
535
225
23
692
489
37
11
692
118639
3015
1377
225
20
300
16763
9283
1423
18
2586
4164
277
4728
1310
4027
436
499
277
4607
2746
494
1310
20155
16
306
724
436
616
10358
402
277
2746
494
6304
18
2586
277
54037
2428
361
265
36915
2615
30
9745
277
1749
40439
352
344
1339
16
27
16
616
118639
3015
341
3757
352
265
1497
1794
16
1013
344
1339
16
27
16
118639
37
35
38
1424
3015
35
2209
1850
5448
396
616
118639
6627
22547
411
361
386
277
1756
98571
5101
277
194863
2024
297
277
2292
1154
396
1357
35
2209
277
2292
1154
341
8156
306
277
1756
4060
373
8940
2292
38460
129966
86796
13
304
1774
6292
1304
2586
8696
277
2292
1154
341
10439
304
361
1161
498
277
1756
304
1310
725
7878
16
689
277
1756
851
9002
471
304
1717
277
194863
7120
18
461
2292
1154
4059
1451
717
6292
16
689
8696
910
302
1019
436
499
265
1497
2746
35
2952
16
277
194863
7120
436
5101
297
277
2292
1154
396
1357
344
1833
1058
3148
61405
297
2292
4850
304
277
194863
7120
35
16473
1565
30
2292
494
1058
3148
61405
638
17
12578
12
27
16
24
5687
2630
182250
35
6994
3015
1377
225
21
203
17
12578
12
1339
16
27
5687
106126
106126
106126
106126
106126
3015
1377
225
12180
20718
25493
203
17
12578
12
883
16
25
5687
2630
44031
106126
8806
3015
1377
225
20
203
17
12578
12
1339
16
28
5687
35
37
35
38
8806
38
35
38
35
4387
182250
35
38
8806
38
182250
35009
38
35
10432
35
38
35009
6994
8806
174072
3015
1377
225
20744
11582
300
8928
436
7662
277
194863
7120
4171
387
4814
730
344
1833
12868
13
386
341
516
297
277
194863
18
461
194863
1094
1078
2240
7120
18
2586
277
2292
1154
4059
387
4814
1310
1690
344
1833
12868
13
386
341
516
297
277
194863
18
5489
411
14215
373
24861
1310
4027
728
697
436
1451
717
18
2586
411
5563
386
277
2833
1310
20155
4059
277
2240
194863
7120
16
4171
277
12868
344
50180
4472
3735
733
4171
1451
4728
6299
18
2586
277
1310
20155
341
11074
382
8311
16
277
54037
30
461
1749
1310
297
1804
11797
341
277
1656
344
1339
16
27
16
616
118639
3015
31518
225
12180
20718
25493
297
277
1058
3965
306
225
20
297
277
4728
3965
18
3483
10334
386
8696
277
4728
3965
4059
265
1310
352
344
1339
16
27
16
616
118639
3015
31518
225
20
16
689
386
1011
38469
277
7977
32791
18
22547
411
361
386
277
4728
3965
4059
265
1310
352
344
1339
16
27
16
616
118639
3015
689
402
265
1497
399
35
2523
16
1850
19986
399
33
27
382
25790
903
341
265
236759
30
461
4728
1310
4027
1568
2428
361
766
302
277
194863
35
41729
277
1756
3270
4059
277
194863
306
1232
277
2292
1154
18
461
2292
1154
341
8156
16
689
8696
1850
265
42178
302
277
194863
35
461
1756
4060
30
373
6534
277
2165
1154
16607
306
194863
16
7095
3138
277
1154
4546
306
1717
616
277
6292
18
1995
5677
4222
59947
5533
213288
11164
1532
1196
18523
277
2363
385
11116
297
265
127068
2363
2732
344
826
22057
13
344
22310
642
61694
277
4607
5442
994
5640
1847
1682
129966
86796
4020
30
853
16
399
30
853
16
272
30
1284
13
2649
853
638
298
4074
194863
13361
7203
1847
2292
180005
2407
298
905
4720
4027
499
277
2746
203
298
84698
4892
411
5563
386
277
1756
341
6198
1217
10984
30
277
1154
16607
306
194863
344
8781
341
277
4607
1154
539
1008
304
3138
733
306
1232
265
8156
1310
1154
386
642
361
1161
304
12476
954
7878
18
461
1310
1154
4059
70305
386
954
1154
1998
22465
18
2586
539
1998
22465
616
70305
297
2292
18
461
194863
851
4059
2240
7120
16
689
1731
436
1060
7120
31
277
5772
1310
20155
341
277
2292
1154
18
2586
277
96882
9371
386
903
2428
361
265
20511
297
277
2746
6434
420
297
277
1310
4027
3419
18
2952
16
396
265
52992
16
539
1998
6496
387
7878
386
19553
277
2688
6292
18
7517
539
4273
14637
277
6292
16
539
1998
10987
386
277
6292
436
4309
306
954
7878
1998
22465
1019
18
1437
903
341
265
54037
16
9745
954
38474
341
9546
2761
16
306
277
4309
3032
352
344
1339
16
27
16
616
118639
3015
2428
3757
361
225
20
35
2209
277
194863
4060
225
12180
20718
25493
18
22547
411
361
386
277
194863
341
6078
35
2209
277
1756
19986
4060
373
10112
616
277
6292
728
306
277
6292
436
297
2292
18
2586
539
1196
6150
304
1717
616
61405
297
2292
16
2291
277
730
386
36033
225
20
352
344
1339
16
27
16
616
118639
5911
2952
16
386
1011
4759
277
7977
40439
386
36033
225
12180
20718
25493
18
34159
277
2292
1154
341
1774
4347
3041
402
1497
5938
35
2523
16
1850
265
3225
1154
402
4347
61405
382
25790
277
2292
1154
341
516
10439
304
361
1774
396
265
4425
31
9745
1850
1060
8550
7120
16
689
277
5772
1310
20155
386
642
361
1161
304
12476
954
4377
341
1497
35
461
12759
4060
30
373
8940
2292
38460
129966
86796
13
304
1774
6292
1304
3483
10334
386
277
1756
642
1774
2292
402
954
1154
396
7411
18
2586
539
1998
1265
2897
386
890
2292
341
2988
16
616
61405
1717
18
8111
16
954
7878
1998
22465
1804
73411
16233
18
3483
341
13861
9082
277
1154
72934
21214
2387
366
910
8887
1889
16
697
341
516
52298
382
23928
277
11279
5315
302
1131
4066
344
3161
14874
11574
733
277
616
215531
1690
402
399
33
27
16
307
33
1339
1196
569
910
4898
1682
16
516
7810
18
461
1435
225
12180
20718
25493
7348
52298
18
461
4728
1310
1690
31518
225
20
2428
361
265
103364
16
420
9745
1850
352
265
1497
2740
344
50180
402
265
1497
399
680
22547
411
361
386
277
4728
1310
1690
341
3757
373
5648
12578
12
1339
16
225
28
16
489
106126
1424
3015
1377
225
20
26471
8801
225
1339
16
28
616
215531
2428
361
225
20
35
16473
1310
38278
30
1563
616
489
88569
399
33
28
16
341
411
2731
304
569
265
1794
302
4354
225
1339
402
840
236189
178142
85523
302
4354
225
28
35
99008
12035
16
903
436
1451
18
2586
516
13375
225
20
18
2209
277
1310
36033
225
20
16
697
5563
21930
18
2952
16
277
1310
352
616
489
37
11
6632
225
20
16
396
1414
616
489
38
11
306
616
118639
6300
35
3557
13375
18
2209
903
436
1451
14580
386
4928
236189
164508
302
265
2688
4354
35
1563
2164
399
16
903
436
14580
386
4928
236189
164508
302
4354
399
18
1563
2024
16
352
399
33
22
16
14580
402
840
236189
178142
85523
302
4354
225
22
436
1731
402
840
1217
6792
16556
8210
344
77
3077
1278
49884
340
35939
680
2586
903
436
1451
1175
14580
18
2586
352
616
489
88569
277
1682
1196
361
4898
352
1451
399
18
2586
31518
225
20
352
344
1339
16
27
16
616
118639
3015
341
40877
382
25790
277
4728
1310
1690
341
3757
352
265
1497
1154
35
461
1756
8089
373
1847
2292
180005
2738
6
306
1232
14215
6292
18
99008
277
1756
9444
304
2483
265
8156
1310
1154
386
4059
1804
277
2746
494
7120
306
4728
6292
16
689
498
20511
16
277
1880
373
5648
12578
12
1339
16
225
27
16
489
106126
106126
106126
106126
106126
3015
1377
225
20
6
341
265
83092
499
265
3733
3478
420
2761
18
18750
277
3522
16
342
1761
277
1210
4164
4309
4655
1333
341
225
12180
20718
25493
16
396
621
277
194863
306
277
1058
40439
297
2292
18
461
3735
31579
40439
31518
225
20
341
5091
387
2615
306
1196
361
128011
18
2952
16
277
1756
19986
1392
373
10112
616
277
6292
3210
1437
539
14801
277
31579
16
539
2428
4759
592
277
21633
15856
4059
386
31579
18
2209
8696
277
157234
1310
20155
341
1094
277
730
297
277
194863
35
461
1756
4060
373
10112
616
277
6292
728
306
277
6292
436
1731
297
277
2292
1154
18
2209
277
2292
1154
341
766
302
277
19647
3270
16
516
387
5772
15856
18
461
1756
341
7859
471
277
2746
306
277
1310
20155
18
610
1175
17409
4066
16
277
1756
3979
277
1310
20155
386
539
1008
304
1717
18
2586
539
1998
1717
616
61405
297
2292
18
1437
903
341
265
54037
16
9745
954
38474
341
6078
306
277
4309
3032
352
344
1339
16
27
16
616
118639
3015
341
3757
225
20
35
2209
277
194863
4060
225
12180
20718
25493
16
306
277
1058
40439
297
2292
851
4060
386
18
2586
8696
277
4728
40439
341
265
20511
306
1196
361
19899
18
2952
16
277
1756
2428
569
31862
277
2746
6434
499
18357
306
5101
4814
6292
386
436
516
766
302
277
10393
18
461
12759
373
5677
4222
59947
5533
213288
1304
10334
539
1196
516
9569
277
1310
70305
16
689
539
851
1998
1717
1019
18
1437
539
4273
1717
1019
1480
724
436
73411
16
9745
539
1008
304
7745
686
3097
954
38474
6632
225
12180
20718
25493
689
277
4728
1310
36033
225
20
16
306
8696
539
436
80431
277
4550
30
373
1612
236189
178142
85523
302
4354
399
3210
22547
411
361
386
277
85523
1998
361
7662
302
4354
399
306
1998
361
265
158925
16
306
539
1008
304
1682
14580
386
569
840
1175
85523
18
1563
616
489
88569
8696
903
436
840
14580
386
4928
236189
164508
302
4354
225
27
35
3483
5563
21930
31
352
265
1794
302
4354
225
1339
16
385
530
5091
4928
236189
164508
302
4354
225
27
498
16159
6527
8210
18
1563
2024
16
592
385
1265
277
1794
49884
340
35939
16
1232
839
85523
302
4354
225
27
642
569
265
4619
386
2428
361
158925
35
16473
2292
30
14284
888
1794
17798
2630
2630
1424
1563
399
33
27
16
85523
302
4354
225
27
6857
468
387
11700
3591
30
17798
2630
44031
2649
4924
158925
35
17798
2630
44031
33754
341
17798
2630
44031
16
12035
1850
158925
18
35475
468
1571
3591
30
106309
2630
2630
2649
851
158925
18
2586
49884
14580
569
236189
178142
222720
302
4354
225
27
18
2586
516
616
14580
4928
411
18
2209
903
2893
14580
386
4928
236189
164508
302
4354
225
27
35
99008
12035
16
498
13879
386
277
1794
341
516
2502
45979
18
1563
2164
34481
344
22
11807
733
1850
3162
386
839
27666
1423
1794
1998
3451
265
158925
302
4354
1518
2057
22
4020
680
1563
307
33
1339
16
277
6756
4354
302
265
11674
1794
2142
265
158925
302
4354
434
341
2761
1013
35
1563
434
33
27
16
1065
341
277
30041
11674
1794
26756
236189
164508
302
4354
7662
225
27
35
41729
16
539
1008
304
4928
236189
164508
302
4354
7662
225
27
16
516
5198
18
887
2428
361
2731
304
569
1423
14580
2142
839
158925
302
4354
225
27
18
1563
2024
16
265
1542
21865
14206
6917
35
3557
2897
18
2209
4164
903
436
1451
1175
14580
18
2586
1682
1196
361
1518
20
18
2586
31518
225
20
341
21930
382
23928
277
96882
16
342
18294
277
31579
40439
341
265
20511
297
277
2746
6434
3419
304
471
18
7517
277
1756
4060
373
10112
616
277
6292
728
689
539
4273
13924
277
54037
16
9745
539
1196
10987
277
9444
1310
20155
341
277
730
297
277
194863
16
306
277
2292
1154
341
1060
352
30678
16
516
277
5772
1310
18
2952
16
277
1756
19986
4060
373
8940
2292
38460
129966
86796
13
304
1774
6292
1304
3483
18372
386
277
2292
1154
341
277
1310
34030
382
25790
277
2292
1154
341
516
766
302
277
10393
31
1850
1060
265
29573
386
277
1756
642
911
304
13561
18
461
1756
2428
1774
411
20845
18
461
2522
3032
1196
361
1175
386
890
724
1774
2292
38460
129966
86796
733
411
19553
18
7517
539
436
304
2483
277
7878
16
539
1998
4802
386
411
19553
616
61405
297
2292
18
1437
903
341
265
54037
16
9745
277
9444
4309
3032
352
344
1339
16
27
16
616
118639
3015
341
225
20
16
306
277
194863
2024
341
6078
35
2209
277
194863
341
766
302
277
2746
6434
306
4164
4309
18
16473
4638
18400
277
194863
494
2024
30
373
5197
1682
129966
86796
12
1339
16
225
27
16
489
106126
106126
106126
106126
106126
3015
225
12180
20718
25493
3210
3483
341
265
4015
21542
18
32468
16
297
1175
4066
16
277
7120
436
766
302
277
21542
306
1998
361
4309
18
461
4728
1310
4027
2428
361
499
277
4607
2746
494
8887
6292
16
306
724
2428
2549
265
1310
352
344
1339
16
27
16
616
118639
3015
31518
225
20
35
2209
386
1011
12475
18
22547
411
361
386
277
4728
1310
1690
341
352
265
1497
1154
35
461
2292
1154
10626
402
373
3506
4027
499
277
2746
3210
3483
10334
1731
3148
61405
436
499
277
2746
6434
18
5489
373
24861
1310
4027
6
2428
361
499
910
852
3149
16
689
2188
766
302
277
1310
20155
18
461
2746
6434
2428
569
5101
4728
1310
4027
297
277
5772
15856
16
697
436
516
3577
297
277
194863
18
2586
1804
8023
436
766
302
277
1310
20155
18
8111
16
539
1998
22465
1804
382
23928
277
54037
16
9745
954
38474
341
18765
306
277
4309
3032
352
344
1339
16
27
16
616
118639
3015
341
3757
225
20
16
689
277
194863
2024
341
5478
161925
35
3483
5563
21930
382
19477
2050
304
17208
2164
4027
20488
304
1565
592
903
2893
839
14580
302
4354
225
1339
402
840
158925
302
4354
225
27
18
1283
530
5842
265
73598
30
461
4550
170108
839
225
27
36540
85523
499
1610
158925
18
1563
265
11674
1794
16
265
158925
302
4354
225
27
2767
10690
700
306
700
15
26
6792
16
700
15
21
306
700
15
25
6792
16
700
15
22
306
700
15
24
6792
16
306
700
15
23
530
361
4907
18
2586
1850
265
25284
30742
8210
468
6489
225
26
18
957
341
3600
304
204185
3166
9058
18
22547
411
361
386
352
307
33
1339
306
399
33
27
16
277
1094
1528
304
4928
839
158925
302
4354
225
27
341
13861
1480
277
1794
1011
361
13238
304
14361
35
2964
516
2897
18
16473
2050
304
1565
592
539
530
5675
265
1794
302
4354
16
2132
16
225
28
386
58317
158925
302
4354
225
27
18
3483
1011
2485
386
277
1094
225
27
36540
85523
344
47048
225
20
17
26
306
225
21
17
27
13
436
516
236189
164508
18
2586
539
1008
304
5857
225
28
13822
1175
386
1804
225
27
36540
12336
436
516
236189
164508
18
16473
5842
30
19001
539
2050
304
4928
236189
164508
498
3130
277
1794
516
34580
18
1563
265
4354
17
28
1794
16
539
1008
304
2292
1217
12336
18
16473
2050
304
1511
730
20488
18
4214
277
1794
361
265
20
568
69
27
18
27599
21
30
516
344
69
20
582
69
26
306
265
21
582
69
25
306
265
22
582
69
24
680
27599
22
30
516
344
69
21
582
69
27
306
265
22
582
69
26
306
265
23
582
69
25
680
1283
530
2050
304
11954
13822
304
22465
1804
18
3578
2731
35
1563
2024
16
867
616
13822
304
225
20
30
1232
4550
21
1641
344
20
582
20
16
20
582
20
16
20
582
20
13
2649
158925
16
713
516
6751
18
2536
225
21
27698
18
12421
49884
225
20
16
21
16
20
16
21
16
20
16
21
16
20
16
21
30
1563
5702
20
30
225
20
16
21
16
20
16
21
16
20
16
21
16
20
2649
10690
30
265
20
33
20
28919
21
33
21
28919
22
33
20
28919
23
33
21
28919
24
33
20
28919
25
33
21
28919
26
33
20
18
6621
30
265
20
7248
265
26
30
20
582
20
16
265
21
7248
265
25
30
21
582
21
16
265
22
7248
265
24
30
20
582
20
2649
158925
16
713
18048
18
12421
4619
225
20
16
20
16
21
16
20
16
21
16
20
16
21
16
20
30
31076
20
30
225
20
16
20
16
21
16
20
16
21
16
20
16
21
2649
265
20
33
20
28919
21
33
20
28919
22
33
21
28919
23
33
20
28919
24
33
21
28919
25
33
20
28919
26
33
21
18
6621
30
265
20
7248
265
26
30
20
7248
21
516
6792
2649
516
158925
16
1622
18
31076
21
30
225
20
16
21
16
20
16
21
16
20
16
21
16
20
2649
265
21
33
20
28919
22
33
21
28919
23
33
20
28919
24
33
21
28919
25
33
20
28919
26
33
21
28919
27
33
20
18
6621
30
265
21
7248
265
27
30
20
7248
20
6792
16
265
22
7248
265
26
30
21
7248
21
6792
16
265
23
7248
265
25
30
20
7248
20
6792
2649
158925
16
18048
18
2586
8696
516
4260
16
689
8696
2731
402
5198
14580
18
887
2428
361
386
352
399
33
27
16
839
1794
302
4354
6743
2761
1998
3451
265
158925
302
4354
225
27
35
41729
16
277
106382
53724
87
114498
36709
12299
27408
420
15067
1407
30989
237364
35
15968
3162
1193
30
7127
11674
1794
302
4354
225
22
2421
79
17
21
16407
21
5720
265
158925
302
4354
399
35
342
19877
265
1193
819
236189
164508
30
1563
34481
2287
225
22
16
277
30041
1794
26756
236189
164508
302
4354
399
341
2761
1013
35
2278
341
5123
302
373
22568
81506
11004
6
14580
18
1563
11674
34481
16
277
6756
4354
2142
265
158925
302
4354
399
341
225
22
2421
79
17
21
105323
16473
2292
30
1563
399
33
22
16
26756
236189
164508
302
4354
225
22
2767
840
1217
6792
16556
8210
18
461
6756
4354
302
1175
265
1794
341
20689
35
41729
16
385
530
27253
20430
16
689
386
674
236189
164508
302
4354
225
22
35
217508
6792
35
14284
888
225
20
16
21
16
20
16
21
51505
674
16556
225
20
306
225
21
16
713
840
1217
6792
16556
16
713
840
158925
302
4354
225
22
35
26128
16
158925
302
4354
225
22
341
1060
1217
6792
8210
16
713
49884
58317
4354
17
22
236189
164508
18
2586
385
530
569
71774
1423
14580
2142
4354
17
22
236189
164508
18
2586
6756
341
114933
18
1563
399
33
23
16
158925
302
4354
225
23
341
51871
18
2159
4928
51871
16
385
1008
304
4928
9058
1207
1058
306
4658
436
6792
18
957
341
1013
26756
277
4619
1150
35
92
402
2265
4907
18
461
6756
4354
2142
265
158925
302
4354
225
23
35
342
1761
1850
2731
304
569
71774
1423
11674
14580
26756
373
11020
26471
1563
2024
16
277
624
482
4340
28767
6917
341
29513
11004
689
1414
411
3451
373
11020
26471
342
1761
624
482
4340
28767
1414
3451
236189
164508
302
4354
225
23
35
16473
2292
30
624
482
4340
28767
30
225
20
16
21
16
21
16
20
16
21
16
20
16
20
16
21
51505
6621
85523
225
20
16
21
16
21
30
225
20
306
225
21
516
6792
2649
516
158925
18
225
21
16
21
16
20
30
225
21
306
225
20
516
6792
18
225
21
16
20
16
21
30
225
21
306
225
21
6792
35
41729
225
21
16
20
16
21
674
1058
306
4658
6792
344
21
582
21
733
713
1850
158925
302
4354
225
23
18
2586
624
482
4340
28767
5720
373
6681
3210
2586
516
158925
11004
18
6346
903
20689
11674
15823
26756
236189
164508
302
4354
225
23
35
957
341
11104
304
26756
373
11020
3210
342
19877
386
903
436
20689
11674
15823
2142
236189
164508
302
4354
225
23
35
41729
16
277
4550
373
1612
158925
302
4354
225
23
6
341
277
1656
396
373
1612
4619
1150
62876
3210
957
341
265
50577
4619
18
887
341
3162
386
903
2893
20689
11674
4361
26756
373
4356
92
26471
342
1761
12035
16
385
530
569
265
2431
1207
1440
7330
341
1497
499
277
7330
1217
10690
1714
18
3483
341
16
265
3440
2308
265
1242
82
17
22
97
352
616
307
19105
22
18
957
530
361
3410
498
49884
1360
1217
11807
297
265
4619
386
18373
265
1242
82
97
2308
265
1242
82
17
22
7342
1563
2024
16
6917
30
225
20
16
21
16
21
16
20
16
20
16
21
16
21
16
20
51505
35
6621
30
10690
30
225
20
16
21
16
21
16
20
51505
5378
265
22
33
21
16
265
20
33
20
16
6674
31
265
23
33
20
16
265
21
33
21
16
6674
31
265
24
33
20
16
265
22
33
21
16
6674
31
265
25
33
21
16
265
23
33
20
16
6674
31
4115
18
2586
492
4229
18
2586
20689
4354
2731
18
2586
352
399
33
23
16
903
2893
71774
1423
14580
2142
158925
302
4354
225
23
18
1563
399
33
24
16
4928
158925
302
4354
225
24
30
4550
265
7193
1377
265
1242
77
15
23
97
306
265
1242
77
15
21
97
1377
265
1242
77
15
22
7342
957
341
717
54569
18
342
1761
903
436
20689
11674
4361
26756
236189
164508
302
4354
225
24
35
99008
12035
16
498
1347
265
29478
4619
18
1563
2024
16
225
20
16
21
16
20
16
21
16
20
16
21
16
20
16
21
51505
6621
85523
302
4354
225
24
30
225
20
16
21
16
20
16
21
2649
516
158925
1480
225
20
23346
21
18
225
21
16
20
16
21
16
20
2649
516
158925
18
2586
49884
58317
4354
17
24
236189
164508
35
6621
30
1563
4354
225
24
16
158925
6382
1058
36023
507
371
306
1749
33
45549
18
610
49884
225
20
6681
16
1058
33
20
39825
507
371
33
21
516
6792
16
713
516
158925
18
2586
49884
4229
352
839
1571
4354
35
41729
16
839
85523
302
4354
225
24
297
49884
4619
341
3673
225
20
6681
420
225
21
3316
16
15600
158925
18
2586
49884
58317
616
236189
164508
302
1571
4354
35
1563
11700
4354
16
49884
874
6496
236189
164508
35
1563
4354
225
25
30
225
555
3316
2649
1058
33
20
39825
74335
33
20
6792
31
1749
33
21
39825
507
371
33
21
6792
31
4658
33
20
22551
16
713
1850
158925
5
20987
16
225
555
3316
341
265
158925
302
4354
225
25
18
2586
49884
58317
1571
36540
236189
164508
689
516
11700
36540
1518
22
18
2586
352
399
33
24
16
49884
4229
18
1563
399
33
25
16
49884
18048
1480
302
4354
17
25
158925
18
2586
539
1008
304
1511
15823
386
4928
236189
164508
302
4354
225
25
18
2251
903
387
20689
11674
2431
26756
236189
164508
302
4354
225
25
35
957
341
265
3162
2746
30
277
54556
302
236189
164508
302
265
6842
11700
4354
18
342
1761
411
341
2731
31
903
2893
20689
11674
4361
26756
236189
164508
302
4354
225
25
18
610
1689
16
411
341
3162
386
352
839
6842
11700
4354
434
16
903
2893
20689
11674
15823
2142
236189
164508
302
4354
434
18
342
19877
386
277
2431
5047
498
265
3440
351
55337
302
1435
302
225
21
494
297
11674
11183
302
307
344
1087
482
4340
28767
13
5720
236189
164508
302
4354
225
23
689
8696
516
302
4354
225
25
35
3557
2897
18
2209
342
1761
1850
2731
304
5675
20689
4361
26756
236189
164508
302
4354
225
25
498
1347
265
36436
1181
18
1563
2024
16
277
99966
2431
898
1217
17680
35
99966
2431
341
898
391
20
16
21
97
306
341
3162
304
4928
88357
689
874
3451
236189
164508
18
41729
16
99966
2431
5720
236189
164508
302
4354
225
23
35
16473
2292
30
99966
2431
10626
225
3316
3316
1296
1296
6681
3528
3316
1424
887
5720
373
409
1296
6
697
341
158925
302
4354
225
25
35
373
409
1296
6
33754
341
373
409
1296
728
12035
158925
302
4354
225
25
18
2586
5720
18
2278
2428
361
3162
2527
30
461
34901
4354
302
265
11674
2431
26756
236189
164508
302
4354
399
341
2761
1013
225
22
2421
79
17
21
105323
2964
516
3166
18
16473
3612
4625
30
15968
265
5123
302
373
22568
81506
16066
3210
1563
265
11674
2431
16
277
6756
4354
302
265
2431
2142
265
158925
302
4354
399
341
468
1210
2761
1013
225
22
2421
79
17
21
105323
1563
399
33
22
16
2687
4354
20689
16
713
386
5879
1011
361
225
22
2421
21
14883
22
16
697
341
2044
18
2586
516
386
382
25790
903
341
265
3162
27408
30
7127
11674
2431
302
4354
468
2750
225
22
2421
79
17
21
16407
21
5720
265
158925
302
4354
399
35
2964
516
2897
18
16473
1310
352
399
33
23
30
225
22
2421
22
16407
21
33
25
18
2251
903
265
11674
2431
302
4354
225
25
386
58317
158925
302
4354
225
23
35
16473
2050
304
1511
730
18
1283
1008
304
4928
9058
51871
18
12421
304
5675
4354
225
25
30
539
1008
265
20
568
69
24
1175
386
352
616
700
499
225
20
304
225
22
16
265
7193
2308
265
1242
77
15
22
7342
2586
16981
30
265
20
2308
265
22
16
265
21
2308
265
23
16
265
22
2308
265
24
18
9405
2240
52724
18
3372
539
11954
13822
35
16473
5842
30
867
265
20
33
20
16
1232
265
22
33
21
18
4216
265
21
33
20
16
1232
265
23
33
21
18
5489
265
24
1998
361
2308
265
22
33
21
16
713
265
24
33
20
18
2586
1794
30
225
20
16
20
16
21
16
21
16
20
18
6621
236189
164508
302
4354
225
23
30
10690
225
20
17
22
30
225
20
16
20
16
21
2649
225
20
23346
21
516
158925
31
225
21
17
23
30
225
20
16
21
16
21
2649
225
20
23346
21
516
158925
31
225
22
17
24
30
225
21
16
21
16
20
2649
225
21
23346
20
516
158925
18
2586
4354
225
25
2431
8654
18
2586
4354
225
25
1518
225
22
2421
22
14883
24
16
713
277
2963
1011
361
2044
18
2586
6756
4354
352
399
33
23
341
468
2750
225
25
18
22547
361
5198
18
2586
277
5879
341
516
386
382
27872
1850
52298
386
352
399
33
27
16
903
2893
1423
14580
26756
4354
17
27
236189
164508
18
2586
1682
1196
361
1518
20
382
23928
386
16
2964
67942
386
277
4728
40439
31518
225
20
341
387
2615
18
2952
16
539
1998
11135
1065
304
589
18
7517
277
1756
19986
1392
373
10112
616
277
6292
728
306
539
4273
14637
6292
16
9745
539
1196
3138
265
4377
386
19553
616
61405
16
2291
277
73411
730
18
3483
1011
2485
386
1682
129966
86796
12
1339
16
27
16
616
118639
3015
6714
225
20
16
689
851
6714
225
12180
20718
25493
3308
304
852
61405
35
9405
13861
18
34159
277
2292
1154
341
516
2988
396
265
4425
31
8696
277
1756
56573
304
1774
2292
402
954
1154
306
277
61405
386
4759
436
4655
304
361
19899
35
2523
382
25790
277
2292
1154
341
3757
265
29573
386
277
1756
642
911
304
1310
725
7878
16
689
277
5772
10393
5119
265
1497
1310
20155
386
341
516
3577
18
461
1756
4060
373
10112
616
277
6292
728
689
277
6292
436
1731
297
277
194863
35
461
194863
4059
2240
7120
18
461
2292
1154
2428
361
1060
387
4728
5169
352
277
1756
16
516
277
6332
1310
20155
18
461
1756
2428
569
5101
277
2292
1154
352
725
1902
23282
16
689
277
6332
6292
436
277
6299
297
277
194863
18
461
12759
373
8940
2292
38460
129966
86796
13
304
1774
6292
1304
2428
361
265
27433
386
724
530
911
386
1154
304
1310
16
689
516
386
277
2522
3032
1998
1717
386
5204
2292
1154
35
32468
16
297
1131
3815
302
4066
366
13494
1013
7654
40467
420
2130
305
3854
16
277
1310
20155
341
8887
306
539
1094
1565
277
1154
16607
306
7120
18
5378
16
277
1756
3419
1804
277
16607
306
265
1310
1154
18
2227
2428
361
85242
265
17673
9010
1207
277
1310
4027
436
2688
18
610
1175
4027
16
539
1008
304
1717
616
2688
1310
4027
18
2586
342
1761
539
1196
10987
386
616
61405
297
2292
436
277
1310
4027
539
1998
1717
382
23928
277
54037
16
9916
15698
277
4728
1310
4027
717
14316
18
14812
277
1749
4728
1310
1690
341
3757
516
344
1339
16
27
16
616
118639
3015
689
2761
1625
2920
304
36915
18
16205
468
277
1880
30
373
5648
12578
12
21
937
16
225
622
16
215531
535
225
21
937
13
1377
225
22804
7858
25635
3210
5489
7998
1325
16
903
341
265
1586
1423
1794
6857
402
373
5648
12578
12
21
937
16
225
29
16
489
38
11
535
225
622
692
8886
78311
2586
277
2475
1880
341
373
5648
12578
12
21
937
16
225
22
16
215531
535
225
26
692
489
37
11
692
215531
535
225
27
692
489
37
11
535
225
24
692
215531
535
225
24
692
489
37
11
692
215531
535
225
22
692
489
37
11
692
215531
692
489
37
11
692
215531
535
225
25
692
489
37
11
692
215531
535
225
27
692
489
37
11
535
225
22
692
215531
535
225
28
692
489
37
11
692
215531
692
489
37
11
535
225
22
692
215531
535
225
22
692
489
37
11
692
215531
535
225
622
692
489
37
11
692
215531
535
225
22
692
489
37
11
692
215531
535
225
22
692
489
37
11
692
215531
535
225
23
692
489
37
11
692
215531
535
225
22
692
489
37
11
692
215531
692
489
37
11
692
215531
535
225
24
692
489
37
11
692
215531
535
225
28
692
489
37
11
692
215531
692
489
37
11
692
215531
692
489
37
11
692
215531
535
225
25
692
489
37
11
692
215531
535
225
23
692
489
37
11
692
215531
535
225
807
692
489
37
11
692
215531
535
225
25
692
489
37
11
692
215531
535
225
28
692
489
37
11
692
215531
535
225
25
692
489
37
11
692
215531
692
489
37
11
692
215531
535
225
25
692
489
37
11
692
215531
535
225
622
692
489
37
11
535
225
22
692
215531
692
489
37
11
692
215531
535
225
28
692
489
37
11
692
215531
535
225
22
692
489
37
11
692
215531
535
225
23
692
489
37
11
692
215531
535
225
22
692
489
37
11
692
215531
692
489
37
11
535
225
22
692
215531
535
225
23
692
489
37
11
692
215531
535
225
22
692
489
37
11
692
215531
535
225
23
692
489
37
11
692
215531
535
225
22
692
489
37
11
692
215531
535
225
24
692
489
37
11
692
215531
535
225
27
692
489
37
11
692
215531
535
225
23
692
489
37
11
692
215531
535
225
29
692
489
37
11
692
215531
535
225
26
692
489
37
11
692
215531
692
489
37
11
535
225
23
692
215531
535
225
22
692
489
37
11
692
215531
535
225
23
692
489
37
11
692
215531
535
225
24
692
489
37
11
692
215531
535
225
740
692
489
37
11
692
215531
692
489
37
11
692
215531
535
225
28
692
489
37
11
692
215531
535
225
27
692
489
37
11
535
225
22
692
215531
535
225
25
692
489
37
11
692
215531
692
489
37
11
692
215531
535
225
22
692
489
37
11
692
215531
535
225
26
692
489
37
11
692
215531
535
225
883
692
489
37
11
535
225
22
692
489
37
11
535
225
22
692
215531
535
225
22
692
215531
535
225
24
692
489
37
11
692
215531
535
225
24
692
489
37
11
535
225
22
692
215531
692
489
37
11
692
215531
535
225
23
692
489
37
11
692
215531
692
489
37
11
692
215531
535
225
29
692
489
37
11
692
215531
692
489
37
11
692
215531
535
225
25
692
489
37
11
692
215531
535
225
1057
692
489
37
11
692
215531
535
225
25
692
489
37
11
692
215531
535
225
22
692
489
37
11
692
215531
692
489
37
11
535
225
22
692
215531
535
225
26
692
489
37
11
692
215531
535
225
22
692
489
37
11
692
215531
535
225
26
692
489
37
11
692
215531
535
225
25
692
489
37
11
692
215531
535
225
22
692
489
37
11
535
225
22
692
215531
535
225
28
692
489
37
11
692
215531
692
489
37
11
692
215531
692
489
37
11
692
215531
535
225
740
692
489
37
11
535
225
22
692
215531
692
489
37
11
692
215531
535
225
25
692
489
37
11
692
215531
535
225
25
692
489
37
11
692
215531
692
489
37
11
535
225
22
692
215531
535
225
24
692
489
37
11
692
215531
535
225
29
692
489
37
11
692
215531
692
489
37
11
692
215531
535
225
740
692
489
37
11
535
225
22
692
215531
692
489
37
11
692
215531
535
225
740
692
489
37
11
535
225
22
692
215531
535
225
25
692
489
37
11
692
215531
535
225
22
692
489
37
11
535
225
22
692
215531
692
489
37
11
692
215531
692
489
37
11
692
215531
535
225
26
692
489
37
11
535
225
23
692
215531
692
489
37
11
692
215531
535
225
23
692
489
37
11
692
215531
692
489
37
11
692
215531
535
225
29
692
489
37
11
692
215531
535
225
23
692
489
37
11
692
215531
692
489
37
11
692
215531
535
225
23
692
489
37
11
535
225
22
692
215531
692
489
37
11
535
225
22
692
215531
692
489
37
11
692
215531
692
489
37
11
692
215531
692
489
37
11
692
215531
535
225
25
692
489
37
11
692
215531
692
489
37
11
692
215531
535
225
23
692
489
37
11
692
215531
535
225
23
692
489
37
11
692
215531
535
225
22
692
489
37
11
692
215531
692
489
37
11
692
215531
535
225
807
692
489
37
11
535
225
22
692
215531
535
225
28
692
489
37
11
692
215531
535
225
22
692
489
37
11
692
215531
535
225
27
692
489
37
11
692
215531
535
225
23
692
489
37
11
692
215531
535
225
24
692
489
37
11
692
215531
692
489
37
11
692
215531
535
225
27
692
489
37
11
535
225
23
692
215531
535
225
24
692
489
37
11
692
215531
692
489
37
11
692
215531
535
225
22
692
489
37
11
692
215531
535
225
27
692
489
37
11
692
215531
692
489
37
11
692
215531
535
225
28
692
489
37
11
692
215531
535
225
22
692
489
37
11
535
225
22
692
215531
535
225
22
692
489
37
11
692
215531
535
225
23
692
489
37
11
692
215531
535
225
23
692
489
37
11
692
215531
535
225
807
692
489
37
11
692
215531
535
225
22
692
489
37
11
535
225
22
692
215531
692
489
37
11
692
215531
535
225
23
692
489
37
11
692
215531
535
225
29
692
489
37
11
692
215531
535
225
27
692
489
37
11
535
225
24
692
215531
535
225
25
692
489
37
11
692
215531
535
225
24
692
489
37
11
692
215531
535
225
26
692
489
37
11
692
215531
535
225
22
692
489
37
11
692
215531
535
225
25
692
489
37
11
535
225
23
692
215531
535
225
29
692
489
37
11
692
215531
535
225
23
692
489
37
11
692
215531
692
489
37
11
692
215531
535
225
23
692
489
37
11
535
225
22
692
215531
692
489
37
11
535
225
22
692
215531
692
489
37
11
692
215531
692
489
37
11
692
215531
692
489
37
11
692
215531
535
225
25
692
489
37
11
692
215531
692
489
37
11
692
215531
535
225
23
692
489
37
11
692
215531
535
225
23
692
489
37
11
692
215531
535
225
22
692
489
37
11
692
215531
692
489
37
11
692
215531
535
225
807
692
489
37
11
535
225
22
692
215531
535
225
28
692
489
37
11
692
215531
535
225
22
692
489
37
11
692
215531
535
225
27
692
489
37
11
692
215531
535
225
23
692
489
37
11
692
215531
535
225
24
692
489
37
11
692
215531
692
489
37
11
692
215531
535
225
27
692
489
37
11
535
225
23
692
215531
535
225
24
692
489
37
11
692
215531
692
489
37
11
692
215531
535
225
22
692
489
37
11
692
215531
535
225
27
692
489
37
11
692
215531
692
489
37
11
692
215531
535
225
28
692
489
37
11
692
215531
535
225
22
692
489
37
11
535
225
22
692
215531
535
225
22
692
489
37
11
692
215531
535
225
23
692
489
37
11
692
215531
535
225
23
692
489
37
11
692
215531
535
225
807
692
489
37
11
692
215531
535
225
22
692
489
37
11
535
225
22
692
215531
692
489
37
11
692
215531
535
225
23
692
489
37
11
692
215531
535
225
29
692
489
37
11
692
215531
535
225
27
692
489
37
11
535
225
24
692
215531
535
225
25
692
489
37
11
692
215531
535
225
24
692
489
37
11
692
215531
535
225
26
692
489
37
11
692
215531
535
225
22
692
489
37
11
692
215531
535
225
25
692
489
37
11
535
225
23
692
215531
535
225
29
692
489
37
11
692
215531
535
225
23
692
489
37
11
692
118639
3015
1377
225
20
300
6605
341
277
3999
352
344
21
937
16
22
51505
680
5489
1325
386
16
903
341
373
5648
12578
12
21
937
16
225
28
16
489
37
11
535
225
21
937
13
1377
225
20
3210
5489
373
5648
12578
12
1339
16
225
27
16
489
106126
106126
106126
106126
106126
3015
1377
225
20
3210
5489
373
5648
12578
12
21
937
16
225
622
16
215531
535
225
21
937
13
1377
225
22804
7858
25635
3210
5489
373
5648
12578
12
21
937
16
225
622
16
215531
535
225
21
937
13
1377
225
22804
7858
25635
3210
5489
373
5648
12578
12
21
937
16
225
28
16
489
38
11
535
225
21
937
13
1377
225
20
3210
5489
265
8730
2522
3999
25782
225
20
382
4892
903
436
1217
70305
352
344
1339
16
27
16
616
118639
3015
35
41729
16
1325
277
373
37
76371
21
937
1310
16
539
569
373
5648
12578
12
1339
16
225
27
16
489
106126
106126
106126
106126
106126
3015
1377
225
20
3210
3483
341
10098
265
8156
40439
18
2586
1850
903
382
25790
277
17754
341
386
277
4728
1310
4027
436
352
265
1497
1154
35
2209
724
436
616
61405
366
12578
18
22547
411
361
386
277
2292
1154
341
3757
265
8156
1310
20155
386
277
1756
642
1774
1325
17713
277
1154
16
306
724
2364
471
304
1265
2897
411
19553
35
3483
1011
2676
954
1154
1998
758
225
20
352
386
2740
16
170765
277
7977
32791
18
36981
341
1115
382
19477
2292
277
194863
7120
1754
30
724
436
1375
5640
5197
1682
129966
86796
12
27
16
225
24
16
489
2630
182250
35
6994
3566
21
203
5197
1682
129966
86796
12
1339
16
225
27
16
489
106126
106126
106126
106126
106126
3566
12180
20718
25493
203
5197
1682
129966
86796
12
883
16
225
25
16
489
2630
44031
106126
8806
3566
20
203
7203
4892
277
1749
2024
341
14233
616
215531
402
399
33
27
306
307
33
1339
16
306
411
6714
225
12180
20718
25493
382
27872
277
2746
6434
344
208999
13
4060
386
341
277
4655
3271
18
461
2292
1154
16
697
341
12762
304
1310
277
1154
16
4059
386
1656
2740
689
36033
225
20
18
957
341
9176
265
20511
18
99008
277
2292
1154
674
265
103364
30
8696
277
1749
40439
297
277
373
3506
4027
499
277
2746
6
341
3757
352
265
1497
1794
16
1013
118639
37
35
38
1424
58283
2209
1850
516
382
23928
277
6056
16
342
1761
277
1210
52298
14915
341
386
277
1756
87148
5101
277
1656
1310
12775
16
3984
402
277
4309
4655
1333
344
3161
277
2746
6434
13
306
3984
402
387
18765
4655
1333
344
50180
499
265
1497
3478
420
265
5209
183764
2615
680
7517
277
1756
1392
373
5677
4222
59947
5533
213288
26238
539
4273
2312
277
1310
70305
18
2952
16
539
2428
361
2948
304
1265
954
1154
1717
1804
498
71346
910
32371
5814
35
1563
2024
16
592
277
1154
1387
5628
3473
1850
1610
2988
499
277
2292
1154
420
516
16
689
4924
13861
382
71093
16
9745
277
2292
1154
341
516
10439
304
361
1774
396
265
4425
31
8696
277
1756
9002
471
304
3138
277
1154
1175
386
411
19553
277
2240
7120
297
277
194863
16
306
277
2292
1154
341
1060
352
30678
306
516
766
302
277
10393
18
461
12759
373
8940
2292
38460
129966
86796
13
304
1774
6292
1304
2428
2676
386
277
1756
642
1774
386
1154
1325
539
2483
277
7878
16
689
539
1907
1008
304
12971
819
277
4728
61405
592
724
436
516
766
302
277
6332
1310
20155
18
2952
16
277
1756
19986
1392
373
10112
616
277
6292
728
306
277
6292
436
1731
297
277
2292
1154
18
3578
56317
382
23928
277
11279
5030
302
1131
4066
366
13494
1013
38675
426
1704
420
2130
305
3854
16
277
1756
3979
277
1154
16607
306
265
194863
402
7120
16
306
903
341
265
1310
20155
386
10424
8887
6292
18
461
4728
1310
4027
3577
2428
361
1060
7120
302
717
6292
16
689
724
436
516
13375
616
277
6292
386
642
361
1774
18
461
1756
2428
569
5101
265
2292
1154
304
1356
471
1310
20845
16
689
277
2522
10393
2428
911
265
1497
1310
20155
18
461
12759
373
10112
616
277
6292
6
4164
13244
304
277
6292
297
277
2292
1154
16
1480
724
436
277
1094
6292
3419
18
2586
539
1998
1717
1019
382
45
1761
277
71070
4158
341
304
3138
277
38474
396
4546
16
697
1196
1717
277
1058
2487
7120
344
15519
277
616
215531
1690
402
225
12180
20718
25493
680
5489
16
592
277
4728
40439
31518
225
20
341
14233
265
1310
16
411
642
4759
18
2209
8696
954
38474
642
3757
758
225
20
352
386
2740
35
16473
17208
352
344
1339
16
27
16
616
118639
3015
1347
954
38474
35
1283
4445
6043
17208
38278
16
689
539
530
3368
30
1563
399
33
27
16
341
411
2731
386
903
341
840
1794
302
4354
225
1339
402
840
158925
302
4354
225
27
35
1437
386
846
1641
16
1232
277
38474
1011
758
225
20
16
170765
277
194863
2024
18
7517
277
194863
2024
341
766
302
277
2746
16
411
1998
361
1641
386
903
2893
1175
14580
18
2586
954
38474
1196
758
265
4898
1435
18
2586
277
4728
40439
31518
225
20
341
41514
382
27872
2964
31029
386
277
4728
40439
341
265
20511
18
342
642
11536
304
3138
277
38474
396
621
277
194863
7120
16
306
10987
386
277
2292
192497
4728
61405
436
3673
516
766
302
277
6332
1310
20155
420
436
851
10358
344
50180
910
302
1019
436
225
20
1480
302
277
3018
14580
2688
680
1563
4681
16
277
1310
352
344
21
937
16
28
5687
37
82682
21
937
13
1196
361
225
20
16
386
14441
18
461
1310
352
344
21
937
16
28
5687
38
82682
21
937
13
1196
361
225
20
16
14441
18
461
1310
352
344
25
16
25
5687
4387
35
6994
3015
1377
225
22
16
539
1008
304
2292
18
5641
38474
1196
5203
386
18
461
1310
352
344
21
937
16
23
16
1423
1794
13
1377
225
20
16
4164
2920
304
16981
18
461
1310
352
344
21
937
16
22
16
1423
1794
13
1377
225
20
16
4115
18
2586
1451
302
277
4728
6292
2364
225
20
16
697
341
52298
18
10546
277
344
1339
16
27
16
616
118639
3015
14927
686
396
52218
382
25790
277
4728
1310
1690
352
344
1339
16
27
16
616
118639
3015
341
3757
31518
225
20
1480
277
2746
494
4550
2428
361
386
277
1794
1998
569
840
236189
178142
85523
302
4354
399
16
306
352
616
215531
402
399
33
27
306
307
33
1339
16
277
1682
341
225
20
35
2209
277
194863
4060
7494
18
22547
277
194863
361
6078
35
99008
277
194863
494
2024
341
265
12548
306
277
4309
3032
341
225
20
35
2209
277
1435
225
12180
20718
25493
7348
1013
265
3018
68437
1193
16
697
341
11279
352
97102
19720
18
887
5563
1013
265
27395
3032
382
19477
2050
304
6697
17208
352
2164
307
24816
616
215531
1347
954
38474
38278
352
2164
2911
304
1565
592
903
341
839
4619
18
1563
399
33
22
16
616
215531
302
4354
307
30
1435
302
14580
402
840
158925
302
4354
225
22
2767
840
1217
6792
16556
8210
18
2586
1435
351
225
22
535
225
21
2421
82
17
21
105323
41729
16
1058
3083
530
361
340
420
398
344
22
12423
680
5489
1450
13845
3083
1998
361
12795
302
3733
16
713
225
21
6128
18
2586
2983
351
225
22
18
2586
352
839
307
19105
22
16
1682
351
225
22
344
359
307
19105
22
680
6621
30
352
307
33
22
16
14580
30
17798
16
34907
1117
225
22
18
1563
307
33
23
16
80748
16
106309
1117
225
22
18
2586
1682
33
22
18
1563
954
38474
16
402
399
33
22
16
539
530
1310
30
307
33
23
16
616
489
88569
4655
225
22
18
461
4728
1310
352
344
21
937
16
22
16
910
1794
13
36033
225
20
16
516
225
22
18
9405
1480
277
1794
341
516
616
489
88569
689
265
3018
730
386
9712
225
20
18
2586
6772
382
2500
399
33
23
16
616
215531
302
4354
307
30
1435
302
14580
402
840
158925
302
4354
225
23
344
77
3077
1278
840
51871
680
957
341
3162
396
277
1435
302
373
22568
81506
11004
6
302
4354
225
23
18
1563
11674
34481
16
277
1435
302
4354
307
14580
26756
373
11020
6
530
361
19377
3874
44262
18
887
341
3162
386
277
1435
25409
1013
2761
18
1563
307
33
23
16
2731
14580
35
2536
225
28
14580
6329
1731
386
436
236189
164508
302
4354
225
23
18
7467
548
164508
302
4354
225
23
436
30
57100
16
340
2630
35
26128
16
158925
302
4354
225
23
2767
1058
582
45549
16
15470
302
7343
18
2586
14580
30
225
937
16
225
3316
16
225
6681
16
225
7955
18
9405
225
24
18
2586
6751
351
225
28
17
24
33
24
18
1563
307
33
24
16
1008
304
1682
14580
402
840
158925
302
4354
225
23
297
839
5702
18
957
341
717
4110
18
2209
10098
4898
382
27872
352
399
33
27
16
307
33
1339
16
1682
1196
361
4898
382
23928
616
492
16
342
1761
277
4728
40439
31518
225
20
341
265
103364
18
342
642
3138
277
1154
396
621
277
38474
306
5752
386
277
1756
1094
41474
819
277
194863
7120
306
277
1058
2487
61405
297
2292
16
306
277
4728
61405
436
1060
352
5256
306
516
2993
304
1717
35
2209
277
1756
1392
373
10112
616
277
6292
3210
2952
16
277
1756
851
1392
373
5677
4222
59947
5533
213288
1304
957
10334
539
1196
516
2312
277
1310
70305
16
689
539
1998
1265
277
1154
1717
1019
18
1437
903
341
265
12475
16
9745
539
1008
304
316
218850
277
2746
6434
30
8696
277
4550
341
386
277
1794
1998
569
840
236189
178142
85523
302
4354
399
16
306
851
9745
277
1794
4273
361
616
215531
35
2523
382
13617
12634
30
461
2292
1154
2428
361
6726
265
1497
1154
8298
12578
16
516
1682
129966
86796
18
2209
277
1756
4060
373
8940
2292
38460
129966
86796
13
304
1774
6292
1304
2586
724
31786
304
1717
954
1154
304
2292
18
2586
12578
341
954
1154
382
25790
277
2292
1154
4059
1804
277
2746
494
7120
306
4728
6292
16
689
277
4728
6292
2549
910
386
436
499
277
4607
2746
494
8887
6292
16
306
724
436
616
4309
18
8111
16
277
40439
352
344
1339
16
27
16
616
118639
3015
1377
225
20
1998
361
4309
3308
304
277
2746
494
8887
6292
18
3483
1011
2676
277
194863
2024
341
6078
18
2209
3097
1011
277
194863
361
6078
35
887
341
3419
498
277
1756
18
22547
361
386
277
1756
1858
265
20511
297
41290
277
194863
18
461
194863
341
766
302
277
2746
6434
724
7939
471
18
2227
2428
569
31862
411
499
18357
689
411
5720
387
2615
18
2952
16
396
265
52992
16
539
1998
3138
277
1154
386
34494
277
6292
297
2292
18
7517
2292
341
277
1094
14151
1310
20155
16
539
1196
41347
386
18
2209
539
569
265
12475
382
25790
539
530
13924
498
4077
468
277
4728
1310
386
36033
225
20
352
344
1339
16
27
16
616
118639
5911
22547
411
361
386
277
1794
297
386
1310
341
516
616
489
88569
689
277
1541
341
64057
35
16473
316
25735
277
1880
30
373
5648
12578
12
1339
16
225
27
16
489
106126
106126
106126
106126
106126
3015
1377
225
20
3210
3483
341
9176
616
118639
6627
22547
411
361
386
277
1310
341
3757
352
265
1497
399
16
2132
399
33
28
35
2209
411
4060
399
33
27
18
14812
277
1756
9444
304
4602
399
33
28
689
8089
225
27
498
20511
18
1437
411
846
399
33
28
16
1232
616
215531
352
307
33
1339
16
399
33
28
16
1011
277
1682
361
225
20
35
99008
516
16
689
8696
411
341
225
20
1480
352
399
33
28
16
839
1794
302
4354
225
1339
1998
3451
265
158925
302
4354
225
28
35
2251
386
1641
35
16473
1761
30
1563
399
33
28
16
530
539
5675
265
11674
1794
302
4354
225
1339
402
840
158925
302
4354
225
28
35
99008
12035
16
498
1347
265
29478
4619
1013
225
409
6880
3520
1424
689
1008
304
2292
18
1563
4354
225
28
16
158925
4550
341
1058
36023
507
371
35
41729
352
399
33
28
16
158925
6382
10690
700
306
700
15
27
6792
16
700
15
21
306
700
15
26
6792
16
700
15
22
306
700
15
25
6792
16
700
15
23
306
700
15
24
6792
18
2586
1850
265
867
302
16981
18
22547
903
361
265
1423
1794
26756
616
1175
16981
35
342
18294
1850
2731
16
689
8696
516
352
4354
225
1339
35
2964
516
2897
18
2209
277
1310
352
399
33
622
616
215531
36033
225
22804
7858
25635
16
697
341
4898
18
2586
352
399
33
28
16
411
1387
361
4898
396
1357
18
2586
516
4164
225
20
382
27872
277
40439
31518
225
20
352
344
1339
16
27
16
616
118639
3015
341
41514
402
277
32791
499
277
194863
382
23928
492
57490
16
342
1761
277
1861
3347
341
304
3138
277
1154
3308
304
277
38474
306
5752
386
277
1756
642
4369
411
16
396
1850
277
4309
4377
304
277
2746
396
4546
297
277
194863
18
1437
277
1756
10424
2292
306
20784
29410
16
724
2428
13534
277
2615
18
2952
16
277
1756
19986
1392
373
10112
616
277
6292
728
713
724
2428
2364
471
304
7016
277
7878
304
1717
616
61405
16
689
539
4445
2312
277
6292
18
1437
954
7878
6714
225
12180
20718
25493
352
386
2740
16
411
642
4759
277
40439
386
36033
225
20
18
2586
539
1008
304
1761
30
2251
903
839
1528
386
277
38474
1387
361
6078
306
277
4309
3032
352
344
1339
16
27
16
616
118639
3015
341
3757
225
20
35
3483
1011
2676
903
341
840
1794
302
4354
225
1339
898
391
37
35939
97
402
840
158925
302
4354
225
27
18
2251
386
1641
35
16473
2050
304
3368
717
20733
382
2110
1008
304
2292
592
903
8654
265
11674
1794
302
4354
225
1339
386
58317
839
158925
302
4354
225
27
18
340
158925
302
4354
225
27
341
7152
498
277
1058
306
2009
16
1749
306
1749
87891
16
4658
306
4658
87891
16
306
277
7343
3083
18
2586
1850
265
25284
302
277
1027
30
352
1450
700
499
225
20
304
225
1691
344
29753
307
33
1339
16
700
778
304
225
1691
733
539
569
272
2943
65
1377
272
2943
15
26
2315
272
2943
15
21
65
1377
272
2943
15
25
2315
272
2943
15
22
65
1377
272
2943
15
24
1807
2586
1850
265
867
302
16981
386
1998
616
361
29271
382
1905
341
73835
302
26756
373
7044
9058
3210
1563
11674
34481
16
277
6756
4354
302
265
2431
26756
265
2688
867
302
9058
2428
361
17722
352
910
9058
16
689
352
492
4619
344
8781
341
265
225
27
36540
158925
733
342
18294
277
4001
341
20689
1480
539
530
5675
387
20689
2431
26756
236189
164508
302
4354
225
27
18
2251
386
3162
35
461
867
302
236189
164508
302
265
6842
4354
341
265
17722
867
302
50577
4361
18
461
54556
302
265
17722
867
302
50577
4361
898
265
11674
34481
341
265
5115
4001
18
461
3407
341
3473
903
8654
387
20689
2431
26756
1131
3018
4361
18
957
341
11104
304
277
12515
302
265
11674
2431
402
840
158925
302
4354
7662
225
27
18
342
1761
411
341
2731
304
5675
387
20689
2431
26756
236189
164508
302
4354
225
27
18
1563
2024
16
1994
277
29478
2431
402
2960
225
22
2421
23
14883
28
35
2491
8696
911
265
36436
6698
18
16473
5842
304
5675
265
1423
2431
20488
382
2110
1008
304
4928
9058
1013
583
101421
3395
1207
265
19230
25201
436
13822
18
3483
2767
352
839
700
16
539
4273
569
272
2943
58616
87
2943
15
26
2315
272
2943
15
21
58616
87
2943
15
25
2315
272
2943
15
22
58616
87
2943
15
24
1807
2586
1131
2240
24005
16981
1998
516
616
3855
18651
382
5158
1528
304
4928
492
341
304
1265
277
2431
373
11317
3499
9256
2249
6
297
265
3166
1528
18
1563
4681
16
592
539
4802
386
277
2431
341
373
23
11004
6
297
277
5258
302
26756
9058
302
4354
225
27
18
22977
539
530
911
265
2431
1207
1450
225
27
36540
5702
341
373
1876
265
158925
3210
957
341
1013
265
25284
19729
2746
18
7517
903
436
225
22
66
27
33
7361
2731
12336
16
306
539
98044
910
302
1019
18
461
50577
12336
436
1731
386
436
236189
164508
18
1882
1451
236189
164508
302
4354
225
27
35
1563
11674
34481
16
1435
302
236189
164508
302
4354
225
27
341
225
22
66
24
33
902
344
29753
10690
225
20
16
21
16
22
16
23
5827
10690
225
26
16
25
16
24
16
7404
31
2413
225
23
341
7343
16
2342
680
2586
225
902
50577
9058
686
302
225
7361
18
2586
265
2927
13579
302
12336
436
6751
18
2586
411
5563
52298
304
5675
1423
15823
26756
1019
382
681
1689
16
492
341
3600
304
265
2746
302
42537
265
11674
6917
402
840
50577
225
27
17
71390
18
957
341
265
25284
19729
366
265
360
21865
14206
5314
18
7517
277
50577
867
341
516
2502
2927
16
903
1196
361
70588
1451
1175
15823
344
1892
277
42800
3222
94
2326
38194
420
498
42537
265
2481
297
265
360
21865
14206
5314
26756
50577
15616
680
2586
12515
302
4354
225
1339
341
5155
3166
382
27872
2964
19814
277
1682
341
4898
382
29838
16
277
4728
40439
31518
225
20
341
74052
382
23928
277
2946
16
342
642
3138
277
38474
396
4546
306
2483
277
2363
382
2608
304
361
6085
16
342
1387
851
2549
265
2292
352
277
3018
73411
1690
306
758
225
20
592
307
582
1339
306
399
582
27
306
272
341
616
215531
35
3483
1011
1265
277
1154
1717
1804
70305
35
2523
16
1480
730
36033
225
12180
20718
25493
306
277
852
36033
225
20
18
1532
4445
758
1804
18
34159
539
5628
697
1310
341
1610
2988
306
758
25764
16
697
341
16474
93
306
516
1622
382
25790
277
2292
1154
341
3757
265
8156
1154
386
277
1756
642
911
304
1310
16
689
277
5772
10393
642
911
265
1497
1310
20155
386
1094
4059
277
194863
7120
18
461
1756
2428
569
5101
277
2292
1154
396
265
22209
16
689
277
2522
3032
1196
22465
277
194863
18
461
12759
373
8940
2292
38460
129966
86796
13
304
1774
6292
1304
2428
2676
386
1325
539
3138
277
1154
16
277
1756
642
1774
386
1154
304
13561
16
689
277
1756
36033
386
954
1154
642
1717
616
1731
61405
18
7517
903
341
265
54037
16
8696
277
1756
36033
471
304
3138
277
1154
12989
306
1232
277
2292
1154
642
1717
1480
724
569
277
4309
4655
2911
35
2209
724
569
1804
225
12180
20718
25493
306
225
20
352
277
1656
2740
18
3483
4445
4252
9082
730
302
1019
341
516
3757
297
277
2522
1310
20155
18
22547
411
361
386
277
2292
1154
341
516
277
2522
1310
20155
689
1060
265
6775
386
277
1756
642
1774
20845
16
306
724
642
6313
411
35
461
1756
1392
373
5677
4222
59947
5533
213288
1304
3483
10334
539
1196
516
2312
277
1310
70305
16
689
539
2428
361
6751
304
516
12971
819
277
4728
6299
592
724
436
516
766
302
277
2993
6292
35
3483
4007
1265
5258
382
25790
277
4728
1310
4027
436
766
302
277
194863
35
16205
468
277
194863
30
411
1094
674
2240
7120
18
461
4728
1310
4027
5230
1325
277
194863
16
5536
277
1154
18
2586
724
436
8156
18
22977
277
1756
56573
386
539
3138
277
1154
304
1717
277
7120
297
277
194863
16
306
277
4728
1310
4027
436
1060
4814
1478
306
516
766
302
277
1310
20155
18
2952
16
724
436
5451
265
1154
2988
2292
16
697
10334
724
436
6292
382
23928
277
24460
16
342
1761
277
1861
341
304
2483
277
38474
7878
306
5752
386
277
1756
642
4369
411
18
9916
2549
277
194863
396
2688
382
8311
16
1714
184752
16
13640
4638
18400
277
38474
11236
402
910
8106
4027
382
24157
1690
30
307
351
399
18
5489
539
569
1094
730
5702
344
1833
4425
1794
680
5641
38474
642
2292
468
700
351
399
17
21
344
1833
2009
3083
13
277
699
23538
18
887
642
31396
386
277
4425
1794
341
516
158925
18
3483
14441
277
4550
30
840
236189
178142
85523
302
4354
399
18
2586
4309
382
24157
1690
30
399
33
22
18
5489
8588
2287
351
225
24
18
5641
38474
642
2292
468
700
33
21
277
699
23538
344
18273
302
4354
225
22
680
9405
4309
382
24157
1690
30
272
674
6842
8210
386
12475
402
277
6650
35
64452
23626
382
8311
16
1065
819
277
68437
35
1283
893
1325
1450
2457
382
8311
16
3242
17422
30
4421
52448
341
185931
352
616
30456
382
8311
16
730
717
122221
30
461
38474
5119
8588
38149
351
225
21
1408
79
18
1563
399
778
304
225
622
16
8588
38149
778
304
225
21
6351
18
9177
382
8311
16
539
1196
851
1994
386
277
38474
874
361
4625
29406
592
539
38566
699
1568
1450
29607
18
2209
1850
6772
382
8311
16
3138
382
2608
5522
16
903
341
265
30495
11336
30
610
277
38474
6650
16
539
911
699
23538
351
4684
24986
3492
225
21
13
367
274
13
764
344
24986
38149
506
225
21
680
2952
16
8588
341
277
8588
499
3733
1889
16
697
9423
277
2009
399
8210
778
304
3733
2413
700
17
21
18
1563
700
33
20
16
8588
33
20
344
9915
680
5489
699
23538
351
4684
20
1408
21
9522
71
5791
71
18
9405
6772
18
2209
352
700
19105
21
16
8588
341
265
4080
8588
302
4354
399
15739
277
2009
399
8210
778
304
700
17
21
18
2952
16
890
539
17208
699
23538
16
539
8830
2454
306
919
274
18
957
21062
304
34694
277
23734
3083
344
8781
540
468
3422
399
17
21
13
306
32760
616
13822
1652
16
1232
8811
274
468
3422
225
20
18
957
12989
6632
277
2009
399
8210
778
304
700
18
9177
382
8311
16
277
158925
2292
30
1283
2292
592
699
23538
341
158925
18
2209
6035
30
699
23538
21062
304
277
5702
17299
468
700
344
47048
700
8927
15
21
8886
700
680
1563
700
6743
399
17
21
16
386
5702
341
7095
2223
277
1794
18
1563
700
460
399
17
21
16
539
18486
2292
18
2586
4309
382
8311
16
539
1998
4802
386
539
2489
277
8210
12989
30
489
37
11
2649
225
20
16
489
38
11
2649
225
21
18
9405
6772
382
8311
16
1065
819
277
1690
1207
272
2943
65
341
265
6842
3083
386
25099
402
277
2993
274
35
1283
1094
1994
6751
274
382
8311
16
2522
3032
4455
382
8311
16
539
1196
1310
402
277
3419
7120
1347
265
4374
7498
420
5772
1774
35
3557
2731
1743
16
689
539
530
3368
382
2110
3402
10753
1058
2024
382
3506
4658
2024
30
307
33
883
16
399
33
25
16
272
2371
2630
44031
106126
8806
6627
3092
700
33
24
16
539
642
569
5702
10690
225
20
17
24
30
340
398
340
398
340
18
957
341
265
158925
35
6621
30
340
582
37
16
398
582
38
16
7343
340
16
12035
158925
18
2586
468
700
33
24
16
699
23538
1196
361
158925
16
713
539
18486
18
7893
11075
7883
616
53432
18
2586
2522
4455
225
20
18
9177
382
3506
12868
2024
30
307
33
1339
16
399
33
28
16
272
2371
35
37
35
38
8806
38
35
38
35
4387
182250
35
38
8806
38
182250
35009
38
35
10432
35
38
35009
6994
8806
174072
6627
1283
1008
304
1565
592
38474
6714
225
20744
11582
18
14892
304
13561
20488
16
689
6724
382
8311
16
277
4728
1310
352
344
25
16
25
5687
4387
35
6994
3015
36033
225
22
18
16473
1310
6697
30
307
33
25
16
399
33
25
16
272
2371
4387
35
6994
6627
2586
6842
30
340
42513
16
25694
38
42513
18
1283
1008
304
5857
2265
1175
386
277
4425
1794
344
11228
225
25
13
341
516
265
158925
18
461
4425
1794
4354
225
25
341
158925
592
272
63
20
58616
87
63
24
2315
272
63
21
58616
87
63
23
1807
5378
272
63
20
16051
37
16
272
63
24
16051
37
2649
6792
18
272
63
21
16051
37
16
272
63
23
16051
38
2649
516
6792
18
2586
15470
302
2265
344
8781
341
272
63
22
24299
277
1794
341
516
158925
1480
272
63
21
166946
87
63
23
1807
2586
1804
12423
352
2265
344
37
420
398
13
436
4080
18
2586
1682
33
22
18
5641
38474
30
1563
700
33
24
344
29753
399
33
25
16
700
19105
24
733
539
642
2292
699
23538
18
461
8588
642
3087
277
4425
1794
18
887
1196
516
361
158925
1480
272
63
21
166946
87
63
23
1807
2586
1804
30673
6751
16
4455
225
22
18
9177
382
8311
16
1310
344
21
937
16
28
5687
37
82682
21
937
13
36033
225
20
18
5641
38474
30
1058
5702
468
700
33
27
16
699
23538
351
616
53432
344
359
340
33
20
680
2251
616
53432
265
158925
35
8520
16
616
13822
6792
18
2586
539
18486
16
11075
7883
616
53432
18
2586
2522
4455
225
20
18
9177
382
3506
344
21
937
16
28
5687
38
82682
21
937
13
27698
616
6299
16
158925
16
225
20
382
3506
344
21
937
16
622
5687
31255
14
21
937
13
36033
225
22804
7858
25635
18
9405
265
3018
1435
31
954
38474
1196
17208
386
382
8311
16
277
1310
352
344
21
937
16
29
16
1423
1794
13
36033
225
20
18
9405
52298
382
3506
352
344
21
937
16
23
16
1423
1794
13
36033
225
20
382
27872
38474
5563
4309
382
8311
16
730
717
3242
4264
30
461
38474
396
11029
5119
265
1568
302
2287
225
22
54588
352
11075
306
699
18
1563
399
33
622
16
4924
225
21
6351
18
1563
1450
700
16
539
59689
898
616
30456
16
1571
592
37505
33
20
18
9405
20672
18
1283
530
851
21957
498
1094
142157
898
30456
402
1713
41872
37505
1347
20078
16
689
1568
341
6772
382
8311
16
1994
277
845
30
307
33
21
937
16
399
33
622
1117
225
21
937
535
225
21
6351
535
778
304
225
22
351
819
225
22
4364
7154
16
1450
402
265
2487
40743
45247
16
1586
5128
382
8311
16
539
1998
4802
386
539
911
68437
12989
30
699
115681
23538
65
351
344
1815
115681
23538
65
692
37505
13
1577
28157
18
7517
28157
341
225
7858
18833
22460
16
539
530
893
1325
2457
18
27536
16
539
1387
589
2457
306
1232
893
890
115738
16
689
2516
304
893
1450
2457
304
4928
8730
146581
382
8311
16
730
717
122221
30
461
4381
1889
11075
63
20
16051
21
21062
304
8295
1794
18
2952
16
341
411
4080
304
1472
402
8588
225
20
35
1563
700
33
20
16
539
6650
304
699
23538
351
274
18
3483
22699
30456
1013
225
21
16
22
16
24
16
28
51505
9305
366
274
306
399
35
41729
402
399
33
24
16
8588
38149
33
902
18
1563
274
33
20
16
699
23538
33
20
31
352
274
33
21
16
699
23538
33
21
31
352
274
33
20
689
402
8830
35
41729
8588
33
20
16
274
33
20
1117
699
23538
33
20
31
274
33
21
1117
699
23538
33
21
18
2586
1325
1058
3083
16
8588
530
361
225
20
420
225
21
18
9405
6772
382
8311
16
1065
819
277
1690
1207
277
1794
674
6842
8210
386
3866
277
8588
304
569
3166
9058
35
9405
23626
382
27872
38474
341
4689
382
8311
16
9916
4602
277
2522
2363
402
277
194863
5101
382
2608
6035
30
461
194863
297
277
2746
4059
2240
7120
18
15018
539
2549
1019
297
954
2363
35
461
1756
4060
373
6534
277
2165
1154
16607
306
194863
16
7095
3138
277
1154
4546
306
1717
616
277
6292
1304
2586
539
1196
2553
277
194863
396
3419
18
2586
539
642
3271
1375
3080
14487
203
1847
1682
129966
86796
4020
30
853
16
399
30
853
16
272
30
1284
13
2649
853
638
298
11192
18750
265
1794
272
302
4354
307
17433
302
8210
489
37
747
489
38
747
306
489
110389
298
306
265
4898
11795
399
16
1682
277
1435
302
4781
304
6754
1450
215531
402
203
298
3673
489
37
11
420
489
38
11
1175
386
277
8800
1794
674
840
236189
178142
85523
203
298
302
4354
399
388
2458
298
340
1794
341
4800
373
23038
6
592
840
72075
85523
302
4354
399
341
265
158925
388
298
7448
277
1682
68437
225
7858
18833
22460
388
2458
298
35685
638
348
307
30
461
4354
302
277
1794
344
22
6758
399
6758
307
6758
225
21
937
465
348
399
30
461
4354
302
222720
304
2292
352
236189
164508
344
79
6758
225
622
465
348
272
30
340
1794
302
4354
307
17433
302
489
37
747
489
38
747
306
118639
2319
2458
298
11341
638
348
461
1435
302
1622
14580
68437
225
7858
18833
22460
19964
298
25436
1682
129966
86796
12
27
16
225
24
16
489
2630
182250
35
6994
3566
298
225
21
203
298
25436
1682
129966
86796
12
1339
16
225
27
16
489
106126
106126
106126
106126
106126
3566
298
225
12180
20718
25493
203
298
25436
1682
129966
86796
12
883
16
225
25
16
489
2630
44031
106126
8806
3566
298
225
20
203
298
8340
298
28157
351
225
7858
18833
22460
203
298
8588
38149
351
225
21
3492
399
203
298
905
4421
52448
158925
4056
352
616
30456
203
298
341
185931
351
648
8884
65
535
8588
38149
203
298
352
8588
297
2783
99512
38149
2407
348
6569
351
7143
203
348
352
477
297
2783
12402
2407
454
592
4684
24986
6656
477
13
764
225
21
13
2308
4684
24986
6656
344
79
17
21
11151
1149
764
225
21
2407
615
6569
351
8077
203
615
2984
203
348
341
185931
224346
65
351
6569
300
298
11075
351
648
20
65
535
8588
38149
203
298
11075
63
20
65
351
225
21
225
905
8295
1889
300
298
352
700
16
466
297
35909
2350
2407
348
699
351
648
20
65
535
8588
38149
203
348
592
466
1377
489
37
11428
454
274
94434
351
648
20
1391
348
12542
466
1377
489
38
11428
454
274
94434
351
648
21
1391
348
1625
30
225
905
118639
2319
454
274
94434
351
648
20
16
225
21
1391
348
352
8588
16
37505
297
35909
74363
2407
454
592
37505
1377
225
20
638
615
4622
203
454
352
274
297
274
94434
638
615
699
23538
351
4684
24986
3492
225
21
13
367
274
13
764
344
24986
38149
506
225
21
465
615
592
700
6743
399
17
21
306
341
185931
115681
23538
25306
828
4622
203
615
699
115681
23538
65
351
344
1815
115681
23538
65
692
37505
13
1577
28157
203
348
11075
351
699
300
298
2343
351
4455
74363
13
1577
28157
203
298
758
2343
203
7203
6605
1196
361
277
4377
382
8311
16
9916
2483
386
396
277
2522
3032
18
255011
255012
3080
14487
203
1847
1682
129966
86796
4020
30
853
16
399
30
853
16
272
30
1284
13
2649
853
638
298
11192
18750
265
1794
272
302
4354
307
17433
302
8210
489
37
747
489
38
747
306
489
110389
298
306
265
4898
11795
399
16
1682
277
1435
302
4781
304
6754
1450
215531
402
203
298
3673
489
37
11
420
489
38
11
1175
386
277
8800
1794
674
840
236189
178142
85523
203
298
302
4354
399
388
2458
298
340
1794
341
4800
373
23038
6
592
840
72075
85523
302
4354
399
341
265
158925
388
298
7448
277
1682
68437
225
7858
18833
22460
388
2458
298
35685
638
348
307
30
461
4354
302
277
1794
344
22
6758
399
6758
307
6758
225
21
937
465
348
399
30
461
4354
302
222720
304
2292
352
236189
164508
344
79
6758
225
622
465
348
272
30
340
1794
302
4354
307
17433
302
489
37
747
489
38
747
306
118639
2319
2458
298
11341
638
348
461
1435
302
1622
14580
68437
225
7858
18833
22460
19964
298
25436
1682
129966
86796
12
27
16
225
24
16
489
2630
182250
35
6994
3566
298
225
21
203
298
25436
1682
129966
86796
12
1339
16
225
27
16
489
106126
106126
106126
106126
106126
3566
298
225
12180
20718
25493
203
298
25436
1682
129966
86796
12
883
16
225
25
16
489
2630
44031
106126
8806
3566
298
225
20
203
298
8340
298
28157
351
225
7858
18833
22460
203
298
8588
38149
351
225
21
3492
399
300
298
905
4421
52448
697
30456
344
5838
399
8210
13
436
236189
164508
203
298
341
185931
351
648
8884
65
535
8588
38149
203
298
352
8588
297
2783
99512
38149
2407
348
6569
351
7143
203
348
352
477
297
2783
12402
2407
454
592
4684
24986
6656
477
13
764
225
21
13
2308
4684
24986
6656
344
79
506
225
21
506
477
1149
764
225
21
2407
615
6569
351
8077
203
615
2984
203
348
341
185931
224346
65
351
6569
300
298
905
38474
898
10690
31
11075
224346
65
351
1435
302
4781
352
277
16514
17299
402
489
24986
2319
298
11075
351
648
20
65
535
8588
38149
203
298
11075
63
20
65
351
225
21
225
905
8295
16514
344
1612
8210
12658
4427
994
298
352
700
16
466
297
35909
2350
2407
348
699
351
648
20
65
535
8588
38149
203
348
905
87705
2475
8210
203
348
592
466
1377
489
37
11428
454
274
94434
351
648
20
1391
348
12542
466
1377
489
38
11428
454
274
94434
351
648
21
1391
348
1625
30
225
905
118639
2319
454
274
94434
351
648
20
16
225
21
4414
348
352
8588
16
37505
297
35909
74363
2407
454
592
37505
1377
225
20
638
615
4622
203
454
352
274
297
274
94434
638
615
699
23538
351
4684
24986
3492
225
21
13
367
274
13
764
344
24986
38149
506
225
21
465
615
905
6621
158925
4550
1094
890
539
569
265
2833
5702
302
4354
399
203
615
592
700
6743
399
506
225
21
306
341
185931
115681
23538
25306
828
4622
203
615
699
115681
23538
65
351
344
1815
115681
23538
65
692
37505
13
1577
28157
300
348
11075
351
699
300
298
758
4455
74363
13
1577
28157
203
3080
255013
255001