255000
255004
255012
8928
9460
436
2837
304
361
7528
306
4273
361
86428
498
13845
1181
420
1756
14134
638
17
1532
642
3032
10855
352
11828
16
29845
16
420
12077
2269
4131
304
6126
12283
18
1532
642
516
2483
2269
386
341
20243
420
1387
361
1161
304
3866
7431
382
8928
9460
8490
396
593
31768
16
689
724
530
361
86428
297
13845
1181
420
1756
14134
638
17
4520
1227
341
5464
28760
7654
388
17
1532
436
265
2927
4001
2045
6120
498
169990
422
382
7
15420
24293
203
3080
4605
203
63
300
1391
3080
255013
255001
255000
255002
255012
6534
277
2165
1154
16607
306
194863
16
7095
3138
277
1154
4546
306
1717
616
277
6292
18
1995
5677
4222
59947
5533
213288
28430
3039
1196
18523
277
2363
385
11116
297
265
127068
2363
2732
344
826
22057
13
344
22310
642
61694
277
4607
5442
994
5640
1847
1682
129966
2907
184257
18075
21
30
1284
16
1033
22
30
1284
16
1219
37438
30
853
16
2687
37438
30
853
13
2649
853
638
298
11192
4716
277
1435
302
32088
1150
1175
386
1033
21
6758
1150
6758
1033
22
306
1041
298
1219
37438
6758
14387
37438
3974
13
6758
2687
37438
16
1207
14387
37438
3974
13
341
277
4455
302
27740
302
1150
388
2458
298
7448
277
1682
68437
225
622
66
29
692
225
27
388
2458
298
35685
638
348
1033
21
30
340
35576
1794
15739
277
3598
5879
344
21
6758
1033
21
6758
225
622
66
1336
465
348
1033
22
30
340
35576
1794
15739
277
7866
5879
344
2258
21
6758
1033
22
6758
225
622
66
1336
465
348
1219
37438
30
461
7849
6751
14387
4455
344
21
6758
1219
37438
6758
225
4120
465
348
2687
37438
30
461
6756
6751
14387
4455
344
1386
37438
6758
2687
37438
6758
225
4120
465
2458
298
11341
638
348
461
1435
302
1622
32088
68437
225
622
66
29
692
225
27
19964
298
25436
1682
129966
2907
184257
711
21
728
373
740
728
225
21
16
225
28
465
298
225
807
203
298
25436
1682
129966
2907
184257
711
21
728
373
25
728
225
21
16
225
25
465
298
225
25
203
298
33328
1847
2292
180005
2407
298
905
12692
1310
4027
203
298
3999
12578
711
21
728
373
740
728
225
21
16
225
28
13
1377
225
807
203
298
3999
12578
711
21
728
373
25
728
225
21
16
225
25
13
1377
225
25
19964
298
905
22708
1310
4027
203
298
3999
12578
711
21
728
373
21
728
225
21
16
225
21
13
1377
225
21
203
298
3999
12578
711
7366
728
373
3523
728
225
26
16
225
1028
13
1377
225
28
203
298
3999
12578
711
24
728
373
29
728
225
22292
16
225
16972
13
1377
225
20
203
298
3999
12578
711
1748
728
373
4306
728
225
948
16
225
2503
13
1377
225
20
203
298
3999
12578
711
26
728
373
29
728
225
15458
16
225
19727
13
1377
225
20
203
298
3999
12578
711
24
728
373
28
728
225
6701
16
225
24958
13
1377
225
20
203
298
3999
12578
711
2125
728
373
2125
728
225
1691
16
225
1773
13
1377
225
20
203
298
3999
12578
711
24
22460
15711
728
373
27
25763
22118
728
225
6419
16
225
14603
13
1377
225
20
203
298
3999
12578
711
2281
16035
27880
728
373
3298
15352
27612
728
225
20121
16
225
20696
13
1377
225
20
203
298
3999
12578
711
29413
24262
24326
28356
22590
12873
27880
728
373
22
12257
3966
15782
26179
14834
28920
23966
728
225
14919
16
225
12806
13
1377
225
20532
24215
28662
203
298
3999
12578
711
29
28814
27353
13904
14919
20806
19039
23457
728
373
29
28202
28069
14551
8150
27478
10942
14786
728
225
2704
16
225
19436
13
1377
225
22658
26997
27950
203
298
3999
12578
711
23
24640
5460
21058
25029
21452
9718
27391
728
373
27
25268
28208
16035
26709
28026
26122
14575
728
225
10942
16
225
16649
13
1377
225
17078
203
298
3999
12578
711
23
24640
5460
21058
25029
21452
9718
27391
728
373
27
25268
28208
16035
26709
28026
26122
14575
728
225
10942
16
225
16649
13
1377
225
16611
15213
27745
300
7
5904
2292
38460
129966
2907
184257
13
304
1774
6292
388
3080
255013
255001
255000
255003
255012
36231
748
122150
1008
304
3138
1682
129966
2907
184257
18075
21
16
1033
22
16
1219
37438
16
2687
37438
680
101838
436
14580
15739
2927
5463
344
848
304
225
622
66
1336
680
19100
304
1682
32088
1150
297
648
2258
21
16
1033
22
65
1175
386
14387
37438
3974
13
1360
1219
37438
306
2687
37438
24273
18
7448
68437
225
21
73
29
15
27
382
35427
30
1033
21
16
1033
22
778
304
225
622
66
1336
1117
468
1210
225
1336
27740
18
1219
37438
16
2687
37438
778
304
225
4120
16
697
341
277
6756
14387
4455
352
225
1336
57329
5463
344
4956
225
29
14
1336
33
11529
680
41729
225
29
14
1336
33
11529
16
713
2687
37438
6758
225
4120
689
11279
2687
4455
341
468
1210
225
11529
18
2209
724
867
225
4120
8696
304
2617
6892
35
2209
402
225
1336
27740
2687
4455
341
225
11529
16
713
1219
37438
306
2687
37438
1518
11529
642
2837
3050
225
20
18
2586
539
530
5203
386
382
2110
1008
304
1682
5463
297
265
2783
402
14387
4455
25284
18
957
341
265
14387
38474
2746
18
7517
2783
341
778
304
225
622
66
1336
16
539
530
2489
411
396
5463
402
778
304
225
1336
27740
18
2209
6035
1033
21
306
1033
22
1387
569
1497
31051
18
1283
530
11743
1033
21
306
1033
22
304
277
1656
4354
498
11532
5463
402
6152
53432
35
2209
17034
30
14387
4455
302
5463
2142
6152
53432
30
317
1627
1278
1435
225
25
341
373
25
6
689
592
539
11743
304
4354
225
22
16
411
7883
373
2113
6
7305
14387
4455
341
225
25
344
20
15
25
13
1656
396
5772
14387
4455
35
41729
6152
53432
589
516
2312
14387
4455
1480
225
20
15013
5601
18
2586
539
530
11743
1804
304
277
1656
4354
344
4956
4354
13
498
8811
6152
53432
304
277
7922
730
18
2952
16
539
1998
4802
386
5463
402
6152
53432
436
4800
396
277
1656
35576
1333
396
277
4607
1435
344
29753
373
25
6
306
373
2113
6
436
1656
1435
680
2586
592
539
11743
1033
21
304
4354
434
351
2687
22107
18075
21
733
6441
18075
22
1149
402
6152
53432
16
1232
5463
402
6152
53432
3087
5463
499
225
20
304
225
622
244906
506
225
21
18
2209
954
2783
341
499
1033
21
304
1033
22
24273
16
697
436
2688
2142
6152
53432
18
2952
16
592
539
11743
1804
304
1656
4354
16
539
1008
304
4802
386
539
1094
1682
5463
499
1033
21
304
1033
22
16
516
499
225
20
304
1033
22
18
2586
539
1008
304
17208
285
18075
13
351
1682
302
5463
499
225
20
304
1033
344
156055
13
386
22465
14387
4455
16981
16
1232
3032
351
285
18075
22
13
506
285
18075
21
17
21
13
344
4271
1033
21
17
21
2428
361
225
20
35
2209
1033
21
19105
21
680
2209
17034
30
285
18075
13
5047
352
1713
45589
32088
35
22547
17208
352
225
20
35
225
20
674
14387
4455
225
20
18
2209
1219
37438
6743
21
713
516
33649
17833
18
2586
539
530
17208
285
18075
13
352
839
11795
12240
396
1794
16
1347
14387
38474
402
6152
53432
6751
35
2952
16
890
539
11743
304
4354
434
16
5463
402
6152
53432
3087
5463
2336
936
225
622
44930
48
17
21
13
697
436
2336
936
1033
21
35
41729
592
539
11743
1033
21
304
4354
434
16
1232
5463
2336
936
1033
21
689
402
1656
4354
874
361
2336
35
1563
2024
16
1033
21
351
373
21
728
6441
33
21
16
1033
22
351
373
740
728
6441
33
22
18
434
33
22
18
26186
1033
21
304
373
555
3210
5489
277
2783
302
5463
499
225
20
304
373
740
6
4059
5463
1013
373
409
6
344
20
733
373
555
6
344
21
733
373
991
6
344
22
733
69585
373
3171
6
344
29
733
373
622
6
344
622
733
373
807
6
344
807
733
373
740
6
344
740
680
2952
16
277
5772
2783
648
21
16
740
65
4059
225
21
1257
225
740
18
2586
592
539
17208
285
18075
22
13
396
1682
499
225
20
304
1033
22
24273
16
306
285
18075
21
17
21
13
499
225
20
304
1033
21
17
21
24273
16
1232
3032
351
285
18075
22
6030
74
18075
21
17
21
13
4229
18
2209
17034
30
592
539
11743
1033
21
17
21
304
4354
434
402
6152
53432
16
1232
285
18075
21
17
21
13
19377
366
386
84267
11183
1196
12989
1682
5463
499
225
20
304
1033
21
17
21
18
7517
277
38474
352
5463
402
7662
434
27740
344
15519
6152
53432
13
530
1682
616
5463
499
225
20
304
225
622
244906
506
225
21
16
689
539
1587
778
304
265
2688
5879
18
2586
539
530
589
14387
38474
366
277
5879
1794
344
84
30972
304
434
13
304
1682
5463
6758
5879
402
14387
4455
25284
16
1207
539
2617
6152
53432
18
3483
642
12989
1682
5463
499
225
20
304
5879
24273
1480
6152
53432
1907
2312
14387
4455
306
5463
436
12240
42146
402
434
27740
344
5324
6152
53432
680
2586
386
4229
382
27872
277
2746
17045
304
30
2688
265
35576
1794
5879
344
84
30972
304
1656
4354
396
852
733
1682
5463
1150
297
648
20
16
5879
65
1175
386
14387
4455
1360
1219
37438
306
2687
37438
18
7448
1682
68437
28157
382
2110
1008
304
5203
778
304
434
33
1336
27740
16
1219
37438
16
2687
37438
6758
4120
18
2586
539
530
589
38474
402
5267
30
2413
3591
344
20
304
434
733
13334
9453
344
54800
16514
25782
5879
713
3312
733
1843
14387
4455
344
20
568
4956
37438
13
689
2687
37438
778
304
225
4120
16
713
38474
2287
5907
434
535
225
22
535
344
4956
37438
15
21
13
351
225
1336
535
225
22
535
225
14822
64823
225
1145
24194
16
697
341
6772
18
2209
17034
30
539
1008
304
1994
386
14387
4455
530
704
778
304
8696
225
4120
16
689
539
530
4753
38474
304
2687
37438
1480
839
4455
1518
2687
37438
539
530
61714
18
2952
16
539
851
569
1219
37438
31
539
1094
2081
44914
297
648
1386
37438
16
2687
37438
1807
2586
38474
530
17208
1682
302
5463
402
4455
6758
2687
37438
16
1232
57859
1731
402
4455
460
1219
37438
35
2209
1850
8392
304
4671
4455
499
225
20
304
2687
37438
16
306
1232
468
277
1169
4455
297
2783
18
2209
539
1387
851
4671
3598
5879
1094
35
7517
2687
37438
778
304
225
4120
16
1850
6772
382
2608
539
569
304
361
17034
819
68437
382
2110
851
569
304
17208
352
1217
5463
30
1033
22
306
1033
21
17
21
18
2952
16
1033
21
1387
361
373
21
728
1232
1033
21
17
21
351
225
20
18
1283
1008
304
5203
68993
402
68437
382
8311
16
277
38474
4158
30
27969
4602
265
1154
1682
26649
5912
2350
16
1219
37438
16
2687
37438
13
1207
272
341
265
1794
302
27740
344
82239
402
6152
53432
13
15739
277
7866
5879
18
27969
17208
277
1682
302
5463
499
225
20
304
853
2350
13
24273
344
299
11795
13
386
22465
14387
4455
1360
1219
37438
306
2687
37438
382
2110
530
911
77647
402
42626
1701
344
12271
13
420
59038
38474
18
7517
434
341
2164
16
77647
341
6772
382
54641
1375
1847
1682
26649
5912
2350
16
1219
37438
16
2687
37438
2407
298
307
351
6441
2350
465
298
499
136060
1250
312
625
28090
203
298
28157
351
225
622
478
29
15
27
300
298
1029
80
625
28090
57151
465
298
917
65293
40815
16
13334
16
1843
37438
2407
348
592
912
1377
307
638
454
905
539
569
7435
265
1435
344
5324
6152
53432
465
454
905
2292
4455
203
454
592
1219
37438
6758
1843
37438
6758
2687
37438
638
615
758
225
21
203
454
1625
638
615
758
225
20
203
348
4753
351
853
2350
74686
6577
592
13334
1625
225
29
203
348
2983
351
225
20
203
348
352
282
297
2783
12
20
16
4753
15
21
2407
454
699
872
502
351
13334
306
344
72
1377
4753
13
225
905
41729
17034
30
4753
341
277
2687
14387
6751
16
689
13334
2767
539
436
7662
15595
16514
713
3312
18
1437
13334
16
1232
539
530
1094
704
778
304
272
74686
1807
1437
539
5229
282
460
272
74686
2315
1232
699
872
502
351
8077
18
1437
282
1377
272
74686
2315
1232
699
872
502
30628
13334
388
454
699
37438
351
1843
37438
692
282
203
454
592
699
37438
1518
2687
37438
30
4622
225
905
83337
16
1480
4455
3402
33572
2687
37438
203
454
2983
351
344
12815
692
65293
40815
15
21
16
699
872
502
16
699
37438
1149
1577
28157
203
348
758
2983
300
298
758
65293
12
20
16
7143
16
225
20
994
2608
6035
30
1843
37438
530
704
778
304
2687
37438
16
689
539
874
851
569
1219
37438
18
461
2946
642
1682
616
5463
402
4455
1360
1219
37438
306
2687
37438
382
2608
539
1008
304
5203
1690
890
1219
37438
1518
2687
37438
35
3557
2731
396
621
16981
344
1386
37438
6758
2687
37438
680
2586
6772
382
8311
539
1008
304
1465
492
352
1033
22
306
352
344
2258
21
17
21
680
2952
16
539
1008
304
17208
1033
21
17
21
396
265
1794
18
7517
1033
21
341
265
1794
302
778
304
225
1336
27740
16
539
530
57859
225
21
18
27969
1008
304
5203
6152
53432
18
2209
539
530
5207
17208
1347
11795
35
175676
853
530
5203
225
622
66
1336
344
65127
778
304
225
1336
27740
16
2223
175676
22551
17839
16
713
1850
6085
680
2209
539
1008
304
361
17034
30
277
5463
530
361
778
304
225
622
66
1336
16
697
341
2223
175676
11795
2783
344
343
22836
680
2586
539
1387
5207
7046
304
853
306
57859
225
21
18
2952
16
277
2746
2428
361
499
265
5199
386
36033
1794
30537
35
2209
11636
853
530
5203
225
622
66
1336
6043
18
2586
539
530
589
1375
2258
21
10013
351
853
18075
21
465
2258
21
71699
67
21
351
1033
21
10013
506
225
21
203
2608
539
1998
4802
386
592
1033
21
1377
373
20
26471
2209
1033
21
6743
21
16
713
6772
382
54351
1033
22
10013
351
853
18075
22
2570
14032
17208
2343
351
344
8227
26649
5912
18075
22
16
1219
37438
16
2687
37438
13
506
1682
26649
5912
14964
18075
21
71699
67
21
733
1219
37438
16
2687
37438
1149
1577
28157
300
2608
6035
30
1682
26649
5912
36033
265
1794
16
11568
402
6152
53432
35
5641
1682
26649
5912
1154
5119
277
2688
272
18
1437
539
1717
373
20
6
352
1033
21
71699
67
21
16
4924
6772
18
2952
16
539
1008
304
4802
386
277
4354
302
272
341
10358
35
610
1682
26649
5912
539
2489
272
396
277
5879
1794
16
306
539
59689
898
969
27740
18
1437
539
1717
373
20
6
344
11228
225
21
733
1232
5463
499
225
20
304
225
20
24273
642
361
33649
12989
18
2209
1065
819
5463
1013
373
409
26471
3483
1011
3087
225
20
396
1357
689
402
6152
7810
18
2952
16
592
539
911
1682
26649
5912
366
373
20
6
306
1232
366
373
740
728
539
569
1497
31051
18
9405
20672
1480
539
436
27946
5463
6758
386
11795
18
1563
2024
16
1682
26649
5912
711
740
2191
1196
1682
5463
225
20
17
740
24273
18
1682
26649
5912
711
20
2191
19720
5463
225
20
17
20
18
9405
4309
18
2209
539
1998
4802
386
277
38474
494
16340
302
5879
396
1794
402
2731
6152
53432
341
10358
402
277
11795
11183
18
610
954
38474
16
539
2489
277
5879
1794
7662
396
2688
16
402
969
4354
18
1563
373
740
728
4354
225
22
16
539
1994
5463
499
225
20
304
225
959
35
41729
840
16
1480
277
38474
18373
386
539
1094
1994
5463
6758
225
740
18
2973
539
569
6152
53432
16
724
436
6751
18
1563
373
740
728
277
5463
4800
436
1731
402
778
304
225
22
27740
344
15519
6152
53432
13
386
436
6758
225
740
18
3483
4059
225
20
16
21
16
22
55340
740
18
9177
18
1563
373
20
728
4354
225
21
16
277
38474
30002
5463
402
225
21
14387
344
20
17
29
13
689
6758
20
35
41729
277
5879
373
20
1023
4753
27740
351
225
20
18
2586
277
38474
642
1094
2617
282
33
20
468
912
20
18
2586
411
19720
1094
1435
225
20
18
9405
4309
18
2586
539
530
1060
911
277
11795
396
1794
2142
3504
304
1656
4354
18
8801
277
38474
494
4354
341
7152
498
277
1794
11183
302
277
5879
18
957
341
31420
382
2608
30195
30
610
954
38474
16
539
2489
5463
402
6152
53432
396
4080
5463
344
73
1627
1278
373
2113
6
341
4800
396
1435
225
25
680
2973
5879
341
373
740
728
539
1994
5463
1013
373
2113
6
344
8781
341
225
25
13
396
4080
18
2586
1850
6772
382
27872
539
1907
1008
304
11743
304
265
2670
4354
18
1283
530
1060
17208
285
18075
22
13
306
285
18075
21
17
21
13
5502
1347
277
11795
14580
382
8311
16
539
1008
304
4802
386
277
38474
341
7434
352
434
778
304
225
1336
16
402
1889
3203
912
344
20
568
1336
733
13334
344
20
19
21
733
4455
344
20
568
4120
680
2586
468
1210
5907
1336
14
22
14
14822
351
5907
1145
24194
5267
16
1450
142157
778
304
225
622
27740
344
22795
890
13334
16
4753
778
304
225
29
680
2586
7154
5907
16520
79
16
697
341
39154
382
2608
539
1998
361
17034
30
461
4455
530
361
778
304
2687
37438
344
4120
680
2952
16
1919
38474
16
592
699
37438
1518
2687
37438
539
18486
16
689
539
851
2428
569
1219
37438
1518
225
20
18
3578
20672
382
5158
122221
30
2973
539
17208
1033
21
17
21
16
539
1008
304
7046
304
1794
18
2209
1065
592
1033
21
351
373
20
26471
3557
6751
1480
1033
21
6743
225
21
18
2586
6772
382
8311
16
539
1008
304
4802
68437
13667
18
212816
1196
361
893
9760
382
8311
16
13640
1310
402
2688
7120
382
14341
225
21
30
1033
21
508
21
728
1033
22
508
740
728
1219
37438
33
21
16
2687
37438
33
28
18
42379
285
12
740
13
306
285
12
20
680
285
12
740
13
1682
5463
225
20
568
740
402
14387
4455
1360
225
21
306
225
28
24273
18
16473
20488
17208
35
1283
6724
38474
382
23928
3271
225
807
18
2586
285
12
740
6030
74
12
20
5791
35
285
12
20
13
1682
5463
225
20
568
20
402
4455
1360
225
21
306
225
28
30
1094
225
20
4455
33
20
516
33649
16
713
225
20
18
2586
285
12
740
5791
807
18
2586
38474
1196
8138
225
807
382
12668
30
1033
21
508
21
728
1033
22
508
25
728
1219
37438
33
21
16
2687
37438
33
25
18
285
12
25
13
1196
361
5463
225
21
568
25
35
41729
225
20
4455
225
20
516
33649
16
713
285
12
25
5791
25
18
285
12
20
5791
20
16
713
2343
33
25
382
39521
30
1033
21
508
21
728
1033
22
508
21
728
1219
37438
33
21
16
2687
37438
33
21
1117
285
12
21
5791
35
5463
225
20
568
21
30
225
20
4455
20
516
33649
16
225
21
4455
21
33649
1117
225
21
16
285
12
20
5791
20
1117
2343
33
21
382
98161
30
373
7366
4990
3523
728
26
16
1028
1117
3271
225
28
18
27969
1310
3735
382
2110
851
569
717
1310
4027
382
2608
5522
16
903
436
851
1310
4027
386
8138
225
20
352
1451
4027
1207
1219
37438
1518
2687
2731
4455
35
9405
6772
382
8311
16
13640
1761
819
3242
79515
1375
17
461
38474
19720
5463
499
225
20
304
5879
24273
18
2209
890
539
57859
285
18075
21
17
21
733
539
771
5463
499
1033
21
304
1033
22
24273
18
2952
16
539
1998
4802
386
539
2549
1033
21
12989
18
1563
1033
21
33
21
16
1033
21
17
21
33
20
16
285
12
21
13
4059
225
20
35
41729
285
12
21
13
4059
225
20
306
225
21
18
285
12
20
13
4059
225
20
18
2586
285
12
21
6030
74
12
20
5791
21
16
4309
18
1563
1033
21
33
622
16
1033
21
17
21
33
29
16
285
12
622
6030
74
12
29
13
4059
225
622
35
16473
2292
30
285
12
622
13
4059
5463
225
20
568
622
16
285
12
29
13
4059
225
20
568
29
16
5052
351
225
622
18
2586
4309
382
17
2209
1065
592
1033
21
351
373
20
26471
3557
6751
382
17
461
38474
494
1843
37438
530
361
778
304
2687
37438
16
689
592
2687
37438
341
2927
344
7846
225
4120
13
306
539
569
5463
778
304
225
622
66
1336
344
4956
4455
225
11529
733
539
1387
2188
867
38474
4455
4753
304
1219
20399
37438
16
225
29
170800
13
304
5510
5267
18
2209
1850
6772
304
911
2687
37438
396
341
1480
225
4120
341
516
8730
382
17
2952
16
6035
30
461
38474
77647
874
569
41576
5267
402
1656
344
1084
16
13334
16
1843
37438
680
9302
312
625
28090
341
6772
382
2608
539
1008
304
361
17034
30
461
38474
1154
1682
26649
5912
642
361
2988
12775
18
8049
1465
642
569
969
1902
272
16
713
277
38474
1889
4059
277
5879
1794
344
299
766
302
24609
35
41729
277
5879
1794
341
6842
352
277
1465
16
689
539
911
312
625
28090
366
65293
697
10549
366
272
35
7517
272
341
516
387
7411
304
65293
16
689
1850
19053
499
12688
9480
18
2586
592
539
1465
1682
26649
5912
12775
402
1497
272
16
277
312
625
28090
297
1450
1465
341
7821
1480
724
436
8156
5442
18
2586
539
530
8483
65293
5451
1682
26649
5912
306
911
312
625
28090
18
9405
6772
382
8311
16
539
851
1008
304
1994
386
1219
37438
306
2687
37438
436
26695
352
277
6381
2746
18
2209
297
1682
26649
5912
539
530
911
1019
396
73694
396
1357
382
8311
16
539
1196
1310
277
2688
7120
136329
18
2209
2650
539
436
5009
2363
16
539
530
6724
382
2608
903
341
265
122221
30
461
38474
396
4546
19720
5463
402
14387
4455
7662
1360
1219
37438
306
2687
37438
18
2952
16
890
539
569
6152
53432
16
277
14387
4455
302
277
1435
341
4455
302
27740
302
969
11183
2142
6152
53432
35
41729
592
539
2489
5463
402
6152
53432
16
317
1627
1278
1435
225
25
12240
396
373
2113
6
674
14387
4455
225
25
18
9405
1656
396
277
5772
14387
4455
302
225
25
18
2586
1850
10358
18
2586
27946
402
6152
53432
22699
1656
396
27946
5772
5463
1480
6152
53432
11274
7810
382
8311
16
730
717
122221
30
1563
5463
402
6152
53432
16
277
11183
4354
341
6842
304
277
4354
302
277
5879
1794
18
2209
890
539
1682
5463
499
225
20
304
5879
24273
16
539
2549
5463
402
17156
27740
16
697
436
12240
402
6152
53432
18
9405
6772
382
8311
16
277
38474
1196
361
4309
382
2608
539
1008
304
4802
386
277
38474
1414
516
4638
32564
5463
35
1563
2024
16
1435
225
25
1387
361
12240
396
373
2113
6
297
265
225
22
57329
5879
16
689
851
396
373
25
6
297
265
225
21
57329
5879
35
2209
539
2837
911
277
5879
494
4354
18
1563
265
2688
5879
16
277
11183
4354
341
277
1435
302
27740
302
277
5879
344
29753
539
2489
277
5879
396
1794
7662
680
2586
352
5879
373
740
728
4354
225
22
16
5463
436
12240
402
7662
225
22
27740
344
15519
6152
53432
680
2586
1450
1435
674
265
4936
11183
344
5324
6152
53432
680
2586
840
4638
27946
382
8311
16
539
1998
1994
386
277
5879
874
569
6152
53432
35
3557
2731
1480
1033
21
306
1033
22
436
35576
14580
2142
6152
53432
344
22795
373
20
26471
689
516
6751
680
2586
6772
382
8311
16
1310
277
4728
4027
30
16473
20488
17208
265
2487
304
1565
592
954
38474
4158
1011
6496
277
4655
19237
382
2608
903
341
265
5151
30
461
38474
539
8089
19720
5463
499
225
20
304
5879
24273
16
689
1414
411
1682
5463
1013
373
20
26471
8520
18
1533
539
57859
285
18075
21
17
21
680
3483
5563
4309
382
2608
5522
30
461
2746
23570
30
373
8227
277
1435
302
32088
1150
1175
386
1033
21
6758
1150
6758
1033
22
3210
2586
1150
341
11795
18
5641
4158
19720
32088
499
225
20
304
1033
22
16
57859
87
1731
499
225
20
304
1033
21
17
21
16
11487
1731
499
1033
21
304
1033
22
18
9405
4309
382
8311
16
689
903
341
265
122221
30
461
14387
4455
302
1150
341
19377
366
277
19229
11183
2142
6152
53432
18
2209
954
38474
402
6152
53432
2188
22699
277
1656
14387
4455
1480
6152
53432
11274
225
20
18
2586
1850
10358
382
8311
16
1065
819
5463
1013
225
20
35
3557
297
2783
1480
1033
21
19105
21
16
713
539
1907
2081
382
8311
16
539
1196
1994
277
12634
386
1219
37438
306
2687
37438
436
6892
936
277
6756
2731
14387
4455
352
5463
297
277
2783
18
610
386
1690
38474
642
758
225
20
352
285
18075
22
13
306
285
18075
21
17
21
13
306
3032
225
20
18
9405
6772
382
8311
16
13640
1310
277
2024
30
373
7366
728
373
3523
728
225
26
16
225
1028
1117
3271
225
28
18
16473
2050
304
20488
17208
35
3557
4494
16
689
539
530
6724
38474
382
10917
16
539
1196
13561
386
954
38474
341
4309
352
5463
402
2927
14387
44914
18
7517
2687
37438
778
304
225
4120
16
689
434
778
304
225
1336
16
4455
530
14949
2687
37438
6697
18
1283
83337
890
699
37438
1518
2687
37438
18
9405
6772
382
2608
903
341
265
202267
30
461
38474
494
1889
4059
1843
37438
16
697
530
361
778
304
2687
37438
18
2952
16
592
2687
37438
341
225
4120
16
689
277
5879
341
2164
16
1451
5267
874
516
361
10633
18
9405
6772
382
8311
16
730
717
122221
30
461
38474
5119
77647
8597
778
304
434
344
1336
733
697
341
6772
382
8311
16
539
1196
851
1994
277
68437
30
1283
1008
304
758
3032
68437
225
21
73
29
15
27
18
5641
38474
6714
19720
68437
28157
18
461
68993
851
68437
382
8311
16
13640
1761
819
3242
13304
420
3892
30
3557
387
4264
382
8311
16
539
530
3138
382
2608
1714
184752
16
13640
1310
910
4027
20488
402
2363
7498
15376
382
8561
30
1033
21
508
21
728
1033
22
508
740
728
1219
37438
33
21
16
2687
37438
33
28
382
61792
17208
285
12
740
680
27969
589
38474
402
272
508
740
728
434
33
22
382
61792
35909
5463
225
20
568
740
402
14387
4455
1360
225
21
306
225
28
382
1569
5463
225
20
17
740
638
20
4455
20
203
21
4455
21
2649
1682
203
22
4455
22
2649
1682
203
23
4455
23
2649
1682
203
24
4455
24
2649
1682
203
25
4455
25
2649
1682
203
26
4455
26
2649
1682
203
27
4455
27
2649
1682
203
28
4455
28
2649
1682
203
29
4455
29
2649
1518
28
16
516
1682
203
622
4455
21
2649
1682
203
807
4455
22
2649
1682
203
740
4455
23
2649
1682
300
4583
30
225
21
16
22
16
23
16
24
16
25
16
26
16
27
16
28
16
622
16
807
16
740
351
225
807
5463
18
8520
382
74
12
20
5791
20
16
2343
33
807
382
8311
16
1310
373
21
4990
25
728
21
16
25
638
40631
225
21
17
25
30
616
44914
225
21
17
25
16
1682
33
25
382
8311
16
1310
373
21
4990
21
728
21
16
21
30
1094
225
21
382
8311
16
1310
373
7366
4990
3523
728
26
16
1028
30
16473
20488
17208
6697
35
3557
4778
382
8311
16
1310
373
24
4990
29
728
22292
16
16972
30
2687
4455
352
225
24
17
29
341
468
1210
225
29
16
713
5023
297
2783
16
3032
225
20
382
8311
16
1310
373
1748
4990
4306
728
948
16
2503
30
6756
14387
4455
352
5463
225
1748
17
4306
35
225
4306
4455
33
883
16
225
2503
4455
33
740
16
3757
225
4306
4455
33
883
16
689
225
948
341
1398
18
2586
616
44914
2336
936
225
948
35
225
4306
4455
33
883
460
948
16
713
225
20
18
9177
382
8311
16
1310
373
26
4990
29
728
15458
16
19727
30
2687
4455
225
29
460
15458
1117
20
382
8311
16
1310
373
24
4990
28
728
6701
16
24958
30
2687
4455
225
28
460
6701
1117
20
382
8311
16
1310
373
2125
4990
2125
728
1691
16
1773
30
225
2125
4455
33
883
460
1691
1117
20
382
8311
16
1310
373
24
22460
15711
4990
27
25763
22118
728
6419
16
14603
30
1451
5463
16
689
3032
225
20
35
2227
2963
225
20
18
2586
4164
5023
569
14387
4455
297
386
2783
35
99008
910
589
16
689
8696
516
18
27969
6724
382
8311
16
1310
373
2281
16035
27880
4990
3298
15352
27612
728
20121
16
20696
1117
225
20
382
8311
16
1310
373
29413
24262
24326
28356
22590
12873
27880
4990
22
12257
3966
15782
26179
14834
28920
23966
728
14919
16
12806
1117
225
20532
24215
28662
382
16763
265
2927
1682
18
5641
38474
642
1008
304
5203
2927
5463
302
5267
16
689
434
33
1057
306
225
1336
35
16473
1565
4354
30
373
29413
24262
24326
28356
22590
12873
27880
6
4354
35
16473
1682
30
225
29413
24262
24326
28356
22590
12873
27880
2649
4924
225
1710
27740
35
41729
225
29413
24262
24326
28356
22590
12873
27880
341
225
1710
35
16473
1682
30
225
27
225
23
225
28
225
20
225
28
225
21
225
20
225
23
225
27
225
28
225
22
225
27
225
25
225
21
225
25
225
21
225
29
225
20
225
26
225
24
225
29
2649
4924
225
1710
18
461
852
30
373
22
12257
3966
15782
26179
14834
28920
23966
6
2649
13640
1682
30
225
22
225
21
225
29
225
27
225
23
225
20
225
20
225
29
225
27
225
24
225
24
225
23
225
29
225
20
225
24
225
20
225
26
225
29
225
23
225
26
225
20
225
23
2649
225
1336
27740
18
2586
434
778
304
225
1336
18
9405
6772
382
8311
16
1310
373
29
28814
27353
13904
14919
20806
19039
23457
4990
29
28202
28069
14551
8150
27478
10942
14786
728
2704
16
19436
1117
225
22658
26997
27950
382
8311
16
1310
373
23
24640
5460
21058
25029
21452
9718
27391
4990
27
25268
28208
16035
26709
28026
26122
14575
728
10942
16
16649
1117
1217
1497
19237
35
461
5224
4213
1217
1310
4027
402
1656
25573
306
1656
1219
85175
689
1497
4655
19237
35
16473
1412
1375
5640
5648
12578
711
23
24640
5460
21058
25029
21452
9718
27391
728
373
27
25268
28208
16035
26709
28026
26122
14575
728
225
10942
16
225
16649
13
1377
225
17078
203
5648
12578
711
23
24640
5460
21058
25029
21452
9718
27391
728
373
27
25268
28208
16035
26709
28026
26122
14575
728
225
10942
16
225
16649
13
1377
225
16611
15213
27745
203
7203
16763
73411
31
8696
265
103364
35
99008
277
1749
730
341
352
265
1497
1219
85175
35
2491
8696
277
4655
3032
341
225
17078
306
225
16611
15213
27745
35
2209
1804
569
1656
7004
18
3483
5563
387
2615
18
22547
361
386
277
1749
1310
1690
674
1497
1219
37438
85175
37438
35
41729
724
8089
1804
61405
402
1656
10235
18
9405
4164
265
20511
297
277
2746
6434
18
2209
539
436
304
3138
265
1154
386
19553
277
2688
6292
18
2952
16
539
4273
569
1217
1497
70305
402
1656
15028
306
1497
19237
31
277
1310
642
4759
592
1804
436
1831
18
32468
297
1175
4066
16
277
2292
1154
2428
3451
4347
1310
4027
31
689
724
2428
569
265
103364
18
99008
730
302
1019
341
37038
35
16473
316
25735
277
3419
2363
49032
1375
5640
1847
2292
180005
2407
298
905
12692
1310
4027
203
298
3999
12578
711
21
728
373
740
728
225
21
16
225
28
13
1377
225
807
203
298
3999
12578
711
21
728
373
25
728
225
21
16
225
25
13
1377
225
25
19964
298
905
22708
1310
4027
203
298
3999
12578
711
21
728
373
21
728
225
21
16
225
21
13
1377
225
21
203
298
3999
12578
711
7366
728
373
3523
728
225
26
16
225
1028
13
1377
225
28
203
298
3999
12578
711
24
728
373
29
728
225
22292
16
225
16972
13
1377
225
20
203
298
3999
12578
711
1748
728
373
4306
728
225
948
16
225
2503
13
1377
225
20
203
298
3999
12578
711
26
728
373
29
728
225
15458
16
225
19727
13
1377
225
20
203
298
3999
12578
711
24
728
373
28
728
225
6701
16
225
24958
13
1377
225
20
203
298
3999
12578
711
2125
728
373
2125
728
225
1691
16
225
1773
13
1377
225
20
203
298
3999
12578
711
24
22460
15711
728
373
27
25763
22118
728
225
6419
16
225
14603
13
1377
225
20
203
298
3999
12578
711
2281
16035
27880
728
373
3298
15352
27612
728
225
20121
16
225
20696
13
1377
225
20
203
298
3999
12578
711
29413
24262
24326
28356
22590
12873
27880
728
373
22
12257
3966
15782
26179
14834
28920
23966
728
225
14919
16
225
12806
13
1377
225
20532
24215
28662
203
298
3999
12578
711
29
28814
27353
13904
14919
20806
19039
23457
728
373
29
28202
28069
14551
8150
27478
10942
14786
728
225
2704
16
225
19436
13
1377
225
22658
26997
27950
203
298
3999
12578
711
23
24640
5460
21058
25029
21452
9718
27391
728
373
27
25268
28208
16035
26709
28026
26122
14575
728
225
10942
16
225
16649
13
1377
225
17078
203
298
3999
12578
711
23
24640
5460
21058
25029
21452
9718
27391
728
373
27
25268
28208
16035
26709
28026
26122
14575
728
225
10942
16
225
16649
13
1377
225
16611
15213
27745
300
7
5904
2292
38460
129966
2907
184257
13
304
1774
6292
388
7203
9650
16
903
436
1217
16896
70305
18
99008
277
1749
341
10439
304
361
2761
1625
16
1013
1497
1219
85175
420
1497
25573
18
2209
539
1998
3138
277
1154
304
1717
277
2688
6292
396
724
436
18
1437
903
436
1217
52218
70305
16
277
1310
642
4759
18
2952
16
8696
277
1749
730
341
3757
265
1497
1310
386
540
98571
76577
35
2491
9745
277
4655
3271
352
277
1749
730
341
225
17078
306
277
1058
341
225
16611
15213
27745
35
2209
724
436
297
1991
18
22547
361
386
277
1058
730
341
352
265
1497
1154
35
16473
15698
30
461
1058
730
1325
277
1423
5463
341
373
5648
12578
711
23
24640
5460
21058
25029
21452
9718
27391
728
373
27
25268
28208
16035
26709
28026
26122
14575
728
225
10942
16
225
16649
13
1377
225
17078
3210
5489
2475
341
1754
1656
7004
402
225
16611
15213
27745
18
3483
5563
1013
387
2615
382
23928
11279
17673
4066
16
277
3032
352
2927
19797
341
2781
265
2927
1435
1013
225
20532
24215
28662
16
225
22658
26997
27950
16
4115
18
225
17078
341
265
2164
1435
18
22547
411
361
386
277
1749
1310
1690
341
3757
352
265
1497
1219
37438
85175
37438
35
22977
277
1749
730
341
373
10942
16
225
16649
6
689
730
341
373
10942
16
225
16649
6
306
277
852
373
10942
16
225
16649
26471
3557
2897
382
25790
277
1749
1310
1690
341
10439
304
361
352
265
1497
2783
16
1013
373
23
24640
5460
21058
25029
21452
9718
27391
728
373
27
25268
28208
16035
26709
28026
26122
14575
728
225
10942
16
225
16649
689
277
4655
341
225
16611
15213
27745
35
2209
3097
1217
1497
35
99008
277
1058
3999
341
352
277
1154
539
436
304
3138
16
306
277
1749
341
352
265
1497
1154
35
2209
724
436
1804
11551
12578
344
8781
341
1682
129966
2907
184257
680
461
2746
6434
4060
373
5677
4222
59947
5533
213288
1304
2586
539
1998
3138
1682
129966
2907
184257
1175
386
890
2292
180005
13
10424
16
616
70305
1717
18
1437
903
341
265
31579
40439
402
1497
4655
2911
16
1850
13861
304
22465
1804
18
2586
9745
903
341
265
20511
297
277
21466
18
99008
277
1749
730
341
3757
352
265
1497
867
302
5938
35
16473
1538
468
277
1794
31051
30
373
23
24640
5460
21058
25029
21452
9718
27391
6
4354
225
1336
35
16473
1682
30
225
23
225
20
225
24
225
26
225
21
225
25
225
20
225
22
225
26
225
21
225
25
225
20
225
27
225
25
225
20
225
23
225
29
225
29
225
20
225
24
225
28
225
29
2649
4924
225
1336
27740
18
373
27
25268
28208
16035
26709
28026
26122
14575
6
4354
35
225
27
225
27
225
27
225
25
225
28
225
22
225
29
225
21
225
28
225
21
225
20
225
29
225
25
225
20
225
26
225
28
225
27
225
23
225
27
225
21
225
23
225
26
2649
225
1336
27740
18
2586
1804
436
225
1336
57329
5463
18
461
1219
37438
33
10942
16
2687
37438
33
16649
18
461
6756
14387
4455
352
265
225
1336
57329
1435
341
225
11529
344
359
616
225
29
494
680
2586
225
16649
341
52298
18
461
1682
1387
361
2927
18
461
1058
4655
3271
341
225
17078
16
697
341
9310
2164
18
461
1749
341
225
16611
15213
27745
16
697
341
819
225
21
18
25
73
28
18
8548
730
341
717
52298
35
1563
265
2783
302
5463
499
5907
23
18
24640
73
1710
304
5907
27
18
25268
73
1710
16
277
2983
1682
302
5463
341
819
225
24
18
24526
73
1710
16
697
341
8730
18
461
1435
302
5463
402
14387
4455
1360
225
10942
306
225
16649
1011
361
265
3040
13579
302
386
2983
18
461
2983
1435
302
225
1336
57329
5463
344
3161
225
622
66
1710
304
225
622
66
1336
17
21
13
341
225
29
14
622
66
1710
16
689
1743
1850
265
22517
18
461
13579
302
5463
402
14387
4455
297
265
2688
2783
530
361
84866
498
265
3932
6158
18
461
2676
14387
4455
352
5676
225
1336
57329
1435
341
225
1336
14
24
18
25
33
959
18
2586
225
10942
304
225
16649
341
2946
2676
18
461
13579
2428
361
2164
689
2188
1387
361
2927
18
225
17078
5563
9283
2164
352
1175
265
8730
2783
344
6850
225
17078
5463
297
898
225
24
18
27
73
1710
5463
680
3483
5563
128941
18
2586
4164
277
4309
3032
341
225
16611
15213
27745
16
697
341
819
225
21
18
3723
73
28
18
225
17078
5563
1013
265
1310
352
265
1497
344
138982
13
2783
9745
35
22547
361
386
277
1058
3999
341
3757
352
265
1497
1219
85175
35
14812
277
1058
3999
341
352
1219
37438
33
10942
16
2687
37438
33
16649
689
277
1749
3999
341
352
2761
1625
35
2491
8696
277
1749
3999
341
352
265
1497
1154
35
2209
724
436
1804
277
1656
382
25790
277
2746
15422
1078
1217
1310
4027
402
1497
1219
85175
689
724
3289
34013
18
30949
468
277
6917
30
1325
277
225
1336
57329
1310
16
539
569
225
29
28814
27353
13904
14919
20806
19039
23457
344
1336
27740
19767
41729
373
29
28814
27353
13904
14919
20806
19039
23457
6
4354
35
225
29
225
26
225
27
225
24
225
28
225
23
225
29
225
29
225
27
225
20
225
21
225
24
225
27
225
20
225
27
225
20
225
22
225
25
225
21
225
28
225
26
225
26
2649
225
1336
27740
18
11615
341
373
29
28202
28069
14551
8150
27478
10942
14786
6
4354
35
225
29
225
27
225
23
225
22
225
26
225
26
225
22
225
21
225
22
225
29
225
21
225
26
225
20
225
27
225
28
225
23
225
21
225
22
225
27
225
29
225
28
225
21
2649
225
1336
27740
18
5489
1217
61405
352
277
2475
1310
18
2586
8696
277
2475
1310
341
851
2927
689
402
1497
1219
85175
35
461
1541
4060
373
5648
12578
711
23
24640
5460
21058
25029
21452
9718
27391
728
373
27
25268
28208
16035
26709
28026
26122
14575
728
225
10942
16
225
16649
13
1377
225
17078
3210
3483
5563
1013
265
1586
2164
1682
18
22547
411
361
386
277
1219
37438
306
2687
37438
436
100450
35
225
10942
306
225
16649
341
2927
689
277
2783
341
499
225
23
24640
5460
21058
25029
21452
9718
27391
304
225
27
25268
28208
16035
26709
28026
26122
14575
16
697
436
225
1336
57329
5463
18
461
14387
4455
302
1131
5463
35
16473
17208
30281
14387
4455
30
1563
3598
5879
30
225
23
15
20
15
24
15
26
15
21
15
25
15
20
15
22
15
26
15
21
15
25
15
20
15
27
15
25
15
20
15
23
15
29
15
29
15
20
15
24
15
28
15
29
351
13640
4455
30
225
23
15
20
33
23
16
692
24
33
27
16
692
26
33
1068
16
692
21
33
992
16
692
25
33
1057
16
692
20
33
1057
16
692
22
33
1710
16
692
26
33
1592
16
692
21
33
1575
16
692
25
33
1691
16
692
20
33
1691
16
692
27
33
1339
16
692
25
33
1789
16
692
20
33
1789
16
692
23
33
2127
16
692
29
33
3723
16
692
29
33
2704
16
692
20
33
2704
16
692
24
33
2196
16
692
28
33
3523
16
692
29
33
4405
18
2586
3598
5879
4455
33
4405
18
32992
5879
30
225
27
15
27
15
27
15
25
15
28
15
22
15
29
15
21
15
28
15
21
15
20
15
29
15
25
15
20
15
26
15
28
15
27
15
23
15
27
15
21
15
23
15
26
351
13640
4455
30
225
27
15
27
33
992
16
692
27
33
1710
16
692
25
33
1670
16
692
28
33
2014
16
692
22
33
1960
16
692
29
33
1789
16
692
21
33
2589
16
692
28
33
5477
16
692
21
33
2517
16
692
20
33
2517
16
692
29
33
1507
16
692
25
33
4306
16
692
20
33
4306
16
692
26
33
2232
16
692
28
33
7713
16
692
27
33
1948
16
692
23
33
8028
16
692
27
33
1296
16
692
21
33
6681
16
692
23
33
9431
16
692
26
33
6880
18
2586
7866
5879
4455
33
6880
18
2586
277
2783
302
5463
674
14387
44914
1360
225
4405
306
225
6880
344
29753
14387
44914
8632
2223
277
2783
16
689
516
616
5463
297
1360
569
14387
44914
297
386
2783
31
689
277
7849
2731
14387
4455
297
277
2783
2428
361
3598
936
225
4405
35
41729
5463
2336
936
3598
5879
436
516
5101
18
461
21820
1435
297
277
2783
341
225
23
24640
5460
21058
25029
21452
9718
27391
402
4455
225
4405
18
461
8331
341
225
27
25268
28208
16035
26709
28026
26122
14575
402
4455
225
6880
18
2586
277
14387
4455
302
5463
297
492
2783
341
1360
225
4405
306
225
6880
18
2209
277
1310
23570
352
1219
37438
33
10942
16
2687
37438
33
16649
16
697
436
2946
225
6880
18
2586
840
5463
297
277
2783
569
14387
4455
386
1398
18
8111
277
3032
1196
361
225
20
16
516
225
17078
420
225
16611
15213
27745
18
26128
16
689
277
1310
36033
1713
41872
18
3483
10334
386
277
25573
2428
361
26335
21214
30
1033
21
306
1033
22
436
14580
15739
277
3598
306
7866
5879
16
689
8696
724
436
516
277
19229
5463
35
2491
8696
277
14387
4455
341
5047
396
4455
302
27740
302
277
1435
890
5448
297
3349
2761
1625
35
2523
16
1850
19229
382
19477
4638
18400
277
5463
30
373
23
24640
5460
21058
25029
21452
9718
27391
6
306
373
27
25268
28208
16035
26709
28026
26122
14575
3210
6346
1131
4309
35
99008
342
5478
102308
2046
18
16473
996
34239
717
14316
382
19154
5879
30
225
23
24640
5460
21058
25029
21452
9718
27391
300
84716
30
1041
23
203
20
203
24
203
26
203
21
203
25
203
20
203
22
203
26
203
21
203
25
203
20
203
27
203
25
203
20
203
23
203
29
203
29
203
20
203
24
203
28
203
29
300
20454
638
23
15
20
33
23
203
15
24
33
27
203
15
26
33
1068
203
15
21
33
992
203
15
25
33
1057
203
15
20
33
1057
203
15
22
33
1710
203
15
26
33
1592
203
15
21
33
1575
203
15
25
33
1691
203
15
20
33
1691
203
15
27
33
1339
203
15
25
33
1789
203
15
20
33
1789
203
15
23
33
2127
203
15
29
33
3723
203
15
29
33
2704
203
15
20
33
2704
203
15
24
33
2196
203
15
28
33
3523
203
15
29
33
4405
18
8520
382
31806
5879
30
225
27
25268
28208
16035
26709
28026
26122
14575
300
84716
638
27
203
27
203
27
203
25
203
28
203
22
203
29
203
21
203
28
203
21
203
20
203
29
203
25
203
20
203
26
203
28
203
27
203
23
203
27
203
21
203
23
203
26
300
20454
638
27
15
27
33
992
203
15
27
33
1710
203
15
25
33
1670
203
15
28
33
2014
203
15
22
33
1960
203
15
29
33
1789
203
15
21
33
2589
203
15
28
33
5477
203
15
21
33
2517
203
15
20
33
2517
203
15
29
33
1507
203
15
25
33
4306
203
15
20
33
4306
203
15
26
33
2232
203
15
28
33
7713
203
15
27
33
1948
203
15
23
33
8028
203
15
27
33
1296
203
15
21
33
6681
203
15
23
33
9431
203
15
26
33
6880
18
8520
382
4892
14233
616
5463
297
492
2783
569
14387
4455
1360
225
4405
306
225
6880
18
461
1219
37438
33
10942
1518
6880
16
713
3032
1196
361
225
20
18
2209
277
1310
36033
1713
41872
18
2586
903
341
265
66504
18
22977
277
25573
436
516
277
5463
5895
689
14580
15739
277
3598
306
7866
5879
352
277
14387
4455
35
2523
16
277
2746
6434
4060
30
373
2258
21
30
340
35576
1794
15739
277
3598
5879
344
21
6758
1033
21
6758
225
622
66
1336
24248
713
1850
277
3598
5879
11795
382
25790
277
1310
341
352
265
1497
867
302
1219
37438
85175
37438
35
22547
361
386
277
1749
1310
1690
3757
674
1497
1219
37438
85175
37438
16
8696
225
10942
16
225
16649
689
352
265
1497
2783
35
2209
1850
277
1656
382
25790
277
1310
36033
225
17078
352
265
1497
1219
37438
85175
37438
35
22547
361
386
277
1219
37438
341
225
10942
306
2687
37438
341
225
16649
16
689
277
3032
225
17078
341
52298
592
277
2783
846
7922
35
1563
4681
16
592
277
2783
846
2761
1013
373
21
728
373
21
937
728
8696
35
2209
840
382
25790
342
250260
30
461
1217
61405
436
1375
5648
12578
711
23
24640
5460
21058
25029
21452
9718
27391
728
373
27
25268
28208
16035
26709
28026
26122
14575
728
225
10942
16
225
16649
13
1377
225
17078
203
5648
12578
711
23
24640
5460
21058
25029
21452
9718
27391
728
373
27
25268
28208
16035
26709
28026
26122
14575
728
225
10942
16
225
16649
13
1377
225
16611
15213
27745
300
6605
341
10098
73411
382
25790
277
1749
3999
341
3757
352
265
1497
1154
1465
35
2209
724
436
1804
277
1656
18
99008
277
1749
3999
341
265
20511
306
1196
361
8045
35
2491
8696
277
1058
3999
341
352
265
1497
1219
85175
16
1013
344
10942
16
225
16649
13
306
277
1749
352
344
10942
16
225
16649
13
689
277
1749
4655
341
225
16611
15213
27745
35
2209
1232
277
1058
225
17078
341
6078
18
22547
361
386
277
1310
1690
341
499
387
7977
3478
306
277
3032
6816
18
610
1451
17673
4066
16
724
3050
5810
1310
4027
18
18789
277
2927
1310
4027
569
2927
19237
18
461
225
17078
2428
361
265
2164
3271
352
265
1497
1219
85175
16
8696
225
21
17
1296
35
2209
277
5463
436
2927
382
19477
2292
277
30576
1310
30
373
29
28814
27353
13904
14919
20806
19039
23457
4990
29
28202
28069
14551
8150
27478
10942
14786
728
2704
16
19436
1117
225
22658
26997
27950
18
9405
265
2927
3271
18
5489
277
2475
1310
30
373
23
24640
5460
21058
25029
21452
9718
27391
4990
27
25268
28208
16035
26709
28026
26122
14575
728
10942
16
16649
1117
1217
61405
18
887
5563
52298
386
277
4309
3271
352
386
1310
341
225
16611
15213
27745
16
1480
1850
297
277
1656
19691
344
23835
225
22
18
25
73
28
680
461
225
17078
5563
686
302
2111
18
6755
16
6035
386
225
17078
341
265
2164
1435
31
8696
1850
277
3032
352
265
1497
1219
85175
35
22547
361
386
277
1219
37438
306
2687
37438
436
3757
225
10942
16
225
16649
689
277
4655
341
225
16611
15213
27745
16
306
277
225
17078
341
265
83092
499
265
1497
1310
35
2491
8696
277
1749
3999
341
3757
352
265
1497
2783
35
16473
15698
277
1541
30
1325
277
1880
402
225
22658
26997
27950
16
903
341
265
1880
2984
306
1232
277
1217
61405
18
99008
277
1058
3999
341
352
1219
37438
33
10942
16
2687
37438
33
16649
306
277
1749
3999
341
352
1219
37438
33
10942
16
2687
37438
33
16649
689
402
1497
4655
35
2523
382
25790
277
1749
3999
341
265
5209
183764
2615
306
1196
361
2761
1013
1375
5648
12578
711
23
24640
5460
21058
25029
21452
9718
27391
728
373
27
25268
28208
16035
26709
28026
26122
14575
728
225
10942
16
225
16649
13
1377
225
16611
15213
27745
300
414
277
1058
3999
341
3757
352
265
1497
867
16
8696
1375
5648
12578
711
23
24640
5460
21058
25029
21452
9718
27391
728
373
27
25268
28208
16035
26709
28026
26122
14575
728
225
10942
16
225
16649
13
1377
225
17078
300
2608
386
2188
69488
382
27023
411
361
386
277
1058
3999
341
352
277
1154
1682
129966
2907
184257
306
277
1749
341
352
265
1497
1154
35
2209
724
436
1804
12578
382
25790
277
2746
15422
1078
1217
1310
4027
402
277
1656
10235
689
1497
4655
2911
304
1310
352
893
35
2209
893
341
225
21
73
29
15
27
16
1804
436
2336
936
386
16
713
840
382
25790
277
1749
3999
341
3757
352
265
1497
1154
1227
35
2523
382
23928
277
100849
16
342
1761
1850
4164
265
20511
297
277
2746
6434
18
2952
16
396
277
3138
266
16
539
1998
6496
2363
386
19553
277
2688
1310
20155
18
1437
277
1310
20155
5720
1217
73411
70305
16
1850
13861
304
22465
1804
18
2209
8696
277
1310
20155
341
1774
402
2292
180005
13
306
592
539
1774
411
16
277
1058
40439
642
4759
16
1232
277
6775
642
5088
16
306
277
1749
40439
7258
361
15474
18
2209
277
2292
1154
642
8477
387
95719
2466
366
277
1058
56793
16
306
277
1310
35666
2428
1094
1994
386
18
2209
277
12759
4060
30
373
3039
1196
18523
277
2363
385
11116
297
265
127068
2363
2732
344
22310
642
61694
277
4607
5442
15932
306
373
8940
2292
38460
129966
2907
184257
13
304
1774
6292
1304
2586
539
1008
304
2483
265
1154
386
19553
616
6292
297
277
2292
1154
18
1437
903
436
1217
52218
61405
16
539
4273
1717
1804
18
2209
8696
277
1310
20155
341
1175
386
1094
730
302
1019
341
15474
35
2523
16
2292
1154
4059
1804
61405
16
713
592
539
1774
411
16
411
642
1774
1804
297
1991
18
1437
277
1058
18048
16
277
1736
21613
306
277
1749
3042
10424
18
2209
277
14393
341
304
1717
616
6292
16
6115
386
890
539
1774
2292
38460
129966
2907
184257
733
840
40439
7783
5181
18
2586
539
1008
304
22465
1804
18
8111
539
1998
7745
686
697
730
341
4309
420
8696
277
1749
3999
341
3757
265
1497
1310
1690
402
1497
10235
35
22547
361
265
36915
4264
30
8696
277
1749
3999
341
3757
1375
5648
12578
711
23
24640
5460
21058
25029
21452
9718
27391
728
373
27
25268
28208
16035
26709
28026
26122
14575
728
225
10942
16
225
16649
13
1377
225
16611
15213
27745
300
2608
724
851
569
387
7977
3999
35
41729
277
30576
1880
341
1375
5648
12578
711
29
28814
27353
13904
14919
20806
19039
23457
728
373
29
28202
28069
14551
8150
27478
10942
14786
728
225
2704
16
225
19436
13
1377
225
22658
26997
27950
300
14032
277
2475
1880
341
277
1058
225
17078
3999
16
1232
277
2475
1880
341
277
1749
225
16611
15213
27745
3999
18
22547
411
361
386
277
1749
3999
341
3757
352
265
1497
1219
37438
85175
37438
16
1013
344
10942
16
225
16649
13
689
277
1058
341
352
2761
1625
35
16473
1412
277
2746
5224
1754
30
887
4060
373
5197
1682
129966
2907
184257
711
21
728
373
740
728
225
21
16
225
28
13
225
807
123263
4115
18
461
194863
4059
910
7120
18
5489
724
2483
265
2292
1154
402
4728
1310
4027
18
461
4728
1310
4027
2549
1731
2927
6299
18
2586
277
4728
1310
4027
436
4164
616
4309
18
2586
277
1217
61405
352
277
1656
10235
2428
361
265
20511
18
99008
277
1058
730
341
10439
304
361
352
265
1497
867
16
317
1627
1278
373
23
24640
5460
21058
25029
21452
9718
27391
728
373
27
25268
28208
16035
26709
28026
26122
14575
728
225
10942
16
225
16649
689
277
4655
341
225
17078
35
2209
386
102717
277
14387
4455
2783
18
34159
277
25573
436
516
24273
35
2523
382
20822
16
8696
342
5478
105464
277
14387
44914
302
277
25573
1480
277
5463
436
1586
2927
306
342
2428
569
5478
102308
2046
18
16473
4638
18400
1347
265
717
23093
4158
18
2209
342
1761
922
4455
341
4309
382
2608
8696
277
25573
436
516
19229
5463
35
22547
361
724
436
297
265
1497
3349
35
2523
382
25790
277
1154
1682
129966
2907
184257
341
12762
304
1682
5463
1150
1175
386
277
14387
4455
302
1150
341
1360
1219
37438
306
2687
37438
16
689
1150
341
12240
396
265
1794
35
2523
382
27023
411
361
386
277
25573
436
2688
396
14580
16
689
277
14387
4455
341
19377
366
277
1794
11183
302
277
5879
5513
35
3483
11413
1265
5258
382
25790
277
1310
36033
277
3032
225
17078
352
265
1497
1219
37438
85175
37438
35
16473
17208
30281
1435
302
32088
297
386
2783
402
14387
4455
1360
225
10942
306
225
16649
18
7517
277
2783
341
8730
344
33516
225
24
18
27
73
1710
5463
733
277
1682
1011
361
28224
16
516
225
17078
18
2586
225
17078
341
13861
18
8111
277
1058
3999
1998
361
6078
18
461
1749
3999
344
16611
15213
27745
13
341
52298
35
16473
12564
30
461
2983
1435
302
225
1336
57329
5463
341
819
225
29
73
1710
18
461
14387
4455
6158
352
225
1336
57329
5463
344
5324
6152
14387
499
225
21
17
29
13
341
21210
3932
402
2676
225
959
306
25682
5907
1336
14
28
18
948
35
41729
352
12808
6158
302
27740
344
22795
1058
14387
225
21
17
29
733
277
2676
14387
4455
351
225
21
692
225
29
14
24
18
25
35
26128
16
352
265
225
1336
57329
1435
16
277
1058
14387
341
225
21
17
29
344
29157
225
25
733
277
2518
436
225
20
17
29
344
29157
225
24
18
25
680
2586
2983
2676
351
225
25
692
225
1710
14
24
18
25
351
225
25
692
225
7726
18
25
351
225
959
18
25
18
145123
30
1058
14387
25682
30
344
21
66
22
15
22
66
22
15
1424
15
29
66
22
5403
29
506
225
25
66
22
351
344
20121
5403
29
506
225
948
351
225
2193
18
26
21239
506
225
948
351
225
26
18
26
21239
18
1563
852
27740
16
25682
351
4684
20
66
22
15
1424
15
29
66
22
5403
622
506
225
24
18
25
66
22
13
351
344
20121
19
622
506
225
696
18
948
13
351
225
1575
18
25
506
225
696
18
948
351
225
28
18
948
18
2586
2983
25682
351
225
26
18
26
21239
692
225
1710
14
28
18
948
351
225
26
18
26
21239
692
225
17141
18
948
351
225
17781
18
29
16954
18
13196
24911
5907
1068
18
24
18
2586
277
12075
386
14387
4455
341
1360
225
10942
306
225
16649
341
21210
277
10649
499
344
10942
17
959
18
25
5403
1068
18
24
64823
225
22
18
2113
304
344
16649
17
959
18
25
5403
1068
18
24
64823
225
25
18
2804
18
461
7866
10649
7835
225
22
18
2113
51367
341
819
225
22
9
344
29753
225
22
51367
341
225
22
18
25
224982
41729
225
22
51367
341
225
2072
18
1789
9
2223
16
713
10649
2946
225
22
51367
341
225
22
18
18467
11703
2586
1360
225
22
18
2113
306
225
25
18
2804
51367
16
1850
819
225
22
18
18467
9
30774
55591
2946
225
25
51367
18
2586
12075
64823
225
20
18
991
18467
18
114945
498
2983
1682
297
277
2783
18
461
2783
4059
5463
499
5907
23
18
24640
73
1710
304
5907
27
18
25268
73
1710
16
697
341
819
225
24
18
24526
73
1710
5463
18
2209
516
616
436
225
1336
57329
5463
35
41729
1804
25573
436
225
1336
57329
5463
344
73210
402
225
23
306
225
27
680
2586
616
5463
297
277
2783
436
225
1336
57329
5463
344
29753
225
622
66
1710
341
225
21
7528
498
225
1710
53432
16
697
341
225
1336
27740
35
225
622
66
1710
341
225
21
402
225
1710
53432
351
225
21
937
1424
20
16
4924
225
1336
27740
35
16473
2292
30
225
622
66
20
351
225
21
344
21
14387
733
225
622
66
21
33
622
344
22
27740
733
225
622
66
22
33
1296
344
23
27740
680
2586
225
622
66
1710
674
225
1336
27740
18
2586
5463
499
225
622
66
1710
344
8781
341
225
21
937
1424
20
13
304
225
622
66
1336
17
21
344
8781
341
225
4542
1424
29
16
225
1336
27740
680
2586
12035
16
225
1336
57329
5463
18
2586
277
2983
1682
302
5463
297
277
2783
341
433
351
853
18075
22
13
506
853
18075
21
13
692
225
21
18
3483
341
819
225
24
18
24526
73
1710
18
114945
498
12075
5907
20
18
991
18467
6632
819
225
21
18
26087
73
696
16
697
341
37682
1547
6892
936
225
16611
4364
18
2586
225
16611
4364
341
2188
15747
5071
304
386
18
2586
1571
225
20
18
991
9
1011
361
8730
18
2586
8696
277
12075
341
1687
7922
1480
277
14387
4455
2783
341
1398
35
2209
2676
225
959
18
25
16
225
10942
341
819
225
22
18
2113
51367
16
10649
7835
225
22
18
2113
51367
341
819
225
22
18
22
9
396
2946
18
2586
14233
277
1682
1011
361
366
277
1991
302
225
21
73
696
18
2586
225
16611
4364
341
3312
2502
2164
18
2586
1804
225
17078
306
225
16611
15213
27745
436
74899
352
1175
265
2927
2783
18
34159
277
2783
341
516
277
4569
867
302
225
1336
57329
5463
689
265
1586
14522
989
18548
35
2209
277
25573
436
225
1336
57329
5463
16
689
277
2783
4059
819
225
24
18
27
73
1710
5463
16
697
341
8730
18
2586
277
1682
4273
361
396
2674
396
225
16611
4364
18
36981
341
1115
382
25790
277
25573
436
516
19229
5463
689
2761
1625
35
2491
8696
277
1154
1682
129966
2907
184257
341
516
27946
616
5463
297
277
2783
16
689
27946
5463
1150
1175
386
277
14387
4455
302
1150
341
1360
1219
37438
306
2687
37438
16
689
1150
341
265
1794
35
3483
4007
1265
5258
382
44125
277
1310
4027
436
499
265
2746
1207
277
5463
436
12240
396
14580
306
277
14387
4455
341
19377
366
277
1794
11183
302
277
1435
16
689
277
2783
341
1586
2164
1480
277
5463
436
2927
689
277
1682
341
19377
68437
225
21
73
29
15
27
16
689
2188
277
1682
1196
361
277
5772
1682
68437
28157
18
225
16611
4364
341
52298
396
265
68437
1193
592
277
5772
1682
341
8730
16
689
1850
1060
277
22503
18
2586
225
16611
4364
1387
361
277
22503
1325
68437
225
21
73
29
15
27
18
3483
341
2731
30
277
5772
1682
1387
361
16
2132
16
225
21
73
696
692
2761
16
306
68437
225
21
73
29
15
27
1387
361
225
16611
4364
18
22041
16
225
17078
1387
361
277
22503
18
2586
1804
436
2731
396
68437
2527
18
2209
724
1173
16
713
1094
730
530
361
4309
18
2586
539
1008
304
17208
277
5772
1682
68437
28157
306
1565
697
14441
382
2608
539
4273
17208
20488
352
1175
2927
19797
18
2952
16
539
530
3368
819
277
6158
306
4655
1682
68437
28157
18
461
68437
1193
10549
366
277
5204
1682
18
2586
539
1008
304
6724
277
1310
382
23928
277
100849
16
8696
277
1749
3999
341
277
4309
730
306
277
1058
341
265
20511
18
2491
8696
277
1058
3999
341
352
265
1497
1219
85175
16
1013
225
10942
16
225
16649
689
277
1749
341
352
2761
1625
35
22547
361
386
277
1749
3999
341
3757
352
265
1497
2783
16
8696
373
23
24640
5460
21058
25029
21452
9718
27391
728
373
27
25268
28208
16035
26709
28026
26122
14575
728
225
10942
16
225
16649
689
277
4655
341
225
16611
15213
27745
16
306
277
1058
3999
341
265
5209
183764
2615
306
1196
361
8045
35
2209
539
4445
5909
6292
18
2952
16
277
2292
1154
341
3419
396
766
302
277
2746
6434
16
306
539
436
5584
373
5677
4222
59947
5533
213288
1304
3483
10334
539
1998
4369
277
6292
396
2688
18
2209
592
724
436
73411
16
277
1094
1528
304
1717
341
304
3138
265
1154
386
6714
265
1333
386
14441
1804
35
9405
13861
18
2586
4164
903
341
265
20511
297
277
2746
6434
16
306
539
1008
304
8147
411
12989
18
99008
277
1749
3999
341
3757
265
1497
1310
1690
16
1013
1375
5648
12578
711
23
24640
5460
21058
25029
21452
9718
27391
728
373
27
25268
28208
16035
26709
28026
26122
14575
728
225
10942
16
225
16649
13
1377
225
16611
15213
27745
300
2608
277
1058
3999
341
352
265
1497
1219
85175
16
8696
277
1058
3999
341
352
265
1497
8288
35
16473
1538
468
277
1541
30
1325
277
1880
402
225
22658
26997
27950
16
903
341
265
15409
1880
35
610
277
3419
2363
16
903
341
265
78490
306
1232
277
1217
61405
18
99008
277
1058
3999
341
3757
352
277
2475
1310
1690
402
1497
5938
16
689
724
436
5478
214419
18
22547
361
386
277
1058
3999
341
1375
5648
12578
711
23
24640
5460
21058
25029
21452
9718
27391
728
373
27
25268
28208
16035
26709
28026
26122
14575
728
225
10942
16
225
16649
13
1377
225
17078
300
414
277
1749
341
1375
5648
12578
711
23
24640
5460
21058
25029
21452
9718
27391
728
373
27
25268
28208
16035
26709
28026
26122
14575
728
225
10942
16
225
16649
13
1377
225
16611
15213
27745
300
2608
724
436
16896
382
25790
277
2746
15422
1078
1217
1310
4027
402
1497
1219
85175
16
689
277
1749
15892
1219
37438
85175
37438
846
1497
16
317
1627
1278
225
10942
16
225
16649
7248
225
10942
16
225
16649
35
2523
382
23928
277
61531
16
9916
15698
277
852
1310
4027
18
2227
616
5084
10358
30
277
19720
436
52298
68437
2911
18
461
225
17078
341
9310
2164
16
689
1387
361
265
68437
22503
18
461
225
16611
4364
341
6892
689
2188
2336
936
225
21
73
29
15
27
18
11243
436
2731
18
2209
3097
1011
903
361
1217
1497
4655
19237
352
277
1656
15028
35
3483
10334
265
5209
183764
2615
1207
277
1749
3999
1196
569
1497
10235
18
14812
277
1749
3999
341
3757
352
277
2475
1310
1690
16
697
341
1375
5648
12578
711
23
24640
5460
21058
25029
21452
9718
27391
728
373
27
25268
28208
16035
26709
28026
26122
14575
728
225
10942
16
225
16649
13
1377
225
17078
203
5648
12578
711
23
24640
5460
21058
25029
21452
9718
27391
728
373
27
25268
28208
16035
26709
28026
26122
14575
728
225
10942
16
225
16649
13
1377
225
16611
15213
27745
300
2608
724
436
277
1656
18
22547
361
386
277
1749
3999
341
3757
352
265
1497
2783
16
1013
1375
5648
12578
711
23
24640
5460
21058
25029
21452
9718
27391
728
373
27
25268
28208
16035
26709
28026
26122
14575
728
225
10942
16
225
16649
13
1377
225
17078
203
5648
12578
711
23
24640
5460
21058
25029
21452
9718
27391
728
373
27
25268
28208
16035
26709
28026
26122
14575
728
225
10942
16
225
16649
13
1377
225
16611
15213
27745
300
3377
382
25790
277
1749
3999
341
352
265
1497
1154
35
2209
277
2292
1154
1094
674
730
1154
1610
10753
382
13617
12634
30
461
2746
2428
361
386
277
1154
1682
129966
2907
184257
341
4655
304
361
11029
16
306
277
2292
1154
341
1161
304
1310
411
16
689
277
2292
1154
2428
361
499
277
4607
2746
306
4059
910
1310
4027
386
436
516
13375
616
4309
35
2209
539
436
304
1717
616
6292
382
23928
277
16981
16
342
1761
539
1196
3138
277
38474
306
1232
1310
411
2737
277
2688
1310
4027
344
78325
724
436
4309
680
2952
16
539
4273
1774
277
2363
1743
304
1565
592
954
7878
19553
18
2209
539
530
3368
386
277
38474
1196
361
4309
18
2209
277
66504
10334
386
8696
539
1008
304
1994
2761
1625
30
9745
277
14387
4455
341
5047
396
277
4455
302
27740
302
1150
890
5448
297
3349
225
622
16
689
1150
341
2688
396
265
1794
16
306
539
1008
304
1682
5463
1360
1033
21
306
1033
22
24273
16
689
1033
21
306
1033
22
436
14580
386
1387
569
6152
53432
35
461
2746
4060
35576
14580
16
4164
2142
6152
53432
382
13617
3592
30
22547
411
361
386
277
1154
1196
1682
5463
1150
1175
386
1033
21
6758
1150
6758
1033
22
306
1219
37438
6758
14387
37438
3974
13
6758
2687
37438
16
689
1150
341
516
277
11795
689
277
1794
11183
35
2523
382
25790
277
1310
4027
2549
910
1207
1219
37438
306
2687
37438
436
2927
689
277
3032
341
225
20
16
697
539
6974
352
910
18
2586
386
341
6772
382
8311
16
7478
277
1217
52218
61405
16
8696
277
1749
730
341
3757
352
265
1497
1219
37438
85175
37438
16
1013
225
10942
16
225
16649
16
689
277
1058
730
341
352
2761
1625
16
1013
225
10942
16
225
16649
35
2523
382
19477
1538
468
277
1794
31051
30
373
23
24640
5460
21058
25029
21452
9718
27391
6
306
373
27
25268
28208
16035
26709
28026
26122
14575
3210
22547
411
361
386
277
1058
3999
341
352
277
1058
302
1131
1217
306
277
1749
341
352
277
1749
302
1131
1217
35
2209
724
436
37467
297
277
61405
18
34159
903
341
265
9546
78490
306
277
1749
3999
23812
304
277
3733
1310
35
461
3733
1310
12514
402
225
22658
26997
27950
18
5489
903
341
265
1880
402
277
1217
61405
18
99008
277
1058
3999
341
3757
277
1472
302
277
2475
1310
16
689
277
1749
3999
341
766
302
265
4658
1310
35
2209
724
436
1804
277
1656
382
25790
277
9444
1310
4027
436
1375
5648
12578
711
23
24640
5460
21058
25029
21452
9718
27391
728
373
27
25268
28208
16035
26709
28026
26122
14575
728
225
10942
16
225
16649
13
1377
225
17078
203
5648
12578
711
23
24640
5460
21058
25029
21452
9718
27391
728
373
27
25268
28208
16035
26709
28026
26122
14575
728
225
10942
16
225
16649
13
1377
225
16611
15213
27745
300
2608
386
341
51362
382
23928
277
6056
16
342
1761
277
1210
52298
14915
341
386
277
1749
3999
341
277
4309
730
306
277
1058
341
265
20511
18
2952
16
539
1008
304
361
2897
18
16473
15698
277
5463
30
461
1058
3999
36033
225
17078
16
697
341
265
2164
1435
18
22547
903
361
265
15277
1207
277
1682
341
1094
225
17078
352
386
2783
35
3483
1011
32599
386
1094
225
17078
5463
297
386
2783
569
14387
4455
1360
225
10942
306
225
16649
18
2209
539
10401
386
277
2783
5720
819
225
24
18
27
73
1710
5463
18
8269
592
277
14387
4455
6158
846
9283
93758
16
277
1435
402
4455
1360
225
10942
306
225
16649
1011
2188
361
8730
1480
277
2783
341
8730
18
34159
277
2783
341
516
396
8730
396
342
1761
18
16473
17208
277
5772
1682
302
5463
297
277
2783
30
1033
21
351
225
23
24640
5460
21058
25029
21452
9718
27391
16
1033
22
351
225
27
25268
28208
16035
26709
28026
26122
14575
18
16473
17208
277
5052
1375
2258
22
506
1033
21
351
225
27
25268
28208
16035
26709
28026
26122
14575
506
225
23
24640
5460
21058
25029
21452
9718
27391
351
13640
589
68993
1375
27
25268
28208
16035
26709
28026
26122
14575
203
17
23
24640
5460
21058
25029
21452
9718
27391
203
33
34169
19477
17208
1347
11636
7498
35
3557
4260
16
689
539
530
30281
18
2209
9176
1850
366
277
1991
302
225
24
18
7563
73
1710
18
2586
10098
8730
18
2586
277
1682
302
5463
402
14387
4455
1360
225
10942
306
225
16649
4273
361
396
2674
396
225
17078
18
2586
277
1058
3999
341
10098
6078
382
27872
16
277
1749
3999
344
16611
15213
27745
13
341
717
52298
396
265
68437
22503
18
2209
1571
225
16611
4364
5563
2674
5071
304
277
2983
5463
16
689
68437
225
21
73
29
15
27
16
1850
2731
386
277
5772
1682
68437
28157
341
225
16611
4364
18
461
5772
1682
2428
361
8730
16
306
68437
22699
910
1435
18
225
17078
341
851
265
2731
68437
22503
18
2209
697
730
341
4309
35
1283
1008
304
5827
277
4309
1682
352
386
2783
382
2110
1387
5842
304
17208
277
1682
1347
277
38474
4158
16
689
539
4273
1774
2363
1743
18
2952
16
539
530
3368
819
277
2746
304
1565
592
225
16611
4364
1387
361
277
4309
68437
1193
18
2209
1850
2702
382
25790
277
1310
20155
341
499
387
5772
17673
2746
1207
277
11726
436
687
105464
18
342
19877
265
2746
499
2130
305
3854
420
3600
30
373
4583
9177
89592
10706
297
265
23480
6
420
2761
1013
386
35
99008
1850
499
265
22662
18
461
5463
1538
1013
724
2428
361
499
265
2746
1207
277
25573
436
2927
306
277
3032
341
19377
1347
14387
38474
402
14387
4455
16981
18
461
2688
1310
4027
2428
361
499
386
2746
18
5361
4156
265
2746
373
4583
89592
10706
297
265
23480
402
78364
14610
25307
340
306
398
6
366
2130
305
3854
35
3557
2897
382
23928
277
7135
302
2927
5463
306
4347
1310
4027
16
1850
4164
386
277
4309
7878
341
277
14387
38474
396
4546
18
1533
277
2292
1154
341
4164
4309
396
3419
16
6329
352
277
72661
18
7517
277
72661
341
17103
387
2615
16
539
530
10987
386
277
1749
3999
341
277
9444
730
16
306
277
1058
3999
2428
361
265
83092
499
265
1497
1310
1690
386
1196
569
1497
5938
18
22977
277
1058
3999
1196
361
1375
5648
12578
711
23
24640
5460
21058
25029
21452
9718
27391
728
373
27
25268
28208
16035
26709
28026
26122
14575
728
225
10942
16
225
16649
13
1377
225
17078
300
2608
386
341
277
1656
18
22547
411
361
386
277
1058
3999
341
352
265
1497
1219
37438
85175
37438
16
317
1627
1278
225
10942
16
225
16649
689
277
1749
341
352
225
10942
16
225
16649
35
2523
382
25790
277
1058
3999
341
3757
352
277
1310
1690
386
22699
225
17078
16
697
2428
361
265
7922
2783
1013
373
21
728
373
21
937
26471
2209
277
1794
341
1423
382
23928
277
24460
16
342
1761
277
71070
4158
341
304
3138
277
38474
306
1232
16
592
277
2292
18048
366
277
31579
16
539
1387
6313
35
2209
539
4273
14637
277
6292
18
2952
16
9745
277
2292
1154
642
1094
361
1161
304
1310
954
7878
16
306
592
903
341
265
31579
16
411
642
3866
387
2615
18
2209
8696
277
2746
36033
471
304
7925
277
72661
306
5203
411
35
3483
5563
21930
382
25790
277
1749
3999
341
3757
352
265
1497
2783
30
373
23
24640
5460
21058
25029
21452
9718
27391
728
373
27
25268
28208
16035
26709
28026
26122
14575
728
225
10942
16
225
16649
689
277
4655
341
225
16611
15213
27745
16
306
277
1058
3999
341
265
103364
306
1196
361
8045
18
2209
539
4445
5909
411
382
20822
16
277
12759
30
373
3039
1196
18523
277
2363
385
11116
297
265
127068
2363
2732
344
22310
642
61694
277
4607
5442
15932
306
373
8940
2292
38460
129966
2907
184257
13
304
1774
6292
1304
887
18372
386
539
436
304
14637
277
4607
5442
344
50180
277
2363
28725
3419
13
306
1232
1774
277
2292
18
461
2292
1154
341
2688
396
766
302
277
2746
5224
16
516
396
766
302
277
2363
539
436
304
14637
18
2586
539
436
304
4602
954
7878
297
265
2363
2732
16
306
1232
724
642
1774
277
2292
1154
2737
411
18
2586
277
2292
1154
341
6842
31
539
4273
2312
411
18
2586
954
7878
1998
1717
616
70305
297
386
2292
1154
16
2291
277
31579
18
3483
341
13861
592
277
1217
61405
12475
18
8111
16
3673
277
2746
6434
674
265
20511
16
420
903
341
265
35736
30
8696
277
1154
1682
129966
2907
184257
341
12762
304
758
277
1682
68437
225
622
66
29
15
27
16
306
277
1217
61405
436
3757
1804
4309
1480
277
192497
3271
1387
361
277
1656
68437
1333
352
1217
1497
8877
35
2209
724
436
16896
8877
16
713
3271
1011
361
1656
18
2586
724
4445
569
1497
4655
2911
382
59685
277
2292
1154
341
516
7662
396
3577
35
14812
277
1749
3999
341
352
265
1497
1154
35
2209
1850
277
1656
382
27023
411
361
386
277
2292
1154
341
3757
766
302
277
194863
35
2523
16
1850
8156
382
23928
277
5315
302
1131
3815
302
4066
344
7846
297
910
13494
1207
724
2483
265
2292
1154
304
1310
733
1850
2731
386
277
1749
3999
341
265
5209
183764
2615
306
1196
361
19899
18
2209
539
1998
5203
411
382
25790
277
1749
3999
341
3757
352
265
1497
1310
1690
16
1013
1375
5648
12578
711
23
24640
5460
21058
25029
21452
9718
27391
728
373
27
25268
28208
16035
26709
28026
26122
14575
728
225
10942
16
225
16649
13
1377
225
16611
15213
27745
300
414
277
1058
3999
341
352
265
1497
867
16
1013
1375
5648
12578
711
23
24640
5460
21058
25029
21452
9718
27391
728
373
27
25268
28208
16035
26709
28026
26122
14575
728
225
10942
16
225
16649
13
1377
225
17078
300
2608
724
436
277
1656
382
45
1761
277
1210
12914
3347
341
304
10987
386
277
4309
4655
1333
341
225
16611
15213
27745
16
1480
1850
6892
306
717
52298
396
265
68437
1193
352
1175
265
2927
2783
18
6755
16
6035
386
277
3733
1310
1690
344
5324
225
2704
16
19436
13
7939
225
22658
26997
27950
16
697
341
851
2927
18
2586
225
16611
15213
27745
341
297
277
1656
186967
18
225
17078
5563
686
302
2111
382
2608
539
1008
304
361
3166
18
22977
539
530
79382
499
277
1689
386
277
1154
341
12762
304
1682
5463
402
14387
4455
1360
1219
37438
306
2687
37438
16
306
1219
37438
33
10942
16
2687
37438
33
16649
18
7517
277
6756
14387
4455
352
225
1336
57329
5463
341
225
11529
16
306
277
3598
5879
4455
341
225
4405
16
7866
5879
4455
341
225
6880
18
2586
277
5463
297
277
2783
569
14387
44914
386
436
468
1210
225
6880
18
8111
16
840
1435
297
277
2783
530
569
14387
4455
6743
10942
18
2586
277
1682
1998
361
225
20
16
516
225
16611
4364
18
26128
16
341
411
2731
386
5463
297
277
2783
569
14387
44914
5762
936
225
6880
35
8520
16
1480
14387
4455
341
516
119870
402
277
1435
18
1563
2024
16
265
1435
1013
225
29
4542
4542
4542
4542
4542
4542
344
1336
307
1352
13
674
4455
225
11529
16
689
386
1435
341
5762
936
277
7866
5879
35
41729
277
7866
5879
341
225
27
25268
28208
16035
26709
28026
26122
14575
18
340
1435
402
1451
225
29
494
1387
361
6892
936
386
35
16473
2292
30
225
27
25268
28208
16035
26709
28026
26122
14575
341
819
225
27
18
25268
73
1710
18
461
6756
225
1336
57329
1435
341
225
29
18
4542
73
1710
18
2586
903
436
5463
297
277
2783
386
569
14387
44914
1518
6880
18
1563
4681
16
1994
277
1435
225
29
4542
4542
4542
4542
4542
4542
344
1336
307
1352
13
341
225
29
18
4542
73
1710
16
697
341
5762
936
277
7866
5879
35
35902
225
29
18
4542
73
1710
7248
225
27
18
25268
73
1710
16
713
225
29
18
4542
73
1710
341
6892
16
713
516
297
277
2783
18
2209
903
1387
361
5463
2223
277
2783
386
569
14387
44914
3634
936
225
6880
16
1480
277
7866
5879
341
516
616
225
29
494
18
1563
2024
16
1863
277
7866
5879
5513
30
4455
33
6880
18
145899
3598
5463
1387
569
3634
14387
44914
2920
304
26888
18
1563
4681
16
225
27
25268
28208
16035
26709
28026
26122
13120
344
620
2336
13
1011
569
4455
35
225
27
25268
28208
16035
26709
28026
26122
14575
30774
225
21
6632
225
27
25268
28208
16035
26709
28026
26122
13120
16
4455
351
225
6880
17
21
35
41729
83084
225
21
499
265
1435
2781
23426
14387
4455
498
225
21
16
9082
903
341
52529
18
2586
6254
16
5463
4549
277
7866
5879
569
3600
14387
44914
18
2952
16
5463
7043
3598
1387
569
3634
14387
44914
18
1563
2024
16
1994
225
27
4542
4542
4542
4542
4542
4542
35
2209
386
2428
14949
277
7866
5879
18
16473
1511
277
6756
2731
14387
4455
3724
5463
6758
225
27
25268
28208
16035
26709
28026
26122
14575
18
3483
1387
361
1398
18
1563
4681
16
225
27
4542
4542
4542
4542
4542
4542
341
819
225
28
73
1710
16
697
341
1518
225
27
18
25268
73
1710
35
41729
225
28
73
1710
1518
225
27
18
25268
73
1710
16
713
516
297
2783
18
2209
8696
225
27
26472
4542
4542
4542
4542
4542
35
9405
225
27
18
28
73
1710
16
2188
1518
225
27
18
25268
73
1710
35
145899
2946
35
225
27
18
28
73
1710
1518
225
27
18
25268
73
1710
16
713
516
18
2586
277
7866
5879
92079
5463
304
6758
386
3018
1333
18
2159
569
265
1398
14387
4455
16
539
1587
396
1451
225
29
494
396
2731
1706
21652
6758
5879
18
461
5879
5513
674
27740
30
225
27
16
27
16
27
16
25
16
28
16
22
16
29
16
21
16
28
16
21
16
20
16
29
16
25
16
20
16
26
16
28
16
27
16
23
16
27
16
21
16
23
16
26
18
2159
29093
14387
4455
16
539
1387
2050
304
3764
3598
20773
27740
304
225
29
592
2731
18
461
5879
494
2009
14387
341
225
26
16
713
539
530
704
778
304
225
26
468
277
2009
14387
18
2159
3764
4455
16
539
1387
867
2009
14387
304
225
29
35
2209
386
1011
14949
5879
9082
539
11333
3634
27740
18
2586
277
6756
14387
4455
297
277
2783
341
11841
498
8910
277
1435
6758
5879
402
6756
14387
4455
18
957
341
265
16013
2746
30
2688
265
5879
16
1511
2687
14387
4455
18
32468
16
1850
3673
277
5879
5513
420
910
1435
6202
498
25687
265
14387
306
6578
13845
27740
304
225
29
18
2586
539
1008
304
1565
592
903
8654
265
1435
6758
5879
402
14387
4455
6743
10942
18
7517
277
5879
494
4455
341
225
6880
16
1850
2731
386
498
25687
265
3634
14387
306
6578
3735
27740
304
225
29
16
539
530
771
265
3634
4455
18
1563
2024
16
23907
539
11333
277
1058
14387
499
225
27
304
2761
35
2209
277
1058
14387
341
225
27
18
1437
539
11333
411
304
225
26
16
1232
539
530
867
277
10652
225
1710
27740
304
225
29
16
7859
4455
351
225
26
692
225
1710
14
29
351
225
26
15
17189
33
13197
18
3483
1435
1011
361
225
26
4542
4542
4542
4542
4542
4542
4542
16
697
341
819
225
27
73
1710
35
41729
225
26
7528
498
225
1710
307
1352
341
225
26
18
4542
73
1710
16
697
341
1518
225
27
18
25268
73
1710
35
225
26
18
4542
73
1710
341
2336
936
225
27
18
25268
73
1710
35
26128
16
225
26
18
4542
73
1710
341
225
26
18
4542
535
225
622
66
1710
16
306
225
27
18
25268
73
1710
341
225
27
18
25268
535
225
622
66
1710
16
713
225
26
18
4542
73
1710
460
225
27
18
25268
73
1710
18
2586
12035
16
225
26
7528
498
225
1710
307
1352
341
2336
936
277
7866
5879
18
2586
386
1435
341
297
277
2783
35
2209
341
411
6743
3598
5879
35
27451
5879
341
225
23
18
24640
73
1710
16
713
12035
18
2586
277
1435
225
26
4542
4542
4542
4542
4542
4542
4542
344
1336
27740
30
225
26
1232
225
1710
307
1352
13
341
2223
277
2783
35
16473
2292
969
1333
30
225
26
535
225
622
66
1710
692
344
622
66
1710
506
225
21
13
351
225
27
14
622
66
1710
506
21
35
41729
225
26
7528
498
225
1710
307
1352
341
225
26
14
622
66
1710
692
344
622
66
1710
506
225
21
13
351
225
27
14
622
66
1710
506
225
21
351
225
27
937
937
937
937
937
937
937
506
225
21
351
225
26
4542
4542
4542
4542
4542
4542
4542
18
3483
341
225
27
73
1710
506
225
21
16
697
341
2336
936
225
27
18
25268
73
1710
16
713
12035
1850
6758
7866
5879
18
6755
1850
6743
3598
5879
344
23
18
24640
73
1710
680
2586
1850
297
277
2783
18
10262
14387
4455
351
225
26
692
225
1710
14
29
351
225
26
15
17189
33
13197
18
9405
1518
10942
18
2586
903
436
5463
297
277
2783
402
14387
4455
778
304
225
13197
18
2586
277
1682
341
516
7810
18
9177
18
2586
922
7977
12841
386
616
5463
569
4455
6758
6880
341
6078
1480
342
16334
119870
16
689
277
2783
4059
5463
402
3634
14387
44914
498
2896
1451
225
29
494
1325
265
14829
6152
14387
382
27872
16
277
1682
530
361
2927
16
306
225
16611
4364
341
52298
396
265
68437
22503
18
225
17078
341
851
52298
689
7922
18
2209
539
1008
304
11135
382
19477
17208
30281
1682
302
5463
297
277
2783
402
14387
4455
1360
225
10942
306
225
16649
18
7517
277
2783
4059
5463
778
304
819
225
27
18
25268
73
1710
16
306
277
3598
5879
341
225
23
18
24640
73
1710
18
461
2983
5463
341
819
225
24
18
24526
73
1710
18
461
14387
4455
6158
352
5463
297
492
2783
344
8781
436
225
1336
57329
5463
16
689
402
265
3598
5879
16
516
616
225
1336
57329
5463
499
225
622
66
1710
304
225
622
66
1336
17
21
680
2952
16
277
2783
341
265
72075
10368
302
277
225
1336
57329
5463
18
461
14387
4455
6158
898
1175
265
2927
72075
10368
2428
361
21210
12808
898
1451
2911
35
3557
7662
12808
16
689
277
1682
352
265
2688
4455
530
361
10401
498
277
1435
302
225
1336
57329
5463
402
386
4455
386
4486
2223
277
12601
18
7517
277
12601
341
8730
5657
304
277
1435
302
2731
44914
344
4956
4455
225
11529
733
277
1682
352
1450
4455
341
21210
277
2983
5463
11437
498
1435
302
44914
3041
910
5980
18
461
2983
5463
341
5907
24
18
27
73
1710
16
1435
302
2731
44914
344
20
304
225
11529
13
341
225
9652
18
2586
4488
1682
621
4455
341
5907
22
18
24
73
1057
18
2586
225
10942
17
16649
341
265
2783
302
225
3671
44914
16
4488
1682
5907
3671
535
225
22
18
24
73
1057
351
225
21
73
1710
16
697
341
8730
18
2586
277
5772
1682
341
37682
1547
2927
16
306
68437
225
21
73
29
15
27
1011
361
910
1435
18
11243
225
17078
306
225
16611
4364
436
15747
5071
304
386
16
689
724
436
1060
33055
18
2952
16
1850
21930
386
277
32419
341
396
2164
396
225
17078
352
1175
265
8730
1682
16
689
1850
2731
18
461
32419
225
16611
4364
341
851
2731
382
2608
539
1008
304
1565
697
730
14441
277
4655
3032
18
19223
5772
24322
16
539
4273
361
2897
18
2952
16
539
530
5842
304
3368
819
277
2746
717
20733
18
22977
277
2746
341
499
387
2486
15856
1207
277
3032
352
386
1310
1690
341
3162
18
342
1387
2050
304
19877
592
5361
4156
492
2746
1714
18
461
5463
1538
1013
724
2428
361
499
265
2746
2988
373
4583
9177
89592
10706
6
366
2130
305
3854
35
342
19877
265
2130
305
3854
2746
373
4583
9177
89592
10706
6
344
50180
499
22662
13
689
386
540
819
5463
402
3166
14387
16981
18
3557
7662
382
23928
277
15924
16
8696
539
530
3138
277
38474
306
1232
6724
386
277
1310
4027
436
4309
396
2688
16
306
277
31579
341
265
20511
386
539
4273
4928
18
2209
277
5199
386
60549
954
2363
642
1774
277
2292
1154
18
1437
277
2292
1154
674
31579
61405
16
411
642
4759
18
2952
16
9745
277
10393
1181
642
516
3757
1774
277
2292
1154
31
411
642
1060
1774
969
1902
6292
18
2209
277
2746
6434
4060
373
8940
2292
38460
129966
2907
184257
13
304
1774
6292
1304
3483
10334
386
277
2292
1154
341
3419
352
471
304
13561
954
7878
16
689
277
2522
10393
2428
361
21633
402
8887
6292
18
461
12759
4060
30
373
6534
277
2165
1154
16607
306
194863
16
7095
3138
277
1154
4546
306
1717
616
277
6292
18
1995
5677
4222
59947
5533
213288
11164
6
2586
539
1008
304
1717
616
6292
386
436
1831
297
277
2292
1154
18
2586
539
1998
22465
277
2292
192497
70305
18
1437
277
2292
1154
674
265
54037
16
1850
13861
18
8111
16
342
18294
386
277
72661
341
265
103364
16
306
277
9444
1749
3999
2428
361
352
265
1497
1310
1690
402
1497
10235
18
16473
15698
277
1880
1714
30
1325
277
3733
3999
344
22658
26997
27950
733
903
341
265
1880
402
277
1217
61405
18
99008
277
1058
3999
341
3757
352
277
2475
1310
1690
16
306
277
1749
3999
341
352
277
1310
1690
1325
386
35
2209
724
436
1804
277
1656
18
14812
277
1749
3999
1196
361
352
265
1497
2783
16
1013
373
23
24640
5460
21058
25029
21452
9718
27391
728
373
27
25268
28208
16035
26709
28026
26122
14575
728
225
10942
16
225
16649
35
2523
382
27023
411
361
386
277
1058
3999
341
352
277
1310
1690
373
23
24640
5460
21058
25029
21452
9718
27391
728
373
27
25268
28208
16035
26709
28026
26122
14575
728
225
10942
16
225
16649
306
277
1749
3999
341
352
373
23
24640
5460
21058
25029
21452
9718
27391
728
373
27
25268
28208
16035
26709
28026
26122
14575
728
225
10942
16
225
16649
689
277
4655
341
225
16611
15213
27745
35
3483
2188
69488
382
25790
277
1749
3999
341
3757
352
265
1497
867
302
1219
37438
85175
37438
16
1013
225
10942
16
225
16649
16
689
277
1058
3999
341
352
2761
1625
16
1013
225
10942
16
225
16649
35
2964
20017
382
19477
1538
468
277
4619
30
461
1310
4027
5084
304
361
1375
21
18
373
21
4990
740
728
21
16
28
2649
225
807
203
22
18
373
21
4990
25
728
21
16
25
2649
225
25
203
23
18
373
21
4990
21
728
21
16
21
2649
225
21
203
24
18
373
7366
4990
3523
728
26
16
1028
2649
225
28
203
25
18
373
24
4990
29
728
22292
16
16972
2649
225
20
203
26
18
373
1748
4990
4306
728
948
16
2503
2649
225
20
203
27
18
373
26
4990
29
728
15458
16
19727
2649
225
20
203
28
18
373
24
4990
28
728
6701
16
24958
2649
225
20
203
29
18
373
2125
4990
2125
728
1691
16
1773
2649
225
20
203
622
18
373
24
22460
15711
4990
27
25763
22118
728
6419
16
14603
2649
225
20
203
807
18
373
2281
16035
27880
4990
3298
15352
27612
728
20121
16
20696
2649
225
20
203
740
18
373
29413
24262
24326
28356
22590
12873
27880
4990
22
12257
3966
15782
26179
14834
28920
23966
728
14919
16
12806
2649
225
20532
24215
28662
203
1068
18
373
29
28814
27353
13904
14919
20806
19039
23457
4990
29
28202
28069
14551
8150
27478
10942
14786
728
2704
16
19436
2649
225
22658
26997
27950
203
992
18
373
23
24640
5460
21058
25029
21452
9718
27391
4990
27
25268
28208
16035
26709
28026
26122
14575
728
10942
16
16649
2649
225
17078
203
883
18
373
23
24640
5460
21058
25029
21452
9718
27391
4990
27
25268
28208
16035
26709
28026
26122
14575
728
10942
16
16649
2649
225
16611
15213
27745
300
4892
903
436
1217
27399
1310
4027
402
16896
25573
306
1219
85175
689
1497
4655
19237
18
3483
341
10098
387
2615
18
22977
277
225
992
371
341
265
103364
306
1196
569
1497
5938
18
22547
361
386
277
225
992
371
341
352
265
1497
1219
85175
16
8696
225
10942
16
16649
689
277
4655
341
225
17078
16
306
277
225
883
371
341
352
2761
1625
1013
225
10942
16
16649
35
2523
382
25790
277
225
992
371
341
3757
352
265
1497
2783
16
1013
373
23
24640
5460
21058
25029
21452
9718
27391
728
373
27
25268
28208
16035
26709
28026
26122
14575
728
225
10942
16
225
16649
689
277
4655
341
225
17078
16
306
277
225
883
371
341
352
265
1497
2783
16
1013
373
23
24640
5460
21058
25029
21452
9718
27391
728
373
27
25268
28208
16035
26709
28026
26122
14575
728
225
10942
16
225
16649
35
21209
1656
382
25790
277
225
883
371
341
352
265
1497
1154
35
22547
361
386
277
225
883
371
341
3757
352
277
1154
373
8227
129966
2907
184257
6
689
402
1497
1219
37438
85175
37438
16
689
1850
5448
277
1656
498
20511
18
1563
4681
16
8696
277
225
883
371
1196
361
1375
5648
12578
711
23
24640
5460
21058
25029
21452
9718
27391
728
373
27
25268
28208
16035
26709
28026
26122
14575
728
225
10942
16
225
16649
13
1377
225
16611
15213
27745
300
2608
1232
277
225
992
371
1196
361
2761
1625
16
8696
1375
5648
12578
711
23
24640
5460
21058
25029
21452
9718
27391
728
373
27
25268
28208
16035
26709
28026
26122
14575
728
225
10942
16
225
16649
13
1377
225
17078
300
6605
2188
69488
382
27023
411
361
386
277
225
992
371
341
3757
352
265
1497
2783
16
1013
373
23
24640
5460
21058
25029
21452
9718
27391
728
373
27
25268
28208
16035
26709
28026
26122
14575
728
225
10942
16
225
16649
689
277
4655
341
225
17078
16
306
277
225
883
371
341
352
265
1497
2783
16
1013
373
23
24640
5460
21058
25029
21452
9718
27391
728
373
27
25268
28208
16035
26709
28026
26122
14575
728
225
10942
16
225
16649
35
2523
382
23928
277
133336
16
342
1761
277
1861
3347
341
304
3138
277
38474
306
1232
16
890
6726
20845
16
539
530
1565
697
302
277
1217
4655
2911
14441
277
19377
1193
18
2209
539
4273
1774
2363
1743
18
2952
16
539
530
5842
304
3368
420
17208
277
1682
68437
225
21
73
29
15
27
352
386
2783
1347
97102
37309
35
3483
1011
361
4110
382
25790
539
530
32012
277
1682
1347
14387
38474
306
1232
1565
697
68437
14441
18
2209
539
4445
1774
382
23928
386
277
2746
341
499
387
17409
3167
344
7846
387
2486
15856
402
8887
6292
733
277
2292
1154
2428
361
1060
387
2024
306
516
1161
297
10393
18
2209
277
12759
4060
304
911
411
304
1774
6292
16
63249
1850
766
302
277
23282
18
610
1451
1175
4066
344
73
1627
1278
366
13494
1013
7654
40467
16
2130
305
3854
733
724
2483
265
1310
34030
18
2209
1743
1850
265
53086
5224
382
13617
3592
30
22977
277
1749
3999
341
3757
352
265
1497
1310
1690
386
8615
3735
16
689
2920
304
36915
16
1850
11719
18
1563
2024
16
8696
277
1749
3999
341
3757
352
1375
5648
12578
711
23
24640
5460
21058
25029
21452
9718
27391
728
373
27
25268
28208
16035
26709
28026
26122
14575
728
225
10942
16
225
16649
13
1377
225
16611
15213
27745
300
414
277
1058
3999
341
352
265
1497
867
16
1013
1375
5648
12578
711
23
24640
5460
21058
25029
21452
9718
27391
728
373
27
25268
28208
16035
26709
28026
26122
14575
728
225
10942
16
225
16649
13
1377
225
17078
300
2608
724
436
2188
1656
18
34159
277
1058
3999
341
3757
352
265
1497
2783
16
1013
373
23
24640
5460
21058
25029
21452
9718
27391
728
373
27
25268
28208
16035
26709
28026
26122
14575
728
225
10942
16
225
16649
35
2523
382
25790
277
1058
3999
341
352
265
1497
1219
37438
85175
37438
16
317
1627
1278
225
10942
16
16649
16
689
277
1749
341
352
225
10942
16
16649
35
2964
2540
297
28557
382
19477
1538
468
277
5463
30
461
225
740
371
1310
1690
674
25573
373
29413
24262
24326
28356
22590
12873
27880
6
306
373
22
12257
3966
15782
26179
14834
28920
23966
728
697
436
225
1710
306
225
1336
27740
7404
16
306
1219
37438
33
14919
16
2687
37438
33
12806
16
3032
225
20532
24215
28662
18
461
225
1068
371
1310
1690
674
25573
373
29
28814
27353
13904
14919
20806
19039
23457
6
306
373
29
28202
28069
14551
8150
27478
10942
14786
728
1804
225
1336
27740
16
1219
37438
33
2704
16
2687
37438
33
19436
16
3032
225
22658
26997
27950
18
461
225
992
371
1310
1690
674
277
1656
25573
396
277
225
883
371
35
41729
724
4451
277
1656
25573
16
1804
225
1336
27740
18
2586
1850
52298
386
277
225
992
371
341
265
20511
306
1196
569
1497
25573
420
1497
1219
37438
85175
37438
18
14812
277
225
992
371
1196
361
352
265
1497
2783
16
1013
373
23
24640
5460
21058
25029
21452
9718
27391
728
373
27
25268
28208
16035
26709
28026
26122
14575
728
225
10942
16
225
16649
689
277
3032
341
225
17078
35
2209
1232
277
225
883
371
341
851
386
35
22547
361
386
277
225
992
371
341
3757
352
265
1497
867
16
8696
373
23
24640
5460
21058
25029
21452
9718
27391
728
373
27
25268
28208
16035
26709
28026
26122
14575
728
225
10942
16
225
16649
689
277
3032
341
225
17078
16
306
277
225
883
371
341
352
265
1497
867
16
8696
373
23
24640
5460
21058
25029
21452
9718
27391
728
373
27
25268
28208
16035
26709
28026
26122
14575
728
225
10942
16
225
16649
35
21209
1656
382
23928
277
24460
16
9916
10987
386
277
4309
4655
1333
352
386
1310
341
225
16611
15213
27745
16
1480
1850
717
10358
402
277
19691
302
852
11726
344
1833
852
2927
11726
436
2239
225
22
18
25
73
28
680
225
17078
341
387
106292
18
6755
16
6035
386
225
17078
341
265
2164
1435
31
411
1387
361
277
3032
352
265
1497
1310
1690
402
7922
2783
18
1563
2024
16
8696
277
225
992
371
1310
1690
1196
569
961
2761
1013
373
21
728
373
21
937
728
225
21
16
225
622
420
2761
18
2209
1850
516
382
27872
16
9916
3138
277
38474
306
1232
16
592
277
2292
18048
16
539
1387
14637
277
7878
304
4475
1804
35
9405
13861
18
2209
9745
277
156317
125888
642
516
1774
277
2292
1154
31
411
642
1774
969
1902
6292
16
306
277
2292
1154
341
1060
352
30678
18
461
12759
373
8940
2292
38460
129966
2907
184257
13
304
1774
6292
1304
2428
361
265
27433
304
471
16
516
386
277
21633
109892
642
911
386
1154
18
610
1451
7654
28131
420
3600
92804
16
724
2483
265
1310
34030
386
539
530
1774
20845
18
461
2522
10393
2428
361
8156
18
2952
16
277
2746
4060
373
10112
616
277
6292
1304
887
4164
13244
304
277
6292
297
277
2292
1154
382
23928
277
61531
16
9916
3138
277
38474
396
4546
16
306
1232
2549
265
32371
297
277
2363
304
5203
277
31579
35
3483
1011
361
56858
306
516
265
1728
4377
382
25790
342
530
3564
277
1756
35
3557
2731
382
45
1761
277
1210
80423
341
304
3138
277
38474
12989
306
10987
386
277
2292
1154
341
4309
396
2688
16
6115
386
1804
61405
1998
1717
18
7517
724
12475
16
8696
730
302
1019
341
3757
352
265
1497
1154
35
2209
277
2292
1154
1094
8877
12578
18
2586
9745
277
12578
341
516
1682
129966
2907
184257
35
2523
16
1850
277
1656
382
20822
16
277
2292
1154
341
5047
396
1375
1847
2292
180005
2407
298
905
12692
1310
4027
203
298
3999
12578
711
21
728
373
740
728
225
21
16
225
28
13
1377
225
807
203
298
12567
4892
12578
341
277
1154
539
436
304
3138
18
2586
1804
61405
3867
304
277
1656
1154
382
27872
16
277
1094
1528
1804
530
1717
341
592
277
1154
6714
265
1333
386
25782
225
17078
352
277
1058
1465
306
225
16611
15213
27745
352
277
1749
1465
890
2988
402
16896
10235
18
3483
341
13861
18
8111
16
277
2292
1154
1998
569
265
20511
18
18750
386
492
341
265
1541
4597
9856
16
342
18294
386
277
2746
6434
5720
265
36915
2615
18
610
1175
4027
16
1850
2670
386
277
9444
4309
3032
341
277
6892
730
16
306
277
7922
730
341
265
83092
499
265
3733
3478
18
342
642
10987
386
277
1749
3999
341
277
4309
730
16
306
277
1058
3999
341
387
2615
386
1196
361
19899
18
2952
16
277
12759
4060
373
5677
4222
59947
5533
213288
1304
2586
342
4273
5909
277
1058
3999
18
2209
8696
277
156317
10393
642
516
1774
277
2292
1154
31
411
642
1774
969
1902
6292
16
697
2428
516
2549
277
31579
18
461
2292
1154
2428
1060
361
352
471
304
1310
20845
16
689
277
2522
58265
5119
8887
6292
18
610
1451
17673
8013
16
724
2483
265
1310
34030
352
12169
6726
16
689
277
21633
109892
5119
1497
6292
18
461
2746
4060
373
10112
616
277
6292
1304
887
2428
3867
304
277
6292
297
277
2292
1154
16
689
592
7076
387
2615
16
1850
516
954
13678
18
2952
16
539
1998
6486
265
4377
386
19553
277
3419
6292
592
724
436
1161
382
23928
277
3522
16
9916
3138
277
38474
306
5752
386
277
10393
5119
277
2292
1154
396
2688
16
689
1232
411
642
4759
2920
304
277
31579
18
2209
8696
277
31579
341
3757
516
265
31579
31
8696
277
1058
3999
341
352
265
1497
1154
35
16473
316
25735
277
2746
6434
14316
18
887
4060
1375
5640
1847
1682
129966
2907
184257
18075
21
30
1284
16
1033
22
30
1284
16
1219
37438
30
853
16
2687
37438
30
853
13
2649
853
638
298
11192
4716
277
1435
302
32088
1150
1175
386
1033
21
6758
1150
6758
1033
22
306
1041
298
1219
37438
6758
14387
37438
3974
13
6758
2687
37438
16
1207
14387
37438
3974
13
341
277
4455
302
27740
302
1150
388
2458
298
7448
277
1682
68437
225
622
66
29
692
225
27
388
2458
298
35685
638
348
1033
21
30
340
35576
1794
15739
277
3598
5879
344
21
6758
1033
21
6758
225
622
66
1336
465
348
1033
22
30
340
35576
1794
15739
277
7866
5879
344
2258
21
6758
1033
22
6758
225
622
66
1336
465
348
1219
37438
30
461
7849
6751
14387
4455
344
21
6758
1219
37438
6758
225
4120
465
348
2687
37438
30
461
6756
6751
14387
4455
344
1386
37438
6758
2687
37438
6758
225
4120
465
2458
298
11341
638
348
461
1435
302
1622
32088
68437
225
622
66
29
692
225
27
19964
298
25436
1682
129966
2907
184257
711
21
728
373
740
728
225
21
16
225
28
465
298
225
807
203
298
25436
1682
129966
2907
184257
711
21
728
373
25
728
225
21
16
225
25
465
298
225
25
203
298
33328
1847
2292
180005
2407
298
905
12692
1310
4027
203
298
3999
12578
711
21
728
373
740
728
225
21
16
225
28
13
1377
225
807
203
298
3999
12578
711
21
728
373
25
728
225
21
16
225
25
13
1377
225
25
19964
298
905
22708
1310
4027
203
298
3999
12578
711
21
728
373
21
728
225
21
16
225
21
13
1377
225
21
203
298
3999
12578
711
7366
728
373
3523
728
225
26
16
225
1028
13
1377
225
28
203
298
3999
12578
711
24
728
373
29
728
225
22292
16
225
16972
13
1377
225
20
203
298
3999
12578
711
1748
728
373
4306
728
225
948
16
225
2503
13
1377
225
20
203
298
3999
12578
711
26
728
373
29
728
225
15458
16
225
19727
13
1377
225
20
203
298
3999
12578
711
24
728
373
28
728
225
6701
16
225
24958
13
1377
225
20
203
298
3999
12578
711
2125
728
373
2125
728
225
1691
16
225
1773
13
1377
225
20
203
298
3999
12578
711
24
22460
15711
728
373
27
25763
22118
728
225
6419
16
225
14603
13
1377
225
20
203
298
3999
12578
711
2281
16035
27880
728
373
3298
15352
27612
728
225
20121
16
225
20696
13
1377
225
20
203
298
3999
12578
711
29413
24262
24326
28356
22590
12873
27880
728
373
22
12257
3966
15782
26179
14834
28920
23966
728
225
14919
16
225
12806
13
1377
225
20532
24215
28662
203
298
3999
12578
711
29
28814
27353
13904
14919
20806
19039
23457
728
373
29
28202
28069
14551
8150
27478
10942
14786
728
225
2704
16
225
19436
13
1377
225
22658
26997
27950
203
298
3999
12578
711
23
24640
5460
21058
25029
21452
9718
27391
728
373
27
25268
28208
16035
26709
28026
26122
14575
728
225
10942
16
225
16649
13
1377
225
17078
203
298
3999
12578
711
23
24640
5460
21058
25029
21452
9718
27391
728
373
27
25268
28208
16035
26709
28026
26122
14575
728
225
10942
16
225
16649
13
1377
225
16611
15213
27745
300
7
5904
2292
38460
129966
2907
184257
13
304
1774
6292
388
7203
38853
386
277
194863
4059
910
2024
6292
344
5197
680
5489
277
2292
1154
4059
4728
1310
4027
18
461
194863
7120
436
373
21
4990
740
728
21
16
28
306
373
21
4990
25
728
21
16
25
18
461
2292
1154
4059
1731
1217
396
1357
16
4171
717
18
2586
277
2292
1154
341
265
225304
18
2586
277
2292
1154
341
277
1584
1310
20155
18
2586
539
1998
1717
616
70305
297
2292
382
27872
16
277
31579
341
766
302
277
1310
20155
18
36981
341
6078
382
25790
277
1749
3999
341
3757
352
265
1497
12578
35
2209
1850
277
1656
382
27023
411
361
386
277
1154
1682
129966
2907
184257
341
12762
304
361
11029
297
265
3166
1528
386
22699
1497
2527
9305
366
2761
35
2523
382
44125
277
1749
3999
341
352
265
1497
867
302
5938
386
5230
16896
689
569
1497
63296
35
2523
382
23928
277
133336
16
9916
10987
386
277
2746
6434
674
265
103364
306
386
277
9444
1749
3999
341
352
265
1497
1219
37438
85175
37438
16
8696
225
10942
16
225
16649
7248
225
10942
16
225
16649
35
2523
382
19477
15698
277
5463
30
461
1058
302
277
1217
341
373
23
24640
5460
21058
25029
21452
9718
27391
3210
461
1749
341
373
27
25268
28208
16035
26709
28026
26122
14575
3210
14812
277
1058
3999
341
3757
352
277
25573
297
277
12795
1991
35
2209
724
436
1804
277
1656
1991
382
25790
277
1058
3999
341
352
265
1497
1219
37438
85175
37438
16
1013
225
10942
16
225
16649
16
689
277
1749
341
352
225
10942
16
225
16649
35
2523
382
27023
411
361
386
277
1058
3999
341
352
265
1497
1154
16
1013
1682
129966
2907
184257
689
402
1033
21
306
1033
22
100450
35
3483
1011
361
277
1656
2650
1033
21
6758
1033
22
382
45
1761
277
1094
18291
12841
341
386
277
2292
1154
5720
387
2615
16
306
396
277
52992
16
342
1196
3138
277
4309
11236
306
1232
16
592
4778
16
6313
277
2363
304
1717
1804
498
2702
87842
277
11726
352
1731
3018
15028
35
3483
1011
361
2737
277
8165
689
1387
361
265
82944
18
2952
16
277
2746
4060
373
4399
3138
277
1154
4546
728
713
539
1196
3138
265
3449
4377
16
516
265
16474
382
2608
592
277
1310
4059
73411
16233
16
277
1094
1528
304
1717
1804
341
304
569
277
1154
758
1497
2911
366
1497
8877
402
277
1656
10235
16
697
341
13861
9082
277
1154
674
3065
4308
420
10549
366
2761
1625
344
7846
4188
1889
680
9405
516
18597
382
23928
386
16
342
18294
386
277
31579
341
265
20511
297
277
2746
6434
3419
304
471
18
610
1451
1728
26734
20333
16
277
2746
72539
1011
569
15312
306
33664
18
7517
539
436
387
8202
16
539
2428
1008
304
1646
686
277
4264
35
2209
539
436
304
2483
2363
382
44125
277
1749
3999
341
3757
352
265
1497
1310
1690
386
540
5478
1965
171382
18
16473
1538
468
277
1794
302
277
1749
1310
1690
30
373
23
24640
5460
21058
25029
21452
9718
27391
3210
3483
341
225
1336
27740
18
461
2475
1310
1690
297
277
194863
1078
373
21
728
373
25
3210
3557
9734
382
25790
277
1749
3999
341
352
265
1497
1219
37438
85175
37438
16
1013
225
10942
16
225
16649
16
689
277
1058
3999
341
352
225
10942
16
225
16649
35
2523
382
45
1761
342
1196
3138
277
38474
306
1232
16
890
6726
16
342
530
1565
697
730
14441
18
2209
2650
342
4273
1774
16
342
1008
304
1265
265
5401
382
19477
2050
304
17208
277
4655
1682
352
386
2783
1347
265
4374
7498
12564
420
3162
2527
35
14812
342
530
19877
265
3162
2746
30
373
4583
277
1435
302
32088
1360
340
306
398
24273
1175
386
277
4455
302
27740
341
1360
434
306
419
6
341
265
16013
14387
38474
2746
18
461
1310
4027
2428
361
499
265
3162
3149
18
342
530
2050
304
3612
922
4625
30
15968
265
2746
366
38675
164288
1395
420
3600
35
461
5463
225
29413
24262
24326
28356
22590
12873
27880
306
225
22
12257
3966
15782
26179
14834
28920
23966
1538
1013
724
1387
361
499
265
2746
819
27946
5463
402
14387
4455
16981
18
461
11726
225
20532
24215
28662
306
225
22658
26997
27950
436
3018
18
99008
277
2746
341
499
387
2486
15856
1207
277
3032
352
386
1310
1690
341
3162
18
342
2428
2050
304
17208
277
1682
352
277
2783
373
23
24640
5460
21058
25029
21452
9718
27391
728
373
27
25268
28208
16035
26709
28026
26122
14575
728
1219
33
10942
16
2687
33
16649
1347
265
4374
6775
297
922
2709
35
3557
2731
382
23928
277
845
16
9916
3138
277
38474
306
1232
16
592
4494
16
342
530
6313
277
2363
304
3271
277
4309
2911
352
1731
3018
15028
498
15990
592
277
15028
4475
306
1232
19210
277
6527
68437
18
2209
386
1011
361
16474
93
16
689
2428
1717
277
2292
592
277
109892
1094
10424
277
2292
1154
18
2952
16
277
2746
4060
373
4399
3138
277
1154
4546
728
713
539
1196
516
2702
3646
382
2608
8696
277
109892
642
911
277
2292
1154
396
766
302
10393
16
306
592
903
341
265
31579
16
411
642
4759
18
2209
9745
277
5199
642
516
3757
1774
277
2292
1154
31
411
642
1774
969
1902
6292
16
306
277
2292
1154
341
1060
352
471
304
1310
20845
18
461
12759
373
8940
2292
38460
129966
2907
184257
13
304
1774
6292
1304
10334
386
539
530
911
411
304
1310
954
7878
16
689
277
2522
10393
2428
361
8887
18
610
1451
17673
9010
21672
16
724
2483
265
5810
1310
1154
386
539
530
1774
20845
16
689
277
2522
1310
20155
341
1497
18
2952
16
277
2746
4060
373
10112
616
277
6292
1304
887
1387
3867
304
277
6292
297
277
2292
1154
382
23928
277
61531
16
9916
10987
386
277
2292
1154
341
4309
306
539
1008
304
1717
1804
18
2159
13924
16
342
1387
3138
277
38474
306
1232
16
592
277
1154
341
2988
402
1731
3018
5938
16
342
1387
2292
697
40439
341
1610
1774
35
2209
277
2292
1154
8877
277
1656
1154
402
277
1656
10235
12775
16
713
1850
13861
304
41658
18
34159
277
2292
1154
80414
277
1154
297
910
1528
35
2523
382
20822
16
1387
411
361
386
277
2292
1154
341
5047
689
516
1161
35
461
4889
13223
5904
2292
38460
129966
2907
184257
13
304
1774
6292
1304
2428
9371
386
539
1196
1774
411
304
1310
954
7878
16
689
277
2522
10393
642
516
911
411
18
2952
16
277
12759
373
10112
616
277
6292
6
4164
13244
304
277
6292
297
277
2292
1154
16
396
724
436
277
1094
6299
3419
382
23928
277
131302
16
9916
1538
352
49476
297
277
5463
18
461
1058
302
277
1217
61405
36033
225
17078
18
3483
341
265
9310
2164
1435
18
461
1749
36033
225
16611
15213
27745
18
225
16611
15213
27745
341
819
225
16611
4364
18
8548
730
341
717
4164
304
361
277
4309
68437
1193
35
16473
2050
304
12564
277
1991
302
19691
302
277
5772
1682
68437
225
21
73
29
15
27
18
461
5772
1682
1387
361
8730
16
689
277
68437
1387
361
839
1435
18
2952
16
592
277
5772
1682
341
16
2132
16
2239
225
21
73
696
16
1232
68437
225
21
73
29
15
27
1387
361
14882
499
225
20
304
225
21
73
29
15
26
18
11243
436
2731
18
2209
9745
539
530
12564
277
1682
717
21949
1347
97102
26565
304
1565
697
68437
341
52298
18
2209
386
1011
2485
13131
277
5204
1682
16
697
341
2702
382
25790
277
2746
341
499
265
22662
1207
277
11726
436
3162
18
342
1387
2050
304
19877
592
5361
4156
277
5463
1714
18
461
5463
225
29413
24262
24326
28356
22590
12873
27880
306
225
22
12257
3966
15782
26179
14834
28920
23966
5230
297
265
2746
819
373
176223
9177
89592
10706
6
8696
499
2130
305
3854
225
22
10783
35
2523
382
19477
3612
4625
30
2278
341
265
2130
305
3854
2746
373
4583
9177
89592
10706
6
499
22662
225
19215
35
41729
903
341
2130
305
3854
225
22
10783
18
38706
9991
4176
3169
304
20737
7551
16
516
386
382
4099
341
265
2746
373
4583
89592
10706
297
265
23480
6
402
14387
4455
16981
18
3557
2897
382
23928
277
15924
16
9916
3138
277
38474
306
1232
16
1325
5009
277
2363
16
342
530
1774
411
38278
35
3557
2731
382
25790
342
530
32012
277
38474
306
1232
17208
277
3032
352
386
3018
1310
1690
1347
97102
37309
402
21032
10128
5905
35
3483
1011
361
265
2942
302
831
689
8696
123611
402
277
5463
35
461
2783
341
2927
689
539
1387
17208
277
1682
302
5463
402
14387
4455
1360
225
10942
306
225
16649
297
386
12601
1347
14387
38474
366
277
12601
5502
16
689
539
1008
304
2363
411
382
23928
277
16981
16
342
1761
277
9444
4377
341
14387
38474
18
9916
3138
386
382
14032
16
9916
6724
386
277
2292
192497
31579
341
265
20511
306
277
4309
4655
1333
341
225
16611
15213
27745
18
9916
11536
402
386
20093
18
1437
277
109892
5119
277
2292
1154
306
18048
16
1850
516
922
13678
382
2608
304
361
6085
16
342
1387
3138
277
1154
1175
386
411
6714
277
1333
2387
366
277
4354
302
277
2740
14580
35
3483
1011
361
56858
382
23928
386
277
2746
341
7080
297
265
7001
3522
16
277
1756
4164
36033
265
4309
7878
302
1682
129966
2907
184257
1347
14387
38474
18
2227
3419
277
2292
1154
396
265
1528
304
1310
16
689
8696
724
642
1774
411
1325
342
2483
277
2363
18
1437
903
341
265
31579
16
724
2428
7925
306
3034
18
2209
396
387
8202
16
342
1196
2483
265
4309
7878
382
45
642
3138
277
38474
396
4546
16
306
1232
297
277
2363
2732
16
342
642
2549
277
1154
18
342
642
516
2702
3646
382
8311
16
13640
4602
277
2363
382
61792
8483
28157
351
225
622
478
29
15
27
382
61792
3138
265
29573
1154
1682
26649
5912
2350
16
1219
37438
16
2687
37438
680
7517
1219
37438
306
2687
37438
436
4494
16
539
530
1717
1019
396
10235
382
61792
911
77647
402
312
625
28090
18
2952
16
312
625
28090
674
15890
366
77647
8597
35
64187
225
1336
341
6772
382
2608
6035
30
461
4455
530
704
778
304
2687
37438
16
689
539
851
569
1219
37438
18
1283
1387
851
23612
1219
37438
60860
30
592
1843
37438
1518
2687
37438
16
83337
18
9405
3410
382
2110
851
1387
83337
592
1843
37438
692
344
71202
10690
5708
29
460
1219
37438
16
689
516
4778
382
8311
16
730
122221
30
461
5879
272
874
569
6152
53432
35
3557
297
954
10828
16
689
539
2428
1717
373
20
6
352
1033
21
17
21
18
9405
6772
382
8311
16
539
1008
304
17208
1033
21
71699
67
21
396
265
1794
18
27969
589
1375
2258
21
10013
351
853
18075
21
465
2258
21
71699
67
21
351
1033
21
10013
506
225
21
203
359
1033
21
71699
67
21
1377
225
20
638
298
272
21
351
373
20
789
4836
638
298
272
21
351
1284
18075
21
71699
67
21
994
2608
17034
30
1437
1033
21
351
373
20
26471
3557
6751
382
8311
16
17208
2343
351
344
8227
26649
5912
18075
22
16
1219
37438
16
2687
37438
13
506
1682
26649
5912
2350
21
16
1219
37438
16
2687
37438
1149
1577
28157
300
8311
16
3138
1682
26649
5912
382
61792
911
499
136060
1250
312
625
28090
382
149670
1375
1847
1682
26649
5912
2350
16
1219
37438
16
2687
37438
2407
298
307
351
6441
2350
465
298
1029
80
625
28090
20399
6118
15298
465
298
917
65293
40815
16
13334
16
1843
37438
2407
348
592
912
1377
307
638
454
758
225
21
592
1219
37438
6758
1843
37438
6758
2687
37438
1625
225
20
203
348
4753
351
853
2350
74686
6577
592
13334
1625
225
29
203
348
2983
351
225
20
203
348
352
282
297
2783
124651
15
21
2407
454
699
872
502
351
13334
306
344
72
1377
4753
465
454
699
37438
351
1843
37438
692
282
203
454
592
699
37438
1518
2687
37438
638
615
4622
203
454
2983
351
344
12815
692
65293
40815
15
21
16
699
872
502
16
699
37438
1149
1577
28157
203
348
758
2983
203
298
758
65293
12
20
16
7143
16
225
20
994
2608
539
1998
361
17034
30
461
13334
9453
30
592
13334
341
7143
16
1232
539
530
1094
704
778
304
272
74686
1807
1437
539
5229
282
460
272
74686
2315
1232
699
872
502
1196
361
8077
1480
539
436
840
5198
13334
18
1437
539
5229
282
1377
272
74686
2315
1232
699
872
502
8320
7143
18
610
277
2363
2946
16
699
872
502
351
13334
306
344
72
1377
4753
680
2209
4753
341
277
2687
14387
6751
16
697
341
272
74686
65
592
13334
1625
225
29
18
2952
16
890
13334
341
7143
16
4753
351
853
2350
74686
23923
5489
699
872
502
351
7143
306
344
72
1377
4753
680
9405
4309
18
2973
13334
341
8077
16
4753
351
225
29
16
306
699
872
502
351
8077
306
344
72
1377
225
29
13
1117
8077
16
697
341
4309
18
2586
6772
382
8311
16
539
1008
304
4802
386
277
4455
1843
37438
1414
516
14949
2687
37438
18
1283
3402
2292
699
37438
1518
2687
37438
306
18486
382
8311
16
1065
819
1219
37438
35
1283
1094
2292
468
277
1169
18
9405
6772
1480
539
1907
1008
304
83337
3836
9082
539
1587
18
2209
539
1387
851
83337
592
1843
37438
692
344
71202
5708
29
460
1219
37438
16
1232
1571
2687
2731
4455
4445
6018
1219
37438
16
713
539
530
758
225
20
18
957
530
5182
3892
689
516
4778
18
7517
2687
37438
6758
4120
16
1850
6772
382
2608
539
2428
851
83337
592
1843
37438
1518
2687
37438
16
689
539
3402
2292
699
37438
382
8311
16
539
1196
851
1994
386
1219
37438
1387
361
225
20
35
2209
16981
2132
1219
37438
6743
21
16
713
6772
382
8311
16
539
1196
851
1994
386
277
5879
272
2428
361
373
20
728
4354
225
21
18
461
38474
642
5203
386
382
8311
16
539
1008
304
4802
386
277
38474
1414
516
1682
5463
402
14387
4455
2336
936
1219
37438
468
18204
5826
35
2523
16
1094
468
1169
382
8311
16
1310
402
7120
1375
14341
225
21
30
1682
26649
5912
711
740
728
21
16
28
13
1196
758
225
807
18
27969
6724
382
14341
225
22
30
1682
26649
5912
711
25
728
21
16
25
13
1196
758
35
36902
225
20
568
25
30
225
20
4455
20
16
21
4455
21
16
22
4455
22
16
23
4455
23
16
24
4455
24
16
25
4455
25
2649
616
6329
225
20
436
1622
1117
225
25
18
1682
26649
5912
711
20
728
21
16
28
13
1196
758
225
20
18
2586
2343
33
25
382
8311
16
539
851
1008
304
1310
277
852
7120
1207
3032
341
225
20
18
1563
4681
16
373
24
4990
29
728
22292
16
16972
18
1682
26649
5912
711
29
728
22292
16
16972
13
1196
361
225
20
1480
2687
14387
4455
302
5463
225
20
568
29
341
225
29
460
22292
18
1682
26649
5912
14964
5232
711
24
2191
17
21
1149
351
1682
26649
5912
711
23
728
22292
16
16972
13
851
225
20
18
2586
2343
33
20
382
8311
16
277
2927
6299
30
539
6724
38474
382
8311
16
819
3892
30
461
38474
352
1450
1465
642
569
778
304
225
1336
14
22
14
14822
5267
16
1450
142157
778
304
225
622
27740
16
713
5907
16520
79
7154
16
3041
225
22
351
225
22157
79
16
39154
382
8311
16
539
1008
304
361
17034
819
77647
4753
35
64187
225
1336
16
6772
382
8311
16
539
1196
851
1994
386
277
1154
2428
361
2988
4347
3041
297
277
1656
1774
35
3557
6964
382
8311
16
3138
382
5158
717
122221
30
461
38474
494
1843
37438
530
704
778
304
2687
37438
16
689
2687
37438
1387
361
225
4120
16
306
434
33
1336
16
713
225
29
14
1336
33
11529
16
713
2687
37438
341
10044
82720
468
225
11529
18
2209
539
2553
411
396
225
4120
304
361
6085
382
8311
16
539
1998
4802
386
539
911
68437
12989
382
8311
16
9916
4602
277
2363
382
2608
1714
184752
16
342
1587
304
1310
277
38474
366
265
2487
4027
38278
304
4802
840
1115
14530
20740
7783
382
8561
30
1682
26649
5912
711
20
728
21
16
21
680
272
508
20
728
307
33
21
18
65293
12
20
183551
16
20
2738
4753
33
20
18
282
33
20
1094
18
699
872
502
9139
16
699
37438
33
20
18
65293
12
21
183551
16
20
2738
912
582
21
16
758
225
20
1480
225
20
516
297
648
21
16
21
1807
2586
2983
225
20
18
9177
382
8561
30
1682
26649
5912
711
21
728
21
16
21
680
272
508
21
728
307
33
21
18
65293
12
20
183551
16
20
2738
4753
33
21
18
1563
282
33
20
30
699
872
502
14040
35
13334
9139
16
282
33
20
460
4753
33
21
16
713
699
872
502
14040
18
699
37438
33
20
18
65293
12
21
156864
16
20
2738
912
582
21
16
4455
33
20
516
297
648
21
16
21
65
2649
20
18
1563
282
33
21
30
699
872
502
9139
344
72
582
25665
733
699
37438
33
21
18
65293
12
21
183551
16
21
2738
912
582
21
16
4455
33
21
297
2783
2649
21
18
2586
2983
33
21
18
9177
382
8561
30
1682
26649
5912
711
622
728
21
16
21
680
272
508
622
728
307
33
22
18
1283
2364
5463
225
20
568
622
402
4455
33
21
30
697
5463
35
225
21
344
5421
21
733
225
622
344
5421
21
680
6755
225
20
35
840
18
2586
1682
33
22
18
16473
37687
38474
1375
56722
12
20
183551
16
20
2407
1084
20
16
13334
9139
16
4753
33
21
344
87
63
20
116751
21
3566
72
33
20
30
699
872
502
14040
16
699
37438
33
20
388
261
65293
12
21
156864
16
20
2407
263
912
21
16
13334
14040
16
4753
33
29
203
263
59689
282
22
33
20
568
29
638
348
699
37438
22
351
282
22
203
348
6621
4455
22
297
648
21
16
21
128410
10546
592
282
22
582
21
18
2586
1682
352
282
22
33
21
30
65293
12
22
156864
16
21
13
2649
912
22
758
225
21
388
348
2586
2983
499
492
11360
351
225
21
388
72
33
21
30
699
872
502
9139
344
72
582
25665
733
699
37438
33
21
388
261
65293
12
21
183551
16
21
2407
263
912
21
16
13334
9139
16
4753
351
272
63
21
116751
20
11
1117
225
20
388
263
282
22
530
361
225
20
1094
18
699
37438
22
33
21
15
20
33
21
16
699
872
502
9139
388
348
65293
12
22
183551
16
21
13
2649
912
22
758
225
21
388
261
2586
2983
499
282
33
21
11360
351
21
388
10914
351
22
18
9177
382
4892
38474
4229
382
8311
16
352
2927
5463
16
411
1196
831
382
8311
16
539
1008
304
4802
386
277
38474
1414
516
1682
5463
402
6152
53432
386
14949
277
5879
35
2209
277
13334
4550
18373
386
277
1435
7435
341
6758
5879
18
1563
2024
16
5879
373
740
728
277
38474
642
1994
5463
1013
373
409
6
344
20
13
697
341
6758
740
16
373
555
40231
21
733
69585
373
3171
40231
29
733
373
622
40231
622
733
373
807
40231
807
733
373
740
40231
740
680
2536
1622
382
8311
16
730
717
122221
30
2973
539
17208
1033
21
17
21
16
539
7046
304
853
306
1132
304
1794
18
2209
1065
592
1033
21
341
373
20
26471
3557
6751
18
6755
16
1065
592
1033
21
341
373
21
728
1232
1033
21
17
21
33
20
16
272
21
508
20
3210
9405
6772
382
8311
16
539
1196
851
1994
386
277
1154
2428
361
2988
402
1219
37438
1518
2687
37438
35
3557
621
16981
382
8311
16
539
1196
851
1994
386
277
38474
2428
361
2988
1451
3041
35
10546
12775
382
8311
16
3138
382
36795
4602
277
2363
402
1996
90147
306
6518
382
8311
16
7478
277
31579
1310
16
9916
14801
382
2608
5522
16
8696
277
2292
1154
341
516
10439
304
361
1774
498
277
125888
31
1850
1060
352
471
304
1310
18
461
2522
10393
642
361
2387
366
8887
6292
18
610
386
1690
16
539
1060
1008
304
3138
277
1154
12989
16
306
277
8887
6292
642
1717
18
461
2292
1154
341
3419
396
265
1528
304
13561
16
689
411
2428
3451
910
7783
18
2952
16
277
12759
4060
373
10112
616
277
6292
1304
887
1387
361
26335
396
1717
616
6292
297
277
2292
1154
18
2209
592
277
2292
1154
341
74052
16
1232
1850
13861
18
2586
9745
277
2292
1154
341
4309
16
306
922
26565
819
277
31579
341
6078
18
14812
277
1217
61405
436
516
73411
1480
277
1154
1387
758
1497
2911
2387
366
2761
1625
35
16473
316
195488
30
461
1154
16607
341
1682
129966
2907
184257
18075
21
30
1284
16
1033
22
30
1284
16
1219
37438
30
853
16
2687
37438
30
853
13
2649
853
18
461
1217
61405
569
16896
10235
18
2586
839
4309
7878
642
758
277
1656
1333
352
1804
8877
18
8111
16
724
4273
1804
361
4309
9082
277
4655
2911
436
6792
18
2209
724
436
516
18
2586
468
2750
730
341
6078
18
7517
342
4273
1287
697
341
4309
16
342
1008
304
11135
382
25790
277
2746
341
499
265
5199
1207
277
3032
352
386
1310
1690
341
225
17078
16
306
277
1749
3999
341
265
103364
306
1196
361
8045
18
2491
8696
277
1749
3999
341
352
265
1497
1310
1690
386
540
98571
76577
18
16473
1538
468
277
1541
30
1325
277
1880
402
225
22658
26997
27950
16
903
341
265
1880
402
277
1217
61405
18
22547
411
361
386
277
1749
3999
341
3757
352
277
2475
1310
1690
16
697
341
373
23
24640
5460
21058
25029
21452
9718
27391
728
373
27
25268
28208
16035
26709
28026
26122
14575
728
225
10942
16
225
16649
35
3483
341
277
1656
18
34159
277
1749
3999
341
352
265
1497
1219
37438
85175
37438
16
1013
225
10942
16
225
16649
35
2523
382
25790
277
1749
3999
341
352
265
1497
2783
16
1013
373
23
24640
5460
21058
25029
21452
9718
27391
728
373
27
25268
28208
16035
26709
28026
26122
14575
728
225
10942
16
225
16649
689
277
4655
341
225
16611
15213
27745
16
306
277
1058
3999
341
352
265
1497
2783
16
1013
373
23
24640
5460
21058
25029
21452
9718
27391
728
373
27
25268
28208
16035
26709
28026
26122
14575
728
225
10942
16
225
16649
35
2523
382
45
1761
277
1210
52298
341
386
277
1058
3999
341
4309
306
277
1749
341
265
20511
18
8370
35
8801
277
1058
3999
674
225
17078
16
697
341
265
9310
2164
1435
18
610
277
3522
302
277
1310
20155
16
277
1058
3999
2428
361
352
265
1690
1207
277
2783
341
2164
344
7846
225
21
17
21
13
306
277
1749
341
352
265
2927
2783
18
2209
724
569
277
1656
2783
18
2586
386
4445
361
382
20822
16
8696
277
1749
3999
341
3757
352
265
1497
1154
1465
35
461
2292
1154
18948
12578
396
277
1154
539
436
304
3138
18
2586
1804
8877
911
277
1656
1154
382
25790
277
2746
15422
1078
1217
8156
1310
4027
402
1497
5938
16
689
277
5209
183764
34013
1019
18
1563
4681
16
277
1058
1387
361
352
25573
373
23
24640
5460
21058
25029
21452
9718
27391
728
373
27
25268
28208
16035
26709
28026
26122
14575
728
1219
37438
33
10942
16
2687
37438
33
16649
306
4655
225
17078
31
277
1749
1387
361
352
25573
373
23
24640
5460
21058
25029
21452
9718
27391
728
373
27
25268
28208
16035
26709
28026
26122
14575
728
1219
37438
33
10942
16
2687
37438
33
16649
306
4655
225
16611
15213
27745
35
3483
4007
1265
5258
382
25790
277
1749
3999
341
3757
352
265
1497
1310
1690
16
1013
373
23
24640
5460
21058
25029
21452
9718
27391
728
373
27
25268
28208
16035
26709
28026
26122
14575
728
225
10942
16
225
16649
689
277
4655
341
225
16611
15213
27745
16
306
277
1058
3999
341
352
265
1497
1310
1690
386
540
33326
35
1563
2024
16
8696
277
1058
3999
1196
361
1375
5648
12578
711
23
24640
5460
21058
25029
21452
9718
27391
728
373
27
25268
28208
16035
26709
28026
26122
14575
728
225
10942
16
225
16649
13
1377
225
17078
300
414
1232
903
341
265
4658
3999
1375
5648
12578
711
23
24640
5460
21058
25029
21452
9718
27391
728
373
27
25268
28208
16035
26709
28026
26122
14575
728
225
10942
16
225
16649
13
1377
225
16611
15213
27745
300
2608
386
1011
2188
361
1217
382
23928
277
133336
16
9916
10987
386
277
4309
4655
1333
341
225
16611
15213
27745
16
1480
1850
717
10358
402
277
852
2927
11726
16
306
277
225
17078
341
4164
265
103364
18
2952
16
342
1387
3138
277
1154
1175
386
411
6714
225
17078
352
386
3018
2740
306
225
16611
15213
27745
352
277
1656
2740
35
9405
13861
2142
3065
4308
382
25790
277
2292
1154
341
516
15474
396
341
31
4993
16
277
2363
539
13311
642
361
10753
2737
265
1497
867
302
6292
16
306
277
2292
1154
341
1060
352
954
5256
18
461
12759
373
8940
2292
38460
129966
2907
184257
13
304
1774
6292
1304
2428
361
265
27433
304
471
16
516
265
14393
352
277
109892
18
610
1451
2486
33563
87
16
724
2483
265
1310
1154
386
539
530
1774
20845
16
689
277
21633
109892
5119
969
1902
6292
18
461
2746
6434
4060
373
10112
616
277
6292
1304
887
1387
3867
304
277
6292
297
277
2292
1154
16
689
592
903
341
265
12475
16
1850
4164
386
277
2292
1154
341
499
277
4607
2746
306
341
4309
16
306
539
1008
304
3138
277
1154
304
22465
1019
18
2586
539
1008
304
13924
277
12475
382
19477
2050
304
1565
592
903
341
839
1528
277
1217
61405
1387
1804
361
19347
18
22547
411
361
386
277
1154
341
12762
304
758
277
1682
68437
225
622
66
29
15
27
16
306
225
17078
306
225
16611
15213
27745
436
1804
118215
68437
2761
35
2523
382
25790
277
1058
3999
341
352
265
1497
1219
37438
85175
37438
16
1013
225
10942
16
225
16649
16
689
277
1749
3999
341
352
265
1497
1219
37438
85175
37438
16
1013
225
10942
16
225
16649
35
2523
382
25790
277
1749
3999
341
3757
352
265
1497
1310
1690
386
8615
1325
277
1880
16
689
277
1880
2984
341
9546
18
22547
361
386
277
1749
3999
341
352
1375
5648
12578
711
23
24640
5460
21058
25029
21452
9718
27391
728
373
27
25268
28208
16035
26709
28026
26122
14575
728
225
10942
16
225
16649
13
1377
225
16611
15213
27745
300
414
277
1058
3999
341
352
265
1497
1310
1690
16
1013
1375
5648
12578
711
23
24640
5460
21058
25029
21452
9718
27391
728
373
27
25268
28208
16035
26709
28026
26122
14575
728
225
10942
16
225
16649
13
1377
225
17078
300
2608
724
436
277
1656
382
45
1761
9916
11536
402
277
38474
306
5752
386
277
125888
642
4369
411
18
1437
411
18048
16
342
530
6313
382
23928
386
492
341
265
1541
4597
9856
306
277
1756
36033
265
4377
16
9916
2483
277
38474
7878
306
6035
386
277
2292
1154
674
265
31579
3999
16
689
9916
10987
277
4309
730
341
225
16611
15213
27745
18
2952
16
342
4273
2549
265
6035
297
277
2363
31
342
1060
1008
304
2483
277
2363
382
25790
342
530
3138
277
1154
1175
386
411
16871
592
277
2740
14441
277
3018
25573
306
1232
6714
277
6527
1333
2387
366
697
1310
341
1610
1774
35
2209
277
2292
1154
8877
411
12775
402
277
1656
10235
16
713
411
1011
569
304
758
1497
2911
366
1497
8877
16
697
341
13861
9082
277
1154
674
54021
1889
306
277
1058
1465
341
8805
16
306
277
1749
1465
6714
265
1497
1333
35
1563
2024
16
342
1387
569
265
4188
20078
386
13125
277
2527
352
1450
2740
16
689
2650
277
15028
436
16896
16
277
1058
1465
1011
53706
277
20078
402
277
1058
4655
1333
344
17078
733
306
277
1749
1465
1011
25083
386
1656
1333
16
516
277
1749
4655
18
34159
342
14637
277
1154
304
36469
21214
366
1058
306
1749
1465
16
697
341
16474
93
306
516
3449
382
27872
16
2964
31029
277
2292
1154
341
62629
18
610
1175
12048
16
277
1861
341
304
3138
277
4309
11236
306
5752
386
277
125888
5119
265
33664
3478
18
7517
342
4273
14637
277
6292
16
9916
10987
386
277
4309
4655
1333
341
225
16611
15213
27745
306
386
277
1058
3999
341
265
20511
18
9916
3138
277
38474
306
6724
386
382
8311
16
9916
4602
277
2363
382
2608
1714
184752
16
13640
1761
819
3242
96898
420
8106
4027
382
17
461
38474
874
1682
5463
402
4455
7662
1360
1219
37438
306
2687
37438
18
2209
6035
386
1219
37438
306
2687
37438
436
24273
382
17
461
5463
530
361
778
304
225
622
66
1336
16
697
674
225
1449
27740
35
41729
225
622
66
1336
341
225
21
7528
498
225
1336
53432
16
697
341
225
1449
27740
35
16473
2292
30
225
622
66
20
33
21
344
21
14387
733
225
622
66
21
33
622
344
22
27740
733
713
225
622
38126
674
307
15
21
27740
18
2586
225
622
66
1336
674
225
1449
27740
18
2209
277
25284
4060
1033
21
6758
1033
22
6758
225
622
66
1336
18
225
622
66
1336
341
24273
35
887
4060
6758
225
622
66
1336
18
2586
277
6756
1435
341
225
622
66
1336
16
697
674
225
1449
27740
18
2952
16
724
1392
35576
1794
15739
277
3598
5879
344
21
6758
1033
21
6758
225
622
66
1336
680
2586
1033
21
530
361
778
304
225
622
66
1336
16
697
341
225
622
937
937
937
937
937
937
937
344
65127
225
1449
27740
680
22041
1033
22
6758
225
622
66
1336
18
2586
277
6756
4354
341
225
1449
27740
18
342
7977
3592
225
1336
16
689
1850
225
1449
18
16473
9182
30
225
622
66
1336
351
225
21
73
1336
16
697
341
225
21
402
225
1336
53432
16
713
2983
27740
351
225
1449
18
8520
18
2586
434
530
361
778
304
225
1449
18
9405
2188
6772
382
27872
16
539
1196
5203
778
304
225
1449
27740
382
8311
16
1219
37438
306
2687
37438
778
304
225
4120
18
1563
225
1449
57329
5463
16
2687
4455
341
225
29
14
1449
33
16847
16
697
341
2336
936
225
4120
18
2586
10044
16
2687
37438
341
82720
468
225
16847
16
689
539
530
2553
396
225
4120
382
8311
16
38474
1889
2287
30
912
778
304
225
1449
16
4455
778
304
225
4120
16
713
5907
1449
14
22
14
14822
33
1045
25773
5267
16
6772
382
8311
16
539
1998
4802
386
539
2489
5463
402
6152
53432
12989
890
5879
4354
341
225
1449
18
1563
2024
16
5879
373
622
937
937
937
937
937
937
937
6
344
622
66
1336
13
674
225
1449
27740
18
461
38474
642
1994
5463
499
225
20
304
386
5879
18
36902
402
17156
27740
436
12240
402
6152
53432
16
317
1627
1278
373
3528
6
4115
18
9405
6772
382
8311
16
539
1008
304
17208
1033
21
71699
67
21
18
1437
1033
21
351
373
21
728
1232
1033
21
17
21
33
20
16
1794
373
20
3210
9405
4354
225
21
18
9405
6772
18
461
38474
352
5879
373
20
6
642
1094
1994
1435
225
20
18
9405
4309
382
8311
16
730
717
122221
30
2973
539
17208
1682
26649
5912
18075
22
13
306
1682
26649
5912
18075
21
17
21
733
539
436
1347
1497
31051
18
9405
6772
382
8311
16
539
1196
851
1994
386
1033
21
306
1033
22
1387
361
1586
2927
16
689
175676
853
530
5203
778
304
225
622
66
1336
6043
382
8311
16
3138
382
36795
4602
277
2363
402
6518
382
8311
16
9916
6496
277
2522
3032
5834
37182
485
3080
14487
203
1847
1682
129966
2907
184257
18075
21
30
1284
16
1033
22
30
1284
16
1219
37438
30
853
16
2687
37438
30
853
13
2649
853
638
298
28157
351
225
622
478
29
692
225
27
300
298
905
41324
304
1682
5463
1150
297
648
20
16
5879
65
402
14387
4455
297
648
1386
37438
16
2687
37438
1391
298
917
1682
26649
5912
5311
808
30
1284
13
2649
853
638
348
307
351
6441
5311
808
994
348
499
136060
1250
312
625
28090
300
348
1029
80
625
28090
20399
6118
15298
465
348
917
65293
40815
30
853
16
13334
30
4989
16
3285
37438
30
853
13
2649
853
638
454
592
912
1377
307
638
615
758
225
21
592
1219
37438
6758
3285
37438
6758
2687
37438
1625
225
20
300
454
4753
351
853
5311
808
74686
6577
592
13334
1625
225
29
203
454
2983
351
225
20
203
454
352
282
297
2783
124651
692
225
21
2407
615
699
872
502
351
13334
306
344
72
1377
4753
465
615
699
37438
351
3285
37438
692
282
203
615
592
699
37438
1518
2687
37438
638
828
4622
203
615
2983
351
344
12815
692
65293
40815
692
225
21
16
699
872
502
16
699
37438
1149
1577
28157
203
454
758
2983
300
348
758
65293
12
20
16
7143
16
225
20
994
298
905
42379
1682
352
7866
5879
203
298
1682
22
351
1682
26649
5912
18075
22
994
298
905
42379
1682
352
3598
5879
506
225
21
203
298
1033
21
10013
351
853
18075
21
465
298
592
1033
21
10013
1377
225
20
638
348
905
3557
2731
621
16981
344
2258
21
6743
225
21
733
689
10148
352
6126
203
348
1682
21
351
225
20
203
298
1625
638
348
1033
21
71699
67
21
351
1033
21
10013
506
225
21
203
348
272
21
351
1284
18075
21
71699
67
21
465
348
1682
21
351
1682
26649
5912
2350
21
994
298
905
36902
297
648
2258
21
16
1033
22
65
351
1682
26649
5912
18075
22
13
506
1682
26649
5912
18075
21
17
21
465
298
758
344
8227
22
506
1682
21
13
1577
28157
203
3080
255013
255001
255000
255002
255012
203
9037
3733
5842
7935
277
6292
18
19426
277
2615
638
202890
344
4024
5089
1465
2009
2407
225
7368
68976
160889
52
681
15091
49
20
74
8035
728
1880
225
7713
16
297
460
10438
485
298
2292
38460
129966
2907
184257
465
225
7368
68976
160889
52
681
15091
49
20
74
8035
728
1880
225
2503
16
297
2292
203
298
3999
12578
711
23
24640
5460
21058
25029
21452
9718
27391
728
373
27
25268
28208
16035
26709
28026
26122
14575
728
225
10942
16
225
16649
13
1377
225
17078
203
2613
7238
93321
93321
93321
93321
241704
195967
93704
2466
33109
1699
146817
16
492
341
593
3973
30
7060
277
2165
1154
16607
306
194863
16
7095
3138
277
1154
4546
306
1717
616
277
6292
18
1995
5677
4222
59947
5533
213288
28430
3039
1196
18523
277
2363
385
11116
297
265
127068
2363
2732
344
826
22057
13
344
22310
642
61694
277
4607
5442
13
255013
255001
255000
255003
255012
36231
748
122150
1008
304
3138
1682
129966
2907
184257
18
461
4381
5842
1161
265
38474
352
5463
778
304
265
5879
16
689
411
2428
569
3933
1480
302
2927
5463
30
1033
21
306
1033
22
530
361
778
304
225
622
66
1336
344
77
3077
1278
778
304
225
1336
27740
733
689
277
38474
402
77647
306
57687
4229
6772
18
2952
16
277
38474
396
5448
19720
5463
499
225
20
304
5879
24273
18
2209
277
1154
1196
1682
5463
499
1033
21
304
1033
22
24273
16
402
14387
4455
16981
382
669
1310
4027
2549
2927
25573
344
73
1627
1278
373
29413
24262
24326
28356
22590
12873
27880
6
304
373
22
12257
3966
15782
26179
14834
28920
23966
2191
306
277
4655
1193
341
225
20532
24215
28662
16
697
341
1713
41872
18
2586
954
38474
1998
361
4309
382
669
4381
7878
5119
265
38474
386
19720
5463
6758
5879
18
2952
16
903
341
265
30495
4264
30
461
38474
5119
77647
306
1889
344
1084
16
13334
16
3285
37438
680
957
341
11279
352
14387
38474
27946
5463
6758
5879
402
265
14387
4455
25284
18
887
1196
361
6772
382
2608
277
1310
8221
9848
352
265
3018
1690
30
12578
711
23
24640
5460
21058
25029
21452
9718
27391
728
373
27
25268
28208
16035
26709
28026
26122
14575
728
225
10942
16
225
16649
13
1377
225
17078
16
689
954
1193
341
516
225
17078
18
16473
17208
4655
30
225
17078
341
265
2164
1435
5657
304
8730
25573
18
3483
10334
386
352
386
12601
16
1094
225
17078
5463
569
14387
4455
1360
225
10942
306
225
16649
18
2586
277
38474
1196
6496
386
382
8372
7878
7939
2761
1625
18
16473
16216
3242
24797
382
7974
16
277
38474
19720
5463
499
225
20
778
304
5879
24273
18
2209
277
1154
6382
5463
6743
225
21
35
41729
1033
21
530
361
225
21
18
2586
225
20
341
5101
35
461
2783
341
499
1033
21
304
1033
22
24273
16
306
1033
21
6743
225
21
621
16981
18
2586
225
20
341
3042
5101
1480
1033
21
19105
21
18
2586
83084
1682
26649
5912
18075
21
17
21
13
4229
6772
382
2608
1065
819
14387
4455
25284
30
277
38474
4059
5463
402
14387
4455
297
648
1386
37438
16
2687
37438
1807
887
1196
361
4309
382
2608
903
341
265
122221
30
461
38474
5119
265
77647
402
312
625
28090
18
461
11057
1993
341
344
1084
16
13334
16
3285
37438
680
2952
16
13334
341
265
4989
16
3285
37438
778
304
2687
37438
344
26720
4120
680
2586
1889
3203
341
2164
344
1084
6758
225
1336
16
13334
225
22
16
3285
37438
6758
225
4120
680
9405
6772
382
2608
277
38474
1154
19720
5463
499
225
20
304
5879
24273
18
2952
16
539
1998
4802
386
277
38474
1414
516
1682
6152
53432
53786
35
36443
16
5463
402
6152
53432
436
33649
396
5463
402
17156
27740
16
697
341
6772
1480
539
1587
304
1682
616
5463
499
225
20
304
5879
18
1563
2024
16
5879
373
740
6
19720
5463
225
20
16
21
55340
740
18
2209
1414
411
12989
1682
5463
1013
225
20
35
78364
4455
302
225
20
341
225
20
16
697
874
361
2336
936
1219
37438
344
21
680
2586
411
642
516
361
33649
18
2586
1850
6772
382
2608
903
341
265
3242
4264
30
461
38474
5119
277
1794
5879
7662
18
1563
5463
402
17156
27740
936
277
4354
302
5879
16
724
436
12240
402
6152
53432
18
1563
2024
16
5879
373
740
6
344
82
33
22
680
461
38474
4059
5463
499
225
409
304
225
740
18
461
1435
373
409
6
21062
304
225
20
16
373
555
6
304
225
21
16
69585
373
3171
6
304
225
29
16
373
622
6
304
225
622
16
373
807
6
304
225
807
16
373
740
6
304
225
740
18
2586
1850
4309
382
27872
277
38474
5563
4309
382
2608
3097
1645
277
1310
4759
35
16473
20488
17208
2164
1310
4027
304
13561
11236
382
669
194863
7120
30
1041
5197
1682
129966
2907
184257
711
21
728
373
740
728
225
21
16
225
28
13
2649
225
807
388
8372
38474
1196
6496
225
807
35
16473
37687
30
5463
225
21
568
740
18
10768
14387
44914
638
21
30
21
16
22
30
22
16
23
30
23
16
24
30
24
16
25
30
25
16
26
30
26
16
27
30
27
16
28
30
28
16
29
30
29
16
622
30
21
16
807
30
22
16
740
30
23
18
15040
402
14387
4455
1360
225
21
306
225
28
24273
30
225
21
16
22
16
23
16
24
16
25
16
26
16
27
16
28
16
622
16
807
16
740
2649
4924
225
807
5463
18
2586
954
38474
1196
3050
225
807
382
12668
2024
30
373
21
4990
25
728
21
16
25
2649
5463
225
21
568
25
616
44914
225
21
568
25
1117
225
25
382
4892
2164
4027
1196
1717
382
8311
277
1310
4059
373
21
4990
21
728
21
16
21
2649
1196
361
225
21
344
3992
225
21
680
373
7366
4990
3523
728
26
16
1028
2649
225
28
18
1283
530
1310
20488
3735
382
669
8221
341
352
265
2927
1690
18
22547
361
2920
304
68437
13667
35
1283
57859
1682
21
499
1682
22
306
1863
68437
18
3483
1196
361
6772
382
25790
277
38474
674
387
1115
14530
20740
30
461
38474
19720
5463
499
225
20
304
5879
24273
16
689
539
1008
304
57859
1682
352
5463
499
225
20
304
1033
21
17
21
18
1563
1033
21
351
225
21
16
1033
21
17
21
351
225
20
16
1682
26649
5912
711
20
2191
1196
1682
5463
225
20
568
20
24273
30
1094
225
20
18
78364
4455
302
225
20
341
225
20
16
516
297
648
21
16
21
2315
713
6714
225
20
18
2586
6772
382
2608
8696
277
38474
352
5879
373
20
6
341
18765
1480
307
33
21
16
306
539
1465
65293
12
20
183551
16
20
680
887
642
59689
282
499
225
20
304
4753
33
20
16
699
37438
33
20
16
1465
65293
12
21
183551
16
20
13
697
6714
225
21
592
1219
37438
26720
20
26720
4956
37438
1625
225
20
18
3483
1011
758
225
21
592
225
20
341
6751
18
2209
539
1907
1587
225
20
1480
1033
21
19105
21
18
2586
1850
6772
382
2608
1065
819
5463
1013
373
409
26471
3557
6964
382
77397
11336
30
610
1682
26649
5912
16
539
911
5879
1794
18
2209
539
17208
1682
26649
5912
352
1033
22
306
352
1033
21
71699
67
21
18
1563
1033
21
71699
67
21
351
225
20
16
539
569
272
21
351
373
20
3210
9405
6772
18
1563
1033
21
71699
67
21
351
8696
265
1794
402
6152
53432
35
3557
31
539
7046
304
853
1232
1132
304
1284
16
713
840
6152
53432
382
27872
5563
4309
382
2608
9745
277
38474
53786
28506
277
1690
1207
1219
37438
420
2687
37438
341
6892
936
2731
35
3557
6964
382
25790
277
38474
77647
341
2502
5731
35
225
1336
8597
16
6772
382
25790
277
57687
341
12267
3933
2920
304
54021
35
2523
382
25790
539
1008
304
1994
277
1689
386
5463
436
12240
402
277
1656
1435
302
27740
396
5879
16
689
539
1587
304
1682
5463
402
7662
386
1451
27740
35
41729
5463
1013
225
20
16
225
21
16
69585
436
33649
12989
402
6152
53432
18
1563
5879
373
1296
728
307
33
23
16
5463
499
225
937
304
225
1296
18
461
1435
373
3528
6
341
225
21
16
33649
18
2586
1850
6772
382
2608
903
341
265
122221
30
461
38474
874
1682
5463
402
6152
53432
396
9746
35
2523
16
1480
277
11183
341
6842
4354
16
1450
1435
21062
304
7662
730
7799
302
27740
344
15519
6152
53432
680
2586
1450
11795
499
225
20
304
5879
341
12240
7662
3984
18
2586
1682
26649
5912
5311
808
13
1196
6792
277
1435
302
32088
297
648
20
16
5879
65
402
14387
4455
297
2783
382
27872
68993
1196
361
4309
382
2608
8696
277
38474
494
14387
4455
4059
6152
53432
16
697
15013
53432
304
277
4455
18
9405
6772
1480
14387
4455
302
225
20
341
225
20
16
302
225
25
341
225
25
16
302
225
2113
341
851
225
25
344
29753
6152
53432
11274
225
20
680
2586
1850
10358
382
4892
3097
1414
1310
4759
35
16473
2050
304
13762
498
5009
265
2164
6775
304
10049
18
2209
539
4445
1774
1743
18
2952
16
539
530
3368
382
25790
277
4264
341
386
277
38474
5119
77647
306
312
625
28090
2142
39905
11057
1360
8877
35
2209
539
8483
65293
5451
1682
26649
5912
16
713
1450
1465
304
1682
26649
5912
12651
265
699
65293
1154
402
969
1902
11057
18
9405
6772
382
2608
9745
277
5879
14580
436
2927
16
306
277
77647
2428
3866
9144
13304
35
1098
19360
382
19477
15698
277
3018
25389
1690
30
1682
26649
5912
5311
808
13
352
5879
351
373
27
25268
28208
16035
26709
28026
26122
14575
6
306
851
352
5879
351
373
23
24640
5460
21058
25029
21452
9718
24653
26471
41729
1033
21
71699
67
21
30
373
23
24640
5460
21058
25029
21452
9718
24653
26471
26128
16
1033
21
341
373
23
24640
5460
21058
25029
21452
9718
27391
728
713
1033
21
17
21
351
373
23
24640
5460
21058
25029
21452
9718
24653
3210
9405
265
1794
18
2586
539
1008
304
17208
1217
19720
382
669
5052
341
4655
304
361
225
17078
18
9405
265
1586
2164
1435
18
5641
7878
4164
7939
2761
1625
16
8696
2920
304
265
11336
386
7182
1451
5463
304
361
33649
420
5023
18
99008
277
38474
494
14387
4455
25284
341
53786
6227
30
411
10995
1094
592
699
37438
6758
2687
37438
18
9405
6772
18
2209
1065
819
1219
37438
35
3092
277
1169
539
2292
592
3285
37438
1360
1219
37438
306
2687
37438
18
2586
592
3285
37438
341
2336
936
1219
37438
468
15338
16
539
758
225
20
18
9405
4309
382
2608
8696
277
38474
18048
304
1682
5463
1480
302
13334
4550
35
887
5563
6772
382
71093
16
9745
277
38474
19720
5463
778
304
5879
24273
689
539
1008
304
29082
5463
402
6152
53432
35
3557
4778
382
19477
1310
265
2164
15277
20488
304
1565
592
38474
4229
18
1563
5879
351
373
740
728
1219
37438
33
21
102940
37438
33
28
18
1283
530
37687
38474
30
307
33
22
382
61792
3138
38278
30
65293
12
20
183551
16
20
2407
1084
33
20
16
13334
9139
16
4753
33
21
344
14627
63
20
116751
21
142616
28600
282
33
20
638
699
872
502
351
7143
306
344
20
582
21
19767
2044
1117
8077
388
699
37438
33
20
18
699
37438
6758
2687
37438
344
28
13
713
4622
388
65293
12
21
156864
16
20
2738
912
33
21
16
13334
14040
16
4753
33
29
388
1563
1450
282
22
499
225
20
304
225
29
638
261
699
37438
22
351
225
20
70073
22
388
261
3092
15338
344
1084
33
22
2738
2292
1219
37438
26720
699
37438
22
6758
4956
37438
18
2586
282
22
499
225
21
304
225
28
24273
1117
225
28
21254
35
26128
282
22
499
225
20
304
225
29
16
689
15338
16871
18
2586
282
22
33
20
2649
4455
33
20
2649
516
33649
31
282
22
33
21
568
28
2649
225
28
31
282
22
33
29
2649
4455
33
29
2649
516
33649
18
2586
225
28
5463
388
2586
2983
499
282
33
20
30
225
28
382
28600
282
33
21
638
699
872
502
351
7143
306
344
21
582
21
13
1117
7143
388
699
37438
33
21
6758
28
388
65293
12
21
183551
16
21
2738
912
33
21
16
13334
9139
16
4753
33
22
344
14627
63
21
116751
22
142616
1563
282
22
499
225
20
304
225
22
638
261
699
37438
22
351
225
21
70073
22
388
261
15338
30
282
22
33
20
2649
4455
33
21
33649
31
282
22
33
21
2649
22
33649
31
282
22
33
22
926
23
33649
18
2586
225
23
5463
388
2586
2983
499
282
33
21
30
225
23
388
27872
2983
351
225
807
18
3483
14441
4655
382
4892
38474
4229
352
2164
1690
382
8311
1310
1690
373
7366
4990
3523
728
26
16
1028
1117
225
28
18
1283
1387
20488
17208
689
6724
382
8311
277
2927
1690
30
8696
277
38474
341
4309
689
277
68993
10025
304
6484
68437
35
1283
1863
344
8227
22
506
1682
21
13
1577
28157
16
697
22699
1713
45589
18
2209
8696
1682
21
1518
1682
22
35
3483
4273
4252
1480
1682
26649
5912
341
119870
35
41729
1682
26649
5912
5311
808
13
19720
5463
499
225
20
304
5879
24273
18
7517
5879
22
1518
5879
21
16
1682
26649
5912
5311
808
22
13
6743
1682
26649
5912
5311
808
21
680
2586
5052
1713
45589
18
2209
2920
304
68437
40743
35
3557
68437
4427
18
2586
68993
22699
4898
18
2209
592
539
1863
68437
1325
68993
16
1850
6772
18
2952
16
592
539
911
1577
28157
468
1450
38474
2457
16
277
19720
436
7505
68437
28157
18
2586
1682
22
306
1682
21
436
68437
28157
18
2209
1232
344
8227
22
506
1682
21
13
1577
28157
22699
4309
1682
68437
28157
16
1480
277
1641
19720
2428
361
6892
936
28157
16
689
539
1094
1008
1193
68437
28157
18
2952
16
68993
302
1217
68437
5463
874
3050
6484
592
277
1641
1682
21
1518
1682
22
35
3483
4273
4252
16
689
2920
304
68437
16
592
277
1641
19720
1173
498
2336
936
28157
35
41729
592
1804
436
8805
68437
28157
16
277
5052
344
8227
22
506
1682
21
13
1577
28157
25782
344
4282
8962
22
1577
28157
506
1641
8962
21
1577
28157
13
1577
28157
18
7517
1641
8962
22
6743
1641
8962
21
16
277
5052
1641
8962
22
506
1641
8962
21
341
2336
936
35
887
1387
361
6743
28157
16
689
68437
5052
22699
277
4309
22503
18
1563
2024
16
1641
8962
22
351
225
622
66
29
15
28
16
1641
8962
21
351
225
20
18
5489
1682
22
351
225
21
344
29753
893
733
1682
21
351
225
20
16
344
21
17
20
61802
43052
351
225
21
16
697
25782
1641
8962
22
893
28157
351
225
21
18
9405
4309
18
1437
1641
8962
22
351
28157
15
25
16
1641
8962
21
351
225
24
16
1232
1641
45922
351
225
21
18
1682
22
351
225
25
16
1682
21
351
225
24
16
344
25
17
24
61802
43052
351
225
21
18
9177
18
2586
1850
6085
18
2586
68437
13667
341
6772
382
2608
8696
277
38474
494
11057
341
12267
387
4264
1480
3285
37438
530
361
778
304
225
4120
16
689
2687
37438
341
851
778
304
225
4120
16
306
539
569
4550
699
37438
6758
2687
37438
304
83337
18
2586
3285
37438
2911
297
11057
436
5885
304
6758
2687
37438
18
9405
6772
382
8311
16
277
2927
1310
1690
674
1219
37438
33
10942
16
2687
37438
33
16649
16
306
25573
436
819
225
1336
27740
18
2586
14387
4455
302
265
225
1336
57329
1435
530
361
468
1210
225
1336
14
29
351
225
11529
18
2586
225
10942
17
16649
341
265
14522
2783
4549
2687
18
2586
2487
5463
642
569
14387
4455
297
386
2783
18
3483
341
10358
402
4655
2164
1682
225
17078
382
8372
38474
1196
1682
1731
5463
18
2209
9745
903
341
387
1115
14530
20740
297
277
14387
4455
30
539
2489
14387
4455
396
4455
302
616
27740
16
2291
6152
53432
18
9405
6772
18
1563
265
1435
402
225
1336
27740
16
969
14387
4455
341
4455
302
969
27740
18
2586
6152
53432
516
1831
18
1563
5463
402
17156
27740
16
724
569
6152
53432
297
277
11183
16
689
386
4007
3910
4455
18
2586
1850
6772
382
2608
8696
277
38474
494
5879
1794
4354
341
6842
304
277
1435
302
27740
302
277
5879
18
1563
5463
2336
936
5879
689
402
17156
27740
16
724
436
12240
402
6152
53432
18
9405
6772
382
8311
16
8696
277
2746
341
386
277
38474
5119
77647
306
175676
77647
8597
35
64187
341
778
304
4354
344
4956
225
1336
13
713
6772
382
27023
361
386
277
38474
494
57687
5119
3285
37438
396
387
11795
16
689
3285
37438
530
361
778
304
2687
37438
344
4120
680
9405
6772
382
19477
1310
265
15277
30
5879
373
959
728
1219
37438
33
21
102940
37438
33
29
18
36902
499
225
20
304
225
959
30
14387
44914
225
20
568
1045
18
15040
402
4455
225
21
568
29
30
1451
18
38474
1196
17208
12989
382
2608
8696
903
341
265
11336
297
277
13334
4550
30
539
867
699
872
502
351
13334
306
344
72
1377
4753
680
2952
16
4753
341
853
5311
808
74686
6577
592
13334
1625
225
29
18
9405
4309
382
2608
6035
30
2973
13334
341
7143
16
4753
351
853
5311
808
74686
24299
306
539
59689
282
499
225
20
304
4753
24273
18
5489
699
872
502
351
13334
306
344
72
1377
4753
680
2209
592
282
460
4753
16
699
872
502
7883
8077
344
29753
13334
341
7143
689
282
2308
4753
680
9405
4309
382
2608
1065
819
890
13334
341
8077
35
5489
4753
351
225
29
16
306
699
872
502
351
8077
306
344
72
1377
225
29
13
1117
8077
18
2586
699
872
502
8320
8077
18
9405
6772
382
27872
38474
5563
4350
382
8311
16
8696
277
4264
341
386
539
1008
304
29082
277
1435
225
20
499
277
2783
1480
1033
21
6743
225
21
16
689
539
436
27946
499
1033
21
304
1033
22
24273
18
610
68993
1557
16
539
17208
1682
26649
5912
18075
22
13
506
1682
26649
5912
18075
21
17
21
680
1437
1033
21
33
21
16
1033
21
17
21
33
20
16
1682
26649
5912
12
20
13
4059
225
20
18
2209
225
20
494
14387
4455
341
225
20
16
697
341
516
297
648
1386
37438
16
2687
37438
65
592
1219
37438
6743
21
18
2586
1850
6772
18
2209
1065
592
1219
37438
33
20
35
8439
304
16981
16
1219
37438
6743
225
21
16
713
516
4494
382
2608
1065
819
1033
21
33
20
35
3557
6751
382
4892
68993
341
6085
382
8311
16
8696
277
38474
18048
352
1586
2927
25573
1480
302
77647
32103
35
3557
4164
382
19477
15698
277
3018
25389
1310
717
14163
30
373
23
24640
5460
21058
25029
21452
9718
27391
728
373
27
25268
28208
16035
26709
28026
26122
14575
728
225
10942
16
225
16649
2649
4655
225
17078
382
8372
7878
4164
8938
2761
1625
18
22547
361
225
17078
35
461
1310
36033
225
17078
16
689
277
40439
7935
18
2586
539
1008
304
1511
277
2615
382
19477
5842
304
17208
277
38474
352
1131
25573
20488
35
9405
13861
18
2209
539
530
3368
819
2731
24797
382
5158
3242
11336
30
610
277
38474
16
539
911
1219
37438
306
2687
37438
499
12688
1154
18
15040
436
19053
18
9405
6772
382
2608
277
38474
494
15338
4550
30
592
912
1377
307
30
758
225
21
592
1219
37438
6758
3285
37438
6758
2687
37438
1625
225
20
18
2952
16
6035
386
3285
37438
341
277
4455
302
27740
15267
713
3312
16
2291
616
27740
18
9405
4309
382
2608
903
341
265
122221
30
461
38474
19720
5463
499
225
20
304
5879
24273
18
1563
5463
402
17156
27740
936
307
16
6152
53432
436
33649
18
1563
2024
16
5879
373
1296
6
344
82
33
23
680
7551
373
20
6
21062
304
373
937
3210
10262
14387
4455
341
225
20
18
2586
1850
33649
592
225
20
341
2223
648
1386
37438
16
2687
37438
1807
9405
6772
382
8311
16
689
1065
819
5463
402
6152
53432
35
2227
436
1060
26686
302
5463
402
17156
27740
18
15968
840
4638
27946
18
2586
6772
382
25790
277
2746
341
386
277
38474
4059
5463
386
569
14387
4455
7662
1219
37438
420
2687
37438
16
689
539
1998
851
4802
386
277
14387
4455
302
277
1435
344
35171
6152
53432
13
341
4800
18
2209
2650
6152
53432
1907
3910
4455
16
1850
277
1656
382
13617
3592
30
461
16981
2132
1033
21
306
1033
22
530
361
778
304
225
622
66
1336
16
6115
778
304
225
1449
27740
35
41729
225
622
66
1336
341
225
21
7528
498
225
1336
53432
16
697
341
225
1449
27740
35
26128
225
622
66
1336
351
225
622
937
937
937
937
937
937
937
35
16473
1682
30
225
622
66
21
351
225
622
344
22
27740
733
225
622
66
22
351
225
1296
344
23
27740
680
2586
225
622
38126
674
307
15
21
27740
18
2586
225
622
66
1336
674
225
1449
27740
18
2209
277
2746
4060
373
21
6758
1033
21
6758
225
622
66
1336
3210
32468
386
2767
277
35576
1333
341
1360
225
21
306
225
622
66
1336
24273
18
225
622
66
1336
341
225
622
937
937
937
937
937
937
937
35
9405
225
1449
27740
35
41729
225
622
66
1336
351
225
21
73
1336
16
697
341
225
21
402
225
1336
53432
30
4924
225
1449
27740
35
16473
2292
30
225
622
66
20
351
225
21
344
21
14387
680
225
622
66
21
351
225
622
344
22
27740
680
2586
225
622
38126
674
307
15
21
27740
18
2586
225
622
66
1336
674
225
1449
27740
18
2209
277
2746
4060
373
622
66
1336
728
697
341
56317
18
2952
16
277
7120
2549
5463
1013
373
29413
24262
24326
28356
22590
12873
27880
6
697
341
225
1045
27740
35
41729
373
29413
24262
24326
28356
22590
12873
27880
6
341
225
1045
27740
35
16473
1682
30
225
27
225
23
225
28
225
20
225
28
225
21
225
20
225
23
225
27
225
28
225
22
225
27
225
25
225
21
225
25
225
21
225
29
225
20
225
26
225
24
225
29
35
26128
4924
225
1710
35
16473
1682
9222
30
373
29413
24262
24326
28356
22590
12873
27880
6
4354
30
9916
1682
30
225
21
30
27
16
22
30
23
16
23
30
28
16
24
30
20
16
25
30
28
16
26
30
21
16
27
30
20
16
23
35
41729
13640
4602
30
225
27
225
23
225
28
225
20
225
28
225
21
225
20
225
23
225
27
225
28
225
22
225
27
225
25
225
21
225
25
225
21
225
29
225
20
225
26
225
24
225
29
18
9405
225
1710
8210
35
342
1682
30
10690
30
225
21
30
27
16
22
30
23
16
23
30
28
16
24
30
20
16
25
30
28
16
26
30
21
16
27
30
20
16
28
30
23
16
29
30
27
16
622
30
28
16
807
30
22
16
740
30
27
16
1068
30
25
16
992
30
21
16
883
30
25
16
902
30
21
16
1145
30
29
16
1045
30
20
16
1057
30
26
16
696
30
24
16
1710
30
29
2649
225
1710
27740
18
373
22
12257
3966
15782
26179
14834
28920
23966
6
4354
35
16473
1682
30
225
22
225
21
225
29
225
27
225
23
225
20
225
20
225
29
225
27
225
24
225
24
225
23
225
29
225
20
225
24
225
20
225
26
225
29
225
23
225
26
225
20
225
23
2649
225
1336
27740
35
41729
1682
30
225
21
30
22
16
22
30
21
16
23
30
29
16
24
30
27
16
25
30
23
16
26
30
20
16
27
30
20
16
28
30
29
16
29
30
27
16
622
30
24
16
807
30
24
16
740
30
23
16
1068
30
29
16
992
30
20
16
883
30
24
16
902
30
20
16
1145
30
26
16
1045
30
29
16
1057
30
23
16
696
30
26
16
1710
30
20
16
1336
30
23
2649
225
1336
27740
18
2586
277
6892
5879
674
225
1336
27740
18
2586
8696
225
622
66
1336
341
225
1449
27740
35
41729
225
622
66
1336
341
225
21
73
1336
16
697
341
225
21
7528
498
225
1336
53432
351
225
622
937
937
937
937
937
937
937
18
9405
225
1449
27740
35
16473
1682
53432
30
225
1336
53432
1325
225
21
6632
2983
27740
351
225
21
15
1336
351
225
1449
18
2209
277
2024
7866
5879
674
225
1336
27740
18
2586
8696
277
7866
4753
341
3757
225
622
66
1336
506
225
21
35
461
2746
6434
4060
373
21
6758
1033
21
6758
225
622
66
1336
3210
32468
297
17673
4066
16
724
2676
778
304
225
622
66
1336
506
225
21
16
689
724
2428
361
24273
18
2952
16
539
1907
1008
304
12971
1480
277
5879
14580
539
771
436
2223
492
2783
18
5641
38474
4229
352
839
4354
382
8311
16
277
38474
5119
312
625
28090
18
2209
539
436
22054
65293
5451
1682
26649
5912
16
306
539
436
57687
2387
366
344
1084
16
13334
16
3285
37438
680
2952
16
6035
386
3285
37438
341
387
11795
16
689
539
436
1347
411
396
766
302
11057
1993
18
9405
6772
382
2608
903
341
265
202267
30
461
38474
494
77647
5119
175676
2739
77647
4753
18
225
1336
8597
341
6772
382
25790
277
4264
341
386
277
38474
19720
5463
402
14387
4455
7662
297
2783
16
689
277
1154
36033
5463
1150
1175
386
1033
21
6758
1150
6758
1033
22
306
1219
37438
6758
14387
37438
3974
13
6758
2687
37438
18
9405
1065
539
589
382
2608
1065
819
5463
386
569
6152
53432
35
2227
436
516
8156
5463
31
724
436
277
1656
396
5463
2142
6152
53432
18
2952
16
954
38474
4059
5463
402
6152
53432
396
9746
14387
14580
16
689
1450
11795
8615
7662
3984
1480
1450
11795
499
225
20
304
5879
530
361
12240
42146
402
7662
307
27740
498
3504
402
6152
53432
18
2586
903
341
265
191629
18
2586
1850
6772
382
2608
903
341
265
5151
30
461
38474
19720
5463
499
225
20
304
5879
24273
16
689
1065
819
5463
386
569
265
14387
4455
2223
2783
689
569
265
6152
14387
7810
35
9405
1060
265
1435
402
17156
27740
18
3578
6772
382
27872
38474
5563
4309
382
25790
277
2615
341
2920
304
277
1689
386
539
436
1347
77647
306
57687
3796
4347
8877
304
1682
26649
5912
35
2209
1450
1465
304
1682
26649
5912
12651
265
699
65293
1154
402
969
1902
11057
16
713
7821
382
25790
277
4264
341
386
277
38474
5119
4188
1219
37438
16
2687
37438
499
277
12688
1154
16
689
1731
436
19053
468
277
845
302
8559
18
9405
6772
382
2608
8696
539
1008
304
2489
277
5463
396
14580
2142
6152
53432
35
3483
341
16
539
1196
1994
277
5772
35576
1333
16
516
277
84267
11183
35
2209
954
38474
1414
386
382
19477
1310
277
25389
1690
402
265
2164
6775
38278
35
3557
2731
18
2952
16
539
530
2050
304
3368
819
3242
79515
30
461
38474
5119
277
5879
1794
396
341
18
1563
277
7866
5879
373
27
25268
28208
16035
26709
28026
26122
14575
728
539
569
4354
225
1336
18
1563
277
3598
5879
373
23
24640
5460
21058
25029
21452
9718
27391
728
4354
851
225
1336
35
16473
2292
30
373
23
24640
5460
21058
25029
21452
9718
27391
6
4354
35
4716
30
225
23
225
20
225
24
225
26
225
21
225
25
225
20
225
22
225
26
225
21
225
25
225
20
225
27
225
25
225
20
225
23
225
29
225
29
225
20
225
24
225
28
225
29
35
9405
225
1336
27740
35
16473
1682
30
225
21
30
23
16
22
30
20
16
23
30
24
16
24
30
26
16
25
30
21
16
26
30
25
16
27
30
20
16
28
30
22
16
29
30
26
16
622
30
21
16
807
30
25
16
740
30
20
16
1068
30
27
16
992
30
25
16
883
30
20
16
902
30
23
16
1145
30
29
16
1045
30
29
16
1057
30
20
16
696
30
24
16
1710
30
28
16
1336
30
29
2649
225
1336
27740
18
2586
1804
569
225
1336
27740
18
2586
1033
21
17
21
341
373
23
24640
5460
21058
25029
21452
9718
24653
3210
9405
851
225
1336
27740
18
2586
954
38474
352
1804
25573
642
569
307
33
1336
18
9405
6772
382
8311
16
277
38474
352
3598
5879
30
539
1008
304
17208
1682
26649
5912
711
23
24640
5460
21058
25029
21452
9718
24653
2191
506
1682
26649
5912
711
23
24640
5460
21058
25029
21452
9718
27391
2191
35
41729
539
17208
1682
21
351
1682
26649
5912
18075
21
17
21
13
351
1682
26649
5912
711
23
24640
5460
21058
25029
21452
9718
24653
5105
5489
1193
351
1682
22
506
1682
21
18
2586
539
1008
304
4802
386
1682
26649
5912
352
1033
21
17
21
306
1033
22
436
19377
12989
382
25790
277
38474
674
265
11336
890
5879
674
27740
386
3866
277
77647
304
4826
5463
2920
304
13334
13667
35
2209
1850
4350
382
19477
20488
1310
265
2164
15277
402
3600
4619
30
19001
5879
351
373
622
728
1219
37438
33
21
102940
37438
33
21
18
1283
1587
1682
5463
6758
622
402
14387
4455
225
21
30
5463
30
225
21
16
622
1117
225
22
18
5641
38474
30
307
33
22
16
5879
63
20
116751
21
747
5879
63
21
116751
20
28080
56722
12
20
183551
16
20
2407
1084
20
16
13334
9139
16
4753
33
21
388
282
33
20
30
699
872
502
14040
16
699
37438
33
20
18
65293
12
21
156864
16
20
2738
912
21
16
13334
14040
16
4753
33
29
18
1563
282
22
33
20
568
29
16
15338
2292
4455
351
282
22
18
10546
282
22
33
21
6632
4455
33
21
1117
1682
225
21
18
2586
282
33
20
28446
225
21
388
282
33
21
30
699
872
502
9139
16
699
37438
33
21
18
65293
12
21
183551
16
21
2738
912
21
16
13334
9139
16
4753
33
20
344
14627
63
21
116751
20
5911
1563
282
22
33
20
1094
30
15338
4455
33
21
15
20
33
21
1117
1682
21
18
2586
282
33
21
28446
225
21
388
10914
351
22
18
9177
382
8311
16
1065
592
5879
351
373
3171
26471
3483
1011
361
15235
1480
5879
14580
436
35576
14580
2142
6152
53432
35
41729
724
436
2688
396
35576
14580
16
713
724
1907
569
6152
53432
18
2586
5879
642
516
1472
402
489
20
11
9082
277
5879
341
373
20
3210
2586
954
38474
341
6085
382
8311
16
8696
277
2746
341
386
539
436
1347
77647
306
312
625
28090
16
689
277
11057
1993
4059
3285
37438
16
697
530
361
778
304
2687
37438
344
4120
680
9405
6772
18
2209
6035
386
352
1450
1465
304
1682
26649
5912
16
539
2299
265
699
65293
1154
18
2952
16
539
851
569
277
12688
1154
1682
129966
2907
184257
386
8877
1682
26649
5912
12775
18
8049
1465
304
1682
26649
5912
18948
969
1902
65293
306
969
1902
11057
18
2586
840
4835
243222
382
27872
16
277
38474
5563
4309
382
23928
386
277
1310
18048
16
9745
903
341
265
717
30495
4264
30
461
38474
19720
5463
499
225
20
304
5879
24273
18
2209
277
2783
539
1587
341
499
1033
21
304
1033
22
24273
18
1437
1033
21
351
225
21
16
1232
1682
26649
5912
12
20
13
4059
225
20
18
2209
225
20
341
516
297
277
2783
16
689
969
14387
4455
2428
361
2223
648
1386
37438
16
2687
37438
65
592
1219
37438
33
20
18
2952
16
1219
37438
341
468
2750
225
21
16
713
1850
6085
18
2586
68993
341
4309
382
2608
1065
592
1033
21
351
225
20
35
3557
6751
382
8311
16
8696
277
2746
341
386
277
38474
4059
5463
402
14387
4455
297
2783
689
386
569
17156
27740
936
277
5879
4354
16
306
539
1008
304
1994
277
5772
14387
4455
302
277
1435
2142
6152
53432
18
2952
16
4924
277
1656
382
27872
16
2964
117412
382
25790
277
2615
341
2920
304
277
68437
5637
30
461
38474
5119
1577
28157
468
1450
2457
18
2209
539
436
24284
68437
19720
18
2952
16
277
1193
539
1008
341
68437
28157
18
2586
4924
6772
18
2209
8696
277
38474
494
15338
6714
225
21
592
4550
12413
16
306
539
919
68437
18
2586
616
19720
436
68437
28157
18
2586
2522
5052
341
68437
28157
382
2608
277
1310
36033
225
17078
16
697
341
2336
936
28157
16
713
68437
4007
3910
18
2586
592
954
38474
6714
2761
1625
16
1850
516
1060
68437
382
44125
903
341
387
13304
420
20689
77647
35
3557
4164
382
19477
15698
277
38474
2363
717
14316
1375
1847
1682
26649
5912
5311
808
30
1284
13
2649
853
638
298
307
351
6441
5311
808
994
298
499
136060
1250
312
625
28090
300
298
1029
80
625
28090
20399
6118
15298
465
298
917
65293
40815
30
853
16
13334
30
4989
16
3285
37438
30
853
13
2649
853
638
348
592
912
1377
307
638
454
758
225
21
592
1219
37438
6758
3285
37438
6758
2687
37438
1625
225
20
300
348
4753
351
853
5311
808
74686
6577
592
13334
1625
225
29
203
348
2983
351
225
20
203
348
352
282
297
2783
124651
692
225
21
2407
454
699
872
502
351
13334
306
344
72
1377
4753
465
454
699
37438
351
3285
37438
692
282
203
454
592
699
37438
1518
2687
37438
638
615
4622
203
454
2983
351
344
12815
692
65293
40815
692
225
21
16
699
872
502
16
699
37438
1149
1577
28157
203
348
758
2983
300
298
758
65293
12
20
16
7143
16
225
20
994
2608
6035
30
461
6307
489
1386
37438
11
306
489
4956
37438
11
436
1161
5451
65293
16
689
724
436
516
7895
396
10235
31
724
436
19053
499
277
12688
1154
1682
26649
5912
35
26128
16
1682
26649
5912
341
5047
5451
1682
129966
2907
184257
16
713
411
674
2318
304
1219
37438
16
2687
37438
499
277
12688
192497
5938
18
9405
6772
382
2608
903
341
265
30495
11336
30
461
38474
5119
1219
37438
306
2687
37438
499
277
12688
1154
16
689
724
436
277
1656
352
1804
8877
304
1682
26649
5912
18
9405
6772
382
2608
8696
277
38474
341
53786
27946
5463
386
569
14387
4455
7662
297
2783
16
689
539
1008
304
1994
386
277
1435
1998
361
2223
648
2258
21
16
1033
22
1807
9405
3410
498
68993
382
8311
16
3097
1011
277
1310
4759
35
99008
1480
277
38474
5119
77647
306
277
5879
14580
436
2927
16
689
175676
77647
8597
341
20672
382
2608
8696
903
341
387
4264
402
277
57687
30
461
11057
1993
4059
3285
37438
16
697
530
361
778
304
225
4120
16
689
277
1435
302
5267
341
912
344
26720
1336
733
13334
344
22
733
3285
37438
344
26720
4120
13
351
819
225
1336
14
22
14
14822
351
5907
1145
24194
16
697
341
2164
18
2586
57687
341
6772
382
2608
8696
277
2746
341
386
277
38474
494
13334
4550
341
53786
11029
30
699
872
502
351
13334
306
344
72
1377
4753
680
2952
16
890
13334
341
8077
16
4753
341
225
29
16
306
282
1377
4753
874
361
7143
352
282
33
29
18
5489
699
872
502
351
8077
306
344
72
582
29
13
351
8077
18
9405
6772
18
2209
890
13334
341
7143
16
4753
341
5879
74686
2315
306
539
867
699
872
502
351
13334
306
344
72
1377
4753
680
9405
4309
382
2608
903
341
265
122221
30
461
4550
373
78152
306
344
72
1377
4753
15932
890
13334
341
7143
16
592
282
1377
4753
16
699
872
502
30628
7143
31
1625
7883
8077
18
9405
4309
382
8311
16
1065
819
277
1690
1207
13334
341
7143
306
539
59689
282
499
225
20
304
4753
24273
18
9405
4309
382
27872
38474
5563
4309
382
25790
277
2615
341
386
539
436
1347
312
625
28090
2142
38800
277
3815
16
689
1850
6772
382
25790
277
4264
341
386
539
436
1347
277
1656
6307
1227
489
14627
11
5451
1682
26649
5912
306
851
1347
411
396
7411
304
853
5311
808
74686
23923
9405
6772
382
44125
277
38474
18048
352
5463
386
569
14387
4455
7662
6792
304
1219
37438
420
2687
37438
16
689
277
4550
373
359
1219
37438
6758
3285
37438
6758
2687
37438
6
468
15338
4059
24005
16
713
6772
382
25790
277
4264
341
386
539
436
516
11532
277
1435
225
20
12989
352
277
3598
5879
68993
890
1033
21
17
21
341
225
20
35
2209
4924
6772
382
19477
1310
402
277
3018
25389
1310
1347
7498
15376
35
3557
2731
18
2209
539
530
2050
304
1761
302
3242
1115
14530
20740
30
461
38474
19720
5463
499
225
20
304
5879
24273
18
1563
5879
351
373
23
24640
5460
21058
25029
21452
9718
24653
728
386
4059
5463
778
304
386
1333
18
1563
5879
351
373
23
24640
5460
21058
25029
21452
9718
27391
728
4059
778
304
386
1333
18
2586
5052
6632
5463
7662
6792
304
373
23
24640
5460
21058
25029
21452
9718
27391
26471
41729
5052
1011
1682
5463
6792
304
1033
21
1094
16
1480
1682
26649
5912
18075
22
13
4059
1033
21
16
306
1682
26649
5912
18075
21
17
21
13
74951
411
18
2586
592
903
341
7662
730
1435
468
1033
21
386
34494
14387
4455
4550
16
411
1196
361
33649
18
2586
277
1310
36033
225
17078
5463
297
277
12601
18
2586
954
38474
1196
8138
225
17078
382
8311
16
8696
277
38474
674
265
11336
297
277
13334
13667
386
7815
411
304
1091
8227
420
898
8227
352
5463
4549
277
5879
382
19477
2050
265
31420
49010
1690
30
19001
1033
21
351
373
7366
728
1033
22
351
373
3523
728
1219
37438
33
26
16
2687
37438
33
1028
18
461
4655
1682
341
225
28
18
16473
17208
20488
277
5463
499
225
7366
304
225
3523
1375
7366
30
14387
4455
225
28
2649
297
2783
35
225
26
26720
28
26720
1028
12035
388
6338
30
29
12035
388
7563
30
622
12035
388
7421
30
807
12035
388
2232
30
740
12035
388
5569
30
1068
12035
388
2970
30
992
12035
388
3523
30
883
12035
18
9405
225
28
5463
18
2586
38474
1196
3050
225
28
382
8372
38474
352
7866
5879
373
3523
6
30774
3598
5879
17
21
373
2196
3210
16473
17208
1682
26649
5912
711
3523
2191
306
1682
26649
5912
711
2196
75762
2110
530
1310
38474
352
1131
25573
304
1565
592
411
22699
4309
5052
18
1283
530
20488
17208
38474
352
373
3523
6
306
373
2196
3210
2209
8696
539
530
37687
6697
382
7974
16
17208
1682
26649
5912
711
3523
2191
352
1219
37438
33
26
102940
37438
33
1028
382
61792
3138
265
7498
38474
35
22547
361
3410
689
2428
361
42362
18
2209
539
530
3368
30
7517
2687
37438
33
1028
306
1219
37438
33
26
16
1210
5463
778
304
225
3523
569
14387
4455
2223
492
2783
35
41729
14387
4455
2687
352
225
3523
341
225
27
15
28
33
883
16
697
341
6758
1028
18
2586
616
5463
499
225
20
304
225
3523
569
14387
4455
6758
883
16
697
341
6743
26
35
41729
225
20
568
25
569
14387
4455
460
26
18
2586
5463
402
14387
4455
1360
225
26
306
225
883
24273
18
2586
1682
26649
5912
711
3523
2191
19720
5463
225
20
568
3523
402
14387
4455
6743
26
18
3483
4059
5463
499
225
26
778
304
225
3523
16
689
910
5463
402
14387
4455
460
26
344
7846
225
20
17
25
16
622
35
225
622
4455
33
21
16
4115
5854
2586
2983
5463
499
225
20
304
225
3523
24273
351
225
5293
5463
18
149389
1731
402
14387
4455
460
26
382
8311
16
1682
26649
5912
711
2196
2191
19720
5463
225
20
568
2196
402
14387
4455
6743
26
382
69968
351
5463
225
7366
568
3523
402
14387
4455
6743
26
18
7517
616
5463
225
7366
568
3523
569
14387
4455
6743
28
16
724
436
616
33649
18
2586
5052
1196
361
225
28
18
2586
592
38474
12989
19720
5463
225
20
568
50
402
14387
4455
6743
26
16
411
1196
831
382
8311
16
13640
17208
1682
26649
5912
711
2196
2191
20488
35
3557
4778
382
2608
539
530
1310
38474
352
373
2196
6
306
373
3523
6
304
1565
592
411
22699
4309
18
2952
16
4183
20488
352
1131
2164
5463
2428
361
123611
689
845
54781
18
2209
539
530
4602
265
4374
7498
6775
35
3557
2731
382
23928
386
277
2164
1310
4027
4164
1717
344
1833
2363
4059
1019
297
2292
733
277
8221
341
1094
352
277
2927
1690
18
2586
9745
277
4264
341
402
3892
35
2209
277
38474
1196
361
5128
382
25790
277
4264
341
386
277
77647
5119
312
625
28090
16
689
277
11057
1993
4059
3285
37438
16
697
530
361
778
304
2687
37438
18
2952
16
277
2687
37438
530
361
778
304
225
4120
16
697
341
6772
18
2209
277
1435
302
5267
341
64594
382
27023
903
361
265
9144
13304
2920
304
77647
8597
35
2523
382
25790
277
2746
341
386
539
436
1347
175676
77647
306
277
5879
14580
436
1423
344
848
304
225
1336
680
9405
6772
382
25790
277
4264
341
386
539
436
1347
312
625
28090
366
265
1154
386
674
265
54021
2739
35
2523
382
13617
3592
30
461
38474
5119
277
1656
1219
37438
306
2687
37438
352
1804
8877
16
689
4924
6772
382
2608
1065
819
277
1689
386
277
38474
19720
5463
402
14387
4455
7662
297
648
1386
37438
16
2687
37438
2315
689
277
1154
6382
14387
37438
3974
13
1360
1219
37438
306
2687
37438
24273
18
9405
277
1656
382
25790
277
2615
341
386
277
38474
494
15338
4550
5119
3285
37438
16
689
3285
37438
341
277
4455
302
27740
15267
713
3312
16
697
4059
616
27740
18
2952
16
352
5463
402
6152
53432
16
277
4455
4059
53432
16
713
1850
277
1656
18
2586
6772
382
2608
903
341
265
3242
11336
30
461
38474
5119
277
6307
489
14627
11
499
277
12688
192497
7273
18
2209
592
539
1465
1682
26649
5912
4347
3041
402
1497
25573
16
1450
1465
18948
265
699
65293
402
969
1902
24609
898
5879
18
9405
6772
382
8311
16
8696
277
2746
341
386
539
436
516
11532
277
1689
386
277
5463
436
12240
396
14580
2142
6152
53432
18
610
277
38474
16
890
539
436
468
277
1058
14387
16
539
2617
282
33
20
16
697
21062
304
5463
402
17156
27740
18
9405
6772
18
2952
16
1414
277
38474
12989
5203
277
1690
1207
277
5879
674
4354
307
16
306
539
2617
5463
402
17156
27740
35
8520
16
1480
6152
53432
436
6751
382
2608
341
903
839
14393
386
277
1435
1150
1196
516
569
6152
53432
35
2523
16
1850
1060
387
11795
18
2586
1850
6772
382
8311
16
8696
277
1310
36033
386
277
14387
4455
341
19377
366
277
19229
11183
2142
6152
53432
18
3483
341
1065
539
436
4183
1480
6152
53432
919
7810
304
277
4455
18
2586
1656
382
27872
16
277
38474
1196
361
4309
382
23928
277
8221
16
9745
903
341
387
11795
13176
2615
30
610
1682
26649
5912
16
539
17208
853
5311
808
74686
6577
1451
3041
18
9405
6772
382
2608
8696
277
5879
14580
436
9283
1423
344
7846
225
1336
27740
13
306
277
77647
402
57687
4229
16
689
277
1310
36033
265
3018
1435
386
341
516
11841
1480
302
387
1115
14530
20740
297
277
14387
4455
25284
30
461
38474
5119
1219
37438
306
2687
37438
499
277
12688
1154
16
689
277
12688
192497
1219
37438
306
2687
37438
436
6842
18
2952
16
6035
386
277
38474
494
15338
4550
16871
592
3285
37438
341
2223
648
1386
37438
16
2687
37438
1807
2209
1065
592
3285
37438
33572
2687
37438
1919
277
77647
35
1283
569
265
2292
699
37438
1518
2687
37438
30
4622
18
2586
539
3042
704
17973
592
4455
33572
2687
37438
18
9405
4309
382
2608
1065
819
3285
37438
1610
2336
936
1219
37438
35
1283
1907
83337
3836
16
539
1094
83337
890
1518
2687
37438
18
9405
6772
382
2608
903
341
265
122221
30
461
38474
19720
5463
499
225
20
304
5879
24273
16
689
1414
411
1682
5463
386
569
14387
4455
7662
2223
2783
1571
592
277
1435
674
6152
53432
35
9405
6772
382
8311
16
9745
277
4264
341
386
277
38474
5119
77647
306
312
625
28090
16
689
277
11057
1993
4059
3285
37438
16
697
341
387
11795
16
689
277
11057
530
361
8730
592
3285
37438
23633
11826
18
2952
16
539
83337
890
699
37438
1518
2687
37438
16
713
3285
37438
3042
33572
2687
37438
18
2586
1850
5885
382
2608
8696
903
341
265
11336
30
610
277
38474
16
539
911
489
25665
351
853
5311
808
74686
6577
592
13334
1625
225
29
6627
5489
539
9284
282
297
2783
124651
15
21
680
1563
1450
282
16
539
17208
699
872
502
351
13334
306
344
72
1377
4753
680
2952
16
6035
386
890
13334
341
7143
16
4753
341
5879
74686
1807
1437
282
1377
4753
16
699
872
502
351
7143
306
7143
351
7143
18
1437
282
460
4753
16
699
872
502
351
7143
306
8077
351
8077
18
9405
4309
382
2608
1065
819
277
1690
1207
13334
341
8077
35
5489
4753
351
225
29
16
306
699
872
502
351
8077
306
344
72
1377
225
29
13
351
8077
18
2586
699
872
502
8320
8077
18
9405
4309
382
27872
38474
5563
4309
382
23928
277
8221
16
9745
277
2615
341
386
277
38474
5119
277
1656
1219
37438
306
2687
37438
352
1804
1682
26649
5912
8877
16
689
277
2783
341
277
1656
16
713
6772
382
25790
277
4264
341
386
277
38474
19720
5463
499
225
20
304
5879
24273
16
689
277
2783
539
1008
341
499
1033
21
304
1033
22
24273
18
2952
16
592
1033
21
351
225
21
16
1682
26649
5912
12
20
13
4059
225
20
18
2209
225
20
494
14387
4455
341
225
20
16
697
341
516
297
648
1386
37438
16
2687
37438
65
592
1219
37438
19105
21
18
2586
68993
341
4309
18
2209
1065
592
1219
37438
351
225
20
35
3557
6751
382
27872
16
2964
20017
382
25790
277
2746
341
386
277
38474
494
77647
5119
312
625
28090
16
689
277
1154
65293
341
5047
5451
1682
26649
5912
16
306
1682
26649
5912
341
2988
12775
18
8049
1465
18948
265
699
65293
402
969
1902
11057
18
9405
6772
382
2608
8696
903
341
265
3892
4264
30
461
38474
2428
361
2502
5983
352
277
2927
25573
35
2209
225
1336
27740
306
60860
1196
361
5128
382
10917
16
277
1310
4059
2927
25573
306
36033
265
1193
68437
28157
18
461
38474
1196
17208
411
6697
18
2586
516
4164
382
44125
277
11336
341
386
277
38474
1414
516
5203
277
1690
1207
5879
341
373
20
6
12989
35
2209
1033
21
6743
21
16
713
1033
21
17
21
1387
361
225
20
18
9405
265
3225
14387
18
5641
38474
1196
831
30
307
33
21
16
5879
63
20
116751
20
747
65293
12
20
183551
16
20
2738
4753
33
20
16
282
33
20
16
699
872
502
9139
16
699
37438
33
20
16
65293
12
21
183551
16
20
2738
15338
30
2292
1219
37438
26720
20
26720
4956
37438
18
7517
1219
37438
19105
21
16
6714
225
20
18
2586
1682
26649
5912
711
20
2191
33
20
18
9405
6772
382
8311
16
8696
277
1310
373
24
4990
29
728
22292
16
16972
2649
225
20
16
1480
14387
4455
2687
352
225
29
341
225
29
16
713
225
20
18
5641
38474
1011
758
225
20
1480
840
1435
297
2783
674
4455
297
386
1398
2783
18
9405
6772
382
54351
16
852
1310
4027
402
4655
225
20
1196
1717
382
27872
16
277
1094
25389
1690
341
277
2927
730
18
2586
9745
277
38474
341
4309
352
2164
306
7848
4027
16
689
18048
352
2927
2920
304
387
13304
420
77647
8597
35
3557
4164
382
19477
4638
18400
277
38474
2363
352
839
18291
7783
382
5158
3242
2615
30
610
277
38474
16
539
569
1375
1943
282
297
2783
124651
692
225
21
2407
298
699
872
502
351
13334
306
344
72
1377
4753
465
298
699
37438
351
3285
37438
692
282
203
298
592
699
37438
1518
2687
37438
638
348
4622
203
298
2983
351
344
12815
692
65293
40815
692
225
21
16
699
872
502
16
699
37438
1149
1577
28157
300
2608
6035
30
461
6307
489
25665
11
341
5047
396
853
5311
808
74686
6577
592
13334
1625
225
29
18
2586
890
13334
341
7143
16
4753
351
5879
74686
1807
5489
297
277
9284
16
539
569
4550
699
872
502
351
13334
306
344
72
1377
4753
680
2952
16
592
13334
341
7143
306
282
1377
4753
16
699
872
502
351
7143
18
2209
592
13334
341
8077
16
4753
351
225
29
16
306
699
872
502
351
8077
306
344
72
1377
225
29
13
351
8077
18
9405
6772
382
2608
903
341
265
30495
11336
30
2973
13334
341
7143
16
4753
351
5879
74686
1807
2952
16
277
4550
344
72
1377
4753
13
5119
277
6307
4753
697
341
277
1843
14387
494
5879
18
9405
4309
382
2608
1065
819
890
13334
341
8077
35
5489
4753
351
225
29
18
461
4550
699
872
502
351
13334
306
344
72
1377
4753
13
351
8077
306
344
72
1377
225
29
13
351
8077
15470
18
2586
1850
6772
382
27872
38474
5563
4309
382
25790
277
11336
341
386
539
436
1347
489
14627
11
6307
5451
65293
16
689
489
14627
11
341
265
7273
302
1682
26649
5912
18
2952
16
6035
386
297
1682
26649
5912
16
539
8483
65293
5451
16
306
539
5256
5879
74686
65
5451
65293
18
9405
6772
1480
5879
341
19053
499
277
107458
9480
18
2952
16
903
341
265
202267
30
461
6307
489
14627
11
341
265
1794
16
306
539
436
30912
969
8210
498
3591
18
9405
6772
382
2608
8696
277
4264
341
386
539
436
1347
312
625
28090
16
306
277
1154
65293
10549
366
5879
16
689
5879
341
516
265
7273
31
1850
265
24609
6307
18
2952
16
277
11057
1993
1414
516
2549
5879
16
689
2650
5879
341
6842
352
277
19905
302
277
65293
1154
344
1833
1465
304
1682
26649
5912
733
1850
20672
18
8801
1450
1465
304
1682
26649
5912
12651
265
699
65293
1154
402
969
1902
24609
898
969
1902
5879
18
2586
57687
4229
382
27872
16
277
7878
5563
4309
382
23928
386
277
1310
18048
16
8696
903
341
265
80431
30
461
2746
2428
361
386
277
14387
4455
341
19377
366
277
1435
1150
16
516
366
969
11183
402
265
6842
1435
302
27740
18
2209
954
38474
1414
386
382
25790
277
4264
341
386
277
38474
4059
5463
402
6152
53432
16
697
1387
3866
5463
1013
225
409
1424
20
304
361
33649
396
225
20
16
689
4924
6772
382
2608
9745
277
2746
6382
386
277
5463
361
12240
2142
6152
53432
16
306
539
1196
516
1682
5463
402
6152
53432
396
8156
18
2952
16
954
38474
1414
516
4638
32564
1480
1450
11795
674
265
4936
11183
402
265
6842
4354
344
1833
5879
4354
13
890
84267
402
6152
53432
18
2586
1450
11795
341
12240
7662
3984
18
2586
1850
6772
382
20822
30
22547
903
361
265
4638
244764
4264
35
1563
2024
16
1994
5879
351
373
740
3210
461
11795
225
21
530
361
12240
396
373
555
6
344
359
539
11743
304
4354
225
22
13
420
396
373
21
6
344
359
539
1994
6307
4354
680
610
954
38474
16
539
1094
1994
26686
302
7662
4354
307
344
1833
5879
4354
680
2586
225
21
341
12240
396
373
555
3210
9405
4936
18
2586
1850
6772
382
27872
16
840
4638
244764
382
25790
277
4264
341
386
277
38474
5119
77647
306
312
625
28090
16
689
277
11057
1993
4059
3285
37438
16
697
341
387
11795
18
2952
16
6035
386
3285
37438
530
361
778
304
2687
37438
16
689
2687
37438
530
361
396
1398
396
225
4120
18
9405
6772
382
2608
903
341
265
3242
3892
4264
30
461
38474
874
17208
1451
5267
16
689
4924
20672
382
8311
16
8696
277
2615
341
386
539
436
516
13667
277
68437
12989
352
68993
30
1283
589
344
8227
22
506
1682
21
13
1577
28157
18
2209
1682
22
306
1682
21
436
3402
68437
28157
18
2952
16
592
277
1641
19720
1173
498
265
4347
302
28157
16
277
5052
68437
28157
1011
361
225
20
16
689
277
1641
5052
2428
361
1713
41872
689
2336
936
28157
35
41729
592
1641
5052
341
28157
16
1232
68437
28157
1011
361
225
20
16
689
277
1641
5052
341
28157
16
697
341
118215
304
225
20
893
28157
16
713
277
3032
68437
28157
1196
361
225
20
18
9405
6772
18
2209
592
1641
5052
341
2761
1625
16
277
68437
5052
341
4309
18
2586
1850
6772
382
2608
8696
539
1008
304
5646
68437
1325
68993
2142
68437
304
277
18204
19720
35
2209
386
4007
5002
382
8311
16
8696
277
4264
341
386
277
38474
494
15338
4550
5119
1219
37438
306
2687
37438
16
689
1731
436
5047
297
277
12688
1154
18
2952
16
6035
386
277
38474
1154
341
5047
5451
1682
26649
5912
16
697
341
5047
5451
1682
129966
2907
184257
18
2586
1219
37438
306
2687
37438
436
19053
499
1682
129966
2907
184257
494
5938
18
9405
6772
382
2608
1065
819
277
1689
386
277
38474
341
5047
402
277
1656
1219
37438
306
2687
37438
352
1804
8877
16
689
8696
277
1154
341
12762
304
361
2988
402
1497
1219
37438
306
2687
37438
352
1450
1465
35
2523
16
1850
277
1656
382
23928
277
8221
16
342
18294
277
38474
2428
569
387
1115
14530
20740
2615
297
277
14387
4455
2783
30
461
38474
4059
5463
402
14387
4455
7662
2687
37438
16
689
8696
277
4550
1196
361
6758
2687
37438
16
697
539
569
18
2491
8696
539
1008
304
29082
5463
402
14387
4455
1518
2687
37438
16
697
539
589
382
25790
277
2746
341
386
277
38474
5119
277
5879
1794
396
2688
16
689
352
277
3598
5879
68993
16
539
17208
1682
26649
5912
18075
21
17
21
680
2952
16
1065
592
1033
21
341
2761
1013
373
21
937
26471
5489
1033
21
17
21
351
373
4542
3210
2209
6035
386
1033
21
17
21
2428
569
17156
27740
936
1033
21
18
610
954
2363
16
539
7046
1033
21
10013
304
853
16
57859
225
21
16
1232
7046
1132
304
1284
18
957
642
6496
265
1794
2142
6152
53432
16
402
4354
11568
2336
936
4607
1033
21
4354
18
9405
6772
1480
1682
26649
5912
36033
265
1794
15739
265
1435
16
306
411
4229
352
14580
302
839
4354
18
1563
2024
16
592
1033
21
351
373
21
937
728
1033
21
17
21
351
373
4542
728
4354
225
23
18
9405
6772
18
461
38474
352
373
4542
6
642
1682
5463
499
225
20
304
225
4542
24273
18
9405
4309
382
2608
903
341
265
122221
30
2973
539
17208
1682
26649
5912
18075
22
13
306
1682
26649
5912
18075
21
17
21
733
724
874
569
1497
31051
18
9405
6772
31
277
38474
4229
352
839
4354
382
8311
16
8696
277
4264
341
386
277
38474
5119
277
5879
1794
396
341
16
689
277
2783
648
2258
21
16
1033
22
65
341
24273
18
5641
68993
1557
22699
277
4309
1682
1480
1682
26649
5912
5311
808
13
19720
5463
499
225
20
304
5879
24273
18
2586
1682
26649
5912
18075
22
13
506
1682
26649
5912
18075
21
17
21
13
351
5463
297
344
2258
21
17
21
16
1033
22
65
351
648
2258
21
16
1033
22
1807
2586
4309
382
8311
16
8696
277
1310
36033
265
1497
16340
30
461
5463
1150
1196
22465
1033
21
6758
1150
6758
1033
22
16
689
851
277
14387
4455
302
1150
1998
361
1360
1219
37438
306
2687
37438
18
9405
1065
539
1645
382
23928
277
8221
16
9745
903
341
265
20511
297
277
38474
494
13667
302
277
14387
4455
890
277
1435
674
6152
53432
18
1563
2024
16
1994
277
1435
225
20
12240
396
373
409
6
352
5879
373
740
3210
10262
14387
4455
341
225
20
18
9405
6772
18
2209
1065
819
5463
1013
373
2113
26471
9405
225
25
16
4455
33
25
18
9405
6772
382
8311
16
8696
277
4264
341
386
277
38474
494
77647
5119
265
352
9284
898
282
499
225
20
304
4753
24273
18
957
4059
277
1690
1207
539
5857
265
14387
2336
936
277
5879
14387
890
13334
341
7143
16
697
3672
277
1435
2336
936
5879
16
306
277
10652
27740
530
361
4907
344
20
17
29
680
9405
4309
382
2608
903
341
265
122221
30
2973
13334
341
7143
16
539
867
4753
351
5879
74686
1807
2952
16
297
277
9284
16
539
851
17208
699
872
502
351
13334
306
344
72
1377
4753
680
957
341
4309
18
2209
1065
819
890
13334
341
7143
306
282
1377
4753
16
539
4317
13334
31
7494
16
539
3456
516
13334
18
9405
4309
382
8311
16
8696
277
38474
18048
352
1586
2927
25573
1480
302
175676
77647
8597
35
225
1336
341
6772
382
25790
277
4264
341
386
539
436
1347
312
625
28090
2142
38800
2687
6118
16
689
4924
6772
382
25790
277
4264
341
386
539
436
1347
277
1656
1154
65293
3796
4347
8877
304
1682
26649
5912
35
2523
16
1450
1465
18948
265
699
65293
382
8311
16
13640
1994
277
12634
386
277
38474
494
57687
341
12267
387
4264
1480
277
11057
1993
4059
3285
37438
16
697
341
387
11795
16
689
3285
37438
530
361
778
304
225
4120
18
9405
6772
382
2608
8696
277
2746
341
386
277
38474
494
77647
5119
277
1656
1154
2168
352
1804
1682
26649
5912
8877
35
41729
16
1450
1465
304
1682
26649
5912
18948
265
699
65293
1154
16
713
724
436
8156
18
2586
57687
341
621
1465
382
27872
16
2964
186000
382
25790
277
11336
341
386
539
436
516
13667
277
1690
1207
1219
37438
341
5762
936
2687
2731
14387
4455
352
277
5879
35
3483
1011
3866
1682
26649
5912
304
758
225
20
352
839
5879
18
9405
6772
382
2608
277
2927
1310
1690
674
1219
37438
33
10942
16
2687
37438
33
16649
18
1563
5463
778
304
225
1336
27740
16
2687
14387
4455
341
225
1336
14
29
33
11529
16
713
225
16649
341
2223
18
2586
903
436
5463
402
14387
4455
297
386
2783
18
461
12601
648
23
24640
5460
21058
25029
21452
9718
27391
16
225
27
25268
28208
16035
26709
28026
26122
14575
65
341
8730
16
689
1094
225
17078
5463
569
14387
4455
297
386
14522
2783
18
2586
954
38474
1196
17208
386
12989
382
25790
277
38474
341
9546
910
5463
1480
302
60860
30
461
38474
1094
10995
592
699
37438
6758
2687
37438
18
9405
4309
18
2209
1065
819
277
1690
1207
699
37438
341
2336
936
1219
37438
689
3735
27740
1387
3764
411
304
3655
1219
37438
35
461
38474
1414
516
83337
890
699
37438
460
1219
37438
31
411
10995
18
2586
4924
6772
382
8311
16
8696
277
38474
341
9546
5463
1480
411
5119
265
6842
4354
307
16
306
890
277
5879
674
6152
14387
225
20
35
2209
25573
436
35576
14580
2142
6152
53432
16
713
1058
14387
341
1713
41872
18
2586
6772
382
13617
3592
30
461
38474
5119
277
5879
1794
396
2688
16
689
352
277
3598
5879
68993
16
539
17208
1033
21
17
21
18
2952
16
1065
592
1033
21
341
373
21
26471
5489
1033
21
17
21
351
373
20
3210
9405
6772
18
2209
1065
592
1033
21
341
373
21
937
26471
5489
1033
21
17
21
351
373
4542
3210
461
4354
302
373
4542
6
341
225
23
16
1706
1033
22
2428
361
5198
16
2132
373
622
937
6
344
25
27740
680
610
1682
26649
5912
18075
22
733
307
33
25
16
306
1682
26649
5912
711
4542
2191
674
307
33
23
18
9405
20672
31
277
38474
28506
1497
31051
382
2608
903
341
265
3242
4264
30
2973
539
17208
1682
26649
5912
18075
21
17
21
733
539
436
27946
5463
499
225
20
304
1033
21
17
21
24273
18
9405
4309
382
8311
16
8696
277
11336
341
386
277
38474
5119
277
5879
1794
396
341
16
689
890
539
17208
1682
26649
5912
18075
21
17
21
733
539
2428
1008
304
1994
386
1033
21
17
21
2428
569
6152
53432
592
539
1587
304
3822
31051
35
3557
4494
382
23928
277
8221
16
9745
539
1196
1310
277
38474
402
277
2164
4027
304
1565
592
724
1717
18
461
2292
4059
70305
352
2164
4027
30
373
21
4990
740
728
21
16
28
2649
225
807
31
373
21
4990
25
728
21
16
25
2649
25
31
373
21
4990
21
728
21
16
21
2649
21
31
373
7366
4990
3523
728
26
16
1028
2649
28
31
306
3313
53432
18
2586
592
954
38474
18048
352
277
2927
1690
16
411
4164
19553
277
2164
6299
18
2209
277
4381
2363
539
3419
1196
1717
1731
16
1480
539
10753
38278
352
1058
1217
18
461
852
2164
6299
539
12831
10753
16
689
4164
1717
382
2608
277
8221
341
1094
352
277
2927
730
18
2586
8696
277
38474
674
387
4264
402
1586
2927
25573
1480
302
277
1528
539
5203
277
1794
13176
35
2491
8696
277
38474
494
77647
341
2502
5731
35
2523
382
25790
277
4264
341
386
539
436
1347
175676
312
625
28090
16
697
5119
11924
302
10235
18
461
10235
2549
3285
37438
697
341
387
853
16
13334
697
341
4989
16
912
697
341
853
18
9405
6772
382
2608
903
341
265
202267
30
461
38474
1154
341
5047
5451
1682
26649
5912
16
306
1682
26649
5912
341
2988
12775
18
8049
1465
12651
265
699
1154
2168
402
969
1902
11057
18
2952
16
277
11057
1993
4059
277
5879
35
2523
16
5879
341
19053
3874
24609
16
516
396
7411
18
2586
57687
341
2387
1094
366
344
1084
16
13334
16
3285
37438
680
9405
6772
1480
5879
341
6842
352
386
1465
382
8311
16
1065
819
277
1689
386
277
38474
5119
77647
306
539
436
11551
65293
1451
3041
18
9405
6772
382
23928
277
8221
16
8696
539
1196
1994
387
8081
4158
30
911
38474
402
42626
1701
366
344
1084
16
13334
16
4455
13
689
9745
539
1008
304
5203
277
1689
386
277
5463
436
2927
306
277
38474
874
361
2502
5983
2920
304
1451
5267
35
2209
225
1336
14
22
14
14822
351
225
1145
24194
5267
16
1450
142157
898
778
304
225
622
27740
16
713
819
225
16520
79
7154
16
39154
382
4892
3892
516
387
4264
382
25790
277
4264
341
386
539
436
1347
277
1656
1154
1227
489
8227
26649
5912
11
306
489
56722
11
297
1450
1465
16
689
4924
6772
382
25790
277
11336
341
386
539
436
516
1347
68437
12989
890
83084
35
1283
589
344
8227
22
506
1682
21
13
1577
28157
18
2209
1682
22
306
1682
21
436
3402
68437
28157
18
2952
16
592
1682
22
460
1682
21
2920
304
68437
18523
16
277
5052
874
361
6484
1714
68437
16
689
539
5646
1577
28157
16
7859
265
4898
1435
386
341
118215
304
277
1641
5052
68437
28157
18
2209
341
411
2731
386
277
1641
5052
341
516
118215
304
344
8227
22
506
1682
21
13
1577
28157
35
16473
15698
1375
6021
1641
22
351
5772
1682
352
7866
5879
16
1641
21
351
5772
1682
352
3598
5879
388
2110
17208
1682
22
351
1641
22
1577
28157
16
1682
21
351
1641
21
1577
28157
388
2110
1587
1193
351
344
4282
22
506
1641
21
13
1577
28157
388
8311
16
344
8227
22
506
1682
21
13
1577
28157
351
344
4282
22
1577
28157
506
1641
21
1577
28157
13
1577
28157
388
2110
1008
304
2292
592
492
25782
344
4282
22
506
1641
21
13
1577
28157
18
7517
344
69
1577
28157
506
290
1577
28157
13
1577
28157
351
344
69
506
290
13
1577
28157
16
1480
68437
40743
341
8162
18
20987
16
344
69
1577
28157
506
290
1577
28157
13
1577
28157
351
4684
69
506
290
13
1577
28157
692
28157
13
1577
28157
35
16473
11638
30
4214
265
351
4787
21
14
43052
692
423
21
16
290
351
4787
22
14
43052
692
423
22
16
402
225
20
6758
423
21
16
423
22
460
28157
18
5489
265
9
43052
351
423
21
16
290
9
43052
351
423
22
18
344
86
21
506
423
22
13
1577
28157
351
344
86
21
506
423
22
692
28157
13
1577
28157
18
6013
344
69
506
290
13
351
344
85
21
40381
22
5708
43052
692
344
86
21
506
423
22
680
2586
344
69
1035
13
1577
28157
351
344
86
21
506
423
22
13
1577
28157
18
2586
12035
16
724
436
6792
18
2586
68437
68993
341
4309
382
27872
16
840
4264
382
25790
277
4264
341
386
539
436
516
11532
277
1689
386
277
5463
436
2688
396
14580
16
306
539
1196
2489
1019
396
19229
5463
2142
6152
53432
18
5641
38474
1414
386
382
23928
277
8221
16
9745
539
1196
316
218850
277
38474
494
7878
352
67848
7478
277
14387
4455
302
5463
402
6152
53432
18
14994
265
1435
1013
225
25
12240
396
373
4662
6
297
265
225
23
57329
11183
18
10262
14387
4455
341
225
25
16
697
341
4309
18
2586
6772
382
2608
1065
819
277
1435
225
20
12240
396
373
937
26471
4455
33
20
18
33886
382
8311
16
8696
277
2746
341
386
277
38474
4059
5463
402
14387
4455
7662
297
2783
16
689
277
1154
36033
5463
1150
1175
386
14387
37438
3974
13
341
1360
1219
37438
306
2687
37438
16
689
1150
341
387
11795
18
9405
1065
539
569
382
44125
277
4264
341
386
277
38474
494
77647
5119
277
5879
1794
396
2688
16
689
277
5879
1794
874
569
717
936
730
14387
16
306
277
38474
4059
5463
402
6152
53432
386
436
3757
2336
936
277
5879
689
402
17156
27740
18
9405
4309
382
2608
1387
903
361
265
15277
1207
277
5879
1794
674
265
14387
386
341
225
20
16
306
539
2617
282
33
20
468
386
2413
16
689
386
10025
304
265
1435
386
674
6152
53432
35
9405
6772
382
8311
16
13640
1761
819
3242
79515
297
277
57687
30
461
11057
1993
4059
3285
37438
16
697
341
387
11795
18
2952
16
277
3285
37438
530
361
778
304
225
4120
16
689
277
38474
874
1465
65293
402
1451
1497
3285
37438
2911
18
9405
6772
382
2608
8696
277
4264
341
386
277
38474
5119
77647
306
175676
77647
4753
341
2674
16
689
8597
341
225
1336
16
6772
382
25790
277
4264
341
386
277
38474
494
352
9284
5119
2783
124651
692
225
21
680
2973
4753
341
225
29
16
4924
6772
18
2209
890
4753
341
265
2927
14387
344
73
1627
1278
225
29
733
2188
6772
382
8311
16
8696
277
11336
341
386
539
436
516
13667
277
1690
1207
5879
341
8295
35
3557
2731
382
23928
277
8221
16
2964
6857
304
18294
386
277
38474
2428
569
387
1115
14530
20740
297
277
14387
4455
2920
304
277
1689
386
539
2489
277
14387
4455
396
277
4455
302
616
27740
16
2291
6152
53432
16
689
277
1154
2428
2364
277
14387
4455
302
277
1435
2142
6152
53432
18
2952
16
386
341
277
1656
1480
6152
53432
919
7810
18
2586
840
5052
382
20822
16
1065
819
277
1435
225
20
35
887
674
14387
4455
225
20
18
9405
10358
382
27872
16
277
38474
1196
361
4309
382
25790
277
2746
341
386
539
436
516
11532
277
1689
386
277
5463
436
14580
16
306
539
1008
304
2489
1019
396
3089
32088
18
5641
38474
1414
386
382
2608
9745
277
38474
494
77647
341
2502
5731
1480
302
277
1435
302
27740
35
2523
382
25790
277
4264
341
386
277
38474
5119
312
625
28090
16
689
277
1154
65293
341
5047
402
10235
344
1084
16
13334
16
3285
37438
680
2952
16
277
13334
7411
341
265
4989
16
697
341
11924
547
18
9405
6772
382
2608
8696
903
341
265
3892
4264
30
461
38474
2428
361
2988
402
1451
1497
3285
37438
2911
16
689
277
11057
341
621
1465
16
713
1850
6772
382
45
1761
539
1008
304
13762
277
38474
498
3757
5206
411
38278
352
265
2164
1690
386
55421
277
2927
1690
35
3557
2731
382
25790
539
1196
1994
386
277
38474
2428
569
387
2615
297
277
13334
13667
890
13334
341
7143
306
4753
341
277
14387
18
1563
2024
16
592
539
569
5879
373
622
728
306
539
436
468
912
20
16
13334
9139
16
4753
33
21
18
1563
282
33
21
16
699
872
502
351
7143
306
344
21
582
21
13
351
7143
18
5489
468
912
21
16
13334
9139
16
4753
33
20
18
1563
282
22
499
225
20
304
225
20
16
539
704
304
15338
18
9405
4309
382
2608
1065
819
277
1690
1207
539
569
5879
373
1296
26471
3092
912
20
16
4753
33
21
18
1563
282
33
20
16
699
872
502
14040
16
1232
468
912
21
16
13334
14040
16
4753
33
29
16
4115
18
9405
4309
382
8311
16
8696
277
4264
341
386
539
436
516
13667
277
1690
1207
277
5879
1794
674
4354
225
21
306
539
569
304
1994
5463
402
386
4354
1094
18
9405
6772
382
23928
277
8221
16
9745
277
38474
494
77647
341
9546
910
5267
1480
539
436
1347
312
625
28090
2142
38800
277
3815
16
689
4924
6772
382
25790
277
4264
341
386
539
436
516
39905
277
11057
1360
8877
304
65293
35
2209
539
8483
65293
5451
1682
26649
5912
16
713
1450
1465
304
1682
26649
5912
12651
265
699
65293
402
969
1902
11057
18
2586
840
4835
68875
33381
382
2608
1065
592
1682
26649
5912
341
2988
4347
3041
499
277
12688
1154
35
887
341
2988
12775
18
9405
6772
382
8311
16
8696
277
2746
341
386
277
38474
5119
277
1656
6307
1227
489
56722
11
297
1450
1465
16
689
4924
6772
382
23928
277
8221
16
2964
6857
304
1761
386
277
38474
2428
361
4309
16
689
277
1310
36033
265
1497
3032
1480
302
265
236759
302
277
2746
18
16473
1412
277
2746
6434
1754
1375
6
4583
277
1435
302
32088
1150
1175
386
1033
21
6758
1150
6758
1033
22
306
1219
37438
6758
14387
37438
3974
13
6758
2687
37438
16
1207
14387
37438
3974
13
341
277
4455
302
27740
302
1150
2885
1383
4060
14387
37438
3974
13
341
277
4455
302
27740
302
1150
18
9405
4350
382
8311
16
277
1310
1690
373
23
24640
5460
21058
25029
21452
9718
27391
728
373
27
25268
28208
16035
26709
28026
26122
14575
728
225
10942
16
225
16649
2649
225
20532
24215
28662
344
3161
7977
1310
35
41729
903
341
265
1310
352
386
1690
3735
30
373
29413
24262
24326
28356
22590
12873
27880
728
373
22
12257
3966
15782
26179
14834
28920
23966
728
225
14919
16
225
12806
2649
225
20532
24215
28662
18
1533
2484
1310
30
373
29
28814
27353
13904
14919
20806
19039
23457
728
373
22
12257
3966
15782
26179
14834
28920
23966
728
225
2704
16
225
19436
2649
225
22658
26997
27950
18
1533
373
23
24640
5460
21058
25029
21452
9718
27391
728
373
27
25268
28208
16035
26709
28026
26122
14575
728
225
10942
16
225
16649
2649
225
17078
18
26128
16
903
436
4347
6292
297
2292
1154
18
16473
1568
1019
1375
21
18
3999
12578
711
21
728
373
740
728
225
21
16
225
28
13
1377
225
807
203
22
18
3999
12578
711
21
728
373
25
728
225
21
16
225
25
13
1377
225
25
203
23
18
3999
12578
711
21
728
373
21
728
225
21
16
225
21
13
1377
225
21
203
24
18
3999
12578
711
7366
728
373
3523
728
225
26
16
225
1028
13
1377
225
28
203
25
18
3999
12578
711
24
728
373
29
728
225
22292
16
225
16972
13
1377
225
20
203
26
18
3999
12578
711
1748
728
373
4306
728
225
948
16
225
2503
13
1377
225
20
203
27
18
3999
12578
711
26
728
373
29
728
225
15458
16
225
19727
13
1377
225
20
203
28
18
3999
12578
711
24
728
373
28
728
225
6701
16
225
24958
13
1377
225
20
203
29
18
3999
12578
711
2125
728
373
2125
728
225
1691
16
225
1773
13
1377
225
20
203
622
18
3999
12578
711
24
22460
15711
728
373
27
25763
22118
728
225
6419
16
225
14603
13
1377
225
20
203
807
18
3999
12578
711
2281
16035
27880
728
373
3298
15352
27612
728
225
20121
16
225
20696
13
1377
225
20
203
740
18
3999
12578
711
29413
24262
24326
28356
22590
12873
27880
728
373
22
12257
3966
15782
26179
14834
28920
23966
728
225
14919
16
225
12806
13
1377
225
20532
24215
28662
203
1068
18
3999
12578
711
29
28814
27353
13904
14919
20806
19039
23457
728
373
22
12257
3966
15782
26179
14834
28920
23966
728
225
2704
16
225
19436
13
1377
225
22658
26997
27950
203
992
18
3999
12578
711
23
24640
5460
21058
25029
21452
9718
27391
728
373
27
25268
28208
16035
26709
28026
26122
14575
728
225
10942
16
225
16649
13
1377
225
17078
203
883
18
3999
12578
711
23
24640
5460
21058
25029
21452
9718
27391
728
373
27
25268
28208
16035
26709
28026
26122
14575
728
225
10942
16
225
16649
13
1377
225
16611
15213
27745
300
20822
16
903
436
1217
70305
352
277
1656
15028
344
2734
225
992
306
1310
225
883
680
3483
5563
11700
18
14812
1850
265
103364
35
461
2292
1154
4059
1804
225
17078
306
225
16611
15213
27745
352
277
1656
15028
35
3483
4445
1804
361
1641
18
99008
277
1310
4027
436
1497
30
1310
225
992
2428
569
1497
5938
35
2209
724
436
16896
18
16473
316
25735
277
2292
1154
1375
5640
7
22708
1310
4027
203
5648
12578
711
21
728
373
21
728
225
21
16
225
21
13
1377
225
21
203
5648
12578
711
7366
728
373
3523
728
225
26
16
225
1028
13
1377
225
28
203
5648
12578
711
24
728
373
29
728
225
22292
16
225
16972
13
1377
225
20
203
5648
12578
711
1748
728
373
4306
728
225
948
16
225
2503
13
1377
225
20
203
5648
12578
711
26
728
373
29
728
225
15458
16
225
19727
13
1377
225
20
203
5648
12578
711
24
728
373
28
728
225
6701
16
225
24958
13
1377
225
20
203
5648
12578
711
2125
728
373
2125
728
225
1691
16
225
1773
13
1377
225
20
203
5648
12578
711
24
22460
15711
728
373
27
25763
22118
728
225
6419
16
225
14603
13
1377
225
20
203
5648
12578
711
2281
16035
27880
728
373
3298
15352
27612
728
225
20121
16
225
20696
13
1377
225
20
203
5648
12578
711
29413
24262
24326
28356
22590
12873
27880
728
373
22
12257
3966
15782
26179
14834
28920
23966
728
225
14919
16
225
12806
13
1377
225
20532
24215
28662
203
5648
12578
711
29
28814
27353
13904
14919
20806
19039
23457
728
373
22
12257
3966
15782
26179
14834
28920
23966
728
225
2704
16
225
19436
13
1377
225
22658
26997
27950
203
5648
12578
711
23
24640
5460
21058
25029
21452
9718
27391
728
373
27
25268
28208
16035
26709
28026
26122
14575
728
225
10942
16
225
16649
13
1377
225
17078
203
5648
12578
711
23
24640
5460
21058
25029
21452
9718
27391
728
373
27
25268
28208
16035
26709
28026
26122
14575
728
225
10942
16
225
16649
13
1377
225
16611
15213
27745
203
7203
60823
16
1217
16896
70305
402
1497
4655
2911
18
957
341
4164
265
20511
297
277
2746
6434
18
99008
730
302
1019
341
265
1497
1310
1690
386
540
5478
1965
171382
16
420
8696
277
1749
341
3757
352
265
1497
2783
35
2209
277
14580
436
277
1656
18
2586
903
341
100849
18
610
265
11279
17673
9010
16
277
6292
436
10358
18
5378
16
277
2292
1154
4059
73411
70305
18
3483
10334
386
9745
277
1749
40439
344
16611
15213
27745
13
341
277
4309
3032
16
306
225
17078
341
265
103364
35
2491
18742
41837
18
2491
8696
277
1154
1196
361
2988
12775
402
1497
10235
689
724
45089
277
1656
382
23928
386
277
4381
5842
7935
402
277
1058
302
1131
344
17078
13
1480
277
40439
352
225
17078
7935
18
3483
2767
277
38474
8938
2761
852
936
225
17078
16
306
277
2292
4655
225
17078
18
2586
277
1310
386
18048
341
277
730
31518
225
17078
18
2586
8696
277
4309
3032
352
386
1690
341
225
16611
15213
27745
16
306
277
225
17078
341
265
1483
32075
35
2209
277
2746
6434
4060
373
10112
616
277
6292
3210
461
6292
2549
1804
70305
18
2586
539
1008
304
22465
1804
16
697
341
13861
592
724
436
73411
18
8111
16
903
1998
361
265
20511
297
277
3419
2292
1154
18
99008
277
1749
40439
341
352
265
1497
8288
302
15028
16
689
724
846
53786
31862
18
2491
8696
730
302
1019
341
265
31579
499
265
1497
1310
1690
382
19477
15698
277
852
2927
1310
4027
30
373
29413
24262
24326
28356
22590
12873
27880
6
304
373
22
12257
3966
15782
26179
14834
28920
23966
6
402
1219
37438
33
14919
16
2687
37438
33
12806
6632
225
20532
24215
28662
18
1533
373
29
28814
27353
13904
14919
20806
19039
23457
6
304
373
22
12257
3966
15782
26179
14834
28920
23966
6
402
1219
37438
33
2704
16
2687
37438
33
19436
6632
225
22658
26997
27950
18
2586
903
436
2240
2927
1310
4027
402
2927
2527
18
5489
277
2475
1217
1804
569
1656
15028
689
1497
4655
2527
18
3578
4164
386
730
302
1019
341
10439
304
361
265
1497
12601
16
9745
277
3598
5879
341
1497
18
1563
4681
16
8696
277
1749
341
373
23
24640
5460
21058
25029
21452
9718
27391
6
304
373
27
25268
28208
16035
26709
28026
26122
14575
6
689
402
1497
1219
37438
85175
37438
35
2209
724
436
5448
277
1656
382
25790
1850
265
5209
183764
2615
16
306
277
1749
1196
361
2761
1013
373
23
24640
5460
21058
25029
21452
9718
27391
728
373
27
25268
28208
16035
26709
28026
26122
14575
728
225
10942
16
225
16649
2649
225
16611
15213
27745
16
689
386
1011
361
41514
402
277
1058
18
2952
16
277
1058
2927
1310
1690
344
5324
225
20532
24215
28662
13
306
1749
2927
344
22658
26997
27950
13
569
2527
386
436
2239
225
6701
79
17
19090
79
16
1706
277
4658
344
17078
13
341
15747
16
306
277
12868
344
16611
15213
27745
13
341
8730
18
2586
1850
52298
386
277
4309
3032
352
277
4658
341
225
16611
15213
27745
16
516
225
17078
18
1533
277
225
17078
341
265
20511
344
50180
499
265
1497
1310
1690
386
1078
265
2164
12601
680
1563
2024
16
592
277
12601
540
1687
7922
16
277
1682
1387
361
2164
18
2209
277
2688
12601
341
2927
16
713
225
17078
5563
2502
2164
18
2952
16
277
2746
16981
2617
1219
37438
778
304
225
4120
16
2687
37438
778
304
225
4120
16
306
277
12601
530
361
8730
16
689
277
14387
4455
2783
530
361
14522
16
713
1682
1387
361
2164
18
2209
225
17078
5563
52298
352
265
14522
2783
18
2209
225
16611
15213
27745
341
851
52298
382
2608
6035
386
277
852
1217
2927
1310
4027
569
2527
2239
225
6701
79
17
19090
79
16
697
436
18687
18
2586
277
4658
1193
225
17078
341
387
106292
18
887
2428
361
265
1310
352
265
1497
12601
386
341
3757
2164
18
16473
15698
277
5463
30
373
23
24640
5460
21058
25029
21452
9718
27391
6
306
373
27
25268
28208
16035
26709
28026
26122
14575
3210
461
5052
341
819
225
24
18
27
73
1710
16
8730
18
2586
903
436
1451
5463
18
461
14387
4455
2783
648
10942
16
16649
65
341
9310
14522
5071
304
277
6756
2731
14387
4455
352
225
1336
57329
5463
344
4956
225
11529
680
2586
277
16280
302
5463
402
14387
4455
297
386
2783
2428
361
2239
344
16649
17
10942
15
21
5403
11529
64823
225
3671
19
11529
64823
225
20
18
16507
16
689
4924
1060
265
12616
12564
18
2952
16
277
6158
302
14387
44914
341
516
12808
31
1850
717
28265
4549
277
2676
344
8781
352
5676
225
1336
57329
5463
341
225
1336
14
24
18
25
351
225
959
680
41729
277
2676
14387
4455
352
265
45531
5676
225
1336
57329
1435
344
15519
6152
53432
35
2209
5772
5463
2142
6152
53432
569
265
10591
1497
6158
13
341
819
225
1336
14
24
18
25
351
225
959
18
2586
277
2783
225
10942
17
16649
341
2946
277
2676
16
713
277
16280
2428
361
2336
936
225
20
18
25
18
21209
16
402
225
24
18
27
73
1710
5463
16
277
1682
1011
361
37682
1547
8730
16
3312
45844
225
22
66
6548
18
2209
539
436
27946
68437
225
21
73
29
15
27
16
713
277
5772
1682
68437
28157
1387
361
839
1435
18
2952
16
277
4655
3032
225
17078
341
265
2164
1435
68437
28157
16
6115
386
277
1641
1682
68437
28157
341
225
17078
18
3483
341
2731
1571
592
277
1641
1682
341
8730
16
1480
68437
22699
265
1435
1360
225
20
306
28157
17
21
18
2586
1850
52298
386
277
1641
1682
68437
28157
341
225
17078
16
1571
4100
277
12601
341
8730
18
2586
225
17078
341
516
13375
205061
382
54351
16
225
16611
15213
27745
341
851
52298
68437
28157
18
2586
1804
1387
361
4309
68437
2911
18
2209
724
436
1497
16
713
1094
730
530
361
277
4309
1193
352
386
12601
18
461
1310
36033
1804
16
697
341
13861
18
8111
16
277
2292
1154
1998
569
265
20511
18
7517
277
2746
6434
4060
373
5677
4222
59947
5533
213288
728
539
1998
10987
277
6292
436
4309
396
2688
18
2952
16
724
436
73411
18
99008
277
1749
40439
341
265
20511
306
1196
361
19899
35
2209
539
1998
1717
616
70305
16
713
539
1008
304
3271
1804
35
9405
13861
382
23928
386
277
4381
5842
7935
277
40439
352
225
17078
16
539
1008
304
6313
277
7878
304
1265
386
40439
1717
18
22977
277
4309
3032
341
225
17078
16
306
277
1749
40439
344
16611
15213
27745
13
341
265
103364
306
1196
516
361
903
16
420
8696
277
1749
40439
341
352
265
1497
1154
1465
35
2209
1850
766
302
277
2292
1154
382
19477
316
25735
277
2746
5224
30
887
4060
373
6534
277
2165
1154
16607
306
194863
16
7095
3138
277
1154
4546
306
1717
616
277
6292
18
1995
5677
4222
59947
5533
213288
11164
2501
14032
724
2483
265
2363
2732
402
277
1154
16607
306
194863
16
306
1232
265
2292
1154
18
2586
277
2292
1154
341
277
1310
20155
18
887
4059
277
73411
70305
18
2952
16
8696
277
2292
1154
341
1060
387
2024
16
306
539
436
12762
304
1774
411
304
13561
16
689
277
5772
6292
2428
361
1497
35
2209
277
12759
4060
1717
616
277
6292
16
306
277
6292
436
2688
498
277
2292
1154
382
23928
277
54037
16
342
18294
386
277
1749
40439
341
265
20511
18
99008
277
4309
1310
1690
341
2761
1013
1375
5648
12578
711
23
24640
5460
21058
25029
21452
9718
27391
728
373
27
25268
28208
16035
26709
28026
26122
14575
728
225
10942
16
225
16649
13
1377
225
16611
15213
27745
300
414
277
1058
40439
344
17078
13
341
352
265
1497
12601
16
8696
402
1497
25573
35
2209
1850
5448
277
1656
382
25790
277
1058
341
3757
352
277
12601
373
23
24640
5460
21058
25029
21452
9718
27391
728
373
27
25268
28208
16035
26709
28026
26122
14575
728
225
10942
16
225
16649
306
277
1749
341
352
2761
1625
689
724
98571
76577
18
2952
16
277
1058
8221
10799
386
954
7878
7939
265
1333
516
6792
304
225
17078
18
1437
539
2312
277
7878
304
3271
225
16611
15213
27745
4993
16
277
1749
40439
1011
1717
16
689
277
1058
1011
4759
18
2586
539
1008
304
22465
1804
35
136487
382
27872
16
277
1094
1528
304
1717
616
6292
341
592
277
1217
70305
436
516
1804
2993
304
1717
18651
35
2209
724
436
1804
3999
12152
31
592
730
18048
16
277
2292
1154
18048
382
25790
277
2292
1154
341
516
277
5772
1310
20155
689
1060
387
2024
352
277
1756
304
1310
18
461
5772
6292
2428
361
1497
18
2952
16
277
2746
4060
373
3039
1196
18523
277
2363
385
11116
297
265
127068
2363
2732
344
22310
642
61694
277
4607
5442
118742
957
10334
386
539
436
29544
2363
304
387
21633
1181
386
642
1774
6292
2737
954
7878
18
461
2292
1154
3419
2428
361
1060
51082
16
689
277
1181
874
569
969
1902
6292
18
2952
16
277
2746
4060
373
10112
616
277
6292
1304
306
373
5677
4222
59947
5533
213288
1304
2586
4164
277
6292
436
277
6299
297
277
2292
1154
382
23928
277
61531
16
342
1761
539
1196
10987
386
277
4309
3032
352
277
1690
373
23
24640
5460
21058
25029
21452
9718
27391
728
373
27
25268
28208
16035
26709
28026
26122
14575
728
225
10942
16
225
16649
341
225
17078
16
1480
4924
277
730
386
7182
277
8221
18
461
1749
40439
2428
361
265
20511
420
265
83092
499
265
1497
1310
18
22977
277
1749
40439
540
10439
304
361
265
1497
12601
16
1013
373
23
24640
5460
21058
25029
21452
9718
27391
728
373
27
25268
28208
16035
26709
28026
26122
14575
728
225
10942
16
225
16649
689
402
265
1497
1193
35
2209
1850
16896
382
25790
277
1749
40439
341
499
265
3733
1774
1207
277
3032
540
225
16611
15213
27745
16
689
277
1843
4655
341
225
17078
18
2964
516
2897
382
23928
386
277
4381
5842
7935
402
225
17078
16
539
1008
304
7016
277
7878
304
758
225
17078
352
386
1690
18
3483
10334
954
38474
341
516
4309
306
6714
2761
1625
16
8696
225
16611
15213
27745
35
8801
277
1749
40439
36033
225
16611
15213
27745
18
2586
9745
954
38474
5740
6714
225
16611
15213
27745
35
16473
1310
38278
30
1437
954
38474
8938
225
16611
15213
27745
16
1232
277
1058
40439
344
17078
13
1011
4759
16
277
1749
344
16611
15213
27745
13
1011
1717
18
3483
14441
277
2615
30
277
40439
386
7935
341
352
225
17078
18
2586
954
7878
4164
8938
225
16611
15213
27745
16
12267
277
225
17078
40439
304
4759
18
1533
277
225
16611
15213
27745
40439
1011
1717
18
2586
277
8221
341
1480
277
4655
1333
352
386
1310
341
225
17078
16
689
954
7878
6714
225
16611
15213
27745
382
27872
16
539
1008
304
14637
277
7878
304
758
225
17078
4993
302
225
16611
15213
27745
352
386
1690
18
3483
10334
386
954
38474
341
13131
277
1682
53786
352
386
12601
16
9745
1480
302
387
1115
14530
20740
420
910
30495
11336
386
10025
304
277
4309
3032
1610
225
16611
15213
27745
16
689
277
2746
36033
225
17078
18
2952
16
697
730
341
4309
3308
304
277
2746
6434
35
1283
1008
304
5827
382
19477
16216
277
12634
386
277
4309
3032
341
225
17078
18
3483
1011
2676
386
3724
277
8730
12601
16
1094
225
17078
5463
569
14387
4455
1360
225
10942
306
225
16649
18
3483
5563
52298
592
277
14387
4455
6158
341
1175
386
5463
402
1398
14387
44914
436
9017
18
2209
341
225
17078
52298
35
16473
589
265
12616
12564
30
461
1435
302
5463
297
277
12601
341
21210
433
351
225
27
25268
28208
16035
26709
28026
26122
14575
506
225
23
24640
5460
21058
25029
21452
9718
27391
692
225
21
64823
225
24
18
27
21456
20024
13197
20615
25698
25941
73
1710
18
9405
28224
18
461
14387
4455
6158
352
5676
225
1336
57329
5463
344
35171
6152
53432
13
674
265
2676
2239
225
959
306
4350
24911
819
33670
12
1336
5708
11053
8066
29057
302
14387
13
351
33670
12
1336
5708
11053
12
28
18
948
13
64823
225
24
18
4306
14
22
18
26138
64823
225
1068
18
2510
18
2586
277
2783
225
10942
17
16649
341
819
344
10942
17
959
5403
1068
18
2510
64823
225
22
18
20
51367
2946
2676
16
306
344
16649
17
959
5403
1068
18
2510
64823
225
25
18
2113
51367
18
2586
277
16280
302
5463
402
14387
4455
6743
10942
341
1586
2164
16
8696
2239
225
22
18
25
73
17
23
35
41729
352
3932
6158
16
12075
7835
225
22
51367
341
819
225
22
18
1575
9
366
730
10649
16
689
1743
539
1008
499
225
10942
304
225
16649
18
7517
277
6158
341
516
7662
3932
689
160939
18
461
12075
302
14387
4455
1610
1360
225
10942
306
225
16649
2428
361
21210
17696
499
225
22
304
225
25
51367
16
697
1387
361
2239
8696
225
22
9
304
225
23
224982
9405
819
225
20
18
991
304
225
20
18
3231
18
5489
4655
1682
1011
361
433
535
225
20
18
13821
64823
225
21
18
1045
73
696
18
9405
37682
1547
8730
16
3312
6892
936
28157
18
2209
68437
225
21
73
29
15
27
16
277
1193
1387
361
4907
16
689
225
17078
5563
1586
2164
5657
304
277
6058
18
3578
2731
386
68437
17045
411
304
225
17078
16
689
225
17078
341
265
3018
22503
18
2952
16
277
12075
302
277
68437
1610
7662
225
17078
341
819
225
21
8578
4291
16
713
1850
52298
689
516
3364
18
2952
16
2688
277
852
2927
1310
4027
16
277
2527
436
225
20532
24215
28662
306
225
22658
26997
27950
16
697
436
851
297
277
2783
302
265
2487
8637
4364
18
15040
436
851
52298
68437
2527
18
2586
616
2240
2927
2527
436
302
3600
19691
344
2393
79
17
3966
79
680
2586
277
4658
1193
225
17078
341
387
106292
344
73593
7922
680
3483
10334
386
8696
277
4309
3032
352
386
1690
341
14233
225
17078
16
306
277
225
16611
15213
27745
341
265
20511
382
2608
3097
1011
277
1193
361
225
17078
35
16473
17208
277
1435
302
5463
297
386
12601
386
569
14387
4455
297
648
10942
16
16649
1807
22547
411
361
386
277
12601
3757
341
2164
35
26128
16
277
12601
499
225
23
18
24640
73
1710
304
225
27
18
25268
73
1710
341
819
225
24
18
7563
73
1710
5463
16
516
2164
18
2586
277
1682
1196
361
8730
16
689
68437
28157
1850
277
22503
18
225
17078
341
265
2731
22503
18
2952
16
277
852
1217
2927
4027
851
569
4317
14940
297
277
14849
302
13714
16
697
436
516
2164
18
2586
8696
225
17078
341
851
52298
18
2209
225
17078
341
1687
7922
936
277
852
4317
14940
18
22547
411
361
386
277
5772
1682
68437
28157
341
225
17078
35
99008
382
2608
539
1008
304
11135
697
3032
341
4309
18
7517
277
1310
386
7935
341
31518
225
17078
16
539
1998
3271
225
17078
304
1717
386
40439
18
8111
16
539
1008
304
6313
277
7878
304
758
225
17078
352
386
3018
1690
16
1706
2188
19210
4309
2911
352
616
852
6292
16
2291
277
730
31518
225
16611
15213
27745
18
9405
13861
592
1804
436
2993
18
2586
9745
277
1749
40439
341
516
3757
265
1310
31
8696
1850
265
31579
386
540
98571
5101
16
306
277
1181
642
1094
1774
277
1058
40439
35
2491
8696
277
2292
1154
341
516
766
302
277
21633
6292
31
1850
1060
352
277
1756
304
1774
20845
16
689
277
5772
6292
436
1497
18
461
2746
4060
373
8940
2292
38460
129966
2907
184257
13
304
1774
6292
1304
2586
724
436
6198
265
1310
1154
18
32468
297
1131
17409
4066
16
277
2292
1154
341
1161
304
15076
277
4377
18
2586
539
1008
304
1717
616
70305
297
2292
382
23928
277
54037
16
342
1761
1850
4164
386
277
1749
40439
341
265
20511
16
306
277
4309
4655
1333
341
225
17078
18
22977
277
4607
2746
1078
265
1310
1207
277
3032
540
225
17078
16
306
3735
4389
4472
2484
1310
689
20263
304
2312
277
4655
1333
18
2491
8696
277
1749
40439
341
352
265
1497
2783
16
689
277
25573
436
64057
35
1563
4681
16
8696
1850
373
23
24640
5460
21058
25029
21452
9718
27391
728
373
27
25268
28208
16035
26709
28026
26122
14575
728
225
10942
16
225
16649
2649
225
16611
15213
27745
16
689
277
25573
436
1497
35
2209
724
436
5448
277
1656
382
23928
277
8221
302
277
1058
40439
16
954
7878
5740
6714
225
16611
15213
27745
344
29753
277
1749
40439
1011
1717
680
2586
539
1008
304
14637
277
7878
304
758
225
17078
4993
18
3483
10334
903
341
265
11336
297
954
38474
386
7815
411
304
898
8227
498
265
5980
420
2761
18
30105
16
954
38474
6714
225
16611
15213
27745
352
386
1690
16
689
277
4655
341
225
17078
18
9405
265
8730
5052
18
2586
8696
954
38474
341
27946
5463
499
225
20
304
5879
24273
16
689
539
1196
361
27946
5463
499
1033
21
304
1033
22
24273
16
689
539
436
83084
53786
35
22547
411
361
386
539
1008
304
1682
5463
1207
277
14387
4455
341
1360
1219
37438
306
2687
37438
16
689
539
851
1008
304
1994
386
277
1435
1150
1998
569
7662
6441
18075
21
13
27740
35
2523
16
277
2746
4007
2132
386
382
25790
277
38474
341
27946
5463
402
6152
53432
16
306
352
5463
402
6152
53432
16
277
14387
4455
341
19377
402
1731
53432
16
689
9745
277
192497
14387
37438
3974
13
341
5047
396
277
4455
302
27740
302
277
19229
11183
2142
6152
53432
18
9405
277
1656
396
2291
53432
18
2586
840
5052
382
25790
277
38474
494
13667
302
277
5879
890
31504
304
1794
352
68993
341
12267
265
56793
18
1563
1033
21
17
21
16
539
17208
1284
5232
18075
21
6030
21
680
1563
1033
21
351
373
23
24640
5460
21058
25029
21452
9718
27391
728
853
18075
21
6030
21
351
225
23
24640
5460
21058
25029
21452
9718
24653
16
697
396
1794
341
373
23
24640
5460
21058
25029
21452
9718
24653
3210
9405
4309
18
2209
1065
592
1033
21
341
1013
373
21
937
728
1232
1033
21
17
21
351
373
4542
3210
9405
4309
18
2952
16
6035
386
277
4354
302
1033
21
17
21
874
361
2336
936
277
4354
302
1033
21
18
2973
539
1465
1682
26649
5912
18075
22
13
306
1682
26649
5912
18075
21
17
21
733
724
569
1497
31051
18
461
38474
5119
277
4354
302
277
5879
1794
396
307
18
2586
352
1033
22
16
307
351
6441
18075
22
680
1563
1033
21
17
21
16
307
351
6441
18075
21
17
21
680
9405
6772
18
461
38474
19720
5463
499
225
20
304
386
5879
24273
16
15470
302
4354
382
2608
903
341
265
30495
4264
30
2973
539
57859
19720
16
539
436
10044
27946
5463
297
648
2258
21
16
1033
22
1807
2952
16
6035
386
277
38474
352
1033
21
17
21
19720
5463
499
225
20
304
1033
21
17
21
24273
18
3483
4059
5463
386
569
17156
27740
936
1033
21
18
9405
6772
18
461
38474
352
1033
22
19720
5463
499
225
20
304
1033
22
24273
18
3483
4059
5463
402
17156
27740
396
1357
18
2586
68993
22699
5463
297
648
2258
21
16
1033
22
65
386
436
12240
402
277
1656
1435
302
27740
35
41729
16
1994
265
1435
1013
225
1296
18
10262
11183
341
373
1296
3210
2973
539
17208
1682
26649
5912
711
1296
10153
411
19720
5463
225
20
568
1296
24273
18
2973
539
17208
1682
26649
5912
711
959
10153
411
19720
5463
225
20
568
959
24273
18
461
5052
6632
225
1296
1094
16
697
341
4309
18
2586
68993
4229
1571
592
31051
1173
382
27872
16
840
4264
382
25790
277
11336
341
386
954
38474
5119
312
625
28090
16
306
277
11057
1993
4059
3285
37438
18
2952
16
277
3285
37438
530
361
778
304
225
4120
16
689
277
38474
874
361
2988
402
3285
37438
2911
386
436
2336
936
1219
37438
16
306
1731
5267
436
33913
306
74831
18
9405
6772
382
2608
8696
277
4264
341
386
277
38474
494
77647
341
516
10649
35275
39261
306
5119
265
2942
302
4625
35
3557
382
23928
277
8730
66504
16
8696
277
38474
341
3757
4309
16
306
277
4655
1333
225
17078
341
6078
16
306
277
4309
1333
341
225
16611
15213
27745
18
2209
277
1310
36033
225
17078
16
713
539
1008
304
1265
277
38474
758
225
17078
18
3483
1011
2485
41998
3130
277
38474
758
265
1497
1333
352
386
3018
2740
16
697
341
516
265
3449
4377
382
27872
16
342
18294
386
277
38474
7878
674
265
11336
386
7815
411
304
898
8227
498
265
5980
302
2761
16
689
1094
352
386
3018
2740
35
3483
5563
21930
382
25790
277
11336
341
386
539
436
1347
1219
37438
306
2687
37438
499
277
12688
1154
16
689
277
38474
494
15338
4550
5119
1219
37438
306
2687
37438
16
689
539
851
569
265
60860
4550
699
37438
1518
2687
37438
18
2952
16
1065
819
699
37438
460
1219
37438
35
1283
1907
83337
3836
18
9405
6772
382
2608
8696
903
341
265
20511
297
277
13334
13667
30
2973
13334
341
7143
16
539
867
4753
351
853
5311
808
74686
6577
592
13334
1625
225
29
18
5489
297
277
9284
16
539
17208
699
872
502
351
13334
306
344
72
1377
4753
680
2952
16
592
13334
341
7143
306
282
1377
4753
16
699
872
502
351
7143
18
9405
4309
18
2209
1065
819
890
13334
341
7143
306
539
569
4753
351
5879
74686
2315
306
539
59689
282
499
225
20
304
4753
18
1563
282
460
4753
16
699
872
502
351
8077
18
9405
4309
18
2209
341
903
839
1690
1207
13334
341
7143
306
539
867
699
872
502
53786
890
282
1377
4753
35
9405
6772
382
8311
16
8696
277
11336
341
386
539
436
1347
277
6307
1227
489
25665
11
352
277
14387
5879
16
306
1232
539
17208
699
872
502
351
13334
306
344
72
1377
4753
680
2209
1065
592
13334
341
8077
35
5489
4753
351
225
29
16
306
699
872
502
351
8077
306
344
72
1377
225
29
13
351
8077
18
9405
6772
382
2608
903
341
265
30495
11336
30
2973
13334
341
7143
16
4753
351
5879
74686
1807
2952
16
297
277
9284
16
539
911
489
25665
11
396
277
7866
5879
18
5489
539
17208
699
872
502
351
13334
306
344
72
1377
4753
680
2209
6035
386
489
25665
11
341
5879
74686
1807
2952
16
890
539
3735
704
304
277
2475
2413
16
539
1008
304
1287
277
5879
14387
352
386
2413
592
13334
341
7143
18
9405
8805
297
5879
74686
15
21
1807
9405
6772
382
8311
16
1994
277
1690
1207
5879
74686
65
341
225
20
306
13334
341
7143
18
5489
4753
351
225
20
18
39955
282
499
225
20
304
225
20
1094
18
282
33
20
16
699
872
502
351
13334
306
344
20
1377
225
20
13
351
7143
18
2586
539
5001
13334
18
9405
4309
382
27872
16
38474
5563
6772
382
25790
277
4264
341
386
539
436
516
13667
277
68437
12989
890
8811
304
2983
30
2983
351
344
12815
692
65293
57972
1149
1577
28157
18
9405
6772
382
2608
8696
277
4264
341
386
539
436
1347
77647
306
277
11057
874
3866
18765
2527
2920
304
277
1991
302
10393
35
2523
382
23928
277
8221
16
9745
539
1196
1310
277
38474
366
265
3162
1690
386
14441
277
2927
730
689
402
7922
5463
304
1565
592
277
38474
341
4309
18
2209
539
4445
1774
2363
382
19477
2050
304
20488
17208
265
2164
49010
1690
304
1565
592
38474
22699
4309
1193
18
19001
539
569
1033
21
351
373
7366
728
1033
22
351
373
3523
728
1219
37438
33
26
16
2687
37438
33
1028
18
1283
2364
225
28
18
16473
37687
38474
352
7866
5879
373
3523
6
306
3598
5879
373
2196
3210
1283
530
5842
304
17208
38474
352
1131
25573
304
13561
592
954
38474
1011
6496
225
28
382
2110
530
5842
304
17208
1682
26649
5912
711
3523
2191
352
1219
37438
33
26
102940
37438
33
1028
18
27969
1008
304
4602
265
4374
7498
1736
35
9405
71220
689
8696
539
530
3368
819
277
38474
494
67848
498
42537
265
2164
2024
1207
539
1287
277
3032
382
71093
16
539
1387
3138
265
88934
99677
352
2164
25573
304
10049
16
689
539
4445
1774
2363
1743
18
2952
16
539
530
5842
304
20488
17208
352
265
1586
2164
5879
16
1013
1033
21
508
25
728
1033
22
508
29
728
1219
37438
33
21
102940
37438
33
25
18
9405
499
277
194863
30
373
21
4990
25
728
21
16
25
6632
225
25
18
5641
38474
352
7866
5879
373
25
6
30774
3598
5879
373
20
6
1196
3050
225
25
18
16473
1310
38474
352
373
25
1023
307
33
21
16
5879
63
20
116751
25
747
1219
37438
33
21
102940
37438
33
25
382
56722
12
20
183551
16
20
2407
1084
20
16
13334
9139
16
4753
33
25
388
28600
282
33
20
568
25
638
72
33
20
30
699
872
502
14040
16
699
37438
33
20
16
65293
12
21
156864
16
20
2738
912
21
582
82
1117
15338
30
2292
1219
37438
26720
20
26720
4956
37438
35
225
20
516
297
648
21
16
25
65
1117
225
20
388
72
33
21
30
699
872
502
14040
344
29753
282
32
25
733
699
37438
33
21
16
65293
12
21
156864
16
21
2738
15338
30
225
21
297
2783
1117
225
21
388
72
33
22
30
699
37438
33
22
1117
225
21
388
72
33
23
30
225
21
388
72
33
24
30
225
21
388
72
33
25
30
699
872
502
9139
16
699
37438
33
25
16
65293
12
21
183551
16
25
2738
15338
30
225
25
297
2783
1117
225
21
388
10914
351
225
25
18
9177
382
8311
1682
26649
5912
711
20
93826
307
33
21
16
5879
63
20
116751
20
747
65293
12
20
183551
16
20
2407
25665
33
20
16
282
33
20
16
699
872
502
9139
16
699
37438
33
20
16
65293
12
21
183551
16
20
2738
15338
30
225
20
516
297
2783
1117
225
20
18
2586
1682
21
33
20
18
7833
33
25
18
9177
382
27872
38474
4229
352
386
382
8311
1310
373
7366
4990
3523
728
26
16
1028
18
1283
530
2050
304
17208
38474
352
373
3523
6
306
373
2196
3210
2209
8696
539
530
17208
1347
26565
30
7517
2687
37438
33
1028
341
2927
5657
304
2731
14387
44914
344
4956
225
883
733
616
5463
402
14387
4455
6743
26
436
33649
18
2586
1682
26649
5912
711
3523
2191
351
1435
302
5463
225
20
568
3523
402
14387
4455
6743
26
18
1682
26649
5912
711
2196
2191
351
1435
302
5463
225
20
568
2196
402
14387
4455
6743
26
18
49505
351
5463
225
7366
568
3523
402
14387
4455
6743
26
18
7517
616
569
14387
4455
6743
28
16
5052
1196
361
225
28
18
2586
592
38474
341
4309
16
411
1196
8138
225
28
382
2110
530
1310
38474
352
373
3523
6
498
9745
13131
277
1435
302
5463
225
20
568
3523
402
14387
4455
460
26
306
57859
499
225
5293
18
36902
225
20
568
3523
24273
351
225
5293
5463
18
36902
402
14387
4455
460
26
30
539
530
1568
1019
30
225
20
344
20
733
21
344
21
733
22
344
22
733
23
344
23
733
24
344
24
733
25
344
25
733
622
344
21
733
807
344
22
733
740
344
23
733
1068
344
24
733
992
344
25
733
696
344
22
733
1710
344
23
733
1336
344
24
733
1449
344
25
733
963
344
23
733
2193
344
24
733
1028
344
25
733
1339
344
24
733
3501
344
25
733
1120
344
25
680
6755
8696
225
1296
35
3557
778
304
225
3523
18
6755
5463
1013
225
1296
35
2523
18
6755
5463
1013
225
26
35
4455
33
26
516
460
26
18
225
27
4455
33
27
18
2586
1568
30
225
20
16
21
16
22
16
23
16
24
16
25
16
622
16
807
16
740
16
1068
16
992
16
696
16
1710
16
1336
16
1449
16
963
16
2193
16
1028
16
1339
16
3501
16
1120
18
9405
225
1710
5463
35
16473
1682
30
225
20
17
25
1117
26
16
225
622
17
992
9579
25
344
12815
225
807
733
225
696
17
1449
9579
24
344
12815
225
883
733
225
963
17
1028
9579
23
344
12815
225
1045
733
225
1339
17
3501
9579
22
344
12815
225
696
733
225
1120
9579
21
344
12815
225
1710
680
6755
8696
225
1296
35
2523
18
6755
225
1296
35
3557
18
6755
5463
1013
225
1296
35
2523
18
6755
5463
1013
225
1530
35
4455
33
26
516
460
26
18
225
2196
4455
33
27
18
2586
2983
5463
402
14387
4455
460
26
297
225
20
568
3523
341
225
1710
18
2586
1682
26649
5912
711
3523
2191
351
225
5293
506
225
1710
351
225
3586
18
6013
1682
26649
5912
711
2196
93826
5463
225
20
568
2196
351
225
7366
5463
18
36902
402
14387
4455
460
26
297
225
20
568
2196
30
539
1008
304
1682
1731
6758
2196
18
5641
1568
4059
5463
778
304
225
2196
30
225
20
16
21
16
22
16
23
16
24
16
25
16
622
16
807
16
740
16
1068
16
992
16
696
16
1710
16
1336
16
1449
16
963
16
2193
16
1028
16
1339
16
3501
16
1120
18
6755
225
1530
35
4455
33
26
840
18
225
2196
4455
33
27
840
18
6755
225
1296
35
2523
18
6755
8696
225
1296
35
2523
18
6755
225
1296
35
2523
18
6755
5463
1013
225
1296
35
3557
18
2586
1656
225
1710
5463
344
29753
616
436
6758
2196
680
2586
1682
26649
5912
711
2196
2191
351
225
7366
506
225
1710
351
225
1120
18
49505
351
225
3586
506
225
1120
351
225
28
18
9177
382
4892
592
38474
846
4309
16
411
1011
3050
225
28
18
2586
38474
1196
361
4309
352
386
1690
382
23928
386
16
539
530
361
717
19814
386
277
38474
341
4309
352
2164
4027
18
2586
277
8221
352
277
2927
1690
1998
361
2920
304
2761
1625
16
9745
387
13304
420
77647
4753
35
2209
225
1336
8597
341
6772
382
25790
277
4264
341
386
539
436
1347
312
625
28090
16
306
277
1154
65293
341
5047
5451
1682
26649
5912
16
306
539
1465
411
4347
3041
2223
277
1656
1682
26649
5912
1465
18
9405
6772
18
2209
8696
277
57687
341
12267
277
38474
304
37224
5267
3796
1497
13334
29508
53786
35
2523
16
1480
13334
341
766
302
277
1993
382
20822
16
903
341
265
3242
11336
30
461
38474
5119
77647
306
57687
16
689
277
1154
65293
341
5047
402
5938
344
1084
16
13334
16
3285
37438
680
2952
16
6035
386
3285
37438
341
387
11795
386
530
361
778
304
225
4120
18
2209
277
11057
1993
4059
3285
37438
16
306
277
11057
341
621
1465
304
65293
18
2952
16
903
341
265
202267
30
461
38474
874
1465
65293
402
277
1656
344
1084
16
13334
16
3285
37438
13
499
1497
16166
16
306
57687
6714
277
1656
1193
18
9405
4309
1480
277
3687
21254
5086
1094
366
1131
5938
16
516
366
277
3868
302
1030
539
3289
903
344
29753
277
1094
1889
13917
680
9405
4350
38474
382
27872
16
38474
1196
361
4309
382
23928
386
277
1310
18048
402
265
2927
66504
344
17078
7248
225
16611
15213
27745
733
8696
277
2615
341
386
539
436
1347
277
6078
68437
35
461
1193
225
16611
15213
27745
341
2336
936
28157
16
713
1850
52298
386
277
1641
1682
68437
28157
341
225
16611
15213
27745
18
2209
277
1310
36033
225
17078
18
8548
730
341
4309
35
16473
2050
304
12564
277
1682
352
386
12601
68437
28157
18
1283
1387
5842
304
17208
277
1682
1347
265
717
7434
1557
420
498
26565
16
689
4924
4110
382
25790
539
530
32012
277
1682
1347
97102
37309
35
461
12601
341
8730
16
713
277
1682
341
15837
277
1435
302
5463
297
386
2783
402
14387
4455
297
648
10942
16
16649
65
68437
28157
18
957
530
361
19377
1347
14387
38474
16
697
341
1065
539
436
4183
18
2586
277
38474
1196
3050
277
4309
68437
382
23928
277
66504
16
9745
954
38474
674
387
1115
14530
20740
2615
297
277
13667
302
277
5879
890
277
5879
674
6152
53432
35
2209
25573
1907
569
6152
53432
382
25790
277
4264
341
386
539
436
516
11532
277
1689
386
277
5463
436
14580
16
306
539
1008
304
2489
1019
396
11568
2896
6152
53432
35
2523
382
13617
12634
30
461
38474
5119
77647
306
312
625
28090
16
689
277
11057
874
361
2502
2927
35
3557
382
25790
277
2746
341
386
539
436
1347
175676
2739
77647
4753
16
689
277
77647
8597
341
6772
18
2952
16
175676
77647
530
361
5983
16
689
516
3866
6078
3032
382
23928
277
8221
16
342
1761
539
1008
304
13762
277
38474
498
5009
265
2164
1310
352
277
2927
1690
402
265
34200
3478
35
3557
2731
1743
382
25790
539
530
32012
277
4309
1193
498
17713
265
1497
38474
420
1347
265
3162
7740
16
689
539
1998
4602
2363
382
23928
277
845
16
342
1761
539
1196
2050
304
5782
277
11336
498
25865
277
38474
717
14316
18
16473
2672
1257
277
38474
352
265
5879
386
674
265
14387
225
20
468
910
2413
890
13334
341
7143
16
306
1565
592
277
13334
13667
341
4309
18
1563
2024
16
5879
351
373
1296
728
1219
37438
33
21
102940
37438
33
21
18
1283
1587
1682
5463
6758
1296
402
14387
4455
225
21
18
15040
436
30
225
21
16
622
16
1296
18
6755
8696
225
3528
35
9405
225
21
16
689
33649
396
225
555
35
610
38474
402
307
33
23
16
5463
499
225
937
304
225
1296
18
461
5463
402
14387
4455
225
21
30
225
3528
344
21
733
225
3316
344
622
733
225
1296
344
1296
680
6755
225
937
35
4455
20
840
18
6755
225
3520
35
4455
22
840
18
2586
1682
26649
5912
711
1296
2191
1196
361
225
23
18
16473
37687
38474
6697
304
1565
592
411
22699
225
23
382
61792
37687
38474
352
5879
373
1296
728
307
33
23
16
1219
37438
33
21
102940
37438
33
21
382
61792
589
65293
12
20
183551
16
20
2407
1084
20
16
13334
9139
16
4753
33
21
344
14627
63
20
116751
21
3566
28600
282
33
20
16
21
382
72
33
20
30
699
872
502
14040
344
29753
282
32
21
733
699
37438
33
20
388
14032
65293
12
21
156864
16
20
2738
912
21
16
13334
14040
16
4753
33
29
388
2110
1008
304
1682
5463
499
225
20
568
959
344
29753
912
21
2342
13
402
14387
4455
225
21
18
9405
1013
27946
5463
402
225
22
27740
344
15519
6152
53432
13
402
14387
4455
225
21
18
9405
346
12
22
15
21
17
21
16
21
5791
35
41729
1435
302
123672
11795
6763
304
282
21
70073
22
33
21
402
282
21
28173
22
27740
225
20
17
29
30
344
22
5857
225
21
5791
22
35
2209
402
6152
53432
6751
16
277
5463
436
30
225
555
344
21
733
225
622
344
622
680
6755
225
409
35
4455
20
18
2586
225
22
5463
18
2586
65293
12
21
156864
16
20
13
1196
758
225
22
18
2209
539
851
569
277
4550
386
468
15338
539
2292
4455
297
648
21
16
21
1807
2586
12035
382
72
33
21
30
699
872
502
9139
344
29753
282
582
25665
733
699
37438
33
21
388
14032
65293
12
21
183551
16
21
2738
912
21
16
13334
9139
16
4753
33
14627
63
21
116751
20
11
344
29753
5879
508
1296
728
5879
63
21
116751
20
142616
8311
539
436
468
912
21
16
13334
9139
16
4753
33
20
18
1283
9284
282
499
225
20
304
225
20
1094
388
72
33
20
30
699
872
502
9139
344
29753
282
582
25665
733
699
37438
33
21
15
20
33
21
388
14032
65293
12
22
183551
16
21
2738
912
22
16
13334
9139
16
4753
33
14627
63
22
116751
20
16901
28600
282
499
225
20
304
225
20
638
72
33
20
30
699
872
502
9139
16
699
37438
33
21
388
56722
12
23
183551
16
21
2738
912
23
582
82
16
15338
30
2292
1219
37438
26720
21
26720
4956
37438
1117
1641
16
758
225
21
388
4892
499
282
33
21
2481
16
539
771
225
21
382
27872
2983
351
499
282
33
20
30
225
22
692
499
282
33
21
30
225
21
351
225
23
18
9177
382
4892
38474
4229
352
386
382
8311
16
1994
5879
351
373
959
728
1219
37438
33
21
102940
37438
33
21
18
36902
402
14387
4455
225
21
30
225
21
16
622
18
6755
225
555
35
9405
225
21
18
2586
1682
26649
5912
711
959
2191
1196
361
225
22
18
16473
37687
38474
6697
30
307
33
22
16
5879
63
20
116751
29
747
5879
63
21
116751
29
16901
56722
12
20
183551
16
20
2407
1084
20
16
13334
9139
16
4753
33
29
388
2110
1008
304
1682
5463
225
20
568
959
402
14387
4455
225
21
388
2110
530
17208
30
1563
282
33
20
344
29447
7810
733
1232
10652
1217
27740
4455
304
225
21
30
21254
30
344
20
16
21
13
306
344
21
16
20
13
1117
225
22
5463
344
555
306
225
622
680
1563
282
33
21
344
29447
225
21
733
1232
10652
14387
1998
4455
304
225
20
30
1094
344
20
16
20
13
1117
225
21
1435
344
622
35
26128
282
33
21
468
1058
14387
16
1232
10652
27740
1998
4455
304
225
20
16
713
1094
225
622
35
41729
1435
341
225
21
7528
498
1217
27740
35
2523
16
307
33
22
16
713
1325
1058
14387
16
539
569
912
21
18
1437
282
33
21
468
912
20
16
1232
468
912
21
539
1008
265
14387
1175
386
4455
33
21
16
713
14387
33
20
35
41729
3285
37438
1325
912
20
341
225
21
16
1232
468
912
21
539
1008
282
21
1175
386
225
21
70073
21
297
648
21
16
21
65
1117
282
21
33
20
18
2586
1435
341
373
622
3210
9405
730
1435
18
1563
282
33
22
568
29
16
3285
37438
6743
22
1518
2687
37438
16
713
56054
1480
699
37438
1518
2687
37438
35
41729
699
37438
351
3285
37438
692
282
18
1563
282
19105
22
16
699
37438
6743
22
1518
2687
37438
33
21
16
713
539
4622
344
26602
13
1480
699
37438
1518
2687
37438
35
461
38474
16871
699
37438
1518
2687
37438
30
4622
18
2586
1094
282
33
20
306
282
33
21
436
4800
18
2586
2983
351
499
282
33
20
30
65293
12
21
156864
16
20
13
6714
1435
302
225
21
57329
5463
344
1084
21
1094
13
402
14387
4455
225
21
18
9405
1060
282
33
21
1117
225
21
35
26128
17034
30
65293
12
21
156864
16
20
2738
912
21
16
13334
14040
16
4753
33
29
18
887
642
9284
282
22
499
225
20
304
225
29
16
2292
699
37438
6758
2687
37438
344
20
70073
22
6758
21
680
1563
282
22
33
20
30
699
37438
33
20
16
15338
30
225
20
516
297
2783
1117
225
20
18
1563
282
22
33
21
30
699
37438
33
21
1117
15338
1117
21
18
1563
282
22
33
22
568
29
30
699
37438
34
21
1117
4622
18
2586
6714
225
21
18
2586
499
282
33
20
16
539
771
225
21
18
2209
539
4655
225
22
5463
499
282
33
20
35
8801
5463
402
1058
14387
225
20
306
1749
14387
225
21
344
77
3077
1278
225
555
13
306
1058
14387
225
20
306
1749
14387
225
20
35
2523
16
1749
14387
225
20
6632
4455
20
516
33649
18
2586
1094
225
555
35
41729
851
225
622
341
33649
499
282
33
21
18
2586
2983
5463
402
14387
4455
225
21
30
225
555
344
8781
341
225
21
13
306
225
622
344
8781
341
225
622
680
9405
1217
5463
18
2209
954
38474
499
282
33
20
7939
225
21
344
1943
225
555
733
306
499
282
33
21
7939
225
21
344
1943
225
622
733
2983
225
22
18
9177
382
4892
38474
4229
382
27872
16
38474
5563
4309
352
2164
4027
382
23928
386
16
277
2927
1310
8221
1998
361
2920
304
2761
1625
16
9745
277
13667
302
277
68993
890
1033
21
306
1033
22
569
1497
31051
35
2209
297
277
2927
1310
16
724
569
1656
4354
344
30535
225
1336
680
2586
4354
1656
382
25790
277
4264
341
386
277
38474
5119
277
5879
1794
396
341
16
689
352
277
3598
5879
68993
16
539
17208
1033
21
17
21
16
306
592
1033
21
341
265
2136
302
225
622
344
7846
225
21
937
733
1232
1033
21
17
21
674
17156
27740
18
9405
6772
382
2608
9745
903
341
265
11336
297
277
13176
499
853
304
1284
352
1033
21
17
21
890
1033
21
341
2927
35
175676
853
304
1284
341
10647
382
23928
277
15924
16
8696
539
1196
1994
387
8081
4158
30
5904
265
97102
14387
38474
386
19720
5463
297
265
2783
402
14387
4455
16981
16
697
341
1065
539
569
18
2586
9745
277
38474
341
4309
16
306
277
4655
3032
341
225
16611
15213
27745
16
306
277
225
17078
341
265
20511
18
2209
277
2292
36033
225
17078
306
18048
18
7517
539
4273
14637
277
6292
16
539
1008
304
1265
277
7878
758
225
17078
352
386
3018
1690
1706
2188
19210
4309
2911
352
616
852
4027
16
2291
277
225
16611
15213
27745
1690
18
3483
5563
13861
9082
539
2702
3646
386
3018
1690
16
697
341
516
265
3449
4377
382
2608
8696
277
2292
1154
341
516
766
302
277
21633
10393
31
1850
1060
352
30678
18
461
2746
4060
373
8940
2292
38460
129966
2907
184257
13
304
1774
6292
1304
3483
18372
386
277
2292
1154
341
1161
304
1310
277
4377
20845
18
461
5772
10393
2428
911
1497
6292
18
2952
16
277
12759
4060
373
10112
616
277
6292
728
306
373
5677
4222
59947
5533
213288
1304
3483
10334
386
277
6292
436
277
6299
3419
18
2586
539
1998
1717
1019
382
23928
277
54037
16
342
1761
277
1210
52298
14915
341
386
277
1749
40439
344
16611
15213
27745
13
341
265
20511
306
1196
361
19899
16
420
9745
277
1217
70305
436
352
1217
1497
1154
8877
689
724
436
53786
31862
18
22547
411
361
386
277
1749
40439
341
3757
352
265
1497
2783
16
1013
373
23
24640
5460
21058
25029
21452
9718
27391
728
373
27
25268
28208
16035
26709
28026
26122
14575
728
225
10942
16
225
16649
689
402
277
4655
1333
225
16611
15213
27745
16
306
277
1058
40439
341
352
265
1497
2783
386
22699
225
17078
35
2209
724
436
16896
382
25790
277
1058
40439
341
352
277
12601
373
23
24640
5460
21058
25029
21452
9718
27391
728
373
27
25268
28208
16035
26709
28026
26122
14575
728
225
10942
16
225
16649
16
306
277
1749
341
352
373
23
24640
5460
21058
25029
21452
9718
27391
728
373
27
25268
28208
16035
26709
28026
26122
14575
728
225
10942
16
225
16649
689
402
277
3032
225
16611
15213
27745
35
3483
4007
1265
5258
382
19477
15698
277
852
2927
1310
4027
30
373
29413
24262
24326
28356
22590
12873
27880
728
373
22
12257
3966
15782
26179
14834
28920
23966
728
225
14919
16
225
12806
2649
225
20532
24215
28662
18
373
29
28814
27353
13904
14919
20806
19039
23457
728
373
22
12257
3966
15782
26179
14834
28920
23966
728
225
2704
16
225
19436
2649
225
22658
26997
27950
18
2933
1217
569
7866
25573
386
436
277
1656
30
373
22
12257
3966
15782
26179
14834
28920
23966
3210
461
3598
25573
1173
18
2586
277
1154
341
2988
402
1497
19797
18
2586
1850
52298
386
277
4658
306
12868
2927
6292
436
499
1497
4066
16
306
277
20739
306
30292
436
851
499
1497
4066
689
724
98571
569
277
1656
25573
18
22977
277
20739
306
30292
436
3757
1217
1497
1310
4027
402
1497
25573
16
689
277
25573
3289
95310
18
1563
2024
16
8696
277
20739
341
352
265
1497
2783
1013
373
23
24640
5460
21058
25029
21452
9718
27391
728
373
27
25268
28208
16035
26709
28026
26122
14575
728
225
10942
16
225
16649
344
8781
539
569
13
306
277
30292
341
352
373
23
24640
5460
21058
25029
21452
9718
27391
728
373
27
25268
28208
16035
26709
28026
26122
14575
728
225
10942
16
225
16649
35
2523
382
23928
277
4619
16
277
20739
1310
344
17078
13
4164
21062
304
265
15277
1207
277
12601
341
9310
2164
16
8696
2761
1013
373
23
24640
5460
21058
25029
21452
9718
27391
728
373
23
24640
5460
21058
25029
21452
9718
27391
6
344
77
3077
1278
265
3225
1435
13
402
1219
37438
33
10942
16
2687
37438
33
16649
16
306
277
1435
494
14387
4455
341
2223
2783
16
713
1682
33
21
35
2209
724
569
265
2927
12601
18
2586
516
382
25790
277
20739
1310
341
3757
352
265
1687
7922
12601
16
689
277
25573
436
5478
1965
171382
18
1563
4681
16
8696
1850
373
23
24640
5460
21058
25029
21452
9718
27391
728
373
23
24640
5460
21058
25029
21452
9718
23025
6
344
3992
730
1435
13
306
277
14387
4455
302
386
1435
341
2761
18
2209
724
8089
277
1656
382
23928
277
100849
16
2964
67942
386
277
4309
4655
1333
352
277
1690
373
23
24640
5460
21058
25029
21452
9718
27391
728
373
27
25268
28208
16035
26709
28026
26122
14575
728
225
10942
16
225
16649
341
225
17078
16
306
277
1749
40439
344
16611
15213
27745
13
341
265
20511
18
8111
16
539
1008
304
6313
954
7878
304
3271
225
17078
352
386
1690
18
7517
954
1843
7878
19237
225
16611
15213
27745
16
539
1008
304
1511
686
3097
306
7016
277
11336
382
25790
277
11336
341
386
954
38474
341
27946
5463
499
225
20
304
5879
24273
16
689
539
1008
304
1682
5463
499
1033
21
304
1033
22
24273
16
306
539
436
83084
1682
26649
5912
18075
21
17
21
680
2952
16
1065
592
1033
21
341
516
225
21
35
3578
6772
18
2209
8696
903
341
387
4264
402
6152
53432
297
277
11183
302
277
25573
890
539
57859
35
1563
2024
16
1994
1033
21
351
373
21
937
728
1033
22
351
373
22
937
3210
461
1435
225
21
937
674
14387
4455
225
21
18
5641
38474
352
1033
22
306
1033
21
17
21
351
373
4542
6
1011
12989
1682
5463
225
21
937
568
22
937
18
2209
1065
819
5463
1013
225
21
937
5513
35
3578
5101
1480
1682
26649
5912
18075
22
13
4059
411
16
306
1682
26649
5912
18075
21
17
21
13
1414
516
18
2586
6772
382
2608
8696
903
341
265
202267
30
461
38474
19720
5463
402
6152
53432
16
689
890
539
57859
16
539
436
10044
27946
5463
386
569
265
11183
386
16
890
84267
304
277
4354
302
1033
22
16
674
6152
53432
18
9405
6772
382
13617
3592
30
461
38474
5119
277
5879
1794
396
341
16
689
352
277
3598
5879
68993
16
539
17208
1033
21
17
21
16
697
2428
569
265
1497
4354
18
2952
16
277
38474
352
1033
22
5119
307
351
6441
18075
22
680
461
38474
352
1033
21
17
21
5119
307
351
6441
18075
21
17
21
680
957
1387
2693
304
387
100849
1480
277
11183
302
5463
297
648
20
16
1033
21
17
21
65
341
402
265
1497
4354
936
277
11183
302
5463
297
648
20
16
1033
22
1807
2209
4924
20672
1480
539
436
83084
1217
19720
386
436
19377
1347
1497
6842
31051
18
461
68993
302
19720
341
4080
1480
277
1682
26649
5912
1154
341
5047
396
277
1435
302
32088
297
648
20
16
5879
1807
461
7878
302
1682
26649
5912
1347
265
6842
4354
38474
402
6152
53432
341
4309
15470
302
277
4354
302
277
5879
1794
16
1480
411
10044
32962
277
5879
396
265
1435
402
386
1451
27740
16
689
277
1682
302
32088
778
304
5879
341
7821
302
277
11183
4354
396
1423
396
539
11743
402
6152
53432
18
2952
16
341
277
38474
494
1193
352
1682
26649
5912
5311
808
13
4309
352
839
5879
1794
35
8520
16
1480
539
2489
277
5879
396
265
1794
302
27740
16
306
539
1682
616
5463
499
225
20
304
5879
498
11532
616
14387
14580
302
4354
307
344
4271
307
341
277
4354
302
277
5879
1794
13
386
436
6758
5879
890
26335
396
5463
344
5324
6152
53432
6751
680
957
19720
1450
11795
7662
3984
1480
352
839
11795
1150
6758
5879
16
969
11183
402
7662
307
27740
344
1892
3504
402
6152
53432
13
341
265
14387
1794
302
4354
307
386
341
6758
5879
35
41729
16
592
307
341
277
4354
302
277
5879
1794
16
1232
352
839
11795
1150
6758
5879
16
539
530
11743
411
402
6152
53432
304
4354
307
16
306
386
84267
1794
642
361
6758
5879
890
5071
14387
498
14387
35
3557
13375
18
1563
2024
16
5879
351
373
1296
6
344
82
33
23
680
14994
11795
1150
351
225
959
18
10262
84267
11183
341
373
25118
3210
35902
373
25118
6
304
373
1296
1023
468
1058
14387
16
489
20
11
7248
489
21
747
2650
489
20
11
460
489
21
747
373
25118
6
460
373
1296
3210
2586
1850
33649
18
1563
11795
1150
351
225
1296
16
84267
373
1296
6
25782
5879
16
33649
18
1563
11795
1150
351
225
6681
16
84267
373
6681
6
1518
5879
16
516
33649
18
2586
14233
16
277
867
302
84267
14580
302
4354
307
386
436
6758
5879
21062
7662
304
32088
225
20
568
14627
18
2586
277
38474
341
4309
382
27872
16
1682
26649
5912
5311
808
13
341
4309
382
8311
16
68993
302
19720
499
1217
1497
5879
31051
341
4080
1480
1682
26649
5912
5311
808
13
341
277
1682
302
32088
778
304
5879
16
61652
302
4354
18
2586
1850
6772
382
23928
386
16
3097
1011
954
38474
3050
225
16611
15213
27745
4993
302
225
17078
35
3483
1011
2676
386
954
38474
494
1682
26649
5912
352
277
1217
25573
341
1115
498
265
5980
420
2761
18
22977
277
38474
494
14387
4455
25284
341
1610
6227
53786
2920
304
277
911
302
1219
37438
306
2687
37438
499
277
12688
1154
16
689
8696
903
341
265
11336
297
277
60860
30
699
37438
1518
2687
37438
30
4622
18
9405
6772
382
2608
8696
277
11336
341
386
539
436
1347
277
1656
1219
37438
306
2687
37438
352
1804
8877
16
689
277
38474
494
15338
4550
5119
1219
37438
306
2687
37438
18
9405
6772
382
20822
16
903
341
265
30495
11336
30
610
277
38474
16
539
569
1375
359
912
1377
307
638
298
758
225
21
592
1219
37438
6758
3285
37438
6758
2687
37438
1625
225
20
300
2608
6035
386
3285
37438
341
277
4455
302
27740
15267
713
3312
16
697
4059
616
27740
18
2952
16
352
5463
402
6152
53432
16
277
4455
4059
53432
16
697
341
6772
18
2209
1065
819
277
1690
1207
277
5879
674
6152
53432
35
887
4007
382
2608
903
341
265
3242
4264
30
461
38474
19720
5463
499
225
20
304
5879
24273
18
2952
16
890
539
17208
1682
26649
5912
18075
21
17
21
733
539
436
2291
225
20
18
2209
592
1033
21
341
225
21
16
4924
6772
18
2209
1065
592
1033
21
341
2761
1013
225
622
35
5489
1033
21
17
21
351
225
29
16
306
1682
26649
5912
12
29
13
4059
5463
225
20
568
29
18
9405
6772
382
8311
16
8696
277
11336
341
386
277
38474
494
77647
5119
312
625
28090
16
306
277
11057
1993
4059
3285
37438
16
697
341
387
11795
18
2952
16
6035
386
3285
37438
530
361
778
304
2687
37438
344
4120
680
2209
277
38474
874
361
2988
402
3285
37438
2911
386
436
2336
936
1219
37438
16
306
1731
436
33913
18
9405
6772
382
2608
903
341
265
3242
11336
30
461
38474
1414
516
4015
277
11057
1360
1497
8877
304
65293
2223
277
1656
1682
26649
5912
18
9405
6772
1480
539
1587
57687
3796
46800
8877
382
8311
16
8696
277
11336
341
386
539
436
1347
277
1656
1154
1227
489
56722
11
297
1450
1682
26649
5912
16
689
277
11057
341
621
1154
2168
16
713
6772
382
23928
277
2927
66504
16
2964
6857
304
1761
386
8696
277
38474
341
4309
306
277
4655
3032
352
386
1310
341
225
16611
15213
27745
16
306
277
225
17078
341
265
20511
18
2209
277
1310
36033
225
17078
306
18048
18
2586
539
1008
304
3271
225
17078
18
22547
411
361
386
277
2746
494
8559
302
14387
37438
3974
13
341
1497
35
1563
2024
16
8696
14387
37438
3974
13
341
277
4455
302
27740
302
1150
890
5448
2142
6152
53432
16
689
4924
277
1656
396
2291
53432
18
2523
5052
382
25790
14387
37438
3974
13
341
5047
396
277
4455
302
27740
302
1150
297
3349
225
622
16
689
1150
341
2688
396
265
1794
16
306
8696
724
1994
277
14387
4455
302
277
1794
11183
2142
6152
53432
16
689
4924
277
1656
382
44125
277
1154
1196
1682
5463
1150
1175
386
1033
21
6758
1150
6758
1033
22
306
1219
37438
6758
14387
37438
3974
13
6758
2687
37438
16
689
14387
37438
3974
13
341
19377
366
277
35576
1333
302
1150
16
516
366
277
1794
11183
402
6152
53432
18
9405
1065
539
589
382
8355
20017
382
19477
2050
304
17208
277
38474
352
277
2927
1690
20488
1347
265
31420
4158
304
1565
1065
277
4309
3032
2428
361
18
7517
539
4445
1774
2363
16
539
2428
5842
304
3368
819
277
38474
494
67848
498
11532
3242
1115
14530
20740
7783
297
277
13334
13667
382
5158
2670
1115
14530
20740
2615
297
14387
38474
341
297
277
4550
352
699
872
502
18
4195
32200
911
699
872
502
351
13334
306
344
72
1377
4753
680
2209
6035
386
4753
341
853
5311
808
74686
6577
592
13334
1625
225
29
18
2952
16
890
13334
341
7143
16
306
539
59689
282
499
225
20
304
4753
16
539
17208
699
872
502
351
13334
306
344
72
1377
4753
680
9405
4309
18
2209
1065
819
890
13334
341
7143
306
539
569
282
1377
4753
16
539
5001
13334
31
7494
16
539
3456
516
13334
18
9405
4309
382
2608
903
341
265
30495
11336
30
610
910
32200
16
724
911
4753
351
853
5311
808
74686
6577
592
13334
1625
225
29
16
306
1232
352
282
297
2783
124651
15
21
2738
724
867
699
872
502
351
13334
306
344
72
1377
4753
680
2952
16
592
13334
341
7143
306
4753
341
277
14387
16
1232
890
282
1377
4753
16
699
872
502
351
7143
18
2209
1065
819
890
13334
341
8077
35
5489
699
872
502
351
8077
306
344
72
1377
4753
13
351
8077
18
9405
6772
382
8311
16
1994
277
1690
1207
13334
341
7143
306
539
569
282
460
4753
18
5489
699
872
502
351
8077
18
3483
2767
277
10652
27740
530
361
4907
344
20
17
29
680
9405
4309
382
27872
16
38474
5563
4309
382
25790
277
11336
341
386
539
436
1347
277
6307
489
25665
11
5451
277
9284
16
689
539
851
911
411
297
699
872
502
18
9405
6772
382
2608
903
341
265
3242
11336
30
610
277
38474
16
539
17208
4753
351
853
5311
808
74686
6577
592
13334
1625
225
29
18
5489
539
9284
282
297
2783
124651
692
225
21
680
1563
1450
282
16
539
17208
699
872
502
351
13334
306
344
72
1377
4753
680
2952
16
6035
386
890
13334
341
7143
16
4753
341
5879
74686
2315
306
277
4550
344
72
1377
4753
13
5119
277
1656
4753
6307
18
2209
592
13334
341
8077
16
4753
341
225
29
16
306
344
72
1377
4753
13
1387
361
1641
352
282
33
29
18
2209
2650
13334
341
8077
16
699
872
502
351
8077
306
344
72
1377
225
29
13
351
8077
18
2586
840
4264
382
8311
16
1065
819
277
1690
1207
13334
341
7143
306
539
569
5879
74686
65
351
225
20
35
5489
4753
351
225
20
16
9284
282
33
20
1094
18
282
1377
4753
1641
16
713
699
872
502
351
7143
306
7143
351
7143
18
9405
4309
382
27872
16
38474
5563
4309
382
23928
277
8221
16
8696
277
4264
341
386
277
38474
494
77647
5119
175676
77647
306
277
1154
341
5047
5451
1682
26649
5912
16
306
539
436
1347
312
625
28090
697
874
3866
277
1154
304
361
165953
420
2761
35
2523
382
44125
277
11336
341
386
539
436
1347
277
1656
6307
1227
489
14627
11
5451
1682
26649
5912
306
851
297
277
12688
1154
35
3557
382
19477
15698
277
2363
1754
352
839
20175
7783
18
461
2363
5563
6772
382
25790
277
11336
341
386
539
436
1347
277
499
136060
1250
312
625
28090
5451
277
1154
16
697
341
6772
382
2608
6035
30
610
11636
16
277
312
625
28090
98604
79222
2387
366
10235
18
461
10235
2549
3285
37438
16
697
530
361
778
304
225
4120
18
9405
6772
382
10917
16
903
341
265
3242
3892
4264
30
461
11057
874
4793
1451
5267
16
689
4924
6772
382
23928
277
15924
16
2964
11532
386
8696
277
38474
341
4309
16
306
277
1310
8221
341
2920
304
387
2615
297
277
1310
5513
16
306
539
1196
14801
411
18
2209
539
1998
1717
277
6292
382
44125
277
4377
341
304
3138
265
717
14946
38474
386
5119
59038
4158
420
28506
277
25573
12989
16
306
277
11336
539
569
341
386
539
436
516
11532
277
1689
386
277
5463
436
2688
396
14580
306
539
1008
304
2489
1019
396
3089
32088
16
689
954
38474
1414
382
13617
3592
30
461
38474
5119
77647
306
312
625
28090
16
689
277
11057
1993
4059
3285
37438
16
697
341
387
11795
18
2952
16
277
38474
1154
341
5047
5451
1682
26649
5912
16
306
1682
26649
5912
341
2988
12775
18
461
65293
1154
341
5047
130517
1450
845
16
402
969
1902
24609
898
5879
18
9405
6772
18
2952
16
903
341
265
202267
30
461
312
625
28090
98604
79222
277
2527
2387
366
277
10235
18
7517
277
1154
341
5047
5451
1682
26649
5912
16
306
1682
26649
5912
341
2988
4347
3041
16
1450
1465
12651
265
699
65293
1154
18
2586
277
11057
341
8076
1450
845
18
9405
1622
382
2608
8696
903
341
265
11336
30
610
277
38474
16
539
911
277
6307
489
1386
37438
11
306
489
4956
37438
11
499
277
12688
1154
16
689
724
436
516
7895
396
10235
18
2952
16
277
65293
1154
341
5047
5451
1682
26649
5912
16
697
341
5451
1682
129966
2907
184257
16
713
411
42361
1219
37438
306
2687
37438
499
1682
129966
2907
184257
18
9405
6772
382
2608
1065
592
539
41858
1161
277
1656
6832
35
2523
382
8311
16
8696
277
11336
341
386
539
436
1347
277
1656
6307
1227
489
43052
11
5451
1682
26649
5912
35
3557
382
23928
277
845
16
342
1761
539
1008
304
2050
304
5782
277
3018
11336
498
26565
819
277
2927
1690
18
7517
277
38474
6714
225
16611
15213
27745
16
8696
277
1641
4309
3032
341
225
17078
16
306
954
38474
341
898
213322
1480
411
4059
5463
402
6152
53432
386
4850
304
277
1656
11795
396
5463
2142
6152
53432
35
2209
539
23069
386
11183
341
4936
402
6842
4354
18
2952
16
341
411
4936
890
539
569
1217
1497
31051
35
1563
2024
16
1994
11795
225
25
18
887
530
361
12240
396
373
25
6
297
4354
225
21
16
306
396
373
2113
6
297
4354
225
22
18
610
954
38474
16
890
539
17208
1682
26649
5912
352
265
5879
302
4354
307
16
539
1994
616
14387
14580
302
4354
307
386
436
6758
5879
18
3483
4059
26686
402
6152
53432
18
2209
6035
386
352
265
2688
11795
1150
16
903
874
361
4347
84267
26686
302
1497
31051
386
436
6758
5879
35
1563
265
6842
5879
4354
307
16
1450
11795
1150
6758
5879
674
7662
730
84267
11183
302
4354
307
344
1892
8811
6152
53432
680
2586
1850
4936
18
2586
840
4638
244764
382
2608
1065
819
277
68993
35
1283
17208
1682
26649
5912
18075
22
13
402
307
22
351
6441
18075
22
733
306
1682
26649
5912
18075
21
17
21
13
402
307
21
351
6441
18075
21
17
21
680
1563
387
11795
1150
297
648
2258
21
16
1033
22
2315
969
84267
11183
402
4354
307
22
874
569
6152
53432
592
1150
674
17156
27740
936
307
22
18
10262
84267
11183
402
4354
307
21
341
1497
18
2952
16
539
436
516
1347
277
1656
11183
352
1804
19720
18
1283
436
27946
277
1656
11795
1150
297
1804
1682
26649
5912
18075
22
13
306
1682
26649
5912
18075
21
17
21
13
592
1150
6758
1033
21
17
21
35
2209
539
57859
16
713
539
29082
1731
18
461
4264
341
386
1682
26649
5912
18075
21
17
21
13
19720
1150
592
1150
6758
1033
21
17
21
16
15470
302
277
4354
1161
18
9405
6772
1480
1850
277
1656
11795
18
2586
68993
4229
382
2608
341
903
265
2996
386
1682
26649
5912
18075
21
17
21
13
2428
1682
910
32088
386
436
516
3757
6758
1033
21
17
21
1480
302
6152
7810
3504
35
2523
16
1480
277
84267
11183
302
4354
307
21
344
8781
341
20906
936
307
22
13
352
5463
2336
936
225
622
44930
82
21
17
21
13
1011
569
6152
53432
16
689
890
5071
304
5879
1033
21
17
21
344
8781
674
4354
307
21
733
277
9540
341
14387
49343
499
277
2454
18
7517
539
11743
304
7662
307
21
27740
16
277
9540
4229
30
592
277
84267
11183
341
6758
5879
16
1232
277
11795
341
6758
5879
18
2586
1850
4309
382
27872
16
68993
341
6772
382
25790
277
11336
341
386
539
436
1347
277
6078
5879
352
277
3598
4753
30
1033
21
17
21
2428
569
265
1497
4354
16
306
954
38474
352
1682
26649
5912
18075
21
17
21
13
5119
307
351
6441
18075
21
17
21
680
2952
16
890
539
57859
16
539
436
10044
27946
32088
499
225
20
304
1033
22
30774
32088
499
225
20
304
1033
21
17
21
18
9405
4309
18
2586
840
4264
382
23928
277
2927
66504
16
2964
6857
304
18294
386
277
38474
494
14387
4455
25284
2428
361
6227
53786
2920
304
277
1689
386
539
436
1347
1219
37438
306
2687
37438
499
277
12688
1154
16
689
8696
277
38474
1196
2489
277
14387
4455
302
277
1435
2142
6152
53432
16
306
352
5463
402
6152
53432
16
277
14387
4455
1196
361
19377
366
277
1435
2142
6152
53432
18
2952
16
297
954
38474
16
539
4455
616
27740
2291
6152
53432
16
697
15013
7810
16
713
1850
277
1656
396
4455
302
1713
88223
27740
18
2586
840
5052
382
2608
1065
819
277
1435
225
20
35
10262
14387
4455
341
225
20
18
9405
6772
382
27872
16
2964
20017
382
25790
277
11336
341
386
277
38474
5119
77647
306
312
625
28090
16
689
277
11057
1993
4059
3285
37438
16
306
3285
37438
530
361
778
304
225
4120
16
689
277
38474
874
361
2988
402
3285
37438
2911
386
436
5762
936
2687
37438
2920
304
910
11336
35
1283
569
60860
699
37438
1518
2687
37438
16
713
3285
37438
3042
33572
2687
37438
18
2586
6772
382
25790
277
11336
341
386
539
436
516
1347
68437
12989
890
19210
499
65293
30
2983
351
344
12815
692
65293
57972
1149
1577
28157
18
9405
6772
382
2608
8696
277
11336
341
386
539
436
1347
277
1656
28157
352
1804
1682
26649
5912
306
277
2522
1193
16
689
4924
6772
382
19477
1994
277
12634
386
277
38474
494
77647
8597
2428
3866
265
9144
13304
352
2927
307
35
225
1336
341
6772
382
25790
277
11336
341
386
539
436
1347
312
625
28090
16
689
277
1154
65293
341
5047
402
10235
386
2549
265
4989
344
78152
680
610
11636
16
4989
341
265
60241
302
853
16
306
11924
547
18
9405
6772
382
23928
277
15924
16
342
1761
539
1196
2050
304
3138
277
38474
297
265
1497
1528
16
9745
1347
59038
38474
420
1347
265
717
12349
42626
1701
16
304
1565
592
411
36270
277
4264
18
2209
2650
539
4445
1774
16
539
1008
304
1761
302
277
11336
382
19477
316
195488
277
38474
297
4249
302
4350
14387
38474
18
32468
16
277
38474
341
1375
1847
29124
40815
16
13334
16
4455
2407
298
592
912
1377
307
30
758
225
21
592
1219
37438
6758
4455
6758
2687
37438
1625
225
20
203
298
4753
351
853
2350
74686
6577
592
13334
1625
225
29
203
298
2983
351
225
20
203
298
352
282
297
2783
124651
15
21
2407
348
592
4455
692
282
1518
2687
37438
30
4622
203
348
2983
4284
29124
40815
15
21
16
13334
306
282
582
25665
16
4455
70073
465
298
758
2983
1577
28157
300
16763
1065
539
569
382
8311
16
265
2670
17422
341
304
687
52448
22124
352
27946
5463
402
265
2688
14387
4455
352
277
10652
10690
16
689
516
4494
382
25790
277
11336
341
386
539
436
516
13667
277
1690
1207
277
5879
674
6152
53432
35
2209
411
4007
382
13617
3592
30
461
38474
5119
277
5879
1794
396
2688
16
689
1065
592
277
5879
1794
674
6152
53432
35
461
2746
4060
1033
21
306
1033
22
436
35576
14580
16
713
724
17420
569
6152
53432
18
2586
6772
382
25790
277
11336
341
386
539
436
1347
277
1656
6307
1227
489
14627
11
297
1682
26649
5912
306
851
297
277
12688
1154
16
689
4924
6772
382
23928
277
845
16
342
1761
539
1196
2050
304
1565
592
903
341
839
1115
14530
20740
297
277
68993
30
15018
539
911
1682
26649
5912
18075
22
13
506
1682
26649
5912
18075
21
17
21
13
420
1682
26649
5912
18075
22
13
506
1682
26649
5912
18075
21
13
692
344
280
1033
21
1622
15309
8801
1682
26649
5912
18075
21
17
21
13
4059
5463
778
304
1033
21
17
21
16
516
2291
1033
21
18
2586
68993
6632
5463
499
1033
21
304
1033
22
24273
18
9405
4309
382
2608
1065
592
1033
21
351
225
20
35
3557
6751
382
8311
16
8696
277
11336
341
386
539
436
516
13667
277
1690
1207
1033
21
341
225
21
306
1033
21
17
21
351
225
20
16
306
1682
26649
5912
711
20
2191
4059
225
20
18
9405
6772
382
23928
277
8221
16
2964
11532
386
9745
277
38474
494
13667
302
277
14387
4455
352
5463
402
6152
53432
341
12267
387
4264
1480
277
14387
4455
302
265
1435
1013
225
409
1424
20
341
225
20
16
689
890
539
57859
16
539
2428
361
83084
225
20
53786
592
225
20
341
33649
297
1804
19720
35
2209
225
20
341
1094
297
1682
26649
5912
18075
21
17
21
13
592
1033
21
17
21
6743
225
20
18
1563
1033
21
34
21
16
1033
21
17
21
6743
21
16
713
225
20
341
5101
297
1682
26649
5912
18075
21
17
21
13
592
1033
21
17
21
6743
20
16
697
411
341
18
2209
225
20
341
851
5101
297
1682
26649
5912
18075
22
13
592
1033
22
6743
20
16
697
411
341
18
2586
225
20
341
33649
297
1804
16
306
68993
34808
411
18
9405
6772
382
8311
16
8696
277
11336
341
386
277
38474
494
14387
4455
25284
4059
1219
37438
306
2687
37438
16
689
277
38474
2428
361
27946
5463
386
569
14387
4455
7662
297
2783
16
689
539
851
1008
304
4802
386
277
1435
1150
5513
341
2223
648
2258
21
16
1033
22
1807
9405
3410
382
8355
2540
304
2050
304
13762
498
20488
13131
277
38474
352
277
2927
1690
1347
265
7922
49010
15277
1207
539
530
17208
1804
38474
306
88934
5664
304
1565
592
38474
341
4309
18
7517
539
4445
1774
2363
16
539
1008
304
1761
302
265
1310
1690
386
341
3600
297
3920
689
7922
18
1563
2024
16
1863
1033
21
306
1033
22
396
2164
5463
402
1656
5657
4619
35
3557
2897
382
23928
277
15924
16
9745
277
11336
341
386
539
436
1347
312
625
28090
16
689
277
1154
65293
341
5047
5451
1682
26649
5912
16
306
539
436
1347
277
1656
1154
1227
297
1450
1465
16
689
277
11057
2428
32138
3796
8877
592
539
37224
277
1656
1154
2168
35
2523
16
1450
1465
12651
265
699
1154
382
2608
903
341
265
202267
30
610
11636
16
277
312
625
28090
98604
341
6227
304
277
1154
468
8559
845
18
1437
539
8483
65293
5451
1682
26649
5912
16
1232
1450
845
1682
26649
5912
341
2988
16
265
699
65293
1154
2168
341
4202
16
402
969
1902
11057
18
2586
4924
6772
382
8311
16
8696
277
11336
341
386
539
436
1347
277
1656
6307
1227
489
56722
11
297
1450
1682
26649
5912
16
689
4924
6772
382
23928
277
845
16
342
1761
539
1008
304
1994
277
12634
386
277
38474
341
4309
306
277
4655
3032
352
277
1310
341
225
16611
15213
27745
16
306
277
225
17078
341
265
103364
18
2209
277
1310
386
18048
341
277
225
17078
730
16
713
539
1008
304
3271
225
17078
18
22547
539
14637
277
38474
304
3271
225
17078
352
386
3018
2740
1706
2188
1610
4309
352
3575
35
3483
1011
361
56858
16
689
8696
277
2746
36033
471
304
3138
265
4309
4377
16
306
277
6292
436
4309
396
2688
18
2586
539
1998
1511
277
11336
382
19477
15698
277
38474
717
14316
352
3242
1115
14530
20740
297
277
14387
4455
2783
30
461
38474
4059
5463
402
14387
4455
7662
1219
37438
306
2687
37438
18
9405
4309
382
2608
8696
277
1154
36033
14387
37438
3974
13
304
361
277
4455
302
27740
302
1150
890
1150
341
5448
297
3349
225
622
2142
6152
53432
16
306
539
436
2291
6152
53432
297
277
4455
35
2952
16
6152
53432
919
7810
16
713
1850
277
1656
18
34159
724
1994
277
14387
4455
302
277
1435
396
277
4455
302
969
27740
297
969
4350
11183
16
697
1414
516
2549
6152
53432
18
9405
7662
1065
539
569
1480
539
4455
616
27740
297
277
11183
16
2291
6152
53432
16
689
6152
53432
436
516
766
302
277
4350
11183
18
2952
16
890
539
11743
402
6152
53432
16
539
436
8811
27740
386
436
516
766
302
277
4350
11183
18
2209
1414
386
3910
277
4455
35
41526
53432
1414
516
2312
277
4455
18
2586
277
4455
302
616
27740
297
277
84267
11183
25782
277
4455
302
27740
297
277
4350
11183
18
2586
1850
6772
382
2608
5522
30
1563
277
1435
225
20
16
4350
11183
341
373
20
728
14387
4455
225
20
18
5641
84267
11183
352
4354
1518
21
341
373
409
728
4455
225
20
18
29483
382
27872
16
6772
382
8311
16
8696
277
11336
341
386
277
38474
19720
5463
402
6152
53432
396
9746
499
5463
2142
6152
53432
890
277
5879
674
265
1497
4354
35
2209
539
23069
64433
352
265
2688
5879
4354
382
2608
1994
277
1435
225
25
18
610
1682
26649
5912
711
25
2191
344
82
33
21
733
411
341
12240
396
373
25
3210
610
1682
26649
5912
711
2113
2191
344
82
33
22
733
411
341
12240
396
373
2113
3210
2209
1682
26649
5912
711
2113
2191
1011
569
5879
1794
373
2113
728
697
341
516
265
4080
5879
621
2746
344
29753
1033
22
1196
516
569
6152
53432
680
2586
539
1907
569
386
382
27872
16
616
1622
382
23928
277
131302
16
342
1761
539
1196
2050
304
3138
277
38474
297
265
1497
1528
386
2428
361
717
25485
30
5904
265
46800
1154
402
42626
1701
366
344
1084
16
13334
16
4455
13
689
1347
387
12349
20078
16
306
4802
539
5203
277
25573
12989
18
2209
4924
15837
277
1656
382
25790
277
11336
341
386
539
436
1347
277
6307
489
14627
11
5451
65293
16
689
539
436
39173
411
35
2523
382
19477
1538
468
277
2363
352
839
20175
7783
30
461
2363
5119
489
3161
136060
1250
312
625
28090
11
5451
1682
26649
5912
18
9405
6772
18
887
5119
1029
80
625
28090
20399
6118
15298
680
9405
6772
382
2608
6035
30
610
11636
16
277
312
625
28090
98604
79222
2387
366
277
10235
18
2952
16
592
539
8483
65293
5451
1682
26649
5912
16
306
539
1465
65293
86842
16
277
11057
642
4793
2527
352
1450
344
1084
16
13334
16
3285
37438
680
9405
6772
382
8311
16
903
341
265
3242
11336
30
461
1154
65293
5119
277
6307
489
14627
11
499
277
12688
9480
18
2952
16
592
539
1465
1682
26649
5912
4347
3041
16
1450
1465
18948
265
699
65293
402
969
1902
24609
898
969
1902
5879
18
9405
6772
382
2608
1065
819
277
1689
386
539
436
1347
277
1656
1154
1227
489
56722
11
297
1450
1465
35
9405
6772
382
8311
16
8696
277
11336
341
386
539
436
1347
277
1656
6307
1227
489
1084
11
306
489
11978
37438
11
3796
1497
8877
35
9405
6772
382
23928
277
845
16
342
1761
539
1008
304
2050
304
1565
592
277
38474
1387
361
4309
306
277
1310
8221
341
2920
304
265
20511
297
277
1310
18
7517
277
2746
4060
373
5677
4222
59947
5533
213288
728
539
4273
2312
277
6292
18
2586
539
1998
10987
277
6292
436
4309
382
25790
277
11336
341
386
539
436
516
11532
277
1689
386
277
5463
436
14580
16
306
539
1008
304
2489
1019
396
3089
32088
16
689
954
38474
1414
382
13617
10149
30
22977
277
1154
1196
1682
5463
1150
1175
386
1033
21
6758
1150
6758
1033
22
306
1219
37438
6758
14387
37438
3974
13
6758
2687
37438
16
689
14387
37438
3974
13
341
5047
396
277
4455
302
27740
302
1150
890
1150
341
5448
297
19229
2142
6152
53432
18
2952
16
297
954
38474
16
352
5463
402
17156
27740
936
277
5879
4354
16
539
436
2291
6152
53432
16
697
10044
9063
277
4354
302
277
14387
1794
16
689
1414
516
3910
4455
18
2586
1850
6772
382
2608
1994
277
1435
225
20
18
887
674
14387
4455
225
20
18
1437
1219
37438
6743
21
16
225
20
341
516
33649
18
2586
6772
382
8311
16
8696
277
11336
341
386
277
38474
4059
5463
402
6152
53432
16
306
890
539
57859
1682
26649
5912
18075
21
17
21
733
539
2428
361
83084
5463
386
569
6152
53432
297
277
11183
352
1033
21
17
21
689
516
352
1033
22
16
6152
304
265
56793
297
277
867
302
32088
33649
35
2209
277
867
302
32088
341
277
1656
31
277
11183
4354
4007
5002
18
461
1682
26649
5912
1154
341
5047
396
277
1435
302
32088
6758
5879
18
2586
396
1423
396
1682
26649
5912
5311
808
13
12989
19720
277
32088
16
1850
6772
18
2586
277
4354
1161
297
38474
1414
516
3910
277
1682
16
396
1423
396
277
38474
341
11029
12989
18
2586
954
38474
1998
12989
1682
32088
6758
5879
15470
302
277
1794
4354
1161
18
3483
5563
304
361
277
1690
352
2164
7120
382
19477
1310
2484
2164
1690
1207
5879
674
4354
1497
499
277
5772
1435
302
27740
18
1563
2024
16
5879
351
373
1296
3210
1283
3402
10753
352
14387
4455
225
21
306
3289
225
23
16
697
341
4309
18
1563
14387
4455
225
22
35
16473
1310
5879
508
1296
728
1219
37438
33
22
102940
37438
33
22
18
36902
402
14387
4455
225
22
6758
1296
30
225
22
16
807
16
696
16
6681
35
516
6758
1296
18
6755
225
6681
341
1518
1296
18
2586
5463
30
225
22
16
807
16
696
18
6755
8696
225
6681
35
840
18
6755
225
6880
35
840
18
6755
225
2393
35
840
18
6755
225
1296
35
4455
33
21
18
6755
225
20
35
4455
20
18
2586
2983
225
23
18
16473
1565
592
38474
1011
3050
225
23
18
1283
530
37687
6697
30
307
33
23
16
5879
63
20
116751
21
747
5879
63
21
116751
20
747
5879
63
22
116751
20
6627
27969
6724
38474
382
8311
16
1994
5879
351
373
959
6
344
82
33
22
680
36902
402
14387
4455
225
22
30
225
22
16
807
16
696
18
9405
225
23
18
38474
1196
3050
225
23
382
27872
16
38474
5563
4309
382
23928
277
177281
16
2964
2540
304
1994
386
277
38474
2428
361
4309
16
306
277
1310
8221
341
2920
304
387
2615
297
277
1310
18
2209
2650
539
4273
14637
6292
16
539
1008
304
1265
954
7878
4475
277
1310
18
22977
539
530
5628
277
3018
2740
306
2702
3646
277
3032
35
3483
1011
361
56858
16
689
8696
277
1181
36033
386
35
2952
16
277
2746
4060
373
4399
3138
277
1154
4546
728
713
539
1196
3138
265
3449
4377
16
516
2702
3646
382
2608
2688
277
73411
6292
16
8696
277
1749
40439
344
16611
15213
27745
13
341
277
4309
3032
16
306
277
1058
344
17078
13
341
265
20511
18
2952
16
277
1058
1310
341
9603
1714
277
1749
16
306
277
2615
3270
4060
277
40439
352
225
17078
7935
18
2586
954
7878
8938
225
16611
15213
27745
16
12267
386
8221
18
2586
277
1181
36033
225
17078
18
2586
539
1008
304
3271
225
17078
382
27872
16
539
1008
304
7016
277
38474
304
3271
225
17078
352
386
1690
382
25790
277
11336
341
386
539
436
1347
277
1656
1219
37438
306
2687
37438
352
1804
1682
26649
5912
8877
16
689
277
38474
352
1682
26649
5912
18075
21
17
21
13
1196
1994
277
2783
648
1386
37438
16
2687
37438
65
396
1357
16
697
411
1414
18
2586
6772
382
44125
277
11336
341
386
539
436
516
13667
277
1690
1207
1033
21
17
21
674
265
1497
4354
306
277
38474
494
13334
13667
2428
361
1115
1480
277
5879
1794
494
4354
341
1497
499
277
4354
302
1033
21
35
2209
539
23069
1850
6772
382
19477
1310
265
15277
1207
1033
21
306
1033
22
569
1497
31051
306
1565
592
954
38474
2428
6496
6078
2527
18
1563
2024
16
1033
21
508
1296
728
1033
22
508
2393
3210
5489
1033
21
17
21
508
959
3210
1283
530
88934
5664
2164
1690
35
2209
539
4445
17208
1743
382
2608
8696
903
341
265
3162
11336
297
14387
38474
890
277
5879
674
265
14387
386
341
225
20
306
13334
341
7143
16
306
539
867
699
872
502
351
13334
306
344
72
1377
4753
680
2952
16
890
13334
341
7143
306
4753
351
5879
74686
2315
306
539
569
282
460
4753
16
539
867
699
872
502
351
8077
18
9405
4309
18
2209
1065
819
890
13334
341
7143
306
539
569
282
1377
4753
16
539
867
699
872
502
351
7143
18
9405
4309
18
2952
16
903
341
265
122221
30
2973
13334
341
7143
306
539
569
282
1377
4753
16
689
4753
2428
361
277
2009
14387
35
9405
6772
382
2608
342
19877
265
3242
11336
30
610
910
38474
32200
16
724
911
699
872
502
351
13334
306
344
72
1377
4753
13
689
724
8483
4753
351
853
5311
808
74686
6577
592
13334
1625
225
29
18
2952
16
890
13334
341
7143
16
4753
351
5879
74686
1807
2209
1232
297
277
9284
16
724
911
352
282
297
2783
124651
15
21
2738
306
17208
699
872
502
351
13334
306
344
72
1377
4753
680
9405
4309
18
2952
16
903
341
265
30495
4264
30
461
4550
344
72
1377
4753
13
5119
277
6307
4753
16
697
341
277
1843
14387
494
5879
18
2209
1325
539
19706
912
16
539
1008
304
1287
277
5879
14387
352
277
2475
2413
18
9405
8805
297
5879
74686
15
21
1807
2586
1850
6772
382
8311
16
8696
277
11336
341
386
539
436
1347
277
1656
6307
1227
489
25665
11
5451
277
9284
306
1232
1347
411
297
699
872
502
18
9405
6772
382
23928
277
845
16
342
1761
539
1008
304
2050
265
1497
4158
30
38630
277
38474
1347
265
717
12349
1889
306
9745
911
265
42626
1701
20078
402
344
1084
16
13334
16
4455
13
396
1993
16
689
1347
83907
18
9405
15837
277
1656
382
25790
277
11336
341
386
539
436
1347
77647
306
277
11057
1993
4059
3285
37438
16
689
3285
37438
530
361
778
304
225
4120
16
689
539
436
516
1347
68437
297
277
11057
1993
35
3557
4494
382
13617
3592
30
461
38474
2428
361
15926
499
11795
13304
35
3557
297
11636
382
44125
277
11336
341
386
539
436
516
1347
277
68437
12989
890
19210
499
65293
30
2983
351
344
12815
692
65293
57972
1149
1577
28157
18
2209
539
851
1008
304
893
277
758
1333
18
1283
589
386
468
277
1169
382
2608
8696
277
11336
341
386
539
436
516
13997
68437
304
277
2983
1714
19210
35
1283
589
30
2983
351
344
12815
692
65293
57972
1149
1577
28157
16
306
1232
758
2983
18
2586
277
758
341
68437
28157
382
8311
16
1994
277
12634
386
277
38474
494
77647
341
2502
5731
306
11636
22490
77647
4753
35
3557
382
23928
277
15924
16
2964
2540
304
2050
304
20488
17208
277
38474
352
277
2927
1690
1347
265
34200
1557
304
1565
1065
277
4309
3032
1196
361
18
7517
342
4445
1774
2363
16
342
2428
5842
304
32012
277
3032
1347
97102
37309
306
277
12601
16
689
4924
9283
4110
382
25790
277
11336
341
386
539
436
516
13667
277
1690
1207
277
5879
1794
674
4354
1518
225
21
306
277
1058
14387
341
225
20
35
3557
382
45
1761
539
1008
304
1538
468
277
2363
717
14316
352
839
20175
420
18291
7783
382
5158
3645
342
7925
30
610
277
38474
16
539
569
1375
25665
351
853
5311
808
74686
6577
592
13334
1625
225
29
300
2608
6035
386
5879
74686
65
341
265
3083
18
853
5311
808
74686
6577
4229
382
14032
539
9284
352
282
297
2783
124651
692
225
21
16034
1815
872
502
351
13334
306
344
72
1377
4753
994
2608
903
341
265
202267
30
2973
13334
341
7143
16
4753
351
853
5311
808
74686
23923
2952
16
297
277
9284
16
539
911
489
25665
11
396
277
7866
5879
18
2209
890
13334
341
8077
16
4753
351
225
29
18
5489
539
17208
699
872
502
351
13334
306
344
72
1377
4753
13
351
8077
306
344
72
1377
225
29
13
351
8077
18
9405
6772
382
2608
1065
819
890
13334
341
7143
306
539
569
282
1377
4753
35
5489
699
872
502
351
7143
306
7143
351
7143
18
9405
6772
382
8311
16
1994
277
1690
1207
13334
341
7143
306
539
569
282
1377
4753
16
689
4753
341
5879
74686
1807
2952
16
6035
386
5879
74686
65
2428
361
265
1794
1013
489
29
6627
9405
6772
382
8311
16
903
341
265
3242
11336
30
610
277
38474
16
539
911
277
6307
489
14627
11
5451
65293
16
689
539
851
569
265
7273
489
14627
58283
2523
382
8311
16
1761
819
277
12634
386
277
38474
494
77647
341
1347
312
625
28090
16
306
277
11057
1993
4059
3285
37438
16
689
3285
37438
530
361
778
304
2687
37438
18
2952
16
277
38474
874
361
2988
402
3285
37438
2911
386
436
2336
936
1219
37438
16
306
1731
436
33913
18
9405
6772
382
2608
8696
277
11336
341
386
539
436
516
13667
277
1690
1207
277
5879
1794
341
8295
35
3557
382
23928
277
845
16
2964
2540
304
2050
304
3138
265
1497
38474
386
5119
387
59038
4158
402
265
20078
352
42626
1701
16
304
1565
592
411
77872
277
4264
18
2209
539
4445
1774
382
25790
277
11336
341
386
539
436
1347
277
1656
6307
1227
489
56722
11
297
1450
1682
26649
5912
16
306
277
312
625
28090
2428
361
7963
3796
8877
592
539
8483
411
468
665
1839
35
2209
539
8483
411
5451
265
1154
16
713
1850
2326
382
20822
16
903
341
265
30495
11336
30
610
11636
16
277
312
625
28090
98604
341
6227
304
277
1154
468
8559
845
18
1437
539
8483
65293
5451
1682
26649
5912
16
1232
1450
845
1682
26649
5912
341
2988
16
265
699
1154
2168
341
4202
16
402
969
1902
312
625
28090
18
9405
6772
382
2608
1065
592
539
911
1029
80
625
28090
20399
6118
15298
13
2142
67131
35
1283
1161
402
67131
16
713
1850
265
98604
402
7411
382
8311
16
8696
277
11336
341
386
539
436
1347
277
1656
6307
1227
489
43052
11
5451
1682
26649
5912
306
851
297
277
12688
1154
35
3557
382
45
1761
342
1008
304
2672
1132
306
1994
277
12634
386
277
38474
341
4309
306
277
1310
8221
341
2920
304
265
20511
297
277
1310
18
7517
277
2746
341
499
387
2486
15856
16
6848
277
1310
4027
436
8887
306
277
3419
2292
341
1060
352
2326
6726
18
461
12759
373
8940
2292
38460
129966
2907
184257
13
304
1774
6292
1304
10334
386
539
1196
911
386
304
13561
954
4377
18
2209
277
4381
5842
7935
16
713
539
1008
304
7016
411
18
22977
277
2292
1154
341
516
277
5772
1310
20155
31
1850
1060
387
2024
18
2952
16
277
2746
4060
373
10112
616
277
6292
1304
306
277
6292
436
9603
297
277
2292
1154
18
2586
539
1008
304
1717
1019
382
23928
277
54037
16
8696
277
1749
40439
341
3757
352
265
1497
2740
16
306
277
5209
183764
2615
341
386
277
25573
436
6078
18
1563
4681
16
8696
277
20739
1310
341
352
373
23
24640
5460
21058
25029
21452
9718
27391
728
373
27
25268
28208
16035
26709
28026
26122
14575
728
225
10942
16
225
16649
2649
225
17078
16
306
277
30292
1310
341
352
2761
1625
16
1013
373
23
24640
5460
21058
25029
21452
9718
27391
728
373
27
25268
28208
16035
26709
28026
26122
14575
728
225
10942
16
225
16649
2649
225
16611
15213
27745
35
3483
4007
1265
5258
382
25790
277
30292
1310
341
352
265
1497
2783
30
373
23
24640
5460
21058
25029
21452
9718
27391
728
373
27
25268
28208
16035
26709
28026
26122
14575
728
225
10942
16
225
16649
2649
225
16611
15213
27745
16
689
277
25573
436
3757
1497
16
317
1627
1278
373
23
24640
5460
21058
25029
21452
9718
27391
728
373
27
25268
28208
16035
26709
28026
26122
14575
6
341
277
1656
18
2586
840
382
23928
277
845
16
2964
2540
304
10987
386
277
4309
3032
352
277
1690
341
225
17078
16
306
954
38474
341
19210
225
16611
15213
27745
18
2586
539
1008
304
1511
686
3097
277
38474
6714
386
1333
18
22977
277
38474
341
898
213322
498
265
5980
302
2761
2920
304
516
13667
277
14387
4455
25284
12989
352
5463
402
1451
27740
18
14812
277
38474
341
27946
5463
402
14387
4455
297
2783
16
689
411
1196
1094
1682
5463
1207
277
14387
4455
302
1150
344
1833
1435
5513
13
341
297
2783
16
306
539
436
115738
27740
302
277
84267
11183
16
697
4059
6152
53432
16
689
386
4007
2312
4455
18
2586
840
382
20822
16
903
341
265
9019
1646
30
610
954
38474
16
539
436
27946
5463
499
225
20
304
5879
24273
18
2952
16
277
192497
14387
37438
3974
13
341
5047
352
1150
16
516
352
969
84267
11183
18
2209
396
23069
16
277
4455
302
27740
302
277
84267
11183
25782
277
4455
302
27740
302
1150
1480
6152
53432
919
7810
18
2586
1850
6772
382
2608
1065
819
277
1435
225
20
35
10262
84267
11183
674
1451
53432
16
4455
225
20
18
2586
6772
382
27872
16
840
5052
382
25790
277
11336
341
386
539
436
1347
277
1656
1219
37438
306
2687
37438
352
1804
1682
26649
5912
8877
16
689
277
38474
352
1682
26649
5912
18075
21
17
21
13
1196
1994
277
2783
648
1386
37438
16
2687
37438
65
396
1357
16
697
411
1414
18
2586
6772
382
8355
2540
304
2050
304
37687
277
38474
352
277
2927
1690
1347
265
1497
1557
30
8696
539
530
17208
277
1435
302
5463
402
14387
4455
297
648
10942
16
16649
65
297
277
12601
648
23
24640
5460
21058
25029
21452
9718
27391
16
225
27
25268
28208
16035
26709
28026
26122
14575
65
498
1347
97102
37309
306
21032
10128
5905
16
689
4924
2502
9702
382
23928
277
845
16981
16
342
1761
539
1008
304
4369
386
277
38474
341
4309
306
277
1310
341
6078
18
2209
539
4273
2312
277
1310
382
25790
277
2746
341
386
277
38474
5119
77647
306
312
625
28090
16
689
277
11057
1993
4059
3285
37438
16
306
3285
37438
530
361
778
304
225
4120
16
689
277
38474
2428
361
2988
402
3285
37438
2911
386
436
516
83422
12989
1480
3285
37438
341
387
853
16
689
4924
6772
382
13617
4610
30
22977
277
11336
341
386
539
436
516
13667
277
1690
1207
277
5879
1794
674
4354
225
21
306
277
14387
4455
341
7662
2687
37438
16
306
539
569
699
37438
1518
2687
37438
2292
16
689
539
2428
569
387
1115
14530
20740
297
277
4550
18
1563
2024
16
592
699
37438
1377
2687
37438
16
539
1196
4622
16
516
18486
18
5641
4550
341
592
699
37438
1518
2687
37438
30
4622
18
2586
699
37438
1377
2687
37438
341
6751
18
9405
4309
382
8311
16
1065
819
277
15338
4550
30
592
1219
37438
6758
3285
37438
6758
2687
37438
18
9405
24273
382
27872
16
6772
382
25790
277
11336
341
386
539
436
1347
277
6307
489
1386
37438
11
306
489
4956
37438
11
5451
65293
16
689
724
436
516
7895
396
10235
18
9405
6772
1480
724
436
19053
382
2608
1065
592
277
38474
341
5047
5451
1682
26649
5912
16
306
1682
26649
5912
341
2988
402
1497
1219
37438
306
2687
37438
35
610
954
2363
16
1219
37438
306
2687
37438
436
5938
302
1682
129966
2907
184257
16
306
1682
26649
5912
341
5047
5451
411
16
713
411
42361
1731
2911
18
9405
6772
1480
1804
8877
304
1682
26649
5912
1008
277
1656
1219
37438
306
2687
37438
18
2586
840
4264
382
8311
16
8696
277
11336
341
386
539
436
516
1347
277
68437
297
277
758
6434
302
65293
35
1283
589
468
277
1169
382
45
1761
539
1008
304
2050
265
1497
7878
30
5904
265
38474
386
163704
898
277
27740
499
1210
3040
304
2750
16
1347
265
20078
304
4793
5267
344
78152
16
4455
13
352
277
1843
2413
18
957
2428
361
717
12349
306
4928
77647
3933
18
2209
277
77647
341
6772
382
23928
277
15924
16
2964
2540
304
4602
265
699
7878
1347
265
1497
4158
30
5904
265
1154
304
1682
5463
499
225
20
304
5879
24273
402
14387
4455
297
2783
16
1347
38474
402
42626
1701
366
344
1084
16
13334
16
4455
680
2209
4924
277
1656
382
25790
277
11336
341
386
539
436
1347
312
625
28090
16
306
277
1154
65293
341
5047
5451
1682
26649
5912
16
689
277
11057
2428
361
7963
3796
8877
592
539
911
277
1656
1154
2168
35
2523
382
20822
16
903
341
265
3242
11336
30
610
11636
16
890
385
8483
265
1154
5451
2484
1154
16
306
385
911
312
625
28090
366
411
16
277
11057
341
11719
304
277
1154
2168
18
1437
385
8483
65293
5451
1682
26649
5912
16
1232
1450
845
1682
26649
5912
341
2988
16
265
699
1154
2168
341
4202
16
713
277
11057
341
8076
18
9405
1622
382
2608
1065
592
539
98571
8456
277
312
625
28090
98604
468
277
5939
1839
35
1283
4746
382
8311
16
9745
277
11336
341
386
539
436
516
1347
277
68437
890
8811
304
2983
35
1283
436
382
8355
2540
304
2050
304
1774
265
7498
1310
352
265
1690
386
2428
33674
277
11336
18
16473
1863
265
5879
386
341
2927
306
674
265
14387
386
341
225
20
468
910
2413
16
306
1565
592
277
13334
13667
341
4309
18
1563
2024
16
5879
351
373
6681
728
1219
37438
33
21
102940
37438
33
21
18
36902
402
14387
4455
225
21
6758
6681
30
225
21
16
622
16
1296
16
6681
35
6755
225
3528
35
9405
225
21
18
6755
225
3316
35
9405
225
622
18
6755
225
1296
35
9405
225
1296
18
6755
225
6681
35
4455
33
22
18
2586
5463
30
225
21
16
622
16
1296
18
9405
225
23
18
16473
1565
592
38474
1011
3050
225
23
382
2110
530
37687
6697
30
307
33
23
16
5879
63
20
116751
21
747
5879
63
21
116751
20
747
5879
63
22
116751
21
28080
56722
12
20
183551
16
20
2407
1084
20
16
13334
9139
16
4753
33
21
388
72
33
20
30
699
872
502
14040
16
699
37438
33
20
388
56722
12
21
156864
16
20
2738
912
21
16
13334
14040
16
4753
33
29
388
2110
1008
304
1682
5463
402
225
22
27740
344
1084
21
176472
22
13
1207
4455
302
27740
351
21
18
9405
1013
5463
499
225
409
304
225
959
402
14387
4455
225
21
18
226593
30
344
20
16
21
13
306
344
21
16
20
680
2586
225
22
5463
18
2586
13556
225
22
388
72
33
21
30
699
872
502
9139
16
699
37438
33
21
388
56722
12
21
183551
16
21
2738
912
21
16
13334
9139
16
4753
33
20
344
14627
63
21
116751
20
142616
28600
282
499
225
20
304
225
20
638
72
33
20
30
699
872
502
9139
16
699
37438
33
21
388
56722
12
22
183551
16
21
2738
912
22
16
13334
9139
16
4753
33
21
344
14627
63
22
116751
21
142616
28600
282
499
225
20
304
225
21
638
2500
282
22
33
20
30
699
872
502
14040
344
29753
282
22
460
4753
35
4753
33
21
16
282
22
33
20
460
21
16
713
699
872
502
14040
733
699
37438
33
21
16
65293
12
23
156864
16
21
2738
15338
30
225
21
297
2783
1117
21
388
2500
282
22
33
21
30
699
872
502
9139
344
72
22
582
25665
733
699
37438
33
22
16
65293
12
23
183551
16
22
2738
15338
30
225
22
516
297
2783
1117
20
388
4892
499
282
33
21
2481
16
13556
351
225
21
388
10914
351
225
22
15
21
33
23
18
9177
382
4892
38474
4229
382
8311
16
1994
5879
351
373
6880
728
1219
37438
33
21
102940
37438
33
21
18
36902
402
14387
4455
225
21
6758
6880
30
225
21
16
622
16
1296
16
6681
35
225
6681
4455
33
22
16
225
6880
4455
33
22
18
6755
225
3316
35
9405
225
622
18
6755
225
3528
35
225
21
18
6755
225
1296
35
4455
33
21
18
6755
225
6880
35
4455
33
22
18
2586
5463
30
225
21
16
622
16
1296
18
6755
8696
225
6681
35
840
18
2586
225
23
18
16473
1310
38474
30
307
33
23
16
5879
63
20
116751
21
747
5879
63
21
116751
21
747
5879
63
22
116751
20
28080
56722
12
20
183551
16
20
2407
1084
20
16
13334
9139
16
4753
33
21
388
72
33
20
30
699
872
502
14040
16
699
37438
33
20
388
56722
12
21
156864
16
20
2738
912
21
16
13334
14040
16
4753
33
29
388
2110
1008
5463
402
225
22
27740
344
1084
21
176472
22
13
4455
33
21
30
21254
344
20
16
21
13
306
344
21
16
20
680
2209
6035
912
22
341
2009
14387
16
530
361
225
20
17
29
18
2586
344
20
16
21
2738
1435
225
555
1117
225
21
35
41729
27740
30
912
21
33
20
16
912
22
33
21
1117
1435
225
3528
35
9405
225
21
18
344
21
16
20
2738
1435
225
3316
1117
225
622
18
2586
225
22
5463
18
2586
13556
225
22
388
72
33
21
30
699
872
502
9139
16
699
37438
33
21
388
56722
12
21
183551
16
21
2738
912
21
16
13334
9139
16
4753
33
21
344
14627
63
21
116751
21
142616
28600
282
499
225
20
304
225
21
638
72
33
20
30
699
872
502
14040
344
29753
282
32
25665
733
699
37438
33
21
388
56722
12
22
156864
16
21
2738
912
22
16
13334
14040
16
4753
33
29
388
2110
1008
304
1682
5463
402
225
21
14387
344
1084
22
13
1175
386
4455
33
21
30
1094
282
33
21
1117
1435
225
3528
35
41729
27740
30
912
21
33
20
16
912
22
33
21
1117
1435
225
3528
35
26128
277
2833
1435
30
912
20
33
21
16
912
21
33
20
16
912
22
33
21
1117
225
6681
35
9405
225
6681
16
4455
33
22
18
127168
16
17034
30
610
492
11360
16
539
436
468
912
21
16
3285
37438
33
21
344
3161
912
20
680
3092
912
21
16
539
16654
282
33
20
16
713
3285
37438
8320
225
21
18
5489
468
912
22
16
539
1008
265
14387
1175
386
225
21
70073
22
297
648
21
16
21
65
1117
282
22
33
20
18
2586
282
22
33
20
6632
4455
33
21
18
2586
1435
30
225
21
16
20
16
20
1117
225
1296
18
2586
13556
225
21
388
72
33
21
30
699
872
502
9139
344
72
582
25665
733
699
37438
33
22
388
56722
12
22
183551
16
22
2738
912
22
16
13334
9139
16
4753
33
20
344
14627
63
22
116751
20
142616
28600
282
499
225
20
304
225
20
638
72
33
20
30
699
872
502
9139
16
699
37438
33
22
388
56722
12
23
183551
16
22
2738
15338
30
225
22
516
297
2783
1117
20
388
4892
499
282
33
21
2481
16
13556
225
20
388
10914
499
282
33
21
2481
351
225
21
388
32724
2983
351
225
22
15
21
33
23
18
9177
382
4892
38474
4229
382
27872
16
277
38474
8615
4309
352
1131
6292
382
23928
386
16
2964
67942
386
277
38474
341
4309
16
306
277
1310
8221
341
2920
304
387
2615
297
277
1310
18
2952
16
539
4273
2312
277
1310
18
2209
8696
277
1310
341
516
766
302
277
21633
10393
31
1850
1060
265
2326
2292
18
461
2746
4060
373
8940
2292
38460
129966
2907
184257
13
304
1774
6292
1304
3483
2428
361
265
16936
386
539
1196
911
386
304
13561
954
4377
16
689
277
2522
10393
2428
911
1497
6292
18
610
1451
17409
4066
16
724
2483
265
2292
1154
352
385
304
1310
20845
16
689
277
5772
58265
5119
8887
6292
18
2586
9745
277
3419
2292
341
1060
387
2024
306
277
1728
6292
436
1497
18
461
4381
5842
7935
277
2292
16
689
8696
4924
1480
954
7878
1078
265
11336
386
1011
851
4759
277
8887
6292
18
2586
539
1008
304
7016
277
11336
382
23928
277
2927
66504
16
9745
277
11336
341
386
954
38474
341
516
13667
277
68437
12989
890
83084
16
306
277
1641
1682
68437
28157
341
225
16611
15213
27745
16
689
277
1310
36033
225
17078
18
3483
10334
386
8696
277
1310
36033
277
3032
2142
68437
35
2209
277
194863
4060
373
9690
277
1682
68437
225
622
66
29
692
225
27
1304
2586
539
1998
758
68437
18
2586
1804
225
17078
306
225
16611
15213
27745
436
2731
68437
2527
18
2209
697
730
341
4309
352
277
2688
12601
35
1283
1008
304
5827
277
4309
68437
382
25790
277
11336
341
386
954
38474
341
27946
5463
499
225
20
304
5879
24273
16
689
277
1154
1196
1682
5463
499
1033
21
304
1033
22
24273
16
306
539
436
83084
1682
26649
5912
18075
21
17
21
680
2952
16
592
1033
21
341
516
225
21
16
1232
1033
21
17
21
2428
569
265
1497
1435
302
27740
16
306
277
38474
352
1033
21
17
21
2428
361
1347
265
4354
386
341
2336
936
277
4354
302
1033
22
16
306
277
68993
2428
361
27946
5463
386
569
6152
53432
297
277
11183
352
1033
21
17
21
689
516
352
1033
22
16
6152
304
387
9833
35
2209
396
23069
16
277
1682
302
32088
778
304
265
1435
341
7821
302
277
11183
4354
18
2586
68993
1196
361
4309
382
2608
341
411
2837
4309
35
16473
1310
402
265
2164
1690
1207
1033
21
306
1033
22
569
1497
31051
18
1563
2024
16
1033
21
508
1296
728
1033
22
508
2393
3210
5489
1033
21
17
21
508
959
3210
16473
88934
5664
20488
277
1682
352
910
1219
37438
102940
37438
304
1565
592
68993
6632
4309
1193
382
22017
265
4081
1690
30
1219
37438
33
21
102940
37438
33
21
18
1283
1587
1682
302
5463
499
225
1296
304
225
2393
402
14387
4455
225
21
18
36902
30
225
1296
16
225
6681
35
225
6681
4455
33
22
16
225
6880
4455
33
22
16
225
2393
4455
33
22
18
2586
1094
225
1296
18
2586
3032
1196
361
225
21
382
8311
16
17208
1682
26649
5912
711
2393
2191
402
307
33
23
16
1219
37438
33
21
102940
37438
33
21
18
36902
225
20
568
2393
402
14387
4455
225
21
30
225
21
16
622
16
1296
18
6755
225
3528
35
4924
225
21
16
225
3316
35
225
622
18
2586
1682
26649
5912
711
2393
2191
1196
361
225
23
35
16473
17208
30
5463
225
20
568
2393
30
225
21
16
622
16
1296
18
6755
225
3528
35
3402
33649
396
225
21
18
225
3316
35
396
225
622
18
225
1296
35
396
225
1296
18
6755
225
2393
35
4455
33
22
18
6755
225
6681
35
4455
33
22
18
2586
225
23
18
2586
1682
26649
5912
711
2393
2191
33
23
382
8311
1682
26649
5912
711
959
2191
402
307
33
22
16
1219
37438
33
21
102940
37438
33
21
18
36902
225
20
568
959
402
14387
4455
225
21
30
225
21
16
622
18
6755
225
555
35
4924
225
21
18
2586
225
22
18
2586
1682
26649
5912
711
959
2191
33
22
382
4246
125904
351
225
23
17
22
33
21
18
42600
382
8311
16
1994
265
1690
1207
1033
21
17
21
674
17156
27740
306
277
38474
352
1033
21
17
21
5119
307
33
22
16
1706
1033
22
5119
307
33
23
18
3483
7712
382
8311
16
1994
265
1690
1207
1033
21
341
2761
1013
373
21
937
728
1033
22
508
22
937
3210
5489
1033
21
17
21
508
4542
6
344
82
33
23
680
1033
22
674
307
33
24
18
212816
1196
831
382
27872
16
5563
6772
382
25790
277
11336
341
386
277
38474
494
13334
13667
341
18765
890
277
5879
674
265
14387
386
341
225
20
306
13334
341
7143
16
306
539
867
699
872
502
351
13334
306
344
72
1377
4753
680
2209
890
13334
341
7143
306
4753
351
5879
74686
2315
306
282
1377
4753
16
699
872
502
351
7143
18
9405
4309
18
2952
16
1065
819
890
13334
341
7143
306
539
569
282
460
4753
16
699
872
502
351
8077
18
9405
4309
18
2209
341
903
265
1690
1207
539
1008
304
2553
13334
1571
592
282
460
4753
35
2523
382
8311
16
1994
277
1690
1207
13334
341
7143
306
539
569
4753
351
5879
74686
2315
689
5879
74686
65
2428
361
265
6142
57329
35
2523
16
1850
265
3225
14387
382
27872
16
38474
5563
4309
382
23928
277
133336
304
13762
3310
16
342
1761
539
1008
304
4369
386
277
38474
341
4309
16
306
277
1310
8221
341
2920
304
387
2615
297
277
1310
18
7517
277
2746
4060
373
5677
4222
59947
5533
213288
728
539
4273
2312
277
6292
18
2952
16
8696
539
530
8147
386
539
1196
516
14637
277
1154
16607
306
194863
16
689
539
530
14637
277
2363
539
436
5009
18
461
6292
436
2688
396
766
302
277
2746
6434
16
689
724
2428
361
1060
352
30678
306
516
766
302
277
21633
10393
18
461
12759
373
8940
2292
38460
129966
2907
184257
13
304
1774
6292
1304
10334
386
539
1196
911
386
304
13561
954
4377
16
689
277
2522
10393
2428
911
1497
6292
18
2952
16
277
4381
5842
7935
277
2292
16
713
539
1008
304
7016
411
304
1717
277
2292
16
7494
539
4445
361
2897
382
23928
277
73411
6292
16
342
1761
277
71070
4158
341
304
3138
265
4377
386
19553
277
2292
396
2688
18
7517
277
2292
4059
73411
70305
16
539
2428
1008
304
22465
1804
16
697
341
13861
18
2586
9745
277
9444
4377
341
304
758
277
4309
1682
68437
28157
16
306
277
2292
341
4309
6329
352
265
5209
183764
2615
297
730
302
277
70305
18
18750
386
277
8221
341
352
277
225
17078
40439
16
8696
277
4309
3032
341
225
16611
15213
27745
16
306
277
225
17078
40439
341
265
20511
18
2952
16
277
2615
3270
4060
277
40439
352
225
17078
7935
16
6115
954
7878
8938
2761
852
936
225
17078
18
1437
954
7878
8938
225
16611
15213
27745
16
1232
386
40439
18048
16
306
277
225
16611
15213
27745
40439
1011
1717
18
2586
8696
277
2292
36033
225
16611
15213
27745
352
386
1690
16
306
277
225
17078
341
265
103364
18
2209
277
2292
14215
225
17078
1058
16
1232
3735
225
16611
15213
27745
18
8548
730
341
717
4164
35
16473
1538
468
277
4619
30
461
852
2927
1310
4027
569
2527
2239
225
6701
79
17
19090
79
18
225
16611
15213
27745
341
819
225
16611
4364
16
697
341
6892
936
1731
18
225
17078
341
15747
18
22547
361
386
277
4309
3032
341
225
16611
15213
27745
16
306
277
225
17078
341
265
20511
18
2209
3097
1011
724
2549
265
1310
402
265
15747
1193
35
99008
1850
265
1310
352
265
2164
12601
16
689
724
98571
1161
277
2927
25573
18
14812
277
9444
1310
540
352
265
2164
12601
1013
373
23
24640
5460
21058
25029
21452
9718
27391
728
373
23
24640
5460
21058
25029
21452
9718
23025
6
420
2761
16
306
277
3032
1011
361
225
21
420
225
17078
18
2209
724
31862
277
25573
499
2484
1310
382
23928
277
4619
16
342
1761
277
225
16611
15213
27745
341
277
4309
3032
352
277
2927
12601
16
306
277
225
17078
341
265
20511
18
2952
16
277
2615
539
3289
540
499
277
225
17078
40439
16
6115
954
7878
8938
225
16611
15213
27745
16
12267
386
8221
18
2586
592
539
2312
954
7878
304
758
225
17078
352
386
3018
2740
16
539
1011
1717
277
225
17078
40439
689
4759
277
225
16611
15213
27745
40439
18
2586
539
1008
304
11135
697
730
304
22465
382
23928
386
277
2746
6434
4060
373
10112
616
277
6292
728
539
1998
22465
1804
16
697
341
13861
592
724
436
73411
18
8111
16
342
18294
386
277
2292
1154
674
265
103364
16
306
277
4309
4655
1333
341
225
16611
15213
27745
16
306
277
225
17078
341
265
75848
18
2209
277
2615
3270
10799
386
277
225
17078
40439
7935
16
713
8696
277
1181
36033
225
17078
18
2952
16
277
4381
5842
2428
569
961
5448
498
277
1756
16
516
498
277
1181
18
461
1756
3419
387
4381
7878
386
7935
277
6292
18
1283
436
12762
304
7016
411
18
461
4381
7878
341
277
730
539
6974
18
887
7935
277
2292
18
2586
539
1008
304
5182
411
304
1717
277
2292
18
461
2292
4059
277
73411
70305
18
2586
539
1008
304
1265
411
1717
616
70305
18
3483
2767
539
1008
304
3271
225
17078
352
386
1690
16
306
851
3271
225
16611
15213
27745
352
386
1656
1690
35
136487
382
27872
16
342
1761
277
1094
1528
304
73229
341
304
13534
386
277
1217
70305
436
516
1804
2993
304
1717
31
8696
277
2292
1154
341
1060
265
29573
352
471
304
1310
16
306
277
5772
6292
436
1497
18
461
2746
4060
373
8940
2292
38460
129966
2907
184257
13
304
1774
6292
1304
887
4007
2132
386
277
2292
1154
341
277
1310
20155
1161
352
58265
18
887
2428
1060
361
387
2024
352
277
1756
304
1774
20845
18
461
12759
373
6534
277
2165
1154
16607
306
194863
16
7095
3138
277
1154
4546
306
1717
616
277
6292
1304
1387
3867
304
277
6292
386
436
19769
297
277
2746
6434
35
32468
297
1131
3815
302
4066
344
7846
366
7654
40467
420
2761
733
277
5224
4059
1310
4027
386
385
1998
1717
18
2209
1743
16
277
2746
4059
265
2363
2732
402
277
1154
16607
306
194863
16
306
1232
265
2292
1154
18
887
2428
361
386
277
2292
1154
341
277
5772
1310
20155
386
642
361
1161
304
12476
593
4377
18
2952
16
277
73411
5315
10334
265
20511
382
23928
277
61531
16
9916
10987
386
277
4309
4655
3032
352
277
1690
341
225
16611
15213
27745
16
306
277
225
17078
341
265
103364
18
2209
277
2615
539
3289
341
499
277
225
17078
40439
16
713
8696
277
1181
36033
225
17078
1480
1850
277
1058
730
18
2952
16
277
1756
2428
569
31862
277
2746
53786
18
1737
387
8202
16
342
1196
2483
265
4377
386
14127
277
1154
12989
3308
304
277
2746
6434
16
306
10987
386
277
2292
192497
70305
436
4309
6329
352
277
54037
18
7517
342
4273
5827
697
341
4309
16
9916
2050
304
1565
592
903
341
839
852
40447
382
20700
468
277
852
2927
1310
4027
30
373
29413
24262
24326
28356
22590
12873
27880
728
373
22
12257
3966
15782
26179
14834
28920
23966
728
225
14919
16
225
12806
2649
225
20532
24215
28662
18
373
29
28814
27353
13904
14919
20806
19039
23457
728
373
22
12257
3966
15782
26179
14834
28920
23966
728
225
2704
16
225
19436
2649
225
22658
26997
27950
18
2933
1217
569
277
1656
7866
5879
373
22
12257
3966
15782
26179
14834
28920
23966
3210
461
4658
306
12868
569
1497
7866
25573
18
461
4658
344
17078
13
674
7866
5879
373
27
25268
28208
16035
26709
28026
26122
14575
728
306
277
12868
344
16611
15213
27745
13
851
674
277
1656
7866
5879
689
3598
5879
1656
396
4658
35
41729
277
12868
674
3598
5879
373
23
24640
5460
21058
25029
21452
9718
27391
728
1656
396
4658
18
2586
724
436
16896
18
2586
1850
10098
265
72661
402
1497
4655
2911
382
25790
277
12868
1310
341
3757
352
265
1497
1154
16
689
1850
98571
8456
18
2491
8696
277
12868
1310
341
352
265
1497
8288
302
15028
386
846
4124
1115
18
1563
2024
16
8696
1850
373
23
24640
5460
21058
25029
21452
9718
27391
728
373
27
25268
28208
16035
26709
28026
26122
14575
728
225
10942
16
225
16649
2649
225
16611
15213
27745
16
689
277
25573
436
3757
1497
16
1013
373
23
24640
5460
21058
25029
21452
9718
27391
728
373
27
25268
28208
16035
26709
28026
26122
14575
6
341
277
1656
18
2586
840
382
23928
277
845
16
342
1761
277
1861
3347
341
304
3138
265
4309
14387
38474
306
5752
386
277
1310
56258
6292
436
10358
344
77
3077
1278
277
2292
341
516
277
2522
1310
680
7517
277
4381
7878
7935
277
2292
16
8696
411
851
18048
277
8887
6292
18
2586
539
1008
304
7016
277
11336
382
19477
2050
304
1511
277
11336
498
11532
386
277
38474
2428
361
9546
5463
1207
277
14387
4455
341
7662
1219
37438
420
2687
37438
689
277
1435
674
6152
53432
297
277
11183
352
277
3598
5879
68993
18
2209
539
3402
4800
382
25790
277
11336
341
386
539
436
1347
277
1656
1219
37438
306
2687
37438
352
1804
1682
26649
5912
8877
16
689
277
38474
352
1682
26649
5912
18075
21
17
21
13
1196
1994
5463
778
304
1033
21
17
21
16
689
277
14387
4455
25284
341
277
1656
18
9405
6772
382
13617
12634
30
461
38474
5119
77647
306
312
625
28090
16
689
277
11057
2428
361
2502
2927
306
3866
4625
3933
35
3557
382
25790
277
11336
341
386
539
436
516
1347
68437
297
277
4381
2983
35
1283
436
382
19477
2050
304
1761
302
265
15277
1207
277
38474
1011
898
8227
18
19001
539
569
5879
351
373
622
728
1219
37438
33
21
102940
37438
33
21
18
36902
402
14387
4455
225
21
6758
622
30
225
21
16
622
18
9405
225
22
18
5641
38474
7939
225
22
7977
18
9177
382
8311
16
1994
5879
351
373
696
728
1219
37438
33
21
102940
37438
33
21
18
36902
30
225
21
16
622
18
6755
225
696
35
4455
33
22
18
2586
225
22
18
38474
30
307
33
22
16
5879
63
20
116751
22
747
5879
63
21
116751
20
6627
65293
12
20
183551
16
20
2407
1084
20
16
13334
9139
16
4753
33
22
388
72
33
20
30
699
872
502
14040
16
699
37438
33
20
18
65293
12
21
156864
16
20
2738
912
21
16
13334
14040
16
4753
33
29
18
19100
5463
402
225
21
14387
4455
33
21
30
1094
282
33
21
1117
1435
225
555
35
9405
225
21
18
2586
13556
225
21
388
72
33
21
30
699
872
502
14040
344
72
32
22
733
699
37438
33
21
18
65293
12
21
156864
16
21
2738
912
21
16
13334
14040
16
4753
33
29
18
19100
5463
402
225
21
14387
1175
386
225
21
70073
297
648
21
16
21
65
1117
282
33
20
18
2586
13556
225
21
344
5686
225
622
680
2586
13556
225
21
388
72
33
22
30
699
872
502
9139
16
699
37438
33
22
18
65293
12
21
183551
16
22
2738
912
21
16
13334
9139
16
4753
33
20
344
14627
63
21
116751
20
5911
39955
282
33
20
30
699
872
502
9139
16
699
37438
33
22
18
65293
12
22
183551
16
22
2738
15338
30
225
22
516
297
2783
1117
20
388
10914
351
225
21
15
21
33
22
18
9177
382
4892
38474
4229
382
8311
16
1994
265
1690
1207
5879
351
373
1296
728
1219
37438
33
22
102940
37438
33
22
18
36902
402
14387
4455
225
22
6758
1296
30
225
22
16
807
16
696
18
6755
225
6681
35
1518
1296
18
6755
225
4693
35
4924
225
22
18
2586
225
23
18
38474
1196
3050
225
23
18
120926
4229
382
27872
16
38474
5563
4689
382
23928
386
16
2964
6857
304
1761
386
277
11336
2428
361
20362
30
8696
277
4264
341
386
539
436
1347
277
6307
489
2258
21
10013
11
306
31504
304
853
16
697
1387
13304
35
11636
146581
436
22551
17839
16
713
6772
382
2608
8696
277
2746
341
386
1033
21
306
1033
22
436
2688
396
14580
16
306
724
530
361
778
304
225
622
66
1336
16
697
22700
297
11636
853
382
4892
840
13304
382
25790
277
11336
341
386
539
436
516
1347
277
68437
890
83084
35
1283
436
382
23928
277
845
16
9916
2050
304
3138
265
717
7434
38474
386
2428
361
2336
2615
105303
18
2209
2142
6726
16
1850
44406
382
44125
539
530
32012
277
4309
3032
352
277
2927
1690
498
26565
819
277
38474
494
3271
18
5641
38474
8938
225
16611
15213
27745
18
22547
386
361
277
4309
3032
35
16473
2050
304
12564
277
1435
302
5463
297
386
12601
402
14387
4455
297
648
10942
16
16649
65
68437
28157
18
7517
28157
341
819
225
21
73
29
15
27
16
225
16611
4364
341
52298
18
225
17078
341
851
52298
18
8548
730
341
717
4164
35
18750
386
277
852
2927
1310
2527
436
2239
225
6701
79
17
19090
79
16
697
436
1687
7922
936
225
16611
4364
18
225
16611
4364
341
1217
12569
302
19691
6892
18
3483
5563
11700
689
2731
1480
277
12601
341
8730
18
2952
16
225
6701
79
17
19090
79
436
851
68437
2527
16
516
277
5772
19720
18
2586
724
436
616
68437
16
713
6058
4007
5002
382
25790
539
530
17208
277
1435
302
5463
297
277
12601
386
569
14387
4455
297
648
10942
16
16649
65
498
1347
277
1689
386
277
12601
341
499
340
304
398
16
306
539
530
911
21032
10128
5905
402
97102
19720
302
14387
44914
352
5463
402
778
304
225
1336
27740
18
2209
4924
4110
382
23928
277
845
16
342
1761
342
1196
2483
265
4377
386
341
67730
4309
306
5752
386
277
1310
56258
6292
436
10358
306
386
277
2292
192497
1749
40439
341
265
20511
18
2952
16
277
4381
5842
7935
16
713
539
1008
304
7016
2761
18
22977
277
11336
341
386
539
436
1347
312
625
28090
16
306
277
11057
1993
4059
3285
37438
16
689
3285
37438
530
361
778
304
225
4120
16
689
277
38474
2428
361
2988
402
3285
37438
2911
386
436
516
83422
12989
1480
3285
37438
341
387
853
16
689
4924
6772
382
20822
16
903
341
265
3242
11336
30
610
277
38474
16
539
569
1375
3161
136060
1250
312
625
28090
300
195458
625
28090
20399
6118
15298
465
1847
65293
40815
30
853
16
13334
30
4989
16
3285
37438
30
853
13
2649
853
1375
2608
6035
386
277
11057
341
2387
366
277
10235
18
2952
16
277
1154
65293
341
5047
5451
1682
26649
5912
16
306
1682
26649
5912
341
2988
4347
3041
18
8049
845
16
265
699
65293
1154
341
4202
402
969
1902
11057
18
9405
6772
382
2608
1065
819
277
1689
386
539
436
1347
277
6307
489
14627
11
499
277
12688
9480
35
461
11057
1414
516
2549
5879
16
713
592
539
98571
1465
65293
402
1497
25573
16
411
1011
11057
2527
53786
18
2209
539
3042
1465
65293
402
1497
25573
31
1450
1465
304
1682
26649
5912
12651
969
1902
65293
402
969
1902
5879
18
2586
1850
6085
382
8311
16
8696
277
11336
341
386
539
436
1347
277
1656
1154
1227
489
56722
11
297
1450
1682
26649
5912
16
306
277
312
625
28090
2428
361
7963
3796
1497
1682
26649
5912
8877
592
277
1154
341
5047
468
5939
1839
35
2209
539
5047
411
5451
1682
26649
5912
16
713
1850
516
5939
10674
382
27872
16
6772
382
23928
277
133336
304
13924
16
9916
10987
386
277
38474
341
4309
306
277
1310
8221
341
2920
304
387
2615
297
277
1310
16
306
9916
2483
277
38474
396
341
16
689
342
1008
304
4802
386
411
19553
277
2292
35
461
2292
642
4759
18
2586
342
1008
304
6313
2761
304
1265
277
2292
1717
382
44125
277
2292
341
516
277
2522
1310
31
277
2522
1310
2428
361
1497
18
610
1451
17673
9010
13494
16
277
2746
6434
4059
265
1154
16607
306
265
5224
16
306
1232
277
1756
17915
277
2363
18
461
5199
10424
969
1902
6292
16
697
874
361
1497
499
277
3419
2292
18
461
2292
1154
2428
361
352
277
1756
304
1310
20845
16
689
516
766
302
58265
18
2586
1850
20672
592
954
4377
18048
277
3419
2292
16
396
1423
396
411
19553
277
8887
6292
18
2952
16
277
12759
4060
373
10112
616
277
6292
1304
306
1232
3979
277
2292
18
887
1387
361
386
277
2292
341
277
1310
20155
1161
352
10393
18
2209
277
73411
5315
10334
1850
265
20511
382
23928
277
11279
5030
366
13494
1013
38675
164288
1395
16
277
2746
6434
4059
5810
2740
306
3271
16
306
277
1756
1998
3138
277
1154
18
5378
16
22238
2688
265
194863
402
7120
306
1232
265
2292
1154
386
4059
4728
1310
4027
18
887
2428
361
386
277
2292
1154
341
1161
352
23282
1919
2956
16
689
277
5772
10393
5119
265
1497
867
302
6292
18
2952
16
277
12759
373
8940
2292
38460
129966
2907
184257
13
304
1774
6292
1304
10334
386
539
1196
911
411
304
1774
6292
16
6115
1850
277
1310
20155
382
23928
277
24460
16
9916
2050
304
3612
2486
4625
30
957
2746
2428
361
499
2130
305
3854
420
2761
35
461
1154
1227
1682
129966
2907
184257
306
277
16981
344
622
66
1336
16
1219
37438
778
304
225
4120
13
52330
265
2746
499
2130
305
3854
30
373
4583
9177
89592
10706
6
8696
35
342
19877
265
2130
305
3854
2746
373
4583
9177
89592
10706
6
1207
385
1682
5463
402
14387
4455
1360
1219
37438
306
2687
37438
297
265
2783
16
306
277
4377
5119
14387
38474
18
342
1761
386
2746
1078
265
1310
1690
3600
304
1131
18
2964
5210
304
19877
277
4655
11726
18
342
1761
5361
4156
265
2746
402
7662
1131
1310
4027
18
99008
277
4309
11726
436
225
20532
24215
28662
16
225
22658
26997
27950
16
225
17078
16
225
16611
15213
27745
35
2209
903
436
1217
352
277
1656
2740
18
14812
277
4309
11726
436
225
17078
306
225
16611
15213
27745
352
1497
15028
16
689
277
25573
436
5478
161925
382
23928
386
277
2292
4059
1217
16896
70305
402
1497
4655
2911
16
1850
4164
265
20511
18
610
1175
4027
16
539
2428
1008
304
3138
277
1154
304
1717
277
4309
730
18
7517
277
2615
539
3289
540
499
277
1058
730
344
17078
733
306
277
1749
730
344
16611
15213
27745
13
1011
1717
16
8696
277
9444
4309
3032
341
225
16611
15213
27745
18
2209
277
1058
40439
341
265
1310
386
277
1756
2428
569
4472
53786
18
2952
16
277
2746
6434
4059
277
2292
396
766
302
277
2363
2732
18
887
2428
361
386
277
1756
914
10998
492
2746
1858
265
20511
382
2378
387
8202
16
342
1196
2483
265
4377
386
341
67730
4309
3308
304
277
2746
6434
18
9916
3138
277
38474
396
342
569
16
689
342
1008
304
4802
411
19553
277
2292
592
2731
18
7517
342
4445
13924
277
54037
16
9916
10987
386
277
4309
3032
352
277
1690
341
225
17078
16
306
386
277
38474
341
3757
7859
225
16611
15213
27745
2920
304
265
11336
18
2586
342
1008
304
1511
277
11336
382
19477
2050
304
20488
17208
277
38474
352
277
2927
1690
1347
265
1497
4158
304
1565
1065
277
4309
3032
2428
361
18
7517
539
4445
1774
2363
16
8696
539
530
32012
277
4309
3032
498
11532
277
5319
302
277
5463
18
2209
4924
2502
4110
382
23928
277
845
16
342
1761
342
1196
2050
304
3138
265
4377
386
5119
265
717
4350
14387
38474
402
42626
1701
16
306
851
4802
386
277
68993
341
3410
12989
18
22977
277
11336
341
386
539
436
516
1347
277
68437
890
13131
277
2522
1193
35
1283
436
382
25790
277
11336
341
386
539
436
1347
277
1656
6307
1227
489
43052
11
5451
1682
26649
5912
16
689
4924
6772
382
13617
3592
30
461
38474
5119
77647
306
312
625
28090
16
689
277
1154
65293
341
5047
5451
1682
26649
5912
16
306
539
1465
411
499
2223
1682
26649
5912
18
2952
16
277
312
625
28090
2428
11057
2527
352
1497
344
1084
16
13334
16
3285
37438
13
3796
1497
8877
304
1682
26649
5912
592
277
1154
2168
341
277
1656
35
2209
1850
516
31
1450
1682
26649
5912
12651
265
699
65293
1154
18
2586
11057
341
8076
382
2608
1065
592
539
41858
5047
65293
5536
1682
26649
5912
35
2523
382
23928
277
131302
16
2964
2540
304
2050
304
4602
265
1497
7878
386
5119
387
59038
38474
402
265
20078
352
5267
16
306
1565
592
411
77872
277
4264
18
2209
2142
6726
16
1850
9922
382
25790
277
11336
341
386
539
436
1347
277
6307
489
14627
11
5451
65293
16
689
539
436
851
1347
277
6307
489
14627
11
396
265
7273
297
1682
26649
5912
18
9405
6772
382
45
19877
386
297
910
14387
38474
32200
16
903
341
265
2670
14272
11722
30
890
13334
341
7143
306
385
867
699
872
502
351
13334
306
344
72
1377
4753
733
689
385
1008
304
361
17034
386
4753
341
277
1843
14387
494
5879
16
306
890
13334
341
8077
16
4753
33
29
18
2952
16
277
4550
344
72
1377
4753
13
890
13334
341
8077
306
4753
33
29
1387
361
1641
352
282
33
29
16
689
699
872
502
351
8077
306
7143
351
8077
16
713
1850
6772
382
2608
903
341
265
30495
11336
30
2973
13334
341
7143
306
539
569
282
1377
4753
16
539
867
699
872
502
351
7143
18
2952
16
592
4753
341
277
2009
14387
344
1084
1377
307
17
21
733
1232
1325
386
539
704
304
15338
16
306
699
872
502
4007
5002
18
2586
6772
382
8311
16
1994
277
1690
1207
13334
341
7143
306
539
569
282
1377
4753
16
689
3735
539
2428
569
304
10049
402
277
2475
14387
18
9405
6772
382
45
1761
277
38474
341
4309
382
23928
277
845
16
9916
2483
277
38474
396
341
16
689
342
1008
304
4802
386
411
19553
277
2292
18
7517
342
4445
1774
16
9916
10987
386
277
2292
494
1749
40439
341
265
20511
306
386
277
4309
3032
341
225
17078
18
2209
922
38474
6632
225
16611
15213
27745
16
713
342
1008
304
6313
277
38474
304
3050
225
17078
18
22977
277
11336
341
386
342
861
516
13667
277
1690
1207
1033
21
17
21
341
225
20
12989
35
2209
386
4007
3910
277
2927
1690
382
25790
277
11336
341
386
342
861
516
1347
277
68437
890
83084
1682
26649
5912
35
342
861
382
13617
4610
30
461
38474
19720
5463
499
225
20
304
5879
24273
16
689
277
192497
14387
37438
3974
13
341
5047
352
1150
16
306
1150
341
387
11795
18
2952
16
890
539
11743
402
6152
53432
16
277
14387
4455
4059
53432
16
697
341
6772
18
2209
8696
277
1154
36033
386
1150
1414
516
569
6152
53432
16
306
277
14387
4455
341
19377
366
277
1794
11183
2142
6152
53432
18
610
954
38474
16
352
5463
1013
225
25
16
539
3087
1019
396
373
2113
6
592
307
34
21
18
461
14387
4455
302
373
2113
6
341
225
25
16
1656
396
373
25
3210
2586
6772
382
2608
1065
819
277
1435
225
20
35
10262
11183
2142
6152
53432
341
373
20
728
4455
225
20
18
3398
6152
53432
16
4455
225
20
18
2586
6772
382
27872
16
840
5052
382
25790
277
11336
341
386
539
436
1347
277
1656
1219
37438
306
2687
37438
352
1804
1682
26649
5912
8877
16
689
277
38474
352
1682
26649
5912
18075
21
17
21
13
1196
1994
5463
778
304
1033
21
17
21
16
689
277
14387
4455
25284
341
277
1656
18
2586
6772
382
23928
277
133336
16
2964
2540
304
2050
304
3612
922
4625
30
342
1761
903
341
265
3162
2130
305
3854
2746
373
4583
9177
89592
10706
6
344
48513
225
22
23616
13
420
2761
18
342
19877
386
277
4377
5119
14387
38474
306
277
3032
352
910
1310
1690
341
225
17078
18
41729
16
342
1761
5361
4156
265
2746
1207
277
3032
341
225
17078
18
4214
636
1761
30
2130
305
3854
225
22
23616
30
4716
11744
89592
10706
35
3557
386
18
15968
265
2746
373
4583
9177
36902
6
344
21
21782
680
3557
386
382
25790
277
2746
341
499
38675
164288
1395
30
373
16708
89592
10706
6
402
14387
4455
16981
18
2964
516
2897
382
23928
277
845
16
9916
2483
265
4377
386
341
265
33664
3478
302
277
38474
16
9745
402
265
7016
352
277
13334
4550
386
342
18294
2428
361
6078
18
16473
316
195488
277
13334
4550
30
4195
32200
911
699
872
502
351
13334
306
344
72
1377
4753
680
2952
16
724
8483
4753
351
853
5311
808
74686
6577
592
13334
1625
225
29
18
2209
6035
386
890
13334
341
7143
16
4753
351
5879
74686
1807
610
277
9284
16
724
589
352
282
297
2783
124651
15
21
2738
306
1232
699
872
502
351
13334
306
344
72
1377
4753
680
9405
4350
18
2209
903
341
265
122221
30
2973
13334
341
7143
16
306
539
436
468
277
2009
2413
16
277
13334
4550
4007
5002
1480
539
704
304
15338
18
2586
6772
382
2608
342
19877
265
2670
11336
30
2973
13334
341
7143
306
539
569
282
1377
4753
16
539
867
699
872
502
351
7143
18
2952
16
592
539
3735
704
304
277
2475
2413
16
539
1008
304
1287
277
5879
14387
352
386
2413
18
9405
8805
297
5879
74686
15
21
1807
2586
6772
382
8311
16
1994
277
1690
1207
13334
341
7143
306
539
569
282
1377
4753
16
689
4753
341
277
1843
14387
18
2952
16
1065
592
277
5879
1794
674
265
14387
386
341
225
20
35
5489
4753
33
20
16
306
282
33
20
16
699
872
502
9139
18
9405
6772
382
8311
16
1994
277
1690
1207
13334
341
7143
306
539
569
282
460
4753
16
699
872
502
14040
18
9405
6772
382
27872
16
38474
5563
4309
382
25790
277
11336
341
386
539
436
516
1347
277
68437
297
277
758
6434
302
65293
35
1283
436
382
8355
2540
304
2050
304
3138
277
38474
297
265
1497
1528
30
5904
387
12349
42626
1701
20078
402
1993
344
1084
16
13334
16
4455
13
306
911
77647
16
689
8696
277
1991
302
5938
16156
57687
35
3557
382
23928
277
845
16
342
1761
342
1008
304
4369
386
277
38474
341
4309
306
277
1310
8221
341
2920
304
387
2615
297
277
1310
18
7517
342
4273
14637
277
1310
16
9916
2483
277
38474
396
341
16
306
5752
386
277
10393
5119
265
1497
1310
867
18
2952
16
277
2746
19986
4060
373
5677
4222
59947
5533
213288
1304
2586
342
1998
10987
277
6292
436
4309
382
23928
277
73411
6292
16
9745
277
4377
341
304
13534
386
277
1217
70305
436
352
1217
1497
1154
8877
30
730
402
277
2688
10235
16
306
2484
402
277
1656
10235
689
1497
4655
1333
16
6115
386
277
1154
2428
361
2988
12775
402
277
1656
10235
689
1196
758
1497
2911
35
3483
4007
1265
5258
382
59685
277
2292
1154
341
516
10439
304
361
1774
396
265
4425
31
8696
1850
265
5935
302
1310
4027
16
689
277
40439
5501
436
8156
35
2227
436
616
3999
12152
16
713
724
642
361
15474
60166
382
23928
277
133336
16
9916
10987
386
277
1749
40439
341
265
20511
306
1196
361
8045
18
7517
277
2746
4060
373
5677
4222
59947
5533
213288
728
342
4273
5909
411
18
2209
8696
342
530
14801
411
498
3130
277
1154
758
1804
2911
35
3557
2731
382
45
1761
277
1861
342
530
589
341
304
2483
265
4377
386
14127
277
38474
12989
16
306
592
277
6292
436
73411
16
342
4445
1717
1804
18
2586
9916
2483
277
38474
396
341
306
6035
386
411
18048
277
2292
2920
304
54037
18
2209
277
12759
4060
304
1717
616
6292
382
23928
277
6056
16
9916
2050
304
1565
592
903
341
839
852
1528
304
1265
277
38474
758
225
17078
352
386
1690
18
22977
277
11336
341
386
539
436
1347
277
68437
890
83084
16
306
277
1641
5052
341
2761
386
68437
6632
225
17078
16
689
954
38474
6632
225
16611
15213
27745
1480
539
436
516
13997
68437
12989
35
2209
539
436
382
20822
16
8696
277
11336
341
386
539
436
1347
277
1656
28157
5451
1682
26649
5912
16
689
539
1196
911
265
1497
28157
35
2523
382
13617
3592
30
461
38474
5119
77647
306
312
625
28090
16
689
277
11057
2428
361
24284
2527
352
1497
3285
37438
2911
386
436
686
302
2783
1480
539
4746
83337
3836
3811
35
2209
539
83337
890
699
37438
1518
2687
37438
16
713
3285
37438
3042
33572
2687
37438
18
2952
16
1065
819
3285
37438
2911
386
436
2336
936
1219
37438
35
2227
436
6751
306
33913
18
9405
6772
382
25790
277
11336
341
386
539
436
516
13667
277
1690
1207
1219
37438
1518
2687
37438
35
3557
2731
621
16981
382
23928
277
845
16
2964
2540
304
2050
304
3138
265
4377
1347
265
1497
38474
386
19720
5463
499
225
20
304
5879
24273
402
14387
4455
297
2783
16
689
1347
265
97102
10413
352
277
10652
10690
1325
277
13334
9453
341
2044
18
957
1387
361
717
7434
306
8696
2336
2615
105303
18
2209
1850
4110
382
23928
277
15924
16
9916
2483
277
38474
396
341
16
689
9916
919
265
4889
34155
277
66504
18
2952
16
277
2746
36033
265
2363
2732
402
277
11116
1154
18
9916
2483
277
38474
2363
382
2608
342
1008
304
4802
386
277
2363
19553
277
2292
592
2731
18
7517
342
4445
1774
16
9916
10987
386
277
2292
494
1749
40439
341
265
20511
306
386
277
4309
3032
341
225
16611
15213
27745
18
2209
277
2615
539
3289
540
499
277
225
17078
40439
16
713
922
7878
18048
386
18
2952
16
8696
277
4381
7878
386
540
3419
297
277
2746
344
8781
539
436
12762
304
6754
13
341
1497
35
461
2746
4060
373
6534
277
2165
1154
16607
306
194863
16
7095
3138
277
1154
4546
306
1717
616
277
6292
1304
887
1232
4213
265
2363
2732
402
277
1154
16607
306
194863
16
306
1232
265
2292
1154
18
887
1414
516
1436
387
4381
7878
18
2586
539
436
304
4602
277
1154
499
28252
18
461
4381
5842
539
6974
540
954
1902
5842
16
697
7935
18
2586
539
1008
304
7016
411
382
23928
277
131302
16
2964
2540
304
2050
304
3612
352
3600
4066
2486
18
342
19877
265
2130
305
3854
2746
373
4583
9177
89592
10706
6
344
50180
225
22
23616
13
1207
385
1682
5463
402
14387
4455
1360
2674
306
1398
297
265
2783
16
306
277
4377
5119
14387
38474
402
42626
1701
18
342
1761
5361
4156
265
1310
1690
402
3032
225
17078
18
41729
16
342
19877
265
2746
499
2130
305
3854
30
373
4583
277
1435
302
1622
32088
6
402
16981
3600
304
492
18
4214
636
1761
30
15968
265
2746
373
4583
9177
89592
10706
6
366
2130
305
3854
402
265
4377
1347
14387
38474
306
97102
27946
18
342
1761
277
1310
4027
5101
2761
1013
373
21
6
304
373
740
6
7859
225
807
16
373
21
6
304
373
25
6
7859
225
25
16
373
21
6
304
373
21
6
7859
225
21
16
373
7366
6
304
373
3523
6
7859
225
28
16
306
910
7810
4027
16
306
2927
4027
402
11726
1013
225
20532
24215
28662
16
225
22658
26997
27950
16
225
17078
16
225
16611
15213
27745
18
342
1761
5361
4156
1131
5204
1310
4027
297
265
2130
305
3854
8149
18
2964
5210
304
19877
30
342
1761
277
4309
11726
436
14233
225
17078
306
225
16611
15213
27745
352
1217
1497
1310
4027
16
689
724
2428
361
352
1497
19797
16
306
277
5209
183764
2615
34013
1019
18
1563
2024
16
8696
277
4658
1310
341
373
23
24640
5460
21058
25029
21452
9718
27391
728
373
27
25268
28208
16035
26709
28026
26122
14575
728
225
10942
16
225
16649
2649
225
17078
16
306
277
12868
1310
341
2761
1625
1013
373
23
24640
5460
21058
25029
21452
9718
27391
728
373
27
25268
28208
16035
26709
28026
26122
14575
728
225
10942
16
225
16649
2649
225
16611
15213
27745
35
2523
382
25790
277
12868
1310
341
3757
352
265
1497
2783
16
1013
373
23
24640
5460
21058
25029
21452
9718
27391
728
373
27
25268
28208
16035
26709
28026
26122
14575
728
225
10942
16
225
16649
2649
225
16611
15213
27745
16
689
277
25573
436
1497
35
2227
436
277
1656
382
23928
277
845
16
2964
2540
304
10987
386
277
38474
341
4309
306
386
277
1310
8221
341
2920
304
265
20511
297
277
1310
18
9916
2483
277
38474
396
341
16
689
9916
851
919
265
6035
35
2952
16
277
12759
4060
304
3271
1094
277
2363
382
23928
277
6056
16
9916
2483
277
38474
2363
386
342
569
16
396
411
341
277
1861
342
530
589
18
1437
277
6292
436
73411
16
1850
516
922
13678
382
2608
8696
903
341
265
4081
11336
30
610
277
38474
16
539
569
1375
25665
351
853
5311
808
74686
6577
592
13334
1625
225
29
300
2608
6035
386
5879
74686
65
341
265
3083
18
853
5311
808
74686
6577
4229
382
8311
16
1065
819
277
1690
1207
13334
341
7143
306
539
569
282
1377
4753
16
539
867
699
872
502
351
7143
18
2952
16
1325
539
19706
912
16
539
1008
304
911
277
2475
14387
18
9405
6772
382
2608
903
341
265
3162
11336
30
2973
13334
341
7143
16
306
539
569
282
1377
4753
16
539
5001
13334
18
2952
16
592
539
569
282
460
4753
16
539
3456
516
13334
18
9405
4309
18
2952
16
910
32200
911
699
872
502
351
13334
306
344
72
1377
4753
13
689
724
8483
4753
351
853
5311
808
74686
6577
592
13334
1625
225
29
16
306
1232
724
9284
352
282
297
2783
124651
15
21
2738
306
1232
1325
277
9284
16
724
867
699
872
502
351
13334
306
344
72
1377
4753
680
9405
4309
382
45
19877
386
297
910
38474
32200
16
724
911
265
1497
4158
30
724
1717
277
5879
1794
306
387
3591
16
306
890
13334
341
8077
16
724
911
97102
19720
352
277
10652
10690
18
3483
2428
361
717
7434
689
851
717
4110
382
23928
277
845
16
9916
10671
402
277
38474
382
44125
277
11336
341
386
539
436
1347
277
1656
1154
1227
489
56722
11
297
1450
1682
26649
5912
16
306
277
312
625
28090
2428
361
7963
3796
8877
592
277
1154
341
5047
468
5939
1839
2920
304
98604
20620
35
16473
2292
277
2363
30
1283
569
1375
1847
1682
26649
5912
5311
808
30
1284
13
2649
853
638
298
307
351
6441
5311
808
994
298
499
136060
1250
312
625
28090
300
298
1029
80
625
28090
20399
6118
15298
465
298
917
65293
40815
30
853
16
13334
30
4989
16
3285
37438
30
853
13
2649
853
638
348
12567
298
758
65293
12
20
16
7143
16
225
20
994
1905
18948
65293
5451
1682
26649
5912
16
713
1450
1465
304
1682
26649
5912
12651
265
699
65293
1154
18
2586
11057
341
8156
382
27872
16
6772
382
8311
16
8696
277
11336
341
386
539
436
516
1347
277
68437
890
19210
499
65293
35
1283
436
382
45
1761
342
1008
304
4369
386
277
38474
341
4309
306
277
1310
8221
341
2920
304
387
2615
18
9916
2483
277
38474
396
341
382
2608
304
361
6085
16
9916
2050
304
3138
265
4377
386
5119
265
1497
4158
30
5904
265
38474
386
19720
5463
499
225
20
304
5879
24273
1347
265
4350
14387
38474
402
42626
1701
16
689
9916
851
2549
387
59038
1557
304
13561
35
3557
382
23928
277
845
16
9916
3271
277
38474
2363
382
10917
16
342
19877
386
297
910
14387
38474
32200
16
724
911
265
30208
344
1084
16
13334
16
4455
13
396
11057
1993
16
689
724
6848
911
265
20078
352
42626
1701
18
461
312
625
28090
341
6772
382
25790
277
11336
341
386
539
436
1347
312
625
28090
366
265
1154
386
674
54021
2739
10235
35
2523
382
45
1761
342
1196
2050
304
3138
277
38474
2142
77647
16
1347
265
352
9284
898
27740
306
24284
5267
297
265
20078
18
957
2428
4928
839
77647
8597
3933
306
57687
3933
18
2209
277
38474
341
4081
382
23928
277
845
16
9916
2483
277
38474
396
341
16
689
9916
919
265
4889
386
411
19553
277
6292
344
23867
4100
411
4007
680
3483
1011
361
106476
16
689
342
1008
304
6496
387
3032
382
23928
277
9460
16
342
1008
304
3271
265
2363
2732
402
277
11116
1154
18
9916
3271
277
38474
2363
342
569
382
2608
1714
184752
16
13640
2050
304
1565
592
903
341
839
852
4081
7016
18
22977
277
11336
341
386
539
436
516
13667
277
1690
1207
1033
21
341
373
20
26471
3557
6751
382
25790
277
11336
341
386
539
436
1347
853
18075
21
13
506
225
21
16
697
352
2927
5463
2428
361
6772
16
689
1065
592
1033
21
341
373
21
937
937
937
937
937
937
937
26471
9405
225
622
66
1710
35
41729
225
622
66
1710
341
225
21
7528
498
225
1710
53432
16
697
341
2223
225
622
66
1336
18
853
581
530
5203
411
18
2586
6772
382
25790
277
11336
341
386
539
436
1347
1284
5232
18075
21
6030
21
733
697
352
1033
21
351
373
21
6
6632
373
20
3210
9405
6772
382
8311
16
1994
277
2927
1690
30
1033
21
351
373
23
24640
5460
21058
25029
21452
9718
27391
728
1033
22
351
373
27
25268
28208
16035
26709
28026
26122
14575
3210
2933
436
225
1336
57329
5463
18
10768
5052
341
8730
18
461
38474
1196
5203
386
382
45
1761
277
38474
341
4309
382
23928
277
845
16
2964
2540
304
3271
277
38474
2363
396
341
382
2608
342
1008
304
4802
386
277
2363
341
31342
297
265
3225
2363
2732
402
22057
18
2586
9916
589
386
382
36795
851
919
265
4889
819
277
66504
35
2523
382
36795
2483
277
2363
1375
3080
14487
203
1847
1682
129966
2907
184257
18075
21
30
1284
16
1033
22
30
1284
16
1219
37438
30
853
16
2687
37438
30
853
13
2649
853
638
298
28157
351
225
622
478
29
692
225
27
300
298
917
1682
26649
5912
5311
808
30
1284
13
2649
853
638
348
307
351
6441
5311
808
465
348
499
136060
1250
312
625
28090
300
348
1029
80
625
28090
20399
6118
15298
465
348
917
65293
40815
30
853
16
13334
30
4989
16
3285
37438
30
853
13
2649
853
638
454
592
912
1377
307
638
615
758
225
21
592
1219
37438
6758
3285
37438
6758
2687
37438
1625
225
20
300
454
4753
351
853
5311
808
74686
6577
592
13334
1625
225
29
203
454
2983
351
225
20
203
454
352
282
297
2783
124651
692
225
21
2407
615
699
872
502
351
13334
306
344
72
1377
4753
465
615
699
37438
351
3285
37438
692
282
203
615
592
699
37438
1518
2687
37438
638
828
4622
203
615
2983
351
344
12815
692
65293
40815
692
225
21
16
699
872
502
16
699
37438
1149
1577
28157
203
454
758
2983
300
348
758
65293
12
20
16
7143
16
225
20
994
298
905
42379
1682
352
7866
5879
203
298
1682
22
351
1682
26649
5912
18075
22
994
298
905
42379
1682
352
3598
5879
506
225
21
203
298
1033
21
10013
351
853
18075
21
465
298
592
1033
21
10013
1377
225
20
638
348
1682
21
351
225
20
203
298
1625
638
348
1033
21
71699
67
21
351
1033
21
10013
506
225
21
203
348
272
21
351
1284
18075
21
71699
67
21
465
348
1682
21
351
1682
26649
5912
2350
21
994
298
905
36902
297
648
2258
21
16
1033
22
65
351
1682
26649
5912
18075
22
13
506
1682
26649
5912
18075
21
17
21
465
298
758
344
8227
22
506
1682
21
13
1577
28157
203
7203
16763
277
2363
382
36795
3271
386
5834
37182
485
3080
14487
300
1847
1682
129966
2907
184257
18075
21
30
1284
16
1033
22
30
1284
16
1219
37438
30
853
16
2687
37438
30
853
13
2649
853
638
298
28157
351
225
622
478
29
692
225
27
300
298
905
4716
5463
297
648
20
16
5879
65
7305
14387
4455
15245
297
648
1386
37438
16
2687
37438
1391
298
917
1682
26649
5912
5311
808
30
1284
13
2649
853
638
348
307
351
6441
5311
808
994
348
499
136060
1250
312
625
28090
300
348
1029
80
625
28090
20399
6118
15298
465
348
917
65293
40815
30
853
16
13334
30
4989
16
3285
37438
30
853
13
2649
853
638
454
592
912
1377
307
638
615
758
225
21
592
1219
37438
6758
3285
37438
6758
2687
37438
1625
225
20
300
454
4753
351
853
5311
808
74686
6577
592
13334
1625
225
29
203
454
2983
351
225
20
203
454
352
282
297
2783
124651
692
225
21
2407
615
699
872
502
351
13334
306
344
72
1377
4753
465
615
699
37438
351
3285
37438
692
282
203
615
592
699
37438
1518
2687
37438
638
828
4622
203
615
2983
351
344
12815
692
65293
40815
692
225
21
16
699
872
502
16
699
37438
1149
1577
28157
203
454
758
2983
300
348
758
65293
12
20
16
7143
16
225
20
994
298
905
36902
297
648
2258
21
16
1033
22
65
351
1682
26649
5912
18075
22
13
506
1682
26649
5912
18075
21
17
21
465
298
1682
22
351
1682
26649
5912
18075
22
994
298
1033
21
10013
351
853
18075
21
465
298
592
1033
21
10013
1377
225
20
638
348
1682
21
351
225
20
203
298
1625
638
348
1682
21
351
1682
26649
5912
14964
18075
21
10013
506
225
21
12319
298
758
344
8227
22
506
1682
21
13
1577
28157
300
3080
255013
255001
255000
255002
255012
203
9037
3733
5842
7935
277
6292
18
19426
277
2615
638
202890
344
4024
5089
1465
2009
2407
225
7368
68976
23
9211
117700
79
7531
56
8035
728
1880
225
1793
16
297
460
10438
485
298
2292
38460
129966
2907
184257
465
225
7368
68976
23
9211
117700
79
7531
56
8035
728
1880
225
2503
16
297
2292
203
298
3999
12578
711
23
24640
5460
21058
25029
21452
9718
27391
728
373
27
25268
28208
16035
26709
28026
26122
14575
728
225
10942
16
225
16649
13
1377
225
17078
203
2613
7238
93321
93321
93321
93321
241704
195967
93704
2466
33109
1699
146817
16
492
341
593
3973
30
7060
277
2165
1154
16607
306
194863
16
7095
3138
277
1154
4546
306
1717
616
277
6292
18
1995
5677
4222
59947
5533
213288
28430
3039
1196
18523
277
2363
385
11116
297
265
127068
2363
2732
344
826
22057
13
344
22310
642
61694
277
4607
5442
13
255013
255001
255000
255003
255010
2110
1008
304
3138
1682
129966
2907
184257
18
461
2746
30
1682
32088
1150
1175
386
1033
21
6758
1150
6758
1033
22
16
306
14387
37438
3974
13
1360
1219
37438
306
2687
37438
24273
18
1033
21
306
1033
22
436
35576
14580
778
304
225
622
66
1336
16
713
4354
778
304
225
1449
35
41729
225
622
66
1336
674
225
1449
27740
35
225
622
66
1336
351
225
622
937
937
937
937
937
937
937
697
341
225
1449
27740
35
26128
225
622
66
20
351
225
21
344
21
14387
680
225
622
66
21
33
622
344
22
27740
680
2586
225
622
66
1336
341
225
21
7528
498
225
1336
53432
16
2983
225
1449
27740
18
2586
778
304
225
1449
27740
18
78364
4455
6756
341
225
4120
18
2586
38474
402
14387
38474
341
6527
382
2110
1008
304
1682
5463
297
648
2258
21
16
1033
22
65
402
14387
4455
2223
2783
18
63662
1557
30
285
5311
808
13
19720
5463
499
225
20
304
5879
24273
31666
4550
18
5489
3032
351
285
18075
22
13
506
285
18075
21
17
21
680
19100
304
5203
2927
5879
396
1794
382
669
1584
15924
30
5879
530
361
778
304
225
1449
27740
16
1219
37438
306
2687
37438
778
304
225
4120
18
2586
38474
402
15428
912
344
848
304
225
1449
733
13334
344
22
733
3285
37438
344
20
568
4956
37438
680
9405
6772
18
82618
5907
225
1449
14
22
14
14822
14
622
5907
2164
18
15018
361
20672
382
2608
539
1008
304
361
17034
402
68437
225
622
66
29
15
27
16
306
13667
68993
12989
382
8311
16
277
2615
10799
386
352
277
1310
373
23
24640
5460
21058
25029
21452
9718
27391
6
304
373
27
25268
28208
16035
26709
28026
26122
14575
728
1219
37438
33
10942
16
2687
37438
33
16649
16
277
4655
3271
341
225
17078
16
689
954
1154
6714
2761
1625
18
6755
903
341
265
3735
1310
373
23
24640
5460
21058
25029
21452
9718
27391
728
373
27
25268
28208
16035
26709
28026
26122
14575
728
225
10942
16
225
16649
13
1377
225
16611
15213
27745
6
26128
277
1310
5501
1436
1804
35
16473
1538
468
277
4607
2363
30
1325
277
7977
6292
16
903
341
1375
298
3999
12578
711
24
22460
15711
728
373
27
25763
22118
728
225
6419
16
225
14603
13
1377
225
20
203
298
3999
12578
711
2281
16035
27880
728
373
3298
15352
27612
728
225
20121
16
225
20696
13
1377
225
20
203
298
3999
12578
711
29413
24262
24326
28356
22590
12873
27880
728
373
22
12257
3966
15782
26179
14834
28920
23966
728
225
14919
16
225
12806
13
1377
225
20532
24215
28662
203
298
3999
12578
711
29
28814
27353
13904
14919
20806
19039
23457
728
373
29
28202
28069
14551
8150
27478
10942
14786
728
225
2704
16
225
19436
13
1377
225
22658
26997
27950
203
298
3999
12578
711
23
24640
5460
21058
25029
21452
9718
27391
728
373
27
25268
28208
16035
26709
28026
26122
14575
728
225
10942
16
225
16649
13
1377
225
17078
203
298
3999
12578
711
23
24640
5460
21058
25029
21452
9718
27391
728
373
27
25268
28208
16035
26709
28026
26122
14575
728
225
10942
16
225
16649
13
1377
225
16611
15213
27745
300
4892
903
436
1217
16896
6292
402
1497
4655
2527
35
3483
5563
11700
18
99008
265
20511
35
461
1058
1310
341
225
17078
16
1749
341
225
16611
15213
27745
18
14812
724
436
6726
2761
1625
35
41729
4077
468
277
2363
30
461
7977
6292
2549
3313
373
5648
12578
57972
2339
1377
225
20
6
4115
18
5489
277
2475
1217
569
1656
10235
689
1497
4655
2911
18
3483
5563
1013
265
5209
183764
2615
16
689
539
1998
4475
616
18
99008
277
1058
730
341
265
6078
4655
1333
35
461
2746
6434
4060
373
5648
12578
57972
2339
1377
225
17078
6
1232
3735
373
5648
12578
57972
2339
1377
225
16611
15213
27745
3210
461
1749
730
8615
1325
265
1497
1310
35
16473
15698
277
2688
2363
7662
499
277
1756
1375
5640
1847
2292
180005
2407
298
905
12692
1310
4027
203
298
3999
12578
711
21
728
373
740
728
225
21
16
225
28
13
1377
225
807
203
298
3999
12578
711
21
728
373
25
728
225
21
16
225
25
13
1377
225
25
19964
298
905
22708
1310
4027
203
298
3999
12578
711
21
728
373
21
728
225
21
16
225
21
13
1377
225
21
203
298
3999
12578
711
7366
728
373
3523
728
225
26
16
225
1028
13
1377
225
28
203
298
3999
12578
711
24
728
373
29
728
225
22292
16
225
16972
13
1377
225
20
203
298
3999
12578
711
1748
728
373
4306
728
225
948
16
225
2503
13
1377
225
20
203
298
3999
12578
711
26
728
373
29
728
225
15458
16
225
19727
13
1377
225
20
203
298
3999
12578
711
24
728
373
28
728
225
6701
16
225
24958
13
1377
225
20
203
298
3999
12578
711
2125
728
373
2125
728
225
1691
16
225
1773
13
1377
225
20
203
298
3999
12578
711
24
22460
15711
728
373
27
25763
22118
728
225
6419
16
225
14603
13
1377
225
20
203
298
3999
12578
711
2281
16035
27880
728
373
3298
15352
27612
728
225
20121
16
225
20696
13
1377
225
20
203
298
3999
12578
711
29413
24262
24326
28356
22590
12873
27880
728
373
22
12257
3966
15782
26179
14834
28920
23966
728
225
14919
16
225
12806
13
1377
225
20532
24215
28662
203
298
3999
12578
711
29
28814
27353
13904
14919
20806
19039
23457
728
373
29
28202
28069
14551
8150
27478
10942
14786
728
225
2704
16
225
19436
13
1377
225
22658
26997
27950
203
298
3999
12578
711
23
24640
5460
21058
25029
21452
9718
27391
728
373
27
25268
28208
16035
26709
28026
26122
14575
728
225
10942
16
225
16649
13
1377
225
17078
203
298
3999
12578
711
23
24640
5460
21058
25029
21452
9718
27391
728
373
27
25268
28208
16035
26709
28026
26122
14575
728
225
10942
16
225
16649
13
1377
225
16611
15213
27745
203
7203
9650
16
903
436
1217
16896
70305
402
1497
4655
2911
18
3483
341
73411
18
22977
730
341
6726
352
910
122221
35
14812
277
1058
730
341
6726
402
2739
7878
35
2491
8696
730
36033
471
304
1682
2291
42814
35
2209
1804
436
1656
2783
382
20822
16
277
4381
194863
4060
30
373
4583
277
1435
302
32088
1150
1175
386
1033
21
6758
1150
6758
1033
22
306
1219
37438
6758
14387
37438
3974
13
6758
2687
37438
3210
2586
42814
24273
382
669
1154
341
1610
10753
352
67848
18
461
2292
1154
4164
4059
4347
6292
18
461
31579
1310
402
1497
2911
341
40877
18
99008
277
1749
730
341
265
1497
7273
35
16473
4638
18400
277
5463
30
373
23
24640
5460
21058
25029
21452
9718
27391
6
306
373
27
25268
28208
16035
26709
28026
26122
14575
3210
461
1058
8615
1325
373
29
28202
28069
14551
8150
27478
10942
14786
728
277
1749
8615
3735
18
461
1749
8615
1754
402
1656
10235
18
14812
1850
265
20511
297
277
2746
6434
306
277
1749
1196
569
265
1497
5879
35
2952
16
539
1008
304
1717
616
6292
396
2688
18
2586
539
1998
6496
1804
4655
19237
35
2209
265
1154
6714
265
3225
1333
16
4445
22465
1804
73411
16233
18
2586
8696
730
302
277
6292
341
516
766
302
277
2522
2292
35
2491
8696
277
6292
436
15474
60166
306
277
1749
40439
240490
277
1058
35
2209
1804
1011
8477
387
2615
592
724
1173
18
2586
277
1094
1528
304
1717
341
592
1804
4655
2911
436
6792
16
689
724
436
516
18
2586
7076
4164
265
20511
297
277
3419
2746
382
2608
539
1008
304
6496
265
4377
386
19553
277
1310
20155
396
2688
18
22977
277
1058
373
5648
12578
57972
2339
1377
225
17078
6
341
3757
265
5478
1965
171382
4655
1333
306
277
4309
4655
341
225
16611
15213
27745
18
2491
18742
41837
18
2209
539
1008
304
5827
697
341
4309
2387
366
11236
35
16473
1761
382
23928
277
19797
436
8730
344
23835
225
622
66
1336
680
461
14387
4455
2783
341
225
10942
17
16649
18
1882
1451
5463
1360
5907
23
73
1710
306
5907
27
18
27
73
1710
569
14387
4455
1360
225
10942
306
225
16649
35
461
4655
1333
225
17078
341
1586
2164
18
225
16611
4364
341
9310
6892
18
8548
341
52298
35
461
14387
4455
2783
4354
341
225
3671
344
16649
17
10942
15
21
351
225
3671
680
1563
5676
5463
302
4354
225
1336
344
29753
1804
5463
569
1656
4354
35
16473
2292
31051
30
373
23
24640
5460
21058
25029
21452
9718
27391
6
4354
35
4716
27740
30
225
23
225
20
225
24
225
26
225
21
225
25
225
20
225
22
225
26
225
21
225
25
225
20
225
27
225
25
225
20
225
23
225
29
225
29
225
20
225
24
225
28
225
29
1117
225
1336
27740
35
16473
1682
21887
30
225
21
30
23
16
22
30
20
16
23
30
24
16
24
30
26
16
25
30
21
16
26
30
25
16
27
30
20
16
28
30
22
16
29
30
26
16
622
30
21
16
807
30
25
16
740
30
20
16
1068
30
27
16
992
30
25
16
883
30
20
16
902
30
23
16
1145
30
29
16
1045
30
29
16
1057
30
20
16
696
30
24
16
1710
30
28
16
1336
30
29
1117
225
1336
27740
18
373
27
25268
28208
16035
26709
28026
26122
14575
1023
27740
30
225
27
225
27
225
27
225
25
225
28
225
22
225
29
225
21
225
28
225
21
225
20
225
29
225
25
225
20
225
26
225
28
225
27
225
23
225
27
225
21
225
23
225
26
1117
851
225
1336
27740
18
2586
1804
25573
436
225
1336
57329
5463
18
461
2783
4354
30
225
27
25268
28208
16035
26709
28026
26122
14575
506
225
23
24640
5460
21058
25029
21452
9718
27391
351
819
225
24
18
7563
73
1710
18
19078
1131
5463
16
277
4655
1682
341
3673
225
17078
420
225
16611
4364
18
8548
341
717
52298
35
76001
386
265
5676
225
1336
57329
1435
674
14387
4455
1360
225
10942
306
225
16649
35
461
14387
4455
6158
352
225
1336
27740
341
21210
3932
402
2676
225
1336
14
24
18
25
351
225
959
16
25682
225
1336
14
28
18
948
351
225
16035
18
25
16
3619
98
1068
18
25
18
2586
2783
225
10942
17
16649
341
819
344
10942
17
959
5403
1068
18
25
351
225
22
18
2662
51367
304
344
16649
17
959
5403
1068
18
25
351
225
25
18
2804
51367
18
2586
778
304
225
25
51367
16
12075
21210
1360
225
20
18
991
306
225
21
73
17
27
35
41729
7835
225
23
51367
12075
341
1586
2164
18
461
12075
302
1610
1360
225
22
51367
306
225
25
51367
2428
361
366
277
1991
302
225
20
18
13821
35
41729
12075
304
361
2946
225
22
51367
341
819
225
22
18
25
9
344
27982
76468
86006
689
539
1008
2946
225
22
51367
778
304
225
25
51367
18
3483
2428
361
2239
225
22
17
23
224982
22547
361
2239
225
22
224982
16473
17208
30
1563
3932
6158
16
370
43613
34
22
13
5907
225
20
18
20
18374
31
370
43613
34
25
13
5907
225
22
18
29
73
17
27
18
2586
2684
1360
225
22
306
225
25
341
5907
20
18
20
18374
506
225
22
18
29
73
17
27
351
225
20
18
20
18374
18
2586
819
225
22
18
1575
9
302
5463
1011
569
14387
4455
6743
10942
35
2209
851
539
1008
6758
16649
16
697
4059
3598
10649
35
41729
6158
341
34580
2239
2676
225
959
16
689
277
2783
225
10942
17
16649
341
516
34580
31
1850
2946
277
2676
18
2586
277
12075
302
1610
1360
225
10942
306
225
16649
341
21210
2684
499
1468
33
22
18
2662
304
1468
33
25
18
2804
16
697
341
819
225
20
18
3031
35
344
29753
499
225
22
304
225
25
341
5907
20
18
20
18374
16
57859
2684
7835
225
25
5907
23
73
17
27
680
2586
5907
22
18
23
11703
2586
686
302
819
225
24
18
7563
73
1710
5463
16
4655
1682
5907
21
18
21
73
696
16
697
341
37682
1547
8730
16
516
225
17078
420
225
16611
4364
18
2586
2761
341
1115
18
22977
277
2746
341
27946
5463
402
14387
4455
1360
1219
37438
306
2687
37438
16
689
851
402
4354
778
304
910
5879
35
41729
16981
30
1033
21
306
1033
22
778
304
225
622
66
1336
16
697
341
225
1449
27740
18
2209
277
14387
4455
2687
341
225
4120
18
2586
277
2783
302
2731
14387
44914
352
5463
402
778
304
225
1336
27740
341
778
304
225
1336
14
29
351
225
11529
18
26128
16
6756
14387
4455
352
265
1435
402
778
304
225
1336
27740
341
225
1336
14
29
33
11529
16
516
225
4120
18
2209
277
25284
4060
2687
37438
6758
4120
16
689
352
5463
6758
622
66
1336
16
2687
14387
4455
341
225
29
14
1336
33
11529
18
2586
2687
37438
530
361
778
304
225
4120
16
689
5772
2731
14387
44914
352
5463
297
2783
778
304
225
622
66
1336
436
5885
304
6758
11529
18
2586
352
1219
37438
33
10942
16
2687
37438
33
16649
16
1131
436
2223
648
10942
16
16649
65
697
341
265
22517
302
648
20
16
11529
1807
2586
12075
386
265
5676
225
1336
57329
1435
674
14387
4455
1360
225
10942
306
225
16649
341
14233
9310
2164
35
41729
225
10942
304
225
16649
13823
44914
1518
2676
16
689
851
13823
778
304
4549
2687
18
2209
277
12075
2428
361
6892
936
225
22
9
1480
277
6158
341
516
7662
3932
689
26879
18
2952
16
4655
1435
302
5463
297
386
2783
1196
361
8730
18
2586
3097
1011
277
4655
1682
361
1094
225
17078
35
34159
277
2783
302
5463
341
516
277
2833
2783
31
9745
539
436
27946
5463
386
22465
265
4016
4131
304
2761
1625
35
16473
2292
1310
4027
30
2227
569
1451
1310
4027
19210
225
20
16
1013
373
24
728
373
29
728
1219
37438
33
22292
16
2687
37438
33
16972
1117
14387
4455
2687
352
5463
225
24
17
29
341
6758
29
16
713
14233
225
20
18
373
1748
728
373
4306
728
1219
37438
33
948
16
2687
37438
33
2503
30
14387
4455
302
5463
297
386
2783
35
1563
225
1748
14387
4455
225
807
16
778
304
225
4306
4455
225
883
16
713
2687
4455
225
883
16
713
225
20
18
373
26
728
373
29
728
225
15458
16
225
19727
30
851
225
20
18
373
24
728
373
28
728
225
6701
16
225
24958
30
225
20
18
373
2125
728
373
2125
728
225
1691
16
225
1773
30
4455
225
29
15
26
33
883
16
225
20
18
373
24
22460
15711
728
373
27
25763
22118
728
225
6419
16
225
14603
30
14387
4455
302
5463
297
386
2783
35
19100
304
2292
689
5091
225
20
1480
1219
37438
225
6419
1398
689
2687
225
14603
8696
2731
35
2209
1193
225
20
18
373
2281
16035
27880
728
373
3298
15352
27612
728
225
20121
16
225
20696
30
14387
4455
302
225
2281
16035
27880
35
225
24
15
24
15
21
15
28
15
21
15
26
15
24
15
29
33
1952
16
3312
3392
225
20121
16
713
225
20
18
2586
1731
53432
1265
5258
382
669
1094
1713
41872
1310
4027
436
30
12692
6292
30
373
21
4990
740
728
1219
37438
33
21
102940
37438
33
28
1117
1682
225
807
18
16473
13561
30
5463
225
21
304
225
740
16
14387
44914
30
225
21
16
22
16
23
16
24
16
25
16
26
16
27
16
28
16
29
16
21
16
22
16
23
18
15040
2223
225
21
17
28
30
616
6329
225
29
344
8781
341
225
29
13
306
225
622
35
225
622
4455
33
21
344
264
733
225
807
4455
33
22
344
264
733
740
4455
33
23
15300
680
2586
616
5463
499
225
21
304
225
740
6329
225
29
35
16473
1682
30
225
21
17
28
436
225
28
5463
344
206705
225
21
17
28
680
225
29
4455
33
29
516
5101
18
225
622
4455
33
21
5101
18
225
807
4455
33
22
5101
18
225
740
4455
33
23
5101
18
2586
2983
351
225
28
692
225
23
351
225
807
18
9177
382
6
21
4990
25
728
21
16
25
1117
5463
225
21
16
22
16
23
16
24
16
25
44914
225
21
16
22
16
23
16
24
16
25
616
297
1117
225
25
382
6
21
4990
21
728
21
16
21
1117
225
21
382
6
7366
4990
3523
728
26
16
1028
1117
13640
1682
20488
30
5463
225
7366
17
3523
24273
16
14387
44914
30
225
27
15
21
33
28
16
27
15
22
33
29
16
27
15
23
33
622
16
27
15
24
33
807
16
27
15
25
33
740
16
27
15
26
33
1068
16
27
15
27
33
992
16
27
15
28
33
883
18
2536
44914
225
28
17
883
18
461
2783
1219
37438
33
26
102940
37438
33
1028
1117
616
5101
16
713
225
28
5463
18
17106
225
28
18
9177
382
8311
277
2009
1217
6292
436
1804
277
1656
2740
689
1497
19237
18
22547
361
265
20511
18
22977
730
341
4655
304
361
19377
402
265
3018
4158
35
16473
15698
277
5463
30
373
23
24640
5460
21058
25029
21452
9718
27391
6
304
373
27
25268
28208
16035
26709
28026
26122
14575
3210
2933
436
8730
18
2278
2428
361
265
4016
30
8696
277
4655
1682
341
225
17078
352
730
1690
306
225
16611
15213
27745
352
2484
1480
302
1497
893
35
2209
277
1154
6714
68437
225
21
73
29
15
27
18
225
17078
341
2164
16
225
16611
15213
27745
341
18687
18
11243
436
2336
936
28157
18
8548
1387
361
4309
35
1283
1008
304
5827
4309
3032
498
26565
382
23928
386
277
38474
4158
19720
5463
499
225
20
304
5879
24273
18
1563
5879
778
304
225
1336
27740
16
38474
341
25485
306
1196
361
10647
18
461
1094
2731
79515
436
13667
6152
53432
35
2209
539
2489
5463
396
2896
7662
6441
5311
808
13
27740
402
6152
53432
35
41729
954
38474
21757
860
616
5463
499
225
20
304
5879
24273
16
402
277
11183
2896
7662
307
27740
344
15519
6152
53432
680
1563
2024
16
352
5879
373
740
728
307
33
22
16
38474
19720
5463
225
409
16
555
55340
740
18
2209
539
1587
5463
1150
1175
386
225
20
6758
1150
6758
5879
16
689
5463
402
6152
53432
4850
304
20906
5463
344
73
1627
1278
225
2113
351
225
25
680
5641
38474
19720
1019
396
4080
592
14387
4455
4550
12413
18
9405
4309
1480
539
1587
616
5463
499
225
20
304
5879
18
2952
16
539
851
2549
225
20
5513
18
12379
277
2746
1994
225
20
35
461
3598
5879
1033
21
341
468
2750
225
21
621
16981
344
21
6758
1033
21
680
2209
285
18075
22
13
4059
225
20
16
306
285
18075
21
17
21
13
4059
225
20
396
1357
16
713
83084
1019
139892
686
18
2586
4924
6772
382
5158
122221
30
1437
5879
674
6152
53432
297
11183
35
5641
38474
5119
7662
307
27740
31
352
5879
373
740
728
539
1994
373
409
6
304
373
740
3210
9405
4309
18
1563
5879
1013
373
25
728
307
33
21
16
539
1994
225
20
304
225
25
18
19956
382
4892
277
38474
4158
5563
4309
382
2608
3097
436
277
2527
73411
35
99008
277
1217
1310
4027
436
10439
304
1310
1217
1497
5442
35
2491
8696
730
302
1019
36033
277
3032
304
361
277
1682
302
5463
1207
14387
4455
341
2223
2783
352
5463
12240
297
265
1497
3349
35
2523
382
19477
2292
277
4607
2746
6434
344
3161
277
194863
680
887
4060
30
373
6534
277
2165
1154
16607
306
194863
16
7095
3138
277
1154
4546
306
1717
616
277
6292
1304
461
194863
4059
2024
6292
30
373
21
4990
740
728
21
16
28
2649
225
807
31
373
21
4990
25
728
21
16
25
2649
225
25
18
5489
903
436
4728
1310
4027
2688
297
2292
1154
18
2586
277
6292
436
766
302
277
2292
18
2586
539
1998
1717
616
302
1019
18
461
31579
1310
402
1497
4655
2911
341
4164
387
2615
297
277
2746
5224
31
9745
730
302
1019
341
5478
188772
306
277
4309
3032
341
730
302
1019
18
1283
1008
304
16278
697
341
4309
382
2110
530
5842
304
17208
277
4309
3032
1347
265
88934
99677
352
2164
19797
304
15076
954
38474
18
1563
277
2927
1310
16
539
4273
88934
99677
689
539
530
5842
304
1310
277
38474
11236
366
910
2164
19797
306
10049
304
88934
99677
304
1565
592
38474
4229
18
5489
6724
386
38474
4229
352
2927
18
5489
539
642
17208
277
5772
3032
352
277
2927
2783
1347
954
38474
7878
16
306
1565
1065
411
6714
18
1437
411
14441
225
17078
16
1232
277
1058
4655
341
4309
31
592
14441
225
16611
15213
27745
16
1232
277
1749
4655
341
4309
18
2209
277
1310
36033
1804
35
9405
13861
382
25790
277
1217
1310
4027
436
3757
1497
30
9745
730
1310
5119
277
1154
1682
129966
2907
184257
306
277
852
5119
2761
1625
35
2209
1804
3999
12578
711
23
24640
5460
21058
25029
21452
9718
27391
728
4074
680
3483
4445
361
382
25790
277
1749
1310
341
265
5209
183764
2615
306
1196
361
352
265
1497
5879
35
16205
468
277
7977
1310
30
373
29
28814
27353
13904
14919
20806
19039
23457
728
373
29
28202
28069
14551
8150
27478
10942
14786
728
225
2704
16
225
19436
13
1377
225
22658
26997
27950
18
5489
277
2475
1310
30
373
23
24640
5460
21058
25029
21452
9718
27391
728
373
27
25268
28208
16035
26709
28026
26122
14575
728
225
10942
16
225
16649
13
1377
225
17078
18
5489
2475
30
373
23
24640
5460
21058
25029
21452
9718
27391
728
373
27
25268
28208
16035
26709
28026
26122
14575
728
225
10942
16
225
16649
13
1377
225
16611
15213
27745
18
461
1749
730
8615
304
361
12461
18
99008
277
1749
1196
569
1497
1219
37438
420
2687
37438
35
2491
9745
277
1749
1310
341
12762
304
361
352
265
1497
2783
35
2491
8696
730
302
1019
341
4655
304
361
19377
1347
265
1497
1557
344
7846
27946
20632
15309
2209
1804
436
277
1656
382
23928
277
73411
5315
16
342
18294
386
277
1749
4655
1333
225
16611
15213
27745
341
4309
16
306
225
17078
341
265
5478
2476
18
2491
18742
41837
18
2159
11135
16
539
1387
30281
277
1435
302
1175
5463
18
16473
589
265
12616
12564
382
2110
569
2783
648
37
16
398
65
1207
340
5907
225
23
18
24640
73
1710
16
398
5907
225
27
18
27
28944
73
1710
18
9405
2439
5907
24
18
7563
73
1710
18
461
14387
4455
6158
352
225
1336
57329
5463
341
21210
3932
402
2676
225
959
16
3619
5907
1068
18
25
18
461
12075
302
14387
4455
1360
225
10942
306
225
16649
341
2164
689
516
37682
1547
2164
18
461
2684
499
1468
33
22
18
2662
304
1468
33
25
18
2804
341
819
370
43613
26720
25
18
2804
13
506
370
43613
26720
22
18
2662
680
1563
3932
16
370
43613
26720
22
18
2662
13
5907
225
20
18
29
21357
16
370
43613
26720
25
18
2804
13
5907
225
20
18
4542
4542
4542
35
41729
468
225
25
51367
16
35829
341
15837
225
21
18
2586
2684
1360
341
819
225
20
18
20
10844
35
41729
370
43613
34
22
18
2662
5791
21
17
20
18
29
21357
33
20
18
20
10844
18
370
43613
34
25
18
2804
13
341
5907
22
73
17
27
18
2586
12075
5907
20
18
20
10844
18
2586
4655
1682
5907
24
18
7563
73
1710
535
225
20
18
20
10844
5907
225
29
18
2729
73
1057
18
9405
8730
16
3312
6892
936
1804
225
17078
306
225
16611
4364
18
2586
2761
1625
1998
361
25165
18
26128
16
689
539
569
304
1994
386
277
5463
436
516
45531
11655
3796
616
225
1336
57329
5463
1480
277
3598
5879
341
225
23
73
1710
306
7866
5879
341
225
27
18
27
73
1710
18
19078
225
1336
57329
5463
16
277
14387
4455
6158
2428
361
93758
1480
277
1210
3040
14387
341
45246
30
352
5463
297
386
2783
16
277
1058
14387
341
1360
225
23
306
225
27
344
29753
340
10626
402
225
23
16
398
10626
402
225
27
680
2586
277
6158
341
64057
18
2209
2188
16
277
12075
341
516
386
15747
382
19477
17208
277
4655
1435
302
5463
402
14387
4455
1360
225
10942
306
225
16649
297
386
2783
1347
265
12616
97102
12564
18
1563
265
5676
225
1336
57329
1435
344
5324
6152
14387
1713
41872
733
277
14387
4455
6158
341
28265
2239
225
959
18
461
12075
304
14949
225
13335
341
8696
2239
265
2487
3662
35
41729
539
1008
304
1994
277
5204
6158
18
16473
17208
30281
12075
1347
6538
4753
27408
30
1468
351
344
55
506
225
959
5403
1068
18
25
18
330
33
10942
1117
1468
33
22
18
2662
16
10649
12075
5907
20
18
3031
18
330
33
16649
1117
1468
33
25
18
2804
16
10649
12075
5907
21
18
25
73
17
27
18
2586
12075
386
330
19105
10942
341
819
225
20
18
3031
18
2209
539
851
1008
330
26720
16649
16
697
4059
5155
616
302
277
1518
13335
4318
1480
225
16649
341
3312
2946
225
13335
18
2586
12075
5907
20
18
3031
18
2586
4655
1682
5907
225
24
18
7563
73
1710
535
225
20
18
3031
351
225
29
73
1057
18
9405
28224
382
2608
277
4655
3032
225
16611
4364
341
5907
21
18
3723
73
28
16
697
341
1451
12569
302
19691
7922
18
2586
3673
277
38474
11236
341
62629
16
420
539
436
5478
2100
122517
277
2783
30
8696
539
436
27946
5463
1207
14387
4455
302
1150
341
1360
1219
37438
306
2687
37438
16
689
1150
341
12240
396
265
1794
2142
6152
53432
35
3483
341
1065
539
589
18
2209
9745
277
16981
436
1175
386
1033
21
306
1033
22
436
8730
689
539
1008
304
1994
5463
402
14387
4455
1360
1219
37438
306
2687
37438
16
689
1219
37438
306
2687
37438
436
778
304
225
4120
16
689
352
5463
778
304
225
622
66
1336
16
14387
4455
2687
341
225
11529
18
2586
8696
277
38474
341
4309
16
689
277
3032
352
386
2783
341
14233
8730
689
68437
225
21
73
29
15
27
22699
265
1435
2239
225
16611
4364
35
3483
341
2731
30
277
5772
1682
1387
361
2239
225
21
73
1057
893
225
21
73
29
15
27
16
697
1387
361
839
1435
778
304
28157
17
21
18
2586
225
16611
4364
1387
361
277
68437
1193
18
2209
277
1310
36033
225
17078
16
697
341
3312
7922
936
28157
16
689
1387
851
361
277
68437
1193
18
8548
730
341
52298
35
11243
436
2731
382
2608
539
1008
304
2292
592
225
17078
341
52298
396
277
68437
302
265
8730
1682
18
1437
5772
1682
341
5907
29
73
1057
16
893
225
21
73
29
15
27
22699
265
1435
1360
225
20
306
225
21
73
29
15
26
18
225
17078
341
2731
18
2209
225
16611
4364
341
851
2731
18
2586
1804
436
52298
382
2608
539
1008
304
1565
592
954
38474
22699
3673
302
1731
18
16473
17208
1347
954
38474
2363
352
277
2688
25573
18
2952
16
539
4273
1774
2363
1743
18
2209
539
530
3368
819
38474
67848
306
3242
1115
14530
20740
7783
16
4661
297
13667
277
5879
68993
306
13667
302
5463
402
6152
53432
382
13617
12634
30
461
38474
396
5448
19720
5463
499
225
20
304
5879
24273
16
689
402
7662
307
27740
16
2291
5463
402
6152
53432
18
9405
4309
18
2952
16
539
1998
4802
386
5463
402
14387
4455
4550
436
33649
12989
18
2209
8696
277
38474
396
5448
341
53786
13667
277
4753
352
14387
7706
35
1563
1450
2413
16
539
17208
4753
351
853
5311
808
74686
6577
592
13334
1625
225
29
18
5489
539
9284
282
297
2783
124651
15
21
680
1563
1450
282
16
539
17208
699
872
502
351
13334
306
344
72
1377
4753
680
26128
16
17034
30
2973
13334
341
1641
16
539
569
4753
351
14387
468
386
2413
18
2159
2553
13334
352
2475
10690
16
539
1008
282
1377
4753
35
41729
592
13334
341
1641
16
411
2767
386
277
16514
713
3312
7662
14441
277
5879
494
16514
18
1563
277
2475
2413
304
4317
13334
16
539
1998
5857
282
6792
304
277
5879
494
14387
468
386
2413
18
2209
297
277
2363
16
724
8089
699
872
502
351
13334
306
344
72
1377
4753
680
2952
16
592
13334
341
2044
344
83575
2336
733
1232
699
872
502
30628
2044
15470
302
282
18
2586
699
872
502
351
13334
306
344
72
1377
4753
13
341
4309
18
2209
903
341
265
202267
30
2973
13334
341
1641
16
4753
351
5879
123983
18
2586
539
1008
304
10049
282
304
5879
123983
18
2209
6035
30
4753
341
5879
123983
18
2586
282
1377
4753
4229
18
2952
16
592
539
9284
282
499
225
20
304
4753
24273
16
306
352
282
460
4753
16
699
872
502
7883
2044
31
352
282
1377
4753
16
8320
1641
18
9405
4309
382
5158
717
122221
30
2973
13334
341
1641
306
539
5857
282
2336
936
4753
16
1232
699
872
502
7883
2044
31
4924
6772
382
8311
16
277
38474
6714
1682
302
5463
499
225
20
304
5879
24273
31666
14387
4455
4550
18
9405
4309
382
8311
16
277
68993
30
1682
22
506
1682
21
893
28157
382
2608
903
341
265
3242
1115
14530
20740
30
1563
1682
26649
5912
5311
808
733
1414
411
2549
277
1435
5879
5513
35
461
38474
890
912
1377
307
16
539
2292
3285
37438
18
1563
13334
2481
386
7662
14441
5879
27740
16
539
642
569
3285
37438
351
4455
302
5879
27740
18
3483
642
361
5101
592
4550
12413
18
2586
12035
4059
5879
382
8311
16
1682
21
341
1682
26649
5912
14964
18075
21
10013
506
225
21
11499
1437
1033
21
10013
341
225
21
16
1232
1033
21
10013
17
21
33
20
16
539
1465
1682
26649
5912
711
20
5105
12379
386
1682
2549
225
20
35
8520
16
373
20
6
4354
225
21
16
4059
1435
225
20
18
2586
1682
21
4059
225
20
592
225
20
34494
4550
18
2209
4550
1219
37438
19105
21
35
461
16981
2132
1219
37438
6743
21
18
2586
225
20
4455
351
20
460
1219
37438
16
713
225
20
516
33649
18
2586
6772
382
8311
16
277
2746
30
22547
903
361
839
13304
420
3892
3933
35
3557
352
11636
382
2608
3097
1414
277
1310
4759
35
16473
2050
304
20488
17208
4655
1193
352
277
2927
1310
1347
910
8081
1557
304
1565
592
225
17078
420
225
16611
15213
27745
341
4309
382
2110
530
5842
304
17208
1682
26649
5912
352
1131
25573
1347
38474
297
265
7498
15376
35
3557
31975
382
44125
903
341
387
2615
297
277
38474
2920
304
277
1689
386
539
436
1347
312
625
28090
366
65293
16
697
4059
10235
912
16
13334
16
3285
37438
18
3285
37438
530
704
778
304
2687
37438
344
4120
733
912
778
304
225
1449
18
2586
1889
3203
5907
1449
14
22
14
14822
33
1045
24973
16
697
341
6772
18
2209
6035
30
3285
37438
530
14949
2687
37438
35
1283
83337
890
699
37438
1518
2687
37438
18
2586
3285
37438
2837
6758
2687
37438
18
2586
1850
6772
382
2608
903
341
265
3242
11336
30
461
77647
341
27946
5463
402
7662
307
27740
16
2291
6152
53432
18
9405
4309
18
2952
16
730
1998
1994
386
5463
402
6152
53432
874
569
14387
4455
386
4007
7026
277
5772
1435
35
1563
2024
16
1435
225
25
341
12240
396
373
2113
6
352
307
33
22
31
969
14387
4455
341
225
20
15
25
33
25
16
697
341
4309
18
2586
6772
382
2608
1065
819
5463
402
616
53432
35
9405
225
20
16
14387
4455
225
20
16
516
33649
592
1219
37438
19105
21
382
4892
38474
5563
4309
382
8311
16
8696
277
4264
341
386
277
38474
494
77647
3349
1690
6714
225
21
592
1219
37438
6758
3285
37438
6758
2687
37438
18
2209
352
5463
402
6152
53432
16
3285
37438
530
361
2336
936
1219
37438
18
9405
6772
382
8311
16
277
1310
18048
18
16473
2050
304
47685
402
910
31420
1310
4027
304
1565
592
38474
4229
382
2110
530
1310
402
2164
19797
20488
1347
26565
18
1563
373
21
4990
740
728
539
1196
771
225
807
18
16473
37687
38474
1375
2258
22
351
373
740
728
307
33
22
18
1682
26649
5912
711
740
2191
1196
361
5463
225
20
568
740
402
14387
4455
1360
225
21
306
225
28
382
19477
17208
20488
5463
225
20
568
740
30
225
20
4455
20
2649
840
31
21
4455
21
12035
31
22
4455
22
12035
31
23
4455
23
12035
31
24
4455
24
12035
31
25
4455
25
12035
31
26
4455
26
12035
31
27
4455
27
12035
31
28
4455
28
12035
31
29
4455
29
840
31
622
4455
21
12035
31
807
4455
22
12035
31
740
4455
23
12035
18
2586
2983
225
807
18
9177
382
8311
1682
26649
5912
711
20
2191
352
1033
21
33
21
30
1033
21
17
21
33
20
16
1682
26649
5912
711
20
2191
5463
225
20
568
20
30
1094
225
20
4455
20
840
1117
20
18
2586
3032
351
807
17
20
33
807
382
8372
38474
1011
17208
1682
26649
5912
711
740
2191
351
35
16473
37687
6697
1375
86299
12
20
16
7143
16
225
20
680
912
20
14387
5879
351
21
18
39955
282
225
20
568
21
638
17
282
33
20
30
699
872
502
14040
344
29753
282
32
25665
733
699
37438
33
20
18
103041
12
21
156864
16
20
680
1563
912
21
16
4753
33
29
344
29753
516
13334
680
1283
1008
304
1682
5463
499
225
409
304
225
3171
344
29753
16514
225
20
13
402
14387
4455
1360
225
21
17
28
18
15040
436
30
225
555
4455
21
16
991
4455
22
55340
2729
4455
28
2649
225
28
5463
344
555
17
2729
680
6755
225
409
4455
20
840
18
2586
103041
12
21
156864
16
20
13
351
28
18
2586
13556
225
28
388
17
282
33
21
30
699
872
502
9139
344
72
582
25665
733
699
37438
33
21
18
103041
12
21
183551
16
21
680
1563
912
21
16
4753
351
5879
63
21
65
351
22
18
39955
282
225
20
568
22
638
261
535
282
33
20
30
699
872
502
14040
16
699
37438
33
21
2649
103041
12
22
156864
16
21
13
3349
1690
30
3285
37438
33
21
297
648
21
16
28
65
1117
21
18
2586
13556
225
21
388
261
535
282
33
21
30
699
872
502
14040
35
26128
16
13334
341
7143
16
4753
33
22
16
282
33
21
460
4753
2649
699
872
502
14040
18
699
37438
33
22
2649
103041
12
22
156864
16
22
13
3349
30
21
388
261
535
282
33
22
30
699
872
502
9139
16
699
37438
33
23
2649
103041
12
22
183551
16
23
13
3349
30
21
388
4892
2983
103041
12
21
183551
16
21
13
351
225
23
18
2586
13556
499
282
33
21
2481
341
225
23
388
10914
1682
26649
5912
711
740
2191
351
28
15
23
33
807
18
9177
382
8311
1682
26649
5912
711
20
93826
5879
508
20
728
307
33
21
18
103041
12
20
183551
16
20
680
4753
33
20
18
39955
282
33
20
30
699
872
502
9139
16
699
37438
33
20
18
103041
12
21
183551
16
20
2738
912
582
21
1117
3349
30
3285
37438
33
20
516
297
648
21
16
28
65
1117
20
18
2586
2983
225
20
18
2586
3032
225
807
18
19956
382
4892
38474
5563
4309
382
8311
1310
373
7366
4990
3523
728
26
16
1028
1117
4655
225
28
18
16473
17208
20488
30
5463
225
7366
17
3523
24273
18
5641
38474
30
1682
26649
5912
711
3523
2191
506
1682
26649
5912
711
2196
2191
35
26128
1033
21
33
7366
16
713
1682
26649
5912
711
2196
2191
19720
225
20
568
2196
18
2209
539
1008
225
7366
568
3523
24273
18
2586
3032
351
1682
26649
5912
711
3523
2191
506
1682
26649
5912
711
2196
75762
19477
17208
1682
26649
5912
711
3523
2191
20488
35
51787
361
71220
689
539
530
6724
382
66355
30
16473
1310
954
38474
366
265
7922
2783
386
539
530
88934
99677
30
317
1627
1278
1033
21
508
21
728
1033
22
508
696
728
1219
37438
33
21
102940
37438
33
25
18
1283
530
88934
38278
35
3557
4494
18
2209
539
530
4602
265
4374
6775
304
1310
689
539
4445
1774
382
23928
277
2363
8615
4309
16
277
8221
1998
361
2920
304
2761
1625
18
16473
15698
277
1310
5501
1754
18
2278
341
851
265
1310
402
373
29413
24262
24326
28356
22590
12873
27880
728
373
22
12257
3966
15782
26179
14834
28920
23966
728
225
14919
16
225
12806
13
1377
225
20532
24215
28662
18
3483
341
2484
8730
1310
18
1533
373
29
28814
27353
13904
14919
20806
19039
23457
728
373
29
28202
28069
14551
8150
27478
10942
14786
728
225
2704
16
225
19436
13
1377
225
22658
26997
27950
18
1533
1232
277
1217
16896
18
2586
4164
277
1749
31579
341
265
20511
18
22977
277
1310
15422
1078
1497
5938
352
277
1749
16
1013
8696
2687
37438
33
16649
35
2209
1850
1656
18
22547
361
386
277
1749
1310
341
9444
304
1310
68437
5637
21214
35
2209
1804
436
1656
382
23928
277
2746
341
499
387
2486
15856
8696
35
461
31579
1387
361
53465
18
99008
277
4309
4655
1333
341
225
16611
15213
27745
16
306
277
1058
730
344
17078
13
341
265
83092
499
265
3733
3478
18
2491
18742
41837
18
16473
2050
304
17208
277
3032
1347
38474
20488
35
3557
2731
382
2110
530
2050
304
79382
697
341
717
52298
498
15990
592
225
17078
5563
2502
2164
18
1563
277
2783
4354
5907
24
18
7563
73
1710
16
277
1682
302
5463
402
14387
4455
1360
225
10942
306
225
16649
341
4164
8730
18
2952
16
6035
386
277
14387
4455
2783
341
225
10942
17
16649
16
697
341
5716
1398
31
8696
277
6158
341
9283
93758
306
1094
265
2487
5463
297
386
2783
22465
35
2209
499
3932
28495
16
12075
5907
22
9
1117
8730
1682
18
2586
225
17078
341
3312
2502
2164
18
225
16611
4364
341
851
3312
2502
2164
35
16473
17208
30281
1682
1347
717
10647
6158
30
1563
225
1336
57329
5463
16
277
14387
4455
6158
341
516
7662
3932
689
30281
18
16473
17208
5204
12075
35
22547
361
3410
3874
16253
5442
16
689
539
530
30281
402
265
12616
97102
1682
18
461
1435
302
225
1336
57329
5463
344
29447
14387
225
21
17
29
13
402
14387
4455
330
341
19768
302
1150
66
55
297
344
92
66
21
15
1424
15
92
66
29
13
535
344
21
55503
15
1424
15
92
66
29
20534
1710
35
41729
1058
14387
530
361
225
21
17
29
16
3575
225
20
17
29
18
2586
16253
1154
30
344
92
692
1150
66
22
692
4074
692
1150
66
29
13
535
344
21
692
1150
692
4074
692
1150
66
29
20534
1710
18
1563
330
2239
225
10942
17
16649
16
539
530
30281
12075
18
461
2983
1435
302
225
1336
57329
5463
341
225
29
14
622
66
1710
64823
225
29
73
1710
18
461
1435
302
1731
402
14387
4455
1360
225
10942
306
225
16649
341
4455
1242
55
33
10942
6165
16649
97
19768
18
1283
530
30281
1347
6538
4753
396
1714
18
461
2676
341
225
29
10726
21
15
1424
15
29
5403
29
35
41729
4655
4455
352
1058
14387
30
344
21
15
1424
15
29
5403
29
351
225
25
18
2586
1058
14387
2676
225
25
16
3575
2676
225
24
18
25
1450
35
26128
16
1450
302
277
852
27740
12808
225
20
17
29
674
2676
225
24
18
25
18
2586
2983
2676
351
225
25
692
225
1710
14
24
18
25
351
225
25
692
225
7726
18
25
351
225
959
18
25
35
41729
225
25
15
7726
18
25
351
225
959
18
25
18
145899
2946
225
959
18
2586
2676
5907
959
18
25
18
145123
30
1058
14387
25682
351
428
54442
66
22
65
506
344
41
54442
6577
66
22
18
1563
12808
225
21
17
29
30
428
54442
16051
25
16
428
54442
66
22
161402
21
66
22
15
1424
15
29
66
22
5403
29
351
344
20121
5403
29
33
2193
18
26
21239
35
41729
4455
36458
225
21
15
24
15
29
15
902
15
948
15
1960
15
3124
15
1507
15
7537
33
20121
16
855
29
33
2193
18
26
21239
18
2586
1812
21
351
2193
18
26
21239
506
948
351
26
18
26
21239
18
1563
12808
225
20
17
29
30
428
54442
16051
24
18
25
16
428
54442
66
22
65
351
344
20
15
21
15
24
15
29
15
902
15
948
15
1960
15
3124
15
1507
15
7537
5403
622
351
225
20121
19
622
351
1575
18
25
16
1812
351
1575
18
25
506
696
18
948
351
28
18
948
18
2586
2983
25682
351
1812
21
692
225
1710
14
28
18
948
351
26
18
26
21239
692
225
17141
18
948
351
17781
18
29
16954
16
3619
64823
1068
18
21807
18
2586
3600
304
1714
382
8311
16
12075
330
6743
10942
30
1468
351
344
10942
17
959
18
25
5403
1068
18
21807
351
225
1592
18
25
19
1068
18
21807
64823
225
22
18
2113
18
51201
12075
5907
20
18
991
18
2586
4655
1682
5907
29
73
1710
535
20
18
991
351
225
21
18
28
73
696
18
2586
8730
382
8311
16
225
16611
4364
341
225
21
18
3723
73
28
16
697
341
225
740
12569
302
19691
7922
18
2586
1804
225
17078
306
225
16611
4364
436
3312
2502
2164
5071
304
277
4655
1682
18
8111
16
8696
539
436
5478
38052
277
2746
30
9745
1033
21
306
1033
22
436
516
277
19229
5463
689
2761
1625
35
2491
8696
277
1154
341
12762
304
1682
5463
402
14387
4455
1360
1219
37438
306
2687
37438
352
5463
12240
396
14580
16
689
8696
277
5463
436
297
265
1497
3349
35
461
194863
4060
14387
37438
3974
13
341
4455
302
27740
18
2586
3349
225
622
382
27023
411
361
386
1033
21
306
1033
22
436
35576
14580
689
724
3087
5463
297
265
1497
3349
35
2523
382
13617
12634
30
461
38474
341
27946
5463
499
225
20
304
5879
24273
16
689
277
5879
341
2688
396
265
35576
1794
16
306
539
1008
304
2489
411
396
265
1794
302
27740
344
7846
265
4619
13
689
8696
539
1008
304
1994
386
1033
21
306
1033
22
530
569
778
304
225
622
66
1336
16
697
341
8730
16
689
277
38474
341
6772
382
2608
277
4655
11726
352
2927
6292
1610
9310
2164
10334
386
8696
277
4550
1219
37438
306
2687
37438
436
851
2927
344
7846
225
14919
17
12806
16
4115
5854
306
277
14387
4455
302
5463
297
1731
19797
341
2781
3392
1219
37438
35
2209
539
19377
2676
5907
959
18
25
352
225
1336
57329
5463
16
713
225
14919
17
12806
341
2946
2676
16
713
12075
304
361
2946
225
14919
341
1571
7922
18
1563
1219
37438
33
14919
16
2687
37438
33
12806
16
12075
304
361
1360
225
14919
306
225
12806
341
15747
30
1468
352
225
14919
351
344
14919
17
959
18
25
5403
1068
18
21807
351
225
2510
18
25
19
1068
18
21807
64823
225
23
18
5477
16
10649
5907
20
18
20
4693
35
41729
370
43613
34
23
18
5477
13
64823
225
20
18
20
4693
18
370
43613
34
26
18
25
13
15837
225
20
18
2586
4655
1682
5907
29
73
1710
535
20
18
20
4693
351
225
21
18
28
73
1045
18
21209
8730
18
2209
277
4655
3032
352
386
1310
341
225
20532
24215
28662
16
697
341
5907
22
18
3586
73
28
16
1754
15747
5071
304
225
21
18
28
73
1045
18
2586
9176
954
16340
302
277
2746
341
6078
382
19477
4638
18400
277
16981
30
1033
21
306
1033
22
436
35576
14580
15739
5463
499
225
21
304
225
622
66
1336
18
1219
37438
306
2687
37438
436
1360
225
21
306
225
4120
18
2209
6035
30
14387
4455
302
265
1435
402
778
304
225
1336
27740
6756
341
225
11529
16
713
2687
37438
1387
361
778
304
225
4120
16
689
10044
1094
778
304
225
11529
13917
18
2586
1219
37438
306
2687
37438
1387
361
6892
936
2731
14387
4455
16
297
697
1690
3032
341
225
20
18
8133
1310
4027
569
1219
37438
33
22292
4115
1278
697
14949
225
11529
16
713
3032
225
20
18
9405
10358
382
2608
352
1219
37438
33
10942
16
2687
37438
33
16649
16
1131
436
2223
2731
2783
16
713
903
1196
361
1451
5463
18
17005
277
1310
36033
265
2164
1435
18
2586
2761
1625
341
25165
277
1682
382
44125
277
2746
341
516
819
19229
11183
689
819
277
373
23038
32088
6
5047
396
5463
7305
14387
4455
341
1360
1219
37438
306
2687
37438
16
689
851
277
5463
5895
1998
361
2223
277
2688
2783
16
689
8696
277
2783
341
297
4249
302
1794
11183
4354
35
2491
9745
277
2746
341
27946
5463
386
436
373
23038
6
1207
373
23038
6
2767
386
277
4455
302
27740
302
277
1435
344
299
265
1794
13
341
1360
1219
37438
306
2687
37438
16
689
851
277
1435
1998
361
265
373
23038
11795
6
396
5047
297
910
852
1528
35
461
194863
341
4015
382
20822
16
8696
539
101436
30
461
1154
16607
30
1682
129966
2907
184257
18075
21
30
1284
16
1033
22
30
1284
16
1219
37438
30
853
16
2687
37438
30
853
13
2649
853
18
1533
277
5224
30
373
4583
277
1435
302
32088
1150
1175
386
1033
21
6758
1150
6758
1033
22
306
1219
37438
6758
14387
37438
3974
13
6758
2687
37438
3210
2586
1850
25485
382
2608
277
1310
2911
30
1563
373
29413
24262
24326
28356
22590
12873
27880
6
304
373
22
12257
3966
15782
26179
14834
28920
23966
728
1219
37438
33
14919
16
2687
37438
33
12806
16
4655
225
20532
24215
28662
18
9405
265
8730
1435
689
2188
3312
2336
936
277
2983
2783
4354
18
461
2983
2783
4354
341
398
506
340
692
225
21
18
16473
17208
30281
4354
18
340
351
225
29413
24262
24326
28356
22590
12873
27880
16
398
351
225
22
12257
3966
15782
26179
14834
28920
23966
18
398
341
819
225
23
3041
340
18
29087
5907
225
21
18
26461
73
1710
35
41729
17208
30
398
506
340
351
344
22
12257
3966
15782
26179
14834
28920
23966
506
225
29413
24262
24326
28356
22590
12873
27880
13
351
225
21
26461
18284
21333
25603
20896
19953
20916
18
2586
819
225
21
18
26461
73
1710
18
2586
4655
1682
225
20532
4364
341
9283
2164
5657
304
386
18
3483
10334
386
12075
302
265
1435
297
386
2783
2896
14387
4455
1360
225
14919
306
225
12806
341
819
225
20532
73
26
855
225
21
18
26461
73
1710
64823
225
21
18
2970
73
17
740
16
697
341
37682
1547
15747
18
3483
5563
13861
2688
277
6158
382
27872
16
922
3932
28495
1998
361
6078
1480
277
5463
436
516
45531
5676
3796
616
225
1336
57329
5463
31
277
2783
341
516
265
5676
867
302
225
1336
57329
5463
31
1850
265
3018
12601
18
461
6158
302
14387
44914
898
265
3018
12601
302
27399
32088
530
361
1586
1497
499
277
12808
6158
3796
616
5463
302
386
4354
18
20987
16
14387
44914
8632
15851
396
5463
19706
16
689
898
265
8730
12601
16
277
6158
1196
2188
361
21210
12808
1480
277
12601
4354
341
8730
5071
304
277
14387
8664
4354
18
2952
16
14387
4455
6158
341
516
12808
898
265
27399
2783
31
1850
717
1013
265
373
55021
4455
6
1154
386
3393
15851
16
689
898
265
2927
2783
16
277
4488
14387
4455
2428
361
4515
304
277
4488
352
5463
302
386
4354
16
689
277
1435
302
5463
402
265
2688
14387
4455
341
516
45531
11655
31
1850
1013
277
1435
302
4781
304
8047
265
4455
402
16981
366
277
1435
302
27740
18
2209
352
265
27399
12601
302
4354
434
16
277
1682
302
5463
402
14387
4455
330
341
21210
277
1435
302
6763
304
277
14387
4455
10382
402
277
4728
25284
386
277
1435
15245
297
277
12601
18
1563
265
2927
12601
16
277
1682
1196
361
21210
277
2983
1682
302
5463
302
386
4354
402
14387
4455
330
16
3041
344
48
855
2983
5463
302
386
4354
680
7517
434
341
819
225
21
18
26461
73
1710
16
2983
225
1336
57329
5463
341
225
29
14
622
66
1710
64823
225
29
73
1710
16
713
434
182895
64823
225
20
18
15797
18
2586
277
4655
1682
352
4455
330
297
277
12601
1011
361
819
225
20
18
15797
3041
277
2983
1682
302
225
1336
57329
5463
402
4455
330
18
461
2983
1682
302
225
1336
57329
5463
402
4455
330
341
277
19768
302
1150
66
55
297
344
92
692
1150
66
22
692
4074
692
1150
66
29
17621
21
55503
15
1424
15
92
66
29
20534
1710
18
1563
330
2239
225
5460
16
277
2983
1682
2428
361
8730
35
16473
12564
30
461
1435
302
4781
304
771
4455
330
402
225
1336
27740
344
29447
14387
225
21
17
29
13
341
21210
2761
1013
1435
302
11795
6763
402
16981
18
1563
330
33
5460
16
277
1435
302
6763
341
277
1435
302
4781
304
30321
225
5460
3724
225
1336
27740
16
402
1450
14387
1360
225
20
306
225
29
344
22795
1058
225
21
17
29
680
957
341
265
32344
9998
2746
18
461
2983
1435
302
6763
344
35171
6152
7810
27670
13
352
225
1336
27740
344
25175
225
20
17
29
13
115738
304
330
341
19768
302
1150
66
55
297
344
21
55503
15
1424
15
92
66
29
20534
1336
18
3483
19768
341
21210
277
1435
302
4781
304
569
4455
330
402
225
1336
27740
18
957
1435
530
361
2927
18
1563
330
4549
277
2676
225
959
18
25
16
277
1682
341
6756
18
1563
330
33
5460
16
697
341
2946
2676
16
277
1682
2428
361
7922
689
2188
1387
361
366
277
1991
302
225
622
66
51523
18
41729
16
13640
30281
1347
3932
28495
30
461
6158
302
14387
4455
352
265
5676
225
1336
57329
1435
344
5324
6152
14387
12808
225
21
17
29
306
3575
12808
225
20
17
29
13
674
2983
1435
302
11422
225
29
14
622
66
1710
18
461
12075
2856
468
330
33
5460
341
819
277
10915
302
3932
30
9163
2091
5460
17
959
18
25
5403
1068
18
21807
13
855
344
1068
18
21807
680
42379
1468
33
344
5460
17
959
18
25
5403
1068
18
21807
351
225
1120
18
25
19
1068
18
21807
64823
225
23
18
26803
18
9163
12
23
18
26803
13
351
344
21
19
62341
12
22
1026
1149
317
12304
62
66
22
19
22
97
64823
225
20
18
23
11702
535
317
12304
27
18
26067
97
64823
225
20
18
23
11702
535
225
20
18
409
26529
64823
225
20
18
937
21083
18
5489
10915
64823
225
20
18
937
21083
19
1068
18
21807
64823
225
22
18
25
73
17
25
18
2586
12075
5907
22
18
25
73
17
25
18
2586
4655
1682
352
4455
33
5460
3724
616
225
1336
57329
5463
341
819
225
29
73
1710
535
225
22
18
25
73
17
25
351
225
22
18
948
73
1145
18
9405
8730
18
1563
4455
33
14919
344
62
132598
23
18
25
733
10915
64823
8696
225
20
18
409
5013
19
1068
18
21807
64823
225
23
73
17
26
16
1682
5907
22
18
27
73
902
18
1563
4455
33
16649
344
62
132598
24
18
1819
733
10915
5907
35
317
12304
740
18
1960
6368
12
1068
18
21807
13
5907
225
24
18
23
73
17
26
19
1068
18
21807
64823
225
23
18
22
73
17
27
16
1682
5907
22
18
29
73
992
18
2586
2983
1682
352
44914
225
14919
17
16649
2428
361
366
1991
302
225
622
66
1145
304
225
622
66
902
18
2586
277
2983
1435
302
225
1336
57329
5463
402
14387
4455
297
386
2783
341
8730
344
7846
225
622
66
902
17
622
66
1145
680
5489
277
4655
1682
297
277
12601
302
4354
225
20
18
15797
535
386
1011
361
819
225
622
66
883
17
622
66
902
16
2188
37682
1547
6892
936
225
20532
4364
382
27872
16
277
1094
1528
277
3032
1387
361
396
2674
396
265
2487
8637
4364
341
592
277
2783
648
37
35939
65
341
516
16457
1451
5463
402
1731
14387
44914
16
9745
1480
277
5463
436
516
225
1336
57329
689
20906
35
16473
2292
277
31051
30
373
29413
24262
24326
28356
22590
12873
27880
6
674
225
1710
27740
35
16473
1682
30
225
27
225
23
225
28
225
20
225
28
225
21
225
20
225
23
225
27
225
28
225
22
225
27
225
25
225
21
225
25
225
21
225
29
225
20
225
26
225
24
225
29
1117
4924
225
1710
27740
35
4716
30
225
21
30
27
16
22
30
23
16
23
30
28
16
24
30
20
16
25
30
28
16
26
30
21
16
27
30
20
16
28
30
23
16
29
30
27
16
622
30
28
16
807
30
22
16
740
30
27
16
1068
30
25
16
992
30
21
16
883
30
25
16
902
30
21
16
1145
30
29
16
1045
30
20
16
1057
30
26
16
696
30
24
16
1710
30
29
1117
225
1710
27740
18
398
351
373
22
12257
3966
15782
26179
14834
28920
23966
1023
1682
30
225
22
16
21
16
29
16
27
16
23
16
20
16
20
16
29
16
27
16
24
16
24
16
23
16
29
16
20
16
24
16
20
16
26
16
29
16
23
16
26
16
20
16
23
1117
225
1336
27740
35
16473
1682
30
225
21
30
22
16
22
30
21
16
23
30
29
16
24
30
27
16
25
30
23
16
26
30
20
16
27
30
20
16
28
30
29
16
29
30
27
16
622
30
24
16
807
30
24
16
740
30
23
16
1068
30
29
16
992
30
20
16
883
30
24
16
902
30
20
16
1145
30
26
16
1045
30
29
16
1057
30
23
16
696
30
26
16
1710
30
20
16
1336
30
23
1117
225
1336
27740
18
2586
340
674
225
1710
27740
16
398
674
225
1336
27740
18
2586
277
12601
4059
5463
499
225
1710
57329
304
225
1336
57329
18
461
2983
5463
297
386
12601
341
398
506
340
692
225
21
64823
225
21
18
26461
73
1710
18
2586
2188
8730
382
25790
277
14387
4455
4550
341
6227
304
277
1794
11183
2142
6152
53432
16
700
3077
1278
277
1435
302
27740
341
6307
18
9405
1065
539
589
18
2586
2188
2927
382
27023
411
361
386
277
1154
341
12762
304
1682
277
1435
302
32088
1150
1175
386
277
4455
302
27740
302
1150
344
264
3349
225
622
13
341
1360
1219
37438
306
2687
37438
16
306
851
1150
5513
341
1360
1033
21
306
1033
22
24273
16
689
1033
21
306
1033
22
436
2688
396
14580
306
724
1387
569
6152
53432
35
2209
16981
2132
225
21
6758
1033
21
16
713
840
6152
53432
382
27872
16
277
4655
11726
1610
2164
341
128502
18
16473
1310
730
302
277
2164
1713
41872
4027
304
1565
592
954
38474
1011
6496
277
4655
2164
5463
18
1283
569
373
7366
4990
3523
728
26
16
1028
1117
4655
225
28
18
5641
38474
1011
17208
1682
26649
5912
711
3523
2191
506
1682
26649
5912
711
2196
5105
16473
30281
1682
26649
5912
711
3523
2191
20488
35
3578
2164
16
539
530
17208
3874
38474
304
1565
592
1850
4309
18
2209
1850
4164
4309
382
8311
16
1065
819
373
21
4990
740
728
21
16
28
1117
4655
225
807
16
539
33873
382
4892
38474
5563
4309
352
2164
4027
18
2586
3097
1414
411
4759
352
2927
4027
35
99008
2920
304
77647
8597
420
42626
1701
3933
35
2209
402
312
625
28090
16
1850
6772
382
25790
277
4264
341
386
277
5463
436
9283
2927
16
306
277
38474
77647
402
312
625
28090
2428
569
265
11336
1480
539
436
1347
265
54021
2739
35
2523
382
27023
361
387
1115
14530
20740
297
277
13667
302
5879
890
277
5879
674
4354
2336
936
277
1435
302
27740
302
1033
21
35
1563
1682
26649
5912
16
539
2489
5879
396
7662
6441
5311
808
13
27740
16
2291
6152
53432
18
9405
4309
382
2608
9745
539
1008
304
1994
386
5463
436
12240
2142
6152
53432
16
306
890
539
589
1682
26649
5912
18075
21
17
21
733
592
1033
21
674
6152
53432
35
2523
382
13617
12634
30
461
1310
36033
3032
68437
225
622
66
29
15
27
16
306
954
38474
6714
4309
1682
16
689
8696
277
4655
3032
341
68437
225
622
66
29
15
27
16
306
352
277
2927
1310
16
277
4309
1682
68437
225
622
66
29
15
27
341
225
16611
15213
27745
16
1706
225
17078
341
265
1497
1333
18
461
1310
36033
1804
16
689
8696
730
302
1019
341
265
5478
2476
306
277
4309
341
225
16611
15213
27745
18
16473
2050
304
17208
277
1682
68437
225
622
66
29
15
27
1347
38474
35
1283
4445
1774
689
539
530
2050
304
3368
819
3242
7783
382
25790
277
38474
396
5448
341
9546
2761
30
887
19720
5463
499
225
20
304
5879
24273
16
689
277
14387
4455
4550
4059
5463
402
6152
53432
386
436
3757
20906
18
9405
4309
18
2952
16
903
341
265
122221
30
2973
539
17208
1682
26649
5912
5311
808
733
539
436
27946
5463
402
7662
307
27740
344
15519
6152
53432
680
2209
1414
492
2549
5463
402
717
27740
936
307
35
2523
16
1480
307
341
277
4354
302
5879
18
2586
411
4059
616
5463
499
225
20
304
5879
16
24273
16
7662
3984
18
2586
1850
4309
382
2608
8696
277
2746
36033
304
1682
5463
1150
1175
386
1150
341
1360
1033
21
306
1033
22
24273
16
689
1150
341
4800
2142
6152
53432
18
3483
341
7662
1065
539
436
4183
382
23928
277
66504
16
342
18294
386
277
38474
7878
674
265
11336
4131
304
277
13667
302
277
373
78152
6
4550
890
142157
898
27740
18
30105
16
890
13334
341
7143
306
539
59689
282
499
225
20
304
4753
16
539
17208
699
872
502
351
13334
306
344
72
1377
4753
680
2952
16
4753
341
277
5879
14387
468
386
2413
18
2586
699
872
502
341
7143
1094
592
282
25782
4753
18
9405
4309
18
2209
1065
819
890
539
569
6152
53432
35
1563
2024
16
5879
351
373
740
728
468
912
20
4753
33
21
18
1563
282
33
20
16
699
872
502
14040
16
697
341
4309
1480
277
1435
642
361
2336
936
5879
344
29753
1058
14387
341
225
20
460
225
21
680
2586
5463
402
1058
14387
225
20
436
33649
16
306
724
4850
304
5463
402
17156
27740
344
7846
225
20
568
29
680
9405
4309
382
8311
16
730
3242
11336
30
2973
13334
341
8077
16
539
9284
282
499
225
20
304
225
29
18
9405
4309
18
2209
539
1008
304
361
17034
386
539
589
516
14949
2687
37438
18
1283
2292
699
37438
1518
2687
37438
306
18486
18
9405
6772
382
8311
16
1387
903
361
387
4264
402
277
68437
35
1283
589
2983
351
344
12815
692
65293
57972
1149
1577
28157
5451
277
9284
18
9405
6772
382
8311
16
1065
819
277
57687
30
65293
5119
10235
912
16
13334
16
3285
37438
18
3285
37438
530
361
778
304
2687
37438
18
9405
6772
382
2608
8696
277
77647
9144
8597
341
778
304
225
1449
16
6772
382
4892
38474
5563
4309
382
2608
3097
1414
277
1310
4759
35
16473
1310
402
265
2164
1690
386
2428
33674
265
11336
18
1563
2024
16
1033
21
508
622
728
1033
22
508
622
728
1219
37438
33
21
16
2687
37438
33
21
18
5489
1150
33
622
16
14387
4455
33
21
16
713
3032
1196
361
225
21
18
16473
17208
1347
954
38474
30
1682
26649
5912
711
622
2191
506
1682
26649
5912
711
29
5105
1682
26649
5912
711
622
93826
5463
225
20
568
622
24273
18
8548
569
14387
4455
225
21
35
225
21
16
622
1117
225
22
35
41729
225
21
4455
21
16
225
622
4455
21
18
2586
1682
26649
5912
711
622
2191
351
22
18
1682
26649
5912
711
29
93826
5463
225
20
568
29
16
4455
21
30
1094
225
21
1117
21
18
2586
3032
33
21
18
9177
382
8311
16
1994
1033
21
508
25
728
1033
22
508
25
728
1219
37438
33
25
16
2687
37438
33
25
18
225
25
4455
25
1117
3032
33
21
18
1682
26649
5912
711
25
2191
5463
225
20
568
25
30
4455
25
30
1094
225
25
1117
21
18
1682
26649
5912
711
24
93826
4455
25
30
5023
1117
20
18
3032
33
21
18
9177
382
8311
16
1994
1033
21
508
29
728
1033
22
508
622
728
1219
37438
33
29
16
2687
37438
33
29
18
225
29
4455
29
1117
3032
33
21
18
1682
26649
5912
711
622
93826
4455
29
30
1094
225
29
1117
21
18
1682
26649
5912
711
28
93826
4455
29
30
5023
1117
20
18
3032
33
21
382
8311
16
1994
1033
21
508
959
728
1033
22
508
1296
728
1219
37438
33
29
16
2687
37438
33
29
18
225
959
4455
1045
16
225
1296
4455
21
1117
5023
16
3032
225
20
18
1682
26649
5912
711
1296
2191
4455
29
35
5463
225
20
568
1296
30
4455
29
5463
30
225
29
16
1045
16
1592
16
1960
16
1789
16
5477
16
6548
16
6338
16
7537
16
1948
16
306
851
225
11872
35
840
225
11872
1518
1296
18
2586
1682
26649
5912
711
1296
2191
351
622
35
41729
13640
1568
30
225
29
16
1045
16
1592
16
1960
16
1789
16
5477
16
6548
16
6338
16
7537
16
1948
1117
622
18
6755
225
959
4455
1045
516
18
2586
1682
26649
5912
711
1296
2191
33
622
18
1682
26649
5912
711
1613
93826
5463
225
20
568
1613
30
4455
29
5463
1656
396
2946
6329
225
1948
35
41729
225
1948
341
6758
1613
16
713
4059
225
1948
18
6755
225
959
35
225
959
4455
1045
840
18
2586
1682
26649
5912
711
1613
2191
33
622
396
1357
35
26128
225
1948
341
6758
1613
16
713
4059
225
1948
18
2586
851
225
1296
35
840
1518
1613
18
2586
1682
26649
5912
711
1613
2191
4059
225
29
16
1045
16
1592
16
1960
16
1789
16
5477
16
6548
16
6338
16
7537
16
1948
1117
622
18
2586
3032
33
622
17
622
33
20
18
9177
382
4892
38474
5563
4309
382
8311
16
8696
277
11336
341
297
277
13667
302
2927
25573
2920
304
11795
13176
35
1283
7046
1033
21
10013
351
853
18075
21
680
3483
1387
361
8730
344
848
304
225
622
66
1336
733
689
11636
530
5203
22551
2927
32088
18
2586
6772
382
2608
8696
277
2746
341
386
539
436
13131
1682
26649
5912
14964
18075
21
10013
506
225
21
1149
697
352
2927
5463
341
6772
382
10917
16
277
38474
5119
77647
402
312
625
28090
18
461
312
625
28090
1993
4059
3285
37438
778
304
2687
37438
344
4120
13
306
912
778
304
225
1449
16
713
1889
3203
341
2164
18
887
1196
361
5128
382
23928
277
8221
16
8696
277
38474
341
4309
306
277
4655
3032
352
277
2927
1310
341
14233
225
17078
420
225
16611
15213
27745
16
689
954
38474
22699
265
1497
1333
2920
304
910
202267
30
461
38474
19720
5463
499
225
20
304
5879
24273
16
689
277
5879
2428
361
265
1794
402
6152
53432
35
2523
382
20822
16
8696
539
1008
304
1994
386
1033
21
306
1033
22
436
14580
15739
5463
386
1387
361
778
304
225
622
66
1336
16
689
724
874
569
6152
53432
35
461
16981
2132
225
21
6758
1033
21
16
713
840
6152
53432
382
2608
1387
903
361
265
122221
819
14387
37438
3974
13
1610
5047
396
4455
302
27740
302
1150
297
3349
225
622
16
689
1150
341
387
11795
18
9405
6772
382
13617
3592
30
22977
277
1310
4027
436
499
265
2746
1207
277
1154
341
12762
304
1682
5463
402
14387
4455
1360
1219
37438
306
2687
37438
16
689
851
277
5463
1998
361
373
23038
6
297
277
5258
386
724
436
1360
1033
21
306
1033
22
24273
16
689
1033
21
306
1033
22
436
2688
396
14580
386
2428
361
1586
2927
16
306
539
1008
304
911
265
717
7434
38474
386
6582
1019
5502
2142
31504
304
853
16
1480
31504
304
853
2428
3866
13304
297
852
12131
689
297
11636
1850
6772
18
2952
16
297
11636
16
31504
304
853
341
6772
382
2608
9745
277
1310
4059
4027
1207
1033
21
341
373
20
26471
2523
16
16981
2132
1219
225
21
382
25790
277
38474
341
4309
689
277
4655
11726
436
6078
2920
304
265
20511
297
277
2746
6434
35
2209
539
1008
304
1717
277
6292
396
2688
18
2586
539
1998
3271
2911
386
4475
277
70305
18
7517
903
436
1217
73411
70305
16
539
1998
11135
697
730
304
22465
18
99008
277
1749
40439
341
265
5209
302
277
1058
16
306
277
1749
4655
1333
341
277
4309
730
16
1706
277
1058
341
265
83092
499
265
1497
1310
18
2209
697
730
341
4309
35
1283
530
2050
304
17208
277
3032
1347
265
1497
1557
304
1565
697
730
341
52298
382
2110
1387
2050
304
30281
277
1682
352
277
2927
1310
1347
265
3162
97102
1682
35
3483
5563
13861
20488
18
2209
8696
539
530
4602
265
2164
6775
304
17208
1347
11636
297
954
2709
35
3557
2731
382
25790
539
530
16278
499
277
4619
302
852
1310
2527
18
1563
277
1310
373
29
28814
27353
13904
14919
20806
19039
23457
728
373
29
28202
28069
14551
8150
27478
10942
14786
728
225
2704
16
225
19436
13
1377
225
22658
26997
27950
18
957
341
851
265
8730
2783
689
402
9310
2164
1219
37438
306
2687
37438
344
2704
17
19436
680
461
14387
4455
2687
352
225
1336
57329
5463
341
225
11529
16
713
2687
37438
33
19436
1518
11529
16
10044
1219
37438
33
2704
16
2687
37438
33
11529
344
29753
2687
2731
14387
4455
341
225
11529
680
2586
4550
17045
304
14387
4455
1360
225
2704
306
225
11529
18
9405
265
2927
2783
344
190797
1210
5463
6329
1731
402
2674
14387
4455
680
461
4655
3032
341
225
22658
16
26997
16
27950
16
697
341
819
225
22
18
29
73
28
18
461
2783
4354
30
398
506
340
692
21
18
340
306
398
436
1804
225
1336
57329
5463
35
16473
2292
31051
30
373
29
28814
27353
13904
14919
20806
19039
23457
6
1682
30
225
29
225
26
225
27
225
24
225
28
225
23
225
29
225
29
225
27
225
20
225
21
225
24
225
27
225
20
225
27
225
20
225
22
225
25
225
21
225
28
225
26
225
26
1117
225
1336
27740
35
41729
13640
1682
30
225
21
30
29
16
22
30
26
16
23
30
27
16
24
30
24
16
25
30
28
16
26
30
23
16
27
30
29
16
28
30
29
16
29
30
27
16
622
30
20
16
807
30
21
16
740
30
24
16
1068
30
27
16
992
30
20
16
883
30
27
16
902
30
20
16
1145
30
22
16
1045
30
25
16
1057
30
21
16
696
30
28
16
1710
30
26
16
1336
30
26
1117
225
1336
27740
18
398
351
373
29
28202
28069
14551
8150
27478
10942
14786
1023
27740
30
225
29
16
27
16
23
16
22
16
26
16
26
16
22
16
21
16
22
16
29
16
21
16
26
16
20
16
27
16
28
16
23
16
21
16
22
16
27
16
29
16
28
16
21
1117
851
225
1336
27740
18
2586
2783
4354
341
398
506
340
692
225
21
18
42379
340
306
398
30
340
5907
225
29
18
28814
27353
13904
14919
20806
19039
23457
73
1710
16
398
5907
225
29
18
28202
28069
14551
8150
27478
10942
14786
73
1710
18
2586
4354
64823
225
20
18
26922
25671
16605
73
1710
351
225
25
18
27
25671
73
1057
35
41729
5052
351
398
506
340
351
225
29
18
28202
28069
14551
8150
27478
10942
14786
73
1710
506
225
29
18
28814
27353
13904
14919
20806
19039
23457
73
1710
351
225
20
18
26922
25671
16605
73
1710
351
225
25
18
27
25671
16605
73
1057
35
26128
225
20
18
26922
25671
16605
535
225
622
66
1710
351
225
25
18
27
25671
16605
73
1057
18
2586
819
225
25
18
28
73
1057
5463
18
461
4655
1682
341
225
22
18
29
73
28
16
697
341
21798
15747
5657
304
2783
4354
18
2586
12075
5907
25
73
17
740
18
2586
1754
16
9283
2164
18
2586
277
4655
19720
436
20933
15747
5071
304
277
2783
4354
18
957
10334
386
277
4550
1219
37438
6758
14387
37438
3974
13
6758
2687
37438
341
9283
54569
16
9745
1094
265
2487
5463
297
1731
8730
22302
22465
411
382
2608
499
954
7977
3932
28495
16
12075
352
14387
4455
297
648
2704
16
11529
65
341
8730
344
29753
225
11529
341
2687
680
41729
352
225
1336
57329
5463
16
277
6756
14387
4455
341
225
11529
344
514
225
29
494
680
2586
4550
14387
37438
1360
225
2704
306
225
11529
4059
5155
616
5463
6329
1731
402
14387
4455
6758
2394
18
76001
302
14387
4455
6758
2394
341
9283
2164
35
41729
2676
341
225
959
18
25
16
713
12075
14387
4455
6758
2394
341
3598
10649
30
1468
351
344
2394
17
959
18
25
5403
1068
18
21807
351
506
2014
18
25
19
1068
18
21807
64823
506
22
18
3723
16
10649
12075
5907
20
18
4662
18
2586
12075
14387
4455
6758
2394
341
819
225
20
18
4662
18
2586
12075
14387
4455
6743
2704
341
819
225
20
18
8909
18
2586
5155
616
5463
22465
18
2586
4655
1682
1196
361
4515
304
277
2783
4354
16
697
341
5907
25
18
28
73
1057
16
516
225
22
18
29
73
28
18
2586
1754
16
277
4655
3032
341
15747
5657
304
2783
382
27872
16
954
16340
302
277
2746
1998
361
6078
18
14812
539
436
5478
38052
30
461
1154
341
12762
304
1682
277
1435
302
32088
1150
1175
386
1033
21
6758
1150
6758
1033
22
306
1219
37438
6758
14387
37438
3974
13
6758
2687
37438
18
2209
9745
1033
21
306
1033
22
436
516
277
25573
352
1150
16
689
4616
277
25573
352
2761
1625
35
2523
16
194863
4060
386
382
20822
16
8696
277
2746
341
499
265
22662
1207
1033
21
306
1033
22
436
2688
396
14580
689
724
3087
5463
297
265
1497
3349
35
2209
411
4060
35576
1794
16
7400
19229
382
71093
16
9745
277
1154
341
12762
304
1682
277
1435
302
32088
1150
297
277
2783
648
2258
21
16
1033
22
65
7305
14387
4455
341
1360
1219
37438
306
2687
37438
16
689
851
1150
1998
361
265
373
23038
11795
6
297
277
5258
386
277
4455
302
969
27740
341
1360
1219
37438
306
2687
37438
16
689
851
277
1435
5513
1998
361
79852
498
2761
35
2523
382
19477
316
25735
277
194863
14316
1375
19493
1847
1682
129966
2907
184257
18075
21
30
1284
16
1033
22
30
1284
16
1219
37438
30
853
16
2687
37438
30
853
13
2649
853
638
298
15216
6833
6833
4716
277
1435
302
32088
1150
1175
386
1033
21
6758
1150
6758
1033
22
306
1041
298
1219
37438
6758
14387
37438
3974
13
6758
2687
37438
16
1207
14387
37438
3974
13
341
277
4455
302
27740
302
1150
388
2458
298
7448
277
1682
68437
225
622
66
29
692
225
27
388
2458
298
35685
638
348
1033
21
30
340
35576
1794
15739
277
3598
5879
344
21
6758
1033
21
6758
225
622
66
1336
465
348
1033
22
30
340
35576
1794
15739
277
7866
5879
344
2258
21
6758
1033
22
6758
225
622
66
1336
465
348
1219
37438
30
461
7849
6751
14387
4455
344
21
6758
1219
37438
6758
225
4120
465
348
2687
37438
30
461
6756
6751
14387
4455
344
1386
37438
6758
2687
37438
6758
225
4120
465
2458
298
11341
638
348
461
1435
302
1622
32088
68437
225
622
66
29
692
225
27
19964
298
25436
1682
129966
2907
184257
711
21
728
373
740
728
225
21
16
225
28
465
298
225
807
203
298
25436
1682
129966
2907
184257
711
21
728
373
25
728
225
21
16
225
25
465
298
225
25
203
298
15216
87089
789
45306
1905
341
4015
382
2608
277
1310
4027
3420
386
277
3032
341
2781
225
20
16
306
352
910
2927
19797
16
277
3032
341
18687
344
17078
16
225
16611
4364
16
225
20532
4364
16
225
22658
4364
680
2933
5463
436
616
2336
936
225
21
73
29
16
689
2188
3312
7922
936
277
2783
31051
382
27023
411
361
386
277
1154
341
12762
304
1682
277
1435
302
32088
1150
1175
386
277
4455
302
27740
302
1150
344
17906
5448
297
3349
225
622
13
341
1360
1219
37438
306
2687
37438
16
689
851
1150
5513
341
265
373
23038
11795
6
6115
386
277
4455
302
969
27740
341
1360
1219
37438
306
2687
37438
16
306
851
277
4455
302
969
27740
341
1360
1219
37438
306
2687
37438
35
3483
4007
1265
5258
382
25790
277
2746
341
3757
304
1682
277
1435
302
32088
1150
1175
386
1033
21
6758
1150
6758
1033
22
306
277
4455
302
27740
302
1150
344
17906
5448
297
3349
225
622
13
341
1360
1219
37438
306
2687
37438
16
689
851
1150
341
265
373
23038
11795
6
6115
386
277
4455
302
969
27740
341
1360
1219
37438
306
2687
37438
35
9405
277
1656
382
71093
16
9745
277
2746
341
499
265
3162
17673
9010
1013
373
16708
36902
6
1207
385
1008
304
1682
5463
402
14387
4455
297
265
2783
16
689
851
277
5463
1998
361
373
23038
6
6115
386
724
436
2223
277
2688
25573
306
851
569
265
3166
4016
7478
277
4455
302
27740
1610
1360
1219
306
2687
16
689
851
277
5463
5895
1998
361
373
23038
6
297
910
852
5258
35
2523
382
20822
16
8696
342
19877
265
2746
30
373
4583
277
1435
302
32088
1360
434
306
419
24273
7305
14387
4455
341
1360
2674
306
1398
1304
957
341
265
16013
14387
38474
2746
18
1533
11279
1310
4027
1011
2549
2927
434
36625
778
304
225
622
66
1045
16
306
2674
16
17821
778
304
225
29
14
1045
33
15797
18
461
11726
1387
361
2927
16
689
68437
225
21
73
29
15
27
18
1563
2024
16
265
1310
402
434
33
21
16
419
33
622
66
1045
16
2674
33
21
16
1398
33
15797
1011
569
3032
2239
225
622
66
1045
16
697
68437
225
21
73
29
15
27
1011
361
910
1435
18
2209
1743
277
11726
436
9310
2164
344
7846
225
17078
16
225
16611
4364
680
22547
411
361
386
352
277
2688
3018
19797
16
277
1682
341
14233
2164
35
16473
2050
304
20488
17208
30281
1682
352
277
2783
373
29
28814
27353
13904
14919
20806
19039
23457
6
304
373
29
28202
28069
14551
8150
27478
10942
14786
3210
957
12601
341
819
225
25
18
28
73
1057
5463
18
461
14387
4455
2783
341
225
2704
17
19436
16
689
2687
2731
14387
4455
352
225
1336
57329
5463
341
225
11529
16
713
10044
225
2704
17
11529
18
2586
5155
616
5463
297
492
12601
569
14387
4455
1360
225
2704
306
225
11529
35
16473
2292
277
14387
4455
302
277
3598
5879
340
351
225
29
28814
27353
13904
14919
20806
19039
23457
18
14610
27740
30
225
29
15
26
15
27
15
24
15
28
15
23
15
29
15
29
15
27
15
20
15
21
15
24
15
27
15
20
15
27
15
20
15
22
15
25
15
21
15
28
15
26
15
26
351
13640
17208
30
225
29
15
26
33
883
16
692
27
33
1336
16
692
24
33
1670
16
692
28
33
2014
16
692
23
33
1952
16
692
29
33
2589
16
692
29
33
2517
16
692
27
33
6494
16
692
20
33
6494
16
692
21
33
6548
16
692
24
33
3284
16
692
27
33
7421
16
692
20
33
7421
16
692
27
33
7537
16
692
20
33
7537
16
692
22
33
7713
16
692
25
33
2455
16
692
21
33
5095
16
692
28
33
1819
16
692
26
33
9636
16
692
26
33
11872
18
2586
14387
4455
351
225
11872
18
9405
2223
225
2704
17
11529
18
32992
5879
398
351
225
29
28202
28069
14551
8150
27478
10942
14786
18
14610
27740
30
225
29
15
27
15
23
15
22
15
26
15
26
15
22
15
21
15
22
15
29
15
21
15
26
15
20
15
27
15
28
15
23
15
21
15
22
15
27
15
29
15
28
15
21
351
17208
30
225
29
15
27
33
902
16
692
23
33
1057
16
692
22
33
1710
16
692
26
33
1592
16
692
26
33
1691
16
692
22
33
1773
16
692
21
33
1960
16
692
22
33
2007
16
692
29
33
2510
16
692
21
33
2127
16
692
26
33
5477
16
692
20
33
5477
16
692
27
33
6419
16
692
28
33
4306
16
692
23
33
6338
16
692
21
33
7563
16
692
22
33
2232
16
692
27
33
7521
16
692
29
33
7510
16
692
28
33
959
16
692
21
33
1296
18
2586
14387
4455
351
225
1296
18
6755
2223
2783
18
2586
1451
5463
297
1360
642
569
14387
44914
18878
18
7517
277
14387
4455
23633
15851
16
277
16280
302
5463
402
14387
4455
2336
936
225
2704
2428
361
1713
17785
164769
1109
35
16473
12564
277
12075
386
265
5676
225
1336
57329
1435
344
5324
6152
14387
12808
225
21
17
29
306
3575
12808
225
20
17
29
13
674
14387
4455
2336
936
225
2704
18
9405
265
2454
10649
18
9302
3932
28495
30
1468
351
344
2704
17
959
18
25
5403
1068
18
21807
351
506
1691
18
25
19
1068
18
21807
64823
506
22
18
27552
18
461
2454
10649
12075
352
1468
6758
506
22
18
25
341
819
225
20
18
20
23963
18
2586
819
225
20
18
6494
9
302
5463
569
14387
4455
6758
2394
18
2586
819
225
20
18
2007
9
569
14387
4455
460
2704
35
41729
6758
2394
341
819
225
20
18
20
23963
16
713
6758
2394
4059
1731
402
4455
225
2394
420
2336
18
2586
12075
4455
460
2704
341
819
225
20
18
20
23963
18
2586
819
225
20
18
6494
9
302
5463
569
14387
4455
3392
225
2704
18
3483
2767
819
225
959
18
2007
9
569
14387
4455
6743
2704
18
2586
3724
277
2783
302
4354
5907
25
18
28
73
1057
16
277
4655
1682
302
5463
402
14387
4455
6743
2704
341
819
225
25
18
28
73
1057
535
225
20
18
29
21530
64823
225
25
18
5569
73
1057
18
9405
8730
16
516
225
22
18
29
73
28
18
2586
1754
16
277
4655
3032
1196
361
8730
382
27872
16
2761
341
10098
1115
18
22547
411
361
386
277
1154
341
12762
304
1682
277
1435
302
32088
1150
1175
386
277
4455
302
27740
302
1150
341
1360
1219
37438
306
2687
37438
16
689
851
1150
5513
1998
361
265
373
23038
11795
6
6115
386
1150
341
79852
498
2761
35
2523
382
25790
277
2746
341
304
1682
277
1435
302
32088
1150
1175
386
277
4455
302
27740
302
1150
344
17906
5448
297
3349
225
622
13
341
1360
1219
37438
306
2687
37438
16
306
851
1150
341
1360
1033
21
306
1033
22
16
689
1033
21
306
1033
22
436
516
277
25573
352
1150
689
4616
277
25573
352
277
4455
302
27740
35
2523
16
277
194863
4060
1033
21
306
1033
22
436
3598
306
7866
25573
352
1150
382
19477
1412
277
4607
2746
6434
1754
30
887
4060
373
6534
277
2165
1154
16607
306
194863
16
7095
3138
277
1154
4546
306
1717
616
277
6292
1304
2586
277
1154
341
7662
396
4546
18
461
6292
436
2688
18
2586
9745
903
341
265
20511
297
277
2746
6434
494
6292
16
689
539
1998
2188
6496
265
1154
386
19553
1731
6292
18
7517
539
4273
14637
277
6292
16
539
1998
6496
2363
386
6714
277
4655
2911
352
1450
1310
1690
16
1571
592
724
38469
1450
852
18
2952
16
277
1310
1154
2292
180005
13
10424
4347
70305
60166
18
1437
277
1154
6714
265
1333
386
1414
516
4475
277
1058
40439
16
411
18048
18
1437
411
14441
277
1058
689
18048
277
1749
16
411
18048
18
2586
539
1008
265
1154
386
6714
1804
2911
352
277
1656
2740
35
9405
13861
18
34159
277
1310
4027
436
516
616
1774
31
8696
277
2292
1154
341
1094
1161
352
33351
306
277
5772
10393
5119
1497
6292
35
2209
277
12759
4060
373
5677
4222
59947
5533
213288
1304
2586
539
1998
10987
277
3419
2292
1154
341
277
730
1161
352
6726
382
23928
277
31579
40439
16
1850
4164
265
103364
18
22977
277
1749
40439
1196
569
1497
10235
18
16473
15698
277
1880
5463
30
610
277
3419
2363
16
1325
277
1310
5501
16
903
341
265
4889
13223
5904
2292
38460
129966
2907
184257
13
304
1774
6292
1304
2586
277
2292
1154
341
5047
306
1232
2988
402
1682
129966
2907
184257
18
2586
277
1310
20155
4059
616
1731
61405
382
25790
277
1749
31579
341
3757
265
1310
352
265
1497
15277
16
689
724
98571
12461
18
22547
361
386
277
1749
1310
341
352
277
1656
2783
689
402
1497
1219
37438
306
2687
37438
35
461
1541
4213
1804
569
225
10942
16
16649
18
2209
8696
730
341
225
10942
16
16649
306
277
852
341
225
10942
16
16649
35
29483
18
2586
840
382
25790
730
302
1019
341
265
1310
352
265
1497
1154
35
2209
724
436
1804
12578
8877
402
1682
129966
2907
184257
382
23928
277
54037
16
539
1008
304
11135
697
4655
1333
341
4309
18
22977
539
530
17208
277
3032
1347
265
12763
1557
344
7846
265
3162
4309
7878
499
20362
13
306
1565
697
14441
18
7517
539
4273
1774
2363
16
539
1008
304
3368
819
3242
24797
297
954
38474
386
2428
3866
277
3032
304
361
225
17078
4993
302
225
16611
15213
27745
16
420
18742
41837
18
2209
539
3402
99461
386
1804
436
3312
2502
2164
18
2952
16
8696
954
38474
341
27946
5463
402
14387
4455
297
648
1386
37438
16
2687
37438
65
689
539
436
851
27946
5463
402
6152
53432
386
4850
304
5463
402
17156
27740
18
9405
4309
18
2209
8696
277
2746
36033
386
5463
436
12240
2142
6152
53432
16
306
539
1196
1094
1994
5463
402
7662
277
1656
1435
302
27740
396
1033
22
35
2491
8696
539
1196
1994
5463
297
277
2783
396
724
436
16
689
277
14387
4455
341
19377
366
277
1794
11183
2142
6152
53432
18
5641
38474
1414
386
1480
6152
53432
11274
225
20
304
4455
16
697
341
4309
352
5463
402
17156
27740
18
2586
4924
6772
382
13617
12634
30
461
1154
1196
1682
5463
1150
1175
386
277
4455
302
27740
302
1150
344
17906
5448
297
3349
225
622
13
341
1360
1219
37438
306
2687
37438
16
689
851
1150
341
1360
1033
21
306
1033
22
24273
16
689
277
25573
436
2688
396
14580
16
306
539
1008
304
2489
1019
396
11568
1586
2927
16
306
539
1008
304
17208
277
1682
68437
225
622
66
29
15
27
18
461
38474
539
8089
341
265
4350
14387
38474
16
697
1196
361
4309
18
2586
3097
1414
411
4759
366
277
2927
6292
35
14812
277
4264
341
386
539
436
1347
77647
402
312
625
28090
16
689
277
11057
341
516
33633
1360
8877
304
1682
26649
5912
35
9405
6772
1480
1450
1465
304
1682
26649
5912
12651
265
699
65293
1154
402
969
1902
312
625
28090
344
29753
1850
5047
5451
680
2586
1450
5879
674
969
1902
11057
382
2608
8696
277
38474
341
2502
5983
352
277
2927
25573
35
887
17420
361
31
1450
103041
1465
6582
468
1210
225
1449
14
22
14
14822
5267
16
1450
142157
898
778
304
225
622
27740
18
9405
6772
382
25790
277
2615
341
386
539
436
516
13667
277
1690
1207
5879
674
4354
2336
936
277
1435
302
27740
302
1033
21
35
3483
341
16
890
539
17208
1682
26649
5912
14964
18075
21
10013
506
225
21
13911
592
1033
21
674
6152
53432
35
2523
382
2608
1994
1033
21
351
373
21
937
728
1033
22
351
373
22
937
3210
5641
38474
5119
5879
14580
302
4354
225
24
18
1563
1682
26649
5912
711
22
937
2191
539
1994
5463
499
225
20
937
304
225
22
937
18
3483
4059
5463
402
225
21
17
24
27740
18
9405
4309
382
8311
16
8696
277
2746
36033
386
539
1094
1994
5463
402
7662
277
1656
1435
302
27740
396
277
5879
35
2209
386
1011
361
20208
1480
277
2783
4059
5463
402
1497
31051
18
1563
2024
16
499
225
21
304
225
740
4059
225
21
57329
5463
306
225
22
57329
5463
18
5641
38474
4059
1019
3874
6152
53432
18
2586
4924
6772
382
19477
1310
265
1690
1207
277
2783
4059
5463
402
1497
14387
31051
30
1033
21
508
21
728
1033
22
508
1296
3210
5641
38474
1196
1682
12989
382
23928
277
56793
16
8696
277
38474
7878
341
4309
689
277
1310
16233
436
6078
18
2209
539
1008
304
6496
265
1154
386
19553
277
6292
396
2688
18
7517
277
6292
436
73411
16
9745
277
9444
4377
341
304
2837
758
225
20
35
2209
386
1011
4759
277
2024
6292
18
2586
840
382
25790
277
31579
1310
341
3757
265
4889
30
461
1880
373
5648
12578
711
23
24640
5460
21058
25029
21452
9718
27391
728
373
27
25268
28208
16035
26709
28026
26122
14575
728
225
10942
16
225
16649
13
1377
225
16611
15213
27745
6
341
10439
304
361
265
4889
16
516
387
3999
35
2209
1850
5451
277
2292
1154
306
7348
1013
387
3999
382
27023
411
361
386
277
2292
1154
341
516
277
2522
1310
16
689
1060
387
2024
16
306
277
5772
10393
5119
1497
6292
35
461
12759
4060
373
6534
277
2165
1154
16607
306
194863
16
7095
3138
277
1154
4546
306
1717
616
277
6292
18
9322
4222
59947
5533
213288
1304
2586
277
3419
2363
4059
277
2292
1154
306
277
1465
304
2292
18
2586
386
341
277
1310
20155
18
2586
539
1998
1717
1731
61405
382
23928
277
73411
61405
16
8696
539
530
23098
277
1310
2911
304
1565
592
730
302
1019
1387
361
4309
2387
366
910
3162
4016
18
1563
277
1310
373
29413
24262
24326
28356
22590
12873
27880
728
373
22
12257
3966
15782
26179
14834
28920
23966
728
225
14919
16
225
12806
13
1377
225
20532
24215
28662
18
16473
17208
30281
1682
1347
38474
35
3557
2731
382
25790
539
530
2050
304
17208
277
3032
352
265
31420
1690
386
2428
361
49010
18
1563
4681
16
1994
265
2783
302
225
1336
57329
5463
1207
1219
37438
306
2687
37438
436
1175
386
1094
265
2487
5463
22465
18
22547
411
361
386
277
14387
4455
2783
341
1586
14522
306
277
5463
436
1175
386
1094
5463
402
3018
9058
22465
35
1563
2024
16
592
1219
37438
306
2687
37438
436
4515
16
1232
1094
5463
402
14387
4455
7662
910
1333
18
1563
277
1058
31579
16
1219
37438
33
10942
16
2687
37438
33
16649
16
2439
225
3671
18
9405
516
9283
14522
31
1850
18687
18
2209
8696
352
5463
297
386
3018
12601
16
277
14387
4455
6158
341
516
3932
1480
277
5463
436
45246
304
265
14522
2783
302
1398
2911
35
16473
16216
277
2783
373
23
24640
5460
21058
25029
21452
9718
27391
6
304
373
27
25268
28208
16035
26709
28026
26122
14575
3210
11243
569
225
1336
27740
18
461
5052
341
819
225
24
18
7563
73
1710
18
9405
265
8730
13579
302
616
225
1336
57329
5463
344
29753
2983
225
1336
57329
5463
341
225
29
14
622
66
1710
64823
225
29
73
1710
680
2586
277
12601
13823
819
225
20
18
20896
302
616
225
1336
57329
5463
18
2586
1850
265
3040
6239
18
2586
277
1682
302
5463
402
14387
4455
297
839
2783
1196
361
21210
386
13579
302
277
2983
1682
302
5463
402
386
14387
4455
18
461
2983
1682
302
225
1336
57329
5463
402
14387
4455
1360
225
10942
306
225
16649
341
16
396
10401
16
366
277
1991
302
225
622
66
1145
304
225
622
66
1045
18
114945
498
13579
225
20
18
20896
6632
5907
622
66
1145
18
2586
4655
1682
5907
622
66
1145
18
2586
225
17078
420
225
16611
4364
436
1804
12569
302
19691
7922
18
2586
1804
436
205061
382
27872
16
2964
67942
386
277
1310
16233
436
5207
6078
18
2209
539
1998
2188
6496
265
4377
386
19553
1019
18
22977
277
1154
341
12762
304
758
2761
1625
16
1013
277
1682
302
5463
1150
1175
386
277
4455
302
27740
302
1150
341
1360
1219
37438
306
2687
37438
16
306
851
1150
341
265
373
23038
11795
6
6115
386
1150
341
79852
498
2761
1625
35
2209
277
194863
4007
5153
386
382
25790
277
2746
341
499
265
2802
1207
277
1154
16607
341
766
302
265
6892
2746
16
306
277
6292
436
499
386
2746
18
22547
411
361
386
277
1154
341
12762
304
1682
277
1435
302
32088
1150
1175
386
277
4455
302
27740
302
1150
344
17906
5448
297
3349
225
622
13
341
1360
1219
37438
306
2687
37438
16
306
851
1150
341
265
373
23038
11795
6
6115
386
277
4455
302
27740
302
1150
341
1360
1219
37438
306
2687
37438
16
689
851
277
4455
302
27740
302
1150
341
1360
1219
37438
306
2687
37438
35
3483
4007
1265
5258
382
20822
16
8696
277
2746
341
3757
304
1682
277
1435
302
32088
1150
1175
386
277
4455
302
27740
302
1150
344
17906
5448
297
3349
225
622
13
341
1360
1219
37438
306
2687
37438
16
306
851
1150
341
1360
1033
21
306
1033
22
16
689
1033
21
306
1033
22
436
2688
396
14580
386
3087
5463
297
265
1497
3349
35
2523
382
23928
277
88873
447
16
13640
3612
4625
30
2278
341
265
3162
2130
305
3854
2746
373
4583
9177
89592
10706
6
420
2761
3600
35
342
19877
265
2130
305
3854
2746
373
4583
9177
89592
10706
6
386
10916
158925
5463
35
41729
903
341
2130
305
3854
225
21
29649
18
373
4583
277
7551
302
9177
4758
80221
26471
3557
386
18
15968
265
2746
373
4583
9177
36902
6
8696
18
2209
492
730
5563
1497
382
19477
1761
30
461
1154
1227
1682
129966
2907
184257
18
14812
373
23038
32088
6
436
1731
7305
14387
4455
341
1360
1219
37438
306
2687
37438
18
3483
341
52298
382
2608
277
1310
2911
1610
2164
10334
386
8696
277
1154
341
12762
304
1682
277
1435
302
32088
1150
1175
386
277
4455
302
27740
302
1150
341
1360
1219
37438
306
2687
37438
16
306
851
1150
341
1360
1033
21
306
1033
22
16
689
1033
21
306
1033
22
436
516
277
25573
352
1150
689
4616
352
277
14387
4455
35
2523
382
13617
12634
30
461
1154
2428
361
766
302
265
6892
4377
1207
277
38474
341
1161
304
1682
5463
402
14387
4455
297
265
2783
16
689
277
6292
436
352
386
38474
1154
22560
16
516
352
277
2522
3032
18
2952
16
277
2292
1154
8877
12578
5502
16
697
341
1682
129966
2907
184257
382
25790
277
2746
341
386
277
3419
2363
341
33716
31
277
1756
7939
265
1154
16607
306
194863
16
306
539
1008
304
3138
411
18
461
6292
436
3419
396
766
302
277
2746
6434
344
50180
396
7120
680
2209
277
1756
851
4059
265
2292
1154
386
10424
1731
6292
18
2952
16
277
1756
2428
569
98571
5101
387
4814
1310
1690
420
5478
188772
18
610
1175
12048
16
277
4309
4158
341
304
3138
277
1154
3308
304
277
194863
16
306
10987
277
6292
436
4309
6329
352
277
31579
18
22977
277
31579
341
265
20511
16
306
277
4309
4655
1333
341
277
1058
730
344
17078
13
420
277
1749
344
16611
15213
27745
680
1283
1008
304
11135
382
2110
1387
2050
304
17208
277
3032
352
277
2927
1310
1347
265
3162
4309
8860
344
7846
265
12763
7878
499
265
23479
3149
13
306
1565
697
14441
18
7517
539
4273
1774
2363
16
539
1387
2050
304
3368
819
277
38474
494
67848
306
3242
79515
18
22977
903
341
265
30495
11336
297
277
38474
386
7815
411
304
1091
8227
498
265
5980
16
6152
304
265
7922
1193
18
461
1193
2428
361
1115
498
265
5980
302
225
622
66
51523
16
3130
411
5230
2164
18
1563
2024
16
592
539
53786
2489
277
5879
396
2896
6152
53432
689
539
1196
516
1682
5463
402
6152
53432
344
77
3077
1278
539
1196
1094
1994
5463
402
7662
277
1656
1435
302
27740
396
277
5879
733
1232
277
1682
1011
361
1687
7922
18
16473
9492
386
382
2558
539
1994
1094
5463
402
7662
277
1656
1435
302
27740
396
277
5879
344
77
3077
1278
840
6152
53432
733
1232
352
5879
373
740
6
344
22
27740
733
539
1011
1682
5463
499
225
622
304
225
740
344
29753
225
20
17
29
436
225
21
57329
680
3483
1011
3050
1682
302
5463
402
14387
4455
297
2783
3724
225
22
57329
5463
1094
18
1563
277
1310
373
21
4990
740
728
21
16
28
16
592
539
1094
1682
225
22
57329
5463
297
277
2783
648
21
16
740
2315
539
1011
1682
225
622
16
807
16
740
35
2209
225
622
4455
21
16
807
4455
22
16
740
4455
23
16
616
297
2783
16
713
225
23
5463
16
516
225
807
18
2209
277
4655
3032
341
225
807
16
697
4059
225
21
57329
5463
18
2586
386
16340
341
6078
382
27872
16
539
1998
2549
616
5463
16
2291
1731
402
17156
27740
382
13617
3242
11336
30
2973
539
17208
1682
26649
5912
5311
808
733
539
436
27946
5463
499
225
20
304
5879
24273
18
2952
16
592
5879
674
6152
53432
344
7846
373
3528
10153
954
38474
1011
2489
411
396
265
225
23
57329
1435
306
1682
5463
499
225
20
304
225
3528
16
700
3077
1278
225
20
304
225
21
18
9405
4309
18
2209
592
5879
341
1013
373
1296
728
1850
6772
382
2608
8696
277
2746
36033
386
539
2489
1033
21
306
1033
22
396
14580
2142
6152
53432
16
306
539
1196
1094
1994
5463
402
277
1656
1435
302
27740
396
1033
22
35
3483
1011
361
20208
1480
1033
21
1387
569
17156
27740
18
2209
277
1310
373
21
4990
740
6
4059
225
21
57329
5463
16
713
840
382
27872
16
38474
5563
4309
382
23928
277
73411
1310
16233
16
9745
277
1861
4158
341
304
3138
277
1154
396
4546
344
50613
14387
38474
13
306
1232
16
304
1717
277
6292
16
539
1387
919
265
3364
1690
352
277
3018
2740
386
172393
16
19210
277
4655
1333
18
3483
341
16
592
277
10235
4475
277
31579
1310
16
539
758
277
4655
1333
344
50180
277
1749
730
16
2650
1850
3735
680
2209
386
1011
361
16474
93
306
2737
277
8165
302
277
2746
16
689
2428
361
4778
304
1717
277
6292
396
2688
18
2952
16
277
12759
4060
373
4399
3138
277
1154
4546
3210
3483
10334
539
1196
3138
277
4309
11236
16
516
2702
3646
382
25790
277
31579
1310
341
265
3616
129565
30
461
2292
1154
2428
361
1774
1094
19559
35
2209
277
2363
4213
1850
7095
5047
306
1232
2988
18
2586
616
61405
642
361
15474
382
19477
15698
277
1310
5501
717
14316
18
461
1310
5501
436
1375
5640
5648
12578
711
21
728
373
740
728
225
21
16
225
28
13
1377
225
807
203
5648
12578
711
21
728
373
25
728
225
21
16
225
25
13
1377
225
25
19964
7
22708
1310
4027
203
5648
12578
711
21
728
373
21
728
225
21
16
225
21
13
1377
225
21
203
5648
12578
711
7366
728
373
3523
728
225
26
16
225
1028
13
1377
225
28
203
5648
12578
711
24
728
373
29
728
225
22292
16
225
16972
13
1377
225
20
203
5648
12578
711
1748
728
373
4306
728
225
948
16
225
2503
13
1377
225
20
203
5648
12578
711
26
728
373
29
728
225
15458
16
225
19727
13
1377
225
20
203
5648
12578
711
24
728
373
28
728
225
6701
16
225
24958
13
1377
225
20
203
5648
12578
711
2125
728
373
2125
728
225
1691
16
225
1773
13
1377
225
20
203
5648
12578
711
24
22460
15711
728
373
27
25763
22118
728
225
6419
16
225
14603
13
1377
225
20
203
5648
12578
711
2281
16035
27880
728
373
3298
15352
27612
728
225
20121
16
225
20696
13
1377
225
20
203
5648
12578
711
29413
24262
24326
28356
22590
12873
27880
728
373
22
12257
3966
15782
26179
14834
28920
23966
728
225
14919
16
225
12806
13
1377
225
20532
24215
28662
203
5648
12578
711
29
28814
27353
13904
14919
20806
19039
23457
728
373
29
28202
28069
14551
8150
27478
10942
14786
728
225
2704
16
225
19436
13
1377
225
22658
26997
27950
203
5648
12578
711
23
24640
5460
21058
25029
21452
9718
27391
728
373
27
25268
28208
16035
26709
28026
26122
14575
728
225
10942
16
225
16649
13
1377
225
17078
203
5648
12578
711
23
24640
5460
21058
25029
21452
9718
27391
728
373
27
25268
28208
16035
26709
28026
26122
14575
728
225
10942
16
225
16649
13
1377
225
16611
15213
27745
203
7203
38853
386
277
2009
1217
436
16896
18
99008
277
1749
730
341
265
103364
306
1196
569
1497
25573
18
16205
468
277
25573
30
373
23
24640
5460
21058
25029
21452
9718
27391
6
306
373
27
25268
28208
16035
26709
28026
26122
14575
3210
2933
436
3600
304
277
3733
730
35
461
3733
730
341
373
29
28814
27353
13904
14919
20806
19039
23457
6
306
373
29
28202
28069
14551
8150
27478
10942
14786
3210
3557
3600
18
461
730
1714
386
341
373
29413
24262
24326
28356
22590
12873
27880
728
373
22
12257
3966
15782
26179
14834
28920
23966
3210
3557
3600
18
2586
277
1217
16896
6299
436
8156
18
22547
361
386
277
1749
730
341
10439
304
361
265
1497
1310
689
724
5209
1864
26949
53786
18
22977
277
1749
730
1196
361
2761
1013
1375
5640
5648
12578
711
23
24640
5460
21058
25029
21452
9718
27391
728
373
27
25268
28208
16035
26709
28026
26122
14575
728
225
10942
16
225
16649
13
1377
225
16611
15213
27745
203
7203
2608
724
851
10148
277
1058
730
18
2586
1850
73411
382
25790
277
2746
15422
1078
1217
1497
19797
30
730
402
1219
37438
33
10942
102940
37438
33
16649
7859
3032
225
17078
16
306
2484
402
1219
37438
33
10942
102940
37438
33
16649
7859
3032
225
16611
15213
27745
16
689
386
4007
1265
5258
382
27023
361
386
277
1058
730
341
352
265
1497
1154
16
1013
1682
129966
2907
184257
10251
35
2523
382
23928
277
133336
16
9745
277
1861
341
304
3138
277
4309
38474
306
1232
16
304
1717
277
6292
16
539
530
919
265
32371
386
592
277
2740
14441
277
31579
1310
16
539
758
225
17078
344
273
225
16611
15213
27745
13
2387
366
697
730
341
4655
304
361
277
373
50613
6
3032
3308
304
910
7475
4580
18
2209
539
1907
1287
697
341
4309
382
25790
539
530
79382
697
4655
1333
341
717
4164
304
361
277
4309
68437
1193
18
16473
2050
304
30281
277
1682
352
277
2783
373
23
24640
5460
21058
25029
21452
9718
27391
6
304
373
27
25268
28208
16035
26709
28026
26122
14575
6
402
1219
37438
33
10942
102940
37438
33
16649
1347
265
12616
68147
7411
689
4738
983
2698
386
277
2783
2428
361
1175
386
277
14387
4455
341
28265
35
22547
411
361
386
277
14387
4455
302
5463
297
492
2783
341
3757
2674
35
16473
17208
14387
4455
302
3598
5879
340
351
225
23
24640
5460
21058
25029
21452
9718
27391
18
14610
30
225
23
15
20
15
24
15
26
15
21
15
25
15
20
15
22
15
26
15
21
15
25
15
20
15
27
15
25
15
20
15
23
15
29
15
29
15
20
15
24
15
28
15
29
18
42379
30
225
23
15
20
33
23
16
692
24
33
27
16
692
26
33
1068
16
692
21
33
992
16
692
25
33
1057
16
692
20
33
1057
16
692
22
33
1710
16
692
26
33
1592
16
692
21
33
1575
16
692
25
33
1691
16
692
20
33
1691
16
692
27
33
1339
16
692
25
33
1789
16
692
20
33
1789
16
692
23
33
2127
16
692
29
33
3723
16
692
29
33
2704
16
692
20
33
2704
16
692
24
33
2196
16
692
28
33
3523
16
692
29
33
4405
18
2586
14387
4455
351
225
4405
18
9405
2336
936
1219
37438
33
10942
18
2586
277
3598
5879
5513
1414
4222
22465
277
14387
4455
4550
18
461
7866
5879
398
351
225
27
25268
28208
16035
26709
28026
26122
14575
18
14610
30
225
27
15
27
15
27
15
25
15
28
15
22
15
29
15
21
15
28
15
21
15
20
15
29
15
25
15
20
15
26
15
28
15
27
15
23
15
27
15
21
15
23
15
26
351
17208
30
225
27
15
27
33
992
16
692
27
33
1710
16
692
25
33
1670
16
692
28
33
2014
16
692
22
33
1960
16
692
29
33
1789
16
692
21
33
2589
16
692
28
33
5477
16
692
21
33
2517
16
692
20
33
2517
16
692
29
33
1507
16
692
25
33
4306
16
692
20
33
4306
16
692
26
33
2232
16
692
28
33
7713
16
692
27
33
1948
16
692
23
33
8028
16
692
27
33
1296
16
692
21
33
6681
16
692
23
33
9431
16
692
26
33
6880
18
2586
14387
4455
351
225
6880
18
6755
2336
936
225
10942
18
2586
277
4569
2783
2428
4732
302
5463
402
14387
44914
6254
2674
35
2209
396
5463
3764
16
14387
4455
24339
304
105273
18
1563
225
1336
57329
5463
16
277
4488
14387
4455
341
819
225
959
18
25
18
2209
954
3598
5879
4455
341
225
4405
16
7866
5879
4455
341
225
6880
18
2586
277
2783
2428
569
5463
402
14387
44914
10599
1360
8696
225
1793
306
225
5745
35
3483
1011
361
3392
1219
37438
33
10942
18
2586
9745
1586
2487
5463
297
492
2783
569
14387
4455
6743
10942
18
3483
1387
7767
277
2164
1682
5
20987
16
592
277
2783
341
1175
386
616
5463
569
14387
4455
3392
225
10942
16
1232
3032
1011
361
225
20
18
2209
4655
3032
341
225
17078
344
273
225
16611
4364
733
697
341
2164
689
1713
41872
18
2586
8696
903
436
265
2487
5463
402
14387
4455
6743
10942
18
3483
341
52298
1480
277
2783
2428
361
4549
277
3598
1169
302
14387
4455
6158
18
16473
15698
277
3598
5879
30
225
23
24640
5460
21058
25029
21452
9718
27391
18
957
1435
341
9310
2164
352
265
225
1336
57329
1435
35
41729
225
1336
57329
5463
1472
468
225
622
66
1710
351
225
21
937
937
937
937
937
937
937
344
1336
27740
35
225
622
66
1710
674
225
1336
27740
35
225
622
66
20
33
21
344
21
14387
733
225
622
66
21
33
622
344
22
27740
733
713
225
622
66
1710
674
225
1336
27740
680
2586
225
23
18
24640
73
1710
341
2946
225
622
66
1710
16
713
1850
265
11279
225
1336
57329
1435
18
10262
14387
4455
341
225
4405
16
697
341
265
3422
3392
4488
225
959
18
25
18
32992
5879
341
225
27
18
25268
73
1710
16
14387
4455
225
6880
16
2188
3392
4488
35
225
6880
341
2188
3392
225
959
18
25
35
41729
225
6880
1518
225
959
18
25
16
713
1850
2946
4488
18
2586
277
2783
46912
499
3392
304
2946
4488
18
2586
14387
44914
1387
8632
382
2608
277
1993
341
30
461
2783
2428
361
1175
386
277
14387
44914
436
6254
2674
16
689
903
1387
361
910
5463
402
3634
14387
44914
18
461
12075
302
14387
4455
1610
6743
10942
297
492
2783
2428
361
1586
2164
18
3483
1387
8138
265
2164
1682
382
19477
17208
30281
12075
302
14387
4455
6743
10942
352
265
5676
225
1336
57329
1435
30
539
7977
10401
819
225
20
18
991
18
2209
386
540
352
616
225
1336
57329
5463
18
2952
16
277
2783
2428
516
361
45531
5676
3796
616
225
1336
57329
5463
31
411
2428
361
265
3018
12601
386
674
265
1497
6158
18
22547
277
12601
361
1175
386
277
14387
4455
24339
304
361
2674
35
99008
592
277
12601
15245
297
265
4318
1207
277
1210
3040
27740
436
2164
18
5641
3598
5879
494
1058
14387
341
225
23
16
7866
5879
494
1058
14387
341
225
27
18
2586
277
1058
14387
23633
499
225
23
304
225
27
18
3483
2428
2188
3144
265
2783
302
14387
44914
18
2209
277
12075
302
2896
14387
4455
6743
10942
2428
2188
361
2239
225
22
9
592
277
5463
436
45531
11655
3796
277
12601
18
2209
277
12601
4354
341
819
4919
302
616
225
1336
57329
5463
18
2586
277
4655
1682
2428
2188
361
8730
382
2608
5522
16
277
14387
4455
6158
352
5463
402
265
2688
1058
14387
341
717
28265
18
1563
1058
14387
225
23
16
277
10652
225
1710
27740
4455
366
4488
225
7726
18
25
344
29753
2676
302
225
1710
27740
1450
225
24
18
25
680
2586
2983
2676
351
225
23
692
225
7726
18
25
351
225
1819
18
25
18
1563
1058
14387
225
27
16
2676
351
225
27
692
225
7726
18
25
351
225
6681
18
25
18
2586
277
2783
13823
1058
27740
225
23
17
27
16
697
6632
2676
1360
225
1819
18
25
306
225
6681
18
25
18
2586
2188
4488
2239
225
1296
18
2586
12075
302
4455
6743
10942
352
5463
402
1058
14387
225
23
35
1468
351
344
10942
17
1819
18
25
5403
1068
18
21807
64823
225
1748
18
25
19
1068
18
21807
64823
225
22
18
22
16
10649
5907
20
18
3054
18
1563
1058
14387
225
27
30
1468
351
344
10942
17
6681
18
25
5403
1068
18
21807
64823
225
948
18
25
19
1068
18
21807
64823
225
21
18
29
16
10649
5907
20
18
21959
18
2586
6381
10649
8696
5907
20
18
991
18
2586
2188
5907
22
29434
27872
16
4655
1682
5907
24
18
27
73
1710
535
225
20
18
991
351
225
29
18
24
73
1057
18
21209
8730
382
4892
3097
1011
277
3032
361
1094
225
17078
35
36981
341
1115
382
25790
277
1154
341
516
27946
5463
402
14387
4455
297
648
1386
37438
16
2687
37438
2315
689
27946
5463
1150
1175
386
277
4455
302
27740
302
1150
344
17906
5448
297
3349
225
622
13
341
1360
1219
37438
306
2687
37438
16
306
851
1150
341
265
373
23038
11795
6
6115
386
277
4455
302
27740
302
1150
341
1360
1219
37438
306
2687
37438
35
9405
277
1656
382
20822
16
8696
277
1154
341
12762
304
1682
277
1435
302
32088
1150
1175
386
1033
21
6758
1150
6758
1033
22
306
277
4455
302
27740
302
1150
344
17906
5448
297
3349
225
622
13
341
1360
1219
37438
306
2687
37438
16
689
851
1150
1998
361
265
373
23038
11795
6
6115
386
1150
341
79852
498
2761
35
2523
382
19477
316
25735
277
194863
30
887
4060
373
4583
277
1435
302
32088
1150
1175
386
1033
21
6758
1150
6758
1033
22
306
1219
37438
6758
14387
37438
3974
13
6758
2687
37438
16
1207
14387
37438
3974
13
341
277
4455
302
27740
302
1150
1304
9405
4015
382
25790
277
2746
341
499
265
5199
1207
277
1154
1227
341
1682
129966
2907
184257
16
306
277
1310
4027
436
766
302
277
2746
5224
16
689
277
1756
674
5101
265
2292
1154
386
10424
1731
6292
16
689
277
5772
10393
5119
1497
6292
18
2952
16
277
12759
4060
373
5677
4222
59947
5533
213288
1304
2586
539
1998
10987
277
3419
2292
341
277
1310
20155
382
23928
277
73411
1310
16
342
1761
277
1210
4164
15277
341
386
730
302
277
1217
31579
61405
341
265
20511
16
306
277
4309
4655
1333
341
277
730
386
14441
265
3162
4309
7878
18
7517
539
4273
5827
697
16
539
1008
304
11135
2387
366
910
26565
18
22977
539
530
2050
304
17208
277
3032
352
277
2927
1310
1347
387
8081
1557
16
1013
1347
16253
5442
420
265
3162
7740
35
3557
2731
382
25790
539
530
1538
468
277
4619
302
852
4655
2911
30
225
20532
24215
28662
16
225
22658
26997
27950
16
225
17078
16
225
16611
15213
27745
18
2933
436
616
2336
936
225
21
73
29
18
461
1058
1217
436
2239
225
22
18
25
73
28
306
225
22
18
29
73
28
18
461
4658
341
225
17078
16
277
12868
341
225
21
18
3723
73
28
18
461
4658
341
1687
7922
936
277
12868
18
22547
411
361
386
277
4658
341
277
4309
3032
352
386
2740
35
2491
8696
277
4658
341
265
12548
306
277
12868
341
277
1728
35
14892
304
3862
382
19477
15698
277
2740
19797
30
461
1058
2927
1310
30
340
33
29413
24262
24326
28356
22590
12873
27880
344
1710
27740
733
398
33
22
12257
3966
15782
26179
14834
28920
23966
344
1336
27740
680
461
4655
3032
341
225
20532
24215
28662
32002
22
18
3586
73
28
680
461
1749
2927
1310
30
340
33
29
28814
27353
13904
14919
20806
19039
23457
344
1336
27740
733
398
33
29
28202
28069
14551
8150
27478
10942
14786
344
1336
27740
680
44375
225
22658
26997
27950
32002
22
18
1948
73
28
680
461
4658
306
12868
4451
1656
340
35939
33
23
24640
5460
21058
25029
21452
9718
27391
344
1336
27740
733
398
33
27
25268
28208
16035
26709
28026
26122
14575
344
1336
27740
680
44375
225
17078
420
225
16611
15213
27745
32002
21
18
3723
73
28
680
2586
616
4655
11726
436
297
277
2783
225
2393
304
225
3966
4364
16
6329
225
17078
697
341
15747
18
2586
8696
225
17078
341
277
4309
3032
352
386
3018
2783
16
306
277
852
225
16611
4364
341
265
20511
18
2491
18742
41837
382
23928
386
277
852
1217
2927
6292
569
11726
2239
225
22
18
25
73
28
306
225
22
18
29
73
28
16
697
436
3600
19691
16
306
277
4658
1310
674
265
50061
1497
3032
344
17078
733
1850
52298
386
225
17078
341
387
2615
344
50180
265
83092
499
265
1497
1310
1690
680
461
12868
1310
494
3032
225
16611
15213
27745
341
851
297
277
225
21
18
25
73
28
2783
16
697
341
52298
5657
304
277
852
1217
344
22
18
25
73
28
306
225
22
18
29
73
28
680
2586
8696
277
4309
3032
352
277
4658
1310
341
225
16611
15213
27745
16
516
225
17078
18
461
225
17078
2428
361
499
265
1497
2783
344
50180
499
265
1310
1690
516
3577
680
461
31579
10334
265
5209
183764
2615
1207
277
1058
730
540
10439
304
361
2761
1625
16
306
277
1749
730
341
4309
382
19477
2292
277
1880
5463
30
610
277
3419
2363
16
1325
277
1310
5501
16
903
341
265
4889
13223
5904
2292
38460
129966
2907
184257
13
304
1774
6292
1304
2586
277
2292
1154
341
5047
306
1232
2988
18
461
31579
8615
468
277
1169
18
22547
361
386
277
4607
2746
1078
2240
2927
6292
16
306
277
4658
306
12868
846
1497
19797
16
689
890
41290
16
730
3289
76577
18
461
4658
2428
569
961
9444
304
361
2761
1013
1375
5640
5648
12578
711
23
24640
5460
21058
25029
21452
9718
27391
728
373
27
25268
28208
16035
26709
28026
26122
14575
728
225
10942
16
225
16649
13
1377
225
16611
15213
27745
203
7203
414
277
12868
2428
569
961
2761
1625
16
689
724
41858
12461
277
1058
730
18
2586
277
4309
4655
1333
341
4164
225
16611
15213
27745
382
23928
492
16
9916
10987
277
4309
3032
352
386
1310
341
225
16611
15213
27745
18
6755
16
277
852
6292
539
569
344
21
16
740
16
21
16
28
13
2649
225
807
16
4115
1278
539
1008
304
1717
1731
18
5641
38474
1196
1717
1731
382
2608
277
1310
7935
402
277
1058
31579
344
17078
680
2586
954
38474
7939
2761
1625
16
4164
225
16611
15213
27745
35
2491
8696
2761
1625
13025
18
461
2615
540
387
40439
8221
366
277
1058
31579
344
17078
680
2586
954
38474
4746
758
225
17078
18
887
8938
2761
1625
16
44004
516
15595
3673
225
17078
420
225
16611
15213
27745
35
461
2615
3270
1094
4213
277
40439
386
7935
16
697
341
277
1058
31579
344
17078
680
2586
954
38474
8938
265
1333
1497
499
225
17078
18
887
1387
361
225
16611
15213
27745
16
420
910
852
1435
18
7517
277
2475
31579
344
16611
15213
27745
13
9257
14559
1480
277
7977
40439
7935
16
539
1907
1287
592
954
38474
1011
569
7895
386
18
2586
539
1008
304
7016
277
1154
304
1717
277
1058
31579
344
17078
13
420
8696
277
1749
31579
35
2209
539
4445
22465
1804
382
23928
277
3360
16
342
1761
277
9444
4309
3032
341
225
16611
15213
27745
16
306
277
225
17078
341
265
20511
18
8111
16
539
1196
6313
954
38474
304
758
225
16611
15213
27745
352
386
3018
2740
18
2209
386
1011
361
2702
87842
16
697
341
516
1622
18
2952
16
8696
954
38474
674
265
11336
386
7815
411
304
758
225
16611
15213
27745
352
386
2740
16
306
277
1310
36033
225
17078
16
697
341
6078
18
2209
277
1310
36033
225
17078
16
713
539
1008
304
758
225
17078
304
1717
18
3483
1011
2676
954
38474
1196
361
6842
304
758
225
17078
18
2586
697
730
341
4309
35
1283
1008
304
11135
382
19477
2050
304
1565
592
903
341
839
852
40447
18
461
1310
373
29413
24262
24326
28356
22590
12873
27880
728
373
22
12257
3966
15782
26179
14834
28920
23966
728
225
14919
16
225
12806
13
1377
225
20532
24215
28662
18
957
341
265
2927
2783
16
3032
225
20532
24215
28662
18
461
852
2927
1310
373
29
28814
27353
13904
14919
20806
19039
23457
728
373
29
28202
28069
14551
8150
27478
10942
14786
728
225
2704
16
225
19436
13
1377
225
22658
26997
27950
18
2586
1131
11726
436
2239
225
22
18
25
73
28
306
225
22
18
29
73
28
18
461
4658
1310
344
106983
13
674
3032
225
17078
420
225
16611
15213
27745
18
225
16611
15213
27745
341
2239
225
21
18
3723
73
28
16
697
341
297
277
1656
1991
302
19691
396
277
3575
344
22
18
25
73
28
16
225
22
18
29
73
28
680
225
17078
341
2240
12569
302
19691
7922
18
2586
1850
717
52298
386
225
16611
15213
27745
341
277
4309
3032
352
386
1310
16
396
411
22700
277
4619
18
461
225
17078
5563
1013
265
75848
1333
382
27872
16
342
18294
277
1058
31579
341
387
2615
16
306
277
4309
4655
1333
341
225
16611
15213
27745
18
8111
16
954
38474
1196
758
225
16611
15213
27745
352
386
2740
18
461
1310
20155
4059
1804
16
689
277
1058
730
18048
16
713
539
1008
304
1265
954
38474
758
225
17078
304
22465
277
1058
730
16
689
1232
411
1011
4759
277
1749
18
2952
16
8696
277
1310
20155
341
1774
1094
778
304
277
1058
8221
35
32468
16
616
61405
436
1774
31
592
730
18048
16
277
1736
21613
306
7675
386
40439
2615
18
2586
539
4273
22465
1804
382
23928
386
277
2746
341
499
387
21633
109892
16
1850
21930
304
569
73411
70305
18
2586
1850
5091
265
20511
297
277
2746
6434
3419
304
471
18
610
1175
4027
16
277
71070
4158
341
304
3138
277
4309
38474
306
5752
386
277
109892
5119
1497
6292
344
50180
277
3419
2292
341
1060
387
2024
680
2209
277
12759
19986
4060
304
1717
616
277
6292
16
306
277
6292
436
2688
297
277
2363
2732
382
25790
277
2292
1154
341
516
277
5772
1310
20155
31
1850
1060
265
33351
16
306
277
1728
10393
5119
8887
6292
18
2952
16
277
1756
4060
373
6534
277
2165
1154
16607
306
194863
16
7095
3138
277
1154
4546
306
1717
616
277
6292
18
9322
4222
59947
5533
213288
1304
1533
1232
724
2483
277
1154
306
194863
16
306
1232
265
2292
1154
386
4059
277
6292
18
2586
277
2292
1154
341
766
302
277
2363
386
642
361
1774
304
1310
954
7878
18
2586
539
1998
4802
386
277
2292
1154
19553
382
23928
277
73411
61405
16
342
1761
277
1861
3347
341
304
3138
277
4309
38474
306
1232
16
297
277
2292
1154
16
14637
411
304
5909
277
31579
420
7016
277
4655
2911
35
2209
277
12759
4060
373
5677
4222
59947
5533
213288
1304
2586
539
4273
14637
277
2292
1154
18
2586
539
1998
6496
265
1154
386
34494
1804
61405
16
697
341
13861
9082
724
436
277
1656
18
8111
16
277
1094
1528
304
1717
341
592
954
1154
6714
265
1333
386
25782
1804
225
17078
306
225
16611
15213
27745
18651
16
697
341
13861
18
2586
9745
277
1310
20155
341
516
3757
1774
396
341
31
8696
277
2292
1154
341
1060
352
30678
306
277
1728
6292
436
1497
18
2209
277
1756
19986
4059
277
2292
1154
306
4060
373
8940
2292
38460
129966
2907
184257
13
304
1774
6292
1304
2586
1850
9444
304
361
1161
382
23928
277
133336
16
342
18294
386
277
31579
341
265
20511
16
306
277
4309
4655
1333
341
277
730
386
8615
3735
344
16611
15213
27745
680
461
7977
730
344
17078
13
2428
361
265
83092
499
265
1497
3478
302
277
2746
18
610
1451
17673
9010
21442
16
724
6848
569
265
4889
1013
13223
12692
1310
4027
6
306
1232
265
2487
16
306
1232
13223
22708
1310
4027
3210
461
31579
2428
361
265
5209
183764
2615
1207
724
9444
304
919
265
699
1310
689
12461
277
3733
730
498
20511
18
30949
468
277
3920
30
1325
373
5648
12578
711
29
28814
27353
13904
14919
20806
19039
23457
728
4074
2339
1377
225
22658
26997
27950
728
277
2475
1880
341
373
5648
12578
711
23
24640
5460
21058
25029
21452
9718
27391
728
4074
2339
1377
225
17078
3210
5489
2475
1880
341
373
5648
12578
711
23
24640
5460
21058
25029
21452
9718
27391
728
4074
2339
1377
225
16611
15213
27745
3210
2586
1850
52298
386
277
1749
730
1196
569
1497
25573
16
689
724
45089
277
1656
18
22977
277
1749
730
1196
569
265
1497
3598
5879
420
7866
5879
18
1563
4681
16
8696
277
1749
730
341
373
23
24640
5460
21058
25029
21452
9718
27391
728
373
27
25268
28208
16035
26709
28026
26122
14575
728
225
10942
16
225
16649
13
1377
225
16611
15213
27745
341
4309
16
306
277
1058
730
341
265
20511
18
2491
18742
41837
382
23928
386
277
852
1217
2927
6292
569
11726
2239
225
22
18
25
73
28
306
225
22
18
29
73
28
16
306
277
4658
1310
494
3032
225
16611
15213
27745
341
851
2239
225
21
18
25
73
28
16
411
5563
10358
18
2586
9916
10987
277
4309
4655
1333
352
386
2783
341
225
16611
15213
27745
16
306
277
225
17078
341
387
2615
382
29838
16
539
1196
3138
277
4309
38474
16
306
411
1196
758
225
16611
15213
27745
352
386
2740
344
299
1423
396
954
38474
341
4309
680
1437
954
38474
6714
2761
1625
16
539
1008
304
13762
382
23928
386
954
38474
7895
277
2164
6292
16
1850
4164
4309
18
2586
3097
1645
411
4759
366
277
1058
31579
35
887
5091
8938
225
16611
15213
27745
344
273
2761
1625
13
697
341
516
225
17078
16
12267
277
40439
304
4759
18
2586
539
1008
304
2292
1065
1333
954
38474
3757
6714
352
386
2740
18
7517
539
4445
1774
16
539
1008
304
3368
819
3242
1115
14530
20740
7783
420
852
3933
386
1387
3866
277
38474
304
1091
8227
382
25790
277
38474
341
1091
213322
1480
302
277
13667
302
277
5879
890
31504
1033
21
17
21
18
1563
277
31579
1310
16
1033
21
351
373
23
24640
5460
21058
25029
21452
9718
27391
3210
1033
21
10013
506
225
21
351
225
23
24640
5460
21058
25029
21452
9718
24653
18
461
1794
302
386
341
373
23
24640
5460
21058
25029
21452
9718
24653
3210
5641
38474
352
1682
26649
5912
711
23
24640
5460
21058
25029
21452
9718
24653
2191
19720
5463
499
225
20
304
386
5879
18
5489
539
57859
499
1682
26649
5912
711
27
25268
28208
16035
26709
28026
26122
14575
2191
304
771
5463
499
1033
21
304
1033
22
24273
18
3483
5563
4309
382
2608
903
1387
361
387
1115
14530
20740
2615
592
539
2489
1033
21
17
21
53786
890
1033
21
674
6152
53432
35
2523
382
44125
277
38474
341
18765
1480
411
19720
5463
402
6152
53432
16
697
4059
5463
402
17156
27740
16
689
8696
277
2746
36033
386
5463
436
4800
2142
6152
53432
16
306
277
14387
4455
341
19377
366
277
1794
2142
6152
53432
18
9405
1065
539
589
18
2586
6772
382
13617
12634
30
461
38474
494
77647
5119
312
625
28090
402
10235
344
1084
16
13334
16
3285
37438
680
7517
3285
37438
530
361
778
304
2687
37438
344
4120
733
306
2687
37438
530
361
778
304
225
4120
16
277
1889
3203
341
64594
18
2952
16
6035
386
539
1465
65293
86842
402
699
872
502
306
699
37438
18
2973
13334
341
8077
16
539
9284
898
616
27740
225
20
568
29
18
9405
6772
382
2608
903
341
265
30495
11336
30
610
277
9284
16
539
17208
699
872
502
351
13334
306
344
72
1377
4753
680
2952
16
890
13334
341
8077
16
4753
341
225
29
344
29753
539
867
4753
351
853
5311
808
74686
6577
592
13334
1625
225
29
680
610
386
1690
16
699
872
502
351
8077
306
344
72
1377
4753
13
1117
8077
15470
302
282
18
9405
6772
18
2973
13334
341
7143
16
4753
341
5879
74686
1807
2586
699
872
502
351
7143
306
344
72
1377
4753
680
2586
4309
382
8311
16
1994
277
1690
890
13334
341
7143
306
539
5857
282
460
4753
16
1232
699
872
502
7883
8077
18
9405
4309
1480
277
1435
7883
2336
936
5879
18
2952
16
539
851
1008
304
4802
386
352
13845
10690
16
539
2617
839
14387
225
20
17
29
18
9405
1065
539
589
1480
4753
7883
225
29
382
27872
16
38474
5563
4309
382
23928
277
8221
16
9745
277
4264
341
386
277
38474
19720
5463
499
225
20
304
5879
24273
16
689
277
5879
341
265
1794
402
265
3018
4354
18
2952
16
890
539
17208
1682
26649
5912
352
1033
22
306
352
1033
21
17
21
16
277
31051
302
277
14580
2428
1173
18
1563
2024
16
1033
22
341
373
27
25268
28208
16035
26709
28026
26122
14575
6
344
1336
27740
680
1033
21
17
21
351
373
23
24640
5460
21058
25029
21452
9718
24653
6
344
20950
225
1336
27740
680
2586
31051
4475
18
9177
382
2608
1994
265
1690
1207
1033
21
674
17156
27740
936
1033
22
18
1563
2024
16
1033
21
508
21
728
1033
22
508
740
3210
1682
26649
5912
711
740
2191
5119
4354
225
22
18
1682
26649
5912
14964
12
20
1149
5119
373
20
6
4354
225
21
18
9405
20672
1480
539
57859
19720
31
277
5463
33649
297
373
20
6
436
5101
297
373
740
6
306
56799
382
8311
16
8696
277
38474
341
4309
689
277
68437
7154
3866
3933
35
1283
589
68437
468
1450
2457
16
697
341
6772
382
44125
277
4264
341
386
277
77647
341
2502
5731
35
3557
387
4264
382
25790
277
2746
341
386
539
436
1347
312
625
28090
366
65293
16
689
65293
341
5047
5451
1682
26649
5912
16
306
1450
1465
304
1682
26649
5912
12651
265
699
65293
1154
402
969
1902
11057
18
9405
6772
382
2608
903
341
265
3242
3892
4264
30
1563
1450
5879
16
539
1465
1682
26649
5912
12775
344
1943
1033
22
306
1033
21
17
21
680
3483
2767
539
1774
103041
12775
18
9405
20672
382
23928
386
954
38474
7895
277
2164
6292
16
1850
4164
4309
18
2586
277
8221
366
277
2927
1310
1998
361
2920
304
2761
1625
16
8696
11795
13304
35
2209
11636
28506
3089
146581
382
27023
411
361
386
277
38474
341
516
27946
5463
12989
1480
539
436
1347
77647
306
175676
77647
4753
35
461
8597
341
225
1449
16
6772
382
25790
277
4264
341
386
277
38474
1414
516
5203
277
1690
1207
5879
674
6152
53432
12989
35
2209
539
1907
569
6152
53432
382
23928
277
88873
447
16
9916
2050
304
37687
277
38474
352
265
2164
1690
1207
277
25573
436
3600
4354
304
277
2927
1310
689
402
7922
5463
16
304
1565
592
903
341
839
4619
18
2209
539
4445
382
71093
16
8696
277
1154
341
12762
304
1682
277
1435
302
32088
1150
1175
386
1033
21
6758
1150
6758
1033
22
306
1219
37438
6758
14387
37438
3974
13
6758
2687
37438
16
689
851
1150
1998
361
265
373
23038
11795
6
6115
386
277
4455
302
969
27740
341
1360
1219
37438
306
2687
37438
16
306
851
277
1435
302
27740
341
1360
2761
35
2523
382
20822
16
9745
277
2746
341
499
265
22662
1207
373
23038
32088
6
436
5047
21214
16
1013
5463
386
436
79852
498
277
4455
302
725
27740
344
23401
212906
5463
680
2209
277
194863
19986
18948
14387
37438
306
277
4550
1219
37438
6758
14387
37438
3974
13
6758
2687
37438
18
2586
1850
516
386
382
25790
277
1154
1227
1682
129966
2907
184257
341
265
240988
13902
31
277
2746
2428
361
819
27946
5463
402
14387
4455
297
265
2783
16
697
436
373
23038
6
297
910
3522
382
23928
277
131302
16
342
1761
277
1861
4158
341
304
3138
277
38474
12989
306
1232
16
304
1717
277
6292
16
919
265
3364
1690
352
277
3018
2740
386
172393
344
1833
31579
13
306
758
277
4655
1333
386
8615
3735
344
16611
15213
27745
13
1480
1850
717
52298
18
2952
16
277
1310
36033
225
17078
352
277
1058
31579
16
713
592
539
758
225
16611
15213
27745
16
277
1058
40439
642
4759
18
2209
9745
277
1310
20155
341
516
3757
1774
297
2833
31
8696
277
1756
1094
10424
277
2024
6292
35
2209
277
2292
1154
4059
616
61405
16
713
592
539
1774
411
16
277
1058
31579
642
3866
8221
18
2209
8696
277
1756
642
516
1774
277
2292
1154
31
724
1060
3419
411
396
387
2024
18
461
12759
4060
373
8940
2292
38460
129966
2907
184257
13
304
1774
6292
1304
2586
1850
4164
724
642
1774
411
382
23928
277
73411
5315
16
342
1761
277
71070
341
304
3138
277
38474
12989
306
1232
16
297
277
2363
16
1325
277
1154
8559
16
539
1387
919
265
32371
386
592
277
2740
14441
277
31579
16
539
758
225
17078
344
1833
1058
4655
13
304
22465
386
3999
16
42158
277
1749
18
2209
386
1011
3866
277
1749
3999
304
4759
592
411
341
1774
18
2952
16
8696
277
1749
3999
341
3042
10633
1480
277
1058
18048
306
277
1736
21613
18
610
11636
16
890
387
3999
18048
16
277
1736
30414
387
95719
2466
306
21613
18
2586
592
277
1058
31579
18048
16
277
1736
3042
23459
277
1749
31579
18
8111
16
592
539
1265
954
1154
758
225
17078
352
386
2740
16
277
1058
31579
642
1717
16
306
277
1736
642
4622
304
277
1749
31579
16
697
642
851
2292
277
1656
2740
306
2364
225
16611
15213
27745
16
689
954
1154
642
758
225
17078
16
12267
277
1749
3999
304
4759
18
2586
1804
642
3866
29410
9082
539
758
265
1333
386
34494
1804
16
13861
382
27872
16
539
4273
22465
1804
18
2586
277
1094
1528
304
1717
616
61405
341
592
277
1310
20155
1414
516
2549
1804
61405
16
700
3077
1278
277
31579
341
265
20511
306
277
1749
730
341
516
3757
766
302
277
1310
20155
344
50180
1850
37038
686
680
2209
297
277
3419
2363
16
1804
436
1831
396
61405
18
2952
16
277
1756
2428
569
5101
1019
87148
16
306
277
1728
1310
20155
1414
516
569
1804
18
610
1451
1175
2746
12152
366
13494
16
724
2483
265
2292
1154
386
4059
277
6292
16
689
6848
724
569
21396
18
18750
386
539
4273
14637
277
6292
16
539
1998
10987
277
6292
436
396
2688
18
2209
724
436
73411
16
713
9745
277
9444
4309
3032
341
277
730
386
8615
3735
344
16611
15213
27745
733
306
277
1058
730
341
265
103364
18
610
386
1690
16
539
1196
14801
277
1058
31579
35
2209
539
4445
14637
6292
382
25790
277
2292
1154
341
516
766
302
277
2522
10393
31
1850
1060
265
4889
18
461
12759
4060
373
3039
1196
18523
277
2363
385
11116
297
265
127068
2363
2732
344
22310
642
61694
277
4607
5442
118742
2586
539
1094
1008
304
14637
277
1154
1682
129966
2907
184257
18
461
2292
1154
341
516
766
302
277
1154
539
14637
31
1850
1060
3419
352
6726
18
2586
539
1907
1008
304
12971
819
277
2292
192497
61405
35
41729
16
277
1756
4060
373
6534
277
2165
1154
16607
306
194863
16
7095
3138
277
1154
4546
306
1717
616
277
6292
18
9322
4222
59947
5533
213288
1304
5489
724
2483
277
1154
16607
306
194863
16
306
1232
265
2292
1154
18
2586
277
2292
1154
341
766
302
277
6292
18
2586
539
1998
1717
1731
6292
382
23928
277
73411
6292
16
2964
67942
386
277
4309
4158
341
304
3138
277
38474
12989
16
306
1232
16
297
277
1682
129966
2907
184257
1154
16
539
1387
919
265
3364
1690
352
277
3018
2740
386
7815
277
8221
16
19210
277
4655
1333
386
341
717
4164
4309
344
16611
15213
27745
680
2209
1232
277
1058
31579
642
4759
18
2952
16
8696
277
1756
36033
471
304
7925
277
31579
306
7016
411
498
16927
730
35
2209
539
4273
14637
6292
382
44125
277
1861
341
304
3138
277
38474
306
1232
16
297
277
2292
1154
344
8781
539
4273
14637
733
689
539
1387
14637
277
2292
1154
35
461
12759
4060
373
5677
4222
59947
5533
213288
1304
3483
4164
13244
304
277
2292
1154
18
2586
539
4273
2312
277
2292
1154
382
27872
16
539
436
20017
382
23928
277
6056
16
342
1761
277
1210
12914
341
304
3138
277
38474
12989
16
306
1232
16
304
1717
277
6292
16
539
530
10987
386
277
31579
341
265
20511
306
277
4309
4655
1333
341
225
16611
15213
27745
18
8111
16
539
1008
304
6313
954
38474
713
386
411
6714
225
16611
15213
27745
352
386
2740
18
2209
954
38474
5740
6714
2761
1625
344
252162
8221
366
225
17078
680
1283
1008
304
13762
3097
954
38474
1091
118107
382
25790
277
38474
674
265
11336
386
7815
411
304
1091
8227
352
2927
25573
2920
304
277
1528
539
5203
277
4753
890
13334
341
7143
18
16473
15698
277
9284
1375
1943
282
297
2783
124651
692
225
21
2407
298
699
872
502
351
13334
306
344
72
1377
4753
465
298
699
37438
351
3285
37438
692
282
203
298
592
699
37438
1518
2687
37438
638
348
4622
203
298
2983
351
344
12815
692
65293
40815
692
225
21
16
699
872
502
16
699
37438
1149
1577
28157
300
2608
6035
30
4753
341
853
5311
808
74686
6577
592
13334
1625
225
29
18
2952
16
890
13334
341
7143
16
4753
351
5879
74686
1807
461
4550
699
872
502
351
13334
306
344
72
1377
4753
13
341
4309
18
2209
903
341
265
30495
11336
30
2973
13334
341
7143
16
306
539
59689
282
499
225
20
304
4753
24273
16
539
17208
699
872
502
351
344
72
1377
4753
680
9405
4309
18
2952
16
6035
386
592
282
460
4753
16
1232
699
872
502
7883
8077
16
306
352
13845
10690
539
2617
839
14387
225
20
17
29
18
9405
6772
382
2608
1065
819
277
1690
890
13334
341
8077
35
5489
4753
351
225
29
18
699
872
502
351
13334
306
344
72
1377
4753
13
351
8077
306
4074
351
8077
18
2586
699
872
502
8320
8077
18
9405
6772
382
8311
16
730
3242
11336
30
2973
13334
341
7143
306
539
436
468
277
2009
2413
344
1084
1377
307
17
21
733
306
539
5857
282
1377
4753
16
1232
699
872
502
351
7143
16
306
539
704
304
912
1377
307
402
3285
37438
2291
282
18
3092
3349
1690
16
539
2292
4550
18
9405
6772
382
8311
16
1994
277
1690
890
539
569
265
5879
1013
373
1296
3210
1563
912
20
16
13334
9139
16
4753
33
21
18
1563
282
33
20
16
699
872
502
14040
16
699
37438
33
20
18
5489
468
912
21
16
13334
14040
16
4753
33
29
18
1283
9284
282
499
225
20
304
225
29
18
957
642
1682
5463
499
225
937
304
225
25118
16
700
3077
1278
225
20
17
959
18
9405
4309
1480
5463
499
225
20
304
225
959
436
2336
936
225
1296
18
1563
282
33
21
468
912
20
16
699
872
502
9139
16
699
37438
33
21
18
3092
912
21
16
13334
9139
16
4753
33
20
18
2586
539
530
1094
5857
282
33
20
18
5489
912
22
16
13334
9139
16
4753
33
20
18
21941
282
33
20
18
2586
492
2481
19720
7662
225
1296
18
2586
4309
382
27872
16
38474
5563
4309
382
8311
16
8696
277
4264
341
386
539
436
1347
77647
402
312
625
28090
16
689
277
11057
1993
4059
3285
37438
16
697
530
361
778
304
2687
37438
344
4120
680
9405
6772
382
2608
903
341
265
3242
3892
4264
30
461
77647
874
361
2988
1451
3041
2920
304
41576
989
109294
18
2209
402
57687
16
1850
6772
382
23928
386
954
38474
7895
2164
6292
16
1850
4164
4309
352
616
18
2586
3097
1414
411
4759
366
2927
1310
35
22977
277
2927
1310
10916
5463
402
14387
4455
4550
386
341
1586
1398
16
306
954
38474
2428
569
265
11336
890
2687
37438
341
2927
35
2209
2687
37438
341
468
1210
225
4120
16
697
341
2223
954
38474
494
2783
382
20822
16
2687
37438
530
361
778
304
225
4120
16
689
277
14387
4455
302
5463
778
304
225
622
66
1336
341
468
1210
225
11529
16
713
10044
2687
37438
341
82720
468
225
11529
352
10651
19720
18
5641
38474
5119
2687
37438
396
2688
16
689
539
83337
890
699
37438
1518
2687
37438
18
9405
6772
382
8311
16
9745
277
38474
341
9546
5463
386
569
14387
4455
7662
6792
304
2687
37438
35
2523
16
539
2549
382
25790
277
4264
341
386
539
436
1347
175676
77647
306
312
625
28090
16
689
277
1154
341
5047
5451
1682
26649
5912
16
306
539
436
11551
1682
26649
5912
4347
3041
18
8049
1465
12651
265
699
65293
402
969
1902
312
625
28090
18
9405
6772
382
2608
903
341
265
3242
11336
30
461
312
625
28090
2428
569
265
2739
4753
35
1283
4746
867
2687
6118
16
713
1850
33152
18
33886
382
23928
277
15924
16
9916
2050
304
20488
17208
277
3032
352
277
2927
1310
1347
265
31420
1557
30
1283
530
2050
304
30281
277
1682
1347
16253
5442
35
3557
31975
382
25790
539
530
1761
819
277
12634
386
277
38474
341
4309
16
689
277
1310
36033
225
17078
352
277
1058
31579
16
306
539
436
5478
38052
277
1310
30
22977
277
1058
31579
341
516
3757
387
3999
16
689
265
4889
35
16205
468
277
2363
30
1968
5640
298
3999
12578
711
29413
24262
24326
28356
22590
12873
27880
728
373
22
12257
3966
15782
26179
14834
28920
23966
728
225
14919
16
225
12806
13
1377
225
20532
24215
28662
203
298
3999
12578
711
29
28814
27353
13904
14919
20806
19039
23457
728
373
29
28202
28069
14551
8150
27478
10942
14786
728
225
2704
16
225
19436
13
1377
225
22658
26997
27950
203
298
3999
12578
711
23
24640
5460
21058
25029
21452
9718
27391
728
373
27
25268
28208
16035
26709
28026
26122
14575
728
225
10942
16
225
16649
13
1377
225
17078
203
298
3999
12578
711
23
24640
5460
21058
25029
21452
9718
27391
728
373
27
25268
28208
16035
26709
28026
26122
14575
728
225
10942
16
225
16649
13
1377
225
16611
15213
27745
203
7203
4099
341
840
4889
1880
1360
1019
16
713
724
436
1804
61405
382
25790
277
17754
341
386
277
1058
730
341
352
265
1497
1154
16
689
724
5209
1864
26949
53786
18
22547
361
386
277
1058
730
1196
569
1497
1219
37438
420
2687
37438
18
1563
4681
16
8696
277
1058
730
1196
361
1375
5640
5648
12578
711
23
24640
5460
21058
25029
21452
9718
27391
728
373
27
25268
28208
16035
26709
28026
26122
14575
728
225
10942
16
225
16649
13
1377
225
16611
15213
27745
203
7203
414
277
1749
730
1196
361
2761
1625
16
1013
1375
5640
5648
12578
711
23
24640
5460
21058
25029
21452
9718
27391
728
373
27
25268
28208
16035
26709
28026
26122
14575
728
225
10942
16
225
16649
13
1377
225
17078
203
7203
2608
386
2188
69488
382
23928
277
6219
302
28401
16
342
1761
277
1861
341
304
3138
277
38474
12989
306
1232
16
297
277
4377
16
2549
265
4889
34155
277
66504
18
2209
277
1756
36033
265
2363
2732
402
277
11116
1154
382
23928
277
16981
16
9916
10987
277
4309
4655
1333
352
386
2740
341
225
16611
15213
27745
16
306
386
277
225
17078
341
265
20511
18
8111
16
342
642
3138
277
38474
396
341
16
306
5752
386
411
6714
225
16611
15213
27745
352
386
2740
344
8781
1011
1265
277
1749
31579
1717
16
689
277
1058
31579
1011
2188
4759
680
2952
16
8696
277
1310
20155
341
1774
1094
778
304
277
1058
31579
35
2209
724
1392
1717
616
6292
16
713
1804
1998
1717
382
71093
16
8696
277
1756
56573
386
539
1196
14637
277
1154
304
1717
277
6292
396
2688
16
697
2767
539
1008
304
1265
277
1154
758
225
17078
352
386
2740
18
2586
539
1008
304
6313
954
38474
304
1091
8227
304
225
17078
18
3483
1011
361
6078
67730
16
689
8696
277
38474
674
265
11336
386
539
1008
304
7016
304
4475
277
4655
3032
18
2586
539
1008
304
1511
1065
11336
7815
277
38474
304
898
8227
306
6313
411
304
1091
8227
304
225
17078
18
2209
539
1907
1287
277
1641
4309
3032
18
2952
16
539
1387
2050
304
79382
499
277
852
2927
6292
30
1563
277
1310
402
25573
373
29413
24262
24326
28356
22590
12873
27880
728
373
22
12257
3966
15782
26179
14834
28920
23966
728
225
14919
16
225
12806
13
1377
225
20532
24215
28662
16
954
38474
1196
758
225
20532
24215
28662
18
1437
539
3138
4309
38474
16
642
411
758
386
35
99008
18
1563
277
2475
1310
16
225
22658
26997
27950
18
2586
592
954
38474
6714
1731
2911
16
1232
1850
4309
352
1731
18
5489
352
277
4658
1310
16
411
1196
758
2761
16
8696
225
16611
15213
27745
18
2586
8696
954
38474
341
4309
306
277
225
17078
341
6078
18
8111
16
539
530
14801
277
225
17078
35
2209
277
1310
4059
411
16
713
539
1998
1717
411
382
23928
277
24460
16
342
1761
277
1094
1528
5739
341
304
3138
277
38474
306
1232
16
297
277
2363
16
919
265
3364
1690
386
592
277
2740
14441
277
31579
16
758
225
17078
344
1833
1058
4655
680
957
642
1265
277
1058
31579
1717
16
306
277
1749
31579
642
4759
16
689
8696
277
1310
20155
341
516
1774
297
2833
1480
277
1058
31579
19553
306
277
1736
10995
35
41729
16
592
539
758
225
17078
16
277
1058
31579
19553
16
277
1736
10995
16
1232
277
1749
31579
16871
277
1656
2740
306
36033
225
16611
15213
27745
16
689
539
758
225
17078
16
713
411
18048
18
2586
1804
18048
4273
361
19347
382
59685
539
1265
277
1154
758
1497
2911
2387
366
910
8887
1889
16
689
4924
516
2731
382
27872
16
277
1094
18291
12841
341
386
277
1310
20155
341
62629
16
306
539
1196
1646
411
686
18
2209
396
387
8202
16
539
1008
304
6496
265
4377
382
23928
277
9460
16
9745
539
1196
3138
277
1154
396
4546
344
50613
38474
13
306
516
12971
819
277
1310
29410
1480
277
1756
642
516
3757
1774
277
2292
35
2209
724
1392
1717
616
6292
382
25790
277
1756
341
1347
387
21633
1181
386
642
1774
277
3419
2292
1154
18
1437
954
1154
18048
16
277
1181
642
1729
411
396
18765
18
2586
539
1998
6496
265
1154
386
19553
277
2292
396
5448
382
23928
277
133336
16
342
18294
386
277
31579
1310
341
265
20511
16
306
277
4309
4655
1333
341
277
730
386
8615
3735
344
16611
15213
27745
680
8111
16
539
1196
14637
277
2292
1154
304
5909
277
1058
31579
420
2312
969
4655
1333
18
2209
539
436
5584
516
304
14637
277
6292
18
2952
16
8696
373
5677
4222
59947
5533
213288
1304
13244
304
277
6292
5451
277
2292
1154
35
2491
8696
411
2767
539
1196
516
14637
277
1310
4027
386
436
2688
297
277
194863
35
461
18017
341
56317
18
887
4060
373
5677
4222
59947
5533
213288
1304
1325
277
2363
2732
18
887
2428
2676
386
539
1196
516
14637
277
1154
16607
306
194863
16
689
539
530
14637
277
6292
35
41729
16
411
4060
373
3039
1196
18523
277
2363
385
11116
297
265
127068
2363
2732
344
22310
642
61694
277
4607
5442
118742
957
10334
386
539
436
304
6754
277
4607
5442
402
954
7878
16
306
277
6292
344
1833
2292
1154
13
436
8156
306
1196
516
361
11116
18
2586
539
1998
2553
277
2292
1154
396
341
382
23928
386
16
539
1998
6496
265
1154
386
19553
277
2292
396
341
18
7517
277
2292
341
73411
16
539
2428
1008
304
3271
265
1154
386
2837
6714
225
20
35
3483
1011
4759
277
2024
6292
382
25790
277
9444
4377
341
304
911
265
1497
4158
30
687
52448
2761
35
2209
277
2746
5563
25485
382
19477
316
195488
277
2746
30
4716
5463
297
648
2258
21
16
1033
22
65
402
14387
4455
1360
1219
37438
306
2687
37438
18
957
341
265
16013
14387
38474
2746
18
461
38474
342
8089
341
4350
18
887
1196
831
382
25790
277
38474
674
265
11336
1480
539
436
1347
312
625
28090
366
265
1154
386
10549
366
3285
37438
16
697
530
361
778
304
2687
37438
16
689
539
436
60860
890
699
37438
1518
2687
37438
18
2952
16
539
2188
1465
65293
402
3285
37438
778
304
2687
37438
18
9405
6772
382
2608
903
341
265
3242
11336
30
610
277
77647
16
539
436
516
14303
277
5879
1794
304
65293
31
539
436
1347
277
12688
6307
5879
18
9405
6772
1480
5879
341
5047
297
277
12688
1154
382
2608
903
341
265
202267
30
2973
13334
341
7143
16
539
17208
4753
351
853
5311
808
74686
23923
2209
592
539
436
468
265
2413
1207
277
5879
674
265
14387
16
306
539
569
3402
11339
265
14387
2336
936
5879
74686
65
468
387
7977
2413
16
13334
7883
8077
18
9405
23626
382
8311
16
1994
277
1690
890
5879
674
6152
53432
35
3557
297
954
1690
382
23928
277
38474
5563
4309
16
2964
40671
304
4915
386
277
1310
16233
352
277
2927
6292
436
4309
306
954
38474
341
4309
18
8111
16
277
66504
1998
361
2920
304
2761
1625
30
8696
277
1310
20155
4059
910
6292
386
436
516
10439
304
361
1774
16
1013
277
31579
341
37038
686
35
2209
1850
516
37038
382
25790
277
1756
674
265
1497
3478
302
277
2746
1207
277
1154
1227
341
1497
16
306
724
41858
118945
277
6078
2292
18
2209
539
1998
3032
382
23928
277
845
16
9916
3138
277
38474
396
341
16
306
1232
919
265
3364
1690
304
758
225
17078
352
277
3018
2740
592
1850
277
1058
31579
16
306
758
225
16611
15213
27745
352
277
1749
31579
35
2209
277
1154
4445
758
1217
1497
2911
352
277
1656
2740
382
59685
539
911
265
4188
6307
304
4671
3473
539
436
297
277
1058
420
1749
31579
35
9405
16474
93
382
25790
539
530
14637
277
1154
304
758
277
1333
302
225
17078
352
277
1058
31579
306
225
16611
15213
27745
352
277
1749
31579
498
15990
910
8887
7273
1013
277
1465
1682
35
2209
4924
516
12763
382
23928
277
133336
16
342
1761
277
1861
341
304
10987
386
277
31579
341
265
20511
306
277
4309
4655
1333
341
225
16611
15213
27745
16
306
386
277
1058
31579
341
516
3757
766
302
277
1310
344
50180
1850
265
4889
297
277
4607
689
5478
80199
680
610
277
2363
16
277
1058
31579
341
387
3999
16
689
8696
1850
12762
304
361
265
4889
35
16205
468
277
36915
30
1968
5640
298
3999
12578
711
29413
24262
24326
28356
22590
12873
27880
728
373
22
12257
3966
15782
26179
14834
28920
23966
728
225
14919
16
225
12806
13
1377
225
20532
24215
28662
203
298
3999
12578
711
29
28814
27353
13904
14919
20806
19039
23457
728
373
29
28202
28069
14551
8150
27478
10942
14786
728
225
2704
16
225
19436
13
1377
225
22658
26997
27950
203
298
3999
12578
711
23
24640
5460
21058
25029
21452
9718
27391
728
373
27
25268
28208
16035
26709
28026
26122
14575
728
225
10942
16
225
16649
13
1377
225
17078
203
298
3999
12578
711
23
24640
5460
21058
25029
21452
9718
27391
728
373
27
25268
28208
16035
26709
28026
26122
14575
728
225
10942
16
225
16649
13
1377
225
16611
15213
27745
203
7203
4099
341
840
4889
18
2209
8696
277
1058
730
341
265
1310
352
265
1497
1154
16
306
277
1749
341
277
4309
730
18
2491
9745
277
1058
730
341
352
265
1497
2783
689
724
41858
45089
277
1656
2783
382
23928
277
4619
16
342
1761
1850
6085
304
10987
386
277
9444
4309
3032
341
225
16611
15213
27745
16
306
277
225
17078
341
265
83092
499
265
1497
1310
18
8111
16
342
642
3138
277
38474
12989
16
306
1232
16
304
4928
277
8221
366
277
1058
31579
16
342
1387
14637
277
2292
1154
35
2209
539
4445
382
20822
16
8696
277
2292
1154
341
516
766
302
277
2522
10393
31
1850
1060
352
471
304
1310
18
461
1756
4060
373
8940
2292
38460
129966
2907
184257
13
304
1774
6292
1304
3483
18372
539
1196
1774
411
15144
16
689
277
2522
3032
341
1060
277
1154
18
461
6292
436
3419
352
471
304
13561
954
7878
18
2586
539
436
6751
304
14637
277
6292
35
461
12759
4060
373
5677
4222
59947
5533
213288
1304
3483
4164
2767
539
1196
516
2312
277
1310
2363
16
689
539
530
2188
1774
411
304
1565
592
954
1154
19553
18
1437
411
4007
16
539
1008
304
7016
277
1154
3369
411
19553
18
2586
277
2292
1154
341
277
1310
20155
386
539
1998
22465
18
2586
539
1998
1265
277
1154
1717
616
1731
61405
382
23928
277
73411
61405
16
9745
277
1756
36033
471
304
7925
277
31579
306
13534
386
730
302
1019
341
6078
16
306
1232
7016
277
1310
35
2209
539
436
5584
516
304
14637
277
6292
18
2586
8696
539
1196
10987
386
277
1058
31579
341
4309
306
277
1749
341
265
20511
16
420
18742
41837
18
8548
730
341
717
4164
35
461
1058
31579
8615
7977
297
277
1568
16
713
1850
717
4164
304
361
277
9444
730
16
306
277
1749
341
265
20511
344
106983
680
2952
16
277
1058
730
341
225
17078
16
697
341
1586
2164
5071
304
277
852
2927
1310
2527
18
461
852
2927
1310
2527
436
2239
225
22
18
25
73
28
306
225
22
18
29
73
28
18
2586
225
17078
341
387
106292
18
8111
16
1850
717
4164
386
225
17078
341
265
20511
344
50180
499
265
1497
1310
1690
680
461
1749
31579
225
16611
15213
27745
341
297
277
1656
2783
396
277
3575
344
21
18
25
73
28
7248
225
22
18
25
73
28
16
225
22
18
29
73
28
680
2586
411
22700
277
4619
18
7893
16
342
1761
277
1058
31579
344
17078
13
341
387
2615
16
306
277
4309
4655
1333
352
386
2740
341
225
16611
15213
27745
18
8111
16
277
2292
1154
396
5448
674
387
74052
3999
18
7517
539
4273
14637
277
6292
16
539
4273
7016
411
18
2209
9745
539
530
831
2239
498
3130
954
1154
758
265
1333
386
34494
1804
61405
35
3483
341
13861
18
2952
16
8696
277
2292
1154
341
516
3757
15474
498
277
125888
31
1850
1060
352
471
304
1310
20845
18
461
2522
3032
341
277
1154
8559
16
306
277
125888
642
1774
969
1902
8887
6292
18
461
3419
2292
341
1060
352
33351
18
610
1451
17673
9010
13494
16
277
2746
6434
4059
5810
1310
4027
16
306
277
2363
28725
4059
265
1154
304
1310
18
461
1756
2428
569
31862
277
2746
6434
306
5101
277
5810
6292
297
277
2363
18
610
1175
4027
16
277
5810
6292
436
516
766
302
277
10393
31
724
436
1060
352
471
304
1310
18
461
5772
10393
5119
8887
6292
18
2586
539
1060
1008
304
3138
277
1154
12989
3308
304
277
194863
16
306
277
5810
6292
344
15519
277
31579
13
2428
361
903
352
471
304
13561
16
689
539
436
6751
304
569
29410
366
1019
592
724
436
6078
35
2209
277
12759
4060
373
10112
616
277
6292
1304
2586
539
1998
1717
1019
382
23928
277
61531
16
342
1761
277
1861
341
304
3138
277
38474
12989
306
5752
386
277
125888
494
8887
6292
436
10358
402
277
38474
18
461
3419
2292
2428
569
265
20511
16
689
539
4445
7016
411
18
2952
16
396
387
8202
16
342
1008
304
6496
265
4377
386
19553
277
2688
2292
18
7517
342
4273
5827
697
4655
1333
341
4309
16
342
2428
1008
304
3271
265
4377
386
19553
1804
498
19210
265
1333
386
14441
1804
35
3557
2731
382
25790
342
530
3138
277
38474
306
1232
16
297
277
1154
16
592
277
2740
14441
277
31579
16
758
225
17078
344
1833
1058
4655
13
306
851
867
910
4188
304
14801
277
1749
3999
35
2209
277
1749
3999
642
2188
1774
306
4759
382
59685
277
2292
1154
341
516
15474
396
265
4425
31
8696
1850
1094
352
30678
306
277
5772
1310
35666
1414
2761
1625
18
2209
277
1756
19986
4060
373
8940
2292
38460
129966
2907
184257
13
304
1774
6292
1304
2586
724
31786
304
1774
411
382
23928
277
131302
16
342
1761
342
642
10987
386
277
4309
4655
1333
341
225
16611
15213
27745
16
306
386
277
1058
31579
341
265
20511
18
8111
16
342
642
3138
277
38474
12989
16
306
1232
16
304
4928
277
8221
366
277
1058
31579
16
342
642
14637
277
2292
1154
35
2209
342
4273
382
20822
16
8696
342
530
14637
277
1154
304
758
265
1333
386
341
225
17078
890
2988
499
277
1058
31579
306
225
16611
15213
27745
890
2988
499
277
1749
31579
498
1347
910
22917
1013
97045
277
1465
9144
304
1565
697
1880
341
11551
35
9405
2502
16474
93
306
72510
382
23928
277
9460
16
342
1761
277
1094
39402
4158
341
304
3138
277
38474
12989
306
1232
16
297
277
2869
16
2483
277
2363
18
1437
277
1756
3735
16320
386
411
4007
1717
277
2292
16
724
2428
13534
277
31579
2615
306
7016
411
18
2209
396
387
8202
16
342
1008
304
2483
265
4377
382
36795
11536
402
17713
277
38474
396
342
569
16
697
5563
4309
18
9916
3271
277
2363
382
10917
16
277
1756
5180
386
277
3733
5842
7935
277
6292
18
461
3733
5842
540
277
1058
38474
342
8089
344
1833
730
402
699
872
502
351
13334
306
344
72
1377
4753
11499
3483
38474
4164
7935
366
277
1058
31579
1480
411
8938
2761
1625
344
70419
225
16611
15213
27745
680
2586
277
2615
3270
540
387
40439
2615
366
277
1058
31579
18
3483
10334
386
922
38474
8938
2761
516
6792
304
225
17078
18
887
4164
8938
225
16611
15213
27745
420
910
852
1435
18
2586
277
38474
341
4309
16
306
277
1310
36033
225
17078
16
697
341
6078
18
8111
16
342
1196
6313
277
38474
304
758
225
17078
352
386
2740
35
2209
386
1011
361
6078
67730
382
25790
277
38474
674
265
11336
386
7815
411
304
758
225
16611
15213
27745
352
386
2740
16
306
277
1310
36033
225
17078
1480
724
1587
265
1497
3032
344
50180
724
1587
277
1682
68437
2761
1625
76367
2209
277
68437
341
225
622
66
29
15
27
16
697
341
277
1656
382
20822
16
277
4655
3032
225
16611
15213
27745
341
2336
936
28157
16
713
1850
277
68437
1193
18
225
17078
341
851
2336
936
28157
18
11243
1387
361
68437
2527
18
2586
277
38474
2428
361
4309
16
306
277
1310
36033
225
17078
16
689
277
4309
3032
341
225
16611
15213
27745
18
2586
277
1310
341
6078
18
610
1175
265
6056
16
342
1387
14801
277
1310
35
2209
277
12759
4060
1717
616
6292
382
25790
277
2746
341
386
277
38474
341
516
13667
277
5879
12989
1480
302
277
1528
539
7046
1033
21
17
21
304
1794
18
1563
1033
21
351
373
23
24640
5460
21058
25029
21452
9718
27391
728
1033
21
10013
506
225
21
351
225
23
24640
5460
21058
25029
21452
9718
24653
18
461
1794
11183
341
373
23
24640
5460
21058
25029
21452
9718
24653
3210
2952
16
6035
386
1033
21
674
225
1336
27740
18
1033
21
17
21
851
674
225
1336
27740
16
689
592
1033
21
846
373
21
937
728
1033
21
17
21
351
373
4542
728
697
674
17156
27740
18
5641
38474
352
1682
26649
5912
711
4542
2191
642
911
4354
225
23
16
306
642
1682
5463
499
225
20
304
225
4542
18
9405
4309
18
2209
903
341
265
202267
30
1563
1682
26649
5912
18075
22
733
539
911
4354
6441
18075
22
680
1563
1682
26649
5912
18075
21
17
21
733
539
911
4354
6441
14964
18075
21
10013
17
21
11499
1437
1033
21
674
6152
53432
35
3557
382
8311
16
1994
277
1690
1207
1033
21
674
717
27740
936
1033
21
17
21
35
1563
2024
16
1033
21
508
21
937
728
1033
21
17
21
508
4542
3210
461
4354
35864
18
9405
6772
1480
539
436
27946
5463
499
225
20
304
225
4542
352
1682
21
16
306
499
225
20
304
1033
22
352
1682
22
18
461
5463
499
225
21
937
304
1033
22
436
1731
297
1682
22
689
516
297
1682
21
18
957
4229
1480
1682
21
4059
5463
778
304
225
4542
16
306
1682
22
4059
5463
778
304
1033
22
16
697
4059
225
21
937
306
2946
18
2586
68993
22699
5463
499
225
21
937
304
1033
22
18
2586
1850
4309
382
27872
16
38474
341
4309
382
23928
277
2946
16
342
1761
277
1861
341
304
3271
277
38474
2363
396
341
16
306
5752
386
277
125888
5119
1497
6292
18
9916
2483
277
2363
382
2608
277
1756
1392
373
9037
3733
5842
7935
277
6292
18
19426
277
2615
30
4074
95719
2466
3210
2586
724
1587
471
304
7016
277
1154
304
1717
277
6292
18
2227
4746
3034
471
304
13762
277
6292
18
2586
539
1998
6313
277
1154
304
1717
277
6292
396
2688
18
7517
277
6292
436
73411
16
539
1998
11135
697
304
22465
18
22977
277
9444
4309
3032
341
225
17078
16
306
277
1749
31579
341
265
20511
344
50180
724
10439
304
569
265
1497
2783
680
610
386
1690
16
539
1008
304
1265
954
1154
758
225
17078
352
386
2740
18
3483
2767
539
1008
304
1091
8227
18
8370
1011
954
38474
898
8227
35
14812
539
436
27946
5463
402
6152
53432
386
1196
516
361
33649
35
2209
277
2024
6292
2549
5463
402
17156
27740
16
713
724
1196
361
33649
382
19477
1310
277
11236
402
265
4081
1690
1207
277
2783
4059
5463
402
1497
14387
31051
18
1563
2024
16
1033
21
508
1296
728
1033
22
508
2393
728
1219
37438
33
21
16
2687
37438
33
21
18
8548
5463
569
14387
4455
225
21
35
2227
436
30
225
21
16
622
16
1296
16
21
937
35
41729
778
304
225
2393
30
225
21
16
622
16
1296
16
851
225
21
937
341
1518
2393
18
6755
225
1296
35
225
1296
4455
33
21
18
6755
225
22
35
4455
33
22
516
18
2586
5463
30
225
21
16
622
16
1296
18
6755
225
1296
35
12035
18
6755
225
21
937
35
840
18
6755
225
1296
35
5101
18
2586
1682
1196
361
225
23
18
16473
17208
402
954
38474
30
1682
26649
5912
711
2393
2191
506
1682
26649
5912
711
959
5105
1682
26649
5912
711
2393
2191
4059
5463
225
20
568
2393
18
36902
402
4455
21
30
225
21
16
622
16
1296
18
6755
225
21
937
35
840
18
6755
225
1296
35
12035
18
6755
225
21
35
12035
18
6755
225
622
35
12035
18
6755
225
1296
35
12035
18
2586
1682
26649
5912
711
2393
2191
1196
361
225
23
344
13828
8696
225
20
35
840
680
41729
851
225
1296
35
4455
21
18
6755
225
21
937
35
840
18
6755
225
1296
35
33649
18
6755
225
21
937
35
840
18
2586
225
23
18
1682
26649
5912
711
959
2191
4059
5463
225
20
568
959
18
36902
402
4455
21
30
225
21
16
622
18
6755
8696
225
1296
35
840
18
2586
1682
26649
5912
711
959
2191
351
22
18
2586
3032
351
21
35
26128
225
23
17
22
33
21
35
9405
6078
18
16473
996
34239
30
1682
26649
5912
711
2393
2191
4059
5463
225
20
568
2393
18
8548
5463
569
14387
4455
225
21
35
16473
1568
30
225
21
344
5421
21
733
225
622
344
5421
21
733
225
1296
344
5421
21
680
6755
225
21
937
35
1518
2393
18
6755
225
1296
35
12035
18
6755
225
21
35
12035
18
6755
225
622
35
12035
18
6755
225
1296
35
12035
18
2586
225
23
5463
18
1682
26649
5912
711
959
2191
4059
5463
225
20
568
959
18
8548
5463
569
4455
21
35
225
21
306
225
622
18
2586
225
22
5463
18
2586
5463
499
225
1296
304
225
2393
402
4455
21
30
1094
225
1296
18
2586
3032
1196
361
225
21
18
5641
38474
6632
225
21
18
9177
382
8311
16
1065
819
1033
21
508
21
728
1033
22
508
1296
728
1219
37438
33
21
16
2687
37438
33
21
18
36902
402
4455
21
30
225
21
16
622
16
1296
18
6755
8696
225
21
937
35
1518
1296
18
2586
225
23
18
1682
26649
5912
711
1296
2191
506
1682
26649
5912
711
20
2191
351
1682
26649
5912
711
1296
2191
506
225
20
18
1682
26649
5912
711
1296
2191
1196
361
225
23
18
5641
38474
1196
3050
225
23
18
16473
1310
20488
30
1682
26649
5912
711
1296
2191
4059
5463
225
20
568
1296
18
36902
402
4455
21
30
225
21
16
622
16
1296
18
6755
8696
225
1296
35
12035
18
2586
225
23
18
9177
382
8311
16
1994
265
1690
1207
277
2783
4059
5463
402
6152
53432
386
4850
304
5463
402
17156
27740
18
5641
38474
19720
1019
12989
382
23928
386
16
2964
19814
277
38474
341
4309
382
27872
16
277
1310
8221
1998
361
2920
304
387
2615
297
277
1310
18
7517
539
4273
14637
277
1310
16
9745
539
530
919
265
4550
297
954
1154
304
5628
277
3018
2740
306
758
277
4655
1333
386
14441
277
1310
494
32791
18
2209
539
1008
304
11135
697
730
382
23928
386
277
1756
6974
387
40439
2615
366
277
1058
31579
16
8696
724
2364
471
304
7016
277
38474
713
386
411
6714
225
17078
352
386
2740
18
2209
3097
1011
277
4309
3032
361
225
17078
35
16473
2050
304
17208
277
3032
352
386
2783
1347
265
88934
99677
352
265
7922
3478
304
1565
592
225
17078
341
52298
18
1283
4445
382
25790
277
38474
674
265
11336
386
7815
411
304
898
8227
498
265
5980
16
306
277
4309
1682
341
225
17078
18
1437
539
530
5782
277
11336
16
539
530
7016
411
304
758
225
17078
18
2209
539
1907
1287
277
4309
1682
382
23928
277
845
16
342
1761
277
71070
341
304
3138
277
38474
12989
306
1232
16
297
277
2869
16
6035
386
903
341
265
66504
297
277
1310
20155
306
3420
386
277
1756
13561
277
4655
2911
18
2209
277
12759
4060
304
3138
277
1154
306
1717
616
6292
18
342
1008
304
6496
2363
382
23928
277
133336
16
9916
10987
386
277
4309
4655
1333
352
277
31579
341
225
16611
15213
27745
16
306
386
277
1058
31579
341
265
20511
18
8111
16
342
642
3138
277
38474
12989
18
1437
277
1756
10424
277
2292
306
411
18048
16
724
2428
13534
277
31579
306
4309
411
382
36795
2483
277
38474
2363
396
922
2522
3032
18
255011
255012
3080
14487
300
1847
1682
129966
2907
184257
18075
21
30
1284
16
1033
22
30
1284
16
1219
37438
30
853
16
2687
37438
30
853
13
2649
853
638
298
28157
351
225
622
478
29
692
225
27
300
298
905
4716
5463
1150
297
648
20
16
5879
65
7305
14387
4455
15245
297
648
1386
37438
16
2687
37438
1391
298
917
1682
26649
5912
5311
808
30
1284
13
2649
853
638
348
307
351
6441
5311
808
994
348
499
136060
1250
312
625
28090
300
348
1029
80
625
28090
20399
6118
15298
465
348
917
65293
40815
30
853
16
13334
30
4989
16
3285
37438
30
853
13
2649
853
638
454
592
912
1377
307
638
615
758
225
21
592
1219
37438
6758
3285
37438
6758
2687
37438
1625
225
20
300
454
4753
351
853
5311
808
74686
6577
592
13334
1625
225
29
203
454
2983
351
225
20
203
454
352
282
297
2783
124651
692
225
21
2407
615
699
872
502
351
13334
306
344
72
1377
4753
465
615
699
37438
351
3285
37438
692
282
203
615
592
699
37438
1518
2687
37438
638
828
4622
203
615
2983
351
344
12815
692
65293
40815
692
225
21
16
699
872
502
16
699
37438
1149
1577
28157
203
454
758
2983
300
348
758
65293
12
20
16
7143
16
225
20
994
298
905
36902
297
648
2258
21
16
1033
22
65
351
1682
26649
5912
18075
22
13
506
1682
26649
5912
18075
21
17
21
465
298
1682
22
351
1682
26649
5912
18075
22
994
298
1033
21
10013
351
853
18075
21
465
298
592
1033
21
10013
1377
225
20
638
348
1682
21
351
225
20
203
298
1625
638
348
1682
21
351
1682
26649
5912
14964
18075
21
10013
506
225
21
12319
298
758
344
8227
22
506
1682
21
13
1577
28157
300
3080
255013
255001