255000
255004
255012
8928
9460
436
2837
304
361
7528
306
4273
361
86428
498
13845
1181
420
1756
14134
638
17
1532
642
3032
10855
352
11828
16
29845
16
420
12077
2269
4131
304
6126
12283
18
1532
642
516
2483
2269
386
341
20243
420
1387
361
1161
304
3866
7431
382
8928
9460
8490
396
593
31768
16
689
724
530
361
86428
297
13845
1181
420
1756
14134
638
17
4520
1227
341
5464
28760
7654
388
17
1532
436
265
2927
4001
2045
6120
498
169990
422
382
7
15420
24293
203
3080
4605
203
63
300
1391
3080
255013
255001
255000
255002
255012
6534
277
2165
1154
16607
306
194863
16
7095
3138
277
1154
4546
306
1717
616
277
6292
18
1995
5677
4222
59947
5533
213288
28430
3039
1196
18523
277
2363
385
11116
297
265
127068
2363
2732
344
826
22057
13
344
22310
642
61694
277
4607
5442
994
5640
3161
23225
1250
3914
2390
1847
4455
9414
12932
25394
1615
31098
56046
30
3914
37990
2315
399
30
853
13
2649
853
638
298
11192
18750
387
11795
4173
27166
306
265
4898
11795
399
16
12450
277
4455
302
16751
203
298
302
616
10037
1860
302
27166
18
461
2136
302
265
138394
341
5047
396
277
1435
302
203
298
969
10037
1860
386
4455
304
399
388
2458
298
7448
277
4455
68437
225
622
66
29
692
225
27
388
2458
298
35685
638
348
27166
30
3914
302
32088
1207
225
21
6758
6441
56046
13
6758
225
1296
306
225
21
6758
27166
2943
65
6758
225
622
66
24
203
348
399
30
19773
4455
1207
225
21
6758
399
6758
225
1296
19964
298
11341
638
348
461
4455
302
16751
302
616
10037
1860
68437
225
622
66
29
692
225
27
19964
298
25436
4455
9414
12932
25394
1615
31098
6336
21
16
225
22
16
225
23
2315
225
23
465
298
225
26
203
298
25436
4455
9414
12932
25394
1615
31098
6336
22
16
225
23
16
225
23
2315
225
25
465
298
225
24
203
298
25436
4455
9414
12932
25394
1615
31098
6336
21
16
225
22
16
225
23
2315
225
27
465
298
225
20
203
298
33328
1847
2292
180005
2407
298
905
18632
1310
4027
499
7120
203
298
3999
12578
6336
21
16
225
22
16
225
23
2315
225
23
13
1377
225
26
203
298
3999
12578
6336
22
16
225
23
16
225
23
2315
225
25
13
1377
225
24
203
298
3999
12578
6336
21
16
225
22
16
225
23
2315
225
27
13
1377
225
20
19964
298
905
18288
2479
1310
203
298
3999
12578
6336
21
2315
225
21
13
1377
225
21
19964
298
905
22708
1310
4027
203
298
3999
12578
6336
25
16
225
21
2315
225
25
13
1377
225
22
203
298
3999
12578
6336
27
16
225
25
16
225
622
16
225
28
16
225
22
16
225
23
16
225
26
2315
225
24
13
1377
225
20
203
298
3999
12578
6336
29
16
225
622
16
225
22
16
225
21
16
225
29
16
225
25
16
225
29
16
225
27
16
225
25
2315
225
22
13
1377
225
6008
203
298
3999
12578
6336
25
16
225
28
16
225
28
2315
225
21
13
1377
225
20
203
298
3999
12578
6336
21
16
225
23
16
225
27
16
225
28
2315
225
21
13
1377
225
28
203
298
3999
12578
6336
28
16
225
21
16
225
21
16
225
28
16
225
27
2315
225
22
13
1377
225
28
203
298
3999
12578
6336
23
16
225
1145
16
225
22
16
225
27
2315
225
1145
13
1377
225
27
203
298
3999
12578
6336
29
16
225
26
16
225
24
16
225
26
16
225
28
2315
225
29
13
1377
225
902
203
298
3999
12578
6336
22
16
225
25
16
225
25
16
225
21
16
225
25
2315
225
26
13
1377
225
1199
19964
298
905
89978
1310
4027
203
298
3999
12578
6336
1748
16
225
3124
16
225
7537
16
225
29
16
225
1691
16
225
902
16
225
1530
16
225
1748
16
225
5477
16
225
1948
16
225
22
16
225
5569
16
225
2281
16
225
1691
16
225
992
16
225
1199
16
225
7563
2315
225
3723
13
1377
225
2394
22380
19964
298
905
4720
402
616
1656
2911
203
298
3999
12578
6336
28
65
535
225
1296
16
225
992
13
1377
225
20
19964
298
905
25629
1310
4027
402
4655
19237
203
298
27166
21
351
648
28
16
25
16
26
16
29
16
28
16
26
16
25
16
26
16
23
16
622
16
22
16
22
16
23
16
24
16
26
16
24
16
24
16
622
16
22
16
25
16
22
16
28
16
25
16
21
16
21
16
21
16
24
16
23
16
22
16
21
16
24
16
622
16
25
16
29
16
23
16
24
16
25
16
23
16
29
16
622
16
24
16
29
16
28
16
24
16
25
16
24
16
27
16
26
16
28
16
25
16
29
16
23
16
28
16
22
16
28
16
29
16
23
16
27
16
21
16
21
16
23
16
21
16
22
16
22
16
622
16
22
16
22
16
28
16
22
16
25
16
24
16
29
16
24
16
28
16
28
16
22
16
622
16
21
16
622
16
23
16
24
16
25
16
23
16
622
16
29
16
29
16
25
16
22
16
29
16
26
16
27
16
26
16
622
16
622
16
25
16
622
16
29
16
23
16
28
16
23
1391
298
3999
12578
56046
21
16
225
740
13
1377
225
18981
20113
13060
19964
298
27166
22
351
648
948
16
2127
16
2072
16
1952
16
3284
16
4868
16
7713
16
1120
16
959
16
992
16
1592
16
3284
16
2196
16
2014
16
3671
16
6419
16
21
16
7537
16
2455
16
1068
16
4868
16
29
16
1068
16
1952
16
1960
16
3304
16
1028
16
1710
16
24
16
7563
16
2281
16
2455
16
902
16
7366
16
902
16
5477
16
7421
16
2014
16
1592
16
5293
16
2193
16
2394
16
3304
16
3523
16
883
16
1339
16
5293
16
1592
16
22
16
23
16
2517
16
696
16
7726
16
6548
16
6419
16
1575
16
1057
16
1045
16
883
16
948
16
25
16
696
16
807
16
1068
16
740
16
2193
16
948
16
1793
16
1068
16
7521
16
2072
16
4405
16
2125
16
5293
16
22
16
7713
16
1960
16
4306
16
3298
16
7521
16
3501
16
1336
16
8028
16
1068
16
807
16
7421
16
1748
16
7726
16
1339
16
3523
16
622
16
3723
16
740
16
24
16
1793
16
963
16
3501
16
7563
16
1507
16
5095
1391
298
3999
12578
56046
22
16
225
1296
13
1377
225
21982
12827
16785
19964
298
27166
23
351
648
622
16
24
16
23
16
21
16
622
16
22
16
25
16
24
16
24
16
25
16
22
16
22
16
23
16
23
16
29
16
29
16
622
16
22
16
622
16
23
16
26
16
23
16
23
16
29
16
29
16
28
16
21
16
22
16
27
16
28
16
23
16
27
16
23
16
23
16
23
16
21
16
22
16
622
16
25
16
24
16
622
16
24
16
28
16
24
16
26
16
622
16
29
16
26
16
29
16
21
16
22
16
26
16
22
16
622
16
28
16
22
16
22
16
24
16
22
16
25
16
622
16
622
16
29
16
28
16
22
16
25
16
26
16
25
16
23
16
23
16
21
16
24
16
27
16
622
16
622
16
29
16
27
16
24
16
24
16
23
16
622
16
29
16
26
16
622
16
27
16
29
16
622
16
21
16
24
16
622
16
26
16
27
16
22
16
26
16
29
16
25
16
28
16
26
16
28
16
29
1391
298
3999
12578
56046
23
16
225
29
13
1377
225
17766
18248
22586
19964
298
27166
24
351
648
28
16
622
16
28
16
29
16
21
16
22
16
25
16
622
16
24
16
22
16
28
16
27
16
28
16
27
16
24
16
29
16
24
16
28
16
26
16
21
16
29
16
25
16
25
16
22
16
26
16
21
16
22
16
24
16
622
16
24
16
26
16
21
16
28
16
23
16
23
16
25
16
22
16
25
16
622
16
21
16
25
16
22
16
24
16
622
16
29
16
22
16
27
16
29
16
23
16
28
16
29
16
26
16
25
16
28
16
622
16
23
16
25
16
26
16
28
16
622
16
23
16
25
16
22
16
22
16
26
16
24
16
21
16
29
16
25
16
24
16
29
16
24
16
24
16
21
16
622
16
25
16
25
16
28
16
29
16
27
16
27
16
29
16
622
16
26
16
29
16
21
16
27
16
21
16
21
16
21
16
27
16
622
16
26
16
622
16
22
16
23
16
23
16
29
16
23
16
25
1391
298
3999
12578
56046
24
16
225
26
13
1377
225
24178
21435
11777
300
7
5904
2292
68768
9414
12932
25394
1615
31098
13
304
1774
6292
388
3080
255013
255001
255000
255003
255012
36231
748
122150
1008
304
7095
3138
4455
9414
12932
25394
1615
31098
56046
30
3914
37990
2315
399
30
853
13
2649
853
382
669
194863
30
373
23928
387
11795
4173
27166
306
265
4898
11795
399
16
12450
277
4455
302
16751
302
616
10037
1860
302
27166
18
461
2136
302
265
138394
341
5047
396
277
1435
302
969
10037
1860
386
4455
304
399
18
7448
277
4455
68437
225
622
66
29
692
225
27
2885
184433
30
1283
569
387
4173
27166
18
1563
1450
138394
344
77
3077
1278
22517
16
516
13375
72075
16
689
38633
1991
35
32468
138394
2767
265
22517
386
32125
1991
16
689
2650
539
436
11532
10037
1860
302
277
4173
344
7846
297
97102
4249
13
306
539
4455
16751
30
461
2136
302
265
138394
341
5047
396
277
1435
302
969
10037
1860
386
4455
304
399
18
2586
539
1008
304
1994
616
2731
10037
1860
302
27166
35
41729
373
1833
4455
302
16751
302
616
10037
1860
302
27166
6
2767
30
1563
1450
138394
330
344
1425
277
4607
4173
27166
733
539
17208
969
2136
30
277
1435
302
10037
1860
302
330
344
77
3077
1278
50104
302
330
13
386
4455
304
399
18
5489
4455
1131
16751
898
616
10037
1860
330
302
27166
18
7448
68437
225
21
73
29
15
27
382
2608
17034
30
373
19860
302
265
138394
341
5047
396
277
1435
302
969
10037
1860
386
4455
304
399
1304
2586
592
539
1863
265
2879
138394
344
7846
648
21
16
22
65
499
27166
13
1232
969
2136
341
277
1435
302
10037
1860
302
386
138394
386
4455
304
399
18
340
138394
302
265
138394
30
7400
1850
1060
265
22517
344
28281
19829
1991
689
2650
1991
4007
5002
352
4455
16
539
2489
396
22517
680
2586
1850
14381
30
1563
1450
22517
331
302
27166
16
539
1994
969
13556
304
277
2983
4455
18
2209
277
8559
341
516
5207
4455
898
50104
302
277
1435
302
50104
386
4455
304
399
35
16473
32012
382
6021
277
4607
4173
361
27166
302
4354
307
18
340
138394
341
839
22517
302
23864
344
28281
19829
1991
13
689
2650
539
1094
2081
819
44914
16
539
530
2489
411
396
839
22517
302
277
2182
22119
302
5463
344
5324
2731
69488
680
2209
277
4173
874
569
69488
31
10037
1860
436
5047
498
19408
23864
16
713
31579
2911
436
4800
9746
2387
366
2413
18
2586
539
2489
1450
2479
396
9746
344
23867
592
1656
1333
680
2586
903
436
225
22
38126
10037
1860
344
15519
8295
35
99008
8295
138394
35
12379
8295
138394
1682
35
461
2746
4060
373
3503
58257
728
7400
297
1175
4066
16
8295
138394
874
361
4800
35
2209
2136
30
1435
302
969
10037
1860
386
4455
304
399
18
461
8295
138394
674
840
10037
1860
344
22795
5513
8696
19767
32468
8295
138394
674
840
10037
1860
16
420
969
1094
138394
341
8295
18
2209
1414
8295
138394
4455
304
399
35
399
19105
21
16
713
840
18
2586
411
4007
11274
18
2952
16
277
8295
138394
494
2136
1011
361
225
20
18
2586
539
530
2549
420
29082
16
689
411
4007
5002
1480
2136
33
20
18
2586
539
530
14801
8295
138394
592
539
1587
382
8311
16
277
2983
4455
341
30
14610
1242
55
87913
648
82
25442
344
905
391
331
87913
330
804
4455
10210
13
351
399
452
15974
11650
330
341
265
138394
344
1191
22517
302
23864
733
306
331
341
265
138394
302
330
344
1191
22517
302
330
680
8598
386
331
530
361
8295
35
46916
4455
33
20
16
516
399
16
713
840
382
2110
1008
304
17208
492
19792
18
81843
30
307
6758
225
1296
16
27166
2943
65
6758
225
622
66
24
16
399
6758
225
1296
18
9405
18687
18
2209
225
22
66
1296
341
8730
16
713
539
1008
38474
382
2110
530
1761
302
1450
2479
1610
3673
516
297
330
16
420
297
330
18
2209
851
331
341
265
22517
302
330
18
2586
15837
539
436
27946
352
1450
8288
344
55
16
331
13
402
331
87913
330
87913
648
82
2315
4455
10210
13
351
399
18
461
2983
4455
341
277
1435
302
1175
15278
344
55
29949
13
1207
4455
10210
5791
79
18
3483
341
30
1563
1450
22517
331
302
648
82
65
402
4455
351
399
16
1682
1030
1451
40248
1403
330
302
331
903
436
344
77
3077
1278
330
1175
386
331
87913
330
87913
648
82
24299
306
1232
4455
898
331
18
8801
1450
331
28446
225
21
304
277
2136
302
839
330
386
5720
331
18
461
2983
4455
351
14610
1242
56
87913
648
82
2315
4455
10210
5791
79
97
344
1435
302
330
1175
386
331
87913
330
87913
648
82
65
15974
7551
302
330
7824
331
30
352
1450
2479
516
297
331
16
411
530
361
3673
297
330
420
516
297
330
16
713
225
22
2421
82
506
367
56
96
7342
2586
2983
4455
351
14610
1242
56
87913
648
82
2315
4455
10210
5791
79
97
225
22
2421
82
506
367
56
96
35957
6605
341
265
1687
31420
97102
5652
18
20987
16
277
2136
302
265
138394
330
341
277
1435
302
969
10037
1860
344
77
3077
1278
331
87913
330
13
386
4455
304
399
18
2586
115738
898
330
6632
1450
331
33649
3984
352
1450
330
386
5720
411
18
1533
330
341
839
225304
302
331
18
2586
2983
4455
351
12047
1242
56
30
4455
10210
5791
79
97
225
22
2421
82
506
367
56
96
35957
5790
402
7120
1375
14341
225
21
30
27166
351
648
21
16
22
16
23
2315
307
33
23
16
399
33
23
388
4246
34763
331
402
4455
225
23
638
17
648
21
16
22
65
344
6118
22
13
2649
225
22
2421
23
17
22
14883
22
66
21
33
22
203
17
648
23
65
344
6118
21
13
2649
225
22
2421
22
14883
24
203
17
648
21
16
22
16
117376
41729
648
21
16
22
65
306
648
23
65
436
277
1094
6299
35
6755
648
21
16
22
16
117376
4455
1518
23
18
648
21
16
117376
840
18
2586
2983
351
225
22
15
24
33
26
18
109339
3271
225
26
382
14341
225
22
30
27166
351
648
22
16
23
16
23
2315
307
33
23
16
399
33
25
388
56
50104
402
4455
225
25
638
17
648
22
16
23
65
344
47048
35
689
2911
225
22
306
225
23
13
4455
25
30
2278
436
1217
225
23
494
16
713
539
569
304
1994
23864
18
2586
50104
30
5857
225
22
306
730
302
277
225
23
494
18
2586
903
436
225
22
50104
302
2287
22
386
4455
304
225
25
344
22
306
1058
225
23
31
225
22
306
1749
225
23
680
6755
8696
648
25
128410
2523
18
2586
2983
331
494
351
225
22
388
2500
1450
331
302
2287
22
16
13556
351
225
22
2421
23
17
22
14883
22
66
21
33
22
18
2586
2983
351
225
22
14
22
33
24
18
17106
225
24
14441
382
14341
225
23
30
27166
15345
21
16
22
16
23
2315
399
33
27
18
2523
331
402
4455
225
27
16
3271
225
20
382
14341
225
24
30
27166
15345
21
2315
399
33
21
18
307
33
21
18
331
30
648
21
65
4455
33
21
16
2287
21
2649
225
22
2421
20
14883
21
18
17106
225
21
18
14441
382
14341
225
25
30
27166
15345
25
16
21
2315
399
33
25
18
307
33
22
388
56
50104
402
4455
25
638
17
648
25
65
2287
21
2649
225
22
2421
21
14883
22
203
17
648
21
16
117376
840
18
6755
648
25
16
117376
840
18
2586
2983
351
22
18
17106
225
22
14441
382
14341
225
26
30
27166
15345
27
16
25
16
622
16
28
16
22
16
23
16
26
2315
399
33
24
18
307
33
27
18
19100
4455
33
24
18
33289
30
225
27
16
25
16
622
16
28
16
22
16
23
16
26
18
47227
50104
4455
304
225
24
30
1094
648
22
16
22
35
689
1094
730
225
22
2315
648
24
117376
840
225
24
16
648
23
16
21
117376
840
16
648
22
16
117376
840
225
22
212181
225
22
15
106847
24
1094
225
22
15
22
689
1094
730
225
22
18
2586
5023
35
2209
3271
341
225
20
16
14441
382
14341
225
27
30
27166
15345
29
16
622
16
22
16
21
16
29
16
25
16
29
16
27
16
25
2315
399
33
22
18
307
33
29
18
19100
50104
4455
304
225
22
18
47227
30
648
22
65
344
30887
2479
225
22
680
6755
8696
648
21
16
21
128410
840
1217
225
21
494
18
2586
1094
331
351
648
22
65
344
6118
21
680
64428
351
225
22
2421
29
17
21
14883
22
66
28
33
6008
18
17106
225
6008
14441
382
14341
225
28
30
27166
15345
25
16
28
16
28
2315
399
33
21
18
307
33
23
18
2523
22517
4455
304
225
21
16
3271
225
20
382
14341
225
29
30
27166
15345
21
16
23
16
27
16
28
2315
399
33
21
18
307
33
24
18
4758
34763
4455
304
225
21
30
648
21
65
344
6118
21
680
64428
351
225
22
2421
24
17
21
14883
22
66
23
33
28
18
17106
225
28
14441
382
14341
225
622
30
27166
15345
28
16
21
16
21
16
28
16
27
2315
399
33
22
18
307
33
25
18
4758
34763
4455
304
225
22
30
1041
17
648
22
128410
5023
18
1041
17
648
21
16
21
65
344
27982
225
21
494
680
1882
1451
50104
302
23864
386
4455
304
225
22
35
2278
436
1217
225
21
494
18
2586
539
1008
304
5229
1217
302
277
2240
35
41729
4173
30
648
28
16
21
16
21
16
28
16
27
1807
118097
30
225
20
30
28
16
225
21
30
21
16
225
22
30
21
16
225
23
30
28
16
225
24
30
27
18
4758
34763
4455
304
225
22
30
5857
1804
225
21
494
344
63721
225
21
306
225
22
680
9405
730
22517
302
2287
22
18
6755
1387
539
569
648
22
128410
5023
18
2586
1094
730
331
344
6118
22
680
64428
351
225
22
2421
25
17
22
14883
22
66
23
33
28
18
17106
225
28
14441
382
14341
225
807
30
27166
15345
23
16
1145
16
22
16
27
2315
399
33
1145
18
307
33
24
18
4758
34763
4455
304
225
1145
638
17
648
1145
65
344
6118
21
13
344
2640
21
465
17
648
23
16
27
16
27
35
840
225
27
1094
3984
2315
648
23
16
992
35
2315
648
22
16
883
35
2315
648
23
16
22
16
27
16
25
35
2315
4115
18
6755
648
23
16
27
16
117376
840
18
648
22
16
117376
840
18
648
23
16
22
16
117376
4455
25
18
648
23
16
1145
128410
4455
696
18
648
27
16
117376
840
18
6755
648
23
16
22
16
27
16
25
128410
840
18
2586
1094
648
1145
65
8696
35
2209
851
648
23
16
27
16
27
65
516
2731
18
26128
851
648
22
16
117376
840
18
22547
903
361
648
23
16
22
16
117376
225
23
15
22
33
25
16
1008
225
740
16
516
903
18
2586
1094
648
1145
128410
2209
3271
341
225
27
16
713
903
1998
361
717
18
16473
17208
1347
10413
30
4455
898
331
402
4455
225
1145
302
225
22
2421
24
100611
56
96
7342
1437
1094
331
15345
1145
65
1232
13556
351
225
22
66
23
33
28
16
516
225
27
18
2586
903
1998
361
910
852
331
18
16473
2292
616
50104
4455
225
1145
30
8696
648
23
16
22
16
27
16
25
65
840
31
648
23
16
22
16
117376
4115
18
14812
648
22
16
117376
840
18
16473
1568
616
5015
30
225
23
16
1145
16
22
16
27
18
47227
50104
638
17
18288
30
225
23
344
23
733
225
1145
344
1145
733
225
22
344
22
733
225
27
344
27
680
2586
1094
225
1145
388
17
9830
30
344
23
16
1145
5791
696
31
344
23
16
22
5791
25
31
344
23
16
27
5791
622
31
344
1145
16
22
5791
1057
31
344
1145
16
27
5791
1199
31
344
22
16
27
5791
29
388
17
15955
30
344
23
16
1145
16
22
5791
1336
31
344
23
16
1145
16
27
5791
1592
31
344
23
16
22
16
27
5791
740
31
344
1145
16
22
16
27
5791
1670
388
17
15864
30
225
23
15
1145
15
22
15
27
33
1748
388
4892
840
852
22517
44914
304
225
1145
18
2586
3097
3271
225
27
35
16473
316
25735
277
2024
30
373
5648
12578
6336
23
16
225
1145
16
225
22
16
225
27
2315
225
1145
13
1377
225
27
3210
3483
341
2688
297
277
6292
18
2586
3673
954
16340
341
6078
16
420
903
341
2761
1625
18
22977
277
373
19860
302
265
138394
6
341
5047
21214
30
461
2136
302
265
138394
341
5047
396
277
1435
302
969
10037
1860
386
4455
304
399
18
2209
1232
373
5421
302
16751
302
616
10037
1860
302
27166
3210
3483
539
1645
18
2209
386
22699
225
28
352
492
1690
16
516
225
27
18
2586
8696
539
18391
2761
30
461
138394
330
5513
874
361
4800
396
265
373
3503
25394
6
302
27166
16
306
969
2136
19720
10037
1860
302
330
344
15519
330
5513
35
32468
12035
16
330
341
265
138394
302
330
680
2209
539
5101
330
396
265
22517
18
9405
6772
18
2586
277
2983
4455
1196
361
4455
1242
56
30
4455
10210
5791
79
97
225
22
2421
82
100611
56
96
7342
1563
648
23
16
1145
16
22
16
27
2315
307
33
24
16
331
15345
1145
65
6632
225
22
66
23
33
28
18
2586
4655
3271
1196
361
225
28
16
689
277
1310
4060
225
27
18
2586
3673
954
97102
62582
341
9546
2761
16
420
277
1310
674
265
20511
16
420
277
16340
302
138394
341
1497
344
50180
10037
1860
436
72075
35
32468
138394
530
361
1713
5031
29140
689
6848
297
17673
4066
724
2676
989
80221
35
2209
277
2746
4060
138394
16
306
724
1161
7120
1013
648
21
16
22
16
23
65
2649
225
26
14441
954
10413
18
16473
1310
648
25
16
21
65
2649
225
22
14441
18
2586
386
341
10358
18
2586
3097
1414
648
23
16
1145
16
22
16
27
2315
1145
3050
225
27
35
16473
17208
20488
8696
903
341
122221
30
461
4173
674
31579
35
2523
18
16473
35909
616
10037
1860
330
306
725
16751
304
1565
592
539
771
2983
225
27
382
1569
616
10037
1860
344
15519
8295
35
16473
14801
8295
396
2136
225
20
680
1563
1450
330
16
1682
1435
302
10037
1860
331
87913
330
1175
386
4455
10210
5791
79
33
1145
18
5489
4455
898
330
382
82
33
24
16
2983
225
22
66
24
506
225
21
351
225
883
1713
61226
10037
1860
382
61792
35909
1375
58029
30
225
20
30
23
16
225
21
30
1145
16
225
22
30
22
16
225
23
30
27
382
61792
1568
330
306
969
331
494
402
4455
225
1145
382
66355
304
17208
5502
30
4455
1242
55
97
34856
331
87913
330
30
4455
10210
5791
1145
680
957
25782
4455
1242
56
30
4455
10210
5791
1145
97
34856
330
30
331
87913
330
680
7517
1450
330
530
3451
4347
331
16
306
1450
331
33649
352
1450
330
386
5720
411
18
9405
7662
4455
1242
56
97
225
22
2421
82
100611
56
96
7342
2586
592
954
331
867
341
391
648
1145
65
452
1094
16
1232
2983
351
225
22
66
23
33
28
18
2586
3673
903
436
852
331
386
4455
304
225
1145
386
539
18391
16
420
277
27946
302
40248
1403
330
341
516
5207
225
22
2421
82
100611
56
96
105323
8801
890
539
1994
10037
1860
330
16
724
436
50104
302
23864
16
689
1414
277
1991
5002
35
2523
16
839
22517
302
23864
341
265
138394
18
2586
14233
1435
302
330
7824
331
341
225
22
2421
82
100611
56
96
7342
2586
386
1196
361
4309
382
19477
4638
18400
277
4173
30
648
23
16
225
1145
16
225
22
16
225
27
1807
22547
903
361
265
22517
4455
225
1145
1013
648
23
16
22
16
117376
225
23
15
22
33
25
1008
225
740
16
516
903
18
648
27
16
117376
225
27
15
106847
622
16
516
903
18
648
23
16
27
16
117376
225
622
1008
225
27
16
689
1094
730
225
27
18
2586
840
18
2586
3097
1310
4060
225
27
35
22977
277
138394
8559
4059
8295
35
2523
16
8295
4455
225
20
516
225
1145
18
22547
903
361
41576
19720
35
2523
382
25790
277
373
19860
302
265
138394
6
341
5047
396
277
1435
302
969
10037
1860
344
15519
5513
13
386
4455
304
399
16
689
539
1008
304
1994
277
138394
494
1902
373
19860
6
306
1232
4455
898
616
10037
1860
18
3483
539
1645
18
2209
8696
277
8295
138394
341
516
4800
396
265
138394
35
36443
8295
138394
341
4800
265
138394
18
2209
592
8295
341
516
4800
16
1232
330
530
361
8295
35
46916
330
494
2136
1011
361
1435
302
10037
1860
302
8295
386
4455
304
399
30
8295
138394
5513
35
4455
33
20
516
399
16
713
225
20
18
2586
840
1603
382
27872
2761
341
1115
382
19477
316
25735
277
2746
6434
30
373
23928
387
11795
4173
27166
306
265
4898
11795
399
16
12450
277
4455
302
16751
302
616
10037
1860
302
27166
18
461
2136
302
265
138394
341
5047
396
277
1435
302
969
10037
1860
386
4455
304
399
1304
22547
903
361
236759
30
461
373
19860
302
265
138394
6
2428
361
5047
396
277
1435
302
10037
1860
302
277
4607
4173
386
4455
304
399
306
436
12359
2223
386
138394
35
9405
1065
539
1645
382
25790
724
1994
277
138394
330
5513
16
306
1232
1682
277
1435
302
10037
1860
302
27166
386
4455
304
399
306
436
6792
304
330
35
3483
4007
1265
5258
382
71093
16
9745
724
8483
277
2136
302
265
138394
396
277
1435
302
4781
304
5857
265
138394
302
27166
386
44914
304
399
16
306
386
138394
341
7662
277
2688
138394
35
3483
1011
361
39154
382
23928
386
1210
7120
4475
954
11470
10413
16
6329
492
730
16
8696
277
1310
341
6078
35
2209
1850
297
277
3419
6292
18
16473
4638
18400
277
1310
1880
30
373
5648
12578
6336
23
16
225
1145
16
225
22
16
225
27
2315
225
1145
13
1377
225
27
3210
22547
411
361
386
277
4173
341
648
23
16
225
1145
16
225
22
16
225
27
65
306
399
33
1145
16
689
903
341
265
22517
648
23
16
22
16
117376
840
16
689
8696
648
23
16
27
16
117376
225
23
15
27
33
622
1008
225
27
16
689
903
341
265
225
27
16
713
648
23
16
27
16
27
128410
10546
730
225
27
18
2586
516
382
20822
16
8696
277
5015
436
516
13375
9746
35
2209
724
436
382
27023
903
361
265
22517
648
23
16
22
16
117376
3757
225
23
15
22
15
106847
1145
1117
55425
740
16
516
903
18
648
27
16
22
16
117376
1117
225
29
1008
225
28
16
840
18
648
23
16
1145
16
117376
1117
696
1008
506
23
16
840
18
2586
1094
648
1145
15032
4892
3097
3271
225
27
35
22977
277
2136
302
265
138394
341
5047
21214
30
373
1833
1435
302
969
10037
1860
386
4455
304
399
6
2428
361
26335
396
277
1435
302
10037
1860
344
1425
277
4607
4173
13
386
436
10037
1860
302
277
2688
138394
306
4455
304
399
16
689
27946
1450
1175
138394
1094
3984
35
9405
1065
539
1645
382
71093
16
8696
724
1994
277
138394
330
5513
16
306
1232
1682
277
1435
302
10037
1860
344
1425
277
4607
4173
13
386
4455
304
399
306
436
6792
304
330
35
3483
1011
361
30
1563
1450
138394
330
302
27166
16
969
2136
341
225
21
592
903
8654
265
138394
344
1425
27166
13
386
44914
304
399
306
25782
330
35
3483
1011
361
20208
382
23928
277
852
7120
16
277
11470
10413
14441
7662
352
616
2688
7120
6329
492
730
306
9745
3575
35
16473
1310
852
2688
7120
304
13561
382
14341
225
740
30
27166
15345
29
16
26
16
24
16
26
16
28
2315
399
33
29
18
307
33
25
18
8439
304
954
10413
16
539
1008
50104
331
4455
304
225
29
18
16473
35909
50104
4455
304
225
29
638
17
648
29
65
344
6118
21
13
2649
225
22
2421
24
14883
902
203
17
648
26
16
117376
225
26
15
106847
29
1117
225
23
16
840
225
23
388
17
648
24
16
117376
225
24
15
106847
25
16
840
388
17
648
26
16
26
65
4455
740
16
840
388
17
648
26
16
24
65
4455
622
16
840
388
17
648
24
16
26
65
1656
388
17
648
28
16
117376
225
28
15
21
840
388
17
648
26
16
26
16
117376
4115
388
17
648
24
16
117376
840
388
17
648
26
16
117376
8696
648
26
16
117376
840
388
17
648
29
65
1094
388
4892
2983
1011
361
225
902
18
2209
1310
4060
225
902
35
41729
277
1310
30
373
5648
12578
6336
29
16
225
26
16
225
24
16
225
26
16
225
28
2315
225
29
13
1377
225
902
3210
8520
16
386
14441
18
2586
492
2024
14441
954
10413
382
14341
225
1068
30
27166
15345
22
16
25
16
25
16
21
16
25
2315
399
33
26
18
307
33
25
18
4758
34763
4455
304
225
26
638
17
648
25
16
21
65
344
27982
225
25
494
306
730
225
21
680
2278
436
2240
225
25
494
35
41729
4173
30
225
22
16
25
16
25
16
21
16
25
2649
2240
225
25
494
306
730
225
22
306
730
225
21
18
2586
50104
115738
304
225
26
638
261
506
18288
30
225
26
35
5023
388
261
506
9830
30
344
25
16
21
13
2649
1435
302
4781
30
5857
730
225
25
306
277
225
21
18
2278
436
225
23
12423
352
225
25
16
713
225
23
50104
302
2287
22
388
261
506
15955
30
344
25
16
25
198643
2339
225
25
15
25
33
622
1518
26
31
344
25
16
21
16
22
19767
225
25
15
21
33
26
1008
35
225
25
15
21
33
26
3402
33649
35
41729
2240
5015
1387
4455
304
225
26
35
225
25
15
21
33
26
16
8811
839
4898
1011
14949
16
713
840
18
344
25
16
25
16
19767
33572
18
344
22
16
25
198643
2339
225
22
15
25
33
27
1518
26
388
261
506
344
22
198643
2339
840
388
4892
1094
2240
331
494
302
2287
22
18
64428
621
331
30
225
22
2421
25
17
22
14883
22
66
23
33
28
18
2586
2983
351
225
23
14
28
351
225
1199
18
4720
4060
225
1199
18
9177
382
14341
225
992
30
89978
1310
30
27166
21
344
9200
13
306
399
33
740
4655
225
18981
20113
13060
18
27969
1310
3735
382
14341
225
883
30
616
1656
2911
30
27166
15345
28
21018
1296
16
399
33
992
18
7517
1450
1333
225
28
16
840
22517
44914
304
225
992
344
29753
225
28
15
28
33
902
16
225
28
7759
33
28
680
2586
3271
225
20
16
14441
382
14341
225
902
30
27166
21
344
9200
13
399
33
740
4655
225
18981
20113
13060
31
27166
22
399
33
1296
4655
225
21982
12827
16785
31
27166
23
399
33
29
4655
225
17766
18248
22586
31
27166
24
399
33
26
4655
225
24178
21435
11777
18
27969
6724
1131
382
2608
277
648
23
16
1145
16
22
16
27
65
1690
341
277
1094
66504
18
16473
17208
14316
1347
954
11470
10413
30
2983
351
12047
1242
56
30
4455
10210
5791
1145
97
225
22
2421
24
506
367
56
96
7342
1283
1724
331
351
648
1145
65
1094
18
3483
6632
225
28
18
2209
1310
36033
225
27
18
2586
8696
903
341
265
122221
30
461
8295
138394
2428
361
26217
499
14145
352
277
373
5421
302
16751
302
616
10037
1860
3210
3483
1011
2676
539
4455
898
1713
61226
10037
1860
330
18
610
954
97102
62582
16
539
82451
898
616
330
344
15519
11568
8295
13
306
331
344
15519
11568
8295
680
2209
592
8295
330
341
26217
16
1414
386
3910
277
1682
35
610
954
62582
16
539
10224
2983
4455
396
12047
1242
56
97
225
22
2421
82
100611
56
96
7342
957
19720
15667
499
330
386
3451
331
16
2291
330
351
331
5513
16
306
851
330
386
436
40248
1403
18
3483
4059
616
330
344
11317
61226
306
8295
13
386
3451
331
18
2209
592
539
29082
8295
330
16
539
1011
57859
15667
499
8295
330
386
3451
331
18
2209
8295
330
5720
331
1094
592
331
341
8295
18
7517
331
341
1713
61226
344
5421
73555
34
20
733
8295
330
1414
516
3451
839
1713
61226
331
18
2586
38147
8295
330
4007
3910
277
4455
352
1713
61226
331
18
2586
2188
225
28
382
1974
592
539
29082
8295
331
35
331
341
1713
61226
17833
1480
4455
73555
34
20
18
2586
2188
225
28
382
27872
277
66504
8320
382
25790
277
16340
302
138394
341
1497
30
610
910
29508
16
138394
341
5047
396
265
6917
6202
498
48334
910
5015
16
689
14140
1991
16
306
724
1994
277
138394
396
277
6917
5513
344
7846
277
5772
1568
680
5489
277
2136
302
265
138394
341
277
1435
302
10037
1860
302
277
4607
4173
386
4455
304
399
306
436
10037
1860
302
386
138394
35
3483
341
15837
277
1656
396
954
331
87913
330
35
41729
592
330
341
265
138394
302
27166
344
69
22517
302
23864
733
1232
265
138394
302
330
341
265
22517
302
277
23864
302
330
16
697
341
851
265
138394
302
27166
18
2586
1850
277
1656
382
4892
3097
277
1310
36033
225
27
35
16473
20488
35909
616
330
306
1682
331
494
352
648
23
16
1145
16
22
16
27
2315
399
33
1145
16
304
1565
592
2983
341
225
27
382
61792
1568
616
1713
61226
50104
330
302
23864
344
883
302
1019
680
1563
1450
330
16
1682
1435
302
50104
331
87913
330
1175
386
4455
10210
5791
1145
18
5489
4455
1131
19720
382
58029
30
225
20
30
23
16
21
30
1145
16
22
30
22
16
23
30
27
382
61792
589
23093
81277
382
7974
16
6035
386
839
330
386
1414
516
3451
3591
225
21
344
1833
225
1145
13
4273
569
265
22517
115738
304
225
1145
1480
277
10652
5463
436
225
23
16
22
16
27
16
725
2983
341
225
740
16
306
839
7799
302
1019
30
225
23
16
22
16
27
16
23
15
22
33
25
16
23
15
27
33
622
16
22
15
27
33
29
16
23
15
22
15
27
33
740
18
4628
25782
225
1145
18
2586
1094
330
386
2549
3591
225
21
530
569
839
331
115738
304
225
1145
382
4892
539
1008
304
1994
616
330
386
2549
3591
225
21
18
2278
436
225
22
2421
23
97
351
225
28
1175
330
344
29753
852
225
23
23864
530
361
11339
420
516
680
1563
1450
1175
330
16
539
1682
331
87913
330
16
331
4455
225
1145
382
8311
16
352
265
2688
330
7824
3591
21
16
1065
50104
331
87913
330
4455
304
225
1145
35
226593
1375
17
331
351
391
2640
21
97
7759
344
5421
225
1145
680
957
341
2837
265
22517
302
839
330
386
5720
3591
21
388
17
22547
903
361
852
331
386
4455
304
225
1145
35
1563
2024
16
592
330
851
5720
3591
20
344
23
13
306
3591
23
344
27
733
1232
391
20
16
21
16
23
105323
225
23
15
1145
15
27
33
1592
840
18
391
20
16
21
105323
225
23
15
1145
33
696
18
391
21
16
23
105323
225
1145
15
27
33
1199
18
391
20
16
23
105323
225
622
18
391
20
16
21
16
22
105323
225
1336
18
391
21
16
22
105323
1057
18
391
20
16
22
105323
25
18
391
20
16
21
16
22
16
23
105323
1748
18
391
20
16
22
16
23
105323
740
18
391
20
16
21
198643
97
4115
18
4628
4455
304
225
1145
18
2115
819
391
20
16
22
16
23
105323
225
23
15
22
15
27
33
740
18
391
20
16
21
16
22
16
23
105323
1748
18
2586
840
852
7799
44914
304
225
1145
18
2952
16
6035
386
391
20
16
22
16
23
198643
97
4445
1480
2687
4455
341
225
740
18
2586
14233
1094
331
351
391
21
97
4229
18
2586
352
1450
330
7824
3591
21
16
277
1682
302
331
341
7662
225
21
344
1833
83703
391
21
25171
2586
2983
4455
351
1435
302
330
7824
3591
21
351
225
28
18
3483
1011
361
225
28
16
516
225
27
382
2608
8696
724
1994
10037
1860
396
1713
61226
35
64452
539
436
11532
616
1713
61226
330
35
41729
539
5101
616
330
386
2549
3591
21
16
689
330
1387
361
7662
391
21
97
5513
16
697
341
1713
61226
18
2586
1682
33
28
382
27872
3308
304
492
81277
16
2983
1196
361
225
28
382
2608
1310
4060
225
27
18
2586
9745
724
29082
277
8295
138394
499
277
4455
302
16751
35
3483
1011
57859
15667
499
330
386
436
8295
35
2209
8295
330
1414
516
3451
839
331
16
713
840
382
25790
724
851
29082
277
138394
330
386
341
7662
277
331
35
2523
382
27023
903
361
265
122221
30
461
373
19860
302
265
138394
6
341
5047
396
277
1435
302
969
10037
1860
386
4455
304
399
16
689
8696
724
1682
277
138394
5513
1094
592
411
44914
304
399
35
3483
341
16
2136
8565
13
351
225
21
592
4455
8565
5791
79
16
1625
225
20
35
2209
386
11413
4475
852
7120
18
1563
648
21
16
22
16
23
2315
399
33
23
16
138394
330
15345
23
65
44914
304
225
23
16
2136
33
21
31
330
15345
21
16
22
65
44914
304
225
23
16
2136
33
21
31
851
330
15345
21
16
22
16
23
65
44914
304
225
26
16
516
225
23
16
2136
33
20
31
852
330
1013
648
21
65
4455
21
16
2136
20
31
648
22
65
4455
22
16
20
31
648
21
16
23
65
4455
24
16
20
18
5489
4455
302
16751
351
1435
302
10037
1860
330
386
4455
304
399
351
1435
302
50104
402
4455
225
23
30
648
23
65
306
648
21
16
22
65
1117
225
22
16
689
4655
225
26
18
2586
516
382
25790
2136
8565
13
351
1435
302
4781
304
3985
265
138394
344
1425
277
4607
13
386
44914
304
399
306
341
265
138394
302
330
35
9405
954
16340
382
27872
277
1310
5563
41514
382
19477
2292
277
1310
1568
1754
18
887
4059
373
5648
12578
6336
23
16
225
1145
16
225
22
16
225
27
2315
225
1145
13
1377
225
27
3210
22547
411
361
386
277
4173
341
648
23
16
225
1145
16
225
22
16
225
27
65
689
399
33
1145
16
306
9745
724
1994
386
10037
1860
436
5047
396
72075
35
1437
724
846
989
80221
16
1232
13640
1310
30
1563
989
80221
344
215084
13
302
27166
16
2136
302
265
202468
341
1435
302
969
989
80221
344
215084
13
386
4455
304
399
18
5489
2983
4455
302
16751
898
616
989
80221
18
3483
2428
8138
225
27
352
492
1690
18
16473
1310
382
2558
10037
1860
10439
989
80221
344
215084
733
1232
539
1008
304
17208
4455
898
616
72075
989
80221
330
302
27166
302
277
1435
302
72075
989
80221
331
302
330
344
77
3077
1278
2223
386
10368
13
386
4455
304
399
18
9405
717
16553
18
2209
13640
1310
402
648
21
16
22
16
23
2315
399
33
23
18
4758
80221
638
17
648
21
10925
989
80221
30
648
21
65
4455
21
2649
20
203
17
648
22
10925
20
203
17
648
23
10925
202468
648
23
65
4455
23
2649
21
203
17
648
21
16
22
10925
989
80221
30
648
21
65
20
31580
22
65
20
31580
21
16
22
65
4455
23
2649
21
1117
2983
352
492
330
33
21
203
17
648
22
16
23
10925
989
80221
30
648
22
65
20
31580
23
65
21
31580
22
16
23
65
25
926
21
1117
2983
225
21
203
17
648
21
16
22
16
23
10925
989
80221
30
648
21
65
20
31580
22
65
20
31580
23
65
21
31580
21
16
22
65
23
926
21
31580
22
16
23
65
25
926
20
35
41729
648
22
16
23
65
4455
25
516
225
23
16
648
21
16
22
16
23
65
26
516
23
1117
2983
225
21
35
26128
851
648
21
16
22
16
23
65
5513
35
4455
26
16
516
18
2586
2983
352
330
15345
21
16
22
16
23
65
341
225
21
344
3161
648
23
128410
689
648
23
65
341
265
202468
302
648
21
16
22
16
23
128410
8520
16
1850
265
72075
202468
2223
648
21
16
22
16
23
128410
4758
4119
302
330
30
839
72075
766
302
330
18
2586
648
23
65
341
265
202468
302
330
18
2586
386
6632
225
21
18
6755
648
21
16
22
65
6632
225
21
18
2586
2983
225
22
18
27053
291
616
30
330
15345
23
10925
21
16
648
21
16
22
10925
21
16
648
22
16
23
10925
21
16
648
21
16
22
16
23
10925
22
35
26128
648
21
16
22
16
23
65
5720
1217
989
80221
386
4455
304
225
23
30
648
23
65
306
648
21
16
22
1807
2586
2983
352
330
15345
21
16
22
16
23
65
341
225
22
18
6755
8696
648
21
16
22
16
23
65
851
5720
648
21
16
22
128410
12035
18
2586
2983
352
330
15345
21
16
22
16
23
65
351
225
22
18
27053
291
30
648
23
16051
21
16
648
21
16
22
16051
21
16
648
22
16
23
16051
21
16
648
21
16
22
16
23
16051
22
18
28498
7810
18
11612
351
225
21
15
21
15
21
15
22
351
25
18
2209
4655
225
26
18
2586
516
15595
382
2558
539
2549
8295
202468
35
3557
382
27872
202468
16340
18048
382
1974
819
10037
1860
6115
839
22517
689
9745
277
2136
341
5047
396
277
1435
302
10037
1860
344
1425
277
4607
4173
13
386
4455
304
399
306
436
6792
304
277
2688
138394
35
3483
1011
361
30
1563
1450
138394
330
344
34027
733
2136
8565
13
351
225
21
592
903
8654
265
138394
331
302
27166
344
1191
13
386
44914
304
399
306
341
7662
330
35
3483
1011
361
1060
27946
1450
330
386
44914
304
399
7662
3984
35
2209
1232
4455
898
616
330
1011
361
1435
302
50104
386
4455
304
399
18
1563
648
21
16
22
16
23
2315
399
33
23
16
50104
4455
304
225
23
30
648
23
65
306
648
21
16
22
65
1117
225
22
16
516
225
26
18
2586
840
382
25790
2136
8565
13
351
1435
302
10037
1860
302
27166
386
4455
304
399
306
436
40248
1403
302
330
35
3483
1011
361
1497
18
2209
1232
4455
898
330
302
1435
302
40248
1403
386
4455
304
399
35
3483
1011
361
4455
1242
55
97
34856
331
28370
234
330
402
4455
10210
5791
79
680
3483
25782
4455
1242
56
97
34856
330
87913
331
13
351
4455
1242
56
30
4455
10210
5791
79
97
225
22
2421
96
56
96
7342
3483
1011
361
1497
18
1563
648
21
16
22
16
23
2315
399
33
23
30
331
15345
23
65
6632
225
22
2421
21
14883
22
16
331
15345
21
16
22
65
6632
225
22
2421
22
14883
24
16
2983
33
26
18
3483
851
14441
5
1563
648
25
16
21
2315
399
33
25
30
331
15345
25
65
6632
225
22
2421
21
14883
22
16
2983
33
22
18
1563
648
22
16
23
16
23
2315
399
33
25
30
331
494
30
648
22
16
23
65
344
27982
302
1019
13
1450
2287
22
2649
225
22
2421
22
14883
24
16
2983
33
28
35
2209
4655
225
24
18
26128
17208
30
2278
436
1217
331
494
30
1450
331
341
265
3018
22517
302
23864
344
7846
391
2640
20
16
3591
21
97
306
391
2640
20
16
3591
22
4106
1804
2287
22
18
5489
4455
1242
56
97
225
22
2421
96
56
155485
351
225
22
535
225
24
351
225
28
16
689
4655
225
24
18
2586
386
4007
4475
18
2586
516
386
382
8372
7977
16340
344
5421
1242
56
97
225
22
2421
82
100611
56
96
4106
7939
225
24
352
648
22
16
23
16
23
65
306
14441
18
2586
277
66504
341
1094
402
648
23
16
1145
16
22
16
27
1807
16473
17771
14299
648
22
16
23
16
23
65
402
954
10413
30
331
494
30
50104
115738
304
225
25
30
391
2640
20
344
22
733
3591
21
344
23
7160
306
391
2640
20
344
22
733
3591
22
344
23
137078
9405
1217
331
494
16
1450
2287
22
1117
225
22
2421
23
17
22
14883
22
18
11612
33
24
18
9177
382
8311
648
23
16
1145
16
22
16
27
65
1196
3050
225
28
18
2586
3097
1310
4060
225
27
35
22547
903
361
265
20511
297
277
1310
35
99008
277
1310
1690
540
9444
304
361
2761
1625
35
16473
2292
277
1310
1568
30
373
5648
12578
6336
23
16
225
1145
16
225
22
16
225
27
2315
225
1145
13
1377
225
27
3210
22547
411
361
386
277
4173
341
648
23
16
225
1145
16
225
22
16
225
27
65
306
399
33
1145
16
689
8696
724
1994
10037
1860
396
373
11317
61226
6
306
851
724
1994
386
277
2136
302
265
138394
341
277
1435
302
969
10037
1860
386
4455
304
399
16
689
724
2428
361
27946
1094
10037
1860
331
386
436
1996
10037
1860
35
1437
724
29082
330
5513
499
277
1682
302
10037
1860
344
77
3077
1278
331
1998
361
265
1996
138394
302
330
733
1232
352
1450
330
16
2136
8565
13
351
1435
302
1996
10037
1860
331
87913
330
16
331
138290
330
16
402
4455
399
18
5489
2983
4455
351
12047
1242
55
97
34856
1996
331
87913
330
16
4455
399
680
5489
1450
331
344
11317
61226
13
1011
361
33649
352
1450
330
386
5720
331
306
330
138290
331
35
41729
592
539
29082
331
91666
16
1232
331
341
33649
352
616
330
1175
386
331
81498
330
344
111151
225304
13
306
331
138290
330
18
2209
1232
277
1682
352
331
1011
361
1435
302
330
386
27807
3451
331
344
77
3077
1278
40248
1403
38147
331
5513
680
7551
302
330
7824
331
341
225
22
2421
82
100611
56
96
2547
689
3724
1731
16
730
341
330
84468
5513
18
2586
1435
302
1996
40248
1403
351
225
22
2421
82
100611
56
155485
506
225
21
18
5489
2983
4455
351
12047
1242
56
30
4455
10210
5791
79
97
344
22
2421
82
100611
56
155485
506
225
21
680
1563
648
23
16
1145
16
22
16
27
2315
307
33
24
16
331
15345
1145
65
2287
21
1117
225
22
2421
23
13468
21
351
225
28
17
21
33
27
18
3483
14441
277
1310
5
1533
352
852
7120
16
13640
1565
592
492
2188
14441
382
5790
648
21
16
22
16
23
2315
399
33
23
18
331
15345
21
16
22
65
2287
22
1117
225
22
2421
23
17
22
13468
21
351
225
22
17
21
33
21
18
331
15345
23
65
2287
21
1117
225
22
2421
22
13468
21
351
225
24
17
21
33
23
18
11612
351
225
24
18
2209
4655
225
26
18
2586
386
18048
382
1974
592
539
29082
8295
138394
1094
35
64452
840
1603
382
1974
592
539
29082
277
138394
330
386
341
7662
277
331
499
277
4455
35
3483
1011
57859
352
1450
331
277
1682
302
330
84468
35
2209
954
4607
4455
5101
330
84468
18
2586
83084
225
21
352
1450
331
1011
3050
2983
351
12047
1242
56
97
344
22
2421
82
100611
56
155485
506
225
21
680
3483
7939
225
24
352
648
21
16
22
16
23
65
689
4655
225
26
18
2586
386
4007
4475
382
27872
277
1310
648
23
16
1145
16
22
16
27
65
36033
225
27
16
697
1011
4850
304
83084
225
21
352
1450
331
499
954
4607
2983
18
2209
852
6292
1907
4475
386
18
34159
277
8559
302
2136
74951
277
138394
5513
35
16473
1310
648
21
16
22
16
23
65
402
386
30
2983
351
12047
1242
56
97
344
22
2421
82
100611
56
96
13468
21
680
42379
30
331
15345
21
16
22
65
2287
22
30
225
22
2421
21
13468
21
33
22
17
21
33
21
18
331
15345
23
65
2287
21
30
225
22
2421
22
13468
21
33
24
17
21
33
23
18
14610
33
24
18
2209
4655
225
26
18
2586
592
277
1310
1078
648
21
16
22
16
23
65
31518
225
24
16
1232
492
1011
361
10358
16
689
411
36033
225
26
18
2586
516
382
25790
277
66504
341
386
724
1994
10037
1860
396
1713
61226
306
851
29082
277
8295
138394
499
277
373
5421
302
16751
6
689
851
29082
277
138394
5513
35
2523
382
19477
15698
277
1310
648
21
16
22
16
23
65
717
14163
18
5641
4607
11470
10413
7939
225
26
18
3483
14441
277
1310
18
2586
352
648
23
16
1145
16
22
16
27
2315
3097
1011
724
771
225
27
35
22547
903
361
265
20511
297
954
3360
302
648
23
16
1145
16
22
16
27
128410
16473
4638
18400
277
4173
30
648
23
16
225
1145
16
225
22
16
225
27
1807
6346
903
839
50104
331
4455
304
225
1145
852
936
648
1145
128410
14812
648
23
16
22
16
27
16
25
128410
2523
225
25
18
648
23
16
27
16
117376
225
622
1008
225
27
16
689
1094
730
225
27
16
713
840
18
648
22
16
117376
225
22
1008
225
883
16
840
18
648
23
16
22
65
225
25
1008
225
740
16
840
18
648
27
16
117376
225
27
1008
225
622
16
840
18
2586
1094
648
1145
15032
2608
8696
724
1994
386
10037
1860
436
5047
498
19408
23864
16
689
277
5015
436
516
13375
9746
35
2227
436
9746
18
2586
840
382
44125
277
2136
302
265
138394
341
5047
396
277
1435
302
10037
1860
344
1425
277
4607
4173
13
386
4455
304
399
306
436
12359
2223
386
138394
16
689
724
1682
1450
1175
138394
1094
3984
621
138394
35
9405
1065
539
1645
382
27023
903
361
387
1115
14530
20740
30
8696
724
1994
277
8295
138394
396
265
138394
16
306
969
2136
341
5047
396
277
1435
302
10037
1860
302
277
8295
138394
386
4455
304
399
16
697
341
225
20
18
2586
840
1603
382
25790
724
1994
386
277
138394
330
5513
16
592
411
44914
304
399
16
341
33649
396
730
302
969
10037
1860
344
159990
680
3483
539
5101
382
19477
17771
14299
648
23
16
1145
16
22
16
27
65
1347
277
8081
30
2983
351
12047
1242
56
30
4455
10210
5791
79
97
344
22
2421
82
100611
56
96
4106
351
225
28
18
2586
3097
1011
1310
2132
225
27
35
22547
411
361
386
724
1994
277
138394
330
1998
361
1713
61226
35
64452
616
330
539
33649
436
1713
61226
1480
724
3451
3591
21
16
713
330
1713
61226
18
2586
2188
225
28
382
25790
724
29082
277
138394
330
386
341
7662
277
331
35
2209
1232
2983
1011
361
225
27
16
396
539
6974
18
2209
1232
648
21
16
22
16
23
65
1011
361
225
24
16
516
225
26
18
2952
16
6035
386
648
21
16
22
16
23
65
1310
36033
225
26
16
713
8696
724
2549
330
84468
352
386
1690
689
516
352
648
23
16
1145
16
22
16
27
128410
3483
5563
41514
382
19477
17208
648
21
16
22
16
23
65
402
277
1996
225304
21745
16340
30
12047
344
22
2421
82
100611
56
96
13468
21
13
351
225
24
16
689
1310
36033
225
26
18
2586
592
724
1078
10439
386
16
724
1011
569
5448
225
24
352
386
2024
16
689
724
4746
382
27872
277
1310
352
648
23
16
1145
16
22
16
27
65
341
4164
387
2615
35
2209
1850
766
302
277
3419
6292
16
306
539
1998
1265
277
1154
1717
616
6292
18
2586
539
1008
304
3138
10444
11236
22699
225
27
352
386
1690
16
1706
851
14303
616
852
6292
382
25790
954
4381
97102
62582
18391
2761
30
461
2136
302
265
138394
330
341
5047
396
277
1435
302
969
10037
1860
386
4455
304
399
18
2209
6035
30
461
138394
330
5513
341
265
138394
302
330
344
597
334
2505
680
2586
386
341
33649
18
2952
16
1065
819
277
8295
138394
35
887
341
265
138394
302
330
16
689
4455
225
20
516
399
18
2586
840
382
2608
9745
277
8559
302
373
3503
25394
6
297
277
3522
302
277
2136
1414
516
2549
277
138394
5513
35
18789
297
77052
1022
16
265
138394
341
5047
396
265
6917
6202
498
48334
730
420
717
5015
344
664
1713
61226
680
2586
277
2136
2428
1682
1094
1996
10037
1860
344
77
3077
1278
516
2291
277
138394
5513
680
16473
1310
386
382
2558
2136
8565
13
351
1435
302
1996
10037
1860
331
87913
330
16
331
138290
330
16
402
4455
399
18
5489
2983
351
12047
1242
55
97
34856
1996
331
87913
330
16
4455
399
680
5489
352
1450
331
344
11317
61226
16
4455
399
733
1030
1451
330
569
331
396
265
1996
138394
35
330
1998
3451
331
306
330
138290
331
18
2586
1435
302
330
1175
386
331
81498
330
87913
648
82
65
351
225
22
2421
82
100611
56
155485
506
225
21
344
87026
330
84468
680
2586
2983
351
12047
1242
56
30
4455
10210
5791
79
97
344
22
2421
82
100611
56
155485
506
225
21
680
9405
1065
539
19377
18
1563
648
21
16
22
16
23
65
539
3289
225
24
16
689
4655
225
26
18
2586
516
382
2608
5522
16
592
2136
8565
13
74951
330
5513
16
1232
352
330
15345
23
2315
1996
10037
1860
30
5023
344
29753
1094
1996
989
26181
302
648
23
65
1011
361
8295
16
697
539
2428
29082
396
1357
35
32468
1996
138394
2767
516
277
4425
16
1387
361
8295
35
2209
8295
4455
516
399
16
713
840
680
2586
2136
6336
23
65
5791
20
18
1563
330
15345
21
16
22
2315
1996
10037
1860
30
648
21
37101
22
37101
21
16
22
128410
1996
74951
648
21
16
22
65
5513
16
713
1094
648
21
37101
22
65
1804
4455
516
225
23
35
225
21
306
225
22
16
713
2136
33
20
18
1563
330
15345
22
16
23
2315
1996
30
648
22
37101
23
37101
22
16
23
128410
29082
648
22
16
23
2315
713
648
22
37101
23
65
2649
648
23
65
44914
304
225
23
1117
2136
33
21
18
1563
330
15345
21
16
22
16
23
2315
1996
30
616
1713
61226
1996
50104
30
648
21
37101
22
37101
23
37101
21
16
22
37101
21
16
23
37101
22
16
23
1807
19078
1131
16
648
23
65
306
648
21
16
22
65
4455
304
225
23
1117
2136
33
22
18
6755
648
22
16
23
65
4455
25
16
4115
18
2586
2983
4455
351
330
15345
22
16
23
10925
21
692
330
15345
21
16
22
16
23
10925
22
351
225
23
18
6755
8696
330
15345
23
128410
20
16
330
15345
21
16
22
128410
20
18
2586
2983
225
23
16
516
225
26
382
27872
386
4007
4475
382
25790
2136
8565
13
19720
277
1435
302
10037
1860
344
1425
277
4607
4173
13
386
4455
304
399
306
436
10037
1860
302
330
16
689
851
4059
277
8295
138394
35
2523
1603
382
23928
386
954
11470
10413
14441
616
7120
6329
492
730
16
9745
903
341
265
202267
819
277
27946
302
10037
1860
890
903
436
31579
2911
35
2209
297
648
23
16
1145
16
22
16
27
65
616
9746
16
713
840
382
19477
2292
277
1310
648
23
16
225
1145
16
225
22
16
225
27
65
717
14316
30
461
4173
341
648
23
16
225
1145
16
225
22
16
225
27
1807
22547
903
361
265
138394
331
386
44914
304
225
1145
1013
648
23
16
22
16
27
16
25
128410
2523
225
25
18
2209
8696
724
1994
386
277
138394
530
361
302
839
4354
16
2291
7810
35
2523
382
25790
724
1994
386
277
2136
302
265
138394
330
341
277
1435
302
10037
1860
344
1425
27166
13
386
4455
304
399
306
436
6792
304
330
35
3483
341
16
2136
8565
13
351
225
21
592
330
341
730
302
277
10037
1860
386
4455
304
399
16
1625
225
20
18
5489
2983
4455
351
1435
302
10037
1860
330
386
4455
304
399
18
1563
648
21
16
22
16
23
2315
50104
4455
304
225
23
30
648
23
65
306
648
21
16
22
65
1117
225
22
16
689
4655
225
26
18
2586
516
382
25790
724
1994
386
277
2136
302
265
138394
330
341
277
1435
302
4781
304
5857
265
138394
344
1425
277
4607
4173
13
386
44914
304
399
306
341
265
138394
302
330
16
689
724
1994
277
8295
138394
396
2896
4455
225
20
16
689
8696
724
851
1994
277
138394
330
5513
33649
1094
592
411
44914
304
399
35
3483
539
3402
569
382
20822
16
8696
277
18017
373
1833
2136
302
265
138394
341
5047
396
277
1435
302
969
10037
1860
386
4455
304
399
6
2767
30
1563
1450
138394
344
1425
27166
13
330
16
539
1538
468
277
867
302
616
10037
1860
302
330
344
8781
4059
330
5513
306
11568
277
8295
138394
680
19078
1131
16
539
1682
1030
1451
569
4455
6792
304
399
18
9405
1065
539
1645
382
8311
16
1387
903
361
265
122221
386
277
138394
330
341
5047
396
265
6917
344
35370
733
306
969
10037
1860
436
4582
297
1991
35
2209
4455
341
7821
302
1991
18
2586
840
382
25790
724
2489
10037
1860
396
72075
35
64452
10753
16
18048
648
21
16
22
16
23
15032
19477
1310
277
72075
202468
16340
717
50593
352
648
21
16
22
16
23
65
304
1565
592
411
1387
8138
225
26
18
1283
19377
7977
265
2983
302
225
25
18
2209
539
2428
569
18391
910
989
80221
18
16473
17771
14299
616
72075
989
80221
344
11317
61226
13
306
1682
725
5961
989
80221
344
215084
13
386
4455
304
225
23
382
52547
351
648
21
16
22
16
23
15032
1569
616
989
80221
330
344
215084
16034
58029
344
6373
151109
13
24273
1375
63
20
16
20
10925
648
21
65
2649
5961
989
80221
30
648
21
65
4455
21
2649
20
203
63
21
16
21
10925
648
22
65
2649
20
203
63
22
16
22
10925
648
23
65
2649
21
344
29753
648
23
65
341
265
202468
302
330
465
63
20
16
21
10925
648
21
16
22
65
2649
5961
989
80221
30
648
21
37101
22
37101
21
16
22
65
2649
648
21
16
22
65
4455
23
2649
21
203
63
21
16
22
10925
648
22
16
23
65
2649
5961
30
648
22
37101
23
37101
22
16
23
65
2649
648
23
65
4455
23
2649
21
203
63
20
16
22
10925
648
21
16
22
16
23
65
2649
5961
989
80221
30
648
21
37101
22
37101
23
37101
21
16
22
37101
22
16
23
37101
21
16
22
16
23
1807
19078
1131
16
648
23
65
306
648
21
16
22
65
4455
304
225
23
2649
22
203
14353
648
20
16
20
128410
64452
388
14353
8696
648
20
16
20
128410
3410
388
4892
2983
351
225
20
15
20
15
21
15
21
15
21
15
22
351
225
26
18
26128
539
3289
225
26
5
16473
73676
30
648
20
16
20
16051
20
16
648
21
16
21
16051
20
16
648
22
16
22
16051
21
16
648
20
16
21
16051
21
16
648
21
16
22
16051
21
16
648
20
16
22
16051
22
18
14610
351
225
26
18
8520
5
342
7977
222712
92103
648
21
16
22
16
23
65
5961
1682
30
342
3592
1094
648
23
65
306
648
21
16
22
65
689
342
20263
386
648
21
16
22
65
341
265
202468
302
648
20
16
22
128410
41729
648
21
16
22
65
396
265
72075
202468
302
648
20
16
22
65
341
23864
225
20
17
21
16
697
341
648
21
16
22
1807
2586
12035
16
386
19720
18
1533
648
23
65
341
23864
225
22
17
22
18
2586
4924
225
22
18
2586
2983
225
26
18
2586
72075
202468
16340
6632
225
26
352
648
21
16
22
16
23
157816
1533
411
851
7939
225
24
352
648
22
16
23
16
23
128410
16473
1310
648
22
16
23
16
23
65
402
72075
989
80221
382
52547
351
648
22
16
23
16
23
1807
42379
4455
898
616
72075
989
80221
330
302
27166
302
1435
302
72075
989
80221
331
302
330
386
4455
304
225
25
382
1569
616
989
80221
1375
58029
638
20
30
20
30
648
22
65
2649
5961
30
648
22
65
4455
22
2649
20
203
21
30
21
30
648
23
65
2649
20
203
22
30
22
30
648
23
65
2649
20
203
20
30
21
30
648
22
16
23
65
2649
5961
30
648
22
37101
23
37101
22
16
23
65
2649
648
22
16
23
65
4455
25
2649
21
203
21
30
22
30
648
23
16
23
65
2649
5961
30
648
23
37101
23
37101
23
16
23
65
2649
5023
4455
25
35
225
23
15
23
33
26
16
713
225
20
35
2209
648
23
65
4455
23
516
225
25
18
2586
225
20
388
20
30
22
30
648
22
16
23
16
23
65
2649
5961
989
80221
30
616
72075
989
80221
302
4354
21
30
648
22
37101
23
37101
23
65
44914
225
22
16
23
16
23
2649
5023
31
4354
22
30
648
22
16
23
65
4455
25
16
648
23
16
23
65
4455
26
2649
730
20609
22
16
23
45763
4354
23
30
648
22
16
23
16
23
65
4455
28
2649
5023
18
2586
1682
33
21
388
14353
8696
648
20
16
20
128410
3410
388
10914
351
225
20
15
20
15
20
15
21
15
20
15
21
351
225
22
18
2209
4655
225
24
18
2586
72075
6632
225
22
16
516
225
24
382
27872
516
10358
382
2608
5522
16
539
2428
569
18391
989
80221
30
1563
648
22
16
23
16
23
2315
903
341
851
202468
648
22
16
23
65
344
63721
225
20
17
21
13
539
33649
225
21
31
648
23
16
23
65
344
21
17
22
13
539
33649
225
20
31
648
22
16
23
16
23
65
344
20
17
22
13
1682
225
21
18
2586
2983
225
22
18
44375
225
24
18
2586
72075
16340
18048
382
1974
819
10037
1860
344
11317
5031
29140
13
689
402
277
35736
386
539
1682
1094
1996
10037
1860
35
64452
7935
648
21
16
22
16
23
15032
25790
277
9444
16340
341
277
730
539
11470
30
2983
351
12047
1242
56
30
4455
10210
5791
79
97
225
22
2421
82
100611
56
96
7342
3483
14441
616
2688
7120
6329
648
23
16
1145
16
22
16
27
1807
2586
9745
277
1310
352
648
23
16
1145
16
22
16
27
65
341
3757
31518
225
28
16
689
1850
5448
396
225
27
498
20511
35
2952
16
1850
297
277
1568
16
306
539
1008
304
1717
411
18
22547
903
361
265
122221
819
277
2136
8559
30
373
1833
1435
302
969
10037
1860
386
4455
304
399
6
2428
361
26335
396
277
1435
302
10037
1860
344
1425
277
4607
4173
13
386
4455
304
399
306
436
6792
304
277
2688
138394
35
3483
1011
361
30
1563
1450
138394
330
302
27166
16
2136
8565
13
351
225
21
592
903
8654
265
138394
331
302
27166
344
1191
13
386
44914
304
399
306
341
7662
330
35
3483
4007
1265
5258
382
25790
277
2136
302
265
138394
330
341
277
1435
302
10037
1860
344
1425
277
4607
4173
13
386
4455
304
399
306
436
10037
1860
302
330
35
3483
539
1645
382
23928
277
12475
16
13640
15698
277
1310
648
23
16
1145
16
22
16
27
65
717
14163
18
22547
903
361
387
1115
14530
20740
2920
304
277
8295
138394
35
1437
539
29082
8295
138394
499
277
4455
302
16751
344
77
3077
1278
539
1094
1994
1713
61226
10037
1860
330
733
386
4007
2312
4907
1480
8295
330
4007
3451
839
1713
61226
331
18
2209
1065
592
539
851
29082
277
8295
138394
499
277
27946
302
331
35
331
341
1713
61226
17833
18
2586
840
382
25790
724
1994
386
277
138394
330
5513
341
516
33649
3724
969
10037
1860
344
77
3077
1278
1094
1996
10037
1860
680
5489
2983
351
12047
1242
56
30
4455
10210
5791
79
97
344
22
2421
82
100611
56
155485
506
225
21
680
1563
648
23
16
1145
16
22
16
27
2315
386
6632
225
27
18
1563
648
21
16
22
16
23
2315
386
6632
225
24
16
689
4655
225
26
18
2586
648
21
16
22
16
23
65
1011
361
225
24
16
516
225
26
18
2952
16
277
1310
352
648
21
16
22
16
23
65
341
225
26
18
2586
386
18048
382
2608
1065
592
724
1994
386
277
8295
138394
341
4800
265
138394
16
306
969
4455
341
225
20
16
689
724
2428
361
27946
411
396
1357
35
2523
1603
382
27023
411
361
386
277
2136
302
265
138394
330
341
5047
396
277
1435
302
969
10037
1860
344
15519
5513
13
386
4455
304
399
16
689
724
1994
277
8295
138394
396
2896
4455
225
20
16
713
516
33649
18
2586
1656
382
25790
277
1310
648
23
16
1145
16
22
16
27
65
341
516
499
277
1656
2746
6434
35
2209
1850
3419
382
19477
2292
277
852
7120
30
648
25
16
21
65
399
33
25
7939
225
22
16
14441
954
10413
18
648
22
16
23
16
23
65
7939
225
24
14441
18
648
21
16
22
16
23
65
7939
225
26
14441
18
648
27
16
25
16
622
16
28
16
22
16
23
16
26
65
7939
225
20
14441
18
648
29
16
622
16
22
16
21
16
29
16
25
16
29
16
27
16
25
65
7939
225
6008
14441
18
648
25
16
28
16
28
65
7939
225
20
14441
18
648
21
16
23
16
27
16
28
65
7939
225
28
14441
18
648
28
16
21
16
21
16
28
16
27
65
7939
225
28
14441
18
648
29
16
26
16
24
16
26
16
28
65
7939
225
902
14441
18
648
22
16
25
16
25
16
21
16
25
65
7939
225
1199
14441
18
2586
616
4475
954
11470
10413
6329
648
23
16
1145
16
22
16
27
15032
19477
17208
648
23
16
1145
16
22
16
27
65
402
954
10413
30
307
33
24
18
331
494
30
648
1145
65
2287
21
1117
225
22
2421
23
14883
28
18
2586
4655
225
28
18
2209
1310
4060
225
27
382
25790
903
341
265
8887
25284
30
461
138394
330
1998
361
1713
61226
35
64452
616
330
386
3451
331
436
1713
61226
1480
331
1713
61226
16
713
330
1713
61226
382
25790
724
1994
386
277
138394
330
5513
341
33649
1094
592
411
341
265
1996
138394
302
27166
35
2209
4924
2837
1641
352
839
138394
6329
277
4425
4173
35
3557
6964
382
44125
277
8559
302
373
3503
25394
6
297
492
2746
74951
277
4607
4173
35
2523
382
25790
277
2136
302
265
138394
330
341
5047
396
277
1435
302
10037
1860
344
1425
27166
13
386
4455
304
399
306
436
10037
1860
302
330
16
689
724
1994
277
8295
138394
396
265
138394
16
306
724
851
1994
386
277
8295
138394
44914
304
225
20
16
516
399
16
713
840
382
27023
411
361
386
277
1310
36033
225
27
1480
724
1994
386
277
138394
331
351
648
1145
65
8615
16
689
851
903
341
265
138394
331
351
648
23
16
22
16
27
16
25
128410
2523
382
19477
2050
304
20488
35909
616
330
352
648
23
16
1145
16
22
16
27
65
306
1682
331
494
16
689
9745
342
18391
265
331
386
44914
304
225
1145
28455
648
1145
1807
16473
1568
616
50104
302
23864
1375
58029
306
2911
638
20
30
23
203
21
30
1145
203
22
30
22
203
23
30
27
300
3196
50104
344
11317
61226
13
306
44914
638
95
20
18631
23
203
95
21
18631
1145
203
95
22
18631
22
203
95
23
18631
27
203
95
20
16
21
18631
696
203
95
20
16
22
18631
25
203
95
20
16
23
18631
622
203
95
21
16
22
18631
1057
203
95
21
16
23
18631
1199
203
95
22
16
23
18631
29
203
95
20
16
21
16
22
18631
1336
203
95
20
16
21
16
23
18631
1592
203
95
20
16
22
16
23
18631
740
203
95
21
16
22
16
23
18631
1670
203
95
20
16
21
16
22
16
23
18631
1748
300
11972
391
21
97
44914
304
225
1145
18
2586
14233
1094
730
331
382
8311
16
352
1450
330
7824
3591
21
16
539
33649
730
331
344
1833
83703
391
21
4106
396
265
138394
302
330
18
2209
341
391
21
97
4800
265
138394
302
330
35
8520
16
592
330
4059
3591
21
18
2586
1450
1175
330
28446
225
21
18
1882
1451
330
2549
3591
21
35
2536
50104
302
277
852
2240
23864
344
20
16
22
16
23
13
530
361
11339
420
516
16
713
225
22
66
23
351
225
28
18
2586
2983
15667
351
225
28
382
2608
8696
724
29082
277
1690
1207
330
341
7662
391
21
105323
5489
1435
302
330
7824
3591
21
689
330
138290
391
21
97
341
225
22
66
23
506
225
21
351
225
27
18
3483
1011
8138
225
27
18
3483
14441
1310
18
2586
9745
724
1994
386
277
2136
302
265
138394
330
1414
516
1682
277
138394
330
5513
592
411
44914
304
399
35
3483
341
16
724
1682
1094
1996
10037
1860
344
87026
330
680
5489
2983
351
12047
1242
56
30
4455
10210
5791
79
97
344
22
2421
82
100611
56
155485
506
225
21
680
1563
648
23
16
1145
16
22
16
27
2315
331
15345
1145
65
1117
225
22
66
23
506
21
351
225
27
18
1563
648
21
16
22
16
23
2315
331
15345
23
65
2287
21
1117
225
22
66
22
506
21
351
225
23
16
331
15345
21
16
22
65
2287
22
1117
225
22
66
21
506
21
351
225
21
16
2983
351
225
24
16
689
4655
225
26
18
2586
648
21
16
22
16
23
65
1011
361
225
24
16
516
225
26
18
2952
16
8696
648
21
16
22
16
23
65
1310
36033
225
24
35
2209
411
4060
225
26
18
2586
8696
342
222712
92103
648
21
16
22
16
23
65
402
492
6698
35
16473
17771
14299
402
1996
10037
1860
1094
382
2500
648
21
16
22
16
23
2315
399
33
23
18
4758
34763
330
306
1996
10037
1860
331
344
87026
330
13
386
4455
304
225
23
382
1569
616
1713
61226
330
344
883
680
1563
1450
330
16
1682
1996
331
87913
330
16
331
138290
330
16
4455
33
23
382
61792
35909
1375
55
351
391
21
97
344
1988
21
2738
1996
331
30
5023
344
29753
1996
302
391
21
97
341
8295
1094
16
516
33649
680
2586
225
20
388
55
351
391
22
18631
225
20
388
55
351
391
23
18631
225
20
344
111151
30
8295
3098
55
351
391
21
16
22
18631
1996
50104
30
391
21
66510
22
97
2649
5023
4455
225
23
18
2586
225
20
388
55
351
391
21
16
23
18631
1996
30
391
21
66510
23
66510
21
16
23
105323
29082
391
21
16
23
97
5513
16
713
391
21
66510
23
97
2649
391
23
97
4455
23
1117
21
18
2586
330
1801
21
16
23
97
28446
225
21
388
55
351
391
22
16
23
18631
1996
30
391
22
66510
23
97
2649
391
23
97
4455
23
1117
21
388
55
351
391
21
16
22
16
23
18631
1996
50104
30
616
1713
61226
6329
391
21
16
22
16
23
18631
391
21
66510
22
66510
23
66510
21
16
22
66510
21
16
23
66510
22
16
23
7342
19078
1131
16
391
23
97
306
391
21
16
22
97
4455
304
225
23
1117
22
388
11913
330
35
391
21
16
22
16
23
97
851
4059
391
21
16
22
105323
3402
18
6755
330
351
391
21
16
22
105323
3410
18
330
351
391
21
16
23
105323
3410
18
330
351
391
22
16
23
105323
3410
388
14353
330
351
391
21
16
22
16
23
105323
3410
388
1974
819
330
351
391
21
16
22
16
23
105323
539
1645
388
1974
819
330
351
391
21
16
22
16
23
105323
851
330
351
391
21
16
22
16
23
97
341
903
18
6755
330
351
391
21
16
22
16
23
105323
3410
388
14353
330
351
391
21
16
22
16
23
105323
26128
851
330
351
391
21
16
22
16
23
105323
3410
388
14353
330
351
391
21
16
22
16
23
105323
2964
41838
388
14353
330
351
391
21
16
22
16
23
105323
3410
388
14353
330
351
391
21
16
22
16
23
105323
3410
388
14353
330
351
391
21
16
22
16
23
105323
2964
107327
388
2110
851
569
330
351
391
21
16
22
16
23
105323
41729
903
341
330
351
391
21
16
22
16
23
105323
342
1761
539
9494
616
30
391
21
66510
22
66510
23
66510
21
16
22
66510
21
16
23
66510
22
16
23
66510
21
16
22
16
23
7342
9405
225
27
1713
61226
330
35
41729
2983
1713
61226
50104
351
225
22
66
23
506
21
351
27
18
1283
9603
30
391
21
66510
22
66510
23
66510
21
16
22
66510
21
16
23
66510
22
16
23
66510
21
16
22
16
23
7342
8520
18
1283
19377
15667
30
391
21
18631
20
16
391
22
18631
20
16
391
23
18631
20
16
391
21
16
22
18631
20
16
391
21
16
23
18631
21
16
391
22
16
23
18631
21
16
391
21
16
22
16
23
18631
22
18
11612
351
225
24
18
2586
14233
225
24
16
516
225
26
382
27872
277
1996
138394
16340
22699
225
24
352
648
21
16
22
16
23
2315
170765
277
1310
382
4892
277
1310
648
23
16
1145
16
22
16
27
65
1610
225
27
10334
1996
138394
16340
352
386
1690
16
689
516
352
3575
18
34159
903
341
387
100849
297
277
1310
20155
30
8696
277
1310
352
648
21
16
22
16
23
65
341
3757
225
24
35
2209
1850
5448
396
225
26
18
16473
4638
18400
277
2746
6434
30
887
4060
1375
5640
5197
4455
9414
12932
25394
1615
31098
6336
21
16
225
22
16
225
23
2315
225
23
465
26
203
5197
4455
9414
12932
25394
1615
31098
6336
22
16
225
23
16
225
23
2315
225
25
465
24
203
7203
4892
1731
436
7120
297
277
194863
18
2586
724
2364
225
26
306
225
24
18
2586
277
9444
3032
352
648
21
16
22
16
23
65
341
225
26
18
2586
954
11470
10413
344
15519
330
5513
13
6632
225
26
16
306
411
14441
648
22
16
23
16
23
65
344
24
680
2586
3097
1011
648
23
16
1145
16
22
16
27
65
361
225
27
35
22547
411
361
386
903
341
387
1115
14530
20740
297
277
1682
352
648
23
16
1145
16
22
16
27
65
2920
304
910
852
5980
35
22977
277
138394
330
5513
341
33649
1094
592
411
44914
304
399
35
2209
386
1011
2312
277
1682
18
16473
1310
386
8081
30
2136
8565
13
351
225
21
592
4455
8565
5791
79
16
1625
225
20
18
5489
2983
351
1435
302
10037
1860
330
386
4455
304
399
18
1563
648
21
16
22
16
23
2315
50104
4455
304
225
23
30
648
23
65
306
648
21
16
22
65
1117
225
22
16
516
225
26
18
2586
516
382
25790
2136
8565
13
351
1435
302
10037
1860
331
302
330
1175
386
4455
10210
5791
79
16
689
724
1994
277
8295
138394
396
4455
225
20
16
306
851
1994
386
277
138394
330
5513
341
33649
1094
592
411
44914
304
399
35
3483
341
1656
396
2946
382
25790
724
1994
386
277
2136
302
265
138394
330
341
277
1435
302
10037
1860
344
1425
277
4607
4173
13
386
4455
304
399
306
436
6792
304
330
35
3483
1011
361
225
21
352
1450
330
386
44914
304
399
16
225
20
7494
16
2983
351
1435
302
330
115738
304
399
18
29483
396
2946
382
27872
516
382
23928
386
616
6292
6329
730
4475
954
11470
10413
16
2964
67942
386
277
1310
352
648
23
16
1145
16
22
16
27
65
2428
361
265
20511
18
2952
16
539
1008
304
1717
616
6292
18
22977
903
341
265
122221
30
461
2746
4060
373
1833
2136
302
265
138394
341
5047
396
277
1435
302
969
10037
1860
386
4455
304
399
1304
887
2428
361
26335
396
30
1563
1450
138394
330
344
1425
27166
733
539
1994
616
10037
1860
302
277
4607
4173
386
436
10037
1860
302
330
35
2523
16
4924
1065
539
1645
382
20822
16
1387
411
361
386
277
373
3503
25394
6
297
277
8559
302
2136
13244
304
10037
1860
302
277
4607
4173
16
516
302
330
35
3483
341
16
2136
8565
13
351
1435
302
10037
1860
331
302
27166
344
1833
4425
4173
13
1175
386
331
341
265
138394
302
330
306
4455
10210
5791
79
18
3483
341
7662
954
16340
18
2586
840
382
25790
277
5151
341
386
277
4173
27166
874
569
31579
2911
16
306
277
138394
330
341
5047
498
23864
16
713
69488
436
4800
9746
18
5641
97102
10413
40977
352
386
1480
539
82451
898
50104
331
344
78620
23864
13
306
33649
40248
1403
330
18
3483
4229
15470
302
69488
382
2500
648
23
16
1145
16
22
16
27
2315
616
9746
16
713
840
4264
382
19477
2292
277
2927
1310
4027
402
954
10413
304
1565
592
724
4475
277
2688
4655
19237
18
1437
724
589
16
1232
4164
277
648
23
16
1145
16
22
16
27
65
1310
341
387
55210
18
1283
530
1310
402
2363
38278
35
2209
539
530
3368
30
461
2927
1310
4027
436
3419
402
3018
4655
19237
18
1437
954
10413
22699
1731
5463
68437
225
21
73
29
15
27
16
1232
1850
4309
18
1437
516
16
1232
954
10413
341
6078
18
7517
539
4273
1774
2363
1743
16
539
1008
304
6724
277
4619
18
461
2927
1310
4027
5084
5470
304
361
2927
16
306
954
10413
1011
361
7434
30
38474
898
4455
306
1682
35
41729
539
1008
304
17208
12047
1242
56
30
4455
73555
97
225
22
2421
82
100611
56
155485
19792
352
307
778
304
225
1296
16
399
778
304
225
1296
16
27166
2943
65
778
304
225
21
73
24
18
957
341
265
16013
22517
4455
27946
402
19810
366
2287
18
1283
530
911
38474
30
4214
29124
34033
4274
71
65
351
1435
302
50104
344
77
3077
1278
10037
1860
13
302
27166
386
569
4455
272
306
2287
274
18
5489
3032
351
12047
1242
71
97
29124
20429
4274
71
65
535
225
22
2421
82
506
274
97
893
374
382
2110
530
17208
29124
1347
225
20
19
21
965
182511
898
5015
18
7517
307
33
1296
16
399
26720
1296
16
306
1450
27166
2943
65
778
304
225
21
73
24
16
689
539
1094
2081
778
304
4455
399
18
2586
539
530
1999
2911
1518
399
35
41729
27166
2943
65
530
361
1518
399
16
689
1731
5015
4273
361
766
302
839
22517
115738
304
399
1480
616
5463
436
4898
18
2586
539
530
14801
1019
420
2489
1019
396
516
47252
18
2586
539
530
5419
27166
304
1094
1731
6758
399
35
2209
17034
30
8269
592
387
2479
1518
399
16
411
1387
361
5101
297
265
22517
386
44914
304
399
1094
592
9634
402
6484
5463
16
689
616
5463
436
4898
16
713
840
18
2586
539
530
21606
14801
5015
1518
399
18
2952
16
6035
386
1131
5015
2188
2893
297
277
4173
306
3910
277
51628
225
22
2421
82
506
274
97
1480
307
341
2983
4354
302
4607
27166
16
516
1060
1731
6758
399
18
610
277
10413
16
307
341
277
4354
302
277
4607
4173
16
1480
40248
1403
330
436
11339
499
616
23864
18
2586
1571
592
387
2479
1518
399
341
516
766
302
839
331
16
411
2188
28446
304
277
1682
302
330
386
3451
331
344
1892
1610
5101
420
516
297
330
680
610
277
4455
12047
1242
56
97
225
22
2421
82
506
367
56
96
2547
307
341
2983
1435
302
5015
344
15519
1731
1518
399
680
2586
539
1998
911
4607
307
16
516
23788
1682
18
2209
890
13131
29124
16
539
1094
1994
50104
331
386
4455
304
399
31
724
4732
1094
302
5015
6758
399
18
2586
539
530
17208
29124
1347
1094
5015
402
1333
6758
399
16
689
277
51628
5119
307
344
20128
4354
680
9405
6772
382
8311
16
1414
954
11470
10413
6496
277
2688
4655
19237
352
277
2927
1310
4027
35
99008
12035
18
16473
1310
265
7652
20488
35
3557
31975
382
23928
277
4967
16
342
1761
277
9444
4377
341
14233
2983
351
12047
1242
56
30
4455
73555
97
225
22
2421
82
506
367
56
96
7342
461
648
23
16
1145
16
22
16
27
65
1310
2428
361
265
103364
16
31518
225
27
4993
302
225
28
18
2209
539
1998
1717
411
16
713
539
1008
304
6313
304
771
225
27
352
386
3018
1690
1706
10868
3575
4309
18
22547
903
361
265
15277
1207
954
10413
898
118107
498
225
21
352
492
2879
4173
35
16473
2292
592
903
341
839
138394
330
386
28446
387
4814
1682
35
610
954
81277
16
539
1078
225
28
330
494
1450
23477
225
21
18
8548
730
2428
361
4800
15235
35
99008
277
8295
138394
330
341
4800
35
2209
8295
330
1414
516
3451
839
331
18
2586
516
382
25790
724
1994
386
277
138394
330
1998
361
1713
61226
35
64452
616
436
1713
61226
18
2586
2188
225
28
382
25790
724
1994
386
277
138394
330
5513
341
33649
1094
592
411
341
265
1996
138394
302
277
4607
4173
35
3483
341
16
277
4425
4173
341
516
4800
265
138394
35
32468
277
4425
4173
341
265
138394
18
2209
592
724
29082
277
4425
4173
16
1232
352
648
23
16
1145
16
22
16
27
2315
277
4425
4173
341
330
351
391
20
16
21
16
22
16
23
97
697
5720
331
1801
21
97
306
28446
225
21
18
1437
539
29082
330
351
4425
4173
16
1232
277
1435
302
330
7824
331
1011
361
225
22
2421
23
97
506
225
21
351
225
27
18
3483
22699
225
27
18
1563
852
7120
16
1414
38147
277
4425
4173
1265
265
5052
35
16473
1310
382
2500
648
21
16
22
16
23
2315
592
539
29082
330
351
4425
4173
344
63721
391
20
16
21
16
22
28674
1232
2983
15667
1011
361
30
330
7824
331
1801
23
97
344
6118
21
2738
40248
1403
302
331
436
616
50104
386
2549
3591
22
18
7551
302
1175
330
351
225
22
2421
22
97
351
225
24
344
29753
852
1217
23864
530
361
11339
680
2209
592
539
29082
277
4425
4173
16
539
1008
304
57859
225
21
592
277
4425
4173
341
3724
1019
18
461
4425
4173
341
391
20
16
21
16
22
97
697
4059
3591
22
35
8520
16
411
4059
3591
22
18
2586
539
1011
57859
225
21
499
386
1682
16
3130
411
225
23
352
331
1801
23
7342
1563
331
1801
21
16
22
97
344
63721
225
20
16
21
2738
40248
1403
302
331
436
50104
386
2549
1804
225
20
306
225
21
18
7551
351
225
22
2421
21
97
351
225
22
344
29753
3591
22
530
361
11339
420
516
680
461
4425
4173
341
391
20
16
21
16
22
2547
697
4059
1804
225
20
306
225
21
16
713
411
341
730
302
277
40248
1403
18
1437
539
29082
4425
4173
16
539
57859
225
21
16
3130
411
225
21
18
5489
2983
351
225
23
15
21
33
24
18
2209
4655
225
26
18
2586
386
4007
4475
382
1974
592
539
29082
277
4425
4173
499
277
4455
302
16751
344
77
3077
1278
539
589
516
1994
277
138394
386
341
277
4569
4173
15309
5489
352
1450
330
386
341
277
4425
4173
16
539
589
516
2549
969
2136
18
3483
1011
57859
277
2136
302
277
4425
4173
499
277
2983
18
610
954
4607
2983
16
277
4425
4173
28446
969
2136
30
1435
302
969
10037
1860
115738
304
399
18
1563
648
21
16
22
16
23
2315
4425
4173
2136
351
1435
302
969
10037
1860
115738
304
225
23
351
225
22
344
29753
648
23
65
306
648
21
16
22
23923
1437
539
29082
386
16
2983
1011
361
225
26
506
225
22
351
225
24
18
3557
225
26
382
4892
38147
4425
4173
4007
1356
382
25790
724
29082
277
8295
138394
35
3483
4007
2312
382
1974
819
277
1690
1207
330
341
7662
331
35
610
277
4607
4455
16
539
1682
331
352
330
84468
18
1437
539
29082
330
84468
499
277
27946
344
77
3077
1278
2136
8565
13
19720
1094
1996
10037
1860
733
1232
2983
351
12047
1242
56
97
344
22
2421
82
100611
56
155485
506
225
21
680
1563
648
23
16
1145
16
22
16
27
65
6632
225
27
16
352
648
21
16
22
16
23
65
6632
225
24
18
2586
648
21
16
22
16
23
65
1011
361
225
24
16
516
225
26
18
2209
277
1310
352
648
21
16
22
16
23
65
341
225
26
18
2952
16
6035
386
277
194863
7120
2549
648
21
16
22
16
23
65
2649
225
26
18
2586
386
341
265
5167
2024
18
2586
839
4377
386
4007
6496
225
26
352
386
1690
1011
361
6078
3308
304
277
2746
6434
18
2586
277
1310
648
23
16
1145
16
22
16
27
65
1998
361
10358
402
277
1656
8559
18
8111
16
954
4381
16340
1998
361
4309
16
306
277
648
23
16
1145
16
22
16
27
65
1310
341
3673
265
20511
420
539
175538
277
4173
35
16473
4638
18400
277
4173
30
648
23
16
225
1145
16
225
22
16
225
27
1807
22547
903
361
265
22517
648
23
16
22
16
117376
840
18
648
27
16
117376
840
18
648
23
16
27
16
117376
225
622
1008
225
27
16
689
903
341
265
225
27
16
689
1850
277
1656
3591
35
41729
903
341
265
225
27
468
3591
23
18
2586
648
23
16
27
16
27
128410
1094
730
225
27
18
2586
840
382
25790
724
1994
386
277
138394
530
361
302
4354
225
20
35
2523
382
25790
277
2136
302
265
138394
330
341
5047
396
277
1435
302
10037
1860
344
1425
277
4607
4173
13
386
4455
304
399
306
436
6792
304
330
35
3483
1011
361
225
21
352
1450
330
386
44914
304
399
16
1625
225
20
18
1563
648
23
16
1145
16
22
16
27
2315
50104
386
4455
304
399
30
1094
648
1145
65
44914
304
225
1145
35
41729
648
23
16
22
16
27
16
25
65
840
18
2586
1094
648
1145
65
44914
304
225
1145
18
2586
2983
351
225
21
18
3557
225
27
382
25790
2136
8565
13
351
1435
302
10037
1860
302
330
386
4455
304
399
16
689
724
1994
277
8295
138394
396
2896
4455
225
20
306
8696
724
1994
386
277
8295
138394
44914
304
225
20
16
516
399
16
713
840
382
1974
592
277
4173
341
648
23
16
1145
16
22
16
27
65
306
399
33
1145
16
689
724
1994
10037
1860
396
72075
306
724
1682
5961
989
80221
386
4455
304
399
16
306
539
6974
386
7939
225
26
352
648
21
16
22
16
23
65
689
225
22
352
648
22
16
23
16
23
1807
2586
516
382
23928
277
27728
4967
386
277
9444
10413
341
12047
1242
56
97
225
22
2421
82
100611
56
96
2547
2964
2540
304
10987
386
277
1310
352
648
23
16
1145
16
22
16
27
65
341
265
20511
306
1196
361
225
28
18
2952
16
396
265
7966
21315
16
342
1008
304
3138
265
1154
386
19553
616
2688
6292
18
2586
9745
342
1196
3138
277
1154
386
6714
225
27
352
386
3018
2740
1706
2188
19210
4309
2911
352
616
852
6292
18
3483
1011
361
16474
93
16
689
8696
903
341
265
30495
122221
539
18391
386
7815
277
1682
304
361
225
27
352
648
23
16
1145
16
22
16
27
65
1706
2188
7859
225
26
352
648
21
16
22
16
23
15032
19477
316
195488
277
2746
30
373
75708
277
4455
302
16751
302
616
10037
1860
302
27166
18
461
2136
302
265
138394
341
5047
396
277
1435
302
969
10037
1860
386
4455
304
399
2885
44125
277
202267
341
386
373
3503
25394
6
1743
2428
3867
304
265
138394
302
277
4607
4173
16
689
890
539
1863
265
138394
330
16
969
373
3503
58257
6
436
5047
396
10037
1860
302
277
4607
4173
386
436
10037
1860
302
330
35
9405
1065
539
1645
382
25790
903
341
387
28368
4550
30
461
10037
1860
1998
361
4582
297
277
1656
1991
396
297
277
4607
4173
16
689
386
4007
3910
44914
382
13617
3592
30
22547
411
361
386
277
2136
302
265
138394
330
341
277
1435
302
10037
1860
344
1425
277
4607
4173
13
386
4455
304
399
306
436
6792
304
330
35
3483
341
16
352
1450
330
16
2136
8565
13
351
225
21
592
903
8654
265
138394
331
344
1425
27166
13
1175
386
331
351
330
306
4455
10210
5791
79
16
1625
225
20
18
2209
386
1011
361
1060
387
19072
18
5489
2983
4455
351
1435
302
10037
1860
330
386
4455
304
399
18
1563
648
21
16
22
16
23
2315
4924
225
22
16
516
225
26
18
2586
840
382
25790
1850
30
2136
8565
13
351
1435
302
10037
1860
331
302
27166
1175
386
331
341
265
138394
302
330
306
4455
10210
5791
79
16
689
331
1998
361
265
138394
302
27166
344
8781
411
341
680
9405
1656
382
25790
277
2746
674
265
236759
30
373
1833
1435
302
969
10037
1860
386
4455
304
399
6
1387
361
26335
396
277
1435
302
4781
304
5857
265
138394
302
330
386
44914
304
399
16
689
724
2428
361
27946
1450
1528
302
19408
23864
16
516
1060
50104
35
9405
1065
539
1645
382
19477
3612
352
3600
3162
4066
18
2278
341
265
3162
2746
30
373
20454
302
16751
302
616
10037
1860
6
6848
8615
297
17673
8013
18
342
19877
265
2746
30
18750
387
4173
306
265
2741
399
16
1511
277
4455
898
616
10037
1860
302
277
1435
302
10037
1860
302
386
138394
386
4455
304
399
18
957
341
11104
304
27946
15278
344
37
35939
13
1175
386
340
341
265
138394
302
27166
16
398
341
265
138394
302
340
16
306
4455
13417
5791
79
18
957
530
361
23491
983
27946
616
398
344
3503
34763
13
115738
304
399
16
306
352
1450
398
16
1682
277
1435
302
340
386
3451
398
16
697
341
225
22
2421
82
506
367
38
96
7342
9405
954
62582
18
957
5563
4689
382
23928
386
277
3419
7120
344
22795
730
13
4475
16
2964
40671
304
4915
386
277
648
23
16
1145
16
22
16
27
65
1310
341
387
2615
18
2952
16
304
361
6085
16
13640
13561
277
648
23
16
1145
16
22
16
27
65
1310
402
277
8081
10413
30
2983
351
12047
1242
56
30
4455
73555
97
225
22
2421
82
506
367
56
96
7342
1283
19377
225
28
18
22547
903
361
265
15277
1207
331
351
648
23
16
22
16
27
16
25
128410
2523
18
2209
8696
724
1994
386
10037
1860
436
4582
402
13293
35
2523
382
25790
277
2136
302
265
138394
330
341
5047
396
277
1435
302
10037
1860
344
1425
277
4607
4173
13
386
4455
304
399
306
436
10037
1860
302
330
16
689
724
1994
277
8295
138394
396
115738
304
225
20
16
306
724
851
1994
386
277
138394
330
5513
341
516
33649
592
411
44914
304
399
35
3483
1011
57859
352
330
84468
890
4455
10210
5791
79
18
1563
648
23
16
1145
16
22
16
27
2315
331
15345
1145
65
44914
304
399
16
713
330
84468
1011
361
26217
18
5489
2983
351
12047
1242
56
97
344
22
2421
82
100611
56
155485
506
225
21
13
351
225
27
18
1563
648
21
16
22
16
23
2315
331
15345
23
65
44914
304
399
16
330
84468
26217
30
225
22
2421
22
13468
21
33
23
31
331
15345
21
16
22
65
44914
304
399
16
330
84468
26217
30
225
22
2421
21
13468
21
33
21
31
2983
33
24
18
2209
4655
225
26
18
2586
386
18048
382
1974
592
724
29082
330
84468
1094
890
330
341
277
4425
4173
35
3557
382
25790
724
29082
330
84468
1094
890
330
341
277
4425
4173
35
3483
1011
57859
225
21
352
1450
331
386
341
277
4425
4173
35
2209
331
341
277
4425
4173
1094
592
277
4425
4173
44914
304
399
18
610
648
21
16
22
16
23
2315
4425
4173
4455
33
26
516
399
16
713
840
68993
18
610
648
23
16
1145
16
22
16
27
2315
4425
4173
4455
33
1748
516
399
16
713
840
68993
18
2586
516
382
25790
724
29082
330
386
436
277
4425
4173
499
277
4455
302
16751
344
77
3077
1278
539
1907
1994
277
138394
386
341
277
4569
4173
680
5489
352
1450
331
16
539
1682
1094
40248
1403
330
386
436
516
277
4425
4173
18
1563
648
23
16
1145
16
22
16
27
2315
40248
1403
302
331
15345
1145
65
386
436
516
277
4425
4173
30
2983
40248
1403
351
225
28
16
4425
4173
341
730
302
1019
16
713
225
27
18
1563
648
21
16
22
16
23
2315
331
15345
23
65
40248
1403
30
616
50104
7824
3591
22
30
225
24
16
4425
4173
341
730
302
1019
16
713
225
23
31
331
15345
21
16
22
65
40248
1403
30
225
22
16
4425
4173
341
730
302
1019
35
4425
4173
4059
1804
23864
225
20
306
225
21
16
713
12035
16
713
225
21
18
11612
351
225
23
15
21
33
24
16
689
4655
225
26
18
2586
18048
382
27872
277
1094
1528
304
771
225
27
352
648
23
16
1145
16
22
16
27
65
1706
10868
225
26
352
648
21
16
22
16
23
65
341
592
277
27946
302
40248
1403
330
352
1450
331
35864
297
910
852
1528
16
9745
1480
352
648
21
16
22
16
23
2315
903
341
910
122221
386
15013
387
4814
1682
386
341
516
1831
297
648
23
16
1145
16
22
16
27
1807
22547
903
361
265
15277
1207
265
331
386
44914
304
399
530
361
12359
297
330
297
717
936
730
1528
2920
304
31579
5015
35
610
648
23
16
1145
16
22
16
27
2315
616
9746
16
713
1450
330
341
265
9746
22517
18
610
648
21
16
22
16
23
2315
851
9746
18
2586
277
1435
302
330
7824
331
341
7662
225
22
2421
82
100611
56
155485
15470
302
69488
18
2586
516
382
25790
277
2136
302
265
138394
330
341
5047
396
277
1435
302
969
10037
1860
386
4455
304
399
16
689
724
1994
277
138394
330
5513
516
396
265
138394
302
5513
35
3483
341
16
724
2428
8483
373
3503
25394
6
396
265
6917
6202
498
48334
730
420
717
5015
344
664
1713
61226
1996
138394
680
5489
277
2136
19720
1094
1996
10037
1860
344
87026
330
680
3483
7939
225
24
352
648
21
16
22
16
23
65
689
539
1008
225
26
18
2586
8696
724
2549
277
8295
138394
35
2523
382
20822
16
1065
592
724
2549
277
8295
138394
396
265
4080
138394
16
306
969
4455
341
225
20
16
516
399
16
713
840
1603
382
27872
2761
341
1115
382
19477
316
25735
277
2746
6434
14316
30
373
23928
387
11795
4173
27166
306
265
4898
11795
399
16
12450
277
4455
302
16751
302
616
10037
1860
302
27166
18
461
2136
302
265
138394
341
5047
396
277
1435
302
969
10037
1860
386
4455
304
399
2885
25790
277
18017
373
1104
10037
1860
6
13244
304
10037
1860
302
277
4607
4173
386
436
10037
1860
302
386
138394
35
3483
341
1065
539
1161
382
27023
903
361
265
236759
819
277
2431
373
3503
25394
6
297
277
3522
302
277
2136
30
461
2136
302
265
138394
330
341
277
1435
302
10037
1860
344
1425
277
4607
4173
13
386
4455
304
399
306
436
6792
304
330
35
3483
1011
361
30
1563
1450
330
16
2136
8565
13
351
225
21
592
330
341
265
138394
302
27166
344
8781
411
341
13
306
4455
8565
5791
79
16
1625
225
20
18
5489
2983
4455
351
1435
302
10037
1860
330
302
27166
402
4455
8565
5791
79
18
1563
648
21
16
22
16
23
2315
4924
225
22
16
516
225
26
18
2586
840
382
25790
1850
30
2136
8565
13
351
1435
302
10037
1860
331
302
27166
1175
386
331
341
265
138394
302
330
306
4455
10210
5791
79
16
689
331
1998
361
265
138394
302
27166
344
8781
411
341
680
29483
382
45
1761
277
9444
4377
341
277
730
539
11470
18
461
1310
648
23
16
1145
16
22
16
27
65
2428
361
265
20511
297
277
2746
6434
3419
304
471
18
2952
16
396
277
21315
16
342
1998
3138
265
1154
386
19553
616
277
6292
18
1437
342
3138
277
4309
10413
16
642
411
1717
277
648
23
16
1145
16
22
16
27
65
1310
35
887
642
4759
1480
411
6714
225
28
4993
302
225
27
18
2209
8696
277
1310
341
516
3757
766
302
277
2522
10393
35
461
2746
4060
30
373
3039
1196
18523
277
2363
385
11116
297
265
127068
2363
2732
344
22310
642
61694
277
4607
5442
13
4074
5904
2292
68768
9414
12932
25394
1615
31098
13
304
1774
6292
1304
2586
277
2292
1154
4059
386
40439
18
2586
539
1998
1717
411
382
27872
539
1008
304
7745
686
1065
277
4309
8559
341
386
22699
225
27
352
386
1690
306
225
26
352
3575
382
19477
5842
304
32012
277
2983
4455
498
88934
5664
352
648
23
16
1145
16
22
16
27
65
306
1565
592
8696
903
341
387
8081
16340
386
22699
225
27
382
61792
88934
5664
616
1713
61226
10037
1860
330
344
3503
34763
13
302
23864
344
883
680
1563
1450
330
16
1682
277
1435
302
10037
1860
331
302
330
344
15519
11568
8295
35
689
8295
4455
225
20
516
399
13
386
4455
304
399
18
5489
4455
1131
19720
18
1283
3402
1645
386
306
3289
225
28
18
16473
4638
18400
498
20135
616
330
306
19720
1375
58029
30
225
20
12
23
733
21
12
1145
733
22
12
22
733
23
12
27
994
61792
1568
616
50104
330
344
883
13
306
17208
1435
302
50104
331
302
330
402
4455
225
1145
382
2110
530
4602
265
4374
7498
1736
689
13640
50593
35909
382
61792
27967
330
498
277
867
302
23864
411
5720
382
2500
1450
330
16
331
87913
330
382
61792
704
1257
616
330
1375
21
18
330
351
391
20
97
344
23
2738
331
50104
30
391
20
97
4455
23
516
225
1145
18
2586
1682
225
20
382
22
18
330
351
391
21
97
344
1145
2738
331
50104
30
391
21
97
4455
1145
1117
1682
225
21
382
23
18
330
351
391
22
97
344
22
2738
225
20
382
24
18
330
351
391
23
97
344
27
2738
225
20
382
25
18
330
351
391
20
16
21
97
344
23
16
1145
2738
331
50104
30
391
20
97
23
16
391
21
97
1145
16
391
20
16
21
97
696
18
2586
391
21
97
4455
1145
1117
21
382
26
18
330
351
391
20
16
22
97
344
23
16
22
2738
331
30
391
20
97
23
16
391
22
97
22
16
391
20
16
22
97
25
1117
20
382
27
18
330
351
391
20
16
23
97
344
23
16
27
2738
331
30
391
20
97
23
16
391
23
97
27
16
391
20
16
23
97
622
1117
20
382
28
18
330
351
391
21
16
22
97
344
1145
16
22
2738
331
30
391
21
97
1145
16
391
22
97
22
16
391
21
16
22
97
1057
1117
21
382
29
18
330
351
391
21
16
23
97
344
1145
16
27
2738
331
30
391
21
97
1145
16
391
23
97
27
16
391
21
16
23
97
1199
1117
21
382
622
18
330
351
391
22
16
23
97
344
22
16
27
2738
331
30
391
22
97
22
16
391
23
97
27
16
391
22
16
23
97
29
1117
20
382
807
18
330
351
391
20
16
21
16
22
97
344
23
16
1145
16
22
2738
331
50104
30
1568
616
225
27
1713
61226
35
41729
331
530
361
839
1713
61226
22517
302
330
18
4716
1731
402
4455
1145
18
4758
34763
30
391
20
14883
23
16
391
21
14883
1145
16
391
22
14883
22
16
391
20
16
21
14883
696
16
391
20
16
22
14883
25
16
391
21
16
22
14883
1057
16
391
20
16
21
16
22
14883
1336
18
2586
1094
391
21
97
1117
21
382
740
18
330
351
391
20
16
21
16
23
97
344
23
16
1145
16
27
2738
50104
30
391
20
14883
23
82430
21
14883
1145
82430
23
14883
27
82430
20
16
21
14883
696
82430
20
16
23
14883
622
82430
21
16
23
14883
1199
82430
20
16
21
16
23
14883
1592
1117
391
21
97
1117
21
382
1068
18
330
351
391
20
16
22
16
23
97
344
23
16
22
16
27
2738
50104
30
391
20
14883
23
82430
22
14883
22
82430
23
14883
27
82430
20
16
22
14883
25
82430
20
16
23
14883
622
82430
22
16
23
14883
29
82430
20
16
22
16
23
14883
740
1117
5023
4455
1145
1117
20
382
992
18
330
351
391
21
16
22
16
23
97
344
1145
16
22
16
27
2738
50104
30
391
21
14883
1145
82430
22
14883
22
82430
23
14883
27
82430
21
16
22
14883
1057
82430
21
16
23
14883
1199
82430
22
16
23
14883
29
82430
21
16
22
16
23
14883
1670
1117
391
21
97
1117
21
382
883
18
330
351
391
20
16
21
16
22
16
23
97
344
514
2738
50104
30
616
225
883
1713
61226
18
8548
4455
304
225
1145
35
10546
391
21
105323
6621
616
30
391
21
14883
1145
16
839
3575
35
391
20
16
21
14883
696
16
391
20
16
22
14883
25
16
391
20
16
23
14883
622
16
391
21
16
22
14883
1057
16
391
21
16
23
14883
1199
16
391
22
16
23
14883
29
16
391
20
16
21
16
22
14883
1336
16
391
20
16
21
16
23
14883
1592
16
391
20
16
22
16
23
14883
740
16
391
21
16
22
16
23
14883
1670
16
391
20
16
21
16
22
16
23
14883
1748
18
2586
1094
391
21
7342
2586
1682
33
21
382
8311
4455
616
19720
30
330
21
30
20
16
330
22
30
21
16
330
23
30
20
16
330
24
30
20
16
330
25
30
21
16
330
26
30
20
16
330
27
30
20
16
330
28
30
21
16
330
29
30
21
16
330
622
30
20
16
330
807
30
21
16
330
740
30
21
16
330
1068
30
20
16
330
992
30
21
16
330
883
30
21
18
16473
919
30
225
21
15
21
15
21
15
21
15
21
15
21
15
21
15
21
351
225
28
35
16473
1682
30
330
22
33
21
16
330
25
33
21
16
330
28
33
21
16
330
29
33
21
16
330
807
33
21
16
330
740
33
21
16
330
992
33
21
16
330
883
33
21
1117
4924
225
28
18
8520
16
2983
225
28
382
4892
277
88934
5664
81277
22699
225
28
18
8111
16
277
1310
31518
225
27
341
41514
402
277
8559
396
539
2550
411
382
23928
492
16
2964
31029
386
277
1310
341
74052
18
2952
16
2650
539
1998
1717
616
6292
16
9745
903
341
265
202267
30
461
2746
2428
1994
10037
1860
396
373
11317
61226
6
306
851
1994
386
277
8295
138394
341
516
4800
18
3483
539
3402
1645
18
21209
225
28
382
25790
724
1994
386
277
2136
302
265
138394
330
341
277
1435
302
969
10037
1860
386
4455
304
399
16
689
724
1682
1450
1175
138394
331
1094
592
411
341
265
1996
138394
302
330
344
77
3077
1278
331
138290
330
680
5489
539
1011
569
19720
30
1563
1450
330
16
1682
1996
331
402
4455
399
18
5489
2983
351
12047
1242
55
97
34856
1996
331
680
1283
19377
386
352
648
23
16
1145
16
22
16
27
65
306
3289
35
16473
17208
386
396
1357
304
1565
382
2110
530
17771
14299
6697
1347
277
1656
81277
689
27946
1094
331
138290
330
382
2500
1450
330
16
539
1008
304
1682
50104
331
302
330
1175
386
4455
33
1145
306
331
138290
330
382
61792
704
1257
330
1568
1375
21
18
330
1801
20
18631
1996
331
30
5023
344
29753
1094
1996
341
8295
16
697
539
14801
396
4455
194006
79
680
2586
225
20
382
22
18
330
1801
21
18631
1996
331
30
5023
344
6850
8295
680
2586
225
20
382
23
18
330
1801
22
18631
225
20
382
24
18
330
1801
23
18631
225
20
382
25
18
330
1801
20
16
21
18631
1996
331
30
50104
302
391
20
16
21
97
6329
391
20
16
21
18631
391
20
66510
21
7342
391
21
97
4455
1145
1117
21
18
2586
1682
33
21
382
26
18
330
1801
20
16
22
18631
1996
30
391
20
66510
22
7342
5023
4455
1145
1117
20
382
27
18
330
1801
20
16
23
18631
1996
30
391
20
66510
23
7342
5023
1117
20
382
28
18
330
1801
21
16
22
18631
1996
30
391
21
66510
22
7342
391
21
97
1117
21
382
29
18
330
1801
21
16
23
18631
1996
30
391
21
66510
23
7342
391
21
97
1117
21
382
622
18
330
1801
22
16
23
18631
1996
30
391
22
66510
23
7342
5023
1117
20
382
807
18
330
1801
20
16
21
16
22
18631
1996
30
616
50104
6329
391
20
16
21
16
22
7342
4758
34763
30
391
20
14883
23
82430
21
14883
1145
82430
22
14883
22
82430
20
16
21
14883
696
82430
20
16
22
14883
25
82430
21
16
22
14883
1057
18
2586
391
21
97
1117
21
382
740
18
330
1801
20
16
21
16
23
18631
1996
30
391
20
14883
23
82430
21
14883
1145
82430
23
14883
27
82430
20
16
21
14883
696
82430
20
16
23
14883
622
82430
21
16
23
14883
1199
18
391
21
97
1117
21
382
1068
18
330
1801
20
16
22
16
23
18631
1996
30
391
20
14883
23
82430
22
14883
22
82430
23
14883
27
82430
20
16
22
14883
25
82430
20
16
23
14883
622
82430
22
16
23
14883
29
18
5023
1117
20
382
992
18
330
1801
21
16
22
16
23
18631
1996
30
391
21
14883
1145
82430
22
14883
22
82430
23
14883
27
82430
21
16
22
14883
1057
82430
21
16
23
14883
1199
82430
22
16
23
14883
29
18
391
21
97
1117
21
382
883
18
330
1801
20
16
21
16
22
16
23
18631
1996
30
616
50104
6329
277
2833
867
18
1283
1008
304
1568
616
1713
61226
1996
50104
302
330
306
2292
4455
1145
18
8548
50104
4455
304
225
1145
35
391
21
97
4455
1145
16
839
3575
35
391
20
16
21
16
22
16
23
105323
4455
1748
840
18
391
20
16
21
16
22
105323
1336
16
391
20
16
21
16
23
105323
1592
16
391
20
16
22
16
23
105323
740
16
391
21
16
22
16
23
105323
1670
16
391
20
16
21
105323
696
16
391
20
16
22
105323
25
16
391
20
16
23
105323
622
16
391
21
16
22
105323
1057
16
391
21
16
23
105323
1199
16
391
22
16
23
105323
29
18
2586
1094
391
21
7342
6755
391
20
16
21
16
22
16
23
105323
516
1996
18
2586
1682
33
21
382
8311
4455
30
330
22
35
41729
330
22
1801
21
97
1682
20
16
330
25
33
21
16
330
28
33
21
16
330
29
33
21
16
330
807
33
21
16
330
740
33
21
16
330
992
33
21
16
330
883
33
21
1117
4924
225
28
1754
35
26128
330
25
16
330
28
16
330
29
16
330
807
16
330
740
16
330
992
16
330
883
436
225
21
1450
16
4924
225
27
35
16473
1568
30
330
25
33
21
16
330
28
33
21
16
330
29
33
21
16
330
807
33
21
16
330
740
33
21
16
330
992
33
21
16
330
883
33
21
1117
4924
225
27
18
2209
539
851
569
330
35
16722
539
2549
330
35
330
22
33
20
16
330
23
33
20
16
330
24
33
20
16
330
26
33
20
16
330
27
33
20
16
330
622
33
20
16
330
1068
33
20
18
2586
2983
351
225
21
15
21
15
21
15
21
15
21
15
21
15
21
351
225
27
18
8520
16
4924
225
27
5
8801
352
330
1801
21
97
344
1833
83703
733
277
1996
331
1682
341
225
20
344
29753
331
1998
361
1996
16
306
277
1094
1713
61226
22517
341
330
5513
16
697
341
26217
680
610
954
4607
1682
344
15519
330
5513
733
330
1801
21
97
20366
225
21
18
3464
38147
330
5513
16
539
57859
225
21
499
386
330
18
2586
2983
7883
225
27
18
3483
14441
277
1310
382
27872
277
1310
648
23
16
1145
16
22
16
27
65
1377
225
27
21062
304
277
16340
1207
277
2136
302
265
138394
330
341
277
1435
302
969
1996
10037
1860
386
4455
304
399
344
77
3077
1278
38147
330
5513
680
2952
16
492
16340
7939
2983
225
24
352
648
21
16
22
16
23
65
689
277
1310
36033
225
26
18
2586
903
341
100849
30
648
21
16
22
16
23
65
36033
225
26
16
697
1011
361
277
1682
2291
330
5513
344
29753
539
3289
225
28
35
41729
352
648
21
16
22
16
23
65
539
19377
2983
225
28
890
2291
330
5513
35
26128
7977
539
19377
2983
352
648
21
16
22
16
23
65
1347
21032
302
330
5513
7939
225
26
16
516
225
28
18
16473
996
34239
648
21
16
22
16
23
65
402
21032
302
330
5513
30
539
1078
330
1801
23
97
20366
225
21
16
330
1801
21
16
23
97
20366
225
21
344
29753
331
1801
23
28674
330
1801
22
16
23
97
20366
225
21
344
56
1801
23
28674
330
1801
21
16
22
16
23
97
20366
225
22
344
56
1801
23
97
306
331
1801
21
16
22
25171
9405
2983
225
21
15
21
15
21
15
22
351
225
25
35
26128
539
1008
304
2549
851
330
1801
21
16
22
105323
3483
20366
225
20
18
330
1801
21
16
22
16
23
97
7939
225
22
18
330
1801
21
16
23
97
7939
225
21
16
330
1801
22
16
23
97
7939
225
21
16
330
1801
23
97
7939
225
21
18
9405
225
25
18
2209
7977
539
1392
2983
540
225
26
18
16473
17771
14299
14316
352
648
21
16
22
16
23
65
402
21032
302
330
5513
382
52547
351
648
21
16
22
16
23
1807
307
33
23
382
58029
30
225
20
30
21
16
21
30
22
16
22
30
23
382
61792
1568
616
1713
61226
50104
330
306
1682
331
87913
330
344
15519
11568
330
5513
13
402
4455
33
23
382
21
18
330
1801
20
97
344
21
2738
331
50104
30
391
20
97
4455
21
2649
20
382
22
18
330
1801
21
97
344
22
2738
225
20
382
23
18
330
1801
22
97
344
23
2738
331
30
391
22
97
4455
23
2649
21
382
24
18
330
1801
20
16
21
97
344
21
16
22
2738
331
30
391
20
14883
21
82430
21
14883
22
82430
20
16
21
14883
23
2649
391
20
16
21
97
4455
23
2649
21
382
25
18
330
1801
20
16
22
97
344
21
16
23
2738
331
30
391
20
14883
21
82430
22
14883
23
82430
20
16
22
14883
24
2649
391
22
97
2649
21
382
26
18
330
1801
21
16
22
97
344
22
16
23
2738
331
30
391
21
14883
22
82430
22
14883
23
82430
21
16
22
14883
25
2649
391
22
97
2649
21
382
27
18
330
1801
20
16
21
16
22
97
344
21
16
22
16
23
2738
331
30
391
20
14883
21
82430
21
14883
22
82430
22
14883
23
82430
20
16
21
14883
23
82430
20
16
22
14883
24
82430
21
16
22
14883
25
82430
20
16
21
16
22
14883
26
2649
391
22
97
306
391
20
16
21
97
2649
22
382
8311
4455
30
330
23
33
21
16
330
24
33
21
16
330
25
33
21
16
330
26
33
21
16
330
27
33
22
18
11612
351
225
21
15
21
15
21
15
21
15
22
351
225
26
18
8520
16
2983
225
26
18
342
8170
20263
330
1801
20
16
22
97
306
330
1801
21
16
22
105323
41729
342
5101
1019
18
2586
2983
225
26
382
8311
16
592
539
29082
330
5513
499
277
1682
344
77
3077
1278
2136
19720
1094
1996
10037
1860
733
1232
352
1450
330
539
1682
331
81498
330
16
331
138290
330
18
5489
2983
1011
361
1375
55
1801
20
18631
20
203
55
1801
21
18631
20
203
55
1801
22
18631
1996
331
30
5023
344
6850
8295
13
2649
20
344
29753
539
29082
330
5513
465
55
1801
20
16
21
18631
1996
331
30
391
20
66510
21
97
2649
5023
4455
23
2649
20
203
55
1801
20
16
22
18631
1996
30
391
20
66510
22
97
2649
391
22
97
4455
23
2649
21
203
55
1801
21
16
22
18631
1996
30
391
21
66510
22
97
2649
391
22
97
2649
21
203
55
1801
20
16
21
16
22
18631
1996
30
616
1713
61226
6329
330
30
391
20
66510
21
66510
22
66510
20
16
21
66510
20
16
22
66510
21
16
22
7342
19078
1131
16
391
22
97
306
391
20
16
21
97
4455
23
2649
22
203
10914
351
225
20
15
20
15
20
15
20
15
21
15
21
15
22
351
225
24
18
2586
386
14441
954
7977
1996
21745
2983
302
225
24
382
27872
277
1310
352
648
21
16
22
16
23
65
36033
225
26
16
697
4059
330
5513
18
461
1310
352
648
23
16
1145
16
22
16
27
65
36033
225
27
16
697
1011
361
1996
21745
344
29753
2291
5513
6632
225
28
680
2586
903
341
265
12475
382
27023
411
361
386
277
8559
302
373
3503
25394
6
297
277
2136
74951
277
8295
138394
689
4059
277
138394
5513
35
3483
6632
225
26
352
648
21
16
22
16
23
65
306
225
28
352
648
23
16
1145
16
22
16
27
1807
2586
648
23
16
1145
16
22
16
27
65
1196
361
225
28
16
689
1310
4060
225
27
18
2586
8696
277
1310
352
648
23
16
1145
16
22
16
27
65
341
3757
225
28
689
5478
161925
35
2491
8696
903
341
387
1115
14530
20740
2920
304
277
8295
138394
1610
33649
396
265
138394
35
2209
386
11413
2312
4907
382
19477
2292
852
7120
402
277
1996
21745
16340
304
1565
592
724
4475
18
1563
648
22
16
23
16
23
2315
1996
21745
2983
1011
361
35
1283
19377
7977
352
648
22
16
23
16
23
65
1347
21032
7939
225
24
18
16473
17208
1996
21745
352
648
22
16
23
16
23
65
304
1565
592
411
14441
277
1310
344
8781
341
225
24
680
1437
1996
21745
6632
225
24
396
1357
16
1232
1804
46123
3050
1656
1193
352
386
1690
16
713
539
4273
25105
382
49541
648
22
16
23
16
23
65
402
1996
21745
382
52547
351
648
22
16
23
16
23
65
344
63721
30
225
20
30
22
16
21
30
23
16
22
30
23
680
27969
35909
616
1713
61226
330
306
1682
1996
331
344
87026
330
13
402
4455
225
25
382
61792
1568
616
50104
330
344
883
13
306
17208
1996
331
19720
382
2110
1008
304
1511
616
50104
331
302
27166
386
4455
304
225
25
344
51542
436
277
331
494
680
331
50104
30
391
20
16
21
97
344
22
15
23
33
25
733
391
20
16
22
97
344
22
15
23
33
25
680
6755
8696
391
25
105323
840
18
2586
1217
331
494
16
1450
2287
22
382
8311
16
352
1450
330
16
539
1682
1996
331
87913
330
402
4455
25
382
61792
35909
330
1375
21
18
330
1801
20
97
344
22
2738
1996
331
30
5023
344
29753
1094
8295
13
2649
20
382
22
18
330
1801
21
97
344
23
2738
225
20
382
23
18
330
1801
22
97
344
23
2738
225
20
382
24
18
330
1801
20
16
21
97
344
22
16
23
2738
1996
331
30
50104
302
391
20
16
21
97
6329
5513
30
391
20
66510
21
7342
42485
4455
25
18
2586
225
20
382
25
18
330
1801
20
16
22
97
344
22
16
23
2738
1996
30
391
20
66510
22
97
2649
5023
4455
25
2649
20
382
26
18
330
1801
21
16
22
97
344
23
16
23
2738
1996
30
391
21
66510
22
97
2649
5023
4455
25
2649
20
382
27
18
330
1801
20
16
21
16
22
97
344
22
16
23
16
23
2738
1996
30
616
1713
61226
50104
6329
2833
30
391
20
66510
21
66510
22
66510
20
16
21
66510
20
16
22
66510
21
16
22
7342
19078
1131
16
391
20
16
21
97
4455
25
16
391
20
16
22
97
4455
25
2649
22
382
14353
330
1801
20
16
21
105323
3402
18
330
1801
20
16
22
105323
3410
18
330
1801
21
16
22
105323
3410
382
14353
330
1801
20
16
21
16
22
105323
3410
382
10914
351
225
20
15
20
15
20
15
20
15
20
15
20
15
22
351
225
22
35
26128
539
851
569
330
1801
20
16
21
16
22
97
20366
225
22
18
9405
2983
225
22
18
2209
277
1310
36033
225
24
18
2586
1996
21745
6632
225
22
16
516
225
24
18
2586
648
22
16
23
16
23
65
1310
36033
225
24
16
697
14441
277
21032
8212
4136
16340
18
7893
648
23
16
1145
16
22
16
27
65
31518
225
27
25099
402
21032
8212
4136
352
386
1690
16
689
648
22
16
23
16
23
65
14441
21032
8212
4136
18
2586
1850
516
265
4081
373
2981
420
29082
330
6
5401
382
19477
17208
648
22
16
23
16
23
65
402
21032
30
539
7977
19377
2983
351
225
24
18
16473
13561
402
88934
5664
1375
21232
376
616
330
306
1682
331
87913
330
344
15519
330
13
402
4455
25
382
2110
3402
1645
386
352
648
23
16
1145
16
22
16
27
11294
13640
589
352
648
22
16
23
16
23
65
27698
382
58029
30
225
20
30
22
16
21
30
23
16
22
30
23
382
1569
616
1713
61226
330
1375
21
18
330
1801
20
97
344
22
2738
331
50104
30
391
20
97
4455
22
2649
20
382
22
18
330
1801
21
97
344
23
2738
225
20
382
23
18
330
1801
22
97
344
23
2738
225
20
382
24
18
330
1801
20
16
21
97
344
22
16
23
2738
331
30
391
20
14883
22
82430
21
14883
23
82430
20
16
21
14883
25
2649
391
20
16
21
97
2649
21
382
25
18
330
1801
20
16
22
97
344
22
16
23
2738
331
30
391
20
14883
22
82430
22
14883
23
82430
20
16
22
14883
25
2649
391
20
16
22
97
2649
21
382
26
18
330
1801
21
16
22
97
344
23
16
23
2738
331
30
391
21
14883
23
82430
22
14883
23
82430
21
16
22
14883
26
2649
5023
4455
25
2649
20
382
27
18
330
1801
20
16
21
16
22
97
344
22
16
23
16
23
2738
331
30
616
1713
61226
50104
30
391
20
14883
22
82430
21
14883
23
82430
22
14883
23
82430
20
16
21
14883
25
82430
20
16
22
14883
25
82430
21
16
22
14883
26
82430
20
16
21
16
22
14883
28
2649
391
20
16
21
97
306
391
20
16
22
97
2649
22
382
10914
351
225
21
15
21
15
22
351
225
24
18
2586
21032
6632
225
24
16
1996
21745
6632
225
22
18
4720
36033
225
24
16
713
21032
14441
382
27872
277
1094
1310
386
178967
499
21032
341
648
23
16
1145
16
22
16
27
1807
2586
9745
648
23
16
1145
16
22
16
27
65
341
387
2615
18
2209
539
1998
2292
852
7120
30
648
25
16
21
65
21032
6632
35
16473
17208
30
27166
15345
25
16
21
2315
399
33
25
18
331
494
30
391
20
97
344
25
13
2287
21
18
77336
30
2983
351
225
22
2421
22
17
21
14883
22
18
4720
36033
225
22
18
50045
21745
30
2983
351
225
22
2421
21
13468
21
33
21
18
2586
21032
14441
1310
382
63
27
16
25
16
622
16
28
16
22
16
23
16
26
65
399
33
24
30
331
494
5023
16
1804
3050
225
20
382
63
29
16
622
16
22
16
21
16
29
16
25
16
29
16
27
16
25
65
399
33
22
30
331
494
30
391
22
97
344
2640
22
35
41729
1333
225
22
468
3591
22
13
2287
21
18
77336
30
225
22
2421
29
17
21
14883
6008
18
4720
36033
225
6008
18
50045
21745
30
225
22
2421
28
13468
21
33
5381
18
2586
21032
14441
382
63
25
16
28
16
28
65
399
33
21
30
5023
16
1804
225
20
382
63
21
16
23
16
27
16
28
65
399
33
21
30
331
494
30
391
20
97
344
21
13
2287
21
18
77336
30
225
22
2421
24
17
21
14883
28
18
4720
36033
225
28
18
50045
21745
30
225
22
2421
23
13468
21
33
27
18
2586
21032
14441
382
63
28
16
21
16
21
16
28
16
27
65
399
33
22
30
331
494
30
391
21
16
22
97
344
1833
1217
225
21
494
13
2287
22
18
77336
30
225
22
2421
25
17
22
14883
28
18
4720
36033
225
28
18
50045
21745
30
225
22
2421
23
13468
21
33
27
18
2586
21032
14441
382
63
29
16
26
16
24
16
26
16
28
65
399
33
29
30
331
494
30
391
20
97
344
29
13
2287
21
18
77336
30
225
22
2421
24
14883
902
35
26128
307
33
25
16
713
225
22
2421
25
17
21
14883
902
18
4720
36033
225
902
18
50045
21745
30
225
22
2421
24
13468
21
33
883
18
2586
21032
14441
382
63
22
16
25
16
25
16
21
16
25
65
399
33
26
30
331
494
30
391
21
16
23
105323
41729
23864
30
225
20
30
22
16
21
30
25
16
22
30
25
16
23
30
21
16
24
30
25
18
4758
34763
4455
304
225
26
30
391
21
16
23
97
344
25
15
21
733
391
22
16
23
97
344
25
15
21
733
8696
391
20
198643
97
225
22
15
24
840
16
391
23
198643
97
225
21
15
25
3402
16
391
20
16
23
105323
225
22
15
21
33
23
840
18
2586
1217
331
494
302
2287
22
18
77336
30
1450
225
22
2421
25
17
22
14883
28
16
2983
33
902
35
26128
225
22
14
28
33
902
16
689
1310
36033
225
1199
18
16473
996
34239
30
307
33
25
16
367
56
105862
22
16
713
225
22
2421
23
14883
28
621
331
16
2983
225
902
18
2209
1310
36033
225
1199
18
2586
922
7977
17556
352
648
22
16
25
16
25
16
21
16
25
65
7939
225
1199
16
516
225
902
18
16473
4638
18400
386
2024
18
461
1310
4060
30
373
5648
12578
6336
22
16
225
25
16
225
25
16
225
21
16
225
25
2315
225
26
13
1377
225
1199
3210
8439
304
954
10413
16
539
1008
304
1511
616
50104
331
115738
304
225
26
18
16473
35909
14316
1375
4664
30
648
22
16
25
16
25
16
21
16
25
65
344
63721
225
20
16
21
16
22
16
23
16
24
2570
12467
616
50104
344
1892
23864
13
402
4455
225
26
382
64191
22124
638
17
18288
5015
30
225
22
16
25
16
25
16
21
16
25
2649
5023
25782
225
26
388
17
9830
5015
638
225
506
225
22
15
25
33
27
203
225
506
225
22
15
25
344
55942
225
25
5791
27
203
225
506
225
22
15
21
33
23
203
225
506
225
22
15
25
344
45549
225
25
5791
27
203
225
506
225
25
15
25
33
622
203
225
506
225
25
15
21
33
26
2649
12035
344
63721
225
21
306
225
23
13
306
344
22
306
225
23
680
2586
1217
50104
388
225
506
225
25
15
25
344
21
306
22
13
351
622
203
225
506
225
25
15
21
344
21
306
23
13
3402
16
344
22
306
23
13
3402
16
344
24
306
23
13
351
26
35
12179
24
341
225
25
16
3591
23
341
225
21
2649
225
25
15
21
33
26
16
713
4924
851
35
26128
3591
24
341
225
25
16
3591
23
341
225
21
16
713
344
24
16
23
13
341
851
265
22517
4455
225
26
18
2209
17034
30
23864
225
21
16
22
16
24
436
616
225
25
494
18
2586
22124
30
344
21
16
23
13
4455
26
16
344
22
16
23
13
4455
26
16
344
24
16
23
13
4455
26
18
9405
2240
50104
35
16473
1568
616
15278
344
77
19800
13
402
700
153453
638
225
344
20
16
21
2738
22
15
25
33
27
203
225
344
20
16
22
2738
22
15
25
33
27
203
225
344
20
16
23
2738
22
15
21
33
23
203
225
344
20
16
24
2738
22
15
25
33
27
203
225
344
21
16
22
2738
25
15
25
33
622
203
225
344
21
16
23
2738
25
15
21
33
26
203
225
344
21
16
24
2738
25
15
25
33
622
203
225
344
22
16
23
2738
25
15
21
33
26
203
225
344
22
16
24
2738
25
15
25
33
622
203
225
344
23
16
24
2738
21
15
25
33
26
203
4892
903
436
2240
15278
386
4455
304
225
26
30
344
21
16
23
733
344
22
16
23
733
344
23
16
24
680
2586
2240
50104
302
2287
22
4455
304
225
26
388
17
15955
5015
638
225
506
225
22
15
25
15
25
33
740
203
225
506
225
22
15
25
15
21
33
28
203
225
506
225
22
15
25
15
25
344
1513
158147
13
3600
203
225
506
225
25
15
25
15
21
33
807
203
225
506
225
25
15
25
15
25
33
883
203
225
506
225
22
15
25
15
25
35
3402
203
225
506
225
22
15
21
15
25
33
28
203
225
506
4115
18
4628
4455
304
225
26
388
17
15864
420
4846
5015
30
44914
1518
26
388
4892
903
436
7662
2240
331
494
16
1450
302
2287
225
22
382
8311
21032
10413
30
2983
351
12047
1242
56
97
225
22
2421
82
506
367
56
155485
351
225
23
535
225
22
2421
25
17
22
97
351
225
23
535
225
22
66
23
351
225
23
535
225
28
351
225
1199
18
3483
14441
1310
225
1199
18
342
7977
98571
3592
1094
1217
331
494
31
903
436
2240
1480
903
436
2240
225
25
494
18
2586
21032
10413
6632
225
1199
16
4309
18
50045
21745
1011
3050
225
23
10726
28
17
21
5791
23
14
27
33
1710
16
516
225
1199
18
2586
21032
14441
382
27872
616
7120
6329
648
23
16
1145
16
22
16
27
65
4475
277
21032
10413
382
29838
16
2964
19814
386
277
9444
10413
341
2983
351
12047
1242
56
30
4455
10210
5791
79
97
225
22
2421
82
506
367
56
96
7342
461
1310
352
648
23
16
1145
16
22
16
27
65
1998
361
225
28
16
689
1850
5448
396
225
27
18
22547
411
361
386
277
4173
341
648
23
16
225
1145
16
225
22
16
225
27
65
306
399
33
1145
16
689
724
1994
386
277
138394
330
4273
361
277
4425
4173
35
3483
1011
57859
225
21
499
277
1682
352
331
15345
1145
65
592
277
4425
4173
5720
411
16
7859
225
27
18
2209
1232
648
21
16
22
16
23
65
1011
3456
225
24
35
16473
1310
30
1437
539
29082
277
4425
4173
499
277
4455
302
16751
344
77
3077
1278
539
589
516
1994
330
351
4425
4173
733
1232
352
1450
331
16
539
1682
1094
40248
1403
330
386
436
516
277
4425
4173
18
1563
648
23
16
1145
16
22
16
27
2315
40248
1403
302
331
15345
1145
65
436
225
28
16
4425
4173
341
730
302
1019
16
713
1682
7883
225
27
18
1563
648
21
16
22
16
23
2315
40248
1403
302
331
15345
23
65
436
225
24
16
4425
4173
341
730
302
1019
16
713
225
23
31
40248
1403
302
331
15345
21
16
22
65
436
225
22
16
4425
4173
341
730
302
1019
16
713
225
21
31
2983
351
225
23
15
21
351
225
24
16
689
1310
36033
225
26
18
2586
386
18048
382
1974
592
539
29082
277
4425
4173
1094
890
331
341
516
277
4425
4173
35
3483
4007
1265
5258
382
25790
277
1310
648
23
16
1145
16
22
16
27
65
341
3757
352
399
33
1145
16
689
277
4173
2428
361
648
23
16
225
1145
16
225
22
16
225
27
65
306
724
1994
386
10037
1860
436
5047
396
72075
35
1283
6974
386
6632
225
26
352
648
21
16
22
16
23
65
689
225
22
352
648
22
16
23
16
23
128410
41729
352
648
22
16
23
16
23
65
539
19377
72075
2983
351
225
22
16
689
1310
36033
225
24
18
2586
840
382
23928
277
27728
4967
16
9916
10987
277
1310
648
23
16
1145
16
22
16
27
65
341
265
20511
306
1196
361
225
28
18
2952
16
277
2746
19986
4060
373
5677
4222
59947
5533
213288
1304
2586
539
1998
1717
277
6292
396
2688
18
957
341
265
57490
382
44125
903
341
265
202267
819
277
2136
8559
30
373
1833
1435
302
969
10037
1860
386
4455
304
399
6
2428
361
26335
396
277
1435
302
10037
1860
344
1425
277
4607
4173
13
386
4455
304
399
306
436
10037
1860
302
277
2688
138394
16
689
724
2428
1682
1450
1175
138394
1094
3984
621
138394
16
689
851
724
2428
1994
386
277
138394
330
5513
341
516
33649
592
411
44914
304
399
35
2209
539
6974
386
1011
3050
225
24
352
648
21
16
22
16
23
2315
516
225
26
382
20822
16
8696
277
2136
302
265
138394
330
341
277
1435
302
969
10037
1860
344
1425
330
13
386
4455
304
399
16
689
724
1994
277
8295
138394
396
265
138394
402
4455
225
20
16
306
724
851
1994
386
277
138394
330
5513
341
516
4800
265
138394
302
5513
35
3483
341
16
724
2428
8483
373
3503
25394
6
396
265
6917
6202
498
48334
468
2750
730
2479
344
664
1996
680
5489
277
2136
19720
1094
1996
10037
1860
18
3483
7939
225
24
352
648
21
16
22
16
23
2315
689
1310
36033
225
26
18
2586
840
382
25790
724
1994
386
277
2136
302
265
138394
330
341
277
1435
302
10037
1860
344
1425
277
4607
4173
13
386
4455
304
399
306
436
6792
304
330
35
3483
7939
225
22
352
648
21
16
22
16
23
2315
516
225
26
382
25790
724
1994
386
277
2136
302
265
138394
330
341
277
1435
302
10037
1860
344
1425
277
4607
4173
13
386
4455
304
399
306
436
10037
1860
302
330
16
689
724
1682
1450
1175
138394
4347
3041
2387
366
277
1435
302
4781
304
3985
23864
35
9405
1065
539
1645
382
23928
277
12475
16
9916
2292
277
1310
648
23
16
1145
16
22
16
27
65
1754
30
887
4060
373
5648
12578
6336
23
16
225
1145
16
225
22
16
225
27
2315
225
1145
13
1377
225
27
3210
22547
411
361
386
277
4173
341
648
23
16
225
1145
16
225
22
16
225
27
65
306
399
33
1145
16
689
724
1994
386
10037
1860
436
4582
402
277
25284
386
724
1998
361
1713
61226
306
851
277
138394
330
4273
361
302
4354
225
20
16
306
8696
724
851
1994
386
277
138394
330
4273
361
277
4425
4173
35
3483
7939
225
27
352
492
1690
689
225
24
352
648
21
16
22
16
23
1807
2952
16
8696
648
21
16
22
16
23
65
1310
36033
225
24
35
2209
411
4060
225
26
18
22547
277
648
21
16
22
16
23
65
1310
361
225
26
35
8520
16
1850
297
277
194863
18
2586
4924
73411
382
44125
277
1310
20155
4059
1804
194863
7120
306
4728
1310
4027
16
306
277
194863
7120
436
4800
5167
16
306
277
4728
1310
4027
2428
569
910
7783
35
2209
277
2746
4060
373
3039
1196
18523
277
2363
385
11116
297
265
127068
2363
2732
344
22310
642
61694
277
4607
5442
15932
306
1232
4213
277
1154
16607
306
194863
402
7120
18
887
851
4059
265
2292
1154
402
1451
70305
18
2586
616
1731
70305
436
766
302
277
6292
539
1998
1717
18
2586
539
1998
1717
616
382
25790
903
341
265
122221
30
461
2136
302
265
138394
330
341
5047
396
277
1435
302
969
10037
1860
386
4455
304
399
16
689
373
1104
10037
1860
6
2428
3867
304
10037
1860
302
277
4607
4173
386
436
10037
1860
302
330
35
3483
341
1065
539
1645
18
2952
16
8696
724
1994
386
277
138394
330
5513
341
516
33649
3724
969
10037
1860
344
77
3077
1278
724
1994
1996
10037
1860
1094
680
5489
277
2983
1011
361
12047
1242
56
30
4455
73555
97
344
22
2421
82
100611
56
155485
506
225
21
680
1563
648
21
16
22
16
23
65
4924
225
24
16
689
1310
36033
225
26
18
2586
516
382
2608
1065
592
724
1994
386
277
2136
302
265
138394
330
341
277
1435
302
10037
1860
344
1425
277
4607
4173
13
386
4455
304
399
306
436
10037
1860
302
330
16
689
724
1682
1450
1175
138394
331
1094
3984
352
1450
330
16
689
851
724
1994
386
277
8295
138394
341
33649
396
2896
4455
225
20
306
8696
399
1387
361
225
20
35
2209
399
19105
21
16
713
840
382
23928
277
133336
16
342
18294
265
20511
297
277
1310
648
23
16
1145
16
22
16
27
1807
9916
11536
402
277
21032
10413
306
5752
386
277
1310
341
3757
225
28
16
689
2650
1850
5448
396
225
27
16
539
2428
4759
18
2952
16
396
387
8202
16
342
1196
3138
277
1154
386
19553
616
6292
18
14812
903
341
265
1528
304
771
225
27
352
386
1690
1706
2188
4243
225
26
352
648
21
16
22
16
23
65
498
1347
265
1497
97102
16340
386
851
14441
616
852
7120
382
19477
5842
304
32012
265
3449
10413
386
22699
277
4309
5463
352
616
2688
6292
18
22977
277
9444
10413
341
1497
30
2983
351
12047
1242
56
30
4455
73555
97
225
22
2421
82
506
367
56
96
506
225
21
105323
1563
648
23
16
1145
16
22
16
27
2315
386
1011
361
225
22
2421
22
14883
24
16
516
225
27
382
2914
2983
351
12047
1242
56
30
4455
73555
97
344
22
2421
82
506
367
56
155485
692
2761
680
2523
382
25790
277
2136
302
265
138394
330
341
5047
396
277
1435
302
969
10037
1860
386
4455
304
399
16
689
724
1994
386
277
138394
330
5513
341
33649
1094
592
411
341
265
1996
138394
302
277
4607
4173
35
3483
341
16
724
29082
277
4425
4173
499
277
867
302
10037
1860
330
18
3483
341
16
539
4455
898
616
10037
1860
330
302
27166
16
689
330
4273
361
277
4569
4173
18
5489
352
1450
331
16
277
1435
302
330
344
9874
436
516
277
4425
4173
13
386
3451
331
341
30
592
331
341
265
1996
22517
302
277
4425
4173
16
1232
277
40248
1403
330
386
436
516
277
4425
4173
436
225
22
2421
82
100611
56
155485
506
225
21
344
29753
277
4425
4173
341
730
302
1019
680
1437
331
341
277
4425
4173
344
77
3077
1278
331
351
616
23864
733
1232
277
1094
225304
341
277
4425
4173
5513
16
689
386
330
341
26217
16
713
1682
225
20
18
610
954
1690
16
331
15345
1145
65
341
516
277
4425
4173
16
713
1682
351
225
22
2421
23
97
506
225
21
351
225
27
18
3483
22699
225
27
352
648
23
16
1145
16
22
16
27
1807
1563
648
21
16
22
16
23
2315
331
15345
23
65
344
1876
4425
13
1682
351
225
22
2421
22
97
506
21
351
225
23
31
331
15345
21
16
22
65
344
1876
4425
13
1682
351
225
22
2421
21
97
506
21
351
225
21
31
2983
351
225
24
16
689
4655
225
26
18
2586
386
18048
382
1974
592
539
29082
277
4425
4173
1094
890
330
341
277
4425
4173
16
689
539
2188
2549
330
84468
352
331
386
341
516
4425
35
3483
4007
1356
382
25790
539
851
29082
277
8295
138394
330
35
64452
1414
382
1974
592
539
29082
1804
277
4425
4173
306
277
8295
4173
35
3483
1011
57859
499
277
1682
352
331
1207
4425
4173
341
265
225304
30
352
331
516
4425
16
539
9823
225
21
31
352
331
4425
16
539
9823
616
18
610
648
21
16
22
16
23
2315
4425
4173
4455
33
26
516
399
16
713
331
4425
516
4800
18
2586
2983
7883
344
23
17
21
23486
21
17
21
5791
22
15
20
33
22
35
41729
331
15345
23
65
1682
7883
225
23
17
21
33
22
31
331
15345
21
16
22
65
1682
7883
225
21
17
21
33
20
31
2983
33
22
16
516
225
26
382
27872
516
382
25790
724
1994
10037
1860
396
1713
61226
16
306
851
1994
386
277
2136
302
265
138394
330
341
277
1435
302
969
10037
1860
344
15519
5513
13
386
4455
304
399
16
689
724
1994
386
277
138394
330
5513
341
516
33649
592
411
341
277
8295
138394
35
2523
1603
382
23928
277
133336
16
9916
316
18400
277
648
23
16
1145
16
22
16
27
65
1310
498
88934
5664
402
277
21032
10413
30
539
3289
225
28
18
461
1310
4060
225
27
18
22547
903
361
265
20511
297
922
88934
5664
35
16473
20488
1568
616
330
306
1682
331
494
1754
16
689
9745
342
18391
386
910
330
2428
569
717
936
730
331
35
2209
539
6974
1094
331
1801
21
97
4229
18
2586
1450
330
7824
3591
21
28446
7662
225
21
18
7551
302
330
7824
3591
21
341
225
28
18
2586
2983
225
28
382
1974
592
724
1994
386
277
138394
330
1998
361
1713
61226
306
851
386
277
138394
331
1998
361
1713
61226
306
851
331
1998
361
265
1996
138394
302
330
35
5489
352
330
1801
21
2547
1996
331
30
5023
16
713
28446
225
20
18
2586
2983
7883
225
27
18
3483
14441
277
1310
18
1533
352
648
21
16
22
16
23
2315
1996
331
1094
30
539
19377
2983
225
24
16
689
1310
36033
225
26
18
2586
386
4007
4475
382
2608
8696
352
648
21
16
22
16
23
2315
277
1996
331
1094
2983
341
3757
225
26
35
16473
996
34239
9222
402
1996
331
344
87026
330
680
1283
1645
306
3289
225
24
18
16722
539
4826
839
330
35
16473
996
34239
648
21
16
22
16
23
65
402
1996
331
344
87026
330
13
717
14316
382
2110
569
330
50104
344
27
1713
61226
680
1563
1450
330
16
1682
1996
331
87913
330
16
331
138290
330
16
402
4455
33
23
382
55
1801
21
18631
1996
331
30
50104
302
391
21
97
6329
5513
30
1094
8295
344
5421
20
680
2586
225
20
382
55
1801
22
18631
225
20
382
55
1801
23
18631
225
20
382
55
1801
21
16
22
18631
1996
331
30
391
21
66510
22
7342
4628
4455
23
18
2586
225
20
382
55
1801
21
16
23
18631
1996
331
30
391
21
66510
23
7342
391
23
97
4455
23
2649
21
382
55
1801
22
16
23
18631
1996
331
30
391
22
66510
23
7342
391
23
97
2649
21
382
55
1801
21
16
22
16
23
18631
1996
331
30
616
1713
61226
50104
6329
2833
30
391
21
66510
22
66510
23
66510
21
16
22
66510
21
16
23
66510
22
16
23
7342
19078
1131
16
391
23
97
306
391
21
16
22
97
4455
23
2649
22
382
10914
351
225
20
15
20
15
20
15
20
15
21
15
21
15
22
351
225
24
18
2586
14233
225
24
382
27872
1996
331
1094
6632
225
24
16
516
225
26
382
2608
8696
724
1994
386
277
2136
302
265
138394
330
341
277
1435
302
969
10037
1860
386
4455
304
399
16
689
724
1994
386
277
138394
330
5513
341
5101
16
306
851
277
8295
138394
341
4800
35
3483
4007
2312
382
59685
724
1994
386
277
8295
138394
341
4800
265
138394
306
969
4455
341
225
20
16
689
399
19105
21
713
840
1603
382
23928
277
4967
16
2964
2540
304
10987
386
277
1310
648
23
16
1145
16
22
16
27
65
341
265
103364
306
1196
361
225
28
18
2952
16
396
277
21315
16
342
1008
304
6496
265
4377
386
19553
616
6292
18
22547
903
361
265
1528
304
1265
277
1154
758
225
27
352
386
3018
2740
1706
2188
19210
225
26
352
648
21
16
22
16
23
128410
3483
1011
2485
32371
11236
2387
366
2740
16
697
341
516
265
3449
4377
18
2209
8696
277
2746
36033
471
304
3138
277
4309
97102
11236
16
306
277
1310
341
14233
225
28
16
689
1850
5448
396
225
27
498
20511
18
7517
277
2746
6434
4059
277
1310
16
306
539
436
5584
373
5677
4222
59947
5533
213288
728
539
1998
1717
1019
18
2209
539
4445
2312
277
6292
18
2586
592
277
1310
341
6078
16
539
2428
2188
1717
592
539
3138
277
4309
11236
35
2523
16
1480
277
1310
642
4759
382
25790
277
1310
648
23
16
1145
16
22
16
27
65
341
3757
4309
592
539
1994
386
10037
1860
436
5047
396
72075
35
2209
539
3402
6974
386
18048
352
648
22
16
23
16
23
1807
2952
16
8696
539
222712
92103
648
22
16
23
16
23
65
72075
2983
35
16473
996
34239
72075
989
80221
352
648
22
16
23
16
23
65
306
1565
592
539
530
771
225
24
382
52547
351
648
22
16
23
16
23
15032
1569
616
72075
989
80221
330
344
11317
61226
16034
58029
638
63
20
16
20
10925
648
22
65
2649
5961
989
80221
30
648
22
65
4455
22
2649
20
203
63
21
16
21
10925
648
23
65
2649
20
203
63
22
16
22
10925
648
23
65
2649
20
203
63
20
16
21
10925
648
22
16
23
65
2649
5961
30
648
22
37101
23
37101
22
16
23
65
2649
648
22
16
23
65
4455
25
2649
21
203
63
21
16
22
10925
648
23
16
23
65
2649
5961
30
648
23
37101
23
37101
23
16
23
65
2649
5023
4455
25
35
648
23
16
23
65
4455
26
16
713
225
20
203
63
20
16
22
10925
648
22
16
23
16
23
65
2649
5961
989
80221
30
648
22
37101
23
37101
23
37101
22
16
23
37101
23
16
23
37101
22
16
23
16
23
65
2649
648
22
16
23
65
4455
25
2649
21
203
10914
351
225
20
15
20
15
20
15
21
15
20
15
21
351
225
22
18
2586
516
225
24
382
27872
72075
18048
382
1974
819
10037
1860
386
436
1713
61226
306
539
1994
386
277
2136
19720
1094
10037
1860
302
330
386
4455
304
399
16
689
539
851
1994
386
277
138394
330
5513
341
33649
1094
592
411
341
265
1996
138394
302
277
4607
4173
35
3483
341
16
539
29082
277
4425
4173
499
330
18
3483
7939
225
24
352
648
21
16
22
16
23
2315
516
225
26
18
2586
840
382
25790
724
1994
386
277
2136
302
265
138394
330
341
277
1435
302
10037
1860
344
1425
277
4607
4173
13
386
4455
304
399
306
436
10037
1860
302
330
16
689
724
1682
1450
1175
138394
331
1094
592
331
341
265
138394
302
330
306
851
331
341
265
138394
302
27166
344
8781
411
341
680
9405
1656
382
45
1761
277
1210
52298
341
386
277
1310
648
23
16
1145
16
22
16
27
65
341
387
2615
18
610
1451
17673
9010
13494
16
6848
903
436
132297
18
7517
277
2746
6434
4059
277
194863
7120
16
697
436
5167
16
306
1731
4475
277
21032
10413
16
9916
3138
277
21032
10413
382
2608
1714
184752
16
13640
2292
277
2927
1310
4027
6697
1347
26565
35
14892
16
689
539
530
6724
386
724
4475
382
23928
386
277
1756
1392
373
5677
4222
59947
5533
213288
728
724
4164
2364
471
304
3138
277
1154
304
1717
277
6292
16
697
2549
386
40439
18
1437
539
3138
277
4309
10413
16
539
642
4759
386
730
1310
18
22547
411
361
386
539
101436
277
4173
648
23
16
225
1145
16
225
22
16
225
27
128410
14812
903
341
265
22517
648
23
16
22
16
27
16
25
128410
2523
18
2209
8696
724
1994
386
277
138394
530
569
12461
23864
35
2523
382
25790
277
2136
302
265
138394
330
341
5047
396
277
1435
302
10037
1860
344
1425
277
4607
4173
13
386
4455
304
399
306
436
6792
304
330
35
3483
1011
3050
225
21
352
648
23
16
1145
16
22
16
27
65
1480
330
15345
1145
65
44914
304
225
1145
35
2209
1232
2983
4455
1011
361
1435
302
330
386
4455
304
399
18
1563
648
23
16
1145
16
22
16
27
2315
50104
386
4455
304
225
1145
30
1094
648
1145
65
2649
2983
351
225
21
18
3557
225
27
382
25790
1850
277
1435
302
4781
304
5857
265
138394
331
302
330
386
44914
304
399
16
689
724
1994
277
1991
306
8696
724
1682
1450
1528
302
19408
23864
396
9746
1571
592
277
2911
436
1656
35
9405
1065
539
1645
382
45
1761
277
1094
1528
304
771
225
27
341
304
569
730
2336
13556
18
3483
1387
4252
592
539
29082
330
1801
21
97
344
1833
83703
13
499
277
4455
18
8370
1011
539
29082
386
35
22977
1480
277
138394
330
5513
341
516
4800
265
138394
302
5513
35
3483
341
16
277
8559
302
373
3503
25394
6
2428
361
30
265
6917
6202
498
48334
730
420
717
5015
344
664
1713
61226
1996
680
5489
277
8295
306
277
4425
4173
436
1804
26217
35
3483
1011
2676
386
539
1994
1094
1996
10037
1860
344
1876
2291
277
4607
4173
680
2209
1232
277
2136
302
265
138394
330
344
8781
341
265
1996
138394
13
341
5047
396
277
1435
302
969
10037
1860
386
4455
304
399
16
689
1731
10037
1860
1011
361
1571
7922
1996
10037
1860
35
3483
5563
46800
306
62342
382
19477
9492
386
12634
30
461
2746
2428
361
30
1563
1450
1996
138394
330
302
27166
344
77
3077
1278
330
341
6202
498
48334
468
2750
730
2479
499
27166
16
713
330
341
516
277
4425
4173
733
17208
969
2136
30
277
1435
302
10037
1860
302
330
344
8781
436
1571
717
19635
13
386
4455
304
399
18
5489
4455
1131
16751
898
616
1996
10037
1860
330
18
610
386
1690
16
539
1011
516
1994
330
351
4425
4173
16
6685
330
351
8295
18
5489
352
648
23
16
1145
16
22
16
27
2315
539
1011
516
2549
330
351
391
21
97
344
8781
341
265
1996
138394
16
2650
411
88297
23864
225
20
16
22
16
23
680
2586
386
1011
361
26217
35
2209
391
21
97
341
265
1996
138394
344
279
341
516
277
4425
4173
680
2586
411
1011
361
5101
18
41729
1996
138394
2767
839
138394
386
341
516
277
4607
4173
344
414
851
516
8295
35
32468
1996
138394
74951
277
4607
4173
689
4059
7922
6299
16
11568
8295
35
2209
4663
1996
138394
341
265
138394
386
341
516
277
4607
6917
31
411
530
361
8295
420
516
18
2209
2781
297
97102
29508
16
373
111151
138394
6
2767
516
6792
304
277
4425
6917
16
689
530
361
8295
18
2952
16
724
1392
373
3503
58257
728
516
373
111151
10037
1860
3210
2586
4164
516
382
2558
539
29082
277
4425
4173
1094
16
1232
330
1801
21
97
341
5101
18
2586
2188
225
28
382
2558
539
29082
1804
8295
306
4425
4173
16
1232
330
1801
21
97
341
5101
344
29753
1850
516
4425
16
306
516
8295
680
2586
2188
225
28
382
27872
277
1094
1528
304
5510
1682
498
225
21
341
304
29082
277
83703
391
21
97
5513
18
8370
1011
539
29082
411
35
22977
1480
277
2136
302
265
138394
330
341
5047
396
277
1435
302
969
10037
1860
386
4455
304
399
16
689
724
1994
386
277
138394
330
5513
341
516
33649
3724
969
10037
1860
344
77
3077
1278
724
1994
1094
1996
10037
1860
302
330
680
3483
1011
1265
330
1801
21
97
11274
225
20
18
3483
6632
2983
225
27
18
1533
352
648
21
16
22
16
23
2315
386
1011
3050
2983
225
24
16
516
225
26
18
2209
8696
352
648
21
16
22
16
23
2315
592
539
851
29082
330
5513
16
539
771
225
24
16
689
1310
36033
225
26
18
2586
386
18048
382
1974
592
352
648
21
16
22
16
23
2315
277
83703
391
23
97
341
516
26217
35
3483
1011
361
41514
382
25790
277
8559
341
386
277
2136
302
265
138394
330
19720
277
1435
302
969
10037
1860
386
4455
304
399
16
689
724
1994
386
277
138394
330
5513
341
33649
1094
592
411
341
265
1996
138394
302
277
4607
4173
35
3483
341
16
330
1998
361
265
1996
138394
302
27166
304
361
4800
297
277
4455
35
5489
330
1801
23
97
341
265
1996
138394
344
29753
1850
516
277
4425
4173
733
713
1850
5101
18
5489
277
13556
499
330
1801
23
97
1011
361
30
1435
302
969
10037
1860
386
4455
304
399
18
1437
539
1682
330
5513
16
4924
225
21
18
2586
386
28446
225
21
18
1437
539
29082
330
5513
16
386
1011
361
225
20
18
2586
304
771
225
26
352
648
21
16
22
16
23
2315
539
1008
330
1801
23
97
304
11274
225
21
16
713
330
5513
1998
361
33649
18
610
648
23
16
1145
16
22
16
27
2315
592
330
1801
1145
97
341
33649
16
411
28446
225
21
16
6152
304
225
28
18
1437
539
1587
411
304
11274
225
20
16
1232
539
1008
330
5513
516
33649
18
2586
100849
382
25790
277
1310
648
23
16
1145
16
22
16
27
65
341
3757
352
399
33
1145
689
277
4173
341
648
23
16
225
1145
16
225
22
16
225
27
65
306
724
1994
386
10037
1860
436
4582
402
277
4550
386
724
436
1713
61226
306
851
386
277
138394
330
4273
361
265
83703
35
3483
5563
22551
382
23928
277
133336
16
342
1761
277
1210
12914
3347
341
304
3138
277
4309
97102
4377
344
264
5905
10413
13
306
10987
386
277
1310
648
23
16
1145
16
22
16
27
65
341
265
103364
18
2952
16
277
12759
4060
373
5677
4222
59947
5533
213288
1304
689
539
436
516
39173
277
6292
31
539
436
17713
277
1154
18
1437
277
1310
341
6078
16
954
1154
642
4759
386
1310
18
2209
9745
277
10393
3167
1414
516
2549
386
1310
35
461
2746
4060
373
8940
2292
68768
9414
12932
25394
1615
31098
13
304
1774
6292
1304
2586
277
2292
1154
4059
616
1731
70305
18
2586
724
642
361
1774
382
25790
277
2746
341
499
265
3149
1207
277
1310
648
23
16
1145
16
22
16
27
65
341
14233
225
27
16
306
903
341
265
122221
539
18391
18
16473
3612
2486
4625
30
342
19877
265
2746
373
20454
302
16751
302
616
10037
1860
6
8696
499
2130
305
3854
420
2761
35
2964
516
2897
382
19477
5842
304
32012
277
2983
4455
1347
9342
11574
5502
499
277
8559
16
304
1565
592
8696
954
97102
14135
341
62629
1480
302
277
1528
10037
1860
436
5047
344
1550
13917
35
4455
341
112143
680
461
14135
30
2983
351
12047
1242
55
97
12047
1242
56
87913
330
16
4455
10210
5791
79
97
225
21
351
12047
1242
56
97
12047
1242
55
30
331
87913
330
97
225
21
351
12047
1242
56
97
225
22
2421
82
506
367
56
96
7342
957
341
4350
18
2586
411
1196
361
4309
382
27872
839
66504
1998
361
2920
304
3673
387
2615
297
277
1310
420
265
236759
302
277
8559
302
373
3503
25394
3210
22547
411
361
386
373
3503
25394
6
1743
2767
373
215084
138394
6
344
3503
4119
15309
2209
539
6974
386
18048
352
648
22
16
23
16
23
1807
2952
16
8696
539
222712
92103
648
22
16
23
16
23
65
352
202468
35
16473
996
34239
202468
402
1996
138394
27946
35
2523
382
20822
16
8696
724
8483
277
2136
302
265
138394
330
396
277
1435
302
10037
1860
344
1425
277
4607
4173
13
386
4455
304
399
306
436
10037
1860
302
330
16
689
724
1994
386
277
8295
138394
341
5101
306
969
4455
341
225
20
16
306
399
1387
361
225
20
35
2209
399
19105
21
16
713
840
382
23928
277
845
16
9916
3138
277
1154
1347
277
21032
10413
16
306
5752
386
277
1310
648
23
16
1145
16
22
16
27
65
341
3757
225
28
297
277
5772
10393
344
50180
277
2746
6434
674
265
103364
680
27536
16
342
1387
3138
265
4377
386
16871
352
386
3018
2740
306
6714
225
27
16
689
386
1011
361
56858
306
516
3449
18
461
12759
4060
373
4399
3138
277
1154
4546
306
1717
616
277
6292
1304
2586
539
1998
1717
616
6292
402
265
3449
4377
382
25790
903
341
2484
16340
30
461
2136
302
265
138394
330
341
5047
396
277
1435
302
969
10037
1860
386
4455
304
399
16
689
373
1104
10037
1860
6
2428
3867
304
10037
1860
302
277
4607
4173
386
436
10037
1860
302
330
35
3483
341
1065
539
1161
18
22547
411
361
386
724
1994
277
138394
330
5513
396
516
1610
265
138394
302
5513
35
3483
1011
361
277
1996
138394
16340
16
697
6632
225
24
352
648
21
16
22
16
23
65
689
1310
36033
225
26
18
2586
8696
277
1310
648
21
16
22
16
23
65
341
3757
225
24
35
2209
277
194863
4060
225
26
18
461
194863
341
766
302
277
1154
21542
18
2586
277
194863
7120
436
62320
18
2586
648
21
16
22
16
23
65
1998
361
225
26
382
27872
277
1094
1528
304
569
648
23
16
1145
16
22
16
27
65
361
225
27
306
648
21
16
22
16
23
65
361
225
26
341
592
277
27946
302
40248
1403
330
352
1450
331
35864
2387
366
3473
331
341
277
4425
4173
35
610
648
23
16
1145
16
22
16
27
2315
331
15345
1145
65
341
516
4425
18
610
648
21
16
22
16
23
2315
331
15345
23
65
341
516
4425
16
331
15345
21
16
22
65
341
516
4425
18
2586
1804
569
1656
6056
382
25790
277
5052
341
386
297
648
23
16
1145
16
22
16
27
2315
903
341
387
2479
386
341
5762
936
399
35
2523
16
225
1145
25782
399
16
3575
2336
18
610
648
21
16
22
16
23
2315
616
5015
6758
79
18
3483
4007
3910
277
1682
302
40248
1403
382
44125
277
2136
302
265
138394
330
341
5047
396
277
1435
302
969
10037
1860
386
4455
304
399
16
689
724
1994
386
277
138394
330
5513
341
516
33649
592
411
341
277
1094
2479
35
3483
5563
22551
382
23928
277
133336
16
9916
316
195488
277
2746
30
22547
411
361
386
277
2136
302
265
138394
330
341
277
1435
302
10037
1860
344
1425
277
4607
4173
13
386
4455
304
399
306
436
6792
304
330
35
3483
341
16
352
1450
330
16
2136
8565
13
351
225
21
592
4455
8565
5791
79
1625
225
20
18
5489
2983
4455
351
1435
302
10037
1860
330
402
4455
73555
18
1563
648
21
16
22
16
23
2315
4924
225
22
16
516
225
26
18
2586
840
382
1974
819
30
2136
8565
13
351
1435
302
10037
1860
344
1425
277
4607
4173
13
386
4455
304
399
306
436
10037
1860
302
330
16
689
724
1682
1450
1175
138394
331
1094
3984
352
1450
330
16
306
851
724
1994
386
277
8295
138394
341
33649
35
2523
382
25790
277
18017
373
1833
1435
302
969
10037
1860
386
4455
304
399
6
1387
361
26335
396
30
1563
265
2688
138394
330
16
1994
616
10037
1860
302
277
4607
4173
386
436
10037
1860
302
330
16
306
3724
1731
16
1682
1030
1451
569
4455
399
18
9405
954
16340
382
45
1761
342
1008
304
4369
386
277
1310
648
23
16
1145
16
22
16
27
65
341
4164
265
20511
18
9916
3138
277
4309
4377
306
6035
386
411
19553
616
852
6292
18
7517
277
1756
3419
277
6292
16
724
2428
569
31862
1019
53786
18
1737
387
8202
16
342
1196
1646
686
277
66504
35
2209
277
12759
341
304
3138
277
1154
306
1717
616
6292
18
342
1387
3138
277
4309
4377
306
5752
386
277
10393
3167
674
277
4309
4655
19237
344
50180
277
1310
2031
341
516
1161
680
2952
16
277
2746
4060
373
22310
642
61694
277
4607
5442
6
6115
724
642
6754
277
1154
402
954
7878
306
1232
1774
6292
18
2586
539
1998
1717
382
23928
277
1398
12075
386
277
1310
341
6078
16
9916
3138
277
21032
10413
18
1437
277
1310
18048
16
342
1387
2050
304
6313
498
17713
265
32371
352
386
3018
2740
16
689
386
1011
361
16474
93
306
516
1622
5358
18
2209
8696
277
1310
341
3757
4309
306
539
18391
2761
30
22547
411
361
386
277
138394
330
341
5047
396
265
6917
302
5015
297
277
1991
724
5230
16
306
969
10037
1860
436
4582
297
1991
16
689
890
539
1994
331
396
265
138394
302
330
16
539
1998
851
21374
1991
35
3483
4007
3910
4455
382
25790
903
341
265
25284
30
461
138394
330
5513
1998
361
1713
61226
35
64452
4800
382
25790
277
2136
302
265
138394
330
341
5047
396
277
1435
302
969
10037
1860
344
15519
330
13
386
4455
304
399
16
689
724
1994
386
277
8295
138394
341
5101
306
969
4455
341
225
20
16
306
724
851
1994
386
399
1387
361
225
20
35
2209
399
19105
21
16
713
840
382
13617
3592
30
461
4455
302
16751
302
616
10037
1860
2428
361
26335
396
30
1563
1450
138394
330
16
17208
969
2136
344
5686
302
969
10037
1860
386
4455
304
399
733
306
1232
4455
1131
16751
18
2209
9745
724
1994
386
277
138394
330
341
4582
499
277
4173
16
306
969
10037
1860
436
4582
499
277
4173
16
516
499
330
35
3483
1011
361
30
2136
8565
13
351
1435
302
10037
1860
331
302
277
4607
4173
1175
386
331
341
265
138394
302
330
306
4455
10210
5791
79
18
9405
1065
539
569
382
8355
686
302
6659
382
19477
3612
277
6645
4625
30
2278
341
265
3162
2746
373
20454
302
16751
302
616
10037
1860
6
366
38675
164288
1395
420
2761
18
342
19877
265
2746
1207
385
1008
304
17208
4455
898
616
10037
1860
302
344
5686
302
989
20044
58257
115738
304
399
680
461
4377
341
14233
12047
1242
56
97
225
22
2421
82
506
367
56
96
7342
342
1761
4924
4309
382
27872
9916
3138
386
382
44023
4815
1375
17
12061
30
27166
1568
302
146581
16
399
853
388
17
307
351
6441
56046
465
17
28157
351
225
622
478
29
15
27
203
17
1283
1008
304
17208
29124
106722
4274
5421
65
351
1435
302
10037
1860
344
3503
34763
13
402
2688
4455
306
1682
388
17
7517
27166
2943
65
530
361
778
304
225
21
73
24
16
689
399
6758
225
1296
16
539
1094
2081
819
44914
778
304
399
18
2586
539
530
14801
5015
1518
399
1480
724
4445
361
766
302
839
331
402
4455
6758
399
388
17
27969
59689
898
27166
18
1563
1450
1033
16
592
1033
1518
399
16
18486
344
22310
1907
11274
304
29124
689
2188
3910
307
297
51628
3098
17
27969
4680
265
225
22
40
4173
29124
106722
4274
5421
65
402
15428
778
304
307
344
4956
1682
13
306
399
344
4956
4455
680
29702
29124
63
20
4274
20
65
351
225
21
388
17
1563
1450
1033
6758
399
638
261
506
10287
29124
297
13623
1991
302
1682
306
4455
344
20
19
21
965
182511
13
304
4928
37224
388
261
506
1563
274
499
2687
8962
1652
304
225
20
638
348
1563
272
499
399
1652
304
1033
638
454
29124
34704
15
21
4274
87
65
351
344
20440
34704
15
21
4274
87
65
692
29124
34704
4274
87
79591
6577
1577
28157
203
17
4790
5993
616
5015
16
3032
351
4455
898
274
499
225
20
304
307
302
29124
34704
4274
79
65
535
7789
12
22
16
307
506
274
16
28157
13
1577
28157
388
17
8598
30
29124
34704
4274
79
65
19720
1435
302
50104
331
402
4455
399
306
2287
274
18
1283
1008
304
1994
616
274
388
17
7448
3032
1577
28157
382
24157
4027
30
1437
840
50104
4455
304
399
16
29124
34704
4274
79
65
616
7810
16
3032
225
20
382
2110
1008
304
17208
16751
302
225
22
68437
28157
778
304
307
344
26720
1296
680
4421
52448
7789
22
2943
65
351
225
22
60779
1577
28157
352
700
33
20
568
82
382
8311
16
1414
492
1717
616
7120
35
27969
1310
38278
1375
14341
225
21
30
27166
15345
21
16
22
16
23
2315
399
33
23
18
307
33
23
388
17482
616
6758
23
388
49541
29124
638
38146
29124
63
20
4274
20
16051
21
388
9477
225
21
638
225
274
33
20
30
272
499
225
23
1652
304
21
30
29124
63
21
4274
21
65
4284
29124
63
20
4274
20
65
1117
29124
63
21
4274
21
16051
21
388
9477
225
22
638
225
274
33
21
30
272
499
23
1652
304
22
30
29124
63
22
4274
22
65
4284
29124
63
21
4274
20
128410
29124
63
21
4274
20
65
341
225
20
31
3757
539
1008
304
4430
14316
18
27969
589
13623
34198
388
66355
304
3138
12989
382
19477
37687
1375
7525
225
21
30
29124
63
20
4274
20
16051
21
16
29124
63
21
4274
21
16051
21
388
7525
225
22
638
225
8163
402
29124
396
2946
388
225
1563
274
499
2687
1652
304
225
20
638
261
274
33
21
30
272
499
399
33
23
1652
304
225
22
30
1041
348
272
33
23
30
29124
63
22
4274
23
65
4284
29124
63
21
4274
21
65
1117
29124
63
22
4274
23
65
4284
21
1117
29124
63
22
4274
23
16051
21
388
348
272
33
22
30
29124
63
22
4274
22
65
4284
29124
63
21
4274
20
65
1117
20
388
261
274
33
20
30
272
499
23
1652
304
22
638
348
272
33
23
30
29124
63
21
4274
23
65
4284
29124
63
20
4274
21
65
1117
20
388
348
272
33
22
30
29124
63
21
4274
22
65
4284
29124
63
20
4274
20
65
1117
21
1117
29124
63
21
4274
22
16051
21
388
7525
225
22
30
29124
63
20
4274
20
16051
21
16
29124
63
21
4274
21
16051
21
16
29124
63
21
4274
22
16051
21
16
29124
63
22
4274
23
16051
21
388
9477
225
23
638
225
274
33
22
30
272
499
23
1652
304
23
638
348
272
33
23
30
29124
63
23
4274
23
65
4284
29124
63
22
4274
20
128410
29124
63
22
4274
20
16051
20
388
225
274
33
21
30
272
499
23
1652
304
23
638
348
272
33
23
30
29124
63
22
4274
23
65
4284
29124
63
21
4274
20
65
1117
20
388
225
274
33
21
851
272
499
23
35
41729
539
1008
304
9284
272
499
399
1652
304
1033
18
1563
1033
33
23
16
272
499
23
1652
304
23
1094
388
225
2209
851
274
33
21
352
272
33
1424
41729
539
1196
851
1994
272
499
399
1652
304
1033
352
1450
274
18
7517
1033
33
23
16
1094
272
33
23
388
225
6755
274
33
20
30
272
499
23
1652
304
23
30
29124
63
21
4274
23
65
4284
29124
63
20
4274
20
65
1117
29124
63
21
4274
23
65
351
21
388
14353
274
33
21
352
272
35
26128
539
1008
304
851
1994
386
352
274
33
21
16
272
499
225
23
1652
304
225
23
30
29124
63
22
4274
23
65
4284
29124
63
21
4274
20
65
344
20
680
6755
274
33
21
352
272
35
41729
539
1998
851
1994
386
890
1033
33
23
16
539
530
919
304
6349
50104
304
3764
1682
498
225
21
18
2586
352
1450
6349
22517
402
4455
272
17
23
16
539
919
304
1682
15
21
402
4455
272
18
2586
539
1008
304
9284
274
499
2687
2731
1652
304
225
20
16
306
272
499
399
1652
304
1033
18
9405
1065
539
1645
388
2608
539
851
1008
304
1994
386
539
2428
919
304
50104
386
3402
2549
277
699
2479
18
461
13623
1991
18373
539
1907
911
277
1656
2479
4347
3041
382
19477
4622
30
4790
5993
225
23
16
539
851
1008
304
1994
386
539
530
919
225
23
304
6349
50104
386
569
4455
225
20
18
2586
499
274
33
20
21835
33
20
30
29124
63
21
4274
23
65
4284
29124
63
20
4274
20
65
1117
29124
63
21
4274
23
16051
21
344
299
2946
680
6755
539
530
919
225
23
304
50104
402
4455
35
41729
1094
272
33
23
6382
272
79591
33
20
18
2586
4924
411
382
14353
539
530
919
225
23
304
50104
402
4455
35
41729
272
530
361
225
23
1094
18
2586
539
851
1008
304
1994
8811
225
23
304
50104
402
4455
225
20
499
274
33
20
18
9405
3410
382
1974
819
8811
225
23
304
50104
402
4455
35
1563
274
33
21
16
272
499
23
1652
304
23
30
539
1008
29124
63
22
4274
23
65
4284
29124
63
21
4274
20
1807
29124
63
21
4274
20
65
341
225
20
18
2586
840
382
1974
819
274
33
21
16
272
499
23
35
9405
411
382
14353
539
1196
1994
386
539
530
919
225
23
304
50104
386
3402
569
4455
35
1563
272
33
23
16
539
1008
29124
63
21
4274
20
1807
2586
1094
499
274
33
20
382
14353
539
2428
919
225
23
304
50104
386
569
4455
35
41729
592
539
569
265
22517
402
4455
225
20
306
1682
225
20
16
8811
225
23
6632
1682
21
4455
23
18
9405
277
1094
1528
304
771
4455
23
402
1682
21
499
8811
225
23
18
2209
539
3402
569
29124
63
21
4274
23
65
499
852
5015
35
13859
8811
225
23
16
539
1078
29124
63
21
4274
21
16051
21
16
29124
63
21
4274
22
16051
21
16
29124
63
21
4274
23
16051
20
18
4790
8811
225
23
16
539
867
29124
63
21
4274
23
65
4284
29124
63
20
4274
20
65
1117
21
18
2586
29124
63
21
4274
23
16051
21
382
14353
539
530
919
225
23
304
50104
402
4455
35
1563
272
33
23
16
539
1387
851
919
304
50104
402
4455
225
20
499
274
33
20
18
9405
411
382
2608
851
539
530
919
225
23
304
50104
386
569
4455
35
41729
592
539
569
265
22517
402
4455
225
20
306
1682
225
21
35
3557
2731
382
8311
851
539
530
919
225
23
304
50104
386
569
4455
35
1563
272
33
23
16
539
851
1387
919
304
50104
402
4455
225
20
499
274
33
21
35
3483
1011
2485
29124
63
21
4274
20
65
697
341
225
20
382
4892
1325
225
23
16
539
851
1008
304
1994
8811
225
23
304
50104
386
569
4455
35
41729
539
1196
851
1994
386
890
539
919
225
23
304
265
22517
386
3402
674
4455
225
20
16
539
771
4455
23
1682
21
18
9405
3410
382
2608
539
851
1008
304
1994
386
539
530
919
225
23
304
50104
386
569
4455
35
1563
272
33
23
16
539
1387
851
919
304
50104
386
569
4455
225
20
499
274
33
20
16
689
539
3402
1645
382
1974
819
8811
225
23
304
50104
386
569
4455
225
20
499
274
33
20
35
8520
382
8311
851
539
1008
304
1994
386
539
530
919
225
23
304
50104
386
569
4455
35
41729
277
2479
225
23
530
851
361
1161
304
1027
699
50104
498
5513
16
697
341
8811
304
8295
867
18
9405
9494
382
2608
539
851
1008
304
1994
386
539
530
919
225
23
304
50104
386
569
4455
35
41729
539
1196
851
1994
8811
225
23
304
50104
386
569
4455
35
461
4430
34198
898
616
274
306
272
18
1563
274
33
20
16
272
499
23
1652
304
23
30
29124
63
21
4274
23
65
4284
29124
63
20
4274
20
1807
9177
382
2500
274
33
21
16
272
499
23
1652
304
23
30
29124
63
22
4274
23
65
4284
29124
63
21
4274
20
1807
29124
63
21
4274
20
65
341
225
20
16
713
5601
382
2500
274
33
22
16
272
499
23
1652
304
23
30
29124
63
23
4274
23
65
4284
29124
63
22
4274
20
65
351
20
382
4892
1325
225
23
16
539
851
1008
304
1994
386
539
530
919
225
23
304
50104
386
569
4455
35
9405
411
382
2608
539
851
2428
1008
304
1994
386
539
530
919
225
23
304
50104
386
569
4455
35
41729
277
2479
225
23
530
851
361
9634
402
3733
5015
304
1027
699
50104
18
1563
2024
16
499
6349
22517
402
4455
225
20
306
1682
225
20
16
539
4472
304
771
391
23
7342
5591
6349
22517
402
4455
225
21
344
1988
225
21
13
306
1682
225
21
16
539
1387
919
225
23
304
771
4455
24
16
689
399
33
23
713
516
4494
18
5591
4455
225
22
344
1988
225
22
13
306
1682
21
16
8811
225
23
6632
4455
25
18
5591
4455
35
3557
4494
18
2586
840
852
15667
304
4455
23
382
2608
539
851
569
277
12634
302
1347
277
2479
225
23
7759
16
697
539
1645
382
8311
1065
819
50104
386
2549
1804
225
21
306
225
22
306
225
23
35
15040
1011
569
4455
26
16
516
225
23
382
4892
2522
29124
638
20440
63
20
4274
20
16051
21
203
20440
63
21
4274
21
16051
21
203
20440
63
21
4274
22
16051
21
203
20440
63
21
4274
23
16051
21
203
20440
63
22
4274
23
16051
21
203
20440
63
23
4274
23
16051
35
1283
1078
29124
63
22
4274
23
65
15528
225
21
499
7977
344
9503
225
22
680
4790
8811
225
23
16
539
2428
919
304
29124
63
22
4274
20
128410
2523
18
2586
29124
63
22
4274
23
65
8320
225
21
388
20440
63
23
4274
23
65
8320
225
20
388
14353
29124
63
22
4274
117376
8696
852
44914
382
8311
539
1008
29124
34704
4274
23
65
352
274
499
225
20
568
23
638
71
33
20
30
29124
63
20
4274
23
16051
20
203
71
33
21
30
29124
63
21
4274
23
16051
21
203
71
33
22
30
29124
63
22
4274
23
16051
21
203
71
33
23
30
29124
63
23
4274
23
16051
20
300
8311
307
33
23
18
42379
15667
638
71
33
21
30
225
22
2421
23
17
21
14883
22
66
22
33
24
16
3041
225
21
351
24
203
71
33
22
30
225
22
2421
23
17
22
14883
22
66
21
33
22
16
3041
225
21
351
22
203
10914
351
26
18
9177
382
4892
10413
4229
382
8311
352
648
23
16
1145
16
22
16
27
2315
307
33
24
18
42379
29124
27698
18
16473
17208
29124
6697
304
13561
225
28
382
17482
30
225
23
16
1145
16
22
16
27
18
399
33
1145
18
27969
1094
1994
5015
6758
1145
344
514
436
6758
1145
680
27969
17208
29124
352
4455
778
304
225
1145
382
61792
589
38474
382
38146
29124
63
20
4274
20
16051
21
382
9477
225
23
638
225
274
499
225
20
304
4074
2687
1682
33
21
388
225
1563
274
33
20
16
272
499
225
1145
1652
304
225
23
638
348
29124
63
21
4274
23
65
4284
29124
63
20
4274
20
65
1117
29124
63
21
4274
23
16051
21
388
7525
225
23
30
29124
63
20
4274
20
16051
21
16
29124
63
21
4274
23
16051
21
382
9477
225
1145
638
225
274
33
21
30
272
499
225
1145
1652
304
225
1145
638
348
29124
63
22
4274
1145
65
4284
29124
63
21
4274
20
128410
29124
63
21
4274
20
16051
20
388
225
274
33
20
30
272
499
225
1145
1652
304
225
1145
638
348
29124
63
21
4274
1145
65
4284
29124
63
20
4274
20
65
1117
29124
63
21
4274
1145
16051
21
388
14353
1008
304
1994
386
539
530
919
225
1145
304
6349
50104
402
4455
35
41729
539
851
1008
304
1994
386
539
530
919
225
1145
304
50104
402
4455
225
20
499
274
33
20
16
697
539
1645
18
6755
304
50104
402
4455
225
20
499
274
33
21
35
29124
63
21
4274
20
16051
20
388
14353
539
530
919
225
1145
304
50104
386
569
4455
35
1563
272
33
1145
16
539
1008
29124
34704
4274
20
1807
10546
274
33
20
6632
225
21
388
4892
1325
225
1145
30
29124
63
20
4274
20
16051
21
16
29124
63
21
4274
23
16051
21
16
29124
63
21
4274
1145
16051
21
382
9477
225
22
638
225
274
33
22
30
272
499
225
1145
1652
304
225
22
638
348
1563
272
33
1145
30
29124
63
23
4274
1145
65
4284
29124
63
22
4274
883
128410
29124
63
22
4274
883
16051
20
388
348
1563
272
33
22
30
29124
63
23
4274
22
65
4284
29124
63
22
4274
20
128410
29124
63
22
4274
20
16051
20
388
225
274
33
21
30
272
499
225
1145
1652
304
225
22
638
348
272
33
1145
30
29124
63
22
4274
1145
65
4284
29124
63
21
4274
883
128410
29124
63
21
4274
883
16051
20
388
348
272
33
23
30
29124
63
22
4274
23
65
4284
29124
63
21
4274
21
128410
29124
63
21
4274
21
16051
20
388
348
272
33
22
30
29124
63
22
4274
22
65
4284
29124
63
21
4274
20
128410
225
20
388
225
274
33
20
30
272
499
225
1145
1652
304
225
22
638
348
272
33
1145
30
29124
63
21
4274
1145
65
4284
29124
63
20
4274
883
128410
20
388
348
272
33
23
30
29124
63
21
4274
23
65
4284
29124
63
20
4274
21
128410
20
388
348
272
33
22
30
29124
63
21
4274
22
65
4284
29124
63
20
4274
20
65
1117
29124
63
21
4274
22
16051
21
388
7525
225
22
30
539
569
29124
63
20
4274
20
16051
21
16
29124
63
21
4274
22
16051
21
16
29124
63
21
4274
23
16051
21
16
29124
63
21
4274
1145
16051
21
18
6755
8696
29124
63
22
4274
117376
539
569
29124
63
22
4274
23
128410
3557
4427
18
41729
499
274
33
21
16
272
33
23
30
29124
63
22
4274
23
65
4284
29124
63
21
4274
21
65
344
20
680
2586
840
18
6755
499
274
33
21
16
272
33
22
30
29124
63
22
4274
22
65
4284
29124
63
21
4274
20
16051
20
18
2586
29124
63
22
65
8320
225
20
6329
8696
29124
63
22
4274
35
1807
6755
29124
63
23
65
8320
225
20
18
6755
499
274
33
22
16
5601
382
9477
225
27
638
225
274
33
22
30
272
499
225
1145
1652
304
225
27
638
348
272
33
1145
30
29124
63
23
4274
1145
65
4284
29124
63
22
4274
622
128410
29124
63
22
4274
622
16051
20
388
348
272
33
27
30
29124
63
23
4274
27
65
4284
29124
63
22
4274
20
128410
20
388
225
274
33
21
30
272
499
225
1145
1652
304
225
27
638
348
272
33
1145
30
29124
63
22
4274
1145
65
4284
29124
63
21
4274
622
128410
29124
63
21
4274
622
16051
20
388
348
272
33
622
30
29124
63
22
4274
622
65
4284
29124
63
21
4274
23
128410
29124
63
21
4274
23
16051
21
1117
29124
63
22
4274
622
16051
21
388
348
272
33
27
30
29124
63
22
4274
27
65
4284
29124
63
21
4274
20
128410
20
388
225
274
33
20
30
272
499
225
1145
1652
304
225
27
638
348
272
33
1145
30
29124
63
21
4274
1145
65
4284
29124
63
20
4274
622
128410
20
388
348
272
33
622
30
29124
63
21
4274
622
65
4284
29124
63
20
4274
23
128410
20
388
348
272
33
27
30
29124
63
21
4274
27
65
4284
29124
63
20
4274
20
65
1117
29124
63
21
4274
27
16051
21
388
7525
225
27
30
539
569
1451
16174
382
8311
539
1008
29124
34704
4274
1145
65
352
274
33
20
568
24
388
19477
1568
616
29124
34704
4274
1145
65
1325
5993
616
5015
382
2110
569
638
20440
63
20
4274
1145
65
351
225
20
344
29753
1094
29124
63
20
4274
20
16051
21
465
20440
63
21
4274
1145
65
351
499
7977
1325
225
1145
30
225
21
18
22547
411
3764
3735
35
5591
5993
225
22
16
539
1078
29124
63
21
4274
1145
65
4284
29124
63
20
4274
883
65
344
20
680
5591
5993
225
27
16
29124
63
21
4274
1145
65
4284
29124
63
20
4274
622
65
344
20
680
2586
29124
63
21
4274
1145
65
351
225
21
388
20440
63
22
4274
1145
65
351
539
569
1325
225
1145
30
29124
63
22
4274
1145
65
8696
35
4790
225
1145
16
539
1078
840
29124
63
22
4274
1145
65
1480
1094
499
274
33
21
21835
33
1145
30
29124
63
22
4274
1145
65
4284
29124
63
21
4274
20
16051
20
18
4790
225
22
16
539
1078
29124
63
22
4274
1145
65
8696
35
5591
274
33
21
21835
33
1145
30
29124
63
22
4274
1145
65
4284
29124
63
21
4274
883
16051
20
18
2586
29124
63
22
4274
1145
16051
20
18
4790
225
27
16
539
1078
29124
63
22
4274
1145
65
499
274
33
21
21835
33
1145
30
29124
63
22
4274
1145
65
4284
29124
63
21
4274
622
65
344
20440
63
21
4274
622
65
341
225
20
1325
225
27
35
41729
1325
225
27
16
29124
63
21
4274
622
65
2428
361
867
35
16473
1565
30
1325
225
27
16
274
33
20
21835
33
622
30
29124
63
21
4274
622
65
4284
29124
63
20
4274
23
65
344
20440
63
20
4274
23
16051
20
13
713
29124
63
21
4274
622
16051
20
18
2586
29124
63
22
4274
1145
65
8320
225
20
388
20440
63
23
4274
1145
65
351
539
1008
304
1565
592
839
15667
18
4790
225
27
16
539
1078
274
33
22
21835
33
1145
30
29124
63
23
4274
1145
65
4284
29124
63
22
4274
622
1807
29124
63
22
4274
622
65
1325
225
27
35
4790
225
27
16
539
867
29124
63
22
4274
622
65
351
21
344
3161
274
33
21
21835
33
622
680
2586
29124
63
23
4274
1145
65
7112
692
21
499
386
18
6755
499
7977
35
4790
225
22
16
539
1078
29124
63
23
4274
1145
128410
499
274
33
22
21835
33
1145
30
29124
63
23
4274
1145
65
4284
29124
63
22
4274
883
16051
20
18
4790
225
27
16
851
499
274
33
22
21835
33
27
30
29124
63
23
4274
27
65
4284
29124
63
22
4274
20
16051
20
18
2586
29124
63
23
4274
1145
65
351
21
388
20440
63
24
4274
1145
65
351
539
2428
771
499
274
33
23
21835
33
1145
30
29124
63
24
4274
1145
65
4284
29124
63
23
4274
622
128410
29124
63
23
4274
622
65
5091
225
20
18
6755
499
274
33
23
21835
35
2209
2687
1682
341
225
24
18
27969
1565
382
14353
1008
29124
63
22
4274
117376
8696
499
852
158147
386
3050
4455
225
1145
35
1563
4681
16
225
23
15
22
212181
351
25
16
1008
225
740
840
18
225
23
15
27
33
622
1008
225
27
16
689
539
569
1094
730
225
27
35
41729
539
569
225
27
468
3591
23
18
2586
225
23
15
27
15
106847
622
1008
225
27
16
689
903
341
2484
225
27
35
10546
730
225
27
18
2586
225
23
15
27
15
27
35
3557
2731
18
225
1145
15
22
33
1057
16
225
1145
15
23
33
696
16
225
22
15
27
33
29
16
225
23
15
22
15
27
33
740
16
225
1145
15
22
15
23
33
1336
16
4115
18
2586
1094
22517
115738
304
225
1145
341
391
1145
97
5513
18
2586
29124
63
21
4274
1145
65
1196
361
225
21
16
3575
225
20
18
5641
38474
1196
8138
386
382
19477
2292
29124
63
21
4274
1145
65
351
225
21
16
29124
63
22
4274
1145
16051
20
16
29124
63
23
4274
1145
16051
35
2278
1196
361
840
22517
302
2287
225
23
115738
304
225
1145
18
2209
539
3289
29124
63
23
4274
1145
16051
21
499
277
38474
1480
539
4472
225
27
304
265
22517
302
2287
225
22
402
4455
225
622
35
2209
341
903
265
22517
302
2287
225
22
402
4455
225
622
35
8520
16
539
1078
29124
63
22
4274
622
65
499
1325
5993
225
27
35
41729
539
867
29124
63
22
4274
622
65
351
21
890
539
4472
225
27
304
265
22517
402
4455
225
23
344
8781
4902
499
391
23
25171
3483
22517
341
391
23
16
27
97
4455
622
16
2287
22
18
5489
8811
225
1145
35
26128
16
29124
63
23
4274
1145
65
4902
499
8811
225
1145
35
2523
16
539
15267
225
27
1325
225
22
306
225
1145
18
16473
4671
1991
30
539
15267
225
23
16
1232
225
1145
16
1232
225
22
16
1232
225
27
18
2586
1325
5993
225
27
16
539
1078
29124
63
22
4274
622
65
499
8811
225
27
304
29124
63
21
4274
23
65
344
8781
341
391
23
25171
3483
6632
22517
391
23
16
27
97
4455
622
16
2287
22
18
5489
890
539
15267
225
27
16
539
851
1078
274
33
22
21835
33
1145
30
29124
63
23
4274
1145
65
4284
29124
63
22
4274
622
1807
3483
21062
304
4738
387
6349
22517
302
2287
22
4455
622
344
8781
341
391
23
16
27
4106
306
8811
225
1145
35
2209
225
1145
540
3402
15267
7977
18
2952
16
277
1991
13917
30
1283
15267
225
1145
1714
225
27
18
2973
539
15267
225
1145
16
539
7557
29124
352
8811
225
1145
18
5489
3735
890
539
1343
225
27
16
539
4430
29124
352
8811
225
27
304
6349
50104
386
874
2549
225
1145
35
2209
17034
30
461
38474
9284
1196
1343
5015
730
498
730
18
2973
539
1343
225
27
16
277
29124
1889
4059
15667
499
3733
5015
344
23
16
1145
16
22
680
461
22517
391
23
16
27
97
341
7435
498
8811
225
27
304
265
22517
386
28186
1714
5993
225
27
16
697
1387
361
391
23
97
344
8781
1414
516
2549
225
1145
13
420
391
1145
105323
391
1145
97
4455
1145
16
8811
225
27
6632
225
1199
16
516
4455
622
18
391
22
97
4455
22
16
8811
225
27
6632
225
29
18
391
23
16
1145
97
4455
696
16
8811
225
27
6632
225
1592
18
391
1145
16
22
97
4455
1057
16
8811
225
27
6632
225
1670
18
391
23
16
22
97
4455
25
16
8811
225
27
6632
225
740
18
2586
277
1094
1528
304
771
4455
622
402
2287
22
341
391
23
16
27
7342
9405
7435
890
5993
225
27
498
8811
304
391
23
7342
3483
391
23
97
28186
1714
5993
225
27
16
306
411
1414
516
2549
225
1145
18
2586
277
22517
391
23
16
27
97
1414
516
3451
225
1145
18
5489
3735
16
890
539
1994
8811
225
1145
304
2761
304
771
4455
1145
16
386
1011
2485
265
22517
402
4455
20
306
1682
35
2209
539
436
8811
225
1145
7977
18
4790
5993
225
1145
16
539
1078
29124
63
21
4274
1145
16051
21
499
391
1145
7342
6755
539
1387
569
29124
63
22
4274
1145
65
499
8811
225
1145
304
265
22517
402
4455
20
35
41729
8811
225
1145
304
8295
6632
391
1145
7342
9405
29124
63
21
4274
1145
1807
2159
771
265
22517
402
4455
1145
302
2287
22
16
539
1011
1008
265
22517
402
4455
20
306
1682
21
35
3557
2731
18
2586
29124
63
22
4274
1145
65
1196
361
225
20
18
2209
3735
16
890
539
1343
225
27
16
539
2428
1994
8811
225
27
304
265
22517
386
3402
5720
225
1145
304
771
4455
1199
16
516
225
1145
18
2586
29124
63
23
4274
1145
65
1196
516
771
265
13556
499
8811
225
27
304
265
22517
386
44914
304
225
622
1480
386
1011
6496
4455
1145
35
26128
16
592
539
569
265
22517
386
44914
304
225
622
306
539
919
225
27
16
539
771
4455
1145
18
2209
386
22517
344
6118
22
4455
622
13
1414
516
3451
225
1145
18
2586
1850
4080
30
391
23
16
27
97
341
265
22517
302
277
4607
4173
344
63721
225
20
306
225
23
13
306
44914
304
225
622
18
5489
8811
225
27
35
2523
16
539
436
8811
225
27
396
277
699
2479
35
2209
539
436
5993
2479
225
27
18
461
6349
22517
1714
5993
225
27
341
391
23
97
344
273
391
23
198643
97
76367
41729
890
539
1343
225
27
16
539
1538
468
277
29124
1889
1325
5993
225
23
16
1145
16
22
18
3483
29124
1889
4059
50104
386
589
516
2549
225
27
4427
18
461
22517
391
23
97
341
1831
344
6118
21
4455
23
680
461
22517
391
23
16
27
97
341
516
4427
1831
1480
539
12831
4472
225
27
18
2973
539
1343
225
27
16
539
4430
29124
498
11532
8811
225
27
304
6349
50104
18
2586
499
391
23
2547
539
919
225
27
304
771
391
23
16
27
97
344
6118
22
4455
622
680
9405
29124
63
22
4274
622
65
867
304
225
21
18
5489
3735
16
890
539
1343
225
27
16
539
851
1994
8811
225
27
304
852
50104
304
1027
6892
50104
18
1563
4681
16
499
265
22517
302
2287
21
4455
622
35
2278
341
840
22517
302
2287
21
4455
622
1714
5993
225
27
18
5591
265
22517
302
2287
22
4455
622
35
3483
1011
361
7435
1094
1325
539
867
29124
63
22
4274
622
65
1919
277
1656
5993
302
225
27
35
2209
17034
30
610
277
9118
34198
16
539
59689
274
499
1398
304
2674
306
272
499
1398
304
2674
18
2973
539
1343
2479
225
27
16
539
1196
911
277
29124
2911
499
1714
5993
225
27
344
77
3077
1278
277
1889
468
277
1472
302
277
29607
680
2586
890
539
4430
29124
63
22
4274
622
65
499
274
33
21
21835
33
622
344
2968
29124
63
21
4274
23
24299
539
1998
4802
386
492
4430
1414
516
3910
277
10900
352
3634
274
420
272
297
277
1656
29607
18
7517
539
436
142157
274
499
2687
1652
304
225
20
16
306
352
1450
274
539
59689
272
499
1398
304
2674
16
277
4430
352
29124
63
22
4274
622
65
344
71
15
21
33
22
16
272
33
622
13
5119
29124
63
21
4274
23
65
697
341
499
277
3733
1889
344
29753
274
33
21
341
3598
936
1843
274
35
41729
890
274
33
21
16
539
436
468
277
1656
29607
689
1347
277
29124
2911
386
874
569
961
7557
7977
297
492
29607
352
3598
274
35
7517
539
704
499
1398
274
304
2674
274
16
890
539
436
468
274
33
21
16
539
569
3402
15267
274
33
22
16
689
516
274
33
20
18
461
29124
63
21
4274
23
65
341
499
277
3733
1889
1480
274
33
21
21506
961
7557
4427
297
492
29607
35
41729
539
4430
29124
34704
15
21
4274
87
65
2387
366
29124
34704
4274
87
79591
1807
7517
539
436
2540
101355
297
274
16
890
539
436
468
274
33
21
16
29124
34704
4274
87
79591
65
351
29124
63
21
4274
23
65
2428
569
961
7557
7977
297
492
29607
592
539
1078
8170
15267
274
33
20
35
2523
16
274
33
20
341
3598
16
713
516
4427
18
2586
29124
63
21
4274
23
65
341
2188
499
277
1889
1714
5993
225
27
18
9405
4309
18
2586
1325
6578
29124
63
22
4274
622
65
1919
277
274
33
21
9284
16
3735
890
539
704
304
274
33
22
16
539
2428
911
29124
63
22
4274
622
65
304
4430
29124
63
23
4274
1145
65
592
272
33
622
35
2209
297
277
274
33
22
9284
16
539
911
29124
63
22
4274
87
79591
65
304
4430
29124
63
23
4274
87
1807
7517
539
436
468
274
33
22
16
539
642
1538
468
29124
63
22
4274
622
65
344
8781
2428
569
1060
961
7557
297
492
1656
29607
13
304
4430
29124
63
23
4274
1145
65
344
29753
272
33
1145
16
272
79591
33
622
680
2952
16
1480
539
436
142157
274
499
1398
304
2674
16
890
539
436
468
274
33
22
16
539
569
3402
15267
274
33
23
35
41729
539
1343
274
499
2687
2731
1652
304
225
20
18
461
2687
1682
1714
5993
225
27
341
8696
225
23
35
41729
1325
5993
225
23
16
1145
16
22
16
277
6756
1682
341
225
23
18
2586
539
2428
569
274
33
23
16
1232
274
33
22
16
1232
274
33
21
16
1232
274
33
20
18
1437
539
1343
274
33
22
1714
274
33
21
16
1232
890
539
771
304
274
33
21
16
539
4430
29124
63
22
4274
622
65
499
29124
63
21
4274
23
1807
2209
1232
3735
890
539
704
304
274
33
22
16
539
642
1412
29124
63
22
4274
622
65
697
674
1060
961
7557
16
6152
304
1347
277
1656
2479
12775
344
19955
396
277
2479
539
436
8811
304
265
22517
386
3402
4059
225
27
35
2209
277
2479
225
27
341
1094
1610
15267
3984
31
539
1998
4802
539
1907
911
411
717
936
3984
18
461
4350
225
20
19
21
965
182511
38474
1991
352
1217
15428
344
8227
306
4455
13
341
304
59689
274
499
2687
8962
1652
304
225
20
306
272
499
2687
37438
1652
304
1033
18
957
18373
386
890
539
4430
29124
34704
15
21
4274
87
2315
539
911
29124
34704
4274
87
79591
65
499
277
1889
1714
11532
277
1843
2479
16
1480
29124
34704
4274
87
79591
65
21506
961
7557
4427
297
492
29607
344
29753
274
341
2336
936
1843
274
35
41729
592
539
59689
274
43857
16
1232
890
539
436
468
274
16
29124
34704
4274
117508
341
2188
499
277
3733
29607
1480
539
12831
7557
29124
34704
65
4427
297
492
29607
344
788
1094
4430
29124
34704
15
21
4274
14
23923
2586
29124
34704
4274
87
79591
65
341
6085
18
2952
16
29124
63
22
4274
622
65
341
468
1682
225
22
16
697
341
2336
936
277
1843
274
890
539
436
468
274
33
22
35
26128
16
539
436
468
274
33
22
16
306
539
1587
304
4430
29124
63
23
4274
1145
65
1347
29124
63
22
4274
622
1807
7517
274
33
22
341
277
1843
274
16
29124
63
22
4274
622
65
341
468
277
1656
1682
1839
396
277
1843
274
18
2209
29124
63
22
4274
622
65
1387
569
961
7557
7977
297
492
29607
592
539
1078
15267
265
3634
274
35
2523
16
539
1094
4430
29124
34704
15
21
4274
117508
352
274
499
1398
304
2674
18
2586
29124
63
22
4274
622
65
1387
361
7557
890
539
846
468
274
33
21
344
29753
274
33
21
10900
29124
63
22
4274
14
23923
7517
274
33
21
341
3598
936
274
33
22
16
306
539
1343
274
43857
16
539
642
1343
274
33
22
1714
274
33
21
35
16473
11135
277
1991
30
36443
539
867
2687
8962
351
307
344
273
778
304
1435
302
5015
15267
680
1563
225
20
19
21
965
182511
402
1217
15428
16
539
59689
274
499
2687
8962
1652
304
225
20
16
306
272
499
2687
37438
1652
304
1033
18
957
4229
1480
890
539
436
468
265
2688
274
16
539
436
24938
29124
34704
15
21
4274
87
1807
461
29124
34704
4274
87
79591
65
539
1412
341
499
277
3733
1889
344
10384
5993
1843
2479
13
1480
29124
34704
65
21506
961
7557
4427
297
492
29607
344
29753
539
1094
4430
29124
34704
15
21
65
352
274
16
306
539
704
499
1398
274
304
2674
274
16
6115
539
4430
29124
352
6892
19720
1058
16
689
29124
34704
65
352
277
1843
274
341
516
7557
1480
539
1094
4430
29124
34704
15
21
65
499
29124
34704
1807
2586
29124
34704
65
8320
396
411
540
1714
5993
277
2479
18
8111
16
1571
592
539
3735
4430
29124
34704
15
21
65
352
265
3598
274
16
386
4007
3910
29124
34704
1807
2586
890
539
436
468
274
33
22
16
29124
63
22
4274
622
65
341
2188
499
277
3733
1889
16
516
277
16713
7557
730
18
7893
1347
29124
63
22
4274
622
65
304
4430
29124
63
23
4274
1145
65
1011
361
1347
277
2462
1333
16
697
1645
516
2549
277
1843
2479
18
9405
4309
18
2586
29124
63
23
4274
1145
65
1196
516
771
265
13556
499
8811
225
27
304
265
22517
386
4059
225
27
1480
386
22517
1011
569
961
7435
297
492
1656
29607
306
1196
516
361
1161
1754
18
2586
954
7977
3592
386
29124
63
23
4274
1145
65
3289
225
21
499
29124
63
22
4274
622
65
341
18765
1480
29124
63
22
4274
622
65
540
7557
1919
277
1656
29607
16
689
890
539
1343
274
33
22
16
539
1412
277
2462
29124
63
22
4274
622
65
344
8781
1714
5993
225
27
16
29124
63
22
4274
622
65
540
225
20
680
2586
29124
63
23
4274
1145
65
8320
225
20
18
22041
16
890
5993
225
27
16
539
2428
771
29124
63
22
4274
622
65
499
274
33
21
1347
2462
29124
63
21
4274
23
2315
697
341
6772
18
5489
3735
16
890
539
1343
274
33
22
16
539
1907
911
386
699
29124
63
22
4274
622
1807
2586
29124
63
23
4274
1145
65
30628
225
20
18
6755
16
890
5993
225
27
16
539
2428
771
29124
63
21
4274
27
65
499
274
33
20
16
4924
6772
382
27872
2522
29124
1196
569
29124
63
21
4274
1145
16051
21
16
3575
225
20
18
16473
4622
277
38474
9222
402
4309
1991
382
61792
589
38474
402
26081
33819
648
82
15
21
4274
79
15
21
65
344
29753
2687
1682
307
680
27969
1343
1450
2479
382
38146
29124
63
20
4274
20
16051
21
16
3575
225
20
382
2500
1450
1033
297
27166
638
261
592
1033
1518
399
30
18486
344
956
2188
411
8654
16
689
411
4007
3910
29124
352
4455
6758
79
16
689
539
1008
304
6629
969
12515
352
51628
225
22
2421
82
1965
7342
2586
539
1008
304
1682
307
2983
18
2586
539
18486
411
297
38474
689
307
4059
411
388
261
1563
274
499
1843
16941
8962
1652
304
225
20
638
348
1563
272
499
399
1652
304
1033
638
454
29124
34704
15
21
4274
87
65
351
344
20440
34704
15
21
4274
87
65
692
29124
34704
4274
87
79591
6577
1577
28157
300
61792
4680
2687
8962
351
1435
302
5015
15267
713
3312
382
8311
352
27166
351
648
23
16
1145
16
22
16
27
2315
399
33
1145
382
38146
29124
63
20
4274
20
16051
21
382
9477
225
23
344
26720
1145
2407
261
274
499
225
20
304
225
20
344
4956
8962
33
20
465
261
274
33
20
30
272
499
225
1145
1652
304
225
23
638
348
272
33
1145
30
29124
63
21
4274
1145
65
4284
29124
63
20
4274
992
65
344
20
465
348
272
33
902
30
29124
63
21
4274
902
65
4284
29124
63
20
4274
1068
65
344
20
465
348
13361
348
272
33
23
30
29124
63
21
4274
23
65
4284
29124
63
20
4274
20
65
344
21
13
1117
29124
63
21
4274
23
16051
21
203
261
6013
2687
8962
33
21
382
9477
225
1145
638
261
274
499
225
21
1652
304
225
20
638
261
274
33
21
30
272
499
225
1145
1652
304
225
1145
638
348
29124
63
22
4274
1145
65
4284
29124
63
21
4274
20
65
344
20440
63
21
4274
20
65
341
225
20
13
1117
840
2312
388
261
274
33
20
30
272
499
225
1145
1652
304
225
1145
638
348
29124
63
21
4274
1145
65
4284
29124
63
20
4274
20
65
344
21
13
1117
29124
63
21
4274
1145
16051
21
203
261
6013
29124
30
29124
63
20
4274
20
16051
21
16
29124
63
21
4274
23
16051
21
16
29124
63
21
4274
1145
16051
21
382
9477
225
22
638
261
274
499
225
21
1652
304
225
20
638
261
274
33
21
30
272
499
225
1145
1652
304
225
22
638
348
272
33
1145
30
29124
63
22
4274
1145
65
4284
29124
63
21
4274
883
65
344
20440
63
21
4274
883
16051
20
465
348
272
33
902
30
29124
63
22
4274
902
65
4284
29124
63
21
4274
992
65
344
20
465
348
13361
348
272
33
23
30
29124
63
22
4274
23
65
4284
29124
63
21
4274
21
65
344
20
465
348
272
33
22
30
29124
63
22
4274
22
65
4284
29124
63
21
4274
20
65
344
20
465
261
274
33
20
30
272
499
225
1145
1652
304
225
22
638
348
272
33
1145
30
29124
63
21
4274
1145
65
4284
29124
63
20
4274
883
65
344
20
465
348
272
33
902
30
29124
63
21
4274
902
65
4284
29124
63
20
4274
992
65
344
20
465
348
13361
348
272
33
23
30
29124
63
21
4274
23
65
4284
29124
63
20
4274
21
65
344
20
465
348
272
33
22
30
29124
63
21
4274
22
65
4284
29124
63
20
4274
20
65
344
21
13
1117
29124
63
21
4274
22
16051
21
203
261
6013
29124
30
29124
63
20
4274
20
16051
21
16
29124
63
21
4274
22
16051
21
16
29124
63
21
4274
23
16051
21
16
29124
63
21
4274
1145
16051
21
382
9477
225
27
638
261
274
499
225
21
1652
304
225
20
344
7628
2687
8962
33
21
2407
261
274
33
21
30
272
499
225
1145
1652
304
225
27
638
348
272
33
1145
30
29124
63
22
4274
1145
65
4284
29124
63
21
4274
622
65
344
20440
63
21
4274
622
16051
20
465
348
272
33
902
30
29124
63
22
4274
902
65
4284
29124
63
21
4274
29
65
344
20
465
348
272
33
883
30
29124
63
22
4274
883
65
4284
29124
63
21
4274
28
65
344
20
465
348
272
33
992
30
29124
63
22
4274
992
65
4284
29124
63
21
4274
27
65
344
20440
63
21
4274
27
16051
20
465
348
272
33
1068
30
29124
63
22
4274
1068
65
4284
29124
63
21
4274
26
65
344
20
465
348
272
33
740
30
29124
63
22
4274
740
65
4284
29124
63
21
4274
25
65
344
20
465
348
272
33
807
30
29124
63
22
4274
807
65
4284
29124
63
21
4274
24
65
344
20
465
348
272
33
622
30
29124
63
22
4274
622
65
4284
29124
63
21
4274
23
65
344
20440
63
21
4274
23
16051
21
13
1117
29124
63
22
4274
622
65
351
21
203
348
272
33
29
30
29124
63
22
4274
29
65
4284
29124
63
21
4274
22
65
344
20440
63
21
4274
22
16051
21
13
1117
29124
63
22
4274
29
65
351
21
203
348
272
33
28
30
29124
63
22
4274
28
65
4284
29124
63
21
4274
21
65
344
20
465
348
272
33
27
30
29124
63
22
4274
27
65
4284
29124
63
21
4274
20
65
344
20
465
261
274
33
20
30
272
499
225
1145
1652
304
225
27
638
348
272
33
1145
30
29124
63
21
4274
1145
65
4284
29124
63
20
4274
622
65
344
20
465
348
272
33
902
30
29124
63
21
4274
902
65
4284
29124
63
20
4274
29
65
344
20
465
348
272
33
883
30
29124
63
21
4274
883
65
4284
29124
63
20
4274
28
65
344
20
465
348
272
33
992
30
29124
63
21
4274
992
65
4284
29124
63
20
4274
27
65
344
20
465
348
272
33
1068
30
29124
63
21
4274
1068
65
4284
29124
63
20
4274
26
65
344
20
465
348
272
33
740
30
29124
63
21
4274
740
65
4284
29124
63
20
4274
25
65
344
20
465
348
272
33
807
30
29124
63
21
4274
807
65
4284
29124
63
20
4274
24
65
344
20
465
348
272
33
622
30
29124
63
21
4274
622
65
4284
29124
63
20
4274
23
65
344
20
465
348
272
33
29
30
29124
63
21
4274
29
65
4284
29124
63
20
4274
22
65
344
20
465
348
272
33
28
30
29124
63
21
4274
28
65
4284
29124
63
20
4274
21
65
344
20
465
348
272
33
27
30
29124
63
21
4274
27
65
4284
29124
63
20
4274
20
65
344
21
13
1117
29124
63
21
4274
27
65
351
21
203
261
6013
1325
5993
225
27
16
29124
4059
638
261
29124
63
20
4274
20
16051
21
203
261
29124
63
21
4274
22
16051
21
16
29124
63
21
4274
23
16051
21
16
29124
63
21
4274
27
16051
21
16
29124
63
21
4274
622
16051
20
35
41729
29124
63
21
4274
622
65
15469
225
20
16
29124
63
21
4274
29
16051
20
16
29124
63
21
4274
28
16051
20
16
29124
63
21
4274
807
16051
20
16
29124
63
21
4274
740
16051
20
16
29124
63
21
4274
1068
16051
20
16
29124
63
21
4274
992
16051
20
16
29124
63
21
4274
883
16051
20
16
29124
63
21
4274
902
16051
20
16
29124
63
21
4274
1145
16051
21
388
261
29124
63
22
4274
622
16051
21
16
29124
63
22
4274
29
16051
21
16
3575
225
20
388
261
29124
63
23
4274
118711
616
225
20
388
261
6755
29124
63
35
4274
117376
8696
29124
63
22
4274
35
15032
8311
29124
63
21
4274
1145
65
351
225
21
16
29124
63
22
4274
1145
16051
20
16
29124
63
23
4274
1145
16051
20
18
2586
1094
274
33
21
674
265
22517
115738
304
225
1145
382
27872
3032
351
29124
63
21
4274
1145
65
535
225
22
2421
24
17
21
97
351
225
21
535
225
22
66
23
351
225
28
18
2586
954
38474
22699
225
28
382
27872
277
1310
31518
225
27
341
41514
382
23928
492
16
2964
2540
304
3138
277
4377
402
277
21032
10413
18
1437
277
1310
18048
16
342
1387
2050
304
1565
592
903
341
839
852
122221
30
8696
277
2136
302
265
138394
341
5047
396
277
1435
302
969
10037
1860
386
4455
304
399
16
689
724
1994
386
277
138394
330
5513
341
516
33649
592
411
44914
304
399
35
3483
1011
3050
352
648
23
16
1145
16
22
16
27
10925
331
15345
1145
65
341
265
22517
115738
304
399
16
306
277
1094
330
386
5720
411
306
674
330
2308
331
436
40248
1403
852
936
391
1145
7342
7551
302
1175
330
351
225
22
2421
23
97
506
225
21
351
225
27
18
3483
14441
1310
18
1563
648
21
16
22
16
23
2315
331
15345
23
65
306
331
15345
21
16
22
1807
1563
331
15345
23
2315
40248
1403
330
386
436
516
330
5513
30
1435
302
40248
1403
302
391
23
97
341
225
22
2421
22
14883
24
16
30774
225
21
344
55
1801
23
4106
351
23
18
1563
331
15345
21
16
22
2315
40248
1403
302
391
21
16
22
97
341
225
22
2421
21
14883
22
16
30774
225
21
344
55
1801
21
16
22
4106
351
21
18
11612
351
225
23
15
21
33
24
16
689
1310
36033
225
26
18
2586
386
18048
382
2608
1065
592
352
331
15345
21
16
22
2315
539
589
516
29082
330
84468
1480
331
341
277
4425
4173
35
2523
16
391
21
16
22
97
341
516
4425
4173
18
2586
2188
26217
382
27872
516
382
25790
724
29082
330
84468
1094
890
331
341
277
4425
4173
35
3483
1011
361
30
1563
331
386
341
265
1996
22517
16
1682
616
40248
1403
2291
331
31
352
331
386
341
277
4425
4173
16
1682
1094
40248
1403
386
436
516
277
4425
4173
344
77
3077
1278
1996
40248
1403
680
2209
331
1610
4425
4173
1094
592
277
4425
4173
44914
304
399
18
610
648
21
16
22
16
23
2315
4425
4173
4455
33
26
516
399
16
713
840
331
341
4425
18
2586
386
4007
2312
382
27872
516
382
23928
277
133336
16
9916
10987
277
1310
341
6078
18
9916
3138
277
4309
4377
306
5752
386
277
125888
674
277
4309
4655
19237
344
50180
724
7557
277
1310
689
277
2746
6434
2188
4213
2462
680
2952
16
277
12759
4060
373
5677
4222
59947
5533
213288
1304
697
1387
2676
539
1196
516
2312
277
1310
2363
16
689
539
436
304
3138
277
1154
18
1437
277
1310
341
6078
16
539
2428
2188
1717
592
277
1310
341
516
1161
297
10393
35
2209
724
2132
373
8940
2292
68768
9414
12932
25394
1615
31098
13
304
1774
6292
1304
2586
411
642
361
1161
382
25790
277
2746
341
499
387
17409
3167
1207
277
6292
436
516
3577
304
471
689
539
569
304
4602
2363
386
19553
1019
18
461
3419
2363
4059
277
2292
1154
16
697
341
277
1310
18
2586
539
1998
1717
386
382
23928
277
131302
16
9916
2050
304
1565
592
903
341
839
852
16340
386
22699
225
27
352
648
23
16
1145
16
22
16
27
65
306
225
26
352
648
21
16
22
16
23
1807
16473
5842
304
32012
265
10413
386
6632
1131
5463
382
6021
2983
351
12047
1242
56
30
4455
73555
97
285
21914
56
180493
352
910
1154
285
382
2500
648
23
16
1145
16
22
16
27
2315
331
1094
648
1145
65
402
2287
21
16
713
2983
351
285
12
21
13
351
225
27
1117
285
12
21
5791
27
388
2500
648
21
16
22
16
23
2315
331
13241
30
2287
21
20609
23
6577
306
2287
22
20609
21
16
22
24299
713
2983
351
285
12
21
13
692
285
12
22
13
351
225
26
388
27872
539
569
285
12
21
5791
27
16
306
285
12
21
7162
74
12
22
5791
26
1117
285
12
22
13
351
506
21
18
9405
13861
352
265
1682
382
4892
840
1175
1154
8654
386
341
7821
302
277
4173
18
2586
277
13556
621
331
4273
361
265
1154
21289
302
969
2287
31
411
1998
5086
366
2761
1625
16
1013
8696
277
1435
302
5015
1518
399
35
610
648
23
16
1145
16
22
16
27
2315
903
436
840
5015
1518
399
18
610
648
21
16
22
16
23
2315
616
5015
6758
399
18
2586
2188
1656
382
25790
277
51628
341
225
22
2421
82
506
367
56
96
506
225
21
105323
1563
648
23
16
1145
16
22
16
27
2315
225
22
2421
24
17
21
17
21
14883
22
66
22
33
24
16
516
225
27
382
25790
1850
225
22
2421
82
506
367
56
155485
692
2761
35
1563
648
23
16
1145
16
22
16
27
2315
225
28
16
1008
225
27
1117
57859
225
21
382
25790
1850
225
22
2421
82
506
367
56
155485
506
225
21
890
331
341
516
277
4425
4173
35
2209
1232
352
648
21
16
22
16
23
2315
285
12
21
5791
22
2421
22
13468
21
33
23
16
285
12
22
5791
22
2421
21
13468
21
33
21
16
2983
33
24
382
1974
592
1850
225
22
2421
82
506
367
56
155485
692
344
21
592
2761
15309
1563
648
21
16
22
16
23
2315
539
1008
2983
225
26
351
225
22
2421
22
16407
22
2421
21
97
351
225
24
15
22
33
26
16
697
341
7662
277
4455
302
225
22
2421
82
100611
56
155485
352
1450
331
18
1563
648
23
16
1145
16
22
16
27
2315
386
4455
341
225
28
16
689
539
1008
225
27
18
2586
539
1008
304
57859
225
21
352
386
3018
1690
18
8370
1011
539
57859
225
21
1094
352
386
1690
35
14812
1480
903
341
387
2479
386
25782
399
35
610
648
23
16
1145
16
22
16
27
2315
277
2479
225
1145
25782
399
18
610
648
21
16
22
16
23
2315
277
2479
225
23
25782
399
16
306
225
21
15
22
33
23
1414
516
3451
387
2479
6792
304
399
35
41729
225
23
341
387
2479
6792
304
399
18
2586
1804
569
387
2479
6792
304
399
18
2586
386
4007
25105
382
25790
57859
225
21
890
903
341
7662
730
2479
6792
304
399
35
610
648
23
16
1145
16
22
16
27
2315
903
341
7662
730
2479
6792
304
399
344
1145
680
610
648
21
16
22
16
23
2315
903
341
7662
730
2479
6792
304
399
344
23
680
2586
1656
382
25790
57859
225
21
890
277
2479
6792
304
399
341
468
265
3018
2413
35
2523
382
25790
57859
225
21
890
277
4173
4354
341
225
24
35
2209
648
21
16
22
16
23
65
4354
225
23
16
648
22
16
23
16
23
65
4354
225
23
16
648
25
16
21
65
4354
225
22
16
4115
18
3557
10358
382
25790
277
1310
648
23
16
1145
16
22
16
27
65
341
3757
225
28
16
689
277
2746
6434
674
265
103364
18
9916
3612
2486
4625
30
342
19877
265
2130
305
3854
2746
373
20454
302
4758
25394
61230
6
689
516
7662
18
2278
341
265
2746
373
20454
302
4758
25394
38706
87
6
4115
18
3557
492
382
23928
277
845
16
9916
3138
277
4309
4377
18
9916
851
6035
386
592
277
1310
18048
16
342
1387
2050
304
919
265
32371
352
386
3018
2740
304
758
225
27
16
689
386
1011
361
16474
93
306
516
3449
18
2952
16
277
2746
2428
2364
471
304
7745
686
277
4309
10413
306
1232
277
1310
642
1717
1480
277
1310
341
3757
225
28
35
2209
724
8089
225
27
18
22547
411
361
386
342
250260
277
1310
35
16473
2292
277
1310
1568
1754
30
887
4059
1375
5640
298
905
22708
1310
4027
203
298
3999
12578
6336
25
16
225
21
2315
225
25
13
1377
225
22
203
298
3999
12578
6336
27
16
225
25
16
225
622
16
225
28
16
225
22
16
225
23
16
225
26
2315
225
24
13
1377
225
20
203
298
3999
12578
6336
29
16
225
622
16
225
22
16
225
21
16
225
29
16
225
25
16
225
29
16
225
27
16
225
25
2315
225
22
13
1377
225
6008
203
298
3999
12578
6336
25
16
225
28
16
225
28
2315
225
21
13
1377
225
20
203
298
3999
12578
6336
21
16
225
23
16
225
27
16
225
28
2315
225
21
13
1377
225
28
203
298
3999
12578
6336
28
16
225
21
16
225
21
16
225
28
16
225
27
2315
225
22
13
1377
225
28
203
298
3999
12578
6336
29
16
225
26
16
225
24
16
225
26
16
225
28
2315
225
29
13
1377
225
902
203
298
3999
12578
6336
22
16
225
25
16
225
25
16
225
21
16
225
25
2315
225
26
13
1377
225
1199
203
7203
14032
1375
5640
298
905
89978
1310
4027
203
298
3999
12578
6336
1748
16
225
3124
16
225
7537
16
225
29
16
225
1691
16
225
902
16
225
1530
16
225
1748
16
225
5477
16
225
1948
16
225
22
16
225
5569
16
225
2281
16
225
1691
16
225
992
16
225
1199
16
225
7563
2315
225
3723
13
1377
225
2394
22380
203
7203
14032
1375
5640
298
905
4720
402
616
1656
2911
203
298
3999
12578
6336
28
65
535
225
1296
16
225
992
13
1377
225
20
203
7203
14032
1375
5640
298
905
25629
1310
4027
402
4655
19237
203
298
27166
21
351
648
28
16
25
16
26
16
29
16
28
16
26
16
25
16
26
16
23
16
622
16
22
16
22
16
23
16
24
16
26
16
24
16
24
16
622
16
22
16
25
16
22
16
28
16
25
16
21
16
21
16
21
16
24
16
23
16
22
16
21
16
24
16
622
16
25
16
29
16
23
16
24
16
25
16
23
16
29
16
622
16
24
16
29
16
28
16
24
16
25
16
24
16
27
16
26
16
28
16
25
16
29
16
23
16
28
16
22
16
28
16
29
16
23
16
27
16
21
16
21
16
23
16
21
16
22
16
22
16
622
16
22
16
22
16
28
16
22
16
25
16
24
16
29
16
24
16
28
16
28
16
22
16
622
16
21
16
622
16
23
16
24
16
25
16
23
16
622
16
29
16
29
16
25
16
22
16
29
16
26
16
27
16
26
16
622
16
622
16
25
16
622
16
29
16
23
16
28
16
23
1391
298
3999
12578
56046
21
16
225
740
13
1377
225
18981
20113
13060
19964
298
27166
22
351
648
948
16
2127
16
2072
16
1952
16
3284
16
4868
16
7713
16
1120
16
959
16
992
16
1592
16
3284
16
2196
16
2014
16
3671
16
6419
16
21
16
7537
16
2455
16
1068
16
4868
16
29
16
1068
16
1952
16
1960
16
3304
16
1028
16
1710
16
24
16
7563
16
2281
16
2455
16
902
16
7366
16
902
16
5477
16
7421
16
2014
16
1592
16
5293
16
2193
16
2394
16
3304
16
3523
16
883
16
1339
16
5293
16
1592
16
22
16
23
16
2517
16
696
16
7726
16
6548
16
6419
16
1575
16
1057
16
1045
16
883
16
948
16
25
16
696
16
807
16
1068
16
740
16
2193
16
948
16
1793
16
1068
16
7521
16
2072
16
4405
16
2125
16
5293
16
22
16
7713
16
1960
16
4306
16
3298
16
7521
16
3501
16
1336
16
8028
16
1068
16
807
16
7421
16
1748
16
7726
16
1339
16
3523
16
622
16
3723
16
740
16
24
16
1793
16
963
16
3501
16
7563
16
1507
16
5095
1391
298
3999
12578
56046
22
16
225
1296
13
1377
225
21982
12827
16785
19964
298
27166
23
351
648
622
16
24
16
23
16
21
16
622
16
22
16
25
16
24
16
24
16
25
16
22
16
22
16
23
16
23
16
29
16
29
16
622
16
22
16
622
16
23
16
26
16
23
16
23
16
29
16
29
16
28
16
21
16
22
16
27
16
28
16
23
16
27
16
23
16
23
16
23
16
21
16
22
16
622
16
25
16
24
16
622
16
24
16
28
16
24
16
26
16
622
16
29
16
26
16
29
16
21
16
22
16
26
16
22
16
622
16
28
16
22
16
22
16
24
16
22
16
25
16
622
16
622
16
29
16
28
16
22
16
25
16
26
16
25
16
23
16
23
16
21
16
24
16
27
16
622
16
622
16
29
16
27
16
24
16
24
16
23
16
622
16
29
16
26
16
622
16
27
16
29
16
622
16
21
16
24
16
622
16
26
16
27
16
22
16
26
16
29
16
25
16
28
16
26
16
28
16
29
1391
298
3999
12578
56046
23
16
225
29
13
1377
225
17766
18248
22586
19964
298
27166
24
351
648
28
16
622
16
28
16
29
16
21
16
22
16
25
16
622
16
24
16
22
16
28
16
27
16
28
16
27
16
24
16
29
16
24
16
28
16
26
16
21
16
29
16
25
16
25
16
22
16
26
16
21
16
22
16
24
16
622
16
24
16
26
16
21
16
28
16
23
16
23
16
25
16
22
16
25
16
622
16
21
16
25
16
22
16
24
16
622
16
29
16
22
16
27
16
29
16
23
16
28
16
29
16
26
16
25
16
28
16
622
16
23
16
25
16
26
16
28
16
622
16
23
16
25
16
22
16
22
16
26
16
24
16
21
16
29
16
25
16
24
16
29
16
24
16
24
16
21
16
622
16
25
16
25
16
28
16
29
16
27
16
27
16
29
16
622
16
26
16
29
16
21
16
27
16
21
16
21
16
21
16
27
16
622
16
26
16
622
16
22
16
23
16
23
16
29
16
23
16
25
1391
298
3999
12578
56046
24
16
225
26
13
1377
225
24178
21435
11777
203
7203
45
7925
386
277
1310
352
648
23
16
1145
16
22
16
27
65
341
8456
1325
648
22
16
25
16
25
16
21
16
25
65
306
1714
648
29
16
26
16
24
16
26
16
28
1807
2586
1850
3724
277
373
24861
1310
4027
3210
887
2428
361
265
75848
420
53786
45089
18
22547
411
361
386
277
4173
341
648
23
16
225
1145
16
225
22
16
225
27
65
689
399
341
225
1145
16
306
724
2364
225
27
1480
724
1994
386
10037
1860
436
4582
402
277
4550
386
724
436
1713
61226
306
851
386
277
138394
330
4273
361
277
4425
4173
35
3483
7939
225
27
352
492
1690
689
225
24
352
648
21
16
22
16
23
1807
2209
648
21
16
22
16
23
65
341
297
277
194863
16
516
297
4728
6292
18
2586
8696
277
4728
6292
436
516
766
302
277
2993
1717
35
461
2746
4060
373
4399
3138
277
1154
4546
306
1717
616
277
6292
1304
461
2292
1154
4059
616
70305
18
2586
539
1998
1717
616
382
25790
277
194863
7120
436
277
5167
6299
16
306
277
4728
6292
436
4814
16
689
539
2188
1008
304
1717
1019
18
2952
16
592
903
341
265
12475
16
9745
277
4728
1310
341
6078
18
2209
539
4445
1287
382
23928
277
138537
302
4967
16
2964
2540
304
3138
277
21032
10413
18
9916
851
919
265
4889
34155
277
66504
35
2209
277
3032
1196
361
2363
1094
297
265
3225
2732
382
36795
4602
277
1154
1347
38474
396
4546
382
44023
5826
1375
17
28157
351
225
622
478
29
15
27
203
17
307
351
6441
56046
465
17
21854
5015
386
436
6758
399
352
38474
16
689
2553
4671
386
2983
307
341
4607
388
17
29702
29124
396
265
225
22
40
1568
302
2287
344
82
15
21
13
1150
344
79
15
21
13
402
53432
18
29124
63
20
4274
20
65
351
225
21
388
17
2687
8962
351
225
20
203
17
1563
1450
1033
297
27166
638
298
592
1033
1518
399
30
4622
344
29753
411
4445
361
297
839
22517
115738
304
399
465
298
352
274
297
2783
20399
8962
16
506
21
16
506
21
2407
348
352
272
297
2783
12402
16
1033
17
21
16
506
21
2407
454
29124
34704
15
21
4274
87
65
351
344
20440
34704
15
21
4274
87
65
692
29124
34704
4274
87
79591
6577
1577
28157
203
298
2687
8962
4284
225
21
344
29753
539
4472
730
2479
465
17
4421
52448
7789
22
778
304
307
30
7789
22
2943
65
351
225
22
478
77
1577
28157
388
17
2343
351
225
20
203
17
352
274
297
2783
12
20
16
2687
8962
15
21
2738
261
905
3757
2687
8962
341
1435
302
15267
5015
344
58325
6758
79
680
2209
903
874
361
5015
1518
399
386
539
56054
16
713
2687
8962
874
361
2336
936
307
18
2952
16
539
1008
304
1994
616
274
499
225
20
304
307
35
41729
29124
1094
19720
50104
386
4732
302
5015
6758
399
18
2209
539
851
1008
304
1994
386
50104
331
1387
2549
5015
1518
399
35
2523
16
1480
592
387
2479
1518
399
16
411
4273
361
766
302
265
22517
115738
304
399
344
29753
616
5463
4898
680
2586
29124
1094
352
1731
6758
79
341
9433
18
2952
16
277
51628
225
22
2421
82
1965
97
5119
2983
307
16
697
4059
56054
5015
18
2586
539
1008
304
1994
274
499
225
20
304
2687
8962
344
1833
1435
302
47252
5015
733
689
851
6035
386
903
436
56054
5015
386
530
361
3673
297
330
420
516
18
9405
3402
40977
297
277
51628
225
22
2421
82
1965
97
1480
307
4059
1019
18
2209
539
851
1008
304
4802
386
539
1907
4826
15667
499
50104
331
386
2428
2549
56054
5015
35
2523
16
331
4273
2549
1019
1480
4455
1011
14949
399
18
2586
1850
6772
388
17
2952
16
29124
4173
2287
1196
361
344
82
15
21
13
1150
344
79
15
21
13
304
361
6085
16
689
539
530
4753
304
2687
8962
15
21
1480
539
7258
569
50104
6892
936
2687
8962
18
2209
890
539
59689
274
297
277
3032
9284
16
539
1196
704
778
304
307
16
689
352
274
1518
2687
8962
16
29124
34704
4274
79
65
351
225
20
18
2586
539
530
9284
274
499
225
20
304
307
16
689
539
530
1060
9284
898
2783
20399
8962
15
21
13
2650
7835
386
1850
7810
388
17
1563
1450
274
1207
29124
34704
4274
79
65
1518
225
20
16
2343
351
344
543
692
29124
34704
4274
79
65
535
7789
22
22965
506
274
6577
1577
28157
203
17
7448
2343
300
2608
17034
30
2687
8962
874
361
2336
936
307
16
689
539
1008
7789
22
22965
506
274
65
1207
274
530
361
778
304
2687
8962
18
9405
6772
382
8311
1310
402
7120
382
2110
1196
851
5203
277
1690
1207
27166
674
5015
1518
399
18
5641
38474
642
18486
1019
16
689
724
2188
11274
304
307
18
9405
4309
382
8311
13640
1310
402
648
21
16
22
16
23
65
1347
492
38474
30
539
3402
1645
16
6632
225
26
382
3397
648
22
16
23
16
23
65
6632
225
24
382
3397
648
25
16
21
65
6632
225
22
382
3397
648
23
16
1145
16
22
16
27
65
6632
225
28
382
27872
411
642
4759
277
1310
31518
225
27
382
25790
539
530
6313
498
34155
386
592
903
341
387
2479
7662
6792
304
399
16
539
1196
57859
225
21
499
277
2983
35
2209
386
1011
2984
852
4027
18
1563
648
25
16
21
2315
2479
225
25
25782
399
16
592
539
57859
225
21
16
2983
7883
225
21
16
516
225
22
18
2586
840
382
25790
539
57859
225
21
1094
592
903
341
7662
730
2479
6792
304
399
306
386
2479
341
468
387
11700
3591
35
2523
382
23928
277
133336
16
9916
10987
277
1310
341
6078
18
9916
3138
277
4309
4377
382
2608
1714
184752
16
13640
2292
277
2927
1310
4027
304
1565
592
724
2428
361
10358
402
277
21032
10413
18
461
2927
1310
4027
436
3419
402
4655
19237
18
1283
530
5842
304
1565
592
1731
5463
436
52298
402
954
10413
18
1563
4681
16
277
1058
2927
1310
30
27166
21
344
11228
35
13640
1682
680
3578
265
1423
1568
31
689
539
530
6724
386
277
4655
19237
436
19377
1347
277
4309
10413
18
7517
616
852
7120
4475
16
1850
4164
386
277
9444
10413
341
21032
16
306
277
648
23
16
1145
16
22
16
27
65
1310
341
265
20511
382
27872
9916
11536
382
8311
16
819
277
2363
30
1283
1008
304
1250
3914
499
23225
18
27969
4602
277
1154
382
61792
851
5203
277
68437
7154
382
61792
17208
7789
22
778
304
307
1347
59038
40366
382
44023
1375
5640
3161
23225
1250
3914
300
1847
4455
9414
12932
25394
1615
31098
56046
30
3914
37990
2315
399
30
853
13
2649
853
638
298
28157
351
225
622
478
29
692
225
27
203
298
307
351
6441
56046
465
298
905
29124
34704
4274
87
65
351
1435
302
50104
1347
15267
5015
402
2287
274
306
4455
272
203
298
29124
351
10434
20
197693
79
15
21
13
352
1447
297
2783
4020
15
21
9445
298
29124
63
20
4274
20
65
351
225
21
203
298
2687
1623
351
225
20
203
298
352
1033
297
27166
638
348
592
1033
1518
399
638
454
4622
203
348
352
274
297
2783
20399
1623
16
506
21
16
506
21
2407
454
352
272
297
2783
12402
16
1033
17
21
16
506
21
2407
615
29124
34704
15
21
4274
87
65
351
344
20440
34704
15
21
4274
87
65
692
29124
34704
4274
87
79591
6577
1577
28157
203
348
2687
1623
4284
225
21
203
298
7789
22
351
648
21
197693
82
15
21
465
298
352
700
297
2783
12
21
16
307
15
21
2407
348
7789
22
2943
65
351
344
56279
22
2943
17
21
65
535
225
22
13
1577
28157
203
298
2343
351
225
20
203
298
352
274
297
2783
20399
1623
15
21
2407
348
2343
351
344
543
692
29124
34704
4274
79
65
535
7789
22
22965
506
274
6577
1577
28157
203
298
758
2343
203
7203
2608
6035
30
2687
1623
341
277
1435
302
5015
15267
344
58325
6758
79
680
2952
16
539
1008
304
1994
386
903
2428
361
4347
50104
331
386
911
1094
910
302
1731
6758
79
5015
18
9405
9494
382
2608
539
851
1008
304
1994
386
5015
1518
399
436
516
297
29124
16
689
724
530
361
297
330
18
9405
40977
498
51628
382
8311
1310
402
648
21
16
22
16
23
10925
307
33
23
16
616
6758
23
16
713
2687
1623
33
23
18
29124
1325
5993
616
30
539
19377
7977
29124
63
21
4274
23
16051
21
16
29124
63
22
4274
23
16051
21
16
29124
63
23
4274
23
16051
20
35
41729
539
1078
29124
63
21
4274
23
16051
21
16
29124
63
22
4274
23
16051
21
16
29124
63
20
4274
23
16051
20
16
29124
63
23
4274
23
16051
20
18
2586
2343
351
225
21
26276
350
22
63
22
65
692
225
21
26276
350
22
63
21
65
351
225
21
14
24
692
225
21
14
22
351
225
26
18
9177
382
8311
648
22
16
23
16
23
10925
307
33
23
16
616
6758
25
35
399
33
25
16
616
6758
25
16
2687
1623
33
23
18
29124
63
21
4274
25
128410
50104
30
391
25
105323
41729
225
25
341
399
16
689
539
569
225
23
306
225
23
16
840
225
25
18
2586
29124
63
21
4274
25
16051
20
18
29124
63
22
4274
25
128410
391
22
16
23
97
44914
304
25
16
903
436
1217
1175
50104
35
41729
903
436
1217
9746
391
22
16
23
97
344
29753
1217
225
23
494
680
610
954
38474
16
890
5993
5015
16
539
2489
1019
396
9746
18
2586
29124
63
22
4274
25
65
1196
361
225
22
18
16473
37687
6697
30
5015
30
225
22
16
23
16
23
388
9477
225
22
30
29124
63
21
4274
22
16051
21
388
9477
1058
225
23
30
4430
30
499
274
33
20
30
29124
63
21
4274
23
65
4284
29124
63
20
4274
20
65
1117
21
31
499
274
33
21
30
272
499
25
1652
304
23
30
272
33
25
30
29124
63
22
4274
25
65
4284
29124
63
21
4274
22
65
344
20440
63
21
4274
22
16051
21
13
1117
29124
63
22
4274
25
16051
21
31
272
33
23
30
29124
63
22
4274
23
65
4284
29124
63
21
4274
20
65
344
20
680
6755
274
33
20
30
272
33
23
30
29124
63
21
4274
23
65
4284
29124
63
20
4274
20
65
1117
21
344
956
3402
225
21
16
1616
7883
225
22
35
26128
17034
30
890
5993
1058
225
23
16
1714
4430
16
29124
63
21
4274
23
65
341
225
20
18
4790
274
33
20
9284
16
29124
63
21
4274
23
65
7883
225
21
18
5489
1325
274
33
21
9284
16
29124
63
22
4274
25
65
7883
225
21
18
2586
1325
1058
225
23
16
29124
63
21
4274
23
16051
21
16
29124
63
22
4274
25
16051
21
388
9477
1749
225
23
30
1616
2687
1623
33
21
15528
35
41729
539
1008
304
4430
2687
1623
12989
18
4790
1058
225
23
16
2687
1623
7883
225
22
18
5489
5993
1749
225
23
30
539
59689
274
499
225
22
1652
304
225
20
388
261
274
33
22
30
272
499
25
1652
304
23
30
272
33
25
30
29124
63
23
4274
25
65
4284
29124
63
22
4274
22
65
344
20440
63
22
4274
22
16051
20
13
1117
20
31
272
33
24
30
29124
63
23
4274
24
65
4284
29124
63
22
4274
21
65
344
20
1798
272
33
23
30
29124
63
23
4274
23
65
4284
29124
63
22
4274
20
65
344
20
3098
261
274
33
21
30
272
499
25
1652
304
23
30
272
33
25
30
29124
63
22
4274
25
65
4284
29124
63
21
4274
22
65
344
20440
63
21
4274
22
16051
21
13
1117
29124
63
22
4274
25
65
7883
225
21
15
21
33
22
31
272
33
23
30
29124
63
22
4274
23
65
4284
29124
63
21
4274
20
65
344
20
3098
261
274
33
20
30
272
499
25
1652
304
23
30
272
33
25
30
29124
63
21
4274
25
65
4284
29124
63
20
4274
22
65
344
20
1798
272
33
23
30
29124
63
21
4274
23
65
4284
29124
63
20
4274
20
65
344
21
13
1117
29124
63
21
4274
23
65
7883
225
21
15
21
33
22
388
7525
1749
225
23
30
29124
63
22
4274
25
16051
22
16
29124
63
21
4274
23
16051
22
388
14353
852
16174
388
8311
29124
63
22
4274
25
16051
22
16
697
21062
304
277
1217
50104
391
22
16
1058
225
23
97
306
391
22
16
1749
225
23
7342
9177
388
8311
2343
351
29124
63
21
4274
25
21018
56279
22
63
22
65
692
29124
63
22
4274
25
21018
56279
22
63
21
65
351
225
20
14
24
692
225
22
14
22
351
225
24
18
9177
382
4892
38474
4229
382
8311
352
648
23
16
1145
16
22
16
27
2315
539
3289
29124
63
21
4274
1145
16051
21
16
2343
351
225
21
535
225
22
2421
23
14883
28
382
27872
7878
14441
382
8311
16
819
277
2927
1310
4027
30
2227
642
361
19377
12989
498
492
8860
382
27872
9916
2483
492
2363
382
2608
2964
2188
121266
819
277
25389
1310
18
14812
277
1310
648
23
16
1145
16
22
16
27
65
341
3757
225
28
16
689
277
2746
6434
674
265
103364
18
9916
10987
386
382
5158
717
3592
30
22547
411
361
386
277
2136
302
265
138394
330
341
5047
396
277
1435
302
969
10037
1860
386
4455
304
399
16
689
724
1994
386
277
138394
330
5513
341
516
33649
592
411
341
277
1094
138394
35
2523
382
25790
724
1994
386
277
138394
330
1998
361
1713
61226
306
851
386
277
138394
330
4273
361
302
4354
225
20
16
689
851
386
277
138394
330
4273
361
302
4354
225
21
592
386
2479
25782
399
35
3483
5563
3312
228811
382
23928
277
845
16
9916
3138
277
4309
4377
382
36795
1616
4602
277
2522
3032
297
277
2993
5030
5834
37182
485
3080
14487
203
3161
23225
1250
3914
300
1847
4455
9414
12932
25394
1615
31098
56046
30
3914
37990
2315
399
30
853
13
2649
853
638
298
28157
351
225
622
478
29
692
225
27
203
298
307
351
6441
56046
465
2458
298
905
29124
34704
4274
87
65
351
1435
302
50104
344
2968
15267
5015
13
402
2287
274
306
4455
272
203
298
29124
351
10434
20
65
535
344
79
692
225
21
13
352
1447
297
2783
4020
692
225
21
9445
298
29124
63
20
4274
20
65
351
225
21
203
298
2687
1623
351
225
20
7398
905
1435
302
5015
15267
386
436
20649
399
19964
298
352
1033
297
27166
638
348
592
1033
1518
399
638
454
4622
3014
905
4273
361
766
302
839
22517
115738
304
399
203
348
905
225
20
19
21
965
182511
30
59689
41303
304
4928
144090
277
1656
2479
203
348
352
274
297
2783
20399
1623
16
506
21
16
506
21
2407
454
352
272
297
2783
12402
16
1033
506
225
21
16
506
21
2407
615
29124
34704
692
225
21
4274
87
65
351
344
20440
34704
692
225
21
4274
87
65
692
29124
34704
4274
87
506
1033
6577
1577
28157
203
348
2687
1623
4284
225
21
19964
298
905
687
52448
16751
302
1217
778
304
307
203
298
7789
22
351
648
21
65
535
344
82
692
225
21
465
298
352
700
297
2783
12
21
16
307
692
225
21
2407
348
7789
22
2943
65
351
344
56279
22
2943
506
225
21
65
535
225
22
13
1577
28157
19964
298
2343
351
225
20
203
298
352
274
297
2783
20399
1623
692
225
21
2407
348
2343
351
344
543
692
29124
34704
4274
79
65
535
7789
22
22965
506
274
6577
1577
28157
19964
298
758
2343
203
3080
255013
255001
255000
255002
255012
203
9037
3733
5842
7935
277
6292
18
19426
277
2615
638
202890
344
4024
5089
1465
2009
2407
225
7368
68976
67978
144240
55126
43167
60
8035
728
1880
225
2072
16
297
460
10438
485
298
2292
68768
9414
12932
25394
1615
31098
465
225
7368
68976
67978
144240
55126
43167
60
8035
728
1880
225
3304
16
297
2292
203
298
3999
12578
6336
23
16
225
1145
16
225
22
16
225
27
2315
225
1145
13
1377
225
27
203
2613
7238
93321
93321
203
93704
2466
33109
1699
146817
16
492
341
593
3973
30
7060
277
2165
1154
16607
306
194863
16
7095
3138
277
1154
4546
306
1717
616
277
6292
18
1995
5677
4222
59947
5533
213288
28430
3039
1196
18523
277
2363
385
11116
297
265
127068
2363
2732
344
826
22057
13
344
22310
642
61694
277
4607
5442
13
255013
255001
255000
255003
255010
2110
1008
304
316
120471
1977
277
2746
306
2550
277
4655
5814
18
461
1154
341
2988
4455
9414
12932
25394
1615
31098
18
461
194863
4060
1375
6
23928
387
11795
4173
27166
306
265
4898
11795
399
16
12450
277
4455
302
16751
203
1425
616
10037
1860
302
27166
18
461
2136
302
265
138394
341
5047
396
277
1435
302
203
1104
10037
1860
386
4455
304
399
388
2458
9690
277
4455
68437
225
622
66
29
692
225
27
2885
184433
30
1283
569
387
4173
27166
18
1563
1450
138394
344
77
3077
1278
265
22517
302
23864
16
516
13375
72075
13
302
27166
16
539
17208
969
373
19860
728
697
341
5047
396
277
1435
302
10037
1860
344
1425
277
4607
27166
13
386
4455
304
399
18
5489
539
4455
1131
16751
898
616
10037
1860
302
27166
18
13599
758
68437
225
622
66
29
15
27
382
20822
30
3483
5563
20208
30
1563
1450
138394
330
344
8781
5513
341
265
867
302
23864
733
539
17208
277
1435
302
10037
1860
302
27166
386
4455
304
399
18
2209
386
1435
341
7821
302
330
35
41729
16
277
18017
30
373
669
2136
302
265
138394
341
5047
396
277
1435
302
969
10037
1860
386
4455
304
399
1304
461
71611
373
1104
10037
1860
6
4164
13244
304
10037
1860
302
386
2879
138394
35
2491
10037
1860
302
277
4607
35
16473
10574
382
2110
569
373
514
10037
1860
302
27166
1304
2586
539
1994
1440
2731
138394
344
34027
13
302
277
4173
27166
18
1563
1450
1175
138394
331
16
539
8483
969
373
19860
6
396
277
1435
302
10037
1860
344
1425
331
35
2491
302
27166
19767
386
4455
304
399
18
461
18017
373
1104
10037
1860
6
10334
10037
1860
302
386
138394
331
18
3483
1011
361
277
1435
302
50104
302
331
386
4455
304
399
18
2209
1232
373
1833
1435
302
969
10037
1860
386
4455
304
399
6
1387
851
361
26335
396
373
1833
1435
302
10037
1860
344
1425
277
4607
4173
13
386
4455
304
399
6
306
386
436
12359
2223
331
35
461
166614
341
56317
382
19477
15698
1310
4027
304
79382
277
4309
16340
382
3506
225
21
30
27166
351
648
21
16
22
16
23
2315
399
33
23
18
44375
3271
30
225
26
382
2558
539
1994
1450
138394
331
344
34027
13
302
27166
16
17208
969
373
19860
6
396
277
1435
302
10037
1860
302
331
386
4455
304
399
18
5489
4455
898
616
331
382
19477
17208
1375
52547
30
225
21
16
22
16
23
18
4758
34763
302
27166
344
22
66
23
33
28
16034
17
6252
344
9915
2738
4455
35
1283
1008
10037
1860
302
6252
386
4455
304
225
23
30
5023
344
29753
8295
674
840
5015
680
8053
351
225
20
388
17
648
21
10925
10037
1860
30
6252
344
5421
225
20
733
648
21
65
344
5421
225
21
680
4628
4455
304
225
23
18
8053
33
20
388
17
648
22
10925
10037
1860
30
6252
344
20
733
648
22
65
344
22
680
4628
4455
304
225
23
18
8053
33
20
388
17
648
23
10925
10037
1860
30
6252
344
20
733
648
23
65
344
23
13
1117
903
341
648
23
65
4455
225
23
18
8053
33
21
388
17
648
21
16
22
10925
10037
1860
30
6252
344
20
733
648
21
65
344
21
733
648
22
65
344
22
733
648
21
16
22
65
344
23
680
2586
730
138394
44914
304
225
23
344
1833
4425
867
680
8053
33
21
388
17
648
21
16
23
10925
10037
1860
30
33127
648
21
2315
648
23
2315
648
21
16
23
1807
648
23
65
4455
23
18
6755
648
21
16
23
65
4455
24
18
2586
730
18
8053
33
21
388
17
648
22
16
23
10925
10037
1860
30
33127
648
22
2315
648
23
2315
648
22
16
23
1807
648
23
65
4455
23
18
8053
33
21
388
17
648
21
16
22
16
23
10925
10037
1860
30
903
436
225
28
50104
18
8548
4455
304
225
23
35
648
23
65
306
648
21
16
22
1807
9405
225
22
18
8053
33
22
382
8311
4455
16751
30
225
20
15
20
15
20
15
21
15
21
15
21
15
21
15
22
351
225
26
18
3483
14441
4655
3271
225
26
18
2586
14233
373
19860
302
265
138394
6
341
277
1435
302
10037
1860
344
1425
386
138394
16
700
3077
1278
50104
13
386
4455
304
399
382
3506
225
22
30
27166
351
648
22
16
23
16
23
2315
399
33
25
18
44375
3271
225
24
382
19477
17208
1375
52547
30
225
22
16
23
16
23
382
4246
34763
344
28
16034
17
6252
30
225
20
203
17
648
22
10925
225
20
344
206705
30
20
16
22
465
17
648
23
65
344
9060
225
23
2738
10037
1860
30
33127
648
23
65
2649
4455
23
2649
516
225
25
16
713
225
20
388
17
648
23
65
344
9455
225
23
2738
1656
16
225
20
388
17
648
22
16
23
65
344
9060
225
23
2738
10037
1860
30
33127
648
22
2315
648
23
2315
648
22
16
23
65
2649
44914
225
20
16
22
16
23
16
25
1117
730
344
22
15
23
680
2586
2136
33
21
388
17
648
22
16
23
65
344
9455
225
23
2738
27698
16
2136
33
21
388
17
648
23
16
23
10925
10037
1860
30
33127
648
23
37101
23
37101
23
16
23
65
2649
44914
225
20
16
23
16
23
16
26
1117
5023
4455
304
225
25
18
2136
33
20
388
17
648
22
16
23
16
23
10925
10037
1860
30
616
225
28
50104
18
8548
4455
304
225
25
35
21254
30
5229
730
225
23
306
277
225
22
30
903
436
1217
1175
50104
344
44922
697
225
23
680
2586
2136
33
22
382
20454
30
225
20
15
20
15
20
15
20
15
21
15
21
15
20
15
22
351
225
24
18
109339
382
4892
16340
341
4309
30
1563
1450
22517
331
302
277
4607
4173
16
8483
285
10210
13
351
1435
302
50104
302
331
386
4455
304
399
18
5489
3032
351
4455
1242
56
87913
27166
97
285
10210
13
893
28157
382
2110
1008
304
17208
492
19792
18
81843
30
307
6758
225
1296
16
399
6758
225
1296
16
27166
2943
65
6758
225
622
66
24
18
2586
307
341
2164
344
1296
680
399
341
468
1210
225
1296
18
1283
530
12146
589
504
4020
66
22
535
399
13
38474
382
2110
1008
304
17208
2983
4455
898
616
50104
331
302
277
1682
302
50104
302
331
386
4455
304
399
18
103940
304
30
1563
1450
22517
330
344
1425
4607
13
386
44914
304
399
16
539
1008
304
1682
1030
1451
40248
1403
331
344
77
3077
1278
40248
1403
302
330
13
3451
330
18
8801
285
10210
13
19720
1435
302
50104
302
331
115738
304
399
18
2586
4455
898
331
285
10210
13
351
4455
1242
56
87913
27166
97
4455
1242
55
87913
331
16
4455
8565
5791
79
97
225
21
351
4455
1242
55
30
4455
8565
5791
79
97
344
5686
302
331
1175
386
330
87913
331
87913
27166
13
351
4455
1242
55
30
4455
8565
5791
79
97
225
22
2421
82
506
367
55
96
2547
1480
352
265
6842
330
16
839
331
386
5720
330
341
265
225304
302
330
31
277
10652
5015
344
82
506
367
55
180493
530
361
3673
5101
420
516
16
19423
18
2586
2983
351
4455
1242
55
87913
27166
16
4455
8565
5791
79
97
225
22
2421
82
506
367
55
96
35957
6605
341
265
8369
97102
16340
18
16473
13561
402
1310
4027
382
3506
21
30
27166
15345
21
16
22
16
23
2315
307
33
23
18
4758
34763
330
386
4455
304
399
33
23
30
330
351
391
23
97
344
6118
21
733
330
351
391
21
16
22
97
344
6118
22
680
5489
2983
351
225
22
2421
23
17
21
97
692
225
22
2421
23
17
22
97
351
225
22
66
22
692
225
22
66
21
351
225
24
15
22
33
26
18
109339
382
3506
22
30
27166
15345
22
16
23
16
23
2315
307
33
23
18
4758
34763
330
4455
304
225
25
30
330
351
391
22
16
23
97
344
6118
22
13
1137
903
436
1217
1175
330
1480
903
436
1217
225
23
494
35
41729
50104
436
8023
302
23864
16
689
2650
2911
874
14361
16
539
2489
23864
18
2586
539
569
1217
50104
30
23864
391
20
16
21
97
344
8134
225
22
16
23
13
306
391
20
16
22
97
344
22
16
23
680
8049
2287
22
18
2586
2983
351
225
22
2421
23
17
22
97
692
225
22
2421
23
17
22
97
351
225
22
66
21
692
225
22
66
21
351
225
22
15
22
33
24
18
6755
330
351
391
25
105323
2523
3225
225
25
4007
2893
18
2586
225
24
14441
382
3506
23
30
648
21
16
22
16
23
2315
399
33
27
30
840
22517
44914
304
225
27
1117
225
20
382
4892
277
10413
4229
382
27872
277
2746
17045
304
30
18750
27166
344
6118
307
778
304
225
1296
733
399
344
26720
1296
733
17208
4455
898
616
50104
330
302
23864
1175
386
4455
56046
2943
65
352
700
297
330
13
1377
399
302
225
22
2421
82
506
367
55
155485
893
28157
382
71093
16
539
530
589
38474
898
4551
16
14433
344
5421
16
2287
13
19720
18
4214
29124
63
5421
4274
6118
65
351
1435
302
50104
344
1425
15267
4551
13
402
2983
4455
351
4455
306
2287
351
2287
18
5489
59689
1257
4551
16
4430
41303
352
4455
306
2287
382
3884
277
1169
16
59689
898
4455
1377
399
16
2287
499
225
20
304
307
16
919
29124
20429
4274
6118
65
535
225
22
2421
82
3795
97
304
3032
382
135566
504
4020
535
399
535
307
19767
41729
2287
778
304
307
344
1296
680
2586
504
4020
535
399
535
307
13
351
504
12
1296
14
1296
14
1296
5791
21
73
26
16
697
341
6772
382
2110
851
1008
304
17208
16751
302
225
22
68437
28157
778
304
307
344
273
778
304
307
8696
225
1296
680
2586
539
530
687
52448
7789
22
2943
65
351
225
22
60779
893
28157
382
24157
4027
30
29124
63
5421
4274
6118
65
19720
50104
18
1283
1008
304
361
17034
30
29124
1196
361
11795
19720
68437
28157
35
41729
277
2522
3032
341
68437
28157
16
689
29124
19720
436
851
1161
50765
498
7789
22
18
7517
539
1094
1008
3032
893
28157
16
539
530
4793
29124
68437
28157
396
1357
18
2952
17034
30
461
10413
4455
1242
55
97
225
22
2421
82
100611
55
155485
341
11795
31
539
436
13131
411
68437
28157
18
2586
29124
19720
68437
28157
436
6772
1480
539
642
34967
498
7789
22
68437
28157
18
2209
6035
386
277
1435
302
50104
330
1387
361
8730
344
235260
680
2209
68437
539
530
4793
29124
68437
28157
18
7517
539
1094
1008
3032
893
28157
16
1850
6085
304
589
616
7154
68437
28157
18
2952
903
341
265
122221
30
2973
539
17208
4455
898
330
16
539
436
10044
115738
29124
20429
4274
6118
65
535
7789
22
22965
3795
1807
7517
1804
4938
436
4582
893
28157
16
277
1851
893
28157
341
4309
18
2952
592
539
5510
29124
893
28157
16
539
9823
277
5772
19720
35
2209
1480
539
436
115738
68437
28157
16
539
1094
1008
277
1193
68437
28157
18
2586
24284
29124
893
28157
341
6772
18
2209
361
49603
30
461
1851
302
265
68437
159807
1682
306
265
68437
159807
2136
302
1217
341
118215
304
277
1641
1851
893
28157
18
8801
344
69
893
374
17621
70
893
374
13
893
374
351
344
69
18390
13
893
374
18
2586
1850
4309
382
27872
38474
402
68437
341
20672
382
2608
539
1008
304
4802
386
29124
63
5421
4274
6118
65
19720
277
1435
302
50104
344
1876
68437
13
592
539
3735
34967
498
7789
22
306
4455
31
539
530
4793
29124
396
32088
344
50180
11636
3089
146581
13
1480
307
341
1094
225
1296
16
713
6756
1435
302
50104
341
225
22
66
1296
5907
225
21
73
963
16
697
341
8730
689
11636
530
5203
3089
32088
31
4397
277
38474
1011
16246
115738
778
304
386
1451
5463
16
689
539
530
2188
911
11636
146581
344
22310
436
22551
17839
13
306
893
468
277
1169
18
2952
225
22
66
1296
341
819
225
21
73
963
16
697
341
2927
689
11636
530
5203
411
18
2209
29124
2911
1387
361
4455
302
1451
1175
19720
31
1450
29124
6920
341
1435
302
50104
402
265
2879
4455
306
2287
18
461
6756
1435
302
50104
341
225
22
66
1296
5907
225
21
73
963
18
9405
2223
175676
11795
14521
344
3888
2927
16
689
11636
530
5203
32088
778
304
4625
680
225
21
73
963
341
819
225
1296
13822
35
41729
225
22
66
1296
341
819
225
21
18
1592
73
963
16
697
341
5907
1296
13822
16
4924
6772
18
2586
539
530
4793
29124
396
5204
32088
344
1612
68437
13
306
1232
468
277
1169
17208
3032
68437
28157
18
957
58317
839
2996
302
68437
3933
402
27946
1714
40366
35
2209
1804
436
6772
18
2952
24284
5204
32088
2428
361
10591
30172
689
307
33
1296
16
399
33
1296
16
713
38474
2924
2287
5907
6681
14
6681
5907
622
79
16174
16
1450
24284
778
304
225
22
66
1296
5907
21
73
963
16
697
341
819
225
1296
13822
16
713
4625
306
24322
436
6772
18
27969
1060
911
11636
146581
306
893
468
277
1169
352
277
3032
18
3483
341
31420
382
2608
6035
386
539
851
1008
304
34967
498
7789
22
22965
3795
65
697
1387
361
8730
344
22
66
1296
680
2209
539
530
17208
3032
893
28157
498
4738
893
1325
40366
18
2586
539
530
17208
2343
351
4455
1242
6118
97
29124
20429
4274
6118
65
535
7789
22
22965
3795
65
1577
28157
382
27872
8860
1375
17
307
351
6441
56046
465
17
29124
351
10434
20
197693
82
15
21
13
352
1447
297
2783
12402
15
21
12015
35
41729
29124
15428
30
4455
778
304
399
16
2287
778
304
307
18
2209
539
530
569
29124
63
5421
4274
6118
1807
2952
4455
530
704
778
304
399
344
29753
539
1094
2081
819
44914
7662
399
468
277
1169
31
539
530
14801
44914
1518
79
680
2586
539
530
1999
4455
468
399
18
2209
17034
30
10370
38474
539
874
1008
304
919
5463
386
3866
4455
1518
79
16
689
1731
50104
436
41379
352
277
2522
4455
18
2952
539
2188
1008
304
1682
1019
352
3687
44914
35
2523
16
1480
839
22517
386
44914
304
1518
79
4273
361
766
302
265
22517
330
386
44914
304
399
18
2209
539
2428
1008
304
1994
18204
5267
35
1563
22517
4455
38474
16
539
1094
2081
819
44914
778
304
399
16
1480
592
539
14949
399
16
386
22517
341
3042
2540
304
3456
7662
399
498
8811
717
5015
344
29753
616
5463
436
4898
35
6346
27166
4898
35
461
16981
30
27166
2943
65
6743
225
21
18
2586
616
5463
436
4898
18
5489
592
265
12460
22517
4455
33572
399
16
8811
717
5463
344
28007
13
642
1094
3764
4455
16
713
411
530
3042
5510
304
399
18
8111
539
530
21606
14801
44914
1518
399
18
2586
539
530
8293
29124
4455
13759
304
399
344
273
399
15
21
16
402
3591
778
304
399
680
1563
2287
13759
16
539
530
4671
778
304
307
344
273
778
304
1219
4020
16
1435
302
4551
15267
11499
2209
539
530
5207
38566
344
79
15
21
13
1150
344
82
15
21
13
306
4430
25764
382
12271
40326
30
29124
63
20
4274
20
65
351
225
21
344
9915
867
680
1563
1450
1033
297
27166
638
261
592
1033
1518
399
30
18486
344
66026
361
5101
297
839
22517
386
44914
304
399
16
689
411
530
361
5101
297
50104
386
4455
1518
79
35
2209
539
1907
1008
1731
31
851
592
1033
1518
399
16
1232
839
22517
7824
411
642
569
4455
6743
1033
1518
399
16
713
1850
41379
352
50104
115738
304
399
18
2586
539
530
18486
411
13025
297
38474
10900
16
1480
539
3042
1008
304
2549
411
18
2952
17034
30
461
38474
341
352
50104
330
344
1833
330
386
4455
304
399
680
2209
539
851
1008
304
1994
277
1689
386
890
539
18486
1033
297
38474
16
539
436
10044
7109
386
539
1907
2549
1033
297
839
22517
330
18
9405
6772
1480
592
1033
1518
399
16
1232
839
22517
386
4059
411
4273
4455
304
399
344
29753
616
5463
4898
680
2586
539
530
14801
1175
5015
297
277
38474
352
27946
50104
330
18
2209
6035
30
461
40248
1403
331
344
8781
436
616
50104
302
4607
13
436
40977
498
277
5980
225
22
2421
82
506
367
55
96
7342
461
307
4059
616
5015
16
1571
1731
1518
79
18
2586
277
51628
5119
2983
307
344
15519
1518
79
5015
680
2586
297
277
38474
352
27946
330
16
539
1094
1994
5015
386
436
20649
79
16
1480
2291
839
1518
79
2479
3672
4455
1518
79
18
2586
539
530
21606
18486
1019
297
38474
10900
18
2952
539
1998
4802
386
277
38474
19720
1094
50104
330
386
4455
304
399
16
697
4273
2549
839
1518
79
5015
18
2586
12035
16
18486
1019
382
261
1563
1450
1033
6758
399
16
539
1008
304
4430
29124
499
1398
304
2674
352
4455
306
2287
304
4928
1347
277
1656
2479
4347
3041
18
2586
352
4455
499
399
1652
304
1033
16
352
2287
499
1843
2687
1652
304
225
20
16
29124
63
5421
4274
6118
65
4284
29124
63
5421
506
1033
4274
6118
506
225
21
15032
2110
851
1008
304
4671
2687
2731
2287
35
1283
530
1060
59689
2287
499
1843
307
344
273
307
13
1652
304
225
20
16
689
539
530
59689
2287
499
1843
6756
2287
344
5686
302
15267
4551
4800
713
3312
13
1652
304
225
20
18
6869
22888
30
352
2287
499
307
1652
304
225
20
344
29753
307
341
2164
16
539
530
1060
59689
499
307
1652
304
225
20
680
2209
539
1998
361
17034
30
2973
539
1343
5015
16
539
1008
304
4802
539
1907
911
387
2479
717
936
3984
18
7517
539
59689
1804
4455
306
2287
43857
16
539
436
4183
225
20
19
21
965
182511
18
35475
402
29124
63
20
4274
20
65
351
225
21
18
1563
1450
1033
16
539
4430
297
13623
1991
352
4455
306
2287
18
3483
4229
1571
592
539
59689
2287
499
307
1652
304
225
20
31
539
1060
1008
304
1265
2897
386
890
539
4430
29124
63
5421
4274
6118
2315
539
1412
29124
63
5421
506
1033
4274
6118
506
225
21
65
386
21506
961
7557
297
492
29607
352
277
1656
2479
18
8801
539
59689
2287
43857
16
29124
63
5421
506
1033
4274
6118
506
225
21
65
341
499
3733
29607
344
273
7977
297
492
29607
352
265
7922
2287
35
41729
592
539
59689
2287
499
307
1652
304
225
20
16
1232
352
265
2688
4455
16
539
704
2287
499
307
304
225
20
18
2973
539
436
468
2287
351
272
16
539
1008
29124
63
5421
506
1033
4274
87
506
225
21
1807
7517
272
17
21
460
272
16
306
539
436
142157
43857
16
272
17
21
674
516
961
7557
4427
297
492
29607
352
277
1656
2479
35
26128
30
1437
539
59689
2287
43857
16
352
272
351
307
16
539
911
272
17
21
351
307
17
21
18
7517
539
12831
15267
2287
351
307
17
21
4427
297
492
29607
344
32324
539
436
43857
16
539
704
499
1398
304
2674
733
277
29124
63
5421
506
1033
4274
82
17
21
65
341
2188
499
3733
29607
344
77
3077
1278
1714
2291
492
1033
680
9405
1622
18
2586
43857
4229
18
2586
539
530
589
352
2287
297
2783
4020
16
506
21
16
506
21
13
344
273
499
1843
2687
2287
680
2209
539
1008
304
4802
539
1907
3591
686
302
25573
30
29124
15428
30
4455
778
304
399
16
2287
778
304
307
18
2586
2287
3591
4080
382
7525
5993
616
27166
16
539
569
29124
63
5421
4274
6118
65
19720
352
50104
344
6850
1731
386
4455
6758
399
680
41729
29124
63
5421
4274
6118
65
19720
50104
302
277
15267
5015
344
8781
436
616
5015
386
539
15267
16
689
539
56054
1518
79
5015
31
689
539
15267
1094
6758
79
5015
680
2952
6035
30
1283
56054
1518
79
5015
13025
31
724
846
3042
4472
304
38474
18
2586
29124
1094
19720
50104
17242
302
5015
6758
79
18
9405
4309
1480
839
22517
330
386
44914
304
399
4273
2549
1518
79
5015
18
2586
29124
63
5421
4274
6118
65
7662
19720
50104
330
302
277
4607
27166
386
4455
304
4455
306
569
2287
2287
16
42158
1518
79
5015
1480
724
4445
361
766
302
1175
330
18
2209
1065
819
50104
330
386
2549
1518
79
5015
35
2227
4273
4455
304
399
18
2586
1850
6772
382
8311
3032
351
4455
1242
6118
33
20
6165
82
97
29124
20429
4274
6118
65
535
7789
22
22965
506
2287
65
893
28157
382
2110
1008
7789
22
687
105464
778
304
307
382
24157
52375
30
1437
840
22517
44914
304
399
16
3032
225
20
382
8311
1310
402
277
25389
1310
1690
30
648
23
16
225
1145
16
225
22
16
225
27
2315
399
33
1145
1117
4655
225
27
382
19477
17208
20488
1347
10413
382
52547
30
648
23
16
1145
16
22
16
27
2315
307
33
24
18
41074
20649
79
30
225
23
16
1145
16
22
16
27
616
20649
1145
35
225
1145
341
6792
16
713
616
18
4758
34763
330
386
4455
304
225
1145
1375
17
330
351
391
1145
97
344
6118
21
465
17
330
351
391
23
16
22
16
27
198643
97
225
23
15
22
15
27
33
740
16
516
225
1145
18
225
23
15
1145
33
696
1518
1145
18
225
22
15
1145
33
1057
1518
1145
18
225
27
15
1145
33
1199
1518
1145
18
225
23
15
22
33
25
16
225
23
15
27
33
622
16
225
22
15
27
33
29
18
225
23
15
22
15
27
33
740
18
2586
1094
391
1145
7342
6755
8696
391
23
16
22
16
27
198643
97
4171
2761
1625
35
10546
3148
5463
18
2586
1094
391
1145
35957
27872
2983
351
225
22
2421
24
17
21
97
351
225
22
66
23
351
225
28
18
2209
4655
225
27
18
2586
66504
18
2586
8696
922
16340
341
6078
35
16473
316
171902
382
20822
16
8696
277
38474
4158
1347
4455
898
50104
330
341
4309
689
539
18391
2761
35
16473
17208
4655
3271
1347
277
8081
16340
30
1563
1450
138394
331
344
34027
733
17208
969
2136
396
1435
302
10037
1860
302
331
386
4455
304
399
18
3483
341
1065
539
1645
7977
402
277
1310
4027
18
1563
648
23
16
1145
16
22
16
27
2315
399
33
1145
16
539
1008
304
17208
4455
898
616
331
302
285
10210
680
16473
17208
20488
304
1565
592
539
771
225
27
382
1569
616
50104
331
344
22
66
24
351
225
902
680
27969
17208
285
10210
13
351
1435
302
50104
302
331
386
4455
304
225
1145
382
61792
27967
23864
30
225
20
30
23
16
225
21
30
1145
16
225
22
30
22
16
225
23
30
27
382
4246
34763
331
1375
21
18
6252
30
285
33
20
203
22
18
648
23
10925
50104
30
6252
344
20
733
648
23
65
344
23
13
2649
5023
4455
225
1145
1117
225
20
203
23
18
648
1145
10925
50104
30
6252
344
20
733
648
1145
65
344
1145
13
1117
285
33
21
203
24
18
648
22
10925
285
33
20
203
25
18
648
27
10925
285
33
20
203
26
18
648
23
16
1145
10925
50104
30
33127
648
23
2315
648
1145
2315
648
23
16
1145
65
344
696
13
1117
1094
648
1145
65
44914
225
1145
1117
285
33
21
203
27
18
648
23
16
22
10925
50104
30
33127
648
23
2315
648
22
2315
648
23
16
22
65
344
25
13
1117
285
33
20
203
28
18
648
23
16
27
10925
50104
30
33127
648
23
2315
648
27
2315
648
23
16
27
65
344
622
13
1117
285
33
20
203
29
18
648
1145
16
22
10925
50104
30
33127
648
1145
2315
648
22
2315
648
1145
16
22
65
344
1057
13
1117
285
33
21
203
622
18
648
1145
16
27
10925
50104
30
33127
648
1145
2315
648
27
2315
648
1145
16
27
65
344
1199
13
1117
285
33
21
203
807
18
648
22
16
27
10925
50104
30
33127
648
22
2315
648
27
2315
648
22
16
27
65
344
29
13
1117
285
33
20
203
740
18
648
23
16
1145
16
22
10925
50104
30
616
225
28
158147
18
8548
4455
304
225
1145
35
6621
1450
22517
302
331
638
261
506
11616
20
16
391
23
97
23
16
391
1145
97
1145
16
391
22
97
22
16
391
23
16
1145
97
696
16
391
23
16
22
97
25
16
391
1145
16
22
97
1057
16
391
23
16
1145
16
22
97
1336
18
2586
1094
391
1145
97
1117
285
33
21
388
1068
18
648
23
16
1145
16
27
10925
27698
30
391
1145
97
44914
304
225
1145
16
3575
30
225
23
16
27
16
622
16
696
16
1199
16
1592
1117
1094
391
1145
97
1117
285
33
21
388
992
18
648
23
16
22
16
27
10925
50104
30
44914
30
225
20
16
23
16
22
16
27
16
25
16
622
16
29
16
740
18
4628
351
1145
1117
285
33
20
388
883
18
648
1145
16
22
16
27
10925
50104
30
225
20
16
1145
16
22
16
27
16
1057
16
1199
16
29
16
1670
18
4628
33
1145
1117
285
33
20
35
26128
391
1145
97
4455
225
1145
16
713
12035
4059
391
1145
97
22517
18
41729
331
351
391
1145
16
22
16
27
97
4059
2479
225
1145
16
713
22517
391
1145
97
341
265
22517
302
331
18
2586
285
33
21
388
902
18
648
23
16
1145
16
22
16
27
10925
2833
867
18
4758
34763
386
4455
304
225
1145
30
697
50104
4455
304
225
1145
35
226593
638
261
506
391
1145
732
261
506
391
23
16
22
16
27
105323
225
23
15
22
15
27
33
740
840
388
261
506
391
23
16
992
105323
516
388
261
506
391
22
16
27
16
28
105323
516
388
261
506
391
23
16
22
198643
97
840
388
261
506
391
27
198643
97
840
388
261
506
391
23
198643
97
840
388
261
506
391
22
198643
97
840
388
261
506
391
23
16
22
198643
97
8696
4171
2761
1625
35
2523
388
261
506
391
23
16
22
16
27
198643
97
4924
616
388
261
2586
1094
391
1145
7342
2586
285
33
21
382
8311
4455
285
10210
2407
56
20
30
20
203
56
21
30
20
203
56
22
30
21
203
56
23
30
20
203
56
24
30
20
203
56
25
30
21
203
56
26
30
20
203
56
27
30
20
203
56
28
30
21
203
56
29
30
21
203
56
622
30
20
203
56
807
30
21
203
56
740
30
21
203
56
1068
30
21
203
56
992
30
20
203
56
883
30
21
300
19477
1568
50593
402
285
2911
1375
3812
344
34027
2407
20
30
6252
2649
225
20
203
21
30
648
23
65
2649
225
20
203
22
30
648
1145
65
2649
225
21
203
23
30
648
22
65
2649
225
20
203
24
30
648
27
65
2649
225
20
203
25
30
648
23
16
1145
65
2649
225
21
344
29753
391
1145
8509
26
30
648
23
16
22
65
2649
225
20
203
27
30
648
23
16
27
65
2649
225
20
203
28
30
648
1145
16
22
65
2649
225
21
203
29
30
648
1145
16
27
65
2649
225
21
203
622
30
648
22
16
27
65
2649
225
20
203
807
30
648
23
16
1145
16
22
65
2649
225
21
203
740
30
648
23
16
1145
16
27
65
2649
225
21
203
1068
30
648
23
16
22
16
27
65
2649
225
20
203
992
30
648
1145
16
22
16
27
65
2649
225
21
203
883
30
648
23
16
1145
16
22
16
27
65
2649
225
21
300
8311
4455
30
16473
919
30
225
20
15
20
15
21
15
20
15
20
15
21
15
20
15
20
15
21
15
21
15
20
15
21
15
21
15
20
15
21
15
21
351
1041
4583
30
225
21
344
56
22
13
692
21
344
56
25
13
351
22
31
692
21
344
56
28
13
351
23
31
692
21
344
56
29
5791
24
31
692
21
344
56
807
5791
25
31
692
21
344
56
740
5791
26
31
692
21
344
56
992
5791
27
31
692
21
344
56
883
5791
28
18
9405
225
28
16
516
225
27
382
45
3289
225
28
18
2209
4655
341
225
27
18
16722
342
39113
672
839
35
16473
4638
18400
1450
285
1375
17
331
351
648
23
16
1145
16
22
65
344
63721
225
20
16
21
16
22
2738
50104
30
11616
20
16
391
23
97
23
16
391
1145
97
1145
16
391
22
97
22
16
391
23
16
1145
97
696
16
391
23
16
22
97
25
16
391
1145
16
22
97
1057
16
391
23
16
1145
16
22
97
1336
18
8520
1094
391
1145
97
44914
304
225
1145
1117
285
33
21
388
17
331
351
648
23
16
1145
16
27
65
344
20
16
21
16
23
2738
50104
30
33467
391
23
2547
391
1145
2547
391
27
2547
391
23
16
1145
14883
696
16
391
23
16
27
14883
622
16
391
1145
16
27
14883
1199
16
391
23
16
1145
16
27
14883
1592
18
10546
391
1145
97
1117
285
33
21
388
17
331
351
648
1145
16
22
16
27
65
344
21
16
22
16
23
2738
50104
30
33467
391
1145
2547
391
22
2547
391
27
2547
391
1145
16
22
14883
1057
16
391
1145
16
27
14883
1199
16
391
22
16
27
14883
29
16
391
1145
16
22
16
27
14883
1670
18
10546
391
1145
97
1117
285
33
21
388
17
331
351
648
23
16
1145
16
22
16
27
65
2833
30
50104
386
4455
304
225
1145
30
1094
391
1145
97
396
23069
1117
285
33
21
388
17
331
351
648
1145
65
344
6118
21
2738
285
33
21
388
17
331
351
648
23
16
1145
10925
285
33
21
388
17
331
351
648
1145
16
22
10925
285
33
21
388
17
331
351
648
1145
16
27
10925
285
33
21
388
3196
3575
225
20
382
4892
4455
351
225
21
15
21
15
21
15
21
15
21
15
21
15
21
15
21
351
225
28
18
20987
225
28
382
2608
4655
3271
341
225
27
18
2586
3673
342
5478
105464
285
352
910
50104
16
420
277
8559
302
373
3503
25394
6
297
277
2746
2428
361
1497
30
8696
10037
1860
436
5047
396
72075
10037
1860
35
3483
1011
361
1497
18
2209
277
194863
4060
373
3503
25394
6
516
373
3503
4119
3210
2952
6848
373
3503
25394
6
530
361
1713
5031
29140
16
689
724
2428
2676
72075
35
16473
2292
1310
4027
402
386
12634
382
2558
10037
1860
436
72075
344
77
3077
1278
989
80221
733
1232
539
1008
304
17208
352
1450
72075
202468
331
16
277
1435
302
969
72075
989
80221
386
4455
304
399
18
5489
4455
898
616
72075
989
80221
18
16473
1310
402
277
2688
7120
382
14341
225
21
30
27166
15345
21
16
22
16
23
2315
399
33
23
18
2536
72075
989
80221
638
17
648
21
65
2649
989
80221
30
648
21
65
4455
21
2649
225
20
203
17
648
22
65
2649
225
20
203
17
648
23
65
2649
989
80221
30
648
23
65
4455
23
2649
225
21
203
17
648
21
16
22
65
2649
989
80221
30
648
21
65
21
16
648
22
65
22
16
648
21
16
22
65
23
2649
225
21
203
17
648
22
16
23
65
2649
989
80221
30
648
22
65
22
16
648
23
65
23
16
648
22
16
23
65
25
2649
225
21
203
17
648
21
16
22
16
23
65
2649
989
80221
30
648
21
65
21
16
648
22
65
22
16
648
23
65
23
16
648
21
16
22
65
23
16
648
22
16
23
65
25
16
648
21
16
22
16
23
65
26
2649
1217
989
80221
4455
304
225
23
30
648
23
65
306
648
21
16
22
65
2649
225
22
203
20454
30
225
20
15
20
15
21
15
21
15
21
15
22
351
225
25
16
516
225
26
18
2586
516
15595
382
27872
10037
1860
436
1713
5031
29140
344
3503
34763
680
2586
922
7977
16340
341
4309
18
2209
277
1310
1690
648
23
16
1145
16
22
16
27
65
22699
225
28
3874
386
16340
16
689
4655
225
27
18
36981
341
1115
382
25790
342
5478
105464
277
4655
3271
35
461
1310
4060
1375
5648
12578
6336
23
16
225
1145
16
225
22
16
225
27
2315
225
1145
13
1377
225
27
300
4892
4655
225
27
382
19477
4638
18400
922
12169
17556
14316
18
22547
903
361
265
22517
330
386
44914
304
399
386
342
18391
16
697
1011
3910
277
4455
898
331
35
2209
539
436
115738
285
10210
13
5502
16
516
3874
50104
18
14812
342
18391
910
285
10210
13
386
436
225
20
689
1196
361
2761
35
16473
17771
14299
616
331
306
285
10210
13
90253
16
8696
910
331
569
285
10210
13
1518
21
382
1569
616
50104
331
344
902
680
9916
3597
1019
498
11674
11183
344
24
13822
16034
20
30
225
20
937
6252
2649
285
33
20
300
21
30
225
20
3528
648
23
65
2649
50104
30
11616
20
16
391
23
97
23
2649
5023
2649
20
300
22
30
225
20
3316
648
1145
65
2649
50104
30
11616
20
16
391
1145
97
1145
2649
225
21
2649
285
33
21
300
23
30
225
20
3520
648
23
16
1145
65
2649
50104
30
33467
391
23
97
23
16
391
1145
97
1145
16
391
23
16
1145
97
696
2649
1094
391
1145
97
2649
21
300
24
30
225
20
1296
648
22
65
2649
50104
30
11616
20
16
391
22
97
22
2649
20
300
25
30
225
20
6681
648
23
16
22
65
2649
50104
30
33467
391
23
97
23
16
391
22
97
22
16
391
23
16
22
97
25
2649
20
300
26
30
225
20
6880
648
1145
16
22
65
2649
50104
30
33467
391
1145
97
1145
16
391
22
97
22
16
391
1145
16
22
97
1057
2649
21
300
27
30
225
20
7955
648
23
16
1145
16
22
65
2649
50104
30
616
158147
30
33467
391
23
97
23
16
391
1145
97
1145
16
391
22
97
22
16
391
23
16
1145
97
696
16
391
23
16
22
97
25
16
391
1145
16
22
97
1057
16
391
23
16
1145
16
22
97
1336
2649
1094
391
1145
97
2649
21
300
28
30
225
21
937
648
27
65
2649
50104
30
11616
20
16
391
27
97
27
2649
20
300
29
30
225
21
3528
648
23
16
27
65
2649
50104
30
33467
391
23
97
23
16
391
27
97
27
16
391
23
16
27
97
622
2649
20
300
622
30
225
21
3316
648
1145
16
27
65
2649
50104
30
33467
391
1145
97
1145
16
391
27
97
27
16
391
1145
16
27
97
1199
2649
21
300
807
30
225
21
3520
648
23
16
1145
16
27
65
2649
50104
30
33467
391
23
97
23
16
391
1145
97
1145
16
391
27
97
27
16
391
23
16
1145
97
696
16
391
23
16
27
97
622
16
391
1145
16
27
97
1199
16
391
23
16
1145
16
27
97
1592
2649
1094
391
1145
97
2649
21
300
740
30
225
21
1296
648
22
16
27
65
2649
50104
30
33467
391
22
97
22
16
391
27
97
27
16
391
22
16
27
97
29
2649
20
300
1068
30
225
21
6681
648
23
16
22
16
27
65
2649
50104
30
33467
391
23
97
23
16
391
22
97
22
16
391
27
97
27
16
391
23
16
22
97
25
16
391
23
16
27
97
622
16
391
22
16
27
97
29
16
391
23
16
22
16
27
97
740
2649
5023
4455
304
225
1145
35
41729
225
23
15
22
15
27
33
740
16
840
18
2586
285
33
20
300
992
30
225
21
6880
648
1145
16
22
16
27
65
2649
50104
30
33467
391
1145
97
1145
16
391
22
97
22
16
391
27
97
27
16
391
1145
16
22
97
1057
16
391
1145
16
27
97
1199
16
391
22
16
27
97
29
16
391
1145
16
22
16
27
97
1670
2649
1094
391
1145
97
2649
21
300
883
30
225
21
7955
648
23
16
1145
16
22
16
27
65
2649
50104
30
616
225
902
158147
18
8548
4455
304
225
1145
1320
1569
50104
638
261
506
2287
20
30
11616
20
203
261
506
2287
21
30
391
23
14883
23
16
391
1145
14883
1145
16
391
22
14883
22
16
391
27
14883
27
203
261
506
2287
22
30
391
23
16
1145
14883
696
16
391
23
16
22
14883
25
16
391
23
16
27
14883
622
16
391
1145
16
22
14883
1057
16
391
1145
16
27
14883
1199
16
391
22
16
27
14883
29
203
261
506
2287
23
30
391
23
16
1145
16
22
14883
1336
16
391
23
16
1145
16
27
14883
1592
16
391
23
16
22
16
27
14883
740
16
391
1145
16
22
16
27
14883
1670
203
261
506
2287
24
30
391
23
16
1145
16
22
16
27
14883
1748
203
4892
1094
391
1145
97
1117
285
33
21
382
8311
4455
30
285
2911
30
23864
402
225
21
30
225
22
16
23
16
26
16
27
16
622
16
807
16
992
16
883
18
9405
225
28
6299
382
4892
4455
33
28
18
2586
4655
225
27
10334
3673
922
16340
341
6078
16
420
277
1310
1690
494
4655
1333
341
225
27
16
6115
8696
277
8559
302
373
19860
6
341
1497
382
19477
316
25735
277
194863
30
373
669
2136
302
265
138394
341
5047
396
277
1435
302
969
10037
1860
386
4455
304
399
1304
461
18017
373
1104
10037
1860
6
1387
361
26335
396
10037
1860
302
277
4607
4173
386
436
10037
1860
302
386
138394
35
9405
1065
342
1645
18
27536
16
411
1387
361
26335
396
30
1563
265
2688
138394
344
77
3077
1278
265
22517
302
23864
733
969
2136
341
277
1435
302
10037
1860
344
1425
277
4607
4173
13
386
436
6792
304
411
306
4455
304
399
35
3483
4007
1265
5258
382
25790
277
8559
341
30
1563
265
2688
138394
331
344
34027
302
27166
733
277
2136
302
331
341
277
1435
302
4781
304
5857
265
138394
302
277
4607
27166
386
44914
304
399
306
341
7662
6792
304
331
35
3483
1011
361
3673
225
20
420
225
21
621
331
16
306
4455
898
331
1011
361
1435
302
50104
386
4455
304
399
18
3483
1011
361
1310
21
30
50104
115738
304
225
23
30
391
23
2547
391
21
16
22
97
2649
1682
225
22
16
516
225
26
18
2586
840
382
25790
1850
30
1563
1450
138394
331
16
277
2136
341
277
1435
302
10037
1860
344
1425
277
4607
13
386
569
277
1656
4455
396
331
35
3483
1011
361
2761
1625
382
19477
15698
852
1310
4027
304
16278
4619
382
3506
22
30
648
22
16
23
16
23
2315
399
33
25
1117
4655
225
24
18
9231
922
16340
344
5421
898
331
302
1435
302
50104
302
331
115738
304
399
13
539
3289
225
24
18
3483
14441
18
2586
1310
22
14441
922
16340
382
3506
23
30
648
21
16
22
16
23
2315
399
33
27
1117
4655
225
20
18
3827
16340
6632
225
20
344
1612
50104
4455
304
225
27
680
2586
14441
382
3506
24
30
648
25
16
21
2315
399
33
25
1117
4655
225
22
18
16473
17208
1347
922
16340
1375
52547
15345
25
16
21
2315
307
33
22
18
4758
34763
331
1375
17
6252
30
285
33
20
203
17
648
25
10925
50104
30
33467
648
25
65
2649
4455
25
1117
285
33
21
203
17
648
21
10925
50104
30
33467
648
21
65
2649
225
20
203
17
648
25
16
21
10925
50104
30
33467
648
25
2315
648
21
2315
648
25
16
21
65
44914
225
20
16
25
16
21
16
26
1117
285
33
21
203
20454
33
21
15
21
33
22
18
109339
382
3506
25
30
648
27
16
25
16
622
16
28
16
22
16
23
16
26
2315
399
33
24
1117
4655
225
20
18
7517
616
5463
6743
22
16
8696
840
22517
44914
304
225
24
35
41729
225
22
15
22
35
2209
1094
730
225
22
35
26128
1568
30
225
27
16
25
16
622
16
28
16
22
16
23
16
26
18
10546
730
225
22
16
225
23
16
4115
18
4758
34763
4455
304
225
24
35
225
22
212181
225
22
15
22
840
31
225
23
15
21
840
31
225
24
5513
516
1831
18
2586
5023
18
2586
285
10210
5791
20
352
616
331
18
14610
33
20
18
109339
382
3506
26
30
648
29
16
622
16
22
16
21
16
29
16
25
16
29
16
27
16
25
2315
399
33
22
1117
4655
225
6008
18
16473
17208
1347
922
10413
30
3032
351
4455
1242
55
4455
304
225
22
97
225
22
2421
82
506
367
55
96
7342
307
33
29
18
4758
34763
330
386
4455
304
225
22
30
21254
638
17
391
22
97
344
6118
21
465
17
391
21
16
21
105323
15968
1094
730
225
21
35
41729
1568
30
225
29
16
622
16
22
16
21
16
29
16
25
16
29
16
27
16
25
18
2278
341
730
225
21
344
2640
23
680
2586
840
391
21
16
21
7342
1041
17
154257
97
8696
391
22
97
1094
388
4892
1094
730
22517
330
302
2287
21
18
5489
2983
351
225
22
2421
29
17
21
97
351
225
22
66
28
351
225
6008
18
109339
4655
225
6008
18
9177
382
3506
27
30
648
25
16
28
16
28
2315
399
33
21
1117
4655
225
20
18
2523
22517
44914
304
225
21
344
29753
1219
225
25
680
2586
4455
33
20
18
109339
382
3506
28
30
648
21
16
23
16
27
16
28
2315
399
33
21
1117
4655
225
28
18
16473
17208
1347
922
16340
30
307
33
24
18
4758
34763
330
386
4455
304
225
21
30
391
21
97
344
6118
21
680
9405
730
18
5489
2983
351
225
22
2421
24
17
21
14883
28
18
109339
382
3506
29
30
648
28
16
21
16
21
16
28
16
27
2315
399
33
22
1117
4655
225
28
18
307
33
25
18
4758
34763
330
386
4455
304
225
22
30
21254
638
17
391
21
16
21
105323
2278
436
1217
225
21
494
16
713
22517
302
23864
391
21
16
22
97
344
8134
225
21
16
21
13
4455
304
225
22
344
6118
22
680
1041
17
391
22
105323
840
225
22
388
17
391
21
198643
97
8696
391
21
198643
97
840
852
225
21
494
28455
1217
16
713
1094
277
8288
302
225
21
494
6632
4455
22
388
27872
730
22517
330
302
2287
22
18
5489
2983
351
225
22
2421
25
17
22
14883
22
66
23
33
28
18
109339
382
3506
622
30
648
23
16
1145
16
22
16
27
2315
399
33
1145
1117
4655
225
27
16
689
539
19377
225
28
18
2586
66504
382
3506
807
30
648
29
16
26
16
24
16
26
16
28
2315
399
33
29
1117
4655
225
902
18
16473
17208
1347
10413
30
307
33
25
18
4758
34763
330
386
4455
304
225
29
638
1569
5015
30
225
29
16
26
16
24
16
26
16
28
388
4246
34763
638
17
391
29
97
344
6118
21
465
17
391
26
198643
97
225
26
15
23
35
840
225
23
31
225
26
212181
1008
225
23
16
516
1831
388
17
391
24
198643
97
225
24
15
25
35
840
31
225
24
212181
1008
25
16
516
388
17
391
28
16
21
105323
840
225
21
388
17
391
26
16
26
198643
97
225
26
15
26
33
740
1518
29
31
225
26
15
24
33
622
31
225
26
15
28
33
992
31
225
24
15
26
33
622
31
225
24
15
28
33
740
31
225
26
15
26
212181
1518
29
388
17
391
26
16
24
198643
97
1518
29
388
17
391
26
16
28
105323
1518
29
388
17
391
24
16
26
198643
105323
1518
29
388
17
391
29
198643
97
402
3575
14949
388
17
391
26
198643
97
840
388
4892
1094
391
29
7342
9405
2287
21
18
5489
2983
351
225
22
2421
25
17
21
14883
902
18
109339
4655
225
902
382
3506
740
30
648
22
16
25
16
25
16
21
16
25
2315
399
33
26
1117
4655
225
1199
18
307
33
25
18
4758
34763
330
386
4455
304
225
26
638
17482
30
225
22
16
25
16
25
16
21
16
25
388
12467
50104
638
17
391
22
198643
97
1008
225
24
30
516
2451
344
24
516
1831
680
391
22
198643
97
225
22
15
25
33
27
34
26
31
225
22
15
21
33
23
31
225
22
15
25
15
106847
1518
26
388
17
391
25
198643
97
225
25
15
21
33
26
1117
22517
391
25
16
21
97
344
6118
22
680
2278
436
2240
225
25
494
35
41729
23864
30
225
21
30
25
16
225
22
30
25
16
225
24
30
25
18
2586
50104
30
5857
839
730
302
277
2240
225
25
494
402
277
225
21
30
4924
225
23
50104
302
2287
22
388
17
391
25
198643
97
225
25
212181
8696
225
25
212181
225
25
15
106847
26
1117
55425
21
16
1656
396
2946
388
17
391
21
198643
97
225
21
15
25
33
26
396
2946
388
17
391
22
198643
97
5023
388
17
391
25
16
25
198643
97
225
25
15
25
33
622
1518
26
388
17
391
25
16
21
198643
97
8696
919
225
22
35
225
25
15
21
15
22
33
28
1518
26
388
17
391
22
16
25
198643
97
840
388
17
391
22
16
21
198643
97
225
22
15
21
33
23
16
1008
225
23
717
16
516
1831
388
17
391
25
16
25
16
21
97
4455
225
807
388
17
391
25
16
25
16
22
97
4455
225
740
388
17
391
25
16
25
16
21
16
22
97
4455
225
1068
388
17
391
22
16
25
16
21
97
4455
225
28
388
17
391
22
16
25
16
25
97
4455
225
740
388
17
391
22
16
25
16
25
16
21
97
4455
225
1068
388
17
391
22
16
25
16
25
16
21
198643
97
616
388
17
391
25
16
25
198643
97
1518
26
388
17
391
21
198643
97
225
21
212181
1008
25
2649
396
2946
388
17
391
22
198643
97
5023
388
17
391
26
105323
516
1831
388
17
154257
97
851
8696
391
22
198643
97
225
22
15
106847
26
2649
225
24
516
1831
388
17
154257
97
851
391
21
198643
97
225
21
15
106847
26
2649
225
25
1831
16
9494
388
17
154257
97
851
391
25
198643
97
9494
388
17
154257
97
851
154257
97
8696
154257
97
391
22
198643
97
840
388
4892
50104
330
30
2240
50104
302
2287
22
344
25175
7824
730
225
25
306
277
225
21
680
6346
903
839
2287
21
35
4628
18
14885
23
35
8696
391
22
16
25
16
21
14883
28
31
391
25
16
25
16
21
14883
807
31
391
25
16
25
16
22
14883
740
31
391
25
16
21
198643
97
4115
18
2523
4455
26
388
27872
2983
50104
330
386
4455
304
225
26
30
225
23
50104
16
1450
2287
22
18
5489
3032
351
4455
225
22
2421
82
506
2287
97
351
225
23
535
225
22
2421
25
17
22
97
351
225
23
535
225
22
66
23
351
225
23
535
225
28
351
225
1199
18
109339
4655
225
1199
382
3506
1068
30
648
1748
16
225
3124
16
225
7537
16
225
29
16
225
1691
16
225
902
16
225
1530
16
225
1748
16
225
5477
16
225
1948
16
225
22
16
225
5569
16
225
2281
16
225
1691
16
225
992
16
225
1199
16
225
7563
2315
399
33
3723
1117
4655
225
2394
22380
18
307
33
1145
18
27969
17208
3735
689
4164
14441
10413
382
3506
992
30
616
1656
2911
648
28
21018
1296
16
399
33
992
1117
4655
225
20
18
7517
616
5463
225
28
16
839
22517
4455
341
4347
302
225
28
18
225
992
516
4347
16
713
840
22517
44914
304
225
992
16
3032
225
20
18
109339
382
3506
883
30
27166
21
344
11228
225
1948
19767
41729
277
4173
27166
21
674
225
1948
5015
35
16473
1682
30
887
8615
304
361
1423
16
689
1310
36033
225
18981
20113
13060
18
27969
6724
386
10413
4229
382
27872
616
6292
6329
277
730
648
23
16
1145
16
22
16
27
2315
399
33
1145
436
10358
402
3032
351
4455
1242
55
4455
304
399
97
225
22
2421
82
506
367
55
96
7342
2586
3097
1414
386
1310
4759
35
16473
17771
14299
386
1310
1347
10413
30
307
33
24
16
50104
330
4455
304
225
1145
18
1283
7617
1094
330
351
391
1145
97
344
6118
21
680
2586
3032
351
225
22
2421
23
97
351
225
28
18
2209
4655
225
27
18
2586
8696
903
341
2484
22517
330
386
44914
304
225
1145
386
539
18391
18
16473
1568
616
50104
302
23864
352
648
23
16
1145
16
22
16
27
65
306
17208
44914
1375
58029
30
225
20
30
23
16
225
21
30
1145
16
225
22
30
22
16
225
23
30
27
382
3196
50104
1375
6118
20
30
6252
4455
20
300
6118
21
30
648
20
16051
23
16
648
21
16051
1145
16
648
22
16051
22
16
648
23
16051
27
300
6118
22
30
648
20
16
21
16051
696
16
648
20
16
22
16051
25
16
648
20
16
23
16051
622
16
648
21
16
22
16051
1057
16
648
21
16
23
16051
1199
16
648
22
16
23
16051
29
300
6118
23
30
648
20
16
21
16
22
16051
1336
16
648
20
16
21
16
23
16051
1592
16
648
20
16
22
16
23
16051
740
16
648
21
16
22
16
23
16051
1670
300
6118
24
30
648
20
16
21
16
22
16
23
16051
1748
300
11972
2287
21
648
21
65
4455
33
1145
18
2586
14233
1094
730
22517
330
382
27872
10413
6632
225
28
18
2209
4655
225
27
18
2586
8696
277
2136
8559
341
516
396
539
3592
18
16473
17208
285
10210
13
352
1450
331
20488
1754
16
8696
539
39113
55518
285
352
910
331
18
22547
411
361
386
352
331
16
277
10037
1860
4800
436
1094
1731
386
436
72075
35
2209
539
3402
10753
72075
352
1058
2024
306
3289
225
25
516
225
26
16
713
516
15595
382
25790
373
3503
25394
6
2767
373
11317
61226
1996
138394
26471
2209
1232
352
1310
21
16
539
1011
29082
8295
306
2833
35
3483
2428
2312
18
2209
1310
21
1193
225
26
16
306
954
7977
4455
5101
8295
344
74
33
20
13
306
2833
344
74
33
22
680
1437
539
29082
8295
16
4455
8320
225
26
344
29753
8295
20366
225
20
680
1437
539
29082
2833
16
4455
1011
361
225
24
16
516
225
26
18
2586
516
386
382
25790
373
3503
25394
6
2767
373
3503
25394
302
4354
468
2750
225
22
26471
1098
19360
382
25790
277
8559
30
373
669
2136
302
265
138394
341
5047
396
277
1435
302
969
10037
1860
386
4455
304
399
1304
22547
361
26335
396
30
1563
265
2688
138394
331
16
539
1994
616
10037
1860
302
277
4607
4173
386
436
6792
304
331
35
3483
1011
361
3673
225
20
420
225
21
344
359
331
341
7662
265
138394
302
27166
35
2209
331
5513
341
265
138394
302
27166
16
713
386
1011
361
225
21
680
5489
4455
898
331
1011
361
1435
302
10037
1860
331
386
4455
304
399
18
9405
1060
1682
302
50104
115738
304
399
18
1563
1310
21
16
4924
225
22
16
516
225
26
18
2586
840
382
25790
1850
30
1563
1450
138394
331
16
969
2136
341
277
1435
302
10037
1860
302
277
4607
4173
386
4455
304
399
306
436
40248
1403
302
331
35
3483
1011
361
30
1563
265
2688
331
16
1682
302
40248
1403
330
344
1425
331
13
386
4455
304
399
18
5489
4455
898
331
302
386
1682
18
3483
25782
4455
1242
55
30
4455
8565
5791
79
97
1435
302
50104
331
87913
330
351
4455
1242
55
97
225
22
2421
96
55
96
7342
8801
352
1450
330
16
1450
22517
331
302
330
28446
225
21
18
2586
2983
351
4455
1242
55
4455
304
399
97
225
22
2421
96
55
96
7342
3483
1011
361
1497
18
16473
1310
366
1310
21
30
50104
330
4455
304
225
23
30
330
21
1801
23
97
2287
21
1117
225
22
66
21
33
22
31
330
22
1801
21
16
22
97
2287
22
1117
225
22
66
22
33
24
31
2983
33
26
18
3483
14441
1310
21
5
4720
22
30
50104
330
4455
304
225
25
30
330
21
1801
22
16
23
97
2287
22
1117
225
22
66
22
33
24
31
330
22
1801
22
16
23
27076
344
1833
852
225
23
13
2287
22
1117
225
24
31
2983
33
28
16
689
4655
225
24
18
2586
18048
382
27872
516
386
382
25790
277
2136
341
1435
302
10037
1860
302
277
4607
4173
386
436
7662
331
306
4455
304
399
35
3483
7939
225
22
352
1310
21
16
840
382
19477
316
195488
30
4455
1242
56
87913
27166
97
285
10210
13
1207
285
10210
13
351
1435
302
50104
302
331
386
4455
304
399
18
1283
11470
386
25782
4455
1242
55
87913
27166
16
4455
8565
5791
79
97
225
22
2421
82
506
367
55
96
7342
3483
14441
6292
6329
730
18
22547
277
1310
1690
648
23
16
1145
16
22
16
27
2315
399
33
1145
3757
361
225
28
35
2209
277
1310
4060
225
27
18
14812
342
1858
387
2615
297
13131
285
10210
13
352
910
331
35
16473
4638
18400
616
285
10210
13
2911
402
265
114886
4158
38278
35
2209
8696
342
18391
386
138394
331
5513
341
4800
265
138394
302
5513
35
9405
5101
297
50104
302
331
344
29753
331
341
265
22517
302
5513
680
2586
1850
33649
18
9405
6772
382
25790
277
8559
302
373
3503
25394
6
74951
277
8295
138394
35
1437
8295
138394
341
516
4800
265
138394
16
1232
285
10210
13
1011
516
1682
277
8295
22517
18
610
1451
29508
16
373
3503
25394
6
2428
361
5047
396
265
6917
6202
498
48334
910
344
82239
7810
13
5015
18
32468
8295
6917
341
4800
265
138394
35
610
1451
97102
4066
16
8295
22517
341
4800
265
138394
18
2209
8696
1743
724
1994
1094
1713
61226
10037
1860
18
16473
1310
30
1437
539
29082
8295
138394
499
277
1682
302
10037
1860
386
4455
304
399
16
1232
285
10210
13
1011
361
1435
302
1713
61226
50104
302
331
386
4455
304
399
18
5489
4455
898
331
1011
2312
382
19477
17208
1310
21
402
492
16340
30
1563
1450
331
16
285
10210
13
351
1435
302
1713
61226
50104
302
331
115738
304
399
18
5489
17208
4455
382
2110
3402
19377
285
10210
13
402
8295
5101
18
1563
1310
21
16
285
10210
13
2911
30
6252
30
20
344
9915
4455
20
16
689
8295
26217
16
713
285
19715
5791
20
2188
733
648
23
10925
21
344
11317
61226
22517
391
23
97
44914
304
225
23
733
648
22
10925
20
16
648
23
65
3757
648
23
65
341
331
35
26128
27166
15345
21
16
22
16
23
1807
16473
17771
14299
1375
56
50104
638
17
6252
30
1713
61226
50104
302
6252
30
5023
1117
20
203
17
648
21
10925
1713
61226
50104
30
648
21
65
4455
21
1117
20
203
17
648
22
10925
20
203
17
648
23
10925
648
23
65
4455
23
1117
21
203
17
648
21
16
22
10925
1713
61226
50104
30
648
21
65
21
16
648
22
65
22
16
648
21
16
22
65
23
1117
21
203
17
648
21
16
23
10925
648
21
65
21
16
648
23
65
23
16
648
21
16
23
65
24
1117
21
203
17
648
22
16
23
10925
648
22
65
22
16
648
23
65
23
16
648
22
16
23
65
25
1117
21
203
17
648
21
16
22
16
23
10925
1713
61226
50104
30
616
6329
8295
18
8548
4455
304
225
23
35
648
23
65
306
648
21
16
22
65
1117
22
203
20454
30
225
20
15
20
15
20
15
21
15
21
15
21
15
21
15
22
351
225
26
18
29483
396
1714
1480
8295
3042
20366
17833
18
2586
38147
8295
4007
2312
1480
8295
331
1078
285
33
20
306
1713
61226
331
3042
33649
8295
22517
18
2586
38750
382
2500
1310
22
16
3600
35
46916
50104
516
33649
17833
18
2586
1310
22
38750
382
27872
38147
8295
4007
7016
66504
382
25790
373
3503
25394
6
2767
373
215084
138394
6
689
539
3402
6974
1310
21
18048
382
25790
277
8559
302
373
19860
6
341
277
1435
302
10037
1860
302
277
4607
4173
386
4455
304
399
306
436
10037
1860
302
331
35
9405
1065
539
1161
382
13617
12634
30
461
1991
13917
35
32468
138394
67556
1991
689
396
8023
16
1991
4007
5002
352
4455
18
2586
4164
516
382
25790
277
4173
27166
674
9746
23864
689
2911
874
361
12461
18
5641
38474
27946
50104
2387
366
23864
341
4309
382
23928
386
616
852
6292
4475
277
10413
4455
1242
55
97
225
22
2421
82
100611
55
96
2547
2964
40671
304
1761
277
4655
1333
352
648
23
16
1145
16
22
16
27
2315
399
33
1145
1196
361
225
28
16
689
277
1310
4060
225
27
18
22547
411
361
386
277
1310
1690
341
3757
648
23
16
225
1145
16
225
22
16
225
27
65
689
399
33
1145
306
4655
225
27
1480
724
1994
10037
1860
302
4354
468
2750
225
22
35
3483
1011
29082
277
138394
331
386
341
1060
391
1145
105323
16473
1310
30
1437
539
1094
1994
10037
1860
331
302
4354
468
2750
225
22
344
77
3077
1278
1996
1713
61226
35
420
4354
6743
22
733
1232
539
4455
285
10210
13
898
331
402
367
56
96
6743
225
22
18
5489
1310
21
30
331
402
367
56
96
19105
22
436
30
648
21
16
22
65
344
74
33
21
733
648
21
16
23
65
344
21
733
648
22
16
23
65
344
21
733
648
21
16
22
16
23
65
344
22
13
1117
4455
33
25
16
516
225
26
18
2586
516
382
2558
539
29082
331
302
4354
225
21
35
5489
1310
21
4455
33
25
16
840
382
2558
539
29082
331
302
4354
225
20
35
64452
26217
382
27872
516
382
25790
277
8559
30
373
669
2136
302
265
138394
341
5047
396
277
1435
302
969
10037
1860
386
4455
304
399
1304
22547
361
26335
396
30
1563
265
2688
138394
331
16
1994
616
10037
1860
302
277
4607
4173
386
436
6792
304
331
344
77
3077
1278
7662
331
680
9405
3673
225
20
420
225
21
18
5489
4455
898
331
302
386
19072
16
697
341
1060
1682
302
331
386
4455
304
399
18
3483
6632
225
22
352
1310
21
16
516
225
26
18
2586
840
382
25790
1850
30
1563
1450
138394
331
16
969
2136
341
277
1435
302
10037
1860
302
277
4607
4173
386
4455
304
399
306
436
40248
1403
302
331
35
3483
7939
4455
1242
55
97
225
22
2421
96
55
96
2547
697
7939
225
26
352
1310
21
16
225
28
352
1310
22
344
956
4655
225
24
680
2586
1310
22
18048
382
1974
592
1850
277
1435
302
10037
1860
302
277
4607
4173
386
4455
304
399
306
436
50104
302
331
35
9405
954
4607
382
27872
4607
5563
4309
382
25790
277
1310
1690
648
23
16
1145
16
22
16
27
2315
399
33
1145
674
387
4655
1333
302
225
27
2920
304
910
1115
14530
20740
420
8696
724
1994
277
8295
138394
516
33649
297
277
2136
8559
344
77
3077
1278
285
10210
13
19720
1094
1713
61226
10037
1860
302
331
386
4455
304
399
680
2209
539
6974
386
4746
2312
1310
21
1480
8295
516
33649
17833
18
2952
16
352
331
351
648
1145
2315
285
10210
13
1011
361
225
21
344
29753
391
1145
97
341
1713
61226
680
9405
1656
18
1563
331
351
648
23
16
1145
2315
285
10210
13
4059
391
1145
97
306
8696
391
23
16
1145
105323
2209
391
23
16
1145
97
4455
33
696
516
225
1145
18
2586
2188
225
21
18
2586
616
285
10210
13
38750
1480
8295
3042
33649
18
2586
2188
225
28
382
59685
724
1994
10037
1860
304
361
1713
61226
306
851
1994
277
138394
331
5513
516
33649
35
3483
1011
361
11700
382
25790
724
1994
10037
1860
302
331
304
361
1996
10037
1860
344
77
3077
1278
516
6792
304
331
680
5489
352
331
351
648
1145
2315
1996
10037
1860
302
331
30
1094
8295
35
2209
8295
8696
26217
16
713
285
6336
1145
6577
351
225
20
18
3483
1011
5510
4455
18
16473
1310
386
382
2558
285
10210
13
19720
1094
1996
10037
1860
302
331
344
77
3077
1278
50104
302
331
38147
331
5513
733
1232
1375
3506
21
30
42379
285
10210
13
352
1450
331
344
87026
277
22517
6792
304
331
680
5489
4455
382
1569
331
306
969
1996
50104
386
4455
304
399
1375
17
6252
30
1996
50104
35
5023
344
273
8295
35
689
8295
516
1996
35
41729
1996
50104
302
6252
436
5023
16
713
285
33
20
465
17
648
21
10925
1996
50104
30
6252
344
9915
13
4455
20
2649
516
33649
592
8295
26217
35
2209
851
8696
8295
516
4800
265
138394
18
2586
285
33
20
388
17
648
22
10925
225
20
203
17
648
23
10925
1996
50104
30
6252
344
50180
26217
13
2649
20
203
17
648
21
16
22
10925
1996
50104
30
648
21
65
344
21
733
648
22
65
344
22
13
2649
5023
4455
304
225
23
35
41729
648
21
16
22
65
341
331
5513
26217
16
713
1094
1996
50104
30
648
21
37101
22
65
44914
225
21
16
22
2649
5023
1117
20
203
17
648
21
16
23
10925
1996
50104
30
648
21
65
21
16
648
23
65
23
16
648
21
16
23
65
26217
2649
4059
648
23
65
4455
23
1117
285
33
21
35
26128
648
23
65
341
265
1996
22517
344
29753
331
15345
21
16
23
2315
648
23
65
341
265
22517
689
516
6792
304
331
680
2586
285
33
21
388
17
648
22
16
23
10925
1996
50104
30
648
22
65
22
16
648
23
65
23
16
648
22
16
23
65
26217
2649
4059
648
23
65
1117
285
33
21
388
17
648
21
16
22
16
23
10925
1996
50104
30
616
50104
6329
2833
18
8548
4455
304
225
23
35
648
23
65
306
648
21
16
22
65
436
1996
50104
344
29753
724
436
516
277
2833
867
680
2586
285
33
22
388
20454
30
225
20
15
20
15
20
15
20
15
20
15
21
15
21
15
22
351
225
24
16
516
225
26
382
4892
516
382
2558
8295
341
4800
265
1996
22517
306
33649
16
1232
352
331
15345
23
2315
1996
50104
2549
6252
344
5421
20
13
2649
516
33649
18
2586
2188
225
20
18
2586
4455
1011
361
225
20
352
331
15345
23
1807
3483
1011
2312
382
2608
1310
21
36033
225
26
16
713
516
382
25790
724
1994
10037
1860
302
331
304
361
1731
386
436
516
13375
1996
689
2549
277
4425
331
35
9405
954
4607
382
27872
277
1094
100849
341
1310
622
382
25790
342
5478
105464
277
4655
3271
352
1310
622
35
16473
13561
277
2746
6434
30
887
4060
1375
5640
5197
4455
9414
12932
25394
1615
31098
6336
23
16
225
1145
16
225
22
16
225
27
2315
225
1145
465
27
203
7203
2608
8696
7076
265
20511
297
277
1310
35
2491
8696
342
250260
277
1154
16607
30
461
1154
341
4455
9414
12932
25394
1615
31098
18
22977
277
373
19860
302
265
138394
6
341
5047
21214
30
373
1833
1435
302
969
10037
1860
386
4455
304
399
1304
22547
361
26335
396
30
1563
265
2688
138394
331
16
1682
1030
1451
10037
1860
344
1425
277
4607
4173
13
569
277
1656
4455
396
331
35
3483
1011
361
1497
18
16473
1310
386
382
12951
30
1563
1450
138394
331
16
1529
326
10210
13
351
1435
302
10037
1860
344
1425
4607
27166
13
386
4455
304
277
1656
4455
396
331
35
2209
1232
539
4455
326
10210
13
898
616
331
18
3483
5563
21930
382
71093
30
373
1833
1435
302
969
10037
1860
386
4455
304
399
6
2428
2676
30
1563
265
2688
138394
331
16
1994
616
10037
1860
302
277
4607
4173
386
436
6792
304
331
35
3483
6632
225
21
592
331
341
265
138394
344
8781
411
2837
341
13
306
4455
10210
13
351
399
35
3483
1011
361
19072
30
225
21
592
331
341
265
138394
306
4455
10210
5791
79
1625
225
20
18
5489
4455
898
331
302
386
19072
351
1435
302
10037
1860
331
386
4455
304
399
18
3483
6632
1310
21
30
225
22
16
516
225
26
382
27872
840
382
25790
373
1104
10037
1860
6
13244
304
10037
1860
302
277
4607
4173
386
436
10037
1860
302
331
35
9405
954
16340
382
23928
386
616
852
6292
4475
277
10413
4455
1242
55
97
225
22
2421
82
100611
55
96
2547
2964
67942
386
277
1310
32791
225
27
2428
361
265
103364
35
2209
277
2746
19986
4060
373
5677
4222
59947
5533
213288
1304
2586
539
1998
6496
265
1154
386
6714
225
27
352
386
2740
18
2586
539
1008
304
2550
3097
277
4309
3032
1091
277
9444
16340
341
225
27
382
19477
996
34239
20488
1347
277
8559
302
2136
396
1435
302
10037
1860
302
331
386
4455
304
399
16
689
8696
539
1858
265
20511
297
27946
285
10210
13
352
910
331
18
16473
17771
14299
616
285
10210
13
717
50593
16
8696
1347
265
6775
38278
35
2209
539
530
2050
304
1565
592
839
331
674
285
10210
13
1497
499
1065
539
3592
382
1569
616
331
344
902
680
9916
17771
14299
285
10210
13
396
1435
302
50104
302
331
344
15519
8295
35
539
2549
8295
1480
411
44914
304
225
20
16
516
399
9082
399
33
20
13
386
4455
304
225
1145
382
2110
530
17208
285
10210
13
498
21757
888
50104
302
331
18
9916
1265
265
2924
1375
56
11183
344
63721
13
306
285
10210
16034
20
30
11616
2649
50104
30
11616
4455
20
2649
285
33
20
300
21
30
391
23
97
2649
50104
30
11616
20
16
391
23
97
23
2649
285
33
20
300
22
30
391
1145
97
2649
50104
30
11616
20
16
391
1145
97
1145
2649
285
33
21
300
23
30
391
22
97
2649
50104
30
11616
20
16
391
22
97
22
2649
285
33
20
300
24
30
391
27
97
2649
50104
30
11616
20
16
391
27
97
27
2649
285
33
20
300
25
30
391
23
16
1145
97
2649
50104
30
11616
20
16
391
23
97
23
16
391
1145
97
1145
16
391
23
16
1145
97
696
2649
285
33
21
300
26
30
391
23
16
22
97
2649
50104
30
11616
20
16
391
23
97
23
16
391
22
97
22
16
391
23
16
22
97
25
2649
285
33
20
300
27
30
391
23
16
27
97
2649
50104
30
11616
20
16
391
23
97
23
16
391
27
97
27
16
391
23
16
27
97
622
2649
285
33
20
300
28
30
391
1145
16
22
97
2649
50104
30
11616
20
16
391
1145
97
1145
16
391
22
97
22
16
391
1145
16
22
97
1057
2649
285
33
21
300
29
30
391
1145
16
27
97
2649
50104
30
11616
20
16
391
1145
97
1145
16
391
27
97
27
16
391
1145
16
27
97
1199
2649
285
33
21
300
622
30
391
22
16
27
97
2649
50104
30
11616
20
16
391
22
97
22
16
391
27
97
27
16
391
22
16
27
97
29
2649
285
33
20
300
807
30
391
23
16
1145
16
22
97
2649
50104
30
11616
20
16
391
23
97
23
16
391
1145
97
1145
16
391
22
97
22
16
391
23
16
1145
97
696
16
391
23
16
22
97
25
16
391
1145
16
22
97
1057
16
391
23
16
1145
16
22
97
1336
2649
285
33
21
300
740
30
391
23
16
1145
16
27
97
2649
50104
30
11616
20
16
391
23
97
23
16
391
1145
97
1145
16
391
27
97
27
16
391
23
16
1145
97
696
16
391
23
16
27
97
622
16
391
1145
16
27
97
1199
16
391
23
16
1145
16
27
97
1592
2649
285
33
21
300
1068
30
391
23
16
22
16
27
97
2649
50104
30
11616
20
16
391
23
97
23
16
391
22
97
22
16
391
27
97
27
16
391
23
16
22
97
25
16
391
23
16
27
97
622
16
391
22
16
27
97
29
16
391
23
16
22
16
27
97
740
2649
285
33
20
300
992
30
391
1145
16
22
16
27
97
2649
50104
30
11616
20
16
391
1145
97
1145
16
391
22
97
22
16
391
27
97
27
16
391
1145
16
22
97
1057
16
391
1145
16
27
97
1199
16
391
22
16
27
97
29
16
391
1145
16
22
16
27
97
1670
2649
285
33
21
300
883
30
391
23
16
1145
16
22
16
27
97
2649
50104
30
616
225
902
158147
18
8548
4455
304
225
1145
35
16473
1568
616
50104
1375
6118
20
30
11616
20
203
6118
21
30
391
23
97
23
16
391
1145
97
1145
16
391
22
97
22
16
391
27
97
27
203
6118
22
30
391
23
16
1145
97
696
16
391
23
16
22
97
25
16
391
23
16
27
97
622
16
391
1145
16
22
97
1057
16
391
1145
16
27
97
1199
16
391
22
16
27
97
29
203
6118
23
30
391
23
16
1145
16
22
97
1336
16
391
23
16
1145
16
27
97
1592
16
391
23
16
22
16
27
97
740
16
391
1145
16
22
16
27
97
1670
203
6118
24
30
391
23
16
1145
16
22
16
27
97
1748
300
4892
1094
391
1145
97
2649
285
33
21
382
8311
4455
285
10210
2738
1041
63721
402
285
33
21
30
225
22
16
25
16
28
16
29
16
807
16
740
16
992
16
883
18
9405
225
28
18
118097
225
22
16
25
16
28
16
29
16
807
16
740
16
992
16
883
351
225
28
5463
382
27872
4455
351
225
28
382
4892
9082
730
302
1131
285
2911
1196
361
225
20
16
4455
1011
361
225
27
18
8548
285
1387
361
225
20
35
16473
15698
1450
1375
17
331
1801
1145
97
285
33
21
344
13553
361
225
21
465
17
331
1801
23
16
1145
97
285
33
21
344
29753
391
1145
97
22517
465
17
331
1801
1145
16
22
97
285
33
21
203
17
331
1801
1145
16
27
97
285
33
21
203
17
331
1801
23
16
1145
16
22
97
285
33
21
203
17
331
1801
23
16
1145
16
27
97
285
33
21
203
17
331
1801
1145
16
22
16
27
97
285
33
21
203
17
331
1801
23
16
1145
16
22
16
27
97
285
33
21
300
3196
1131
3451
277
2479
225
1145
18
1563
839
331
386
5720
225
1145
16
903
341
468
2750
277
22517
391
1145
97
344
8781
341
265
22517
302
331
13
386
44914
304
225
1145
18
2586
616
1731
331
1196
569
285
10210
13
468
2750
225
21
18
2586
724
1196
361
225
21
18
6346
903
839
331
386
3451
225
1145
689
539
2428
569
18391
35
9405
616
331
386
3451
3591
21
344
1145
680
8548
436
30
23864
225
22
344
6850
391
1145
28674
225
23
35
41729
3591
22
341
225
1145
35
2523
16
3591
22
341
225
22
18
2586
23864
7824
225
1145
30
391
22
2547
391
23
16
22
35
26128
539
1008
304
4400
30
23864
30
225
20
30
23
16
21
30
1145
16
22
30
22
16
23
30
27
18
2586
7824
3591
21
30
839
331
386
4059
3591
21
18
15040
436
30
1041
17
391
21
97
344
2640
22
297
954
7977
1568
35
1283
25415
331
22
396
391
1145
97
2649
4309
465
17
391
20
16
21
97
18046
23
16
1145
4106
2649
331
25
203
17
391
21
16
22
97
18046
1145
16
22
4106
2649
331
28
203
17
391
21
16
23
97
18046
1145
16
27
4106
2649
331
29
203
17
391
20
16
21
16
22
97
18046
23
16
1145
16
22
4106
2649
331
807
203
17
391
20
16
21
16
23
97
18046
23
16
1145
16
27
4106
2649
331
740
203
17
391
21
16
22
16
23
97
18046
1145
16
22
16
27
4106
2649
331
992
203
17
391
20
16
21
16
22
16
23
97
344
16721
13
2649
331
883
203
16763
225
28
331
494
18
2536
569
285
10210
13
468
2750
225
21
18
2586
4455
341
468
2750
225
28
18
22547
839
302
1131
569
285
10210
13
1518
21
35
99008
592
903
341
2484
22517
115738
304
225
1145
2223
331
18
1563
331
386
5720
225
1145
16
539
2428
851
569
852
50104
115738
304
225
1145
16
1013
391
22
198643
97
840
31
391
23
198643
97
840
31
391
23
16
22
16
27
14883
740
31
391
23
16
22
198643
97
840
31
391
23
198643
97
1008
225
992
16
840
31
391
22
198643
97
1008
225
883
16
840
31
391
27
198643
97
1008
225
622
16
840
31
391
23
16
27
198643
97
1008
225
27
16
840
31
391
23
16
22
198643
97
1008
225
740
16
840
31
391
23
16
1145
198643
97
14949
31
391
1145
16
22
198643
97
14949
31
4115
18
2586
1094
391
1145
7342
2586
285
33
21
352
1450
302
1131
225
28
18
1563
331
516
7824
225
1145
16
285
33
20
18
2586
2983
225
28
382
27872
277
1094
1528
304
771
225
27
341
592
730
302
1131
331
1414
516
11274
16
700
3077
1278
285
10210
5791
20
352
730
302
1019
18
8548
730
1387
361
7810
35
14812
331
1801
1145
97
341
4800
516
304
569
265
138394
386
44914
304
225
1145
35
3483
1011
361
592
724
1994
10037
1860
302
331
1998
361
302
4354
468
2750
225
22
35
2209
1232
331
1801
1145
97
1011
569
840
138394
302
4354
6743
22
16
713
285
33
20
18
5489
4455
1011
361
225
27
344
29753
539
9823
386
730
680
16473
2292
30
1437
539
2485
10037
1860
302
331
304
569
4354
6743
22
344
77
3077
1278
29082
2571
72517
306
8295
733
1232
285
10210
13
352
331
7824
225
1145
689
516
852
5015
1011
361
225
20
18
6755
352
331
386
436
1060
391
1145
2547
285
33
20
18
1563
331
386
436
391
23
16
1145
2547
1996
50104
302
4354
6743
22
35
461
1094
50104
302
331
436
30
391
23
97
344
6118
21
733
391
1145
97
344
6118
21
733
391
23
16
1145
97
344
6118
22
680
1437
539
2485
4354
6743
22
16
1232
1094
391
23
16
1145
97
95766
16
689
969
4455
341
225
696
16
516
225
1145
18
2586
285
4931
23
16
1145
4106
1011
361
225
20
18
22041
352
391
1145
16
22
2547
391
1145
16
27
2547
391
23
16
1145
16
22
2547
391
23
16
1145
16
27
2547
391
1145
16
22
16
27
2547
391
23
16
1145
16
22
16
27
7342
461
1094
50104
302
4354
6743
22
386
4455
304
225
1145
35
99008
5023
1480
391
23
16
22
16
27
14883
740
31
391
23
16
22
198643
97
840
31
391
23
16
27
198643
97
840
31
391
23
16
22
16
27
198643
97
616
18
2586
285
33
20
352
616
1731
331
396
1357
16
6329
8696
910
331
386
569
265
22517
302
4354
6743
22
115738
304
225
1145
18
1563
2024
16
331
351
391
22
198643
97
516
3451
225
1145
18
2209
8696
903
341
265
331
386
4007
3451
225
1145
689
674
265
22517
302
4354
6743
22
115738
304
225
1145
16
317
1627
1278
391
23
16
22
16
27
198643
97
840
18
2586
616
331
386
3451
225
1145
1011
569
285
33
20
1091
492
6698
18
461
1094
331
386
1387
569
285
34
20
436
1731
2142
225
1145
689
402
265
22517
302
2287
6743
22
115738
304
225
1145
18
4628
18
2586
2983
4455
1011
361
225
20
16
516
225
27
382
4892
516
386
382
25790
724
29082
277
83703
138394
391
1145
97
499
1610
4800
396
265
373
3503
25394
6
302
331
35
3483
341
16
724
2428
8483
373
3503
25394
6
396
265
6917
302
4354
468
2750
225
22
35
2209
1232
1310
21
18048
382
27872
2761
1625
382
25790
277
1154
4455
9414
12932
25394
1615
31098
341
5047
21214
30
887
2428
361
277
4455
898
616
10037
1860
331
302
277
1435
302
10037
1860
302
277
4607
4173
386
436
6792
304
331
306
4455
304
399
35
3483
7939
1682
302
50104
330
115738
304
399
16
697
352
1310
21
341
225
22
18
3557
225
26
382
25790
1850
277
4455
898
616
10037
1860
331
302
277
1435
302
10037
1860
302
277
4607
4173
386
436
40248
1403
302
331
306
4455
304
399
35
3483
7939
4455
1242
55
97
225
22
2421
96
55
96
2547
697
7939
225
26
352
1310
21
16
225
28
352
1310
22
344
9692
225
24
680
2586
1310
22
18048
382
25790
1850
277
4455
898
616
10037
1860
331
302
277
1435
302
10037
1860
302
277
4607
4173
386
436
50104
302
331
306
4455
304
399
35
9405
954
4607
382
27872
4607
341
277
1094
730
15595
6292
6329
730
18
22547
277
1310
1690
648
23
16
1145
16
22
16
27
2315
399
33
1145
361
53786
9603
35
16473
2292
277
1310
1568
297
277
2363
30
3578
766
302
277
373
3761
6
1154
18
461
1310
4060
1375
5640
298
905
22708
1310
4027
203
298
3999
12578
6336
25
16
225
21
2315
225
25
13
1377
225
22
203
298
3999
12578
6336
27
16
225
25
16
225
622
16
225
28
16
225
22
16
225
23
16
225
26
2315
225
24
13
1377
225
20
203
298
3999
12578
6336
29
16
225
622
16
225
22
16
225
21
16
225
29
16
225
25
16
225
29
16
225
27
16
225
25
2315
225
22
13
1377
225
6008
203
298
3999
12578
6336
25
16
225
28
16
225
28
2315
225
21
13
1377
225
20
203
298
3999
12578
6336
21
16
225
23
16
225
27
16
225
28
2315
225
21
13
1377
225
28
203
298
3999
12578
6336
28
16
225
21
16
225
21
16
225
28
16
225
27
2315
225
22
13
1377
225
28
203
298
3999
12578
6336
23
16
225
1145
16
225
22
16
225
27
2315
225
1145
13
1377
225
27
203
298
3999
12578
6336
29
16
225
26
16
225
24
16
225
26
16
225
28
2315
225
29
13
1377
225
902
203
298
3999
12578
6336
22
16
225
25
16
225
25
16
225
21
16
225
25
2315
225
26
13
1377
225
1199
203
7203
25790
342
5478
1965
171382
277
4173
35
887
4060
648
23
16
225
1145
16
225
22
16
225
27
1807
22547
411
361
648
23
16
225
1145
16
225
22
16
225
27
65
402
399
33
1145
16
689
8696
724
1994
10037
1860
396
72075
35
16473
1310
72075
989
80221
352
492
4173
382
4664
30
648
23
16
1145
16
22
16
27
1807
2536
72075
989
80221
638
17
648
23
65
2649
989
80221
302
411
30
648
23
65
2649
4455
23
2649
285
33
20
203
17
648
1145
65
2649
648
1145
65
2649
4455
1145
2649
285
33
21
203
17
648
22
65
2649
225
20
203
17
648
27
65
2649
225
20
203
17
648
23
16
1145
65
2649
989
80221
30
648
23
2315
648
1145
2315
648
23
16
1145
65
2649
44914
225
23
16
1145
16
696
2649
285
33
21
344
29753
648
1145
7204
17
648
1145
16
22
65
2649
989
80221
30
648
1145
2315
648
22
2315
648
1145
16
22
65
2649
44914
225
1145
16
22
16
1057
2649
285
33
21
203
17
648
22
16
27
65
2649
989
80221
30
648
22
2315
648
27
2315
648
22
16
27
65
2649
44914
225
22
16
27
16
29
2649
285
33
20
203
17
648
23
16
1145
16
22
65
2649
989
80221
30
648
23
37101
1145
37101
22
37101
23
16
1145
37101
1145
16
22
37101
23
16
1145
16
22
65
2649
44914
225
23
16
1145
16
22
16
696
16
1057
16
1336
2649
285
33
21
203
17
648
1145
16
22
16
27
65
2649
989
80221
30
648
1145
37101
22
37101
27
37101
1145
16
22
37101
22
16
27
37101
1145
16
22
16
27
65
2649
44914
225
1145
16
22
16
27
16
1057
16
29
16
1670
2649
285
33
21
203
17
648
23
16
1145
16
22
16
27
65
2649
989
80221
30
616
225
622
72075
35
41729
1435
302
72075
989
80221
302
4354
434
341
307
6315
15
21
18
1563
4173
4354
225
24
16
2983
72075
989
80221
351
225
622
18
2209
539
1008
304
1994
1450
202468
331
344
1833
373
3503
25394
6
297
492
16340
13
306
1232
1682
969
72075
989
80221
386
4455
304
399
18
16473
17208
1375
1569
616
72075
989
80221
331
344
20885
436
225
622
16034
21
18
648
23
65
344
63721
225
20
17
20
2738
969
989
80221
30
648
23
65
2649
4455
23
2649
285
33
20
203
22
18
648
1145
65
344
21
17
21
2738
648
1145
65
2649
285
33
21
203
23
18
648
22
65
344
22
17
22
2738
648
22
65
2649
285
33
20
203
24
18
648
27
65
344
23
17
23
2738
648
27
65
2649
285
33
20
203
25
18
648
23
16
1145
65
344
20
17
21
2738
989
80221
30
648
23
37101
1145
37101
23
16
1145
65
2649
44914
225
23
16
1145
16
696
2649
285
33
21
203
26
18
648
1145
16
22
65
344
21
17
22
2738
989
80221
30
648
1145
37101
22
37101
1145
16
22
65
2649
44914
225
1145
16
22
16
1057
2649
285
33
21
203
27
18
648
22
16
27
65
344
22
17
23
2738
989
80221
30
648
22
37101
27
37101
22
16
27
65
2649
44914
225
22
16
27
16
29
2649
285
33
20
203
28
18
648
23
16
1145
16
22
65
344
20
17
22
2738
989
80221
30
648
23
37101
1145
37101
22
37101
23
16
1145
37101
1145
16
22
37101
23
16
1145
16
22
65
2649
44914
225
23
16
1145
16
22
16
696
16
1057
16
1336
2649
285
33
21
203
29
18
648
1145
16
22
16
27
65
344
21
17
23
2738
989
80221
30
648
1145
37101
22
37101
27
37101
1145
16
22
37101
22
16
27
37101
1145
16
22
16
27
65
2649
44914
225
1145
16
22
16
27
16
1057
16
29
16
1670
2649
285
33
21
203
622
18
648
23
16
1145
16
22
16
27
65
344
20
17
23
2738
989
80221
30
616
225
622
30
1041
298
506
4354
21
30
648
23
37101
1145
37101
22
37101
27
65
2649
44914
225
23
16
1145
16
22
16
27
203
298
506
4354
22
30
648
23
16
1145
16051
696
16
648
1145
16
22
16051
1057
16
648
22
16
27
16051
29
203
298
506
4354
23
30
648
23
16
1145
16
22
16051
1336
16
648
1145
16
22
16
27
16051
1670
203
298
506
4354
24
30
648
23
16
1145
16
22
16
27
16051
1748
203
298
8548
4455
304
225
1145
35
648
1145
65
1094
2649
285
33
21
300
8311
4455
285
10210
13
898
616
72075
989
80221
331
30
225
20
15
21
15
20
15
20
15
21
15
21
15
20
15
21
15
21
15
21
351
225
26
18
3557
225
27
382
4892
516
72075
382
25790
373
3503
25394
6
2767
839
6917
344
1876
13375
72075
13
689
373
1104
10037
1860
6
13244
304
10037
1860
302
277
4607
4173
386
436
7662
331
35
3483
7939
225
22
352
1310
21
16
516
225
26
382
23928
277
27728
4967
386
277
9444
3032
341
4455
1242
55
97
225
22
2421
82
506
367
55
96
2547
306
386
14441
616
852
6292
6329
492
730
16
342
18294
277
1310
1690
32791
2428
361
6078
16
689
539
1998
1717
277
1310
18
22547
903
361
387
8081
16340
386
22699
225
27
352
492
1690
1706
851
15595
3575
1688
19477
2050
304
32012
277
3449
10413
499
277
8559
717
14316
18
461
194863
30
373
23928
387
11795
4173
27166
306
265
4898
11795
399
16
12450
277
4455
302
16751
302
616
10037
1860
302
27166
18
461
2136
302
265
138394
341
5047
396
277
1435
302
969
10037
1860
386
4455
304
399
2885
5158
2428
101436
373
1104
10037
1860
6
396
10037
1860
302
277
4607
4173
386
436
6792
304
386
138394
35
3483
5563
21930
382
25790
277
2136
302
265
138394
331
341
277
1435
302
10037
1860
344
1425
277
4607
4173
13
386
436
10037
1860
302
331
306
4455
304
399
35
9405
1065
539
1161
382
2608
9745
903
341
265
122221
30
461
138394
331
5513
341
851
4800
265
138394
302
5513
35
8520
16
4924
5101
382
8311
16
277
4455
898
616
331
302
285
10210
13
351
4455
1242
56
97
4455
1242
55
87913
331
16
4455
8565
5791
79
97
225
21
351
4455
1242
55
30
4455
8565
5791
79
97
4455
1242
56
30
330
87913
331
87913
27166
97
225
21
351
4455
1242
55
30
4455
8565
5791
79
97
225
22
2421
82
506
367
55
96
7342
957
341
99130
6139
382
4892
592
277
1310
36033
225
27
16
1232
3673
277
1682
302
50104
330
115738
304
399
341
516
225
21
16
420
277
51628
341
516
225
23
18
22977
724
1994
10037
1860
396
15823
1207
1991
13917
306
69488
5002
35
2209
4455
341
1991
60560
382
25790
724
1994
10037
1860
396
72075
35
1283
3402
6974
386
6632
225
26
382
25790
724
1994
10037
1860
396
373
11317
61226
1996
10037
1860
26471
5489
4455
1242
55
97
225
22
2421
82
506
367
55
155485
1011
2312
1480
330
1387
361
8295
35
2209
330
341
277
22517
386
44914
304
399
16
713
330
341
1713
61226
1480
399
34
20
18
2586
386
4007
3910
382
25790
724
1994
10037
1860
331
304
361
302
4354
468
2750
225
22
35
5489
277
4455
898
331
402
367
56
96
19105
22
302
285
10210
13
1011
361
30
4455
1242
55
30
4455
8565
5791
79
97
344
5686
302
331
1175
386
330
87913
331
16
367
56
96
19105
22
680
3483
25782
4455
1242
55
30
4455
8565
5791
79
97
344
22
2421
82
506
367
55
155485
506
225
21
13
592
539
29082
331
91666
344
29753
331
91666
674
2287
367
55
120436
697
2428
361
225
21
35
2209
592
367
55
105862
21
16
1232
331
91666
341
2287
21
16
697
1011
361
26217
592
539
2485
367
56
96
19105
22
18
2586
277
1875
352
330
302
2287
21
1011
361
225
22
2421
82
17
21
97
506
225
21
16
1706
352
6892
330
411
1011
361
225
22
2421
82
100611
55
155485
506
225
21
344
29753
331
91666
341
26217
680
5489
2983
351
4455
1242
55
97
225
22
2421
82
100611
55
155485
506
34856
302
330
680
1563
1310
21
16
307
33
23
16
50104
330
4455
304
225
23
30
330
21
2287
21
1117
225
22
2421
22
14883
24
16
330
22
2287
22
1117
225
22
2421
21
14883
22
16
2983
351
225
26
16
30774
905
55
33
22
6632
225
24
16
516
225
26
382
2558
539
2485
367
56
96
19105
21
344
11317
61226
733
4924
954
4607
382
27872
516
382
25790
724
1994
10037
1860
331
304
361
302
4354
468
1210
2761
35
2523
382
19477
17208
1347
954
38474
4158
352
648
23
16
1145
16
22
16
27
2315
399
33
1145
16
539
771
225
28
18
2209
1310
36033
225
27
18
22547
903
361
387
1115
14530
20740
1480
277
8295
138394
341
516
33649
35
2209
8295
138394
331
28446
285
19715
5791
20
16
713
840
1603
382
25790
277
8559
302
2136
341
277
1435
302
10037
1860
302
277
4607
4173
386
4455
304
399
306
436
10037
1860
302
331
35
9405
1656
382
27023
411
361
386
724
1994
10037
1860
302
331
304
361
1731
386
436
516
13375
50104
689
15823
402
277
1656
5657
1991
35
7517
1991
13917
689
4455
341
112143
16
1850
277
1656
382
25790
277
4173
2911
436
516
13375
4898
35
2209
16981
2132
225
21
6758
27166
2943
65
6758
225
622
66
24
16
713
4898
382
23928
277
24957
302
616
852
6292
402
277
10413
16
2964
67942
386
277
1310
1690
2428
361
265
20511
18
2952
16
277
2746
6434
19986
4059
386
1310
16
306
539
1998
1717
411
18
2586
539
1008
304
1511
265
10413
386
22699
225
27
352
386
1690
1706
61115
277
852
4655
2911
382
19477
88934
99677
17208
277
3032
352
648
23
16
1145
16
22
16
27
2315
399
33
1145
498
21757
888
616
10037
1860
331
344
22
66
24
33
902
13
306
13131
285
10210
13
396
1435
302
50104
302
331
386
4455
304
399
16
306
1565
592
539
530
771
225
27
498
839
20969
304
277
27946
302
10037
1860
344
7846
8696
724
1994
10037
1860
396
516
2291
277
4425
4173
35
689
539
3402
5101
2833
680
16473
996
34239
285
10210
13
14316
16
8696
342
39113
55518
910
285
10210
13
396
225
21
689
1196
361
225
20
1480
8696
724
1994
10037
1860
302
331
304
361
1731
386
436
516
13375
50104
689
1998
361
302
4354
468
2750
225
22
35
2209
539
6974
386
6632
225
20
382
25790
724
1994
10037
1860
302
331
304
361
1731
386
436
373
6564
362
5796
26471
2523
382
25790
724
1994
277
138394
331
5513
396
516
33649
297
969
1902
2136
35
3483
341
16
285
10210
13
351
1435
302
1996
10037
1860
302
331
386
4455
304
399
344
87026
331
680
5489
352
331
386
341
7662
391
1145
2547
285
33
20
344
29753
1996
50104
30
6252
8696
26217
680
5489
4455
1011
361
225
27
18
16473
1310
592
386
14441
616
852
6292
382
54641
2136
10210
13
351
1435
302
1996
10037
1860
302
331
344
77
3077
1278
10037
1860
302
331
386
436
516
6792
304
331
13
386
4455
304
399
18
5489
2983
351
4455
1242
56
97
2136
10210
13
351
4455
1242
56
97
344
5686
302
50104
330
87913
331
16
330
138290
331
16
4455
8565
5791
79
2570
2110
530
42423
30
4455
1242
56
97
4455
1242
55
87913
331
16
330
138290
331
16
4455
8565
5791
79
97
225
21
351
4455
1242
55
30
4455
8565
5791
79
97
4455
1242
56
30
330
87913
331
87913
27166
16
331
138290
330
97
225
21
351
4455
1242
55
30
4455
8565
5791
79
97
344
22
2421
82
506
367
55
155485
506
225
21
2570
4892
2983
351
4455
1242
55
30
4455
8565
5791
79
97
344
22
2421
82
506
367
55
155485
506
225
21
13
351
344
5421
1242
55
97
225
22
2421
82
506
367
55
96
4106
506
344
5686
302
330
680
16473
27967
340
351
4455
1242
55
30
4455
8565
5791
79
97
225
22
2421
82
506
367
55
96
2547
398
351
1682
302
330
402
4455
73555
18
5489
2983
351
340
506
398
382
8372
4607
2983
344
15519
331
91666
13
341
340
18
2586
492
341
340
506
398
382
8311
1310
21
30
307
33
23
16
50104
330
4455
304
225
23
30
330
21
2287
21
1117
225
22
2421
22
14883
24
16
330
22
2287
22
1117
225
22
2421
21
14883
22
16
340
33
26
18
398
33
22
18
2586
2983
351
225
24
18
2209
4655
225
26
18
2586
516
4475
382
27872
516
382
25790
724
29082
277
8295
138394
499
1610
4800
265
138394
302
331
35
2209
8295
4455
33
20
516
399
16
713
840
1603
382
25790
724
1994
10037
1860
302
331
304
361
1731
386
436
1713
61226
306
851
29082
331
5513
35
3483
1011
361
1996
1713
61226
18
3483
1011
361
2983
351
4455
1242
55
30
4455
8565
5791
79
97
344
22
2421
82
506
367
55
155485
506
225
21
506
344
21
592
367
55
159034
20
35
41729
331
91666
341
26217
16
689
331
91666
341
1713
61226
592
367
55
159034
20
18
2586
277
1682
302
331
402
330
87913
331
16
331
138290
330
341
225
22
2421
82
100611
55
155485
506
225
21
18
3483
4059
331
91666
35
2523
16
57859
225
21
18
3483
6632
2983
351
340
506
398
16
1656
396
2946
382
27872
516
382
25790
724
1994
10037
1860
302
331
304
361
1731
386
436
302
4354
468
2750
225
22
35
5489
2983
351
4455
1242
55
30
4455
8565
5791
79
97
344
5686
302
331
402
330
87913
331
16
367
56
96
6743
225
22
680
1563
265
2688
330
16
1435
302
331
402
330
87913
331
87913
27166
306
367
56
96
6743
225
22
351
592
367
55
96
6743
225
22
16
1232
616
40248
1403
331
344
15519
330
13
386
569
2287
6743
22
30
4924
225
22
2421
82
506
367
55
155485
344
29753
616
40248
1403
569
2287
468
2750
367
55
120436
306
592
367
55
96
6743
22
16
1232
616
40248
1403
9724
22465
367
56
96
6743
22
680
1437
367
55
96
351
225
21
16
1232
40248
1403
331
302
330
2549
330
5513
344
6118
21
13
306
6892
40248
1403
18
461
1435
402
2287
6743
22
341
2983
40248
1403
30774
277
225304
6792
304
330
30
225
22
2421
82
17
21
97
506
225
21
18
2586
2983
351
4455
1242
55
16
367
55
96
19105
22
97
225
22
2421
82
100611
55
155485
692
4455
1242
55
16
367
55
105862
21
97
344
22
2421
82
17
21
97
506
225
21
2570
2500
1310
21
30
330
21
2287
21
1117
28446
225
22
2421
22
97
506
21
351
225
24
17
21
33
23
31
330
22
2287
22
1117
28446
225
22
2421
21
14883
22
31
2983
351
25
16
516
225
26
382
2558
539
851
2549
367
56
96
19105
21
344
77
3077
1278
1713
61226
13
1232
4607
382
27872
516
382
25790
724
1994
10037
1860
331
304
361
302
4354
468
1210
2761
35
2523
382
23928
277
56793
16
13640
4638
18400
277
1310
1690
648
23
16
1145
16
22
16
27
2315
399
33
1145
297
277
4607
2746
6434
18
22547
903
361
265
5478
2476
35
461
4173
341
648
23
16
1145
16
22
16
27
1807
22977
277
9444
4173
341
648
23
16
1145
16
22
16
27
65
689
399
33
1145
35
16473
17208
1347
954
11470
10413
30
539
3289
225
28
18
461
1310
4060
225
27
18
22547
903
361
2484
22517
330
386
44914
304
225
1145
35
16473
1568
616
50104
302
23864
306
44914
1754
16
8696
342
18391
730
18
461
4173
674
225
24
5015
18
4758
34763
1375
20
30
11210
21
30
648
23
65
4455
23
203
22
30
648
1145
65
4455
1145
203
23
30
648
22
65
4455
22
203
24
30
648
27
65
4455
27
203
25
30
648
23
16
1145
65
4455
696
203
26
30
648
23
16
22
65
4455
25
203
27
30
648
23
16
27
65
4455
622
203
28
30
648
1145
16
22
65
4455
1057
203
29
30
648
1145
16
27
65
4455
1199
203
622
30
648
22
16
27
65
4455
29
203
807
30
648
23
16
1145
16
22
65
4455
1336
203
740
30
648
23
16
1145
16
27
65
4455
1592
203
1068
30
648
23
16
22
16
27
65
4455
740
203
992
30
648
1145
16
22
16
27
65
4455
1670
203
883
30
648
23
16
1145
16
22
16
27
65
4455
1748
300
11972
3591
22
344
1145
13
6632
4455
1145
18
2586
14233
730
22517
330
382
27872
340
351
225
22
2421
24
17
21
14883
28
18
398
33
21
18
2586
340
5245
33
27
18
9405
7414
30
340
506
398
351
225
27
18
3483
14441
277
1310
5
2586
277
1310
36033
340
506
398
16
516
340
18
3483
341
16
2983
351
4455
1242
55
30
4455
73555
97
344
22
2421
82
506
367
55
155485
506
225
21
680
3483
341
7662
277
2983
592
539
29082
277
13556
499
277
138394
331
351
330
5513
344
77
3077
1278
890
331
25782
330
16
539
1907
1682
411
297
277
2136
302
331
680
16473
15698
30
610
954
4607
2983
340
16
539
33649
616
331
16
2291
331
91666
18
461
1310
36033
225
27
16
697
341
340
506
398
18
2586
8696
277
8559
302
373
19860
302
265
138394
6
341
277
1435
302
969
10037
1860
386
4455
304
399
16
689
9745
724
589
4222
1682
277
138394
5513
35
461
18017
373
1104
10037
1860
6
1387
361
26335
396
10037
1860
302
277
2688
138394
16
697
7400
4059
277
138394
5513
35
610
1451
29508
16
265
6917
341
4800
265
138394
302
5513
344
1892
48334
7810
5015
680
2209
6848
297
97102
4066
16
373
3503
25394
6
2428
361
5047
396
265
6917
6202
498
48334
468
2750
730
2479
16
700
3077
1278
1996
138394
18
2952
16
277
194863
1414
516
15010
1996
420
516
18
2209
277
1310
10334
386
724
1994
10037
1860
302
331
304
361
1731
386
436
6202
498
48334
468
2750
730
2479
16
700
3077
1278
1996
10037
1860
344
87026
331
5513
680
16473
13561
402
852
1310
4027
304
1565
592
386
16340
22699
277
4655
2527
382
2558
2136
10210
13
351
1435
302
1996
10037
1860
302
331
386
4455
304
399
344
77
3077
1278
50104
302
331
38147
331
5513
733
1232
2983
351
4455
1242
56
97
2136
10210
13
351
4455
1242
55
30
4455
8565
5791
79
97
344
22
2421
82
506
367
55
155485
506
225
21
13
351
340
506
398
382
8311
1310
21
30
340
33
26
16
398
33
22
1117
2983
351
24
16
689
4655
225
26
18
2586
18048
382
27872
516
386
382
20822
16
689
352
1310
21
16
398
33
22
16
340
33
26
16
340
5245
33
24
16
516
225
26
18
2586
1310
21
36033
225
26
16
516
225
24
18
2586
386
16340
18048
352
1310
21
382
2608
352
1310
622
16
340
33
28
16
398
33
21
16
340
5245
33
27
16
697
14441
1310
622
18
2586
1310
622
14441
340
5245
16
689
1310
21
14441
340
18
2586
41514
382
27872
8696
1310
21
851
1196
361
340
5245
35
2209
1850
516
18
2586
9745
1310
21
674
398
33
22
16
340
33
26
16
340
5245
33
24
16
689
1310
21
36033
225
26
16
713
1310
21
36033
340
16
516
340
5245
18
2586
1310
622
36033
340
5245
35
3483
1011
361
73411
382
25790
342
5478
105464
398
352
1310
21
35
16473
996
34239
50104
330
4455
304
399
352
1310
21
30
27166
15345
21
16
22
16
23
2315
399
33
23
18
4758
34763
330
638
17
391
23
97
344
6118
21
465
17
391
21
16
22
97
344
6118
22
465
16763
1217
50104
18
2586
398
33
22
18
340
351
225
22
2421
23
17
21
97
692
225
22
2421
23
17
22
97
351
225
24
15
22
33
26
18
340
5245
33
24
382
3506
21
36033
225
26
18
2586
1310
21
36033
340
382
3506
622
36033
225
27
16
697
341
340
5245
382
4892
8696
352
1310
622
16
903
341
265
22517
330
386
44914
304
399
35
2209
539
1724
1094
730
330
1801
1145
7342
2586
398
33
21
16
340
33
28
16
340
5245
33
27
18
2586
1310
622
36033
340
5245
382
2608
1310
21
36033
340
18
2586
3097
1011
1310
21
2364
340
306
1310
622
2364
340
5245
35
22547
903
361
265
5052
297
3473
277
138394
331
5513
341
33649
297
969
1902
2136
35
610
1310
21
16
8696
277
138394
331
386
341
7662
330
344
77
3077
1278
277
22517
386
44914
304
399
13
341
4800
304
569
969
2136
33649
35
2209
297
1310
622
16
8696
386
341
516
33649
35
3483
5563
41514
382
25790
277
8559
30
373
669
2136
302
265
138394
341
5047
396
277
1435
302
969
10037
1860
386
4455
304
399
1304
1437
539
1994
373
1104
10037
1860
6
304
2676
10037
1860
302
277
4607
4173
386
436
10037
1860
302
386
138394
35
9405
954
16340
18
2209
8696
724
1994
373
1104
10037
1860
6
304
361
10037
1860
302
277
4607
4173
386
436
6792
304
386
138394
35
3483
7939
398
16
516
340
382
19477
2672
1132
18
22547
903
361
265
20511
297
922
17556
302
340
352
1310
21
35
16473
996
34239
340
352
1310
21
1347
277
10413
4455
1242
55
97
225
22
2421
82
506
367
55
96
7342
1563
27166
15345
21
16
22
16
23
2315
307
33
23
382
4246
34763
330
4455
304
225
23
638
55
21
1801
23
97
2287
21
1117
225
22
2421
22
14883
24
203
55
22
1801
21
16
22
97
2287
22
1117
225
22
2421
21
14883
22
203
10914
351
26
18
9405
4309
382
8311
16
592
539
17208
2983
5502
498
115738
285
10210
13
898
616
331
344
15519
331
91666
733
539
3289
225
26
7977
18
16473
17771
14299
285
10210
13
352
1310
21
304
4802
539
4746
1265
387
2615
386
1011
3050
225
26
1091
910
6698
18
1283
19377
285
10210
13
352
1450
331
7977
306
82451
304
225
26
18
3483
14441
340
382
8311
352
1310
622
16
539
19377
285
10210
13
5502
306
82451
304
225
28
18
2209
1310
36033
225
27
18
2586
3673
954
285
10210
13
2911
436
1115
498
730
352
910
331
16
420
277
2109
89923
1196
361
225
27
1091
277
4309
8559
382
19477
17771
14299
285
10210
13
352
1310
622
1347
277
8559
30
2136
302
265
138394
331
351
1435
302
10037
1860
344
1425
277
4607
4173
13
386
436
10037
1860
302
331
306
4455
304
399
18
3483
341
1065
539
1645
18
2209
8696
373
3503
58257
302
331
6
436
5047
396
10037
1860
302
277
4607
4173
386
436
7662
331
35
2523
382
25790
277
1875
373
3503
25394
6
297
277
3522
302
373
1104
10037
1860
6
2767
10037
1860
302
277
4607
4173
386
436
6792
304
331
35
3483
1011
361
30
1563
265
2688
331
16
2136
10210
13
351
225
21
592
331
341
265
138394
302
27166
306
4455
10210
5791
79
35
3483
4007
1265
5258
1480
331
341
3402
265
138394
302
27166
382
19477
1412
277
194863
1754
30
373
23928
387
11795
4173
27166
306
265
4898
11795
399
16
12450
277
4455
302
16751
302
616
10037
1860
302
27166
18
461
2136
302
265
138394
341
5047
396
277
1435
302
969
10037
1860
386
4455
304
399
2885
184433
30
1283
569
616
10037
1860
302
27166
18
1563
1450
1175
138394
344
10465
411
331
733
539
17208
969
2136
30
277
1435
302
969
10037
1860
344
77
3077
1278
10037
1860
302
331
13
386
4455
304
399
18
5489
539
4455
1131
16751
898
616
331
382
4892
1850
7662
1065
539
1645
382
27872
277
2109
81277
352
1310
622
7939
225
28
16
689
4655
225
27
18
2586
9745
954
81277
18391
386
910
331
674
285
10210
5791
20
4993
302
225
21
18
8548
331
1387
361
53786
33649
35
461
331
386
436
391
1145
97
344
6118
21
13
2428
361
4800
516
304
569
265
138394
386
44914
304
225
1145
35
2209
391
1145
97
5513
341
265
138394
302
5513
16
306
411
44914
304
225
1145
18
2586
411
1196
1682
18
34159
724
589
516
1994
265
138394
302
5513
35
2209
1232
1451
852
331
386
3451
225
1145
1011
851
9823
386
1682
16
10944
2983
498
277
1435
302
1175
331
16
697
341
225
28
16
7859
225
20
16
516
225
27
18
2586
386
4445
361
382
25790
724
1994
10037
1860
302
331
304
361
1731
386
436
27807
20906
344
77
3077
1278
1996
10037
1860
680
5489
352
331
1801
1145
2547
285
33
20
18
1563
331
1801
23
16
1145
2547
1996
10037
1860
30
391
23
2547
391
1145
2547
391
23
16
1145
105323
50045
2767
29082
331
5513
16
713
391
23
16
1145
97
26217
18
2586
50104
30
391
23
2547
391
1145
97
2649
391
1145
97
44914
304
225
1145
16
713
285
33
21
18
22041
16
391
1145
16
22
97
1996
30
391
1145
66510
22
66510
1145
16
22
105323
126025
391
1145
16
22
2547
713
391
1145
97
5101
1117
285
33
21
18
391
1145
16
27
18631
285
33
21
18
391
23
16
1145
16
22
18631
1996
50104
30
616
6329
2833
30
391
23
66510
1145
66510
22
66510
23
16
1145
66510
23
16
22
66510
1145
16
22
7342
19078
1131
16
391
1145
97
44914
304
225
1145
1117
285
33
21
18
391
23
16
1145
16
27
18631
285
33
21
18
391
1145
16
22
16
27
18631
285
33
21
18
391
23
16
1145
16
22
16
27
18631
1996
50104
30
616
6329
2833
30
4059
391
1145
97
1117
285
33
21
18
2586
616
1731
331
2188
569
285
33
21
18
10546
331
1801
1145
97
7883
225
20
18
2586
2983
1011
361
225
27
344
29753
539
9823
277
225
21
499
331
1801
1145
25171
3483
14441
1310
622
5
16473
2292
30
9231
492
16340
344
19860
10210
13
351
1435
302
1996
10037
1860
302
331
386
4455
304
399
733
2983
351
340
506
398
35
8801
352
1450
330
386
44914
304
399
16
277
331
386
2549
330
396
265
1996
138394
436
616
40248
1403
331
302
330
6329
331
91666
5513
18
6755
16
352
330
5513
16
411
28446
304
331
91666
35
2523
16
1480
331
91666
494
1996
10037
1860
29082
331
91666
16
713
330
1414
516
11274
499
331
91666
18
2586
277
2983
13556
499
265
2688
330
341
277
1435
302
331
1175
386
330
87913
331
306
331
138290
330
18
3483
341
225
22
2421
82
506
367
55
155485
506
225
21
18
2586
2983
351
4455
1242
55
30
4455
73555
97
344
22
2421
82
506
367
55
155485
506
225
21
13
351
340
506
398
18
1563
1310
622
16
340
33
28
16
398
33
21
1117
225
27
18
1563
1310
21
16
340
33
26
16
398
33
22
1117
225
24
16
689
1310
21
36033
225
26
18
2586
1310
21
1011
361
225
24
1091
492
16340
16
516
225
26
18
2586
1310
21
1414
516
4475
382
2608
8696
1310
21
851
674
398
33
21
35
16473
316
195488
1310
21
30
648
21
16
22
16
23
2315
399
33
23
18
4758
34763
330
4455
304
225
23
30
539
569
391
23
97
306
391
21
16
22
7342
9405
1217
18
2586
398
33
22
18
2586
340
5245
33
24
18
2209
1310
21
36033
225
26
18
2586
1310
21
1414
516
4475
1996
10037
1860
16340
382
59685
352
1310
21
16
277
4173
341
1497
35
2523
382
27872
1310
21
306
1310
622
436
41514
1091
277
1656
16340
382
25790
277
5052
341
386
297
1310
21
16
277
138394
331
386
25782
330
341
4800
304
569
969
2136
33649
1480
330
674
4354
1518
21
35
3483
4007
1265
5258
382
19477
15698
277
12634
386
277
8559
302
373
3503
25394
6
297
277
2746
2428
361
1497
352
277
6059
302
373
1104
10037
1860
3210
22547
411
361
386
373
1104
10037
1860
6
13244
304
10037
1860
302
277
4607
4173
386
436
6792
304
386
138394
35
3483
341
16
352
265
2688
138394
331
16
1682
1030
1451
10037
1860
302
277
4607
4173
436
7662
331
35
3483
341
3673
225
20
420
225
21
344
29753
331
341
265
138394
5513
680
2209
1232
4455
898
331
1011
361
277
1435
302
331
386
4455
304
399
16
700
3077
16
398
18
1563
1310
21
16
398
33
22
16
516
225
26
18
2586
840
382
25790
1850
30
1563
1450
138394
331
16
2136
10210
13
351
1435
302
10037
1860
344
1425
277
4607
4173
13
386
4455
304
399
306
436
40248
1403
302
331
35
3483
1011
361
4455
1242
55
30
4455
73555
97
225
22
2421
96
55
155485
344
29753
352
1450
330
16
1435
302
331
87913
330
341
225
22
2421
96
55
96
25171
1563
1310
21
30
330
21
2287
21
1117
225
22
66
21
33
22
16
330
22
2287
22
1117
225
22
66
22
33
24
16
2983
33
26
18
3483
14441
1310
21
5
1563
1310
22
30
330
21
1801
22
16
23
97
2287
22
1117
225
22
66
22
33
24
16
330
22
1801
22
16
23
27076
2287
22
1117
225
24
16
2983
33
28
16
689
1310
22
36033
225
24
18
2586
18048
382
1974
592
1850
277
1435
302
10037
1860
302
277
4607
4173
386
4455
304
399
306
436
50104
302
331
35
9405
954
4607
16
14441
1310
21
306
1310
22
689
18048
1310
622
382
1974
592
1850
277
1435
302
10037
1860
302
277
4607
4173
386
4455
304
399
306
436
40248
1403
302
331
16
689
539
1094
1994
331
386
436
10037
1860
35
3483
7939
225
26
352
1310
21
16
225
28
352
1310
22
382
1974
592
1850
277
1435
302
10037
1860
302
277
4607
4173
386
4455
304
399
306
436
6792
304
331
35
9405
398
382
27872
5023
4475
616
382
25790
903
341
265
8055
30
461
2136
302
265
138394
331
341
277
1435
302
10037
1860
302
277
4607
4173
386
4455
304
399
306
436
10037
1860
302
331
35
9405
4607
382
23928
277
6292
16
1310
21
16
1310
22
16
1310
23
16
1310
24
16
1310
25
16
1310
26
16
1310
27
16
1310
28
16
1310
29
16
1310
807
16
1310
740
16
1310
1068
16
1310
992
16
1310
883
616
4475
277
4607
16340
344
5421
1242
55
97
225
22
2421
82
506
367
55
96
25171
10546
1310
622
172393
18
22547
1310
622
361
53786
5180
35
16473
2292
1310
622
494
4655
1333
30
225
27
18
2209
954
19377
4607
2983
341
225
28
18
22547
903
361
387
1115
14530
20740
1480
724
1994
277
8295
138394
331
35
2209
8295
331
674
285
33
20
16
840
1603
18
22547
724
1994
386
277
138394
331
5513
341
516
33649
297
969
1902
2136
35
3483
1011
57859
277
1435
302
331
386
436
7662
330
16
700
3077
1278
398
18
1563
1310
622
16
398
33
21
16
713
2983
1011
361
225
27
18
1563
1310
21
16
398
33
22
16
2983
1011
361
225
24
16
689
1310
21
36033
225
26
18
2586
386
4007
3855
382
25790
724
1994
386
277
138394
331
5513
341
516
33649
1094
592
367
56
96
351
225
21
35
3483
5563
22551
382
19477
17208
352
1310
21
1347
277
373
57775
331
5513
6
6698
30
2983
351
340
506
398
351
225
24
16
689
1310
21
36033
225
26
18
2586
1310
21
36033
21032
302
331
5513
352
616
331
35
41729
4607
4059
331
5513
16
7859
225
26
18
2586
1310
21
36033
21032
302
331
5513
18
4720
622
36033
35969
302
331
5513
35
3483
1011
361
20208
382
25790
1310
622
494
4173
341
648
23
16
1145
16
22
16
27
65
689
9745
724
1994
10037
1860
396
1713
61226
306
851
1994
386
277
138394
331
1998
569
4354
468
2750
225
22
35
5489
2983
351
4455
1242
56
16
367
56
96
19105
22
97
285
10210
680
16473
17208
386
352
1310
622
382
2110
1008
304
17208
285
10210
13
352
331
402
367
56
96
19105
22
344
77
3077
1278
29082
331
198349
306
331
1801
1145
105323
41729
331
1801
1145
97
674
2287
21
16
713
29082
411
680
6755
29082
331
198349
2287
20
18
2586
1094
331
402
2287
19105
22
18
1283
3402
569
285
2911
352
1731
331
344
6118
19105
22
680
16473
1568
331
402
2287
19105
22
306
725
285
1375
6118
22
30
648
23
16
1145
65
285
33
21
16
648
23
16
22
65
285
33
20
16
648
23
16
27
65
285
33
20
16
648
1145
16
22
65
285
33
21
16
648
1145
16
27
65
285
33
21
16
648
22
16
27
65
285
33
20
2649
2983
352
2287
22
351
225
21
15
20
15
20
15
21
15
21
15
20
351
225
23
388
6118
23
30
648
23
16
1145
16
22
65
285
33
21
16
648
23
16
1145
16
27
65
285
33
21
16
648
23
16
22
16
27
65
285
33
20
16
648
1145
16
22
16
27
65
285
33
21
2649
2983
2287
23
351
225
21
15
21
15
20
15
21
351
225
23
388
6118
24
30
648
23
16
1145
16
22
16
27
65
285
33
21
2649
2983
351
21
388
32724
4455
351
225
23
15
23
15
21
351
225
27
18
9405
7662
225
27
5
1533
6035
539
26217
331
302
2287
21
344
6850
391
1145
4106
306
2287
20
55436
680
2586
2983
351
225
27
18
3483
14441
1310
622
382
8311
2292
1310
21
1091
492
1656
6698
30
29082
331
402
2287
460
225
22
18
5489
4455
898
331
402
367
56
96
6743
225
22
302
285
10210
680
1563
1310
21
16
17208
285
10210
13
352
2287
19105
22
1375
6118
22
30
648
21
16
22
65
285
33
21
16
648
21
16
23
65
285
33
21
16
648
22
16
23
65
285
33
21
2649
4455
351
23
388
6118
23
30
648
21
16
22
16
23
65
285
33
22
2649
4455
351
22
388
10914
351
25
18
2209
1310
21
36033
225
26
18
2586
1310
21
1414
516
4475
382
1974
592
539
29082
1094
331
302
2287
225
20
344
9915
13
689
2549
616
2287
6743
21
35
9405
4607
16
7939
225
26
352
1310
21
16
225
28
352
1310
622
382
1974
592
539
29082
1094
331
302
2287
225
21
35
5489
1310
21
30
4455
898
331
402
367
56
96
19105
22
30
539
3289
225
25
16
516
225
26
18
4720
622
30
4455
898
331
402
367
56
96
19105
22
30
539
3289
225
27
16
697
14441
1310
622
18
2586
1310
622
14441
35969
302
2287
21
1094
16
1310
21
1414
516
382
1974
592
539
29082
1094
331
302
2287
225
20
306
851
29082
331
302
2287
225
21
35
9405
1656
396
29082
2287
32
22
16
7939
225
25
352
1310
21
382
27872
1310
622
14441
373
57775
10037
1860
302
4354
225
21
6
1706
1310
21
36033
4354
21
5101
18
2586
41514
382
25790
1310
21
494
4173
341
648
21
16
22
16
23
65
689
8696
724
1994
10037
1860
396
1713
61226
1996
35
3483
1011
361
2287
21
5101
35
41729
1996
74951
277
4425
867
16
689
2287
21
436
1996
344
29753
4425
867
2287
23
16
2287
21
436
1996
680
2586
386
11413
29082
2287
21
382
23928
277
24460
16
9745
342
1196
316
25735
277
194863
30
373
669
2136
302
265
138394
341
5047
396
277
1435
302
969
10037
1860
386
4455
304
399
1304
22547
411
361
386
373
1104
10037
1860
6
13244
304
10037
1860
302
277
4607
4173
386
436
7662
6792
304
386
138394
35
3483
341
16
352
265
2688
138394
331
16
2136
10210
13
351
225
21
592
331
44914
304
399
35
3483
1011
361
19072
16
4455
898
331
351
1435
302
331
115738
304
399
18
3483
6632
1310
21
30
22
16
1310
22
30
22
344
29753
903
436
1217
50104
115738
304
225
25
733
689
1310
22
36033
225
24
18
2586
840
382
25790
1850
277
1435
302
10037
1860
302
277
4607
4173
386
4455
304
399
306
436
40248
1403
302
331
35
3483
7939
1310
21
30
26
16
1310
22
30
28
18
2586
1310
22
18048
382
1974
819
277
1435
302
10037
1860
302
277
4607
4173
386
4455
304
399
306
436
50104
302
331
35
9405
4607
382
27872
4607
22700
616
6329
1310
622
382
25790
1310
622
494
4655
1333
341
3757
225
28
689
5478
161925
396
225
27
35
16473
2292
277
1310
2363
297
277
2746
30
3578
3419
396
766
302
277
373
3761
6
1154
18
461
1310
4060
1375
5640
298
905
22708
1310
4027
203
298
3999
12578
6336
25
16
225
21
2315
225
25
13
1377
225
22
203
298
3999
12578
6336
27
16
225
25
16
225
622
16
225
28
16
225
22
16
225
23
16
225
26
2315
225
24
13
1377
225
20
203
298
3999
12578
6336
29
16
225
622
16
225
22
16
225
21
16
225
29
16
225
25
16
225
29
16
225
27
16
225
25
2315
225
22
13
1377
225
6008
203
298
3999
12578
6336
25
16
225
28
16
225
28
2315
225
21
13
1377
225
20
203
298
3999
12578
6336
21
16
225
23
16
225
27
16
225
28
2315
225
21
13
1377
225
28
203
298
3999
12578
6336
28
16
225
21
16
225
21
16
225
28
16
225
27
2315
225
22
13
1377
225
28
203
298
3999
12578
6336
23
16
225
1145
16
225
22
16
225
27
2315
225
1145
13
1377
225
27
203
298
3999
12578
6336
29
16
225
26
16
225
24
16
225
26
16
225
28
2315
225
29
13
1377
225
902
203
298
3999
12578
6336
22
16
225
25
16
225
25
16
225
21
16
225
25
2315
225
26
13
1377
225
1199
203
7203
3196
1131
436
499
277
19647
2746
6434
18
2586
539
1998
6724
386
277
4655
2911
436
4309
18
18750
386
225
27
686
302
225
622
302
1131
4728
1310
4027
344
25
16
21
31
225
27
51505
31
225
29
16
622
16
22
16
21
51505
31
225
25
16
28
16
28
31
225
21
16
23
16
27
16
28
31
225
28
16
21
16
21
16
28
16
27
31
225
29
16
26
16
24
16
26
16
28
31
225
22
16
25
16
25
16
21
16
25
13
436
225
29
1310
4027
35
41729
903
436
225
29
4728
1310
4027
9603
18
16473
1682
30
1041
21
18
648
25
16
21
65
399
33
25
2649
22
203
22
18
648
27
16
25
16
622
16
28
16
22
16
23
16
26
65
399
33
24
2649
20
203
23
18
648
29
16
622
16
22
16
21
16
29
16
25
16
29
16
27
16
25
65
399
33
22
2649
6008
203
24
18
648
25
16
28
16
28
65
399
33
21
2649
20
203
25
18
648
21
16
23
16
27
16
28
65
399
33
21
2649
28
203
26
18
648
28
16
21
16
21
16
28
16
27
65
399
33
22
2649
28
203
27
18
648
23
16
1145
16
22
16
27
65
399
33
1145
2649
27
203
28
18
648
29
16
26
16
24
16
26
16
28
65
399
33
29
2649
902
203
29
18
648
22
16
25
16
25
16
21
16
25
65
399
33
26
2649
1199
300
16763
225
29
4728
6292
18
19078
1019
16
277
6299
386
4475
4607
10413
436
30
225
21
16
22
16
23
16
24
16
25
16
26
16
28
16
29
344
28
302
1019
680
10546
905
27
172393
344
27
7248
225
28
680
6755
1310
21
499
277
6070
7120
344
21
16
22
16
23
13
14441
4607
16
1310
22
20609
22
16
23
16
23
65
399
33
25
13
14441
4607
16
1310
23
20609
21
16
22
16
23
65
399
33
27
13
14441
4607
18
5489
277
6892
1310
4027
344
1068
16
992
16
883
13
851
4475
4607
344
197328
680
2586
1094
1310
905
27
172393
382
27872
1850
4164
386
277
1310
1690
648
23
16
1145
16
22
16
27
2315
399
33
1145
341
3757
4655
304
361
225
27
1091
277
9444
16340
16
6115
954
16340
341
10591
1115
352
386
1690
18
22547
903
361
265
122221
30
461
4173
874
569
31579
2911
35
2523
16
492
4173
674
9746
2911
382
25790
277
8559
302
373
3503
25394
6
297
277
2746
30002
1094
10037
1860
386
436
516
13375
50104
689
15823
1207
1991
13917
306
69488
297
2911
2428
3866
4347
9746
10037
1860
402
1656
867
302
23864
35
2523
382
25790
277
373
19860
6
302
265
138394
341
5047
396
277
1435
302
969
10037
1860
386
4455
304
399
16
689
373
1104
10037
1860
6
2428
3867
304
10037
1860
302
277
4607
4173
386
436
7662
6792
304
386
138394
35
3483
1011
361
30
1563
265
2688
138394
331
16
2136
10210
13
351
225
21
592
331
44914
304
399
35
3483
1011
3050
2983
351
1435
302
331
115738
304
399
351
398
18
1563
1310
21
16
398
33
22
16
689
4655
225
26
18
2586
840
382
25790
1850
30
1563
1450
138394
331
16
2136
10210
13
351
1435
302
10037
1860
302
277
4607
4173
386
4455
304
399
306
436
40248
1403
302
331
35
3483
7939
1310
21
33
26
16
1310
22
33
28
344
9692
225
24
680
2586
1310
22
18048
382
27872
516
382
25790
1850
30
1563
1450
138394
331
16
2136
10210
13
351
1435
302
10037
1860
302
277
4607
4173
386
4455
304
399
306
436
50104
302
331
35
9405
4607
16
697
6632
1310
22
33
24
16
1310
27
33
28
382
27872
4607
22700
1310
22
16
689
1310
27
172393
382
23928
277
27728
4967
16
342
18294
386
277
1310
1690
648
23
16
1145
16
22
16
27
2315
399
33
1145
2428
569
961
9444
304
361
648
23
16
1145
16
22
16
27
2315
399
33
1145
16
689
277
4655
3271
225
27
341
265
20511
18
2952
16
396
265
52992
16
539
1998
6496
265
1154
386
19553
616
6292
18
2586
539
1008
304
7745
686
265
1528
304
1265
277
1154
758
225
27
352
386
3018
2740
1706
2188
19210
277
4309
2911
352
616
852
15028
18
3483
10334
386
277
9444
11236
2428
361
2761
1625
386
22699
225
27
352
386
1690
689
851
22699
277
3575
382
19477
2050
304
32012
277
4309
11236
498
13623
161094
499
616
1310
4027
18
1283
569
1451
1310
4027
402
4655
19237
18
1283
530
5842
304
17208
277
3032
1347
954
4607
10413
352
616
1310
4027
306
1565
592
839
112961
18
1283
3402
1645
352
1451
18
10546
648
23
16
1145
16
22
16
27
2315
399
33
1145
178967
382
25790
903
341
265
30495
4550
30
461
4173
2911
436
4898
16
689
8696
724
1994
10037
1860
304
361
1713
61226
306
851
1994
386
277
138394
331
5513
341
516
33649
297
969
2136
1094
592
331
341
302
4354
225
21
35
3483
1011
3050
352
1310
21
30
2983
351
340
506
344
5686
302
330
402
367
55
105862
21
15309
16473
17208
30
1563
1310
21
16
330
302
2287
21
30
391
23
97
2649
225
22
2421
22
14883
24
16
330
302
2287
22
30
391
21
16
22
97
2649
225
22
2421
21
14883
22
16
340
33
26
18
1437
539
57859
277
13556
499
2287
21
50104
344
77
3077
1278
57859
225
22
2421
82
17
21
97
352
1450
2287
21
330
733
1232
2983
351
225
26
506
225
24
351
225
22
16
516
225
26
18
1437
539
57859
1094
277
1682
302
331
386
436
7662
330
306
569
367
55
105862
21
35
3483
1011
361
398
6014
21
33
21
16
713
2983
351
225
26
17
21
33
25
16
516
225
26
18
2586
516
382
25790
724
57859
277
13556
499
277
8295
138394
331
35
3483
341
225
20
382
1974
592
724
1994
386
277
138394
331
1998
361
302
4354
468
2750
225
22
304
361
4800
35
3483
7939
1310
21
33
25
16
1310
622
33
27
18
2586
1310
622
14441
16
1310
21
4007
382
1974
592
724
1994
386
277
138394
331
1998
361
302
4354
468
1210
2761
35
2523
382
25790
277
4173
23864
5002
352
277
8559
302
373
3503
25394
6
297
277
2136
1682
35
22547
411
361
386
890
27946
10037
1860
302
331
386
4455
304
399
16
724
1994
1094
1731
10037
1860
386
436
72075
2223
331
35
3483
341
16
10037
1860
302
331
344
8781
5513
341
265
138394
302
27166
13
689
724
2428
2485
386
277
138394
341
265
72075
138394
302
331
35
461
1875
373
3503
25394
6
297
277
3522
302
373
1104
10037
1860
6
2428
2188
2676
138394
344
1876
13375
72075
13
302
331
18
2209
592
724
2993
613
181357
16
1232
285
10210
13
1011
361
277
1435
302
72075
989
80221
302
331
386
4455
304
399
18
5489
2983
1011
361
4455
898
616
331
344
3503
34763
302
27166
13
302
1435
302
72075
989
80221
302
331
386
4455
304
399
18
3483
341
265
1497
2746
18
16473
1310
492
16340
366
277
2688
7120
382
54641
30
1563
1450
22517
331
344
299
265
867
302
23864
16
689
539
1008
304
1994
1991
35
7517
27166
341
387
4173
16
10037
1860
21374
1991
689
396
265
867
16
1991
4007
5002
352
4455
16
689
352
613
181357
16
1991
13917
1480
277
5015
569
10690
18
2952
16
592
331
341
265
867
302
23864
16
411
4007
569
387
31798
1991
9082
539
1994
277
4607
1991
18
36443
16
265
138394
341
5047
498
19408
23864
297
5796
1991
16
713
277
8800
6917
674
277
1656
1991
396
4607
18
2586
331
396
265
138394
341
265
6917
344
35370
680
5489
373
1104
10037
1860
6
1011
361
10037
1860
302
386
6917
16
697
436
851
15823
402
23864
499
331
297
5796
1991
18
19078
1731
16
592
539
2485
613
181357
16
539
1011
361
11532
72075
989
80221
302
331
344
77
3077
1278
22302
302
23864
386
436
1804
297
331
306
27399
297
277
4607
4173
35
41729
72075
138394
302
331
2767
265
867
302
27399
23864
297
277
4607
4173
386
436
616
1831
297
331
18
2586
1850
265
202468
302
27166
386
341
7095
12359
297
331
18
2586
352
265
2688
331
344
69
867
302
23864
733
539
1994
616
989
80221
302
27166
7305
3591
867
341
265
22517
302
331
306
341
72075
344
77
3077
1278
23864
700
568
78
402
616
23864
297
331
680
5489
285
10210
13
351
1435
302
1175
989
80221
386
4455
304
399
18
5489
2983
351
4455
898
616
331
302
285
10210
680
957
341
265
1497
97102
2168
382
19477
1310
492
366
277
2688
7120
382
2110
1008
304
17208
352
1450
1310
1690
277
4455
898
616
50104
331
302
27166
302
277
1435
302
72075
989
80221
302
27166
386
436
12359
297
331
306
4455
304
399
18
957
5563
4110
689
8696
411
14441
382
2608
1714
46826
5731
16
6035
386
297
277
4607
16340
16
277
3032
352
1310
622
1011
361
225
28
16
689
4655
225
27
18
461
5052
341
225
21
18
3483
1387
361
2920
304
277
1689
386
890
331
341
7662
277
867
391
1145
2547
411
2428
361
386
277
72075
989
80221
302
331
386
4455
304
399
436
4800
35
1563
331
1801
1145
2547
277
1094
72075
202468
2223
331
341
648
1145
65
5513
344
29753
1850
265
3225
2479
680
3483
44914
304
225
1145
16
713
285
10210
5791
21
18
610
277
4607
16340
16
285
10210
13
851
19720
648
1145
65
396
265
138394
344
11317
5031
29140
13
302
331
16
697
341
277
1656
18
2586
840
5052
382
59685
352
331
1801
1145
2547
903
341
851
277
8295
202468
35
32468
989
80221
436
1713
61226
18
2586
285
33
21
382
27872
516
382
25790
277
9444
16340
341
386
373
1104
10037
1860
6
13244
304
10037
1860
302
277
4607
4173
386
436
7662
6792
304
331
35
3483
7939
398
18
1563
1310
622
16
398
33
21
16
516
225
27
382
23928
277
131302
16
13640
1994
277
12634
386
277
1310
1690
648
23
16
1145
16
22
16
27
2315
399
33
1145
341
3757
12762
304
361
225
28
16
689
277
1310
98571
4060
225
27
18
7517
616
852
6292
4475
277
10413
4455
1242
55
97
225
22
2421
82
506
367
55
96
2547
2964
40671
304
1761
4924
277
4309
10413
16
306
277
1310
1690
341
387
55210
18
2952
16
277
2746
6434
19986
4059
386
1310
16
306
539
1998
1717
411
18
22547
903
361
265
11336
297
922
17556
302
285
10210
13
352
910
331
35
16473
17771
14299
285
10210
13
352
1310
622
1347
277
4607
8559
689
8696
342
18391
386
10037
1860
302
331
436
4800
304
361
15823
16
306
1991
2428
5002
1175
386
1217
1497
51074
302
23864
386
8138
277
1656
867
302
2911
689
1497
1991
436
4800
9746
10037
1860
35
2209
2650
27166
674
9746
23864
16
306
539
1994
10037
1860
396
51074
302
23864
297
5796
1991
16
1450
22517
21062
304
7662
730
138394
344
1833
730
402
23864
297
5796
1991
680
2586
840
80806
382
59685
277
4173
874
569
31579
2911
306
724
1994
10037
1860
2387
366
2911
4616
936
23864
35
2209
386
1011
361
62342
382
25790
277
1154
4455
9414
12932
25394
1615
31098
341
12762
304
17208
2761
1625
30
461
4455
898
616
10037
1860
302
277
2136
302
1450
138394
16
1207
2136
341
277
1435
302
10037
1860
344
1425
277
4607
4173
13
386
436
6792
304
386
138394
306
4455
304
399
18
3483
341
16
352
1450
331
16
1682
1030
1451
3041
331
8615
396
265
138394
302
27166
344
8781
341
225
21
592
331
341
265
138394
16
689
1387
361
717
592
903
436
31579
2911
306
1656
1333
8615
468
4347
10690
35
41729
592
903
436
31579
2911
16
1497
3591
51074
1387
8138
277
1656
1333
6917
18
1563
2024
16
27166
15345
22
16
22
2315
277
138394
648
22
65
530
361
6202
498
16159
3673
1058
420
1749
225
22
16
713
903
436
225
22
10037
1860
6792
304
648
22
1807
2586
2136
10210
13
1011
361
277
1435
302
4781
304
3985
23864
304
1027
277
1656
6917
331
18
3483
341
265
717
4110
20648
18
5489
4455
898
331
302
2136
10210
13
1011
361
4455
898
616
10037
1860
344
1892
3591
13
302
2761
18
16473
9492
492
382
54641
30
1563
1450
138394
344
1892
3591
13
331
344
77
3077
1278
265
867
302
23864
297
5796
1991
733
539
1994
969
373
1988
6917
6
344
1833
2911
468
1731
23864
680
461
2136
302
386
138394
331
341
277
1435
302
10037
1860
302
27166
344
1892
3591
13
386
436
6792
304
492
1333
6917
306
4455
304
399
35
3483
5563
143072
382
71093
16
8696
277
2746
341
30
18750
27166
16
1994
616
10037
1860
344
1892
3591
680
1563
1450
1175
138394
331
16
17208
277
1435
302
10037
1860
302
27166
344
1892
3591
13
386
4455
304
399
306
436
6792
304
331
18
3483
341
15837
277
80806
302
331
396
265
138394
18
5489
4455
898
331
18
957
341
11104
304
30
1563
1450
1528
304
3985
23864
15246
265
138394
331
16
539
919
277
1435
302
4781
304
3985
23864
15246
265
138394
330
1175
386
330
25782
331
306
4455
8565
5791
79
18
2209
330
25782
331
2767
724
569
277
1656
4354
306
1656
2911
297
1656
1991
18
7517
23864
436
9746
16
330
1011
361
277
1656
396
331
592
539
1994
277
1656
867
302
23864
35
3557
7662
31
330
1387
361
265
1497
867
302
23864
386
22699
277
1656
6917
302
2911
18
1563
2024
16
27166
15345
21
16
21
2315
331
1387
361
277
138394
7435
498
23864
391
20
97
344
1988
21
680
461
1435
302
10037
1860
6792
304
648
21
65
386
4455
304
399
33
21
341
225
22
344
30535
23864
680
2586
2136
10210
13
1011
361
225
22
18
5489
4455
898
331
302
2136
10210
13
1011
361
4455
898
616
3591
10037
1860
331
302
277
1435
302
3591
10037
1860
330
386
569
277
1656
1333
6917
396
331
306
4455
304
399
18
957
341
1013
27946
15142
15278
344
56
38434
13
1207
331
306
330
436
3591
10037
1860
16
306
1333
10210
13
351
1333
8565
733
306
4455
9195
10210
1149
351
399
18
2209
2650
4455
10549
1094
366
2911
16
306
1333
10210
5791
1988
8565
733
1232
4455
10210
5791
5421
8565
5791
79
18
2586
15837
539
436
27946
15278
302
3591
10037
1860
344
56
38434
13
1175
386
277
1333
6917
302
331
25782
386
302
330
16
306
4455
10210
5791
79
18
957
530
361
34200
30
1563
1450
2731
1333
6917
344
17892
22119
302
2911
35
689
1991
13917
13
386
44914
304
399
16
1529
288
361
277
1435
302
4781
304
5857
23864
304
13534
386
1333
6917
344
77
3077
1278
277
80806
302
386
138394
297
27166
680
5489
352
1450
1175
6917
16
277
4455
898
331
302
2136
10210
13
352
331
1610
386
1333
6917
1011
361
30
1563
1450
18168
331
344
25175
3591
7706
733
2136
10210
13
341
277
80806
288
18
2586
13556
351
288
535
288
351
288
66
22
18
1533
539
4455
898
616
9746
1333
15823
386
4455
304
399
18
2586
2983
351
4455
1242
1988
6917
598
402
4455
73555
97
344
38609
25424
24758
204673
22
382
8311
16
1414
492
4475
277
1310
4027
35
16473
1310
402
4081
4027
382
3506
21
30
27166
15345
21
16
22
16
23
2315
399
33
23
18
3914
616
10037
1860
344
1892
3591
13
306
725
1333
15823
1375
17
6252
30
1333
6252
4455
20
16
516
399
388
17
648
21
10925
648
21
65
4455
21
203
17
648
22
10925
648
22
65
4455
22
203
17
648
23
10925
648
23
65
4455
23
203
17
648
21
16
22
10925
648
21
16
22
65
4455
23
203
17
648
21
16
23
10925
648
21
16
23
65
4455
24
203
17
648
22
16
23
10925
648
22
16
23
65
4455
25
203
17
648
21
16
22
16
23
10925
648
21
16
22
16
23
65
4455
26
300
8311
16
352
1450
1333
6917
386
44914
304
399
33
23
16
539
569
15823
30
648
23
65
306
648
21
16
22
1807
10768
64323
1106
30
1041
17
648
23
10925
8615
1094
3984
344
2640
22
680
2586
288
33
21
1117
13556
225
21
388
17
648
21
16
22
10925
8615
1094
3984
344
63721
20
16
21
680
2586
288
33
21
1117
13556
225
21
388
10914
351
225
22
18
2209
4655
225
26
18
2586
516
4475
382
27872
516
382
25790
1850
30
1563
1450
138394
331
344
1892
3591
733
2136
10210
13
351
1435
302
10037
1860
302
27166
344
1892
3591
13
386
4455
304
399
306
436
40248
1403
302
331
35
3483
1011
361
4455
898
331
302
1435
302
330
28370
234
331
402
4455
8565
5791
79
18
3483
25782
4455
1242
55
30
4455
73555
97
1435
302
331
87913
330
351
4455
1242
55
97
225
22
2421
96
55
96
7342
3483
7939
1310
21
33
26
16
1310
22
33
28
18
2586
1310
22
18048
382
27872
516
382
23928
277
15924
16
9745
342
1196
316
195488
277
2746
297
4249
302
16253
5442
18
461
4455
898
331
302
285
10210
13
351
4455
1242
56
97
4455
1242
55
87913
331
16
4455
8565
5791
79
97
225
21
351
4455
1242
55
30
4455
73555
97
225
22
2421
82
506
367
55
96
7342
3483
341
265
4355
10413
382
8311
16
3097
1011
1310
622
3050
225
27
35
16473
17208
1347
492
10413
689
8696
539
1008
304
1994
386
10037
1860
436
5047
396
1713
61226
35
3483
11413
2312
1480
330
341
1713
61226
344
79
34
20
680
2586
2188
225
28
382
25790
903
341
387
4728
4550
30
461
138394
331
1998
361
302
4354
468
2750
225
22
35
5489
2983
351
4455
1242
55
97
344
22
2421
82
506
367
55
155485
506
225
21
211667
55
105862
21
97
19767
41729
592
539
29082
331
402
367
56
99219
22
16
1232
352
330
386
436
2287
21
16
277
40248
1403
331
402
367
56
96
19105
22
436
225
22
2421
82
17
21
97
506
225
21
16
1706
352
367
55
96
19105
22
16
616
40248
1403
569
367
56
96
19105
22
16
713
1682
351
225
22
2421
82
100611
55
96
7342
2586
2983
351
4455
1242
55
16
367
55
96
19105
22
97
225
22
2421
82
100611
55
155485
692
4455
1242
55
16
367
55
105862
21
97
344
22
2421
82
17
21
97
506
225
21
680
1563
1310
622
30
330
2287
21
1094
730
16
713
13556
351
344
22
2421
23
97
506
21
5791
27
16
306
840
330
2287
19105
22
16
713
2983
33
27
18
1563
1310
21
30
330
2287
21
30
730
344
23
13
28446
344
22
2421
22
13468
21
5791
23
16
330
2287
22
30
730
344
21
16
22
13
28446
225
22
2421
21
14883
22
16
2983
33
25
18
2209
1310
21
36033
225
26
18
2586
1310
21
1011
361
225
25
1091
492
6698
16
516
225
26
18
2586
516
382
1974
592
539
29082
331
302
2287
225
20
306
2287
225
21
35
9405
277
1656
396
2946
18
2586
1310
21
18048
382
1974
592
539
29082
1094
331
302
2287
225
20
35
9405
4607
16
6632
1310
21
33
26
16
1310
622
33
28
382
27872
1310
622
10334
35969
302
2287
21
16
1310
21
10334
21032
302
2287
21
382
25790
903
341
265
3364
1690
890
399
341
6792
304
730
302
277
5015
35
610
1310
622
16
399
33
1145
25782
387
2479
344
1145
680
610
1310
21
16
399
33
23
25782
387
2479
344
23
680
11243
569
330
302
2287
21
18
2586
386
4007
41658
382
44125
277
9444
16340
341
386
277
2136
302
265
138394
331
341
277
1435
302
969
10037
1860
386
4455
304
399
16
689
373
1104
10037
1860
6
2428
3867
304
10037
1860
302
277
4607
4173
386
436
7662
331
35
3483
1011
361
30
1563
265
2688
331
16
1682
1030
1451
10037
1860
302
27166
344
1892
3591
13
436
6792
304
331
306
4455
304
399
18
7517
331
5513
341
730
1175
138394
344
359
4455
10210
5791
79
733
1232
2136
10210
13
351
225
21
592
4455
10210
5791
79
1625
225
20
18
5489
4455
898
331
302
2136
10210
13
351
1435
302
331
402
4455
73555
351
398
18
1563
1310
21
16
398
33
22
16
516
225
26
18
2586
840
382
25790
1850
30
1563
1450
138394
331
16
2136
10210
13
351
1435
302
10037
1860
302
27166
344
1892
3591
13
386
4455
304
399
306
436
10037
1860
302
331
35
9405
954
4607
18
2586
7898
1132
382
23928
277
845
16
9745
277
1310
1690
341
14233
4309
306
954
4607
10413
341
6078
1480
539
18391
386
10037
1860
331
436
516
1060
50104
689
15823
16
306
373
1104
10037
1860
6
2428
361
5047
396
10037
1860
302
277
4607
4173
386
436
6792
304
331
35
3483
4746
4475
382
20822
16
8696
277
18017
373
1833
1435
302
969
10037
1860
386
4455
304
399
6
2767
30
1563
265
2688
138394
331
16
1994
616
10037
1860
302
277
4607
4173
386
436
6792
304
331
35
2523
382
19477
2050
304
1761
302
265
3162
97102
9682
30
14610
1242
56
87913
648
82
25442
344
5686
302
50104
302
331
115738
304
399
13
351
4455
1242
55
87913
648
82
2315
4455
8565
5791
79
97
225
22
2421
82
506
367
55
96
7342
9405
1065
539
569
382
8311
16
1387
903
361
387
8081
16340
30
461
2136
302
265
138394
331
341
277
1435
302
10037
1860
344
1425
277
4607
4173
13
386
436
6792
304
331
306
4455
304
399
35
3483
7939
398
18
2209
398
352
1310
21
341
225
22
16
516
225
26
382
1974
592
1850
30
461
2136
302
265
138394
331
341
277
1435
302
10037
1860
344
1425
277
4607
4173
13
386
436
40248
1403
302
331
306
4455
304
399
35
3483
7939
4455
1242
55
97
225
22
2421
96
55
96
7342
1563
1310
21
16
4924
225
26
18
1563
1310
22
16
4924
225
28
18
2586
1310
22
18048
382
1974
592
1850
30
461
2136
302
265
138394
331
341
277
1435
302
10037
1860
344
1425
277
4607
4173
13
386
436
50104
302
331
306
4455
304
399
35
9405
954
4607
382
27872
4607
341
277
1094
730
386
14441
1310
22
18
7517
1310
22
341
766
302
277
6070
7120
306
4655
225
24
16
954
4607
14441
386
18
2586
277
9444
11236
1998
4475
1310
22
18
8111
16
277
56793
297
1310
622
1998
361
2920
304
387
2615
297
922
17556
302
285
10210
13
352
910
331
16
420
8696
342
5478
1965
171382
1310
622
494
4655
1333
35
16473
4638
18400
277
1310
1568
297
277
2746
6434
18
887
4060
1375
5640
298
905
22708
1310
4027
203
298
3999
12578
6336
25
16
225
21
2315
225
25
13
1377
225
22
203
298
3999
12578
6336
27
16
225
25
16
225
622
16
225
28
16
225
22
16
225
23
16
225
26
2315
225
24
13
1377
225
20
203
298
3999
12578
6336
29
16
225
622
16
225
22
16
225
21
16
225
29
16
225
25
16
225
29
16
225
27
16
225
25
2315
225
22
13
1377
225
6008
203
298
3999
12578
6336
25
16
225
28
16
225
28
2315
225
21
13
1377
225
20
203
298
3999
12578
6336
21
16
225
23
16
225
27
16
225
28
2315
225
21
13
1377
225
28
203
298
3999
12578
6336
28
16
225
21
16
225
21
16
225
28
16
225
27
2315
225
22
13
1377
225
28
203
298
3999
12578
6336
23
16
225
1145
16
225
22
16
225
27
2315
225
1145
13
1377
225
27
203
298
3999
12578
6336
29
16
225
26
16
225
24
16
225
26
16
225
28
2315
225
29
13
1377
225
902
203
298
3999
12578
6336
22
16
225
25
16
225
25
16
225
21
16
225
25
2315
225
26
13
1377
225
1199
203
7203
3196
1131
436
499
277
1756
18
22547
411
361
386
277
4173
648
23
16
1145
16
22
16
27
65
341
3757
648
23
16
225
21
16
225
27
16
225
29
65
420
2761
35
2523
382
25790
277
4655
1333
225
27
341
4309
1091
277
4607
10413
592
539
1994
386
10037
1860
436
5047
396
1713
61226
306
851
539
1994
386
277
8295
138394
341
516
33649
297
277
4455
898
331
35
2209
8295
331
28446
225
20
17833
382
19477
17208
1347
277
10413
4455
1242
55
97
225
22
2421
82
506
367
55
155485
352
648
23
16
1145
16
22
16
27
2315
399
33
1145
18
1283
3289
225
28
18
22547
903
361
265
22517
330
386
44914
304
225
1145
386
539
18391
35
16473
1568
616
50104
1754
16
8696
903
341
265
22517
386
4059
1804
225
23
306
225
992
35
2523
225
992
18
225
22
15
27
15
28
35
2523
225
28
18
225
23
15
22
15
27
212181
1008
225
25
16
840
18
225
23
15
27
15
106847
622
16
1008
225
27
16
689
225
27
3402
1161
35
22547
361
391
23
16
27
16
27
105323
10546
730
225
27
18
2586
840
382
1974
819
277
22517
391
1145
198643
97
225
1145
212181
351
1145
1117
55425
20
516
1831
18
2586
1094
391
1145
35957
27872
398
33
21
382
27872
340
33
28
382
4892
3097
1011
277
3032
361
225
27
35
22547
903
361
387
1115
14530
20740
1480
724
1994
10037
1860
331
304
361
302
4354
468
2750
225
21
16
306
851
1994
386
277
8295
138394
331
341
516
33649
16
689
851
8696
724
1994
386
277
138394
331
5513
341
516
33649
297
969
2136
35
3483
1011
57859
398
16
7859
225
27
18
2209
386
1011
851
3910
1310
21
30
1310
21
1011
3456
225
24
16
516
225
26
18
2586
9082
1310
21
494
4655
1333
341
851
225
24
689
1850
9603
396
225
26
16
386
1011
361
41514
18
2209
8696
1310
21
494
4655
1333
341
225
26
16
689
592
539
5646
277
373
57775
331
5513
6
6698
16
1310
21
1011
361
225
24
16
697
341
516
225
26
18
2586
1310
21
1011
4759
18
8111
16
277
6698
4273
361
373
57775
331
5513
6
352
616
382
25790
277
6698
341
30
126025
331
5513
1094
592
331
341
265
83703
35
3483
341
16
592
331
674
4354
225
21
16
1232
969
2136
1414
516
1682
5513
344
29753
969
1094
138394
386
44914
304
399
341
5513
16
689
724
2428
516
1682
411
680
3483
1011
57859
398
6014
21
18
1563
1310
21
16
398
6014
21
33
21
16
340
33
26
16
713
2983
33
25
16
516
225
26
18
1563
1310
622
16
398
6014
21
33
21
16
340
33
28
16
2983
33
27
18
3483
1011
3050
1310
622
33
27
16
1310
21
33
25
344
956
4655
225
26
680
2586
1310
21
2188
1115
498
225
21
382
1974
592
724
851
2549
277
8295
138394
331
35
3483
4007
2312
382
1974
592
724
29082
331
5513
352
616
331
6329
890
367
56
105862
20
35
3483
1011
57859
398
16
7859
1310
21
33
24
16
1310
622
33
27
18
2523
382
1974
592
724
29082
331
5513
1094
890
367
56
96
341
11700
35
3557
382
23928
277
4619
16
1310
622
36033
340
5245
16
1310
21
36033
340
18
2586
8696
903
341
265
4550
386
890
399
25782
265
3225
2479
344
77
3077
1278
903
8654
265
22517
330
302
2287
225
21
386
44914
304
399
733
1232
277
13556
499
331
91666
341
516
33649
35
3483
1011
1265
5258
30
1437
903
341
265
83703
330
386
44914
304
399
16
1232
890
539
1994
331
91666
16
277
2136
302
331
1011
361
225
21
344
29753
277
1094
138394
302
331
115738
304
399
341
331
5513
680
2209
8696
724
8483
386
265
138394
1998
569
4354
468
2750
225
22
304
361
4800
265
373
3503
25394
26471
3483
1011
29082
331
91666
499
277
4455
898
331
344
29753
331
91666
341
302
4354
225
21
680
5489
2983
351
340
506
398
344
29753
539
29082
616
331
386
436
7662
330
35
41729
592
539
29082
616
331
402
367
56
105862
21
499
277
4455
898
331
16
1232
352
1450
330
302
2287
21
16
539
9823
277
13556
499
331
91666
16
697
341
225
21
18
2209
851
352
330
302
6892
2287
16
331
91666
674
2287
34
21
16
713
411
1011
361
5101
592
539
1094
29082
2287
21
331
18
5489
2983
351
340
506
344
5686
302
330
402
367
55
105862
21
680
1563
1310
21
16
398
6014
21
33
21
16
340
33
26
1117
2983
33
25
16
516
225
26
18
1563
1310
622
16
398
6014
21
33
21
16
340
33
28
1117
2983
33
27
18
2586
1310
21
18048
382
2558
539
29082
616
331
402
367
56
105862
21
16
1310
21
7883
225
25
16
516
225
26
382
1974
592
539
29082
616
331
402
367
56
105862
21
1094
890
386
83703
44914
304
399
35
9405
1656
396
2946
382
27872
516
382
25790
277
5052
341
386
297
1310
21
16
903
436
1217
330
30
730
2287
21
306
730
2287
22
18
610
1310
622
16
1094
730
330
2287
21
18
2586
9745
277
6698
341
30
126025
331
91666
352
330
302
2287
21
16
689
2549
331
91666
352
330
302
2287
34
21
18
5489
2983
351
340
506
398
6014
21
18
1563
1310
21
16
398
6014
21
33
21
1117
225
25
31
1310
622
16
398
6014
21
33
21
1117
225
27
18
2586
1310
21
1011
361
225
25
16
689
4655
225
26
18
2586
516
382
1974
592
277
6698
341
30
126025
331
91666
352
330
302
2287
34
21
16
689
2549
352
2287
21
18
5489
2983
351
340
506
398
6014
22
18
1563
1310
21
16
398
6014
22
33
21
1117
225
25
31
1310
622
16
398
6014
22
33
20
1117
225
28
18
2586
1310
622
1011
361
225
28
16
516
225
27
18
2586
840
382
27872
840
3225
6698
83984
1310
21
306
1310
622
382
25790
1310
21
494
4655
1333
341
3757
225
25
35
2209
1850
2688
396
225
26
18
22547
903
361
265
20511
297
277
1310
35
461
2746
6434
2428
569
961
88354
53786
18
7517
492
341
265
17673
9010
16
2781
277
6292
436
4309
18
2209
396
387
8202
16
342
1998
6496
265
4377
386
19553
616
2688
6292
18
1437
342
3138
277
4607
10413
16
277
1310
642
4759
366
648
23
16
1145
16
22
16
27
2315
399
33
1145
18
2586
342
1008
304
6313
922
7878
304
758
225
27
352
386
3018
2740
1706
10868
616
3575
4309
18
3483
10334
386
8696
277
9444
3032
352
386
1310
341
14233
225
27
16
306
922
17556
302
225
28
341
6078
1480
302
910
122221
819
10037
1860
30
9745
724
1994
10037
1860
304
361
1713
61226
306
851
1994
386
277
138394
331
5513
341
516
33649
297
969
2136
592
331
341
302
4354
225
21
35
2209
386
7939
225
25
352
1310
21
16
516
225
26
382
20822
16
8696
342
222712
92103
277
2983
352
1310
21
1347
277
4607
10413
35
16473
17771
14299
1310
21
20488
1347
277
2109
89923
302
285
10210
13
304
4802
539
4746
1265
387
2615
386
1011
3050
225
26
18
1283
1645
7977
306
3289
225
26
18
16473
4638
18400
402
2484
1557
30
4455
1242
56
97
285
10210
13
351
4455
1242
55
4455
73555
97
225
22
2421
82
100611
55
96
7342
1563
1310
21
16
307
33
23
16
330
1801
23
97
2287
21
1117
225
22
2421
22
14883
24
16
330
1801
21
16
22
97
2287
22
1117
225
22
2421
21
14883
22
16
2983
33
26
18
2586
592
277
2109
4455
7939
225
26
16
1232
1850
10358
382
8311
16
352
1310
622
16
1347
277
1656
10413
16
539
3289
225
28
18
2209
8696
277
2109
4455
1196
361
225
27
18
16473
17771
14299
2109
4455
352
1310
622
717
14316
16
8696
342
39113
55518
910
285
10210
680
16473
4602
265
4374
7498
1736
35
2209
539
530
2050
304
1565
592
839
331
1196
569
285
10210
5791
20
4993
302
225
21
18
8548
331
569
285
10210
5791
21
35
15040
386
3451
225
1145
306
840
852
22517
44914
304
225
1145
18
1283
23069
616
1731
331
569
285
10210
5791
21
1480
724
3451
391
1145
7342
2209
1387
411
361
386
352
910
331
16
277
22517
391
1145
97
341
516
4800
265
138394
302
331
35
1437
331
341
265
138394
302
277
4607
4173
16
306
539
1994
10037
1860
302
331
16
724
1998
361
10037
1860
302
277
4607
4173
396
1357
16
6115
724
1998
21374
1991
18
7517
331
341
265
138394
344
1892
3591
733
969
10037
1860
436
851
10037
1860
344
1892
3591
13
302
277
4607
4173
16
396
1423
396
539
3985
23864
386
436
297
5796
1991
306
9841
304
331
18
1563
331
351
391
23
16
1145
2547
277
23864
436
225
20
306
225
21
18
340
138394
302
331
1387
361
391
1145
97
344
2640
21
680
9405
4080
18
2586
285
33
21
382
2608
1065
819
331
351
391
1145
97
5513
35
10262
10037
1860
30
1094
5513
344
2640
21
680
9405
4080
382
4892
616
5084
4080
382
25790
277
8559
302
373
3503
25394
6
297
277
2746
2428
361
373
11317
61226
72075
138394
6
890
23946
304
331
494
10037
1860
35
1437
539
2485
613
181357
352
277
10037
1860
302
331
16
1232
352
331
386
341
516
72075
297
277
4607
4173
16
969
10037
1860
2428
361
19635
304
1731
386
436
72075
2223
331
35
2209
331
5513
341
265
867
302
23864
386
874
516
361
72075
18
1563
2024
16
331
351
391
23
16
1145
97
344
63721
225
20
306
225
21
13
341
72075
1480
23864
225
20
306
225
21
436
27399
18
2586
969
10037
1860
386
436
72075
2223
331
1011
361
30
648
23
2315
648
1145
2315
648
23
16
1145
1807
2536
436
72075
297
277
5258
386
277
23864
436
27399
35
41729
648
23
16
1145
65
341
72075
344
63721
225
20
17
21
680
2586
285
1011
2188
1682
648
1145
65
592
411
44914
304
399
18
2586
2188
225
21
382
1974
819
331
351
391
23
16
22
16
27
97
344
63721
225
20
16
22
16
23
680
957
331
341
516
72075
1480
23864
225
20
16
22
16
23
569
265
8476
468
225
21
18
10262
72075
989
80221
344
299
265
6917
13
1011
361
30
11532
277
1991
302
23864
16
277
6917
341
648
23
16
22
16
27
65
344
29753
23864
5796
680
2716
29140
989
80221
302
492
6917
344
264
4249
302
10690
297
277
6917
13
436
30
648
23
2315
648
22
2315
648
27
2315
648
23
16
22
2315
648
22
16
27
2315
648
23
16
22
16
27
1807
2536
1131
436
10037
1860
302
331
297
277
5258
302
1610
50104
302
23864
35
648
23
16
22
65
5119
23864
225
20
306
225
22
16
697
436
516
27399
297
277
4607
4173
689
436
27399
297
277
6917
331
18
461
2746
494
8559
302
373
3503
25394
302
331
6
2428
361
839
7706
302
5015
499
331
38633
1991
16
516
13375
72075
297
277
4607
4173
18
2586
411
4059
648
23
16
22
1807
2586
4924
6772
382
2558
539
2993
613
181357
297
277
4607
4173
16
1232
352
331
1801
23
16
22
16
27
2547
277
1094
72075
989
80221
302
27166
386
436
7095
12359
297
331
1011
361
1731
7305
23864
436
27399
306
616
297
331
18
461
27399
3591
15278
30
344
20
16
21
2738
648
23
16
1145
65
689
225
21
516
297
331
31
344
21
16
22
2738
648
1145
16
22
65
689
225
21
516
297
331
31
344
22
16
23
2738
648
22
16
27
65
1804
297
331
16
713
648
22
16
27
65
341
72075
306
12359
297
331
18
6755
3225
5015
30
648
23
65
344
2640
20
733
648
22
65
344
2640
22
733
648
27
65
344
2640
23
13
436
72075
989
80221
302
27166
306
436
50104
302
331
18
2586
277
867
302
72075
989
80221
302
27166
386
436
50104
302
331
341
30
648
23
2315
648
22
2315
648
27
2315
648
22
16
27
1807
6755
8696
648
23
16
22
65
341
516
72075
1480
23864
225
20
306
225
22
436
516
16556
18
2586
1091
492
16340
16
285
10210
13
1011
361
277
1435
302
72075
989
80221
302
27166
344
77
3077
1278
22302
13
386
436
50104
302
331
306
4455
304
399
382
8311
16
13640
17208
285
10210
13
1091
492
16340
352
1310
622
306
1565
592
277
2983
4455
7883
225
27
382
2110
1008
304
8483
30
1563
1450
22517
331
344
1425
23864
13
302
27166
16
1994
616
72075
989
80221
344
77
3077
1278
22302
648
80
34398
65
1175
386
616
23864
297
648
80
34398
65
436
297
331
680
4716
1030
1451
302
1131
22302
569
4455
351
399
18
5489
4455
898
616
331
382
1905
341
265
1497
2746
382
19477
1310
492
366
1310
21
304
1565
592
411
14441
225
26
382
3506
21
30
27166
15345
21
16
22
16
23
1807
27969
1008
304
1994
616
50104
331
302
23864
391
20
16
21
16
22
7342
1563
1450
331
16
1682
1435
302
22302
344
215084
989
80221
13
7305
3591
867
341
265
22517
302
331
306
4455
304
399
33
23
18
5489
4455
898
331
382
61792
17208
20488
382
7974
16
1568
616
50104
331
344
902
680
2209
539
530
17208
2983
1347
910
97102
26565
35
2209
13640
88934
20488
382
54641
22302
344
215084
989
80221
13
302
27166
638
17
648
20
16
20
10925
4455
21
203
17
648
20
16
21
10925
4455
23
203
17
648
20
16
22
10925
4455
26
203
17
648
21
16
21
10925
4455
22
203
17
648
21
16
22
10925
4455
25
203
17
648
22
16
22
10925
4455
23
300
4892
22302
386
4455
304
225
23
30
648
20
16
21
65
344
63721
391
20
16
21
4106
306
648
22
16
22
65
344
2640
391
22
25171
2586
903
436
1217
22302
402
4455
33
23
382
8311
16
352
265
2688
331
16
387
12601
342
341
33649
592
342
87913
331
344
77
3077
1278
616
23864
302
342
436
297
331
680
2586
2983
4455
898
331
302
285
10210
13
351
4455
1242
45
30
4455
16658
5791
79
97
344
5686
302
331
1175
386
342
87913
331
680
1563
1450
12601
342
16
277
1435
302
331
386
3451
342
341
225
22
2421
82
506
367
45
155485
344
29753
852
23864
530
361
11339
27037
680
2586
2983
351
4455
1242
45
30
4455
16658
5791
79
97
225
22
2421
82
506
367
45
96
35957
8311
17208
352
1310
21
30
307
33
23
18
227997
402
4455
33
23
638
45
21
30
391
20
16
21
97
2287
22
1117
13556
225
22
2421
23
17
22
14883
22
66
21
33
22
388
45
22
30
391
22
97
2287
21
1117
13556
225
22
2421
23
17
21
14883
22
66
22
33
24
388
10914
351
225
26
18
3483
14441
1310
21
5
8946
382
8311
1310
22
30
27166
15345
22
16
23
16
23
2315
399
33
25
18
16473
17208
22302
386
4455
304
225
25
382
7974
16
1568
616
22302
344
215084
989
80221
13
306
725
44914
1375
58029
30
225
20
30
22
16
21
30
23
16
22
30
23
382
170302
638
17
648
20
16
20
10925
4455
22
203
17
648
20
16
21
10925
4455
25
203
17
648
20
16
22
10925
4455
28
203
17
648
21
16
21
10925
4455
23
203
17
648
21
16
22
10925
4455
26
203
17
648
22
16
22
10925
4455
23
300
4892
22302
402
4455
33
25
30
1094
648
20
16
21
65
344
63721
391
20
16
21
4106
2287
22
1117
13556
351
225
22
2421
23
17
22
14883
22
66
21
33
22
382
10914
351
225
22
18
2209
1310
22
36033
225
24
18
2586
492
16340
18048
1310
22
382
27872
516
382
1974
592
22302
436
516
13375
72075
35
3483
1011
361
50104
16
697
341
954
4607
382
27872
4607
16340
14927
382
23928
277
15924
16
8696
342
1196
316
18400
277
1310
1690
648
23
16
1145
16
22
16
27
2315
399
33
1145
18
22547
411
361
386
277
4173
341
3757
648
23
16
225
21
16
225
27
16
225
29
128410
2209
1850
5448
396
648
23
16
225
1145
16
225
22
16
225
27
1807
22547
903
361
265
236759
2920
304
36915
35
18789
225
1145
2428
361
265
103364
352
225
21
306
225
27
35
2209
1850
5448
396
225
1145
18
461
1568
4059
225
27
3735
18
2586
1850
225
1145
382
25790
277
4655
3271
225
27
341
4309
1480
724
1994
10037
1860
304
361
1713
61226
306
851
1994
386
277
138394
331
5513
341
516
33649
592
411
341
302
4354
225
21
35
2209
386
7939
1310
21
33
25
16
516
225
26
18
2952
16
8696
1310
21
494
4655
1333
341
3757
225
25
35
2209
1850
2688
396
225
26
18
22547
277
1310
361
6078
35
99008
16
689
539
1998
1384
277
2746
382
23928
277
845
16981
16
9745
277
71070
341
304
3138
277
4607
10413
344
5421
1242
55
97
225
22
2421
82
506
367
55
96
4106
1480
411
19553
616
852
6292
16
306
10987
386
277
1310
1690
648
23
16
1145
16
22
16
27
2315
399
33
1145
341
265
20511
420
386
922
17556
302
225
28
341
6078
2920
304
910
122221
1013
68437
35
2209
277
3032
341
2164
16
840
68437
4494
382
19477
13561
1310
622
1347
277
4607
10413
402
2363
7498
35
1283
3402
1645
2109
4455
306
3289
225
28
18
22547
903
361
387
1115
14530
20740
1480
724
1994
10037
1860
304
361
1713
61226
306
851
29082
277
8295
138394
499
277
1682
302
331
35
3483
4007
2312
1480
8295
331
28446
225
20
18
2586
2188
225
28
382
25790
724
1994
386
10037
1860
1998
569
4354
468
2750
225
22
35
5489
2983
351
225
27
16
697
14441
1310
622
18
1563
1310
21
16
592
539
29082
4354
21
331
16
2983
351
225
25
16
689
1310
21
36033
225
26
18
2952
16
8696
1310
21
494
4173
648
21
16
22
16
23
65
674
4354
225
23
16
306
724
1994
10037
1860
304
361
302
4354
468
2750
225
21
35
9405
4607
18
2586
516
10358
382
25790
277
6698
341
30
126025
10037
1860
331
386
436
302
4354
225
21
1094
890
399
341
6792
304
386
3225
2479
35
3483
341
16
592
903
341
265
83703
2479
6792
304
399
16
1232
539
1907
1682
386
83703
331
18
610
1310
21
16
399
33
23
25782
2479
225
23
16
713
539
1011
29082
331
1801
23
7342
5489
2983
351
4607
340
506
225
21
351
225
25
18
2209
1310
21
36033
225
26
18
2586
516
382
1974
592
539
29082
331
386
436
7662
277
83703
330
1094
890
386
330
341
277
1094
22517
386
44914
304
399
35
3483
1011
29082
297
1310
622
689
516
297
1310
21
35
610
1310
622
16
1094
330
341
83703
16
713
29082
331
1801
1145
97
1117
2983
225
27
18
610
1310
21
16
903
436
1217
330
16
713
8696
539
1907
29082
839
35
5489
2983
351
225
26
18
3483
1387
361
265
52298
6698
30
1437
903
341
717
936
730
22517
330
386
44914
304
399
16
1232
539
1682
616
331
344
15519
331
91666
352
1450
330
680
1437
903
341
7662
730
22517
330
16
1232
539
29082
331
91666
499
277
4455
18
8370
1011
386
361
35
99008
1480
890
903
341
265
4936
1528
304
8047
399
16
277
2136
302
277
138394
386
341
7662
386
4936
22517
2428
361
4800
304
361
33649
297
277
4455
898
616
10037
1860
35
3557
2897
382
19477
1310
492
6698
366
852
1310
4027
1207
903
341
7662
730
330
18
1563
1310
24
20609
25
16
21
2315
399
33
25
2738
307
33
22
18
4758
34763
330
4455
304
225
25
30
1094
391
25
97
344
6118
21
680
2586
398
33
21
16
4936
18
5489
2983
351
340
506
225
21
351
225
22
2421
22
17
21
97
506
21
351
225
22
506
21
351
21
18
2209
4655
341
225
22
18
2586
18048
382
3506
25
20609
27
16
25
16
622
16
28
16
22
16
23
16
26
2315
399
33
24
2738
6346
903
839
50104
330
4455
304
225
24
35
2523
18
5489
398
33
20
16
713
6698
1011
516
29082
839
344
29753
840
330
35
2491
8696
592
840
330
16
2983
33
20
680
44375
225
20
16
14441
382
3506
26
20609
29
16
622
16
22
16
21
16
29
16
25
16
29
16
27
16
25
2315
399
33
22
2738
330
4455
304
225
22
30
1094
391
22
97
344
6118
21
680
44502
35
8520
16
1094
730
18
5489
2983
351
340
506
225
21
351
225
22
2421
29
17
21
97
506
21
351
225
6008
506
21
351
5381
16
689
4655
225
6008
18
2586
18048
382
27872
516
382
4892
386
6698
18048
352
1310
24
306
1310
26
382
25790
277
6698
341
30
126025
331
91666
1094
890
367
55
105862
21
306
851
890
307
341
11700
35
2523
382
23928
277
133336
304
1511
265
10358
6698
386
22700
616
6292
16
342
1761
277
1210
4164
15277
341
386
277
1310
1690
648
23
16
1145
16
22
16
27
2315
399
33
1145
341
14233
12762
304
361
225
28
16
689
1850
5448
396
225
27
498
20511
18
7517
277
2746
6434
341
499
265
1756
16
903
1387
361
265
103364
18
2952
16
396
387
8202
16
342
1196
516
10987
132297
18
2209
8696
277
9444
3032
352
386
1310
341
225
27
1480
302
265
1497
16340
386
539
12831
4800
386
851
22700
616
852
6292
18
16473
2050
304
1565
592
539
530
32012
265
10413
386
22699
225
27
352
1310
622
306
225
26
352
1310
21
382
2110
1008
265
1154
416
56046
16
399
13
386
34494
1375
2500
27166
15345
21
16
22
16
23
2315
399
33
23
1117
225
26
388
2500
27166
15345
22
16
23
16
23
2315
399
33
25
1117
225
24
388
2500
27166
15345
25
16
21
2315
399
33
25
1117
225
22
388
2500
27166
15345
23
16
1145
16
22
16
27
2315
399
33
1145
1117
225
27
388
2500
27166
15345
29
16
26
16
24
16
26
16
28
2315
399
33
29
1117
225
902
388
2500
27166
15345
22
16
25
16
25
16
21
16
25
2315
399
33
26
1117
225
1199
388
1424
306
3575
382
19477
17208
1347
277
4607
10413
352
616
1131
306
1565
277
7933
1375
28354
10413
340
351
4455
1242
55
30
4455
73555
97
225
22
2421
82
506
367
55
96
35957
49541
340
352
1450
1375
21
18
648
21
16
22
16
23
2315
399
33
23
30
340
33
26
344
56126
465
22
18
648
22
16
23
16
23
2315
399
33
25
30
340
33
24
344
56126
465
23
18
648
25
16
21
2315
399
33
25
30
50104
330
4455
304
225
25
30
391
25
97
2287
21
1117
340
33
22
2421
22
17
21
14883
22
344
56126
465
24
18
648
23
16
1145
16
22
16
27
2315
399
33
1145
30
340
33
28
344
956
4655
225
27
13
2649
3000
351
506
21
203
25
18
648
29
16
26
16
24
16
26
16
28
2315
399
33
29
30
50104
330
4455
304
225
29
30
1094
391
29
97
2287
21
1117
340
33
22
2421
25
17
21
14883
902
344
56126
465
26
18
648
22
16
25
16
25
16
21
16
25
2315
399
33
26
30
539
19377
340
33
1199
344
56126
465
27
18
648
28
16
21
16
21
16
28
16
27
2315
399
33
22
30
50104
330
4455
304
225
22
30
391
21
16
21
97
2287
22
1117
340
33
22
2421
25
17
22
14883
28
344
56126
465
28
18
648
21
16
23
16
27
16
28
2315
399
33
21
30
50104
330
30
391
21
97
2287
21
1117
340
33
22
2421
24
17
21
14883
28
344
56126
465
29
18
648
27
16
25
16
622
16
28
16
22
16
23
16
26
2315
399
33
24
30
840
50104
35
41729
903
341
225
22
306
2265
225
22
15
22
35
2523
16
1094
730
225
22
16
306
225
21
516
1831
18
2586
340
33
20
344
56126
465
622
18
648
29
16
622
16
22
16
21
16
29
16
25
16
29
16
27
16
25
2315
399
33
22
30
50104
330
30
391
22
97
2287
21
1117
340
33
22
2421
29
17
21
14883
6008
344
56126
465
807
18
648
25
16
28
16
28
2315
399
33
21
30
840
50104
35
225
21
516
1831
16
713
340
33
20
344
56126
465
740
18
648
23
16
1145
16
22
16
27
65
3402
3410
388
1068
18
648
29
16
26
16
24
16
26
16
28
65
3410
388
992
18
648
22
16
25
16
25
16
21
16
25
65
3410
388
883
18
648
28
16
21
16
21
16
28
16
27
65
3410
388
902
18
648
29
16
26
16
24
16
26
16
28
65
3410
388
1145
18
648
22
16
25
16
25
16
21
16
25
65
3410
382
4892
1094
1310
622
178967
382
8311
16
1065
1387
3866
340
304
361
225
27
4993
302
225
28
35
3483
1011
2485
3673
730
302
277
50104
330
304
569
2287
1175
386
225
22
2421
82
506
367
55
155485
341
7505
498
225
21
16
420
387
4814
22517
330
302
910
2287
386
57859
87
225
21
16
4115
18
7517
340
351
4455
1242
55
97
225
22
2421
82
506
367
55
96
2547
304
771
225
27
499
225
28
16
539
1008
304
57859
225
21
499
277
4455
18
957
1387
4252
592
539
39113
672
277
2287
302
265
22517
344
77
3077
1278
2489
265
22517
302
2287
21
396
2287
22
420
2761
13
420
592
539
29082
265
2879
1875
382
23928
386
616
852
6292
4475
340
7662
16
1850
6607
4164
386
277
9444
3032
352
1310
622
341
225
28
16
689
1850
5448
396
225
27
18
22547
361
265
4081
103364
18
7517
277
2746
4060
373
5677
4222
59947
5533
213288
26238
689
539
436
304
3138
277
1154
16
306
277
6292
436
3419
396
766
302
277
2292
18
1437
539
3138
277
4309
11236
16
277
1310
642
4759
18
2952
16
9745
277
1756
36033
471
304
7925
386
277
1310
1690
2428
361
6078
35
2209
539
436
304
1717
277
6292
382
25790
277
1154
16607
306
194863
436
499
277
4607
2746
16
306
277
6292
436
766
302
277
23282
18
610
1175
17673
8013
16
277
6292
436
4663
4309
18
2209
1743
16
277
1756
7939
471
277
1154
16607
306
194863
16
306
1232
4060
373
6534
277
2165
1154
16607
306
194863
16
7095
3138
277
1154
4546
306
1717
616
277
6292
1304
2586
539
1998
1717
277
6292
396
2688
382
23928
277
4967
16
342
1761
277
71070
341
304
3138
277
4607
10413
16
306
1232
919
265
3364
1690
352
277
3018
2740
648
23
16
1145
16
22
16
27
65
402
399
33
1145
304
758
225
27
16
396
265
16474
304
1717
277
1310
18
2209
386
1011
361
56858
306
516
265
3449
4377
18
2952
16
277
2746
2428
361
31518
277
4309
4377
16
306
277
1310
2428
361
4309
16
713
539
1008
304
1511
277
4309
3449
4377
386
22699
225
27
352
386
2740
382
19477
2050
304
1565
592
903
341
839
852
16340
386
22699
225
27
352
1310
622
306
851
14441
3575
18
22977
277
8559
302
373
19860
302
265
138394
6
341
277
1435
302
969
10037
1860
386
4455
304
399
16
689
373
1104
10037
1860
6
2428
361
26335
396
10037
1860
302
277
4607
4173
386
436
6792
304
386
138394
35
3483
7939
398
16
516
340
18
2209
398
352
1310
622
341
225
21
16
516
225
27
382
25790
1850
277
1435
302
10037
1860
302
277
4607
4173
386
4455
304
399
306
436
40248
1403
302
331
35
3483
7939
340
11
351
4455
1242
55
97
225
22
2421
96
55
96
7342
1563
1310
622
16
330
2287
21
1117
225
22
66
21
33
22
16
713
340
133022
22
16
516
225
27
382
1974
819
277
1435
302
10037
1860
302
277
4607
4173
386
4455
304
399
306
436
50104
302
331
35
9405
4607
382
1974
819
277
1435
302
10037
1860
302
277
4607
4173
386
4455
304
399
306
436
40248
1403
302
331
16
689
539
1094
1994
331
386
436
10037
1860
302
4354
468
1210
2761
35
2523
382
25790
277
4455
898
331
341
516
898
616
10037
1860
16
689
898
616
1713
61226
10037
1860
35
3483
1011
29082
331
198349
344
74
33
20
13
713
840
2312
382
25790
724
1994
10037
1860
304
361
302
4354
468
2750
225
22
35
5489
1310
21
33
25
16
1310
622
33
27
16
1310
24
35
648
25
16
21
65
399
33
25
30
50104
331
302
2287
19105
22
30
1094
648
25
16
21
65
344
6118
22
680
42379
285
6336
25
16
21
57959
50104
302
331
386
4455
304
225
25
30
648
25
65
306
8696
648
25
16
21
128410
648
25
16
21
65
4455
26
16
713
1094
648
25
65
1117
285
33
21
18
2586
2983
33
21
16
689
4655
225
22
18
2586
18048
382
27872
516
382
25790
724
1994
10037
1860
304
361
302
4354
468
1210
307
17
21
35
3483
1011
29082
277
2833
4173
331
18
1563
1310
21
16
2833
4173
331
15345
21
16
22
16
23
65
285
33
22
16
713
592
29082
386
16
2983
1011
361
225
24
16
516
225
26
18
2586
840
382
27872
4607
341
277
1094
10358
730
382
23928
277
845
16
9916
10987
386
277
1310
1690
648
23
16
1145
16
22
16
27
2315
399
33
1145
341
387
2615
306
386
277
4309
3032
341
225
28
18
2952
16
277
2746
19986
4060
373
5677
4222
59947
5533
213288
1304
3483
2767
539
4273
2312
277
1310
4027
18
2209
539
436
304
3138
277
1154
304
1717
277
6292
18
1437
539
3138
277
4309
11236
16
277
1310
642
4759
18
2209
9745
277
1756
36033
471
304
3138
277
4309
11236
306
277
1310
642
1717
1480
724
569
277
4309
4655
1333
297
725
1181
35
2209
539
436
2688
277
1310
2911
1743
31
592
539
13311
2363
386
6714
225
28
16
277
1310
642
3999
225
27
306
4759
382
25790
342
5478
105464
277
2109
4455
352
1310
622
18
16473
4638
18400
277
2109
4455
1347
265
23093
4158
18
9916
4602
265
4374
7498
81277
689
402
17034
18909
382
1569
616
225
902
50104
331
344
1892
23864
13
352
27166
15345
23
16
1145
16
22
16
27
1807
9916
27967
331
498
277
867
302
23864
1375
56
20
30
11616
2649
50104
30
5023
4455
1145
1117
20
203
56
21
30
391
20
97
2649
391
23
97
4455
23
1117
20
203
56
22
30
391
21
97
2649
391
1145
97
4455
1145
1117
21
203
56
23
30
391
22
97
2649
391
22
97
4455
22
1117
20
203
56
24
30
391
23
97
2649
391
27
97
4455
27
1117
20
203
56
25
30
391
20
16
21
97
2649
50104
30
391
20
97
23
82430
21
97
1145
82430
20
16
21
97
696
1117
1094
391
21
97
1117
21
203
56
26
30
391
20
16
22
97
2649
391
20
97
23
82430
22
97
22
82430
20
16
22
97
25
1117
20
203
56
27
30
391
20
16
23
97
2649
391
20
97
23
82430
23
97
27
82430
20
16
23
97
622
1117
20
203
56
28
30
391
21
16
22
97
2649
391
21
97
1145
82430
22
97
22
82430
21
16
22
97
1057
1117
21
203
56
29
30
391
21
16
23
97
2649
391
21
97
1145
82430
23
97
27
82430
21
16
23
97
1199
1117
21
203
56
622
30
391
22
16
23
97
2649
391
22
97
22
82430
23
97
27
82430
22
16
23
97
29
1117
20
203
56
807
30
391
20
16
21
16
22
97
2649
50104
30
391
20
97
23
82430
21
97
1145
82430
22
97
22
82430
20
16
21
97
696
82430
20
16
22
97
25
82430
21
16
22
97
1057
82430
20
16
21
16
22
97
1336
1117
1094
391
21
97
1117
21
203
56
740
30
391
20
16
21
16
23
97
2649
391
20
97
23
82430
21
97
1145
82430
23
97
27
82430
20
16
21
97
696
82430
20
16
23
97
622
82430
21
16
23
97
1199
82430
20
16
21
16
23
97
1592
1117
21
203
56
1068
30
391
20
16
22
16
23
97
2649
391
20
97
23
82430
22
97
22
82430
23
97
27
82430
20
16
22
97
25
82430
20
16
23
97
622
82430
22
16
23
97
29
82430
20
16
22
16
23
97
740
1117
20
203
56
992
30
391
21
16
22
16
23
97
2649
391
21
97
1145
82430
22
97
22
82430
23
97
27
82430
21
16
22
97
1057
82430
21
16
23
97
1199
82430
22
16
23
97
29
82430
21
16
22
16
23
97
1670
1117
21
203
56
883
30
391
20
16
21
16
22
16
23
97
2649
50104
30
539
3402
9603
31
1094
391
21
97
1117
21
300
8311
4455
285
10210
2738
331
22
33
21
16
331
25
33
21
16
331
28
33
21
16
331
29
33
21
16
331
807
33
21
16
331
740
33
21
16
331
992
33
21
16
331
883
33
21
18
9405
225
28
18
8520
382
8311
16
1387
411
361
386
910
302
1131
331
569
285
10210
13
351
225
20
1480
724
1994
10037
1860
302
331
304
361
1094
1731
386
436
516
13375
50104
689
1998
361
10037
1860
302
277
4607
4173
386
436
7662
6792
304
331
35
3483
1011
361
20208
382
25790
724
1994
386
277
138394
331
5513
341
516
33649
297
969
2136
344
77
3077
1278
29082
331
5513
680
5489
285
10210
13
1011
361
1435
302
1996
10037
1860
302
331
386
4455
304
399
18
16473
17208
386
352
1310
622
306
1565
592
4455
7883
225
27
382
49541
285
5466
523
10210
13
351
1435
302
50104
330
302
331
1175
386
330
2308
331
306
4455
8565
5791
79
382
8311
996
34239
1375
56
20
30
11616
2649
840
50104
344
111151
35
1996
50104
302
11616
341
5023
13
1117
20
203
56
21
30
391
20
97
2649
1996
50104
30
11616
344
5421
20
13
1117
20
203
56
22
30
391
21
97
2649
1996
50104
30
11616
1117
20
203
56
23
30
391
22
97
2649
11616
1117
20
203
56
24
30
391
23
97
2649
11616
1117
20
203
56
25
30
391
20
16
21
97
2649
1996
50104
30
391
20
66510
21
66510
20
16
21
105323
29082
391
20
16
21
2547
713
391
20
66510
21
97
2649
391
21
97
44914
225
1145
1117
21
203
56
26
30
391
20
16
22
97
2649
1996
30
391
20
66510
22
66510
20
16
22
105323
29082
391
20
16
22
2547
713
391
20
66510
22
97
2649
5023
4455
1145
1117
20
203
56
27
30
391
20
16
23
97
2649
1996
30
391
20
66510
23
66510
20
16
23
105323
29082
391
20
16
23
97
2649
391
20
66510
23
97
2649
5023
1117
20
203
56
28
30
391
21
16
22
97
2649
1996
30
391
21
66510
22
66510
21
16
22
105323
29082
391
21
16
22
97
2649
391
21
66510
22
97
2649
391
21
97
1117
21
203
56
29
30
391
21
16
23
97
2649
1996
30
391
21
66510
23
66510
21
16
23
105323
29082
391
21
16
23
97
2649
391
21
66510
23
97
2649
391
21
97
1117
21
203
56
622
30
391
22
16
23
97
2649
1996
30
391
22
66510
23
66510
22
16
23
105323
29082
391
22
16
23
97
2649
391
22
66510
23
97
2649
5023
1117
20
203
56
807
30
391
20
16
21
16
22
97
2649
1996
30
616
50104
6329
391
20
16
21
16
22
7342
8548
50104
4455
304
225
1145
35
391
21
97
341
265
22517
306
1850
1996
344
29753
391
21
97
2308
391
20
16
21
16
22
25171
6755
8696
391
20
16
21
16
22
105323
26217
18
2586
285
33
21
388
56
740
30
391
20
16
21
16
23
97
2649
1996
30
4059
391
21
97
1117
21
203
56
1068
30
391
20
16
22
16
23
97
2649
1996
30
50104
30
391
20
66510
22
66510
23
66510
20
16
22
66510
20
16
23
66510
22
16
23
97
5023
4455
1145
1117
20
203
56
992
30
391
21
16
22
16
23
97
2649
1996
30
4059
391
21
97
1117
21
203
56
883
30
391
20
16
21
16
22
16
23
97
2649
1996
30
4059
391
21
97
1117
21
300
8311
4455
30
331
25
33
21
16
331
28
33
21
16
331
29
33
21
16
331
807
33
21
16
331
740
33
21
16
331
992
33
21
16
331
883
33
21
18
9405
225
27
18
8520
5
2586
1091
277
16340
386
277
2136
302
265
138394
331
341
277
1435
302
969
1995
111151
478
10037
1860
344
77
3077
1278
10037
1860
386
436
516
6792
304
331
13
386
4455
304
399
16
277
2983
352
1310
622
7883
225
27
382
8311
2292
1310
21
1091
492
1656
16340
30
4455
898
331
302
285
5466
523
10210
680
16473
17208
1310
21
402
1996
10037
1860
382
52547
15345
21
16
22
16
23
2315
399
33
23
18
3914
616
331
344
902
13
306
285
5466
523
10210
16034
56
20
30
11616
2649
1996
50104
35
5023
1117
20
203
56
21
30
391
21
97
2649
1996
30
11616
1117
20
203
56
22
30
391
22
97
2649
1996
30
11616
1117
20
203
56
23
30
391
23
97
2649
1996
30
11616
1117
20
203
56
24
30
391
21
16
22
97
2649
1996
50104
30
391
21
66510
22
66510
21
16
22
105323
29082
391
21
16
22
2547
713
391
21
66510
22
97
2649
5023
4455
23
1117
20
203
56
25
30
391
21
16
23
97
2649
1996
30
391
21
66510
23
66510
21
16
23
105323
29082
391
21
16
23
97
2649
391
21
66510
23
97
2649
391
23
97
44914
23
1117
21
203
56
26
30
391
22
16
23
97
2649
1996
30
391
22
66510
23
66510
22
16
23
105323
29082
391
22
16
23
97
2649
391
22
66510
23
97
2649
391
23
97
1117
21
203
56
27
30
391
21
16
22
16
23
97
2649
1996
50104
30
616
6329
2833
18
8548
4455
304
225
23
35
391
23
97
306
391
21
16
22
97
436
1996
344
29753
724
436
516
277
2833
867
680
2586
285
33
22
388
20454
30
331
25
33
21
16
331
26
33
21
16
331
27
33
22
1117
2983
351
24
18
2209
1310
21
36033
225
26
18
2586
1310
21
1011
361
225
24
1091
1996
10037
1860
16340
382
27872
1310
21
18048
382
1974
592
539
911
1996
10037
1860
689
2549
277
8295
138394
396
265
1996
138394
35
3483
4007
2312
382
4892
1996
10037
1860
16340
6632
1310
622
33
27
16
1310
21
33
24
382
8311
16
1065
592
539
911
277
4607
16340
344
15519
331
5513
13
689
29082
277
8295
138394
499
1610
33649
396
265
138394
302
331
35
3483
1011
3910
1094
890
331
494
8295
867
4455
33
20
16
516
399
18
2586
840
382
27872
539
569
1217
46123
30
4607
344
2981
331
13
6632
1310
21
33
26
16
1310
622
33
28
31
1996
344
57775
331
13
6632
1310
21
33
24
16
1310
622
33
27
382
669
1310
36033
1310
21
33
26
16
1310
622
33
27
18
2586
1850
265
8055
30
1310
21
36033
21032
302
331
16
1310
622
36033
35969
302
331
18
2586
8696
277
6698
341
30
27543
331
5513
1094
592
331
674
2287
1518
225
21
35
3483
341
16
352
83703
331
16
589
516
1682
5513
31
352
6892
331
16
1682
5513
18
16473
1310
386
382
54641
2136
10210
13
351
1435
302
10037
1860
302
331
386
4455
304
399
16
689
592
367
56
96
351
225
21
16
1232
589
516
1682
331
5513
344
77
3077
1278
1094
1682
1996
10037
1860
680
1563
367
56
96
1518
225
21
16
1682
616
10037
1860
344
15519
331
5513
2570
8311
17208
75300
382
3506
21
30
307
33
23
16
399
33
23
388
56
50104
638
17
2287
20
30
11616
285
33
20
344
9915
465
17
2287
21
30
391
21
97
285
33
20
344
29753
840
852
138394
44914
304
225
23
31
851
1244
516
33649
1480
2287
21
35
41729
2287
21
16
539
29082
1244
16
713
285
33
20
465
17
391
22
97
285
33
20
203
17
391
23
97
285
33
20
344
1588
26217
465
17
2287
22
30
391
21
16
22
97
285
30
1996
10037
1860
35
9231
6698
16
2650
367
56
159034
21
16
539
2549
616
10037
1860
18
2586
285
4059
391
21
16
22
97
5513
35
391
21
16
22
97
44914
304
225
23
16
713
411
19720
18
6755
1996
10037
1860
391
21
66510
22
97
1907
4455
18
2586
285
33
21
388
17
391
21
16
23
97
285
30
4059
391
23
105323
391
21
16
23
97
5513
4455
24
16
516
399
31
1996
30
391
21
97
4455
21
16
391
23
97
4455
23
1117
4059
391
23
97
1117
285
33
21
388
17
391
22
16
23
97
285
30
4059
391
23
97
1117
21
203
17
2287
23
30
391
21
16
22
16
23
97
285
30
4059
391
23
97
306
391
21
16
22
97
1117
22
203
10914
351
225
20
15
20
15
20
15
20
15
21
15
21
15
21
15
22
351
25
18
2209
1310
21
36033
225
26
18
2586
2188
1115
498
225
21
382
2558
539
2549
1244
352
616
331
344
20128
733
1310
21
33
26
18
1437
539
29082
1244
352
616
331
16
1310
21
33
24
18
461
1310
21
36033
225
26
16
713
21032
341
4494
18
1563
1310
622
16
592
539
29082
1244
352
616
331
16
1310
622
33
27
16
697
14441
18
2586
1310
622
6382
35969
16
1310
21
6382
21032
18
2586
9745
277
6698
10549
366
3473
399
341
6792
304
265
83703
2479
35
610
1310
21
16
399
33
23
25782
265
83703
2479
344
23
680
610
1310
622
16
399
33
1145
25782
265
83703
2479
344
1145
13
396
1357
18
11243
569
399
6792
304
265
83703
18
2586
386
4007
41658
382
25790
411
10549
366
3473
903
341
7662
730
22517
330
386
44914
304
399
35
610
1310
21
16
903
436
1217
50104
330
344
6118
21
306
2287
22
680
610
1310
622
16
903
341
730
22517
330
344
6118
21
680
2586
8696
277
6698
341
30
1437
903
341
7662
730
22517
330
386
44914
304
399
16
1232
29082
331
91666
499
277
4455
898
331
344
77
3077
1278
589
516
1682
277
2136
302
277
138394
331
91666
680
25244
16
2549
616
331
18
16473
1310
382
2500
1310
21
30
4347
330
344
22
733
713
2549
616
331
18
11612
351
4607
340
351
225
26
18
9177
388
2500
1310
622
30
3225
330
16
713
29082
331
91666
18
5489
2983
351
340
506
344
182379
302
331
91666
680
64428
302
331
91666
341
285
8565
680
9231
4607
8559
16
285
8565
13
351
1435
302
10037
1860
302
330
386
4455
304
399
18
7517
330
341
265
83703
391
1145
2547
285
8565
5791
21
344
6850
5513
680
2586
2983
351
225
28
506
225
21
351
225
27
18
9177
388
8311
2292
852
1310
4027
1207
903
341
265
3225
330
382
3506
24
30
648
25
16
21
2315
399
33
25
18
4758
34763
330
4455
304
225
25
30
1094
391
25
97
344
6118
21
680
18288
330
18
5489
3308
304
6698
16
29082
331
91666
18
20313
340
351
225
22
2421
22
17
21
14883
22
18
64428
302
331
91666
341
285
8565
680
330
1801
25
2547
285
8565
5791
21
344
203722
680
2586
2983
351
225
22
506
225
21
351
225
21
18
2209
4655
341
225
22
18
2586
18048
382
27872
516
382
25790
6698
30
126025
331
91666
1094
890
367
55
96
351
225
21
35
3483
341
16
352
83703
330
16
29082
331
91666
31
352
6892
330
16
2549
331
91666
18
5489
1310
21
30
330
4059
2287
21
306
2287
22
18
2586
29082
331
1801
23
97
344
6118
21
13
689
2549
331
1801
21
16
22
7342
5489
2983
351
340
506
285
4931
23
4106
351
225
26
506
225
21
351
225
25
16
516
225
26
18
2586
1310
21
18048
382
1974
592
6698
30
27543
331
91666
1094
890
367
55
96
351
225
21
35
3483
1011
361
12795
30
29082
6892
330
16
2549
83703
18
5489
1310
21
30
29082
331
1801
21
16
22
2547
2549
331
1801
23
7342
5489
2983
351
340
506
285
4931
21
16
22
4106
351
225
26
506
225
21
351
225
25
16
516
225
26
18
2586
840
382
27872
840
4081
6698
382
25790
277
6698
341
30
126025
331
91666
1094
890
330
341
277
1094
22517
386
44914
304
399
5709
903
436
840
852
50104
302
839
2287
386
4455
304
399
35
9405
277
1656
396
3225
330
18
64452
10753
382
27872
1310
24
306
1310
26
851
569
3225
330
344
6850
391
25
97
297
648
25
16
21
65
306
1094
391
22
97
297
648
29
16
622
16
22
16
21
16
29
16
25
16
29
16
27
16
25
6577
306
724
2364
340
344
1876
340
5245
680
2586
724
589
516
1384
277
373
57775
890
3225
330
6
6698
382
29838
16
1310
622
341
277
1094
1690
1207
277
4655
3271
341
340
5245
18
3483
10334
386
9745
1310
622
494
4173
674
387
4728
4016
30
8696
903
436
31579
5015
35
2209
648
23
16
1145
16
22
16
27
65
674
616
9746
18
2586
516
382
25790
277
4173
648
23
16
1145
16
22
16
27
65
674
277
4016
386
277
2479
225
1145
341
6792
304
399
16
306
851
903
341
2484
2479
225
27
16
306
225
27
15
622
35
2523
382
20822
16
8696
342
250260
1310
622
494
4173
30
887
4060
648
29
16
225
26
16
225
24
16
225
26
16
225
28
65
352
1310
28
35
41729
1310
28
341
648
29
16
26
16
24
16
26
16
28
65
399
33
29
18
9405
6772
18
4720
622
341
648
22
16
25
16
25
16
21
16
25
65
399
33
26
18
2586
1310
622
341
386
730
18
461
34233
730
341
1310
27
30
648
23
16
1145
16
22
16
27
65
399
33
1145
18
2586
1850
265
9746
1690
382
27023
411
361
386
277
1154
4455
9414
12932
25394
1615
31098
341
12762
304
17208
2761
1625
13025
35
22977
1850
277
4455
898
616
10037
1860
302
277
1435
302
4781
304
5857
265
138394
344
1425
277
4607
13
386
44914
304
399
306
341
6792
304
386
138394
35
3483
341
16
352
1450
138394
331
344
1892
3591
733
2136
10210
13
351
1435
302
10037
1860
302
27166
386
436
6792
304
331
306
4455
304
399
18
7517
331
5513
341
730
1175
138394
16
306
592
903
436
31579
2911
16
903
1387
361
717
18
2209
352
26081
402
9746
2911
16
1450
1333
6917
8615
7662
3984
18
2586
2136
10210
13
351
225
21
592
4455
10210
5791
79
1625
225
20
18
5489
4455
898
331
351
1435
302
10037
1860
331
402
4455
73555
351
398
18
1563
1310
21
16
398
33
22
16
516
225
26
18
2586
840
382
25790
1850
277
4455
898
616
10037
1860
302
277
1435
302
4781
304
5857
265
138394
344
1425
277
4607
13
386
44914
304
399
306
341
265
225304
302
331
35
3483
7939
340
11
351
4455
1242
55
97
225
22
2421
96
55
96
7342
1563
1310
21
16
340
133022
26
16
14441
18
1563
1310
22
16
340
11
1011
361
4455
1242
55
97
225
22
2421
96
55
96
7342
1563
1310
22
16
330
4455
304
225
25
30
1217
330
1450
2287
22
1117
225
22
2421
22
14883
24
1450
16
2983
33
28
16
689
4655
225
24
18
2586
1310
22
18048
382
27872
4607
341
277
1094
730
15595
1310
22
382
23928
616
492
16
2964
31029
386
277
9444
4377
341
277
4607
10413
344
5421
1242
55
97
225
22
2421
82
506
367
55
96
28674
306
277
1310
1690
648
23
16
1145
16
22
16
27
2315
399
33
1145
341
3673
265
20511
420
342
569
222712
92103
2761
18
16473
4638
18400
1310
22
1347
277
4607
10413
304
4802
1850
14233
225
24
18
1283
19377
340
33
24
352
648
22
16
23
16
23
65
399
33
25
18
16473
20488
17208
285
10210
13
352
1310
22
304
9182
411
44914
304
225
24
382
52547
15345
22
16
23
16
23
1807
118097
225
20
30
22
16
21
30
23
16
22
30
23
382
4246
34763
331
344
902
680
42379
285
10210
13
351
1435
302
50104
302
331
115738
304
225
25
382
2110
530
1568
6697
1375
56
20
30
11616
2649
20
203
56
21
30
391
20
97
344
22
13
2649
50104
30
11616
22
2649
20
203
56
22
30
391
21
97
344
23
13
2649
50104
30
11616
23
2649
20
203
56
23
30
391
22
97
344
23
13
2649
20
203
56
24
30
391
20
16
21
97
344
22
16
23
13
2649
50104
30
391
20
97
22
82430
21
97
23
82430
20
16
21
97
25
2649
4059
391
20
16
21
97
1117
21
203
56
25
30
391
20
16
22
97
344
22
16
23
13
2649
27698
225
21
203
56
26
30
391
21
16
22
97
344
23
16
23
13
2649
50104
30
391
21
97
23
82430
22
97
23
82430
21
16
22
97
26
2649
5023
1117
20
203
56
27
30
391
20
16
21
16
22
97
344
22
16
23
16
23
13
2649
50104
30
616
225
28
18
8548
4455
304
225
25
35
391
20
16
21
97
344
22
15
23
33
25
13
306
391
20
16
22
97
344
22
15
23
33
25
13
436
1217
50104
18
6755
8696
391
21
16
22
105323
225
26
31
391
20
105323
22
31
391
21
105323
23
31
391
22
105323
23
31
391
20
16
21
16
22
105323
28
18
2586
285
33
22
388
20454
30
331
24
33
21
16
331
25
33
21
16
331
27
33
22
1117
2983
33
24
18
9177
382
8311
352
1310
622
16
539
3289
225
28
18
2586
1850
10358
402
277
4619
382
27872
2964
2540
304
10987
386
277
1310
1690
648
23
16
1145
16
22
16
27
2315
399
33
1145
341
387
55210
306
1196
361
225
28
18
2952
16
2650
539
1998
1717
277
6292
396
2688
16
539
1387
3138
277
4607
10413
306
1232
16
592
277
2740
14441
386
3018
1310
1690
16
758
225
27
4993
18
3483
1011
361
265
16474
689
1011
1717
616
6292
18
2209
277
2746
4060
373
5677
4222
59947
5533
213288
1304
887
4007
2132
539
4273
919
265
3364
1690
18
2209
386
1011
361
7038
5358
16
306
277
1154
1011
516
361
6254
4309
382
25790
277
1756
36033
471
304
7925
386
277
1310
1690
648
23
16
1145
16
22
16
27
2315
399
33
1145
3757
22699
225
27
1091
277
4309
16340
592
539
1994
2761
1013
68437
35
2209
225
28
893
2761
35
2523
382
19477
316
195488
277
2746
30
373
669
2136
302
265
138394
341
5047
396
277
1435
302
969
10037
1860
386
4455
304
399
1304
22547
373
1104
10037
1860
6
2676
10037
1860
302
277
4607
4173
386
436
6792
304
386
138394
35
3483
1011
361
30
1563
265
2688
138394
331
16
1682
1030
1451
10037
1860
302
277
4607
4173
436
7662
331
18
7517
331
341
265
138394
16
903
341
468
2750
730
18
2209
903
1387
361
717
592
903
436
31579
2911
35
1563
2024
16
297
648
22
16
23
16
23
2315
277
138394
648
23
65
344
299
265
1333
6917
13
530
361
7435
297
1217
4781
344
44922
3591
21
420
3591
22
680
2586
2136
6336
23
6577
1011
361
225
22
18
5489
4455
898
616
10037
1860
331
344
1892
1333
6917
35
420
498
3591
19767
302
2136
10210
13
1011
361
4455
898
1450
9746
138394
344
1892
3591
13
302
277
80806
302
386
1333
6917
35
3483
341
16
352
1450
3591
138394
331
344
69
867
302
23864
297
5796
1991
733
2136
10210
13
351
1435
302
3591
10037
1860
330
1175
386
1333
8565
13
351
1333
10210
680
7517
2911
874
14361
16
492
1387
361
1518
21
18
5489
2983
351
4455
1242
56
97
344
5686
302
330
402
1656
1333
6917
396
331
13
351
4455
1242
58
97
344
38609
25424
24758
204673
22
16
1207
598
10424
898
9746
1333
15823
344
299
15823
13
386
4455
304
399
18
957
539
3402
4800
306
3289
225
22
352
1310
21
16
516
225
26
382
1974
592
539
1994
10037
1860
331
396
1333
15823
16
516
3591
51074
35
5489
277
1435
302
10037
1860
344
1892
3591
13
386
6792
265
2688
1333
6917
598
341
969
80806
18
5489
4455
898
598
302
80806
24758
13
535
344
51523
15309
461
2746
4060
373
5421
302
16751
302
616
10037
1860
302
27166
3210
1437
10037
1860
436
4800
396
15823
344
5324
2911
733
1232
903
436
4347
3591
51074
386
8138
277
1656
1333
6917
16
689
724
436
4800
9746
10037
1860
35
32468
297
4173
4066
16
265
138394
341
5047
498
277
23864
5175
16
713
1571
592
2911
436
277
1656
16
1497
3591
51074
436
1497
10037
1860
18
2586
277
18017
373
514
10037
1860
302
27166
6
4164
13244
304
3591
10037
1860
382
27872
954
4607
16340
14927
382
23928
277
133336
304
73229
16
9916
11536
402
277
4607
10413
16
306
5752
386
277
1310
1690
648
23
16
1145
16
22
16
27
2315
399
33
1145
341
14233
225
28
689
98571
5448
396
225
27
18
2952
16
396
387
8202
16
342
1196
516
10987
7783
18
14812
342
530
2292
277
1310
1690
648
23
16
1145
16
22
16
27
65
402
399
33
1145
1347
277
4607
10413
297
265
4374
6775
38278
35
342
3402
1645
382
19477
1994
592
903
341
839
852
122221
30
461
1154
16607
341
4455
9414
12932
25394
1615
31098
18
22977
277
9444
6115
341
304
17208
277
4455
898
616
10037
1860
302
277
1435
302
10037
1860
386
436
6792
304
386
138394
306
4455
304
399
35
3483
341
16
352
1450
138394
331
16
1682
1030
1451
10037
1860
344
1425
277
4607
13
436
7662
331
306
4455
304
399
18
7517
331
5513
341
730
16
306
592
903
436
69488
16
717
18
3483
4455
1011
361
4455
1242
56
97
344
5686
302
330
1175
386
330
351
331
306
4455
8565
5791
79
680
2209
330
351
331
2767
724
436
277
1656
3591
7706
35
41729
373
1104
10037
1860
6
1387
2676
10037
1860
302
277
4607
4173
386
436
6792
304
411
18
5489
277
1435
302
1175
10037
1860
341
225
21
592
539
1994
331
396
265
138394
344
29753
539
436
27946
1030
1451
10037
1860
302
27166
436
7662
331
680
2209
331
341
5513
265
138394
16
713
4924
225
21
18
2586
2136
10210
13
351
225
21
592
4455
10210
5791
79
1625
225
20
18
5489
4455
898
331
351
1435
302
331
402
4455
73555
351
398
18
1563
1310
21
16
398
33
22
16
516
225
26
382
27872
516
382
25790
373
1104
10037
1860
6
2767
10037
1860
302
277
4607
4173
386
436
10037
1860
302
331
35
9405
954
4607
382
23928
277
845
16
9916
3138
277
4607
10413
306
2549
265
3364
1690
352
648
23
16
1145
16
22
16
27
2315
399
33
1145
304
758
225
27
16
396
265
63863
4377
304
1717
277
6292
18
2209
386
1011
361
106476
18
2952
16
277
12759
4060
373
4399
3138
277
1154
4546
306
1717
616
277
6292
1304
887
4007
98044
3364
1965
3415
18
2209
7400
16
724
2364
265
3449
4377
382
25790
342
530
1511
265
3449
6698
386
22699
225
27
352
386
1690
1706
851
61115
277
3575
18
16473
2050
304
17208
340
352
616
1310
4027
306
1565
592
839
852
1310
1690
851
178967
18
1283
3402
1645
1451
18
10546
1310
622
178967
18
22547
903
361
2484
1310
1690
402
399
6792
304
387
2479
306
851
2761
1625
35
16473
15698
1310
26
30
648
29
16
622
16
22
16
21
16
29
16
25
16
29
16
27
16
25
2315
399
33
22
18
330
1801
22
97
2287
21
16
340
33
6008
16
14441
4655
18
2586
840
24911
382
3506
24
30
648
25
16
21
2315
399
33
25
18
330
1801
25
97
2287
21
16
340
33
22
16
14441
382
3506
28
30
648
21
16
23
16
27
16
28
2315
399
33
21
18
330
1801
21
97
2287
21
16
340
33
28
16
14441
382
3506
29
30
648
28
16
21
16
21
16
28
16
27
2315
399
33
22
18
330
1801
21
16
21
97
2287
22
16
340
33
28
16
14441
382
3506
25
30
648
27
16
25
16
622
16
28
16
22
16
23
16
26
2315
399
33
24
18
2523
330
16
340
33
20
14441
382
3506
27
30
648
25
16
28
16
28
2315
399
33
21
18
2523
330
16
340
33
20
14441
382
3506
807
30
648
29
16
26
16
24
16
26
16
28
2315
399
33
29
18
330
1801
29
97
2287
21
16
340
33
902
14441
382
3506
740
30
648
22
16
25
16
25
16
21
16
25
2315
399
33
26
18
330
436
391
25
16
21
97
2287
22
344
37996
302
1019
733
340
33
1199
14441
382
4892
1094
1310
27
344
1833
225
27
371
4728
1310
13
178967
382
27872
1850
4164
265
103364
18
9916
10987
277
4309
3032
341
225
28
16
306
277
1310
341
6078
18
2209
342
1008
304
6496
265
4377
386
19553
277
2688
6292
18
7517
2964
387
8202
16
342
530
2483
277
4309
7878
16
306
592
277
1756
10424
411
16
25549
1565
386
277
1310
18048
18
2209
277
2746
4060
373
10112
616
277
6292
3210
342
1387
2549
265
4889
34155
277
66504
16
689
2188
2483
277
4309
2363
18
2952
16
277
5199
2428
9724
11746
2387
366
1131
6292
16
306
37966
2364
277
1154
304
758
225
27
352
386
2740
18
19223
15100
277
156317
16233
16
1850
44406
382
23928
277
3522
16
492
341
265
12337
1207
277
1756
341
27097
265
2746
306
11967
304
3138
411
18
70280
3419
277
1154
16607
16
194863
16
306
6292
18
2227
2364
265
4377
386
19553
277
6292
18
1437
342
2483
265
4377
386
18048
277
1310
16
37966
361
56124
18
2586
342
1008
304
2483
265
4377
386
19553
616
6292
18
8111
16
342
1998
1511
265
1528
304
1265
277
1154
758
225
27
352
648
23
16
1145
16
22
16
27
2315
399
33
1145
1706
10868
616
852
6292
4309
382
44125
903
341
265
202267
30
461
2746
2428
8483
373
3503
25394
6
396
265
1713
61226
6917
302
4354
468
2750
225
21
16
306
851
1994
386
277
138394
331
5513
341
516
33649
297
969
2136
592
331
341
302
4354
225
21
35
2209
386
7939
1310
21
33
25
16
516
225
26
18
2952
16
8696
1310
21
494
4655
1333
341
3757
225
25
35
2209
1850
2688
396
225
26
18
22547
277
1310
21
4655
1333
361
225
25
35
16473
316
18400
277
1310
1568
30
461
1058
2240
6292
436
1375
5640
5197
4455
9414
12932
25394
1615
31098
6336
21
16
225
22
16
225
23
2315
225
23
465
26
203
5197
4455
9414
12932
25394
1615
31098
6336
22
16
225
23
16
225
23
2315
225
25
465
24
203
5197
4455
9414
12932
25394
1615
31098
6336
21
16
225
22
16
225
23
2315
225
27
465
20
203
7203
8928
436
499
277
194863
7120
18
2586
724
436
766
302
277
21542
18
2586
724
1998
361
4309
382
27872
277
1094
1528
304
569
1804
1310
21
33
26
306
1310
622
33
27
341
592
277
16340
341
2761
1013
30
2136
10210
13
351
1435
302
10037
1860
302
331
386
4455
304
399
16
689
592
331
341
265
83703
16
1232
969
2136
341
225
20
35
3483
7939
1310
21
30
2983
1011
361
225
25
344
29753
83703
391
23
97
28446
225
20
16
689
391
21
16
22
97
28446
225
21
16
391
21
16
23
97
21
16
391
22
16
23
97
21
16
391
21
16
22
16
23
97
22
1117
2983
225
25
680
3557
225
26
382
2558
539
867
2136
10210
5791
20
352
83703
331
1094
890
386
83703
25782
399
35
610
1310
21
16
391
23
97
25782
399
16
713
411
1011
361
225
20
18
5489
2983
351
225
25
16
516
225
26
382
2558
539
867
2136
10210
5791
20
352
83703
331
1094
890
903
341
2484
22517
330
386
851
44914
304
399
35
3483
4007
1265
5258
382
25790
277
6698
341
30
1563
1450
331
16
2136
10210
13
351
1435
302
10037
1860
302
331
386
4455
304
399
16
689
592
331
5513
44914
304
399
16
1232
411
341
516
33649
35
3483
341
16
29082
331
5513
499
969
1902
2136
18
3483
7939
1310
21
33
24
16
1310
622
33
27
18
2586
1310
21
1011
361
225
24
16
516
225
26
382
1974
592
539
2549
331
5513
1094
592
367
56
96
1518
225
21
35
3483
7939
1310
21
33
25
16
1310
622
33
27
18
2586
1310
21
1115
498
225
21
382
1974
592
539
2549
331
5513
1094
592
367
56
96
341
11700
35
1563
1310
21
16
331
13241
30
225
21
16
21
16
21
16
22
16
22
16
22
16
23
18
1563
367
56
105862
21
344
21705
13
2549
1244
35
5489
391
23
97
5101
344
21
733
391
21
97
26217
344
20
733
391
22
97
26217
344
20
680
1563
367
56
105862
22
344
23867
13
29082
1244
35
5489
391
21
16
22
97
26217
344
20
733
391
21
16
23
97
2549
35
225
22
1571
35
41729
225
22
1571
2649
29082
1244
16
713
391
21
16
23
97
1011
29082
1244
35
2209
539
1008
304
17208
18
957
341
4243
62342
382
23928
277
845
16
342
1761
277
1861
341
304
3138
277
4607
10413
306
1232
16
592
277
2740
14441
277
3018
1310
1690
386
18048
16
758
225
27
18
957
341
265
16474
689
642
1717
616
6292
18
7517
277
2746
4060
373
5677
4222
59947
5533
213288
26238
411
4007
2132
539
4273
919
265
3364
1690
18
2952
16
1850
516
265
1622
3449
4377
16
689
411
642
22465
277
14492
14393
382
2608
8696
277
1756
36033
265
4309
4377
306
642
4369
265
6035
592
7076
265
66504
18
342
1387
2483
277
4309
4377
306
919
265
4889
819
277
1310
1690
18
2952
16
277
12759
4060
373
3039
1196
18523
277
2363
385
11116
297
265
127068
2363
2732
344
826
22057
13
344
22310
642
61694
277
4607
5442
84233
2586
342
1008
304
3271
277
1154
2363
382
23928
277
61531
16
9916
2483
277
7878
2387
366
277
4607
16340
344
5421
1242
55
97
225
22
2421
82
506
367
55
96
4106
306
5752
386
277
1310
1690
341
3757
225
28
18
2209
304
361
6085
16
9916
2549
265
32371
386
592
27166
1377
648
23
16
1145
16
22
16
27
65
306
399
1377
225
1145
16
758
225
27
18
957
341
265
16474
689
642
1717
382
71093
16
342
1387
2050
304
1565
592
7076
265
3449
10413
386
22699
225
27
352
386
1690
498
11532
386
10037
1860
331
1998
361
302
4354
468
2750
225
22
35
3483
7939
1310
21
33
25
16
516
225
26
18
2209
8696
1310
21
494
4655
1333
341
3757
225
25
35
16473
4638
18400
1310
21
20488
1347
277
373
111151
10037
1860
6
16340
18
1283
1645
306
3289
225
24
352
1310
21
35
26128
16
1996
10037
1860
7939
1310
21
33
24
18
16473
996
34239
1996
10037
1860
352
1310
21
14316
1375
3506
21
30
27166
15345
21
16
22
16
23
2315
399
33
23
388
56
50104
306
285
5466
523
10210
13
344
111151
10037
1860
302
331
16
700
3077
1278
50104
302
331
38147
331
5513
16034
56
20
30
11616
2649
840
1996
50104
344
9915
674
840
1996
50104
13
1117
20
203
56
21
30
391
21
97
2649
1996
50104
30
11616
1117
20
203
56
22
30
391
22
97
2649
11616
1117
20
203
56
23
30
391
23
97
2649
11616
1117
20
203
56
24
30
391
21
16
22
97
2649
1996
50104
30
391
21
66510
22
97
344
57775
391
21
16
22
4106
2649
5023
4455
23
1117
20
203
56
25
30
391
21
16
23
97
2649
1996
30
391
21
66510
23
97
344
57775
391
21
16
23
4106
2649
391
23
97
44914
23
1117
21
203
56
26
30
391
22
16
23
97
2649
1996
30
391
22
66510
23
97
2649
391
23
97
1117
21
203
56
27
30
391
21
16
22
16
23
97
2649
1996
30
616
50104
6329
2833
18
8548
4455
304
225
23
35
391
23
97
306
391
21
16
22
97
436
1996
1117
22
203
20454
351
225
21
15
21
15
22
351
24
18
8520
382
27872
1996
6632
225
24
16
516
225
25
382
8311
16
1065
592
539
1994
10037
1860
302
331
304
361
616
10037
1860
2291
331
5513
16
689
539
29082
277
8295
138394
35
3483
4007
2312
1480
8295
4455
20
516
399
382
27872
1094
1217
12578
75300
30
225
26
344
20128
13
306
225
24
344
111151
680
4720
21
36033
225
26
16
1310
622
36033
225
27
18
2586
1310
622
341
1360
1019
30
225
27
341
4607
506
21
18
2586
8696
352
1310
622
16
277
4309
2983
341
225
27
16
697
341
4607
506
21
18
1563
1310
21
16
4607
33
26
18
2586
1310
21
341
4607
16
1310
622
341
4607
17
21
18
2586
9745
903
341
265
4550
1207
539
57859
225
21
890
903
341
7662
730
2479
6792
304
399
35
2209
1310
24
306
1310
26
851
569
7662
730
2479
6792
304
399
16
689
724
436
4607
18
2586
516
382
25790
1850
890
277
2479
6792
304
399
341
4936
306
851
903
341
2484
2479
386
341
4919
302
399
35
2523
382
19477
15698
277
4173
648
23
16
1145
16
22
16
27
1807
887
674
2479
225
1145
6792
304
399
18
6755
674
225
22
306
225
27
16
697
4455
304
225
29
16
516
6964
18
22547
903
361
265
138394
331
386
341
7662
391
1145
97
306
969
2136
341
225
21
16
689
9745
724
1994
386
277
2136
302
265
138394
1196
516
2549
5513
35
3483
1011
57859
225
21
352
1450
83703
331
386
25782
399
18
610
1310
21
16
903
341
730
83703
331
1801
23
97
386
25782
399
16
713
83084
225
21
1011
3050
225
25
16
516
225
26
18
2586
1310
21
1011
1008
304
516
57859
386
83703
18
8370
1011
724
57859
297
1310
622
689
516
297
1310
21
35
22977
1480
297
1310
21
16
277
83703
331
1801
23
97
674
852
10037
1860
35
2523
382
25790
724
57859
592
277
83703
331
341
277
1094
138394
302
277
4607
4173
35
3483
4007
1265
5258
382
23928
277
131302
16
9916
3138
277
4607
10413
306
2549
265
3364
1690
352
277
25389
1310
18
957
341
516
8841
689
642
22465
277
14393
302
14303
616
6292
18
9916
851
919
265
4889
26308
277
3364
1690
16
689
277
2746
874
516
2485
6518
382
23928
277
9460
16
9916
6496
277
2363
382
2608
1714
184752
16
13640
4638
18400
277
1310
1690
648
23
16
1145
16
22
16
27
65
402
399
33
1145
1347
277
4607
10413
68437
35
2523
68437
4494
382
25790
277
2746
36033
277
1193
68437
225
622
66
29
15
27
16
689
352
2164
5463
1850
1656
382
27872
9916
3138
1375
17
4421
52448
7789
22
778
304
307
388
17
38474
352
50104
330
386
4455
304
399
388
17
2343
351
4455
1242
6118
97
29124
20429
4274
6118
65
535
7789
22
22965
506
2287
65
1577
28157
382
3511
1232
16
592
277
2740
14441
7662
648
23
16
1145
16
22
16
27
65
306
399
582
1145
16
758
225
27
18
2209
4924
265
16474
382
2608
8696
277
9444
4377
341
7662
386
10413
16
306
277
1310
1690
341
14233
225
27
1480
302
265
20511
297
922
81277
302
50104
330
35
16473
1568
616
50104
330
352
648
23
16
1145
16
22
16
27
65
386
4455
304
225
1145
1754
16
689
8696
342
18391
386
391
23
16
992
105323
2523
225
992
18
391
22
16
883
105323
2523
18
391
27
16
622
105323
2523
18
391
23
16
22
16
740
105323
2523
18
2586
1094
730
382
2608
1065
592
277
4173
341
4800
304
569
265
138394
331
386
341
1060
277
2479
225
1145
16
306
969
2136
341
277
1435
302
10037
1860
302
277
4607
4173
386
4455
304
399
35
3483
1011
361
2761
1625
18
2523
382
25790
277
1154
1227
373
5421
9414
12932
25394
1615
31098
6
10334
2761
1625
30
887
2428
361
277
4455
898
616
10037
1860
302
277
1435
302
10037
1860
386
436
16751
35
1098
19360
382
23928
277
845
16
9916
704
402
277
16474
382
10917
16
342
1196
851
1994
386
277
1310
1690
648
23
16
1145
16
22
16
27
65
2428
569
387
4655
3271
302
225
27
1480
302
265
1497
16340
30
461
2136
302
265
138394
331
341
277
1435
302
10037
1860
302
277
4607
4173
386
436
6792
304
331
306
4455
304
399
18
1563
331
1801
1145
2547
903
341
7662
225
21
1175
138394
344
203722
680
1563
331
1801
23
16
1145
2547
903
341
225
21
1175
138394
344
203722
680
1563
331
1801
1145
16
22
2547
225
21
18
1563
331
1801
1145
16
27
2547
225
21
18
1563
331
1801
23
16
1145
16
22
2547
225
21
18
1563
331
1801
23
16
1145
16
27
2547
225
21
18
1563
331
1801
1145
16
22
16
27
2547
225
21
18
1563
331
1801
23
16
1145
16
22
16
27
2547
225
21
18
1533
352
852
331
16
225
20
18
5489
2983
351
1435
302
331
386
4455
304
399
351
225
28
35
41729
697
331
4455
304
399
35
331
386
4455
304
225
1145
30
391
1145
2547
391
23
16
1145
105323
225
23
15
1145
33
696
840
31
391
22
16
27
14883
29
31
391
23
16
22
14883
25
31
391
23
16
27
14883
622
31
391
23
16
1145
16
22
14883
1336
31
4115
18
2586
1094
331
1801
1145
97
44914
304
225
1145
18
2586
2983
1011
361
225
21
16
516
225
27
382
27872
516
382
1974
819
277
1435
302
10037
1860
302
277
4607
4173
386
4455
304
399
16
33649
402
80806
344
77
3077
1278
1450
138394
341
33649
3984
15309
9405
398
18
1563
1310
21
16
398
33
22
31
1310
22
16
398
33
22
35
41729
1310
22
30
50104
115738
304
225
25
30
391
22
16
23
97
306
391
22
16
23
27076
2649
225
22
16
689
4655
225
24
18
2586
840
382
27872
4607
341
1094
4475
382
45
1761
277
1210
52298
341
386
277
1310
1690
341
265
20511
18
7517
342
4273
3034
277
1756
352
60282
16
9916
2483
277
4309
4377
2387
366
277
21013
62582
306
5752
386
277
125888
642
4369
411
16
9745
1480
277
1310
1690
540
5478
188772
306
277
4309
3032
341
225
28
18
2952
16
277
2746
19986
5267
277
4655
3271
341
225
27
18
1437
342
846
265
188052
16
342
2428
3138
277
4607
306
1565
411
4759
16
1232
13762
304
1565
592
342
18391
2761
18
7517
342
4445
13762
3310
16
9916
10671
402
4607
382
23928
277
9460
304
373
6534
277
2165
1154
16607
306
194863
16
7095
3138
277
1154
4546
306
1717
616
277
6292
26238
342
1998
1717
277
6292
18
2586
342
1008
304
4802
922
7878
6714
225
27
352
386
2740
18
8111
16
9916
2549
265
3364
1690
382
2608
8696
903
341
265
3449
6698
386
22699
225
27
352
386
1690
306
225
26
352
1310
21
2142
3364
1965
3415
18
16473
2050
304
1565
592
277
2983
1387
361
19377
396
4455
1242
55
30
4455
73555
97
344
22
2421
82
506
367
55
155485
506
3694
1242
55
16
83703
35
4106
35
3483
341
16
57859
225
21
592
330
341
265
83703
18
1563
1310
21
16
83703
330
1801
23
97
1117
57859
225
21
1117
2983
33
25
16
516
225
26
18
2586
840
382
1974
592
57859
225
21
592
330
341
265
83703
306
903
341
2484
330
302
2287
1518
21
35
5489
1310
21
30
83703
8654
306
903
341
2484
330
16
713
57859
225
21
1117
225
25
18
3557
225
26
382
1974
592
57859
225
21
592
330
341
265
83703
306
903
341
840
852
330
302
2287
1518
21
35
5489
1310
21
30
903
341
2484
330
16
713
840
57859
1117
2983
33
26
18
1310
622
30
1094
330
83703
16
713
57859
225
21
1117
2983
33
27
18
1310
24
30
1094
330
83703
16
840
852
330
1117
57859
225
21
1117
2983
33
21
16
689
4655
225
22
18
2586
18048
382
27872
1310
24
1011
361
6078
382
59685
1310
24
494
330
341
516
4800
265
83703
1480
277
2479
225
25
341
4800
516
265
83703
35
3483
4007
1265
5258
382
25790
277
6698
341
30
57859
225
21
592
330
341
265
83703
306
277
83703
2479
341
4936
297
277
4173
35
610
1310
21
16
2479
225
23
8615
3984
16
713
57859
35
3483
1011
3050
225
25
18
3557
382
23928
1310
24
18048
16
386
6698
341
686
382
27872
840
3449
6698
382
25790
277
4173
648
25
16
21
65
399
33
25
674
330
1801
25
97
2287
21
16
689
8696
724
1994
386
277
2136
302
265
138394
331
386
341
7662
391
25
97
1196
361
225
21
35
610
4607
16
1850
225
21
18
1437
539
29082
411
16
411
7883
225
20
16
3130
2983
225
21
16
689
4655
225
22
18
2586
724
2549
411
382
27872
1310
622
341
277
1094
1690
1207
724
29082
411
18
8370
1011
724
29082
411
35
22977
1480
297
1310
622
16
903
341
2484
2479
386
341
4919
302
399
35
225
1145
19
22
516
11795
18
2491
1480
225
1145
341
8854
35
2523
382
25790
1480
277
4173
674
387
2479
386
341
5762
936
399
19
22
35
610
1310
21
16
225
23
1518
225
23
19
22
35
225
23
1518
225
21
18
25
16
12035
18
610
1310
24
16
225
25
1518
225
22
18
25
16
12035
18
610
1310
26
16
225
22
1518
225
21
16
12035
18
610
1310
28
16
225
21
1518
225
20
18
25
16
12035
18
610
1310
29
16
225
22
341
516
1518
21
35
225
22
1518
21
16
12035
18
2586
616
569
387
2479
1518
399
19
22
18
2586
516
382
25790
1480
277
2479
6792
304
399
341
516
277
1094
2479
386
530
1027
399
402
3575
35
610
1310
622
16
903
341
840
852
7799
18
610
1310
21
16
903
341
851
391
21
16
22
7342
610
1310
24
16
341
903
2484
7799
35
225
25
212181
225
25
212181
225
25
212181
1094
225
25
18
2586
1310
24
674
1094
83703
16
4427
724
2549
411
18
2586
516
382
27872
2964
20017
382
23928
277
845
16
9916
3138
277
4607
10413
306
919
265
3364
1690
352
277
25389
1310
18
9916
851
919
265
4889
14999
277
3364
1690
382
2608
277
2746
4060
373
5677
4222
59947
5533
213288
1304
887
4007
2132
539
4273
919
3364
4027
18
2586
1850
20672
382
36795
4602
277
1154
402
38474
306
687
105464
7789
22
18
5489
16
468
277
1169
16
592
277
2740
14441
648
23
16
1145
16
22
16
27
65
306
399
582
1145
16
758
225
27
18
25244
16
758
277
19377
3032
382
1699
361
6085
16
9916
911
30208
9540
382
8311
16
851
6035
386
277
6292
2549
2927
26081
306
3018
4655
2911
18
3827
7878
1998
17208
12989
68437
28157
18
461
38474
4158
402
68437
341
6772
382
36795
3138
38474
1347
14215
302
2287
344
79
15
21
13
1150
344
82
15
21
680
7517
307
778
304
225
1296
16
399
778
304
225
1296
16
4924
6772
382
5158
122221
30
461
38474
19720
50104
330
386
4455
304
399
18
2209
539
851
1008
304
1994
386
27166
874
569
5015
1518
399
31
539
18486
1019
297
38474
396
724
4445
361
766
302
330
18
9405
4309
382
14353
16
539
1008
304
17208
7789
22
778
304
307
18
7517
307
6758
225
1296
16
539
530
17208
6043
382
44023
5826
1375
21
18
28157
351
225
622
478
29
15
27
388
22
18
307
351
6441
56046
465
23
18
29124
351
10434
20
197693
82
15
21
13
352
1447
297
2783
12402
15
21
9445
24
18
29124
63
20
4274
20
65
351
225
21
203
25
18
1563
1450
1033
297
27166
638
261
592
1033
1518
399
30
4622
203
261
352
272
297
2783
12402
16
1033
17
21
16
506
21
2407
1426
352
274
297
2783
4020
16
506
21
16
506
21
2738
261
905
59689
274
499
307
1652
304
225
20
203
2613
29124
34033
4274
71
65
351
344
20440
34033
4274
71
65
692
29124
34033
79591
4274
71
17
21
6577
1577
28157
203
261
2209
17034
30
274
9284
1998
361
499
307
1652
304
225
21
35
8801
890
274
33
20
16
29124
34033
79591
197430
21
65
341
15235
18
2586
539
530
9284
274
499
307
1652
304
225
21
388
26
18
4421
52448
7789
22
351
648
21
197693
82
15
21
465
261
352
700
297
2783
12
21
19152
15
21
2738
7789
22
2943
65
351
7789
22
2943
17
21
21018
22
1577
28157
203
27
18
2343
351
225
20
203
261
352
274
297
2783
12
20
16
307
15
21
2407
1426
2343
351
344
543
692
29124
20429
4274
71
65
535
7789
22
22965
1965
6577
1577
28157
203
28
18
11744
1690
30
592
27166
1377
648
23
16
1145
16
22
16
27
65
306
399
1377
225
1145
30
2343
351
225
27
344
50180
1325
893
16
689
225
27
460
28157
465
261
758
2343
300
2608
6035
30
461
38474
5119
68437
16
689
277
3364
1690
59489
18
9405
20672
382
10917
16
539
1998
4802
386
352
852
15028
16
277
3032
341
4309
68437
28157
18
7517
616
6292
569
2164
5463
16
68437
4007
3910
382
2608
903
341
265
3242
4264
30
461
38474
68437
874
3866
3933
592
277
4655
3032
341
6892
936
28157
35
2209
616
4655
19237
436
2336
936
28157
344
22795
8696
910
2927
6299
1013
225
2394
22380
16
4115
680
2586
6772
382
8311
16
1310
277
3364
1690
30
5641
19377
2343
1011
361
225
28
16
689
539
8705
304
225
27
382
2608
642
492
8705
3866
839
852
1310
304
361
9175
35
2523
16
1094
386
3018
2740
382
27872
616
6292
1196
1717
382
2608
341
411
22360
35
610
265
1728
17673
9010
16
730
11413
2702
3646
265
3364
1690
18
2209
1743
16
277
1756
2428
361
6726
402
3018
6292
306
36033
265
4377
386
19553
18
342
1761
1850
18597
2688
277
9460
382
36795
1616
6496
277
2522
2363
382
2608
1714
184752
16
13640
4638
18400
277
38474
4430
34198
18
461
11279
225
20
19
21
965
182511
38474
352
22517
4455
402
2287
1375
20440
63
5421
4274
6118
65
351
1435
302
50104
402
386
4455
306
2287
382
38146
29124
63
20
4274
20
65
351
225
21
382
2500
1450
1033
297
27166
638
261
592
1033
1518
399
30
18486
203
261
352
272
297
2783
12402
16
1033
17
21
16
506
21
2407
1426
352
274
297
2783
4020
16
225
20
16
506
21
2738
225
905
499
307
1652
304
225
21
203
2613
29124
34033
4274
71
65
4284
29124
34033
79591
4274
71
17
21
4414
2110
1998
4802
539
1907
14949
1568
25573
18
274
17
21
6743
20
16
713
274
19105
21
382
9650
382
2110
851
1008
304
1994
386
539
874
569
4347
5015
1518
399
16
724
436
56054
382
8311
16
1325
5993
616
27166
16
29124
63
5421
4274
6118
65
5720
19720
302
50104
302
277
15267
5015
344
8781
436
616
5015
6758
79
13
386
569
386
4455
306
2287
18
2209
1065
819
5015
1518
399
35
2227
436
516
297
277
15267
867
16
713
50104
330
386
2549
1518
79
5015
436
516
33649
16
697
341
4309
1480
724
4445
4455
304
399
382
27872
2522
3032
19377
396
4546
382
8311
16
277
3364
1690
30
592
27166
1377
648
23
16
1145
16
22
16
27
65
306
399
1377
225
1145
30
758
225
27
382
2608
6035
30
461
1154
2428
361
2988
402
852
14215
386
4252
304
361
6792
35
1098
19360
382
36795
3138
411
382
5158
717
3645
30
461
38474
5119
68437
16
689
277
40366
402
7789
22
851
893
18
461
2522
2343
893
28157
382
8311
16
352
1310
622
344
1833
3364
1690
733
539
8705
18
2586
277
1310
19553
382
8311
16
2292
592
839
852
1310
2428
87148
4475
277
3364
4550
35
2523
382
27872
2522
2363
382
36795
1616
4602
277
2363
297
277
2993
5030
382
3080
14487
203
3161
23225
1250
3914
300
1847
4455
9414
12932
25394
1615
31098
56046
30
3914
37990
2315
399
30
853
13
2649
853
638
298
28157
351
225
622
478
29
692
225
27
203
298
307
351
6441
56046
465
2458
298
905
38474
898
4455
306
2287
203
298
29124
351
10434
20
65
535
344
82
692
225
21
13
352
1447
297
2783
12402
692
225
21
9445
298
29124
63
20
4274
20
65
351
225
21
19964
298
352
1033
297
27166
638
348
592
1033
1518
399
638
454
4622
203
348
905
59689
41303
304
4928
144090
277
1656
2479
203
348
352
272
297
2783
12402
16
1033
506
225
21
16
506
21
2407
454
352
274
297
2783
4020
16
225
20
16
506
21
2407
615
29124
34033
4274
71
65
351
344
20440
34033
4274
71
65
692
29124
34033
506
1033
4274
71
506
225
21
6577
1577
28157
19964
298
905
687
52448
16751
302
1217
203
298
7789
22
351
648
21
65
535
344
82
692
225
21
465
298
352
700
297
2783
12
21
16
307
692
225
21
2407
348
7789
22
2943
65
351
344
56279
22
2943
506
225
21
65
535
225
22
13
1577
28157
19964
298
2343
351
225
20
203
298
352
2287
297
2783
4020
692
225
21
2407
348
2343
351
344
543
692
29124
20429
4274
6118
65
535
7789
22
22965
506
2287
6577
1577
28157
19964
298
905
11744
1690
352
277
3018
1310
386
36033
225
27
4993
302
225
28
203
298
592
27166
1377
648
23
16
225
1145
16
225
22
16
225
27
65
306
399
1377
225
1145
638
348
2343
351
225
27
19964
298
758
2343
203
7203
1905
1196
1717
616
6292
382
2608
6035
30
461
1310
4059
3999
12578
6336
23
16
225
1145
16
225
22
16
225
27
2315
225
1145
13
1377
225
27
18
5641
3364
1690
6714
225
27
18
9177
382
3196
852
6292
1196
1717
402
277
19377
2343
382
36795
1616
3271
492
2363
18
255011
255012
3080
14487
300
3161
23225
1250
3914
300
1847
4455
9414
12932
25394
1615
31098
56046
30
3914
37990
2315
399
30
853
13
2649
853
638
298
28157
351
225
622
478
29
692
225
27
203
298
307
351
6441
56046
465
2458
298
905
29124
63
5421
4274
6118
65
351
1435
302
50104
402
386
4455
306
2287
203
298
29124
351
10434
20
65
535
344
82
692
225
21
13
352
1447
297
2783
12402
692
225
21
9445
298
29124
63
20
4274
20
65
351
225
21
19964
298
352
1033
297
27166
638
348
592
1033
1518
399
638
454
4622
951
905
4273
9841
304
839
22517
115738
304
399
203
348
905
225
20
19
21
965
182511
30
59689
41303
304
4928
144090
277
1656
2479
203
348
352
272
297
2783
12402
16
1033
506
225
21
16
506
21
2407
454
352
274
297
2783
4020
16
225
20
16
506
21
2407
615
29124
34033
4274
71
65
351
344
20440
34033
4274
71
65
692
29124
34033
506
1033
4274
71
506
225
21
6577
1577
28157
19964
298
905
687
52448
16751
302
1217
68437
28157
203
298
7789
22
351
648
21
65
535
344
82
692
225
21
465
298
352
700
297
2783
12
21
16
307
692
225
21
2407
348
7789
22
2943
65
351
344
56279
22
2943
506
225
21
65
535
225
22
13
1577
28157
19964
298
905
4455
898
616
50104
330
402
4455
351
399
30
225
22
44930
82
506
367
55
78857
298
2343
351
225
20
203
298
352
2287
297
2783
4020
692
225
21
2407
348
2343
351
344
543
692
29124
20429
4274
6118
65
535
7789
22
22965
506
2287
6577
1577
28157
19964
298
905
461
1310
1690
648
23
16
1145
16
22
16
27
65
402
399
33
1145
36033
225
27
4993
302
277
19377
225
28
203
298
592
27166
1377
648
23
16
225
1145
16
225
22
16
225
27
65
306
399
1377
225
1145
638
348
2343
351
225
27
19964
298
758
2343
300
3080
255013
255001