255000
255004
255012
8928
9460
436
2837
304
361
7528
306
4273
361
86428
498
13845
1181
420
1756
14134
638
17
1532
642
3032
10855
352
11828
16
29845
16
420
12077
2269
4131
304
6126
12283
18
1532
642
516
2483
2269
386
341
20243
420
1387
361
1161
304
3866
7431
382
8928
9460
8490
396
593
31768
16
689
724
530
361
86428
297
13845
1181
420
1756
14134
638
17
4520
1227
341
5464
28760
7654
388
17
1532
436
265
2927
4001
2045
6120
498
169990
422
382
7
15420
24293
203
3080
4605
203
63
300
1391
3080
255013
255001
255000
255002
255012
6534
277
2165
1154
16607
306
194863
16
7095
3138
277
1154
4546
306
1717
616
277
6292
18
1995
5677
4222
59947
5533
213288
28430
3039
1196
18523
277
2363
385
11116
297
265
127068
2363
2732
344
826
22057
13
344
22310
642
61694
277
4607
5442
994
5640
3161
23225
1250
3914
16
54040
2390
1847
1219
19054
5113
32659
10251
8724
4020
30
853
16
288
30
853
16
399
30
853
16
15616
30
3914
210758
37990
16
853
16
853
85867
2649
853
638
298
11192
18750
265
33367
4081
6482
163513
5314
402
307
26963
306
288
15616
421
298
1511
277
7849
2331
302
265
51952
6657
1207
277
2331
341
5047
396
277
4455
302
1041
298
8106
19810
68437
399
388
2458
298
35685
638
348
307
30
7551
302
26963
344
22
6758
307
6758
225
28
465
348
288
30
7551
302
15616
344
82
17
21
6758
288
6758
307
10726
82
17
21
5403
22
465
348
399
30
5247
11739
1333
344
21
6758
399
6758
225
622
66
883
465
348
15616
30
3914
302
83907
344
89
16
335
16
286
13
1207
493
306
335
436
26963
344
21
218853
13
306
286
341
277
3935
203
3877
506
225
21
6758
493
460
335
6758
307
203
3877
506
225
20
6758
286
460
399
19964
298
11341
638
348
461
7849
2331
302
265
51952
6657
68437
399
19964
298
25436
1219
19054
5113
32659
10251
8724
12
25
16
225
26
16
225
21430
16
33814
21
16
225
22
16
225
959
733
344
21
16
225
23
16
225
8034
733
344
22
16
225
23
16
225
4868
733
344
22
16
225
24
16
225
7726
733
344
22
16
225
25
16
225
2072
733
344
23
16
225
24
16
225
7537
80390
298
225
1691
203
298
25436
1219
19054
5113
32659
10251
8724
12
26
16
225
25
16
225
7858
18833
22460
16
33814
21
16
225
22
16
225
22109
23452
26033
733
344
21
16
225
26
16
225
12633
21689
16972
733
344
22
16
225
23
16
225
6419
25941
18833
733
344
22
16
225
25
16
225
25577
23737
25789
733
344
24
16
225
25
16
225
26645
11313
22023
80390
298
225
18857
25592
26479
203
298
33328
1847
2292
180005
2407
298
905
25585
1310
4027
203
298
3999
12578
12
25
16
225
26
16
225
21430
16
33814
21
16
225
22
16
225
959
733
344
21
16
225
23
16
225
8034
733
344
22
16
225
23
16
225
4868
733
344
22
16
225
24
16
225
7726
733
344
22
16
225
25
16
225
2072
733
344
23
16
225
24
16
225
7537
134727
1377
225
2014
203
298
3999
12578
12
26
16
225
25
16
225
7858
18833
22460
16
33814
21
16
225
22
16
225
22109
23452
26033
733
344
21
16
225
26
16
225
12633
21689
16972
733
344
22
16
225
23
16
225
6419
25941
18833
733
344
22
16
225
25
16
225
25577
23737
25789
733
344
24
16
225
25
16
225
26645
11313
22023
134727
1377
225
18857
25592
26479
203
298
3999
12578
12
28
16
225
1575
16
225
21333
21215
23263
18008
12257
16
4966
348
344
21
16
225
22
16
225
25933
21215
16703
23241
19880
733
344
21
16
225
23
16
225
28543
13615
5855
15352
18833
733
344
21
16
225
24
16
225
27184
22852
3031
20816
28632
733
344
21
16
225
25
16
225
23737
28082
21532
23025
16920
1365
348
344
21
16
225
26
16
225
27449
8034
23837
3906
24852
733
344
21
16
225
27
16
225
24848
17781
20179
26025
15213
733
344
21
16
225
28
16
225
29370
25635
25344
17685
26982
733
344
22
16
225
23
16
225
24282
29155
23547
21215
11247
1365
348
344
22
16
225
24
16
225
25985
22002
13332
15352
25410
733
344
22
16
225
25
16
225
27527
25671
24441
21678
28069
733
344
22
16
225
26
16
225
25580
25849
22852
26947
26406
733
344
22
16
225
27
16
225
19958
17503
25789
25116
13142
1365
348
344
22
16
225
28
16
225
26543
22623
21959
20661
7858
733
344
23
16
225
24
16
225
25605
21306
26933
26212
17697
733
344
23
16
225
25
16
225
2281
26623
24849
28082
26212
733
344
23
16
225
26
16
225
19958
18976
23837
11582
24693
1365
348
344
23
16
225
27
16
225
740
20806
21133
23959
12745
733
344
23
16
225
28
16
225
6727
19405
20113
16606
26067
733
344
24
16
225
25
16
225
20824
22180
20830
18857
10779
733
344
24
16
225
26
16
225
22250
28195
12328
27688
14919
1365
348
344
24
16
225
27
16
225
26265
20113
25543
25264
29155
733
344
24
16
225
28
16
225
25849
4316
22380
24342
15544
733
344
25
16
225
26
16
225
30080
12745
25294
12952
21751
733
344
25
16
225
27
16
225
25009
14377
27611
27856
26818
1365
348
344
25
16
225
28
16
225
27071
22711
7858
17376
19183
733
344
26
16
225
27
16
225
28142
22146
27615
26025
25633
733
344
26
16
225
28
16
225
25407
27123
26570
19396
18374
733
344
27
16
225
28
16
225
807
21754
24100
28745
26192
465
298
133198
1377
225
807
11313
27396
22596
19964
298
905
22708
1310
4027
203
298
3999
12578
12
22
16
225
21
16
225
20072
19913
22711
25905
22326
16
33814
21
16
225
22
16
225
7537
14463
29370
24469
17697
134727
1377
225
7537
14463
29370
24469
17697
203
298
3999
12578
12
22
16
225
21
16
225
22726
5381
24921
24326
26122
16
33814
21
16
225
22
16
225
23941
21959
21415
20806
24342
134727
1377
225
23941
21959
21415
20806
24342
203
298
3999
12578
12
22
16
225
21
16
225
18051
26405
17886
22023
27266
16
33814
21
16
225
22
16
225
22658
21452
24178
26453
29327
134727
1377
225
22658
21452
24178
26453
29327
203
298
3999
12578
12
22
16
225
21
16
225
20104
24282
14919
16387
29155
16
33814
21
16
225
22
16
225
4543
27465
15414
22071
21452
134727
1377
225
4543
27465
15414
22071
21452
203
298
3999
12578
12
23
16
225
22
16
225
2985
21215
27396
24556
28208
16
33814
21
16
225
23
16
225
1748
26122
11969
24194
25985
733
344
21
16
225
22
16
225
740
26368
15827
17141
18981
134727
1377
225
3501
25742
21306
25543
20718
203
298
3999
12578
12
23
16
225
22
16
225
6008
25809
25264
12827
14438
16
33814
22
16
225
23
16
225
13877
19962
19313
27358
21441
733
344
21
16
225
22
16
225
3671
16852
12254
24655
25786
134727
1377
225
1336
14661
20966
22863
24423
203
298
3999
12578
12
23
16
225
23
16
225
13279
19913
6008
23274
27396
16
33814
22
16
225
23
16
225
1057
21813
28516
17606
24646
733
344
21
16
225
22
16
225
1789
5460
25814
23428
20744
733
344
21
16
225
23
16
225
1789
20227
20916
19397
26701
134727
1377
225
1507
23796
22257
12745
20615
19964
298
3999
12578
12
28
16
225
807
16
225
26360
28404
14772
15418
25664
16
4966
348
344
23
16
225
24
16
225
27971
8534
26113
17247
11832
733
344
21
16
225
27
16
225
17226
2905
21509
3048
17594
733
344
24
16
225
26
16
225
24958
27027
24451
12633
28501
733
344
22
16
225
28
16
225
23768
22711
25605
17551
22444
1365
348
344
21
16
225
25
16
225
10198
24016
18032
29649
21530
733
344
27
16
225
28
16
225
23357
25759
26939
25323
25657
733
344
25
16
225
28
16
225
27
25193
24921
25118
19494
733
344
21
16
225
23
16
225
28786
24850
10479
21083
26122
1365
348
344
21
16
225
24
16
225
28801
22257
27601
17193
23336
733
344
21
16
225
28
16
225
2503
22132
8710
25009
8828
733
344
22
16
225
27
16
225
23959
25671
25994
15794
21012
465
298
133198
1377
225
1773
24895
13615
21029
25664
19964
298
3999
12578
12
28
16
225
883
16
225
27398
26090
23549
20011
18453
16
4966
348
344
24
16
225
28
16
225
28049
27704
25671
19183
26803
733
344
23
16
225
24
16
225
1691
21501
29030
26090
20896
733
344
26
16
225
27
16
225
15352
18248
22197
27937
27476
733
344
24
16
225
27
16
225
7521
27282
28382
28019
28814
1365
348
344
26
16
225
28
16
225
24960
26848
10844
16974
22014
733
344
22
16
225
26
16
225
24960
12254
19111
29649
25522
733
344
25
16
225
26
16
225
3298
15827
29413
17766
26067
733
344
23
16
225
27
16
225
10942
20816
17078
22726
14731
1365
348
344
22
16
225
24
16
225
25527
13060
26406
20212
12180
733
344
21
16
225
26
16
225
2007
17035
25000
14759
6351
733
344
21
16
225
24
16
225
19175
22357
14423
29289
25116
733
344
23
16
225
26
16
225
26997
18976
22721
23865
25938
1365
348
344
23
16
225
25
16
225
20718
27950
20670
5460
733
344
21
16
225
23
16
225
1793
22326
25521
8150
25294
733
344
22
16
225
28
16
225
25527
21357
24145
27242
25587
465
298
133198
1377
225
1748
25118
23031
15408
19964
298
3999
12578
12
28
16
225
1670
16
225
26141
25521
23241
22180
22863
16
4966
348
344
22
16
225
27
16
225
963
27184
25548
26823
25304
733
344
24
16
225
28
16
225
24885
25948
23976
23737
24483
733
344
21
16
225
24
16
225
22380
21388
16776
25297
27071
733
344
23
16
225
24
16
225
21239
25268
17781
28049
21813
1365
348
344
22
16
225
24
16
225
24653
2577
22060
25580
25603
733
344
21
16
225
25
16
225
24849
24506
13955
20824
18008
733
344
25
16
225
26
16
225
14423
19298
26033
14919
25268
733
344
23
16
225
25
16
225
25344
19913
26368
25759
21501
1365
348
344
22
16
225
25
16
225
3586
22640
24282
24424
25701
733
344
23
16
225
28
16
225
25738
20916
28069
28202
26645
733
344
22
16
225
26
16
225
24653
23735
6351
23001
21810
733
344
21
16
225
22
16
225
27704
18145
19313
27865
28195
1365
348
344
21
16
225
27
16
225
25268
22071
25118
26556
25407
733
344
23
16
225
26
16
225
24
18032
12780
20718
18043
733
344
26
16
225
28
16
225
24653
27956
27786
17766
10398
733
344
26
16
225
27
16
225
15000
25336
28356
20824
24544
1365
348
344
22
16
225
23
16
225
24335
18374
27396
21501
24204
733
344
24
16
225
27
16
225
1045
27880
29155
26993
21239
733
344
22
16
225
28
16
225
21532
21558
24544
26179
22852
733
344
25
16
225
28
16
225
11313
10783
15418
21280
11969
1365
348
344
21
16
225
28
16
225
25314
28872
24895
24066
23244
733
344
24
16
225
26
16
225
28476
23616
21558
22716
27127
733
344
23
16
225
27
16
225
26025
22111
13900
16296
14959
733
344
21
16
225
23
16
225
18550
26265
23810
15699
27112
1365
348
344
25
16
225
27
16
225
23245
12254
25323
25000
21156
733
344
27
16
225
28
16
225
22025
17641
27786
25116
26401
465
298
133198
1377
225
25
21807
28405
26113
300
7
5904
2292
35977
19054
5113
32659
10251
8724
13
304
1774
6292
388
3080
255013
255001
255000
255003
255012
36231
748
122150
1008
304
3138
1411
1386
19054
5113
32659
10251
8724
4020
16
288
16
399
16
15616
13
62318
2110
436
2688
307
344
22
6758
307
6758
225
28
733
288
15616
16
306
399
778
304
225
622
66
883
18
17139
19810
286
436
297
648
20
16
399
680
19100
277
7849
2331
302
265
51952
6657
1207
2331
351
4455
302
8106
19810
68437
399
18
461
5314
341
6482
16
163513
16
4081
382
46540
30
1511
51952
6657
386
74282
4455
9191
7193
13
893
399
382
17484
307
341
2164
344
26720
28
733
539
530
12146
35909
616
51952
10565
344
20885
436
468
1210
225
22
44930
82
17
21
13
506
225
21
35
41729
1435
302
51952
10565
297
4631
5314
341
307
44930
82
17
22
13
498
64197
3639
16
689
352
307
33
28
4924
225
28
66
26
33
18976
13352
16
697
341
64594
18
2952
16
277
5314
874
516
361
4631
16
689
2188
1435
302
51952
10565
530
361
2336
18
2209
288
530
361
778
304
307
10726
82
17
21
5403
22
16
713
778
304
225
1575
352
307
33
28
18
2586
21757
888
616
50104
302
15616
302
2287
307
17
21
306
15990
592
724
1027
265
51952
6657
344
77
3077
1278
6482
306
183005
13
1387
361
3410
3874
88934
5664
30
2983
50104
302
2287
307
17
21
499
288
15616
341
346
2877
16
307
17
21
680
288
2687
225
1575
16
307
17
21
33
27
1117
346
12
1575
16
27
5791
21
16606
14834
5907
225
21
18
1045
4364
16
697
341
6772
18
1563
1450
22517
16
539
1008
304
17208
4455
68437
399
306
1511
1219
18
2952
16
539
1008
304
4802
27289
306
1042
7529
13787
18
22547
911
29192
57
304
2292
27289
19
161807
13787
18
82618
30
504
10079
2877
16
307
17
21
13
535
344
82
692
288
198576
41729
539
530
687
52448
2761
35
2209
225
21
18
1045
4364
535
344
21014
2164
7154
13
341
20672
297
11636
35
99008
98681
689
18597
2688
307
6758
28
18
2209
539
1998
361
17034
402
845
16
689
277
6292
436
516
8730
18
2952
16
6035
386
399
530
361
2927
778
304
225
622
66
883
16
689
4924
6772
396
539
1094
1008
68437
399
16
306
286
460
399
382
71093
16
539
530
911
96272
14364
304
17208
7849
2983
3935
344
35171
68437
13
306
1232
1994
29440
35
2209
68437
3672
411
42835
18
2952
16
1480
307
341
2164
16
88934
5664
81277
302
616
51952
10565
341
25485
306
4164
19553
382
2608
277
1310
36033
3018
2527
31
277
194863
4060
1375
5197
1219
19054
5113
32659
10251
8724
12
25
16
225
26
16
225
21430
16
33814
21
16
225
22
16
225
959
733
344
21
16
225
23
16
225
8034
733
344
22
16
225
23
16
225
4868
733
344
22
16
225
24
16
225
7726
733
344
22
16
225
25
16
225
2072
733
344
23
16
225
24
16
225
7537
80390
1691
300
2608
277
2292
1154
4060
1375
5648
12578
12
25
16
225
26
16
225
21430
16
33814
21
16
225
22
16
225
959
733
344
21
16
225
23
16
225
8034
733
344
22
16
225
23
16
225
4868
733
344
22
16
225
24
16
225
7726
733
344
22
16
225
25
16
225
2072
733
344
23
16
225
24
16
225
7537
134727
1377
225
2014
300
21428
265
66504
30
194863
4060
225
1691
16
689
2292
4060
225
2014
18
8548
730
341
4309
35
461
194863
341
499
277
2746
6434
31
277
2292
341
1161
304
1774
6292
18
7517
724
2132
373
3039
1196
18523
277
2363
385
11116
297
265
127068
2363
2732
344
22310
642
61694
277
4607
5442
15932
306
1232
724
2483
277
194863
306
2292
18
610
277
5224
16
724
1436
1375
5640
5197
1219
19054
5113
32659
10251
8724
12
25
16
225
26
16
225
21430
16
33814
21
16
225
22
16
225
959
733
344
21
16
225
23
16
225
8034
733
344
22
16
225
23
16
225
4868
733
344
22
16
225
24
16
225
7726
733
344
22
16
225
25
16
225
2072
733
344
23
16
225
24
16
225
7537
80390
1691
203
5197
1219
19054
5113
32659
10251
8724
12
26
16
225
25
16
225
7858
18833
22460
16
33814
21
16
225
22
16
225
22109
23452
26033
733
344
21
16
225
26
16
225
12633
21689
16972
733
344
22
16
225
23
16
225
6419
25941
18833
733
344
22
16
225
25
16
225
25577
23737
25789
733
344
24
16
225
25
16
225
26645
11313
22023
80390
18857
25592
26479
203
7203
2608
1232
297
2292
1375
5648
12578
12
25
16
225
26
16
225
21430
16
77162
1377
225
2014
203
5648
12578
12
26
16
225
25
16
225
7858
18833
22460
16
77162
1377
225
18857
25592
26479
300
21428
265
56793
366
277
1058
1310
30
194863
4060
225
1691
16
2292
4060
225
2014
18
99008
265
103364
35
2209
539
1008
304
1717
277
6292
386
642
361
1774
18
461
2746
4060
30
373
6534
277
2165
1154
16607
306
194863
16
7095
3138
277
1154
4546
306
1717
616
277
6292
18
1995
5677
4222
59947
5533
213288
11164
6
5489
724
2483
277
194863
306
1232
265
2292
1154
386
4059
4347
70305
18
461
2292
1154
341
766
302
277
3419
2363
35
41729
1850
5101
396
766
302
277
2746
5224
35
461
1541
4059
1375
5640
1847
2292
180005
2407
298
905
25585
1310
4027
203
298
3999
12578
12
25
16
225
26
16
225
21430
16
33814
21
16
225
22
16
225
959
733
344
21
16
225
23
16
225
8034
733
344
22
16
225
23
16
225
4868
733
344
22
16
225
24
16
225
7726
733
344
22
16
225
25
16
225
2072
733
344
23
16
225
24
16
225
7537
134727
1377
225
2014
203
298
13361
7203
4892
1850
4164
386
277
5772
1310
20155
344
1833
2292
1154
13
341
1065
642
361
1161
304
13561
277
4377
18
8111
16
277
4309
3032
352
386
1690
341
225
2014
16
516
225
1691
18
461
194863
2428
569
265
20511
18
2586
539
1998
3138
304
22465
277
2292
70305
382
27872
16
539
1008
304
17208
277
7849
4455
68437
399
18
7517
307
6758
28
16
539
530
88934
5664
616
50104
302
15616
302
2287
307
17
21
306
2292
592
724
1027
265
51952
6657
344
77
3077
1278
6482
306
183005
680
1563
1450
51952
6657
16
17208
2983
3935
68437
399
16
306
4671
7849
18
7517
19810
436
460
399
306
399
530
361
778
304
225
622
66
883
16
4455
302
307
17
21
15616
344
4956
225
27
15616
13
1387
361
778
304
225
27
10726
79
17
21
13
5907
225
27
79
16
689
68437
399
341
1060
4455
893
399
18
2952
16
304
17208
68437
399
539
1008
304
1863
4455
1577
399
18
2209
17034
30
4455
2428
14949
175676
11795
4753
35
11636
146581
436
22551
17839
16
713
6772
382
24157
1568
30
26963
225
21
218853
18
1283
530
7046
304
225
20
218853
39991
352
29192
57
382
2608
539
1008
304
1994
8917
18
3560
1607
5664
898
50104
30
7324
22124
302
15616
302
2287
307
17
21
18
1563
307
33
28
16
288
778
304
225
1575
16
346
12
1575
16
27
5791
21
16
16606
16
14834
18
1563
1450
7799
16
539
1008
304
2292
592
1850
265
51952
6657
18
1283
530
911
29192
57
30
23939
29192
57
352
307
26963
16
59689
898
15616
297
7799
16
15395
1019
16
592
839
8106
31436
3402
6482
26963
16
1232
1850
516
265
6657
344
6067
265
8664
680
3092
277
1169
16
2292
386
1435
302
15616
297
7799
25782
307
17
21
306
386
616
26963
436
297
1656
4942
344
77
3077
1278
7662
730
4942
680
957
341
11279
18
8049
15395
98234
341
13920
344
69628
5882
680
2586
2983
7154
5907
21
18
22
49
535
344
27
15395
15
10610
13
5907
225
28
49
7154
16
697
341
6772
382
2608
539
851
569
1310
4027
402
307
33
28
16
288
778
304
225
1575
16
713
14774
41597
18
6755
1310
4027
402
307
33
28
16
288
33
807
16
4115
18
2586
492
1196
361
20672
382
2110
851
1008
304
361
17034
30
461
5314
874
516
361
6482
35
461
2746
4060
373
43385
6482
163513
5314
3210
2586
1850
6482
18
2586
839
51952
6657
8654
382
10917
16
6035
386
277
88934
5664
4158
21757
860
616
22124
302
7662
307
17
21
15616
499
277
2688
288
18
2209
277
1435
302
51952
10565
1387
361
2336
936
386
16
689
539
436
15990
1450
7799
17833
18
9405
20672
382
2608
730
122221
30
2278
1387
361
31579
15616
35
887
4060
4081
5314
16
713
840
31579
15616
382
27872
16
25485
88934
5664
642
831
382
2608
539
1998
1994
277
68437
30
461
2331
341
4455
68437
399
18
7517
539
1587
7849
68437
1333
344
20
304
399
17
21
680
8801
68437
341
516
8162
16
539
4445
1060
1863
96272
306
6313
18
2586
81277
341
6085
382
77397
17422
30
4421
52448
113115
35
3557
4494
382
44023
5826
1375
21
18
20737
15616
1568
304
265
1568
302
344
89
17
21
16
335
17
21
16
286
13
352
225
20
14682
291
388
22
18
5904
115400
1005
95435
304
7324
616
22124
302
15616
302
2287
307
17
21
388
23
18
1563
1450
7799
638
261
506
29702
29192
57
402
307
388
261
506
2983
351
225
20
203
261
506
341
107647
351
8077
203
261
506
1563
1450
8106
344
89
29300
43418
13
297
7799
638
348
506
592
29192
57
7144
16018
13
1377
29192
57
7144
8066
2738
341
107647
351
7143
31
2984
203
348
506
1625
30
29192
57
133372
16018
29300
1798
2983
351
344
12815
692
286
13
1577
399
261
905
539
530
2553
68437
396
539
4455
304
4928
2927
5463
16
689
2983
1387
361
4455
302
778
304
225
27
28410
16
2188
6772
388
261
506
1437
516
341
107647
306
29192
57
17714
87750
53133
344
77
3077
1278
7662
730
4942
733
1232
539
569
265
4080
51952
6657
388
261
506
42379
2983
10251
351
2983
1577
399
344
359
539
10148
68437
16
2983
3402
893
9760
680
2209
17034
30
539
893
396
539
919
30
2983
351
344
12815
692
286
13
1577
399
18
2952
16
341
386
11104
304
344
5421
893
399
15309
8520
16
1480
344
69
48401
13
893
399
351
344
69
893
399
692
290
13
893
399
18
2586
1850
6772
388
261
506
13873
4671
302
7849
2983
10251
4156
388
24
18
7448
7849
382
2608
539
1008
304
361
17034
30
461
29192
57
616
1656
4942
2292
30
1325
5993
616
15616
16
539
1008
304
4802
386
539
569
307
17
21
15616
306
840
8664
31
689
592
840
8664
16
277
5314
642
569
7662
307
17
21
15616
306
361
6482
9724
35
41729
352
265
5314
402
307
26963
16
592
411
674
840
19871
306
674
307
17
21
15616
16
411
341
265
6657
86564
411
341
6482
35
610
387
163513
5314
16
265
10730
402
307
26963
306
307
17
21
15616
341
265
6657
86564
411
341
6482
18
2209
592
411
674
840
19871
306
674
307
17
21
15616
16
411
1387
2188
361
54380
592
1850
265
10730
402
4347
5721
35
41729
265
10730
402
307
26963
306
274
5721
674
7662
307
1965
15616
18
2586
592
539
569
307
17
21
15616
16
1232
274
351
225
21
16
713
1850
6482
18
2952
16
539
1008
304
13561
386
1325
5993
307
17
21
15616
2142
19871
16
539
569
1161
616
307
17
21
15616
306
903
436
840
19871
16
689
1850
2731
386
910
26963
4317
16201
35
26128
16
592
539
569
307
26963
306
539
15395
15616
297
265
7799
302
2287
307
17
21
306
3042
13530
265
8664
16
1232
1450
8106
31436
1217
1497
5721
16
713
1450
8106
17045
277
1435
302
5721
498
225
21
18
35475
402
307
5721
16
1325
307
17
21
36312
539
771
7662
225
21
4942
18
2586
27289
341
23276
592
539
569
307
17
21
15616
306
840
19871
18
2586
539
1907
1008
387
12349
27289
2292
31
1060
15990
386
539
3042
7196
265
8664
306
539
15267
7662
307
17
21
15616
18373
1850
265
6657
18
2952
16
539
1998
851
4802
386
539
3757
1161
616
15616
35
1283
436
142157
898
7662
307
17
21
15616
16
713
1850
6772
18
2586
539
530
1060
2292
386
539
3042
1078
265
8664
382
2608
17034
30
461
29192
57
15395
4158
30
592
539
569
265
8664
16
539
2984
3836
306
18486
18
1437
539
4631
2142
8664
16
1850
265
6657
382
27872
16
8860
30
1563
1450
7799
638
261
506
282
5250
351
29192
57
4020
465
261
506
2983
351
225
20
203
261
506
4080
351
7143
203
261
506
352
344
89
29300
43418
13
297
7799
638
348
592
282
5250
7144
16018
13
1377
282
5250
7144
8066
2407
454
4080
351
8077
31
2984
203
348
282
5250
133372
16018
29300
465
348
2983
351
344
12815
692
286
13
1577
399
203
261
506
592
4080
30
4430
1219
34149
382
9690
1219
34149
382
24157
4027
30
399
33
21
1117
616
44914
68437
225
21
351
225
20
16
713
3032
341
225
20
18
5641
2363
1011
831
382
8311
16
341
903
839
12634
302
13304
35
2523
382
8311
16
539
1998
3138
29192
57
665
18
22547
361
5451
1154
420
396
31078
665
18
1563
5612
16
539
530
3138
4081
29192
57
402
2481
20692
306
15395
498
8668
382
2608
2650
307
6758
28
16
29192
57
341
39154
31
539
530
1571
911
113115
1568
420
65383
35
2209
29192
57
341
6772
382
8311
16
1065
819
3892
302
22124
35
115400
1005
95435
22699
83907
31
352
288
778
304
225
1575
16
346
12
1575
16
27
13
5907
21
18
1045
49
31
1450
7799
10916
29192
57
7154
18
11636
1196
5203
492
2223
845
13008
344
50180
460
225
21
1749
35
41729
225
21
18
22
49
535
344
27
7154
13
5907
225
28
18
24
49
7154
16
4171
32103
302
16253
22124
16
2428
361
20672
352
11279
2486
15856
18
2952
16
539
851
569
1310
4027
402
307
33
28
16
288
33
1575
344
1833
4658
1310
297
2292
680
9405
277
8331
18
6755
903
341
1310
402
307
33
28
16
288
33
1670
344
1833
2009
680
2586
539
1196
361
6772
382
2608
539
2428
851
1994
386
277
5314
874
569
4347
15616
402
1656
42814
35
2523
16
4081
5314
382
8311
16
13640
1310
402
2688
7120
20488
304
1565
592
539
771
277
4655
2527
18
27969
37687
277
1058
1310
30
307
33
25
16
288
33
26
16
399
33
21430
16
15616
396
2688
18
16473
17208
616
51952
10565
344
24
15616
13
306
1511
1219
893
382
2110
530
6697
17208
20488
35
16473
2050
304
1565
592
277
3032
1196
361
225
2014
396
621
2292
16
516
225
1691
18
2209
539
6724
2292
18
16473
17208
96272
2983
3935
2142
68437
30
5904
217007
18
24301
15616
498
3935
1375
12
23
16
24
16
7537
733
344
22
16
23
16
4868
733
344
22
16
24
16
7726
733
344
21
16
22
16
959
733
344
22
16
25
16
2072
733
344
21
16
23
16
8034
680
41729
225
2072
460
225
959
35
26128
344
22
16
25
16
2072
13
3935
225
2072
16
713
19842
30
225
7537
16
4868
16
7726
16
2072
16
959
16
8034
18
96272
30
1863
225
7537
344
23
17
24
733
225
4868
344
22
17
23
733
225
7726
344
22
17
24
13
2649
492
12651
265
8664
35
26963
30
225
23
17
24
16
22
17
23
16
22
17
24
18
4790
225
23
17
24
306
225
22
17
23
16
539
569
4942
391
22
16
23
16
24
7342
41526
225
22
17
24
31436
2223
1656
4942
2649
8664
18
2586
18486
18
11615
225
2072
344
22
17
25
2738
31436
391
22
16
23
16
24
97
304
225
25
2649
6674
18
11615
225
959
344
21
17
22
2738
31436
225
21
304
4942
2649
6674
18
2586
2983
351
225
7537
15
4868
15
2072
15
959
351
225
23452
18
5247
225
21430
351
225
1691
18
9405
277
225
1691
499
194863
18
2209
2292
4060
225
2014
18
2586
8696
903
341
265
51952
6657
402
2983
225
2014
893
225
21430
35
16473
1565
592
225
1691
341
2731
35
225
23452
893
225
21430
351
225
1691
18
2586
96272
6632
225
1691
18
2209
2292
36033
225
2014
18
2586
3673
277
5314
341
516
4631
35
41729
15616
436
2688
30
344
21
16
22
16
959
733
344
21
16
23
16
8034
733
344
22
16
23
16
4868
733
344
22
16
24
16
7726
733
344
22
16
25
16
2072
733
344
23
16
24
16
7537
680
957
5314
341
516
4631
31
903
436
225
26
15616
18
2586
96272
2983
225
23452
341
14233
265
51952
6657
35
6621
30
4790
15616
30
225
23
17
24
16
225
22
17
23
16
225
22
17
25
16
225
21
17
22
18
957
5119
26963
30
225
21
16
22
16
23
16
24
16
25
616
9494
35
8520
30
225
21
6482
304
225
22
16
225
22
6482
304
225
23
16
24
16
25
18
2586
1850
265
51952
6657
18
2586
1219
2983
3935
341
225
23452
16
893
225
21430
351
225
1691
18
2586
3097
2292
4060
225
2014
35
99008
1480
724
1994
277
2331
5047
396
4455
68437
399
16
689
539
436
304
1511
7849
2331
344
77
3077
1278
277
21820
2731
1333
302
4455
68437
399
680
461
96272
6632
225
1691
18
2209
341
903
839
51952
6657
402
2983
4455
893
225
21430
351
225
20
35
99008
265
1497
51952
6657
402
2983
4455
351
225
21430
35
3483
1011
361
225
20
893
225
21430
16
697
341
7922
936
225
1691
18
2209
539
1008
277
7849
1333
302
4455
893
399
16
697
1387
361
225
20
592
839
51952
188245
2983
4455
341
4347
302
399
18
2586
539
1998
1994
616
51952
10565
16
516
1060
96272
18
22547
903
361
265
51952
6657
402
2983
4455
351
225
21430
35
16473
2292
616
22124
18
2278
436
346
12
26
16
24
5791
883
51952
10565
35
3557
616
22124
302
225
24
15616
642
361
51952
10565
18
16473
1568
616
2731
51952
10565
302
492
5314
18
461
5314
674
225
25
26963
306
225
26
15616
18
461
5314
341
14381
5155
4631
35
41729
9546
15616
30
344
21
16
24
733
344
21
16
25
733
344
23
16
25
680
2586
2731
51952
10565
436
839
867
302
225
24
15616
386
3179
616
26963
2142
19871
18
16473
35909
50593
18
28413
1180
30
225
21
16
22
16
23
16
24
16
25
382
68590
638
73
21
30
225
21
17
22
344
959
465
73
22
30
225
21
17
23
344
8034
465
73
23
30
225
22
17
23
344
4868
465
73
24
30
225
22
17
24
344
7726
465
73
25
30
225
22
17
25
344
2072
465
73
26
30
225
23
17
24
344
7537
994
2110
1008
304
5857
225
24
15616
386
1027
265
6657
382
2110
530
2050
304
1511
265
6657
402
2983
4455
351
225
21430
18
16473
3612
20488
30
4455
302
616
225
26
15616
351
225
959
15
8034
15
4868
15
7726
15
2072
15
7537
351
225
27449
18
87839
1217
15616
22699
4455
351
225
27449
506
344
5421
302
1217
8045
680
2586
2983
351
225
27449
506
423
21
506
423
22
18
1563
2983
304
361
225
21430
16
539
1008
423
21
74164
22
351
225
27449
17
21430
33
19153
18
2586
539
1008
304
5909
1217
15616
7305
19810
4455
304
225
19153
18
47227
15278
30
344
959
16
8710
13
840
31
344
8034
16
10942
13
840
31
344
4868
16
15408
13
840
31
344
7726
16
13120
13
840
31
344
2072
16
14423
13
840
31
344
7537
16
15827
13
840
18
2523
1217
9746
15616
4455
304
225
19153
18
2586
840
6657
402
4455
7662
225
21430
18
11615
12578
30
4455
893
225
21430
351
225
20
16
700
3077
1278
4455
351
225
25942
16
225
13276
16
4115
18
2209
1219
2983
4455
341
225
23452
16
2475
2731
44914
35
16473
17208
616
2731
6657
44914
382
2110
530
88934
38278
30
616
22124
302
225
24
15616
16
2292
592
6657
382
1569
15616
402
19810
1375
21
30
225
21
17
22
344
959
465
22
30
225
21
17
23
344
8034
465
23
30
225
22
17
23
344
4868
465
24
30
225
22
17
24
344
7726
465
25
30
225
22
17
25
344
2072
465
26
30
225
23
17
24
344
7537
994
2110
1008
225
24
15616
382
61792
7324
22124
1375
12
21
16
22
16
23
16
24
2738
15616
30
225
21
17
22
16
21
17
23
16
22
17
23
16
22
17
24
18
957
5720
26918
344
21
17
22
16
21
17
23
16
22
17
23
13
2649
8664
16
516
6657
388
12
21
16
22
16
23
16
25
2738
225
21
17
22
16
21
17
23
16
22
17
23
16
22
17
25
2649
26918
344
21
17
22
16
21
17
23
16
22
17
23
13
8664
388
12
21
16
22
16
23
16
26
2738
225
21
17
22
16
21
17
23
16
22
17
23
16
23
17
24
2649
26918
8664
388
12
21
16
22
16
24
16
25
2738
225
21
17
22
16
21
17
23
16
22
17
24
16
22
17
25
2649
6621
30
26963
30
225
21
17
22
16
21
17
23
31436
225
21
17
23
31
225
22
17
24
16
22
17
25
18
12379
492
1027
265
6657
35
18408
30
15616
30
225
21
17
22
16
225
21
17
23
16
225
22
17
24
16
225
22
17
25
18
957
341
1013
7717
33081
468
225
22
402
4814
225
21
17
23
18
887
674
840
19871
35
6621
30
225
21
17
22
17
24
341
265
2481
16
225
21
17
22
17
25
341
2481
16
225
21
17
23
341
15338
18
2523
19871
1480
1094
15616
436
1360
225
21
17
22
16
21
17
23
16
22
17
24
16
22
17
25
18
2536
1622
18
14610
351
225
959
15
8034
15
7726
15
2072
351
225
20679
18
5247
225
21430
351
225
6494
388
12
21
16
22
16
24
16
26
2738
225
21
17
22
16
21
17
23
16
22
17
24
16
23
17
24
2649
957
5720
225
21
17
22
16
21
17
23
16
23
17
24
16
22
17
24
18
6621
352
19871
30
225
21
17
22
17
24
17
23
17
21
35
41729
15616
30
225
21
17
22
16
22
17
24
16
24
17
23
16
21
17
23
2649
4924
265
8664
225
21
17
22
17
24
17
23
17
21
344
11228
225
24
680
2586
8664
388
12
21
16
22
16
25
16
26
2738
225
21
17
22
16
21
17
23
16
22
17
25
16
23
17
24
2649
6621
30
15616
30
225
21
17
22
16
21
17
23
16
22
17
25
16
23
17
24
18
2251
903
265
8664
35
225
21
17
22
17
35
840
31
225
21
17
23
17
24
31
225
22
17
25
18
2523
8664
16
689
341
5314
6482
35
26963
30
225
21
6482
304
225
22
306
225
23
31
225
22
6482
304
225
25
31
225
23
6482
304
225
24
18
2586
616
26963
99164
30
225
21
926
22
926
25
16
225
21
926
23
926
24
18
2586
1850
6482
18
14610
351
225
959
15
8034
15
2072
15
7537
351
225
23989
18
5247
225
21430
351
225
3124
388
12
21
16
23
16
24
16
25
2738
225
21
17
22
16
22
17
23
16
22
17
24
16
22
17
25
2649
15616
30
225
21
17
22
16
22
17
23
16
22
17
24
16
22
17
25
18
9405
265
7717
33081
468
225
22
402
9643
225
21
16
23
16
24
16
25
18
14610
351
225
959
15
4868
15
7726
15
2072
351
225
24909
18
5247
225
21430
351
225
2589
388
12
21
16
23
16
24
16
26
2738
225
21
17
22
16
22
17
23
16
22
17
24
16
23
17
24
2649
15616
30
225
21
17
22
16
22
17
23
16
22
17
24
16
23
17
24
18
957
5720
26918
35
225
22
17
23
17
24
17
22
341
8664
35
41729
15616
30
225
22
17
23
16
23
17
24
16
22
17
24
1027
26918
344
22
16
23
16
24
680
2586
8664
388
12
21
16
23
16
25
16
26
2738
225
21
17
22
16
22
17
23
16
22
17
25
16
23
17
24
2649
15616
30
225
21
17
22
16
22
17
23
16
22
17
25
16
23
17
24
18
6621
19871
35
225
22
17
23
17
35
840
31
225
22
17
25
31
225
23
17
24
18
887
341
6482
35
225
21
17
22
17
23
17
24
306
225
22
17
25
18
2536
26963
6482
18
2523
19871
35
16473
2292
30
15616
30
225
21
17
22
16
22
17
23
16
23
17
24
16
22
17
25
18
9405
265
6657
344
69
2481
225
21
17
22
17
23
17
24
402
4814
15338
225
25
11719
304
225
22
680
14610
351
225
959
15
4868
15
2072
15
7537
351
225
23452
344
164258
680
5247
225
21430
351
225
1691
388
12
21
16
24
16
25
16
26
2738
225
21
17
22
16
22
17
24
16
22
17
25
16
23
17
24
2649
15616
30
225
21
17
22
16
22
17
24
16
22
17
25
16
23
17
24
18
6621
27289
30
225
21
17
22
17
24
17
23
16
306
225
22
17
25
18
2586
6482
18
2523
19871
35
6621
30
225
22
17
24
17
23
35
840
31
225
22
17
25
15338
18
2523
8664
18
14610
351
225
959
15
7726
15
2072
15
7537
351
225
24469
18
5247
225
21430
351
225
3501
388
12
22
16
23
16
24
16
25
2738
225
21
17
23
16
22
17
23
16
22
17
24
16
22
17
25
2649
15616
30
225
21
17
23
16
22
17
23
16
22
17
24
16
22
17
25
18
100709
30
225
21
17
23
17
22
16
225
22
17
24
16
22
17
25
18
2586
616
6482
18
2523
19871
35
197238
30
225
21
17
23
16
22
17
23
16
22
17
24
16
22
17
25
18
9405
265
6657
344
15590
35
225
22
6482
304
225
23
16
24
16
25
306
225
23
6482
304
225
21
680
14610
351
225
8034
15
4868
15
7726
15
2072
351
225
23989
18
5247
225
21430
351
225
3124
388
12
22
16
23
16
24
16
26
2738
225
21
17
23
16
22
17
23
16
22
17
24
16
23
17
24
2649
15616
30
225
21
17
23
16
22
17
23
16
22
17
24
16
23
17
24
18
957
5720
26918
225
22
17
23
17
24
35
8520
225
22
17
23
16
23
17
24
16
22
17
24
2649
8664
18
2586
15235
388
12
22
16
23
16
25
16
26
2738
225
21
17
23
16
22
17
23
16
22
17
25
16
23
17
24
2649
15616
30
225
21
17
23
16
22
17
23
16
22
17
25
16
23
17
24
18
6621
27289
30
225
21
17
23
17
22
17
25
306
225
23
17
24
18
2586
6482
18
2523
19871
35
197238
30
225
21
17
23
16
22
17
23
16
22
17
25
16
23
17
24
18
957
341
6657
344
71574
304
96272
689
402
8106
225
22
17
23
4993
302
225
21
17
22
35
41729
96272
539
1078
225
21
17
22
16
22
17
23
16
22
17
25
16
23
17
24
35
26128
96272
539
1078
225
23
17
24
16
22
17
23
16
22
17
25
16
21
17
22
18
9405
1656
396
344
22
16
23
16
25
16
26
15309
41729
344
22
16
23
16
25
16
26
13
21062
304
15616
30
225
21
17
23
16
22
17
23
16
22
17
25
16
23
17
24
35
9405
225
21
17
23
344
8034
733
22
17
23
344
4868
733
22
17
25
344
2072
733
23
17
24
344
7537
680
3483
4455
351
225
8034
15
4868
15
2072
15
7537
33
23268
35
26128
225
8034
15
4868
33
16583
16
692
2072
33
21509
16
692
7537
33
23268
18
5247
225
21430
351
225
1960
18
6621
30
225
23268
17
21430
33
1960
18
2586
492
6657
4455
351
225
23268
18
96272
4455
351
225
23452
18
2586
225
23268
893
225
21430
351
225
1960
18
2586
492
341
1497
499
96272
18
14610
351
225
23268
18
2586
893
351
225
1960
388
12
22
16
24
16
25
16
26
2738
225
21
17
23
16
22
17
24
16
22
17
25
16
23
17
24
2649
15616
30
225
21
17
23
16
22
17
24
16
22
17
25
16
23
17
24
18
6621
27289
30
225
21
17
23
17
24
17
22
17
25
18
2586
6482
18
2523
19871
35
6621
30
15616
30
225
21
17
23
16
22
17
24
16
22
17
25
16
23
17
24
18
2251
903
265
8664
35
225
23
17
24
17
22
35
225
23
17
24
306
225
22
17
24
306
225
22
17
35
225
22
17
24
17
23
17
35
2523
16
539
569
225
21
17
23
16
22
17
24
16
23
17
24
16
22
17
25
18
2278
341
840
8106
16807
225
22
306
225
23
28455
3874
225
24
35
41729
539
569
225
23
17
24
306
225
22
17
24
16
689
840
225
22
17
23
18
2586
1850
265
6657
35
887
674
225
24
15616
16
225
25
26963
16
6482
16
840
8664
18
6621
30
277
8664
1011
2485
2240
26963
616
79117
6482
18
5378
16
26963
30
225
21
6482
304
225
23
31
225
23
6482
304
225
24
31
225
24
6482
304
225
22
31
225
22
6482
304
225
25
18
9405
265
2481
225
21
17
23
17
24
17
22
17
25
18
2586
1850
265
6657
18
14610
351
225
8034
15
7726
15
2072
15
7537
351
225
22788
18
5247
225
21430
351
225
2281
388
12
23
16
24
16
25
16
26
2738
225
22
17
23
16
22
17
24
16
22
17
25
16
23
17
24
2649
15616
30
225
22
17
23
16
22
17
24
16
22
17
25
16
23
17
24
18
957
5720
26918
225
22
17
23
17
24
35
15616
30
225
22
17
23
16
23
17
24
16
22
17
24
2649
8664
18
2586
15235
382
27872
4080
10565
306
725
893
225
21430
638
12
21
16
22
16
24
16
25
2738
225
6494
203
12
21
16
22
16
25
16
26
2738
225
3124
203
12
21
16
23
16
24
16
25
2738
225
2589
203
12
21
16
23
16
25
16
26
2738
225
1691
203
12
21
16
24
16
25
16
26
2738
225
3501
203
12
22
16
23
16
24
16
25
2738
225
3124
203
12
22
16
23
16
25
16
26
2738
225
1960
203
12
22
16
24
16
25
16
26
2738
225
2281
300
14353
344
21
16
22
16
24
16
26
13
15235
16
344
21
16
23
16
24
16
26
13
15235
16
4115
18
6755
344
21
16
22
16
23
16
24
13
15235
16
344
21
16
22
16
23
16
25
13
15235
16
344
21
16
22
16
23
16
26
13
15235
16
344
21
16
23
16
24
16
26
13
15235
16
344
22
16
23
16
24
16
26
13
15235
16
344
23
16
24
16
25
16
26
13
15235
382
4892
277
7849
893
3724
1131
341
225
1691
344
3161
96272
680
2209
2292
4060
4655
225
2014
18
16722
539
4826
265
6657
35
99008
344
21
16
22
16
23
16
24
13
341
516
6657
31
344
21
16
22
16
23
16
25
13
840
31
344
21
16
22
16
24
16
26
13
15235
31
344
21
16
23
16
24
16
26
13
15235
31
344
22
16
23
16
24
16
26
13
15235
31
344
23
16
24
16
25
16
26
13
15235
18
6755
8696
344
21
16
22
16
23
198643
539
9494
616
158147
35
7551
302
158147
346
12
26
16
24
5791
883
16
539
9603
225
883
35
16473
1682
30
1283
9603
30
344
21
16
22
16
23
16
24
733
344
21
16
22
16
23
16
25
733
344
21
16
22
16
23
16
26
733
344
21
16
22
16
24
16
25
733
344
21
16
22
16
24
16
26
733
344
21
16
22
16
25
16
26
733
344
21
16
23
16
24
16
25
733
344
21
16
23
16
24
16
26
733
344
21
16
23
16
25
16
26
733
344
21
16
24
16
25
16
26
733
344
22
16
23
16
24
16
25
733
344
22
16
23
16
24
16
26
733
344
22
16
23
16
25
16
26
733
344
22
16
24
16
25
16
26
733
344
23
16
24
16
25
16
26
680
9405
225
883
18
1283
15223
1450
16
4080
6299
30
344
21
16
22
16
24
16
25
733
344
21
16
22
16
25
16
26
733
344
21
16
23
16
24
16
25
733
344
21
16
23
16
25
16
26
733
344
21
16
24
16
25
16
26
733
344
22
16
23
16
24
16
25
733
344
22
16
23
16
25
16
26
733
344
22
16
24
16
25
16
26
680
9405
225
28
4080
10565
18
38706
893
351
225
1691
18
2586
2292
4060
225
2014
18
36981
341
1115
382
25790
277
2331
341
5047
396
4455
302
8106
19810
68437
399
16
689
724
1587
277
7849
2731
1333
302
386
68437
344
77
3077
1278
277
22503
680
461
96272
7939
225
1691
18
2586
3097
1011
724
2364
225
2014
35
22547
903
361
265
51952
6657
402
4455
351
225
22361
35
3483
1011
3050
225
22361
893
225
21430
351
225
22361
16
6892
18
2523
18
225
16646
893
225
21430
351
225
22
16
689
225
16646
341
2336
936
225
23452
35
41729
225
16646
341
2336
936
225
23452
16
689
530
539
771
4455
225
16646
35
3483
1011
361
2983
225
16646
16
697
341
2336
936
96272
2983
225
23452
16
689
96272
341
7849
2983
3935
16
713
840
6657
530
569
2983
3935
2336
936
225
23452
18
2586
225
16646
341
13861
18
2586
277
21820
893
341
468
1210
225
1691
18
22547
903
361
265
6657
402
4455
351
225
21430
35
3557
2731
18
14610
351
225
23035
35
3483
1011
361
225
21
893
225
21430
16
689
225
23035
341
2336
936
225
23452
35
225
23035
460
225
23452
16
689
96272
341
225
23452
16
713
225
23035
341
2336
936
96272
16
13861
18
2586
840
6657
402
2983
460
23452
18
2586
277
21820
893
3724
2731
44914
341
1219
1242
55
51952
6657
97
344
5421
893
225
21430
680
7517
616
44914
436
6743
23452
16
539
17208
4455
893
225
21430
18
461
2731
44914
539
1724
436
30
225
23452
926
1691
16
225
23268
926
1960
16
225
24469
926
3501
16
225
22788
926
2281
16
225
24909
926
2589
16
225
23989
926
3124
16
225
20679
926
6494
18
2586
277
21820
341
225
1691
18
2586
277
4309
3032
1196
361
225
1691
18
17005
2292
4060
225
2014
382
25790
342
1858
387
2615
297
13131
4455
352
344
21
16
23
16
25
16
26
680
16473
996
34239
30
344
21
16
23
16
25
16
26
13
15616
30
225
21
17
22
344
959
733
225
22
17
23
344
4868
733
225
22
17
25
344
2072
733
225
23
17
24
344
7537
680
14610
351
225
959
15
4868
33
15996
16
692
2072
33
14815
16
692
7537
33
23452
18
8520
225
23452
18
2586
893
225
21430
351
225
1691
382
44125
277
2746
36033
471
304
3271
277
7849
2331
68437
399
16
689
277
2331
341
5047
396
277
4455
302
8106
19810
68437
399
16
306
539
1008
304
758
277
7849
2731
2331
18
3483
341
1065
539
1645
18
2586
3097
2292
36033
225
2014
35
22547
411
361
386
277
68437
5637
341
6227
1325
115738
16
689
724
1994
277
2331
304
361
277
4455
68437
399
16
306
724
1587
277
7849
2731
1333
302
386
22503
16
689
8696
724
1994
277
4455
68437
399
396
265
1435
297
648
20
24816
17
21
65
306
1587
277
7849
16
697
341
1065
539
1645
18
2586
225
1691
1196
361
277
3032
382
25790
277
5314
341
516
4800
163513
35
2209
411
4060
163513
382
25790
277
26963
436
225
21
218853
689
539
1161
386
18
2523
4264
382
25790
342
5478
1965
171382
277
15616
35
461
194863
4213
1375
5197
1219
19054
5113
32659
10251
8724
12
25
16
225
26
16
225
21430
16
33814
21
16
225
22
16
225
959
733
344
21
16
225
23
16
225
8034
733
344
22
16
225
23
16
225
4868
733
344
22
16
225
24
16
225
7726
733
344
22
16
225
25
16
225
2072
733
344
23
16
225
24
16
225
7537
194617
4892
15616
30
344
21
16
22
16
959
733
344
21
16
23
16
8034
733
344
22
16
23
16
4868
733
344
22
16
24
16
7726
733
344
22
16
25
16
2072
733
344
23
16
24
16
7537
680
8520
382
25790
277
2292
1154
5119
265
1497
1991
35
2209
1850
277
1656
382
25790
277
96272
8860
344
47
19341
36914
13
2428
6496
265
1497
6657
1480
302
25661
65989
35
2209
96272
341
4936
297
2983
3935
35
2278
2428
361
4347
51952
10565
402
1656
2983
3935
35
610
492
5314
16
341
903
2484
6657
402
2983
225
23452
35
16473
1565
592
839
852
7799
22699
225
23452
18
1563
4455
225
23452
16
539
569
344
21
16
23
16
25
16
26
13
6632
225
23452
18
2251
903
2484
35
344
21
16
22
16
23
198643
840
680
344
21
16
22
16
24
198643
840
680
344
21
16
24
16
25
16
26
13
6632
225
24469
16
344
22
16
23
16
24
16
25
13
6632
225
23989
16
344
22
16
23
16
25
16
26
13
6632
225
23268
16
344
21
16
22
16
24
16
25
13
6632
225
20679
16
344
21
16
22
16
25
16
26
13
6632
225
23989
16
344
21
16
23
16
24
16
25
13
6632
225
24909
16
344
22
16
24
16
25
16
26
13
6632
225
22788
18
2586
1094
344
21
16
23
16
25
16
26
13
6632
225
23452
18
2586
4936
382
27872
16
3032
225
1691
382
2608
277
2292
61405
225
2014
18
22547
411
361
386
724
1587
277
7849
2331
68437
399
16
689
724
2489
277
2331
396
277
4455
302
8106
19810
344
35171
68437
13
306
1232
68437
399
16
306
724
1587
277
7849
2731
1333
302
386
68437
35
9405
277
1656
382
44125
342
5478
105464
344
22
16
23
16
25
16
26
13
4455
30
344
22
16
23
16
25
16
26
13
21062
304
15616
30
225
21
17
23
344
8034
733
225
22
17
23
344
4868
733
225
22
17
25
344
2072
733
225
23
17
24
344
7537
680
14610
351
225
8034
15
4868
33
16583
16
692
2072
33
21509
16
692
7537
33
23268
18
8520
225
23268
893
225
21430
351
225
1960
18
2586
516
225
2014
382
25790
903
341
265
6657
344
21
16
22
16
23
198643
2339
539
18391
35
2209
539
9494
616
382
27023
411
361
386
277
1154
16607
36033
307
16
288
16
399
16
15616
16
689
288
341
2688
689
539
530
14801
35
3557
382
25790
277
2746
6434
4059
386
277
5314
341
6482
306
4081
16
689
9745
277
26963
436
25415
225
20
568
82
17
21
35
2523
16
225
21
218853
382
25790
277
1310
297
2292
5119
265
1497
867
35
16473
4638
18400
277
2292
192497
1058
40439
1375
5648
12578
12
25
16
225
26
16
225
21430
16
33814
21
16
225
22
16
225
959
733
344
21
16
225
23
16
225
8034
733
344
22
16
225
23
16
225
4868
733
344
22
16
225
24
16
225
7726
733
344
22
16
225
25
16
225
2072
733
344
23
16
225
24
16
225
7537
134727
1377
225
2014
300
4892
1850
10098
225
2014
382
25790
342
175538
277
2331
30
373
1833
2331
341
5047
396
277
4455
302
8106
19810
68437
399
1304
22547
411
361
386
724
1587
277
4455
302
344
10910
19810
68437
399
13
700
3077
1278
1450
3935
68437
399
1232
4455
16
1232
68437
399
35
2209
386
1011
361
1656
396
4455
68437
399
1480
344
69
893
399
692
290
893
399
13
893
399
351
344
69
48401
13
893
399
18
2586
1656
382
25790
724
1587
277
7849
2731
4455
344
1876
68437
13
306
1232
758
386
4455
68437
399
35
3483
1011
361
96272
2983
3935
68437
399
16
697
341
225
1691
18
2209
4924
516
1065
724
2132
382
71093
16
8696
724
1587
277
7849
2731
1333
302
344
5421
302
8106
19810
13
1325
4738
68437
399
16
689
724
1994
277
4455
68437
399
304
361
265
1435
297
648
20
24816
17
21
65
306
724
1587
277
21820
2731
1175
1333
18
9405
1065
539
1645
382
25790
277
2615
341
297
277
2292
30
724
2428
569
265
103364
306
277
4309
3032
341
225
1691
18
2209
724
19986
8089
225
2014
16
306
724
851
569
1749
40439
15595
194863
35
461
1749
40439
30
12578
12
26
16
25
16
7858
18833
22460
16
77162
1377
225
18857
25592
26479
18
461
194863
4060
225
18857
25592
26479
18
3483
14441
18
2586
1094
277
1058
1310
35864
382
25790
903
341
387
1115
14530
20740
30
22547
411
361
386
724
1994
26963
225
20
218853
35
2209
15616
2688
436
225
21
218853
16
713
840
382
25790
277
5314
341
4800
14821
35
2209
4060
163513
382
25790
277
1154
341
12762
304
758
277
7849
2331
68437
399
16
689
724
1587
277
2331
304
361
19377
396
277
4455
302
8106
19810
68437
399
16
689
724
1587
277
7849
2731
1333
302
386
2331
16
689
724
2428
1994
277
2331
304
361
277
4455
302
8106
19810
68437
399
16
306
1232
724
1587
304
3271
386
2331
16
516
277
22503
35
3483
341
277
1656
382
23928
277
66504
16
539
1196
2292
277
1749
1310
30
307
33
26
16
288
33
25
16
399
33
7858
18833
22460
16
15616
30
344
21
16
22
16
22109
23452
26033
733
344
21
16
26
16
12633
21689
16972
733
344
22
16
23
16
6419
25941
18833
733
344
22
16
25
16
25577
23737
25789
733
344
24
16
25
16
26645
11313
22023
680
16473
17208
277
1094
51952
6657
35
7517
288
351
307
17
21
351
225
25
16
277
5314
341
265
6657
344
17387
680
2586
903
341
7662
730
51952
6657
16
697
341
277
4425
5314
18
14610
351
225
22109
23452
26033
15
12633
21689
16972
15
6419
25941
18833
15
25577
23737
25789
15
26645
11313
22023
18
16473
17208
30
225
22109
23452
26033
15
12633
21689
16972
33
26865
22250
26138
31
692
6419
25941
18833
33
27242
17035
12180
31
692
25577
23737
25789
33
21
16
27971
16
24735
16
26615
31
692
26645
16
11313
16
22023
351
225
22
16
18779
16
22132
16
24958
18
5247
225
7858
18833
22460
30
225
22
16
18779
16
22132
16
24958
855
225
7858
16
18833
16
22460
351
225
22
14
7858
16
18833
16
22460
351
225
21
16
8828
16
24653
16
26209
31
22503
351
225
22
16
18779
16
22132
16
24958
506
225
21
16
8828
16
24653
16
26209
351
225
18857
16
25592
16
26479
18
8520
14441
18
2586
1749
1310
341
4309
382
4892
1094
1058
1310
341
1115
382
44125
277
1058
1310
297
2292
341
516
277
1656
396
194863
35
26128
16
277
194863
4213
1217
7120
30
730
402
225
25
26963
306
730
402
225
26
26963
18
461
194863
494
1058
2024
4060
3271
225
1691
16
689
277
1749
4060
225
18857
25592
26479
344
56126
2292
680
2586
8696
277
194863
341
499
387
7977
3478
306
277
5772
1310
344
3761
13
36033
225
2014
18
22547
411
361
386
277
1154
7878
1998
4475
277
2292
16
516
277
194863
35
461
2746
4060
373
6534
277
2165
1154
16607
306
194863
16
7095
3138
277
1154
4546
306
1717
616
277
6292
18
1995
5677
4222
59947
5533
213288
11164
6
5489
724
2483
277
194863
16
306
1232
724
2483
265
2292
1154
386
4059
70305
18
887
5563
277
2292
1154
341
766
302
277
6292
386
642
361
1774
18
2586
539
1998
22465
1731
70305
18
8111
16
539
1008
304
6496
225
2014
352
277
1058
1690
382
3185
1387
277
3032
361
225
2014
35
16473
2050
304
1565
592
903
341
839
51952
6657
402
2983
4455
68437
225
21430
351
225
2014
18
3483
1011
2676
4455
893
225
21430
351
225
2014
1117
4455
351
225
2014
16
225
24215
16
225
26629
16
225
21
2891
16
4074
7517
7849
4455
341
225
23452
16
277
2475
12578
341
225
24215
18
2251
903
265
51952
6657
402
2983
4455
225
24215
35
3483
1011
361
225
21
717
936
96272
18
22547
903
361
265
6657
402
4455
225
24215
35
96272
4455
341
225
23452
18
2159
771
225
24215
16
539
1011
1008
265
6657
386
341
730
717
936
96272
16
689
2650
96272
341
7849
16
840
6657
530
569
2983
3935
2336
936
225
23452
16
689
1387
569
2983
3935
5762
936
225
23452
16
713
225
24215
341
2731
592
903
341
265
6657
402
4455
225
24215
18
16473
2292
592
839
302
954
4080
10565
1078
4455
225
24215
35
5641
44914
30
225
23452
16
225
23268
16
225
24469
16
225
22788
16
225
24909
16
225
23989
16
225
20679
18
4628
341
225
24215
18
22547
903
361
265
6657
539
18391
35
16473
316
195488
616
2731
8023
302
225
24
15616
306
2292
27289
2142
19871
717
50593
18
1283
2428
569
18391
265
6657
1480
539
16334
15235
2387
366
19871
16
689
8696
910
7799
539
3592
1078
265
8664
3757
4007
18
16473
316
171902
1450
7799
402
29192
57
4158
20488
382
61792
1568
616
15616
402
23864
352
5256
1375
24157
20
30
344
21
16
22
16
959
465
24157
21
30
344
21
16
23
16
8034
465
24157
22
30
344
22
16
23
16
4868
465
24157
23
30
344
22
16
24
16
7726
465
24157
24
30
344
22
16
25
16
2072
465
24157
25
30
344
23
16
24
16
7537
994
2110
1008
304
5857
225
24
15616
382
61792
589
29192
57
352
1450
7799
304
361
2897
382
36795
4602
265
4374
7498
29192
57
35
25448
304
50593
2292
1450
7799
382
116501
344
20
16
21
16
22
16
23
2738
15616
30
225
20
16
21
16
22
16
23
18
9583
30
1041
17
225
20
30
15395
225
21
17
22
203
17
225
21
30
15395
225
21
17
23
2649
225
21
17
22
17
23
203
17
225
22
30
8106
344
22
16
23
13
31436
225
22
306
225
23
3402
6482
2649
8664
2649
15235
388
4892
15235
382
12
20
16
21
16
22
16
24
2407
17
225
20
30
225
21
17
22
203
17
225
21
30
225
21
17
23
2649
391
21
16
22
16
23
732
17
225
22
30
8106
344
22
16
23
13
2649
8664
2649
15235
382
12
20
16
21
16
22
16
25
2407
17
225
20
30
225
21
17
22
203
17
225
21
30
225
21
17
23
2649
391
21
16
22
16
23
732
17
225
22
30
8106
344
22
16
23
13
2649
8664
2649
15235
382
12
20
16
21
16
23
16
24
2407
17
225
20
30
225
21
17
22
203
17
225
21
30
225
21
17
23
2649
391
21
16
22
16
23
732
17
225
23
30
8106
344
22
16
24
2738
225
22
297
591
391
21
16
22
16
23
2547
225
24
699
2649
15395
2649
591
391
21
16
22
16
23
16
24
732
17
225
24
30
8106
344
22
16
25
2738
225
22
297
591
16
225
25
699
2649
15395
2649
591
391
21
16
22
16
23
16
24
16
25
732
17
2523
8664
16
4080
18
14610
351
225
959
15
8034
15
7726
15
2072
351
225
20679
18
893
351
225
6494
382
12
20
16
21
16
23
16
25
2407
17
225
20
30
225
21
17
22
203
17
225
21
30
225
21
17
23
2649
391
21
16
22
16
23
732
17
225
23
30
344
22
16
24
13
2649
15395
2649
391
21
16
22
16
23
16
24
732
17
225
25
30
344
23
16
24
13
2649
225
23
306
225
24
1804
297
1656
591
2649
8664
2649
15235
382
12
20
16
21
16
24
16
25
2407
17
225
20
30
225
21
17
22
203
17
225
21
30
225
21
17
23
2649
391
21
16
22
16
23
732
17
225
24
30
344
22
16
25
13
2649
15395
2649
391
21
16
22
16
23
16
25
732
17
225
25
30
344
23
16
24
13
2649
225
23
297
591
16
225
24
699
2649
15395
2649
391
21
16
22
16
23
16
24
16
25
732
17
2523
8664
16
4080
18
14610
351
225
959
15
8034
15
2072
15
7537
351
225
23989
18
893
351
225
3124
382
12
20
16
22
16
23
16
24
2407
17
225
20
30
225
21
17
22
203
17
225
22
30
344
22
16
23
13
2649
15395
2649
391
21
16
22
16
23
732
17
225
23
30
344
22
16
24
13
2649
15395
2649
391
21
16
22
16
23
16
24
732
17
225
24
30
344
22
16
25
13
2649
15395
2649
391
21
16
22
16
23
16
24
16
25
732
17
2523
8664
16
4080
18
14610
351
225
959
15
4868
15
7726
15
2072
351
225
24909
18
893
351
225
2589
382
12
20
16
22
16
23
16
25
2407
17
225
20
30
225
21
17
22
203
17
225
22
30
344
22
16
23
13
2649
391
21
16
22
16
23
732
17
225
23
30
344
22
16
24
13
2649
391
21
16
22
16
23
16
24
732
17
225
25
30
344
23
16
24
13
2649
225
23
306
225
24
297
1656
591
2649
8664
2649
15235
382
12
20
16
22
16
24
16
25
2407
17
225
20
30
225
21
17
22
203
17
225
22
30
344
22
16
23
13
2649
391
21
16
22
16
23
732
17
225
24
30
344
22
16
25
13
2649
391
21
16
22
16
23
16
25
732
17
225
25
30
344
23
16
24
13
2649
225
23
297
591
16
225
24
699
2649
391
21
16
22
16
23
16
24
16
25
732
17
2523
8664
16
4080
18
14610
351
225
959
15
4868
15
2072
15
7537
351
225
23452
18
893
351
225
1691
382
12
20
16
23
16
24
16
25
2407
17
225
20
30
225
21
17
22
203
17
225
23
30
344
22
16
24
13
2649
391
21
16
22
16
24
732
17
225
24
30
344
22
16
25
13
2649
391
21
16
22
16
24
16
25
732
17
225
25
30
344
23
16
24
13
2649
225
23
699
35
26128
539
569
516
4472
839
8106
402
21599
225
23
4427
18
28228
5721
30
1325
225
20
30
591
340
30
391
21
16
22
14700
1325
225
23
30
15395
225
22
17
24
1117
591
340
30
391
21
16
22
16
24
14700
1325
225
24
30
15395
225
22
17
25
1117
591
340
30
391
21
16
22
16
24
16
25
14700
1325
225
25
30
8106
344
23
16
24
13
31436
225
23
344
1815
13
304
225
24
344
264
591
340
13
1117
15395
2649
616
391
21
16
22
16
23
16
24
16
25
7342
2523
8664
18
16146
18
14610
351
225
959
15
7726
15
2072
15
7537
351
225
24469
18
893
351
225
3501
382
12
21
16
22
16
23
16
24
2407
17
225
21
30
344
21
16
23
13
2649
391
21
16
23
732
17
225
22
30
344
22
16
23
13
2649
15395
225
22
17
23
1117
591
391
21
16
22
16
23
732
17
225
23
30
344
22
16
24
13
2649
15395
225
22
17
24
1117
591
391
21
16
22
16
23
16
24
732
17
225
24
30
344
22
16
25
13
2649
15395
225
22
17
25
1117
591
391
21
16
22
16
23
16
24
16
25
732
17
2523
8664
16
4080
18
14610
351
225
8034
15
4868
15
7726
15
2072
351
225
23989
18
893
351
225
3124
382
12
21
16
22
16
23
16
25
2407
17
225
21
30
344
21
16
23
13
2649
391
21
16
23
732
17
225
22
30
344
22
16
23
13
2649
15395
225
22
17
23
1117
391
21
16
22
16
23
732
17
225
23
30
344
22
16
24
13
2649
15395
225
22
17
24
1117
391
21
16
22
16
23
16
24
732
17
225
25
30
344
23
16
24
13
2649
225
23
306
225
24
297
1656
591
2649
8664
2649
15235
382
12
21
16
22
16
24
16
25
2407
17
225
21
30
344
21
16
23
13
2649
391
21
16
23
732
17
225
22
30
344
22
16
23
13
2649
15395
225
22
17
23
1117
391
21
16
22
16
23
732
17
225
24
30
344
22
16
25
13
2649
15395
225
22
17
25
1117
391
21
16
22
16
23
16
25
732
17
225
25
30
344
23
16
24
13
2649
225
23
297
591
16
225
24
699
1117
391
21
16
22
16
23
16
24
16
25
732
17
2523
8664
16
4080
18
14610
351
225
8034
15
4868
15
2072
15
7537
351
225
23268
18
893
351
225
1960
382
12
21
16
23
16
24
16
25
2407
17
225
21
30
344
21
16
23
13
2649
391
21
16
23
732
17
225
23
30
344
22
16
24
13
2649
391
22
16
24
732
17
225
24
30
344
22
16
25
13
2649
15395
225
22
17
25
1117
391
22
16
24
16
25
732
17
225
25
30
344
23
16
24
13
2649
225
23
297
591
391
21
16
23
2547
225
24
297
591
391
22
16
24
16
25
97
1117
15395
2649
591
391
21
16
23
16
22
16
24
16
25
97
351
616
18
2523
8664
18
16146
18
14610
351
225
8034
15
7726
15
2072
15
7537
351
225
22788
18
893
351
225
2281
382
12
22
16
23
16
24
16
25
2407
17
225
22
30
344
22
16
23
13
2649
391
22
16
23
732
17
225
23
30
344
22
16
24
13
2649
15395
225
22
17
24
1117
391
22
16
23
16
24
732
17
225
24
30
344
22
16
25
13
2649
15395
225
22
17
25
1117
391
22
16
23
16
24
16
25
732
17
225
25
30
344
23
16
24
13
2649
225
23
306
225
24
297
1656
591
2649
8664
2649
15235
382
12
23
16
24
16
25
16
26
13
689
539
569
1094
15616
225
20
17
25
16
713
7799
344
23
16
24
16
25
16
26
13
341
23864
344
23
16
24
16
25
13
3757
35
26128
539
569
225
26
15616
16
23864
225
20
568
25
18
94170
344
23
16
24
16
25
13
1011
361
225
23
15616
16
516
225
24
18
1283
1008
225
24
15616
18
461
22124
539
9603
778
304
344
22
16
23
16
24
16
25
13
306
344
23
16
24
16
25
16
26
13
689
3591
225
26
4007
2893
18
41729
954
1568
302
225
883
158147
5101
344
22
16
23
16
24
16
25
13
306
344
23
16
24
16
25
16
26
13
689
3591
225
26
341
686
302
2783
18
16722
539
98571
2549
344
23
16
24
16
25
16
26
13
396
265
7799
35
610
954
4381
1568
539
1078
344
23
16
24
16
25
16
26
13
689
386
1011
361
15616
23864
225
23
16
24
16
25
16
26
35
2209
903
436
1094
225
26
15616
16
23864
225
20
17
25
18
2586
277
7799
344
23
16
24
16
25
16
26
13
341
15235
1480
225
26
1518
225
25
18
2586
539
1998
4309
30
461
4309
867
302
225
24
39066
22124
499
225
26
15616
341
346
12
26
16
24
5791
883
16
402
23864
499
225
20
304
225
25
18
2586
539
1196
1568
616
22124
302
225
24
9746
23864
499
225
20
568
25
18
5641
4381
1568
1161
8106
5463
396
225
21
4597
30
344
21
16
22
16
23
16
24
733
344
21
16
22
16
23
16
25
733
344
21
16
22
16
23
16
26
733
344
21
16
22
16
24
16
25
733
344
21
16
22
16
24
16
26
733
344
21
16
22
16
25
16
26
733
344
21
16
23
16
24
16
25
733
344
21
16
23
16
24
16
26
733
344
21
16
23
16
25
16
26
733
344
21
16
24
16
25
16
26
733
344
22
16
23
16
24
16
25
733
344
22
16
23
16
24
16
26
733
344
22
16
23
16
25
16
26
733
344
22
16
24
16
25
16
26
733
344
23
16
24
16
25
16
26
680
9405
225
883
158147
16
1347
8106
5463
225
21
568
26
396
621
277
2746
18
2586
539
1196
4400
30
8106
21
30
3591
20
16
8106
22
30
3591
21
16
8106
23
30
3591
22
16
8106
24
30
3591
23
16
8106
25
30
3591
24
16
8106
26
30
3591
25
18
2586
539
1008
304
2292
616
158147
402
1131
5463
382
2110
3402
1645
616
158147
402
23864
344
20
16
21
16
22
16
23
13
4115
1278
689
539
1008
304
4802
539
9494
616
225
883
18
5641
1568
302
3591
4597
158147
30
344
20
16
21
16
22
16
23
733
344
20
16
21
16
22
16
24
733
344
20
16
21
16
22
16
25
733
344
20
16
21
16
23
16
24
733
344
20
16
21
16
23
16
25
733
344
20
16
21
16
24
16
25
733
344
20
16
22
16
23
16
24
733
344
20
16
22
16
23
16
25
733
344
20
16
22
16
24
16
25
733
344
20
16
23
16
24
16
25
733
344
21
16
22
16
23
16
24
733
344
21
16
22
16
23
16
25
733
344
21
16
22
16
24
16
25
733
344
21
16
23
16
24
16
25
733
344
22
16
23
16
24
16
25
680
9405
7662
277
225
883
158147
18
1283
569
15223
616
302
1019
16
306
277
4080
6299
436
30
344
20
16
21
16
23
16
24
13
4455
225
20679
16
344
20
16
21
16
24
16
25
13
4455
225
23989
16
344
20
16
22
16
23
16
24
13
4455
225
24909
16
344
20
16
22
16
24
16
25
13
4455
225
23452
16
344
20
16
23
16
24
16
25
13
4455
225
24469
16
344
21
16
22
16
23
16
24
13
4455
225
23989
16
344
21
16
22
16
24
16
25
13
4455
225
23268
16
344
21
16
23
16
24
16
25
13
4455
225
22788
18
9405
225
28
4080
10565
18
2586
7849
893
341
225
1691
18
2586
2292
31518
225
2014
341
41514
382
25790
277
2292
192497
1058
40439
341
516
277
1656
396
277
194863
35
99008
277
194863
494
1058
2024
341
6078
16
689
277
2292
494
1058
40439
341
277
5772
1310
18
2586
539
1998
3271
225
2014
18
1882
1387
386
4252
35
22977
724
8483
277
2331
396
277
4455
302
8106
19810
68437
399
16
689
724
1587
277
7849
2731
2331
344
77
3077
1278
277
7849
4455
68437
399
733
689
724
2428
1994
277
68437
5637
304
361
6227
304
1450
8106
3935
1714
115738
35
3483
1011
361
30
2331
351
344
5421
1242
73
297
6657
97
344
91
8881
893
399
1149
893
399
18
7517
286
8881
460
399
16
286
8881
893
399
351
286
8881
16
713
1656
382
25790
724
1587
277
7849
4455
344
35171
68437
13
306
1232
758
386
4455
68437
399
16
697
1011
361
96272
4455
893
399
351
225
1691
18
3557
225
2014
382
25790
724
1587
277
7849
2731
4455
68437
399
16
689
724
8147
373
67654
6
396
277
21820
2731
1333
302
277
4455
68437
399
16
697
341
1065
539
1645
18
2586
225
1691
382
25790
903
341
387
1115
14530
20740
297
277
68437
2920
304
6484
35
2523
382
27023
411
361
386
277
5314
341
4800
304
569
26963
51370
499
225
20
35
2209
15616
2688
396
344
21
16
22
16
959
13
1011
1232
361
15235
1480
225
20
218853
35
3557
382
25790
277
1154
36033
288
396
1435
302
15616
16
689
539
14801
288
306
1060
911
15616
1568
18
9405
6772
382
25790
277
1310
36033
225
2014
1480
724
1161
265
1497
96272
8860
386
2428
5229
265
1497
6657
2920
304
25661
65989
35
2209
96272
4455
341
4936
35
22547
903
361
2484
6657
402
2983
225
24215
35
16473
4638
18400
592
839
7799
539
3592
15235
3757
2428
361
4080
592
539
1343
15616
297
265
1497
1991
35
2209
29192
57
2292
341
1991
60560
30
265
867
302
15616
6782
265
6657
86564
411
674
840
19871
306
341
6482
18
5641
29192
57
1343
341
1991
60560
31
592
468
839
1646
539
1511
387
8106
16807
1217
26963
3402
297
277
1656
4942
16
1232
277
867
5720
265
8664
18
2586
954
10393
341
4309
18
2586
840
6657
402
4455
225
24215
382
25790
277
3935
302
8106
344
22
16
23
13
341
225
4868
16
689
8696
1850
225
4405
35
2523
382
25790
342
5478
105464
4455
352
344
20
16
22
16
24
16
25
13
344
35602
225
21
16
23
16
25
16
26
13
351
225
959
15
4868
15
2072
15
7537
33
23452
18
9405
4309
382
25790
277
1310
36033
225
2014
1480
724
1994
277
2331
304
361
277
4455
302
8106
19810
68437
399
16
689
724
1587
277
7849
2731
1333
302
386
68437
16
689
724
1994
277
68437
5637
304
361
6227
1325
115738
16
306
1232
724
1587
277
7849
2731
1333
16
689
9745
724
2489
277
68437
396
265
1154
386
6714
265
1435
297
648
21
24816
65
4616
936
648
20
24816
17
21
128410
4195
68437
19608
758
2911
499
225
21
304
399
35
2209
7400
68437
6714
225
20
568
79
17
21
18
2952
16
592
724
5047
68437
1175
386
1193
341
297
225
21
568
79
344
7846
910
11574
12131
8483
68437
304
361
4898
22503
35
41729
297
11892
16
68437
399
530
361
5047
396
22503
297
648
20
24816
17
21
1807
2209
910
2428
8483
396
297
648
21
24816
128410
1098
19360
382
2558
724
1161
68437
386
6714
2911
499
225
21
304
399
344
77
3077
1278
22503
225
20
7883
399
733
1232
225
1691
1011
3456
225
1691
16
2188
1656
18
225
20
1011
3456
399
18
2586
516
382
25790
724
1587
277
7849
4455
68437
399
16
689
724
1994
277
4455
68437
399
304
361
19377
396
344
5421
1577
399
13
689
402
4455
11568
45844
225
1507
20495
35
3557
382
25790
724
1587
277
7849
2331
16
689
2331
341
5047
396
4455
302
8106
19810
68437
399
16
306
724
1587
304
758
277
2331
16
516
277
22503
35
9405
1656
382
23928
277
66504
16
2964
67942
386
277
2292
494
1058
40439
2428
361
265
103364
306
277
4309
3032
1196
361
225
1691
18
2209
539
1998
1717
277
6292
396
2688
18
7517
277
2746
4060
373
5677
4222
59947
5533
213288
1304
539
4273
2312
277
2292
18
2586
539
1998
3138
265
1154
386
6714
225
2014
352
386
3018
2740
304
1717
277
1310
18
3483
1011
361
6078
67730
16
689
9745
903
341
265
122221
30
8696
724
1994
277
2331
304
361
277
4455
302
8106
19810
68437
399
16
689
724
1587
277
7849
2731
2331
16
689
724
1994
386
277
51952
188245
2331
341
277
4455
68437
399
16
306
724
1587
304
20832
386
68437
1333
18
2952
16
6035
386
68437
5637
341
516
119870
30
265
7922
2983
4455
1414
516
15644
265
7922
68437
18
2209
539
3402
4800
616
10565
382
27023
903
361
265
51952
6657
402
2983
4455
351
225
21430
35
2523
382
25790
277
5314
341
516
6482
35
2209
411
341
6482
382
25790
277
1154
36033
304
758
277
7849
2331
68437
399
16
689
724
1587
277
7849
2731
1333
302
344
5421
68437
399
13
3724
616
51952
10565
16
689
724
851
1994
386
592
277
4455
68437
399
341
225
20
16
4924
277
7849
18
7517
840
6657
674
4455
4347
302
399
16
277
7849
341
225
1691
18
2586
3097
225
2014
35
22547
903
361
265
6657
402
4455
351
225
22962
35
3483
1011
361
225
1748
893
225
21430
16
689
225
22962
341
2336
936
225
23452
35
2523
16
225
22962
460
225
23452
16
13861
1480
96272
341
225
23452
18
2586
840
382
25790
724
1994
386
277
2331
341
277
4455
302
8106
19810
68437
399
16
689
724
1587
304
1511
277
7849
2331
51952
6657
1207
2331
341
5047
396
277
4455
302
8106
19810
68437
399
16
6115
539
436
304
20832
277
4455
68437
399
16
689
539
436
6751
304
5857
839
51952
6657
16
306
539
758
386
7849
68437
1333
18
9405
1065
539
1645
382
25790
903
341
265
236759
30
461
1154
16607
4059
288
306
399
306
15616
18
99008
277
5314
341
14821
35
2209
411
4060
163513
382
25790
277
26963
436
225
20
218853
35
1437
539
2489
26963
396
225
20
218853
16
1232
15616
30
344
20
16
21
16
959
733
344
20
16
22
16
8034
733
344
21
16
22
16
4868
733
344
21
16
23
16
7726
733
344
21
16
24
16
2072
733
344
22
16
23
16
7537
680
5489
277
5314
341
1656
18
2586
840
2312
382
25790
277
2331
341
5047
396
4455
302
8106
19810
68437
399
16
689
724
1587
277
7849
2331
16
306
724
1587
304
3271
277
2331
16
516
277
22503
35
9405
1656
382
23928
277
100849
16
9745
277
2292
192497
1058
40439
341
265
20511
306
277
4309
3032
341
14233
225
1691
16
689
277
1310
642
3757
911
277
2292
1154
35
32468
297
1175
4066
16
724
2483
277
1310
4027
396
766
302
277
5224
16
306
539
1008
304
3138
304
1717
1019
18
1437
539
1774
277
2292
1154
1325
954
7878
16
411
642
3999
18
2586
539
1008
304
4475
225
2014
18
22547
411
361
386
954
88934
5664
1557
1011
758
225
1691
16
12267
40439
8221
18
2586
539
1008
304
7745
686
1030
304
771
225
2014
382
25790
277
2746
341
717
30495
30
461
2331
341
4455
68437
399
16
689
539
436
304
1511
277
7849
2331
51952
6657
16
6115
539
1587
304
20832
277
4455
68437
399
16
689
539
436
6751
304
911
839
51952
6657
16
306
539
1998
758
386
7849
68437
1333
18
2952
16
9745
539
436
6751
304
1994
277
12634
302
4738
265
51952
6657
306
1232
10944
969
4455
68437
399
16
689
539
530
851
1994
386
539
530
373
1121
6
64590
302
399
304
277
4455
498
16159
1497
15616
35
2523
382
25790
903
341
265
35736
30
8801
399
530
361
778
304
225
622
66
883
16
306
307
341
2164
16
539
1387
911
38474
898
50104
304
17208
616
2731
44914
302
51952
10565
35
9405
1065
88934
5664
1414
382
25790
277
1310
36033
225
2014
1480
724
1161
265
1497
8860
386
2428
569
4800
2761
1625
16
1013
724
2428
569
4800
277
51952
6657
1998
361
265
7849
51952
6657
402
3129
304
277
68437
2331
16
700
3077
1278
724
2428
569
8357
304
5646
265
13232
302
217007
689
402
68437
9540
35
2209
277
2746
23570
30
373
10610
277
7849
2331
302
265
51952
6657
1207
277
2331
341
5047
396
277
4455
302
8106
19810
68437
399
1304
9405
516
265
18536
386
34494
26918
25983
16
713
217007
4007
831
18
2586
88934
5664
341
4778
382
23928
277
1058
1310
66504
16
342
18294
265
103364
297
277
2746
6434
344
57009
194863
420
2292
680
7517
277
194863
4060
225
1691
16
306
277
2292
4060
225
2014
16
306
277
1749
1310
14441
1804
16
8696
277
194863
341
4309
306
277
2292
674
265
103364
35
2209
277
2746
4060
373
6534
277
2165
1154
16607
306
194863
16
7095
3138
277
1154
4546
306
1717
616
277
6292
1304
461
194863
341
766
302
277
5224
18
5489
724
2483
265
2292
1154
386
4059
70305
18
887
2428
361
386
277
2292
1154
341
1065
642
361
1161
304
1310
277
4377
344
7846
297
277
17673
5199
680
32468
724
2483
5810
1310
4027
306
851
265
2292
1154
304
1774
18
461
2292
192497
1058
40439
2428
361
277
5772
1310
1690
386
642
361
1774
18
2952
16
277
194863
851
4059
7120
16
697
2428
361
352
30678
18
610
1451
4066
16
724
1436
7120
297
277
194863
306
1232
569
265
8156
1310
20155
18
461
6035
4060
373
5677
4222
59947
5533
213288
1304
2586
277
6292
436
277
6299
297
277
2292
1154
18
2586
539
1998
1717
1731
382
23928
277
61531
16
342
1196
2292
277
852
1310
4027
297
2292
304
1565
592
724
4475
277
194863
18
461
194863
674
1217
7120
30
730
402
225
25
26963
344
1691
13
306
730
402
225
26
26963
344
18857
25592
26479
680
461
2292
674
1217
70305
352
1731
30
1058
730
4060
225
2014
16
1749
4060
225
18857
25592
26479
18
2586
1094
277
1058
35864
18
461
852
1310
4027
297
2292
436
4728
344
7846
307
33
28
16
1575
16
21333
21215
23263
18008
12257
167888
461
194863
1414
516
2549
1731
18
2586
4164
277
194863
7120
436
1060
352
30678
16
306
277
5772
1310
20155
341
277
2292
1154
18
8111
16
539
1008
304
3271
225
2014
352
386
1690
382
2608
341
903
265
52298
1528
304
771
225
2014
35
16473
996
34239
277
44914
717
14316
16
8696
342
5478
81703
697
8106
341
697
18
461
15616
436
2688
396
344
21
16
22
16
959
733
344
21
16
23
16
8034
733
344
22
16
23
16
4868
733
344
22
16
24
16
7726
733
344
22
16
25
16
2072
733
344
23
16
24
16
7537
680
16473
17208
616
51952
10565
1347
265
23093
4158
3874
2363
38278
35
2209
539
530
851
17208
616
51952
10565
3874
149006
58611
494
27408
35
3557
4494
382
25790
342
1858
387
2615
297
910
44914
18
16473
996
34239
1450
4080
188245
4455
21887
1375
17
17827
340
30
15616
344
21
16
22
32959
21
16
23
32959
22
16
24
32959
22
16
25
2738
19810
225
959
16
8034
16
7726
16
2072
351
4455
225
959
15
8034
33
4543
16
692
7726
33
20718
16
692
2072
33
20679
18
8520
388
17
17827
398
30
344
21
16
22
32959
21
16
23
32959
22
16
25
32959
23
16
24
2738
225
959
15
8034
15
2072
15
7537
351
225
959
15
8034
33
4543
16
692
2072
33
21456
16
692
7537
33
23989
18
8520
388
17
17827
346
30
344
21
16
22
32959
22
16
23
32959
22
16
24
32959
22
16
25
2738
225
959
15
4868
15
7726
15
2072
351
225
959
15
4868
33
15996
16
692
7726
33
22512
16
692
2072
33
24909
18
8520
388
17
17827
400
30
344
21
16
22
32959
22
16
23
32959
22
16
25
32959
23
16
24
2738
225
959
15
4868
15
2072
15
7537
351
225
959
15
4868
33
15996
16
692
2072
33
14815
16
692
7537
33
23452
18
8520
388
17
17827
428
30
344
21
16
22
32959
22
16
24
32959
22
16
25
32959
23
16
24
2738
225
959
15
7726
15
2072
15
7537
351
225
959
15
7726
33
14731
16
692
2072
33
20179
16
692
7537
33
24469
18
8520
388
17
17827
416
30
344
21
16
23
32959
22
16
23
32959
22
16
24
32959
22
16
25
2738
225
8034
15
4868
15
7726
15
2072
351
225
8034
15
4868
33
16583
16
692
7726
33
20589
16
692
2072
33
23989
18
8520
388
17
17827
469
30
344
21
16
23
32959
22
16
23
32959
22
16
25
32959
23
16
24
2738
225
8034
15
4868
15
2072
15
7537
351
225
8034
15
4868
33
16583
16
692
2072
33
21509
16
692
7537
33
23268
18
8520
388
17
17827
435
30
344
21
16
23
32959
22
16
24
32959
22
16
25
32959
23
16
24
2738
225
8034
15
7726
15
2072
15
7537
351
225
8034
15
7726
33
12806
16
692
2072
33
22060
16
692
7537
33
22788
18
8520
382
3196
44914
4309
382
8311
17208
893
225
21430
1375
17
225
20679
1577
225
21430
351
225
20679
17
21430
33
6494
388
17
225
23989
1577
225
21430
351
225
3124
388
17
225
24909
1577
225
21430
351
225
2589
388
17
225
23452
1577
225
21430
351
225
1691
388
17
225
24469
1577
225
21430
351
225
3501
388
17
225
23989
1577
225
21430
351
225
3124
388
17
225
23268
1577
225
21430
351
225
1960
388
17
225
22788
1577
225
21430
351
225
2281
382
4892
7849
341
225
1691
382
27872
16
592
277
2292
36033
225
2014
16
8696
724
569
265
1497
5314
35
22547
411
361
386
277
26963
436
225
20
218853
306
277
15616
1568
341
396
2688
16
689
724
2428
569
4800
386
277
5314
341
4081
306
6482
16
689
8696
277
8106
344
22
16
23
13
3935
341
225
4868
16
689
9745
724
8147
277
3935
396
68437
399
3402
35
2523
382
25790
724
1587
277
7849
2331
51952
6657
1207
2331
341
4455
68437
399
16
689
724
1587
304
758
277
2331
5513
344
77
3077
1278
277
4455
68437
399
733
689
724
1587
277
7849
2731
2331
16
697
2428
361
225
2014
592
903
341
265
51952
6657
402
4455
351
225
24215
18
2209
539
1907
1565
839
382
25790
277
5314
341
3757
1497
30
610
277
194863
16
277
15616
436
9603
297
265
3166
1991
16
689
8696
277
5314
341
516
396
539
1761
35
16473
4638
18400
277
194863
30
373
23928
265
33367
4081
6482
163513
5314
402
307
26963
306
288
15616
16
1511
277
7849
2331
302
265
51952
6657
1207
277
2331
341
5047
396
277
4455
302
8106
19810
68437
399
1304
5489
2024
30
373
5197
1219
19054
5113
32659
10251
8724
12
25
16
225
26
16
225
21430
16
33814
21
16
225
22
16
225
959
733
344
21
16
225
23
16
225
8034
733
344
22
16
225
23
16
225
4868
733
344
22
16
225
24
16
225
7726
733
344
22
16
225
25
16
225
2072
733
344
23
16
225
24
16
225
7537
134727
225
1691
3210
2586
4924
4015
382
8311
16
277
2292
1154
30
373
5648
12578
12
25
16
225
26
16
225
21430
16
33814
21
16
225
22
16
225
959
733
344
21
16
225
23
16
225
8034
733
344
22
16
225
23
16
225
4868
733
344
22
16
225
24
16
225
7726
733
344
22
16
225
25
16
225
2072
733
344
23
16
225
24
16
225
7537
134727
1377
225
2014
3210
2586
277
1094
5052
341
277
4655
1333
382
25790
903
341
265
202267
30
461
1154
341
12762
304
758
277
7849
2331
302
265
51952
6657
68437
399
16
689
724
2428
569
5047
277
2331
396
277
4455
302
8106
19810
68437
399
16
306
724
1587
277
7849
2731
1333
302
386
68437
16
689
724
1994
386
277
68437
5637
22699
265
1333
297
277
2783
648
21
16
399
128410
1437
724
5047
68437
396
373
1833
22503
890
11437
498
399
728
7400
22503
341
1360
225
20
306
399
17
21
18
2209
910
21013
19608
302
68437
530
361
4898
22503
16
700
3077
1278
22503
297
648
21
16
399
65
890
11532
14031
35
41729
297
36770
40743
16
277
32419
341
4663
297
391
20
16
21
55340
79
17
21
7342
2952
16
297
910
11574
12131
16
277
68437
9152
530
758
265
6484
22503
592
277
40124
341
6484
16
689
1743
19810
436
1713
45589
18
2586
516
382
2558
724
1161
265
8559
1207
277
22503
341
2837
4898
306
1713
41872
16
700
3077
1278
22503
297
225
21
568
79
16
1232
225
20
7883
399
18
2209
386
11413
3910
225
1691
420
225
2014
382
25790
724
1587
277
7849
4455
68437
399
16
689
724
1994
386
277
4455
68437
399
341
19377
1325
115738
16
689
724
2428
1994
277
4455
396
265
225
1507
20495
11795
306
1232
5646
68437
16
689
539
3402
589
386
382
27023
411
361
386
724
1587
277
7849
2331
51952
6657
16
306
2331
341
5047
396
4455
68437
399
16
689
724
1587
277
7849
2731
2331
16
306
724
1587
277
2331
1333
16
516
277
68437
35
9405
1656
382
23928
277
12475
16
342
1761
1850
4164
265
20511
297
277
2292
192497
1058
40439
18
7517
277
2746
6434
4059
1804
16
306
724
2132
373
6534
277
2165
1154
16607
306
194863
16
7095
3138
277
1154
4546
306
1717
616
277
6292
1304
461
194863
341
766
302
277
5224
18
32468
297
1175
4066
16
277
194863
5720
277
7120
386
277
1154
1196
22465
18
461
2292
1154
2428
361
4728
6292
18
2952
16
277
6035
373
5677
4222
59947
5533
213288
1304
10334
386
277
6292
344
8781
436
277
70305
297
277
2292
1154
13
436
277
6299
539
1998
1717
18
2209
1850
56317
697
436
277
373
32260
3210
610
1451
7654
40467
144836
145323
2773
4066
16
724
2483
277
1154
28725
306
6848
265
1310
20155
18
5378
724
2483
277
1154
16607
306
194863
16
306
1232
265
8156
2292
1154
18
887
1387
361
386
277
2292
1154
341
516
766
302
277
10393
689
1060
3577
304
24467
4655
19237
18
2952
16
724
19986
2132
373
8940
2292
35977
19054
5113
32659
10251
8724
13
304
1774
6292
1304
3483
18372
539
1196
1774
386
2292
1154
304
13561
954
4377
18
2586
1850
766
302
277
6726
382
23928
386
277
2292
192497
1058
40439
341
73411
16
539
1008
304
11135
1065
304
589
18
22977
277
4309
3032
341
14233
225
2014
16
306
954
81277
18391
265
6657
18
16473
2050
304
1565
592
903
341
265
51952
6657
402
4455
225
24215
18
2159
569
4455
225
24215
16
539
1008
3148
15616
115738
304
225
24215
18
461
2983
4455
302
616
5590
15616
341
225
27449
18
2586
592
539
5909
1217
15616
16
4455
351
225
27449
506
344
86
21
74164
22
680
2586
539
1008
423
21
74164
22
351
225
13197
18
8548
1217
15616
4455
304
225
13197
35
16205
468
8106
19810
30
225
959
16
8034
16
4868
16
7726
16
2072
16
7537
18
165080
386
4455
304
225
13197
30
225
959
15
2125
344
1612
733
225
8034
15
8028
344
1612
733
225
4868
15
11872
344
1612
733
225
7726
15
6681
344
1612
733
225
2072
15
1296
344
1612
733
225
7537
15
11342
344
1612
680
4628
18
2586
840
6657
402
4455
225
24215
3874
16927
1217
15616
18
2952
16
341
411
4778
386
265
51952
6657
341
277
20632
302
265
867
302
1217
15616
35
3557
13375
31
265
51952
6657
341
839
867
302
225
24
15616
386
31436
277
5314
2142
19871
18
887
1414
516
569
304
361
277
20632
302
1217
15616
16
689
297
265
5314
402
225
25
26963
306
225
26
15616
16
839
51952
6657
341
14233
277
20632
302
265
867
302
225
22
15616
35
41729
16
297
839
5314
16
265
51952
6657
530
361
6202
498
16927
15616
499
265
51952
6482
109044
18
1437
277
5314
341
6482
306
674
288
15616
16
265
51952
6657
341
265
13604
6482
109044
402
307
17
21
15616
18
7517
288
351
307
15
21
35
5378
307
33
25
16
288
33
26
16
713
288
351
307
15
21
18
610
265
5314
402
307
26963
306
307
15
21
15616
16
265
51952
6657
341
6202
498
16927
7662
730
8106
499
265
51952
6482
109044
386
674
307
15
21
15616
35
41729
16
265
6482
5314
402
307
26963
306
307
15
21
15616
5720
7662
730
8664
344
29753
265
6657
674
307
17
21
15616
16
4814
15616
351
344
82
15
21
22546
82
17
21
5791
22
35
26128
30
1563
265
6482
5314
16
265
51952
6657
674
307
17
21
15616
18
1437
277
5314
674
307
15
21
15616
16
1232
411
674
344
82
15
21
22546
82
17
21
5791
22
4814
15616
7835
265
6657
18
3483
2767
277
5314
5720
7662
730
8664
35
41729
265
5314
402
307
26963
306
307
15
21
15616
1387
569
730
8664
420
1217
19871
592
724
4451
15616
35
16473
16216
30
610
265
6482
5314
16
277
12525
14097
1435
344
5686
302
7821
19871
13
341
288
506
307
692
225
21
18
1563
288
351
307
15
21
16
19871
351
344
82
15
21
6030
82
15
21
351
225
22
18
2586
903
436
1217
7821
19871
18
2586
265
51952
6657
341
6202
498
16927
1217
15616
344
29753
539
1008
304
5909
225
22
15616
304
704
499
307
15
21
15616
304
307
17
21
15616
680
20987
16
839
51952
6657
530
361
4156
396
277
4425
5314
30774
265
867
302
225
22
15616
386
19976
616
19871
18
2952
16
516
1440
867
302
225
22
15616
14460
22699
265
51952
6657
31
411
1998
1193
297
265
6482
5314
18
2209
1850
1641
386
265
51952
6657
21062
304
16927
7662
225
22
15616
499
277
5314
1175
386
277
10652
5314
341
6482
306
183005
344
77
3077
1278
265
6657
680
2586
954
81277
302
616
225
24
39066
50104
341
11104
304
616
225
22
39066
86261
18
2586
539
9494
616
21254
18
2586
840
6657
402
4455
225
24215
382
27872
16
277
3032
1196
361
225
1691
382
23928
386
277
1749
1310
14441
194863
306
2292
16
306
277
1058
1310
297
194863
341
225
1691
16
1706
2292
4060
225
2014
16
2964
67942
386
277
2292
494
1058
40439
341
265
103364
306
277
4309
4655
1333
341
225
1691
18
2952
16
304
361
6085
16
539
1387
15698
277
852
1310
4027
297
2292
304
1565
592
724
851
569
77075
402
277
194863
35
461
194863
1094
674
1217
7120
16
713
840
382
25790
277
2746
15422
1078
1497
5463
16
306
277
194863
540
7557
689
277
2292
9257
18
19223
717
3522
16
1850
44406
304
10987
265
103364
18
7517
539
1998
1717
277
6292
16
539
1387
3138
265
4377
386
6714
225
2014
352
386
3018
2740
304
1717
277
2292
16
689
386
1011
361
56858
306
1011
4759
592
277
5772
10393
5119
277
194863
35
32468
297
1131
373
100951
277
1154
6
8013
16
277
8887
1310
4027
436
8156
306
516
3577
18
461
2292
1154
341
3419
396
265
1528
304
1310
20845
16
689
277
2522
10393
2428
911
1497
6292
18
461
2746
4060
373
10112
616
277
6292
1304
887
4007
15010
3473
277
6292
436
277
6299
297
277
2292
1154
420
4728
8887
6292
18
36443
16
297
1175
4066
344
7846
366
7654
40467
16
2130
305
3854
16
4115
17677
277
1310
20155
341
8887
306
277
3419
7120
436
1060
37925
18
2952
16
1743
724
19986
2483
265
2292
1154
306
2132
373
8940
2292
35977
19054
5113
32659
10251
8724
13
304
1774
6292
1304
3483
10334
386
277
2292
1154
341
277
1310
20155
386
642
361
1161
352
23282
344
50180
297
387
21633
58265
1181
386
10424
386
5204
2292
680
610
1451
2486
32313
16
724
2483
277
2363
386
10424
6292
16
306
539
1094
1008
304
3138
277
1154
18
461
3419
2363
2781
4059
265
1310
34030
18
610
492
1690
16
277
2746
6434
4059
277
2292
1154
396
766
302
277
5224
16
689
1850
4164
386
277
5772
10393
642
1774
386
2292
344
273
3600
13
2737
954
7878
18
2586
539
1998
4475
277
70305
297
2292
382
23928
386
277
1058
40439
341
41514
402
277
194863
16
8696
277
194863
341
6078
306
277
2292
341
4309
18
16473
13561
277
1749
40439
30
307
33
26
26388
33
25
24816
33
7858
18833
22460
16
15616
396
2688
18
3483
341
265
6657
16
713
1094
730
51952
6657
16
4455
893
399
351
225
18857
25592
26479
18
3483
14441
1804
194863
306
2292
18
2586
840
4264
903
382
27872
16
1094
277
1058
1310
341
34233
18
22547
411
361
386
277
1058
1310
297
2292
341
516
277
1656
396
277
1058
297
194863
35
2227
436
7662
277
1656
2740
18
2586
1850
265
4081
66504
382
44125
342
1858
265
20511
297
13131
277
4455
352
730
302
277
10565
386
2428
361
4080
689
539
18391
1480
302
265
8664
9957
2615
35
16473
4638
18400
17827
344
20
16
22
16
23
16
25
13
539
13122
15235
1480
302
8664
344
23
16
24
680
2209
1065
592
539
1343
15616
297
265
1497
1991
306
277
8664
341
516
11675
3369
3735
35
461
29192
57
1557
30
592
468
839
1646
539
1511
387
8106
16807
1217
26963
3402
297
277
1656
4942
16
386
2767
277
8106
12651
265
8664
18
957
341
7821
302
1991
18
2586
592
277
867
5720
265
8664
16
903
642
361
468
2750
730
8106
386
31436
1217
26963
3402
6482
498
3733
15616
18
2586
9957
341
4309
382
2608
1387
903
361
265
6657
386
539
18391
1480
539
3592
411
1078
265
8664
689
3757
411
4746
35
16473
15698
344
20
16
21
16
23
16
25
13
539
1392
15235
1480
8106
344
23
16
24
13
12651
265
8664
18
4790
5993
225
20
16
21
16
23
30
5721
30
391
21
16
22
97
499
225
20
31
391
21
16
22
16
23
97
499
225
21
31
391
21
16
22
16
23
16
24
97
499
225
23
18
5489
8106
344
23
16
24
13
31436
225
23
306
225
24
16
1804
297
1656
4942
16
713
8664
18
2586
15235
382
12
20
16
22
16
23
16
25
13
3600
382
12
21
16
22
16
23
16
25
13
15235
382
12
22
16
23
16
24
16
25
13
15235
382
12
23
16
24
16
25
16
26
13
4007
2893
382
4892
954
81277
5563
4631
382
27872
16
277
7849
893
341
225
1691
382
23928
277
12475
16
342
1761
277
1210
52298
14915
341
386
277
2292
192497
1058
40439
341
265
103364
306
1196
361
225
1691
18
2952
16
396
265
52992
16
342
1008
304
6496
265
4377
386
19553
277
6292
18
7517
342
4273
14637
277
6292
16
342
1387
3138
277
1154
304
758
225
2014
352
386
3018
2740
16
689
386
1011
361
16474
93
306
1011
4164
4759
852
6292
344
7846
277
1749
680
2209
8696
277
109892
1094
16871
277
1154
2737
277
8887
6292
16
516
277
3419
2292
18
32468
297
1131
4066
16
277
3419
2292
341
1060
352
30678
306
516
766
302
277
58265
18
461
2746
4060
373
6534
277
2165
1154
16607
306
194863
16
7095
3138
277
1154
4546
306
1717
616
277
6292
1304
887
1232
4213
277
194863
306
1232
265
2292
1154
18
2209
277
2292
1154
341
4164
766
302
277
2746
6434
304
1436
1065
6292
642
361
1774
18
610
1451
7654
40467
144836
145323
4066
16
724
2483
277
1310
4027
297
277
5224
16
306
385
1008
304
1265
593
2363
1717
1731
18
461
5224
4059
1804
277
194863
7120
306
277
2292
1154
18
2952
16
277
194863
7120
2428
361
277
6299
386
436
10753
18
461
2292
1154
2428
361
387
4728
23282
16
689
516
13375
277
6332
1310
20155
382
19477
1412
277
2746
6434
14316
1375
6
6534
277
2165
1154
16607
306
194863
16
7095
3138
277
1154
4546
306
1717
616
277
6292
18
1995
5677
4222
59947
5533
213288
28430
5640
3161
23225
1250
3914
16
54040
2390
1847
1219
19054
5113
32659
10251
8724
4020
30
853
16
288
30
853
16
399
30
853
16
15616
30
3914
210758
37990
16
853
16
853
85867
2649
853
638
298
4074
344
208999
465
298
12567
1847
2292
180005
2407
298
905
25585
1310
4027
203
298
3999
12578
12
25
16
225
26
16
225
21430
16
33814
21
16
225
22
16
225
959
733
344
21
16
225
23
16
225
8034
733
344
22
16
225
23
16
225
4868
733
344
22
16
225
24
16
225
7726
733
344
22
16
225
25
16
225
2072
733
344
23
16
225
24
16
225
7537
134727
1377
225
2014
203
298
13361
7203
669
166614
373
6534
277
2165
1154
16607
306
194863
16
7095
3138
277
1154
4546
306
1717
616
277
6292
18
1995
5677
4222
59947
5533
213288
11164
6
10334
386
277
6292
436
277
6299
386
642
361
1774
16
306
539
1196
516
14637
1019
18
887
1232
4213
277
1154
16607
306
194863
16
306
1232
265
2292
1154
386
5720
1310
4027
18
2586
277
2292
1154
341
277
1310
20155
18
2586
539
1998
1717
1731
70305
382
27872
16
539
1008
304
3271
225
2014
352
386
2740
18
2209
1030
1387
386
361
38932
35
22977
903
341
265
122221
30
461
2331
341
277
4455
302
8106
19810
68437
399
16
689
8696
724
1587
277
7849
2731
2331
16
306
724
8483
2331
396
277
4455
302
8106
19810
344
1876
68437
13
306
1232
724
1863
68437
302
386
4455
35
9405
1065
539
1645
18
2523
5052
382
25790
724
1994
386
277
51952
188245
2331
341
277
4455
302
344
10910
19810
68437
399
733
700
3077
1278
1450
3935
341
4582
68437
399
1058
16
1232
82451
16
1232
8696
68437
399
1754
35
3483
341
1656
396
4455
68437
399
1480
19810
436
3402
2336
936
399
18
2586
1656
382
25790
724
1994
386
277
5314
341
14821
35
2523
382
25790
277
26963
436
225
20
218853
16
689
277
15616
436
2688
396
225
21
218853
35
3483
4007
2312
19810
382
25790
277
1154
341
4655
304
17208
277
7849
51952
6657
2387
366
277
68437
2331
16
6115
539
1008
304
1511
265
51952
6657
386
74282
277
4455
68437
399
16
689
539
436
6751
304
911
277
1689
386
307
341
2164
306
539
530
911
38474
898
50104
304
17208
616
2731
44914
16
306
1232
1863
1219
893
18
9405
1065
88934
5664
1414
382
23928
277
88934
5664
1557
22699
225
1691
16
8696
903
341
387
2615
297
922
4455
352
910
6657
30
16473
996
34239
17827
400
344
20
16
22
16
24
16
25
13
351
15616
344
21
16
22
16
959
733
344
22
16
23
16
4868
733
344
22
16
25
16
2072
733
344
23
16
24
16
7537
680
14610
351
225
959
15
4868
33
15996
16
225
15996
15
2072
33
14815
16
225
14815
15
7537
33
23452
18
9405
4309
382
2608
8696
277
3935
302
8106
344
22
16
23
13
341
225
4868
16
689
8696
1850
225
4405
35
461
1568
4060
225
4868
18
22547
411
361
386
277
3935
341
225
4868
689
342
5478
99116
35
225
959
15
4868
33
15996
16
692
2072
33
14815
16
692
7537
33
23452
18
8520
382
1974
592
277
3935
302
344
22
16
25
13
341
225
2125
35
887
4060
225
2072
18
2523
382
25790
277
8106
344
23
16
24
13
3935
341
225
1793
35
887
4060
225
7537
382
25790
903
341
265
51952
6657
539
18391
386
674
4455
225
24215
18
16473
2050
304
1511
265
867
302
225
24
15616
386
44914
304
225
24215
18
1283
530
2050
616
22124
136329
16
689
2650
539
4445
1774
2363
1616
16
13640
5842
23093
30
1283
569
225
26
15616
18
1283
1008
304
5229
225
24
15616
18
461
2983
4455
302
616
225
26
341
225
27449
18
2586
592
539
5229
225
24
15616
16
4455
351
225
27449
506
344
5421
302
277
1217
33326
680
2586
539
1008
1217
33326
15616
386
4455
304
225
13197
18
1283
3402
9603
616
15278
306
5023
4455
304
225
13197
18
2586
840
6657
402
4455
225
24215
18
2586
14233
840
6657
402
4455
225
24215
382
27872
16
277
7849
893
341
225
1691
382
4892
277
1094
1528
304
771
225
2014
341
592
277
4655
3271
341
225
2014
16
697
1011
361
6078
67730
18
22547
411
361
386
724
1587
277
7849
2331
51952
6657
1207
2331
341
4455
68437
399
16
689
724
1587
277
7849
2731
1333
302
386
68437
16
306
724
1994
386
277
68437
5637
22699
265
1333
297
277
2783
648
21
16
399
65
306
724
1587
277
7849
4898
16
306
592
277
7849
341
225
20
724
3271
399
35
2209
225
1691
341
2188
4898
306
2336
936
225
2014
18
2586
840
382
25790
724
1587
277
7849
4455
344
35171
68437
13
306
1232
3271
386
4455
68437
399
35
3483
1011
361
96272
4455
893
399
351
225
1691
18
3557
225
2014
382
25790
724
1587
277
7849
4455
68437
399
16
689
724
1994
386
277
4455
341
19377
396
277
4455
302
8106
19810
16
306
1232
724
1863
68437
399
16
689
724
1587
277
7849
2731
4455
68437
399
16
306
724
1587
277
2331
16
689
724
851
1994
386
592
277
4455
68437
399
341
225
20
16
724
1587
304
3271
399
35
3483
4007
2312
225
1691
382
23928
277
133336
16
2964
6857
304
1761
386
277
2292
192497
1058
40439
341
265
20511
306
1196
361
225
1691
18
610
1451
2486
4066
16
5361
4156
1175
77075
1207
277
2024
297
277
194863
306
277
1310
3271
1173
16
306
277
4309
730
341
277
730
297
277
194863
1480
277
194863
341
766
302
277
1154
21542
18
6755
16
277
1749
1310
14441
1804
18
461
852
1310
4027
297
277
2292
436
2927
306
4164
2485
265
4309
7878
18
2586
9916
10987
277
4309
3032
352
277
1058
1690
341
225
1691
382
2608
304
361
12978
2897
16
342
1387
3138
277
88934
5664
306
1565
1065
3271
411
6632
352
386
2740
18
7517
342
4273
1774
2363
1743
16
342
1008
304
6724
922
81277
18
2964
19814
386
277
7849
893
341
225
1691
382
10917
16
277
2746
2428
361
499
265
3149
1207
277
3032
341
14233
225
2014
18
16473
4638
18400
277
8106
1568
30
344
21
16
22
16
959
733
344
21
16
23
16
8034
733
344
22
16
23
16
4868
733
344
22
16
24
16
7726
733
344
22
16
25
16
2072
733
344
23
16
24
16
7537
680
22547
903
361
265
51952
6657
402
15616
344
21
16
22
16
959
733
344
22
16
24
16
7726
733
344
22
16
25
16
2072
733
344
23
16
24
16
7537
15309
9405
6657
428
30
4455
225
24469
16
893
225
3501
18
344
21
16
23
16
8034
32959
22
16
24
16
7726
32959
22
16
25
16
2072
32959
23
16
24
16
7537
13
6657
435
30
225
22788
893
225
2281
18
344
21
16
23
16
8034
32959
22
16
23
16
4868
32959
22
16
25
16
2072
32959
23
16
24
16
7537
13
6657
469
30
225
23268
893
225
1960
18
344
21
16
22
16
959
32959
22
16
23
16
4868
32959
22
16
25
16
2072
32959
23
16
24
16
7537
13
6657
400
30
225
23452
893
225
1691
18
344
21
16
22
16
959
32959
21
16
23
16
8034
32959
22
16
25
16
2072
32959
23
16
24
16
7537
13
6657
398
30
225
23989
893
225
3124
18
344
21
16
22
16
959
32959
21
16
23
16
8034
32959
22
16
24
16
7726
32959
22
16
25
16
2072
13
6657
340
30
225
20679
893
225
6494
18
344
21
16
23
16
8034
32959
22
16
23
16
4868
32959
22
16
24
16
7726
32959
22
16
25
16
2072
13
6657
416
30
225
23989
893
225
3124
18
9405
616
382
25790
903
341
265
6657
344
21
16
22
16
959
32959
21
16
23
16
8034
32959
22
16
23
16
4868
32959
22
16
25
16
2072
15309
3483
1011
361
225
24
15616
689
4059
26918
344
21
16
22
16
21
16
23
16
22
16
23
13
713
15235
18
344
21
16
22
16
959
32959
22
16
23
16
4868
32959
22
16
24
16
7726
32959
23
16
24
16
7537
13
1011
361
225
24
15616
30
225
959
15
4868
15
7726
15
7537
33
11313
35
225
959
15
4868
33
15996
16
692
7726
33
22512
16
692
7537
33
11313
18
9405
4455
225
11313
5
16722
539
1994
386
7799
35
3483
1011
361
15616
344
21
16
22
733
344
22
16
23
733
344
22
16
24
733
344
23
16
24
680
9405
15616
23864
225
20
16
22
16
23
16
25
18
9405
7799
344
20
16
22
16
23
16
25
680
1283
7977
13122
344
20
16
22
16
23
16
25
13
396
15235
1480
302
8664
35
16473
2292
344
20
16
22
16
23
16
25
2738
15616
30
225
20
30
21
17
22
16
225
22
30
22
17
23
16
225
23
30
22
17
24
16
225
25
30
23
17
24
18
9583
638
17
225
20
30
591
391
21
16
22
732
17
225
22
30
8106
344
22
16
23
13
31436
225
22
306
225
23
2649
591
391
21
16
22
16
23
732
17
225
23
30
8106
344
22
16
24
13
31436
225
22
306
225
24
2649
591
391
21
16
22
16
23
16
24
732
17
225
25
30
8106
344
23
16
24
13
31436
225
23
306
225
24
16
1804
297
1656
591
2649
8664
18
2586
15235
18
20987
16
344
20
16
22
16
23
16
25
13
5720
265
8664
1480
225
22
17
23
16
23
17
24
16
22
17
24
1027
265
26918
35
41729
26963
30
225
22
16
23
16
24
30
15616
344
22
16
23
733
344
23
16
24
733
344
22
16
24
13
436
616
1831
35
1283
569
344
22
16
23
13
499
8106
22
16
344
23
16
24
13
499
8106
25
16
306
344
22
16
24
13
499
8106
23
18
2586
12035
16
26918
18
2586
1850
516
265
6657
18
2586
386
7799
341
15235
18
2586
4455
225
11313
516
67523
396
265
6657
382
1974
819
344
21
16
23
16
8034
32959
22
16
23
16
4868
32959
22
16
24
16
7726
32959
23
16
24
16
7537
13
341
344
21
16
22
16
23
16
25
13
7799
35
9405
23864
225
21
16
22
16
23
16
25
18
6621
30
15616
225
21
30
21
17
23
16
225
22
30
22
17
23
16
225
23
30
22
17
24
16
225
25
30
23
17
24
18
9583
638
17
225
21
30
591
391
21
16
23
732
17
225
22
30
8106
344
22
16
23
13
31436
225
22
306
225
23
2649
591
391
21
16
22
16
23
732
17
225
23
30
8106
344
22
16
24
13
31436
225
22
306
225
24
2649
591
391
21
16
22
16
23
16
24
732
17
225
25
30
8106
344
23
16
24
13
31436
225
23
306
225
24
2649
8664
18
32996
382
1974
819
344
21
16
22
16
959
32959
21
16
23
16
8034
32959
22
16
24
16
7726
32959
23
16
24
16
7537
13
341
344
20
16
21
16
23
16
25
2738
15616
30
225
20
30
21
17
22
16
21
30
21
17
23
16
23
30
22
17
24
16
25
30
23
17
24
18
9583
638
17
225
20
30
391
21
16
22
732
17
225
21
30
391
21
16
22
16
23
732
17
225
23
30
391
21
16
22
16
23
16
24
732
17
225
25
30
8106
344
23
16
24
13
31436
225
23
306
225
24
2649
8664
18
32996
382
1974
819
344
21
16
22
16
959
32959
22
16
23
16
4868
32959
22
16
25
16
2072
32959
23
16
24
16
7537
13
539
3402
569
344
20
16
22
16
24
16
25
13
351
4080
4455
225
23452
382
1974
819
344
21
16
22
16
959
32959
21
16
23
16
8034
32959
22
16
23
16
4868
32959
22
16
25
16
2072
13
341
344
20
16
21
16
22
16
24
2738
5720
26918
16
15235
382
1974
819
344
21
16
22
16
959
32959
21
16
23
16
8034
32959
22
16
23
16
4868
32959
23
16
24
16
7537
13
341
344
20
16
21
16
22
16
25
2738
26918
16
15235
382
1974
819
344
21
16
22
16
959
32959
21
16
23
16
8034
32959
22
16
24
16
7726
32959
23
16
24
16
7537
13
341
344
20
16
21
16
23
16
25
13
15235
382
1974
819
344
21
16
22
16
959
32959
22
16
23
16
4868
32959
22
16
24
16
7726
32959
23
16
24
16
7537
13
539
3402
1645
344
20
16
22
16
23
16
25
13
15235
382
1974
819
344
21
16
23
16
8034
32959
22
16
23
16
4868
32959
22
16
24
16
7726
32959
23
16
24
16
7537
13
341
344
21
16
22
16
23
16
25
13
15235
382
1974
819
344
21
16
22
16
959
32959
22
16
24
16
7726
32959
22
16
25
16
2072
32959
23
16
24
16
7537
13
341
344
20
16
23
16
24
16
25
13
4080
4455
225
24469
382
1974
819
344
21
16
22
16
959
32959
21
16
23
16
8034
32959
22
16
25
16
2072
32959
23
16
24
16
7537
13
341
344
20
16
21
16
24
16
25
13
4080
4455
225
23989
382
1974
819
344
21
16
23
16
8034
32959
22
16
23
16
4868
32959
22
16
25
16
2072
32959
23
16
24
16
7537
13
341
344
21
16
22
16
24
16
25
13
4080
4455
225
23268
382
1974
819
344
21
16
23
16
8034
32959
22
16
24
16
7726
32959
22
16
25
16
2072
32959
23
16
24
16
7537
13
341
344
21
16
23
16
24
16
25
13
4080
4455
225
22788
382
1974
819
344
21
16
22
16
959
32959
22
16
23
16
4868
32959
22
16
24
16
7726
32959
22
16
25
16
2072
13
341
344
20
16
22
16
23
16
24
13
4080
4455
225
24909
382
1974
819
344
21
16
22
16
959
32959
21
16
23
16
8034
32959
22
16
24
16
7726
32959
22
16
25
16
2072
13
341
344
20
16
21
16
23
16
24
13
4080
4455
225
20679
382
1974
819
344
21
16
22
16
959
32959
21
16
23
16
8034
32959
22
16
23
16
4868
32959
22
16
24
16
7726
13
341
344
20
16
21
16
22
16
23
13
15235
382
1974
819
344
21
16
22
16
959
32959
21
16
23
16
8034
32959
22
16
23
16
4868
32959
22
16
25
16
2072
13
15235
382
1974
819
344
21
16
22
16
959
32959
21
16
23
16
8034
32959
22
16
23
16
4868
32959
23
16
24
16
7537
13
15235
382
1974
819
344
21
16
22
16
959
32959
22
16
23
16
4868
32959
22
16
24
16
7726
32959
22
16
25
16
2072
13
539
569
382
1974
819
344
21
16
23
16
8034
32959
22
16
23
16
4868
32959
22
16
24
16
7726
32959
22
16
25
16
2072
13
539
569
382
1974
819
344
21
16
22
16
959
32959
22
16
24
16
7726
32959
22
16
25
16
2072
32959
23
16
24
16
7537
13
539
569
382
1974
819
344
21
16
22
16
959
32959
21
16
23
16
8034
32959
22
16
24
16
7726
32959
23
16
24
16
7537
13
15235
382
1974
819
344
21
16
22
16
959
32959
21
16
23
16
8034
32959
22
16
25
16
2072
32959
23
16
24
16
7537
13
539
569
382
1974
819
344
21
16
23
16
8034
32959
22
16
23
16
4868
32959
22
16
24
16
7726
32959
23
16
24
16
7537
13
15235
382
1974
819
344
21
16
22
16
959
32959
22
16
23
16
4868
32959
22
16
24
16
7726
32959
23
16
24
16
7537
13
15235
382
1974
819
344
21
16
22
16
959
32959
21
16
23
16
8034
32959
22
16
23
16
4868
32959
22
16
24
16
7726
13
15235
382
1974
819
344
21
16
22
16
959
32959
21
16
23
16
8034
32959
22
16
23
16
4868
32959
22
16
25
16
2072
13
15235
382
1974
819
344
21
16
22
16
959
32959
21
16
23
16
8034
32959
22
16
23
16
4868
32959
23
16
24
16
7537
13
15235
382
1974
819
344
21
16
22
16
959
32959
22
16
23
16
4868
32959
22
16
24
16
7726
32959
22
16
25
16
2072
13
539
569
382
1974
819
344
21
16
23
16
8034
32959
22
16
23
16
4868
32959
22
16
24
16
7726
32959
22
16
25
16
2072
13
539
569
382
1974
819
344
21
16
22
16
959
32959
22
16
24
16
7726
32959
22
16
25
16
2072
32959
23
16
24
16
7537
13
539
569
382
1974
819
344
21
16
22
16
959
32959
21
16
23
16
8034
32959
22
16
24
16
7726
32959
22
16
25
16
2072
13
539
569
382
1974
819
344
21
16
22
16
959
32959
21
16
23
16
8034
32959
22
16
25
16
2072
32959
23
16
24
16
7537
13
539
569
382
1974
819
344
21
16
23
16
8034
32959
22
16
23
16
4868
32959
22
16
25
16
2072
32959
23
16
24
16
7537
13
539
569
382
1974
819
344
21
16
23
16
8034
32959
22
16
24
16
7726
32959
22
16
25
16
2072
32959
23
16
24
16
7537
13
539
569
382
27872
16
616
10565
436
9494
18
2586
7849
893
341
225
1691
382
23928
386
16
342
1761
277
2292
192497
1058
40439
341
387
2615
18
2952
16
277
2746
19986
4060
516
304
14637
277
6292
16
713
539
1998
1265
954
1154
1717
1019
18
22547
539
9745
101436
277
192497
6059
35
14812
724
1587
277
7849
2331
302
265
51952
6657
1207
277
2331
341
5047
396
277
4455
302
8106
19810
68437
399
16
689
724
1587
277
7849
2731
2331
16
306
724
1587
277
2331
5513
16
516
277
22503
35
9405
1656
382
25790
724
1587
277
7849
2731
4455
344
35171
68437
13
306
1232
3271
386
4455
68437
399
35
3483
1011
361
96272
4455
893
399
351
225
1691
18
3557
225
2014
382
25790
724
1587
277
7849
2731
1333
302
277
4455
68437
399
16
689
724
1994
386
277
68437
5637
22699
265
1333
297
277
2783
648
20
16
399
17
21
65
306
724
1587
277
7849
16
689
724
851
1994
386
592
277
4455
68437
399
341
225
20
16
4924
277
7849
16
689
225
1691
341
516
225
20
18
2586
840
382
25790
903
341
387
1115
14530
20740
297
277
68437
2920
304
1347
225
21
218853
26963
35
2523
382
25790
277
1154
36033
304
758
277
7849
2331
68437
399
16
689
724
1587
277
2331
396
387
11795
297
648
20
24816
17
21
2315
306
724
1587
277
7849
16
689
8696
724
1994
386
277
2331
341
277
4455
302
8106
19810
16
306
1232
724
1863
68437
399
16
689
724
1587
277
7849
2731
2331
16
306
724
1587
277
2331
16
516
277
22503
35
9405
1656
382
23928
277
133336
16
2964
67942
386
277
2292
192497
1058
40439
341
265
103364
16
306
277
4309
3032
341
225
1691
18
610
1451
17673
9010
13494
16
277
194863
7120
436
766
302
277
2746
6434
306
436
1161
396
5810
6292
16
306
277
8887
6292
436
10358
402
1019
18
461
2292
1154
2428
361
387
4728
23282
386
277
12578
530
911
16
689
1850
516
277
6332
1310
20155
18
461
2746
4060
373
8940
2292
35977
19054
5113
32659
10251
8724
13
304
1774
6292
1304
3483
1387
361
265
27433
352
277
12578
304
1310
725
4377
20845
16
689
277
5772
58265
2428
911
265
1497
1310
20155
18
32468
297
1175
4066
344
7846
366
7654
40467
16
724
2483
265
1154
28725
306
1232
265
1310
20155
297
277
2363
2732
386
642
361
1774
2737
593
4377
680
610
492
1690
16
277
2363
2732
4059
277
1154
8559
306
1232
277
2292
1154
18
461
11279
3920
352
7654
40467
341
386
724
3050
277
1154
304
3138
16
306
1232
903
341
265
373
3761
6
1154
386
10424
6292
16
306
385
436
12762
304
14637
1094
277
1154
16
516
277
2292
18
461
2292
341
766
302
277
3167
18
2586
592
539
1774
2292
1325
954
7878
16
411
642
4759
1480
539
3271
225
1691
689
2292
36033
225
2014
18
2586
386
1011
361
265
2746
382
25790
539
1008
304
316
171902
277
1058
1310
30
9745
342
5478
105464
277
893
352
277
96272
18
16473
17208
225
23452
1577
225
21430
30
225
21430
14
21
33
21430
16
225
23452
17
21430
33
1691
18
8520
18
225
1691
382
1974
592
724
1994
68437
396
297
373
1833
22503
890
11437
498
399
728
689
724
2428
1994
277
22503
304
361
297
277
2783
648
21
16
399
65
344
77
3077
1278
225
20
7883
399
680
5489
225
1691
30628
225
1691
382
1974
592
724
1994
386
277
2331
341
277
4455
302
8106
19810
68437
399
16
689
724
1587
277
7849
2731
2331
16
306
724
1587
277
2331
16
689
724
2428
569
265
1497
8559
302
373
67654
2331
26471
22547
411
361
386
724
1587
277
51952
6657
386
74282
277
4455
68437
399
16
306
592
903
436
4347
16
724
1587
277
730
402
21820
2983
3935
35
3483
1011
2188
8138
225
1691
382
25790
277
5314
341
516
396
539
1761
30
461
26963
436
51370
499
225
20
35
1437
26963
436
225
20
218853
16
1232
15616
30
344
20
16
21
16
959
733
344
20
16
22
16
8034
733
344
21
16
22
16
4868
733
344
21
16
23
16
7726
733
344
21
16
24
16
2072
733
344
22
16
23
16
7537
680
9405
277
1656
5314
18
2586
840
2312
382
25790
277
1154
16607
4059
288
16
689
539
1196
14801
288
35
2523
382
25790
277
1154
341
12762
304
17208
277
7849
51952
6657
402
3129
304
277
19810
16
689
1232
758
277
2983
3935
68437
399
35
3483
1011
361
96272
2983
3935
68437
399
351
225
1691
18
3557
225
2014
382
25790
277
1154
341
12762
304
17208
277
7849
2331
51952
6657
1207
2331
341
4455
68437
399
16
689
724
1587
277
2331
16
306
724
2428
569
387
1115
14530
20740
1480
724
1994
386
277
4455
341
19377
396
277
4455
302
8106
19810
16
306
1232
724
1863
68437
399
16
689
724
1587
277
7849
2731
1333
302
386
68437
16
306
724
2428
569
265
11336
297
725
1310
31518
225
2014
35
22547
361
382
23928
277
6056
16
342
1761
277
71070
341
304
3138
277
88934
5664
306
6724
386
277
1310
20155
344
15694
13
341
10358
402
277
18291
3032
18
2952
16
277
2746
19986
3979
277
2292
1154
306
4060
373
8940
2292
35977
19054
5113
32659
10251
8724
13
304
1774
6292
1304
957
10334
386
277
2292
1154
341
277
1310
20155
386
642
361
1161
304
12476
18
610
1451
7654
40467
144836
145323
4066
16
724
2483
277
1310
4027
297
277
5224
16
306
385
1008
304
1265
593
2363
1717
1731
18
2586
539
1998
4475
277
2292
382
23928
386
277
1749
1310
14441
16
8696
277
1058
1310
341
265
103364
306
277
9444
3032
341
225
1691
16
689
277
2292
4060
225
2014
18
22547
411
361
386
342
5478
105464
277
4455
352
910
6657
386
341
3757
4080
306
6632
893
225
2014
35
16473
2050
304
1511
839
6657
402
4455
893
225
21430
351
225
2014
18
3483
2767
4455
92379
225
2014
344
3664
225
21430
680
7517
44914
436
1360
225
23452
306
225
20679
16
277
1094
2731
44914
297
386
2783
386
436
92379
2014
893
225
21430
436
225
2014
16
225
24215
16
225
26629
16
4115
18
225
24215
341
277
1094
12578
344
29753
225
2014
341
2502
2674
16
225
26629
341
1518
20679
680
2586
539
1008
265
6657
402
4455
225
24215
18
1737
23069
16
840
6657
674
4455
225
24215
18
2209
1387
903
361
265
6657
402
4455
225
24215
499
265
1497
7799
302
15616
386
539
12831
4800
1480
539
16334
277
5314
674
1094
1731
225
26
15616
35
887
1414
18
2586
840
382
59685
277
5314
341
516
4081
35
2209
411
341
4081
382
25790
277
19810
436
516
396
9603
35
16473
316
25735
277
194863
30
373
5197
1219
19054
5113
32659
10251
8724
12
25
16
225
26
16
225
21430
16
33814
21
16
225
22
16
225
959
733
344
21
16
225
23
16
225
8034
733
344
22
16
225
23
16
225
4868
733
344
22
16
225
24
16
225
7726
733
344
22
16
225
25
16
225
2072
733
344
23
16
225
24
16
225
7537
134727
225
1691
3210
9405
4015
382
8311
16
277
2292
192497
40439
5119
277
1656
1568
18
2586
1850
277
1656
2740
382
27872
16
342
1761
903
341
265
20511
297
277
2292
18
18750
386
277
2746
6434
2428
569
961
9724
7377
306
5720
265
103364
16
9916
10987
277
4309
4655
1333
341
225
1691
18
2952
16
304
361
6085
16
342
1387
3138
265
4377
386
23675
1804
35
2523
382
25790
539
530
15698
277
852
1310
4027
297
277
2292
304
1565
592
839
302
1019
851
569
265
66504
1360
194863
306
2292
35
461
194863
1094
674
1217
7120
18
461
2292
674
1451
717
18
2586
277
194863
341
1060
352
30678
31
277
5772
6292
436
277
2292
18
8111
16
539
1998
4475
277
2292
18
2586
539
1008
304
3271
225
2014
352
386
2740
18
2209
1030
530
539
8047
225
2014
35
22977
539
175538
277
2331
30
373
1833
2331
341
5047
396
277
4455
302
8106
19810
68437
399
1304
22547
411
361
386
724
1587
277
7849
2731
1333
302
344
5421
302
8106
19810
13
68437
399
16
689
724
1994
386
277
68437
5637
22699
265
1333
297
277
2783
648
21
16
399
65
306
724
1587
277
7849
16
306
592
277
7849
341
225
20
724
3271
399
35
3483
4007
2312
382
25790
724
1587
277
7849
2331
51952
6657
1207
277
2331
341
277
4455
302
8106
19810
68437
399
16
306
724
1587
304
758
277
2331
16
689
724
1587
277
2331
304
361
277
4455
302
8106
19810
344
35171
68437
13
306
1232
68437
399
35
9405
1656
382
25790
724
1587
277
7849
2731
4455
68437
399
16
689
724
1587
277
2331
16
306
724
1587
277
2331
396
387
11795
297
648
20
24816
17
21
2315
689
724
1587
277
7849
2731
2331
16
306
724
1994
386
592
277
4455
68437
399
341
225
20
16
4924
277
7849
16
689
225
1691
341
516
225
20
382
27023
411
361
386
724
1994
277
4455
68437
399
396
277
2331
16
306
724
1587
304
20832
386
2331
16
689
724
851
1587
304
3271
277
2331
302
277
7849
51952
6657
402
3129
304
910
852
18536
35
2523
382
25790
903
341
265
35736
30
8801
307
341
2164
344
26720
28
733
539
1387
851
1994
386
277
5314
2428
569
4347
15616
35
2209
411
4060
4081
382
23928
277
131302
16
9916
3612
2486
4625
30
2278
341
265
3162
2746
373
44573
51952
6657
893
399
6
499
910
22662
35
99008
499
38675
164288
1395
35
342
19877
265
2746
373
44573
51952
6657
68437
6
689
516
2897
382
71093
16
8696
277
2746
36033
471
304
17208
277
7849
51952
6657
402
3129
304
277
19810
16
689
1232
758
277
2983
3935
68437
399
16
306
277
1310
297
2292
341
4309
18
2209
539
19377
96272
2983
3935
225
23452
16
893
225
21430
351
225
1691
16
689
724
2132
225
2014
18
22547
277
96272
2983
3935
361
225
24215
35
16473
17771
14299
277
96272
1347
217007
14316
16
11532
386
15616
436
163513
306
539
1008
304
5096
498
3935
18
119924
15616
498
3935
638
17
344
23
16
24
16
7537
465
17
344
22
16
23
16
4868
465
17
344
22
16
24
16
7726
465
17
344
22
16
25
16
2072
465
17
344
21
16
22
16
959
465
17
344
21
16
23
16
8034
994
8311
16
1472
402
8295
867
388
17
12965
344
23
16
24
16
7537
2738
5721
30
391
23
16
24
732
17
11615
344
22
16
23
16
4868
2738
225
22
516
297
391
23
16
24
2547
713
1863
18
6013
391
22
16
23
16
24
732
17
11615
344
22
16
24
16
7726
2738
225
22
306
225
24
436
297
1656
4942
2649
18486
388
17
11615
344
22
16
25
16
2072
2738
225
25
699
16
1863
18
6013
391
22
16
23
16
24
16
25
732
17
11615
344
21
16
22
16
959
2738
225
21
699
16
1863
18
6013
391
21
16
22
16
23
16
24
16
25
732
17
11615
344
21
16
23
16
8034
2738
225
21
306
225
23
3402
6482
2649
18486
382
10914
3935
351
225
7537
15
4868
15
2072
15
959
351
225
23452
18
8520
382
4892
96272
4455
351
225
23452
382
27872
16
839
51952
6657
402
4455
225
23452
341
277
96272
382
4892
3097
1011
724
2364
225
2014
35
34159
724
1994
277
2331
396
277
4455
302
8106
19810
68437
399
16
689
724
1587
277
7849
2731
2331
16
306
724
1994
386
277
2331
302
265
51952
6657
341
277
4455
68437
399
16
306
724
1587
277
7849
1175
1333
18
7517
225
23452
893
225
21430
351
225
1691
16
306
8696
903
341
2484
51952
6657
402
4455
225
24215
35
16473
2050
304
1565
592
539
530
771
4455
225
24215
498
265
1497
7706
302
225
24
15616
386
341
265
6657
689
539
13122
396
15235
2920
304
8664
18
22547
839
302
954
15235
22124
3757
361
265
6657
592
539
1994
277
5314
396
163513
306
277
15616
436
516
616
9746
35
2523
382
20822
16
8696
277
5314
341
516
6482
35
2209
411
341
382
25790
342
5478
16478
46980
386
277
1435
302
15616
341
7662
225
26
16
689
288
341
2688
396
225
26
16
713
12035
382
44125
277
26963
436
25415
499
225
21
304
307
16
689
277
15616
1568
4059
15616
386
436
516
13375
4081
35
887
4060
4081
382
23928
277
4967
16
2964
31029
277
4309
3032
341
225
1691
18
2952
16
2650
277
2746
19986
4060
373
10112
616
277
6292
728
306
277
6292
2549
277
2292
1154
16
342
1998
11135
382
45
1387
3138
277
1154
304
17208
277
4309
3032
344
1691
13
306
1232
16
592
277
2740
14441
386
3018
1690
16
758
225
2014
304
1717
277
1310
16
689
386
1011
361
56858
306
4164
11675
498
277
109892
592
724
10049
19237
352
852
15028
18
461
109892
1011
1094
1774
277
1154
2737
265
867
302
1310
4027
16
516
277
2292
1154
18
461
2292
1154
2428
1060
361
265
29573
352
277
12578
304
1310
20845
16
689
277
5772
58265
1181
874
569
1497
6292
18
461
2746
6434
2428
361
499
265
5199
1207
277
12578
341
4655
304
4602
277
1154
306
1232
277
1181
10424
969
1902
6292
18
461
3419
2292
341
1060
352
30678
18
461
6035
373
5677
4222
59947
5533
213288
1304
2428
3867
304
277
1689
386
277
1310
4027
297
277
2292
436
516
304
361
11116
498
277
12578
344
77
3077
1278
1907
2312
1019
680
2209
411
4007
2132
724
436
277
6299
1161
352
58265
382
23928
277
61531
16
342
1761
277
71070
341
304
3138
277
4309
11236
306
14801
277
66504
16
21297
277
2292
494
1058
40439
341
265
103364
18
8133
2486
4066
569
1175
132297
297
277
5224
689
277
5772
1310
4027
436
4309
18
6755
16
277
1749
1310
14441
1804
16
713
1850
10358
18
461
852
1310
4027
297
277
2292
436
4728
306
4164
2485
4309
7878
18
2586
9916
3138
88934
5664
382
2608
304
361
15373
16
13640
15698
277
852
1310
4027
297
277
2292
304
1565
592
724
1387
361
25837
402
88934
5664
18
461
4658
1310
297
2292
341
307
33
28
16
288
33
1575
16
399
33
21333
21215
23263
18008
12257
16
402
225
1575
15616
344
34212
5314
76367
9405
265
4631
5314
366
225
28
26963
35
41729
288
33
1575
351
225
28
14
27
19
22
16
713
1850
265
4631
5314
18
399
341
8730
32002
29
18
1960
73
992
680
17139
19810
436
2688
16
616
460
399
18
1283
1008
1219
4455
68437
399
18
7517
307
33
28
16
4631
5314
16
1435
302
51952
10565
341
225
28
44930
28
17
22
5791
28
66
26
33
18976
13352
18
9405
64594
18
2586
88934
5664
898
616
51952
10565
344
1876
22124
13
1387
361
3410
498
16253
616
51952
10565
344
73
1627
1278
1347
149006
58611
494
27408
304
35909
16
420
1347
30007
494
216328
680
2209
539
530
851
7324
616
22124
302
225
27
15616
499
225
1575
16
697
341
346
12
1575
16
27
5791
21
16
16606
16
14834
16
3600
304
14774
41597
7977
18
2586
88934
5664
898
22124
341
6772
18
2586
954
88934
5664
4158
642
5203
386
382
669
12868
1310
30
307
33
22
26388
33
21
24816
33
20072
19913
22711
25905
22326
16
730
8106
18
2586
39154
382
167414
1310
30
307
33
23
26388
33
22
24816
33
2985
21215
27396
24556
28208
16
1217
15616
18
7517
288
42803
17
21
16
5314
341
265
6657
16
713
1094
730
51952
6657
344
1833
4425
5314
680
2586
17208
4455
893
399
382
244119
1310
30
307
33
23
26388
33
22
24816
33
6008
25809
25264
12827
14438
16
1217
15616
16
1754
6657
382
1920
48142
1310
30
307
33
23
26388
33
23
24816
33
13279
19913
6008
23274
27396
16
2240
15616
344
34212
5314
623
23
680
7551
302
51952
10565
351
225
23
44930
23
17
22
5791
23
18
2586
2164
382
41
25886
1310
30
307
33
28
26388
33
807
24816
33
26360
28404
14772
15418
25664
16
288
33
807
16
516
4631
18
346
12
807
16
27
5791
16646
16
1586
2164
382
50
32973
1310
30
307
33
28
26388
33
883
24816
33
27398
26090
23549
20011
18453
16
346
12
883
16
27
5791
26
22891
16
2164
382
56
15479
1310
30
307
33
28
26388
33
1670
24816
33
26141
25521
23241
22180
22863
16
346
12
1670
16
27
5791
27656
5855
16
2164
382
4892
277
88934
5664
898
22124
341
10098
31975
352
616
6292
16
396
277
8331
346
2877
16
307
17
21
13
341
890
288
33
1575
19152
33
28
1117
225
21
18
1045
49
16
697
341
6772
382
27872
16
539
530
3138
265
4081
88934
5664
382
8311
16
819
277
66504
30
9916
3138
277
1154
396
4546
16
306
592
277
1310
35666
344
8781
4164
10424
277
2292
13
18048
16
4924
516
922
2746
1480
342
4445
2312
277
6292
18
2952
16
297
492
3167
344
1833
7001
733
277
1756
341
11967
636
304
3138
277
1154
306
2483
277
2363
18
2227
642
1232
1774
277
6292
35
461
1756
4060
373
3039
1196
18523
277
2363
385
11116
297
265
127068
2363
2732
344
22310
642
61694
277
4607
5442
118742
2227
1587
636
304
3271
277
2363
386
14127
277
1154
18
2227
851
2483
277
2292
1154
18
2227
2364
386
277
2363
642
1717
277
2292
18
2586
342
1008
304
6496
2363
386
16
890
1774
402
2292
35977
19054
5113
32659
10251
8724
733
642
1717
616
70305
18
8111
16
342
1998
4475
277
4655
19237
297
277
2292
18
3483
2767
342
1008
304
758
225
2014
352
277
1058
1310
1690
382
2608
341
903
839
18291
3368
386
277
4309
3032
1387
361
225
2014
35
16473
4638
18400
277
3935
302
8106
344
22
16
23
680
3578
225
4868
18
2115
592
277
8106
1568
1991
13917
35
2523
382
25790
277
2331
341
5047
396
277
4455
302
8106
19810
68437
399
16
689
724
1587
277
7849
2731
2331
16
306
724
1994
386
277
2331
302
265
51952
6657
341
277
4455
302
8106
19810
68437
399
16
306
724
1587
277
7849
2731
1333
302
386
68437
16
689
724
2428
569
265
1497
16340
302
373
67654
6
1480
724
1994
277
2331
304
361
387
11795
297
648
20
24816
17
21
65
306
724
1587
277
21820
16
689
8696
724
1587
277
21820
2731
4455
344
1876
68437
13
386
22699
386
68437
35
2523
382
44125
277
2746
36033
471
304
17208
277
7849
51952
6657
402
3129
304
277
19810
16
689
1232
758
277
2983
3935
68437
399
16
306
277
1310
297
2292
341
4309
16
689
922
17556
302
96272
2983
3935
341
6078
1480
342
2428
569
18391
265
25746
8106
35
16473
1568
616
15616
1754
30
344
21
16
22
16
959
733
344
21
16
23
16
8034
733
344
22
16
23
16
4868
733
344
22
16
24
16
7726
733
344
22
16
25
16
2072
733
344
23
16
24
16
7537
680
461
48870
8106
341
344
23
16
24
16
7537
680
11615
48870
344
22
16
23
16
4868
680
11615
344
22
16
24
16
7726
680
11615
344
22
16
25
16
2072
680
11615
344
21
16
22
16
959
680
11615
344
21
16
23
16
8034
680
96272
38734
225
7537
16
4868
16
2072
16
959
351
225
23452
18
3483
5563
1503
382
1974
592
903
341
387
8106
344
21
16
24
13
9546
16
344
21
16
25
13
9546
16
344
23
16
25
13
9546
18
2586
840
25746
8081
382
27872
16
96272
4455
341
225
23452
382
59685
277
5314
341
14821
35
2523
382
25790
277
1154
341
12762
304
17208
277
7849
2331
51952
6657
1207
277
2331
341
277
4455
68437
399
16
306
724
1587
277
7849
2731
1333
302
386
68437
16
689
724
2428
569
265
1497
8559
302
68437
30
910
12131
8483
68437
304
758
277
22503
402
1247
302
46099
16
689
616
4898
382
23928
277
133336
16
2964
11532
386
277
2292
192497
1058
40439
2428
361
265
5209
183764
2615
1207
724
8089
225
2014
689
10439
225
1691
18
7517
277
1749
40439
14441
277
194863
306
2292
16
8696
277
194863
341
4309
306
277
2292
674
265
103364
1094
297
277
1058
1880
18
610
1451
4066
16
277
194863
7120
436
766
302
277
1310
20155
18
1563
2024
16
366
2130
305
3854
16
277
7120
297
277
5224
436
766
302
277
1310
4027
18
5378
16
724
436
516
19986
10500
396
1310
4027
16
689
724
436
297
277
194863
18
461
2292
1154
2428
361
4728
6292
352
277
129683
22209
16
689
277
6332
6292
436
277
194863
7120
18
461
6035
373
5677
4222
59947
5533
213288
1304
1387
3867
304
277
6292
297
277
2292
1154
35
41729
16
411
4060
373
5677
4222
59947
5533
213288
1304
306
1232
4213
277
1154
16607
306
194863
16
306
1232
277
2292
1154
18
3578
56317
382
23928
277
11279
5030
302
4066
366
13494
1013
7654
40467
16
724
2483
277
1154
28725
306
1232
265
373
3761
6
1154
386
341
1161
304
1310
277
4377
18
461
12578
341
516
12762
304
14637
277
2292
18
461
2292
4059
70305
386
1998
361
19347
18
2586
342
1761
277
2292
341
277
1310
20155
382
1699
13924
16
342
1387
3138
265
4377
386
73422
277
4309
3032
344
1691
13
306
1232
16
592
277
2740
14441
386
3018
1690
16
758
225
2014
304
1717
277
2292
16
689
386
1011
361
16474
93
306
1011
3866
3933
352
852
6292
592
724
1226
2292
35
2523
16
1850
1094
352
386
3018
2740
18
2209
4924
516
265
1622
5358
382
25790
539
530
15698
277
2292
494
1058
40439
717
14163
30
411
4060
373
5648
12578
12
25
16
225
26
16
225
21430
16
33814
21
16
225
22
16
225
959
733
344
21
16
225
23
16
225
8034
733
344
22
16
225
23
16
225
4868
733
344
22
16
225
24
16
225
7726
733
344
22
16
225
25
16
225
2072
733
344
23
16
225
24
16
225
7537
134727
1377
225
2014
3210
22547
903
361
265
20511
297
277
1991
302
15616
35
1437
539
5096
15616
498
2761
35
2523
382
44125
277
1154
341
12762
304
758
277
7849
2331
68437
399
16
689
724
8483
2331
396
4455
302
8106
19810
68437
399
16
306
724
1587
277
7849
2731
2331
16
689
724
2428
569
265
1497
16340
302
373
67654
6
1480
724
1994
277
2331
304
361
277
4455
68437
399
16
306
724
1587
277
7849
2731
1333
302
386
68437
16
689
724
851
1587
277
2331
304
361
277
4455
68437
399
16
306
724
1587
277
7849
2331
16
689
8696
724
1587
277
2331
302
277
7849
51952
6657
402
3129
304
277
68437
2331
16
6115
724
1587
304
1511
265
51952
6657
386
74282
277
4455
68437
399
16
306
1232
3271
386
7849
68437
1333
18
9405
1065
539
1645
18
2586
225
1691
382
59685
903
341
265
51952
6657
402
4455
225
24215
386
539
18391
1480
539
16334
277
5314
674
1094
1731
225
26
15616
16
689
8696
288
341
225
26
16
689
277
5314
1387
569
4728
15616
516
9603
35
2523
16
288
341
277
1435
302
15616
2688
382
23928
277
133336
16
2964
2540
304
10987
277
2292
494
1058
40439
341
265
103364
306
277
4309
3032
341
225
1691
18
9916
3138
277
88934
5664
306
6724
386
277
109892
344
8781
2428
361
277
56258
8887
6292
13
642
911
277
194863
7120
420
4309
4655
2911
18
7517
277
1756
3419
277
2746
6434
306
36033
265
4377
16
9916
2483
277
4309
18291
7878
382
2608
277
1756
19986
4060
373
10112
616
277
6292
1304
3483
4059
277
2292
18
2952
16
396
387
8202
16
342
530
1094
2483
277
2363
31
277
1756
642
1774
411
306
1565
592
411
19553
18
1437
411
18048
277
2292
2920
304
277
1058
40439
16
724
2428
361
37337
18
2209
9745
277
1756
341
6960
302
277
66504
306
36033
277
2363
304
1717
277
2292
396
2688
18
2964
297
265
57490
382
25790
342
530
3564
277
1756
35
3557
2731
382
23928
277
6056
16
9916
3138
277
1154
402
88934
5664
16
306
1232
297
277
2869
16
9916
6035
386
277
1058
1310
297
277
2292
5563
304
569
265
66504
18
2209
277
12759
4060
373
3039
1196
18523
277
2363
385
11116
297
265
127068
2363
2732
344
22310
642
61694
277
4607
5442
118742
2586
342
1008
304
3271
1094
277
2363
382
45
1761
9916
3138
277
88934
5664
16
306
5752
386
277
109892
5119
277
4309
4655
2911
344
1691
680
9916
2549
265
4889
35
2209
277
1756
1392
516
304
14637
277
6292
16
713
342
17420
919
6518
386
2428
361
4800
39173
35
41729
6518
436
6772
382
71093
16
342
1387
3138
265
717
27938
4377
386
73422
277
5204
7849
68437
498
11532
616
2731
44914
302
51952
10565
16
689
4924
1065
88934
5664
1414
382
23928
277
845
16
9916
3138
88934
5664
1347
115400
1005
95435
306
29192
57
382
44023
4815
1375
17
5904
499
23225
1250
3914
16
54040
344
83575
30927
297
28725
16
689
539
530
2549
411
297
954
2363
2732
35
461
2746
6434
4213
277
1250
468
277
1828
18
27969
2549
411
304
361
6085
382
17
29261
29192
57
665
5451
1154
420
5536
35
27969
8483
411
5451
277
1154
352
28401
382
17
5904
115400
1005
95435
304
7324
22124
302
15616
302
2287
307
17
21
382
17
1563
1450
7799
16
2292
592
1850
265
51952
6657
30
911
29192
57
304
5628
19871
18
7517
307
341
2164
16
539
530
851
2292
27289
1325
36312
16
689
396
23069
16
592
840
19871
306
539
569
307
17
21
15616
16
1850
6482
18
2952
16
1850
2731
386
277
7799
674
307
17
21
15616
306
840
19871
16
689
1387
2188
361
54380
592
903
436
16201
26963
35
2209
592
840
19871
306
539
569
307
17
21
15616
16
277
1435
302
5721
1011
361
307
506
344
82
17
21
13
351
225
21
35
41729
297
265
10730
16
1435
302
5721
351
307
506
1435
302
15616
344
29753
1450
8106
17045
5721
498
225
21
890
16807
1217
1497
5721
680
35475
402
307
5721
16
1325
8811
307
17
21
15616
386
1450
3179
1497
5721
16
539
1169
402
225
21
4942
18
1437
839
8106
31436
1217
26963
3402
297
277
1656
4942
16
411
1011
361
265
8664
16
697
539
170070
18
2586
12035
16
1850
6482
382
17
2586
539
1094
1008
304
2292
352
19871
382
17
42379
2983
893
399
382
17
13873
4671
302
7849
382
24157
1690
30
1437
840
51952
6657
35
2209
5314
341
6482
16
713
468
2750
730
8654
382
8311
16
819
3892
30
1563
307
33
28
26388
33
1575
16
22124
225
21
18
1045
49
18
1563
1450
7799
16
539
589
778
304
225
27
36312
306
16320
18
9405
20672
18
2952
16
539
530
24819
498
687
966
74548
15616
35
3557
4494
382
2608
539
1196
361
17034
819
11636
77647
35
3557
4494
382
8311
16
3138
382
61792
851
5203
277
1690
1207
399
1377
225
21
30
616
44914
68437
225
21
351
225
20
16
713
758
225
20
18
2209
88934
5664
642
851
8138
225
20
382
8311
16
2363
382
2608
1714
184752
16
13640
1310
38278
402
277
1749
1310
30
307
33
26
26388
33
25
16
15616
1568
302
225
25
15616
18
7517
288
351
307
17
21
16
903
341
7662
730
51952
6657
344
1833
4425
5314
680
5641
88934
5664
642
7324
22124
302
225
25
15616
499
225
25
16
700
3077
1278
1094
730
7799
18
887
642
2292
592
1850
265
6657
30
29192
57
642
15395
616
15616
16
840
19871
1480
1850
265
6657
18
2983
893
399
642
361
19377
396
4455
302
616
15616
893
399
18
3483
14441
382
2500
277
4658
1310
344
82
33
28
26388
33
1575
733
88934
5664
642
59689
898
225
21
18
1045
49
22124
18
15018
361
6772
382
8311
16
3242
79515
30
461
15616
1568
874
3451
31579
19810
35
2523
382
8311
16
3138
29192
57
1375
1923
29192
57
638
298
917
3106
3303
12166
1588
16
307
2407
348
1244
23569
351
1568
61396
4020
2604
348
1244
120336
351
648
20
21018
82
203
298
917
1511
3376
16
1150
2407
348
592
1244
23569
26409
65
2308
1150
638
454
1244
23569
26409
65
351
1244
7144
3376
23569
26409
7204
348
758
1244
23569
26409
1391
298
917
15395
3376
16
1150
16
349
2407
348
98290
351
1244
7144
3974
465
348
37937
351
1244
7144
13944
465
348
592
98290
1377
37937
638
454
758
8077
203
348
592
1244
120336
26409
86
65
460
1244
120336
63
9786
25306
454
1244
23569
26409
86
65
351
37937
203
348
12542
1244
120336
26409
86
65
1518
1244
120336
63
9786
25306
454
1244
23569
63
9786
65
351
98290
203
348
1625
638
454
1244
23569
63
9786
65
351
98290
203
454
1244
120336
26409
86
65
4284
225
21
203
348
758
7143
300
8311
16
277
1584
1154
1375
1847
1219
19054
5113
32659
10251
8724
4020
30
853
16
288
30
853
16
399
30
853
16
15616
30
3914
210758
37990
16
853
16
853
85867
2649
853
638
298
905
20737
304
225
20
14682
203
298
15616
351
33814
89
17
21
16
335
17
21
16
286
13
352
493
16
335
16
286
297
15616
1391
298
1219
10251
351
399
225
905
2650
68437
2911
436
297
648
20
16
399
17
21
2315
23939
304
399
203
298
905
34776
616
22124
302
307
17
21
15616
203
298
352
42268
297
115400
1005
95435
233466
16
307
17
21
2407
348
282
5250
351
29192
57
4020
465
348
2983
351
225
20
203
348
4080
351
7143
203
348
352
493
16
335
16
286
297
42268
638
454
592
282
5250
7144
16018
13
1377
282
5250
7144
8066
2407
615
4080
351
8077
203
615
2984
203
454
282
5250
133372
16018
16
335
465
454
2983
351
344
12815
692
286
13
1577
399
203
348
592
4080
638
454
592
2983
460
1219
10251
638
615
1219
10251
351
2983
203
298
758
1219
10251
300
2608
539
1008
304
1250
115400
382
14353
16
6035
386
1219
10251
38419
304
399
344
8781
341
1518
839
2731
68437
13
341
6772
1480
68437
2527
436
460
399
16
713
277
1058
4080
642
867
411
382
24157
1690
30
592
840
51952
6657
1724
344
13553
1346
4252
733
1219
10251
8320
399
16
689
1232
539
1196
758
2761
1625
35
2209
2746
36550
27289
382
8311
16
819
68437
30
1283
1863
2983
1577
399
396
539
919
18
9405
6772
382
8311
16
539
1196
1994
386
399
530
361
778
304
225
622
66
883
16
689
11636
146581
5203
382
8311
16
277
2363
341
7122
382
2608
539
1998
4802
386
539
1907
41858
14637
277
6292
18
1283
436
516
39173
277
2292
1154
31
539
436
1060
6198
277
7878
382
8311
16
7478
277
66504
30
9916
2188
3138
396
2946
18
1437
277
1756
10424
277
2292
306
411
18048
16
724
2428
13534
277
2615
18
2209
8696
277
1756
36033
277
2363
304
1717
277
2292
396
2688
16
306
724
2428
569
265
1497
16340
18
22547
903
361
265
12634
386
277
2331
341
5047
396
277
4455
302
8106
19810
68437
399
16
689
724
1587
277
7849
2731
2331
16
306
724
1994
386
277
2331
341
277
4455
302
8106
19810
68437
399
16
306
724
1587
277
7849
2731
1333
16
689
724
2428
569
265
1497
8860
386
22699
225
2014
2920
304
11532
2761
1013
277
4455
68437
399
341
19377
1325
115738
16
689
724
2428
1994
386
277
4455
1387
361
7505
498
4738
265
1497
6657
402
2983
3935
225
23452
35
2523
382
20822
16
8696
277
5314
341
516
396
539
1761
30
461
26963
436
225
21
218853
16
689
8696
277
15616
436
14821
35
461
2746
4060
163513
382
25790
277
1154
341
12762
304
17208
277
7849
2331
51952
6657
1207
2331
341
277
4455
302
8106
19810
68437
399
16
689
724
1587
277
2331
16
306
724
1587
304
758
277
2331
16
306
724
2428
569
265
1497
8559
302
373
67654
2331
6
1480
724
1994
277
2331
304
361
277
4455
68437
399
16
306
724
1587
277
7849
2731
2331
16
689
724
2428
851
1994
386
277
2331
302
265
51952
6657
341
277
4455
302
8106
19810
68437
399
16
306
724
1587
277
7849
2331
16
689
724
2428
851
1587
277
2331
304
361
277
4455
302
8106
19810
68437
399
16
306
724
1587
277
7849
2331
16
689
724
2428
851
1587
277
2331
304
361
277
4455
302
8106
19810
68437
399
16
306
724
1587
277
7849
2331
16
689
724
2428
851
1587
277
2331
304
361
277
4455
302
8106
19810
68437
399
16
306
724
1587
277
7849
2331
16
689
724
2428
851
1587
277
2331
304
361
277
4455
302
8106
19810
68437
399
16
306
724
1587
277
7849
2331
16
306
724
2428
851
1587
277
2331
304
361
277
4455
302
8106
19810
68437
399
16
306
724
1587
277
7849
2331
16
306
724
2428
851
1587
277
2331
304
361
277
4455
302
8106
19810
68437
399
16
306
724
1587
277
7849
2331
16
306
724
2428
851
1587
277
2331
304
361
277
4455
302
8106
19810
68437
399
16
306
724
1587
277
7849
2331
16
306
724
2428
851
1587
277
2331
304
361
277
4455
302
8106
19810
68437
399
16
306
724
1587
277
7849
2331
18
48825
382
45
1761
9916
11536
402
277
88934
5664
382
2608
13640
589
730
717
82193
2292
30
22547
277
3032
225
2014
22522
592
539
98571
17208
68437
396
344
5421
1577
399
13
689
402
4455
11568
6892
936
11636
853
35
2523
382
25790
277
3935
302
8106
344
22
16
25
13
341
225
2125
35
16473
1412
277
1568
30
344
22
16
225
25
16
225
2072
13
506
1850
225
2072
18
2586
840
382
25790
277
3935
302
344
23
16
24
13
341
225
1793
35
3578
225
7537
382
25790
903
341
265
51952
6657
402
4455
225
24215
592
539
1994
265
1497
867
30
344
21
16
22
16
959
733
344
21
16
23
16
8034
733
344
22
16
24
16
7726
733
344
23
16
25
16
19767
689
344
23
16
25
13
4007
2893
18
2586
840
382
27872
16
2964
31029
277
4309
3032
341
225
1691
382
23928
386
16
9916
2483
277
88934
5664
2363
382
2608
304
361
4814
6085
16
342
1387
3138
265
717
7434
1557
386
73422
616
51952
6657
44914
3874
38474
898
50104
16
689
88934
5664
341
31420
382
8311
16
4602
277
2522
2363
382
61792
2549
277
1250
12152
382
14353
16
6035
386
277
1154
16607
3402
4059
23225
1250
16
689
539
530
2549
411
1754
35
3578
6772
382
36795
3271
1375
3080
14487
203
3161
23225
1250
3914
16
54040
203
656
115400
300
1847
1219
19054
5113
32659
10251
8724
4020
30
853
16
288
30
853
16
399
30
853
16
15616
30
3914
210758
37990
16
853
16
853
85867
2649
853
638
298
905
20737
304
225
20
14682
203
298
15616
351
33814
89
17
21
16
335
17
21
16
286
13
352
493
16
335
16
286
297
15616
1391
2458
298
905
29192
57
7878
203
298
665
29192
57
638
348
917
3106
3303
12166
1588
16
307
2407
454
1244
23569
351
1568
61396
4020
2604
454
1244
120336
351
648
20
21018
82
203
348
917
1511
3376
16
1150
2407
454
592
1244
23569
26409
65
2308
1150
638
615
1244
23569
26409
65
351
1244
7144
3376
23569
26409
7204
454
758
1244
23569
26409
1391
348
917
15395
3376
16
1150
16
349
2407
454
98290
351
1244
7144
3974
465
454
37937
351
1244
7144
13944
465
454
592
98290
1377
37937
638
615
758
8077
203
454
592
1244
120336
26409
86
65
460
1244
120336
63
9786
25306
615
1244
23569
26409
86
65
351
37937
203
454
12542
1244
120336
26409
86
65
1518
1244
120336
63
9786
25306
615
1244
23569
63
9786
65
351
98290
203
454
1625
638
615
1244
23569
63
9786
65
351
98290
203
615
1244
120336
26409
86
65
4284
225
21
203
454
758
7143
19964
298
1219
10251
351
399
225
905
6892
936
839
2731
68437
1333
19964
298
905
34776
616
22124
302
307
17
21
15616
203
298
352
42268
297
115400
1005
95435
233466
16
307
17
21
2407
348
282
5250
351
29192
57
4020
465
348
2983
351
225
20
203
348
4080
351
7143
203
348
352
493
16
335
16
286
297
42268
638
454
592
282
5250
7144
16018
13
1377
282
5250
7144
8066
2407
615
4080
351
8077
203
615
2984
203
454
282
5250
133372
16018
16
335
465
454
2983
351
344
12815
692
286
13
1577
399
203
348
592
4080
638
454
592
2983
460
1219
10251
638
615
1219
10251
351
2983
203
298
758
1219
10251
203
7203
2608
539
1008
304
4802
386
539
1907
911
1411
81
68
297
277
2363
18
3578
2688
689
516
4494
18
27969
1060
14801
382
8311
16
9916
3271
492
396
277
2522
3032
382
2608
1714
2522
16
13640
1310
38278
402
277
1749
1310
304
4802
411
6714
225
18857
25592
26479
18
7517
903
341
1094
730
7799
16
411
642
17208
2983
351
4455
302
616
15616
893
399
351
225
18857
25592
26479
18
9177
382
8311
16
352
277
1058
1310
16
411
642
758
225
1691
18
3483
642
3866
277
2292
304
4759
592
411
36033
225
2014
18
2952
16
8696
277
1756
642
516
1774
277
2292
31
724
1060
1587
277
7878
382
23928
277
9460
16
9916
2483
492
2363
382
36795
851
1994
387
17422
30
539
530
687
39676
15616
35
3557
4494
382
5158
717
3645
30
461
29192
57
1511
402
2481
20692
341
6772
382
8311
16
2522
3032
5834
37182
485
3080
14487
203
3161
23225
1250
3914
16
54040
203
656
115400
300
1847
1219
19054
5113
32659
10251
8724
4020
30
853
16
288
30
853
16
399
30
853
16
15616
30
3914
210758
37990
16
853
16
853
85867
2649
853
638
298
905
20737
304
225
20
218853
26963
352
5961
911
203
298
15616
351
33814
89
506
225
21
16
335
506
225
21
16
286
13
352
493
16
335
16
286
297
15616
4414
298
905
5987
39174
4216
10239
344
6893
57
13
402
2481
20692
306
15395
498
8668
203
298
665
29192
57
638
348
917
3106
3303
12166
1588
16
307
30
853
2407
454
1244
23569
351
1568
61396
4020
2604
454
1244
120336
351
648
20
65
535
307
300
348
917
1511
3376
16
1150
30
853
13
2649
853
638
454
592
1244
23569
26409
65
2308
1150
638
615
1244
23569
26409
65
351
1244
7144
3376
23569
26409
7204
454
758
1244
23569
26409
4414
348
917
15395
3376
16
1150
30
853
16
349
30
853
13
2649
4989
638
454
1150
32537
351
1244
7144
3974
465
454
349
32537
351
1244
7144
13944
465
454
592
1150
32537
1377
349
32537
638
615
758
8077
203
454
592
1244
120336
26409
32537
65
460
1244
120336
53079
32537
25306
615
1244
23569
26409
32537
65
351
349
32537
203
454
12542
1244
120336
26409
32537
65
1518
1244
120336
53079
32537
25306
615
1244
23569
53079
32537
65
351
1150
32537
203
454
1625
638
615
1244
23569
53079
32537
65
351
1150
32537
203
615
1244
120336
26409
32537
65
4284
225
21
203
454
758
7143
300
298
905
461
7849
2731
68437
1333
341
297
648
20
16
399
17
21
11294
23939
304
399
344
83042
2783
465
298
1219
10251
351
399
300
298
905
31895
40361
616
50104
302
7662
307
17
21
15616
203
298
352
42268
297
115400
1005
95435
233466
16
307
506
225
21
2407
348
282
5250
351
29192
57
4020
465
348
2983
351
225
20
203
348
341
32659
351
7143
203
348
352
493
16
335
16
286
297
42268
638
454
592
282
5250
7144
16018
13
1377
282
5250
7144
8066
2738
261
905
8664
11675
2649
516
265
6657
203
615
341
32659
351
8077
203
615
2984
203
454
282
5250
133372
16018
16
335
465
454
2983
351
344
12815
692
286
13
1577
399
203
348
592
341
32659
306
2983
460
1219
10251
638
454
1219
10251
351
2983
300
298
758
1219
10251
203
3080
255013
255001
255000
255002
255012
203
9037
3733
5842
7935
277
6292
18
19426
277
2615
638
71411
489
130805
94145
5142
3719
180065
114712
1381
75829
122713
2466
12551
461
69457
341
516
5206
306
4273
13806
30
2609
373
6347
6
341
516
5206
6265
1699
146817
16
492
341
593
3973
30
7060
277
2165
1154
16607
306
194863
16
7095
3138
277
1154
4546
306
1717
616
277
6292
18
1995
5677
4222
59947
5533
213288
28430
3039
1196
18523
277
2363
385
11116
297
265
127068
2363
2732
344
826
22057
13
344
22310
642
61694
277
4607
5442
13
255013
255001
255000
255003
255012
36231
748
122150
1008
304
3138
277
1154
1219
19054
5113
32659
10251
8724
18
18750
307
6758
225
28
16
288
778
304
307
10726
82
17
21
5403
22
16
539
530
88934
99677
616
50104
302
15616
302
2287
307
17
21
344
29753
539
1008
265
51952
6657
13
306
2292
592
411
6782
265
51952
6657
344
17387
306
183005
680
1563
1450
51952
6657
16
17208
4455
302
19810
68437
399
16
306
2553
277
7849
382
2110
1998
361
17034
30
461
5314
341
4081
16
163513
16
33367
16
6482
18
2209
277
15616
1568
4059
1094
2688
15616
31
539
1008
304
2292
592
277
22517
6782
265
51952
6657
344
77
3077
1278
31436
616
307
26963
16
7662
307
17
21
15616
16
840
19871
680
7517
1850
265
22517
302
15616
302
2287
307
17
21
16
592
411
341
183005
306
31436
616
26963
16
1850
265
6657
344
17387
1654
4171
183005
680
2491
539
530
2292
1347
29192
57
386
15395
7154
15853
352
616
15616
306
386
616
26963
569
277
1656
5835
382
23928
307
6758
225
28
16
1435
302
15616
288
2687
351
225
1575
18
7551
302
50104
302
2287
307
17
21
351
346
2877
16
307
17
21
680
1563
307
33
28
16
288
33
1575
16
346
12
1575
16
27
5791
21
16606
14834
16
697
341
819
225
21
18
1045
4364
18
9405
64594
297
11636
18
2586
88934
99677
81277
341
6772
382
2608
277
2746
6434
34389
399
778
304
225
622
66
883
16
697
22700
297
11636
853
382
2110
1008
304
4802
539
17208
68437
12989
30
461
2331
341
4455
302
8106
19810
68437
399
18
2952
16
539
1008
304
1511
277
7849
2731
68437
1333
344
77
3077
1278
277
21820
1713
45589
11795
2336
936
399
680
461
88934
99677
4158
30
1563
1450
51952
6657
16
17208
4455
10251
351
344
5421
302
19810
13
1577
399
16
306
2553
277
7849
18
9405
25485
382
77397
3933
30
461
29192
57
7878
1998
361
4309
352
26390
19871
306
15990
27289
18
7517
539
1094
1008
304
2292
592
15395
7154
15853
352
616
307
17
21
15616
2142
19871
16
386
18373
1850
265
10730
402
307
17
21
15616
16
713
592
1850
183005
16
411
1998
569
7662
307
17
21
15616
306
1435
302
5721
351
307
506
344
82
17
21
13
351
225
21
35
41729
16
265
10730
402
307
26963
306
317
15616
674
274
351
307
506
317
5721
592
183005
18
2586
592
539
569
307
17
21
15616
306
840
19871
16
1232
274
351
307
506
344
82
17
21
13
351
225
21
16
713
1850
6482
18
2586
1850
3811
304
2292
386
1325
5993
616
15616
16
539
569
7662
307
17
21
7397
36312
344
77
3077
1278
840
19871
13
306
539
530
851
2292
386
616
26963
436
6482
498
15990
386
277
5835
302
21599
225
20
8615
297
616
18
2209
592
539
569
307
17
21
15616
306
840
19871
16
1850
9724
6482
18
2952
16
539
1387
851
3836
2984
592
539
5628
265
8664
16
1480
411
7258
361
265
6657
382
44023
5826
1375
21
18
20737
15616
304
225
20
218853
388
22
18
29702
1219
10251
351
399
344
29753
68437
1193
341
297
648
20
16
399
17
21
2315
713
399
341
6892
936
839
2731
68437
3098
23
18
113685
898
616
22124
302
307
17
21
15616
499
277
15616
1568
388
261
506
29702
29192
57
388
261
506
2983
10251
351
225
20
203
261
506
341
32659
351
7143
203
261
506
1563
1450
8106
297
42268
638
348
493
16
335
16
286
351
8106
203
348
592
282
5250
7144
16018
13
1377
282
5250
7144
8066
2738
341
32659
351
8077
31
2984
203
348
1625
30
282
5250
133372
16018
16
335
1798
2983
10251
351
344
12815
10251
692
286
13
1577
399
203
261
506
4790
9284
16
592
341
32659
30
1219
10251
351
1219
35977
10251
16
2983
10251
465
24
18
7448
1219
10251
382
2110
1008
304
1250
115400
352
22124
382
2608
5522
16
7076
265
122221
30
461
2331
341
5047
396
277
4455
302
8106
19810
68437
399
18
2952
16
277
7849
2731
68437
1333
2428
516
361
11841
498
277
51952
6657
402
21820
4455
16
1480
68437
63340
2239
18
1563
2024
16
23907
399
33
622
16
730
6657
4455
351
225
29
16
2484
4455
351
225
1057
344
3664
351
225
29
680
461
7849
68437
341
225
20
8696
35
41729
539
1008
304
17208
1450
4455
893
399
18
2586
88934
99677
341
4309
382
8311
2292
277
6292
18
461
2688
194863
4213
2024
402
3271
225
1691
35
26128
277
194863
4060
30
11341
30
461
7849
2331
302
265
51952
6657
68437
399
18
1533
2024
30
25436
1219
19054
5113
32659
10251
8724
12
25
16
225
26
16
225
21430
16
33814
21
16
22
16
959
32959
21
16
23
16
8034
32959
22
16
23
16
4868
32959
22
16
24
16
7726
32959
22
16
25
16
2072
32959
23
16
24
16
7537
134727
1196
758
225
1691
18
2209
277
2292
1154
61405
12578
12
25
16
26
16
21430
16
33020
1377
225
2014
18
15968
265
66504
18
461
194863
4060
225
1691
16
689
2292
36033
225
2014
18
461
1310
4060
3999
12578
12
25
16
26
16
21430
16
33020
1377
225
2014
18
3483
10799
8696
277
4309
3032
341
225
2014
16
516
225
1691
18
2209
539
1008
304
4475
277
2292
192497
70305
18
461
2746
5267
30
373
6534
277
2165
1154
16607
306
194863
16
7095
3138
277
1154
4546
306
1717
616
277
6292
18
1995
5677
4222
59947
5533
213288
11164
6
2586
539
1998
1717
277
6292
297
277
2292
1154
18
461
194863
2428
569
265
20511
16
420
9745
277
2024
341
516
499
277
6292
18
461
2292
1154
4059
1731
1217
5810
1310
4027
344
1833
1656
396
194863
35
16473
1565
680
461
2292
1154
1375
5648
12578
12
25
16
225
26
16
225
21430
16
33814
21
16
225
22
16
225
959
733
344
21
16
225
23
16
225
8034
733
344
22
16
225
23
16
225
4868
733
344
22
16
225
24
16
225
7726
733
344
22
16
225
25
16
225
2072
733
344
23
16
225
24
16
225
7537
134727
1377
225
2014
300
5648
12578
12
26
16
225
25
16
225
7858
18833
22460
16
33814
21
16
225
22
16
225
22109
23452
26033
733
344
21
16
225
26
16
225
12633
21689
16972
733
344
22
16
225
23
16
225
6419
25941
18833
733
344
22
16
225
25
16
225
25577
23737
25789
733
344
24
16
225
25
16
225
26645
11313
22023
134727
1377
225
18857
25592
26479
300
8928
436
7662
277
1656
396
194863
494
7120
16
689
194863
4060
3271
225
1691
306
225
18857
25592
26479
35
41729
194863
4060
3271
225
1691
306
225
18857
25592
26479
35
16473
1412
194863
30
887
4213
1375
5197
1219
19054
5113
32659
10251
8724
12
25
16
225
26
16
225
21430
16
33814
21
16
225
22
16
225
959
733
344
21
16
225
23
16
225
8034
733
344
22
16
225
23
16
225
4868
733
344
22
16
225
24
16
225
7726
733
344
22
16
225
25
16
225
2072
733
344
23
16
225
24
16
225
7537
80390
1691
300
5197
1219
19054
5113
32659
10251
8724
12
26
16
225
25
16
225
7858
18833
22460
16
33814
21
16
225
22
16
225
22109
23452
26033
733
344
21
16
225
26
16
225
12633
21689
16972
733
344
22
16
225
23
16
225
6419
25941
18833
733
344
22
16
225
25
16
225
25577
23737
25789
733
344
24
16
225
25
16
225
26645
11313
22023
80390
18857
25592
26479
300
4892
194863
4060
225
1691
306
225
18857
25592
26479
18
2209
2292
4060
1058
4655
341
225
2014
18
2586
730
302
1019
341
6078
18
7517
539
1998
1717
277
2292
1154
16
539
1196
3271
225
2014
352
277
1058
1310
18
16473
20488
17208
304
1565
697
341
4309
382
49541
96272
352
1058
5314
18
197238
402
19810
30
344
21
17
22
30
959
733
344
21
17
23
30
8034
733
344
22
17
23
30
4868
733
344
22
17
24
30
7726
733
344
22
17
25
30
2072
733
344
23
17
24
30
7537
680
307
33
25
18
19100
51952
6657
344
24
15616
680
16473
1568
616
2731
10565
344
3503
34763
302
225
24
15616
499
225
26
680
1283
530
17208
277
4455
302
19810
306
1232
68437
225
21430
18
7517
225
21430
341
2164
16
277
7849
68437
1387
361
2164
382
19477
88934
38278
8696
35
2209
2516
304
17208
402
2363
35
2209
539
436
26565
18
2952
16
539
530
6724
277
2292
1154
1480
411
341
277
1310
386
642
361
1774
18
461
194863
2428
361
43737
420
3451
2615
18
2586
954
7878
1998
758
225
2014
352
386
2740
304
1717
277
2292
382
2608
5522
16
277
2292
1154
851
4059
4728
70305
402
4655
19237
386
539
1998
4475
18
2586
277
4309
11726
436
2688
297
2292
16
516
13375
297
194863
18
2586
539
1998
3138
25764
382
8311
16
7478
3892
30
461
1435
302
22124
341
468
1210
346
12
1575
16
27
13
351
225
21
16
16606
16
14834
16
697
341
20672
18
2952
16
352
307
33
28
16
288
1387
361
225
1575
16
539
642
59689
898
5907
21
18
1045
4364
158147
18
1563
1450
42268
16
539
1343
778
304
225
27
15616
16
29192
57
7154
436
13920
18
957
1196
1774
2223
845
13008
344
50180
265
2487
9891
680
11636
530
5203
225
21
4364
40753
6043
18
2209
6035
386
903
436
851
1451
1310
4027
297
277
2292
1154
344
7846
225
28
4728
70305
680
2952
16
1731
1310
4027
569
18878
307
26388
18
1563
1450
1310
16
539
1465
277
1154
402
969
1902
5938
306
15616
18
2586
6381
20371
2428
361
1398
689
2188
20672
2688
307
6758
225
28
306
1310
4027
8696
2239
225
622
18
8049
14774
41597
5907
21
4364
158147
16
713
5907
622
4364
158147
2983
18
9405
6772
382
2608
539
1998
361
17034
30
461
1154
874
361
2988
4347
3041
16
689
277
16981
436
2164
382
27872
16
88934
99677
341
18597
382
8311
16
730
122221
30
461
1154
16607
4059
307
16
288
16
399
16
15616
18
461
194863
4060
307
778
304
225
28
16
288
778
304
307
10726
82
17
21
5403
22
18
2586
539
530
6724
386
277
5314
341
6482
31
689
539
2188
1008
304
4802
954
22517
6782
265
51952
6657
18
5641
88934
99677
81277
642
2292
616
158147
31
592
903
341
839
42268
386
6782
265
51952
6657
16
539
642
1511
1219
18
7517
277
4607
5314
341
6482
16
903
8654
468
2750
730
51952
6657
18
2586
1219
10251
642
361
867
382
24157
4027
30
399
33
21
16
1232
68437
2837
225
20
16
713
1219
10251
351
225
20
18
5641
40326
1219
10251
351
399
351
225
21
16
306
1325
1058
6657
2983
10251
351
225
20
16
1219
10251
7883
225
20
18
9405
6772
382
77397
17268
30
1283
1387
911
7849
51952
6657
14364
304
17208
277
4455
68437
35
2209
277
68437
12826
341
516
8162
16
713
539
1008
304
1994
616
10565
18
2952
16
307
6758
225
28
16
713
88934
99677
341
36620
382
8311
16
539
1008
304
3271
2363
18
461
3733
5842
7935
1480
277
69457
9257
5206
31
689
539
436
1060
5009
2363
18
1283
1998
516
14637
6292
18
2586
539
642
2483
277
7878
382
2608
6035
30
461
1154
1227
341
1219
19054
5113
32659
10251
8724
18
1283
1998
3138
7662
386
382
8311
16
9916
6496
277
2363
402
277
29192
57
306
7799
9284
382
5158
717
122221
30
461
15616
436
2688
402
493
460
335
306
225
21
218853
18
1283
7046
304
225
20
218853
352
5961
911
18
461
29192
57
36033
26963
499
225
20
304
307
17
21
382
8311
16
3138
382
2608
539
1196
851
1994
386
277
5314
874
569
4347
15616
35
887
4060
4081
163513
5314
16
713
840
31579
15616
16
689
1571
592
903
846
16
954
4158
4229
382
8311
16
819
277
29192
57
30
539
530
3138
411
396
265
31078
665
420
1060
5442
18
3578
6772
382
8311
16
819
277
7799
8377
30
115400
1005
95435
233466
16
307
17
21
13
642
7324
83907
302
15616
18
7517
15616
341
265
1568
302
83907
1325
13176
16
1850
20672
382
8311
16
539
1196
851
1994
3836
60860
30
8696
539
530
5096
15616
498
3935
304
771
2516
7316
304
1511
2674
68437
35
2209
516
4778
382
8311
16
2363
1375
3080
14487
203
3161
23225
1250
3914
16
54040
203
656
115400
300
1847
1219
19054
5113
32659
10251
8724
4020
30
853
16
288
30
853
16
399
30
853
16
15616
30
3914
210758
37990
16
853
16
853
85867
2649
853
638
298
905
20737
304
225
20
218853
203
298
15616
351
33814
89
506
225
21
16
335
506
225
21
16
286
13
352
493
16
335
16
286
297
15616
4414
298
1219
10251
351
399
225
905
6892
936
839
2731
68437
1193
344
20
568
79
17
21
994
298
665
29192
57
638
348
3106
114384
716
351
7086
6302
747
489
29045
3566
348
917
3106
3303
12166
1588
16
307
2407
454
1244
23569
351
1568
61396
4020
2604
454
1244
120336
351
648
20
65
535
307
203
348
917
1511
3376
16
1150
2407
454
592
1244
23569
26409
65
2308
1150
638
615
1244
23569
26409
65
351
1244
7144
3376
23569
26409
7204
454
758
1244
23569
26409
1391
348
917
15395
3376
16
1150
16
349
2407
454
98290
351
1244
7144
3974
465
454
37937
351
1244
7144
13944
465
454
592
98290
1377
37937
638
615
758
8077
203
454
592
1244
120336
26409
86
65
460
1244
120336
63
9786
25306
615
1244
23569
26409
86
65
351
37937
203
454
12542
1244
120336
26409
86
65
1518
1244
120336
63
9786
25306
615
1244
23569
63
9786
65
351
98290
203
454
1625
638
615
1244
23569
63
9786
65
351
98290
203
615
1244
120336
26409
86
65
4284
225
21
203
454
758
7143
300
298
352
42268
297
115400
1005
95435
233466
16
307
506
225
21
2407
348
282
5250
351
29192
57
4020
465
348
2983
10251
351
225
20
203
348
341
32659
351
7143
203
348
352
493
16
335
16
286
297
42268
638
454
592
282
5250
7144
16018
13
1377
282
5250
7144
8066
2407
615
341
32659
351
8077
203
615
2984
203
454
282
5250
133372
16018
16
335
465
454
2983
10251
351
344
12815
10251
692
286
13
1577
399
203
348
592
341
32659
638
454
592
2983
10251
460
1219
10251
638
615
1219
10251
351
2983
10251
300
298
758
1219
10251
203
7203
8311
16
539
1008
304
4802
386
539
1907
41858
14637
277
4607
1154
16607
35
461
2746
4060
373
3039
1196
18523
277
2363
385
11116
297
265
127068
2363
2732
344
826
22057
13
344
22310
642
61694
277
4607
5442
118742
2586
539
436
304
2483
277
2363
386
80414
277
1154
18
2586
539
3271
277
2363
2732
402
277
1154
8559
382
2608
6035
30
461
4381
2363
2732
3419
4059
277
1250
12152
306
277
1154
16607
306
194863
18
461
1756
23570
30
373
6534
277
2165
1154
16607
306
194863
16
7095
3138
277
1154
4546
306
1717
616
277
6292
18
1995
5677
4222
59947
5533
213288
11164
6
2586
539
1008
304
6754
277
2376
302
277
1154
402
954
7878
18
2952
16
277
4607
2269
344
147436
306
194863
13
436
2688
18
610
954
2869
16
539
1196
2483
277
2833
1154
2363
2291
27717
306
194863
35
461
12759
30
373
3039
1196
18523
277
2363
385
11116
297
265
127068
2363
2732
344
826
22057
13
344
22310
642
61694
277
4607
5442
118742
32468
16
539
1008
304
2483
277
2363
386
539
11116
16
700
3077
1278
277
1154
8559
402
277
7878
18
2209
539
530
2549
277
27717
396
1357
1480
724
436
4494
382
669
4607
2363
2732
297
277
10686
341
1375
5640
3161
23225
1250
3914
16
54040
2390
1847
1219
19054
5113
32659
10251
8724
4020
30
853
16
288
30
853
16
399
30
853
16
15616
30
3914
210758
37990
16
853
16
853
85867
2649
853
638
298
11192
18750
265
33367
4081
6482
163513
5314
402
307
26963
306
288
15616
421
298
1511
277
7849
2331
302
265
51952
6657
1207
277
2331
341
5047
396
277
4455
302
1041
298
8106
19810
68437
399
388
2458
298
35685
638
348
307
30
7551
302
26963
344
22
6758
307
6758
225
28
465
348
288
30
7551
302
15616
344
82
17
21
6758
288
6758
307
10726
82
17
21
5403
22
465
348
399
30
5247
11739
1333
344
21
6758
399
6758
225
622
66
883
465
348
15616
30
3914
302
83907
344
89
16
335
16
286
13
1207
493
306
335
436
26963
344
21
218853
13
306
286
341
277
3935
203
3877
506
225
21
6758
493
460
335
6758
307
203
3877
506
225
20
6758
286
460
399
19964
298
11341
638
348
461
7849
2331
302
265
51952
6657
68437
399
19964
298
25436
1219
19054
5113
32659
10251
8724
12
25
16
225
26
16
225
21430
16
33814
21
16
225
22
16
225
959
733
344
21
16
225
23
16
225
8034
733
344
22
16
225
23
16
225
4868
733
344
22
16
225
24
16
225
7726
733
344
22
16
225
25
16
225
2072
733
344
23
16
225
24
16
225
7537
80390
298
225
1691
203
298
25436
1219
19054
5113
32659
10251
8724
12
26
16
225
25
16
225
7858
18833
22460
16
33814
21
16
225
22
16
225
22109
23452
26033
733
344
21
16
225
26
16
225
12633
21689
16972
733
344
22
16
225
23
16
225
6419
25941
18833
733
344
22
16
225
25
16
225
25577
23737
25789
733
344
24
16
225
25
16
225
26645
11313
22023
80390
298
225
18857
25592
26479
203
298
33328
1847
2292
180005
2407
298
905
25585
1310
4027
203
298
3999
12578
12
25
16
225
26
16
225
21430
16
33814
21
16
225
22
16
225
959
733
344
21
16
225
23
16
225
8034
733
344
22
16
225
23
16
225
4868
733
344
22
16
225
24
16
225
7726
733
344
22
16
225
25
16
225
2072
733
344
23
16
225
24
16
225
7537
134727
1377
225
2014
203
298
3999
12578
12
26
16
225
25
16
225
7858
18833
22460
16
33814
21
16
225
22
16
225
22109
23452
26033
733
344
21
16
225
26
16
225
12633
21689
16972
733
344
22
16
225
23
16
225
6419
25941
18833
733
344
22
16
225
25
16
225
25577
23737
25789
733
344
24
16
225
25
16
225
26645
11313
22023
134727
1377
225
18857
25592
26479
203
298
13361
7203
4892
277
1154
2376
341
8295
35
41729
277
1154
674
1094
277
194863
16
840
7878
18
2586
539
1008
304
3138
277
1154
18
1283
1196
2483
277
2363
386
4059
277
27717
306
277
1154
402
7878
18
2952
16
277
2292
1154
341
5047
1325
18
2209
539
1094
1008
304
2483
277
1154
8559
35
461
12759
4060
30
373
3039
1196
18523
277
2363
385
11116
297
265
127068
2363
2732
344
826
22057
13
344
22310
642
61694
277
4607
5442
118742
3483
10334
539
1196
3271
277
2363
386
1011
6754
277
4607
192497
2376
16
689
4164
539
1008
304
3271
277
4425
1154
8559
344
15519
27717
13
304
4802
411
4229
18
2209
539
1998
516
14637
277
6292
344
77
3077
1278
277
2292
1154
680
2586
539
1196
1094
2483
277
7878
302
1219
19054
5113
32659
10251
8724
382
23928
277
5030
16
539
530
3271
1375
3080
14487
203
3161
23225
1250
3914
16
54040
203
656
115400
300
1847
1219
19054
5113
32659
10251
8724
4020
30
853
16
288
30
853
16
399
30
853
16
15616
30
3914
210758
37990
16
853
16
853
85867
2649
853
638
298
15616
351
33814
89
17
21
16
335
17
21
16
286
13
352
493
16
335
16
286
297
15616
1391
298
1219
10251
351
399
203
298
665
29192
57
638
348
13361
298
352
42268
297
115400
1005
95435
233466
16
307
17
21
2407
348
13361
298
758
1219
10251
203
7203
2608
539
1998
2553
277
194863
35
461
194863
341
766
302
277
1154
31
539
530
2553
411
18
2952
16
277
194863
5720
277
2024
3271
225
1691
697
25099
402
1310
18
2209
539
436
516
6751
304
14637
277
6292
16
689
539
530
2553
277
194863
396
341
35
461
194863
341
516
265
1310
16
1850
13263
18
461
1310
1154
2292
341
8156
18
461
194863
341
1060
265
4889
18
3578
516
15474
396
265
1310
9082
1774
402
249836
18
2952
16
277
2292
1154
341
3419
306
642
361
1161
304
1310
18
461
194863
494
249836
2428
851
361
1774
35
461
2746
6434
4060
30
373
3039
1196
18523
277
2363
385
11116
297
265
127068
2363
2732
344
826
22057
13
344
22310
642
61694
277
4607
5442
118742
3483
18372
539
642
6754
277
4607
192497
2376
344
15519
11568
277
194863
19767
689
539
4164
1196
2553
277
194863
1480
1850
766
302
277
1154
18
2952
16
277
194863
494
7120
436
41514
31
689
1850
516
15474
498
277
2292
1154
18
461
2292
1154
5119
12578
16
697
341
277
1154
539
3138
18
2586
277
194863
494
249836
2428
361
1774
22560
35
32468
16
297
1175
17673
8013
16
724
1774
277
3419
2292
1154
344
1833
3999
12152
680
461
194863
341
1060
352
13263
18
1283
530
2553
411
396
341
16
689
539
2428
1587
304
4430
411
304
4475
277
4309
4655
3271
35
2952
16
277
2746
4060
373
5677
4222
59947
5533
213288
1304
461
194863
341
516
265
1310
31
1850
766
302
277
1154
8559
18
887
2428
361
4800
766
302
277
21542
16
689
277
5772
1310
20155
344
1833
2292
1154
13
36033
1497
2911
18
1437
539
2553
194863
396
225
1691
16
689
277
1154
6714
225
2014
16
1232
592
4389
10424
277
249836
16
37966
1565
8221
18
2952
16
277
10393
4164
5119
277
2292
1154
1094
18
2209
304
361
6085
16
539
1387
4430
277
194863
304
4475
277
4309
4655
2911
35
2209
277
2746
4060
373
6534
277
2165
1154
16607
306
194863
16
7095
3138
277
1154
4546
306
1717
616
277
6292
1304
887
4007
2132
539
4273
14637
277
194863
18
2952
16
411
4060
373
5677
4222
59947
5533
213288
1304
461
194863
341
516
265
1310
16
689
1850
766
302
277
2688
2363
18
32468
16
890
724
3050
265
1154
28725
16
724
2364
385
304
7376
297
277
7878
306
2553
277
194863
396
341
344
29753
1850
766
302
277
5351
680
2209
724
851
2483
265
8156
1310
1154
2292
386
724
642
1774
18
461
194863
2428
361
352
13263
1094
16
306
277
1310
1154
59489
35
342
1761
1850
31211
304
2553
277
194863
396
2688
16
1480
4924
766
302
277
21542
18
461
1154
4546
297
277
194863
4060
277
7849
2331
302
265
51952
6657
68437
399
16
306
724
7939
2024
225
1691
18
2209
954
1154
642
758
225
2014
3308
304
277
2292
18
957
10334
3673
954
88934
99677
341
6078
16
420
277
2292
674
265
20511
18
16473
20488
17208
304
1565
697
341
4309
382
2110
1008
304
1511
51952
10565
302
386
5314
402
225
25
26963
306
225
26
15616
18
16473
1568
616
15616
402
19810
1375
21
17
22
30
959
203
21
17
23
30
8034
203
22
17
23
30
4868
203
22
17
24
30
7726
203
22
17
25
30
2072
203
23
17
24
30
7537
300
2110
1008
225
24
15616
382
2110
530
35909
616
22124
302
225
24
15616
686
302
225
26
30
346
12
26
16
24
5791
883
382
19477
17208
1450
7799
494
2983
3935
306
68437
225
21430
382
61792
17208
44914
1375
21
13
15616
30
344
21
17
22
16
21
17
23
16
22
17
23
16
22
17
24
2738
19810
225
959
15
8034
15
4868
15
7726
351
225
24100
18
225
24100
1577
225
21430
351
225
24100
17
21430
33
5111
18
344
5111
994
22
13
344
21
17
22
16
21
17
23
16
22
17
23
16
22
17
25
2738
225
959
15
8034
15
4868
15
2072
33
24556
18
225
24556
17
21430
33
5477
382
23
13
344
21
17
22
16
21
17
23
16
22
17
23
16
23
17
24
2738
225
959
15
8034
15
4868
15
7537
33
23369
18
225
23369
32
21430
1117
225
23369
35
41729
225
23369
17
21430
33
1339
18
2586
225
1339
382
24
13
344
21
17
22
16
21
17
23
16
22
17
24
16
22
17
25
2738
225
959
15
8034
15
7726
15
2072
33
20679
18
225
20679
17
21430
33
6494
18
344
6494
994
25
13
344
21
17
22
16
21
17
23
16
22
17
24
16
23
17
24
2738
225
959
15
8034
15
7726
15
7537
33
23616
18
225
23616
17
21430
33
2127
382
26
13
344
21
17
22
16
21
17
23
16
22
17
25
16
23
17
24
2738
225
959
15
8034
15
2072
15
7537
33
23989
18
225
23989
17
21430
33
3124
382
27
13
344
21
17
22
16
22
17
23
16
22
17
24
16
22
17
25
2738
225
959
15
4868
15
7726
15
2072
33
24909
18
225
24909
17
21430
33
2589
382
28
13
344
21
17
22
16
22
17
23
16
22
17
24
16
23
17
24
2738
225
959
15
4868
15
7726
15
7537
33
11313
18
225
11313
17
21430
33
1028
382
29
13
344
21
17
22
16
22
17
23
16
22
17
25
16
23
17
24
2738
225
959
15
4868
15
2072
15
7537
33
23452
18
225
23452
17
21430
33
1691
382
622
13
344
21
17
22
16
22
17
24
16
22
17
25
16
23
17
24
2738
225
959
15
7726
15
2072
15
7537
33
24469
18
225
24469
17
21430
33
3501
382
807
13
344
21
17
23
16
22
17
23
16
22
17
24
16
22
17
25
2738
225
8034
15
4868
15
7726
15
2072
33
23989
18
225
23989
17
21430
33
3124
344
42021
396
905
26
994
740
13
344
21
17
23
16
22
17
23
16
22
17
24
16
23
17
24
2738
225
8034
15
4868
15
7726
15
7537
33
22852
18
225
22852
17
21430
33
1773
382
1068
13
344
21
17
23
16
22
17
23
16
22
17
25
16
23
17
24
2738
225
8034
15
4868
15
2072
15
7537
33
23268
18
225
23268
17
21430
33
1960
382
992
13
344
21
17
23
16
22
17
24
16
22
17
25
16
23
17
24
2738
225
8034
15
7726
15
2072
15
7537
33
22788
18
225
22788
17
21430
33
2281
382
883
13
344
22
17
23
16
22
17
24
16
22
17
25
16
23
17
24
2738
225
4868
15
7726
15
2072
15
7537
33
23391
18
225
23391
17
21430
33
1575
382
8311
16
539
1998
851
2292
697
158147
436
10565
344
17387
16
183005
680
16473
13561
27289
306
19871
352
1450
382
2110
1008
304
4802
1450
867
302
225
24
15616
3757
6782
265
51952
6657
344
6613
87
616
225
25
26963
680
7517
539
569
7662
225
25
26963
306
225
24
15616
16
592
903
341
840
8664
16
411
1998
361
6482
18
2209
1850
2731
304
569
265
8664
306
2188
361
6482
35
3398
225
25
26963
16
225
24
15616
16
592
903
341
265
8664
16
1232
277
1435
302
15616
6743
1435
302
26963
297
386
8664
16
306
1232
2983
15616
1011
361
468
2750
225
25
35
41729
16
592
903
341
265
8664
16
1232
277
5314
674
265
8664
16
689
1850
2188
2731
304
569
7662
225
24
15616
306
361
6482
35
1563
265
5314
402
598
33
25
16
428
33
24
16
277
12525
14097
1435
341
428
506
598
692
346
344
7586
680
1563
265
6482
5314
16
346
33
21
16
713
12525
14097
1435
351
428
506
598
692
225
21
351
225
24
17
25
15
21
33
20
18
2586
592
1850
6482
16
411
1998
361
183005
18
53992
16
592
1850
183005
16
1232
1435
302
5721
351
598
506
428
351
225
25
17
24
33
21
16
713
1850
6482
18
2586
352
225
25
26963
306
225
24
15616
16
1610
183005
341
11104
304
1610
6482
18
2586
539
1060
1008
304
2292
386
277
867
674
840
8664
382
4892
539
1008
304
2292
352
19871
297
1450
7799
18
16473
1310
1450
42268
382
61792
3597
26963
225
21
17
25
382
68590
1375
73
740
30
21
17
22
203
73
1068
30
21
17
23
203
73
1449
30
22
17
23
203
73
1199
30
22
17
24
203
73
948
30
22
17
25
203
73
2014
30
23
17
24
300
8311
2292
1450
7799
1375
21
13
317
740
45955
1068
45955
1449
45955
1199
30
4059
26918
225
21
17
22
17
23
16
713
8664
18
3557
265
6657
382
22
13
317
740
45955
1068
45955
1449
45955
948
30
26918
225
21
17
22
17
23
16
8664
18
3557
382
23
13
317
740
45955
1068
45955
1449
45955
2014
30
26918
225
21
17
22
17
23
16
8664
18
3557
382
24
13
317
740
45955
1068
45955
1199
45955
948
30
15616
30
225
21
17
22
16
21
17
23
16
22
17
24
16
22
17
25
18
957
341
265
6657
35
16473
1565
27289
30
225
21
31436
304
225
22
306
225
23
31
225
22
31436
304
225
21
16
24
16
25
31
713
616
26963
6482
35
62421
225
23
341
6482
3874
225
21
17
23
31
26963
225
24
306
225
25
3874
225
22
17
24
16
22
17
25
18
2523
19871
30
15616
30
344
21
17
22
32959
21
17
23
32959
22
17
24
32959
22
17
25
13
436
616
8156
16
840
8664
18
2586
492
341
265
6657
18
5247
225
21430
351
225
6494
382
25
13
317
740
45955
1068
45955
1199
45955
2014
30
15616
30
225
21
17
22
16
21
17
23
16
22
17
24
16
23
17
24
18
6621
352
8664
30
225
22
17
24
17
23
17
21
17
22
35
9405
225
24
15616
30
225
22
17
24
16
24
17
23
16
23
17
21
16
21
17
22
6782
265
8664
302
4354
225
24
18
2586
903
341
265
8664
18
41729
16
15616
30
344
21
17
22
32959
21
17
23
32959
22
17
24
32959
23
17
24
13
1027
265
8664
225
21
17
22
17
24
17
23
17
21
18
2586
516
265
6657
382
26
13
317
740
45955
1068
45955
948
45955
2014
30
15616
30
225
21
17
22
16
21
17
23
16
22
17
25
16
23
17
24
18
6621
27289
30
26963
30
225
21
6482
304
225
22
16
23
31
225
22
6482
304
225
25
31
225
23
6482
304
225
24
18
2586
616
26963
436
6482
35
225
24
341
6482
3874
225
23
17
24
31
225
25
3874
225
22
17
25
31
12035
18
2523
19871
35
16473
1565
30
15616
436
616
9746
31
903
341
840
26918
1480
539
1907
569
225
22
17
23
16
6685
225
22
17
24
16
6685
225
21
17
24
18
2586
840
8664
18
2586
6657
18
5247
225
21430
351
225
3124
382
27
13
317
740
45955
1449
45955
1199
45955
948
30
15616
30
225
21
17
22
16
22
17
23
16
22
17
24
16
22
17
25
18
957
341
265
7717
33081
468
225
22
18
17827
18
5247
225
21430
351
225
2589
382
28
13
317
740
45955
1449
45955
1199
45955
2014
30
15616
30
225
21
17
22
16
22
17
23
16
22
17
24
16
23
17
24
18
6621
8664
30
225
22
17
23
17
24
17
22
341
265
26918
35
41729
15616
30
225
22
17
23
16
23
17
24
16
22
17
24
1027
26918
18
2586
8664
18
3557
6657
382
29
13
317
740
45955
1449
45955
948
45955
2014
30
15616
30
225
21
17
22
16
22
17
23
16
22
17
25
16
23
17
24
18
6621
27289
30
225
21
6482
304
225
22
31
225
22
304
225
23
16
25
31
225
23
304
225
24
18
2586
616
6482
18
2523
19871
35
16473
1565
30
15616
436
225
21
17
22
16
22
17
23
16
22
17
25
16
23
17
24
18
2278
341
840
8106
1360
225
22
306
225
24
16
6685
225
21
306
225
23
16
6685
225
21
306
225
24
16
6685
225
21
306
225
25
18
2586
840
8664
18
2586
6657
18
5247
225
21430
351
225
1691
382
622
13
317
740
45955
1199
45955
948
45955
2014
30
15616
30
225
21
17
22
16
22
17
24
16
22
17
25
16
23
17
24
18
6621
27289
30
225
21
6482
304
225
22
31
225
22
304
225
24
16
25
31
225
23
304
225
24
18
2586
616
6482
35
62421
225
23
341
6482
3874
225
22
17
24
17
23
35
41729
8106
225
23
17
24
31436
225
23
304
225
24
16
713
225
23
341
6482
18
2586
6482
18
2523
19871
35
16473
1565
30
15616
30
225
21
17
22
16
22
17
24
16
22
17
25
16
23
17
24
18
15968
840
8664
1480
539
1907
569
225
21
17
24
16
21
17
25
16
22
17
23
16
23
17
22
16
4115
18
2586
840
8664
18
2586
6657
18
5247
225
21430
351
225
3501
382
807
13
317
1068
45955
1449
45955
1199
45955
948
30
15616
30
225
21
17
23
16
22
17
23
16
22
17
24
16
22
17
25
18
6621
27289
30
225
21
6482
304
225
23
31
225
23
304
225
22
31
225
22
304
225
24
16
25
18
2586
616
6482
18
2523
19871
35
197238
30
225
21
17
23
16
22
17
23
16
22
17
24
16
22
17
25
18
2523
26918
1480
539
1907
569
225
21
17
22
16
6685
225
21
17
24
16
6685
225
21
17
25
16
6685
225
23
17
24
16
6685
225
23
17
25
18
2586
840
8664
18
2586
6657
18
5247
225
21430
351
225
3124
344
42021
396
905
26
2570
740
13
317
1068
45955
1449
45955
1199
45955
2014
30
15616
30
225
21
17
23
16
22
17
23
16
22
17
24
16
23
17
24
18
6621
8664
30
225
22
17
23
17
24
17
22
341
26918
35
197238
30
225
22
17
23
16
23
17
24
16
22
17
24
1831
35
8520
16
225
22
17
24
341
1831
16
713
26918
225
22
17
23
17
24
17
22
18
2586
8664
18
3557
6657
382
1068
13
317
1068
45955
1449
45955
948
45955
2014
30
15616
30
225
21
17
23
16
22
17
23
16
22
17
25
16
23
17
24
18
6621
27289
30
225
21
17
23
17
22
17
25
306
225
23
17
24
16
713
616
6482
18
2523
19871
35
197238
30
225
21
17
23
16
22
17
23
16
22
17
25
16
23
17
24
18
2523
8664
18
17827
18
5247
225
21430
351
225
1960
382
992
13
317
1068
45955
1199
45955
948
45955
2014
30
15616
30
225
21
17
23
16
22
17
24
16
22
17
25
16
23
17
24
18
6621
27289
30
225
21
17
23
17
24
17
22
17
25
16
616
6482
18
2523
19871
35
197238
30
225
21
17
23
16
22
17
24
16
22
17
25
16
23
17
24
18
2523
8664
1480
539
6219
225
21
17
22
16
21
17
24
16
21
17
25
16
22
17
23
16
22
17
25
35
41729
225
22
17
25
341
1831
16
689
539
1008
265
8664
30
317
1627
1278
225
22
17
24
17
23
17
21
35
2523
8106
225
23
17
22
16
713
840
8664
18
2586
6657
18
5247
225
21430
351
225
2281
382
883
13
317
1449
45955
1199
45955
948
45955
2014
30
15616
30
225
22
17
23
16
22
17
24
16
22
17
25
16
23
17
24
18
6621
27289
30
26963
30
225
21
341
16201
35
2523
8106
13952
304
225
21
18
2586
516
6482
18
2586
516
265
6657
344
164329
27289
680
6755
903
341
8664
35
225
22
17
23
17
24
17
22
341
26918
18
2586
516
6657
382
27872
4080
10565
30
158147
905
24
16
905
26
16
905
27
16
905
29
16
905
622
16
905
807
16
905
1068
16
905
992
18
344
14353
8696
905
8806
680
16473
1568
4080
10565
402
725
68437
2911
1375
7
24
30
225
6494
203
7
26
30
225
3124
203
7
27
30
225
2589
203
7
29
30
225
1691
203
7
622
30
225
3501
203
7
807
30
225
3124
203
7
1068
30
225
1960
203
7
992
30
225
2281
300
44573
3724
1131
341
225
1691
344
92895
905
29
680
2586
277
4309
7849
68437
341
225
1691
18
2952
16
277
2292
1154
36033
225
2014
18
3483
10334
8696
342
222712
92103
730
302
277
68437
2911
420
903
341
387
1115
14530
20740
35
16473
4638
18400
905
29
30
15616
344
21
17
22
16
22
17
23
16
22
17
25
16
23
17
24
13
19810
30
225
959
692
225
4868
692
225
2072
692
225
7537
351
225
23452
18
225
23452
1577
225
21430
351
225
1691
18
8520
382
2608
5522
16
42268
905
29
341
15616
344
21
17
22
16
22
17
23
16
22
17
25
16
23
17
24
680
6346
1731
15616
1831
35
8520
30
344
21
16
22
16
959
733
344
22
16
23
16
4868
733
344
22
16
25
16
2072
733
344
23
16
24
16
7537
680
2586
4455
225
23452
16
893
225
21430
351
225
1691
382
8311
16
341
903
839
6657
402
68437
225
2014
35
16473
2292
592
839
7799
22699
225
2014
18
16205
468
905
740
30
225
1773
689
1850
15235
18
905
35
8696
852
7799
516
4800
35
2278
436
225
883
158147
16
539
98245
616
18
10546
4080
10565
539
9603
18
2586
1219
341
225
1691
382
27872
277
2292
192497
40439
386
411
1196
361
225
2014
341
6078
592
954
81277
341
4309
18
2952
16
8696
277
5314
341
4800
402
26963
225
21
218853
306
15616
344
21
16
22
16
959
13
4115
18
9405
1065
539
1161
18
2586
3097
1011
2292
2364
225
2014
35
22977
277
1154
1196
17208
277
7849
2331
302
265
51952
6657
1207
2331
341
4455
302
8106
19810
68437
399
16
689
8696
724
1587
277
7849
2731
1333
302
344
5421
1577
399
13
3724
616
51952
10565
16
689
9745
724
1994
277
68437
5637
21214
35
2491
8696
724
1994
386
277
51952
188245
2331
341
277
4455
302
8106
19810
68437
399
16
689
724
1587
277
7849
2731
2331
16
306
9745
277
2331
341
5047
396
277
4455
302
8106
19810
68437
399
16
689
724
2428
361
1347
225
20
218853
35
2523
382
19477
316
195488
30
461
1154
16607
306
194863
436
2688
31
277
2024
297
194863
4060
3271
225
1691
18
461
2292
1154
4060
225
2014
18
22547
903
361
265
20511
297
277
194863
35
2491
8696
539
175538
277
2746
30
373
10610
277
7849
2331
302
265
51952
6657
1207
277
2331
341
5047
396
277
4455
302
8106
19810
68437
399
1304
3483
341
7662
1065
539
1645
382
25790
277
1310
4027
436
516
277
1656
396
277
194863
7120
31
8696
277
194863
494
2024
341
499
265
1497
3478
35
461
2292
1154
4059
1217
5810
1310
4027
16
697
436
277
1656
396
194863
18
2586
1850
73411
382
2110
1008
304
1717
277
2292
1154
16
713
539
1008
304
6496
225
2014
352
386
2740
18
1882
1387
539
771
225
2014
35
16473
2050
304
1565
592
903
341
265
51952
6657
402
4455
225
24215
35
225
24215
1577
225
21430
351
225
2014
18
2251
903
265
6657
402
4455
225
24215
35
16473
1565
592
839
7799
539
18391
22699
225
24215
18
461
44914
539
19377
352
4080
10565
30
225
6494
16
3124
16
2589
16
1691
16
3501
16
3124
16
1960
16
2281
18
4628
341
225
2014
18
14812
265
6657
402
4455
225
26629
35
225
26629
1577
225
21430
351
225
26629
17
25942
33
2014
18
225
26629
341
1398
18
2209
2687
4455
35
16473
17208
2687
4455
3724
616
10565
30
461
6756
4455
3724
616
158147
341
8696
225
20679
344
92895
905
24
13
689
4924
516
6657
35
41729
905
24
341
6657
402
4455
225
20679
893
225
21430
351
225
6494
18
2209
8696
903
341
265
6657
402
4455
225
24215
18
16473
1565
592
839
42268
539
4800
15235
1387
3757
361
265
6657
35
6621
42268
905
25
30
225
23616
893
225
21430
351
225
2127
16
689
15235
2920
304
8664
18
2209
8696
954
8664
9957
341
6078
35
78417
905
25
30
15616
344
21
17
22
16
21
17
23
16
22
17
24
16
23
17
24
680
1283
1392
411
674
8664
225
21
17
22
17
24
17
23
17
21
18
20987
16
15616
30
225
21
17
22
16
225
22
17
24
16
225
24
17
23
16
225
23
17
21
18
9405
265
8664
302
4354
225
24
18
2586
516
265
6657
382
32918
905
22
30
225
24556
893
225
21430
33
5477
16
15235
2920
304
26918
382
32918
905
21
30
225
24100
893
225
21430
33
5111
16
15235
382
32918
905
23
30
225
23369
893
225
21430
33
1339
16
15235
382
32918
905
28
30
225
11313
893
225
21430
33
1028
16
15235
2920
304
26918
382
32918
905
740
30
225
22852
893
225
21430
33
1773
16
15235
382
32918
905
883
30
225
23391
893
225
21430
33
1575
16
689
15235
1480
21599
225
21
16201
35
41729
15616
344
22
17
23
16
22
17
24
16
22
17
25
16
23
17
24
680
62421
225
21
674
840
13952
15616
16
713
516
6482
18
2586
15235
382
32918
905
1068
539
33649
396
4080
16
893
225
1960
382
32918
905
992
4080
893
225
2281
382
32918
905
622
4080
893
225
3501
382
32918
905
27
4080
893
225
2589
382
32918
905
26
4080
893
225
3124
382
32918
905
24
4080
893
225
6494
382
4892
840
225
2014
382
27872
16
3673
277
2292
1154
674
265
103364
16
420
9745
277
5314
341
516
396
539
1761
35
14812
277
26963
436
225
20
218853
35
2209
277
15616
436
2688
402
493
460
335
306
225
21
218853
16
713
539
17709
18
1437
539
98571
1161
225
20
218853
2142
83084
225
21
16
1232
277
15616
1011
361
344
20
16
21
16
959
733
344
20
16
22
16
8034
733
344
21
16
22
16
4868
733
344
21
16
23
16
7726
733
344
21
16
24
16
2072
733
344
22
16
23
16
7537
680
5489
277
1656
158147
18
3483
11413
2312
44914
382
25790
277
68437
5637
341
6227
21214
30
8696
724
17208
277
4455
302
8106
19810
68437
399
16
689
1232
724
1587
277
7849
2731
2331
16
306
2331
2428
361
5047
396
344
5421
1577
399
13
689
724
1587
277
7849
1333
16
689
8696
724
1994
386
277
2331
341
277
4455
302
8106
19810
68437
399
16
689
277
51952
6657
5513
1998
569
2983
3935
2336
936
399
35
2523
16
724
2132
2331
341
5047
396
277
4455
302
8106
19810
68437
399
18
2586
1850
7662
386
382
44125
903
341
265
35736
30
461
51952
6657
2331
341
5047
396
277
4455
302
8106
19810
68437
399
16
689
724
1587
277
7849
2331
16
306
9745
277
51952
6657
1998
361
265
7849
51952
6657
344
164258
13
498
3935
35
2209
277
5224
4060
373
10610
277
7849
2331
302
265
51952
6657
1207
277
2331
341
5047
396
277
4455
302
8106
19810
68437
399
1304
3483
341
16
3724
616
51952
10565
16
17208
277
2331
344
8781
341
68437
399
13
306
1511
277
7849
1175
2331
18
2586
1850
516
96272
498
3935
31
1850
819
68437
18
2586
88934
99677
341
4309
382
25790
277
1310
1690
297
2292
341
516
277
1656
396
194863
35
16473
316
25735
277
2292
1154
1375
3080
14487
203
1847
2292
180005
2407
298
905
25585
1310
4027
203
298
3999
12578
12
25
16
225
26
16
225
21430
16
33814
21
16
225
22
16
225
959
733
344
21
16
225
23
16
225
8034
733
344
22
16
225
23
16
225
4868
733
344
22
16
225
24
16
225
7726
733
344
22
16
225
25
16
225
2072
733
344
23
16
225
24
16
225
7537
134727
1377
225
2014
203
298
3999
12578
12
26
16
225
25
16
225
7858
18833
22460
16
33814
21
16
225
22
16
225
22109
23452
26033
733
344
21
16
225
26
16
225
12633
21689
16972
733
344
22
16
225
23
16
225
6419
25941
18833
733
344
22
16
225
25
16
225
25577
23737
25789
733
344
24
16
225
25
16
225
26645
11313
22023
134727
1377
225
18857
25592
26479
203
298
13361
7203
4892
1850
91577
225
2014
352
1058
18
2209
954
88934
99677
4060
225
1691
18
2586
3673
954
88934
99677
341
6078
16
420
539
250260
277
1310
2740
18
16473
4638
18400
277
1310
2740
30
461
15616
436
7662
396
539
1161
18
22547
903
361
387
1115
14530
20740
297
277
3935
1568
35
461
30208
341
344
21
16
22
16
959
13
4115
18
8520
382
25790
277
5314
341
14821
35
2523
16
163513
382
25790
277
51952
6657
341
2993
304
361
265
7849
51952
6657
297
4249
302
4455
344
77
3077
1278
3724
616
51952
10565
16
5857
277
730
402
7849
4455
16
1232
17208
969
68437
15309
2209
277
5224
4060
373
10610
277
7849
2331
302
265
51952
6657
1207
277
2331
341
5047
396
277
4455
302
8106
19810
68437
399
1304
3483
1387
361
26335
396
30
1563
1450
51952
6657
16
17208
969
2331
351
344
5421
302
8106
19810
13
893
399
31
1232
1511
277
7849
302
1731
5971
18
9405
1065
539
1645
18
2952
16
6848
373
67654
2331
51952
6657
6
2428
3867
304
277
96272
344
67654
2983
3935
13
689
1743
724
19986
8483
2331
396
68437
18
2586
1850
516
96272
382
2608
1065
592
724
10439
30
19078
616
51952
10565
16
1511
277
730
402
7849
2983
3935
344
1833
96272
733
306
1232
758
386
2983
3935
68437
399
18
3483
1011
361
1497
18
16473
2292
30
461
96272
344
1892
2983
3935
13
352
277
1058
5314
30
16473
17208
96272
19810
19842
30
197238
19842
498
3935
30
344
23
17
24
30
7537
733
344
22
17
23
30
4868
733
344
22
17
24
30
7726
733
344
22
17
25
30
2072
733
344
21
17
22
30
959
733
344
21
17
23
30
8034
680
1563
96272
16
539
5229
15616
67463
1318
2142
19871
18
8163
402
225
23
17
24
344
7537
680
5489
225
22
17
23
344
4868
13
2649
919
18
5489
225
22
17
24
344
7726
13
2649
689
1616
539
569
225
22
17
23
306
225
22
17
24
16
1011
386
2299
8664
35
3557
4427
30
26963
225
22
16
23
16
24
436
6482
35
4790
8811
225
22
17
23
16
539
569
4942
391
22
16
23
7342
4790
8811
225
22
17
24
16
4942
7883
391
22
16
23
16
24
7342
2523
8664
18
5489
2475
8106
225
22
17
25
344
2072
13
2649
31436
21599
225
25
16
4942
391
22
16
23
16
24
16
25
7342
11615
16
225
21
17
22
344
959
13
2649
31436
21599
225
21
16
616
225
25
26963
6482
18
2586
96272
15616
30
344
23
17
24
16
7537
733
344
22
17
23
16
4868
733
344
22
17
24
16
7726
733
344
22
17
25
16
2072
733
344
21
17
22
16
959
680
14610
351
225
7537
15
4868
15
7726
15
2072
15
959
351
225
22640
18
5247
225
21430
351
225
22640
17
21430
33
10942
18
9405
516
225
2014
420
225
1691
18
2586
516
96272
382
27872
16
1850
516
96272
382
25790
724
1587
277
7849
2731
1333
302
344
5421
1577
399
13
689
9745
724
1994
386
277
4455
341
4582
68437
399
1058
35
2523
382
25790
903
341
265
20511
297
954
6657
81277
30
16722
539
12989
5782
42268
905
29
396
265
6657
35
16473
4638
18400
42268
905
29
30
15616
344
21
17
22
16
22
17
23
16
22
17
25
16
23
17
24
680
18408
30
26963
30
225
21
6482
304
225
22
31
225
22
6482
304
225
21
16
23
16
25
31
225
23
6482
304
225
22
16
24
31
225
24
6482
304
225
23
31
225
25
6482
304
225
22
18
9405
6482
306
840
19871
344
30444
1013
265
2481
225
21
17
22
17
23
17
24
402
265
15338
225
25
11719
304
225
22
680
2586
12035
16
1850
265
6657
382
25790
903
341
265
7799
539
18391
386
22699
225
2014
18
16473
1568
616
158147
1754
402
893
2911
16
8696
342
222712
92103
910
893
18
16473
17771
14299
1450
42268
4455
306
893
16
306
851
2292
27289
306
19871
717
14316
18
6755
16
8696
910
158147
539
4800
15235
436
3757
4080
2920
304
27289
35
16473
316
171902
1450
42268
50593
382
61792
27967
15616
402
23864
1375
73
740
344
959
465
73
1068
344
8034
465
73
1449
344
4868
465
73
1199
344
7726
465
73
948
344
2072
465
73
2014
344
7537
994
3196
158147
302
225
24
15616
1375
21
13
317
740
45955
1068
45955
1449
45955
1199
203
22
13
317
740
45955
1068
45955
1449
45955
948
203
23
13
317
740
45955
1068
45955
1449
45955
2014
203
24
13
317
740
45955
1068
45955
1199
45955
948
203
25
13
317
740
45955
1068
45955
1199
45955
2014
203
26
13
317
740
45955
1068
45955
948
45955
2014
203
27
13
317
740
45955
1449
45955
1199
45955
948
203
28
13
317
740
45955
1449
45955
1199
45955
2014
203
29
13
317
740
45955
1449
45955
948
45955
2014
203
622
13
317
740
45955
1199
45955
948
45955
2014
203
807
13
317
1068
45955
1449
45955
1199
45955
948
203
740
13
317
1068
45955
1449
45955
1199
45955
2014
203
1068
13
317
1068
45955
1449
45955
948
45955
2014
203
992
13
317
1068
45955
1199
45955
948
45955
2014
203
883
13
317
1449
45955
1199
45955
948
45955
2014
300
8311
17208
44914
306
41097
344
3664
225
21430
16034
21
13
225
959
15
8034
15
4868
15
7726
351
225
24100
2649
225
24100
17
21430
33
5111
203
22
13
225
959
15
8034
15
4868
15
2072
351
225
24556
2649
225
5477
203
23
13
225
959
15
8034
15
4868
15
7537
351
225
23369
2649
225
23369
17
21430
33
1339
203
24
13
225
959
15
8034
15
7726
15
2072
351
225
20679
2649
225
20679
17
21430
33
6494
203
25
13
225
959
15
8034
15
7726
15
7537
351
225
23616
2649
225
23616
17
21430
33
2127
203
26
13
225
959
15
8034
15
2072
15
7537
351
225
23989
2649
225
23989
17
21430
33
3124
203
27
13
225
959
15
4868
15
7726
15
2072
351
225
24909
2649
225
24909
17
21430
33
2589
203
28
13
225
959
15
4868
15
7726
15
7537
351
225
11313
2649
225
11313
17
21430
33
1028
203
29
13
225
959
15
4868
15
2072
15
7537
351
225
23452
2649
225
23452
17
21430
33
1691
203
622
13
225
959
15
7726
15
2072
15
7537
351
225
24469
2649
225
24469
17
21430
33
3501
203
807
13
225
8034
15
4868
15
7726
15
2072
351
225
23989
2649
225
3124
203
740
13
225
8034
15
4868
15
7726
15
7537
351
225
22852
2649
225
1773
203
1068
13
225
8034
15
4868
15
2072
15
7537
351
225
23268
2649
225
1960
203
992
13
225
8034
15
7726
15
2072
15
7537
351
225
22788
2649
225
2281
203
883
13
225
4868
15
7726
15
2072
15
7537
351
225
23391
2649
225
1575
300
8311
16
539
1008
304
5827
697
158147
436
10565
344
17387
306
183005
680
1563
307
33
25
16
317
33
24
16
396
23069
16
183005
6758
34
6482
18
2586
539
1008
304
2292
592
277
867
5720
265
8664
382
2110
530
2292
19871
498
10811
592
277
15616
3451
265
8664
302
4354
6743
23
16
420
839
8664
18
7517
277
5314
341
2164
16
539
530
20488
2292
1450
867
382
61792
3087
1450
867
396
265
5314
306
1565
592
1850
265
6657
382
21
13
391
73
740
45955
1068
45955
1449
45955
1199
18631
57485
26918
225
21
17
22
17
23
344
73
740
45955
1068
45955
1449
680
2586
8664
18
3557
6657
382
22
13
391
73
740
45955
1068
45955
1449
45955
948
18631
26918
225
21
17
22
17
23
18
3557
6657
382
23
13
391
73
740
45955
1068
45955
1449
45955
2014
18631
26918
225
21
17
22
17
23
18
3557
6657
382
24
13
391
73
740
45955
1068
45955
1199
45955
948
18631
2523
26918
18
6621
352
839
8664
30
461
5314
30
15616
30
225
21
17
22
16
21
17
23
16
22
17
24
16
22
17
25
18
957
341
265
6657
344
15590
33081
468
225
22
402
9643
225
21
16
23
16
24
16
25
35
41729
225
21
341
6482
304
225
22
16
225
23
304
225
21
35
26128
225
21
17
23
341
8106
16
713
225
23
341
851
6482
304
225
21
16
689
225
21
341
6482
304
225
22
16
713
225
23
341
6482
304
225
22
3874
225
21
17
23
17
21
17
22
35
41729
2481
30
225
23
17
21
17
22
16
713
225
23
341
6482
18
2586
5314
341
6482
35
16473
2292
30
62421
225
21
6482
304
225
22
306
225
23
31
21599
225
22
6482
304
225
21
16
24
16
25
31
21599
225
23
6482
304
225
21
31
21599
225
24
6482
304
225
22
31
21599
225
25
6482
304
225
22
18
2586
616
26963
436
6482
18
2523
19871
18
2586
6657
382
25
13
391
73
740
45955
1068
45955
1199
45955
2014
18631
15616
30
225
21
17
22
16
21
17
23
16
22
17
24
16
23
17
24
18
6621
8664
30
225
21
17
22
17
24
17
23
17
21
341
265
8664
344
11228
225
24
680
2586
516
6657
382
26
13
391
73
740
45955
1068
45955
948
45955
2014
18631
15616
30
225
21
17
22
16
21
17
23
16
22
17
25
16
23
17
24
18
18408
30
225
21
6482
304
225
22
306
225
23
31
225
22
6482
304
225
21
306
225
25
31
225
23
6482
304
225
21
306
225
24
31
225
24
6482
304
225
23
31
225
25
6482
304
225
22
18
2536
26963
6482
35
8520
18
2523
19871
30
461
5314
341
1013
1217
18744
499
225
21
30
730
304
225
22
17
25
16
730
304
225
23
17
24
18
2523
19871
18
2586
6657
382
27
13
391
73
740
45955
1449
45955
1199
45955
948
18631
15616
30
225
21
17
22
16
22
17
23
16
22
17
24
16
22
17
25
18
957
341
265
7717
33081
468
225
22
18
17827
382
28
13
391
73
740
45955
1449
45955
1199
45955
2014
18631
15616
30
225
21
17
22
16
22
17
23
16
22
17
24
16
23
17
24
18
957
5720
26918
225
22
17
23
17
24
35
41729
15616
30
225
22
17
23
16
23
17
24
16
22
17
24
436
616
1831
16
713
26918
225
22
17
23
17
24
18
2586
516
6657
382
29
13
391
73
740
45955
1449
45955
948
45955
2014
18631
15616
30
225
21
17
22
16
22
17
23
16
22
17
25
16
23
17
24
18
18408
30
225
21
17
22
17
23
17
24
306
225
22
17
25
18
68043
35
225
21
6482
304
225
22
16
225
22
304
225
23
306
225
25
16
225
23
304
225
24
18
2586
616
6482
18
2523
19871
35
2278
341
840
8106
225
21
17
23
16
225
21
17
24
16
225
23
17
25
16
4115
18
2586
840
8664
18
17827
382
622
13
391
73
740
45955
1199
45955
948
45955
2014
18631
15616
30
225
21
17
22
16
22
17
24
16
22
17
25
16
23
17
24
18
18408
30
225
21
17
22
17
24
17
23
306
225
22
17
25
18
68043
35
225
21
17
22
17
24
31436
225
21
16
22
16
24
16
23
31
225
22
17
25
15013
225
25
18
2586
616
6482
18
2523
19871
35
6621
352
8664
30
2731
19871
30
225
22
17
24
17
23
17
35
840
8106
225
23
17
22
16
713
840
26918
18
225
21
17
22
17
24
17
23
17
35
840
8106
225
23
17
21
18
2586
840
8664
18
17827
382
807
13
391
73
1068
45955
1449
45955
1199
45955
948
18631
15616
30
225
21
17
23
16
22
17
23
16
22
17
24
16
22
17
25
18
18408
30
225
21
17
23
17
22
17
24
306
225
22
17
25
18
68043
35
225
21
6482
304
225
23
16
225
23
304
225
22
16
225
22
304
225
24
306
225
25
16
713
616
6482
18
2523
19871
35
2523
26918
30
539
569
15616
225
21
17
23
16
22
17
23
16
22
17
24
16
22
17
25
18
2523
225
21
17
22
16
840
225
23
17
24
16
840
225
23
17
25
18
2586
840
8664
18
17827
382
740
13
391
73
1068
45955
1449
45955
1199
45955
2014
18631
15616
30
225
21
17
23
16
22
17
23
16
22
17
24
16
23
17
24
18
57485
26918
225
22
17
23
17
24
35
197238
30
225
22
17
23
16
23
17
24
16
22
17
24
616
1831
16
713
26918
18
3557
6657
382
1068
13
391
73
1068
45955
1449
45955
948
45955
2014
18631
15616
30
225
21
17
23
16
22
17
23
16
22
17
25
16
23
17
24
18
18408
30
225
21
17
23
17
22
17
25
306
225
23
17
24
18
68043
35
225
21
6482
304
225
23
16
225
23
304
225
22
16
225
22
304
225
25
16
225
23
304
225
24
16
713
616
6482
18
2523
19871
35
197238
30
225
21
17
23
16
22
17
23
16
22
17
25
16
23
17
24
18
2523
225
21
17
22
16
21
17
24
16
22
17
24
16
23
17
25
18
2586
840
8664
18
17827
382
992
13
391
73
1068
45955
1199
45955
948
45955
2014
18631
15616
30
225
21
17
23
16
22
17
24
16
22
17
25
16
23
17
24
18
18408
30
225
21
17
23
17
24
17
22
17
25
18
68043
35
225
21
304
225
23
16
225
23
304
225
24
16
225
24
304
225
22
16
225
22
304
225
25
16
713
616
6482
18
2523
19871
35
197238
30
225
21
17
23
16
22
17
24
16
22
17
25
16
23
17
24
18
6621
352
8664
30
225
22
17
24
17
23
17
35
840
8106
225
23
17
22
35
41729
225
23
17
24
306
225
22
17
24
16
689
1008
225
22
17
23
304
1027
26918
18
2523
8106
225
22
17
23
18
2586
840
8664
18
17827
382
883
13
391
73
1449
45955
1199
45955
948
45955
2014
18631
15616
30
225
22
17
23
16
22
17
24
16
22
17
25
16
23
17
24
18
18408
30
26963
30
225
21
16201
16
713
516
6482
18
6755
5720
26918
225
22
17
23
17
24
18
3557
6657
382
27872
4080
10565
436
30
225
24
16
26
16
27
16
29
16
622
16
807
16
1068
16
992
18
9405
225
28
10565
382
8311
17208
725
68437
2911
1375
24
30
225
6494
203
26
30
225
3124
203
27
30
225
2589
203
29
30
225
1691
203
622
30
225
3501
203
807
30
225
3124
203
1068
30
225
1960
203
992
30
225
2281
300
44573
351
225
1691
382
4892
3097
1414
2292
2364
225
2014
35
22547
411
361
386
277
26963
436
225
20
218853
35
1437
539
2489
277
15616
396
2688
402
225
21
218853
689
539
98571
2489
1019
396
225
20
218853
2142
83084
225
21
35
3483
1011
361
277
1656
19810
16
1060
1497
21599
5463
16
689
277
5314
3920
341
90543
18
2586
277
1656
1219
1011
361
225
1691
382
25790
277
1154
36033
277
7849
2331
302
265
51952
6657
1207
277
2331
341
5047
396
277
4455
302
8106
19810
68437
399
16
689
9745
724
1587
277
7849
2731
1333
302
277
2331
344
8781
341
68437
13
689
8696
724
1587
277
7849
2731
1333
302
277
4455
5513
344
1876
68437
13
306
1232
1863
68437
35
3483
1011
361
96272
3935
893
399
351
225
22640
893
225
21430
351
225
10942
16
516
225
2014
382
25790
724
1587
277
7849
898
616
51952
10565
302
344
5421
302
19810
13
68437
399
16
689
724
2428
361
1347
265
1497
16340
30
461
2331
341
5047
396
277
4455
302
8106
19810
68437
399
16
306
724
1587
277
7849
2331
18
2209
8696
724
1587
277
7849
2731
1333
302
277
2331
16
1207
2331
341
5047
396
277
4455
302
8106
19810
68437
399
16
689
277
51952
6657
1998
361
265
7849
51952
6657
35
3483
5563
21930
382
25790
277
1310
1690
341
516
277
730
539
1761
31
8696
277
2740
15616
436
516
7662
396
539
9603
35
16473
316
25735
277
1310
30
12578
12
25
16
225
26
16
225
21430
16
33814
21
16
225
22
16
225
959
733
344
21
16
225
23
16
225
8034
733
344
22
16
225
23
16
225
4868
733
344
22
16
225
24
16
225
7726
733
344
22
16
225
25
16
225
2072
733
344
23
16
225
24
16
225
7537
134727
1377
225
2014
18
2586
1656
382
25790
277
1154
341
12762
304
758
277
7849
2731
1333
302
277
4455
302
8106
19810
344
1876
68437
13
306
1232
277
36899
5443
68437
35
2209
386
11413
1265
5258
382
25790
277
2292
192497
4655
1333
225
2014
341
265
20511
16
306
277
4309
3032
341
225
1691
18
2209
277
194863
851
4060
225
1691
18
2586
1804
194863
306
2292
2132
225
1691
35
41729
194863
4060
225
1691
16
2292
4060
225
2014
18
2586
903
341
100849
30
194863
4060
225
1691
16
2292
4060
225
2014
18
2209
277
194863
341
766
302
277
192497
13263
31
277
2292
341
277
1310
18
32468
16
277
1310
341
62320
18
2586
8696
277
194863
341
6078
306
2292
341
4309
16
713
539
1008
304
6496
225
2014
18
2209
954
88934
99677
6632
225
1691
18
2586
9745
954
88934
99677
18391
265
6657
386
22699
225
2014
306
539
53786
13122
265
6657
396
15235
35
16473
4638
18400
42268
905
25
30
8696
411
341
3757
265
6657
592
539
1994
2761
1625
35
78417
905
25
30
15616
344
21
17
22
16
21
17
23
16
22
17
24
16
23
17
24
680
1283
1392
411
674
8664
225
21
17
22
17
24
17
23
17
21
18
2209
8696
277
5314
341
4800
163513
16
306
265
8664
302
4354
225
24
341
2188
265
8664
18
2586
516
265
6657
382
2608
9745
277
5314
341
4081
16
689
724
1994
265
51952
6657
396
265
109044
386
341
265
6657
16
697
4273
569
839
19871
18
2586
905
25
341
516
265
6657
382
1974
819
42268
905
22
35
3483
674
26918
16
516
6657
382
32918
905
740
674
26918
16
516
6657
382
32918
905
28
674
26918
16
516
6657
382
32918
905
23
674
26918
382
4892
840
382
25790
277
1154
341
12762
304
1994
386
277
51952
6657
1998
361
265
7849
51952
6657
297
4249
302
4455
16
306
1232
758
277
4455
68437
399
35
3483
7939
225
10942
18
3557
225
2014
382
25790
724
1587
277
7849
2731
1333
302
344
5421
302
8106
19810
13
68437
399
16
689
724
1994
277
4455
304
361
4582
68437
399
1714
19440
35
2523
382
44125
277
1154
36033
304
758
277
7849
2731
2331
16
1207
2331
341
5047
396
277
4455
302
8106
19810
68437
399
16
689
724
1587
277
7849
898
616
51952
10565
302
277
2331
16
689
9745
724
1587
277
7849
2731
1333
302
277
2331
396
387
11795
297
648
20
16
399
17
21
2315
689
724
2428
569
265
1497
8559
302
68437
30
8696
724
8483
68437
396
277
22503
890
38375
498
399
16
689
592
277
4455
341
6484
35
2523
382
25790
277
5314
341
14821
35
2523
382
19477
17208
277
44914
352
616
4080
10565
539
9603
16
689
8696
539
5478
105464
730
302
277
44914
35
16473
17771
14299
1450
188245
4455
14316
1375
12144
905
24
30
15616
344
21
17
22
16
21
17
23
16
22
17
24
16
22
17
25
2738
19810
30
225
959
692
225
8034
692
225
7726
692
225
2072
351
13640
919
30
225
959
15
8034
33
4543
16
692
7726
33
20718
16
692
2072
33
20679
18
225
20679
1577
225
21430
351
225
6494
18
42600
382
12144
905
26
30
344
21
17
22
16
21
17
23
16
22
17
25
16
23
17
24
2738
225
959
15
8034
15
2072
15
7537
351
225
959
15
8034
33
4543
16
692
2072
33
21456
16
692
7537
33
23989
18
225
23989
9
21430
33
3124
18
42600
382
12144
905
27
30
344
21
17
22
16
22
17
23
16
22
17
24
16
22
17
25
2738
225
959
15
4868
15
7726
15
2072
351
225
959
15
4868
33
15996
16
692
7726
33
22512
16
692
2072
33
24909
18
225
24909
9
21430
33
2589
18
42600
382
12144
905
29
30
344
21
17
22
16
22
17
23
16
22
17
25
16
23
17
24
2738
225
959
15
4868
15
2072
15
7537
351
225
959
15
4868
33
15996
16
692
2072
33
14815
16
692
7537
33
23452
18
225
23452
9
21430
33
1691
18
42600
382
12144
905
622
30
344
21
17
22
16
22
17
24
16
22
17
25
16
23
17
24
2738
225
959
15
7726
15
2072
15
7537
351
225
959
15
7726
33
14731
16
692
2072
33
20179
16
692
7537
33
24469
18
225
24469
9
21430
33
3501
18
42600
382
12144
905
807
30
344
21
17
23
16
22
17
23
16
22
17
24
16
22
17
25
2738
225
8034
15
4868
15
7726
15
2072
351
225
8034
15
4868
33
16583
16
692
7726
33
20589
16
692
2072
33
23989
18
225
23989
9
21430
33
3124
382
12144
905
1068
30
344
21
17
23
16
22
17
23
16
22
17
25
16
23
17
24
2738
225
8034
15
4868
15
2072
15
7537
351
225
8034
15
4868
33
16583
16
692
2072
33
21509
16
692
7537
33
23268
18
225
23268
9
21430
33
1960
382
12144
905
992
30
344
21
17
23
16
22
17
24
16
22
17
25
16
23
17
24
2738
225
8034
15
7726
15
2072
15
7537
351
225
8034
15
7726
33
12806
16
692
2072
33
22060
16
692
7537
33
22788
18
225
22788
9
21430
33
2281
382
3196
4309
382
27872
1219
351
225
1691
382
25790
277
1310
36033
225
2014
1480
724
1994
386
277
2331
341
277
4455
302
8106
19810
68437
399
16
689
724
1587
277
7849
2731
1333
302
277
2331
16
306
8696
724
1587
277
7849
898
616
51952
10565
302
277
4455
5513
344
1876
68437
733
306
1232
1863
68437
35
3483
1011
361
96272
4455
893
399
351
225
22640
893
225
21430
351
225
10942
18
3557
225
2014
382
25790
724
1587
277
7849
2731
1333
302
344
5421
302
8106
19810
13
68437
399
16
689
724
1587
277
7849
898
616
51952
10565
302
277
4455
344
35171
68437
13
306
1232
1863
68437
302
386
7849
35
3483
1011
361
1219
4455
351
2265
19078
616
10565
16
1065
341
277
21820
2983
3935
35
16473
1511
277
6657
402
21820
4455
18
461
19810
30
225
7537
16
4868
16
7726
16
2072
16
959
16
8034
18
461
21820
2731
4455
352
265
51952
6657
1011
361
304
1863
277
21820
3148
15616
386
2188
1027
265
6657
18
461
21820
15616
30
225
7537
344
23
17
24
733
225
4868
344
22
17
23
733
225
7726
344
22
17
24
733
225
2072
344
22
17
25
680
2209
1131
3148
15616
30
225
23
17
24
16
22
17
23
16
22
17
24
16
22
17
25
18
957
867
30
1414
411
3451
265
8664
35
197238
30
225
22
17
23
16
22
17
24
16
23
17
24
1027
26918
35
41729
225
22
17
23
16
22
17
24
16
23
17
24
436
616
1831
16
713
26918
18
2586
516
265
6657
18
11615
2050
30
225
7537
16
4868
16
7726
16
959
35
15616
30
225
23
17
24
16
22
17
23
16
22
17
24
16
21
17
22
18
6621
30
225
22
17
23
16
22
17
24
16
23
17
24
26918
2649
8664
18
225
7537
16
4868
16
2072
16
959
30
15616
30
225
23
17
24
16
22
17
23
16
22
17
25
16
21
17
22
18
957
341
6657
905
29
35
41729
905
29
341
225
959
16
4868
16
2072
16
7537
344
42021
867
680
9405
4455
225
23452
18
225
7537
16
7726
16
2072
16
959
30
15616
30
225
23
17
24
16
22
17
24
16
22
17
25
16
21
17
22
18
9405
6657
905
622
4455
225
24469
18
225
7537
16
7726
16
2072
16
8034
30
15616
30
225
23
17
24
16
22
17
24
16
22
17
25
16
21
17
23
2649
4924
6657
905
992
35
41729
905
992
341
225
8034
16
7726
16
2072
16
7537
16
4455
225
22788
18
225
7537
16
4868
16
959
16
8034
30
15616
30
225
23
17
24
16
22
17
23
16
21
17
22
16
21
17
23
18
3483
867
30
15616
344
21
17
22
16
21
17
23
16
22
17
23
16
23
17
24
680
57485
26918
225
21
17
22
17
23
35
8520
16
15616
225
21
17
22
16
21
17
23
16
22
17
23
616
1831
2649
26918
18
2586
516
6657
18
225
7537
16
4868
16
959
16
2072
35
64452
3410
18
225
7537
16
4868
16
7726
16
8034
30
15616
30
225
23
17
24
16
22
17
23
16
22
17
24
16
21
17
23
18
57485
26918
225
22
17
23
17
24
35
225
22
17
23
16
22
17
24
16
23
17
24
35
26128
225
23
17
24
341
1831
16
713
26918
225
22
17
23
17
24
2649
8664
18
225
7537
16
4868
16
7726
16
2072
35
8664
18
2586
277
21820
6657
4455
5563
304
361
225
23452
344
24569
905
29
13
402
893
225
1691
18
2586
1219
4455
893
341
225
1691
382
27872
16
225
1691
341
4309
382
23928
277
100849
16
8696
277
2292
192497
40439
352
225
2014
341
265
103364
306
277
4309
4655
1333
341
225
1691
18
2952
16
277
2746
4060
373
10112
616
277
6292
1304
1437
539
3138
396
621
88934
99677
16
539
1011
4759
386
1310
1480
411
36033
225
2014
18
2209
8696
277
2292
1154
341
516
277
1094
1310
31
9745
903
341
387
21633
1310
1181
386
5119
277
1154
5502
306
38868
402
4655
19237
344
8781
2428
361
277
6299
499
277
194863
680
461
194863
7120
2428
361
277
5772
6292
18
2209
277
2746
6434
4059
265
2292
1154
402
4347
70305
18
887
4060
373
8940
2292
35977
19054
5113
32659
10251
8724
13
304
1774
6292
1304
2586
277
2292
1154
341
3419
304
1774
6292
18
2586
277
6292
436
1731
70305
18
2586
539
1998
1717
1731
382
27872
16
539
1008
304
7745
686
3097
277
4655
3271
341
225
2014
352
277
1058
1690
382
19477
17208
1754
402
3242
1115
14530
20740
30
14812
277
26963
436
225
20
218853
297
277
2740
35
461
15616
1568
341
2688
396
344
21
16
22
16
959
13
4115
18
1437
539
2489
1131
396
225
20
218853
344
77
3077
1278
26963
225
20
16
21
51505
733
1232
277
15616
1011
361
344
20
16
21
16
959
733
344
20
16
22
16
8034
733
344
21
16
22
16
4868
733
344
21
16
23
16
7726
733
344
21
16
24
16
2072
733
344
22
16
23
16
7537
680
461
5314
341
90543
16
1656
3920
16
1656
19810
18
2586
1219
893
1011
2188
361
225
1691
382
25790
277
1154
341
12762
304
17208
277
7849
2731
2331
1207
2331
341
5047
396
277
4455
302
8106
19810
68437
399
16
689
9745
724
1994
277
68437
5637
396
277
22503
1325
14031
16
689
592
277
4455
341
2336
936
399
16
1232
277
2331
341
277
4455
5513
16
516
68437
35
2209
4924
277
1656
382
25790
724
1587
277
7849
2731
1333
302
277
2331
16
689
724
1994
277
2331
396
344
5421
302
8106
19810
13
1577
399
16
689
724
1587
277
7849
898
616
51952
10565
302
386
1333
16
689
8696
724
1994
386
277
51952
6657
1998
361
265
7849
51952
6657
344
77
3077
1278
402
7849
2983
3935
13
306
1232
17208
969
68437
35
3483
7939
225
10942
18
3557
225
2014
382
25790
724
1587
277
7849
2731
1333
302
277
2331
16
1207
2331
341
5047
396
277
4455
302
8106
19810
68437
399
16
689
724
1587
277
7849
898
616
51952
10565
302
277
2331
16
689
724
1994
386
277
2331
341
5047
396
277
4455
302
8106
19810
68437
399
16
306
724
1587
277
7849
2731
2331
16
689
9745
724
1587
277
7849
2731
1333
302
277
2331
396
387
11795
16
689
724
2428
569
265
1497
16340
302
68437
30
6848
1142
8483
265
893
290
304
361
297
2783
225
21
568
70
16
689
1743
1850
4350
382
27023
411
361
386
277
1154
36033
304
758
277
7849
2731
1333
302
344
5421
302
8106
19810
13
68437
399
16
689
724
1587
277
7849
898
616
51952
10565
302
277
4455
5513
344
35171
68437
733
306
1232
1863
68437
302
386
7849
35
3483
1011
361
1219
37438
1577
399
351
225
23452
1577
225
21430
351
225
1691
18
2586
1656
382
27872
16
840
382
25790
277
1310
1690
36033
225
2014
1480
724
569
265
1497
867
302
15616
35
16473
4638
18400
277
1568
30
33814
21
16
225
22
16
225
959
733
344
21
16
225
23
16
225
8034
733
344
22
16
225
23
16
225
4868
733
344
22
16
225
24
16
225
7726
733
344
22
16
225
25
16
225
2072
733
344
23
16
225
24
16
225
7537
60457
8520
382
27023
903
361
265
51952
6657
402
4455
225
24215
35
225
24215
1577
225
21430
351
225
2014
18
2251
903
839
7799
302
225
24
15616
386
4455
304
225
24215
306
341
265
6657
35
16473
1565
592
839
42268
4455
539
19377
25782
225
24215
18
1283
569
44914
30
225
24100
16
24556
16
23369
16
20679
16
23616
16
23989
16
24909
16
11313
16
23452
16
24469
16
23989
16
22852
16
23268
16
22788
16
23391
18
4628
341
225
24215
18
22547
903
361
265
42268
402
4455
225
24215
386
539
18391
35
7517
903
436
1094
225
26
15616
16
616
158147
302
225
24
436
9603
18
2586
840
382
27023
277
6657
361
4800
402
26963
51370
21214
35
2523
382
25790
277
1154
341
12762
304
1994
386
277
51952
6657
1998
361
265
7849
51952
6657
297
4249
302
4455
16
689
1232
277
2331
341
5047
396
277
4455
302
8106
19810
68437
399
16
306
724
1587
277
7849
2331
3724
616
7849
51952
10565
35
2209
7076
1094
730
96272
344
50180
4347
402
1656
3935
680
610
492
5314
16
277
96272
3935
341
225
22640
16
689
903
1387
361
8081
96272
87
402
1656
3935
35
16473
2292
592
903
341
2484
51952
6657
402
4455
225
22640
18
461
15616
539
5175
352
96272
30
344
23
17
24
30
7537
733
344
22
17
23
30
4868
733
344
22
17
24
30
7726
733
344
22
17
25
30
2072
733
344
21
17
22
30
959
680
14610
351
225
22640
18
2251
903
2484
6657
402
1656
4455
35
99008
6754
344
22
17
24
30
7726
13
402
344
21
17
23
30
8034
13
1011
3764
4455
18
39953
344
22
17
25
30
2072
13
402
2761
1625
35
344
22
17
25
341
225
2072
16
344
23
17
24
341
225
7537
733
8696
344
21
17
23
30
8034
13
1387
6754
344
22
17
24
30
7726
13
689
1232
4455
3393
18
2586
21930
18
2209
1571
592
903
846
4347
96272
87
16
277
2331
68437
1011
361
225
22640
9
21430
33
10942
16
516
225
2014
382
27872
16
516
382
25790
277
1154
341
12762
304
17208
277
7849
2731
1333
302
277
4455
302
8106
19810
344
1876
68437
13
306
1232
758
386
4455
68437
399
35
3483
1011
361
225
1691
1754
382
8355
67942
386
277
2292
192497
4655
1333
225
2014
341
265
103364
18
2209
539
1998
1717
277
6292
396
2688
18
22977
277
1310
4027
297
277
2292
436
516
277
6299
539
1008
304
1717
31
8696
277
1756
642
1774
277
2292
1154
402
954
7878
306
411
642
4759
1480
302
386
1058
40439
18
2952
16
277
2746
4060
373
10112
616
277
6292
1304
2586
539
1998
1265
277
1154
758
225
2014
352
386
2740
304
1717
277
2292
18
2209
1030
530
539
6604
386
35
14812
539
101436
277
2746
30
373
10610
277
7849
2331
302
265
51952
6657
1207
277
2331
341
5047
396
277
4455
302
8106
19810
68437
399
1304
22547
411
361
386
724
1587
277
7849
2731
2331
16
1207
2331
341
5047
396
277
4455
302
8106
19810
68437
399
16
689
724
1587
277
7849
898
616
51952
10565
302
277
2331
16
689
9745
724
1587
277
7849
2731
1333
302
277
2331
16
306
277
2331
341
19377
396
344
5421
302
8106
19810
13
1577
399
16
689
724
1587
277
7849
2731
1333
302
386
68437
1193
16
306
724
1587
277
51952
6657
386
56209
386
16
689
8696
724
1587
277
2331
5513
16
516
277
68437
302
277
4455
35
9405
277
1656
382
25790
903
341
265
122221
30
461
4455
302
8106
19810
68437
399
341
19377
16
689
277
51952
6657
341
265
6657
31
9745
724
1587
277
7849
2731
1333
302
277
4455
302
8106
19810
68437
399
16
689
724
2428
361
1347
265
1497
8559
30
461
2331
341
5047
396
277
4455
302
8106
19810
68437
399
16
6115
385
1058
1863
277
4455
302
8106
19810
16
1232
1863
68437
399
18
9405
4350
382
23928
277
100849
16
9745
277
194863
2024
341
4309
344
1691
13
306
277
2292
494
1058
40439
341
265
20511
344
13553
361
225
1691
680
2209
277
2292
851
4059
1749
40439
697
14441
194863
344
18857
25592
26479
680
2586
1749
14441
194863
18
2586
1094
1058
172393
18
2586
8696
1850
265
4081
103364
30
277
4655
1333
1196
361
225
1691
18
2209
539
436
304
1717
277
6292
396
2688
18
2952
16
297
1451
17673
8013
16
277
1310
4027
436
8887
16
306
277
194863
81899
436
1060
352
30678
18
461
2292
1154
2428
361
277
5772
1310
20155
386
642
361
1774
18
461
2746
6434
4060
373
8940
2292
35977
19054
5113
32659
10251
8724
13
304
1774
6292
1304
2586
386
10799
386
277
2292
1154
341
277
1310
20155
18
2586
539
1998
1717
386
382
23928
277
61531
16
342
1761
539
1196
3138
277
1154
396
4546
498
277
194863
306
498
18291
16340
16
700
3077
1278
88934
99677
81277
304
1511
1219
68437
18
3483
22699
225
1691
352
1058
1310
18
2209
1232
277
2292
1011
4759
366
386
40439
18
2209
8696
277
1756
642
516
1774
277
2292
31
724
642
1774
910
852
6292
35
461
2746
4060
373
10112
616
277
6292
1304
2586
539
1008
304
1717
277
2292
382
27023
903
361
265
236759
30
461
1154
16607
306
194863
436
2688
16
306
539
1998
7095
3138
277
1154
4546
306
1717
616
277
6292
18
461
6292
436
277
6299
297
277
2292
1154
18
2586
539
1008
304
1265
277
1154
758
225
2014
352
277
1058
1310
18
1882
1387
386
4252
35
16473
2050
304
1565
592
839
8081
16340
22699
225
2014
382
25790
277
2331
341
5047
396
277
4455
302
8106
19810
68437
399
16
689
724
1587
277
7849
2731
2331
16
306
724
1994
386
277
2331
341
277
4455
302
8106
19810
68437
399
16
689
9745
724
1587
277
7849
2731
1333
302
277
2331
16
306
724
1587
277
7849
898
616
51952
10565
302
277
2331
16
689
9745
724
1994
386
277
2331
341
277
4455
302
8106
19810
68437
399
16
689
724
1587
277
7849
2731
1333
302
277
2331
16
306
724
2428
569
265
1497
8559
302
68437
30
6848
297
11574
16
6484
893
22699
6484
16
689
1743
19810
436
1713
45589
16
4455
1713
45589
16
713
6772
382
25790
724
1587
277
7849
2731
1333
302
277
2331
16
689
724
1587
277
2331
304
361
277
4455
302
8106
19810
68437
399
16
689
724
1587
277
7849
2731
1333
302
386
68437
1193
16
689
724
2428
361
4077
352
277
7849
2731
4455
302
8106
19810
344
35171
68437
13
306
1232
1863
68437
302
386
35
3483
341
1656
396
1219
37438
1577
399
351
225
1691
18
2586
2188
225
1691
382
25790
724
1587
277
7849
2731
1333
302
277
2331
16
1207
2331
341
5047
396
277
4455
302
8106
19810
68437
399
16
689
724
1587
277
7849
898
616
51952
10565
302
277
2331
16
689
724
2428
569
5478
105464
35
1098
19360
382
27023
411
361
386
277
5314
341
14821
35
2523
382
25790
277
1154
341
12762
304
758
277
7849
2731
2331
16
1207
2331
341
5047
396
277
4455
302
8106
19810
68437
399
16
689
724
1587
277
7849
898
616
51952
10565
302
277
2331
16
689
724
2428
1994
386
277
51952
6657
1998
361
265
7849
51952
6657
297
4249
302
4455
16
306
1232
3724
1731
344
359
4347
13
5857
277
730
402
7849
2331
35
2209
1232
277
2331
341
4455
68437
399
18
1437
903
341
1094
730
96272
16
2331
351
225
22640
9
21430
33
10942
18
3557
225
2014
382
25790
724
1587
277
7849
2731
2331
16
1207
2331
341
5047
396
277
4455
302
8106
19810
68437
399
16
689
724
1587
277
7849
898
616
51952
10565
302
277
2331
16
689
724
2428
569
1161
265
1497
8860
386
22699
225
2014
2920
304
265
11336
35
2209
539
436
304
3138
12989
382
23928
277
6056
16
9745
277
2292
1154
341
516
277
45042
1310
31
277
194863
7120
436
277
5772
6292
1480
724
436
766
302
277
192497
21542
18
461
2292
1154
2428
361
1060
387
2024
302
1030
304
1310
16
689
516
277
2522
15856
18
610
1451
7654
28131
420
3600
16
724
569
265
1310
34030
386
8877
277
1154
402
3453
15028
306
38868
19237
18
461
3419
2292
1154
2428
361
51082
16
689
277
5772
8887
6292
436
1497
18
2952
16
277
2746
19986
4060
373
8940
2292
35977
19054
5113
32659
10251
8724
13
304
1774
6292
1304
3483
10334
386
277
2292
1154
341
277
1310
20155
386
642
361
1161
304
12476
954
4377
18
2586
539
1998
1717
411
382
25790
539
530
1538
468
277
852
70305
297
2292
304
1565
592
724
4475
277
194863
18
461
1749
40439
14441
194863
344
18857
25592
26479
680
461
4658
306
7835
436
4728
1310
4027
516
297
194863
18
2586
277
1094
66504
341
277
1058
40439
382
25790
277
1058
40439
341
3757
225
2014
1480
724
569
265
1497
5314
35
16473
17771
14299
277
5314
402
26963
225
21
218853
689
9745
277
15616
436
516
616
1831
35
2523
382
25790
277
1154
341
12762
304
17208
277
7849
2331
302
265
51952
6657
1207
277
2331
341
5047
396
277
4455
302
8106
19810
68437
399
16
689
724
1587
277
7849
898
616
51952
10565
302
277
2331
16
306
724
2428
569
1161
265
1497
8860
386
22699
225
2014
2920
304
265
1497
16340
302
68437
30
6848
373
69
68437
290
6
530
2676
277
22503
297
2783
225
21
568
70
16
700
3077
1278
592
22503
225
20
1232
1850
290
18
2209
1743
19810
436
2336
936
399
16
306
4455
874
361
6743
79
16
713
22503
225
20
1011
361
290
35
2209
386
1011
2312
2647
18
1563
2024
16
592
4455
341
4347
302
399
16
1232
2331
1011
361
399
16
689
386
1011
361
1518
399
17
21
16
689
8696
724
8483
68437
396
277
22503
297
648
21
24816
128410
3483
5563
21930
382
2558
724
5047
68437
396
277
22503
297
648
21
24816
65
344
77
3077
1278
225
21
4597
733
1232
352
4455
33
21430
16
2331
1011
361
225
21430
16
689
399
33
21430
16
713
2687
2331
351
21430
18
2209
954
44914
436
2336
936
399
35
225
21430
341
2164
31
910
44914
436
1518
21430
16
713
22503
225
20
1011
3456
225
21430
18
2209
954
1219
4455
341
225
23452
16
22503
225
1691
16
713
516
9175
382
27872
16
516
382
25790
277
1310
36033
225
2014
1480
724
1994
386
277
51952
6657
1998
361
265
7849
51952
6657
344
1892
2983
3935
13
306
1232
277
2331
341
277
4455
68437
399
16
689
724
2428
569
265
1497
96272
2920
304
25661
65989
35
2209
903
341
840
25661
382
19477
17208
96272
1754
30
1347
217007
16
539
19842
15616
498
3935
30
225
7537
344
23
17
24
733
225
4868
344
22
17
23
733
225
7726
344
22
17
24
733
225
2072
344
22
17
25
733
225
959
344
21
17
22
733
225
8034
344
21
17
23
680
4790
8811
225
23
17
24
16
22
17
23
16
22
17
24
16
539
569
265
8664
890
8811
225
23
17
24
35
26128
16
1325
8811
225
23
17
24
16
539
569
4942
391
23
16
24
7342
3443
225
22
17
23
30
4942
391
22
16
23
16
24
7342
3443
225
22
17
24
30
1011
2299
8664
1480
225
22
17
24
31436
225
22
306
225
24
697
436
3402
297
1656
4942
18
2586
539
1196
516
919
225
22
17
24
18
13568
16
539
1196
919
277
2475
8106
225
2072
344
22
17
25
13
697
31436
21599
225
25
304
4942
16
20672
18
5489
2475
8106
225
959
344
21
17
22
13
31436
21599
225
21
16
3410
18
2586
96272
15616
30
225
7537
16
4868
16
2072
16
959
18
14610
351
225
7537
15
4868
15
2072
15
959
351
225
23452
18
26128
16
4924
7414
5
342
7977
3592
96272
4059
225
22
17
24
16
689
3757
225
22
17
24
12651
265
8664
1480
225
22
306
225
24
436
3402
6482
3874
225
22
17
23
17
24
18
2586
277
4309
96272
352
492
5314
344
5324
307
33
25
13
341
30
15616
30
344
23
17
24
30
7537
733
344
22
17
23
30
4868
733
344
22
17
25
30
2072
733
344
21
17
22
30
959
680
9405
7662
6657
905
29
16
4455
225
23452
18
3483
341
14233
265
51952
6657
18
2586
96272
3935
341
225
23452
16
516
225
22640
18
342
1858
265
20511
7977
30
342
53786
16334
386
1325
8811
225
22
17
23
306
225
22
17
24
16
724
1907
2299
265
8664
1480
342
3592
225
22
17
24
31436
699
21599
225
24
16
689
1325
225
23
17
24
306
225
22
17
23
16
26963
225
22
16
23
16
24
436
3402
6482
30
225
23
6482
304
225
24
16
225
22
6482
304
225
23
16
713
225
22
306
225
24
436
6482
3874
225
22
17
23
17
24
18
2586
8811
225
22
17
24
12651
265
8664
18
2586
277
96272
341
3757
6657
905
29
402
4455
225
23452
18
16473
13561
30
15616
19842
30
225
7537
344
23
17
24
733
225
4868
344
22
17
23
733
225
7726
344
22
17
24
733
225
2072
344
22
17
25
733
225
959
344
21
17
22
733
225
8034
344
21
17
23
680
217007
30
8163
402
225
7537
30
919
18
8163
402
225
4868
30
919
18
8163
402
225
7726
30
225
22
306
225
24
3402
6482
35
4790
225
7537
306
225
4868
16
539
569
5721
30
391
23
16
24
97
306
391
22
7342
41729
225
4868
31436
225
22
306
225
23
16
713
4942
7883
391
22
16
23
16
24
7342
2586
225
7726
31436
225
22
306
225
24
697
436
297
1656
4942
2649
18486
18
11615
225
2072
31436
225
22
306
225
25
16
4942
7883
391
22
16
23
16
24
16
25
7342
11615
225
959
31436
225
21
306
225
22
16
4942
7883
391
21
16
22
16
23
16
24
16
25
97
2649
616
26963
18
2586
96272
15616
30
225
7537
16
4868
16
2072
16
959
18
14610
351
225
7537
15
4868
15
2072
15
959
351
225
23452
18
2586
96272
3935
341
225
23452
18
5247
225
21430
351
225
1691
18
2586
277
96272
5513
22699
2331
225
1691
18
2586
277
7849
2331
3724
616
51952
10565
341
468
1210
225
1691
16
306
539
1724
265
6657
402
2331
225
1691
16
306
539
23069
1850
277
7849
18
2586
14233
277
7849
2331
341
225
1691
382
27872
16
277
2292
494
32791
302
225
2014
341
41514
402
96272
382
23928
386
277
96272
3935
341
225
23452
306
969
68437
341
225
1691
16
306
539
1724
840
6657
402
68437
2336
936
225
1691
16
277
4309
3032
1196
361
225
1691
18
2586
277
2292
494
40439
302
225
2014
1998
361
265
20511
18
2209
539
1998
1717
277
1310
18
22977
277
1310
5119
265
1497
8860
386
22699
225
2014
2920
304
910
1115
14530
20740
35
22547
411
361
386
724
1994
277
2331
396
4455
302
8106
19810
68437
399
16
689
724
1587
277
7849
2731
2331
16
306
724
1587
277
7849
898
616
51952
10565
302
277
2331
16
689
724
2428
569
265
1497
5314
1480
277
26963
436
225
20
218853
35
1437
539
2489
277
2740
396
225
20
218853
16
1232
15616
3456
344
20
16
21
16
959
733
344
20
16
22
16
8034
733
344
21
16
22
16
4868
733
344
21
16
23
16
7726
733
344
21
16
24
16
2072
733
344
22
16
23
16
7537
680
9405
90543
16
1656
382
2558
539
2489
277
2740
396
225
21
218853
689
539
98571
1907
57859
225
21
16
277
5314
3920
341
1656
382
59685
277
1154
341
12762
304
2489
26963
396
2688
306
539
436
304
17208
277
96272
1347
910
8860
386
22699
265
1497
6657
2920
304
25661
65989
35
2209
903
341
840
25661
382
20822
16
8696
277
1154
341
12762
304
17208
277
7849
2331
51952
6657
1207
277
2331
341
5047
396
277
4455
302
8106
19810
68437
399
16
306
724
1587
277
7849
898
616
51952
10565
302
277
2331
16
689
724
2428
569
265
1497
16340
30
2227
2428
1587
277
7849
2731
1333
302
277
2331
16
689
724
2428
1587
277
2331
304
361
277
4455
302
8106
19810
68437
399
16
689
724
2428
1587
277
7849
898
616
51952
10565
302
277
2331
16
306
724
2428
1994
386
277
2331
341
277
4455
302
8106
19810
68437
399
16
689
724
2428
1587
277
7849
2731
1333
302
277
2331
16
306
724
2428
1994
386
277
2331
341
277
4455
302
8106
19810
68437
399
16
689
724
2428
1587
277
7849
898
616
51952
10565
302
277
2331
16
306
724
2428
569
1161
265
1497
8860
386
6714
225
2014
1480
302
387
2615
297
725
4655
3271
382
23928
277
4967
16
2964
40671
304
4915
386
277
4309
3032
352
277
1058
1310
341
225
1691
16
306
277
2292
674
265
103364
18
2952
16
396
387
8202
16
342
1998
6496
265
4377
386
19553
277
6292
18
7517
277
6292
436
2688
16
342
1387
46507
1265
277
1154
758
225
2014
352
386
3018
2740
304
1717
277
2292
16
689
386
1011
361
56858
306
516
265
3449
4377
18
461
2746
36033
265
3449
7878
386
4229
352
839
2740
2223
16981
18
2586
539
1998
3138
277
4309
11236
16
306
277
1310
20155
1196
569
277
4309
4655
2911
18
1437
277
1310
20155
674
387
2615
16
1850
516
954
11601
18
2209
277
2746
6434
4060
373
10112
616
277
6292
1304
2586
539
1008
304
4802
954
7878
19553
277
2292
1154
382
25790
277
2292
1154
341
516
277
2522
1310
31
9745
277
1756
642
1774
277
2292
1154
1325
539
2483
277
2363
16
306
411
642
4759
592
539
1907
4475
18
610
1451
1175
12355
16
277
1181
642
1774
277
2292
1154
9724
18
2586
539
1008
304
4475
382
23928
277
61531
16
342
1761
539
1196
4638
18400
277
1749
1310
1690
304
1565
592
903
341
839
4619
18
461
1749
1310
30
307
33
26
16
288
33
25
16
399
33
7858
18833
22460
16
15616
30
33814
21
16
22
16
22109
23452
26033
32959
21
16
26
16
12633
21689
16972
32959
22
16
23
16
6419
25941
18833
32959
22
16
25
16
25577
23737
25789
32959
24
16
25
16
26645
11313
22023
60457
2227
2364
225
18857
25592
26479
18
16473
2050
304
17208
592
954
88934
99677
1011
6496
386
18
7517
307
33
26
16
288
33
25
16
306
288
351
307
17
21
351
25
16
277
5314
341
3402
265
6657
344
29753
6482
306
674
7662
307
17
21
15616
680
2586
903
341
7662
730
51952
6657
30
277
5314
5513
18
2586
277
2331
341
4455
302
616
8106
19810
68437
399
18
14610
351
225
22109
23452
26033
692
225
12633
21689
16972
692
225
6419
25941
18833
692
225
25577
23737
25789
692
225
26645
11313
22023
18
16473
17208
30
225
22109
16
23452
16
26033
692
225
12633
16
21689
16
16972
351
225
26865
16
22250
16
26138
18
692
225
6419
16
25941
16
18833
351
225
27242
16
17035
16
12180
18
692
225
25577
16
23737
16
25789
351
225
21
16
27971
16
24735
16
26615
18
692
225
26645
16
11313
16
22023
351
225
22
16
18779
16
22132
16
24958
18
6013
68437
225
7858
16
18833
16
22460
18
42379
225
7858
16
18833
16
22460
535
225
22
351
225
21
16
8828
16
24653
16
26209
18
149389
30
225
22
16
18779
16
22132
16
24958
506
225
21
16
8828
16
24653
16
26209
351
225
18857
16
25592
16
26479
18
8520
16
14441
18
2586
1749
1310
341
10358
30
277
5314
341
265
6657
16
713
277
1154
1998
758
277
4455
68437
399
18
5641
7878
642
589
386
1480
1094
730
7799
302
307
17
21
15616
344
514
15616
13
341
4800
16
306
411
642
361
265
6657
344
29753
1850
3402
265
6657
733
713
2983
10251
642
361
4455
1577
399
16
306
1219
10251
642
361
386
18
2586
1749
1310
19553
15470
302
954
88934
99677
11236
344
299
1423
396
411
12989
29766
411
396
265
6657
680
2586
1749
1310
341
6772
382
8311
16
277
1058
1310
30
307
33
25
16
288
33
26
16
713
903
436
4347
51952
10565
18
5641
88934
99677
22699
1219
10251
351
225
1691
18
2209
2292
36033
225
2014
18
2586
8696
954
88934
99677
18391
265
51952
6657
386
22699
225
2014
306
539
53786
13122
265
6657
396
15235
35
16473
316
218850
616
158147
1754
16
8696
539
18391
265
42268
386
341
3757
265
6657
306
674
893
225
2014
18
1283
9603
616
225
883
158147
18
22547
903
361
265
42268
402
4455
225
24215
35
2523
18
22547
903
361
265
42268
402
4455
225
26629
35
3483
1011
361
225
26629
9
21430
33
2014
35
225
26629
17
25942
33
2014
18
225
26629
341
1398
18
2251
903
265
42268
402
4455
225
26629
35
9876
4455
3724
616
158147
341
225
20679
344
92895
905
24
680
2586
840
382
27872
16
225
2014
4273
361
11841
18
34159
277
68437
5637
341
516
277
14491
22503
16
689
2761
1013
373
69
893
399
6
6115
277
22503
890
11437
498
399
16
689
402
1193
297
225
21
568
79
35
1437
4455
341
225
21430
16
22503
1011
361
225
20
16
689
8696
724
8483
411
396
399
35
3483
1011
1265
2331
225
21430
18
3557
225
2014
382
25790
277
2331
341
5047
396
277
4455
302
8106
19810
68437
399
16
689
724
1587
277
7849
2731
2331
16
306
724
1587
277
7849
898
616
51952
10565
302
277
2331
16
689
724
2428
569
265
1497
5314
1480
277
15616
436
516
616
396
9603
35
22547
903
361
265
20511
297
277
1568
35
1437
539
2312
730
3935
16
539
2428
771
225
2014
18
2209
539
4445
2312
277
2740
382
23928
277
3750
4967
386
277
4309
3032
341
225
1691
16
2964
67942
386
277
2292
1154
674
265
103364
18
610
1175
12048
16
277
1861
4158
341
304
3138
277
4309
11236
16
306
5752
386
277
125888
344
8781
2428
361
277
1181
13
5119
277
4309
4655
19237
344
50180
499
277
194863
680
2209
277
2746
19986
4060
373
8940
2292
35977
19054
5113
32659
10251
8724
13
304
1774
6292
1304
3483
10334
386
277
2292
1154
341
277
1310
18
2952
16
297
1451
2486
32313
16
724
2483
265
1310
34030
1013
492
16
689
724
2428
569
8887
6292
386
436
1497
18
461
2746
2428
361
499
387
17409
3167
1207
277
1756
10424
277
2292
304
13561
18
1437
277
2292
18048
16
37966
1287
382
25790
539
530
1538
468
277
852
1310
4027
297
2292
30
2278
436
1451
16
616
402
2927
399
306
2927
19810
18
1563
1731
16
954
88934
99677
1196
831
18
461
1058
1310
341
277
1094
2164
730
18
99008
277
1058
1310
494
4655
1333
341
14233
225
2014
2920
304
910
122221
539
18391
18
16473
316
195488
277
2746
30
373
10610
277
7849
2331
302
265
51952
6657
1207
277
2331
341
5047
396
277
4455
302
8106
19810
68437
399
1304
22547
411
361
386
724
1587
277
7849
2731
1333
302
277
2331
16
689
724
1994
277
2331
396
344
5421
302
8106
19810
13
893
399
16
306
724
1587
277
7849
898
616
51952
10565
16
689
724
2428
569
265
1497
8559
302
68437
30
297
910
29508
16
373
69
68437
290
6
530
2676
277
22503
890
265
341
11437
498
290
16
689
592
265
341
6484
16
1850
1497
18
3557
6964
382
25790
724
1587
277
7849
2731
1333
302
277
2331
16
689
724
1587
277
7849
898
616
51952
10565
302
277
2331
16
306
724
2428
569
265
25284
386
277
51952
6657
1998
361
265
7849
51952
6657
344
164258
13
297
4249
302
4455
35
461
18017
373
67654
2331
302
265
51952
6657
6
341
56317
30
887
1387
2676
277
51952
6657
402
7849
2983
3935
344
77
3077
1278
96272
733
306
1232
277
2331
341
5047
396
386
2983
3935
68437
399
18
3483
341
265
2670
16340
30
373
67654
2331
51952
6657
6
2781
13244
304
277
96272
344
67654
2983
3935
680
1533
1232
724
8483
277
2331
396
277
4455
302
8106
19810
68437
399
18
2586
724
2428
361
11967
30
42379
277
96272
3935
16
1232
758
386
3935
68437
399
18
3483
1011
361
265
1497
2746
30
1511
277
96272
344
1892
2983
3935
13
306
1232
3271
969
3935
68437
399
18
16473
1310
386
16340
402
277
7120
382
7974
2024
30
18408
402
225
25
26963
16
225
26
15616
18
42379
96272
3935
30
396
539
1724
16
96272
3935
351
225
23452
344
29753
277
96272
341
277
6657
402
21820
2983
3935
680
5489
225
23452
1577
225
21430
351
225
1691
18
461
194863
4060
225
1691
18
2586
386
14441
5
461
2292
4060
225
2014
18
2586
194863
14441
96272
16340
16
2292
4060
225
2014
18
2586
8696
277
2292
494
1058
40439
341
6078
31
8696
277
4309
3032
1196
361
225
1691
18
2209
3097
1011
2292
361
3419
402
225
2014
35
99008
265
20511
297
277
2746
6434
382
12668
2024
30
18408
402
225
26
26963
16
225
25
15616
344
664
1850
3402
265
6657
680
461
96272
3935
341
277
4455
302
616
15616
351
225
22
16
18779
16
22132
16
24958
18
5247
225
7858
18833
22460
351
225
18857
16
25592
16
26479
18
3483
14441
1804
194863
306
2292
18
2586
1749
1310
341
10358
402
96272
16340
382
27872
16
616
4967
4232
304
277
9444
2746
30
9837
277
7849
51952
6657
344
1892
2983
3935
13
306
758
969
2983
3935
68437
399
18
461
194863
494
7120
3822
402
386
18
461
2292
494
1058
40439
341
41514
18
18750
386
277
1749
1310
14441
96272
16340
16
306
277
1058
1310
494
96272
3935
341
225
23452
16
68437
225
21430
351
225
1691
16
277
194863
4060
225
1691
16
713
4164
277
4309
4655
1333
341
225
1691
18
461
2292
494
1058
40439
302
225
2014
341
5091
265
103364
382
2608
539
1998
11135
1065
304
3138
18
461
2746
6434
4060
30
373
6534
277
2165
1154
16607
306
194863
16
7095
3138
277
1154
4546
306
1717
616
277
6292
1304
461
194863
13402
30
373
23928
265
33367
4081
6482
163513
5314
402
307
26963
306
288
15616
16
1511
277
7849
2331
302
265
51952
6657
1207
277
2331
341
5047
396
277
4455
302
8106
19810
68437
399
1304
461
18017
373
67654
2331
302
265
51952
6657
6
341
56317
16
689
7400
373
67654
2331
51952
6657
6
2767
277
51952
6657
402
7849
2983
2331
344
4905
680
5489
724
8483
277
2331
396
277
4455
302
8106
19810
68437
399
18
2586
1850
1013
30
1511
277
96272
16
1232
17208
969
2983
3935
68437
399
18
3483
341
265
52298
2746
18
461
88934
99677
81277
539
15528
4800
344
3761
616
51952
10565
306
17208
725
2331
68437
399
13
1011
851
1511
277
7849
2331
3724
616
51952
10565
16
689
386
1011
361
277
7849
68437
16
516
13375
277
96272
18
2952
16
277
194863
494
2024
30
277
96272
3935
341
225
23452
16
68437
225
21430
351
225
1691
18
461
88934
99677
851
16320
225
1691
396
277
7849
68437
16
689
411
851
1724
852
10565
402
68437
225
1691
35
41729
1094
6657
905
29
7939
225
1691
16
697
341
277
96272
18
2586
297
492
1690
16
277
7849
68437
25782
277
96272
494
68437
18
2209
341
386
2837
1641
35
3557
13375
18
14994
265
1690
1207
96272
3935
341
225
1296
16
399
33
1120
16
96272
893
351
225
20
18
12854
6657
2428
569
3935
225
3124
16
893
351
225
3124
16
697
341
6892
936
225
20
18
2586
277
7849
68437
341
225
20
16
697
25782
96272
494
68437
18
2209
1387
903
361
265
6657
402
3935
225
4471
16
893
351
225
21
16
697
341
6892
936
225
20
16
713
96272
494
68437
341
2188
7922
18
2952
16
1387
903
361
265
6657
402
3935
225
2393
16
893
351
225
20
396
1357
16
1656
396
96272
18
2586
96272
494
68437
341
2781
2164
16
689
516
13375
277
7849
68437
35
41729
16
277
7849
68437
3724
616
10565
1387
361
7922
936
96272
494
68437
592
96272
494
68437
341
516
277
21820
2731
22503
18
1563
2024
16
23907
399
33
622
16
96272
3935
351
225
740
16
893
33
22
18
12854
6657
3935
351
225
29
16
893
33
29
18
2586
96272
893
33
22
341
7922
18
12854
30
96272
3935
33
622
16
893
33
20
16
4924
21820
2731
18
2586
96272
893
341
2781
277
21820
1480
96272
24339
304
569
2164
2983
3935
16
689
516
2837
30
19001
399
33
622
16
96272
3935
33
807
16
893
33
21
18
12854
6657
3935
33
29
16
893
33
29
16
2188
96272
893
7922
18
2159
569
96272
893
516
277
7849
16
539
1008
265
6657
402
265
7922
22503
936
96272
494
22503
18
7517
96272
674
7849
2983
3935
16
969
22503
341
3935
893
399
18
12854
6657
674
6892
3935
16
2132
3935
351
96272
692
282
16
402
282
1518
225
20
18
10262
22503
351
344
164258
893
399
692
282
13
893
399
18
887
1387
361
7922
936
96272
893
399
592
344
164258
893
399
692
282
13
63340
2239
306
7883
2336
936
96272
893
399
18
1563
4681
16
1529
96272
893
399
351
225
29
16
399
33
622
16
306
2484
6657
3935
351
96272
692
225
21
16
22503
351
225
20
16
697
341
7922
18
2586
96272
893
874
516
361
277
7849
68437
18
12692
30
399
33
622
16
96272
3935
351
225
1057
16
893
33
29
18
12854
6657
3935
351
225
696
16
893
33
20
18
2586
1219
68437
351
225
20
16
697
341
2336
936
96272
494
225
29
18
2586
277
2746
302
8910
277
7849
68437
341
1497
499
8910
96272
382
8311
16
1414
277
194863
494
2024
24467
492
122221
35
610
277
1058
2024
16
96272
3935
351
225
23452
16
893
33
1691
18
6346
903
839
10565
402
893
2336
936
225
1691
35
8439
304
954
81277
16
840
18
2586
1850
10358
402
1804
46123
18
2586
539
4273
25105
382
10917
16
277
1749
2024
341
265
6657
5513
16
713
96272
341
277
4425
5314
16
306
1219
68437
351
96272
893
18
2586
1804
46123
3050
1656
382
27872
16
539
1008
304
1565
697
16340
341
717
4164
2688
277
16981
18
307
6758
225
28
16
288
778
304
307
10726
82
17
21
5403
22
18
1437
277
2746
846
5207
304
17208
96272
3935
893
399
16
539
1387
911
217007
420
30007
16
697
436
7434
352
839
307
16
516
1060
778
304
225
28
18
2586
3097
1011
724
8293
307
304
225
28
35
3483
10334
386
88934
99677
898
616
51952
10565
344
8781
341
39947
297
307
13
341
18597
16
306
8696
277
9444
4377
341
304
88934
99677
1480
277
68437
12826
3672
411
516
39154
304
1511
277
96272
893
399
344
29753
277
96272
3935
893
399
341
516
13375
277
7849
68437
16
713
385
4445
1060
1863
96272
680
41729
16
592
385
1008
277
7849
68437
16
385
2428
1008
304
1994
616
51952
10565
1480
277
68437
5637
530
1265
265
3634
3935
6657
569
265
7922
22503
18
2586
88934
99677
898
616
51952
10565
341
265
4238
4158
2688
2164
307
18
1437
277
2746
846
1060
96272
3935
893
399
16
37966
516
1008
304
8293
307
304
225
28
31
724
1387
2617
6892
307
306
2188
911
217007
18
2586
277
25284
307
6758
225
28
31658
386
277
9444
4377
341
304
88934
99677
898
616
51952
10565
18
6755
16
277
1435
302
15616
530
361
778
304
225
1575
16
697
341
64594
352
22124
382
27872
16
277
2746
4164
341
30
19078
616
51952
10565
16
1511
277
730
402
7849
2331
16
1207
2331
351
4455
302
8106
19810
68437
399
18
3483
341
265
1713
36039
17422
16
713
88934
99677
341
6527
352
2164
307
18
957
16340
63835
402
277
25284
307
6758
225
28
306
277
1689
386
277
1154
1227
341
1219
19054
5113
32659
10251
8724
344
50180
63249
1219
898
51952
10565
302
277
68437
2331
680
461
194863
4060
373
10610
277
7849
2331
302
265
51952
6657
1207
277
2331
341
5047
396
277
4455
302
8106
19810
68437
399
1304
3483
1387
361
1412
396
30
1511
277
51952
6657
386
74282
277
2331
16
1207
2331
351
4455
302
8106
19810
68437
399
18
3483
341
7662
277
88934
99677
898
616
51952
10565
382
23928
386
16
954
4381
88934
99677
341
4309
18
1533
539
771
225
1691
352
277
1058
1310
18
461
2292
4060
225
2014
16
697
341
41514
18
2586
4164
277
2292
674
265
103364
382
2608
539
1998
11135
30
15018
539
3271
277
2363
386
14127
277
88934
99677
898
616
51952
10565
344
95187
277
7849
68437
13
420
277
96272
3935
893
399
35
461
2746
6434
4060
373
67654
2331
302
265
51952
6657
1207
277
2331
341
5047
396
277
4455
302
8106
19810
68437
399
1304
1437
539
8147
373
67654
2331
302
265
51952
6657
6
396
277
96272
344
67654
2983
3935
733
1232
1850
96272
3935
893
399
18
2209
1232
724
11413
1008
304
2132
373
4271
277
2331
341
5047
396
277
4455
302
8106
19810
68437
399
6
1480
277
2331
341
3402
277
4455
31
724
436
1060
7109
386
277
2331
539
2081
819
341
386
4455
68437
399
18
2586
1850
56317
382
77447
16
297
14874
11574
16
373
67654
2331
51952
6657
6
2767
277
51952
6657
402
7849
2983
2331
344
4905
680
2586
277
18017
373
67654
2331
302
265
51952
6657
1207
277
2331
341
5047
396
277
4455
302
8106
19810
68437
399
6
1387
361
31702
396
30
461
2331
341
5047
396
277
4455
302
8106
19810
68437
399
18
19078
616
51952
10565
16
1511
277
730
402
7849
2331
344
77
3077
1278
7849
4455
68437
399
680
3483
341
265
1497
12826
382
9806
730
341
717
7414
35
461
96272
3935
893
399
341
39154
31
385
1060
17208
96272
3935
344
1191
8860
13
306
893
18
461
1219
898
616
10565
302
4455
893
399
341
717
14114
306
6382
88934
99677
352
2164
307
18
461
16981
344
82
6758
225
28
13
14718
3420
277
13520
382
14353
16
6035
386
277
1154
341
8298
1219
19054
5113
32659
10251
8724
16
697
1387
361
1412
396
373
67654
51952
6657
68437
399
6
420
373
67654
51952
6657
893
399
3210
3578
56317
382
23928
277
4967
16
2964
67942
386
277
9444
2746
341
304
1511
277
51952
6657
402
7849
4455
68437
399
16
700
3077
1278
277
7849
2731
1333
302
344
5421
1577
399
13
3724
616
51952
10565
18
8801
7494
3097
1011
724
867
307
6758
225
28
35
2227
1387
569
307
778
304
225
622
66
25
306
2188
17208
96272
18
2586
277
2164
307
341
265
16936
382
27872
16
9916
3138
277
88934
99677
898
616
50104
302
15616
302
2287
307
17
21
16
15990
592
724
1027
265
51952
6657
16
13131
4455
1577
399
16
306
10868
277
7849
18
9405
1065
539
15528
8089
382
2608
539
1998
73229
402
277
2292
494
1058
40439
18
22977
277
2292
341
516
277
45042
1310
31
8696
277
1756
642
1774
277
2292
1325
10811
954
2363
16
306
592
411
18048
16
37966
1287
18
2209
277
12759
4060
373
10112
616
277
6292
1304
2586
539
1008
304
1717
277
2292
382
25790
539
530
1538
468
277
852
4728
1310
4027
297
2292
304
1565
592
724
851
3822
402
88934
99677
420
96272
18
16473
15698
730
302
277
4728
1310
4027
382
39521
40439
344
9060
4728
2738
12578
12
28
16
225
1575
16
225
21333
21215
23263
18008
12257
16
648
3709
302
225
1575
15616
6577
1377
225
807
11313
27396
22596
382
2110
1008
304
5827
592
492
14441
88934
99677
344
1386
898
616
51952
10565
302
4455
1577
399
13
420
96272
3935
893
399
18
1283
1387
5842
304
17208
96272
3935
893
399
1347
217007
306
1565
592
411
14441
225
807
11313
27396
22596
18
2209
4924
265
2942
302
831
20488
18
2952
16
539
530
5842
304
3368
819
277
4164
3032
382
23928
386
307
33
28
16
288
33
1575
344
34212
5314
680
461
1435
302
51952
10565
297
265
4631
5314
341
225
28
44930
26
13
498
64197
53982
10413
35
41729
1435
302
51952
10565
297
623
3440
341
307
44930
82
17
22
13
351
225
28
66
26
351
225
18976
13352
18
9405
516
8730
18
2209
277
88934
99677
898
616
50104
302
225
27
15616
499
225
1575
341
346
12
1575
16
27
5791
21
16
16606
16
14834
16
697
341
3600
19691
18
2586
88934
99677
341
31975
382
2608
592
539
17208
96272
3935
16
539
1011
1008
304
5096
225
1575
15616
306
1774
217007
16
697
341
4260
18
11243
436
2731
382
2608
277
25284
307
6758
225
28
2428
361
304
2617
88934
99677
898
616
51952
10565
16
689
411
851
5143
96272
14364
18
2952
16
277
1435
302
51952
10565
297
265
4631
5314
341
225
18976
79
16
697
341
851
64594
352
88934
99677
592
539
7324
616
51952
10565
3874
14364
1013
149006
58611
494
27408
16
689
16253
616
50104
302
225
27
15616
341
225
21
18
1045
49
16
697
341
851
6772
18
2586
1804
436
31975
382
2608
277
7135
302
2927
399
344
848
304
225
622
66
883
13
306
2927
19810
10334
386
34147
341
6772
382
23928
277
61531
16
539
1008
304
11135
697
7878
304
2483
18
461
2746
6434
4059
265
194863
402
7120
18
15040
7120
436
10358
402
96272
3935
893
399
35
16473
2292
30
1563
277
1058
2024
16
96272
3935
351
225
23452
16
893
351
225
1691
16
194863
4060
225
1691
18
1563
1749
16
96272
3935
893
351
225
18857
25592
26479
16
194863
4060
225
18857
25592
26479
18
2586
1804
194863
7120
3822
402
96272
3935
893
399
382
669
2292
192497
1749
40439
851
63835
402
96272
3935
893
399
18
2586
277
1094
66504
341
277
1058
40439
297
2292
18
2586
1850
4164
386
277
2292
192497
1058
40439
341
265
103364
306
1196
361
225
1691
18
99008
277
1509
914
8089
277
2746
1858
265
20511
890
5009
277
2292
18
2491
8696
724
9444
265
1497
16340
689
3289
277
1333
6078
382
23928
386
277
194863
341
766
302
277
192497
21542
16
306
277
194863
341
3419
498
277
2746
3090
16
9923
6724
277
194863
898
277
2292
192497
1058
40439
16
396
277
2292
2428
569
961
53786
88354
18
6755
16
277
2292
1154
4059
1451
4728
1310
4027
31
539
1907
1287
592
724
436
4309
18
2209
539
530
1310
265
7652
20488
304
1565
592
724
4475
96272
420
88934
99677
382
22017
277
4658
1310
30
307
33
28
16
288
33
1575
16
399
33
21333
21215
23263
18008
12257
16
15616
1568
18
16473
2050
304
17208
96272
3935
68437
399
352
492
5314
35
9405
265
2942
302
15616
31
539
1387
5842
304
17208
6697
402
265
6775
16
689
539
1907
569
730
1743
18
2952
16
539
530
2050
304
3368
30
461
5314
341
4631
35
887
674
225
1575
15616
16
697
341
307
10726
82
17
21
5403
22
351
225
1575
16
713
1850
265
4631
5314
366
225
28
26963
18
461
96272
3935
341
277
4455
302
277
21820
225
27
15616
344
29753
1850
4631
680
2586
539
1387
5096
277
225
1575
15616
498
3935
306
1863
277
21820
225
27
16
4455
1019
16
306
893
399
18
3483
1011
3050
277
96272
3935
893
399
18
2251
386
4164
304
361
225
807
11313
27396
22596
35
99008
18
2209
539
530
1310
265
7922
1690
304
1565
592
96272
3935
893
14441
277
88934
99677
7849
68437
35
610
277
1058
1310
16
724
122557
18
610
277
1749
16
724
122557
1480
1094
730
6657
18
2586
539
1008
265
1690
1207
724
1173
304
1565
697
16340
277
4728
6292
1384
382
2110
1387
5842
304
5675
265
2164
241337
16
689
539
1907
569
277
925
352
277
4728
6292
18
2952
16
539
530
1538
468
277
4658
1310
494
4655
1333
30
225
807
11313
27396
22596
18
7517
399
341
8730
32002
29
18
1960
73
992
733
306
19810
436
778
304
8696
225
622
66
883
35
461
2688
15616
569
19810
1013
225
24
18
7563
73
992
16
4115
18
461
96272
4455
302
277
21820
225
27
15616
2428
361
2761
18
461
4655
1333
341
2239
225
21
18
14575
73
622
16
697
341
9310
2164
5071
304
399
18
3483
1387
361
3673
96272
893
420
1219
68437
382
2110
1387
2050
304
17208
277
96272
3935
352
277
4631
5314
498
34147
277
225
1575
19810
306
115738
277
21820
225
27
18
2209
539
1008
277
19810
18
2227
436
2688
297
277
1310
18
16473
1568
1019
402
277
1310
1375
669
15616
352
277
4658
1310
344
1833
730
1325
277
1749
3999
13
341
1375
22689
21
16
225
22
16
225
25933
21215
16703
23241
19880
733
344
21
16
225
23
16
225
28543
13615
5855
15352
18833
733
344
21
16
225
24
16
225
27184
22852
3031
20816
28632
733
344
21
16
225
25
16
225
23737
28082
21532
23025
16920
1365
344
21
16
225
26
16
225
27449
8034
23837
3906
24852
733
344
21
16
225
27
16
225
24848
17781
20179
26025
15213
733
344
21
16
225
28
16
225
29370
25635
25344
17685
26982
733
344
22
16
225
23
16
225
24282
29155
23547
21215
11247
1365
344
22
16
225
24
16
225
25985
22002
13332
15352
25410
733
344
22
16
225
25
16
225
27527
25671
24441
21678
28069
733
344
22
16
225
26
16
225
25580
25849
22852
26947
26406
733
344
22
16
225
27
16
225
19958
17503
25789
25116
13142
1365
344
22
16
225
28
16
225
26543
22623
21959
20661
7858
733
344
23
16
225
24
16
225
25605
21306
26933
26212
17697
733
344
23
16
225
25
16
225
2281
26623
24849
28082
26212
733
344
23
16
225
26
16
225
19958
18976
23837
11582
24693
1365
344
23
16
225
27
16
225
740
20806
21133
23959
12745
733
344
23
16
225
28
16
225
6727
19405
20113
16606
26067
733
344
24
16
225
25
16
225
20824
22180
20830
18857
10779
733
344
24
16
225
26
16
225
22250
28195
12328
27688
14919
1365
344
24
16
225
27
16
225
26265
20113
25543
25264
29155
733
344
24
16
225
28
16
225
25849
4316
22380
24342
15544
733
344
25
16
225
26
16
225
30080
12745
25294
12952
21751
733
344
25
16
225
27
16
225
25009
14377
27611
27856
26818
1365
344
25
16
225
28
16
225
27071
22711
7858
17376
19183
733
344
26
16
225
27
16
225
28142
22146
27615
26025
25633
733
344
26
16
225
28
16
225
25407
27123
26570
19396
18374
733
344
27
16
225
28
16
225
807
21754
24100
28745
26192
61330
2110
1008
304
1511
277
7849
68437
3724
616
51952
10565
16
420
96272
3935
893
18
957
341
265
2942
302
831
20488
16
689
539
530
2050
304
1565
592
277
4655
1333
341
52298
382
2110
530
5842
304
17208
277
96272
3935
498
34147
1131
225
1575
19810
306
4738
277
21820
225
27
18
16473
5096
1019
21210
344
36795
1568
616
19810
306
5096
46319
16034
98399
638
807
21754
24100
28745
26192
344
11994
465
2281
26623
24849
28082
26212
344
24
18
23976
73
1068
465
19958
17503
25789
25116
13142
344
23
18
24291
73
992
465
19958
18976
23837
11582
24693
344
23
18
24291
73
992
465
23737
28082
21532
23025
16920
344
23
18
26994
73
992
465
25933
21215
16703
23241
19880
344
24
18
28202
73
992
465
25407
27123
26570
19396
18374
344
24
18
26818
73
992
465
27449
8034
23837
3906
24852
344
25
18
23894
73
992
465
26265
20113
25543
25264
29155
344
25
18
25616
73
992
465
20824
22180
20830
18857
10779
344
25
18
23865
73
992
465
29278
35
26128
539
569
225
27527
25671
24441
21678
28069
344
25
18
25543
73
992
465
27527
25671
24441
21678
28069
203
5239
35
41729
225
5239
35
16473
1568
616
1375
36795
1568
402
3591
1375
21
30
225
25933
21215
16703
23241
19880
203
22
30
225
28543
13615
5855
15352
18833
203
23
30
225
27184
22852
3031
20816
28632
203
24
30
225
23737
28082
21532
23025
16920
203
25
30
225
27449
8034
23837
3906
24852
203
26
30
225
24848
17781
20179
26025
15213
203
27
30
225
29370
25635
25344
17685
26982
203
28
30
225
24282
29155
23547
21215
11247
203
29
30
225
25985
22002
13332
15352
25410
203
622
30
225
27527
25671
24441
21678
28069
203
807
30
225
25580
25849
22852
26947
26406
203
740
30
225
19958
17503
25789
25116
13142
203
1068
30
225
19958
18976
23837
11582
24693
203
992
30
225
25605
21306
26933
26212
17697
203
883
30
225
2281
26623
24849
28082
26212
203
902
30
225
19958
18976
23837
11582
24693
344
106983
35
41729
905
1068
341
1656
35
26128
905
1068
341
225
19958
18976
23837
11582
24693
16
905
740
341
225
19958
17503
25789
25116
13142
16
713
9746
465
1145
30
225
740
20806
21133
23959
12745
203
1045
30
225
6727
19405
20113
16606
26067
203
1057
30
225
20824
22180
20830
18857
10779
203
696
30
225
22250
28195
12328
27688
14919
203
1710
30
225
26265
20113
25543
25264
29155
203
1336
30
225
25849
4316
22380
24342
15544
203
1449
30
225
30080
12745
25294
12952
21751
203
1199
30
225
25009
14377
27611
27856
26818
203
948
30
225
27071
22711
7858
17376
19183
203
1670
30
225
28142
22146
27615
26025
25633
203
1592
30
225
25407
27123
26570
19396
18374
203
1575
30
225
807
21754
24100
28745
26192
300
2608
342
18391
910
30
461
1568
674
225
1575
16174
18
16473
5209
21949
1375
12
21
16
225
22
16
225
25933
21215
16703
23241
19880
465
12
21
16
225
23
16
225
28543
13615
5855
15352
18833
465
12
21
16
225
24
16
225
27184
22852
3031
20816
28632
465
12
21
16
225
25
16
225
23737
28082
21532
23025
16920
465
12
21
16
225
26
16
225
27449
8034
23837
3906
24852
465
12
21
16
225
27
16
225
24848
17781
20179
26025
15213
465
12
21
16
225
28
16
225
29370
25635
25344
17685
26982
465
12
22
16
225
23
16
225
24282
29155
23547
21215
11247
465
12
22
16
225
24
16
225
25985
22002
13332
15352
25410
465
12
22
16
225
25
16
225
27527
25671
24441
21678
28069
465
12
22
16
225
26
16
225
25580
25849
22852
26947
26406
465
12
22
16
225
27
16
225
19958
17503
25789
25116
13142
465
12
22
16
225
28
16
225
26543
22623
21959
20661
7858
465
12
23
16
225
24
16
225
25605
21306
26933
26212
17697
465
12
23
16
225
25
16
225
2281
26623
24849
28082
26212
465
12
23
16
225
26
16
225
19958
18976
23837
11582
24693
465
12
23
16
225
27
16
225
740
20806
21133
23959
12745
465
12
23
16
225
28
16
225
6727
19405
20113
16606
26067
465
12
24
16
225
25
16
225
20824
22180
20830
18857
10779
465
12
24
16
225
26
16
225
22250
28195
12328
27688
14919
465
12
24
16
225
27
16
225
26265
20113
25543
25264
29155
465
12
24
16
225
28
16
225
25849
4316
22380
24342
15544
465
12
25
16
225
26
16
225
30080
12745
25294
12952
21751
465
12
25
16
225
27
16
225
25009
14377
27611
27856
26818
465
12
25
16
225
28
16
225
27071
22711
7858
17376
19183
465
12
26
16
225
27
16
225
28142
22146
27615
26025
25633
465
12
26
16
225
28
16
225
25407
27123
26570
19396
18374
465
12
27
16
225
28
16
225
807
21754
24100
28745
26192
994
8311
16
13640
1568
616
19810
297
46319
1991
1375
2110
569
638
807
21754
24100
28745
26192
344
27
17
28
465
2281
26623
24849
28082
26212
344
23
17
25
465
740
20806
21133
23959
12745
344
23
17
27
13
2649
3757
225
740
16
20806
16
21133
16
23959
16
12745
35
26128
225
740
20806
21133
23959
12745
341
225
21
18
16847
73
1068
16
697
341
2336
936
225
24
18
23976
73
1068
35
225
740
16
20806
16
21133
16
23959
16
12745
341
225
21
18
16847
73
1068
16
12035
7922
18
2586
1991
30
1041
740
20806
21133
23959
12745
344
23
17
27
465
2281
26623
24849
28082
26212
344
23
17
25
465
8311
2475
30
225
19958
17503
25789
25116
13142
344
22
17
27
13
1041
19958
18976
23837
11582
24693
344
23
17
26
465
14032
225
23737
28082
21532
23025
16920
344
21
17
25
465
25933
21215
16703
23241
19880
344
21
17
22
465
25407
27123
26570
19396
18374
344
26
17
28
13
2649
225
24
18
26818
73
992
16
713
1360
225
24
18
28202
73
992
306
225
25
18
23894
73
992
388
27449
8034
23837
3906
24852
344
21
17
26
465
20824
22180
20830
18857
10779
344
24
17
25
465
27527
25671
24441
21678
28069
344
22
17
25
465
26265
20113
25543
25264
29155
344
24
17
27
465
5239
35
41729
225
6727
35
11615
30
225
6727
19405
20113
16606
26067
344
23
17
28
13
2649
225
27
18
4693
73
992
203
22250
28195
12328
27688
14919
344
24
17
26
465
27071
22711
7858
17376
19183
344
25
17
28
465
25580
25849
22852
26947
26406
344
22
17
26
465
28543
13615
5855
15352
18833
344
21
17
23
465
29370
25635
25344
17685
26982
344
21
17
28
13
2649
225
27
18
25346
73
992
203
28142
22146
27615
26025
25633
344
26
17
27
465
30080
12745
25294
12952
21751
344
25
17
26
465
27933
35
41729
225
27933
35
26128
225
27933
35
15968
225
27933
35
2523
388
27933
35
15968
225
27933
35
2523
388
27933
35
15968
225
27933
35
41729
225
27933
35
3557
388
4099
341
225
27933
35
2523
388
9741
30
225
25009
14377
27611
27856
26818
344
25
17
27
465
24282
29155
23547
21215
11247
344
22
17
23
465
25985
22002
13332
15352
25410
344
22
17
24
465
4892
1325
225
25009
16
14377
16
27611
16
27856
16
26818
344
28
18
1670
73
992
733
1232
225
24282
16
29155
16
23547
16
21215
16
11247
344
28
18
23306
73
992
733
1232
225
25985
16
22002
16
13332
16
15352
16
25410
344
28
18
20104
73
992
680
6755
539
569
225
29370
25635
25344
17685
26982
344
21
17
28
13
697
341
225
27
18
25346
73
992
16
713
411
1196
361
1714
225
28142
16
22146
16
27615
16
26025
16
25633
18
1533
225
27184
22852
3031
20816
28632
344
21
17
24
13
341
225
27
18
25684
73
992
16
697
341
2336
936
225
27
18
25346
73
992
16
713
411
1196
361
1714
225
29370
25635
25344
17685
26982
18
6755
225
24848
17781
20179
26025
15213
344
21
17
27
13
341
225
26
18
16818
73
992
16
4115
18
16473
5096
50593
382
36795
1568
616
19810
402
725
21599
8288
352
5256
1375
69
30
344
21
16
22
2738
225
25933
21215
16703
23241
19880
203
70
30
344
21
16
23
2738
225
28543
13615
5855
15352
18833
203
71
30
344
21
16
24
2738
225
27184
22852
3031
20816
28632
203
72
30
344
21
16
25
2738
225
23737
28082
21532
23025
16920
203
73
30
344
21
16
26
2738
225
27449
8034
23837
3906
24852
203
74
30
344
21
16
27
2738
225
24848
17781
20179
26025
15213
203
75
30
344
21
16
28
2738
225
29370
25635
25344
17685
26982
203
76
30
344
22
16
23
2738
225
24282
29155
23547
21215
11247
203
77
30
344
22
16
24
2738
225
25985
22002
13332
15352
25410
203
78
30
344
22
16
25
2738
225
27527
25671
24441
21678
28069
203
79
30
344
22
16
26
2738
225
25580
25849
22852
26947
26406
203
80
30
344
22
16
27
2738
225
19958
17503
25789
25116
13142
203
81
30
344
22
16
28
2738
225
26543
22623
21959
20661
7858
203
82
30
344
23
16
24
2738
225
25605
21306
26933
26212
17697
203
83
30
344
23
16
25
2738
225
2281
26623
24849
28082
26212
203
84
30
344
23
16
26
2738
225
19958
18976
23837
11582
24693
203
85
30
344
23
16
27
2738
225
740
20806
21133
23959
12745
203
86
30
344
23
16
28
2738
225
6727
19405
20113
16606
26067
203
87
30
344
24
16
25
2738
225
20824
22180
20830
18857
10779
203
88
30
344
24
16
26
2738
225
22250
28195
12328
27688
14919
203
89
30
344
24
16
27
2738
225
26265
20113
25543
25264
29155
203
90
30
344
24
16
28
2738
225
25849
4316
22380
24342
15544
203
91
30
344
25
16
26
2738
225
30080
12745
25294
12952
21751
203
92
30
344
25
16
27
2738
225
25009
14377
27611
27856
26818
203
93
30
344
25
16
28
2738
225
27071
22711
7858
17376
19183
203
94
30
344
26
16
27
2738
225
28142
22146
27615
26025
25633
203
5635
30
344
26
16
28
2738
225
25407
27123
26570
19396
18374
203
377
30
344
27
16
28
2738
225
807
21754
24100
28745
26192
300
8311
5096
498
3935
1375
21
18
583
30
225
807
21754
24100
28745
26192
203
22
18
4787
30
225
740
20806
21133
23959
12745
203
23
18
283
30
225
2281
26623
24849
28082
26212
203
24
18
312
30
225
19958
17503
25789
25116
13142
203
25
18
278
30
225
19958
18976
23837
11582
24693
203
26
18
282
30
225
23737
28082
21532
23025
16920
203
27
18
55715
30
225
25407
27123
26570
19396
18374
203
28
18
265
30
225
25933
21215
16703
23241
19880
203
29
18
477
30
225
27527
25671
24441
21678
28069
203
622
18
493
30
225
26265
20113
25543
25264
29155
203
807
18
272
30
225
20824
22180
20830
18857
10779
35
26128
225
20824
22180
20830
18857
10779
341
225
25
18
23865
73
992
16
697
341
2336
936
225
25
18
25616
73
992
35
41729
225
20824
16
22180
16
20830
16
18857
16
10779
341
225
25
18
23865
73
992
16
1706
225
26265
16
20113
16
25543
16
25264
16
29155
341
225
25
18
25616
73
992
16
713
272
1196
2423
1714
493
18
2586
4309
1991
638
7525
55715
344
24
18
26818
73
992
733
265
344
24
18
28202
73
992
733
1232
272
344
25
18
23865
73
992
733
477
344
25
18
25543
73
992
733
493
344
25
18
25616
73
992
733
1232
317
344
25
18
23894
73
992
15309
26128
317
341
225
25
18
23894
73
992
16
697
341
2336
936
272
35
41729
225
25
18
23894
73
992
341
225
27449
16
8034
16
23837
16
3906
16
24852
16
697
341
225
25
18
23894
73
992
18
35902
402
272
33
20824
16
22180
16
20830
16
18857
16
10779
344
25
18
23865
73
992
680
2586
317
344
25
18
23894
73
992
13
341
2336
936
272
344
25
18
23865
73
992
680
2586
277
28368
1325
55715
30
317
344
25
18
23894
73
992
733
265
344
24
18
28202
73
992
733
55715
344
24
18
26818
73
992
13
4115
18
16473
5096
21949
1375
36795
1568
616
19810
402
2911
1375
17
583
30
225
807
21754
24100
28745
26192
203
17
4787
30
225
740
20806
21133
23959
12745
203
17
283
30
225
2281
26623
24849
28082
26212
203
17
312
30
225
19958
17503
25789
25116
13142
203
17
278
30
225
19958
18976
23837
11582
24693
203
17
282
30
225
23737
28082
21532
23025
16920
203
17
55715
30
225
25407
27123
26570
19396
18374
203
17
265
30
225
25933
21215
16703
23241
19880
203
17
317
30
225
27449
8034
23837
3906
24852
203
17
272
30
225
20824
22180
20830
18857
10779
203
17
477
30
225
27527
25671
24441
21678
28069
203
17
493
30
225
26265
20113
25543
25264
29155
203
17
288
30
225
26543
22623
21959
20661
7858
35
26128
288
341
344
22
16
28
2738
225
26543
22623
21959
20661
7858
18
9405
225
24
18
2510
22623
21959
20661
7858
73
992
16
697
341
225
26543
16
22623
16
21959
16
20661
16
7858
18
9405
3757
2336
936
55715
35
55715
341
225
25407
16
27123
16
26570
16
19396
16
18374
18
2586
288
341
10591
7922
18
2586
288
1196
361
1714
55715
18
16473
2292
30
288
33
26543
16
22623
16
21959
16
20661
16
7858
31
55715
33
25407
16
27123
16
26570
16
19396
16
18374
18
2586
288
341
7922
18
6755
903
341
8696
852
30
335
344
24
16
28
2738
225
25849
16
4316
16
22380
16
24342
16
15544
16
697
341
225
25
18
3124
73
992
18
2586
28368
1325
317
30
8696
288
35
16473
1568
616
2911
402
1996
19691
1375
61792
5096
75899
1375
807
21754
24100
28745
26192
351
225
21
18
21
21754
73
1068
203
740
20806
21133
23959
12745
351
225
21
18
16847
73
1068
203
2281
26623
24849
28082
26212
351
225
24
18
24
26623
24849
28082
26212
73
1068
203
19958
17503
25789
25116
13142
351
225
23
18
2662
17503
25789
25116
13142
73
992
203
19958
18976
23837
11582
24693
351
225
23
18
2662
18976
23837
11582
24693
73
992
203
23737
28082
21532
23025
16920
351
225
23
18
7713
28082
21532
23025
16920
73
992
203
26543
22623
21959
20661
7858
351
225
24
18
2510
22623
21959
20661
7858
73
992
203
25407
27123
26570
19396
18374
351
225
24
18
3124
27123
26570
19396
18374
73
992
203
25933
21215
16703
23241
19880
351
225
24
18
27
23035
23784
20307
23337
73
992
203
27449
8034
23837
3906
24852
351
225
25
18
3723
8034
23837
3906
24852
73
992
203
20824
22180
20830
18857
10779
351
225
25
18
1530
22180
20830
18857
10779
73
992
203
27527
25671
24441
21678
28069
351
225
25
18
7537
25671
24441
21678
28069
73
992
203
26265
20113
25543
25264
29155
351
225
25
18
2455
20113
25543
25264
29155
73
992
203
5239
35
41729
225
5239
35
2278
341
225
5239
35
2523
388
5239
35
2278
341
225
5239
35
2523
388
5239
35
26128
539
569
225
5239
35
3557
388
9741
30
225
6727
19405
20113
16606
26067
351
225
27
18
409
19405
20113
16606
26067
73
992
203
22250
28195
12328
27688
14919
351
225
27
18
2804
28195
12328
27688
14919
73
992
203
27184
22852
3031
20816
28632
351
225
27
18
3171
22852
3031
20816
28632
73
992
203
27071
22711
7858
17376
19183
351
225
27
18
1068
22711
7858
17376
19183
73
992
203
28382
35
41729
225
28382
35
3557
388
25580
25849
22852
26947
26406
351
225
27
18
1339
25849
22852
26947
26406
73
992
203
28543
13615
5855
15352
18833
351
225
27
18
3671
13615
5855
15352
18833
73
992
203
29370
25635
25344
17685
26982
351
225
27
18
2503
25635
25344
17685
26982
73
992
344
13553
361
1360
225
27
18
24
306
225
27
18
3671
465
28142
22146
27615
26025
25633
351
225
27
18
4471
22146
27615
26025
25633
73
992
203
30080
12745
25294
12952
21751
351
225
27
18
5293
12745
25294
12952
21751
73
992
203
27933
35
41729
225
27933
35
2278
341
225
27933
35
2523
388
25730
35
2523
388
25009
14377
27611
27856
26818
351
225
28
18
948
14377
27611
27856
26818
73
992
203
24282
29155
23547
21215
11247
351
225
28
18
3723
29155
23547
21215
11247
73
992
203
25985
22002
13332
15352
25410
351
225
28
18
8028
22002
13332
15352
25410
73
992
300
14353
539
569
225
27184
22852
3031
20816
28632
344
21
16
24
13
306
225
29370
25635
25344
17685
26982
344
21
16
28
13
306
225
25580
25849
22852
26947
26406
344
22
16
26
733
225
28543
13615
5855
15352
18833
344
21
16
23
733
225
6727
19405
20113
16606
26067
344
23
16
28
733
225
22250
28195
12328
27688
14919
344
24
16
26
733
225
27071
22711
7858
17376
19183
344
25
16
28
733
225
28142
22146
27615
26025
25633
344
26
16
27
733
225
30080
12745
25294
12952
21751
344
25
16
26
733
225
25009
14377
27611
27856
26818
344
25
16
27
733
225
24282
29155
23547
21215
11247
344
22
16
23
733
225
25985
22002
13332
15352
25410
344
22
16
24
680
6755
539
569
225
25407
27123
26570
19396
18374
344
26
16
28
733
225
26543
22623
21959
20661
7858
344
22
16
28
733
4115
382
4892
19842
1568
344
184327
16034
21
18
225
807
21754
24100
28745
26192
203
22
18
225
740
20806
21133
23959
12745
203
23
18
225
2281
26623
24849
28082
26212
203
24
18
225
19958
17503
25789
25116
13142
203
25
18
225
19958
18976
23837
11582
24693
203
26
18
225
23737
28082
21532
23025
16920
203
27
18
225
26543
22623
21959
20661
7858
203
28
18
225
25407
27123
26570
19396
18374
203
29
18
225
25933
21215
16703
23241
19880
203
622
18
225
27449
8034
23837
3906
24852
203
807
18
225
20824
22180
20830
18857
10779
203
740
18
225
27527
25671
24441
21678
28069
203
1068
18
225
26265
20113
25543
25264
29155
203
992
18
225
6727
19405
20113
16606
26067
203
883
18
225
22250
28195
12328
27688
14919
203
902
18
225
27184
22852
3031
20816
28632
203
1145
18
225
27071
22711
7858
17376
19183
203
1045
18
225
29370
25635
25344
17685
26982
203
1057
18
225
25580
25849
22852
26947
26406
203
696
18
225
28543
13615
5855
15352
18833
203
1710
18
225
28142
22146
27615
26025
25633
203
1336
18
225
30080
12745
25294
12952
21751
203
1449
18
225
25009
14377
27611
27856
26818
203
1199
18
225
24282
29155
23547
21215
11247
203
948
18
225
25985
22002
13332
15352
25410
300
16763
225
948
35
1283
569
225
1575
15616
31
342
18391
910
30
16473
73676
18
2278
1196
361
225
1575
16174
18
5361
9603
225
948
18
8548
436
9546
35
16473
1568
616
15616
402
725
19810
1754
16
306
1682
1375
21
30
344
21
16
22
2738
25933
21215
16703
23241
19880
203
22
30
344
21
16
23
2738
28543
13615
5855
15352
18833
203
23
30
344
21
16
24
2738
27184
22852
3031
20816
28632
203
24
30
344
21
16
25
2738
23737
28082
21532
23025
16920
203
25
30
344
21
16
26
2738
27449
8034
23837
3906
24852
203
26
30
344
21
16
27
2738
24848
17781
20179
26025
15213
203
27
30
344
21
16
28
2738
29370
25635
25344
17685
26982
203
28
30
344
22
16
23
2738
24282
29155
23547
21215
11247
203
29
30
344
22
16
24
2738
25985
22002
13332
15352
25410
203
622
30
344
22
16
25
2738
27527
25671
24441
21678
28069
203
807
30
344
22
16
26
2738
25580
25849
22852
26947
26406
203
740
30
344
22
16
27
2738
19958
17503
25789
25116
13142
203
1068
30
344
22
16
28
2738
26543
22623
21959
20661
7858
203
992
30
344
23
16
24
2738
25605
21306
26933
26212
17697
203
883
30
344
23
16
25
2738
2281
26623
24849
28082
26212
203
902
30
344
23
16
26
2738
19958
18976
23837
11582
24693
203
1145
30
344
23
16
27
2738
740
20806
21133
23959
12745
203
1045
30
344
23
16
28
2738
6727
19405
20113
16606
26067
203
1057
30
344
24
16
25
2738
20824
22180
20830
18857
10779
203
696
30
344
24
16
26
2738
22250
28195
12328
27688
14919
203
1710
30
344
24
16
27
2738
26265
20113
25543
25264
29155
203
1336
30
344
24
16
28
2738
25849
4316
22380
24342
15544
203
1449
30
344
25
16
26
2738
30080
12745
25294
12952
21751
203
1199
30
344
25
16
27
2738
25009
14377
27611
27856
26818
203
948
30
344
25
16
28
2738
27071
22711
7858
17376
19183
203
1670
30
344
26
16
27
2738
28142
22146
27615
26025
25633
203
1592
30
344
26
16
28
2738
25407
27123
26570
19396
18374
203
1575
30
344
27
16
28
2738
807
21754
24100
28745
26192
300
8311
16
342
18391
344
24
16
28
2738
25849
4316
22380
24342
15544
16
306
344
23
16
24
2738
25605
21306
26933
26212
17697
16
306
344
21
16
27
2738
24848
17781
20179
26025
15213
18
6755
344
23
16
24
13
306
344
21
16
27
13
436
9546
499
922
19842
1568
18
6755
344
24
16
28
13
341
9546
18
6755
344
21
16
27
13
306
344
23
16
24
680
6755
344
24
16
28
13
341
225
25
18
3124
73
992
16
697
1011
5491
1360
225
25
18
23959
35
41729
225
25
18
3124
73
992
341
1360
225
25
18
23959
35
16473
7747
1375
7525
225
26265
20113
25543
25264
29155
344
25
18
25616
73
992
733
539
569
225
5239
35
41729
225
25849
4316
22380
24342
15544
344
25
18
3124
73
992
13
341
2336
936
225
26265
20113
25543
25264
29155
35
225
25
18
3124
73
992
460
225
25
18
2455
73
992
16
713
411
1196
361
8456
1714
225
26265
20113
25543
25264
29155
35
26128
225
25
18
3124
73
992
341
225
25849
16
4316
16
22380
16
24342
16
15544
16
697
341
2336
936
225
27527
16
25671
16
24441
16
21678
16
28069
35
41729
225
27527
16
25671
16
24441
16
21678
16
28069
341
225
25
18
25543
73
992
16
697
341
6892
936
225
25
18
3124
73
992
18
2586
225
25
18
3124
73
992
341
2336
936
225
25
18
25543
73
992
18
2209
539
3402
569
225
20824
16
22180
16
20830
16
18857
16
10779
344
25
18
23865
73
992
13
306
225
27449
16
8034
16
23837
16
3906
16
24852
344
25
18
23894
73
992
680
2586
225
25
18
3124
73
992
341
2336
936
616
1731
35
16473
10049
30
225
25
18
3124
73
992
351
225
25849
16
4316
16
22380
16
24342
16
15544
18
461
21820
3724
277
225
25
73
992
6299
341
225
27449
16
8034
16
23837
16
3906
16
24852
344
25
18
23894
73
992
680
2586
225
25
18
3124
73
992
341
3757
7922
936
225
25
18
23894
73
992
18
2209
5522
16
225
25
18
3124
73
992
341
225
25849
38576
16
1706
225
25
18
23894
73
992
341
225
27449
38576
18
2586
225
25
18
3124
73
992
460
225
25
18
23894
73
992
18
2586
411
1196
361
8456
1714
277
225
25
18
23894
73
992
15616
18
2952
16
539
569
55715
33
25407
16
27123
16
26570
16
19396
16
18374
344
24
18
26818
73
992
13
306
288
33
26543
16
22623
16
21959
16
20661
16
7858
344
24
18
25933
73
992
680
5489
1325
386
16
277
2475
3935
341
225
25933
16
21215
16
16703
16
23241
16
19880
344
24
18
28202
73
992
680
5489
2475
341
225
25
18
3124
73
992
35
41729
539
569
225
25
18
3124
73
992
351
225
25849
16
4316
16
22380
16
24342
16
15544
16
697
341
5762
936
225
24
18
28202
73
992
689
2336
936
225
25
18
23894
73
992
18
2586
411
1196
361
8456
1360
265
344
24
18
28202
73
992
13
306
317
344
25
18
23894
73
992
680
6755
539
569
344
24
16
28
2738
25849
4316
22380
24342
15544
16
306
8696
3575
30
344
21
16
27
2738
24848
17781
20179
26025
15213
344
26
18
16818
73
992
733
344
23
16
24
2738
25605
21306
26933
26212
17697
344
26
18
22852
73
992
680
6755
344
24
16
28
13
341
225
25
18
3124
73
992
18
6755
344
24
16
28
13
341
225
25
18
3124
73
992
16
306
539
851
569
344
24
16
28
15309
9405
277
1656
18
6755
539
569
344
21
16
27
2738
24848
17781
20179
26025
15213
16
344
23
16
24
2738
25605
21306
26933
26212
17697
18
2586
539
1008
304
7747
1131
382
14353
539
569
344
21
16
27
2738
24848
17781
20179
26025
15213
344
26
18
16818
73
992
13
306
344
23
16
24
2738
25605
21306
26933
26212
17697
344
26
18
22852
73
992
680
6755
539
569
344
24
16
28
2738
25849
4316
22380
24342
15544
344
25
18
3124
73
992
680
6755
539
569
344
21
16
27
13
306
344
23
16
24
13
9546
382
14353
539
569
344
21
16
27
2738
24848
17781
20179
26025
15213
16
306
344
23
16
24
2738
25605
21306
26933
26212
17697
16
306
344
24
16
28
2738
25849
4316
22380
24342
15544
382
14353
539
569
344
21
16
27
13
306
344
23
16
24
13
306
344
24
16
28
680
6755
539
569
344
21
16
27
13
306
344
23
16
24
13
306
344
24
16
28
680
6755
539
569
344
21
16
27
13
306
344
23
16
24
13
306
344
24
16
28
680
342
1761
342
18391
344
21
16
27
733
344
23
16
24
733
344
24
16
28
680
6755
344
21
16
27
13
341
225
26
18
16818
73
992
16
344
23
16
24
13
341
225
26
18
22852
73
992
16
344
24
16
28
13
341
225
25
18
3124
73
992
382
14353
539
569
344
21
16
27
2738
24848
17781
20179
26025
15213
16
306
344
23
16
24
2738
25605
21306
26933
26212
17697
16
306
344
24
16
28
2738
25849
4316
22380
24342
15544
382
14353
539
569
344
21
16
27
2738
24848
17781
20179
26025
15213
16
306
344
23
16
24
2738
25605
21306
26933
26212
17697
16
306
344
24
16
28
2738
25849
4316
22380
24342
15544
382
14353
539
569
344
21
16
27
2738
24848
17781
20179
26025
15213
16
306
344
23
16
24
2738
25605
21306
26933
26212
17697
16
306
344
24
16
28
2738
25849
4316
22380
24342
15544
382
19477
7747
12989
1375
64707
46319
1375
21
18
225
807
21754
24100
28745
26192
344
27
17
28
465
22
18
225
740
20806
21133
23959
12745
344
23
17
27
465
23
18
225
2281
26623
24849
28082
26212
344
23
17
25
465
24
18
225
19958
17503
25789
25116
13142
344
22
17
27
465
25
18
225
19958
18976
23837
11582
24693
344
23
17
26
465
26
18
225
23737
28082
21532
23025
16920
344
21
17
25
465
27
18
225
26543
22623
21959
20661
7858
344
22
17
28
465
28
18
225
25407
27123
26570
19396
18374
344
26
17
28
465
29
18
225
25933
21215
16703
23241
19880
344
21
17
22
465
622
18
225
25849
4316
22380
24342
15544
344
24
17
28
465
807
18
225
27449
8034
23837
3906
24852
344
21
17
26
465
740
18
225
20824
22180
20830
18857
10779
344
24
17
25
465
1068
18
225
27527
25671
24441
21678
28069
344
22
17
25
465
992
18
225
26265
20113
25543
25264
29155
344
24
17
27
465
883
18
225
5239
35
41729
225
5239
35
2523
388
902
18
225
24848
17781
20179
26025
15213
344
21
17
27
465
1145
18
225
25605
21306
26933
26212
17697
344
23
17
24
465
1045
18
225
6727
19405
20113
16606
26067
344
23
17
28
465
1057
18
225
22250
28195
12328
27688
14919
344
24
17
26
465
696
18
225
27184
22852
3031
20816
28632
344
21
17
24
465
1710
18
225
27071
22711
7858
17376
19183
344
25
17
28
465
1336
18
225
29370
25635
25344
17685
26982
344
21
17
28
465
1449
18
225
25580
25849
22852
26947
26406
344
22
17
26
465
1199
18
225
28543
13615
5855
15352
18833
344
21
17
23
465
948
18
225
28142
22146
27615
26025
25633
344
26
17
27
465
1670
18
225
30080
12745
25294
12952
21751
344
25
17
26
465
1592
18
225
25009
14377
27611
27856
26818
344
25
17
27
465
1575
18
225
24282
29155
23547
21215
11247
344
22
17
23
465
1748
18
225
25985
22002
13332
15352
25410
344
22
17
24
994
2608
539
569
225
1748
16174
16
689
903
1196
361
225
1575
18
16473
1682
277
19842
1568
342
1858
30
342
9603
225
1748
18
342
1998
569
4638
32564
289
2761
18
16473
1682
15616
297
277
4607
1568
30
225
1575
15616
18
2586
922
19842
1568
1196
569
225
1575
16174
18
342
1998
569
5101
387
4814
18
8548
730
341
31579
35
16473
4835
80003
277
4607
1568
306
922
19842
1568
382
28354
15616
402
19810
1375
21
30
344
21
16
22
2738
25933
21215
16703
23241
19880
203
22
30
344
21
16
23
2738
28543
13615
5855
15352
18833
203
23
30
344
21
16
24
2738
27184
22852
3031
20816
28632
203
24
30
344
21
16
25
2738
23737
28082
21532
23025
16920
203
25
30
344
21
16
26
2738
27449
8034
23837
3906
24852
203
26
30
344
21
16
27
2738
24848
17781
20179
26025
15213
203
27
30
344
21
16
28
2738
29370
25635
25344
17685
26982
203
28
30
344
22
16
23
2738
24282
29155
23547
21215
11247
203
29
30
344
22
16
24
2738
25985
22002
13332
15352
25410
203
622
30
344
22
16
25
2738
27527
25671
24441
21678
28069
203
807
30
344
22
16
26
2738
25580
25849
22852
26947
26406
203
740
30
344
22
16
27
2738
19958
17503
25789
25116
13142
203
1068
30
344
22
16
28
2738
26543
22623
21959
20661
7858
203
992
30
344
23
16
24
2738
25605
21306
26933
26212
17697
203
883
30
344
23
16
25
2738
2281
26623
24849
28082
26212
203
902
30
344
23
16
26
2738
19958
18976
23837
11582
24693
203
1145
30
344
23
16
27
2738
740
20806
21133
23959
12745
203
1045
30
344
23
16
28
2738
6727
19405
20113
16606
26067
203
1057
30
344
24
16
25
2738
20824
22180
20830
18857
10779
203
696
30
344
24
16
26
2738
22250
28195
12328
27688
14919
203
1710
30
344
24
16
27
2738
26265
20113
25543
25264
29155
203
1336
30
344
24
16
28
2738
25849
4316
22380
24342
15544
203
1449
30
344
25
16
26
2738
30080
12745
25294
12952
21751
203
1199
30
344
25
16
27
2738
25009
14377
27611
27856
26818
203
948
30
344
25
16
28
2738
27071
22711
7858
17376
19183
203
1670
30
344
26
16
27
2738
28142
22146
27615
26025
25633
203
1592
30
344
26
16
28
2738
25407
27123
26570
19396
18374
203
1575
30
344
27
16
28
2738
807
21754
24100
28745
26192
300
8311
16
13640
1568
616
19810
297
265
5415
306
5096
21949
382
36795
5209
616
19810
983
265
1568
306
5096
38278
344
273
539
530
30281
680
7517
539
1094
1008
304
1511
277
96272
3935
344
241937
225
27
733
539
530
5782
277
225
27
21820
19810
499
492
1568
382
4675
277
1568
16
277
21820
19810
436
1375
17
225
807
21754
24100
28745
26192
344
27
17
28
465
17
225
740
20806
21133
23959
12745
344
23
17
27
465
17
225
2281
26623
24849
28082
26212
344
23
17
25
465
17
225
19958
17503
25789
25116
13142
344
22
17
27
465
17
225
19958
18976
23837
11582
24693
344
23
17
26
465
17
225
23737
28082
21532
23025
16920
344
21
17
25
465
17
225
26543
22623
21959
20661
7858
344
22
17
28
465
17
225
25407
27123
26570
19396
18374
344
26
17
28
465
17
225
25933
21215
16703
23241
19880
344
21
17
22
465
17
225
25849
4316
22380
24342
15544
344
24
17
28
465
17
225
27449
8034
23837
3906
24852
344
21
17
26
465
17
225
20824
22180
20830
18857
10779
344
24
17
25
465
17
225
27527
25671
24441
21678
28069
344
22
17
25
465
17
225
26265
20113
25543
25264
29155
344
24
17
27
465
17
225
5239
35
41729
225
5239
35
2523
388
17
225
24848
17781
20179
26025
15213
344
21
17
27
465
17
225
25605
21306
26933
26212
17697
344
23
17
24
465
17
225
6727
19405
20113
16606
26067
344
23
17
28
465
17
225
22250
28195
12328
27688
14919
344
24
17
26
465
17
225
27184
22852
3031
20816
28632
344
21
17
24
465
17
225
27071
22711
7858
17376
19183
344
25
17
28
465
17
225
28382
35
41729
225
28382
35
2523
388
17
225
29370
25635
25344
17685
26982
344
21
17
28
465
17
225
25580
25849
22852
26947
26406
344
22
17
26
465
17
225
28543
13615
5855
15352
18833
344
21
17
23
465
17
225
28142
22146
27615
26025
25633
344
26
17
27
465
17
225
30080
12745
25294
12952
21751
344
25
17
26
465
17
225
25009
14377
27611
27856
26818
344
25
17
27
465
17
225
24282
29155
23547
21215
11247
344
22
17
23
465
17
225
25985
22002
13332
15352
25410
344
22
17
24
994
8311
16
5229
277
225
27
21820
1375
21
13
225
807
21754
24100
28745
26192
203
22
13
225
740
20806
21133
23959
12745
203
23
13
225
2281
26623
24849
28082
26212
203
24
13
225
19958
17503
25789
25116
13142
203
25
13
225
19958
18976
23837
11582
24693
203
26
13
225
23737
28082
21532
23025
16920
203
27
13
225
26543
22623
21959
20661
7858
35
2209
539
851
569
225
25407
27123
26570
19396
18374
306
225
25933
21215
16703
23241
19880
4115
18
2586
277
225
27
371
21820
5563
304
361
225
26543
22623
21959
20661
7858
344
22
17
28
680
2209
5522
16
539
851
569
225
25407
27123
26570
19396
18374
697
341
6892
936
225
26543
22623
21959
20661
7858
18
2586
12035
16
225
26543
22623
21959
20661
7858
341
277
225
27
371
18
2209
539
851
569
225
19958
17503
25789
25116
13142
306
225
19958
18976
23837
11582
24693
436
1804
225
23
18
2662
73
992
16
306
225
23737
28082
21532
23025
16920
341
225
23
18
7451
73
992
16
1232
225
26543
22623
21959
20661
7858
341
225
24
18
2510
73
992
18
2586
277
225
27
21820
436
396
2946
382
8311
16
436
1131
225
27
15616
15246
265
51952
6657
35
1283
1008
304
2292
592
724
3451
839
8664
306
3179
616
225
28
26963
18
461
26963
5906
30
13640
1568
277
26963
297
1450
302
1131
225
27
15616
1375
21
13
344
27
16
28
465
22
13
344
23
16
27
465
23
13
344
23
16
25
465
24
13
344
22
16
27
465
25
13
344
23
16
26
465
26
13
344
21
16
25
465
27
13
344
22
16
28
994
8311
16
2292
27289
306
19871
18
957
341
265
2164
867
18
16473
1565
592
1850
265
6657
344
17387
16
183005
680
1283
530
2050
304
1565
592
539
530
3179
616
225
28
26963
382
79410
30
225
21
16
22
16
23
16
24
16
25
16
26
16
27
16
28
382
68590
638
27
17
28
203
23
17
27
203
23
17
25
203
22
17
27
203
23
17
26
203
21
17
25
203
22
17
28
300
2110
530
2050
304
1565
592
21599
225
24
341
6482
30
5023
302
1131
15616
16246
21599
225
24
18
2586
21599
225
24
341
16201
18
7893
16
492
867
1414
4222
3179
616
26963
18
2586
277
225
27
21820
15616
589
4222
1027
265
51952
6657
18
2586
277
96272
341
516
5207
277
225
27
21820
15616
1480
724
2428
516
3179
616
26963
18
2586
539
1008
304
1511
277
5772
96272
16
697
2428
16246
910
6892
15616
304
3179
16201
26963
382
27872
16
277
96272
3935
341
717
4110
18
2586
277
4655
1333
225
807
11313
27396
22596
1387
361
277
1193
302
96272
3935
893
399
16
420
277
1219
68437
898
616
10565
18
1283
1008
304
5827
382
23928
277
16066
16
1850
516
31975
304
20488
17208
96272
420
1219
68437
352
492
2927
1690
18
2952
16
539
530
2050
304
3368
30
461
4655
1333
341
2239
225
21
18
14575
73
622
16
697
341
9310
2164
5071
304
399
32002
29
18
1960
73
992
680
957
1387
361
3673
96272
893
420
1219
68437
382
23928
277
16981
344
82
26720
28
13
306
277
7135
302
1451
1310
4027
2291
492
2927
730
16
1850
717
52298
386
277
9444
4377
341
304
88934
99677
898
616
51952
10565
16
1480
386
4158
4229
45531
306
341
4081
304
3138
18
461
96272
4158
1011
851
831
16
689
277
25284
307
26720
28
341
24975
592
96272
341
9444
18
2586
2964
67942
386
277
9444
2746
341
304
1511
277
7849
68437
3724
616
51952
10565
16
306
277
88934
99677
341
277
9444
4377
382
14353
16
277
1154
1227
373
1386
19054
5113
32659
10251
8724
6
1387
361
26335
396
373
67654
51952
6657
68437
399
728
689
386
341
42083
18
4540
15697
16
1850
373
1386
19054
5113
32659
10251
8724
6
6115
277
7849
2331
344
8781
341
5047
396
4455
68437
399
13
302
265
51952
6657
18
2586
277
373
1386
6
13244
304
277
2331
16
516
304
277
51952
6657
1610
7849
382
27872
16
342
1761
277
4309
7878
341
304
35909
616
50104
302
307
17
21
15616
16
2292
592
724
1027
265
51952
6657
16
17208
4455
9
79
16
306
758
277
7849
382
8311
16
7478
277
1058
1310
100849
16
342
18294
1850
265
20511
297
277
2292
18
610
1451
17673
4066
16
277
7120
297
277
194863
436
2781
4309
16
306
277
1310
1154
2428
361
4376
28804
18
2952
16
1743
277
2292
1154
341
3419
396
766
302
277
10686
18
887
1387
361
386
277
1756
36033
471
304
1774
277
2292
306
1717
18
2209
396
387
8202
16
539
4445
1287
352
2897
382
23928
277
9460
30
373
3039
1196
18523
277
2363
385
11116
297
265
127068
2363
2732
344
826
22057
13
344
22310
642
61694
277
4607
5442
118742
957
10334
386
539
436
304
2483
277
2363
386
642
361
22161
983
277
4607
2031
16
24916
277
1154
2376
18
461
4607
1154
2376
5740
5720
1094
277
194863
18
2586
539
1008
304
6754
411
402
954
7878
18
461
2292
1154
341
8156
306
642
361
1161
304
1310
18
2586
539
1998
1717
277
2292
382
23928
386
16
8696
539
530
2050
304
1565
592
903
341
839
122221
386
1011
1265
277
1058
1310
8138
225
2014
4993
302
225
1691
18
22547
411
361
386
277
1154
1196
758
277
7849
2731
1333
302
277
2331
16
689
277
2331
341
5047
396
277
4455
302
8106
19810
68437
399
16
306
724
2428
1587
277
7849
898
616
51952
10565
302
277
2331
16
689
724
2428
569
265
1497
8559
302
68437
30
8696
724
1587
277
22503
890
4455
341
11437
498
399
16
689
592
277
22503
341
225
20
16
724
2489
411
396
399
35
3483
11413
2312
225
1691
304
225
2014
382
25790
724
1587
277
7849
2731
1333
302
277
2331
16
689
724
1994
386
277
2331
341
277
4455
302
8106
19810
68437
399
16
306
724
1587
277
7849
898
616
51952
10565
302
277
2331
16
689
724
2428
1587
277
7849
2731
1333
302
277
2331
16
306
724
2428
569
265
1497
16340
302
373
67654
2331
51952
6657
1023
6848
373
67654
2331
51952
6657
6
2767
277
51952
6657
402
7849
2983
3935
344
77
3077
1278
96272
680
5489
724
8483
277
2331
396
277
4455
302
8106
19810
68437
399
16
697
1011
361
277
96272
3935
68437
399
18
610
386
1690
16
277
1058
1310
494
96272
3935
341
225
23452
16
68437
225
21430
351
225
1691
18
2586
2188
225
1691
382
1974
592
724
1994
277
2331
396
277
4455
302
8106
19810
68437
399
16
306
724
1587
277
7849
898
616
51952
10565
302
277
2331
16
689
724
2428
569
265
1497
8559
302
373
67654
2331
51952
6657
6
6115
277
51952
6657
402
7849
2331
344
4271
2331
341
5047
396
4455
68437
399
680
3483
341
954
88934
99677
382
4892
840
382
25790
903
341
387
1115
14530
20740
297
277
21599
57143
30
461
15616
436
2688
402
493
306
335
396
225
21
218853
16
689
277
5314
341
4800
402
26963
225
20
568
82
17
21
35
1437
539
7046
304
225
20
218853
16
539
57859
225
21
16
689
1232
277
29192
57
5119
225
20
568
82
17
21
18
9405
6772
18
461
96272
3935
539
19377
1347
277
15616
402
4607
23864
7939
225
23452
18
1437
539
98571
1161
277
4607
23864
396
225
20
218853
344
77
3077
1278
4746
57859
225
21
733
1232
277
15616
1011
361
344
21
16
22
16
959
13
26335
396
344
21
16
22
13
402
26963
225
21
306
225
22
16
689
539
1011
2489
26963
396
225
21
568
82
16
306
29192
57
1011
569
2287
307
16
689
21599
225
21
341
4080
16
21599
225
22
341
4080
16
4115
18
3483
1011
361
277
1656
5314
16
1060
26963
436
225
21
568
82
4993
302
225
20
568
82
17
21
18
461
3920
341
90543
16
713
277
96272
3935
1011
2188
361
225
23452
344
29753
277
19810
436
1656
680
2586
840
382
25790
277
1154
341
12762
304
758
277
7849
2731
2331
16
1207
2331
341
5047
396
277
4455
302
8106
19810
68437
399
16
689
724
2428
1587
277
7849
898
616
51952
10565
302
277
2331
16
306
724
2428
1587
277
7849
2731
1333
302
277
2331
16
689
724
2428
569
265
1497
8559
302
68437
30
297
910
12131
16
68437
302
265
6484
1435
530
361
6484
16
689
516
1743
382
25790
277
1310
36033
225
2014
1480
724
569
265
1497
5314
2920
304
265
20511
297
277
1310
1690
18
22547
411
361
386
277
15616
1568
297
277
1310
341
1497
35
16473
316
25735
277
1310
30
12578
12
25
16
225
26
16
225
21430
16
33814
21
16
225
22
16
225
959
733
344
21
16
225
23
16
225
8034
733
344
22
16
225
23
16
225
4868
733
344
22
16
225
24
16
225
7726
733
344
22
16
225
25
16
225
2072
733
344
23
16
225
24
16
225
7537
134727
1377
225
2014
18
9405
1065
539
569
382
25790
903
341
265
8887
4550
30
461
5314
341
4081
6482
163513
5314
18
461
1154
1196
758
277
7849
2331
302
265
51952
6657
1207
277
2331
341
5047
396
277
4455
302
8106
19810
68437
399
18
2209
9745
724
1994
386
277
2331
341
19377
396
277
4455
302
8106
19810
68437
399
16
306
1232
724
1587
277
7849
2731
1333
302
386
2331
16
689
724
2428
851
2485
386
277
51952
6657
361
265
7849
51952
6657
297
4249
302
4455
35
2523
382
23928
277
133336
304
73229
16
342
1761
277
1210
52298
341
386
277
2292
674
265
103364
16
306
277
4309
3032
341
225
1691
18
610
1451
1175
4066
16
277
7120
297
277
194863
436
2781
277
6332
1310
4027
16
306
277
2292
1154
341
1060
265
12548
352
277
1756
304
1774
6292
20845
18
461
2746
2428
361
499
387
17409
17673
5199
1207
277
1756
341
12762
304
3138
277
1154
306
1232
277
1181
10424
969
1902
6292
344
50180
277
194863
7120
680
461
2292
1154
2428
361
3419
352
277
1756
304
13561
16
689
1850
516
277
2522
15856
18
2952
16
277
2746
6434
4060
373
8940
2292
35977
19054
5113
32659
10251
8724
13
304
1774
6292
1304
3483
10334
386
277
2292
1154
341
277
1310
20155
382
45
1761
342
1196
3138
277
88934
99677
4377
396
4546
16
697
341
67730
4309
352
277
2746
396
4546
344
67654
68437
898
616
51952
10565
680
342
642
2549
277
7878
382
2608
1714
184752
16
13640
1310
277
1749
1310
402
954
88934
99677
30
7517
288
351
307
17
21
16
903
341
1094
730
7799
344
514
15616
733
306
411
1998
361
265
6657
18
5641
8860
642
2292
386
7799
16
29192
57
642
1511
411
341
265
6657
344
29753
1850
3402
265
6657
733
17208
2983
10251
351
4455
9
79
16
306
1219
10251
642
361
386
18
2586
411
19553
382
39521
1310
30
1283
4445
20488
13561
16
689
539
530
10987
411
19553
592
954
8860
341
4309
18
2952
16
592
277
9444
2746
341
96272
3935
893
399
16
1232
954
88934
99677
2428
3050
265
1497
3032
344
50180
225
807
11313
27396
22596
7248
2761
1625
680
2209
539
1907
1287
382
23928
277
845
16
9916
704
402
277
88934
99677
7878
16
396
411
14441
277
16981
306
341
265
25485
4377
304
277
2746
396
342
8147
411
18
1437
277
125888
36033
96272
3935
893
399
16
1232
922
4377
1011
4164
4759
366
910
1310
4027
344
7846
277
1058
16
592
724
2364
225
2014
680
2209
277
1058
1310
494
66504
10334
386
8696
277
125888
36033
225
1691
35
41729
16
592
724
2364
96272
3935
893
399
16
37966
2364
225
1691
16
516
225
2014
18
2586
1804
46123
2364
225
1691
352
277
1058
1310
35
26128
16
96272
3935
893
399
6632
225
1691
18
5641
88934
99677
1219
68437
851
6632
225
1691
18
2586
1804
3050
225
1691
18
2586
277
1094
12475
341
386
277
2292
4060
225
2014
18
2586
277
2292
341
6078
297
386
730
40439
18
2586
1850
2731
386
277
125888
344
8781
2428
361
1347
277
2292
13
1011
4759
592
539
3271
225
1691
18
2209
8696
277
125888
5119
1497
4655
19237
18
14892
304
2132
382
23928
386
277
194863
4060
225
1691
16
306
954
7878
22699
225
1691
16
9923
16472
386
277
4309
3032
341
225
1691
18
2586
342
642
3138
277
88934
99677
306
3271
225
1691
352
277
1058
1310
18
1437
277
2292
18048
16
713
361
411
18
2209
277
2746
4060
373
10112
616
277
6292
1304
3483
1387
361
26335
396
1717
277
6292
297
277
2292
1154
18
2952
16
539
436
516
277
730
5206
277
6292
31
539
436
6198
2363
18
461
1181
642
12476
954
2363
2737
969
1902
1310
20155
16
697
874
361
1497
499
277
2292
1154
18
461
2292
1154
341
4164
1060
387
2024
352
277
1756
304
1310
20845
18
610
1451
7654
28131
92804
16
277
10713
6292
436
277
6299
297
277
2292
1154
18
2209
1743
277
2746
341
7080
396
265
1541
16
306
539
436
304
4602
277
2363
18
461
2292
1154
341
3419
297
277
10686
16
689
411
2428
361
386
277
1756
642
1774
411
1325
10811
277
4377
18
2952
16
277
12759
4060
373
8940
2292
35977
19054
5113
32659
10251
8724
13
304
1774
6292
1304
2586
724
2364
277
1756
304
1774
411
18
2586
304
361
6085
16
539
1008
304
1717
386
2292
382
23928
277
57490
16
342
1387
3138
265
32371
386
592
277
2740
14441
277
1058
1310
7662
16
6714
225
2014
4993
302
277
19377
1333
18
3483
1011
361
56858
689
1011
1717
277
2292
18
2952
16
386
1011
361
265
16474
306
516
265
3449
4377
18
461
2746
23570
304
373
4399
3138
277
1154
4546
3210
887
4007
2132
304
2702
3646
18
2586
539
1196
516
589
386
382
25790
539
530
1565
592
903
341
839
852
122221
30
461
1154
16607
4059
288
30
7551
302
15616
16
689
539
1907
2450
1008
288
1480
539
530
771
411
499
6441
233466
680
2209
539
530
14801
288
382
25790
277
1154
1196
911
277
2688
288
304
38566
2761
35
3557
4494
382
13617
3592
30
22547
411
361
386
277
5314
341
14821
35
2523
382
25790
277
2331
341
5047
396
277
4455
302
8106
19810
68437
399
16
689
724
1587
277
7849
2731
1333
302
386
2331
16
306
724
1587
277
7849
898
616
51952
10565
302
277
2331
16
689
724
2428
569
265
1497
8559
302
373
774
5113
6657
1023
8696
724
2485
277
6657
304
361
265
7849
51952
6657
297
4249
302
4455
35
3483
341
16
1058
1511
277
96272
344
1892
4455
733
1232
17208
969
2331
68437
399
16
306
386
341
277
3032
18
3483
341
265
2670
4619
30
373
67654
2331
51952
6657
6
341
96272
18
5489
724
8483
277
2331
396
4455
302
8106
19810
68437
399
18
2586
1850
96272
3935
893
399
18
957
16340
63835
402
277
194863
494
7120
344
1691
16
225
18857
25592
26479
680
1533
277
2292
494
1749
40439
851
63835
18
461
1058
40439
297
2292
341
1115
498
225
21
18
22547
411
361
386
277
96272
3935
341
516
225
23452
689
225
24215
35
16473
996
34239
96272
3935
14316
352
277
1058
5314
18
14812
342
1858
265
20511
30
461
5314
674
26963
225
21
568
25
18
197238
30
344
21
16
22
16
959
733
344
21
16
23
16
8034
733
344
22
16
23
16
4868
733
344
22
16
24
16
7726
733
344
22
16
25
16
2072
733
344
23
16
24
16
7537
680
16473
17208
96272
1347
217007
1754
16
689
4802
840
8664
382
15417
15616
498
3935
30
225
7537
344
23
17
24
733
225
4868
344
22
17
23
733
225
7726
344
22
17
24
733
225
2072
344
22
17
25
733
225
959
344
21
17
22
733
225
8034
344
21
17
23
2570
38146
29192
57
382
22017
225
7537
344
23
17
24
2738
919
18
45060
30
391
23
16
24
732
22017
225
4868
344
22
17
23
2738
919
18
6013
5721
30
391
22
16
23
16
24
732
22017
225
7726
344
22
17
24
2738
225
22
306
225
24
436
297
1656
4942
2649
18486
388
22017
225
2072
344
22
17
25
2738
919
18
45060
30
391
22
16
23
16
24
16
25
732
22017
225
959
344
21
17
22
2738
919
18
45060
30
391
21
16
22
16
23
16
24
16
25
97
616
6482
388
8311
539
569
225
24
15616
344
29753
307
33
25
16
96272
674
225
24
15616
680
2586
96272
15616
30
225
7537
16
4868
16
2072
16
959
18
14610
351
225
7537
15
4868
33
16954
16
692
2072
33
18976
16
692
959
33
23452
18
8520
382
1974
592
539
1994
265
1497
96272
35
22547
903
361
2484
96272
402
1656
2983
3935
35
1563
2024
16
592
539
6754
225
959
402
225
8034
16
4455
1011
361
225
24215
16
3634
18
39953
225
2072
402
225
7726
35
2209
225
7726
12651
265
8664
402
225
7537
16
4868
18
2586
516
18
2586
96272
3935
341
225
23452
382
27872
16
96272
893
225
21430
351
225
1691
382
4892
3097
1011
2292
2364
225
2014
35
22547
411
361
386
724
1994
277
2331
396
277
4455
302
8106
19810
68437
399
16
689
724
1587
277
7849
898
616
51952
10565
302
277
2331
16
306
724
569
265
6657
402
2331
225
2014
386
539
18391
35
16473
4638
18400
616
158147
1754
16
8696
539
18391
265
42268
386
341
265
6657
306
674
4455
225
24215
35
16473
35909
616
158147
1754
16
689
851
2292
27289
352
1450
42268
717
14316
16
8696
910
158147
539
13122
15235
436
3757
10565
35
1283
3402
14559
1450
18
2209
8696
910
42268
539
13122
15235
2920
304
8664
341
3757
265
6657
1480
277
8664
2428
361
12652
498
277
29192
57
15395
35
2523
16
265
8664
2767
903
341
265
8664
16
713
516
265
6657
382
1974
819
42268
905
35
16473
1568
616
158147
306
725
6657
4056
1754
16
8696
539
1858
265
20511
352
42268
905
35
1563
4681
16
42268
905
25
30
344
21
17
22
16
21
17
23
16
22
17
24
16
23
17
24
680
1283
1392
411
674
8664
225
21
17
22
17
24
17
23
17
21
18
3483
341
265
8664
302
4354
225
24
18
2586
516
265
6657
382
32918
905
28
30
344
21
17
22
16
22
17
23
16
22
17
24
16
23
17
24
680
57485
26918
225
22
17
23
17
24
17
22
18
2586
8664
382
32918
905
740
30
344
21
17
23
16
22
17
23
16
22
17
24
16
23
17
24
680
68247
225
22
17
23
17
24
382
32918
905
23
30
344
21
17
22
16
21
17
23
16
22
17
23
16
23
17
24
680
68247
225
21
17
22
17
23
382
32918
905
21
306
905
22
569
26918
382
32918
905
883
30
344
22
17
23
16
22
17
24
16
22
17
25
16
23
17
24
680
57485
26918
225
22
17
23
17
24
16
306
21599
225
21
16201
382
4892
1094
277
6299
539
9603
436
10565
382
27872
16
840
6657
402
4455
225
24215
382
59685
277
68437
341
19377
21214
30
8696
724
17208
4455
1577
399
16
689
1232
592
277
1193
341
225
20
16
724
3271
399
35
3557
6964
382
25790
277
1154
1196
758
277
7849
2731
1333
302
277
2331
16
689
724
2428
569
265
1497
8559
302
2331
30
8696
277
2331
341
5047
396
277
4455
302
8106
19810
68437
399
16
306
724
1587
277
7849
2731
1333
302
386
2331
16
689
724
2428
1587
277
7849
898
616
51952
10565
302
277
2331
16
306
724
2428
1994
386
277
2331
341
277
4455
302
8106
19810
68437
399
16
306
724
1587
277
7849
2731
1333
302
277
2331
16
306
724
2428
569
265
1497
16340
302
373
67654
2331
51952
6657
1023
9745
724
1587
277
51952
6657
402
7849
2331
344
4271
2331
341
4455
68437
399
733
306
724
1587
386
2331
18
9405
1065
539
589
382
23928
277
3750
4967
386
225
1691
341
4309
16
9916
3138
277
88934
99677
306
3271
225
1691
352
277
1058
1310
18
1437
277
2292
18048
16
713
361
411
16
689
2964
516
297
2138
302
277
125888
382
10917
16
277
2746
2428
361
499
387
8202
4467
13500
1207
277
4655
3032
341
225
1691
16
306
277
2292
341
265
3616
129565
18
8133
3041
297
1131
44837
16
277
2292
1154
341
3419
352
277
1756
304
1310
16
689
277
5772
10393
5119
8887
6292
18
461
1756
341
5584
304
911
2292
304
1774
6292
16
689
4924
1060
352
23282
18
461
1728
15856
642
569
969
1902
6292
18
2586
539
1196
3138
277
4309
11236
16
516
54029
304
277
2292
494
11568
74052
40439
382
27872
16
9916
11536
402
277
88934
99677
7878
382
8311
16
819
277
2363
30
27969
1250
115400
306
23225
18
27969
8483
29192
57
396
31078
665
420
5536
35
27969
2553
5451
352
28401
382
2110
1196
851
1994
386
277
15616
1568
874
569
717
936
4494
31
539
1094
1008
307
17
21
15616
382
61792
23939
1219
10251
304
399
16
396
1714
382
61792
9284
898
22124
382
24157
1690
30
1437
277
5314
341
3402
265
6657
344
81
1377
307
17
21
733
1232
903
341
7662
730
7799
16
306
954
9284
642
831
382
46932
30
1563
307
33
28
16
288
33
1575
16
22124
351
225
21
16
16606
16
14834
18
1563
1450
16
539
1343
778
304
225
27
15616
16
29192
57
7154
436
13920
18
957
1196
1774
2223
265
1749
420
1217
297
11636
18
2952
16
903
436
4347
1310
4027
16
689
2983
158147
3796
6292
2428
361
778
304
8696
225
622
4364
16
2188
20672
382
2110
530
919
265
2164
17422
30
592
288
1377
307
17
21
16
539
530
5502
17208
4455
302
616
15616
68437
399
306
758
16
1480
7076
1094
730
6657
18
2209
516
4778
382
61792
3138
396
4546
382
8311
16
6496
2522
2363
382
2608
6035
30
461
4607
2363
2732
4059
277
194863
18
1283
1196
2553
277
194863
396
341
18
610
954
7878
16
539
642
2549
277
194863
297
277
1154
8559
382
27872
16
2522
3032
1375
3080
14487
203
3161
23225
1250
3914
16
54040
203
656
115400
300
1847
1219
19054
5113
32659
10251
8724
4020
30
853
16
288
30
853
16
399
30
853
16
15616
30
3914
210758
37990
16
853
16
853
85867
2649
853
638
298
11192
18750
265
33367
4081
6482
163513
5314
402
307
26963
306
288
15616
421
298
1511
277
7849
2331
302
265
51952
6657
1207
277
2331
341
5047
396
277
4455
302
1041
298
8106
19810
68437
399
388
2458
298
35685
638
348
307
30
7551
302
26963
344
22
6758
307
6758
225
28
465
348
288
30
7551
302
15616
344
82
17
21
6758
288
6758
307
10726
82
17
21
5403
22
465
348
399
30
5247
11739
1333
344
21
6758
399
6758
225
622
66
883
465
348
15616
30
3914
302
83907
344
89
16
335
16
286
13
1207
493
306
335
436
26963
344
21
218853
13
306
286
341
277
3935
203
3877
506
225
21
6758
493
460
335
6758
307
203
3877
506
225
20
6758
286
460
399
19964
298
11341
638
348
461
7849
2331
302
265
51952
6657
68437
399
19964
298
25436
1219
19054
5113
32659
10251
8724
12
25
16
225
26
16
225
21430
16
33814
21
16
225
22
16
225
959
733
344
21
16
225
23
16
225
8034
733
344
22
16
225
23
16
225
4868
733
344
22
16
225
24
16
225
7726
733
344
22
16
225
25
16
225
2072
733
344
23
16
225
24
16
225
7537
80390
298
225
1691
203
298
25436
1219
19054
5113
32659
10251
8724
12
26
16
225
25
16
225
7858
18833
22460
16
33814
21
16
225
22
16
225
22109
23452
26033
733
344
21
16
225
26
16
225
12633
21689
16972
733
344
22
16
225
23
16
225
6419
25941
18833
733
344
22
16
225
25
16
225
25577
23737
25789
733
344
24
16
225
25
16
225
26645
11313
22023
80390
298
225
18857
25592
26479
203
298
8340
298
905
20737
304
225
20
218853
352
29192
57
203
298
15616
351
33814
89
506
225
21
16
335
506
225
21
16
286
13
352
493
16
335
16
286
297
15616
1391
2458
298
1219
10251
351
399
225
905
6892
936
839
2731
68437
1193
344
20
568
79
17
21
465
2458
298
665
29192
57
638
348
3106
114384
716
351
7086
6302
747
489
29045
3566
348
917
3106
3303
12166
1588
16
307
2407
454
1244
23569
351
1568
61396
4020
2604
454
1244
120336
351
648
20
65
535
307
203
348
917
1511
3376
16
1150
2407
454
592
1244
23569
26409
65
2308
1150
638
615
1244
23569
26409
65
351
1244
7144
3376
23569
26409
7204
454
758
1244
23569
26409
1391
348
917
15395
3376
16
1150
16
349
2407
454
98290
351
1244
7144
3974
465
454
37937
351
1244
7144
13944
465
454
592
98290
1377
37937
638
615
758
8077
203
454
592
1244
120336
26409
86
65
460
1244
120336
63
9786
25306
615
1244
23569
26409
86
65
351
37937
203
454
12542
1244
120336
26409
86
65
1518
1244
120336
63
9786
25306
615
1244
23569
63
9786
65
351
98290
203
454
1625
638
615
1244
23569
63
9786
65
351
98290
203
615
1244
120336
26409
86
65
4284
225
21
203
454
758
7143
19964
298
352
42268
297
115400
1005
95435
233466
16
307
506
225
21
2407
348
282
5250
351
29192
57
4020
465
348
2983
10251
351
225
20
203
348
341
32659
351
7143
203
348
352
493
16
335
16
286
297
42268
638
454
592
282
5250
7144
16018
13
1377
282
5250
7144
8066
2407
615
341
32659
351
8077
203
615
2984
203
454
282
5250
133372
16018
16
335
465
454
2983
10251
351
344
12815
10251
692
286
13
1577
399
203
348
592
341
32659
638
454
592
2983
10251
460
1219
10251
638
615
1219
10251
351
2983
10251
19964
298
758
1219
10251
203
7203
36795
3271
492
396
277
2522
2363
5834
37182
485
3080
14487
203
3161
23225
1250
3914
16
54040
203
656
115400
300
1847
1219
19054
5113
32659
10251
8724
4020
30
853
16
288
30
853
16
399
30
853
16
15616
30
3914
210758
37990
16
853
16
853
85867
2649
853
638
298
11192
18750
265
33367
4081
6482
163513
5314
402
307
26963
306
288
15616
421
298
1511
277
7849
2331
302
265
51952
6657
1207
277
2331
341
5047
396
277
4455
302
1041
298
8106
19810
68437
399
388
2458
298
35685
638
348
307
30
7551
302
26963
344
22
6758
307
6758
225
28
465
348
288
30
7551
302
15616
344
82
17
21
6758
288
6758
307
10726
82
17
21
5403
22
465
348
399
30
5247
11739
1333
344
21
6758
399
6758
225
622
66
883
465
348
15616
30
3914
302
83907
344
89
16
335
16
286
13
1207
493
306
335
436
26963
344
21
218853
13
306
286
341
277
3935
203
3877
506
225
21
6758
493
460
335
6758
307
203
3877
506
225
20
6758
286
460
399
19964
298
11341
638
348
461
7849
2331
302
265
51952
6657
68437
399
19964
298
25436
1219
19054
5113
32659
10251
8724
12
25
16
225
26
16
225
21430
16
33814
21
16
225
22
16
225
959
733
344
21
16
225
23
16
225
8034
733
344
22
16
225
23
16
225
4868
733
344
22
16
225
24
16
225
7726
733
344
22
16
225
25
16
225
2072
733
344
23
16
225
24
16
225
7537
80390
298
225
1691
203
298
25436
1219
19054
5113
32659
10251
8724
12
26
16
225
25
16
225
7858
18833
22460
16
33814
21
16
225
22
16
225
22109
23452
26033
733
344
21
16
225
26
16
225
12633
21689
16972
733
344
22
16
225
23
16
225
6419
25941
18833
733
344
22
16
225
25
16
225
25577
23737
25789
733
344
24
16
225
25
16
225
26645
11313
22023
80390
298
225
18857
25592
26479
203
298
8340
298
905
20737
304
225
20
218853
352
5961
911
203
298
15616
351
33814
89
506
225
21
16
335
506
225
21
16
286
13
352
493
16
335
16
286
297
15616
4414
298
905
5987
39174
4216
10239
344
6893
57
13
402
2481
20692
306
15395
498
8668
203
298
665
29192
57
638
348
3106
114384
716
351
7086
6302
747
489
29045
3566
348
917
3106
3303
12166
1588
16
307
30
853
2407
454
1244
23569
351
1568
61396
4020
2604
454
1244
120336
351
648
20
65
535
307
300
348
917
1511
3376
16
1150
30
853
13
2649
853
638
454
592
1244
23569
26409
65
2308
1150
638
615
1244
23569
26409
65
351
1244
7144
3376
23569
26409
7204
454
758
1244
23569
26409
4414
348
917
15395
3376
16
1150
30
853
16
349
30
853
13
2649
4989
638
454
98290
351
1244
7144
3974
465
454
37937
351
1244
7144
13944
465
454
592
98290
1377
37937
638
615
758
8077
203
454
592
1244
120336
26409
86
65
460
1244
120336
63
9786
25306
615
1244
23569
26409
86
65
351
37937
203
454
12542
1244
120336
26409
86
65
1518
1244
120336
63
9786
25306
615
1244
23569
63
9786
65
351
98290
203
454
1625
638
615
1244
23569
63
9786
65
351
98290
203
615
1244
120336
26409
86
65
4284
225
21
203
454
758
7143
300
298
905
461
7849
2731
68437
1333
341
297
648
20
16
399
17
21
11294
23939
304
399
344
83042
2783
465
298
1219
10251
351
399
300
298
905
31895
40361
616
50104
302
7662
307
17
21
15616
203
298
352
42268
297
115400
1005
95435
233466
16
307
506
225
21
2407
348
282
5250
351
29192
57
4020
465
348
2983
10251
351
225
20
203
348
341
32659
351
7143
203
348
352
493
16
335
16
286
297
42268
638
454
592
282
5250
7144
16018
13
1377
282
5250
7144
8066
2738
261
905
8664
11675
2649
516
265
6657
203
615
341
32659
351
8077
203
615
2984
203
454
282
5250
133372
16018
16
335
465
454
2983
10251
351
344
12815
10251
692
286
13
1577
399
203
348
592
341
32659
306
2983
10251
460
1219
10251
638
454
1219
10251
351
2983
10251
300
298
758
1219
10251
203
3080
255013
255001
255000
255002
255012
203
9037
3733
5842
7935
277
6292
18
19426
277
2615
638
71411
489
130805
94145
5142
3719
180065
114712
1381
75829
122713
2466
12551
461
69457
341
516
5206
306
4273
13806
30
2609
373
6347
6
341
516
5206
6265
1699
146817
16
492
341
593
3973
30
7060
277
2165
1154
16607
306
194863
16
7095
3138
277
1154
4546
306
1717
616
277
6292
18
1995
5677
4222
59947
5533
213288
28430
3039
1196
18523
277
2363
385
11116
297
265
127068
2363
2732
344
826
22057
13
344
22310
642
61694
277
4607
5442
13
255013
255001
255000
255003
255010
2110
436
2688
265
2746
30
373
1386
19054
5113
32659
10251
8724
6
402
16981
30
307
344
22
6758
307
6758
225
28
733
288
344
82
17
21
6758
288
6758
307
10726
82
17
21
5403
22
680
2586
468
1210
225
28
26963
16
4631
5314
674
2687
15616
351
225
1575
18
288
530
361
778
304
225
1575
18
2209
288
341
2688
396
7273
16
689
539
530
14801
411
18
399
530
361
778
304
225
21
73
883
18
461
1154
1196
1511
277
7849
2331
302
265
51952
6657
1207
2331
351
4455
302
8106
19810
893
399
382
2110
436
304
3138
277
1154
16
306
411
642
361
10753
498
277
3419
1310
4027
18
461
1310
4027
2549
70305
402
4655
2527
18
2952
16
6035
277
66504
30
461
194863
494
7120
1436
225
1691
306
225
18857
25592
26479
16
689
277
70305
297
277
2292
1154
569
225
2014
306
225
18857
25592
26479
344
1833
1058
341
225
2014
680
16473
15698
382
669
194863
4060
1375
5197
1219
19054
5113
32659
10251
8724
12
25
16
225
26
16
225
21430
16
33814
21
16
225
22
16
225
959
733
344
21
16
225
23
16
225
8034
733
344
22
16
225
23
16
225
4868
733
344
22
16
225
24
16
225
7726
733
344
22
16
225
25
16
225
2072
733
344
23
16
225
24
16
225
7537
80390
1691
300
2608
277
2292
192497
40439
341
1375
5648
12578
12
25
16
225
26
16
225
21430
16
33814
21
16
225
22
16
225
959
733
344
21
16
225
23
16
225
8034
733
344
22
16
225
23
16
225
4868
733
344
22
16
225
24
16
225
7726
733
344
22
16
225
25
16
225
2072
733
344
23
16
225
24
16
225
7537
134727
1377
225
2014
300
4892
903
341
265
66504
30
194863
4060
225
1691
689
2292
4060
225
2014
18
957
10334
386
8696
277
194863
341
43737
35
2491
8696
922
7878
1011
8138
225
1691
35
16473
17208
20488
352
307
33
25
16
288
33
26
16
15616
30
344
21
16
22
16
959
733
344
21
16
23
16
8034
733
344
22
16
23
16
4868
733
344
22
16
24
16
7726
733
344
22
16
25
16
2072
733
344
23
16
24
16
7537
680
399
33
21430
382
2110
1008
51952
6657
344
24
15616
680
42379
616
22124
302
225
24
15616
499
225
26
18
2278
436
346
12
26
16
24
5791
883
22124
18
16473
17208
2983
44914
893
225
21430
382
2110
1387
17208
6697
16
689
539
1196
1761
30
461
13604
4455
68437
399
2428
361
2761
18
16473
88934
17208
20488
35
342
530
4602
7498
6775
16
689
539
530
851
3368
30
461
21820
2731
4455
344
11317
16840
13
2428
361
265
6657
402
15616
30
344
23
16
24
16
7537
733
344
22
16
23
16
4868
733
344
22
16
24
16
7726
15309
2209
386
674
265
8664
35
16473
1568
15616
30
225
21
17
22
33
959
16
225
21
17
23
33
8034
16
225
22
17
23
33
4868
16
225
22
17
24
33
7726
16
225
22
17
25
33
2072
16
225
23
17
24
33
7537
18
1283
1008
304
3179
225
25
26963
402
225
24
15616
18
461
13604
4455
302
7880
19810
30
4164
5229
277
3148
21820
15616
386
1027
265
6657
30
461
19842
15616
498
3935
30
344
23
16
24
16
7537
733
344
22
16
23
16
4868
733
344
22
16
24
16
7726
733
344
21
16
22
16
959
733
344
22
16
25
16
2072
13
341
225
2072
16
344
21
16
23
16
8034
680
41729
19842
30
225
7537
16
4868
16
7726
16
2072
16
959
16
8034
18
2586
277
225
24
21820
436
225
7537
16
4868
16
7726
16
2072
4455
33
23391
16
893
225
21430
351
225
1575
18
2209
1414
386
867
1027
265
6657
35
197238
30
344
23
16
24
733
344
22
16
23
733
344
22
16
24
13
12651
265
8664
3724
225
22
16
23
16
24
18
2586
516
265
6657
18
11615
12578
30
225
7537
16
4868
16
7726
16
959
4455
33
11313
893
21430
33
1028
18
197238
30
344
23
16
24
733
344
22
16
23
733
344
22
16
24
13
1754
8664
18
2586
539
1008
265
867
2142
19871
382
2110
1008
304
1511
265
6657
51952
616
26963
18
16473
17208
616
22124
50593
382
1569
15616
402
23864
30
225
20
30
21
17
22
12
959
733
225
21
30
21
17
23
12
8034
733
225
22
30
22
17
23
12
4868
733
225
23
30
22
17
24
12
7726
733
225
24
30
22
17
25
12
2072
733
225
25
30
23
17
24
12
7537
994
2110
1008
225
24
15616
382
2110
530
88934
20488
18
11858
616
158147
1375
58029
344
20
16
21
16
22
16
23
2738
15616
225
959
15
8034
15
4868
15
7726
33
24100
893
21430
33
5111
203
12
20
16
21
16
22
16
24
2738
225
959
15
8034
15
4868
15
2072
33
24556
893
21430
33
5477
203
12
20
16
21
16
22
16
25
2738
225
959
15
8034
15
4868
15
7537
33
23369
893
21430
33
1339
203
12
20
16
21
16
23
16
24
2738
225
959
15
8034
15
7726
15
2072
33
20679
893
21430
33
6494
203
12
20
16
21
16
23
16
25
2738
225
959
15
8034
15
7726
15
7537
33
23616
893
21430
33
2127
203
12
20
16
21
16
24
16
25
2738
225
959
15
8034
15
2072
15
7537
33
23989
893
21430
33
3124
203
12
20
16
22
16
23
16
24
2738
225
959
15
4868
15
7726
15
2072
33
24909
893
21430
33
2589
203
12
20
16
22
16
23
16
25
2738
225
959
15
4868
15
7726
15
7537
33
11313
893
21430
33
1028
203
12
20
16
22
16
24
16
25
2738
225
959
15
4868
15
2072
15
7537
33
23452
893
21430
33
1691
203
12
20
16
23
16
24
16
25
2738
225
959
15
7726
15
2072
15
7537
33
24469
893
21430
33
3501
203
12
21
16
22
16
23
16
24
2738
225
8034
15
4868
15
7726
15
2072
33
23989
893
21430
33
3124
203
12
21
16
22
16
23
16
25
2738
225
8034
15
4868
15
7726
15
7537
33
22852
893
21430
33
1773
203
12
21
16
22
16
24
16
25
2738
225
8034
15
4868
15
2072
15
7537
33
23268
893
21430
33
1960
203
12
21
16
23
16
24
16
25
2738
225
8034
15
7726
15
2072
15
7537
33
22788
893
21430
33
2281
203
12
22
16
23
16
24
16
25
2738
225
4868
15
7726
15
2072
15
7537
33
23391
893
21430
33
1575
300
8311
2292
1450
42268
592
1850
265
6657
344
1612
19871
16
6482
680
7517
539
569
7662
307
17
21
15616
344
24
15616
733
265
5314
366
225
25
26963
402
225
24
15616
341
265
6657
86564
1850
183005
306
6482
16
689
402
225
24
15616
366
225
25
26963
16
592
1850
183005
1232
1850
9724
6482
35
41729
265
10730
402
225
25
26963
306
225
24
15616
1387
361
6482
344
24569
13
420
54380
402
730
8664
35
340
10730
402
598
26963
306
428
15616
674
1435
302
5721
351
598
506
428
18
1563
598
33
25
16
428
33
24
16
5721
351
225
21
16
713
411
1998
361
6482
18
2586
839
183005
867
302
225
24
15616
366
225
25
26963
341
9724
265
51952
6657
18
2586
539
1060
1008
304
2292
352
19871
18
340
8664
9848
592
903
341
387
8106
7305
42814
436
3402
6482
3874
3733
15616
382
2110
530
1310
1450
42268
30
6621
592
839
8664
382
19477
27967
277
5314
302
1450
42268
1375
20
16
21
16
22
16
23
30
15616
30
225
21
17
22
16
21
17
23
16
22
17
23
16
22
17
24
18
957
4059
26918
225
21
17
22
17
23
16
713
8664
1117
15235
382
20
16
21
16
22
16
24
30
225
21
17
22
16
21
17
23
16
22
17
23
16
22
17
25
30
26918
225
21
17
22
17
23
1117
15235
382
20
16
21
16
22
16
25
30
225
21
17
22
16
21
17
23
16
22
17
23
16
23
17
24
30
26918
225
21
17
22
17
23
1117
15235
382
20
16
21
16
23
16
24
30
225
21
17
22
16
21
17
23
16
22
17
24
16
22
17
25
18
16473
1565
30
225
21
17
22
16
21
17
23
3179
225
21
17
22
17
23
18
5489
225
22
17
24
31436
225
24
304
4942
391
21
16
22
16
23
7342
225
22
17
25
31436
225
25
18
2523
19871
35
6621
592
839
8106
12651
265
8664
30
344
22
17
24
13
31436
699
4572
225
24
31
344
22
17
25
13
31436
699
4572
225
25
31
616
1622
18
2586
6657
4080
18
14610
225
20679
893
21430
33
6494
382
20
16
21
16
23
16
25
30
225
21
17
22
16
21
17
23
16
22
17
24
16
23
17
24
18
957
4059
225
21
17
22
16
21
17
23
16
22
17
24
16
23
17
24
18
18408
30
4942
4059
225
21
16
22
16
23
16
24
18
197238
30
225
21
17
22
16
21
17
23
16
22
17
24
16
23
17
24
18
2278
341
265
8664
30
225
22
17
23
35
41729
225
22
17
23
516
5502
1831
16
689
225
22
17
24
17
23
17
21
17
22
35
16473
1565
30
2481
225
22
17
24
17
23
17
21
17
22
341
265
8664
302
4354
225
24
344
22
17
24
17
23
17
21
17
22
680
2586
903
341
265
8664
18
2586
15235
382
20
16
21
16
24
16
25
30
225
21
17
22
16
21
17
23
16
22
17
25
16
23
17
24
18
18408
30
4942
340
30
225
21
17
22
16
21
17
23
3179
391
21
16
22
16
23
7342
17139
225
22
17
25
15013
225
25
18
17139
225
23
17
24
15013
225
24
18
2586
616
6482
18
2523
19871
35
6621
30
225
21
17
22
16
21
17
23
344
1612
8664
680
225
22
17
25
699
16
225
23
17
24
699
18
2523
19871
18
2586
4080
18
14610
225
23989
893
21430
33
3124
382
20
16
22
16
23
16
24
30
225
21
17
22
16
22
17
23
16
22
17
24
16
22
17
25
18
18408
30
15616
616
13952
304
225
22
16
15246
7717
18
2523
19871
18
16146
18
14610
225
24909
893
21430
33
2589
382
20
16
22
16
23
16
25
30
225
21
17
22
16
22
17
23
16
22
17
24
16
23
17
24
18
957
4059
225
22
17
23
16
22
17
24
16
23
17
24
1117
26918
225
22
17
23
17
24
16
4171
225
21
17
22
31436
225
21
18
2586
8664
18
32996
382
20
16
22
16
24
16
25
30
225
21
17
22
16
22
17
23
16
22
17
25
16
23
17
24
18
18408
30
225
21
17
22
16
22
17
23
16
23
17
24
6632
2481
225
21
17
22
17
23
17
24
16
4171
225
22
17
25
92878
225
25
18
2523
19871
18
16146
18
14610
225
23452
893
21430
33
1691
382
20
16
23
16
24
16
25
30
225
21
17
22
16
22
17
24
16
22
17
25
16
23
17
24
18
18408
30
15616
30
225
21
17
22
16
22
17
24
16
23
17
24
16
22
17
25
18
957
4059
225
22
17
24
17
23
2481
16
689
225
21
17
22
306
225
22
17
25
18
2523
8664
35
6621
27289
30
616
26963
6482
35
225
21
17
22
16
22
17
24
16
23
17
24
1117
31436
225
23
18
225
22
17
25
31436
225
25
18
2586
6482
18
2523
19871
18
16146
18
14610
225
24469
893
21430
33
3501
382
21
16
22
16
23
16
24
30
225
21
17
23
16
22
17
23
16
22
17
24
16
22
17
25
18
18408
30
15616
30
225
21
17
23
16
22
17
23
16
22
17
24
16
22
17
25
18
957
674
225
22
17
23
17
21
344
1612
8664
733
225
22
17
24
16
22
17
25
18
2523
19871
18
16146
18
14610
225
23989
893
21430
33
3124
382
21
16
22
16
23
16
25
30
225
21
17
23
16
22
17
23
16
22
17
24
16
23
17
24
18
957
4059
225
22
17
23
16
23
17
24
16
22
17
24
1117
26918
3724
225
22
16
23
16
24
16
4171
225
21
17
23
18
2586
8664
18
32996
382
21
16
22
16
24
16
25
30
225
21
17
23
16
22
17
23
16
22
17
25
16
23
17
24
18
18408
30
15616
30
225
21
17
23
16
22
17
23
16
23
17
24
16
22
17
25
18
957
341
3600
304
42268
225
20
16
22
16
24
16
25
689
402
225
21
17
23
4993
302
225
21
17
22
18
6621
19871
30
225
21
17
23
17
22
17
35
225
21
17
23
306
225
22
17
23
3179
225
21
16
22
16
23
31
1232
225
23
17
24
15013
225
24
31
225
22
17
25
15013
225
25
18
2523
19871
18
16146
18
14610
225
23268
893
21430
33
1960
382
21
16
23
16
24
16
25
30
225
21
17
23
16
22
17
24
16
22
17
25
16
23
17
24
18
18408
30
15616
30
225
21
17
23
16
22
17
24
16
23
17
24
16
22
17
25
18
957
4059
225
22
17
24
17
23
17
21
35
41729
225
22
17
24
16
23
17
24
16
21
17
23
1117
26918
3724
225
22
16
23
16
24
35
225
22
17
24
16
23
17
24
16
21
17
23
30
26963
225
22
16
23
16
24
30
15616
225
22
17
24
306
225
23
17
24
31
9546
225
22
17
23
16
713
516
26918
18
2209
2292
19871
30
225
22
17
24
17
23
17
21
35
12251
225
22
17
24
17
23
17
21
341
4354
225
23
344
22
17
24
16
24
17
23
16
23
17
21
680
2251
903
8106
225
21
17
35
2523
225
21
17
22
16
713
8664
6382
8712
9284
30
225
21
17
23
17
24
17
22
35
9405
225
21
17
23
16
23
17
24
16
24
17
22
16
689
1008
225
22
17
21
35
3557
1831
18
2586
840
8664
18
6755
225
22
17
25
341
8156
18
6621
27289
30
616
26963
35
225
21
17
23
31436
225
21
306
225
23
31
225
23
17
24
31436
225
24
31
225
22
17
24
31436
225
22
31
225
22
17
25
31436
225
25
18
2586
6482
18
2523
19871
18
16146
18
14610
225
22788
893
21430
33
2281
382
22
16
23
16
24
16
25
30
225
22
17
23
16
22
17
24
16
22
17
25
16
23
17
24
18
18408
30
15616
30
225
22
17
23
16
22
17
24
16
22
17
25
16
23
17
24
18
957
4059
26918
225
22
17
23
17
24
18
2586
8664
18
32996
382
27872
4080
158147
436
30
344
20
16
21
16
23
16
24
2738
6494
16
344
20
16
21
16
24
16
25
2738
3124
16
344
20
16
22
16
23
16
24
2738
2589
16
344
20
16
22
16
24
16
25
2738
1691
16
344
20
16
23
16
24
16
25
2738
3501
16
344
21
16
22
16
23
16
24
2738
3124
16
344
21
16
22
16
24
16
25
2738
1960
16
344
21
16
23
16
24
16
25
2738
2281
382
14353
539
569
344
20
16
21
16
23
16
24
13
539
33649
16
344
20
16
21
16
24
16
25
13
539
33649
18
6755
344
20
16
22
16
23
16
24
13
539
33649
18
344
20
16
22
16
24
16
25
13
539
33649
18
344
20
16
23
16
24
16
25
13
539
33649
18
344
21
16
22
16
23
16
24
13
539
33649
18
344
21
16
22
16
24
16
25
13
539
33649
18
344
21
16
23
16
24
16
25
13
539
33649
382
8311
1219
10251
3724
1131
341
1219
12
6494
16
3124
16
2589
16
1691
16
3501
16
3124
16
1960
16
2281
13
351
225
1691
344
3161
42268
344
20
16
22
16
24
16
25
11499
2586
277
7849
68437
4455
341
225
1691
382
27872
277
194863
2024
4060
225
1691
16
689
277
2292
61405
225
2014
18
2586
697
341
4309
35
461
2746
5224
4060
373
3039
1196
18523
277
2363
385
11116
297
265
127068
2363
2732
344
22310
642
61694
277
4607
5442
118742
461
6292
3419
436
5451
277
1411
3761
180005
71316
1154
16
697
4059
70305
386
1196
361
7895
18
461
1154
341
304
361
11029
16
306
277
6292
436
1161
304
13561
411
18
461
194863
341
1060
13263
16
689
277
1310
61405
436
277
5772
6292
18
32468
297
1131
4066
16
277
194863
494
7120
2428
361
51082
689
516
277
5204
6292
18
2952
16
277
3419
1411
3761
68
4059
265
194863
35
41729
277
194863
341
2946
277
1154
8559
31
277
2292
1154
3735
5720
70305
386
436
8156
18
461
194863
494
7120
2428
361
1497
35
99008
265
20511
30
277
194863
494
2024
2428
569
961
6078
16
689
277
5772
1310
61405
344
1833
2292
1154
13
436
1065
539
1998
22465
18
2586
539
1196
6150
304
1717
277
70305
297
277
2292
1154
382
27872
539
1008
304
758
225
2014
352
277
1058
1310
1690
16
516
225
1691
382
8311
1030
1387
386
361
35
16473
996
34239
717
14316
30
9745
342
18391
265
4080
7799
386
22699
225
2014
35
2491
9745
922
12169
24322
18391
265
7799
386
22699
225
2014
16
306
277
1219
10251
341
225
2014
18
2209
539
1724
225
1691
396
4080
18
2586
3097
1011
277
1310
2364
225
2014
35
99008
922
20093
819
68437
30
8696
277
2331
341
277
4455
302
8106
19810
16
306
1232
539
1863
68437
399
16
689
8696
277
51952
6657
2331
341
5047
396
344
5421
302
8106
19810
13
68437
399
18
2209
539
3402
19377
4455
893
399
18
2586
225
1691
341
4309
3308
304
954
81277
18
22547
903
361
839
122221
35
461
15616
436
2688
396
344
89
16
335
16
286
13
402
225
21
6758
493
460
335
6758
307
18
5641
13176
304
225
20
14682
341
6772
382
25790
342
1858
265
20511
30
461
5314
341
373
102351
4081
6482
163513
5314
402
307
26963
306
288
15616
3210
887
4060
373
23928
265
33367
4081
6482
163513
5314
402
307
26963
306
288
15616
3210
2209
277
2740
4059
288
306
15616
18
461
5314
341
23276
304
361
6482
35
461
2746
6434
4060
373
17387
163513
5314
3210
8520
16
411
4060
373
17387
3210
2586
277
2740
5314
341
6482
18
2209
954
81277
302
50104
4059
616
158147
302
307
17
21
15616
31
910
158147
874
516
361
51952
10565
1480
724
874
516
3179
616
26963
344
3888
724
642
592
724
436
183005
306
539
569
7662
307
17
21
15616
16
277
1435
302
5721
341
598
506
428
351
225
21
16
713
724
642
361
6482
9724
592
183005
18
2209
17034
30
610
265
5314
402
4347
5721
16
1850
2731
304
569
598
506
428
351
225
21
592
730
4942
341
265
6657
306
2484
4942
341
16201
35
26128
16
592
277
5314
674
598
26963
306
428
15616
16
277
1435
302
5721
341
468
2750
598
506
428
344
29753
1450
4942
1998
569
468
2750
344
6118
17
21
13
15616
304
361
6482
680
2586
592
428
351
598
17
21
16
1232
7849
2731
1435
302
5721
341
225
21
344
29753
5721
6743
598
9696
351
225
21
680
2952
16
411
1387
361
717
936
225
21
592
277
5314
341
54380
35
16473
32012
30
1563
265
10730
344
161807
295
5314
733
1435
302
5721
351
598
506
428
18
1437
428
351
598
17
21
16
1232
5721
351
225
21
7662
16
713
839
183005
5314
402
598
26963
306
598
17
21
15616
341
13375
265
6657
344
17387
680
1437
277
5314
674
19871
16
1232
5721
1387
361
2336
936
598
9696
35
41729
352
265
5314
402
19871
16
277
1435
302
5721
530
361
2336
936
598
506
428
344
29753
19871
5510
277
1435
302
5721
5657
304
15616
680
1563
2024
16
265
26918
344
23
26963
16
225
23
15616
13
674
598
33
23
16
428
33
23
16
598
9696
33
20
16
689
5721
33
21
18
2586
5721
6758
598
9696
35
3557
7662
18
610
3449
16
352
839
5314
16
277
1435
302
5721
274
34494
274
6743
598
506
428
344
32324
1450
4942
402
2579
26963
674
468
2750
2579
17
21
15616
592
6482
31
4455
302
15616
6743
4455
898
5721
344
5287
17
21
13
351
598
506
274
1117
274
6743
598
506
428
680
63486
12413
352
27779
344
161807
295
680
2586
352
265
5314
402
598
26963
306
598
17
21
15616
16
539
569
274
6743
598
506
344
58
17
21
13
351
225
21
18
2586
274
6743
225
21
2837
18
2209
274
530
361
1518
21
1094
592
277
5314
341
54380
306
674
840
19871
35
41729
592
1850
54380
16
1450
4942
341
265
10730
16
713
274
351
598
506
428
35
1563
265
10730
16
274
351
598
506
428
7662
18
2586
592
428
351
598
17
21
16
1232
352
265
10730
539
569
274
351
598
506
344
58
17
21
13
351
225
21
18
2586
265
10730
402
598
26963
306
598
17
21
15616
1998
361
6482
344
71
33
21
680
1437
903
341
265
8664
16
1232
274
460
598
506
428
35
41729
592
903
341
265
8664
16
1232
15616
14949
277
10730
1682
352
265
2688
4942
16
713
277
25983
274
6743
598
506
428
7883
274
6743
225
21
16
689
1387
361
274
33
20
35
3557
2731
18
1563
598
33
25
16
428
33
24
16
265
8664
1011
2485
468
2750
225
25
15616
352
265
4081
8664
35
41729
265
4081
8664
366
225
23
26963
5119
225
23
15616
16
11487
225
21
8106
304
3179
304
852
26963
35
2209
402
225
24
15616
16
385
1387
569
265
8664
366
225
23
26963
306
387
4814
8106
16807
730
21599
499
8664
304
2484
21599
16
7859
5721
33
21
2188
18
2586
839
5314
402
598
26963
306
598
17
21
15616
341
3673
265
6657
344
161807
295
16
6482
13
420
5720
265
8664
689
1232
2188
674
1094
730
4942
35
16473
15698
30
22547
385
569
265
5314
402
225
25
26963
16
225
24
15616
386
341
54380
35
19001
385
569
265
4942
302
225
23
26963
402
225
22
15616
344
69
2481
13
306
2484
4942
302
225
22
26963
402
225
21
8106
344
17387
680
3483
1011
361
225
22
5721
16
2983
15616
351
225
22
15
21
33
23
16
516
225
24
18
2159
569
225
24
15616
306
361
54380
16
385
1387
569
265
4942
302
225
23
26963
402
225
23
15616
344
69
26918
13
306
2484
4942
302
225
22
26963
402
225
21
8106
344
69
3225
8106
680
3483
75300
225
24
15616
18
598
33
25
16
428
33
24
16
5721
33
22
18
2251
386
6751
35
461
26918
4942
674
225
23
26963
306
225
23
15616
16
1850
6482
689
674
265
8664
18
461
852
4942
341
265
3225
8106
16807
1217
26963
18
2586
492
5314
674
1217
5721
16
2983
15616
225
24
16
598
33
25
16
428
33
24
18
12379
411
22465
274
6743
598
506
428
35
598
506
428
351
225
21
16
274
33
22
6743
21
16
6674
18
2586
1175
265
5314
341
2731
30
265
26918
4171
387
16201
8106
35
2209
6035
277
26918
5119
225
23
26963
306
225
23
15616
16
11487
225
22
26963
18
4032
8106
31436
1731
1217
26963
16
713
724
1027
265
4942
302
225
22
26963
306
225
21
8106
18
461
26918
494
26963
436
616
6482
16
306
277
852
4942
341
8156
18
2586
2983
5721
351
225
22
18
2586
402
225
25
26963
306
225
24
15616
16
1850
2731
304
569
225
22
5721
18
2586
954
7977
2963
386
839
183005
867
302
307
17
21
15616
341
9724
265
51952
6657
341
2044
30
183005
867
302
307
17
21
15616
2428
2188
361
54380
592
411
5720
4347
5721
35
2209
592
1850
183005
16
1850
265
10730
18
1563
265
10730
16
1435
302
5721
351
598
506
428
18
1437
428
351
598
17
21
16
1232
5721
351
598
506
344
58
17
21
13
351
225
21
18
2586
839
183005
5314
402
598
26963
306
598
17
21
15616
341
265
6657
344
17387
680
2586
265
867
302
15616
386
341
183005
1998
569
7662
730
4942
18
2586
304
361
265
51952
6657
16
539
1008
1804
183005
306
6482
344
77
3077
1278
730
4942
680
2952
16
592
277
867
302
15616
5720
265
8664
16
1232
1850
516
265
6657
16
15470
302
27289
18
2209
1387
265
867
302
15616
361
54380
689
183005
35
2523
16
592
1850
183005
16
1232
1850
265
10730
16
306
1435
302
5721
351
598
506
428
18
2586
592
428
351
598
17
21
16
1232
598
506
428
351
225
21
16
713
5721
351
225
21
18
2586
839
183005
867
302
7662
598
17
21
15616
1998
361
6482
18
8111
16
352
265
867
302
7662
307
17
21
15616
16
277
1094
1528
1850
516
265
51952
6657
341
592
411
5720
265
8664
344
29753
386
1011
2984
277
183005
4016
680
2586
954
7977
1557
302
15990
19871
341
9433
18
2586
954
81277
302
158147
16
1207
539
2292
352
19871
16
22699
4080
10565
382
27872
225
1691
341
277
1219
18
2209
277
1310
36033
225
2014
18
2586
8696
539
569
175538
277
2331
30
373
37360
341
5047
396
277
4455
302
8106
19810
68437
399
3210
9405
1065
539
1645
18
2209
9745
724
1587
304
17208
277
4455
302
8106
19810
344
299
11795
13
306
1232
1863
68437
399
16
689
8696
277
4455
530
14949
225
1507
20495
35
2209
399
778
304
225
21
73
883
16
4455
302
15616
530
361
778
304
344
82
17
21
17621
79
17
21
13
6758
225
27
10726
21
73
883
17
21
13
5907
27
73
883
16
22700
297
11636
853
382
25790
277
1310
36033
265
1497
3032
2920
304
265
20511
297
277
3419
1310
35
99008
277
194863
341
4309
306
277
1310
494
1058
40439
341
6078
18
2209
539
436
5584
304
1717
616
6292
18
461
69457
7783
9371
3733
16957
7935
16
689
539
1907
1565
277
3018
8221
18
1283
1008
304
771
277
2363
304
1717
277
3419
1310
70305
382
25790
277
66504
341
2920
304
387
1115
14530
20740
30
461
26963
436
225
21
218853
18
5641
13176
341
4309
382
25790
539
1008
304
1994
386
277
5314
341
373
43385
6482
163513
5314
402
307
26963
306
288
15616
6
306
539
436
304
1511
7849
2331
51952
6657
344
77
3077
1278
96272
13
689
402
68437
399
2331
18
2952
16
277
2331
341
5047
396
4455
302
8106
19810
68437
399
18
2586
539
1587
304
20832
344
5421
893
399
680
957
341
516
277
1656
396
43023
4455
16
1480
68437
530
1265
265
6892
4455
6496
265
7922
22503
18
2586
277
4350
96272
344
67654
2983
3935
13
2428
516
3050
277
7849
68437
2331
18
2586
539
1008
304
1994
616
51952
10565
18
461
88934
5664
4158
341
6772
352
307
6758
225
28
1480
1435
302
51952
10565
530
361
778
304
1435
302
158147
302
307
17
21
15616
344
4956
225
1575
5857
225
27
351
225
21
16606
14834
13
697
341
819
225
21
18
1045
4364
16
697
341
64594
297
11636
35
99008
98681
689
402
29192
57
16871
306
68437
40743
16
411
1387
361
20672
18
2952
16
539
1008
304
361
17034
819
3892
18
2209
307
2687
341
225
28
16
288
2687
341
225
1575
18
7551
302
158147
346
2877
16
307
17
21
13
1207
307
17
21
6758
27
16
288
6758
1575
18
461
6756
158147
341
890
307
33
28
16
288
33
1575
30
346
12
1575
16
27
13
351
225
21
16606
14834
16
819
225
21
18
1045
4364
18
1563
1450
42268
539
1008
304
2292
352
19871
306
17208
4455
18
9405
123611
2223
265
1749
420
2487
9891
297
11636
16
4661
592
539
911
7434
29192
57
306
3836
2984
18
6755
539
530
83337
30
592
1843
4455
3402
33572
399
16
539
530
893
411
16
689
539
1008
68437
17833
382
2608
6035
386
903
341
851
265
1749
1310
1690
402
307
33
26
26388
33
25
18
1563
307
33
26
26388
33
25
16
158147
346
12
25
16
25
5791
21
35
41729
307
17
21
33
25
16
288
33
25
16
713
1094
730
42268
344
514
15616
680
9405
6772
382
2608
539
1998
851
1994
386
399
530
361
778
304
225
21
73
883
16
689
11636
146581
5203
386
382
8311
277
66504
30
16473
17771
14299
277
1058
1310
1690
402
717
17839
16
8696
922
12169
42268
44914
569
7783
18
16473
996
34239
1347
265
114886
7498
4158
35
2491
8696
277
1310
36033
225
2014
1480
724
1994
277
96272
344
67654
2983
3935
13
306
1232
1863
68437
35
3483
1011
361
225
23391
893
225
21430
351
225
1575
16
516
225
2014
18
2586
516
386
382
25790
724
1587
304
1511
277
7849
2731
4455
68437
399
16
689
9745
724
1994
277
2331
396
277
4455
302
8106
19810
68437
399
16
689
277
4455
341
4582
396
11795
4455
16
1232
68437
16
306
724
1587
277
7849
2731
1175
1333
3796
616
51952
10565
18
9405
1065
539
1645
382
2608
8696
724
1994
386
277
2331
341
5047
396
277
4455
302
8106
19810
344
299
32088
13
306
1232
724
1863
68437
399
302
277
2983
2331
35
9405
1656
382
25790
724
1994
386
277
51952
6657
2331
341
277
4455
302
8106
19810
68437
399
16
689
724
1587
277
7849
2331
344
77
3077
1278
21820
1713
45589
11795
13
3724
616
51952
10565
18
9405
1065
539
1645
382
8372
19377
1219
10251
351
225
1691
18
2209
1310
36033
225
2014
18
2586
3673
954
81277
18391
265
42268
386
6632
225
2014
306
225
1691
341
516
67523
35
2491
8696
922
12169
42268
10393
53786
7617
265
42268
396
6657
890
411
3757
674
265
8664
35
16473
4638
18400
42268
344
20
16
22
16
24
16
25
2738
15616
30
344
21
16
22
13
3591
20
16
344
22
16
23
13
3591
22
16
344
22
16
25
13
3591
24
16
344
23
16
24
13
3591
25
18
957
22699
5314
30
26963
30
225
21
16
22
16
23
16
24
16
25
18
197238
30
225
21
17
22
16
225
22
17
23
16
225
23
17
24
16
225
22
17
25
18
16473
1565
592
903
341
265
8664
30
12251
499
225
21
304
225
22
341
2109
16
225
22
304
225
23
2109
16
225
23
304
225
24
2109
16
225
22
304
225
25
2109
18
2278
341
840
8664
18
2586
1850
265
6657
18
14610
351
225
959
15
4868
15
2072
15
7537
351
225
23452
18
225
23452
893
225
21430
351
225
1691
18
2586
12035
382
8311
8696
277
1310
5119
265
1497
68437
35
2227
569
399
33
21430
18
225
23452
893
225
21430
351
225
1691
18
2586
4309
382
2608
9745
277
1310
36033
277
1193
225
2014
1480
724
2428
569
5478
105464
420
724
1994
277
2331
396
4455
302
8106
19810
68437
399
689
9745
724
1863
277
7849
4455
302
344
5421
893
399
13
689
402
277
4728
4550
386
277
4455
5513
344
1876
68437
13
341
66893
35
2523
382
25790
277
1310
494
40439
341
6078
35
2209
539
436
304
1717
277
6292
18
22977
277
2746
5224
15422
1078
265
1497
2024
35
2952
16
277
1756
4060
373
6534
277
2165
1154
16607
306
194863
16
7095
3138
277
1154
4546
306
1717
616
277
6292
1304
2586
277
194863
341
766
302
277
21542
18
461
194863
2024
4060
225
1691
18
461
2292
1154
61405
225
2014
18
15968
265
54037
18
32468
297
1175
4066
16
277
194863
7120
436
1161
396
23811
7576
18
461
2292
1154
341
265
8156
23282
35
99008
277
373
3761
6
1154
341
1161
304
1774
6292
16
306
277
194863
7120
436
1060
352
30678
16
516
13375
277
5204
70305
18
2209
277
2292
192497
70305
2549
277
1656
15028
396
194863
689
402
1497
4655
3271
18
3483
10334
265
20511
297
277
2746
6434
18
2952
16
539
1008
304
7745
686
697
730
341
4309
498
4077
468
277
852
1310
4027
382
19477
15698
277
1749
1310
1690
30
344
26
16
25
16
7858
18833
22460
16
15616
167888
461
194863
36033
225
18857
25592
26479
16
306
277
2292
851
36033
225
18857
25592
26479
18
2586
386
14441
382
39521
1310
1690
30
344
28
16
1575
16
21333
21215
23263
18008
12257
16
8730
15616
680
461
194863
36033
225
807
11313
27396
22596
16
306
2292
36033
225
807
11313
27396
22596
18
3483
14441
382
98161
1310
1690
30
344
22
16
21
16
20072
19913
22711
25905
22326
16
33814
21
16
22
16
7537
14463
29370
24469
17697
134727
36033
225
7537
14463
29370
24469
17697
297
1804
194863
35
41729
194863
4007
1436
386
1310
31
2292
4059
4728
6292
18
2536
4728
6292
5230
304
569
15595
16233
1360
194863
35
41729
194863
1094
674
1217
7120
18
461
4728
6292
436
5451
277
2292
1154
18
2586
8696
277
194863
7120
436
277
6332
6299
35
2209
277
2292
1154
4059
1804
277
1656
1058
1310
1690
689
402
1497
4655
1333
18
3483
341
40877
382
19477
15698
277
4728
1310
4027
5451
2292
1375
17
12578
12
22
16
225
21
16
225
20072
19913
22711
25905
22326
16
33814
21
16
225
22
16
225
7537
14463
29370
24469
17697
134727
1377
225
7537
14463
29370
24469
17697
203
17
12578
12
22
16
225
21
16
225
22726
5381
24921
24326
26122
16
33814
21
16
225
22
16
225
23941
21959
21415
20806
24342
134727
1377
225
23941
21959
21415
20806
24342
203
17
12578
12
22
16
225
21
16
225
18051
26405
17886
22023
27266
16
33814
21
16
225
22
16
225
22658
21452
24178
26453
29327
134727
1377
225
22658
21452
24178
26453
29327
203
17
12578
12
22
16
225
21
16
225
20104
24282
14919
16387
29155
16
33814
21
16
225
22
16
225
4543
27465
15414
22071
21452
134727
1377
225
4543
27465
15414
22071
21452
203
17
12578
12
23
16
225
22
16
225
2985
21215
27396
24556
28208
16
33814
21
16
225
23
16
225
1748
26122
11969
24194
25985
733
344
21
16
225
22
16
225
740
26368
15827
17141
18981
134727
1377
225
3501
25742
21306
25543
20718
203
17
12578
12
23
16
225
22
16
225
6008
25809
25264
12827
14438
16
33814
22
16
225
23
16
225
13877
19962
19313
27358
21441
733
344
21
16
225
22
16
225
3671
16852
12254
24655
25786
134727
1377
225
1336
14661
20966
22863
24423
203
17
12578
12
23
16
225
23
16
225
13279
19913
6008
23274
27396
16
33814
22
16
225
23
16
225
1057
21813
28516
17606
24646
733
344
21
16
225
22
16
225
1789
5460
25814
23428
20744
733
344
21
16
225
23
16
225
1789
20227
20916
19397
26701
134727
1377
225
1507
23796
22257
12745
20615
300
17
12578
12
28
16
225
807
16
225
26360
28404
14772
15418
25664
16
648
4074
133198
1377
225
1773
24895
13615
21029
25664
203
17
12578
12
28
16
225
883
16
225
27398
26090
23549
20011
18453
16
648
4074
133198
1377
225
1748
25118
23031
15408
203
17
12578
12
28
16
225
1670
16
225
26141
25521
23241
22180
22863
16
648
4074
133198
1377
225
25
21807
28405
26113
300
3196
1131
436
5451
2292
18
461
194863
1094
674
277
1058
1217
7120
18
99008
277
194863
7120
436
277
6299
386
642
361
1161
297
23811
7576
16
306
277
2292
1154
341
265
8156
23282
386
277
2363
1196
851
1717
35
461
12759
30
373
6534
277
2165
1154
16607
306
194863
16
7095
3138
277
1154
4546
306
1717
616
277
6292
1304
887
4060
373
10112
616
277
6292
1304
887
4007
15010
3473
277
6292
436
1094
277
23811
7576
344
1833
194863
494
7120
13
420
851
277
70305
297
277
2292
1154
18
36443
16
297
1131
4066
16
277
6292
436
277
70305
297
277
2292
1154
16
396
724
436
3419
396
265
8156
23282
18
461
194863
7120
2428
361
352
13263
689
516
13375
50089
18
2952
16
277
1756
19986
5101
277
194863
402
7120
386
1173
499
277
2292
192497
1058
40439
18
2586
539
1008
304
11135
697
730
304
22465
382
669
2615
8905
499
3733
16957
30
373
669
69457
341
516
5206
306
4273
13806
30
2609
373
6347
6
341
516
5206
3210
957
10334
386
277
3733
2363
24091
304
1774
277
6292
297
265
69457
3167
16
689
277
69457
341
516
5206
18
2586
8696
277
3733
2363
344
1833
730
539
436
24916
13
24091
304
1774
277
23811
7576
35
2491
8696
277
6292
436
1610
1774
498
277
1181
1325
539
13311
277
2363
18
461
1181
642
1774
277
3419
2292
1154
35
99008
277
10393
34030
10424
277
2292
1154
304
13561
67848
382
23928
277
12759
373
10112
616
277
6292
728
306
539
1565
265
2292
1154
402
1451
70305
16
342
1761
277
9444
6292
436
277
70305
297
277
2292
1154
18
461
194863
7120
2428
361
903
1060
352
30678
689
874
516
361
9724
10753
18
2952
16
277
194863
494
7120
436
766
302
277
192497
194863
16
306
592
539
1774
249836
16
724
1011
4759
18
2209
277
2746
2428
361
499
387
17409
5199
1207
277
6292
436
8156
18
461
7135
302
277
2292
1154
10334
539
1008
304
3138
277
1154
1175
386
411
19553
277
70305
297
2292
18
32468
16
297
1175
17673
9010
22659
16
277
373
3761
6
1154
341
1161
304
1774
277
6292
16
306
277
194863
341
1060
13263
18
6755
277
1756
4060
373
5677
4222
59947
5533
213288
1304
3483
18372
539
1196
516
14637
277
1310
2363
344
1833
2292
1154
680
2586
539
1998
4802
954
7878
19553
616
277
70305
297
2292
382
27872
539
1008
304
6496
265
1154
386
6714
225
2014
352
277
1058
1310
1690
344
77772
302
225
1691
680
2586
9745
903
341
265
122221
30
461
2331
341
277
4455
302
8106
19810
68437
399
16
689
8696
277
4455
341
4582
396
277
4455
302
277
19810
344
8781
436
460
399
13
306
1232
68437
399
16
689
9745
539
1008
304
1994
277
7849
2331
3724
616
51952
10565
1207
277
2331
341
5047
396
277
4455
68437
399
16
306
277
51952
6657
1998
361
265
7849
51952
6657
297
4249
302
4455
35
2523
382
25790
277
5314
341
14821
35
2523
16
163513
382
25790
277
26963
436
225
20
218853
35
2209
194863
4060
225
21
218853
382
25790
277
68437
5637
341
6227
304
1450
8106
3935
28868
35
1098
19360
382
25790
539
1008
304
1994
277
2331
396
277
4455
302
8106
19810
68437
399
16
689
539
1008
304
20832
386
2331
16
689
277
2331
2428
361
6484
35
2523
16
19810
436
6743
20
382
25790
539
1008
304
1994
386
277
51952
6657
1998
361
265
7849
51952
6657
344
164258
13
297
4249
302
2983
3935
16
306
1232
3271
969
2331
68437
399
18
2209
277
2746
4060
30
373
10610
277
7849
2331
302
265
51952
6657
1207
277
2331
341
5047
396
277
4455
302
8106
19810
68437
399
1304
3483
18372
539
530
5857
839
51952
6657
16
306
539
1587
277
730
402
13604
2331
344
4271
2331
351
4455
893
399
680
2586
1850
516
96272
31
1850
265
1497
17422
382
4892
3097
1011
277
4309
3032
361
225
2014
35
16473
4638
18400
277
15616
306
8696
903
341
265
103364
35
461
15616
30
33814
21
16
225
22
16
225
959
733
344
21
16
225
23
16
225
8034
733
344
22
16
225
23
16
225
4868
733
344
22
16
225
24
16
225
7726
733
344
22
16
225
25
16
225
2072
733
344
23
16
225
24
16
225
7537
60457
610
954
13176
304
225
20
14682
16
539
1161
344
89
17
21
16
335
17
21
680
9405
6772
382
2608
8696
277
5314
341
4800
402
26963
51370
499
225
20
35
2209
194863
4060
225
21
218853
382
25790
277
1154
16607
36033
307
16
288
16
399
16
15616
16
689
8696
288
341
516
1161
35
9405
6772
382
25790
903
341
265
14393
386
277
51952
6657
1998
361
4081
306
163513
16
689
4924
3402
382
19477
17208
616
158147
136329
344
50180
342
1858
265
20511
297
730
42268
680
9916
4602
265
4374
7498
6775
35
22547
589
717
15373
81277
16
689
539
3402
98245
616
225
883
158147
18
16473
13561
1450
42268
494
8664
9957
717
14316
16
8696
910
42268
386
342
4800
15235
341
3757
4080
16
420
18742
41837
382
2110
530
2292
27289
396
1357
18
1563
265
867
302
307
17
21
15616
366
307
26963
16
1850
265
51952
6657
592
306
1094
592
1850
6482
306
183005
18
2209
402
307
17
21
15616
16
27289
341
11104
304
1042
7529
13787
1480
592
1850
6482
1232
1435
302
15616
351
307
17
21
1117
1850
265
6657
344
161807
295
680
1437
1850
183005
16
1232
1435
302
5721
351
307
506
344
82
17
21
13
351
225
21
1117
1850
6482
18
2586
14233
183005
6758
34
6482
18
2586
539
1060
1008
304
2292
352
19871
382
2608
8696
922
8664
9957
1347
29192
57
344
31344
1511
13
2428
569
265
30495
11336
35
610
954
81277
16
539
530
20488
2292
19871
1347
5314
6728
382
19477
316
171902
1450
42268
402
265
5314
11183
382
79410
30
225
21
16
22
16
23
16
24
16
25
382
68590
1375
20
30
225
21
17
22
203
21
30
225
21
17
23
203
22
30
225
22
17
23
203
23
30
225
22
17
24
203
24
30
225
22
17
25
203
25
30
225
23
17
24
300
8311
158147
1375
20
16
21
16
22
16
23
30
15616
30
225
21
17
22
16
21
17
23
16
22
17
23
16
22
17
24
18
18408
30
4942
4059
391
21
16
22
16
23
97
402
26918
344
21
17
22
16
21
17
23
16
22
17
23
13
1117
8664
18
2586
15235
382
20
16
21
16
22
16
24
30
225
21
17
22
16
21
17
23
16
22
17
23
16
22
17
25
18
68247
225
21
17
22
17
23
1117
8664
18
32996
382
20
16
21
16
22
16
25
30
225
21
17
22
16
21
17
23
16
22
17
23
16
23
17
24
18
68247
225
21
17
22
17
23
1117
8664
18
32996
382
20
16
21
16
23
16
24
30
225
21
17
22
16
21
17
23
16
22
17
24
16
22
17
25
18
18408
30
225
21
6482
304
225
22
306
225
23
18
225
22
6482
304
225
24
306
225
25
18
2586
616
26963
6482
35
225
21
6482
304
225
22
16
23
31
225
22
304
225
24
16
25
31
713
616
225
25
26963
436
297
730
4942
18
6621
19871
30
225
21
17
22
17
35
15968
840
225
21
17
23
35
41729
225
21
17
23
341
1831
16
225
22
17
24
306
225
22
17
25
18
2523
8106
1360
225
23
306
225
24
16
420
225
23
306
225
25
16
420
225
21
306
225
24
16
4115
18
2586
1850
265
6657
344
15590
11190
680
16146
18
14610
351
225
959
15
8034
15
7726
15
2072
33
20679
893
21430
33
6494
382
20
16
21
16
23
16
25
30
225
21
17
22
16
21
17
23
16
22
17
24
16
23
17
24
18
18408
30
225
21
6482
304
225
22
306
225
23
31
225
22
6482
304
225
24
31
225
23
6482
304
225
24
18
2586
903
341
265
8664
30
225
22
17
24
17
23
17
21
17
22
35
9405
225
22
17
24
16
24
17
23
16
23
17
21
16
21
17
22
30
15616
1831
30
225
22
17
24
344
14327
733
225
23
17
24
344
14327
733
225
21
17
23
344
14327
733
225
21
17
22
344
14327
680
9405
265
8664
302
4354
225
24
18
2586
15235
382
20
16
21
16
24
16
25
30
225
21
17
22
16
21
17
23
16
22
17
25
16
23
17
24
18
18408
30
225
21
17
22
16
21
17
23
16
22
17
25
16
23
17
24
18
2536
26963
35
225
21
31436
225
22
16
23
31
225
22
31436
225
25
31
225
23
31436
225
24
18
2586
616
6482
18
2523
19871
30
2292
592
839
8664
30
2731
19871
1011
2485
1217
16166
1360
839
8288
18
225
22
306
225
23
436
1804
6482
304
225
21
16
689
840
8106
225
22
17
23
16
713
6772
18
225
22
306
225
24
30
2481
225
22
17
21
17
23
17
24
16
689
840
8106
225
22
17
24
420
225
21
17
35
41729
225
22
17
24
516
1831
31
225
21
17
24
516
1831
31
225
22
17
35
2586
840
18
225
23
306
225
25
30
225
23
17
21
17
22
17
25
16
840
2109
225
23
17
25
18
2586
6657
18
16146
18
14610
351
225
959
15
8034
15
2072
15
7537
33
23989
893
21430
33
3124
382
20
16
22
16
23
16
24
30
225
21
17
22
16
22
17
23
16
22
17
24
16
22
17
25
18
18408
30
7717
33081
468
225
22
18
2536
6482
18
2523
19871
18
16146
18
14610
351
225
959
15
4868
15
7726
15
2072
33
24909
893
21430
33
2589
382
20
16
22
16
23
16
25
30
225
21
17
22
16
22
17
23
16
22
17
24
16
23
17
24
18
18408
30
15616
30
225
21
17
22
16
22
17
23
16
22
17
24
16
23
17
24
18
957
674
26918
225
22
17
23
17
24
35
197238
30
225
22
17
23
16
22
17
24
16
23
17
24
1117
26918
18
2586
8664
18
32996
382
20
16
22
16
24
16
25
30
225
21
17
22
16
22
17
23
16
22
17
25
16
23
17
24
18
18408
30
15616
30
225
21
17
22
16
22
17
23
16
23
17
24
16
22
17
25
18
957
341
265
2481
30
225
21
17
22
17
23
17
24
306
225
22
17
25
18
2523
19871
18
16146
18
14610
351
225
959
15
4868
15
2072
15
7537
33
23452
893
21430
33
1691
382
20
16
23
16
24
16
25
30
225
21
17
22
16
22
17
24
16
22
17
25
16
23
17
24
18
18408
30
15616
30
225
21
17
22
16
22
17
24
16
23
17
24
16
22
17
25
18
6621
27289
30
225
21
6482
304
225
22
31
225
22
6482
304
225
24
306
225
25
31
225
23
6482
304
225
24
18
2586
616
26963
30
225
21
16
22
16
23
16
24
16
25
436
6482
35
225
23
31436
304
225
24
16
697
31436
304
225
22
16
697
31436
304
225
21
306
225
25
18
2586
12035
18
6621
19871
30
2731
8664
225
22
17
24
17
23
35
2278
341
840
225
22
17
23
8106
16
713
840
18
225
21
17
22
17
24
17
23
35
9405
265
2481
16
840
8664
18
2586
6657
18
14610
351
225
959
15
7726
15
2072
15
7537
33
24469
893
21430
33
3501
382
21
16
22
16
23
16
24
30
225
21
17
23
16
22
17
23
16
22
17
24
16
22
17
25
18
18408
30
15616
30
225
21
17
23
16
22
17
23
16
22
17
24
16
22
17
25
18
2536
26963
35
225
21
6482
304
225
23
31
225
23
6482
304
225
22
31
225
22
6482
304
225
24
306
225
25
18
2586
616
6482
18
2523
19871
30
225
21
17
23
17
22
17
35
2523
8106
225
21
17
22
420
225
23
17
24
16
4115
18
2586
6657
18
14610
351
225
8034
15
4868
15
7726
15
2072
33
23989
893
21430
33
3124
382
21
16
22
16
23
16
25
30
225
21
17
23
16
22
17
23
16
22
17
24
16
23
17
24
18
18408
30
15616
30
225
21
17
23
16
22
17
23
16
22
17
24
16
23
17
24
18
957
4059
26918
225
22
17
23
17
24
344
35602
225
22
17
23
16
22
17
24
16
23
17
24
680
2586
8664
18
32996
382
21
16
22
16
24
16
25
30
225
21
17
23
16
22
17
23
16
22
17
25
16
23
17
24
18
18408
30
15616
30
225
21
17
23
16
22
17
23
16
23
17
24
16
22
17
25
18
2536
26963
35
225
21
17
23
17
22
17
25
306
225
23
17
24
16
713
616
6482
18
2523
19871
30
2292
592
839
8664
30
225
21
17
23
17
22
35
2523
225
21
17
22
18
225
23
17
24
17
35
2523
225
24
17
35
2586
6657
18
14610
351
225
8034
15
4868
15
2072
15
7537
33
23268
893
21430
33
1960
382
21
16
23
16
24
16
25
30
225
21
17
23
16
22
17
24
16
22
17
25
16
23
17
24
18
18408
30
15616
30
225
21
17
23
16
22
17
24
16
22
17
25
16
23
17
24
18
2536
26963
35
225
21
17
23
17
24
17
22
17
25
16
12035
18
2523
19871
30
2292
592
839
8664
30
225
23
17
24
17
22
35
15968
840
225
22
17
23
8106
18
2586
6657
18
14610
351
225
8034
15
7726
15
2072
15
7537
33
22788
893
21430
33
2281
382
22
16
23
16
24
16
25
30
225
22
17
23
16
22
17
24
16
22
17
25
16
23
17
24
18
18408
30
15616
30
225
22
17
23
16
22
17
24
16
22
17
25
16
23
17
24
18
68247
225
22
17
23
17
24
18
45036
18
32996
382
27872
1219
10251
351
225
1691
499
42268
344
20
16
22
16
24
16
25
680
2586
14233
225
1691
341
67523
382
8311
3097
1414
277
1310
2364
225
2014
35
22547
903
361
265
20511
297
922
17556
302
4455
352
42268
344
20
16
22
16
24
16
25
15309
16473
996
34239
30
17139
344
21
16
22
13
3935
225
959
16
344
22
16
23
13
3935
225
4868
16
344
22
16
25
13
3935
225
2072
16
344
23
16
24
13
3935
225
7537
18
14610
351
225
959
15
4868
33
15996
16
692
2072
33
14815
16
692
7537
33
23452
18
225
23452
893
225
21430
351
225
1691
18
8520
382
25790
277
1310
36033
277
2331
304
361
19377
396
344
5421
302
8106
19810
13
1577
399
16
689
8696
724
1587
277
7849
2731
1333
302
277
2331
16
689
724
1994
386
277
2331
341
277
4455
68437
399
16
306
724
1587
277
7849
2731
4455
68437
399
16
689
8696
724
851
2485
386
277
51952
6657
361
265
7849
51952
6657
297
4249
302
277
4455
344
77
3077
1278
277
730
402
21820
2983
3935
13
306
1232
3271
969
2331
68437
399
35
3483
1011
361
225
23391
893
225
21430
351
225
1575
16
516
225
2014
18
2586
516
386
382
25790
724
1587
304
1511
277
7849
51952
6657
297
4249
302
2983
3935
16
306
1232
3724
616
1175
96272
87
344
359
4347
13
1511
277
730
402
7849
2331
68437
399
35
2209
386
1011
2188
361
225
1575
16
1480
277
96272
2983
3935
341
225
23391
344
299
539
19377
277
13604
4455
6657
35
41729
277
13604
4455
6657
3724
616
10565
341
225
23391
35
16473
2292
30
461
21820
4455
3724
616
4080
10565
539
1724
30
539
569
44914
30
225
20679
16
225
23989
16
225
24909
16
225
23452
16
225
24469
16
225
23989
16
225
23268
16
225
22788
18
461
7849
4455
341
225
23452
35
41729
225
23452
341
7922
936
225
23391
35
26128
225
23391
341
499
15616
225
7537
16
4868
16
7726
16
2072
689
386
867
1078
265
8664
16
713
516
265
6657
18
461
21820
4455
3724
10565
341
225
23452
344
92895
225
20
16
22
16
24
16
25
680
11615
341
225
23268
16
1232
225
24469
16
4115
18
2586
96272
4455
351
225
23452
18
5489
96272
2331
68437
399
351
225
23452
893
225
21430
351
225
1691
18
2586
2188
225
1691
382
1974
819
1749
1310
1690
35
16473
17208
304
1565
592
954
7878
1011
6496
277
4655
1333
352
386
1690
382
12668
1310
1690
30
307
33
26
26388
33
25
24816
33
7858
18833
22460
16
15616
30
33814
21
16
22
16
22109
23452
26033
733
344
21
16
26
16
12633
21689
16972
733
344
22
16
23
16
6419
25941
18833
733
344
22
16
25
16
25577
23737
25789
733
344
24
16
25
16
26645
11313
22023
60457
7517
288
33
25
306
307
17
21
33
25
16
277
1094
51952
6657
341
277
4425
5314
344
359
1850
265
6657
680
1283
1008
304
2292
592
1131
15616
1027
265
6657
18
16473
1568
15616
1375
12
21
16
22
13
3935
340
203
12
21
16
26
13
398
203
12
22
16
23
13
346
203
12
22
16
25
13
400
203
12
24
16
25
13
428
300
16062
26963
30
225
21
16
22
16
23
16
24
16
25
16
26
18
197238
3179
30
225
21
17
22
16
21
17
26
16
22
17
23
16
22
17
25
16
24
17
25
18
957
341
265
6657
35
16473
1565
30
887
674
225
25
15616
306
225
26
26963
18
6621
27289
30
35475
499
225
21
30
225
21
6482
304
225
22
306
225
26
18
5591
225
22
30
6482
304
225
23
306
225
25
18
5591
225
25
30
6482
304
225
24
18
2586
616
26963
99164
30
225
21
16
22
16
23
16
24
16
25
16
26
616
6482
18
2523
19871
35
6621
30
225
21
17
22
17
25
17
24
35
2523
8106
225
24
17
22
18
225
21
17
22
17
25
17
35
2523
18
225
21
17
22
17
23
35
2523
18
2586
1850
265
6657
18
2586
1094
730
51952
6657
18
14610
351
340
71788
76958
78257
134928
351
225
22109
23452
26033
692
225
12633
21689
16972
351
225
26865
22250
26138
31
692
225
6419
25941
18833
351
225
27242
17035
12180
31
692
225
25577
23737
25789
351
225
21
27971
24735
26615
31
692
225
26645
11313
22023
351
225
22
18779
22132
24958
18
42379
68437
225
7858
18833
22460
30
225
22
18779
22132
24958
855
225
7858
18833
22460
351
225
22
14
7858
18833
22460
33
21
8828
24653
26209
16
22503
351
225
22
18779
22132
24958
506
225
21
8828
24653
26209
351
225
18857
25592
26479
18
8520
14441
4655
225
18857
25592
26479
18
2586
954
88934
5664
1011
851
1511
386
382
39521
1310
1690
30
307
33
28
26388
33
1575
344
34212
5314
733
399
33
21333
21215
23263
18008
12257
16
15616
1568
2688
18
461
4655
1193
341
225
807
11313
27396
22596
18
1283
1008
304
4802
954
88934
5664
530
17208
386
12989
18
7517
288
33
1575
16
307
17
21
33
27
16
158147
351
346
12
1575
16
27
13
351
225
21
16606
14834
18
9405
64594
18
2209
539
1998
361
17034
819
3892
18
2952
16
539
530
851
911
38474
420
852
6900
16
689
88934
5664
1196
361
20672
297
11636
352
225
21
18
1045
4364
158147
16
1450
402
29192
57
7154
344
848
304
225
27
36312
680
9405
819
225
28
4364
7154
16
697
341
6772
18
2952
16
6035
386
399
530
361
778
304
225
21
73
883
16
689
11636
146581
5203
382
2608
8696
903
341
265
717
7434
4377
1347
38474
898
50104
344
7846
22812
112038
2773
13
1480
307
6758
225
28
18
7517
307
341
2164
16
539
1387
911
38474
898
50104
304
1511
7849
4455
68437
399
352
51952
10565
35
2209
277
88934
5664
898
50104
302
15616
341
851
504
10079
2877
16
307
17
21
11499
3398
288
2687
225
1575
306
307
17
21
2687
225
27
16
4924
225
21
18
1045
4364
16
697
341
18597
18
2209
539
851
1008
304
2292
19871
306
17208
4455
18
3483
1196
1774
6697
382
2608
277
1310
2428
569
1451
1310
4027
344
7846
277
225
28
4728
6299
680
461
2292
1154
4059
1451
1310
4027
30
903
436
819
225
622
1310
4027
35
16473
1682
30
1325
277
1058
1217
16
903
436
1451
61405
30
225
24
352
307
33
22
31
225
23
352
307
33
23
31
1232
225
23
352
307
33
28
402
3453
288
31
4171
277
1058
1217
18
2586
2983
1310
4027
8696
2239
225
622
18
1563
1450
1310
1690
16
277
88934
5664
642
361
1774
18
2586
2983
158147
3796
616
1310
4027
1387
361
778
304
8696
265
2487
4364
16
2188
20672
382
2608
539
1008
304
4802
954
7878
19553
277
1058
1310
1690
402
225
2014
18
2586
8696
539
1008
304
6313
2761
304
6496
225
2014
18
22547
411
361
386
277
2331
341
5047
396
277
4455
302
8106
19810
68437
399
16
689
277
51952
6657
2331
341
277
4455
302
8106
19810
344
299
11795
13
68437
399
16
689
539
1587
277
7849
2331
16
306
9745
724
1994
277
2331
396
277
4455
68437
399
16
689
592
1217
10565
569
277
1656
68437
2331
16
8696
539
1008
304
1994
2761
1625
35
2523
382
25790
277
5314
341
14821
35
2523
382
25790
277
26963
436
225
20
218853
297
277
1154
1465
35
2209
277
194863
4060
225
21
218853
18
461
15616
2688
297
6292
436
225
21
218853
18
2586
13176
341
4309
382
25790
277
1154
1196
758
277
7849
2331
302
265
51952
6657
1207
277
2331
341
5047
396
277
4455
302
8106
19810
344
299
11795
13
306
1232
539
3271
386
4455
68437
399
35
9405
1065
539
1645
382
25790
277
2615
341
386
277
1310
36033
225
2014
1480
724
98571
1161
265
1497
867
302
15616
35
22547
361
265
103364
297
277
2746
6434
18
2209
539
569
304
6496
2363
386
19553
277
6292
396
2688
382
19477
2050
304
1565
592
903
341
839
8081
16340
386
22699
225
2014
18
19001
277
2331
341
5047
396
277
4455
302
8106
19810
68437
399
16
689
277
51952
6657
1998
361
265
7849
51952
6657
344
77
3077
1278
7849
2983
3935
13
306
1232
539
3271
969
2331
68437
399
18
1737
539
19377
16
96272
2983
3935
351
225
23452
16
893
351
225
1691
18
2586
516
225
2014
382
21915
277
2331
341
5047
396
277
4455
302
8106
19810
68437
399
16
689
539
1587
277
7849
2731
1333
302
277
4455
344
1876
68437
13
3724
51952
10565
35
3483
1011
361
225
23452
16
516
225
2014
382
21915
277
2331
341
5047
396
277
4455
302
8106
19810
68437
399
16
689
539
1587
277
7849
2731
1333
302
277
4455
68437
399
16
689
539
851
2485
386
277
51952
6657
361
265
7849
51952
6657
402
3129
304
910
852
18536
35
2523
382
25790
277
2746
36033
471
304
911
15251
25714
122992
8860
304
1511
277
96272
306
1232
17208
969
2331
68437
399
16
689
1232
724
1587
277
7849
2731
2331
68437
399
3796
616
2731
96272
87
35
2209
903
341
1094
730
96272
344
359
4936
13
420
4347
35
610
492
5314
16
903
2428
361
4347
96272
87
402
1656
2983
3935
35
461
96272
3935
341
225
23452
16
689
341
903
2484
6657
402
3935
225
23452
35
16473
2292
852
158147
30
225
23268
16
225
24469
16
225
22788
16
225
24909
16
225
23989
16
225
20679
18
2586
1094
730
6657
674
3935
225
23452
18
2586
96272
341
4936
18
2586
386
1011
3050
225
1691
382
1974
592
277
2331
341
5047
396
277
4455
302
8106
19810
68437
399
16
689
724
1587
277
7849
2731
4455
302
344
5421
893
399
13
3724
616
51952
10565
16
689
724
1994
386
277
4455
341
4582
396
265
225
1507
20495
11795
306
1232
68437
35
29483
382
25790
277
1310
36033
225
2014
1480
724
1161
265
1497
399
35
2523
382
25790
724
1994
277
2331
396
277
4455
302
8106
19810
344
3664
399
13
689
277
51952
6657
341
2993
304
361
265
7849
51952
6657
297
4249
302
277
4455
302
8106
19810
68437
399
35
3483
1011
361
265
1497
2746
30
1511
265
51952
6657
386
74282
344
5421
893
399
680
3483
341
7662
1065
539
436
4183
18
2209
539
3289
225
1691
18
2586
8696
954
88934
5664
18391
265
6657
402
2331
225
2014
386
341
3757
2516
35
225
1691
460
225
2014
16
713
225
1691
341
2516
18
2586
592
225
1691
341
67523
16
277
7849
1196
361
225
1691
16
516
225
2014
18
2586
8696
225
1691
341
516
3757
67523
1480
277
6657
344
21
16
22
32959
22
16
23
32959
22
16
25
32959
23
16
24
13
2428
516
361
265
51952
6657
1480
411
4007
2549
21599
35
887
4059
616
26963
30
225
21
16
22
16
23
16
24
16
25
436
616
903
18
8520
382
27023
903
361
265
8887
4550
30
461
5314
341
373
43385
6482
163513
5314
402
307
26963
306
288
15616
3210
461
2688
15616
436
344
21
16
22
16
959
733
344
21
16
23
16
8034
733
344
22
16
23
16
4868
733
344
22
16
24
16
7726
733
344
22
16
25
16
2072
733
344
23
16
24
16
7537
680
3483
5314
341
6482
18
5641
6657
5119
15616
30
344
21
16
22
733
344
22
16
23
733
344
22
16
25
733
344
23
16
24
680
12379
386
911
616
26963
35
8520
18
2586
1850
265
51952
6657
382
27872
225
1691
341
4309
18
2586
3097
1414
277
1310
2364
225
2014
35
99008
277
1310
341
6078
18
2209
277
12759
4060
373
5677
4222
59947
5533
213288
1304
2586
539
1998
516
2312
277
1310
2363
18
2952
16
539
1387
14637
277
1154
304
758
225
2014
352
386
3018
2740
35
3483
1011
361
58189
18
2209
8696
277
9444
4377
341
304
17208
277
96272
1347
217007
306
1232
6313
2761
35
2491
8696
277
2746
341
3757
304
1511
277
7849
51952
6657
1207
277
2331
341
5047
396
277
4455
302
8106
19810
68437
399
16
689
724
1587
277
7849
2731
4455
68437
399
16
689
724
1587
277
7849
51952
6657
297
4249
302
4455
344
1876
68437
733
306
1232
3271
386
4455
68437
399
35
3483
1011
361
225
1691
18
3557
225
2014
382
20822
16
277
194863
4060
225
1691
18
461
2292
4060
225
2014
18
22547
411
361
386
277
2292
341
5478
1965
171382
35
461
1756
2428
569
45089
277
2292
53786
35
2209
277
1756
3419
1804
18
16473
15698
277
194863
494
2024
717
14316
1375
5197
1219
19054
5113
32659
10251
8724
12
25
16
225
26
16
225
21430
16
33814
21
16
225
22
16
225
959
733
344
21
16
225
23
16
225
8034
733
344
22
16
225
23
16
225
4868
733
344
22
16
225
24
16
225
7726
733
344
22
16
225
25
16
225
2072
733
344
23
16
225
24
16
225
7537
80390
1691
300
4892
277
194863
36033
225
1691
18
461
2292
192497
1058
40439
341
1375
5648
12578
12
25
16
225
26
16
225
21430
16
33814
21
16
225
22
16
225
959
733
344
21
16
225
23
16
225
8034
733
344
22
16
225
23
16
225
4868
733
344
22
16
225
24
16
225
7726
733
344
22
16
225
25
16
225
2072
733
344
23
16
225
24
16
225
7537
134727
1377
225
2014
300
4892
1850
73411
18
8548
730
341
277
4309
4655
3271
35
32468
16
297
1175
2746
12152
16
277
194863
341
766
302
277
21542
16
306
277
6292
436
8156
18
2952
16
277
1756
4060
373
6534
277
2165
1154
16607
306
194863
16
7095
3138
277
1154
4546
306
1717
616
277
6292
1304
2586
277
6292
2549
277
2292
192497
70305
18
887
4060
373
10112
616
277
6292
1304
887
4007
19986
2132
373
10112
277
23811
7576
1304
2586
277
6292
436
277
6299
297
2292
382
2608
3097
1011
724
2549
265
194863
2024
386
4007
4475
277
1310
35
99008
265
20511
18
2209
539
1998
11135
1065
304
3138
304
1717
277
6292
18
1437
539
3138
277
4309
8860
16
277
1058
1310
1690
642
4759
1480
411
36033
225
2014
689
539
642
758
225
1691
18
2952
16
8696
277
1181
10424
277
23811
7576
396
1357
35
461
2615
8905
819
69457
3420
386
277
3733
16957
7935
2920
304
69457
3933
16
516
2920
304
1310
29410
18
99008
277
3733
2363
540
516
12989
11029
306
277
69457
11930
1774
18
1283
1008
304
2483
2363
386
19553
277
6292
382
23928
277
61531
16
342
1761
539
1196
10987
277
4309
4655
3271
341
225
2014
16
1480
277
2292
192497
70305
436
277
6292
539
1008
304
1717
18
2209
3097
1011
225
2014
361
4309
35
22547
903
361
265
122221
30
461
2331
341
5047
396
277
4455
302
8106
19810
68437
399
16
689
8696
724
1994
277
2331
396
277
4455
302
8106
19810
344
299
11795
13
68437
399
16
306
724
1587
277
7849
2731
2331
3724
616
51952
10565
16
689
724
851
2485
386
277
51952
6657
361
265
7849
51952
6657
297
4249
302
277
4455
302
8106
19810
344
77
3077
1278
96272
733
306
592
903
436
4347
96272
87
16
724
5857
277
730
402
7849
2331
68437
399
18
3483
2188
6632
225
1691
18
2586
516
382
25790
277
51952
6657
1998
361
265
7849
51952
6657
297
4249
302
277
4455
302
8106
19810
16
689
277
5314
341
14821
35
2523
382
25790
277
26963
436
25415
499
225
20
35
1437
539
2489
26963
396
225
20
218853
297
277
1154
344
77
3077
1278
277
2740
15616
436
225
20
218853
733
1232
277
15616
1011
361
344
20
16
21
16
959
733
344
20
16
22
16
8034
733
344
21
16
22
16
4868
733
344
21
16
23
16
7726
733
344
21
16
24
16
2072
733
344
22
16
23
16
7537
680
3483
341
15837
277
1656
689
402
26963
33879
18
461
6657
539
1724
1011
361
344
20
16
21
32959
21
16
22
32959
21
16
24
32959
22
16
23
680
14610
351
225
23452
16
893
351
225
1691
18
21209
225
1691
382
25790
277
2331
341
5047
396
277
4455
302
8106
19810
68437
399
16
689
724
1587
277
7849
2731
1333
302
277
4455
344
1876
68437
13
306
1232
3271
386
4455
68437
399
35
3483
1011
361
225
23452
893
225
21430
351
225
1691
382
25790
277
1310
36033
225
2014
1480
724
19377
2761
1625
30
9745
724
19842
15616
498
3935
306
1161
217007
304
1511
96272
16
689
724
1858
265
20511
297
34147
35
16473
2050
304
17208
96272
1347
217007
20488
30
24301
15616
498
3935
30
344
23
16
24
16
7537
733
344
22
16
23
16
4868
733
344
22
16
24
16
7726
733
344
22
16
25
16
2072
733
344
21
16
22
16
959
733
344
21
16
23
16
8034
680
217007
30
919
344
23
16
24
2738
15395
225
23
17
24
18
919
344
22
16
23
2738
15395
225
22
17
23
344
3701
225
22
16
23
16
24
3728
680
919
344
22
16
24
2738
492
31436
225
22
306
225
24
689
724
436
3402
297
1656
867
344
29753
225
22
17
23
17
24
733
713
18486
18
919
344
22
16
25
2738
15395
225
22
17
25
344
1121
680
919
344
21
16
22
2738
15395
225
21
17
22
344
1121
680
6013
539
569
225
24
15616
344
82
17
21
33
24
13
306
616
26963
6482
18
2586
96272
15616
30
344
23
16
24
733
344
22
16
23
733
344
22
16
25
733
344
21
16
22
680
14610
351
225
7537
15
4868
15
2072
15
959
351
225
23452
18
5247
225
21430
351
225
1691
18
2586
96272
22699
225
1691
18
2586
516
382
2558
539
911
30007
494
8860
6857
499
225
21
16
8696
539
771
265
1497
6657
35
2209
96272
1196
361
1656
2983
3935
18
2209
592
539
1472
499
225
21
16
277
1058
8106
1387
361
344
21
16
22
16
959
13
420
344
21
16
23
16
8034
680
461
8860
2428
5229
344
21
16
22
13
1232
499
225
22
5229
344
22
16
23
13
1232
499
225
22
5229
344
22
16
24
13
1232
499
225
22
5229
344
22
16
25
13
1117
15616
344
21
16
22
32959
22
16
23
32959
22
16
24
32959
22
16
25
13
4455
351
225
959
15
4868
15
7726
15
2072
33
24909
893
21430
33
2589
18
2209
4924
516
13604
2983
3935
16
713
516
96272
382
2608
592
539
1587
304
20832
4455
893
399
16
539
3289
225
1691
18
2586
8696
277
1310
341
15990
352
277
96272
2331
68437
399
35
2209
386
1011
361
225
1691
16
516
225
2014
18
34159
277
96272
3935
341
3757
225
24215
35
16473
17771
14299
96272
3935
14316
30
461
15616
19842
30
225
7537
16
4868
16
7726
16
2072
16
959
16
8034
18
217007
30
225
7537
4472
344
23
17
24
680
225
4868
4472
344
22
17
23
680
6013
8023
30
391
22
16
23
16
24
97
306
391
21
66510
25
7342
11615
225
7726
344
22
17
24
13
18486
18
11615
225
2072
344
22
17
25
2738
919
344
22
17
25
13
1117
8023
30
391
22
16
23
16
24
16
25
97
306
391
21
7342
11615
225
959
344
21
17
22
2738
919
344
21
17
22
13
1117
616
26963
6482
18
2586
2983
351
225
7537
15
4868
15
2072
15
959
351
225
23452
18
2586
4309
382
25790
277
1310
36033
225
2014
1480
724
1994
68437
399
396
4455
302
19810
68437
399
16
689
724
1587
277
7849
2731
4455
68437
399
16
689
724
851
1994
386
277
51952
6657
1998
361
265
7849
51952
6657
297
4249
302
277
4455
302
19810
344
77
3077
1278
96272
733
306
592
903
436
4347
96272
87
344
65991
2983
3935
35
840
733
724
5229
277
730
402
7849
68437
35
21209
225
1691
382
59685
277
5314
341
14821
35
2523
382
25790
277
2331
341
5047
396
277
4455
302
8106
19810
68437
399
16
689
277
51952
6657
341
2993
304
361
265
7849
51952
6657
1207
277
2331
341
5047
396
277
4455
68437
399
344
77
3077
1278
539
436
304
1511
265
51952
6657
386
74282
344
5421
893
399
13
306
592
903
436
29922
16
8696
539
5857
277
730
402
7849
4455
35
3483
1011
2188
361
225
1691
382
25790
277
1310
494
4655
1333
341
6078
2920
304
265
103364
18
22547
411
361
386
277
1058
1310
1690
3757
36033
225
2014
1480
724
98571
1161
265
1497
867
302
15616
35
16473
2050
304
1565
592
839
6657
22699
225
2014
18
5641
4080
10565
7939
893
2911
30
225
1691
16
1960
16
3501
16
2281
16
2589
16
3124
16
3124
16
6494
18
2586
5023
3050
225
2014
18
2586
225
2014
341
516
67523
402
1131
15616
18
2586
277
1310
341
13861
304
1717
402
4309
8860
18
3483
10334
277
1310
1998
361
6078
16
420
903
341
265
236759
382
19477
4638
18400
277
3935
2911
30
344
21
16
22
16
959
733
344
21
16
23
16
8034
733
344
22
16
23
16
4868
733
344
22
16
24
16
7726
733
344
22
16
25
16
2072
733
344
23
16
24
16
7537
680
22547
839
302
1131
19810
361
5478
188772
35
1437
539
2312
2761
35
1563
4681
16
592
344
22
16
25
13
3935
540
225
2125
4993
302
225
2072
16
1232
42268
344
20
16
22
16
24
16
25
13
4455
1011
361
225
959
15
4868
15
2125
15
7537
33
24215
893
21430
33
2014
18
3483
1011
3050
225
2014
18
2586
8696
277
9444
8106
344
22
16
25
16
2072
13
341
3757
225
2125
35
2209
277
2746
6434
4060
225
2072
18
461
194863
851
4060
225
2072
18
2586
21930
382
71093
16
592
344
22
16
24
13
3935
540
225
2072
4993
302
225
7726
16
1232
42268
344
20
16
22
16
23
16
24
13
4455
1011
361
225
959
15
4868
15
2072
15
2072
33
17594
893
21430
33
2510
16
516
225
2014
18
3557
382
2558
344
22
16
23
13
3935
540
225
4405
16
1232
42268
344
20
16
22
16
24
16
25
13
4455
351
225
959
15
4405
15
2072
15
7537
33
24215
893
21430
33
2014
18
2586
8696
344
22
16
23
13
341
225
4405
35
2209
1850
2688
396
225
4868
382
25790
277
1310
36033
225
2014
1480
724
1161
265
1497
399
35
2523
382
25790
277
1310
36033
225
2014
1480
724
19377
277
7849
51952
6657
1347
265
1497
8860
386
22699
265
1497
6657
35
2209
277
96272
3935
341
4936
344
23452
733
689
277
68437
302
225
23452
341
225
1691
18
2586
840
382
25790
277
1154
1196
758
277
7849
2731
4455
344
1876
68437
13
3724
51952
10565
16
306
1232
277
1310
36033
386
4455
68437
399
35
2209
277
1310
36033
225
2014
16
697
341
516
225
23452
893
225
21430
351
1691
18
2586
516
382
25790
277
1154
1196
758
277
7849
2731
4455
68437
399
16
689
724
1994
386
277
51952
6657
1998
361
265
7849
51952
6657
344
77
3077
1278
96272
13
306
1232
724
3271
386
96272
494
2331
68437
399
18
3483
6632
225
1691
382
27872
2964
67942
386
277
1310
494
1058
40439
341
265
20511
18
2952
16
277
12759
4060
373
5677
4222
59947
5533
213288
1304
2586
539
4273
2312
277
1310
18
2209
539
1387
2188
3138
277
1154
12989
16
306
411
642
4759
277
1310
18
3483
1011
361
265
2746
382
25790
277
69457
7783
9371
386
3733
16957
7935
1480
277
69457
11930
1774
16
516
1480
302
1310
29410
18
461
3733
16957
2428
569
961
33716
18
461
1756
9002
471
304
2483
265
4309
7878
386
19553
277
6292
18
22977
277
6292
436
516
277
2292
192497
70305
16
689
4616
277
23811
7576
436
1774
9724
498
277
1181
35
610
1451
17673
13494
16
277
194863
7120
436
766
302
277
1310
20155
18
461
2292
1154
2428
361
265
8156
23282
386
277
1756
530
1774
20845
18
461
2746
6434
2428
361
499
387
17409
3167
1207
277
1181
10424
277
23811
7576
18
461
1756
3419
277
2292
1154
396
265
1528
304
20488
1310
16
689
277
5772
10393
2428
911
277
23811
7576
18
461
2615
819
69457
10334
386
277
1181
341
5210
304
1774
277
6292
297
265
69457
16
689
277
69457
341
516
5206
18
9405
20208
382
25790
277
1756
341
1347
265
5169
1207
724
530
1774
2363
297
265
69457
16
306
724
569
961
92229
69457
7783
18
2227
1587
471
304
2483
277
1154
7878
16
306
1232
724
642
1774
277
6292
344
50180
277
2292
1154
13
297
277
69457
18
2209
277
69457
341
516
5206
16
12267
277
2615
18
2952
16
724
2188
3034
304
3138
277
1154
382
23928
277
61531
16
342
1761
277
71070
341
304
3138
277
1154
396
4546
297
277
194863
344
77
3077
1278
758
225
1691
352
277
1058
2024
13
1480
386
14441
277
194863
18
461
2292
1154
2428
361
1060
265
5810
23282
386
277
1756
530
1774
16
689
277
5772
6292
436
277
23811
7576
18
461
1756
2428
569
5101
277
2292
1154
396
4728
23282
689
8696
724
436
516
1161
297
277
2522
10393
18
2952
16
724
19986
1392
373
10112
616
277
6292
1304
3483
1387
3867
304
277
6292
297
277
2292
1154
382
19477
15698
277
2292
192497
2269
30
887
4059
1451
1310
4027
16
306
1325
277
194863
16
411
18948
265
2292
1154
386
10424
1131
61405
18
957
7348
1013
265
11279
4619
297
910
17673
4066
1207
724
2483
265
373
3761
6
1154
304
1774
6292
16
306
277
4377
1196
361
8456
297
277
1154
2376
18
461
194863
341
766
302
277
1154
5224
16
689
277
2292
1154
341
8156
18
610
1451
13494
1013
7654
40467
420
128282
31387
16
724
2483
265
1154
48519
306
1232
1774
8887
6292
18
2209
1743
724
19986
7939
265
2292
1154
402
70305
18
32468
16
297
1175
20333
16
277
4377
341
304
3138
277
1154
713
386
277
2292
19553
18
461
194863
341
1060
13263
382
2608
3097
1011
724
2549
265
194863
2024
386
25099
35
99008
277
194863
540
31862
499
18357
1625
306
277
2024
341
6078
18
2491
8696
277
2292
1154
540
4472
3735
304
1310
4728
4027
16
306
277
194863
9257
7557
18
610
839
1690
16
539
1008
304
11135
382
23928
386
277
1756
19986
4060
373
5677
4222
59947
5533
213288
26238
342
1761
539
1998
10987
277
6292
436
277
6299
297
277
2292
1154
18
8801
592
539
14637
277
1154
304
758
225
1691
16
277
1058
40439
642
4759
18
2586
539
1008
304
758
225
2014
352
386
3018
2740
304
1717
277
2292
18
2209
386
1011
361
58189
18
2952
16
8696
277
2746
341
203700
30
461
7849
2331
68437
399
2428
516
361
277
1656
396
277
96272
68437
399
16
689
8696
539
1008
304
1994
386
277
2331
341
5047
396
277
4455
302
8106
19810
68437
399
16
306
539
1587
277
7849
2731
2331
3724
616
51952
10565
16
689
539
851
569
304
1994
386
277
4455
302
8106
19810
2428
361
4582
68437
399
1325
1450
2457
35
3483
11413
2312
2522
68437
382
20822
16
8696
277
2331
341
5047
396
277
4455
302
8106
19810
344
299
32088
13
68437
399
16
689
277
51952
6657
341
2993
304
361
265
7849
51952
6657
297
4249
302
277
4455
302
8106
19810
344
77
3077
1278
96272
733
306
1232
539
3271
386
96272
494
2331
68437
399
18
3483
1011
361
225
1691
18
2586
516
382
25790
277
1154
341
12762
304
17208
277
7849
51952
6657
1347
217007
16
689
402
265
35736
30
461
8106
19810
436
4582
68437
399
1714
1347
1019
35
2209
277
19810
436
3402
2336
936
399
382
25790
277
1154
1196
758
277
7849
2731
4455
302
8106
19810
68437
399
16
689
724
1587
277
1193
396
387
11795
297
277
2783
648
20
16
399
17
21
2315
306
724
1587
277
7849
2731
1333
18
5641
8860
1414
386
382
23928
277
12475
16
9916
15698
277
852
1310
4027
304
1565
592
903
341
839
4619
18
461
1749
1310
1690
36033
225
18857
25592
26479
16
697
14441
954
17556
18
461
4658
1310
1690
36033
225
807
11313
27396
22596
18
1283
1387
2050
304
13561
386
954
88934
5664
1011
6496
386
18
7517
307
33
28
16
288
33
1575
16
4631
5314
16
277
88934
5664
1011
1008
304
2292
225
21
18
1045
4364
158147
18
9405
31975
18
2209
539
1008
304
4802
386
954
7878
341
7434
3811
304
5203
386
2223
845
13008
18
2209
539
436
516
2688
845
13008
18
32468
16
1175
4066
2364
265
38078
38474
420
2761
16
689
402
307
26720
28
88934
5664
341
20672
382
2608
8696
903
341
265
717
7434
4377
30
7517
307
341
2164
16
539
530
911
38474
898
50104
304
1511
277
7849
4455
68437
399
352
265
51952
6657
18
1563
2024
16
539
530
911
86156
11521
8907
2773
38474
352
153331
304
1511
7849
2331
304
3179
616
26963
35
2209
51952
6657
341
1497
18
2952
16
539
530
911
38474
304
17208
7849
2331
352
1450
22517
306
5835
16
3600
304
108342
6657
35
2209
307
33
28
16
539
1387
35909
616
51952
10565
1347
149006
58611
494
7622
6657
27408
35
3483
1011
3050
1435
302
51952
10565
16
516
7849
4455
68437
399
18
2209
539
1387
35909
616
51952
10565
1347
216328
16
697
341
3600
304
88934
5664
898
15616
382
23928
16981
16
88934
5664
898
22124
341
18597
382
2608
539
1998
4802
954
29192
57
306
7799
8377
341
4309
18
461
3733
5842
539
1858
344
1833
730
1714
492
13
4164
1078
277
1656
11236
306
2428
569
7935
2920
304
3892
420
2761
18
2209
277
69457
2615
10334
2761
1625
382
25790
277
4264
341
386
277
3733
2363
24091
304
1250
115400
16
689
115400
341
6751
18
2491
8696
277
3733
2363
1078
265
11336
386
7182
277
69457
304
516
1774
18
2209
539
1907
1287
382
23928
277
24460
16
342
1761
539
1196
3138
265
4309
4377
386
19553
277
16871
396
724
436
16
700
3077
1278
539
1008
304
758
225
2014
352
277
1058
1310
1690
18
2209
539
1998
516
2702
3646
411
18
22977
903
341
265
122221
30
461
2331
341
277
4455
302
8106
19810
68437
399
16
689
8696
724
1587
277
7849
2731
2331
3724
616
51952
10565
16
689
724
1994
386
277
51952
6657
1998
361
265
7849
51952
6657
297
4249
302
277
4455
302
8106
19810
344
77
3077
1278
96272
733
306
1232
724
1587
277
2331
68437
399
16
689
592
903
436
4347
96272
87
344
5324
1656
2983
3935
733
724
5857
277
730
402
7849
2331
68437
399
18
610
492
5314
16
277
96272
2983
3935
341
225
23452
16
689
341
903
2484
51952
6657
402
2983
3935
225
23452
35
16473
2292
852
158147
30
225
23452
341
499
344
20
16
22
16
24
16
25
680
6346
903
839
852
158147
402
4455
225
23452
35
99008
344
21
16
23
16
24
16
25
13
4455
351
225
22788
16
516
18
344
20
16
22
16
23
16
24
13
4455
33
24909
18
2586
1094
730
6657
402
4455
225
23452
18
2586
96272
341
4936
18
2586
386
1011
3050
225
1691
382
1974
592
277
96272
2983
3935
341
3757
225
24215
2920
304
265
1497
7706
35
2523
382
25790
277
5314
341
4800
396
2896
26963
225
21
218853
16
689
277
15616
436
2688
396
344
89
16
335
16
286
13
402
493
460
335
18
9405
6772
382
25790
277
1154
1196
758
277
7849
2731
4455
68437
399
16
689
724
1587
277
4455
302
277
8106
19810
344
299
32088
13
304
361
19377
297
265
1497
1528
35
1563
4681
16
8696
277
2331
341
5047
396
277
4455
302
8106
19810
68437
399
16
689
724
1587
277
7849
2731
1333
302
386
2331
16
689
724
1994
386
277
4455
341
4582
68437
399
1325
1450
2457
35
3483
11413
2312
2522
68437
382
25790
277
1310
36033
225
2014
1480
724
1161
265
1497
68437
30
8696
724
17208
277
4455
68437
399
16
689
1232
724
1863
277
20632
35
2523
382
23928
277
133336
16
2964
6857
304
18294
386
277
1310
494
1058
40439
341
265
20511
306
277
4309
3032
341
225
1691
18
461
194863
4060
225
1691
18
461
2292
192497
1058
40439
4060
225
2014
16
689
8696
386
40439
341
265
103364
306
1196
361
225
1691
18
2952
16
277
1756
3419
277
2292
1154
396
766
302
277
2746
6434
16
306
724
1587
471
304
1717
616
6292
18
1437
539
10987
277
194863
341
4309
16
1232
954
7878
642
1717
277
249836
689
4759
277
2292
192497
1058
40439
18
461
1181
2428
1774
1804
35
32468
16
297
1131
14798
16
277
6292
436
277
6299
297
277
2292
1154
16
396
724
436
277
12349
70305
18
461
194863
2428
361
1060
352
13263
382
19477
1538
468
277
3920
30
461
1756
3419
265
2363
2732
402
277
1154
16607
306
194863
16
306
1232
265
2292
1154
386
4059
1451
70305
18
957
341
73835
302
277
373
87842
9010
6
5030
1161
297
910
13494
1207
724
2483
265
373
3761
6
1154
304
1774
6292
16
306
277
4377
1196
361
8456
5451
277
1154
2376
18
461
194863
341
766
302
277
1154
18
461
1756
4060
373
3039
1196
18523
277
2363
385
11116
297
265
127068
2363
2732
344
826
22057
13
344
22310
642
61694
277
4607
5442
118742
2586
724
1587
471
304
3271
277
1154
2363
344
1833
4569
1154
13
402
954
17979
18
461
2292
1154
341
8156
306
642
361
1161
304
1310
954
1154
18
2586
539
1008
304
4802
954
1154
19553
277
70305
297
2292
382
27872
539
1998
3271
265
1154
386
890
2988
402
277
10235
297
277
1058
40439
6714
225
2014
382
2608
1030
530
539
8047
386
2142
2702
87842
35
14812
903
341
265
30495
11336
297
954
8860
386
7815
471
304
4826
277
6657
402
2331
225
1691
306
4993
1511
265
6657
402
2331
225
2014
396
277
7849
18
22547
954
8860
53786
5782
265
6657
396
15235
35
16473
1310
42268
344
20
16
22
16
24
16
25
13
402
954
29192
57
7878
30
1283
1008
304
4802
386
954
29192
57
12989
48238
19871
18
610
954
29192
57
16
539
15395
15616
16
306
1714
15395
539
2292
592
1511
16018
13
1377
1511
8066
680
1563
42268
344
20
16
22
16
24
16
25
2738
15616
297
1991
396
297
42268
18
461
42268
341
344
20
16
22
16
24
16
25
13
700
3077
1278
15616
344
21
16
22
733
344
22
16
23
733
344
22
16
25
733
344
23
16
24
680
9583
1375
17
17139
20
30
344
21
16
22
2738
1511
12
21
159520
10610
12
22
13
2649
15395
18
15954
388
17
17139
22
30
344
22
16
23
2738
1511
12
22
13
8696
5835
302
225
21
35
4790
15395
16
225
21
306
225
22
436
297
1656
867
18
1511
12
22
13
306
1511
12
23
13
1497
2649
15395
18
15954
388
17
17139
24
30
344
22
16
25
2738
1511
12
22
13
5835
302
391
21
16
22
16
23
97
344
29753
1325
15395
402
225
22
17
23
16
867
4059
225
22
16
23
31
4171
225
21
3874
8106
20
680
1511
12
25
13
341
225
25
2649
15395
18
15954
388
17
17139
25
30
344
23
16
24
2738
1511
12
23
13
341
5835
302
391
21
16
22
16
23
16
25
2547
1511
12
24
13
341
225
24
2649
15395
18
15954
382
3377
8664
11675
16
341
32659
8320
7143
18
2586
2983
10251
351
344
20
15
959
15
4868
15
2072
15
7537
13
1577
225
21430
351
225
23452
9
21430
33
1691
18
2586
539
1011
3006
1219
10251
351
225
1691
18
2586
954
8860
1011
758
225
1691
18
2586
304
758
225
2014
16
539
1998
569
265
3368
304
61714
277
6657
402
2331
225
1691
16
9745
1480
1850
516
265
51952
6657
35
2209
411
341
382
25790
903
341
387
4728
25284
30
461
5314
341
373
43385
6482
163513
5314
402
307
26963
306
288
15616
3210
461
2740
15616
1568
2428
516
361
616
15616
35
2209
411
4060
373
35602
30
3914
302
83907
344
89
16
335
16
286
13
1207
493
306
335
436
26963
344
21
218853
13
306
286
341
277
3935
3210
2586
1850
277
8106
1568
302
277
5314
382
25790
277
1154
1196
758
277
7849
2331
302
265
51952
6657
1207
277
2331
341
5047
396
277
4455
302
8106
19810
68437
399
16
689
724
1587
277
7849
2731
2331
16
306
592
903
436
4347
51952
10565
402
277
1656
7849
2331
16
8696
724
1587
277
730
402
277
7849
4455
35
3483
2188
6632
225
1691
382
25790
277
2331
341
5047
396
277
4455
302
8106
19810
68437
399
16
689
724
1587
277
7849
2731
2331
16
306
724
1994
386
277
4455
341
4582
396
265
24597
1646
35
2523
382
23928
277
7033
1169
16
9745
539
1196
17208
277
4655
1333
352
277
1058
1310
1690
1347
954
8860
306
1565
592
411
14441
225
2014
297
910
852
16340
18
16473
2050
304
17208
277
7849
2731
4455
68437
399
498
11532
616
51952
10565
16
689
8696
539
18391
265
6657
1480
954
29192
57
15395
1991
2428
3866
265
8664
9957
2615
35
2209
539
3402
20488
14559
19871
382
27023
903
361
265
51952
6657
386
539
18391
1480
954
7799
81277
5119
115400
1005
95435
233466
16
307
17
21
13
1207
15616
341
277
1568
396
2688
18
3483
4059
616
50104
302
2287
225
24
18
1283
9603
616
225
883
18
2586
539
9494
616
382
27872
277
4309
3032
341
225
1691
382
29838
16
342
1761
277
2292
192497
1058
40439
341
74052
18
610
1175
265
6056
16
277
6527
2869
341
304
3138
277
1154
12989
3308
304
277
2746
5224
344
8781
14441
277
194863
680
461
1756
1392
373
6534
277
2165
1154
16607
306
194863
16
7095
3138
277
1154
4546
3210
2586
277
194863
13402
277
1154
30
411
6714
277
7849
2331
302
265
51952
6657
1207
2331
351
4455
302
8106
19810
68437
399
18
461
194863
2024
4060
225
1691
18
2586
539
1196
3138
386
18
461
2292
1154
2428
361
387
4728
23282
386
277
1756
8089
689
1850
516
766
302
277
6332
6292
35
461
1756
2428
569
5101
411
304
1310
725
2363
16
689
724
851
3034
471
304
1717
616
6292
18
3578
56317
382
23928
277
12759
373
5677
4222
59947
5533
213288
26238
411
18372
539
1196
516
14637
277
1310
2363
344
77
3077
1278
277
2292
1154
680
2209
539
1387
14637
277
1154
539
13311
18
2586
539
1998
4802
386
890
277
2292
1154
10424
16
411
19553
18
1437
277
2292
1154
5720
387
74052
40439
16
539
4273
1717
411
2142
58189
18
2209
8696
277
2292
1154
341
516
3757
1774
498
277
10393
1181
31
1850
1060
3419
352
277
1756
304
1774
20845
18
461
1756
2428
361
5206
411
297
265
69457
306
92229
7783
18
2227
1587
471
304
2483
265
4309
7878
386
724
530
1232
1774
297
277
69457
18
2952
16
277
69457
7783
9371
386
277
69457
341
516
5206
16
713
724
4445
1774
277
2363
17833
18
2586
8696
724
1060
1587
471
304
2483
277
1154
2363
16
306
724
642
3735
1310
411
5895
382
23928
616
492
16
342
1761
277
71070
341
304
3138
277
1154
396
621
277
194863
306
14801
277
12475
18
2952
16
277
2746
6434
19986
4060
373
10112
616
277
6292
1304
1437
539
14801
277
2292
1154
16
539
2428
516
1717
1731
6292
382
19477
15698
277
2518
302
277
2292
1154
30
2536
852
70305
344
22795
277
1058
13
5084
52298
306
1387
361
24533
498
265
4309
7878
18
1563
2024
16
277
307
33
22
1310
4027
436
39154
30
1563
307
33
22
16
7076
1094
730
8106
16
713
277
51952
6657
341
386
8106
16
306
2331
351
286
893
399
18
2586
724
2364
286
893
399
16
689
724
569
2927
5463
30
317
1627
1278
399
33
20072
19913
22711
25905
22326
16
286
33
7537
14463
29370
24469
17697
16
697
341
2336
936
399
16
713
1193
1196
361
225
7537
14463
29370
24469
17697
18
3483
14441
18
2586
1731
436
6772
382
669
307
33
23
1310
4027
30
307
33
23
16
288
33
22
420
225
23
18
1563
288
33
22
16
277
5314
674
7662
1217
15616
16
697
1998
361
265
6657
344
29753
225
23
26963
16
225
22
15616
16
6482
680
461
1094
51952
6657
341
277
4425
5314
344
29753
1804
15616
436
4494
304
3179
616
26963
35
41729
402
225
23
26963
306
225
22
15616
16
592
277
5314
341
6482
16
277
1217
15616
1027
265
6657
592
724
1907
1027
265
8664
18
2209
592
903
436
2240
15616
344
34212
5314
623
23
733
1232
903
436
225
23
51952
10565
344
25175
9546
730
8106
680
2586
539
1008
304
1511
7849
4455
893
399
3724
1731
18
461
1310
4027
30
307
33
23
16
288
33
22
16
15616
2688
18
461
5314
341
6482
35
1563
277
1058
1175
1310
30
307
33
23
16
288
33
22
16
399
33
2985
21215
27396
24556
28208
16
15616
33814
21
16
23
16
1748
26122
11969
24194
25985
733
344
21
16
22
16
740
26368
15827
17141
18981
60457
957
5314
674
15616
225
21
17
23
306
225
21
17
22
18
9405
265
6657
344
15590
680
14610
351
225
1748
26122
11969
24194
25985
692
225
740
26368
15827
17141
18981
351
225
3501
25742
21306
25543
20718
18
9405
7662
277
4655
3271
18
2586
386
14441
18
461
1749
307
33
23
26388
33
22
1310
30
15616
33814
22
16
23
16
13877
19962
19313
27358
21441
733
344
21
16
22
16
3671
16852
12254
24655
25786
60457
14610
351
225
13877
19962
19313
27358
21441
692
225
3671
16852
12254
24655
25786
351
225
21935
24909
14986
30080
20824
18
42379
893
399
33
6008
25809
25264
12827
14438
30
225
21935
24909
14986
30080
20824
893
225
6008
25809
25264
12827
14438
351
225
21935
24909
14986
30080
20824
506
225
6008
25809
25264
12827
14438
351
225
1336
14661
20966
22863
24423
18
3483
14441
4655
18
2586
1622
382
39521
307
33
23
26388
33
23
1310
30
4631
5314
623
23
402
15616
30
344
22
16
23
16
1057
21813
28516
17606
24646
733
344
21
16
22
16
1789
5460
25814
23428
20744
733
344
21
16
23
16
1789
20227
20916
19397
26701
680
19100
304
1511
7849
4455
893
399
33
13279
19913
6008
23274
27396
3724
277
2240
51952
10565
344
25175
9546
730
8106
680
16473
17208
1375
12144
9546
344
22
16
23
2738
15616
344
21
16
22
23486
21
16
23
13
4455
351
225
1789
5460
25814
23428
20744
15
1789
20227
20916
19397
26701
351
225
7510
26372
30080
25742
28049
18
893
225
13279
19913
6008
23274
27396
351
225
7510
26372
30080
25742
28049
344
29753
460
79
13
1117
225
7510
26372
30080
25742
28049
388
37998
344
21
16
22
2738
15616
344
22
16
23
23486
21
16
23
13
4455
351
225
1057
21813
28516
17606
24646
15
1789
20227
20916
19397
26701
351
225
2394
21388
25738
15280
28403
388
37998
344
21
16
23
2738
15616
344
22
16
23
23486
21
16
22
13
4455
351
225
1057
21813
28516
17606
24646
15
1789
5460
25814
23428
20744
351
225
1507
23796
22257
12745
20615
388
9004
341
225
1507
23796
22257
12745
20615
16
697
14441
4655
18
2586
1731
436
4309
382
8311
277
307
33
28
1310
4027
402
6892
288
18
2227
436
4164
4309
396
1357
382
27872
1094
277
1058
1310
1690
297
2292
341
34233
18
3578
2731
386
277
2292
192497
1058
40439
341
265
5209
183764
2615
306
1196
361
225
1691
18
2209
277
1756
5101
411
16
713
724
2364
471
304
1717
411
18
2952
16
592
539
3138
12989
16
539
642
771
225
1691
306
4759
277
1058
40439
18
461
1756
2428
1232
1761
954
4377
341
6078
18
2209
9745
277
1756
642
1774
277
2292
1154
5895
306
1565
277
8221
18
2227
2428
1232
13534
277
2615
306
4309
411
18
2209
277
12759
4060
373
5677
4222
59947
5533
213288
1304
2586
539
1998
516
14637
277
2292
1154
16
689
539
1387
14637
277
1154
304
758
225
2014
352
386
3018
2740
35
3483
1011
361
56858
382
23928
277
57490
16
342
1761
277
1861
3347
341
304
3138
277
1154
12989
3308
304
277
2746
5224
344
8781
14441
277
194863
13
306
851
6035
277
66504
18
2952
16
277
1756
6051
471
304
2483
2363
297
265
3225
2732
18
342
642
2483
265
4309
7878
386
1196
758
225
1691
352
277
1058
2024
16
306
342
642
6724
386
277
10393
1181
642
911
277
23811
7576
420
642
4309
277
1310
382
71093
16
342
1387
3138
265
717
3449
4377
386
530
5203
1804
498
15990
592
277
2740
14441
277
3018
1690
306
19210
225
2014
35
3483
1011
361
16474
93
689
18373
14303
277
1310
18
2952
16
386
1011
361
4422
5358
382
25790
539
530
16216
3097
277
1310
36033
225
2014
30
22547
411
361
386
277
1154
1196
758
277
7849
2331
302
265
51952
6657
1207
277
2331
341
5047
396
277
4455
302
8106
19810
68437
399
16
689
724
1587
277
7849
2731
2331
16
306
724
1994
386
277
51952
6657
1998
361
265
7849
51952
6657
297
4249
302
277
4455
302
8106
19810
344
77
3077
1278
96272
733
306
1232
724
3271
386
96272
494
2331
68437
399
18
3483
22699
225
1691
18
2586
516
382
25790
724
1994
386
277
2331
341
277
4455
302
8106
19810
68437
399
16
689
724
1587
277
7849
2731
2331
16
306
724
1994
386
277
51952
6657
1998
361
265
7849
51952
6657
297
4249
302
277
4455
302
8106
19810
344
77
3077
1278
96272
733
306
592
903
436
4347
96272
87
16
724
5857
277
730
402
7849
2331
68437
399
18
2209
396
539
6974
16
96272
341
4936
18
2586
2188
225
1691
382
25790
277
5314
341
4800
396
2896
26963
225
20
218853
297
277
1154
1465
16
689
277
15616
297
277
1310
436
225
21
218853
35
2523
382
25790
277
1154
1196
17208
277
7849
51952
6657
1347
217007
689
402
8106
19810
4582
68437
399
1714
34147
35
3483
1387
2312
277
1991
18
16473
1310
30
1437
539
1863
1450
3935
68437
399
16
689
19810
436
3402
460
399
18
2586
840
382
25790
277
2331
341
5047
396
277
4455
302
8106
19810
344
299
32088
13
306
1232
539
3271
386
4455
68437
399
16
689
539
1587
277
7849
2731
4455
344
1876
68437
13
3724
51952
10565
16
306
1232
3271
386
4455
68437
399
35
3483
1011
361
225
1691
382
59685
277
96272
3935
341
3757
225
24215
2920
304
265
1497
7706
592
539
5096
498
3935
689
2984
29922
21214
35
1563
96272
16
592
903
436
15616
402
6792
3935
16
277
6128
1387
3910
2983
4455
18
2209
1743
616
19810
436
9746
18
2586
96272
341
4936
382
27872
277
1094
52298
14915
341
386
277
1310
40439
341
6078
382
23928
277
2946
16
342
642
3138
277
1154
12989
16
396
621
277
194863
16
306
342
642
10987
277
10393
1181
642
911
277
194863
7120
396
6292
344
2904
310
7576
680
461
2292
1154
2428
361
1060
352
277
19647
5256
16
306
724
2428
569
98571
5101
265
6078
40439
18
461
1756
2428
3735
7016
411
18
2209
724
1392
373
10112
616
277
6292
1304
1437
724
1774
277
2292
1154
16
25549
1565
265
8221
18
2209
8696
724
642
516
1774
411
31
724
1060
1587
277
1154
2363
382
45
1761
1850
31211
304
3138
277
1154
12989
18
9916
6496
2363
386
21757
860
616
50104
302
307
17
21
15616
16
5119
29192
57
304
2292
352
19871
16
73422
2983
68437
399
16
306
16297
277
7849
18
3483
1196
1717
616
852
1310
4027
306
277
194863
2024
382
2608
539
851
1008
304
4802
3892
352
277
307
33
28
26388
33
1575
1690
18
225
21
18
1045
4364
158147
16
1450
402
778
304
225
27
29192
57
7154
18
3483
1196
361
20672
18
2952
16
175676
115400
1005
95435
306
29192
57
642
361
6772
18
2209
539
1998
361
17034
304
911
3836
2984
35
3557
4494
382
2608
539
2428
5182
498
1347
250584
11183
352
15616
35
3557
4778
382
77397
17422
30
7517
307
6758
225
28
16
539
1387
851
911
38474
898
50104
304
17208
7849
2331
352
1450
22517
306
1450
21599
396
5835
16
3600
304
153331
38474
689
352
96272
35
41729
16
539
530
911
38474
304
1511
7849
2331
302
265
51952
6657
1347
277
373
67654
51952
6657
6
38474
352
2164
307
30
1563
1450
22517
330
302
26963
7824
265
5835
16
17208
277
7849
2331
304
3179
330
304
277
5835
18
957
341
3600
304
277
86156
11521
8907
38474
352
153331
16
689
352
96272
539
530
911
277
1689
386
839
51952
6657
530
361
44561
306
539
530
911
38474
30
29124
224346
4274
90
65
351
7849
2331
304
3179
26963
297
8588
304
335
344
15519
335
680
5489
539
530
18636
1217
30456
18
2209
17713
386
2428
361
717
4110
689
123611
18
2952
16
88934
5664
341
31420
306
2336
2615
105303
382
23928
277
16981
16
88934
5664
341
18597
18
2209
539
1998
4802
386
277
2363
10424
2223
845
18
225
21
18
1045
4364
158147
16
1450
402
778
304
225
27
15395
98234
7154
16
4171
32103
302
6600
265
29192
57
4681
621
42268
18
33991
265
699
29192
57
2168
621
42268
344
8781
674
3567
306
8668
14215
302
2287
307
13
341
20672
689
1387
361
265
3422
5983
18
1283
530
24819
498
144090
29192
57
306
96342
35
2209
1850
6772
382
2110
530
851
83337
30
592
539
3402
1724
265
1219
10251
302
225
20
16
539
530
2984
3836
1480
225
20
341
277
7849
2731
18
2586
539
530
919
265
2292
30
592
1219
10251
1377
225
20
30
2984
686
302
9284
18
3483
1387
5612
778
910
4027
382
14353
16
539
530
687
52448
277
4455
302
19810
35
3557
4494
382
2110
1196
851
1994
386
399
530
361
778
304
225
21
73
883
16
689
11636
146581
5203
382
8311
16
539
1008
304
4802
386
954
2363
1414
516
14949
77647
4753
35
29192
57
5119
77647
297
1511
35
1283
1161
2481
20692
402
77647
16
697
1387
3866
77647
8597
3933
592
277
6657
341
5731
35
2209
307
6758
225
28
16
713
77647
8597
341
468
1210
225
28
16
6772
382
2110
530
851
3138
59038
1511
304
4928
77647
16
689
1850
6772
382
8311
16
7478
277
69457
7783
30
461
3733
16957
2428
569
7935
1480
724
8357
304
1774
277
2363
297
265
69457
386
9257
867
778
18
3483
2428
361
44725
304
954
2363
18
2586
539
1060
1008
304
2483
265
4309
7878
382
27872
342
642
6496
277
2165
2363
1375
3080
14487
203
3161
23225
1250
3914
16
54040
203
656
115400
300
1847
1219
19054
5113
32659
10251
8724
4020
30
853
16
288
30
853
16
399
30
853
16
15616
30
3914
210758
37990
16
853
16
853
85867
2649
853
638
298
905
20737
304
225
20
14682
352
5961
911
203
298
15616
351
33814
89
17
21
16
335
17
21
16
286
13
352
493
16
335
16
286
297
15616
4414
298
905
29192
57
203
298
665
29192
57
638
348
3106
114384
716
351
7086
6302
747
489
29045
3566
348
917
3106
3303
12166
1588
16
307
2407
454
1244
23569
351
1568
61396
4020
2604
454
1244
120336
351
648
20
21018
82
203
348
917
1511
3376
16
1150
2407
454
592
1244
23569
26409
65
2308
1150
638
615
1244
23569
26409
65
351
1244
7144
3376
23569
26409
7204
454
758
1244
23569
26409
1391
348
917
15395
3376
16
1150
16
349
2407
454
98290
351
1244
7144
3974
465
454
37937
351
1244
7144
13944
465
454
592
98290
1377
37937
638
615
758
8077
203
454
592
1244
120336
26409
86
65
460
1244
120336
63
9786
25306
615
1244
23569
26409
86
65
351
37937
203
454
12542
1244
120336
26409
86
65
1518
1244
120336
63
9786
25306
615
1244
23569
63
9786
65
351
98290
203
454
1625
638
615
1244
23569
63
9786
65
351
98290
203
615
1244
120336
26409
86
65
4284
225
21
203
454
758
7143
300
298
1219
10251
351
399
225
905
29702
304
265
1333
6892
936
839
2731
68437
344
79
341
18287
2687
465
298
905
31895
40361
616
22124
302
7662
307
17
21
15616
203
298
352
42268
297
115400
1005
95435
233466
16
307
17
21
2407
348
282
5250
351
29192
57
4020
465
348
2983
351
225
20
203
348
4080
351
7143
203
348
352
493
16
335
16
286
297
42268
638
454
592
282
5250
7144
16018
13
1377
282
5250
7144
8066
2738
261
905
8664
203
615
4080
351
8077
203
615
2984
203
454
282
5250
133372
16018
16
335
465
454
2983
351
344
12815
692
286
13
1577
399
203
348
592
4080
638
454
592
2983
460
1219
10251
638
615
1219
10251
351
2983
203
615
592
1219
10251
1377
225
20
30
261
905
4273
771
3598
203
828
2984
203
298
758
1219
10251
203
7203
1905
1196
831
382
2608
539
1008
304
4802
386
539
5203
277
1690
1207
307
33
21
35
3557
2731
396
621
16981
307
19105
22
382
8311
16
13640
1310
492
38278
366
277
1058
1310
1690
30
887
1196
758
225
1691
16
689
277
2292
36033
225
2014
18
2586
592
277
1181
6292
2737
277
2292
16
411
642
4759
18
2952
16
8696
277
1181
5119
277
23811
7576
1094
18
342
4445
361
2897
382
23928
277
12759
373
6534
277
2165
1154
16607
306
194863
728
342
1761
277
5167
5256
341
277
194863
18
461
194863
2024
4060
225
1691
18
2586
9916
3138
304
758
225
1691
382
45
642
6496
277
2363
396
2946
382
2608
1714
184752
16
13640
4638
18400
277
1749
1310
1690
402
954
2363
30
887
1196
758
225
18857
25592
26479
18
9177
382
39521
1310
1690
30
27969
6724
382
8311
16
6035
386
277
2292
1154
851
4059
4728
1310
4027
402
307
33
28
306
3453
288
18
5641
88934
5664
642
5203
1731
382
5158
3242
3892
4264
30
1563
307
33
28
26388
33
1575
16
346
12
1575
16
27
5791
21
16606
14834
18
1563
1450
42268
16
539
2299
265
29192
57
2168
344
27982
14215
302
2287
225
28
680
9405
6772
18
2952
16
277
2292
1154
851
4059
852
1310
4027
402
307
33
28
306
288
33
807
16
883
16
1670
16
697
851
569
158147
30
346
12
807
16
27
5791
16646
16
346
12
883
16
27
5791
26
22891
16
346
12
1670
16
27
5791
27656
5855
18
2586
2983
158147
3796
616
1310
4027
2428
361
778
304
5907
22
4364
16
2188
6772
382
27872
277
2363
1196
361
7434
382
8311
16
539
1196
1994
592
903
341
839
22917
30
461
2331
341
4455
68437
399
18
7517
539
436
4738
68437
468
1450
2457
16
2983
341
2837
297
648
20
24816
17
21
1807
9405
6772
382
2608
539
2428
361
2948
304
83337
30
592
2983
3402
33572
1843
1219
10251
16
539
1387
2984
3836
35
3557
6043
1480
2983
341
68437
16
516
5772
4455
18
2952
16
539
1387
2553
4671
302
277
5772
4455
344
1876
68437
13
306
592
411
33572
2761
35
3557
4494
382
2110
1387
851
5096
15616
304
8696
1511
1622
14430
3836
16
689
516
4778
382
27872
2522
2363
396
2946
382
36795
1616
6496
277
2522
3032
18
255011
255012
3080
14487
203
3161
23225
1250
3914
16
54040
203
656
115400
300
1847
1219
19054
5113
32659
10251
8724
4020
30
853
16
288
30
853
16
399
30
853
16
15616
30
3914
210758
37990
16
853
16
853
85867
2649
853
638
298
905
20737
304
225
20
218853
352
5961
911
203
298
15616
351
33814
89
506
225
21
16
335
506
225
21
16
286
13
352
493
16
335
16
286
297
15616
4414
298
905
5987
39174
4216
10239
344
6893
57
13
402
2481
20692
306
15395
498
8668
203
298
665
29192
57
638
348
3106
114384
716
351
7086
6302
747
489
29045
3566
348
917
3106
3303
12166
1588
16
307
30
853
2407
454
1244
23569
351
1568
61396
4020
2604
454
1244
120336
351
648
20
65
535
307
300
348
917
1511
3376
16
1150
30
853
13
2649
853
638
454
592
1244
23569
26409
65
2308
1150
638
615
1244
23569
26409
65
351
1244
7144
3376
23569
26409
7204
454
758
1244
23569
26409
4414
348
917
15395
3376
16
1150
30
853
16
349
30
853
13
2649
4989
638
454
98290
351
1244
7144
3974
465
454
37937
351
1244
7144
13944
465
454
592
98290
1377
37937
638
615
758
8077
203
454
592
1244
120336
26409
86
65
460
1244
120336
63
9786
25306
615
1244
23569
26409
86
65
351
37937
203
454
12542
1244
120336
26409
86
65
1518
1244
120336
63
9786
25306
615
1244
23569
63
9786
65
351
98290
203
454
1625
638
615
1244
23569
63
9786
65
351
98290
203
615
1244
120336
26409
86
65
4284
225
21
203
454
758
7143
300
298
905
461
7849
2731
68437
1333
341
297
648
20
16
399
17
21
11294
23939
304
399
344
83042
2783
465
298
1219
10251
351
399
300
298
905
31895
40361
616
50104
302
7662
307
17
21
15616
203
298
352
42268
297
115400
1005
95435
233466
16
307
506
225
21
2407
348
282
5250
351
29192
57
4020
465
348
2983
10251
351
225
20
203
348
341
32659
351
7143
203
348
352
493
16
335
16
286
297
42268
638
454
592
282
5250
7144
16018
13
1377
282
5250
7144
8066
2738
261
905
8664
11675
2649
516
265
6657
203
615
341
32659
351
8077
203
615
2984
203
454
282
5250
133372
16018
16
335
465
454
2983
10251
351
344
12815
10251
692
286
13
1577
399
203
348
592
341
32659
306
2983
10251
460
1219
10251
638
454
1219
10251
351
2983
10251
203
454
592
1219
10251
1377
225
20
30
261
905
4273
771
3598
203
615
2984
300
298
758
1219
10251
203
3080
255013
255001