10
25708
1010
11
1010
10
3263
1010
10311
1278
3629
2254
21734
1321
8953
3607
1044
10886
5687
1278
2254
5055
1321
2764
1747
1278
9458
1046
1603
24151
16424
70914
84674
14671
48761
1083
25461
4568
2715
30711
1278
3475
1636
13330
1294
1261
1335
107485
3475
4950
1319
3038
44642
1041
1319
43880
2084
80858
1278
4618
7389
1801
2640
5011
38227
2671
5247
4688
3149
4014
21777
39318
3791
7432
63369
1058
5247
59939
8623
4906
1935
1877
1293
19639
20776
1278
2782
1307
17684
1307
2767
92999
9305
3224
1319
56909
1049
1044
42864
1050
1041
1307
28483
1455
34301
1877
1293
1032
1049
1046
1531
9305
3224
42864
1049
1321
42864
1050
1584
101479
1319
2649
4891
1307
28483
1395
4878
2396
2424
1456
1293
1032
1050
1046
1531
1461
8584
1307
1278
6689
1307
42864
1049
1395
9196
1317
1278
1461
8584
1307
1278
6689
1307
42864
1050
1010
1260
1010
1293
12162
1278
3788
2782
1307
2516
17684
81793
1032
1049
1048
1094
1057
1867
1032
1055
1626
1260
1010
1293
64664
1877
1369
28483
1058
2048
15748
4460
2478
1032
1049
9120
9027
63369
1041
9120
1032
1050
1048
1048
1321
1032
1049
9120
28483
3755
1093
9120
1032
1050
1048
1048
1010
1260
1010
1293
20527
1877
1369
1531
2782
1307
5746
9305
1733
17684
81793
1032
1049
1048
1094
1057
1867
1032
1055
1010
1260
1010
1293
56431
4014
21777
39318
3791
7432
9038
1049
1044
1032
1050
1044
1032
1051
1044
1032
1052
8791
1293
1032
1049
1048
1010
1293
56431
4014
21777
39318
3791
7432
9038
1049
1048
1044
1032
1050
1048
1044
1032
1051
1048
8791
1293
1032
1050
1010
1293
56431
4014
21777
39318
3791
7432
9038
1049
1044
1032
1049
1044
1032
1049
1044
1032
1049
8791
1293
1032
1053
1048
1010
1293
47680
3149
4206
5164
52143
3640
1293
2569
29274
11277
1562
4127
10674
1010
1293
6852
15605
9038
1049
1044
1032
1050
1044
1032
1051
1044
1032
1052
8623
2351
1032
1049
1048
1010
1293
6852
15605
9038
1049
1048
1044
1032
1050
1048
1044
1032
1051
1048
8623
2351
1032
1050
1010
1293
6852
15605
9038
1049
1044
1032
1049
1044
1032
1049
1044
1032
1049
8623
2351
1032
1053
1048
1010
1260
1010
1293
2569
21381
3584
5443
1010
1293
6852
15605
9038
1054
8623
2351
1032
1048
1010
1293
6852
15605
9038
1057
8623
2351
1032
1048
1010
1293
6852
15605
9038
1056
8623
2351
1032
1048
1010
1293
6852
15605
9038
1051
8623
2351
1032
1048
1010
1293
6852
15605
9038
1050
8623
2351
1032
1048
1010
1293
6852
15605
9038
1055
8623
2351
1032
1048
1010
1293
6852
15605
9038
1052
8623
2351
1032
1048
1010
1260
1010
1293
2569
10638
3584
5443
1010
1293
6852
15605
9038
1055
1044
1032
1050
8623
2351
1032
1048
1010
1293
6852
15605
9038
1049
1044
1032
1056
8623
2351
1032
1048
1010
1293
6852
15605
9038
1056
1044
1032
1054
8623
2351
1032
1048
1010
1293
6852
15605
9038
1056
1044
1032
1055
8623
2351
1032
1048
1010
1293
6852
15605
9038
1049
1044
1032
1054
8623
2351
1032
1048
1010
1293
6852
15605
9038
1057
1044
1032
1049
8623
2351
1032
1048
1010
1293
6852
15605
9038
1055
1044
1032
1056
8623
2351
1032
1048
1010
1293
6852
15605
9038
1049
1048
1044
1032
1052
8623
2351
1032
1048
1010
1293
6852
15605
9038
1055
1044
1032
1055
8623
2351
1032
1050
1010
1293
6852
15605
9038
1056
1044
1032
1049
8623
2351
1032
1048
1010
1293
6852
15605
9038
1049
1048
1044
1032
1054
8623
2351
1032
1048
1010
1260
1010
1293
2569
1424
42957
2688
5443
1010
1293
6852
15605
9038
1049
1057
1056
1044
1049
1057
1048
1044
1049
1057
1053
1044
1049
1057
1050
1044
1049
1057
1048
1044
1049
1057
1048
1044
1049
1057
1057
1044
1050
1048
1048
1044
1049
1057
1057
1044
1049
1057
1048
1044
1049
1057
1055
1044
1049
1057
1057
1044
1049
1057
1054
1044
1049
1057
1054
1044
1049
1057
1056
1044
1049
1057
1054
1044
1050
1048
1048
1044
1049
1057
1052
1044
1049
1057
1051
1044
1049
1057
1055
1044
1050
1048
1048
1044
1049
1057
1056
1044
1049
1057
1048
1044
1049
1057
1053
1044
1049
1057
1051
1044
1049
1057
1057
1044
1050
1048
1048
1044
1049
1057
1051
1044
1049
1057
1056
1044
1049
1057
1049
1044
1049
1057
1051
1044
1049
1057
1050
1044
1050
1048
1048
1044
1049
1057
1057
1044
1049
1057
1050
1044
1049
1057
1054
1044
1049
1057
1053
1044
1049
1057
1050
1044
1050
1048
1048
1044
1049
1057
1050
1044
1049
1057
1048
1044
1049
1057
1052
1044
1049
1057
1052
1044
1049
1057
1051
1044
1049
1057
1051
1044
1049
1057
1053
1044
1049
1057
1052
1044
1049
1057
1048
1044
1049
1057
1054
1044
1050
1048
1048
1044
1049
1057
1056
1044
1050
1048
1048
1044
1049
1057
1054
1044
1049
1057
1054
1044
1049
1057
1048
1044
1049
1057
1049
1044
1049
1057
1052
1044
1049
1057
1055
1044
1049
1057
1049
1044
1049
1057
1052
1044
1049
1057
1050
1044
1049
1057
1053
1044
1049
1057
1057
1044
1049
1057
1051
1044
1049
1057
1057
1044
1049
1057
1054
1044
1049
1057
1052
1044
1049
1057
1048
1044
1049
1057
1054
1044
1050
1048
1048
8623
2351
1032
1053
1055
1048
1052
1052
1053
1050
1050
1052
1010
1260
1010
1293
6852
15605
9038
1050
1048
1048
1044
1049
1048
1048
1044
1050
1053
1044
1051
1044
1050
1048
1048
1044
1049
1048
1048
1044
1050
1053
1044
1051
1044
1050
1048
1048
1044
1049
1048
1048
1044
1050
1053
1044
1051
1044
1050
1048
1048
1044
1049
1048
1048
1044
1050
1053
1044
1051
1044
1050
1048
1048
1044
1049
1048
1048
1044
1050
1053
1044
1051
1044
1050
1048
1048
1044
1049
1048
1048
1044
1050
1053
1044
1051
1044
1050
1048
1048
1044
1049
1048
1048
1044
1050
1053
1044
1051
1044
1050
1048
1048
1044
1049
1048
1048
1044
1050
1053
1044
1051
1044
1050
1048
1048
1044
1049
1048
1048
1044
1050
1053
1044
1051
1044
1050
1048
1048
1044
1049
1048
1048
1044
1050
1053
1044
1051
1044
1050
1048
1048
1044
1049
1048
1048
1044
1050
1053
1044
1051
1044
1050
1048
1048
1044
1049
1048
1048
1044
1050
1053
1044
1051
1044
1050
1048
1048
1044
1049
1048
1048
1044
1050
1053
1044
1051
1044
1050
1048
1048
1044
1049
1048
1048
1044
1050
1053
1044
1051
1044
1050
1048
1048
1044
1049
1048
1048
1044
1050
1053
1044
1051
1044
1050
1048
1048
1044
1049
1048
1048
1044
1050
1053
1044
1051
1044
1050
1048
1048
1044
1049
1048
1048
1044
1050
1053
1044
1051
1044
1050
1048
1048
1044
1049
1048
1048
1044
1050
1053
1044
1051
1044
1050
1048
1048
1044
1049
1048
1048
1044
1050
1053
1044
1051
1044
1050
1048
1048
1044
1049
1048
1048
1044
1050
1053
1044
1051
1044
1050
1048
1048
1044
1049
1048
1048
1044
1050
1053
1044
1051
1044
1050
1048
1048
1044
1049
1048
1048
1044
1050
1053
1044
1051
1044
1050
1048
1048
1044
1049
1048
1048
1044
1050
1053
1044
1051
1044
1050
1048
1048
1044
1049
1048
1048
1044
1050
1053
1044
1051
1044
1050
1048
1048
1044
1049
1048
1048
1044
1050
1053
1044
1051
8623
2351
1032
1051
1051
1048
1053
1053
1051
1051
1056
1056
1010
1260
1010
1293
6852
15605
9038
1049
1044
1032
1050
1044
1032
1051
1044
1032
1052
8623
2351
1032
1049
1053
1010
1260
1010
1293
6852
15605
9038
1050
1051
1044
1050
1056
1044
1050
1050
1044
1050
1055
1044
1050
1050
1044
1050
1055
1044
1050
1048
1044
1050
1051
1044
1050
1055
1044
1051
1048
1044
1051
1048
1044
1050
1050
1044
1050
1052
1044
1050
1052
1044
1050
1048
1044
1050
1053
1044
1050
1055
1044
1050
1050
1044
1050
1055
1044
1050
1049
1044
1050
1057
1044
1050
1051
1044
1050
1051
1044
1050
1055
1044
1050
1054
1044
1050
1056
1044
1050
1055
1044
1050
1048
1044
1050
1056
1044
1050
1049
1044
1050
1050
1044
1050
1055
1044
1050
1052
1044
1050
1056
1044
1050
1048
1044
1050
1052
1044
1050
1049
1044
1050
1048
1044
1050
1057
1044
1050
1052
1044
1050
1050
1044
1050
1048
1044
1050
1052
1044
1050
1055
1044
1051
1048
1044
1050
1057
1044
1050
1049
1044
1050
1053
1044
1050
1050
1044
1050
1050
1044
1050
1055
1044
1050
1052
1044
1050
1050
1044
1050
1057
1044
1050
1050
1044
1050
1053
1044
1050
1053
1044
1050
1051
1044
1050
1053
1044
1050
1052
1044
1050
1054
1044
1050
1049
1044
1050
1056
1044
1050
1053
1044
1050
1054
1044
1050
1048
1044
1050
1052
1044
1050
1055
1044
1050
1055
1044
1050
1051
1044
1050
1048
1044
1050
1052
1044
1050
1051
1044
1050
1049
1044
1050
1052
8623
2351
1032
1052
1052
1049
1057
1055
1051
1049
1049
1010
1260
1010
1293
6852
15605
9038
1050
1057
1044
1050
1049
1044
1050
1057
1044
1050
1053
1044
1050
1051
1044
1050
1055
1044
1050
1055
1044
1050
1057
1044
1050
1048
1044
1050
1056
1044
1050
1054
1044
1051
1048
1044
1050
1052
1044
1050
1052
1044
1050
1054
1044
1050
1050
1044
1050
1057
1044
1050
1056
1044
1050
1048
1044
1050
1050
1044
1050
1051
1044
1051
1048
1044
1050
1055
1044
1051
1048
1044
1050
1052
1044
1051
1048
1044
1050
1052
1044
1050
1052
1044
1050
1053
1044
1051
1048
1044
1050
1050
1044
1050
1057
1044
1050
1051
1044
1051
1048
1044
1050
1048
1044
1050
1056
1044
1050
1048
1044
1050
1057
1044
1050
1055
1044
1050
1050
1044
1050
1052
1044
1050
1056
1044
1050
1055
1044
1050
1048
1044
1050
1053
1044
1050
1049
1044
1050
1056
1044
1050
1049
1044
1050
1050
1044
1050
1056
1044
1050
1057
1044
1050
1048
1044
1050
1055
1044
1050
1057
1044
1050
1050
1044
1050
1050
1044
1051
1048
1044
1050
1052
1044
1050
1053
1044
1050
1048
1044
1050
1057
1044
1050
1048
1044
1050
1051
1044
1050
1049
1044
1050
1052
1044
1050
1051
1044
1050
1052
1044
1050
1057
1044
1050
1052
1044
1050
1057
1044
1050
1049
1044
1050
1051
1044
1050
1056
1044
1050
1057
1044
1050
1049
8623
2351
1032
1055
1055
1048
1051
1056
1056
1051
1049
1052
1010
1260
1010
1293
6852
15605
9038
1050
1048
1048
1044
1049
1048
1048
1044
1050
1048
1048
1044
1049
1048
1048
1044
1050
1048
1048
1044
1049
1048
1048
1044
1050
1048
1048
1044
1049
1048
1048
1044
1050
1048
1048
1044
1049
1048
1048
1044
1050
1048
1048
1044
1049
1048
1048
1044
1050
1048
1048
1044
1049
1048
1048
1044
1050
1048
1048
1044
1049
1048
1048
1044
1050
1048
1048
1044
1049
1048
1048
1044
1050
1048
1048
1044
1049
1048
1048
1044
1050
1048
1048
1044
1049
1048
1048
1044
1050
1048
1048
1044
1049
1048
1048
1044
1050
1048
1048
1044
1049
1048
1048
1044
1050
1048
1048
1044
1049
1048
1048
1044
1050
1048
1048
1044
1049
1048
1048
1044
1050
1048
1048
1044
1049
1048
1048
1044
1050
1048
1048
1044
1049
1048
1048
1044
1050
1048
1048
1044
1049
1048
1048
1044
1050
1048
1048
1044
1049
1048
1048
1044
1050
1048
1048
1044
1049
1048
1048
1044
1050
1048
1048
1044
1049
1048
1048
1044
1050
1048
1048
1044
1049
1048
1048
1044
1050
1048
1048
1044
1049
1048
1048
1044
1050
1048
1048
1044
1049
1048
1048
1044
1050
1048
1048
1044
1049
1048
1048
1044
1050
1048
1048
1044
1049
1048
1048
1044
1050
1048
1048
1044
1049
1048
1048
1044
1050
1048
1048
1044
1049
1048
1048
1044
1050
1048
1048
1044
1049
1048
1048
1044
1050
1048
1048
1044
1049
1048
1048
1044
1050
1048
1048
1044
1049
1048
1048
1044
1050
1048
1048
1044
1049
1048
1048
1044
1050
1048
1048
1044
1049
1048
1048
1044
1050
1048
1048
1044
1049
1048
1048
1044
1050
1048
1048
1044
1049
1048
1048
1044
1050
1048
1048
1044
1049
1048
1048
1044
1050
1048
1048
1044
1049
1048
1048
1044
1050
1048
1048
1044
1049
1048
1048
1044
1050
1048
1048
1044
1049
1048
1048
1044
1050
1048
1048
1044
1049
1048
1048
1044
1050
1048
1048
1044
1049
1048
1048
1044
1050
1048
1048
1044
1049
1048
1048
1044
1050
1048
1048
1044
1049
1048
1048
1044
1050
1048
1048
1044
1049
1048
1048
1044
1050
1048
1048
1044
1049
1048
1048
1044
1050
1048
1048
1044
1049
1048
1048
1044
1050
1048
1048
1044
1049
1048
1048
1044
1050
1048
1048
1044
1049
1048
1048
1044
1050
1048
1048
1044
1049
1048
1048
1044
1050
1048
1048
1044
1049
1048
1048
8623
2351
1032
1052
1054
1052
1054
1054
1051
1054
1057
1055
1267
1035
13516
4206
43063
21777
39318
3791
7432
1041
1317
3160
9458
1626
1975
11
1010
10
1503
19464
1010
12
13
1010
1975
29896
1010
1917
20267
1010
5011
38227
2671
5247
1267
1077
7460
1376
1032
1049
1048
1438
1057
1867
1032
1055
1267
3149
4014
21777
39318
3791
7432
63369
1058
5247
59939
8623
4906
1935
1877
1293
13118
1293
8220
1278
2782
1307
15823
17684
1307
2767
92999
9305
3224
1319
56909
1049
1044
42864
1050
1041
1307
28483
1010
1293
1455
1584
101479
1319
2649
4891
1395
11530
1041
1321
1736
9196
1461
8584
1626
1293
12162
1278
2282
81793
1032
1049
1048
1094
1057
1867
1032
1055
1626
1293
13118
1293
2569
34044
1091
1103
1049
5371
1103
1050
1093
1376
2782
1307
9384
1317
16426
22528
6689
1010
1293
2569
1343
1049
1376
3519
1343
5979
1307
42864
1049
1319
1048
4938
9829
1456
1293
2569
1343
1050
1376
3519
1343
5979
1307
42864
1050
1319
1048
4938
9829
1456
1293
34044
1376
16871
1048
1093
1364
1032
1050
1048
1049
1394
1957
1294
4521
1040
1050
1048
1049
17572
1293
34044
1091
1048
5371
1048
1093
1376
1032
1049
1267
1293
1394
2216
1294
28483
1877
1369
1875
3602
1112
1376
16871
1048
1093
1364
1032
1050
1048
1049
1394
1957
1294
4521
1040
1050
1048
1049
17572
1369
1394
1343
1049
1294
4521
1040
1050
1048
1049
3640
1463
1394
1343
1050
1294
4521
1040
1050
1048
1049
3640
1694
1272
1376
34044
1091
1103
1049
5371
1103
1050
2820
1694
1693
1272
2351
1032
1048
1877
2006
8214
1010
1694
2569
85698
3519
3584
1317
42864
1049
1010
1694
1693
1343
1049
2351
1032
1048
1877
2006
4684
1049
1376
2216
1010
1694
2849
1877
2006
4684
1049
1376
20267
3596
5979
15244
1049
1044
2216
1456
1694
1875
3602
1112
1091
1716
1049
5371
1103
1050
1093
1376
1319
3080
3602
1112
1091
1716
1049
5371
1103
1050
1093
1867
1272
1041
2545
70914
1267
1694
2569
85698
3519
3584
1317
42864
1050
1010
1694
1693
1343
1050
2351
1032
1048
1877
2006
4684
1050
1376
2216
1010
1694
2849
1877
2006
4684
1050
1376
20267
3596
5979
15244
1050
1044
2216
1456
1694
1875
3602
1112
1091
1103
1049
5371
1716
1050
1093
1376
1319
3080
3602
1112
1091
1103
1049
5371
1716
1050
1093
1867
1272
1041
2545
70914
1267
1694
2569
85698
3519
3584
1317
17626
9305
1733
1010
1694
1875
3602
1112
1091
1103
1049
5371
1103
1050
1093
1376
1319
3080
3602
1112
1091
1103
1049
5371
1103
1050
1093
1867
1272
1041
2545
70914
1010
1369
34044
1376
1875
3602
1112
1267
1293
2569
10852
24875
2478
2960
9305
3224
1584
2767
92999
1321
1736
9196
1461
8584
1010
1293
5571
1376
1032
1048
1010
1293
1394
1343
1294
4521
1040
1049
1044
1032
1050
1048
1049
3640
1369
5571
1376
1319
1545
1867
34044
1091
1103
5371
1103
8623
2545
70914
1010
1293
1850
5571
1010
1975
11
1010
10
3263
1267
16994
4607
6983
9700
1278
9458
1046
9380
1681
1278
3880
1877
17595
3581
1319
5943
8531
3690
3804
3640
1032
8933
92367
1084
1081
100087
1079
1057
1083
1049
1121
1089
8261
1897
3110
1032
1049
1049
1051
1044
1294
1534
13655
1561
1293
4206
43063
21777
39318
3791
7432
1456
1032
8933
92367
1084
1081
100087
1079
1057
1083
1049
1121
1089
8261
1897
3110
1032
1053
1056
1044
1294
4206
1010
1293
6852
15605
9038
1049
1044
1032
1050
1044
1032
1051
1044
1032
1052
8623
2351
1032
1049
1053
1010
6367
12032
48697
48697
48697
48697
48697
48697
48697
48697
48697
48697
48697
48697
48697
48697
1010
31929
1292
4507
89644
2892
75956
1419
1044
1593
1395
2143
6255
1058
18228
1278
3629
2254
21734
1321
8953
3607
1044
10886
5687
1278
2254
5055
1321
2764
1747
1278
9458
1046
1603
24151
16424
70914
84674
14671
48761
1083
25461
4568
2715
30711
1278
3475
1636
13330
1294
1261
1335
107485
3475
4950
1319
3038
44642
1041
1319
43880
2084
80858
1278
4618
7389
1041
11
1010
10
1503
19464
1010
12
13
1010
1975
29896
1010
1917
20267
1010
5011
38227
2671
5247
1267
1077
7460
1376
1032
1049
1048
1438
1057
1867
1032
1055
1267
3149
4014
21777
39318
3791
7432
63369
1058
5247
59939
8623
4906
1935
1877
1293
13118
1293
20776
1278
2782
1307
17684
1307
2767
92999
9305
3224
1319
56909
1049
1044
42864
1050
1041
1307
28483
1455
34301
1877
1293
1032
1049
1046
1531
9305
3224
42864
1049
1321
42864
1050
1584
101479
1319
2649
4891
1307
28483
1395
4878
2396
2424
1456
1293
1032
1050
1046
1531
1461
8584
1307
1278
6689
1307
42864
1049
1395
9196
1317
1278
1461
8584
1307
1278
6689
1307
42864
1050
1267
1293
12162
1278
3788
2782
1307
2516
17684
81793
1032
1049
1048
1094
1057
1867
1032
1055
1626
1293
13118
1293
2569
34044
1091
1103
1049
5371
1103
1050
1093
1376
2782
1307
9384
1317
16426
22528
6689
1010
1293
2569
1343
1049
1376
3519
1343
5979
1307
42864
1049
1319
1048
4938
9829
1456
1293
2569
1343
1050
1376
3519
1343
5979
1307
42864
1050
1319
1048
4938
9829
1456
1293
34044
1376
16871
1048
1093
1364
1032
1050
1048
1049
1394
1957
1294
4521
1040
1050
1048
1049
17572
1293
34044
1091
1048
5371
1048
1093
1376
1032
1049
1267
1293
1394
2216
1294
28483
1877
1369
1875
3602
1112
1376
16871
1048
1093
1364
1032
1050
1048
1049
1394
1957
1294
4521
1040
1050
1048
1049
17572
1369
1394
1343
1049
1294
4521
1040
1050
1048
1049
3640
1463
1394
1343
1050
1294
4521
1040
1050
1048
1049
3640
1694
1272
1376
34044
1091
1103
1049
5371
1103
1050
2820
1694
1693
1272
2351
1032
1048
1877
2006
8214
1010
1694
2569
85698
3519
3584
1317
42864
1049
1010
1694
1693
1343
1049
2351
1032
1048
1877
2006
4684
1049
1376
2216
1010
1694
2849
1877
2006
4684
1049
1376
20267
3596
5979
15244
1049
1044
2216
1456
1694
1875
3602
1112
1091
1716
1049
5371
1103
1050
1093
1376
1319
3080
3602
1112
1091
1716
1049
5371
1103
1050
1093
1867
1272
1041
2545
70914
1267
1694
2569
85698
3519
3584
1317
42864
1050
1010
1694
1693
1343
1050
2351
1032
1048
1877
2006
4684
1050
1376
2216
1010
1694
2849
1877
2006
4684
1050
1376
20267
3596
5979
15244
1050
1044
2216
1456
1694
1875
3602
1112
1091
1103
1049
5371
1716
1050
1093
1376
1319
3080
3602
1112
1091
1103
1049
5371
1716
1050
1093
1867
1272
1041
2545
70914
1267
1694
2569
85698
3519
3584
1317
17626
9305
1733
1010
1694
1875
3602
1112
1091
1103
1049
5371
1103
1050
1093
1376
1319
3080
3602
1112
1091
1103
1049
5371
1103
1050
1093
1867
1272
1041
2545
70914
1010
1369
34044
1376
1875
3602
1112
1267
1293
2569
10852
24875
2478
2960
9305
3224
1584
2767
92999
1321
1736
9196
1461
8584
1010
1293
5571
1376
1032
1048
1010
1293
1394
1343
1294
4521
1040
1049
1044
1032
1050
1048
1049
3640
1369
5571
1376
1319
1545
1867
34044
1091
1103
5371
1103
8623
2545
70914
1010
1293
1850
5571
1010
1975
11
1010
10
3263
1267
16994
4607
6983
9700
1278
9458
1046
9380
1681
1278
3880
1877
17595
3581
1319
5943
8531
3690
3804
3640
1032
8933
92367
3197
1076
1074
1068
1086
44635
1107
8261
1897
3110
1032
1049
1049
1053
1044
1294
1534
13655
1561
1293
4206
43063
21777
39318
3791
7432
1456
1032
8933
92367
3197
1076
1074
1068
1086
44635
1107
8261
1897
3110
1032
1053
1056
1044
1294
4206
1010
1293
6852
15605
9038
1049
1044
1032
1050
1044
1032
1051
1044
1032
1052
8623
2351
1032
1049
1053
1010
6367
12032
48697
48697
48697
48697
48697
48697
48697
48697
48697
48697
48697
48697
48697
48697
1010
31929
1292
4507
89644
2892
75956
1419
1044
1593
1395
2143
6255
1058
18228
1278
3629
2254
21734
1321
8953
3607
1044
10886
5687
1278
2254
5055
1321
2764
1747
1278
9458
1046
1603
24151
16424
70914
84674
14671
48761
1083
25461
4568
2715
30711
1278
3475
1636
13330
1294
1261
1335
107485
3475
4950
1319
3038
44642
1041
1319
43880
2084
80858
1278
4618
7389
1041
11
1010
10
1503
19464
1010
12
1010
12
11745
1681
1261
11483
2832
2100
1049
1046
1032
1603
25280
73448
1278
7777
1681
18244
24185
1256
1462
1531
3330
8222
1261
2254
21734
2000
12296
21777
39318
3791
7432
63369
1058
5247
59939
8623
4906
1935
1096
1321
1261
8953
3607
1626
1256
1462
3730
1584
2688
5443
26234
1294
1261
2000
6390
1096
2254
1626
1256
1462
1531
3330
8223
1058
1429
16994
4607
6983
9700
1278
9458
19553
1256
1462
1531
3880
1058
2000
8723
15605
9038
1049
1044
1032
1050
1044
1032
1051
1044
1032
1052
8623
2351
1032
1049
1053
1096
9700
1626
1256
1462
1362
2534
1317
5687
2000
12296
21777
39318
3791
7432
1096
17047
1878
1455
1747
9458
2764
1626
1256
1462
1362
4016
16424
22347
1278
9458
1626
1256
1462
1362
2715
4848
1278
2778
3475
1294
1261
4249
3475
4950
44642
1338
1050
1046
1032
1603
25609
3623
1278
29667
24185
1256
1462
2837
2534
1317
4014
17684
1307
2767
92999
9305
3224
1319
56909
1049
1044
42864
1050
1041
1562
2000
70412
1096
2516
1455
1877
1260
1462
42864
1049
1321
42864
1050
1584
101479
1319
2649
11530
26524
4342
1260
1462
1343
5979
46643
1113
1049
1041
2351
1343
5979
46643
1113
1050
4342
1256
1462
12162
1278
4014
81793
1032
1049
1048
1094
1057
1867
1032
1055
1626
1256
1462
83666
21433
1058
1032
1049
9120
9027
63369
1041
9120
1032
1050
1048
1048
1044
1032
1049
9120
28483
3755
1093
9120
1032
1050
1048
1048
1626
1256
1462
1531
2688
5443
4626
3709
11277
1321
4329
10907
1338
1256
9246
1681
4206
1278
11277
1877
1256
1462
2000
12296
21777
39318
3791
7432
9038
1049
1044
1032
1050
1044
1032
1051
1044
1032
1052
8623
1096
2715
1850
1032
1049
1048
5138
1317
1278
8953
3607
1044
1398
5489
1278
2688
90747
2000
3107
1032
1049
1053
1096
1033
32844
1044
1278
8953
3607
8223
2000
35209
4014
21777
39318
3791
7432
9038
1049
1044
1032
1050
1044
1032
1051
1044
1032
1052
8623
1032
1049
1048
7273
1809
1278
2000
6390
1096
2254
1934
2000
8723
15605
9038
1049
1044
1032
1050
1044
1032
1051
1044
1032
1052
8623
2351
1032
1049
1053
9816
2409
1395
1261
15016
1046
1531
3330
8223
1429
24151
16424
70914
84674
14671
48761
1083
2613
4493
1278
2688
64629
1032
1049
1053
1394
48755
1049
1044
1050
1044
1051
1044
1052
1093
7273
1809
1278
8953
3607
8223
1032
1049
1048
1046
1362
2534
1317
2685
1278
9458
1044
1605
1278
8953
3607
11277
1063
49032
1044
1278
8953
3607
1934
2000
35209
4014
21777
39318
3791
7432
9038
1049
1044
1032
1050
1044
1032
1051
1044
1032
1052
8623
1032
1049
1048
7273
1321
1278
4206
2254
1934
2000
8723
15605
9038
1049
1044
1032
1050
1044
1032
1051
1044
1032
1052
8623
2351
1032
1049
1053
9816
4634
35499
1046
1531
3330
24215
8223
1429
24151
16424
70914
84674
14671
48761
1083
2613
1321
1278
3880
1395
2000
8723
15605
9038
1049
1044
1032
1050
1044
1032
1051
1044
1032
1052
8623
2351
1032
1049
1053
9816
4493
1278
6298
4832
1394
48755
1049
1044
1050
1044
1051
1044
1052
39261
4016
1402
1032
1049
1053
5138
1317
1278
9458
1046
1531
8953
3607
4139
1402
8462
1505
1562
1261
2801
4991
1044
1809
1362
4016
2764
1278
9458
1338
1256
9246
1681
1344
41412
1278
4206
2254
21966
1877
1256
49958
1256
56431
4014
21777
39318
3791
7432
9038
1049
1044
1032
1050
1044
1032
1051
1044
1032
1052
8791
1256
1032
1049
1048
1010
1256
49958
1256
1395
1294
1278
8953
3607
1626
1256
3626
2430
1294
2000
6390
1096
1877
1256
49958
1256
6852
15605
9038
1049
1044
1032
1050
1044
1032
1051
1044
1032
1052
8623
2351
1032
1049
1048
1032
2569
32844
1044
2878
1639
4206
1278
7293
5662
3403
1626
1256
49958
1256
49032
1044
7283
1513
1278
5662
3475
1877
1256
49958
1256
56431
4014
21777
39318
3791
7432
9038
1049
1044
1032
1050
1044
1032
1051
1044
1032
1052
8791
1256
1032
1049
1048
1010
1256
49958
1256
3060
4025
1294
2000
6390
1096
1877
1256
49958
1256
6852
15605
9038
1049
1044
1032
1050
1044
1032
1051
1044
1032
1052
8623
2351
1032
1049
1053
1010
1256
49958
1256
32844
1044
1278
3880
5117
8223
1058
2000
8723
15605
9038
1049
1044
1032
1050
1044
1032
1051
1044
1032
1052
8623
2351
1032
1049
1053
9816
4493
1278
2688
64629
1032
1049
1053
1046
1531
8953
3607
8223
1032
1049
1048
1046
1362
2534
1317
8240
1848
1278
6298
19190
1046
58528
1294
2576
7638
1044
1278
8953
3607
11277
4139
1402
1562
1278
4618
4127
1044
1809
1278
5936
9458
11219
1505
2156
1681
1261
2801
6570
1046
3626
1278
3330
8223
1429
24151
16424
70914
84674
14671
48761
1083
2613
4493
1362
4016
3180
2000
12296
21777
39318
3791
7432
9038
1049
1044
1050
1044
1051
1044
1052
8623
1096
1850
1032
1049
1053
1338
1256
9246
1681
3648
2314
1278
4127
1058
8220
17684
1307
101479
2767
92999
9305
3224
1454
9196
1461
8584
1626
1256
2898
48755
1049
1044
1050
1044
1051
1044
1052
1093
7273
2878
1681
23898
4014
1505
42463
1626
1256
7672
102451
1584
6493
1536
26524
1046
9748
6689
1710
1402
13578
1294
4213
1809
26524
1584
11074
1626
1256
2837
2534
15823
17684
1319
56909
1049
1044
42864
1050
36036
1531
4127
8223
1429
1112
7432
1307
2767
92999
9305
3224
1319
56909
1049
1044
42864
1050
114478
53815
15823
17684
1046
9246
1681
4206
1278
2688
48755
1055
1044
1055
39261
64629
1032
1050
1046
3367
15823
1044
1319
11517
1032
1055
1044
2667
1032
1055
1041
1321
1319
13023
1032
1055
1044
2158
1032
1055
1041
2168
1402
1032
1050
1046
3367
1457
40385
1044
1494
2168
1402
1032
1049
1046
4493
1494
1681
15823
17684
1626
1256
2898
48755
1049
1044
1050
1044
1051
1044
1052
1093
7273
2878
1681
3352
1317
24002
23898
1505
3648
1307
1278
43544
1338
1256
9246
1681
26812
1278
43544
5125
1362
1880
3066
1046
1531
4607
3475
8583
1032
1049
1048
1394
48755
1049
1044
1050
1044
1051
1044
1052
39261
1319
1288
1651
8953
3607
1574
1809
1278
2688
17000
1032
1049
1053
1046
12211
1278
6592
9551
1256
17048
1278
4127
24875
1457
40385
17684
1063
3247
13162
1278
6570
1429
15414
53282
1034
1321
1429
15095
92999
1034
1934
2269
6582
1741
1626
1256
9246
1681
1344
41412
1278
8953
3607
1058
1429
23989
1278
2782
1307
17684
1307
2767
92999
9305
3224
1319
56909
1049
1044
42864
1050
1041
1307
28483
1455
34301
1058
1032
1049
1046
1531
9305
3224
42864
1049
1321
42864
1050
1584
101479
1319
2649
4891
1307
28483
1395
4878
2396
2424
1041
1032
1050
1046
1531
1461
8584
1307
1278
6689
1307
42864
1049
1395
9196
1317
1278
1461
8584
1307
1278
6689
1307
42864
1050
2241
1256
12162
1278
3788
2782
1307
2516
17684
81793
1032
1049
1048
1094
1057
1867
1032
1055
1338
1256
9246
1681
2688
3709
5443
68093
1454
15823
17684
1877
1256
28483
1376
1766
1055
1044
1055
3077
3283
2961
1032
1048
1321
1032
1049
1626
1256
58973
15823
17684
1307
101479
2767
92999
9305
3224
1454
9196
1461
8584
1877
1256
42864
1049
18359
1055
1093
1319
26881
1032
1048
1574
42864
1050
18359
1055
1093
1319
26881
1032
1049
1041
4906
1343
5979
1032
1055
2351
1032
1055
1046
22112
1626
1256
42864
1049
18359
1055
1093
1319
26881
1032
1049
1574
42864
1050
18359
1055
1093
1319
26881
1032
1048
1041
4906
22112
1626
1256
42864
1049
18359
1055
1044
1055
1093
1063
3626
2430
42864
1050
4016
1402
101479
1321
2767
92999
1044
1710
2405
1736
6689
1562
25294
1032
1048
1044
1049
1693
42864
1049
8942
2960
1046
4493
42864
1049
18359
1055
1044
1055
3605
42864
1050
1061
2880
11518
1626
1256
5675
2314
42864
1049
18359
1055
3605
42864
1050
18359
1055
1093
1454
2879
4891
1063
5500
8807
1319
15414
53282
4342
1256
4493
3788
1032
1050
15823
17684
1046
7637
8223
2000
8723
15605
9038
1055
1044
1032
1055
8623
2351
1032
1050
9816
79472
15823
17684
1338
1256
9032
48755
1049
1044
1050
1044
1051
1044
1052
39261
4209
1032
1049
1053
1046
9246
1681
3352
1317
42478
1505
3081
1261
5965
1626
1256
17048
1278
4607
43544
1880
1261
19940
1058
1494
4139
1736
35509
4433
30816
1044
1505
13162
1278
3468
5702
1505
39802
1584
12593
2490
1626
1256
9246
1681
3648
2314
1278
43544
1362
9956
1877
1256
2000
28384
1091
1103
1049
5371
1103
1050
39261
2478
1343
1049
68141
1050
1584
1032
1048
1791
1050
1048
1048
1046
1032
1048
4938
9829
1626
1256
2898
2744
2216
1044
1729
1710
2229
1317
42864
1049
1044
42864
1050
1044
1505
17626
1626
1256
3931
1278
2362
1044
4556
34044
1091
1103
5371
1103
1093
1394
1343
17546
1049
1626
1256
2409
24875
15823
17684
1319
56909
1049
1044
42864
1050
1041
2478
42864
1049
1321
42864
1050
1584
8088
1536
63898
2744
3584
1317
42864
1049
1044
42864
1050
1044
1505
17626
1046
2409
2715
1402
6298
1394
15823
101479
9305
3224
1626
1256
12211
2168
48755
1049
1044
1050
1044
1051
1044
1052
39261
5628
1032
1049
1048
8070
1032
1049
1053
9551
1256
9246
1681
23898
24002
1394
1766
1049
1044
1050
1044
1051
1044
1052
1093
1454
1278
43544
13951
1626
1256
17048
1278
6769
1395
1455
9305
3224
1710
1402
2258
2767
92999
19469
1307
26524
1294
3542
1044
1809
1278
43544
83127
2744
3584
22272
1044
1799
29949
1747
4171
9305
3224
17047
3147
3542
1395
33063
1536
8673
3979
1317
3169
1046
49032
1044
1278
43544
24875
1278
2782
1307
9384
1317
12729
101479
9305
3224
1046
9748
1729
2832
2744
3584
1321
16859
2246
34370
1044
2744
5746
10217
1307
9305
3224
23368
1317
10693
1925
3549
1294
1278
43544
1319
31346
26524
1584
11074
1321
3542
3746
9305
1733
1395
1278
4618
3542
1577
4493
1278
43544
2715
1402
6298
1338
1256
9246
1681
50248
68093
1394
1766
1049
1044
1050
1044
1051
1044
1052
1093
13162
1063
5646
1681
114879
1046
9246
1681
3648
1307
4171
12738
1394
70385
1626
1256
17048
1278
4127
43390
9305
3224
1435
49581
1319
3715
20594
89045
1574
1799
1395
5990
1046
1531
43544
39184
1455
1626
1256
17048
1278
1461
8584
1307
1261
4249
3584
1395
1278
3584
7423
1046
1461
8584
1307
9829
1395
1032
1048
1044
1809
1729
4771
2767
92999
1626
1256
17048
1278
2688
2000
8723
15605
9038
1049
1044
1032
1050
1044
1032
1051
1044
1032
1052
8623
2351
1032
1049
1053
1096
1395
8462
1063
3626
3330
8223
2607
2405
22347
9458
1626
1256
32844
1044
1278
8953
3607
8223
2000
35209
4014
21777
39318
3791
7432
9038
1049
1044
1032
1050
1044
1032
1051
1044
1032
1052
8623
1032
1049
1048
9816
3060
1278
4206
1934
2000
8723
15605
9038
1049
1044
1032
1050
1044
1032
1051
1044
1032
1052
8623
2351
1032
1049
1053
9816
2409
1395
1261
3236
60125
1294
1278
16925
1046
1531
3330
4139
1736
3214
1261
27223
1044
1809
1362
4016
2764
1278
9458
1435
4265
1046
1531
3880
5117
8223
1278
57500
9700
1394
2000
3107
1032
1049
1053
9816
4493
2036
3475
4016
1850
1032
1049
1053
1394
1766
1049
1044
1050
1044
1051
1044
1052
11390
1256
9246
1681
1344
11568
14176
1278
4206
2254
6896
1877
1256
49958
1256
56431
4014
21777
39318
3791
7432
9038
1049
1044
1032
1050
1044
1032
1051
1044
1032
1052
8791
1256
1032
1049
1048
1010
1256
49958
1256
2409
1395
1294
1278
8953
3607
1307
1278
2254
1362
2534
1317
5687
1626
1256
6830
4025
1877
1256
49958
1256
6852
15605
9038
1049
1044
1032
1050
1044
1032
1051
1044
1032
1052
8623
2351
1032
1049
1053
1010
1256
49958
1256
2409
1395
1294
1278
2000
6390
1096
2254
1626
1256
3060
1278
3880
1058
2000
8723
15605
9038
1049
1044
1032
1050
1044
1032
1051
1044
1032
1052
8623
2351
1032
1049
1053
1096
9700
3147
15605
8583
1032
1049
1048
1626
1256
4493
1362
2534
1317
3180
1494
1850
1032
1049
1053
1338
1256
17048
1278
4127
24875
1457
40385
17684
1063
3367
1457
40385
1044
1766
1055
1044
1055
1093
2168
1402
1032
1049
1044
1809
2688
8223
1032
1050
1046
4493
1494
1681
15823
1626
1256
17048
1278
4127
9985
42864
1049
1321
42864
1050
1317
1402
1294
2258
3542
1809
24875
2744
10217
5785
1063
3501
1044
1766
1055
1044
1055
1093
4906
1032
1050
24277
15823
1338
1256
9246
1681
3648
30816
1058
12494
1278
43544
7560
1317
34864
1278
2937
2478
42864
1049
1321
42864
1050
1584
1429
9920
13194
69235
3501
1044
2688
1766
1055
1044
1055
1093
1376
1032
1050
4938
15823
1338
1256
32844
1044
2481
1494
1402
1455
1278
4127
43390
9305
3224
1435
2767
92999
1044
1809
1278
43544
24875
1278
9829
9305
1733
1435
5746
1394
1925
1307
2424
39833
1063
4890
43544
15202
1454
34044
1091
1103
5371
1103
1093
1394
1343
17546
1049
1044
1799
114952
5443
2478
1925
1395
9829
3147
1343
17546
1049
4938
2960
1736
1343
5979
9218
1049
1044
1878
2960
2767
92999
1046
3626
2549
1693
42864
1049
1321
42864
1050
1584
1278
2879
9305
1733
1063
4159
1710
2405
1402
3147
2127
4016
1402
101479
1046
4493
1455
1681
7771
1338
1256
9246
1681
6123
6628
1058
2409
4127
10637
2479
1261
4629
13968
2975
2455
1505
2301
1304
5603
4127
1063
1429
12296
9305
1733
17684
1034
1454
1461
8584
1046
17048
1494
1681
1562
1261
21448
1046
1531
22855
1058
28483
5592
9120
1032
1050
1048
1048
1044
28483
3755
1093
9120
1032
1050
1048
1048
1046
7597
1032
1049
1101
1057
1043
1055
1626
1256
1362
26938
1261
4127
1058
1429
6669
17684
1307
101479
9305
3224
1454
9196
1461
8584
3871
17048
1278
4014
6987
17684
2478
42864
1049
1321
42864
1050
1584
2767
92999
1044
101479
1044
1321
1343
5979
9196
1046
33092
1278
4832
1394
1766
1049
1044
1050
1044
1051
1044
1052
1093
1395
16106
1032
1049
1053
1693
1729
4014
4433
2849
1338
1256
9246
1681
3352
1317
42463
1278
4014
1394
1766
1049
1044
1050
1044
1051
1044
1052
1093
23898
1454
1261
3709
8466
68093
1063
5500
9517
1626
1256
54818
1058
17048
1278
4607
43544
1880
1261
19940
1058
2000
2978
3596
5979
1096
2715
1402
2000
2978
3596
5979
69524
49032
2000
2978
3596
5979
1096
6354
2405
4335
1059
1494
1681
2000
2978
3596
5979
1096
1294
17616
1032
1051
1046
1057
1043
1063
32844
1044
2000
2978
3596
5979
1096
1395
2000
2978
3596
5979
69524
3501
1044
2000
2978
3596
5979
1096
1486
10939
1294
17616
1032
1051
1046
1053
1044
1809
2000
2978
3596
5979
1096
1395
7442
2000
2978
3596
5979
69524
9246
1681
4206
1058
2000
2978
3596
5979
1096
1395
6298
1044
1809
10463
3306
2210
2000
2978
3596
5979
9816
49032
1044
2000
2978
3596
5979
1096
1395
1278
2254
1046
2000
2978
3596
5979
1096
12123
1046
3626
1294
1278
3475
1362
9956
2000
2978
3596
5979
15244
1049
1044
2216
94799
5646
1681
6298
1046
3886
1044
2000
2978
3596
5979
1040
1048
1044
2460
17783
10721
2000
1120
9816
1656
2036
3475
1044
1362
33791
2000
1103
1049
2351
1032
1048
1096
25729
1044
1878
1494
1681
7771
1338
1256
17048
1278
6769
1395
1455
9305
3224
1584
6493
1536
4213
1044
1605
26524
1063
1429
2649
4891
1307
28483
1395
4878
2396
2424
1034
4938
26524
4016
1402
101479
1046
4890
43544
8942
2744
3584
5785
1044
1878
26524
1584
74569
101479
1338
1256
9246
1681
1344
41412
1278
4206
2254
21966
1046
3730
1584
3325
109595
1046
1531
2158
4517
1877
1256
49958
1256
6852
15605
9038
1049
1044
1032
1050
1044
1032
1051
1044
1032
1052
8623
2351
1032
1049
1053
1010
1256
6852
15605
9038
1050
1051
1044
1050
1056
90743
8623
2351
1032
1052
1052
1049
1057
1055
1051
1049
1049
1010
1256
6852
15605
9038
1050
1057
1044
1050
1049
90743
8623
2351
1032
1055
1055
1048
1051
1056
1056
1051
1049
1052
1010
1256
6852
15605
9038
1050
1048
1048
1044
1049
1048
1048
90743
8623
2351
1032
1052
1054
1052
1054
1054
1051
1054
1057
1055
1010
1256
49958
1256
3060
1278
10234
10907
1877
1256
49958
1256
6852
15605
9038
1055
1044
1032
1055
8623
2351
1032
1050
1010
1256
6852
15605
9038
1049
1044
1032
1056
8623
2351
1032
1048
1010
1256
6704
1626
1256
49958
1256
3060
4249
3584
5443
1747
1032
1048
1626
1256
10638
3584
5443
1338
1256
32844
1044
1278
8953
3607
8223
2000
35209
4014
21777
39318
3791
7432
9038
1049
1044
1032
1050
1044
1032
1051
1044
1032
1052
8623
1032
1049
1048
7273
1809
1278
2688
8223
1032
1049
1053
1046
1531
3330
8223
1429
24151
16424
70914
84674
14671
48761
1083
2613
4493
1362
2715
21965
1278
8953
3607
1681
3336
4848
1693
1494
35714
1454
1278
9458
1044
1505
13162
1278
8953
3607
1395
2586
3037
2535
1321
1278
7293
6878
8033
1395
6493
1536
1278
9458
1046
1531
3330
4139
1736
41858
1261
4127
2478
1278
8953
3607
11277
1584
1562
1278
4618
4127
1044
1809
1278
5936
9458
1584
2801
1046
1362
4016
2764
1278
5936
9458
1338
1256
9246
1681
3648
1058
13162
1278
4127
24875
15823
17684
1319
56909
1049
1044
42864
1050
1041
2478
42864
1049
1321
42864
1050
1584
2767
92999
1044
101479
1044
1321
1343
5979
46643
1113
1049
1041
2351
1343
5979
46643
1113
1050
1577
2898
1766
1049
1044
1050
1044
1051
1044
1052
3605
13162
1278
4832
1395
1032
1049
1053
1046
9246
1681
3352
1317
3081
1261
5965
1505
7418
1261
7586
12957
92098
6613
1063
5500
40244
1338
1256
17048
1278
4607
43544
5558
84496
1115
1505
114393
4433
1046
9246
1681
1344
11568
14176
1278
43544
3468
1626
1256
2000
28384
1091
1103
1049
5371
1103
1050
39261
2453
8673
1747
6689
1046
1531
39802
1877
1256
2898
2744
2216
1044
1875
3602
1112
1091
1716
1049
5371
1103
1050
1093
5773
34044
1091
1103
1049
5371
1103
1050
1093
1319
30292
1317
42864
1049
1456
1256
1875
3602
1112
1091
1103
1049
5371
1716
1050
1093
5773
34044
1091
1103
1049
5371
1103
1050
1093
1319
30292
1317
42864
1050
1456
1256
1875
3602
1112
1091
1103
1049
5371
1103
1050
1093
5773
34044
1091
1103
1049
5371
1103
1050
1093
1319
30292
1317
17626
1456
1256
2409
17047
24875
1278
2782
1307
9384
1317
2071
101479
9305
3224
1046
11796
3584
1934
1032
1051
24207
1058
42864
1049
1044
42864
1050
1044
17626
1046
1531
1343
5979
26840
17047
1626
1256
3931
1278
2362
1044
4556
34044
1091
1103
5371
1103
1093
1394
1343
1294
1032
1049
1791
1050
1048
1048
1626
1256
12211
2168
1593
5628
1032
1049
1048
1394
1766
1049
1044
1050
1044
1051
1044
1052
1093
1321
1278
2688
17000
1032
1049
1053
9551
1256
9246
1681
2688
1454
1261
27465
3336
1058
28483
1376
1766
1049
3077
1032
1010
1256
58973
17684
1058
42864
1049
4016
1402
2767
92999
1044
42864
1050
2767
92999
1044
101479
1046
14099
1925
3584
1044
1710
2405
1736
2960
2767
92999
1321
101479
1046
4493
1032
1048
1046
4890
43544
1058
34044
1091
1048
5371
1048
18652
1049
1046
18111
1032
1049
1058
1875
3602
1112
1091
1049
5371
1048
1093
5773
1049
1319
1611
42864
1049
1574
1875
3602
1112
1091
1048
5371
1049
1093
5773
1049
1319
1611
42864
1050
1574
1875
3602
1112
1091
1048
5371
1048
1093
5773
1049
1319
1546
4379
1577
5417
9165
1044
4556
34044
1091
1103
5371
1103
1093
1394
1343
17546
1049
1058
34044
1091
1049
5371
1049
1093
1395
1032
1048
1046
4493
1032
1048
1046
87482
1626
1256
28483
1376
1766
1049
1044
1049
3077
3283
2961
1032
1048
1044
1049
1626
1256
9246
1681
2951
15823
17684
1307
101479
2767
92999
9305
3224
1454
9196
1461
8584
1626
1256
68175
1058
2295
1032
1049
1115
1046
1461
8584
1307
2258
2767
92999
9305
1733
1307
1032
1049
1115
1395
1032
1049
1626
1256
58973
42864
1049
1044
42864
1050
1877
1256
42864
1049
18359
1049
1093
1319
26881
1048
1574
42864
1050
18359
1049
1093
1319
26881
1049
1041
4906
1343
5979
1032
1049
3107
1049
1046
22112
1626
1256
42864
1049
18359
1049
1093
1319
26881
1049
1574
42864
1050
18359
1049
1093
1319
26881
1048
1041
4906
22112
1626
1256
42864
1049
18359
1049
1044
1049
3605
42864
1050
1061
2880
1710
2405
1402
2767
92999
101479
3147
2342
2295
6689
1044
2960
2434
1294
42864
1049
1046
4493
42864
1050
9829
20520
1626
1256
42864
1049
18359
1049
1093
1319
26881
1048
1574
42864
1050
18359
1049
1044
1049
1093
1063
5500
101479
1626
1256
5675
2314
42864
1049
18359
1049
1093
1319
26881
1048
1574
42864
1050
18359
1049
1093
1319
26881
1048
36036
5500
101479
1319
57223
4891
4342
1256
4493
2342
1032
1050
15823
17684
1063
3626
7377
1044
1710
42864
1049
1402
1766
1049
1093
1321
42864
1050
1402
1766
1049
1093
1809
1799
1032
1049
1063
9748
2127
1584
9305
3224
1044
26524
8122
1046
4493
1032
1050
1626
1256
5675
2314
42864
1049
18359
1049
1044
1049
1093
1321
42864
1050
1061
4344
1063
41451
1626
1256
4493
1394
1766
1049
1044
1049
3605
4832
2715
1402
1032
1050
1626
1256
9246
1681
3160
2036
43544
68093
1394
1766
1049
1044
1049
30689
1256
13336
34044
1091
1048
5371
1048
18652
1049
1626
1256
18111
2158
1032
1049
1877
1256
1875
3602
1112
1091
1049
5371
1048
18652
1049
1044
1875
3602
1112
1091
1048
5371
1049
18652
1049
1044
1875
3602
1112
1091
1048
5371
1048
18652
1049
1626
1256
18111
2667
1032
1049
1877
1256
8956
34044
3468
1319
1049
1044
1048
1041
1272
1061
1049
1877
1260
16426
1317
42864
1049
1058
4684
1049
1376
1343
5979
1040
1049
1044
1049
8429
1049
4906
1875
3602
1112
1091
1049
5371
1048
1093
5773
1049
1010
1260
16426
1317
42864
1050
1058
4684
1050
1376
1032
1049
4906
1875
3602
1112
1091
1049
5371
1049
1093
5773
1049
1010
1260
16426
1317
17626
1058
1875
3602
1112
1091
1049
5371
1048
1093
5773
1049
1010
1256
8956
1319
1048
1044
1049
1041
1272
1061
1049
1877
1260
16426
1317
42864
1049
1058
4684
1049
1061
1049
4906
1875
3602
1112
1091
1049
5371
1049
1093
5773
1049
1010
1260
16426
1317
42864
1050
1058
4684
1050
1061
1049
4906
1875
3602
1112
1091
1048
5371
1049
1093
5773
1049
1010
1260
16426
1317
17626
1058
1875
3602
1112
1091
1048
5371
1049
1093
5773
1049
1010
1256
8956
1319
1048
1044
1048
1041
1272
1061
1049
1877
1260
16426
1317
42864
1049
1058
1875
3602
1112
1091
1049
5371
1048
1093
5773
1049
1010
1260
16426
1317
42864
1050
1058
1875
3602
1112
1091
1048
5371
1049
1093
5773
1049
1010
1260
16426
1317
17626
1058
1875
3602
1112
1091
1048
5371
1048
1093
5773
1049
1010
1256
9246
1681
4556
1875
3602
1112
1091
1049
5371
1049
30689
1256
8956
1319
1049
1044
1048
1041
16426
1317
42864
1050
1058
1867
1049
1010
1256
8956
1319
1048
1044
1049
1041
16426
1317
42864
1049
1058
1867
1049
1010
1256
12153
1875
3602
1112
1091
1049
5371
1049
1093
1376
1032
1050
1626
1256
5417
9165
1044
4556
34044
1091
1103
5371
1103
1093
1376
34044
1091
1049
5371
1049
1093
1376
1032
1050
1626
1256
4493
2036
43544
10177
1032
1050
1394
1766
1049
1044
1049
3077
5646
7444
6298
1394
15823
17684
1338
1256
9032
1766
1049
1044
1050
1044
1051
1044
1052
1093
4209
1032
1049
1053
1046
4890
43544
7867
1032
1049
1048
1651
8953
3607
1063
49032
1278
8953
3607
8223
2000
35209
4014
21777
39318
3791
7432
9038
1049
1044
1032
1050
1044
1032
1051
1044
1032
1052
8623
1032
1049
1048
7273
1809
1362
2607
2405
2840
2549
2036
4607
3475
8583
10693
1044
1809
1278
3880
8223
1494
8583
1032
1049
1048
1321
2688
6878
1032
1049
1053
1046
4493
2036
43544
6906
10721
1032
1049
1048
1394
1766
1049
1044
1050
1044
1051
1044
1052
3077
12211
1032
1049
1053
9551
1256
17048
1278
4127
24875
1457
40385
17684
1063
3626
1766
1055
1044
1055
1093
4906
1032
1050
35499
1115
1455
1319
118165
2168
1402
1032
1049
4342
1256
17048
1278
4127
9985
42864
1049
1321
42864
1050
1317
1402
1294
2258
3542
1809
24875
1319
56909
1049
1044
42864
1050
1041
1321
1319
56909
1050
1044
42864
1049
1041
1435
1278
2879
10217
1063
3501
1044
1766
1055
1044
1055
1093
1376
1032
1050
4938
15823
1626
1256
17048
1278
4127
43390
9305
3224
1435
10651
1307
4213
1044
1605
26524
1063
3626
1429
15414
53282
1319
2649
4891
1307
28483
1395
4878
2396
2424
18881
11904
4938
26524
1626
1256
17048
1278
1461
8584
6570
1395
2801
1063
1429
1784
1461
8584
1307
1278
6689
1307
42864
1049
1395
9196
1317
1278
1461
8584
1307
1278
6689
1307
42864
1050
2241
1256
17048
1278
4127
24875
17684
2478
42864
1049
1321
42864
1050
1584
2767
92999
1044
101479
1044
12164
1278
1461
8584
1307
1747
6689
1294
42864
1049
33197
1461
8584
1307
1747
6689
1294
42864
1050
1044
1809
2095
13162
42864
1049
1321
42864
1050
1710
1402
9196
1294
6856
1307
3528
44400
1063
3501
1338
1256
9246
1681
3648
1058
2481
1494
1402
1455
1278
43544
24875
2269
17684
6245
5213
1505
114393
2269
1063
1656
2036
43544
1044
2744
3584
1395
22528
5785
1044
1321
1729
3180
1261
10284
1046
2409
2715
4014
2744
5746
10217
10693
5785
1044
3147
1394
1261
4265
10217
1307
101479
9305
3224
1319
56909
1049
1044
42864
1050
1574
1278
6689
1294
42864
1049
1584
14451
1317
42864
1049
1044
3385
1294
42864
1050
1317
42864
1050
1044
1321
1278
3067
1317
17626
1046
9748
1278
9305
3224
1584
6493
1536
2034
4891
10651
1044
1593
1395
1261
128445
1491
1046
4493
1278
43544
2715
1402
6298
1338
1256
12211
2168
1766
1049
1044
1050
1044
1051
1044
1052
1093
1402
1032
1049
1053
1063
9246
1681
3352
1317
3081
1693
2156
1681
2258
2147
19190
1046
17048
1278
4127
25747
1394
17684
1307
2767
92999
9305
3224
1319
3715
20594
101479
1063
3626
8953
3607
8223
101479
5203
1429
1784
9305
3224
42864
1049
1321
42864
1050
1584
101479
1319
2649
4891
1307
28483
1395
4878
2396
2424
18881
1462
6133
1626
1256
17048
1429
6156
102451
1034
3226
4938
89045
2155
93158
1063
53815
9305
1733
4938
1605
20594
89045
1046
3367
1494
1722
2155
93158
1044
1766
1049
1044
1050
1044
1051
1044
1052
1093
2155
93158
2880
1809
2430
1766
1055
1044
1055
1093
2168
1402
2155
93158
1307
5592
1032
1049
1513
2801
12197
1044
11735
1032
1050
1046
3626
9305
1733
1395
5990
1338
1256
32844
1044
13162
1278
4127
1395
1562
1261
4629
5211
1046
1362
26938
1261
13968
2975
2455
4127
1058
1429
1071
8584
8220
1302
1034
1505
4510
1046
3247
13162
1494
1681
1562
2301
1304
5603
1429
6669
1390
7432
1307
8867
53282
7672
102451
1454
93655
1461
8584
69235
5500
5257
1338
1256
9246
1681
6123
2036
6628
1058
3730
1681
1261
4127
1429
6984
1307
1390
7432
1307
8867
53282
7672
102451
1454
93655
1461
8584
1034
13162
1562
1261
21448
1046
1531
22855
1058
28483
5592
9120
1032
1050
1048
1048
1044
28483
3755
1093
9120
1032
1050
1048
1048
1046
7597
1032
1049
1101
1057
1043
1055
1626
1256
1362
3648
1362
6483
5753
1261
4510
4127
2478
1278
4832
1394
1766
1049
1044
1050
1044
1051
1044
1052
1093
1395
16106
1032
1049
1053
1046
9246
1681
3352
1317
42463
1032
1049
1053
23898
1505
96594
1626
1256
3367
2036
43544
10177
1032
1049
1048
1044
2549
1584
1278
1032
1049
1048
17684
1394
1766
1049
1044
1050
1044
1051
1044
1052
1093
9551
1256
17048
1362
1710
7418
1261
7586
12957
92098
6613
1394
1766
1049
1044
1050
1044
1051
1044
1052
1093
1454
3709
1308
1063
3730
1584
1032
1050
1094
1052
1376
1032
1049
1054
49581
1046
2898
2744
10217
1307
101479
2767
92999
49581
1044
4206
1343
5979
9196
1046
13223
22482
1319
56909
1049
1044
42864
1050
1577
12153
17684
1307
101479
2767
92999
9305
3224
1058
1394
2744
3584
1044
1032
1051
24207
1319
56909
1049
1044
42864
1050
1044
17626
1574
1809
34864
5443
2478
42864
1049
9829
1505
42864
1050
9829
1046
12153
56466
1376
1032
1051
1094
1052
1376
1032
1056
1049
1046
7672
79659
3385
1454
42864
1049
9829
1058
1032
1050
1094
1052
1376
1032
1049
1054
1319
28366
3584
1317
42864
1050
1505
17626
1577
7672
79659
3385
1454
42864
1050
9829
1058
1032
1049
1054
1046
6225
2595
3385
2960
9829
1058
1032
1049
1046
4493
3788
5746
56466
1376
1032
1056
1049
1462
1032
1049
1054
1462
1032
1049
1054
1867
1032
1049
1376
1032
1053
1048
1046
18935
2576
1032
1053
1048
1044
1729
2534
1343
5979
46643
1113
1049
1041
2351
1343
5979
46643
1113
1050
1577
4890
43544
62503
34044
1091
1103
5371
1103
1093
1799
2715
1402
1261
19469
1307
2576
1032
1053
1048
1046
1531
8953
3607
8223
1032
1049
1048
1044
2688
8223
1032
1049
1053
1046
4493
1032
1049
1048
1307
1278
1032
1053
1048
1736
9196
1343
5979
5138
1317
8953
3607
1044
1032
1049
1053
5138
1317
2688
1046
27923
1395
3169
1063
1362
2534
1317
2764
1278
2688
1044
1878
1032
1049
1053
1338
1256
17048
1278
4127
24875
15823
17684
1319
56909
1049
1044
42864
1050
1041
1809
43390
42864
1049
1321
42864
1050
1435
9305
3224
2478
1278
3542
1307
6689
22482
1063
3626
9305
3224
5314
33972
3542
1046
1531
1461
8584
6354
2405
3831
2314
3542
1338
1256
32844
1033
17048
1278
4127
9985
42864
1049
1321
42864
1050
1317
1402
2258
2767
92999
9305
3224
1319
3715
20594
2505
1747
6689
1044
1321
101479
1574
1809
1278
10217
1319
56909
1049
1044
42864
1050
1041
1395
15823
1044
12164
1278
1461
8584
1307
1420
9829
9305
1733
1395
6493
1435
1032
1048
1063
3501
1044
8953
3607
8223
2767
92999
1338
1256
9246
1681
1344
41412
1278
8953
3607
21966
1058
1429
23989
1278
2782
1307
17684
1307
2767
92999
9305
3224
1319
56909
1049
1044
42864
1050
1041
1307
28483
1455
34301
1058
1032
1049
1046
1531
9305
3224
42864
1049
1321
42864
1050
1584
101479
1319
2649
4891
1307
28483
1395
4878
2396
2424
1041
1032
1050
1046
1531
1461
8584
1307
1278
6689
1307
42864
1049
1395
9196
1317
1278
1461
8584
1307
1278
6689
1307
42864
1050
2241
1256
1429
15773
1278
3788
2782
1307
2516
17684
81793
1032
1049
1048
1094
1057
1867
1032
1055
19553
1256
1531
11277
1294
8953
3607
1058
48755
1049
1044
1050
1044
1051
1044
1052
1093
4906
1032
1049
1048
7273
48755
1049
1048
1044
1050
1048
1044
1051
1048
1093
4906
1032
1050
7273
48755
1049
1044
1049
1044
1049
1044
1049
1093
4906
1032
1053
1048
51330
1256
1531
2688
29196
1058
2000
8723
15605
9038
1049
1044
1032
1050
1044
1032
1051
1044
1032
1052
8623
2351
1032
1049
1053
7273
2000
8723
15605
9038
1049
1048
1044
1032
1050
1048
1044
1032
1051
1048
8623
2351
1032
1050
7273
2000
8723
15605
9038
1049
1044
1032
1049
1044
1032
1049
1044
1032
1049
8623
2351
1032
1053
1048
51330
1256
58299
1058
48755
1049
1048
1044
1050
1048
1044
1051
1048
1093
4906
1032
1050
1096
1294
2960
8953
3607
1321
2688
1046
48755
1049
1044
1049
1044
1049
1044
1049
1093
4906
1032
1053
1048
1096
1294
2960
1033
4493
1278
2342
15016
1395
48755
1049
1044
1050
1044
1051
1044
1052
39261
1058
8953
3607
8223
1032
1049
1048
1044
2688
8223
1032
1049
1053
1046
3060
1278
3330
8223
1429
24151
16424
70914
84674
14671
48761
1083
2613
4493
1278
2688
64629
1032
1049
1053
1046
1362
4016
3180
1278
2254
1850
1032
1049
1053
1394
1766
1049
1044
1050
1044
1051
1044
1052
11390
1256
12211
2168
1766
1049
1044
1050
1044
1051
1044
1052
1093
1402
1032
1049
1053
1063
17048
2036
43544
1395
11779
2269
17684
1505
36359
2269
20520
10907
1046
9246
1681
26812
1766
1049
1044
1050
1044
1051
1044
1052
1093
1454
1278
1032
1053
1048
3788
56466
1046
2837
2534
1343
5979
46643
1113
1049
1041
2351
1343
5979
46643
1113
1050
1577
9246
1681
2951
1747
1032
1053
1048
1321
24002
1343
5979
1115
1063
17048
1362
1710
3081
1261
5965
1626
1256
68175
1058
1032
1049
1044
1050
1044
1051
1044
1052
1626
1256
1461
8584
1115
4171
1058
1032
1049
1044
1050
1044
1051
1044
1052
1626
1256
9246
1681
2951
1747
101479
2767
92999
9305
1733
17684
1319
40385
1041
1321
2034
1343
5979
1115
1626
1256
9748
1308
1061
1052
1044
1729
1710
54562
3648
1626
1256
3626
13162
2156
1681
1261
2801
43544
3468
1505
13284
1626
1256
32844
1044
2481
1494
1402
1455
1278
4127
43390
9305
3224
1435
49581
1319
1714
8045
3542
1041
1809
3637
101479
1536
26524
1063
5646
1681
2549
1362
2697
1338
1256
9246
1681
3648
7805
1278
7616
1058
13162
1278
4127
24875
17684
1319
56909
1049
1044
42864
1050
1041
2478
42864
1049
1321
42864
1050
1584
2767
92999
1044
101479
1044
1321
1343
5979
46643
1113
1049
1041
2351
1343
5979
46643
1113
1050
1574
1398
5489
42864
1049
1321
42864
1050
1584
6090
1435
111950
3083
1307
4213
1044
1321
1278
10217
1319
56909
1049
1044
42864
1050
1041
1395
1457
40385
1063
3626
1766
1055
1044
1055
1093
4906
1032
1050
63518
3741
1457
40385
1626
1256
5675
1693
1766
1055
1044
1055
1093
4906
1032
1050
3147
2156
1584
2295
1032
1055
1115
1044
1321
15823
17684
1307
4249
65251
9305
3224
1058
1319
11517
1044
2667
1041
1321
1319
13023
1044
2158
1577
5646
1681
15823
1338
1256
17048
1278
2688
2000
8723
15605
9038
1049
1044
1032
1050
1044
1032
1051
1044
1032
1052
8623
2351
1032
1049
1053
1096
1395
1261
96948
1294
1278
16925
1044
1809
1362
4016
2685
1494
1046
1531
3330
8223
1429
16994
4607
6983
9700
1278
9458
2613
1321
6122
1278
3880
1046
1362
2534
1317
4848
3475
1455
22405
1747
9458
1046
1362
2715
12319
1278
9458
2136
1278
8953
3607
11277
2200
2127
15016
1044
1435
1278
3330
24215
8223
1429
24151
16424
70914
84674
14671
48761
1083
4043
1256
9246
1681
1344
11568
14176
2036
43544
3475
1046
3316
2156
2258
11611
1455
2000
2978
3596
5979
1096
1395
8462
1063
1656
17616
1044
2000
2978
3596
5979
1096
12123
1044
1809
2000
2978
3596
5979
1096
1395
7442
2000
2978
3596
5979
69524
32844
1044
17616
1681
20267
8939
1934
2000
1103
5979
9816
2000
2978
3596
5979
1096
1395
1605
1261
6588
1059
1494
1681
2000
2978
3596
5979
9816
49032
1044
2000
2978
3596
5979
1096
1486
5949
1294
17616
1032
1051
1046
1053
1044
1321
2000
2978
2656
12790
1096
1294
1032
1051
1046
1057
1046
3626
2000
2978
3596
5979
1096
1395
6298
1046
3886
1044
2269
15628
4139
1736
2000
2978
3596
5979
1096
1435
34097
1046
1362
7534
2210
2000
2978
3596
5979
9816
3626
7377
1044
1294
1278
3475
1362
9956
2000
2978
3596
5979
15244
1049
1044
2216
94799
5646
1681
7771
1338
1256
17048
1278
6769
1395
1455
1278
43544
24875
1278
2782
1307
9384
1317
16426
6689
1044
1809
9305
3224
1584
6493
1536
1278
7293
4213
1044
1321
1693
2156
1584
28767
4213
1044
13162
2269
56466
9470
1278
2879
9305
1733
10217
1063
3501
1044
26524
1584
11074
1044
1878
2744
26181
1395
1261
8877
10217
1307
9305
3224
1319
31346
9305
3224
1584
6493
1536
4891
10651
1577
1531
4127
8223
1429
2649
4891
1307
28483
1395
4878
2396
2424
1897
1878
26524
1584
1278
3844
1338
1256
9246
1681
2688
2036
43544
13951
1408
1766
1049
1044
1050
1044
1051
1044
1052
1093
1536
9664
1261
3709
8466
1294
2036
3518
1063
17048
1362
1710
3081
1278
1032
1049
1048
8070
1032
1049
1053
70385
1626
1256
12153
5746
56466
1319
15414
53282
2767
92999
4244
1032
1053
1048
1435
21564
1626
1256
2837
2534
1343
5979
46643
1113
1049
1041
2351
1343
5979
46643
1113
1050
4342
1256
9246
1681
2951
1747
1032
1053
1048
1321
3204
1536
1343
5979
10217
1063
17048
1278
4832
1032
1049
1048
1505
1032
1049
1053
14620
1408
5627
1729
3369
1319
56909
1049
1044
42864
1050
1041
2478
42864
1049
1321
42864
1050
1584
2767
92999
1321
101479
1046
26243
1278
4127
28256
9305
3224
1435
89045
2155
93158
1063
9246
1681
4206
1058
1693
9305
3224
1584
89045
2155
93158
1044
2430
1394
1766
1049
1044
1050
1044
1051
1044
1052
3605
2155
93158
1584
3325
1046
3626
1766
1049
1044
1049
1044
1049
1044
1049
1093
4906
1032
1053
1048
1063
3367
89045
1044
1766
1049
1044
1049
1044
1049
1044
1049
1093
5592
1032
1052
1934
2155
93158
1058
26524
1766
1048
39150
1049
39150
1050
39150
1051
3605
1766
1048
1044
1049
39150
1049
1044
1050
39150
1050
1044
1051
3605
1766
1048
1044
1049
1044
1050
39150
1049
1044
1050
1044
1051
3605
1766
1048
1044
1049
1044
1050
1044
1051
3077
12153
1032
1049
1048
2155
93158
1046
1390
7432
1307
101479
2767
92999
2155
93158
1454
9196
1461
8584
1063
1461
8584
1307
2155
5477
1307
1032
1049
1115
1395
5282
1032
1049
1046
8867
53282
2767
92999
2155
93158
1058
1729
2534
2295
2155
93158
1455
2607
2405
30079
1046
8220
15823
17684
1063
2409
2481
1402
1032
1053
1048
1063
17048
1046
3626
1278
4127
8223
1429
6156
102451
1897
1799
7754
4938
1605
20594
89045
1046
3886
1044
10463
7638
2210
1429
6156
39318
1034
80961
1046
3626
1278
8953
3607
8223
1429
6156
102451
1897
1321
1278
22855
28483
3755
1093
9120
1032
1050
1048
1048
1044
9027
9120
1032
1050
1048
1048
1046
3367
1494
1722
2155
93158
1044
1278
43544
2168
1402
2801
1338
1256
9246
1681
4206
1278
2688
48755
1055
1044
1055
1093
2351
1032
1050
9816
3367
89045
2155
93158
1044
1766
1055
1044
1055
1093
1934
2155
93158
1058
1766
1055
1093
1513
25294
1048
1044
1766
1055
1093
1513
25294
1049
1044
1766
1055
1044
1055
3077
8867
53282
2767
92999
2155
93158
1454
1343
5979
1032
1055
1058
26593
1055
1093
1048
1044
1766
1055
1093
1049
1041
1321
26593
1055
1093
1049
1044
1766
1055
1093
1048
1041
4906
1032
1050
1046
9840
26593
1055
1044
1055
3605
3082
1041
1710
2405
1736
101479
2767
92999
1046
4493
1032
1050
14175
2960
56294
1626
1256
7637
48755
1049
1044
1056
1093
2351
1032
1048
9816
3367
9305
3224
1044
1343
5979
1040
1049
8429
1049
1044
1343
5979
1040
1056
8429
1056
1044
4772
9196
15388
2960
1032
1049
1505
2960
1032
1056
1044
1809
2342
1925
2744
1046
1032
1048
14175
1626
1256
7637
48755
1056
1044
1054
1093
2351
1032
1048
9816
1343
5979
1040
1056
8429
1056
1044
1343
5979
1040
1054
8429
1054
1046
1032
1048
1626
1256
7637
48755
1056
1044
1055
1093
2351
1032
1048
51330
1256
7637
48755
1049
1044
1054
1093
2351
1032
1048
51330
1256
7637
48755
1057
1044
1049
1093
2351
1032
1048
51330
1256
7637
48755
1055
1044
1056
1093
2351
1032
1048
51330
1256
7637
48755
1049
1048
1044
1052
1093
2351
1032
1048
51330
1256
3797
2576
2295
65251
5443
1454
11074
8091
1605
23288
1343
5979
5628
1032
1048
1046
3367
2127
11530
1343
5979
1044
13162
2767
61174
1063
3626
2127
2607
2405
1338
1256
5675
2314
48755
1049
1044
1049
1044
1049
1044
1049
1093
4906
1032
1053
1048
69524
3367
2036
43544
10177
1032
1053
1048
1394
1766
1049
1044
1049
1044
1049
1044
1049
3605
2878
1681
4206
1046
104913
1362
2697
1766
1049
1044
1049
1093
4906
1032
1050
1046
2898
1766
1049
1044
1049
1044
1049
1044
1049
3605
3788
56466
1376
1032
1051
1094
1052
1462
1032
1050
1042
1050
1094
1052
1867
1032
1049
1376
1032
1056
1049
1462
1032
1051
1050
1867
1032
1049
1376
1032
1053
1048
1046
3060
4136
1747
1343
5979
1115
1584
1032
1049
1044
3387
5746
26181
1934
1343
5979
46643
1113
1049
8429
1049
1321
1343
5979
46643
1113
1050
8429
1049
1046
4493
1278
4832
2715
1402
10693
1032
1053
1048
1033
3060
1278
2688
8223
2000
8723
15605
9038
1049
1044
1032
1049
1044
1032
1049
1044
1032
1049
8623
2351
1032
1053
1048
9816
4890
43544
2168
4556
34044
1091
1049
5371
1049
1093
1799
2168
1402
1032
1053
1048
3147
1747
56466
1736
1343
5979
1032
1049
1046
4493
2036
43544
17047
10177
1032
1053
1048
1394
1766
1049
1044
1049
1044
1049
1044
1049
3077
5646
14175
1338
1256
9032
1766
1049
1048
1044
1050
1048
1044
1051
1048
1093
4906
1032
1050
1294
2960
8953
3607
1321
2688
1046
9246
1681
3219
1058
6689
1032
1049
1048
1044
1050
1048
1044
1051
1048
1046
1461
8584
1115
4171
1058
1032
1049
1048
1044
1050
1048
1044
1051
1048
1044
1343
5979
1040
1049
1048
1044
1050
1048
8429
1049
1048
1044
1343
5979
1040
1049
1048
1044
1051
1048
8429
1049
1048
1044
1343
5979
1040
1050
1048
1044
1051
1048
8429
1049
1048
1044
1343
5979
60991
8429
1049
1048
1046
4493
2258
2767
92999
9305
1733
1934
1343
5979
1032
1049
1048
1044
1032
1050
1048
1044
1505
1032
1051
1048
1046
49032
1058
1032
1010
1256
1462
4249
1058
1032
1049
1048
1044
1032
1050
1048
1044
1032
1051
1048
1010
1256
1462
17684
1058
1343
5979
1040
1049
1048
1044
1050
1048
8429
1049
1048
1044
1343
5979
1040
1049
1048
1044
1051
1048
8429
1049
1048
1044
1343
5979
1040
1050
1048
1044
1051
1048
8429
1049
1048
1010
1256
1462
1747
3300
1058
1343
5979
1061
1049
1048
1010
1256
4493
1343
5979
1115
1584
1032
1049
1048
1044
1032
1050
1048
1044
1032
1051
1048
1626
1256
2837
2534
101479
2767
92999
9305
3224
1454
9196
1343
5979
1626
1256
9748
1343
5979
1032
1050
1048
1321
1032
1051
1048
2342
6730
1435
4249
6689
1445
1050
1048
1125
1321
1445
1051
1048
14522
1343
5979
1032
1049
1048
10249
1294
3325
1626
1256
9246
1681
2951
5746
15823
17684
1319
56909
1049
1044
42864
1050
1041
101479
1044
2767
92999
1044
1343
5979
9196
1626
1256
58973
1343
5979
1376
1032
1049
1048
1058
42864
1049
1321
42864
1050
2960
1736
1343
5979
1032
1049
1048
1046
13551
9305
3224
1736
1343
5979
1032
1049
1048
1626
1256
58973
1343
5979
1376
1032
1050
1048
1058
2342
42864
1376
1445
1050
1048
14522
4493
1729
2534
2295
101479
1445
1050
1048
77633
1044
1809
2156
1681
2342
1925
1032
1050
1048
1046
4493
1032
1048
1626
1256
58973
1343
5979
1376
1032
1051
1048
1058
2342
1445
1051
1048
14522
1032
1048
1626
1256
4493
2342
1343
5979
1061
1049
1048
17684
1626
1256
3075
3325
15823
17684
1307
101479
2767
92999
9305
3224
2960
1736
1343
5979
1032
1049
1048
9551
1256
68175
1058
1032
1049
1048
1044
1050
1048
1044
1051
1048
1046
3797
2767
92999
9305
3224
1736
1343
5979
1032
1049
1048
8100
3385
19040
36333
1307
1445
1050
1048
1125
1505
1445
1051
1048
1125
1063
32844
1044
1445
1050
1048
1125
1934
1343
5979
1032
1050
1048
1044
1445
1051
1048
1125
1934
1343
5979
1032
1051
1048
1046
11623
9305
1733
8719
1032
1049
1048
1321
15717
1032
1050
1048
1505
1032
1051
1048
2084
1736
1343
5979
1032
1049
1048
1046
7672
102451
3816
1032
1049
1048
1058
1445
1050
1048
1125
1343
5979
1032
1050
1048
1044
1445
1051
1048
1125
1343
5979
1032
1051
1048
1044
1445
1050
1048
1044
1051
1048
1125
1343
5979
1032
1049
1048
1033
12238
1343
5979
1040
1050
1048
1044
1051
1048
8429
1049
1048
1046
4493
1445
1050
1048
1044
1051
1048
1125
1934
1343
5979
1032
1049
1048
1626
1256
4493
9305
3224
1454
1343
5979
1032
1049
1048
1058
1747
8100
1445
1050
1048
1125
1321
1445
1051
1048
1125
9412
1046
12153
2767
92999
9305
3224
1376
1032
1055
1046
3203
3899
1445
1050
1048
1125
1321
1445
1051
1048
1125
4906
1032
1053
9305
3224
1736
1343
5979
1032
1049
1048
1058
1445
1049
1048
4179
1445
1049
1048
1044
1050
1048
4179
1445
1049
1048
1044
1051
1048
4179
1445
1050
1048
1044
1051
1048
4179
1445
1049
1048
1044
1050
1048
1044
1051
1048
62853
1256
9032
1729
2534
15823
17684
1319
56909
1049
1044
42864
1050
1041
1562
2576
1032
1053
1044
101479
1044
2767
92999
1626
1256
9246
1681
2951
1747
15823
101479
17684
1562
2576
1032
1053
1044
1321
4014
1626
1256
3626
1278
2688
8223
4832
1395
1032
1050
1046
4493
2342
1032
1050
2516
15823
17684
4335
1626
1256
9246
1681
3081
2424
1046
2837
2534
42864
1049
1321
42864
1050
101479
1044
2960
1736
1343
5979
1032
1049
1048
1626
1256
68175
1058
26524
1032
1048
1058
1049
1048
1044
1032
1049
1058
1050
1048
1044
1032
1050
1058
1051
1048
1626
1256
58973
9305
3224
1454
1343
5979
1032
1049
1048
1877
1256
1349
1058
1445
1049
1048
1125
1319
26881
1048
1456
1256
1398
1058
1445
1049
1048
1044
1050
1048
1125
1319
26881
1048
1044
1049
1456
1256
1359
1058
1445
1049
1048
1044
1051
1048
1125
1319
26881
1048
1044
1050
1456
1256
1407
1058
1445
1050
1048
1044
1051
1048
1125
1319
26881
1049
1044
1050
1456
1256
1436
1058
1445
1049
1048
1044
1050
1048
1044
1051
1048
1125
1319
26881
1048
1044
1049
1044
1050
1456
1256
2837
2534
2295
101479
10907
1046
8867
53282
4938
1836
11530
26524
1626
1256
9246
1681
4206
17684
1877
1256
1462
1349
1321
1407
1058
1445
1049
1048
1125
1321
1445
1050
1048
1044
1051
1048
1125
4906
101479
1063
1349
8942
25294
1048
1044
1407
8942
25294
1049
1044
1050
1046
13830
1044
101479
1046
1343
5979
2960
1032
1049
1048
1046
126356
1058
1319
1065
61734
1041
1321
1319
1068
64451
1041
4906
1032
1050
17684
1626
1256
1462
1349
1321
3082
1349
8942
25294
1048
1046
11623
2147
101479
1063
1398
8942
25294
1048
1044
1049
1319
2958
7200
25294
1048
1577
1359
29443
25294
1048
1046
1436
29443
25294
1048
1046
1407
1395
1278
2342
1925
101479
1562
1349
1626
1256
1462
5675
2314
1398
1321
3082
1398
8942
25294
1048
1044
1049
1046
8867
53282
2168
2534
42864
1050
2505
25294
1050
2342
1044
1809
1445
1051
1048
1125
1934
1343
5979
1032
1051
1048
1044
1605
1032
1049
1048
1046
4493
1836
1626
1256
1462
1359
1321
3082
1359
8942
25294
1048
1044
1050
1046
8867
53282
7560
25294
1049
2342
1044
1445
1050
1048
1125
1343
5979
1032
1050
1048
1626
1256
1462
1407
1321
1349
5314
35509
1626
1256
1462
1436
8942
1747
26524
1044
1710
2405
1402
101479
1454
2258
2767
92999
1626
1256
4493
2342
1278
17684
24764
1049
1048
4179
1445
1050
1048
1044
1051
1048
4672
1321
24764
1050
1048
1044
1051
1048
4179
1445
1049
1048
26317
5646
1681
1032
1050
15823
17684
1046
79472
2688
1766
1049
1048
1044
1050
1048
1044
1051
1048
1093
4906
1032
1050
5338
1256
11560
1033
4493
2036
43544
13951
1395
6298
1394
1766
1049
1048
1044
1050
1048
1044
1051
1048
1093
1321
1766
1049
1044
1049
1044
1049
1044
1049
1093
1321
1766
1055
1044
1055
3077
1531
2342
6769
1395
1766
1049
1044
1050
1044
1051
1044
1052
1093
2478
8953
3607
8223
1032
1049
1048
1809
2688
8223
1032
1049
1053
1046
4890
43544
4016
1402
11735
1032
1049
1048
1044
1809
1278
6298
4832
1319
104302
1317
2688
1041
1395
1032
1049
1053
1046
4493
5782
1278
6592
2634
1256
9246
1681
26812
1766
1049
1044
1050
1044
1051
1044
1052
1093
1454
1278
2879
24867
5125
1046
68175
1058
1032
1049
1044
1050
1044
1051
1044
1052
1046
3283
2961
1032
1048
1044
1049
1044
1050
1044
1051
1626
1256
7610
1044
2951
1747
2767
92999
9305
3224
1321
2034
1343
5979
1115
1046
3730
1584
1032
1049
1053
2767
92999
9305
3224
1626
1256
9246
1681
24002
1343
5979
1394
2744
1877
1256
1462
21381
1058
1032
1049
1319
1103
5979
1032
1049
1574
1032
1050
1319
1050
1574
1032
1051
1319
1051
1574
1032
1052
1319
1052
1456
1256
1462
1390
7432
1877
1260
1032
1049
1044
1050
4906
1343
5979
1032
1049
1010
1260
1032
1049
1044
1051
4906
1032
1049
1010
1260
1032
1049
1044
1052
4906
1032
1049
1010
1260
1032
1050
1044
1051
4906
1032
1049
1010
1260
1032
1050
1044
1052
4906
1032
1050
1010
1260
1032
1051
1044
1052
4906
1032
1049
1010
1256
1462
13629
3684
1877
1260
1032
1049
1044
1050
1044
1051
4906
1032
1049
1010
1260
1032
1049
1044
1050
1044
1052
4906
1032
1049
1010
1260
1032
1049
1044
1051
1044
1052
4906
1032
1049
1010
1260
1032
1050
1044
1051
1044
1052
4906
1032
1049
1319
1103
5979
1040
1050
1044
1051
1044
1052
8429
1049
1456
1256
1462
3797
3946
1058
1032
1049
1044
1050
1044
1051
1044
1052
4906
1032
1049
1010
1256
4493
1343
5979
1032
1049
10249
1294
7115
1747
9305
3224
1046
1343
5979
1032
1050
10249
1294
1445
1050
4179
1445
1050
1044
1052
4179
1445
1050
1044
39191
1063
1125
7377
1445
1050
1044
1052
1125
1343
5979
1032
1050
1044
2258
19469
8719
1032
1050
1321
1032
1052
1809
1605
13509
8091
1063
1445
1050
1044
1052
1125
1395
1278
2342
1925
1454
1343
5979
1032
1050
1063
5675
2314
1445
1050
1125
9412
1046
1445
1050
1044
1052
1125
1395
1343
5979
1032
1050
1046
1445
1050
1044
1051
1125
1343
5979
1032
1049
1046
1445
1052
1125
1343
5979
1032
1052
1046
4493
1343
5979
1032
1050
1058
1445
1050
4179
1445
1050
1044
1052
14522
1343
5979
1032
1051
1058
1445
1051
14522
1343
5979
1032
1052
1058
1445
1052
51919
1256
9032
1729
2534
15823
17684
1319
56909
1049
1044
42864
1050
1041
101479
1044
2767
92999
1044
1343
5979
46643
1113
1049
1041
2351
1343
5979
46643
1113
1050
4342
1256
9246
1681
2951
1536
1343
5979
2632
1877
1256
1343
5979
1376
1032
1049
1058
3325
9305
3224
1736
1343
5979
1032
1049
1046
27923
10907
1736
1343
5979
3942
1032
1049
1063
1445
1050
4179
1445
1052
4179
1445
1050
1044
1052
14522
9840
13162
1445
1051
1125
1934
1343
5979
1032
1051
1046
4493
9305
3224
1454
1343
5979
1032
1049
1058
1747
1032
1049
1053
38618
1445
1050
4179
1445
1052
4179
1445
1051
1125
1376
1032
1049
1050
9305
3224
1063
32844
1044
3788
1032
1049
1053
2767
92999
1046
1445
1050
1125
1343
5979
1032
1050
1044
1445
1052
1125
1343
5979
1032
1052
1044
1445
1051
1125
1343
5979
1032
1051
1046
13242
2156
2258
6218
1454
1343
5979
3006
1049
1063
1445
1050
1044
1052
1125
1343
5979
1032
1050
1046
4493
1278
10907
1454
1343
5979
3006
1049
1584
1445
1050
4179
1445
1052
4179
1445
1051
4179
1445
1050
1044
1052
14522
5646
1681
1032
1052
9305
3224
1046
4493
1032
1049
1049
9305
3224
1736
1343
5979
1032
1049
1063
9246
1681
103601
1058
1032
1010
1256
5247
1747
1032
1049
1053
1877
1256
1032
1049
1058
1445
1049
1125
1343
5979
1032
1049
1010
1256
1032
1050
1058
1445
1050
1125
1343
5979
1032
1050
1010
1256
1032
1051
1058
1445
1051
1125
1343
5979
1032
1051
1010
1256
1032
1052
1058
1445
1052
1125
1343
5979
1032
1052
1010
1256
1032
1053
1058
1445
1049
1044
1050
1125
1343
5979
1032
1049
1010
1256
1032
1054
1058
1445
1049
1044
1051
1125
1343
5979
1032
1049
1010
1256
1032
1055
1058
1445
1049
1044
1052
1125
1343
5979
1032
1049
1010
1256
1032
1056
1058
1445
1050
1044
1051
1125
1343
5979
1032
1049
1010
1256
1032
1057
1058
1445
1050
1044
1052
1125
1343
5979
1032
1050
1010
1256
1032
1049
1048
1058
1445
1051
1044
1052
1125
1343
5979
1032
1049
1010
1256
1032
1049
1049
1058
1445
1049
1044
1050
1044
1051
1125
1343
5979
1032
1049
1010
1256
1032
1049
1050
1058
1445
1049
1044
1050
1044
1052
1125
1343
5979
1032
1049
1010
1256
1032
1049
1051
1058
1445
1049
1044
1051
1044
1052
1125
1343
5979
1032
1049
1010
1256
1032
1049
1052
1058
1445
1050
1044
1051
1044
1052
1125
1343
5979
1032
1049
1010
1256
1032
1049
1053
1058
1445
1049
1044
1050
1044
1051
1044
1052
1125
1343
5979
1032
1049
1010
1256
4493
1343
5979
1032
1049
1058
9305
3224
1032
1049
1044
1053
1044
1054
1044
1055
1044
1056
1044
1049
1048
1044
1049
1049
1044
1049
1050
1044
1049
1051
1044
1049
1052
1044
1049
1053
4906
1455
1681
1032
1049
1049
9305
3224
1626
1256
1343
5979
1032
1050
1058
1445
1050
4179
1445
1050
1044
1052
1125
4906
1032
1050
9305
3224
1626
1256
1343
5979
1032
1051
1058
1445
1051
1125
4906
1032
1049
9305
1733
1626
1256
1343
5979
1032
1052
1058
1445
1052
1125
4906
1032
1049
9305
1733
1338
1256
9032
1729
2534
15823
17684
1319
56909
1049
1044
42864
1050
1041
101479
1044
2767
92999
1044
9196
1343
5979
1626
1256
9246
1681
4014
1394
2744
1343
5979
1877
1256
1343
5979
1376
1032
1051
1058
2342
1445
1051
14522
37285
2295
101479
1445
1051
77633
1044
16501
1046
1032
1048
1626
1256
1343
5979
1376
1032
1052
1058
2342
1445
1052
14522
1032
1048
1626
1256
1343
5979
1376
1032
1050
1058
9305
3224
1445
1050
1125
1321
1445
1050
1044
1052
14522
2837
2534
101479
17684
1562
2576
2295
1046
1445
1050
1125
8942
25294
1049
1046
1445
1050
1044
1052
1125
8942
25294
1049
1321
25294
1051
1046
4159
9730
25294
1049
1044
1878
1605
101479
1046
11623
2147
1063
3501
1046
4493
1032
1048
15823
17684
1454
1343
5979
1032
1050
1063
32844
1044
2481
2156
1402
2147
9305
3224
1454
1343
5979
1032
1050
1063
14099
1445
1050
1125
1321
1445
1050
1044
1052
14522
4159
1584
1605
101479
1046
4493
1032
1048
1626
1256
1343
5979
1376
1032
1049
1058
1729
2534
15823
17684
1307
101479
2767
92999
9305
3224
2960
4583
1343
5979
1032
1049
1046
3730
1584
1032
1049
1049
2516
9305
3224
1046
2837
2534
1317
4014
15823
17684
1319
1083
1049
1044
1335
1050
1041
1562
2576
1032
1049
1049
2516
1455
1335
1049
1321
1335
1050
1584
101479
1319
2649
11530
26524
1574
1321
2960
1736
1343
5979
1032
1049
1046
9840
1335
1049
1321
1335
1050
4016
1402
2767
92999
1319
43880
1584
1044
4136
1729
6185
1562
1278
1032
1049
1049
2519
1256
4493
3788
4832
2715
1402
1319
12856
1307
15823
101479
17684
1562
1278
1032
1049
1049
1343
5979
1045
1049
9305
3224
1577
1531
2688
64629
1032
1049
1053
1046
4890
43544
7867
1032
1049
1048
1046
4493
1278
43544
7529
24875
1032
1049
1048
2516
17684
1044
1809
2156
1584
1032
1049
1053
1046
9246
1681
3081
1278
1032
1049
1053
17684
23898
1317
3219
2549
2036
43544
4139
6207
1505
5558
84496
1338
1256
9246
1681
2951
1278
1032
1049
1049
1343
5979
1045
1049
9305
3224
1454
2034
4891
10651
1877
1256
1335
1049
1058
1445
1049
1125
4906
1445
1048
2002
1256
1335
1050
1058
1445
1049
1044
1050
1125
4906
1445
1048
1044
1049
2002
1256
1335
1051
1058
1445
1049
1044
1051
1125
4906
1445
1048
1044
1050
2002
1256
1335
1052
1058
1445
1049
1044
1052
1125
4906
1445
1048
1044
1051
2002
1256
1335
1053
1058
1445
1050
1044
1051
1125
4906
1445
1049
1044
1050
2002
1256
1335
1054
1058
1445
1051
1044
1052
1125
4906
1445
1050
1044
1051
2002
1256
1335
1055
1058
1445
1049
1044
1050
1044
1051
1125
4906
1445
1048
1044
1049
1044
1050
2002
1256
1335
1056
1058
1445
1049
1044
1050
1044
1052
1125
4906
1445
1048
1044
1049
1044
1051
2002
1256
1335
1057
1058
1445
1049
1044
1051
1044
1052
1125
4906
1445
1048
1044
1050
1044
1051
2002
1256
1335
1049
1048
1058
1445
1050
1044
1051
1044
1052
1125
4906
1445
1049
1044
1050
1044
1051
2002
1256
1335
1049
1049
1058
1445
1049
1044
1050
1044
1051
1044
1052
1125
4906
1445
1048
1044
1049
1044
1050
1044
1051
2092
1256
2837
2534
15823
17684
1319
1065
1044
1398
1041
1562
2576
1032
1049
1049
2516
1455
1349
28809
1169
1398
1376
28809
1133
1626
1256
9246
1681
3081
1747
2516
17684
1338
1256
7610
1044
9134
1455
1335
1049
1049
8942
1747
26524
1044
1878
1494
1710
2342
10217
1454
9829
2016
1044
1809
9829
1605
8807
1046
4493
1335
1049
1049
6560
1402
1294
2258
5746
10217
1626
1256
1335
1049
1048
1058
1445
1049
1044
1050
1044
1051
1125
4906
26524
1445
1049
1044
1050
1044
1051
14522
8867
53282
9305
1733
4016
2210
2342
4891
1032
1048
1046
1531
2342
1343
5979
1045
1049
9305
1733
2505
2342
4891
1032
1048
1395
1335
1049
1058
1445
1049
1125
4906
1445
1048
14522
4493
1319
1083
1049
1048
1044
1335
1049
1041
1321
1319
1083
1049
1044
1335
1049
1048
1041
1584
5746
1063
32844
1044
1335
1049
1048
1321
1335
1049
1058
1335
1049
1048
3181
1049
1044
1050
1044
1051
4179
1335
1049
3181
1049
14522
3283
2961
1058
1335
1049
1048
8942
1032
1049
1044
1050
1044
1051
1059
1335
1049
8942
1032
1048
1046
8867
53282
1033
12953
1736
1343
5979
1032
1049
1046
4493
1319
1083
1049
1048
1044
1335
1049
1041
1321
1319
1083
1049
1044
1335
1049
1048
1041
1584
1032
1050
17684
1626
1256
1335
1057
1058
1445
1049
1044
1051
1044
1052
1125
4906
1445
1048
1044
1050
1044
1051
14522
8867
53282
4016
2210
26524
19469
1307
1445
1049
14522
1343
5979
1045
1049
9305
1733
2505
2342
4891
1032
1049
1063
8030
1044
3147
1335
1050
3181
1049
1044
1050
1125
8942
1032
1048
1044
1049
1059
1335
1053
3181
1050
1044
1051
1125
8942
1032
1049
1044
1050
1059
1335
1053
8942
1032
1049
1059
1809
1335
1053
1934
1343
5979
1032
1049
1063
1335
1053
1395
1445
1050
1044
1051
1125
1343
5979
1032
1049
1044
8942
1445
1049
1044
1050
14522
3626
1729
2534
101479
1562
1335
1057
1681
1445
1048
1044
1050
1044
1051
14522
4493
5178
26524
1058
1445
1049
14522
3316
2156
1261
1343
5979
1045
1049
9305
1733
2505
10693
1445
1049
1125
1063
3501
1044
4249
3584
1445
1050
1125
1934
1343
5979
1032
1050
1044
1605
1032
1049
1046
1445
1049
1125
1395
1335
1049
1799
8942
1032
1048
1046
4493
1836
101479
1343
5979
1045
1049
9305
1733
1394
1335
1057
1063
32844
1044
2481
2156
1402
1261
9305
1733
2505
1445
1049
1125
9412
1063
5646
1681
1445
1050
4179
1343
5979
1032
1050
1044
1605
1032
1049
1046
4493
1335
1057
17684
1454
11518
9551
1256
9246
1681
54562
4206
1747
17684
1046
17048
16163
1058
3788
5746
15823
17684
1376
1032
1049
1053
5138
1317
2688
1046
4890
43544
7867
1032
1049
1048
1046
4493
1032
1053
17684
1584
11779
1294
2036
43544
13951
1044
1505
2036
43544
24875
2269
20520
10907
1321
55202
1115
1063
3501
1044
43544
62503
34044
1091
1103
5371
1103
1093
1513
1278
2362
1338
1256
9246
1681
3648
2314
5782
2036
43544
4139
5628
1032
1049
1048
1046
4890
43544
9320
6689
1925
1536
1925
1044
1321
1394
2744
3584
83127
1317
42864
1049
1044
42864
1050
1044
1505
17626
1046
2409
2715
4014
2744
5746
10217
10693
5785
1046
3626
13162
1278
43544
3468
2000
28384
1091
1103
1049
5371
1103
1050
39261
2478
1343
1049
68141
1050
1584
3519
1343
5979
1115
1044
1321
1729
6726
1536
2000
1716
1049
1376
1343
5979
15244
1049
1044
2216
17783
2200
1343
1049
1062
1048
1044
2849
2000
10309
1096
1693
1343
1049
3107
1048
1046
2409
17047
108462
1278
1343
5979
1307
1278
9305
1733
8088
1878
4955
1046
3931
1278
2362
1044
1729
4556
34044
1091
1103
5371
1103
3077
2409
2715
1402
6298
1338
1256
32844
1033
3730
1681
1261
20020
12705
1058
9305
3224
1584
6493
1536
1278
3542
1307
6689
1044
1809
1278
1461
8584
1395
92153
2277
1046
1531
43544
83127
2744
3584
1317
42864
1049
1505
42864
1050
1505
17626
1046
2409
29949
1747
4171
17684
1307
101479
9305
3224
1046
3886
1044
3120
1278
43544
4014
1278
10217
1319
56909
1049
1044
42864
1050
1041
2478
42864
1049
1321
42864
1050
1584
1278
2879
3528
44400
1307
4213
1809
1562
2801
26524
1063
13830
1044
3147
26524
1584
11074
1338
1256
17048
1278
6769
1395
1455
1278
4127
43390
9305
3224
1435
49581
1319
3715
20594
66557
3542
1574
1809
1455
6354
2405
4036
1461
8584
1505
101479
3651
1536
26524
1338
1256
9246
1681
7442
3352
1317
50248
1278
43544
1394
1766
1049
1044
1050
1044
1051
1044
1052
1093
68093
1505
3081
1261
5965
1046
9748
1362
1710
2405
3160
3475
1044
1362
2534
1317
5972
2314
1278
70385
1338
1256
54818
1058
17048
1278
4127
24875
1457
40385
17684
1063
3626
1766
1055
1044
1055
1093
4906
1032
1050
63518
3741
1455
1046
62079
1766
1055
1044
1055
1093
24875
1319
56909
1049
1044
42864
1050
1041
2478
42864
1049
1321
42864
1050
1584
1278
2295
1032
1055
1115
1044
1321
4136
2127
1584
18535
1294
2632
1044
13162
1278
4127
43390
2424
1435
1457
40385
1809
2156
1584
2295
9384
3147
1307
26524
1063
53815
1429
1112
7432
1319
56909
1049
1044
42864
1050
18881
24277
15823
1338
1256
32844
1044
2985
1513
1278
2688
1058
2000
8723
15605
9038
1055
1044
1032
1055
8623
2351
1032
1050
9816
3367
1278
4127
7135
1457
40385
1044
1494
2168
1402
1032
1049
1046
4493
15823
1338
1256
17048
1278
8953
3607
3336
2000
35209
4014
21777
39318
3791
7432
9038
1049
1044
1032
1050
1044
1032
1051
1044
1032
1052
8623
1032
1049
1048
1096
1395
7442
8462
1044
1321
1278
6298
4832
1395
1032
1049
1053
1046
1531
3330
4139
1736
41858
1278
4127
10674
3907
1278
8953
3607
11277
1044
1809
1278
5936
9458
1736
1278
6298
6878
4213
1046
1362
2715
2586
3180
1278
2254
1850
1032
1049
1053
1394
1766
1049
1044
1050
1044
1051
1044
1052
11390
1256
3075
1317
9447
1278
43544
1317
2012
1032
1049
1053
1063
17048
2036
43544
1395
11779
1278
3121
1455
9305
3224
1710
1402
9829
3184
9253
1809
1729
4771
2767
92999
1513
1278
2362
1046
4890
43544
15202
1454
4556
34044
1091
1103
5371
1103
1093
1394
1343
17546
1049
1046
5646
114952
5443
2478
1925
9305
1733
1395
9829
3147
1343
17546
1049
4938
2960
1736
1343
5979
9218
1049
1044
1878
2960
1722
14451
1513
4403
1925
3584
1046
3626
7377
1058
2549
1693
42864
1049
12878
6689
1321
42864
1050
12878
6689
1044
1809
1513
1278
2362
1343
1049
1321
1343
1050
1584
9196
1321
9218
1049
1046
5646
1681
6298
1338
1256
9246
1681
3648
1058
1395
2156
2258
2136
12296
1302
1505
2425
12296
1302
1294
1278
43544
9551
1256
1531
43544
3468
2000
28384
1091
1103
1049
5371
1103
1050
39261
2453
8673
1747
6689
1046
1531
39802
1877
1256
2898
2744
2216
1044
1875
3602
1112
1091
1716
1049
5371
1103
1050
1093
5773
34044
1091
1103
1049
5371
1103
1050
1093
1319
30292
1317
42864
1049
1456
1256
1875
3602
1112
1091
1103
1049
5371
1716
1050
1093
5773
34044
1091
1103
1049
5371
1103
1050
1093
1319
30292
1317
42864
1050
1456
1256
1875
3602
1112
1091
1103
1049
5371
1103
1050
1093
5773
34044
1091
1103
1049
5371
1103
1050
1093
1319
30292
1317
17626
1456
1256
2409
1395
6298
1394
36359
1278
2782
1307
9384
1317
2071
101479
9305
3224
1046
11796
5746
10217
1307
9305
3224
1319
56909
1049
1044
42864
1050
1041
23368
1317
10693
1925
3549
1058
1394
2744
3584
1044
1693
1494
1681
1294
42864
1049
1044
1729
5244
1278
2158
14029
1059
1693
1294
42864
1050
1044
2667
1059
1693
17626
1044
5888
1046
9748
1278
9305
3224
1584
7847
1536
1278
4891
10651
1044
1321
1729
2832
26524
1294
3542
1044
1593
1395
1261
128445
1491
1338
1256
12211
2168
1766
1049
1044
1050
1044
1051
1044
1052
1093
5628
1032
1049
1048
8070
1032
1049
1053
1063
9246
1681
3352
1317
3081
1278
1032
1049
1053
17684
23898
1435
1362
6990
1044
1321
3219
1693
2036
43544
2168
4014
1032
1049
1048
1307
2424
1044
1321
1032
1053
1584
35509
30816
1505
1605
1513
1747
1338
1256
9246
1681
54562
4014
15823
17684
1319
1065
41778
1041
1307
101479
2767
92999
9305
3224
1454
1343
5979
15997
8429
1103
5979
19608
1041
1394
1766
1049
1044
1050
1044
1051
1044
1052
11390
1256
7610
1044
2951
1747
2767
92999
9305
3224
1321
2034
1343
5979
1321
4891
2016
1046
1362
7534
2210
18246
13218
1032
1049
1791
1049
1053
1626
1256
1032
1049
1058
1032
1048
1048
1048
1049
4906
1445
1049
1125
1343
5979
1032
1049
1010
1256
1032
1050
1058
1032
1048
1048
1049
1048
4906
1445
1050
1125
1343
5979
1032
1050
1010
1256
1032
1051
1058
1032
1048
1049
1048
1048
4906
1445
1051
1125
1343
5979
1032
1051
1010
1256
1032
1052
1058
1032
1049
1048
1048
1048
4906
1445
1052
1125
1343
5979
1032
1052
1010
1256
1032
1053
1058
1032
1048
1048
1049
1049
4906
1445
1049
1044
1050
1125
1343
5979
1032
1049
1010
1256
1032
1054
1058
1032
1048
1049
1048
1049
4906
1445
1049
1044
1051
1125
1343
5979
1032
1049
1010
1256
1032
1055
1058
1032
1049
1048
1048
1049
4906
1445
1049
1044
1052
1125
1343
5979
1032
1049
1010
1256
1032
1056
1058
1032
1048
1049
1049
1048
4906
1445
1050
1044
1051
1125
1343
5979
1032
1049
1010
1256
1032
1057
1058
1032
1049
1048
1049
1048
4906
1445
1050
1044
1052
1125
1343
5979
1032
1050
1010
1256
1032
1049
1048
1058
1032
1049
1049
1048
1048
4906
1445
1051
1044
1052
1125
1343
5979
1032
1049
1010
1256
1032
1049
1049
1058
1032
1048
1049
1049
1049
4906
1445
1049
1044
1050
1044
1051
1125
1343
5979
1032
1049
1010
1256
1032
1049
1050
1058
1032
1049
1048
1049
1049
4906
1445
1049
1044
1050
1044
1052
1125
1343
5979
1032
1049
1010
1256
1032
1049
1051
1058
1032
1049
1049
1048
1049
4906
1445
1049
1044
1051
1044
1052
1125
1343
5979
1032
1049
1010
1256
1032
1049
1052
1058
1032
1049
1049
1049
1048
4906
1445
1050
1044
1051
1044
1052
1125
1343
5979
1032
1049
1010
1256
1032
1049
1053
1058
1032
1049
1049
1049
1049
4906
1445
1049
1044
1050
1044
1051
1044
1052
1125
1343
5979
1032
1049
1267
1256
9032
1044
1394
2744
10217
1319
1065
41778
1041
1454
1349
1321
1398
101479
1319
1065
1748
1398
2351
1032
1048
1574
2960
2767
92999
1044
1321
1343
5979
15997
1041
2351
1343
5979
19608
4342
1256
2837
1710
55645
2136
1747
15823
17684
1307
54994
1319
1065
41778
1041
2478
1349
41778
1294
1032
1049
1791
1049
1053
1044
1349
38019
3107
1048
1044
1321
1343
5979
15997
61825
1103
5979
19608
4342
1256
9246
1681
4014
2424
1338
1256
1343
5979
4213
4171
1058
1032
1049
1044
1050
1044
1051
1044
1052
1626
1256
1343
5979
1061
1051
1058
2342
13218
1032
1051
24764
1051
26317
8867
53282
1454
7211
1063
13218
1032
1051
1748
13218
1032
1049
1050
1063
1032
1051
1395
1032
1048
1049
1048
1048
1044
1032
1049
1050
1395
1032
1049
1049
1048
1049
4906
1032
1048
1049
1048
1048
1748
1032
1049
1049
1048
1049
1376
1032
1048
1049
1048
1048
3942
1048
1046
13218
1032
1051
1748
1032
1049
1050
1605
101479
1046
13218
1032
1051
1748
7211
2849
1063
13218
1032
1051
1395
2586
1445
1051
14522
9093
54994
1454
1343
5979
1032
1051
1058
11518
1046
4493
1032
1048
1626
1256
1343
5979
1061
1052
1058
13218
1032
1052
24764
1052
26317
1032
1048
1626
1256
1343
5979
1061
1050
1058
54994
1032
1050
24764
1050
4672
1321
1032
1057
24764
1050
1044
1052
26317
1032
1010
1260
1390
7432
1454
1343
5979
1032
1050
1058
1319
1050
1044
1057
1041
1321
1319
1057
1044
1050
1041
1809
1032
1050
1748
1032
1057
1376
1032
1050
1748
1032
1049
1048
1049
1048
1376
1032
1048
1048
1049
1048
3942
1048
1319
68983
4891
1032
1050
1063
7377
13218
1032
1050
1395
1445
1050
1125
25294
1049
1063
9246
1681
8786
4891
19516
1058
1362
7534
14649
28483
1376
1766
1049
1044
1050
1044
1051
1044
1052
1093
1454
26524
1032
1048
1058
1049
1044
1032
1049
1058
1050
1044
1032
1050
1058
1051
1044
1032
1051
1058
1052
1046
6830
13218
5659
1032
1048
1395
28483
1091
1048
18652
1049
1044
5659
1032
1049
1395
28483
1091
1049
18652
1050
1044
5659
1032
1050
1395
28483
1091
1050
18652
1051
1044
5659
1032
1051
1395
28483
1091
1051
18652
1052
1626
1260
13218
1032
1050
1376
1032
1048
1048
1049
1048
4906
5659
1032
1049
2016
4906
1445
1050
2002
1260
13218
1032
1057
1376
1032
1049
1048
1049
1048
4906
18490
1032
1049
1321
1032
1051
2016
4906
1445
1050
1044
1052
2002
1260
4159
9730
5659
1032
1049
1044
1878
1605
101479
1046
11623
2147
54994
1454
1343
5979
1032
1050
1063
13218
1032
1050
1321
1032
1057
1584
1278
2342
10907
1046
4493
1032
1048
15823
17684
1626
1256
1343
5979
1061
1049
1058
1747
2147
54994
1319
1049
1044
1053
1044
1054
1044
1055
1044
1056
1044
1049
1048
1044
1049
1049
1044
1049
1050
1044
1049
1051
1044
1049
1052
1044
1049
1053
1577
12153
1032
1049
1049
54994
1626
1256
2837
2534
1317
4014
15823
17684
1319
1065
41778
1041
1562
2576
1032
1049
1049
2516
1455
1349
38019
3107
1048
1626
1256
9246
1681
2951
1278
1032
1049
1049
54994
1321
2034
5659
10651
1877
1256
1032
1049
1058
1032
1048
1048
1048
1049
1319
1445
1049
1125
5439
1256
1032
1053
1058
1032
1048
1048
1049
1049
1319
1445
1049
1044
1050
1125
5439
1256
1032
1054
1058
1032
1048
1049
1048
1049
1319
1445
1049
1044
1051
1125
5439
1256
1032
1055
1058
1032
1049
1048
1048
1049
1319
1445
1049
1044
1052
1125
5439
1256
1032
1056
1058
1032
1048
1049
1049
1048
1319
1445
1050
1044
1051
1125
5439
1256
1032
1049
1048
1058
1032
1049
1049
1048
1048
1319
1445
1051
1044
1052
1125
5439
1256
1032
1049
1049
1058
1032
1048
1049
1049
1049
1319
1445
1049
1044
1050
1044
1051
1125
5439
1256
1032
1049
1050
1058
1032
1049
1048
1049
1049
1319
1445
1049
1044
1050
1044
1052
1125
5439
1256
1032
1049
1051
1058
1032
1049
1049
1048
1049
1319
1445
1049
1044
1051
1044
1052
1125
5439
1256
1032
1049
1052
1058
1032
1049
1049
1049
1048
1319
1445
1050
1044
1051
1044
1052
1125
5439
1256
1032
1049
1053
1058
1032
1049
1049
1049
1049
1319
1445
1049
1044
1050
1044
1051
1044
1052
1125
17100
1256
9032
1044
1394
2744
13218
1349
1044
3081
1747
54994
1398
1294
1278
1032
1049
1049
2516
1455
1349
1748
1398
2351
1032
1048
1626
1256
13708
1058
1349
1321
1398
4016
2960
1402
1562
1593
2016
1307
1032
1049
1049
1626
1256
9246
1681
4206
50797
2100
1256
49684
1032
1049
1319
1048
1048
1048
1049
4244
18490
2434
1058
1445
1048
14522
8867
53282
54994
1562
1278
1032
1049
1049
4016
1736
5659
1032
1048
1376
1032
1048
1626
1260
1373
18869
1454
5659
1032
1048
1376
1032
1048
1058
1032
1010
3539
1032
1056
1058
1032
1048
1049
1049
1048
1319
49883
1032
1049
1044
1050
4906
1445
1050
1044
1051
4672
4906
1343
5979
1032
1049
1063
13830
1044
13218
1032
1056
1395
1294
1278
2016
1626
3539
1032
1049
1048
1058
1032
1049
1049
1048
1048
1319
49883
1032
1050
1044
1051
4906
1445
1051
1044
1052
4672
4906
1294
2016
1626
3539
40828
1736
5659
1032
1048
1058
1032
1049
1044
1053
1044
1054
1044
1055
1044
1049
1049
1044
1049
1050
1044
1049
1051
1044
1049
1052
1044
1049
1053
1747
1736
5659
1032
1048
1626
1260
4493
1398
1710
1402
1032
1056
1505
1032
1049
1048
1046
5646
1681
1032
1050
54994
1626
1260
4493
17684
1319
1049
1044
1056
1574
1319
1049
1044
1049
1048
1041
1321
16448
1063
2837
7534
4014
15823
17684
4025
1046
2898
3246
1044
1562
1349
1061
1049
1044
1398
104514
1445
1056
1044
1049
1048
51919
1256
49684
1032
1053
1319
1048
1048
1049
1049
4244
18490
1445
1048
1044
1049
14522
8867
53282
1398
4016
1736
18490
1032
1048
1321
1032
1049
1376
1032
1048
1626
1260
8956
1278
1032
1049
1049
1044
1799
1736
18490
1032
1048
1321
1032
1049
1376
1032
1048
1063
1032
1010
3539
1032
1049
1048
1058
1032
1049
1049
1048
1048
1319
49883
1032
1050
1044
1051
1041
4906
14842
1044
5659
1032
1048
1321
1032
1049
1584
1032
1048
1626
3539
1032
1056
1058
1032
1048
1049
1049
1048
1319
49883
1032
1049
1044
1050
1041
4906
5659
1032
1049
1395
1032
1049
1044
1878
1836
1626
3539
1032
1054
1058
1032
1048
1049
1048
1049
1319
49883
1032
1048
1044
1050
1041
4906
5659
1032
1048
1395
1032
1049
1626
3539
1032
1055
1058
1032
1049
1048
1048
1049
1319
49883
1032
1048
1044
1051
1041
4906
5659
1032
1048
1395
1032
1049
1626
3539
1032
1049
1049
1058
1032
1048
1049
1049
1049
1319
49883
1032
1048
1044
1049
1044
1050
1041
4906
1836
1626
3539
1032
1049
1050
1058
1032
1049
1048
1049
1049
1319
49883
1032
1048
1044
1049
1044
1051
1041
4906
1836
1626
3539
1032
1049
1051
1058
1032
1049
1049
1048
1049
1319
49883
1032
1048
1044
1050
1044
1051
1041
4906
1836
1626
3539
1032
1049
1052
1058
1032
1049
1049
1049
1048
1319
49883
1032
1048
1044
1049
1044
1050
1044
1051
1063
7377
1032
1049
1049
1049
1048
1395
18490
1032
1049
1044
1050
1044
1051
1063
49032
1032
1049
1049
1049
1048
18246
1376
18490
1032
1049
1044
1050
1044
1051
2016
1063
9246
1681
1402
25052
1058
1032
1049
1049
1049
1048
1376
1032
1056
1043
1052
1043
1050
1376
18490
1032
1049
1044
1050
1044
1051
1693
1729
4014
1562
1032
1048
1063
53815
13218
5659
1032
1048
1395
1424
5038
1046
1032
1049
1049
1049
1048
18246
1376
5659
1051
1061
1049
1044
5659
1050
1061
1049
1044
5659
1049
1061
1049
1044
5659
1048
1061
1048
1046
4493
1445
1050
1044
1051
1044
1052
1125
1063
32844
1044
1362
2534
12714
19516
1046
9246
1681
1344
6568
1058
28483
1376
1766
1049
1044
1050
1044
1051
1044
1052
1093
1513
26524
1032
1048
1044
1049
1044
1050
1044
1051
1046
13218
5659
1623
23368
1317
28483
3755
3077
4493
13218
1376
4556
1040
1049
12130
1105
1394
1623
1294
26524
1577
1032
1010
3539
9246
1681
6716
33295
54994
17103
1877
3539
28483
1091
1048
18652
1049
1044
28483
1091
1049
18652
1050
1044
28483
1091
1050
18652
1051
1044
28483
1091
1051
18652
1052
1626
3539
13218
1032
1049
1058
1032
1048
1048
1048
1049
4906
1445
1048
1125
4906
1445
1049
2002
3539
13218
1032
1050
1058
1032
1048
1048
1049
1048
4906
1445
1049
1125
4906
1445
1050
2002
3539
13218
1032
1051
1058
1032
1048
1048
1049
1049
4906
1445
1048
1044
1049
1125
4906
1445
1049
1044
1050
2002
3539
13218
1032
1052
1058
1032
1048
1049
1048
1048
4906
1445
1050
1125
4906
1445
1051
2002
3539
13218
1032
1053
1058
1032
1048
1049
1048
1049
4906
1445
1048
1044
1050
1125
4906
1445
1049
1044
1051
2002
3539
13218
1032
1054
1058
1032
1048
1049
1049
1048
4906
1445
1049
1044
1050
1125
4906
1445
1050
1044
1051
2002
3539
13218
1032
1055
1058
1032
1048
1049
1049
1049
4906
1445
1048
1044
1049
1044
1050
1125
4906
1445
1049
1044
1050
1044
1051
2002
3539
13218
1032
1056
1058
1032
1049
1048
1048
1048
4906
1445
1051
1125
4906
1445
1052
2002
3539
13218
1032
1057
1058
1032
1049
1048
1048
1049
4906
1445
1048
1044
1051
1125
4906
1445
1049
1044
1052
2002
3539
13218
1032
1049
1048
1058
1032
1049
1048
1049
1048
4906
1445
1049
1044
1051
1125
4906
1445
1050
1044
1052
2002
3539
13218
1032
1049
1049
1058
1032
1049
1048
1049
1049
4906
1445
1048
1044
1049
1044
1051
1125
4906
1445
1049
1044
1050
1044
1052
2002
3539
13218
1032
1049
1050
1058
1032
1049
1049
1048
1048
4906
1445
1050
1044
1051
1125
4906
1445
1051
1044
1052
2002
3539
13218
1032
1049
1051
1058
1032
1049
1049
1048
1049
4906
1445
1048
1044
1050
1044
1051
1125
4906
1445
1049
1044
1051
1044
1052
2002
3539
13218
1032
1049
1052
1058
1032
1049
1049
1049
1048
4906
1445
1049
1044
1050
1044
1051
1125
4906
1445
1050
1044
1051
1044
1052
2002
3539
13218
1032
1049
1053
1058
1032
1049
1049
1049
1049
4906
1747
4906
1445
1049
1044
1050
1044
1051
1044
1052
2002
1652
1010
1652
9246
1681
6716
33295
1343
5979
1115
1454
1593
6298
19516
11330
1652
28483
1376
1766
1049
1044
1050
1044
1051
1044
1052
2820
1652
1343
5979
1307
49581
1877
1652
1462
1445
1049
28748
1032
1049
1010
1652
1462
1445
1050
28748
1032
1050
1010
1652
1462
1445
1051
28748
1032
1051
1010
1652
1462
1445
1052
28748
1032
1052
1010
1652
1462
1445
1049
1044
1050
28748
1343
5979
1040
1049
1044
1050
8429
1049
1010
1652
1462
1445
1049
1044
1051
28748
1343
5979
1040
1049
1044
1051
8429
1049
1010
1652
1462
1445
1049
1044
1052
28748
1343
5979
1040
1049
1044
1052
8429
1049
1010
1652
1462
1445
1050
1044
1051
28748
1343
5979
1040
1050
1044
1051
8429
1049
1010
1652
1462
1445
1050
1044
1052
28748
1343
5979
1040
1050
1044
1052
8429
1050
1010
1652
1462
1445
1051
1044
1052
28748
1343
5979
1040
1051
1044
1052
8429
1049
1010
1652
1462
1445
1049
1044
1050
1044
1051
28748
1343
5979
1040
1049
1044
1050
1044
1051
8429
1049
1010
1652
1462
1445
1049
1044
1050
1044
1052
28748
1343
5979
1040
1049
1044
1050
1044
1052
8429
1049
1010
1652
1462
1445
1049
1044
1051
1044
1052
28748
1343
5979
1040
1049
1044
1051
1044
1052
8429
1049
1010
1652
1462
1445
1050
1044
1051
1044
1052
28748
1343
5979
1040
1050
1044
1051
1044
1052
8429
1049
1010
1652
1462
1445
1049
1044
1050
1044
1051
1044
1052
28748
1032
1049
1010
1652
4493
1343
5979
1032
1049
54994
1058
1747
8100
1445
1050
1125
1319
45259
1032
1050
1574
1445
1052
1125
1319
45259
1032
1056
115430
7377
1445
1052
1125
1343
5979
1032
1052
1044
1445
1051
1125
1343
5979
1032
1051
1044
1445
1050
1044
1052
1125
1343
5979
1032
1050
1046
4493
54994
1454
1343
5979
3942
1049
1058
13218
1032
1050
24764
1050
29581
13218
1032
1056
24764
1052
29581
13218
1032
1052
24764
1051
29581
13218
1032
1057
24764
1050
1044
1052
26317
5646
1681
1032
1052
54994
1046
4493
1343
5979
1032
1049
54994
1058
1032
1049
1044
1051
1044
1053
1044
1054
1044
1055
1044
1049
1048
1044
1049
1049
1044
1049
1050
1044
1049
1051
1044
1049
1052
1044
1049
1053
1046
5646
1681
1032
1049
1049
54994
1046
9246
1681
2951
2424
1454
2034
5659
10651
1877
3539
1032
1049
1058
1032
1048
1048
1048
1049
4906
1445
1049
2002
3539
1032
1051
1058
1032
1048
1048
1049
1049
4906
1445
1049
1044
1050
2002
3539
1032
1053
1058
1032
1048
1049
1048
1049
4906
1445
1049
1044
1051
2002
3539
1032
1054
1058
1032
1048
1049
1049
1048
4906
1445
1050
1044
1051
2002
3539
1032
1055
1058
1032
1048
1049
1049
1049
4906
1445
1049
1044
1050
1044
1051
2002
3539
1032
1049
1048
1058
1032
1049
1048
1049
1048
4906
1445
1050
1044
1052
2002
3539
1032
1049
1049
1058
1032
1049
1048
1049
1049
4906
1445
1049
1044
1050
1044
1052
2002
3539
1032
1049
1050
1058
1032
1049
1049
1048
1048
4906
1445
1051
1044
1052
2002
3539
1032
1049
1051
1058
1032
1049
1049
1048
1049
4906
1445
1049
1044
1051
1044
1052
2002
3539
1032
1049
1052
1058
1032
1049
1049
1049
1048
4906
1445
1050
1044
1051
1044
1052
2002
3539
1032
1049
1053
1058
1032
1049
1049
1049
1049
4906
1747
1010
1652
1010
1652
9032
1044
1343
5979
1032
1050
54994
1058
13218
1032
1050
24764
1050
4672
1321
13218
1032
1049
1048
24764
1050
1044
1052
4672
1063
32844
13218
1032
1049
1048
1395
1445
1050
1044
1052
1125
1343
5979
1032
1050
1046
49684
1032
1050
1395
1445
1050
1125
1343
5979
1032
1050
1046
13242
2156
2258
6218
1063
1445
1050
1044
1052
1125
1395
1278
2342
10217
1046
4493
1343
5979
1032
1050
54994
1058
1032
1050
1321
1032
1049
1048
1626
1652
1343
5979
1032
1051
1058
13218
1032
1052
24764
1051
1125
4342
1652
1343
5979
1032
1052
1058
13218
1032
1056
24764
1052
1125
4342
1652
2409
14175
2036
9781
1343
5979
4319
1809
1454
2801
13218
8091
1338
1256
9032
1044
2595
1317
36359
15823
17684
1454
1343
5979
1032
1049
1321
101479
1626
1256
2837
2534
1349
41778
1294
1445
1049
1044
1051
1044
1053
1044
1054
1044
1055
1044
1049
1048
1044
1049
1049
1044
1049
1050
1044
1049
1051
1044
1049
1052
1044
1049
1053
1125
2516
1455
1349
1748
1398
2351
1032
1048
1626
1256
9246
1681
3081
1747
2516
17684
1338
1256
7610
1044
9134
1455
13218
1032
1049
1053
1319
1599
18490
1041
1934
18490
1032
1048
1044
1049
1044
1050
1044
1051
1046
2157
1710
2342
1402
101479
1454
13218
1032
1048
1319
12647
1574
1809
9829
1605
8807
1046
4493
1032
1049
1053
17684
1454
11518
1338
1256
49684
1032
1049
1052
1058
1032
1049
1049
1049
1048
4906
18490
1032
1049
1044
1050
1044
1051
2016
1063
32844
1032
1049
1049
1049
1048
18246
1058
5659
1051
1061
1049
1044
5659
1050
1061
1049
1044
5659
1049
1061
1049
1044
5659
1048
1061
1048
1046
4493
1445
1050
1044
1051
1044
1052
1125
1063
26524
1058
5659
1048
1061
1049
1044
5659
1049
1061
1050
1044
5659
1050
1061
1051
1044
5659
1051
1061
1052
1046
4493
1032
1049
1049
1049
1048
4906
18490
1032
1049
1044
1050
1044
1051
4906
1445
1050
1044
1051
1044
1052
14522
8867
53282
54994
1562
1343
5979
1049
2016
4016
1736
18490
1032
1049
1044
1050
1044
1051
1376
1032
1048
1044
1878
2342
5659
1032
1048
1710
1402
1032
1049
1046
49684
1454
2342
5659
1032
1048
1395
13218
1032
1049
24764
1049
26317
49684
1032
1049
1395
1294
1278
2016
1046
4493
1319
1049
1052
1044
1049
1041
1321
1319
1049
1044
1049
1052
1041
1584
5746
1063
12558
1058
1032
1049
1052
1748
1032
1049
1376
1032
1048
1063
1032
1049
1052
1376
1032
1049
1049
1049
1048
1044
1032
1049
1376
1032
1048
1048
1048
1049
4906
12164
1376
1032
1048
1046
13830
1046
12953
1343
5979
1032
1049
1046
4493
1032
1050
17684
1338
1256
49684
1032
1049
1051
1058
1032
1049
1049
1048
1049
4906
18490
1032
1048
1044
1050
1044
1051
4906
1445
1049
1044
1051
1044
1052
14522
8867
53282
1398
4016
1736
18490
1032
1048
1044
1050
1044
1051
1376
1032
1048
1044
1878
2342
5659
1032
1049
1710
1402
1032
1049
1046
49684
1454
2342
5659
1032
1049
1395
13218
1032
1050
24764
1050
29581
1809
13218
1032
1050
1934
1343
5979
1032
1050
1044
1605
1032
1049
1046
4493
1836
1343
5979
1049
13218
1934
2342
5659
1032
1049
1046
5675
2314
13218
1454
5659
1032
1049
1321
4433
2849
1063
3626
18490
1032
1048
1044
1050
1044
1051
4016
1402
1032
1048
1044
1878
2342
5659
1032
1049
1710
1402
2016
1046
3501
1343
5979
1049
13218
1934
2342
5659
1032
1049
1046
4493
13218
1032
1049
1051
17684
1454
11518
1338
1256
49684
1032
1049
1050
1058
1032
1049
1049
1048
1048
4906
18490
1032
1050
1044
1051
4906
1445
1051
1044
1052
14522
8867
53282
1398
4016
1736
18490
1032
1050
1044
1051
1376
1032
1048
1044
1878
18490
1032
1048
1321
1032
1049
1710
1402
2016
1046
1343
5979
1049
54994
1454
18490
1032
1050
1044
1051
1376
1032
1048
1058
1032
1010
3539
13218
1032
1049
1058
1032
1048
1048
1048
1049
4906
5659
1032
1048
2016
1044
18490
1032
1050
1044
1051
1032
1048
4906
14842
1626
3539
13218
1032
1051
1058
1032
1048
1048
1049
1049
4906
18490
1032
1048
1044
1049
2016
4906
18490
1032
1050
1044
1051
1032
1048
4906
14842
1063
13218
1032
1051
1395
1032
1048
1048
1049
1049
1044
18490
1032
1048
1321
1032
1049
1046
1032
1049
1050
1395
1032
1049
1049
1048
1048
1046
12164
1376
1032
1048
1046
13830
1626
3539
13218
1032
1053
1058
1032
1048
1049
1048
1049
4906
18490
1032
1048
1044
1050
4906
5659
1032
1050
1395
2016
1044
35714
1454
1032
1049
1050
1681
5659
1032
1050
1063
1032
1049
1050
1934
5659
1032
1050
2016
1319
31346
1032
1049
1049
1048
1048
1376
18490
1032
1050
1321
1032
1051
1577
1032
1053
1748
1032
1049
1050
1376
1032
1048
1049
1048
1049
1748
1032
1049
1049
1048
1048
1376
1032
1048
1049
1048
1048
3942
1048
1046
3501
1626
3539
13218
1032
1054
1058
1032
1048
1049
1049
1048
4906
18490
1032
1049
1044
1050
4906
5659
1032
1050
35714
1626
3539
13218
1032
1055
1058
1032
1048
1049
1049
1049
4906
18490
1032
1048
1044
1049
1044
1050
4906
5659
1032
1050
35714
1626
3539
13218
1032
1049
1048
1058
1032
1049
1048
1049
1048
4906
18490
1032
1049
1044
1051
4906
5659
1032
1051
35714
1626
3539
13218
1032
1049
1049
1058
1032
1049
1048
1049
1049
4906
18490
1032
1048
1044
1049
1044
1051
4906
5659
1032
1051
35714
1626
3539
13218
1032
1049
1051
1058
1032
1049
1049
1048
1049
4906
18490
1032
1048
1044
1050
1044
1051
4906
35714
1626
3539
13218
1032
1049
1052
1058
1032
1049
1049
1049
1048
4906
18490
1032
1049
1044
1050
1044
1051
4906
35714
1626
3539
13218
1032
1049
1053
1058
35714
1626
1260
4493
1562
13218
1032
1049
1050
1044
1398
1710
1402
1032
1049
1505
1032
1051
1046
5646
1681
1032
1050
54994
1046
1390
7432
1058
1319
1049
1050
1044
1049
1574
1319
1049
1050
1044
1051
1041
1321
17828
1264
1338
1256
49684
1032
1049
1049
1058
1032
1049
1048
1049
1049
4906
18490
1032
1048
1044
1049
1044
1051
4906
1445
1049
1044
1050
1044
1052
14522
8867
53282
1398
4016
1736
18490
1032
1048
1044
1049
1044
1051
1376
1032
1048
1044
1878
2342
5659
1032
1050
1710
1402
2016
1046
49684
1454
2342
5659
1032
1050
1395
13218
1032
1052
24764
1051
29581
1809
13218
1032
1052
1934
1343
5979
1032
1051
1044
1605
1032
1049
1046
4493
1836
1343
5979
1049
13218
1934
2342
5659
1032
1050
1046
5675
2314
13218
1454
5659
1032
1050
1321
6218
1063
3626
18490
1032
1048
1044
1049
1044
1051
4016
1402
1032
1048
1044
1878
2342
5659
1032
1050
1710
1402
2016
1046
8030
1046
4493
13218
1032
1049
1049
17684
1454
11518
1338
1256
49684
1032
1049
1048
1058
1032
1049
1048
1049
1048
4906
18490
1032
1049
1044
1051
4906
1445
1050
1044
1052
14522
8867
53282
1398
4016
1736
18490
1032
1049
1044
1051
1376
1032
1048
1044
1878
18490
1032
1048
1321
1032
1050
1710
1402
2016
1046
1343
5979
1049
54994
1454
18490
1032
1049
1044
1051
1376
1032
1048
1877
3539
13218
1032
1049
1058
1032
1048
1048
1048
1049
4906
5659
1032
1048
2016
1044
18490
1032
1049
1044
1051
1032
1048
4906
14842
1626
3539
13218
1032
1053
1058
1032
1048
1049
1048
1049
4906
18490
1032
1048
1044
1050
4906
18490
1032
1049
1044
1051
1032
1048
4906
14842
1063
1032
1053
1748
1032
1049
1048
1376
1032
1048
1049
1048
1049
1748
1032
1049
1048
1049
1048
1376
1032
1048
1048
1048
1048
1046
13830
1626
3539
13218
1032
1051
1058
1032
1048
1048
1049
1049
4906
18490
1032
1048
1044
1049
4906
5659
1032
1049
35714
1454
1032
1049
1048
1681
5659
1032
1049
1626
3539
13218
1032
1054
1058
1032
1048
1049
1049
1048
4906
18490
1032
1049
1044
1050
4906
5659
1032
1049
35714
1626
3539
13218
1032
1055
1058
1032
1048
1049
1049
1049
4906
18490
1032
1048
1044
1049
1044
1050
4906
5659
1032
1049
35714
1626
3539
13218
1032
1049
1050
1058
1032
1049
1049
1048
1048
4906
18490
1032
1050
1044
1051
4906
5659
1032
1051
35714
1626
3539
13218
1032
1049
1051
1058
1032
1049
1049
1048
1049
4906
18490
1032
1048
1044
1050
1044
1051
4906
5659
1032
1051
35714
1626
3539
13218
1032
1049
1052
1058
1032
1049
1049
1049
1048
4906
18490
1032
1049
1044
1050
1044
1051
4906
5659
1032
1049
35714
1626
3539
13218
1032
1049
1053
1058
35714
1626
1260
4493
1562
13218
1032
1049
1048
1044
1398
1710
1402
1032
1049
1505
1032
1053
1046
5646
1681
1032
1050
54994
1046
1390
7432
1058
1319
1049
1048
1044
1049
1574
1319
1049
1048
1044
1053
1041
1321
17828
1264
1338
1256
49684
1032
1055
1058
1032
1048
1049
1049
1049
4906
18490
1032
1048
1044
1049
1044
1050
4906
1445
1049
1044
1050
1044
1051
14522
8867
53282
1398
4016
1736
18490
1032
1048
1044
1049
1044
1050
1376
1032
1048
1044
1878
2342
5659
1032
1051
1710
1402
2016
1046
49684
1454
2342
5659
1032
1051
1395
13218
1032
1056
24764
1052
29581
1343
5979
1032
1052
1044
1605
1032
1049
1046
8030
1046
4493
13218
1032
1055
17684
1454
11518
1338
1256
49684
1032
1054
1058
1032
1048
1049
1049
1048
4906
18490
1032
1049
1044
1050
4906
1445
1050
1044
1051
14522
8867
53282
1398
4016
1736
18490
1032
1049
1044
1050
1376
1032
1048
1044
1878
18490
1032
1048
1321
1032
1051
1710
1402
2016
1046
1343
5979
1049
54994
1454
18490
1032
1049
1044
1050
1376
1032
1048
1877
3539
13218
1032
1049
1058
1032
1048
1048
1048
1049
4906
5659
1032
1048
2016
1044
18490
1032
1049
1044
1050
1032
1048
4906
14842
1626
3539
13218
1032
1053
1058
1032
1048
1049
1048
1049
4906
18490
1032
1048
1044
1050
4906
5659
1032
1050
35714
1626
3539
13218
1032
1051
1058
1032
1048
1048
1049
1049
4906
18490
1032
1048
1044
1049
4906
5659
1032
1049
35714
1626
3539
13218
1032
1055
1058
1032
1048
1049
1049
1049
4906
18490
1032
1048
1044
1049
1044
1050
4906
35714
1626
3539
13218
1032
1049
1048
1058
1032
1049
1048
1049
1048
4906
18490
1032
1049
1044
1051
4906
5659
1032
1049
35714
1626
3539
13218
1032
1049
1050
1058
1032
1049
1049
1048
1048
4906
18490
1032
1050
1044
1051
4906
5659
1032
1050
35714
1626
3539
13218
1032
1049
1051
1058
1032
1049
1049
1048
1049
4906
18490
1032
1048
1044
1050
1044
1051
4906
5659
1032
1050
35714
1626
3539
13218
1032
1049
1052
1058
1032
1049
1049
1049
1048
4906
18490
1032
1049
1044
1050
1044
1051
4906
35714
1626
3539
13218
1032
1049
1053
1058
35714
1626
1260
4493
1562
13218
1032
1054
1044
1398
1710
1402
1032
1049
2342
1063
32844
1044
2549
2314
13218
1454
5659
1032
1051
2342
1063
13218
1032
1056
1605
1343
5979
1049
1046
4493
2342
13218
1032
1049
1063
9246
1681
4206
13218
1032
1049
1058
1032
1048
1048
1048
1049
1748
1032
1048
1049
1049
1048
1376
1032
1048
1046
13830
1046
11623
2147
1063
13218
1454
5659
1032
1048
1321
5659
1032
1051
1063
13218
1032
1057
1395
1445
1049
1044
1052
1125
1343
5979
1032
1049
1063
32844
13218
1032
1057
1395
1445
1049
1044
1052
1125
1343
5979
1032
1049
1063
104913
1362
2639
1343
5979
1032
1049
54994
1058
1032
1049
1044
1051
1044
1053
1044
1054
1044
1055
1044
1049
1048
1044
1049
1049
1044
1049
1050
1044
1049
1051
1044
1049
1052
1044
1049
1053
1046
49684
1032
1057
1486
1605
1294
1278
2951
3147
1362
23467
1343
5979
21548
1049
54994
1058
1032
1050
1044
1052
1044
1056
1044
1057
1046
49684
1032
1057
1395
1445
1050
1044
1052
1125
1343
5979
1032
1050
1044
1878
1605
1294
1343
5979
1049
2016
1046
4493
2342
13218
1032
1049
1046
4493
13218
1032
1054
17684
1454
13218
1032
1049
1046
5646
1681
1032
1049
13218
1044
1878
1032
1050
15823
17684
1063
32844
1044
1319
1054
1044
1049
1041
1321
1319
1049
1044
1054
1577
3626
1729
2095
2534
1317
4206
1693
1319
1049
1044
1054
1041
1395
5746
2200
1729
2832
13218
1032
1049
1046
2837
7534
4014
1747
15823
17684
1513
1278
2362
1338
1256
49684
1032
1053
1058
1032
1048
1049
1048
1049
4906
18490
1032
1048
1044
1050
4906
1445
1049
1044
1051
14522
8867
53282
1398
4016
1736
18490
1032
1048
1044
1050
1376
1032
1048
1044
1878
18490
1032
1049
1321
1032
1051
1710
1402
2016
1046
1343
5979
1049
54994
1454
18490
1032
1048
1044
1050
1376
1032
1048
1877
3539
13218
1032
1049
1058
1032
1048
1048
1048
1049
4906
5659
1032
1048
35714
1626
3539
13218
1032
1051
1058
1032
1048
1048
1049
1049
4906
18490
1032
1048
1044
1049
4906
5659
1032
1048
35714
1626
3539
13218
1032
1054
1058
1032
1048
1049
1049
1048
4906
18490
1032
1049
1044
1050
4906
5659
1032
1050
35714
1626
3539
13218
1032
1055
1058
1032
1048
1049
1049
1049
4906
18490
1032
1048
1044
1049
1044
1050
4906
5659
1032
1048
1044
1050
35714
1626
3539
13218
1032
1049
1048
1058
1032
1049
1048
1049
1048
4906
18490
1032
1049
1044
1051
4906
18490
1032
1048
1044
1050
1032
1048
1063
1032
1049
1048
1748
1032
1053
1376
1032
1049
1048
1049
1048
1748
1032
1048
1049
1048
1049
1376
1032
1048
1048
1048
1048
1046
13830
1033
13218
1032
1049
1048
1395
5746
1626
3539
13218
1032
1049
1049
1058
1032
1049
1048
1049
1049
4906
18490
1032
1048
1044
1049
1044
1051
4906
5659
1032
1048
35714
1626
3539
13218
1032
1049
1050
1058
1032
1049
1049
1048
1048
4906
18490
1032
1050
1044
1051
4906
5659
1032
1050
35714
1626
3539
13218
1032
1049
1051
1058
1032
1049
1049
1048
1049
4906
18490
1032
1048
1044
1050
1044
1051
4906
5659
1032
1048
1044
1050
35714
1626
3539
13218
1032
1049
1052
1058
1032
1049
1049
1049
1048
4906
18490
1032
1049
1044
1050
1044
1051
4906
5659
1032
1050
35714
1626
3539
13218
1032
1049
1053
1058
35714
1626
1260
4493
1562
13218
1032
1053
1044
1398
1710
1402
1032
1049
1048
2342
1063
32844
1044
2549
2314
13218
1454
18490
1032
1049
1321
1032
1051
2342
1063
13218
1032
1049
1048
1395
1445
1050
1044
1052
14522
13242
2156
6218
1063
13218
1454
5659
1032
1049
1321
5659
1032
1051
1395
1032
1049
1048
1046
13218
1454
5659
1032
1049
2342
1063
13218
1032
1050
1605
1343
5979
1049
1046
13218
1454
5659
1032
1051
2342
1063
13218
1032
1056
1605
1343
5979
1049
1046
4493
2342
13218
1032
1049
1048
1046
4493
13218
1032
1053
17684
1454
13218
1032
1049
1048
1046
5646
1681
44942
1454
13218
1032
1049
1048
80751
1454
13218
1032
1053
1338
1256
49684
1032
1051
1058
1032
1048
1048
1049
1049
4906
18490
1032
1048
1044
1049
4906
1445
1049
1044
1050
14522
8867
53282
1398
4016
1736
18490
1032
1048
1044
1049
1376
1032
1048
1044
1878
18490
1032
1050
1321
1032
1051
1710
1402
2016
1046
1343
5979
1049
54994
1454
18490
1032
1048
1044
1049
1376
1032
1048
1877
3539
13218
1032
1049
1058
1032
1048
1048
1048
1049
4906
5659
1032
1048
35714
1626
3539
13218
1032
1053
1058
1032
1048
1049
1048
1049
4906
5659
1032
1048
35714
1626
3539
13218
1032
1054
1058
1032
1048
1049
1049
1048
4906
5659
1032
1049
35714
1626
3539
13218
1032
1055
1058
1032
1048
1049
1049
1049
4906
18490
1032
1048
1044
1049
35714
1626
3539
13218
1032
1049
1048
1058
1032
1049
1048
1049
1048
4906
18490
1032
1049
1044
1051
4906
5659
1032
1049
35714
1626
3539
13218
1032
1049
1050
1058
1032
1049
1049
1048
1048
4906
18490
1032
1050
1044
1051
4906
18490
1032
1048
1044
1049
1032
1048
1063
1032
1049
1050
1748
1032
1051
1376
1032
1049
1049
1048
1048
1748
1032
1048
1048
1049
1049
1376
1032
1048
1048
1048
1048
1046
13830
1033
13218
1032
1049
1050
5746
1626
3539
13218
1032
1049
1051
1058
1032
1049
1049
1048
1049
4906
18490
1032
1048
1044
1050
1044
1051
4906
5659
1032
1048
35714
1626
3539
13218
1032
1049
1052
1058
1032
1049
1049
1049
1048
4906
18490
1032
1049
1044
1050
1044
1051
4906
5659
1032
1049
35714
1626
3539
13218
1032
1049
1053
1058
35714
1626
1260
4493
1562
13218
1032
1051
1044
1398
1710
1402
1032
1049
1050
2342
1046
24496
29680
1454
13218
1032
1049
1050
80751
1454
13218
1032
1051
1338
1256
49684
1032
1049
1058
1032
1048
1048
1048
1049
4906
5659
1032
1048
4906
1445
1049
14522
8867
53282
1398
4016
1736
5659
1032
1048
1376
1032
1048
1044
1878
18490
1032
1049
1044
1050
1044
1051
1710
1402
2016
1046
1343
5979
1049
54994
1454
5659
1032
1048
1376
1032
1048
1877
3539
13218
1032
1051
1058
1032
1048
1048
1049
1049
4906
18490
1032
1048
1044
1049
4906
5659
1032
1048
35714
1063
1032
1051
1748
1032
1049
1376
1032
1049
1046
3501
1626
3539
13218
1032
1053
1058
1032
1048
1049
1048
1049
4906
5659
1032
1048
35714
1626
3539
13218
1032
1054
1058
1032
1048
1049
1049
1048
4906
5659
1032
1048
1032
1048
1063
1032
1054
1376
1032
1048
1049
1049
1048
1044
5659
1032
1048
1395
1032
1048
1046
13830
1033
13218
1032
1054
5746
1626
3539
13218
1032
1055
1058
1032
1048
1049
1049
1049
4906
5659
1032
1048
1032
1049
1046
3501
1626
3539
13218
1032
1049
1048
1058
1032
1049
1048
1049
1048
4906
5659
1032
1048
1032
1048
1046
13830
1033
13218
1032
1049
1048
5746
1626
3539
13218
1032
1049
1049
1058
1032
1049
1048
1049
1049
4906
5659
1032
1048
1032
1049
1046
3501
1626
3539
13218
1032
1049
1050
1058
1032
1049
1049
1048
1048
4906
5659
1032
1048
1032
1048
1046
13830
1033
13218
1032
1049
1050
5746
1626
3539
13218
1032
1049
1051
1058
1032
1049
1049
1048
1049
4906
5659
1032
1048
1032
1049
1046
3501
1626
3539
13218
1032
1049
1052
1058
1032
1049
1049
1049
1048
4906
5659
1032
1048
1032
1048
1046
13830
1033
13218
1032
1049
1052
5746
1626
3539
13218
1032
1049
1053
1058
5659
1032
1048
1032
1049
1046
3501
1626
1260
4493
1562
13218
1032
1049
1044
1398
1710
1402
1032
1054
1044
1032
1049
1048
1044
1032
1049
1050
1044
1032
1049
1052
1046
5646
1681
1032
1052
54994
1626
1260
9246
1681
2951
2424
1058
1032
1054
24764
1050
1044
1051
29581
1032
1049
1048
24764
1050
1044
1052
29581
1032
1049
1050
24764
1051
1044
1052
29581
1032
1049
1052
24764
1050
1044
1051
1044
1052
1125
4342
1260
12558
1058
1032
1049
1748
1032
1054
1376
1032
1048
1044
1032
1049
1748
1032
1049
1048
1376
1032
1048
1044
1032
1049
1748
1032
1049
1050
1376
1032
1048
1044
1032
1049
1748
1032
1049
1052
1376
1032
1048
1046
3797
1343
5979
1032
1049
1338
1256
9032
1044
2878
1681
28496
1747
15823
17684
1319
1065
41778
1041
1562
1278
1343
5979
1049
2016
1454
1349
38019
3107
1048
1046
2837
7534
2951
2424
1536
1349
2100
1256
1349
1061
1049
1058
1398
104514
1445
1054
1044
1049
1048
1044
1049
1050
1044
1049
1052
1125
4906
1032
1052
17684
1058
1319
1049
1044
1054
1574
1319
1049
1044
1049
1048
1574
1319
1049
1044
1049
1050
1574
1319
1049
1044
1049
1052
1456
1256
1349
1061
1051
1058
1398
104514
1445
1049
1050
1125
4906
1319
1051
1044
1049
1050
1456
1256
1349
1061
1053
1058
1398
104514
1445
1049
1048
1125
4906
1319
1053
1044
1049
1048
1456
1256
1349
1061
1054
1058
1398
104514
1445
1049
1125
4906
1319
1054
1044
1049
1041
1032
1766
1421
1729
5314
1736
1319
1049
1044
1054
17572
1256
1349
1061
1055
1058
11518
1010
1256
1349
1061
1049
1048
1058
1398
104514
1445
1049
1044
1053
1125
4906
1319
1049
1048
1044
1049
1574
1319
1049
1048
1044
1053
1456
1256
1349
1061
1049
1049
1058
11518
1010
1256
1349
1061
1049
1050
1058
1398
104514
1445
1051
1125
4906
1319
1049
1050
1044
1051
1041
1032
1766
1421
1729
1736
1319
1051
1044
1049
1050
17572
1256
1349
1061
1049
1051
1058
11518
1010
1256
1349
1061
1049
1052
1058
1398
104514
1445
1049
1125
4906
1319
1049
1052
1044
1049
1041
1032
1766
1421
1729
1736
1319
1049
1044
1049
1052
17572
1256
1349
1061
1049
1053
1058
11518
1267
1256
9840
1044
1729
4139
1736
17684
2478
1349
1321
1398
1584
2960
1605
1032
1049
1044
1051
1044
1053
1044
6704
1046
3626
1729
13875
1747
1349
1294
1278
2016
1626
1256
9246
1681
2951
1747
8877
15823
17684
1877
1256
1319
1049
1044
1054
1574
1319
1049
1044
1049
1048
1574
1319
1049
1044
1049
1050
1574
1319
1049
1044
1049
1052
1456
1256
1319
1051
1044
1049
1050
1456
1256
1319
1053
1044
1049
1048
1456
1256
1319
1054
1044
1049
1456
1256
1319
1049
1048
1044
1049
1574
1319
1049
1048
1044
1053
1456
1256
1319
1049
1050
1044
1051
1456
1256
1319
1049
1052
1044
1049
1801
1256
9032
4014
2424
1877
1256
8956
1349
1061
1049
1058
1032
1052
1010
1256
1349
1061
1051
1058
1032
1049
1010
1256
1349
1061
1053
1058
1032
1049
1010
1256
1349
1061
1054
1058
1032
1049
1319
2209
1319
1054
1044
1049
1041
1395
1875
1063
2837
1736
1319
1049
1044
1054
1041
5314
1044
1319
1054
1044
1049
1041
1395
9960
15823
10217
1456
1256
1349
1061
1049
1048
1058
1032
1050
7840
1049
1048
1044
1049
1041
1321
1319
1049
1048
1044
1053
3824
1256
1349
1061
1049
1050
1058
1032
1049
7840
1049
1050
1044
1051
3824
1256
1349
1061
1049
1052
1058
1032
1049
7840
1049
1052
1044
1049
3824
1256
12153
1376
1032
1052
1867
1032
1049
1867
1032
1049
1867
1032
1049
1867
1032
1050
1867
1032
1049
1867
1032
1049
1376
1032
1049
1049
1063
32844
1044
2878
1681
4556
1058
1032
1052
1043
1049
1061
1053
1044
1867
1049
1061
1054
1044
1867
1049
1061
1055
1044
1867
1050
1061
1057
1044
1867
1049
1061
1049
1048
1044
1867
1049
1061
1049
1049
1626
1256
3626
1729
2095
2534
1317
4206
1693
2156
1584
17684
2479
1319
1054
1044
4433
2849
36036
2837
1880
1349
1061
1054
2342
1398
1061
1049
1046
1349
1061
1049
1048
1398
1061
1049
1044
1053
1046
1349
1061
1049
1050
1398
1061
1051
1046
1349
1061
1049
1052
1398
1061
1049
1626
1256
5675
2314
17684
2478
2960
1349
1321
1398
1584
1562
1445
1054
1044
1049
1048
1044
1049
1050
1044
1049
1052
1125
1809
1605
18371
1032
1049
1063
2837
17155
13218
1032
1054
1398
7791
1058
2342
1032
1049
1046
13218
1032
1049
1048
1398
7791
1058
1032
1049
1044
1053
1046
13218
1032
1049
1050
1398
7791
1058
1032
1051
1046
13218
1032
1049
1052
1398
7791
1058
1032
1049
1046
4493
1836
17684
5002
1445
1054
1044
1049
1048
1044
1049
1050
1044
1049
1052
1125
3816
1032
1049
1044
1051
1044
1053
1626
1256
9840
4206
1693
1319
1054
1044
1049
1048
1041
1395
5746
1063
1032
1054
1748
1032
1049
1048
1376
1032
1048
1049
1049
1048
1748
1032
1049
1048
1049
1048
1376
1032
1048
1048
1049
1048
3942
1048
1046
3501
1626
1256
1319
1049
1048
1044
1049
1050
36036
1032
1049
1048
1748
1032
1049
1050
1376
1032
1049
1048
1049
1048
1748
1032
1049
1049
1048
1048
1376
1032
1049
1048
1048
1048
3942
1048
1046
3501
1626
1256
1319
1049
1050
1044
1049
1052
36036
1032
1049
1049
1048
1048
1748
1032
1049
1049
1049
1048
1376
1032
1049
1049
1048
1048
3942
1048
1046
3501
1626
1256
1319
1049
1052
1044
1054
36036
1032
1049
1049
1049
1048
1748
1032
1048
1049
1049
1048
1376
1032
1048
1049
1049
1048
3942
1048
1046
3501
1626
1256
4493
1278
2951
7444
7662
1338
1256
9032
4014
3788
15823
17684
1877
1256
1319
1049
1044
1054
1574
1319
1054
1044
1049
1041
4906
1032
1050
1010
1256
1319
1049
1044
1049
1048
1574
1319
1049
1048
1044
1049
1041
4906
1032
1050
1010
1256
1319
1049
1044
1049
1050
1574
1319
1049
1050
1044
1051
1041
4906
7377
1319
1049
1044
1049
1050
1041
1321
1319
1049
1050
1044
1051
1041
1584
1605
17828
1264
1307
2744
2147
1046
1319
1049
1044
1049
1050
1041
1395
1925
1044
1319
1049
1050
1044
1051
1041
1395
3866
1046
3626
1729
2095
1736
1319
1051
1044
1049
1050
1041
1799
1395
1278
16448
1307
1319
1049
1050
1044
1051
1577
4493
1319
1051
1044
1049
1050
1041
1321
1319
1049
1050
1044
1051
1041
4906
1032
1050
17684
1626
1256
1319
1049
1044
1049
1052
1574
1319
1049
1052
1044
1049
1041
4906
1032
1050
1010
1256
1319
1053
1044
1049
1048
1574
1319
1049
1048
1044
1053
1041
4906
1032
1050
1010
1256
13242
2156
2258
6218
1063
9246
1681
2951
1747
1032
1049
1049
1362
1880
1877
1256
1319
1049
1044
1054
1456
1256
1319
1049
1044
1049
1048
1456
1256
1319
1049
1044
1049
1050
1456
1256
1319
1049
1044
1049
1052
1456
1256
1319
1051
1044
1049
1050
1456
1256
1319
1053
1044
1049
1048
1456
1256
1319
1054
1044
1049
1456
1256
1319
1049
1048
1044
1049
1456
1256
1319
1049
1048
1044
1053
1456
1256
1319
1049
1050
1044
1051
1456
1256
1319
1049
1052
1044
1049
1456
1256
5646
1681
1032
1049
1049
15823
17684
1046
3626
7377
1044
1278
2688
64629
1032
1049
1053
1394
1766
1049
1044
1050
1044
1051
1044
1052
3077
4890
20152
4014
10177
1032
1049
1049
1046
3626
9781
1362
4914
13162
1032
1049
1053
1046
9246
1681
5558
40172
1693
1362
21957
2258
1343
5979
1049
54994
1505
17684
1338
1256
9246
1681
1344
1045
37513
1278
1343
5979
1049
54994
2016
1046
28483
1376
1766
1049
1044
1050
1044
1051
1044
1052
3077
3797
2767
92999
49581
1058
1032
1049
1053
1046
1343
5979
1032
1049
49581
1058
1747
8100
1445
1050
4179
1445
1051
4179
1445
1052
4179
1445
1050
1044
1052
14522
5646
1681
1032
1052
49581
23467
1046
4493
1032
1049
1049
49581
1736
1343
5979
1032
1049
1046
1362
15566
2424
1058
1032
1010
1256
1032
1049
1058
1445
1049
2002
1256
1032
1051
1058
1445
1049
1044
1050
2002
1256
1032
1053
1058
1445
1049
1044
1051
2002
1256
1032
1054
1058
1445
1050
1044
1051
2002
1256
1032
1055
1058
1445
1049
1044
1050
1044
1051
2002
1256
1032
1049
1048
1058
1445
1050
1044
1052
2002
1256
1032
1049
1049
1058
1445
1049
1044
1050
1044
1052
2002
1256
1032
1049
1050
1058
1445
1051
1044
1052
2002
1256
1032
1049
1051
1058
1445
1049
1044
1051
1044
1052
2002
1256
1032
1049
1052
1058
1445
1050
1044
1051
1044
1052
2002
1256
1032
1049
1053
1058
1445
1049
1044
1050
1044
1051
1044
1052
2002
1256
32844
1044
9781
1362
1880
13218
1032
1049
1048
1435
1445
1050
1044
1052
1125
1343
5979
1032
1050
1033
1362
3214
1261
27223
3226
1046
9246
1681
6716
33295
1343
5979
1115
21966
1454
28483
1376
1766
1049
1044
1050
1044
1051
1044
1052
57277
1256
28483
1091
1048
18652
1049
1044
28483
1091
1049
18652
1050
1044
28483
1091
1050
18652
1051
1044
28483
1091
1051
18652
1052
1626
1256
7672
24941
1877
1256
1462
1445
1049
28748
1343
5979
1032
1049
1010
1256
1462
1445
1050
28748
1343
5979
1032
1050
1010
1256
1462
1445
1051
28748
1343
5979
1032
1051
1010
1256
1462
1445
1052
28748
1343
5979
1032
1052
1010
1256
1462
1445
1049
1044
1050
28748
1343
5979
1040
1049
1044
1050
8429
1049
1010
1256
1462
1445
1049
1044
1051
28748
1343
5979
1040
1049
1044
1051
8429
1049
1010
1256
1462
1445
1049
1044
1052
28748
1343
5979
1040
1049
1044
1052
8429
1049
1010
1256
1462
1445
1050
1044
1051
28748
1343
5979
1040
1050
1044
1051
8429
1049
1010
1256
1462
1445
1050
1044
1052
28748
1343
5979
1040
1050
1044
1052
8429
1050
1010
1256
1462
1445
1051
1044
1052
28748
1343
5979
1040
1051
1044
1052
8429
1049
1010
1256
1462
1445
1049
1044
1050
1044
1051
28748
1343
5979
1040
1049
1044
1050
1044
1051
8429
1049
1010
1256
1462
1445
1049
1044
1050
1044
1052
28748
1343
5979
1040
1049
1044
1050
1044
1052
8429
1049
1010
1256
1462
1445
1049
1044
1051
1044
1052
28748
1343
5979
1040
1049
1044
1051
1044
1052
8429
1049
1010
1256
1462
1445
1050
1044
1051
1044
1052
28748
1343
5979
1040
1050
1044
1051
1044
1052
8429
1049
1010
1256
1462
1445
1049
1044
1050
1044
1051
1044
1052
28748
1343
5979
1061
1049
1010
1256
4493
1343
5979
1032
1049
49581
1058
1747
8100
1445
1050
4179
1445
1051
4179
1445
1052
4179
1445
1050
1044
1052
14522
5646
1681
1032
1049
1049
49581
1046
9246
1681
2951
2424
1454
2034
7293
3584
10651
1877
1256
1032
1049
1058
1445
1049
2002
1256
1032
1050
1058
1445
1049
1044
1050
1125
4906
1343
5979
1032
1049
1010
1256
1032
1051
1058
1445
1049
1044
1051
1125
4906
1343
5979
1032
1049
1010
1256
1032
1052
1058
1445
1049
1044
1052
1125
4906
1343
5979
1032
1049
1010
1256
1032
1053
1058
1445
1050
1044
1051
1125
4906
1343
5979
1032
1049
1010
1256
1032
1054
1058
1445
1051
1044
1052
1125
4906
1343
5979
1032
1049
1010
1256
1032
1055
1058
1445
1049
1044
1050
1044
1051
1125
4906
1343
5979
1032
1049
1010
1256
1032
1056
1058
1445
1049
1044
1050
1044
1052
1125
4906
1343
5979
1032
1049
1010
1256
1032
1057
1058
1445
1049
1044
1051
1044
1052
1125
4906
1343
5979
1032
1049
1010
1256
1032
1049
1048
1058
1445
1050
1044
1051
1044
1052
1125
4906
1343
5979
1032
1049
1010
1256
1032
1049
1049
1058
1445
1049
1044
1050
1044
1051
1044
1052
1125
4906
1343
5979
1032
1049
1010
1256
32844
1044
1362
2534
1317
1402
12714
1046
12153
1032
1049
1053
49581
1046
3203
11980
1058
1445
1050
4179
1445
1051
4179
1445
1052
4179
1445
1050
1044
1052
14522
5646
15786
1032
1049
1049
1046
9246
1681
2951
2424
1536
2034
6689
1877
1256
1445
1049
2002
1256
1445
1049
1044
1050
2002
1256
1445
1049
1044
1051
2002
1256
1445
1049
1044
1052
2002
1256
1445
1050
1044
1051
2002
1256
1445
1051
1044
1052
2002
1256
1445
1049
1044
1050
1044
1051
2002
1256
1445
1049
1044
1050
1044
1052
2002
1256
1445
1049
1044
1051
1044
1052
2002
1256
1445
1050
1044
1051
1044
1052
2002
1256
1445
1049
1044
1050
1044
1051
1044
1052
2002
1256
5646
1681
1032
1049
1049
1046
4890
9781
13218
2951
1486
8462
1046
9246
1681
1344
69140
54994
17047
1626
1256
28483
1376
1766
1049
1044
1050
1044
1051
1044
1052
1093
1513
26524
1032
1048
1044
1049
1044
1050
1044
1051
1626
1256
13218
1032
1049
1319
1048
1048
1048
1049
4244
1445
1048
1125
4906
1445
1049
2002
1256
13218
1032
1051
1319
1048
1048
1049
1049
4244
1445
1048
1044
1049
1125
4906
1445
1049
1044
1050
2002
1256
13218
1032
1053
1319
1048
1049
1048
1049
4244
1445
1048
1044
1050
1125
4906
1445
1049
1044
1051
2002
1256
13218
1032
1055
1319
1048
1049
1049
1049
4244
1445
1048
1044
1049
1044
1050
1125
4906
1445
1049
1044
1050
1044
1051
2002
1256
13218
1032
1057
1319
1049
1048
1048
1049
4244
1445
1048
1044
1051
1125
4906
1445
1049
1044
1052
2002
1256
13218
1032
1049
1048
1319
1049
1048
1049
1048
4244
1445
1049
1044
1051
1125
4906
1445
1050
1044
1052
1125
4906
1343
5979
1032
1050
1044
23467
11330
1256
13218
1032
1049
1049
1319
1049
1048
1049
1049
4244
1445
1048
1044
1049
1044
1051
1125
4906
1445
1049
1044
1050
1044
1052
1125
4906
1343
5979
1032
1049
1010
1256
13218
1032
1049
1050
1319
1049
1049
1048
1048
4244
1445
1050
1044
1051
1125
4906
1445
1051
1044
1052
1125
4906
1343
5979
1032
1049
1010
1256
13218
1032
1049
1051
1319
1049
1049
1048
1049
4244
1445
1048
1044
1050
1044
1051
1125
4906
1445
1049
1044
1051
1044
1052
1125
4906
1343
5979
1032
1049
1010
1256
13218
1032
1049
1052
1319
1049
1049
1049
1048
4244
1445
1049
1044
1050
1044
1051
1125
4906
1445
1050
1044
1051
1044
1052
1125
4906
1343
5979
1032
1049
1010
1256
13218
1032
1049
1053
1319
1049
1049
1049
1049
4244
1747
4906
1343
5979
1032
1049
1010
1256
3203
11980
1058
13218
1032
1050
24764
1050
1125
1343
5979
1032
1050
1574
13218
1032
1052
24764
1051
1125
1343
5979
1032
1051
1574
13218
1032
1056
24764
1052
1125
1343
5979
1032
1052
1574
13218
1032
1049
1048
24764
1050
1044
1052
1125
1343
5979
1032
1050
4342
1256
4493
1343
5979
1049
54994
1058
1032
1049
1044
1051
1044
1053
1044
1055
1044
1057
1044
1049
1049
1044
1049
1050
1044
1049
1051
1044
1049
1052
1044
1049
1053
1046
5646
1681
1032
1049
1048
54994
1033
32844
1044
1032
1049
1053
3788
1462
1032
1052
23467
1376
1032
1049
1049
1046
9246
1681
4014
1058
1032
1049
1044
1051
1044
1053
1044
1055
1044
1057
1044
1049
1049
1044
1049
1050
1044
1049
1051
1044
1049
1052
1044
1049
1053
4906
1455
1681
1032
1049
1048
1046
76386
1925
1046
27923
1925
1063
1445
1050
1044
1051
1125
1395
13218
1032
1054
1319
1048
1049
1049
1048
1577
1445
1050
1044
1051
1125
1343
5979
1032
1049
1046
1362
24652
13218
1032
1054
1033
9246
1681
4206
1058
13218
1032
1054
1376
1032
1048
1049
1049
1048
4906
18490
1032
1049
1044
1050
4906
1445
1050
1044
1051
14522
1343
5979
1040
1050
1044
1051
8429
1049
1046
13830
1044
13218
1032
1054
1395
1343
5979
1032
1049
1046
4493
1343
5979
1049
54994
1058
1032
1049
1044
1051
1044
1053
1044
1054
1044
1055
1044
1057
1044
1049
1049
1044
1049
1050
1044
1049
1051
1044
1049
1052
1044
1049
1053
1046
5646
1681
1032
1049
1049
1046
9246
1681
2951
2424
1877
1256
1032
1049
1058
1445
1049
2002
1256
1032
1051
1058
1445
1049
1044
1050
2002
1256
1032
1053
1058
1445
1049
1044
1051
2002
1256
1032
1054
1058
1445
1050
1044
1051
2002
1256
1032
1055
1058
1445
1049
1044
1050
1044
1051
2002
1256
1032
1057
1058
1445
1049
1044
1052
2002
1256
1032
1049
1049
1058
1445
1049
1044
1050
1044
1052
2002
1256
1032
1049
1050
1058
1445
1051
1044
1052
2002
1256
1032
1049
1051
1058
1445
1049
1044
1051
1044
1052
2002
1256
1032
1049
1052
1058
1445
1050
1044
1051
1044
1052
2002
1256
1032
1049
1053
1058
1445
1049
1044
1050
1044
1051
1044
1052
2002
1256
13830
1044
1032
1049
1049
54994
1046
49684
1032
1057
1395
1445
1049
1044
1052
1125
1343
5979
1032
1049
1046
49684
1032
1053
1395
1445
1049
1044
1051
1125
1343
5979
1032
1049
1046
49684
1032
1051
1395
1445
1049
1044
1050
1125
1343
5979
1032
1049
1046
49684
1032
1049
1395
1445
1049
14522
49684
1032
1055
1395
1445
1049
1044
1050
1044
1051
14522
49684
1032
1049
1049
1395
1445
1049
1044
1050
1044
1052
14522
49684
1032
1049
1051
1395
1445
1049
1044
1051
1044
1052
14522
49684
1032
1049
1052
1395
1445
1050
1044
1051
1044
1052
14522
49684
1032
1049
1050
1395
1445
1051
1044
1052
14522
49684
1032
1049
1053
1747
1046
49684
1032
1054
1395
1445
1050
1044
1051
51919
1256
9032
1044
2878
1681
1344
3846
1278
101479
17684
1454
2576
1032
1049
1049
54994
1046
2409
4139
4036
1278
4014
1317
1032
1049
1053
5338
1256
1373
18869
1321
2034
5659
10651
1319
64713
1032
1048
1058
1049
1044
1032
1049
1058
1050
1044
1032
1050
1058
1051
1044
1032
1051
1058
1052
3640
1256
1032
1049
1058
1032
1048
1048
1048
1049
4906
1445
1048
2002
1256
1032
1051
1058
1032
1048
1048
1049
1049
4906
1445
1048
1044
1049
2002
1256
1032
1053
1058
1032
1048
1049
1048
1049
4906
1445
1048
1044
1050
2002
1256
1032
1054
1058
1032
1048
1049
1049
1048
4906
1445
1049
1044
1050
2002
1256
1032
1055
1058
1032
1048
1049
1049
1049
4906
1445
1048
1044
1049
1044
1050
2002
1256
1032
1057
1058
1032
1049
1048
1048
1049
4906
1445
1048
1044
1051
2002
1256
1032
1049
1049
1058
1032
1049
1048
1049
1049
4906
1445
1048
1044
1049
1044
1051
2002
1256
1032
1049
1050
1058
1032
1049
1049
1048
1048
4906
1445
1050
1044
1051
2002
1256
1032
1049
1051
1058
1032
1049
1049
1048
1049
4906
1445
1048
1044
1050
1044
1051
2002
1256
1032
1049
1052
1058
1032
1049
1049
1049
1048
4906
1445
1049
1044
1050
1044
1051
2002
1256
1032
1049
1053
1058
1032
1049
1049
1049
1049
4906
1445
1048
1044
1049
1044
1050
1044
1051
2092
1256
9032
1044
3081
1747
15823
17684
1319
1065
41778
1041
1562
2576
1032
1049
1049
1454
1349
1748
1398
2351
1032
1048
1338
1256
9246
1681
1974
13218
1536
13218
2100
1256
1349
1061
1049
1319
1048
1048
1048
1049
1044
5659
1032
1048
4244
8867
53282
1398
4016
1736
5659
1032
1048
1376
1032
1048
1046
8956
1278
1032
1049
1049
1044
1799
1736
5659
1032
1048
1376
1032
1048
9551
3539
1032
1054
1058
1032
1048
1049
1049
1048
4906
5659
1032
1048
1061
1048
4906
14842
1010
3539
1032
1049
1050
1058
1032
1049
1049
1048
1048
4906
5659
1032
1048
1061
1048
4906
14842
1010
3539
40828
1058
1032
1051
1040
1048
1048
1049
1049
1041
5659
1048
1061
1049
1044
1032
1053
1040
1048
1049
1048
1049
1041
5659
1048
1061
1049
1044
1032
1055
1040
1048
1049
1049
1049
1041
5659
1048
1061
1049
1044
1032
1057
1040
1049
1048
1048
1049
1041
5659
1048
1061
1049
1044
1032
1049
1049
1040
1049
1048
1049
1049
1041
5659
1048
1061
1049
1044
1032
1049
1051
1040
1049
1049
1048
1049
1041
5659
1048
1061
1049
1044
1032
1049
1052
1040
1049
1049
1049
1048
1041
5659
1048
1061
1048
1063
1032
1049
1052
1061
1049
1049
1049
1048
18246
1058
5659
1051
1061
1049
1044
5659
1050
1061
1049
1044
5659
1049
1061
1049
1044
5659
1048
1061
1048
1046
13830
1033
5659
1048
1061
1048
1046
4493
1032
1049
1052
2095
1934
5659
1048
1061
1048
1626
3539
1032
1049
1053
1058
5659
1048
1061
1049
1626
3539
4493
1398
104514
1445
1054
1044
1032
1049
1050
1044
1032
1049
1052
14522
5646
1681
1032
1051
54994
1626
3539
12558
1058
1032
1049
1748
1032
1054
1376
1032
1048
1044
1032
1049
1748
1032
1049
1050
1376
1032
1048
1044
1032
1049
1748
1032
1049
1052
1376
1032
1048
1046
3797
1343
5979
1032
1049
1626
3539
4493
1562
1349
1061
1049
1058
1319
1049
1044
1054
1574
1319
1049
1044
1049
1050
1574
1319
1049
1044
1049
1052
1041
4906
1032
1051
17684
1338
1256
1349
1061
1051
1319
1048
1048
1049
1049
1044
18490
1032
1048
1044
1049
4244
8867
53282
1398
4016
1736
18490
1032
1048
1044
1049
1376
1032
1048
1046
8956
1032
1049
1049
54994
1044
18490
1032
1048
1044
1049
1376
1032
1048
1877
3539
26666
1736
5659
1048
1061
1048
1321
5659
1049
1061
1048
1626
3539
1032
1054
1058
1032
1048
1049
1049
1048
4906
5659
1049
1061
1049
4906
1836
1626
3539
1032
1049
1050
1058
1032
1049
1049
1048
1048
4906
5659
1049
1061
1049
1063
1032
1049
1049
1048
1048
1376
18490
1032
1050
1044
1051
1063
32844
1032
1049
1049
1048
1048
18246
1058
5659
1051
1061
1049
1044
5659
1050
1061
1049
1044
5659
1049
1061
1048
1044
5659
1048
1061
1048
1046
13830
1044
5659
1049
1061
1048
1044
5659
1048
1061
1048
1046
4493
1032
1049
1050
1934
18490
1032
1048
1044
1049
1376
1032
1048
1626
3539
1032
1049
1052
1058
1032
1049
1049
1049
1048
4906
18490
1032
1049
1044
1050
1044
1051
4906
5659
1049
1061
1049
4906
1836
1626
3539
11623
6218
1063
1032
1053
1058
1032
1048
1049
1048
1049
4906
5659
1048
1061
1049
1046
1032
1057
1058
1032
1049
1048
1048
1049
4906
5659
1048
1061
1049
1046
4493
2342
1032
1049
1050
1934
18490
1032
1048
1044
1049
1376
1032
1048
1063
5675
2314
13218
1454
18490
1032
1050
1044
1051
2342
1063
1032
1049
1050
1395
1445
1051
1044
1052
14522
13242
2156
6218
1063
13218
1032
1049
1048
1395
23467
1046
13218
1032
1056
23467
1046
4493
2342
1032
1049
1050
1626
3539
4493
1562
1349
1061
1051
1058
1319
1051
1044
1049
1050
1041
4906
1032
1049
10217
1338
1256
1349
1061
1053
1319
1048
1049
1048
1049
1044
18490
1032
1048
1044
1050
4244
8867
53282
1398
4016
1736
18490
1032
1048
1044
1050
1376
1032
1048
1626
3539
8956
1032
1049
1049
54994
1044
5659
1048
1061
1048
1321
5659
1050
1061
1048
1626
3539
1032
1054
1058
1032
1048
1049
1049
1048
4906
5659
1050
1061
1049
1063
1032
1048
1049
1049
1048
1376
18490
1032
1049
1044
1050
4906
5659
1050
1061
1049
4906
1836
1626
3539
1032
1049
1050
1058
1032
1049
1049
1048
1048
4906
5659
1050
1061
1049
1063
1032
1049
1049
1048
1048
1376
18490
1032
1050
1044
1051
4906
5659
1050
1061
1049
4906
1836
1626
3539
1032
1049
1052
1058
1032
1049
1049
1049
1048
4906
5659
1050
1061
1049
4906
1836
1626
3539
1032
1051
1058
1032
1048
1048
1049
1049
4906
5659
1048
1061
1049
4906
1836
1626
3539
1032
1057
1058
1032
1049
1048
1048
1049
4906
5659
1048
1061
1049
4906
1836
1626
3539
1032
1049
1058
1032
1048
1048
1048
1049
4906
5659
1048
1061
1049
4906
1836
1626
3539
1032
1055
1058
1032
1048
1049
1049
1049
4906
5659
1048
1061
1049
1044
5659
1050
1061
1049
4906
1836
1626
3539
1032
1049
1049
1058
1032
1049
1048
1049
1049
4906
5659
1048
1061
1049
4906
1836
1626
3539
1032
1049
1051
1058
1032
1049
1049
1048
1049
4906
5659
1048
1061
1049
4906
1836
1626
3539
1032
1049
1053
1058
5659
1048
1061
1049
4906
1836
1626
3539
32844
1044
1395
2156
2258
13218
1454
18490
1032
1048
1044
1050
1376
1032
1048
1063
2837
2534
5659
1048
1061
1048
1321
5659
1050
1061
1048
1046
8956
1278
1032
1049
1049
54994
1044
1799
1736
5659
1048
1061
1048
1063
14099
1032
1054
1321
1032
1049
1050
1319
1421
13162
1032
1049
1052
1063
1032
1049
1052
5659
1048
1061
1048
1809
5659
1050
1061
1049
1577
1032
1054
1934
5659
1050
1061
1049
1046
1032
1049
1050
1934
5659
1050
1061
1049
1046
1032
1049
1052
1934
5659
1050
1061
1049
1046
3797
6218
1736
5659
1048
1061
1049
1046
4493
14089
13218
1562
1278
1032
1049
1049
1934
5659
1048
1061
1048
12164
5659
1050
1061
1048
1063
9246
1681
4206
13218
1032
1054
1058
1032
1048
1049
1049
1048
5659
1048
1061
1048
1044
5659
1050
1061
1049
1046
13218
1032
1049
1050
1058
1032
1049
1049
1048
1048
5659
1048
1061
1048
1044
5659
1050
1061
1049
1046
13218
1032
1049
1052
1058
1032
1049
1049
1049
1048
5659
1048
1061
1048
1044
5659
1050
1061
1049
1046
13218
1032
1051
1058
1032
1048
1048
1049
1049
5659
1048
1061
1049
1046
13218
1032
1053
1058
1032
1048
1049
1048
1049
5659
1048
1061
1049
1046
13218
1032
1057
1058
1032
1049
1048
1048
1049
5659
1048
1061
1049
1046
13218
1032
1049
1049
1058
1032
1049
1048
1049
1049
5659
1048
1061
1049
1046
13218
1032
1049
1051
1058
1032
1049
1049
1048
1049
5659
1048
1061
1049
1046
13218
1032
1049
1053
1058
5659
1048
1061
1049
1046
13218
1032
1049
1058
5659
1048
1061
1049
1046
13218
1032
1055
1058
5659
1048
1061
1049
1046
4493
16106
1044
1836
1343
5979
1049
13218
1934
5659
1048
1061
1048
1321
5659
1050
1061
1048
1046
12238
5659
1048
1061
1048
54994
1584
1032
1054
1044
1049
1050
1044
1049
1052
1044
1321
1747
1736
5659
1050
1061
1049
1319
31346
2127
1584
1445
1050
1044
1051
4179
1445
1051
1044
1052
4179
1445
1050
1044
1051
1044
1052
1125
1747
4231
1032
1051
1799
1395
5659
1050
1577
4493
1349
1061
1053
17684
1454
14089
1398
1046
4493
1319
1053
1044
7545
2519
1256
1349
1061
1054
1319
1048
1049
1049
1048
1044
18490
1032
1049
1044
1050
4244
8867
53282
1398
4016
1736
18490
1032
1049
1044
1050
1376
1032
1048
1626
3539
8956
1032
1049
1049
54994
1044
5659
1049
1061
1048
1321
5659
1050
1061
1048
1626
3539
1373
18869
1454
5659
1049
1061
1048
1321
5659
1050
1061
1048
1058
1032
1010
1301
5659
1049
1061
1048
4938
1605
8719
1032
1050
1319
70412
1091
1049
29137
5659
1050
1061
1048
4938
1605
8719
1032
1051
1319
70412
1091
1050
1093
4342
1301
8956
1032
1049
1049
54994
1058
1032
1049
1058
1445
1049
1125
4906
5659
1049
1061
1048
1044
5659
1050
1061
1048
4906
14842
1033
1032
1049
1395
5746
1626
1301
1032
1051
1058
1445
1049
1044
1050
1125
4906
5659
1049
1061
1049
4906
1836
1626
1301
1032
1053
1058
1445
1049
1044
1051
1125
4906
5659
1050
1061
1049
4906
1836
1626
1301
1032
1055
1058
1445
1049
1044
1050
1044
1051
1125
4906
2960
1032
1049
4906
1836
1626
1301
1032
1057
1058
1445
1049
1044
1052
1125
4906
5659
1049
1061
1048
1044
5659
1050
1061
1048
4906
14842
1033
1032
1057
5746
1626
1301
1032
1049
1049
1058
1445
1049
1044
1050
1044
1052
1125
4906
5659
1049
1061
1049
4906
1836
1626
1301
1032
1049
1050
1058
1445
1051
1044
1052
1125
4906
5659
1050
1061
1049
4906
1836
1626
1301
1032
1049
1051
1058
1445
1049
1044
1051
1044
1052
1125
4906
5659
1050
1061
1049
4906
1836
1626
1301
1032
1049
1052
1058
1445
1050
1044
1051
1044
1052
1125
4906
5659
1049
1061
1049
1044
5659
1050
1061
1049
4906
1836
1626
1301
1032
1049
1053
1058
1747
4906
1836
1626
3539
4493
1398
104514
1445
1049
1044
1032
1057
14522
5646
1681
1032
1050
54994
1626
3539
8956
1349
1061
1054
1058
1319
1054
1044
1049
1574
1319
1054
1044
1057
1041
4906
1032
1050
17684
1338
1256
1349
1061
1055
1319
1048
1049
1049
1049
1044
18490
1032
1048
1044
1049
1044
1050
4244
8867
53282
1398
4016
1736
18490
1032
1048
1044
1049
1044
1050
1376
1032
1048
1044
1878
2342
5659
1051
1710
1402
2016
1046
1373
18869
1454
2342
5659
1051
1058
13218
1032
1057
1063
1032
1057
1395
1445
1049
1044
1052
1125
18490
1032
1048
1044
1051
4906
5659
1048
2016
1044
1836
1046
13218
1454
2342
5659
1051
1395
1032
1056
23467
1046
11623
1343
5979
1049
13218
1454
2342
5659
1051
1063
3501
1044
3147
1445
1052
1125
1343
5979
1032
1052
23467
1046
4493
1836
1398
1046
1349
1061
1055
17684
1454
11518
1338
1256
1349
1061
1057
1319
1049
1048
1048
1049
1044
18490
1032
1048
1044
1051
4244
8867
53282
1398
4016
1736
18490
1032
1048
1044
1051
1376
1032
1048
1626
3539
8956
1032
1049
1049
54994
1044
5659
1048
1061
1048
1321
5659
1051
1061
1048
1626
3539
5659
1048
1061
1048
54994
1058
1032
1054
1044
1049
1050
1044
1049
1052
1046
18935
2576
1044
5659
1051
1061
1048
1058
1032
1010
1301
1032
1054
1058
1032
1048
1049
1049
1048
4906
5659
1051
1061
1048
1063
1032
1048
1049
1049
1048
5659
1051
1061
1048
1319
31346
1032
1052
18490
1058
5659
1051
1395
1373
5038
1063
49032
1032
1048
1049
1049
1048
1395
1032
1052
26951
1058
5659
1051
1061
1048
1044
5659
1050
1061
1049
1044
5659
1049
1061
1049
1044
5659
1048
1061
1048
1046
13830
5659
1051
1061
1048
5203
4493
1032
1054
1934
5659
1051
1061
1048
1626
1301
1032
1049
1050
1058
1032
1049
1049
1048
1048
4906
5659
1051
1061
1049
4906
1836
1626
1301
1032
1049
1052
1058
1032
1049
1049
1049
1048
4906
5659
1051
1061
1049
4906
1836
1626
3539
11623
2147
54994
1454
5659
1048
1061
1048
1063
14099
1032
1054
1044
1049
1050
1044
1049
1052
1046
4493
2342
1032
1054
1934
5659
1051
1061
1048
1626
3539
9840
4206
1693
2258
13218
1934
5659
1048
1061
1049
1809
5659
1051
1061
1048
1321
25217
101479
1063
3501
1044
4016
1736
5659
1048
1061
1048
1046
4493
1398
104514
1445
1054
1125
2342
1063
32844
1044
2549
2314
13218
1454
5659
1048
1061
1049
1321
5659
1051
1061
1048
1063
3626
1729
2534
1349
1748
1398
2351
1032
1048
1044
1878
1693
1349
1934
5659
1048
1061
1049
1044
1398
4016
1736
5659
1048
1061
1048
1046
4493
1398
4016
1736
5659
1048
1061
1048
1046
4493
2342
1032
1054
1046
1032
1010
3539
3626
7377
1044
2481
1398
1736
5659
1048
1061
1049
1321
5659
1051
1061
1049
1063
3501
1044
1349
1934
2960
1046
4493
1398
4016
1736
5659
1048
1061
1048
1321
5659
1051
1061
1048
1046
14099
1032
1054
1626
3539
8956
1349
1061
1057
1058
1319
1057
1044
1054
1041
4906
1032
1049
10217
1338
1256
1349
1061
1049
1049
1319
1049
1048
1049
1049
1044
18490
1032
1048
1044
1049
1044
1051
4244
8867
53282
1398
4016
1736
18490
1032
1048
1044
1049
1044
1051
1376
1032
1048
1044
1878
2342
5659
1050
1710
1402
2016
1046
49684
1454
2342
5659
1050
1395
1032
1052
23467
1319
1103
5979
1032
1051
1577
11623
1343
5979
1049
13218
1454
2342
5659
1050
1063
3501
1046
4493
1349
1061
1049
1049
17684
1454
11518
1338
1256
1349
1061
1049
1050
1319
1049
1049
1048
1048
1044
18490
1032
1050
1044
1051
4244
8867
53282
1398
4016
1736
18490
1032
1050
1044
1051
1376
1032
1048
1626
3539
8956
1032
1049
1049
54994
1044
5659
1050
1061
1048
1321
5659
1051
1061
1048
1626
3539
1373
18869
1454
5659
1050
1061
1048
1321
5659
1051
1061
1048
1058
1032
1010
1301
5659
1050
1061
1048
4938
1605
8719
1032
1051
1319
70412
1091
1050
29137
5659
1051
1061
1048
4938
1605
8719
1032
1052
1319
70412
1091
1051
1093
4342
1301
8956
1032
1049
1049
54994
1058
1032
1049
1058
1445
1049
1125
4906
14842
1626
1301
1032
1051
1058
1445
1049
1044
1050
1125
4906
5659
1050
1061
1048
1063
1032
1051
1395
1445
1049
1044
1050
1125
18490
1032
1048
1044
1049
4906
5659
1050
1061
1048
1044
5659
1051
1061
1048
4906
14842
1033
1032
1051
5746
1626
1301
1032
1053
1058
1445
1049
1044
1051
1125
4906
5659
1050
1061
1049
4906
1836
1626
1301
1032
1054
1058
1445
1050
1044
1051
1125
4906
5659
1050
1061
1049
4906
1836
1626
1301
1032
1054
1058
1836
1626
1301
1032
1055
1058
1445
1049
1044
1050
1044
1051
1125
4906
5659
1050
1061
1049
4906
1836
1626
1301
1032
1057
1058
1445
1049
1044
1052
1125
4906
5659
1051
1061
1049
4906
1836
1626
1301
1032
1049
1049
1058
1445
1049
1044
1050
1044
1052
1125
4906
5659
1051
1061
1049
4906
1836
1626
1301
1032
1049
1051
1058
1445
1049
1044
1051
1044
1052
1125
4906
5659
1050
1061
1049
1044
5659
1051
1061
1049
4906
1836
1626
1301
1032
1049
1052
1058
1445
1050
1044
1051
1044
1052
1125
4906
5659
1050
1061
1049
1044
5659
1051
1061
1049
4906
1836
1626
1301
1032
1049
1053
1058
1836
1626
3539
4493
1398
104514
1445
1049
1044
1032
1051
14522
5646
1681
1032
1050
54994
1626
3539
8956
1349
1061
1049
1050
1058
1319
1049
1050
1044
1049
1574
1319
1049
1050
1044
13
11
1010