10
25708
1010
11
1010
10
3263
1010
10311
1278
3629
2254
21734
1321
8953
3607
1044
10886
5687
1278
2254
5055
1321
2764
1747
1278
9458
1046
1603
24151
16424
70914
84674
14671
48761
1083
25461
4568
2715
30711
1278
3475
1636
13330
1294
1261
1335
107485
3475
4950
1319
3038
44642
1041
1319
43880
2084
80858
1278
4618
7389
1801
2640
3149
6878
1095
83013
25886
1058
1935
1044
1373
1058
1935
1041
4906
1935
1877
1293
19639
52745
1278
6878
2782
1307
10317
108592
34408
1408
1261
9917
1454
1464
7581
1077
1043
1049
36281
1626
1260
1010
1293
1531
9917
1934
36281
53073
1032
1048
1044
1032
1049
1044
84091
1464
7581
1077
1046
1531
1623
12497
10314
1319
1049
37127
1623
37127
1464
7581
1077
1041
44868
1032
1010
1293
36281
1623
1321
6705
6534
1462
1464
1044
1032
1048
1577
56102
1044
2342
29268
1032
1048
1395
35902
1626
1260
1010
1293
51209
1562
29268
1032
1048
1044
108592
34796
1877
1293
1032
1049
1046
21847
12353
1925
17220
29268
51643
1513
6974
1321
20183
1317
1494
1010
1293
1032
1050
1046
3367
1278
29268
1395
41926
98208
1044
1514
6890
2392
1494
1010
1260
1010
1293
2409
19877
4570
1747
36281
1584
35902
1626
1260
1010
1293
64664
1877
1369
1464
1058
7610
9276
1319
1049
37127
1464
37127
1032
1050
7581
1049
1048
1094
1053
1456
1369
1373
1058
10322
9276
1319
1049
37127
1373
37127
1032
1050
7581
1049
1048
1094
1053
1456
1260
1010
1293
20527
1877
1369
1531
6878
2782
1307
10317
81793
1032
1057
1057
1056
1050
1052
1052
1051
1053
1051
1010
1260
1010
1293
56431
6878
1095
83013
1040
1050
1044
1032
1050
1456
1293
1032
1050
1048
1010
1293
56431
6878
1095
83013
1040
1049
1050
1051
1052
1053
1054
1044
1032
1049
1056
1053
1049
1056
1053
1456
1293
1032
1054
1057
1050
1057
1050
1057
1049
1052
1010
1293
47680
3149
4206
5164
52143
3640
1293
6852
15605
1040
1050
1044
1032
1050
1041
2351
1032
1050
1048
1010
1293
6852
15605
1040
1049
1050
1051
1052
1053
1054
1044
1032
1049
1056
1053
1049
1056
1053
1041
2351
1032
1054
1057
1050
1057
1050
1057
1049
1052
1010
1293
6852
15605
1040
1049
1056
1056
1057
1049
1048
1044
1032
1049
1055
1048
1056
1056
1051
1041
2351
1032
1051
1051
1054
1054
1055
1057
1051
1053
1050
1010
1293
6852
15605
1040
1049
1052
1053
1053
1057
1044
1032
1052
1053
1048
1052
1057
1041
2351
1032
1054
1056
1048
1052
1051
1051
1049
1049
1057
1010
1293
6852
15605
1040
1049
1044
1032
1050
1041
2351
1032
1052
1010
1293
6852
15605
1040
1050
1056
1054
1054
1044
1032
1049
1052
1053
1052
1056
1041
2351
1032
1050
1057
1049
1053
1051
1055
1049
1057
1055
1010
1293
6852
15605
1040
1049
1044
1032
1050
1041
2351
1032
1048
1010
1293
6852
15605
1040
1050
1057
1044
1032
1051
1057
1041
2351
1032
1052
1050
1057
1056
1051
1051
1055
1052
1050
1010
1293
6852
15605
1040
1051
1049
1044
1032
1050
1048
1041
2351
1032
1053
1054
1048
1051
1056
1050
1053
1051
1052
1010
1293
6852
15605
1040
1052
1057
1044
1032
1049
1051
1041
2351
1032
1056
1048
1057
1055
1057
1051
1055
1048
1050
1010
1293
6852
15605
1040
1055
1044
1032
1050
1041
2351
1032
1053
1057
1056
1057
1052
1054
1055
1053
1051
1010
1293
6852
15605
1040
1049
1056
1051
1052
1052
1055
1044
1032
1049
1054
1056
1053
1057
1057
1041
2351
1032
1049
1049
1057
1053
1048
1050
1056
1048
1010
1293
6852
15605
1040
1052
1051
1044
1032
1052
1053
1041
2351
1032
1050
1048
1052
1048
1053
1054
1053
1057
1052
1010
1293
6852
15605
1040
1052
1051
1051
1053
1049
1044
1032
1050
1054
1055
1050
1050
1041
2351
1032
1056
1052
1051
1053
1055
1050
1051
1055
1010
1293
6852
15605
1040
1049
1056
1052
1053
1048
1055
1044
1032
1049
1057
1051
1055
1053
1048
1041
2351
1032
1053
1048
1048
1050
1055
1053
1054
1054
1055
1010
1293
6852
15605
1040
1049
1051
1048
1054
1057
1044
1032
1050
1056
1050
1053
1052
1041
2351
1032
1052
1051
1057
1057
1051
1048
1050
1048
1051
1010
1293
6852
15605
1040
1052
1053
1044
1032
1051
1057
1041
2351
1032
1056
1056
1052
1053
1048
1048
1054
1056
1051
1010
1293
6852
15605
1040
1049
1056
1056
1055
1052
1056
1044
1032
1049
1054
1056
1053
1049
1056
1041
2351
1032
1050
1056
1052
1057
1048
1057
1053
1050
1049
1010
1293
6852
15605
1040
1050
1055
1054
1052
1044
1032
1050
1051
1048
1053
1050
1041
2351
1032
1050
1051
1048
1051
1056
1056
1049
1048
1010
1293
6852
15605
1040
1052
1052
1044
1032
1050
1048
1041
2351
1032
1051
1055
1054
1056
1053
1057
1056
1051
1051
1010
1293
6852
15605
1040
1057
1057
1057
1057
1057
1044
1032
1049
1048
1048
1048
1048
1048
1041
2351
1032
1057
1048
1051
1057
1052
1053
1055
1051
1055
1010
1293
6852
15605
1040
1050
1048
1044
1032
1049
1050
1041
2351
1032
1053
1055
1054
1049
1056
1050
1052
1049
1048
1010
1293
6852
15605
1040
1052
1048
1044
1032
1057
1041
2351
1032
1049
1055
1050
1051
1049
1051
1053
1055
1051
1010
1293
6852
15605
1040
1049
1057
1048
1055
1053
1049
1044
1032
1049
1053
1057
1051
1053
1057
1041
2351
1032
1055
1050
1056
1050
1048
1048
1056
1055
1053
1010
1293
6852
15605
1040
1052
1053
1044
1032
1050
1052
1041
2351
1032
1057
1057
1048
1054
1049
1048
1052
1053
1053
1010
1293
6852
15605
1040
1049
1044
1032
1050
1048
1048
1048
1048
1048
1041
2351
1032
1055
1048
1050
1050
1053
1056
1056
1048
1010
1293
6852
15605
1040
1049
1056
1051
1056
1050
1052
1044
1032
1049
1055
1053
1051
1048
1048
1041
2351
1032
1052
1050
1052
1055
1048
1054
1056
1051
1056
1010
1293
6852
15605
1040
1049
1044
1032
1049
1041
2351
1032
1049
1010
1293
6852
15605
1040
1056
1057
1050
1054
1044
1032
1049
1055
1049
1050
1049
1041
2351
1032
1049
1048
1050
1049
1053
1050
1055
1051
1056
1010
1293
6852
15605
1040
1051
1054
1044
1032
1049
1057
1041
2351
1032
1049
1054
1054
1055
1048
1049
1054
1049
1055
1010
1293
6852
15605
1040
1050
1051
1044
1032
1050
1041
2351
1032
1051
1056
1050
1056
1056
1048
1050
1055
1057
1010
1293
6852
15605
1040
1051
1056
1044
1032
1049
1048
1041
2351
1032
1053
1051
1056
1054
1051
1053
1056
1057
1053
1010
1293
6852
15605
1040
1049
1048
1048
1048
1048
1048
1044
1032
1057
1057
1057
1057
1057
1041
2351
1032
1053
1053
1053
1057
1050
1056
1055
1055
1010
1293
6852
15605
1040
1049
1052
1044
1032
1051
1056
1041
2351
1032
1055
1052
1050
1049
1048
1052
1048
1051
1049
1010
1293
6852
15605
1040
1051
1056
1044
1032
1053
1041
2351
1032
1051
1056
1052
1050
1050
1048
1048
1054
1050
1010
1293
6852
15605
1040
1049
1056
1054
1054
1050
1051
1044
1032
1049
1055
1049
1051
1054
1055
1041
2351
1032
1049
1050
1053
1052
1050
1053
1051
1055
1010
1293
6852
15605
1040
1049
1055
1050
1048
1056
1055
1044
1032
1049
1055
1050
1048
1057
1050
1041
2351
1032
1050
1048
1048
1056
1053
1056
1053
1049
1052
1010
1293
6852
15605
1040
1049
1051
1052
1055
1056
1044
1032
1051
1048
1048
1050
1052
1041
2351
1032
1051
1049
1052
1056
1057
1056
1057
1057
1049
1010
1293
6852
15605
1040
1051
1051
1044
1032
1049
1053
1041
2351
1032
1052
1050
1050
1048
1057
1051
1057
1049
1050
1010
1293
6852
15605
1040
1052
1054
1044
1032
1051
1052
1041
2351
1032
1056
1056
1051
1051
1055
1055
1049
1056
1052
1010
1293
6852
15605
1040
1055
1044
1032
1049
1057
1041
2351
1032
1056
1057
1056
1052
1051
1050
1054
1054
1049
1010
1293
6852
15605
1040
1049
1050
1044
1032
1051
1048
1041
2351
1032
1049
1057
1052
1053
1050
1057
1051
1049
1053
1267
1035
13516
4206
47638
1095
83013
1041
1317
3160
9458
1626
1975
11
1010
10
1503
19464
1010
12
13
1010
4268
1584
4265
1261
2254
21734
1321
8953
3607
1394
2000
16655
1095
83013
25886
1044
1373
94799
2837
2534
1317
10886
5687
1278
2254
2516
1455
1494
22405
1747
9458
1294
1278
2000
6390
1096
2254
1046
1531
9458
1584
4265
1294
1278
2000
6390
1096
2254
1454
3325
109595
1046
2837
4016
1605
22347
1278
9458
1046
2837
1736
1317
9470
1278
3475
4950
1455
8688
1278
11708
1307
2000
16655
1095
83013
1096
1319
1421
41604
2258
33106
3475
1041
1455
22405
1747
2576
109595
1338
10107
1044
1729
2534
1317
5048
1278
4127
1058
2837
1736
1261
9917
1454
1464
1042
1077
1867
1032
1049
36281
1046
19604
2961
53073
1032
1048
1044
1032
1049
1044
84091
1464
1042
1077
1046
1531
1623
12497
10314
1319
1049
37127
1623
37127
1464
1042
1077
1041
44868
36281
1623
1321
6705
6534
1462
1464
1044
1032
1048
1577
56102
2342
29268
1032
1048
1395
35902
1338
56044
1562
29268
1032
1048
1044
108592
34796
1877
1049
1046
21847
12353
1925
17220
29268
51643
1513
6974
1321
20183
1317
1494
1010
1050
1046
3367
1278
29268
1395
41926
98208
1044
1514
6890
2392
1494
1010
4380
19877
4570
1747
36281
1584
35902
1338
4268
2534
1278
6878
2782
1307
10317
81793
1032
1057
1057
1056
1050
1052
1052
1051
1053
1051
1338
4268
2534
1317
13442
1278
4127
21966
1046
1531
8404
1934
36281
1032
1048
1317
1464
1042
1077
1046
4396
4146
1058
2898
1623
1562
1032
1049
1317
1464
1042
1077
1044
10314
44868
1623
1321
6705
6534
1462
1464
1044
1032
1048
1577
2409
4938
1693
1623
3006
1464
1044
10314
44868
1623
1321
1623
1462
1464
1059
1693
1623
9120
1464
1044
10314
44868
1623
1321
1032
1048
1046
4493
26407
36281
1032
1049
1791
1078
1584
8822
1317
1032
1048
1046
6830
36281
1464
1043
1049
1791
1050
1078
1584
8822
1317
1032
1049
1791
1078
6505
1063
9246
1681
3219
1058
1623
1562
1464
1043
1049
1317
1032
1050
1078
1058
10314
44868
1623
1321
6705
6534
9964
1044
1048
8429
1623
9964
1799
1395
2396
1032
1049
1321
1464
1046
4493
1593
9301
1464
28738
1319
1270
1429
1098
82976
1034
10137
1041
15205
1317
1032
1048
1046
34297
1044
29268
1032
1049
1395
8822
1317
1032
1048
1059
1032
1050
1317
1032
1048
1059
6421
1464
1317
1032
1048
1046
6830
29268
1464
1043
1049
1317
1032
1049
1044
1464
1043
1050
1317
1032
1050
1044
84091
1032
1050
1078
1317
1464
1046
1656
4352
1044
29268
1409
1934
7917
11237
4564
1107
1045
1049
12982
1078
36036
49032
1044
10314
1623
44868
1623
1321
1623
9964
1693
1623
1062
1078
2849
1032
1048
1046
4493
1494
1681
1261
15179
9917
1562
8181
1032
1048
1063
1531
8404
1395
1261
9917
1454
1464
1042
1077
1043
1049
36281
1046
1531
20978
1584
6493
1536
26524
1046
4493
2744
29268
1934
9886
1058
1032
1048
1934
9886
1464
1319
53989
1032
1049
1791
1078
1577
19604
2961
1032
1049
1791
1078
1736
9886
1032
1050
1319
1774
10314
1317
1032
1048
1044
1925
10314
1317
1278
4275
1294
12099
1063
49032
1623
12497
10314
44868
1623
1321
6705
6534
9964
1044
1048
1577
4493
29268
1475
1394
1475
1562
1032
1049
1317
1464
1934
10314
1317
1032
1048
1319
31346
1475
1395
1623
1061
1106
1044
44868
1475
1321
1032
1048
1041
1321
2095
1693
1475
104164
37127
1464
1042
1077
1044
2156
1395
1420
10314
1562
1475
104164
1317
1475
1063
32844
1058
1531
20978
1584
53073
1032
1049
1317
1464
1042
1077
1046
22649
1623
44868
36281
1623
1321
6705
6534
9964
1044
1048
1577
4493
1394
1623
1061
1049
1058
10314
2396
1032
1049
1321
1032
1048
1046
1623
1061
1050
1058
1032
1050
1321
1032
1048
1046
6421
1623
105493
1058
1464
1321
1032
1048
1046
1623
105493
1043
1049
1058
1464
1043
1049
1321
1032
1049
1046
1623
105493
1043
1050
1058
1464
1043
1050
1321
1032
1050
1046
6421
1623
1061
1050
1078
1058
1032
1050
1078
1321
1464
1046
1623
1061
1050
1078
1043
1049
1058
1032
1050
1078
1043
1049
1321
1464
1043
1049
1063
32844
1044
6705
4564
1050
1078
1043
1049
8537
1078
1044
1048
1041
1376
1464
1043
1049
1046
4493
10314
44868
1032
1050
1078
1043
1049
1321
1464
1043
1049
1046
4493
1278
5965
1058
1531
9917
15730
1307
1464
101479
22344
1319
1331
3365
1041
10348
1562
1032
1048
1044
2744
1307
5592
1373
1063
9246
1681
4014
36281
1058
3788
36281
1376
1464
1042
1077
1043
1049
1046
47906
1032
1048
1044
2430
1373
5200
1307
1464
1063
49032
1044
1693
1729
1736
1464
28738
1044
2744
12099
1934
36281
1058
10348
1562
1032
1048
1044
2430
1261
12099
1307
36281
1455
1584
5949
5966
1536
5966
1063
9246
1681
6373
1058
1032
1010
27369
1032
1048
1626
95064
1032
1049
1791
1078
1584
8822
7655
1317
1032
1048
1626
15096
20978
1464
1043
1049
1317
1032
1050
1078
8044
1464
1043
1049
1317
1032
1049
1044
1464
1043
1050
1317
1032
1050
1044
84091
1032
1050
1078
1317
1464
1046
4493
2576
1584
1278
1429
13023
6240
2811
2744
1307
1278
1464
4618
36281
12878
1925
1875
3472
1626
15096
20978
1032
1050
1078
1043
1049
1317
1032
1051
1078
8044
1032
1050
1078
1043
1049
1317
1464
1043
1049
1044
1032
1050
1078
1043
1050
1317
1464
1043
1050
1044
84091
1032
1051
1078
1317
1032
1050
1078
1046
4493
2744
1307
1278
2667
6240
36281
12878
1261
3472
1626
78802
1302
1593
1044
1729
1736
1373
14953
2453
1032
1048
1063
9246
1681
4206
3788
36281
1058
1032
1048
1867
1464
1319
11517
6240
1041
1867
1464
1319
13023
6240
1041
1867
6421
1373
5213
1063
3367
2156
1584
1373
14953
2453
1032
1048
1044
3788
36281
1376
1032
1049
1867
1464
1042
1077
1046
13830
1033
4493
2744
1429
29386
1034
1395
7442
1464
12066
28738
1307
5592
1373
20978
1044
2744
10348
1562
1032
1048
1063
49032
1494
1681
1261
9917
2478
1032
1048
1395
8181
1044
1321
2156
1584
1464
4974
1319
1049
1791
1078
1577
11796
1307
3385
1934
1464
4974
1063
32844
1044
1693
2744
6240
26376
1464
36281
1044
1321
2156
1584
1373
14953
1044
2430
36281
1032
1049
1791
1078
1584
6240
1032
1049
1046
19604
2961
1464
1043
1049
1791
1050
1078
1584
6240
1032
1050
1046
19604
2961
1032
1050
1078
1043
1049
1791
1051
1078
1584
6240
2247
4493
12883
1307
9917
1058
1562
1032
1048
1317
22494
1063
1531
101195
36281
2168
1402
3385
1513
6240
1373
1043
1049
1063
9246
1681
3219
1058
3367
1373
1061
1049
1044
3788
36281
1376
1464
1043
1049
1046
4396
4146
1032
1049
1791
1078
8044
1032
1049
1791
1078
1317
1032
1048
1046
4493
1494
1681
1261
9655
1454
7034
1032
1048
1321
1464
15786
1046
41744
1063
108592
16896
1513
1032
1048
1044
20183
51643
1317
17220
29268
1046
3367
22494
41926
98208
1044
6890
2392
1494
1046
46604
1747
35902
1046
2898
1373
1061
1049
1044
1464
29913
1063
1531
2688
1934
15605
1040
1049
1044
1050
8429
1052
1044
15605
1040
1049
1044
1049
8429
1049
1044
15605
1040
1049
1044
1050
8429
1048
1063
32844
2688
1934
2000
8723
15605
1040
1049
1044
1050
1041
2351
1032
1052
1096
1321
4025
2000
8723
15605
1040
1049
1044
1050
1041
2351
1032
1048
9816
5646
1681
81681
1046
9246
1681
4206
1278
2688
3475
21966
2100
1975
29896
1010
1293
56431
6878
1095
83013
1040
1049
1050
1051
1052
1053
1054
1044
1032
1049
1056
1053
1049
1056
1053
1456
1293
1032
1054
1057
1050
1057
1050
1057
1049
1052
1010
1293
20213
1293
6852
15605
1040
1049
1044
1032
1050
1041
2351
1032
1052
1010
1293
6852
15605
1040
1049
1044
1032
1050
1041
2351
1032
1048
1010
2731
6958
1584
2295
109595
1394
2000
1099
52143
1040
1049
1044
1050
1041
2351
1032
1052
1096
1321
2000
1099
52143
1040
1049
1044
1050
1041
2351
1032
1048
9816
5646
4938
1278
2688
2254
2000
6390
1096
2084
7195
1693
1278
2254
10721
4433
2147
2224
2960
1032
1052
1321
1032
1048
1063
49032
1044
2000
6390
1096
2254
11500
109595
1059
1693
2258
57500
24372
1044
1494
47151
20628
1292
4507
1046
36147
2295
109595
1394
1278
2879
4292
1454
2801
6878
4213
4938
1278
2688
2084
5282
7195
15388
1278
2254
10721
2960
1032
1052
1321
1032
1048
21372
1044
1799
1395
16501
1046
32844
1044
13162
1278
2688
3475
1934
1261
96948
1063
3247
13162
1278
2254
1395
6878
1317
1850
2801
4213
1394
2801
13193
1063
3626
2000
1099
52143
1040
1049
1044
1050
17783
1395
4418
15449
1454
2879
9434
1046
1656
17616
1044
1693
1278
2254
10721
1032
1052
2158
2142
1321
1032
1048
2667
2142
1044
1278
2158
6852
22405
1044
2667
24372
1046
3367
1494
10721
1032
1052
2960
5213
1044
2667
24372
1046
3367
1032
1048
2960
5213
1044
2158
24372
1046
4493
1593
7444
2479
1420
3880
1294
1278
4127
10674
1063
3247
13162
1278
2254
21734
1934
1464
1321
1373
130972
1063
3247
13162
1278
109595
1584
11715
1317
1402
2801
1063
9246
1681
3346
1278
4127
3403
2790
2100
2640
1293
56431
6878
1095
83013
1040
1049
1050
1051
1052
1053
1054
1044
1032
1049
1056
1053
1049
1056
1053
1456
1293
1032
1054
1057
1050
1057
1050
1057
1049
1052
1010
1293
20213
1293
6852
15605
1040
1049
1044
1032
1050
1041
2351
1032
1052
1010
1293
6852
15605
1040
1049
1044
1032
6420
2351
1032
1048
1010
2731
28191
1044
1278
5662
3403
1934
2100
2640
1293
56431
6878
1095
83013
1040
1049
1050
1051
1052
1053
1054
1044
1032
1049
1056
1053
1049
1056
1053
1456
1293
1032
1054
1057
1050
1057
1050
1057
1049
1052
1010
1293
20213
1293
6852
15605
1040
1049
1044
1032
1050
1041
2351
1032
1052
1010
1293
6852
15605
1040
1049
1044
1032
1050
1041
2351
1032
1048
1010
2731
3890
4025
2156
1395
2095
2000
8723
15605
1040
1049
1044
1032
1050
1041
2351
1032
1048
1096
1321
2430
3325
2147
109595
1046
17048
1278
4127
16541
1880
2801
7313
1063
9246
1681
2985
1513
1278
6960
2688
4950
1562
1278
16925
2100
1784
16925
8223
2100
2640
1035
13516
4206
47638
1095
83013
1041
1317
3160
9458
1626
2640
4998
2430
1278
2000
6390
1096
2254
8688
3325
109595
1046
9246
1681
9441
1278
11157
1805
2100
2640
3149
4206
5164
52143
3640
1293
6852
15605
1040
1050
1044
1032
1050
1041
2351
1032
1050
1048
1010
1293
6852
15605
1040
1049
1050
1051
1052
1053
1054
1044
1032
1049
1056
1053
1049
1056
1053
1041
2351
1032
1054
1057
1050
1057
1050
1057
1049
1052
1010
1293
6852
15605
1040
1049
1056
1056
1057
1049
1048
1044
1032
1049
1055
1048
1056
1056
1051
1041
2351
1032
1051
1051
1054
1054
1055
1057
1051
1053
1050
1010
1293
6852
15605
1040
1049
1052
1053
1053
1057
1044
1032
1052
1053
1048
1052
1057
1041
2351
1032
1054
1056
1048
1052
1051
1051
1049
1049
1057
1010
1293
6852
15605
1040
1049
1044
1032
1050
1041
2351
1032
1052
1010
1293
6852
15605
1040
1050
1056
1054
1054
1044
1032
1049
1052
1053
1052
1056
1041
2351
1032
1050
1057
1049
1053
1051
1055
1049
1057
1055
1010
1293
6852
15605
1040
1049
1044
1032
1050
1041
2351
1032
1048
1010
1293
6852
15605
1040
1050
1057
1044
1032
1051
1057
1041
2351
1032
1052
1050
1057
1056
1051
1051
1055
1052
1050
1010
1293
6852
15605
1040
1051
1049
1044
1032
1050
1048
1041
2351
1032
1053
1054
1048
1051
1056
1050
1053
1051
1052
1010
1293
6852
15605
1040
1052
1057
1044
1032
1049
1051
1041
2351
1032
1056
1048
1057
1055
1057
1051
1055
1048
1050
1010
1293
6852
15605
1040
1055
1044
1032
1050
1041
2351
1032
1053
1057
1056
1057
1052
1054
1055
1053
1051
1010
1293
6852
15605
1040
1049
1056
1051
1052
1052
1055
1044
1032
1049
1054
1056
1053
1057
1057
1041
2351
1032
1049
1049
1057
1053
1048
1050
1056
1048
1010
1293
6852
15605
1040
1052
1051
1044
1032
1052
1053
1041
2351
1032
1050
1048
1052
1048
1053
1054
1053
1057
1052
1010
1293
6852
15605
1040
1052
1051
1051
1053
1049
1044
1032
1050
1054
1055
1050
1050
1041
2351
1032
1056
1052
1051
1053
1055
1050
1051
1055
1010
1293
6852
15605
1040
1049
1056
1052
1053
1048
1055
1044
1032
1049
1057
1051
1055
1053
1048
1041
2351
1032
1053
1048
1048
1050
1055
1053
1054
1054
1055
1010
1293
6852
15605
1040
1049
1051
1048
1054
1057
1044
1032
1050
1056
1050
1053
1052
1041
2351
1032
1052
1051
1057
1057
1051
1048
1050
1048
1051
1010
1293
6852
15605
1040
1052
1053
1044
1032
1051
1057
1041
2351
1032
1056
1056
1052
1053
1048
1048
1054
1056
1051
1010
1293
6852
15605
1040
1049
1056
1056
1055
1052
1056
1044
1032
1049
1054
1056
1053
1049
1056
1041
2351
1032
1050
1056
1052
1057
1048
1057
1053
1050
1049
1010
1293
6852
15605
1040
1050
1055
1054
1052
1044
1032
1050
1051
1048
1053
1050
1041
2351
1032
1050
1051
1048
1051
1056
1056
1049
1048
1010
1293
6852
15605
1040
1052
1052
1044
1032
1050
1048
1041
2351
1032
1051
1055
1054
1056
1053
1057
1056
1051
1051
1010
1293
6852
15605
1040
1057
1057
1057
1057
1057
1044
1032
1049
1048
1048
1048
1048
1048
1041
2351
1032
1057
1048
1051
1057
1052
1053
1055
1051
1055
1010
1293
6852
15605
1040
1050
1048
1044
1032
1049
1050
1041
2351
1032
1053
1055
1054
1049
1056
1050
1052
1049
1048
1010
1293
6852
15605
1040
1052
1048
1044
1032
1057
1041
2351
1032
1049
1055
1050
1051
1049
1051
1053
1055
1051
1010
1293
6852
15605
1040
1049
1057
1048
1055
1053
1049
1044
1032
1049
1053
1057
1051
1053
1057
1041
2351
1032
1055
1050
1056
1050
1048
1048
1056
1055
1053
1010
1293
6852
15605
1040
1052
1053
1044
1032
1050
1052
1041
2351
1032
1057
1057
1048
1054
1049
1048
1052
1053
1053
1010
1293
6852
15605
1040
1049
1044
1032
1050
1048
1048
1048
1048
1048
1041
2351
1032
1055
1048
1050
1050
1053
1056
1056
1048
1010
1293
6852
15605
1040
1049
1056
1051
1056
1050
1052
1044
1032
1049
1055
1053
1051
1048
1048
1041
2351
1032
1052
1050
1052
1055
1048
1054
1056
1051
1056
1010
1293
6852
15605
1040
1049
1044
1032
1049
1041
2351
1032
1049
1010
1293
6852
15605
1040
1056
1057
1050
1054
1044
1032
1049
1055
1049
1050
1049
1041
2351
1032
1049
1048
1050
1049
1053
1050
1055
1051
1056
1010
1293
6852
15605
1040
1051
1054
1044
1032
1049
1057
1041
2351
1032
1049
1054
1054
1055
1048
1049
1054
1049
1055
1010
1293
6852
15605
1040
1050
1051
1044
1032
1050
1041
2351
1032
1051
1056
1050
1056
1056
1048
1050
1055
1057
1010
1293
6852
15605
1040
1051
1056
1044
1032
1049
1048
1041
2351
1032
1053
1051
1056
1054
1051
1053
1056
1057
1053
1010
1293
6852
15605
1040
1049
1048
1048
1048
1048
1048
1044
1032
1057
1057
1057
1057
1057
1041
2351
1032
1053
1053
1053
1057
1050
1056
1055
1055
1010
1293
6852
15605
1040
1049
1052
1044
1032
1051
1056
1041
2351
1032
1055
1052
1050
1049
1048
1052
1048
1051
1049
1010
1293
6852
15605
1040
1051
1056
1044
1032
1053
1041
2351
1032
1051
1056
1052
1050
1050
1048
1048
1054
1050
1010
1293
6852
15605
1040
1049
1056
1054
1054
1050
1051
1044
1032
1049
1055
1049
1051
1054
1055
1041
2351
1032
1049
1050
1053
1052
1050
1053
1051
1055
1010
1293
6852
15605
1040
1049
1055
1050
1048
1056
1055
1044
1032
1049
1055
1050
1048
1057
1050
1041
2351
1032
1050
1048
1048
1056
1053
1056
1053
1049
1052
1010
1293
6852
15605
1040
1049
1051
1052
1055
1056
1044
1032
1051
1048
1048
1050
1052
1041
2351
1032
1051
1049
1052
1056
1057
1056
1057
1057
1049
1010
1293
6852
15605
1040
1051
1051
1044
1032
1049
1053
1041
2351
1032
1052
1050
1050
1048
1057
1051
1057
1049
1050
1010
1293
6852
15605
1040
1052
1054
1044
1032
1051
1052
1041
2351
1032
1056
1056
1051
1051
1055
1055
1049
1056
1052
1010
1293
6852
15605
1040
1055
1044
1032
1049
1057
1041
2351
1032
1056
1057
1056
1052
1051
1050
1054
1054
1049
1010
1293
6852
15605
1040
1049
1050
1044
1032
1051
1048
1041
2351
1032
1049
1057
1052
1053
1050
1057
1051
1049
1053
1010
2731
104668
1044
2156
1584
2295
109595
1454
2000
1099
52143
1040
1049
1044
1050
17783
1058
2158
2000
8723
15605
1040
1049
1044
1032
1050
1041
2351
1032
1052
7273
2430
2000
8723
15605
1040
1049
1044
1032
1050
1041
2351
1032
1048
9816
2409
1395
81681
1046
26243
1494
1681
1261
27223
1294
1278
4127
10674
1044
1505
13162
1278
2254
1395
15654
1317
1850
2801
4213
14611
1408
4433
2849
1063
3626
1278
2254
2342
9368
1464
1321
1373
1046
17048
1278
2158
2000
1099
52143
1040
1049
1044
1050
1041
2351
1032
1052
1096
1395
1261
96948
1321
2715
1402
2000
1099
52143
1040
1049
1044
1049
1041
2351
1032
1052
69524
3626
1729
1736
2000
8723
15605
1040
1049
1044
1032
1049
1041
2351
1032
1049
1096
4025
1046
3247
13162
1278
2254
1395
1605
86668
1063
3626
1278
4127
8223
1429
104491
1278
6878
2782
1307
10317
2880
81793
1032
1057
1057
1056
1050
1052
1052
1051
1053
1051
3871
77859
2632
2715
1402
86668
1046
4493
5782
2295
2801
6878
4213
1394
1319
1049
1044
1050
36036
25298
1494
1402
1455
1278
4127
16541
1880
1464
1321
1373
130972
1294
1925
1307
2424
1063
3247
13162
1278
2254
21734
1395
2000
16655
1095
83013
14299
1044
1464
17783
1063
3626
1278
8953
3607
8223
2000
16655
1095
83013
25886
1058
1935
1044
1373
1058
1935
94799
1531
2158
57500
2000
1099
52143
1040
1050
1044
1050
1041
2351
1032
1050
1048
1096
1395
44942
1063
1032
1050
1048
1046
3367
130972
1044
3637
1032
1050
1048
1046
2000
1099
52143
1040
1049
1044
1049
1041
2351
1032
1049
9816
3367
130972
3637
1032
1049
1046
2000
1099
52143
1040
1049
1044
1050
1041
2351
1032
1052
1096
1321
2000
1099
52143
1040
1049
1044
1050
1041
2351
1032
1048
1096
15016
1046
26243
1925
1307
2424
1395
2000
1099
52143
1040
1050
1044
1049
1041
2351
1032
1048
69524
3626
1494
1681
8360
2000
1099
52143
1040
1049
1044
1032
1050
1041
2351
1032
1048
9816
9246
1681
4206
1693
2156
1681
2258
5965
1058
17048
1278
6878
2632
14620
1408
3542
1063
3626
1278
4127
8223
1464
1321
1373
1046
25298
1494
1402
1455
1278
9917
1395
1464
1042
1077
1043
1049
36281
1044
1321
1278
20978
6493
1435
1623
1321
6705
6534
9964
1044
1048
1577
3367
1729
38525
1464
1321
1373
1044
1278
9917
3729
5266
1046
3626
1278
2254
9368
1319
1078
84592
1577
1531
2688
1934
2000
1099
52143
1040
1049
1044
1050
17783
15449
1046
17048
1494
1681
1261
9441
4595
9504
3880
1294
1278
4127
12388
1044
1321
1925
1307
2424
2715
1402
2000
1099
52143
1040
1050
1044
1049
1041
2351
1032
1048
69524
9246
1681
3219
2147
9458
1058
2000
1099
52143
1040
1049
1044
1050
1048
1048
1048
1048
1048
1041
2351
1032
1055
1048
1050
1050
1053
1056
1056
1048
7273
2000
1099
52143
1040
1049
1044
1049
1041
2351
1032
1049
9816
4493
1319
1049
1044
1373
1041
9458
4335
1046
17048
1278
2667
2000
1099
52143
1040
1049
1044
1050
1041
2351
1032
1048
1096
1395
7442
2000
1099
52143
1040
1050
1044
1049
1041
2351
1032
1048
69524
3626
1278
3403
8223
2000
1099
52143
1040
1049
1044
1032
1050
1041
2351
1032
1048
9816
1362
2534
1317
18507
1593
1317
5687
1278
2254
17047
1338
33703
1362
1710
13445
1278
13284
1562
4629
3657
1505
1536
41896
1278
2832
1338
12598
1681
5048
1278
2832
1058
2837
1736
1261
9917
1454
1464
1042
1077
1043
1049
36281
1046
47906
1032
1048
1046
1531
9917
5194
1058
2898
1623
1562
1032
1049
1317
1464
1042
1077
1044
10314
1623
44868
1623
1321
6705
6534
9964
1044
1032
1048
1577
2409
4938
36281
1584
18333
1294
1464
28738
1307
5592
1373
1063
9246
1681
6373
36281
1877
1045
1032
1048
1395
8181
1626
1045
19604
2961
1032
1049
1791
1078
1584
4974
1307
1032
1048
1626
1045
19604
2961
1464
1043
1049
1791
1050
1078
1584
4974
1307
1032
1049
1791
1078
6505
1063
22649
1464
1043
1049
44868
1464
1043
1049
1321
1032
1049
1046
22649
1464
1043
1050
44868
1464
1043
1050
1321
1032
1050
1046
6421
22649
1032
1050
1078
44868
1032
1050
1078
1321
1464
1626
1045
19604
2961
1032
1050
1078
1043
1049
1791
1051
1078
8044
1317
1464
1043
1049
1791
1050
1078
6505
1626
1045
20213
1045
5417
1373
14953
1044
1729
1736
36281
2015
1317
1464
1042
1077
1046
1531
3804
6240
36281
1584
1562
1319
1077
1045
1049
7394
1078
1043
1049
1317
1373
107066
1046
4159
1584
8822
1317
1278
4607
6240
1338
8032
1278
9917
1395
1261
7662
1464
1045
1760
9917
1307
12883
1373
1063
49032
1044
8181
1032
1048
1934
1464
4974
1319
1049
1791
1078
1577
11796
1307
3385
1934
1464
4974
1063
32844
1058
1032
1049
1934
3472
1464
1043
1049
1046
1464
1043
1049
1934
3472
1032
1050
1078
1043
1049
1046
4493
2744
14029
1395
1261
3549
1307
5592
1373
1319
53989
1577
3626
1278
79224
7342
1513
2744
6194
1395
1464
1063
9246
1681
4206
1058
15893
1032
1049
1934
10314
1317
1032
1048
1044
1321
10314
1317
1464
1043
1049
1046
15893
1464
1043
1049
1934
10314
1317
1032
1049
1044
1321
10314
1317
1032
1050
1078
1043
1049
1046
4493
2744
6194
8100
8181
1934
10693
1925
7917
1321
1464
4974
1063
3501
1058
15893
1032
1049
1934
4974
1063
1531
20978
1584
6493
1536
4891
1046
15893
1032
1049
1395
8822
1317
1032
1048
1319
19266
10314
1032
1049
1041
1321
1317
1464
1043
1049
1319
19266
10314
1464
1043
1049
1577
20525
6194
1032
1049
1736
2258
2147
4974
1063
22649
1623
44868
1623
1321
6705
6534
9964
1044
1048
1577
2898
1623
1376
1464
1043
1049
1044
44868
1464
1043
1049
1321
1032
1049
1046
2898
1623
1376
1032
1050
1078
1043
1049
1044
44868
1032
1050
1078
1043
1049
1321
1464
1043
1049
1046
4493
6194
1032
1049
2342
1934
3472
1464
1043
1049
1046
15893
1464
1043
1049
2342
1934
3472
1032
1050
1078
1043
1049
1046
4493
2744
6194
1934
10693
1925
3472
1044
8100
15786
1799
1736
11518
1046
3060
8181
1032
1048
1934
1464
4974
1319
1049
1791
1078
1577
4493
1278
9917
1395
7442
1464
101479
22344
1307
5592
1373
1044
1747
23288
1278
8181
1032
1048
1046
32844
1044
1693
2744
6194
1934
10693
1925
3472
1044
2430
1278
9917
1395
2586
1464
22344
10348
1562
1032
1048
1046
3626
8181
1032
1048
1934
1464
4974
1319
1049
1791
1078
1577
11796
3472
1032
1049
1934
3472
1464
1043
1049
1046
1464
1043
1049
1934
3472
1032
1050
1078
1043
1049
1044
6704
3109
2015
1317
1373
14953
1046
4493
1278
9917
15730
1307
1464
22344
1044
2744
10348
1513
1032
1048
1321
4670
2645
36281
1058
1032
1048
4906
1032
1049
4906
1464
1043
1049
4906
1032
1050
1078
1043
1049
4906
6421
4906
1319
1077
1045
1049
1041
1078
1043
1049
1063
9246
1681
4014
1058
1373
14953
2453
1032
1048
1063
12153
36281
1376
1464
1042
1077
1867
1032
1049
1046
3367
2156
1584
1464
22344
1044
2744
3549
1934
1373
20978
1063
17669
1562
1032
1048
1317
22494
1058
1032
1048
4906
1032
1049
4906
1464
1043
1049
4906
1032
1050
1078
1043
1049
4906
6421
4906
1319
1077
1045
1049
1041
1078
1043
1049
1063
5646
1681
1373
20978
1063
3367
1373
1061
1049
1044
36281
1058
1032
1048
1321
1032
1049
1791
1078
1046
4396
4146
1058
1032
1049
1791
1078
8044
1317
1032
1048
1046
4493
2744
3549
1395
2586
10314
1032
1048
1045
1049
1044
6704
1046
36609
1032
1049
1046
3367
1373
1061
1050
1044
36281
1058
1032
1048
1044
1032
1049
1791
1078
1044
1464
1043
1049
1791
1050
1078
1046
4396
4146
1058
1032
1049
1791
1078
1317
1032
1048
1059
1464
1043
1049
1791
1050
1078
1317
1032
1049
1791
1078
6505
1046
4493
3549
1562
1032
1048
1317
22494
1058
1032
1048
4906
1032
1049
4906
1464
1043
1049
1046
5646
1681
1032
1050
20978
1046
4493
2744
3549
1934
1373
20978
1044
1321
2156
1584
1464
2516
22344
1044
1747
23288
1278
8181
1032
1048
1046
1531
3788
36281
1376
1032
1049
1319
9230
1041
1867
1464
1364
1373
1319
31346
2744
3549
1934
1373
36281
41391
8181
1063
49032
3549
1934
1373
20978
1044
1878
1373
1043
1049
36281
3907
8181
1063
3626
8181
1395
11530
1044
1878
3788
36281
1376
1032
1049
1867
1464
1042
1077
1046
13830
1044
2744
3549
38566
1373
36281
1319
130426
8181
1577
4493
1278
9917
1395
1464
101479
22344
1307
5592
1373
20978
1044
1747
15205
1513
8181
1032
1048
1338
5356
1455
6298
1063
9246
1681
21294
1454
1373
1061
1050
1044
1464
1061
1050
1058
36281
1032
1048
1044
1049
1044
1050
1044
1051
1044
1052
1063
1464
1042
1077
1043
1049
1376
1032
1053
1046
4396
4146
1058
1623
1061
1049
1058
1032
1049
1045
1048
1059
1623
1061
1050
1058
1032
1050
1045
1048
1059
1623
1061
1051
1058
1032
1051
1045
1049
1319
31346
6705
1040
1051
1045
1050
1044
1048
8429
1049
3455
1623
1061
1052
1058
1032
1052
1045
1050
1319
5914
1040
1052
1045
1050
1044
1048
8429
1050
1577
4493
9917
1058
1032
1048
8822
1317
1032
1049
1321
1032
1050
1046
1032
1049
8822
1317
1032
1051
1046
1032
1050
8822
1317
1032
1052
1046
2409
1395
2295
22344
1058
1032
1048
1045
1049
1045
1051
1321
1032
1048
1045
1050
1045
1052
1046
13830
1044
1464
1061
1050
22344
1307
5592
1032
1050
1046
4493
1278
9917
1395
1464
22344
1307
5592
1373
1044
1747
23288
8181
1032
1048
1338
12082
1278
2832
1058
13336
1513
29268
1032
1048
1044
1799
1395
35902
1046
87422
1621
1405
1058
12729
1925
17220
29268
51643
1513
6974
1321
6920
1317
1494
1046
3367
1278
29268
1395
41926
98208
1044
15504
1494
1046
97685
4570
1747
36281
1584
35902
1046
2837
2534
1278
6878
2782
1307
10317
1319
1109
14869
1041
4570
1747
36281
1584
35902
1338
4380
1395
1261
6974
7263
1408
1261
9917
10348
1562
8181
1044
28308
36281
1435
2127
1584
2158
21643
1046
1531
2832
30774
2200
1747
36281
1736
2151
35902
1513
4403
5785
1046
2837
2534
1278
6878
2782
1307
9578
1319
83013
1041
1317
9206
1747
36281
1319
16509
2142
1041
1307
1593
4811
9917
1044
10348
1562
8181
1338
1784
9917
1395
1464
22344
1307
5592
1373
15205
1513
8181
1032
1048
1046
4493
1494
1681
2479
1261
1429
50790
1034
1505
1429
19241
1307
22344
3871
1531
6974
7263
16896
1513
8181
1032
1048
1046
3931
2258
2142
1044
1278
7263
1258
1395
1513
2269
29268
1046
2157
71222
51643
5002
17220
36281
1046
9748
1278
9917
1934
8905
9886
1464
1043
1049
1063
47906
1032
1048
1934
9886
1464
1046
9093
36281
1736
9886
1032
1050
1319
1774
7917
1044
1925
3472
1041
8100
15786
1736
9886
1032
1049
1046
2301
7561
1584
1278
3804
36281
1408
2744
3549
1338
4268
2534
6878
2142
1317
6432
1747
36281
1046
2409
1395
1261
4629
2658
1307
4127
1058
6432
2142
1307
1261
9917
1562
1261
10348
29268
1046
2898
1261
9917
1044
1278
6878
6432
2142
1562
1261
10348
29268
1710
1402
21564
2505
55030
18371
8598
11343
4446
1505
16878
15765
1044
1505
2505
19175
1302
3289
1046
3626
1729
2534
1261
4811
13284
81793
1032
1057
1057
1056
1050
1052
1052
1051
1053
1051
1338
36296
1278
22855
1464
1044
1373
2015
1317
1032
1050
1101
1053
1044
1729
2534
1420
1535
1040
1049
1041
1505
1535
39744
1041
13284
1044
6906
18371
54897
31457
1264
1321
62503
1338
12598
1681
26812
1278
6432
2142
1394
1593
4811
9917
1338
1784
9917
1058
8181
1032
1048
1044
1321
1464
22344
1307
1373
20978
2744
1046
17669
1115
1584
44942
1046
1531
6974
7263
16896
1513
1032
1048
1046
2837
2933
6878
2142
4570
1747
1464
1042
1077
1043
1049
36281
1584
21643
1338
26768
1278
22344
1584
44942
1321
9353
8100
1513
1278
8181
1044
1729
1710
3648
1307
1278
7263
1435
11090
5002
1278
22344
1046
3931
8181
1032
1048
1044
1278
7263
1258
1934
1464
24207
1319
28366
3549
1681
2158
29268
1577
15685
1408
1261
3549
1044
1494
1710
5250
1974
2595
1317
8181
1505
8848
1317
1278
4275
29268
1408
1455
3549
1046
1531
7263
1258
1710
7530
2396
22344
2342
1513
1278
8181
1338
4380
1395
14259
1317
1058
2837
1736
1464
9353
1429
80748
1034
1307
5592
1373
1044
1809
1278
7263
1258
1710
1864
54621
29751
1046
1531
2832
30774
2200
1747
36281
1408
1747
22344
1736
2151
21643
1513
4403
5785
1338
26768
1278
7263
1258
16896
1513
1032
1048
1044
1278
2158
5966
12481
1317
2269
3549
1681
2158
29268
1046
6830
1494
1710
6920
4837
1455
3549
1505
1850
1317
1032
1048
1046
1531
7263
1258
17470
34408
1261
6974
7263
1408
1278
2016
1307
22344
1044
1809
1454
8977
3468
1307
2606
4955
4837
2744
3549
1494
1934
13141
1338
4268
1710
3244
1593
1435
1261
76598
12099
2478
3468
1395
1278
2016
1307
21643
36281
1046
3626
6878
6432
2142
1394
2516
16429
5153
1934
1261
9323
2071
1338
12598
1681
3352
1317
42463
6878
6432
2142
1394
3709
1464
1044
1373
1317
3219
5965
1338
10107
1044
9134
1455
1278
9917
1395
44942
1046
1531
6878
6432
2142
10348
1562
8181
1032
1048
1338
12598
1681
3369
1464
1061
1049
1046
6830
9917
1395
1261
4249
3549
1307
1373
20978
1058
36281
1032
1048
1044
1049
1044
1050
92008
1077
1046
47906
1032
1048
1046
25493
7263
1408
1261
3549
1307
5592
1373
10348
1513
1925
30751
1032
1048
1046
2837
2933
6878
2142
1317
9206
1747
36281
1046
2898
1261
3549
8404
1454
36281
1032
1048
1317
1373
1044
10348
1513
1032
1048
1044
6878
6432
2142
1063
49032
1044
1693
10348
1513
1032
1048
1044
1278
7263
1258
4016
9206
1747
36281
1046
3249
1261
3549
1044
10348
1513
1925
2362
1044
1278
6432
2142
1395
4629
1058
1394
1261
3549
1307
1308
36281
1319
1048
1317
1308
1045
1049
1574
10348
1513
1032
1048
1044
6878
2142
1317
9206
1747
36281
1395
1319
1110
1045
1049
26397
1050
1063
9246
1681
26938
1058
2898
1261
6165
6974
7263
1408
1261
3549
1307
1308
36281
1044
10348
1513
1925
2362
1044
1278
6878
2142
1317
8132
1278
2147
2362
1395
1319
1110
1045
1049
26397
1050
1046
3626
6432
2142
1319
81421
1747
1041
1395
2801
1046
49032
1044
1693
10348
1513
1925
2362
1044
1317
9206
1747
36281
1636
4016
12864
8132
1278
2147
2362
1046
1531
6432
2142
1394
1261
3549
10348
1513
1420
2362
1395
1278
2879
1435
1278
2142
1317
8132
1278
2147
2362
1063
5500
10693
1044
3147
1636
4139
9206
2269
36281
6245
5213
1044
1809
1636
4016
12864
1974
1317
1278
4955
2362
1046
1531
6878
2142
1317
8132
1278
4955
2362
1562
1278
6117
2362
1395
1319
1110
1045
1049
26397
1050
1046
3626
3120
1455
9196
6432
2142
1063
3367
1636
3030
1513
1032
1048
1321
2933
1317
9206
1747
36281
2015
1317
1373
1044
1636
4016
1513
2269
2862
8132
1373
1046
15685
1636
8132
1373
1044
1736
1636
21643
1747
1063
13830
1044
3147
1278
3549
1395
10540
1321
1636
1710
2342
6920
5966
1536
5966
1059
1317
2012
1317
1373
1636
4016
2764
2645
1747
19157
36281
1046
4493
1278
2158
2142
1636
8132
1373
1044
1636
1736
21643
1747
36281
1046
4493
1278
6432
2142
1395
10693
1278
44181
2142
1317
1373
1046
2898
1261
6165
6974
7263
1408
1445
1048
1044
1049
92008
1077
1125
1454
38852
1047
8217
9955
1302
1063
49032
1044
1278
7263
1395
1408
1278
3549
1044
1321
1729
5304
2200
1747
36281
35902
1046
9748
1729
3030
1513
1032
1048
1044
1321
36281
1584
35902
2200
2158
21643
1044
1278
2832
30774
2200
1278
3804
29268
1395
21643
1046
3249
1261
3549
10348
1513
1032
1048
1044
1278
3804
29268
1317
1402
21643
1395
1373
1046
1531
2142
1317
2158
8132
1373
1395
1278
6432
2142
1046
2898
1261
6165
44942
6974
7263
1408
1445
1048
92008
1077
1125
1454
79372
1513
1373
1063
3626
1278
7263
19877
4570
1373
1395
21643
1046
1531
6878
44181
2142
1562
1032
1048
1317
1373
1394
6165
6974
7263
1408
1261
3110
1454
38852
25884
1063
49032
1044
1278
9917
1934
1836
25884
8100
1278
15202
1059
1278
7263
1710
1974
2595
1321
19888
1046
1531
6878
2142
1317
9462
1373
10348
1562
1032
1048
1408
1261
3549
1307
5592
1373
1319
70085
1032
1048
1791
1077
1041
1395
1373
1094
1050
1046
32844
1044
5990
2282
1058
6165
6974
7263
1408
1445
1048
1044
1049
92008
1110
1125
1454
79372
1513
1308
1063
3626
3226
1278
7263
1395
66409
56067
1059
1494
1710
1974
8289
1063
3501
1044
36281
1584
2342
1032
1048
1791
1077
1046
1531
7263
1395
1408
1278
3549
8404
1454
36281
1032
1048
1791
1077
1046
1531
6878
44181
2142
1562
1032
1048
1317
1373
1395
1373
1094
1050
1063
9246
1681
4206
1058
2898
1373
1061
1049
1044
36281
1032
1048
1044
1049
1046
77859
2142
1317
9462
1032
1049
1562
1032
1048
1058
1562
1032
1048
1044
1636
6920
1317
1032
1049
1454
4534
1032
1049
1319
31346
2342
17220
1395
1032
1049
1577
4493
6878
2142
1376
1032
1049
1046
1373
1094
1050
1376
1032
1049
1046
87482
1046
1373
1061
1050
1058
36281
1032
1048
1044
1049
1044
1050
1046
8956
1032
1048
1044
6920
1317
1032
1049
1046
8956
1032
1049
1044
6920
1317
1032
1048
1505
1032
1050
1454
4534
1032
1049
1047
1050
2744
1046
77859
2142
1317
9462
1032
1050
1562
1032
1048
1058
9246
1436
1048
1044
1436
1049
1402
6878
9578
1317
9462
1032
1050
1562
1032
1048
1321
1032
1049
1046
1436
1048
1376
1032
1049
1867
1436
1049
1046
1436
1049
1376
1032
1049
1867
1319
1069
1048
1867
1436
1050
12982
1050
1044
1454
1436
1050
1061
1048
1046
4493
1436
1049
1376
1032
1049
1867
1436
1048
1047
1050
1046
7672
57889
1058
1436
1048
1376
1032
1049
1867
1032
1049
1867
1436
1048
1047
1050
1376
1032
1050
1867
1436
1048
1047
1050
2297
1436
1048
1047
1050
1376
1032
1050
2297
1436
1048
1376
1032
1052
1046
1373
1094
1050
1376
1032
1052
1046
1373
1061
1051
1058
6878
44181
2142
1063
97999
13284
1058
6878
44181
2142
1562
1032
1048
1317
1308
1408
3549
1307
1308
1043
1049
36281
1395
1308
1094
1050
1046
4493
1394
1373
1061
1051
1044
1032
1057
1046
9246
1681
21294
10533
1058
1436
1048
1376
1032
1049
1043
1069
1049
1059
1436
1049
1376
1032
1049
1867
1319
1069
1048
1043
1069
1050
12982
1050
1059
1436
1050
1376
1032
1049
1867
1319
1069
1049
1043
1069
1051
12982
1051
1063
49032
1436
1051
1061
1048
1046
8498
1672
1058
1436
1048
1376
1308
1094
1050
1046
13830
1044
5990
2282
1058
6878
44181
2142
1562
1925
2362
1317
1278
2147
1408
1261
3549
1307
1308
20978
1395
1308
1094
1050
1046
4493
1394
1464
1061
1049
1044
6878
10317
1376
1373
1094
1050
1338
3890
7377
1058
1531
2832
30774
2200
1747
36281
1584
35902
1046
2898
1464
1061
1049
1044
1373
1061
1049
1058
36281
1032
1048
1044
1049
1046
77859
10317
1376
1032
1049
1094
1050
1376
1032
1049
1046
7637
1934
2000
8723
15605
1040
1049
1044
1049
1041
2351
1032
1049
9816
79472
1338
4393
1464
1061
1049
1044
1373
1061
1050
1058
6878
10317
1376
1032
1052
1046
7637
1934
2000
8723
15605
1040
1049
1044
1050
1041
2351
1032
1052
1096
1321
2095
2000
8723
15605
1040
1049
1044
1050
1041
2351
1032
1048
9816
1531
1032
1052
14175
2948
1464
1061
1049
1044
1373
1061
1050
45951
1046
4493
1278
2158
2000
1099
52143
1040
1049
1044
1050
1041
2351
1032
1052
1096
1395
6298
1394
1464
1061
1049
1044
1373
1061
1050
1046
1531
2667
2000
1099
52143
1040
1049
1044
1050
1041
2351
1032
1048
1096
1395
6906
1261
96948
1321
2715
1402
2000
1099
52143
1040
1050
1044
1049
1041
2351
1032
1048
69524
3626
2878
1681
4206
1464
1061
1050
1044
1373
1061
1049
1338
4393
1464
1061
1050
1044
1373
1061
1049
1058
9917
1934
36281
1032
1048
1044
1049
1044
1050
1046
4396
4146
1058
1032
1049
1045
1048
1044
1032
1050
1045
1048
1046
2157
1681
1261
9655
1454
7034
1032
1048
1321
2295
15786
1032
1049
1044
1050
1046
13336
1513
1032
1048
1046
77859
2142
1317
15504
2960
15786
1046
18111
1058
13336
1513
1032
1048
1319
1112
98208
1577
25181
1032
1049
1058
6920
1317
1032
1049
1505
1032
1050
51643
1319
46917
1032
1049
1047
1050
2744
1577
56586
6920
1317
1032
1049
1058
15504
1032
1049
1046
9032
1513
1032
1049
1046
8956
1032
1049
1044
2342
17220
1395
1032
1048
1046
39356
2595
1317
1032
1048
1046
25181
1032
1050
1058
6920
1317
1032
1050
1319
31346
2342
41926
98208
1395
1032
1050
1044
1809
1513
1032
1048
1729
12729
51643
5002
1032
1049
1321
1032
1050
1059
1032
1049
1395
5314
35902
1044
1809
1729
3637
12729
51643
5002
17220
36281
1063
1531
4127
8223
1058
1429
24095
12353
1925
17220
29268
51643
1513
6974
1321
20183
1317
1494
1046
3367
1278
29268
1395
41926
98208
1044
1514
6890
2392
1494
2613
2157
6354
2405
4150
1514
77353
35902
36281
1046
4493
1513
1032
1048
1044
17220
36281
1584
1032
1049
1321
1032
1050
1046
2182
71222
51643
1046
11503
1693
1032
1049
1395
35902
1044
1514
4139
6920
1317
1032
1049
2790
1046
4493
1278
2832
1395
1261
6974
7263
2478
1513
2744
5966
1514
20183
1317
1261
51643
6974
17220
29268
1044
1321
6890
2392
1693
41926
98208
1046
4493
1394
9655
1454
1464
1061
1050
1044
1373
1061
1049
1058
3030
1513
1032
1048
1046
25181
1032
1049
1058
6920
1317
1032
1049
1505
1032
1050
1046
56586
1032
1049
1046
9032
1513
1032
1049
1046
25181
1032
1050
1058
4016
6920
1317
1032
1048
1319
11234
17220
1577
25181
1032
1051
1058
1513
1032
1048
1044
12729
1032
1049
1505
1032
1050
51643
1046
3367
12729
1032
1050
1044
35902
1044
5595
1294
1032
1051
9578
1046
3367
12729
1032
1049
1044
6920
1317
1032
1049
1044
2430
5966
1032
1052
6920
1317
1032
1048
1044
6704
1046
77859
2782
1307
9578
1317
9206
2960
15786
1046
9246
1681
24002
1338
3906
1058
2016
1307
35902
15786
1046
56102
1445
14522
13336
1513
1032
1048
1626
4268
2933
6878
9578
4570
2960
15786
35902
1338
12598
1436
1402
6878
7481
9578
1562
3030
1319
1269
1032
1048
1044
1836
15786
35902
1577
3931
1032
1048
1044
1729
6920
1317
1261
22494
1319
58324
1032
1049
1041
1454
4534
1032
1049
1047
1050
2744
1046
5417
11090
1317
22494
1032
1049
1044
1729
15504
1494
1044
1321
1729
1584
1513
22494
1032
1049
1046
8956
22494
1032
1049
1044
1278
2342
6920
1395
2595
1317
1032
1048
1046
4493
1562
22494
1032
1049
1044
1729
4069
1032
1049
5966
1317
1850
1317
1032
1048
1046
6830
1729
1584
1513
1032
1048
1454
1925
22494
35902
1046
9246
1436
1049
1402
6878
7481
9578
1562
3468
2478
1032
1048
1395
3519
1044
1321
10693
1925
22494
35902
1319
3265
2147
41926
98208
1577
49032
1044
1729
2534
1317
1402
25052
1058
1278
3468
2095
6987
1799
22494
1395
35902
1063
5652
39665
1044
1494
1681
1278
2879
1338
12598
1681
24002
6878
9578
1562
3030
1058
1032
1010
4268
6920
1317
1261
22494
1058
1032
1049
5966
1046
6830
1729
1584
1513
1455
22494
1046
8956
22494
1044
1032
1049
5966
1317
1850
1317
1032
1048
1046
4493
2453
1032
1050
9578
1044
1729
1584
2595
1513
1032
1048
1454
1925
22494
35902
1046
3626
3184
1455
1032
1050
9578
1044
1729
35902
1925
22494
1046
4493
1562
3030
1044
2453
1032
1050
9578
1729
1584
1513
1032
1048
1454
1925
22494
35902
1046
3626
1729
2481
1736
35902
1278
2147
22494
1693
1729
1880
14173
30816
1063
3501
1044
1729
5282
15504
1278
2158
22494
1729
9206
1046
4493
2453
1032
1050
9578
1044
3468
1395
1058
1513
1032
1048
1044
1925
22494
35902
1044
1925
41926
98208
1338
12082
1562
3468
1058
1513
1032
1048
1044
1925
22494
35902
1046
3567
1106
14513
36281
1058
2295
15786
1044
1925
35902
1044
1925
41926
98208
1046
2837
12729
51643
1058
4534
1032
1049
1047
1050
1317
35902
22494
1044
1032
1049
1047
1050
1317
41926
98208
22494
1046
3367
1729
12729
41926
98208
22494
1044
1729
6920
2156
1044
15504
1494
1044
1321
2430
1729
1584
1513
1455
22494
1046
8956
1455
22494
1044
1032
1049
5966
2595
1317
1032
1048
1046
6830
1747
35902
1044
5595
1046
3367
1729
12729
35902
22494
1044
1729
6920
2156
1044
15504
1063
2157
1681
5314
35902
1044
1878
1836
1875
15504
1044
2430
1032
1049
5966
2595
1317
1032
1048
1046
4493
1562
3468
1513
1032
1048
1454
1925
22494
35902
1044
6878
7481
9578
1436
1049
2100
1069
1049
1376
1032
1049
1867
1319
1049
1047
1050
66506
1049
1867
1032
1048
1041
1867
1319
1049
1047
1050
66506
1049
1867
1032
1049
1867
1436
1049
28197
9246
1681
12859
2033
1338
3906
1349
1058
1513
1032
1048
1044
1925
22494
35902
1044
1925
41926
98208
1046
2837
3180
1261
6920
1058
1032
1010
1045
1454
4534
1032
1049
1047
1050
1058
6920
1317
41926
98208
22494
1046
5646
9368
1032
1049
5966
1044
15504
1494
1044
2430
1729
1584
1513
1455
22494
1046
8956
1455
22494
1044
1729
4016
6920
1317
1032
1048
1319
1049
5966
1574
1321
2430
1747
35902
1046
4493
3788
7481
9578
1562
1593
14029
1058
1032
1049
1867
1032
1049
1376
1032
1050
1044
1321
5595
1626
1045
1454
4534
1032
1049
1047
1050
1058
6920
1317
35902
22494
1046
1032
1049
5966
1044
1836
1875
15504
1044
2430
1562
1455
22494
1032
1049
5966
2595
1317
1032
1048
1046
4493
2453
1032
1050
9578
1044
1729
1584
2595
1513
3468
1349
1046
4493
6878
7481
9578
1562
3468
1349
51766
1877
1069
1049
1376
1319
1049
1047
1050
7394
1050
1867
1319
1049
1047
1050
66506
1050
1867
1436
1049
1041
1376
1032
1049
1867
1032
1049
1867
1319
1049
1047
1050
1041
1069
1049
1376
1032
1050
1867
1319
1049
1047
1050
1041
1069
1049
2297
1319
1049
1047
1050
1041
1069
1049
1376
1032
1050
2297
1436
1049
1376
1032
1052
1338
8032
1562
3468
1349
1044
6878
7481
9578
1376
1032
1052
1338
12082
1562
3030
1058
1729
2158
6920
1317
1261
22494
1319
1049
5966
1574
2430
1032
1049
5966
2595
1317
1032
1048
1044
3788
1032
1050
9578
1044
1321
1729
8132
3468
1349
1046
4493
3788
6878
9578
1562
3030
1376
1032
1050
1867
1436
1049
1376
1032
1054
1338
3890
7377
1058
3316
1455
6298
1063
9246
1681
50248
68093
1046
13336
1032
1048
1046
25181
1032
1049
1058
1974
1317
1032
1049
1046
25181
1032
1050
1058
1974
1317
1032
1048
1046
25181
1032
1051
1058
1974
1317
1032
1050
1319
46917
1032
1049
1047
1050
1041
4906
5595
1294
1032
1051
9578
1046
25181
1032
1051
1058
1974
1317
1032
1049
1319
46917
1032
1049
1047
1050
1041
4906
2430
5966
1032
1052
1058
1974
1317
1032
1048
1044
2430
5966
1032
1053
1058
1974
1317
1032
1050
4906
5595
1294
1032
1053
9578
1046
25181
1032
1053
1058
1974
1317
1032
1049
2790
2880
6878
2632
1376
1032
1049
1047
1050
1042
1051
1867
1032
1049
1047
1052
1042
1053
1867
1032
1049
1047
1056
1042
1055
1867
6421
1376
1032
1051
1867
1032
1049
1867
1032
1049
1047
1050
1867
1032
1049
1047
1052
1867
6421
1376
1032
1051
1867
1032
1050
1376
1032
1053
1063
32844
1044
43809
5395
1058
4556
1746
1107
1061
1048
95707
11881
1319
1049
1047
1050
15756
1107
1043
1049
1125
1364
1319
1050
1107
1043
1051
36036
9246
1681
24002
17103
1058
9246
1436
1402
6878
9578
1562
3030
1046
1032
1010
1069
1376
1032
1049
1867
1319
1049
1047
1050
66506
1049
1867
1436
17066
28197
49032
4942
1058
9246
1436
1048
1402
6878
9578
1562
3030
1319
1269
1032
1048
1044
1836
15786
35902
1577
1032
1010
1069
1048
1376
1032
1049
1867
1319
1049
1047
1050
66506
16655
1562
22494
1032
1049
1041
1867
1319
1049
1047
1050
66506
16655
1562
22494
1032
1050
1577
5652
39665
1044
2879
1626
6711
22494
1032
1049
1058
1729
1584
1513
22494
1032
1049
1044
2342
6920
1395
1317
1032
1048
1046
4493
1032
1049
5966
1317
1032
1048
1044
2430
1729
1584
1513
3468
1454
1925
22494
35902
1046
4493
1562
22494
1032
1049
1044
6878
7481
1376
1032
1049
1867
1436
1049
1044
2478
1436
1049
1395
6878
1562
3468
1349
1319
1269
1032
1048
1044
1925
22494
35902
1577
2837
21564
1436
1049
1376
1032
1052
1046
4493
1562
22494
1032
1049
1044
6878
1376
1032
1049
1867
1032
1052
1376
1032
1053
1046
8055
1436
1048
1376
1032
1049
1867
1032
1053
1376
1032
1054
1046
13830
1044
1032
1054
1338
8032
1394
1464
1061
1050
1044
1373
1061
1049
1044
6878
10317
1376
1032
1054
1338
3890
2549
3120
1278
2688
1736
1394
1319
1050
1044
1049
36036
1531
2688
1934
2000
1099
52143
1040
1050
1056
1054
1054
1044
1032
1049
1052
1053
1052
1056
17783
6704
3109
1809
1836
3236
1319
1050
1044
1049
1041
57500
1046
3886
1044
1729
1736
2000
1099
52143
1040
1049
1044
1050
1041
2351
1032
1052
1096
1321
2000
1099
52143
1040
1049
1044
1049
1041
2351
1032
1049
9816
9840
2000
1099
52143
1040
1049
1044
1050
1048
1048
1048
1048
1048
1041
2351
1032
1055
1048
1050
1050
1053
1056
1056
1048
9816
4493
1464
1061
1049
1044
1373
4329
1395
11676
1338
12082
2878
1681
2688
1464
1061
1051
1044
1373
1061
1049
1063
5500
7655
1294
2688
1044
1809
1729
1710
42463
13284
1338
1784
4127
1395
1317
3081
6878
2782
1307
10317
81793
1032
1057
1057
1056
1050
1052
1052
1051
1053
1051
1046
1531
9458
5628
4811
4213
1046
2837
2534
1317
3081
1261
13284
1455
14175
1747
4265
109595
1338
36296
1278
9917
1395
1464
22344
1307
5592
1373
15205
1513
8181
1032
1048
1046
1531
2832
1395
1261
6974
7263
10348
1513
8181
1044
28308
36281
1435
2158
21643
1044
37762
2200
1747
1464
1042
1077
1043
1049
36281
35902
1338
4268
2534
6878
6432
2142
1394
1593
9917
1562
8181
1338
4380
1395
1261
4629
4127
1058
6432
2142
1307
1261
9917
1562
1261
4265
3030
29268
1046
3730
1395
1261
13284
2505
1278
16878
5182
9191
1058
1278
6878
6432
2142
1562
1261
29268
1330
1294
1261
9917
1395
6164
1317
1278
4556
1307
8598
11343
4446
1063
49032
1044
1394
1261
9917
1044
1278
6432
2142
10348
1562
1261
29268
1710
1402
10203
1294
6856
1307
1278
6878
2142
1317
9206
1747
36281
1046
3730
1395
1261
4629
2282
1058
1394
1261
9917
1044
1278
6878
6432
2142
10348
1562
1278
8181
1319
1391
8181
1395
14173
48225
1041
4139
1736
1261
13284
1338
82053
1044
1729
1710
42463
1278
6878
6432
2142
1394
1593
4811
9917
2505
19175
1302
3289
1505
51070
29656
1338
12598
1681
26812
1278
2832
2081
54562
1338
15460
1058
1464
22344
1307
5592
1373
1044
8181
1032
1048
1046
19604
2961
1408
3549
1623
1058
1032
1048
1044
1330
1746
1105
1044
1049
4179
1330
1746
1105
1044
1050
4179
84091
1330
1746
1105
84592
1125
2478
1330
1746
1105
1044
1049
1125
1395
8822
1317
1032
1048
1044
1330
1746
1105
1044
1050
1125
1317
1330
1746
1105
1044
1049
4179
6704
1046
49032
1562
9781
1058
20978
1058
1623
12497
10314
44868
1623
1321
6705
6534
9964
1044
1048
1577
4493
3549
1032
1049
1058
36281
1032
1049
1044
1464
1043
1049
1044
1032
1050
1078
1043
1049
1044
84091
1319
1077
1045
1049
1041
1078
1043
1049
1063
32844
1044
9781
1729
1880
1394
1373
1061
1050
1044
1464
1061
1050
1058
3549
1032
1049
1058
1032
1049
4906
1032
1051
1059
3549
1032
1050
1058
1032
1050
4906
1032
1052
1046
4493
36281
1408
3549
1409
1319
1107
1061
1049
1791
1078
4244
2158
29268
1395
1409
1046
6830
4275
1395
1464
75577
1046
6830
1032
1050
1078
75577
1044
6704
1046
4493
3549
1409
1934
36281
1058
1409
1044
1464
75577
1044
1032
1050
1078
75577
1044
84091
1319
1077
1045
1049
1041
1078
75577
1046
3060
8181
1032
1048
1046
4493
2156
1584
1464
22344
1044
2744
1454
1373
36281
2453
8181
1063
49032
3788
36281
1058
8181
1032
1048
1867
1464
1042
1077
1046
11796
3549
1934
1373
36281
1319
130426
8181
1577
1531
20978
1058
2396
1032
1048
1321
1409
1059
2396
1409
1321
1464
75577
1059
2396
1464
75577
1321
1032
1050
1078
75577
1059
6421
2015
1317
1319
1077
1045
1049
1041
1078
75577
1046
4493
2744
3549
1395
1261
6165
3549
1307
1373
20978
1044
10348
1562
8181
1032
1048
1338
1784
6974
7263
1058
1513
2258
29268
1044
12729
51643
5002
17220
36281
1046
2898
8181
1032
1048
1044
9886
1464
1044
1878
12937
2136
1278
1464
2158
36281
1307
2744
3549
1046
2898
1261
29268
1408
3549
1623
1513
12883
1266
1319
1049
9120
1266
9120
1373
1045
1049
4244
1494
1934
2295
41575
1058
1278
7917
1319
64028
1266
1045
1049
1041
1321
1278
3472
1319
64028
1266
1043
1049
1577
2898
15786
1319
64028
1373
4244
2342
15745
1395
7917
1319
64028
1373
1045
1049
2519
1784
2832
1058
3030
1513
1032
1048
1046
66476
1032
1048
1046
6830
34796
6920
1321
15504
1693
41926
98208
1046
30366
2200
1747
36281
35902
1338
4268
2534
6878
2782
1307
9578
1319
1109
14869
1041
4570
1747
35902
1338
4380
1395
14259
1317
1278
6878
2142
1394
1261
6974
7263
1408
1593
9917
1317
9206
1747
36281
1044
10348
1562
8181
1044
1454
1278
59197
1455
1729
5304
2200
1747
1584
21643
1046
1531
6974
7263
1395
6165
44942
1408
1278
9917
1338
4268
1710
3648
1307
1593
1435
1261
6432
2142
4127
1046
3730
1395
11482
1408
6432
2142
1307
16429
1046
2898
1261
9917
1044
1278
6878
6432
2142
1562
1261
10348
29268
1330
1395
4265
1536
2100
1069
81995
1093
1376
4556
1746
1101
1125
1032
1050
1364
1434
13196
1364
4433
1063
5500
10693
1338
82053
1044
1729
1710
2210
1278
13284
1394
6878
6432
2142
1408
1261
9917
1562
1261
4265
8181
1058
1032
1010
1069
81995
1093
1376
4556
1746
1118
3942
8181
1125
1032
1050
1364
2517
29312
1044
1330
1041
1364
4433
1063
3501
1338
33703
1729
1710
42463
103194
1046
12238
1278
9917
15730
1307
1464
9353
22344
23288
1278
8181
1044
1278
6974
7263
1710
1402
13285
1536
7283
1513
1278
1429
19249
1720
1034
1307
21643
36281
1408
2744
3549
1338
16840
1278
22344
1584
44942
1321
9353
8100
1513
1278
8181
1044
1729
1710
3369
1278
2832
1435
9775
1058
1531
7263
1258
20183
5002
1278
22344
1046
3931
1278
8181
1044
1494
71222
1261
3549
51643
1046
3249
1261
3549
1044
1494
1710
6920
8848
1505
40892
1046
1531
21643
2016
1408
2744
3549
1395
1420
10285
10348
1562
1278
8181
1063
49032
1044
3147
1278
7263
16896
1513
8181
1321
20183
4837
22344
1044
1278
2016
1307
21643
36281
1408
2744
3549
2084
1402
1261
89045
12158
10348
1562
1278
8181
1063
5500
20594
89045
1693
1278
7263
1258
12481
2595
1321
19888
1044
1809
4136
1494
16896
1513
8181
1321
2342
20183
4837
20978
1044
1278
2158
2142
1494
28833
1261
29268
1044
1494
6890
2392
1494
1046
1531
21643
36281
1408
1261
3549
2084
1402
10693
1261
23832
1307
1455
3549
1562
1278
8181
1063
9246
1681
4206
1058
3249
1261
4249
3549
10348
1513
8181
1032
1048
1044
1693
1278
7263
16896
1513
1032
1048
1321
20183
4837
1278
3549
1044
1494
2084
9206
36281
1294
3542
1032
1048
1044
1049
1044
1050
90743
1809
1494
1710
1974
2595
1046
3886
1044
1278
2016
1307
36281
21643
1513
4403
5785
2084
1402
1261
23832
1032
1048
1791
1107
1394
2269
1409
1044
3147
1317
9206
29268
1409
1636
4016
2764
2645
1747
19157
36281
1046
9748
1278
7263
16896
1513
1032
1048
1044
1278
2158
2142
1494
28833
1409
1044
1747
36281
1032
1048
1791
1107
1736
2151
21643
1046
3060
1494
1710
4772
9206
1261
29268
11855
1409
3816
36003
1278
93663
1046
4493
1408
2744
3549
1044
1278
2016
1307
21643
36281
1395
5282
1261
23832
1307
5592
1424
21227
1319
12856
1307
36281
35902
1408
1455
3549
3907
8181
1063
49032
8181
1395
11530
1044
1878
23832
1562
8181
1032
1048
1317
2269
29268
1408
1455
3549
1577
3626
9134
1455
1278
7263
1258
1710
1864
54621
2396
22344
1046
3931
2258
2142
1044
2744
3549
1934
2269
2782
1307
35902
36281
1044
4150
1261
21227
1044
2478
1032
1048
9120
1261
21227
9120
1373
1044
1321
1261
21227
1395
1278
2782
1307
36281
35902
1408
3549
1409
3907
8181
1063
3626
8181
1395
35902
15423
1321
11530
1046
4493
1261
21227
1395
1278
2782
1307
7481
36281
35902
1408
3549
1409
1319
1778
1032
1048
9120
1261
21227
9120
1373
1577
3060
1278
21643
2016
1408
3549
1409
1395
10693
1278
2158
1261
21227
36281
1058
1032
1048
1044
1330
1746
1107
1044
1049
4179
84091
1330
1746
1107
34388
21227
14522
12238
5785
1261
21227
36281
1584
35902
1044
1278
7263
1258
6560
1736
35902
1330
1746
1107
34388
21227
1043
1049
1125
3816
28308
1278
93663
1046
3060
4136
1278
7263
16896
1513
1032
1048
1044
1494
1681
5282
1261
23832
1046
2409
1395
1261
3844
17811
1058
3249
2744
3549
1044
1278
35902
36281
2071
1261
23832
10348
1562
8181
1032
1048
1046
1531
7263
1258
1710
2342
16808
1278
23832
1536
11090
8848
1562
1278
3519
101195
35902
29268
1044
1505
48141
1046
3626
1710
1278
7263
1258
15504
1261
29268
1848
1307
3542
1063
56586
1408
3549
1032
1049
1044
1729
1736
35902
36281
1032
1048
1321
1032
1049
1319
1097
1095
1049
1061
1049
1577
1531
7263
1258
1395
1513
2269
29268
1046
3367
1494
12481
1317
3549
1032
1050
1321
6890
2392
2269
1044
2430
4025
10721
1317
3549
1032
1049
1044
1494
4139
1974
1562
1032
1048
1317
1032
1049
2790
1044
1809
1032
1049
1395
5314
35902
1046
2157
6560
15504
1032
1050
3816
4670
2645
1032
1049
1046
9748
1032
1049
1395
5314
35902
1044
1494
2481
1974
1562
1032
1048
1317
1032
1049
1319
112475
35902
1041
2430
1317
1032
1050
1046
4493
1278
35902
2016
10714
1261
23832
1046
4493
16106
1044
1408
2744
3549
1044
1278
35902
36281
1584
10693
1278
2158
1261
21227
36281
1319
21917
8181
1063
8181
1395
35509
1394
1747
22344
1063
49032
8181
1395
35902
15423
1321
11530
1046
2837
1710
3648
1261
21227
1435
1278
2782
1307
2767
84792
36281
35902
1408
3549
1409
1046
4493
1261
21227
104514
1445
1048
1044
1049
92008
1077
14522
56102
1747
1261
21227
1376
1032
1048
1046
1531
2832
30774
2200
1747
1261
21227
1376
1373
1338
12082
1044
1278
6974
7263
1058
1513
2258
29268
1044
1729
6920
1317
1261
51643
6974
17220
29268
1046
1531
3468
1307
1278
2663
1710
1402
5055
1536
1278
3519
3980
1307
1278
7263
1258
1321
1278
8968
1319
1097
1095
1049
92008
1097
9828
1041
1307
2606
3325
36281
1584
35902
1408
2744
3549
1046
3626
4136
1278
35902
2016
1395
5282
1261
23832
1044
1278
7263
1258
1681
3980
1408
3549
1409
1710
1402
1513
2269
12883
1046
3886
1044
1278
7263
1258
1681
3980
4139
1402
1513
2269
29268
1455
1395
1605
20594
1278
101195
35902
1063
49032
1044
1278
7263
1258
2481
1402
1513
1261
29268
1455
1395
5314
35902
1044
1809
2246
3980
2481
1402
25265
1408
1278
21643
23832
1046
3626
1729
1710
12494
3081
1261
76598
12099
1408
1278
1261
21227
2342
1044
1505
13162
1278
6878
7481
9578
4539
2342
1408
1278
1261
21227
1321
1278
3519
3980
1063
3626
1278
3519
3980
22482
3147
1494
28857
1278
4275
6920
48136
1338
16418
1044
2156
1395
1261
4629
10914
1058
6878
6432
2142
1394
1261
9917
1562
1261
8181
1710
1402
21564
1536
18964
1278
1429
17729
32463
1034
1505
2505
1278
13284
18371
1278
4556
2136
20978
1307
1278
6878
2782
1307
14075
2364
1046
15081
5125
1058
1278
2832
1307
28308
36281
1395
14259
1317
1278
6974
7263
1681
3685
5213
1046
17048
1729
1710
24002
1278
6878
2782
1307
5213
2744
10314
1395
14075
1286
4570
1747
36281
1584
35902
1338
12598
1681
3648
2314
1278
2832
1294
6856
1307
1429
16509
2142
1034
1307
1261
9917
1046
3730
1395
1261
26755
2282
1058
2898
1261
9917
1044
1278
6878
6432
2142
10348
1562
1261
29268
1330
1395
1032
1010
1069
81995
1093
1376
4556
1746
1101
1125
1032
1050
1364
1434
13196
1364
1319
59574
36036
5500
5257
1338
82053
1044
1729
1710
3244
1278
2832
1435
9775
1058
1531
7263
1258
16896
1513
8181
1046
1531
8406
1395
1317
15504
1747
36281
1046
12238
1278
9917
1395
44942
1044
13162
1729
1710
24002
1278
6878
2142
1536
18964
1278
1429
8084
29268
1317
1402
35902
1034
1505
2505
19175
122414
6021
1338
36296
1278
2688
5443
1044
1729
1710
3352
1317
16448
81078
1258
1278
13284
1046
1531
50844
1395
1032
1057
1057
1056
1050
1052
1052
1051
1053
1051
1046
2409
1395
1261
8156
1063
1032
1057
1057
1056
1050
1052
1052
1051
1053
1051
1395
1261
4878
50844
1294
27815
19466
1319
83569
1032
1057
1057
1056
1050
1052
1052
1051
1053
1051
1395
2434
1044
1799
1395
1032
1049
1049
1057
1042
1050
1094
1050
1051
1043
1049
1063
49032
1032
1057
1057
1056
1050
1052
1052
1051
1053
1051
1376
1032
1049
1049
1057
1364
1032
1050
1094
1050
1051
1867
1032
1049
1063
9246
1681
4206
1058
1032
1050
1094
1050
1051
1376
1032
1056
1051
1056
1056
1054
1048
1056
1044
1364
1049
1049
1057
1376
1032
1057
1057
1056
1050
1052
1052
1051
1053
1050
1044
1867
1049
1376
1032
1057
1057
1056
1050
1052
1052
1051
1053
1051
1046
13830
1044
1494
1681
1261
8156
5153
2434
1294
1464
26025
1046
4493
1729
2084
2534
54897
54114
1338
1784
2688
5443
5628
6878
4213
81793
1593
8156
1046
1531
2254
10721
1420
15748
81793
1032
1057
1057
1056
1050
1052
1052
1051
1053
1051
1046
1531
8953
3607
8223
1058
1429
56691
1058
1531
6878
2782
1307
10317
81793
1032
1057
1057
1056
1050
1052
1052
1051
1053
1051
3871
4493
1278
2254
108462
1278
7092
24798
6878
2632
1321
2430
9368
1494
81793
1032
1057
1057
1056
1050
1052
1052
1051
1053
1051
1046
1531
6878
2632
1395
1261
24798
2782
1046
1531
9458
6852
35602
1454
4811
38801
1044
1799
1584
1278
81793
4213
1338
4268
2534
1317
3081
1261
13284
1455
22444
2576
81793
4213
1394
1278
4265
1319
1078
84592
1041
17684
1338
12598
1681
2951
1278
4629
4213
1562
9458
1319
1421
2948
13233
3709
5443
3640
1045
1319
1049
1044
1049
4244
1032
1049
1010
1045
1319
1049
1044
1050
4244
1032
1052
1319
5011
2158
57500
1044
2667
57500
1032
1048
1395
6906
96948
1059
1729
7534
14649
1032
1052
1395
6298
1044
1505
13162
1278
2254
10721
2801
1063
3626
1729
1736
2295
109595
1394
1319
1049
1044
1050
1577
3367
1278
2254
4016
2764
1747
1044
1494
4016
34301
2960
1032
1052
1321
1032
1048
1044
1799
1395
16501
1046
17048
1278
2254
21734
1395
2000
16655
1095
83013
14299
1044
1464
17783
1063
3626
8953
3607
8223
1464
1044
1373
1046
9246
1681
4206
1058
2000
35209
6878
1095
83013
1040
1049
1050
1051
1052
1053
1054
1044
1032
1049
1056
1053
1049
1056
1053
1041
6421
9816
3367
130972
1044
1032
1049
1050
1051
1052
1053
1054
1321
1032
1049
1056
1053
1049
1056
1053
130972
1063
3626
1278
2688
1934
2000
1099
52143
1040
1049
1050
1051
1052
1053
1054
1044
1032
1049
1056
1053
1049
1056
1053
1041
2351
1032
1054
1057
1050
1057
1050
1057
1049
1052
9816
3367
1729
38525
1044
1494
2168
1402
2000
16655
1095
83013
1040
1049
1056
1053
1049
1056
1053
1044
1032
1049
1050
1051
1052
1053
1054
94799
5500
5257
1046
3626
1278
81681
1319
1049
1044
1050
1041
109595
4139
1402
1261
9441
4595
9504
3880
1562
1278
4127
23714
1046
58528
1294
2516
7638
1044
2156
1681
1261
96948
1294
1278
2688
4950
5662
1536
1278
3330
1046
17048
1278
2667
2000
1099
52143
1040
1049
1044
1050
1041
2351
1032
1048
1096
1395
7442
2000
1099
52143
1040
1050
1044
1049
1041
2351
1032
1048
69524
9246
1681
4206
1693
1319
1050
1044
1049
1041
7510
7453
1046
3367
1464
1061
1050
1044
1373
1061
1049
1044
6878
10317
1376
1032
1054
1435
1729
21564
1046
1032
1054
2005
1032
1057
1057
1056
1050
1052
1052
1051
1053
1051
1395
1032
1054
1044
1605
1032
1048
1046
4493
1605
1032
1048
1046
17048
2000
1099
52143
1040
1049
1044
1051
1041
2351
1032
1048
69524
3501
1046
17048
1278
2667
57500
1395
2000
1099
52143
1040
1050
1044
1050
1041
2351
1032
1050
1048
1096
1395
5314
2156
1046
1531
2158
2000
1099
52143
1040
1049
1044
1050
1041
2351
1032
1052
1096
1321
2667
2000
1099
52143
1040
1049
1044
1050
1041
2351
1032
1048
1096
1584
2960
2156
1046
25298
1494
1402
1455
1278
2254
10721
2801
4213
1394
2801
13193
1063
3501
1046
17048
1278
2254
1395
2000
16655
1095
83013
25886
1044
1373
17783
1809
1278
2688
1934
2000
1099
52143
1040
1049
1044
1032
1050
17783
15449
1536
27223
1044
1321
1925
2715
1402
2000
1099
52143
1040
1050
1044
1032
1049
1041
2351
1032
1052
69524
3626
1319
1050
1044
1049
1041
1729
4884
1032
1054
1044
1605
1032
1052
1046
17048
1319
1049
1044
1050
1041
6878
2632
1395
7442
1032
1048
2005
4433
1063
3501
1338
12598
1681
1344
41412
1278
2688
4950
21966
1562
1278
16925
2100
2640
3149
4206
5164
52143
3640
1293
6852
15605
1040
1050
1044
1032
1050
1041
2351
1032
1050
1048
1010
1293
6852
15605
1040
1049
1050
1051
1052
1053
1054
1044
1032
1049
1056
1053
1049
1056
1053
1041
2351
1032
1054
1057
1050
1057
1050
1057
1049
1052
1010
1293
6852
15605
1040
1049
1056
1056
1057
1049
1048
1044
1032
1049
1055
1048
1056
1056
1051
1041
2351
1032
1051
1051
1054
1054
1055
1057
1051
1053
1050
1010
1293
6852
15605
1040
1049
1052
1053
1053
1057
1044
1032
1052
1053
1048
1052
1057
1041
2351
1032
1054
1056
1048
1052
1051
1051
1049
1049
1057
1010
1293
6852
15605
1040
1049
1044
1032
1050
1041
2351
1032
1052
1010
1293
6852
15605
1040
1050
1056
1054
1054
1044
1032
1049
1052
1053
1052
1056
1041
2351
1032
1050
1057
1049
1053
1051
1055
1049
1057
1055
1010
1293
6852
15605
1040
1049
1044
1032
1050
1041
2351
1032
1048
1010
1293
6852
15605
1040
1050
1057
1044
1032
1051
1057
1041
2351
1032
1052
1050
1057
1056
1051
1051
1055
1052
1050
1010
1293
20213
2731
6958
1584
2295
2000
1099
52143
1040
1049
1044
1050
17783
109595
1058
1925
64629
1032
1052
1044
1925
64629
1032
1048
1046
2409
1395
21752
1261
27223
1294
1278
4127
10674
1044
1505
12494
1278
2254
1395
1605
86668
1063
3626
1278
4127
8223
1429
104491
1278
6878
2782
1307
10317
6421
81793
1032
1057
1057
1056
1050
1052
1052
1051
1053
1051
3871
77859
2632
1395
86668
1046
4493
1925
1307
2424
4016
1402
1261
96948
1046
26243
1278
2667
1395
2000
1099
52143
1040
1050
1044
1032
1049
1041
2351
1032
1048
69524
3626
1729
21564
1032
1054
1046
17048
2948
34019
1394
1319
1050
1044
1049
1041
1395
8462
1063
9246
1681
5558
40172
1464
1061
1050
1044
1373
1061
1049
1338
15460
1058
36281
1032
1048
1044
1049
1044
1050
1046
4396
4146
1058
1032
1049
1045
1048
1044
1032
1050
1045
1048
1046
13336
1513
1032
1048
1046
41744
1058
6920
1317
17220
51643
1046
77859
9578
4570
2960
1032
1049
1321
1032
1050
1584
35902
1338
4268
21564
1032
1054
1046
9246
1681
50248
68093
1454
3866
2866
1338
12598
1436
1402
6878
9578
1562
3030
1319
1269
1032
1048
1044
1836
15786
35902
4342
5629
1032
1048
1044
1729
12729
1032
1049
1505
1032
1050
1454
4534
1032
1049
1047
1050
2744
1626
11139
1032
1049
1058
12729
1032
1049
1046
9032
1513
1032
1049
1044
15504
1032
1049
1046
25181
4014
1376
1032
1049
1626
6711
1032
1049
1044
2342
6920
1395
1317
1032
1048
1046
4493
5966
1032
1050
1058
6920
1317
1032
1048
1046
9032
1513
1032
1048
1044
35902
1058
1445
1049
62853
12082
1562
1032
1048
1044
1925
22494
35902
1044
1925
41926
98208
1046
77859
7481
9578
1562
1593
3468
1729
4418
1436
1049
1376
1032
1052
1046
4493
3788
1562
1593
2937
1058
1032
1049
1319
1611
1032
1049
1041
1867
1032
1049
1319
1611
1032
1048
1041
1867
1032
1052
1376
1032
1054
1626
11139
1032
1050
1058
12729
1032
1050
2158
1046
24496
29680
1044
2095
1032
1054
1626
8032
9698
6878
9578
1376
1032
1054
1046
5646
7444
6298
1338
3890
13162
1278
2832
12270
41320
1058
1429
56044
1562
29268
1032
1048
1044
108592
34796
1058
1032
1049
1046
21847
12353
1925
17220
29268
51643
1513
6974
1321
20183
1317
1494
1032
1050
1046
3367
1278
29268
1395
41926
98208
1044
1514
6890
2392
1494
3871
2157
6354
2405
4150
1514
30774
2200
1747
35902
2453
28308
1063
2157
8223
1429
4380
19877
4570
1747
36281
1584
35902
2613
4493
14842
1338
8032
1319
1050
1044
1049
1041
6878
1376
1032
1054
1338
33703
1278
2667
2000
1099
52143
1040
1049
1044
1050
1041
2351
1032
1048
1096
1395
7442
2000
1099
52143
1040
1049
1044
1032
1051
1041
2351
1032
1048
69524
3626
1278
3403
8223
2000
1099
52143
1040
1049
1044
1032
1050
1041
2351
1032
1048
9816
25298
1494
1402
1455
1278
2254
10721
1032
1048
1394
2269
5972
81793
1278
8156
1063
1032
1048
2005
1032
1057
1057
1056
1050
1052
1052
1051
1053
1051
1395
1032
1048
1044
1809
6878
2632
1395
1032
1052
1044
1605
1032
1048
1046
4493
1494
1681
29139
1338
61598
1278
2254
21734
1395
2000
16655
1095
83013
14299
1044
1464
17783
1321
1278
8953
3607
1934
1464
1321
1373
130972
1063
3367
1729
38525
1044
1319
1049
1044
1050
1041
11006
1319
1050
1044
1049
1041
1799
1729
4884
1032
1054
1044
1605
1032
1048
1505
1032
1052
1046
1319
1049
1044
1049
1041
11006
1319
1049
1044
1049
1041
1799
1395
1032
1049
1044
14175
1046
1319
1050
1044
1050
1041
11006
1319
1050
1044
1050
1041
1799
1395
1032
1050
1048
1044
14175
1046
1319
1049
1044
1050
1048
1048
1048
1048
1048
1041
11006
1319
1050
1048
1048
1048
1048
1048
1044
1049
1041
1799
4139
1402
2801
1046
1531
2688
1934
2000
1099
52143
1040
1049
1044
1032
1050
1048
1048
1048
1048
1048
1041
2351
1032
1055
1048
1050
1050
1053
1056
1056
1048
9816
3367
130972
1044
1494
2168
1402
2000
1099
52143
1040
1050
1048
1048
1048
1048
1048
1044
1032
1049
94799
5500
5257
1338
33703
1278
4127
16541
1880
1261
2801
9917
12270
1063
1429
1784
9917
1934
36281
53073
1032
1048
1044
1032
1049
1044
84091
1464
7581
1077
1046
1531
1623
12497
10314
1319
1049
37127
1623
37127
1464
7581
1077
1041
44868
36281
1623
1321
6705
6534
1462
1464
1044
1032
1048
1577
1034
5646
1681
2549
1729
2434
1338
36296
1278
60125
1044
12494
1278
13650
2667
57500
1395
2000
1099
52143
1040
1050
1044
1032
1049
1041
2351
1032
1048
69524
3626
1032
1054
17194
1160
1032
1048
1046
17048
2000
1099
52143
1040
1049
1044
1032
1050
1041
2351
1032
1048
1096
1395
1261
96948
1321
2715
1402
2000
1099
52143
1040
1049
1044
1032
1049
1041
2351
1032
1049
69524
3626
1455
1681
5314
2156
1058
2000
1099
52143
1040
1049
1044
1032
1049
1041
2351
1032
1049
9816
4493
13162
1278
2158
2000
1099
52143
1040
1049
1044
1032
1050
1041
2351
1032
1052
1096
1395
6298
1044
1321
1278
2667
2000
1099
52143
1040
1049
1044
1032
1050
1041
2351
1032
1048
1096
1395
1261
28767
3880
1046
1656
3325
27815
19466
7638
1044
2688
5443
1584
10463
4265
1454
66012
1536
27223
1046
9748
1729
4016
2764
1747
9458
1044
1729
2534
1317
8240
1848
2549
1278
2254
2715
1850
3004
1046
1052
2430
1056
2100
1032
1055
3501
1051
1267
1052
2880
1809
1878
3890
1349
2880
13655
1049
32293
9748
21613
1494
1056
1455
1054
1049
16077
8084
1546
1048
25914
1077
7325
3121
2767
21742
29752
2342
1057
19558
1261
1051
9246
1362
1050
1056
1319
1278
1261
1278
10317
1032
1051
89582
6752
1278
36281
20978
6890
1321
1729
1050
1278
1055
1333
1057
1032
1049
48787
1283
1053
1096
11
1010
10
3263
1267
16994
4607
6983
9700
1278
9458
1046
9380
1681
1278
3880
1877
1032
8933
92367
87478
2940
1989
1057
1117
1086
1089
8261
1897
3110
1032
1055
1055
1010
1293
1462
19604
2961
1464
1043
1049
1791
1050
1078
1584
4974
1307
1032
1049
1791
1078
6505
1063
22649
1464
1043
1049
44868
1464
1043
1049
1321
1032
1049
1046
22649
1464
1043
1050
44868
1464
1043
1050
1321
1032
1050
1046
6421
22649
1032
1050
1078
44868
1032
1050
1078
1321
1464
1626
2006
127578
77307
4507
1058
20520
31796
42715
89644
2892
75956
1419
1044
1593
1395
2143
6255
1058
18228
1278
3629
2254
21734
1321
8953
3607
1044
10886
5687
1278
2254
5055
1321
2764
1747
1278
9458
1046
1603
24151
16424
70914
84674
14671
48761
1083
25461
4568
2715
30711
1278
3475
1636
13330
1294
1261
1335
107485
3475
4950
1319
3038
44642
1041
1319
43880
2084
80858
1278
4618
7389
1041
11
1010
10
1503
19464
1010
12
13
1010
1975
29896
1010
1077
7460
1376
1032
1057
1057
1056
1050
1052
1052
1051
1053
1051
1267
3149
6878
1095
83013
25886
1058
1935
1044
1373
1058
1935
1041
4906
1935
1877
1293
19639
104491
1278
6878
2782
1307
10317
81793
1032
1057
1057
1056
1050
1052
1052
1051
1053
1051
60113
1293
2569
65851
59126
2782
1443
9828
1376
4556
1746
1105
1061
1049
29009
1078
1032
1049
43223
81793
70914
1010
1293
1443
1376
1032
1048
1010
1293
1394
1623
1294
4521
1040
1049
1044
1464
1867
1032
1049
3640
1369
1443
1376
1319
1072
1867
7834
6534
1044
70914
1462
1032
1050
1044
70914
2798
2545
70914
1010
1293
5571
1376
1319
1077
1364
1373
1041
2545
70914
1010
1293
5571
1376
5571
1364
7840
1050
1364
1464
1364
1443
1462
1032
1049
1041
2545
70914
1041
2545
70914
1010
1293
1850
5571
1010
1975
11
1010
10
3263
1267
16994
4607
6983
9700
1278
9458
1046
9380
1681
1278
3880
1877
17595
3581
1319
5943
8531
3690
3804
3640
1032
8933
92367
76219
1098
1090
2343
1070
5095
1081
8261
1897
3110
1032
1056
1049
1044
1294
1534
13655
1561
1293
4206
47638
1095
83013
1456
1032
8933
92367
76219
1098
1090
2343
1070
5095
1081
8261
1897
3110
1032
1051
1051
1044
1294
4206
1010
1293
6852
15605
1040
1049
1044
1032
1050
1041
2351
1032
1048
1010
6367
12032
48697
48697
48697
48697
48697
48697
48697
48697
48697
1094
1010
31929
1292
4507
89644
2892
75956
1419
1044
1593
1395
2143
6255
1058
18228
1278
3629
2254
21734
1321
8953
3607
1044
10886
5687
1278
2254
5055
1321
2764
1747
1278
9458
1046
1603
24151
16424
70914
84674
14671
48761
1083
25461
4568
2715
30711
1278
3475
1636
13330
1294
1261
1335
107485
3475
4950
1319
3038
44642
1041
1319
43880
2084
80858
1278
4618
7389
1041
11
1010
10
1503
19464
1010
12
1010
12
4268
1736
1261
4127
1058
2837
2534
1317
5687
2000
16655
1095
83013
25886
1044
1373
17783
81793
1032
1057
1057
1056
1050
1052
1052
1051
1053
1051
1455
22405
1747
2688
109595
1294
2000
6390
5164
52143
1041
14708
1784
3880
8223
1058
2000
8723
15605
1040
1049
1044
1032
1050
1041
2351
1032
1048
1096
9700
1046
4493
1278
2688
64629
2000
1099
52143
1040
1049
1044
1032
1050
1041
2351
1032
1048
7273
1809
2948
3475
8583
4433
2849
1044
6906
1032
1052
1505
4433
2849
1046
1531
9781
3475
1729
5662
8583
1032
1052
1394
1319
1049
1044
1050
1041
13162
1063
9246
1681
3219
1058
9781
1729
1880
3475
1058
2000
1545
1376
1319
1077
1364
1373
1041
2545
70914
1059
5571
1376
5571
1364
7840
1050
1364
1464
1364
1443
1462
1032
1049
1041
2545
70914
1041
2545
70914
9816
2898
1464
1061
1049
1044
1373
1061
1050
1058
1443
1376
1032
1049
1047
1049
1376
1032
1049
2005
70914
1046
6830
5571
1376
1032
1052
1364
1319
1050
1042
1049
1042
1049
1462
1032
1049
1041
1376
1032
1052
1364
1319
1050
1045
1049
1041
1376
1032
1052
1046
4493
1729
8583
1032
1052
1046
3626
2688
64629
1032
1048
1394
15605
1040
1049
1044
1050
1577
3730
1681
2095
1420
57500
2000
8723
15605
1040
1049
1044
1032
1050
1041
2351
1032
1052
1096
9781
1046
4493
2156
1584
2295
81681
109595
1394
1319
1049
1044
1050
4244
1925
64629
1032
1052
1044
1925
64629
1032
1048
1046
1531
3880
12187
1408
1278
2667
57500
1046
4493
2948
2254
4016
1850
1032
1048
1394
1319
1049
1044
1050
1041
1317
2764
1455
2688
1063
3626
2430
1278
2158
57500
2000
1099
52143
1040
1049
1044
1032
1050
1041
2351
1032
1052
1096
2168
7195
1046
3886
1044
1278
4127
10674
8223
1429
24151
16424
70914
84674
14671
48761
1083
2613
1321
1278
9458
1584
4265
1046
1531
2688
2254
2000
6390
1096
1934
2960
109595
1046
3075
1710
1261
2254
34301
2960
2000
1099
52143
1040
1049
1044
1050
61825
1052
1096
1321
2000
1099
52143
1040
1049
1044
1050
61825
1048
69524
2157
1681
16501
15388
1278
2254
10721
2801
4213
1394
2801
13193
1063
3626
1278
2254
2342
9368
1464
1321
1373
1046
17048
1278
2688
3475
1934
1261
96948
1063
3626
1278
4127
8223
1429
24151
16424
70914
84674
14671
48761
1083
2613
4493
1729
4016
2764
1747
109595
1435
2127
1584
1046
32844
1044
13162
1278
2254
1395
15654
1317
1850
2801
5705
14611
1408
4433
2849
1063
3247
13162
1278
2254
21734
1395
2000
16655
1095
83013
14299
1044
1464
17783
1063
3626
1278
8953
3607
8223
2000
16655
1095
83013
25886
1058
1935
1044
1373
1058
1935
94799
1531
2688
13193
2000
1099
52143
1040
1049
1044
1032
1050
94799
3367
1278
2254
1486
6493
1435
2000
16655
1095
83013
14299
1044
1464
88404
2430
15605
1040
1049
1044
1050
1041
2168
1402
4418
1454
1464
1061
1049
1044
1373
1061
1050
1063
49032
1044
1693
1278
2254
21734
1395
2000
3149
6878
1095
83013
14299
1058
1935
1044
1464
1058
1935
88404
2430
2000
1099
52143
1040
1049
1044
1050
17783
2168
3690
1454
1373
1061
1049
1044
1464
1061
1050
1046
6830
1278
2688
2000
1099
52143
1040
1049
1044
1050
61825
1052
1096
1321
2000
1099
52143
1040
1049
1044
1050
61825
1048
1096
2168
1736
2801
52542
1046
3626
1278
2688
3475
1395
9247
1059
1729
6560
22347
1494
1046
2837
2534
1317
7418
1261
2254
1455
2200
4418
1435
2000
1099
52143
1040
1049
1044
1050
17783
10721
2960
1032
1052
1321
1032
1048
1063
5646
1681
16501
1294
5990
17616
1046
62079
1278
2254
8942
2269
7783
3468
1505
1278
2688
64629
4433
2849
1046
3626
1278
3880
1729
4884
1395
10693
2000
31929
1292
4507
1096
1408
1278
2667
2000
8723
15605
1040
1049
1044
1032
1050
1041
2351
1032
1048
9816
4493
1278
2158
57500
2000
1099
52143
1040
1049
1044
1032
1050
1041
2351
1032
1052
1096
9852
1044
1809
1278
2667
9700
1046
4493
2948
2254
10548
10721
1032
1052
1394
1319
1049
1044
1050
1577
1531
2688
64629
1032
1048
1394
1278
2667
1046
4493
1729
2534
1317
1850
1032
1048
1394
1319
1049
1044
1050
1041
3016
2095
19566
1032
1052
1394
1319
1049
1044
1050
1041
2158
1063
5646
1681
16501
1046
17048
1278
2688
3323
1934
1261
27223
1044
1809
1278
4127
8223
1429
24151
16424
70914
84674
14671
48761
1083
2613
25298
1494
1402
1455
1278
2254
1395
15654
1317
1402
4418
1454
2801
14823
1063
9246
1681
1344
41412
1278
2688
4950
21966
1562
1278
16925
2100
2640
3149
4206
5164
52143
3640
1293
6852
15605
1040
1050
1044
1032
1050
1041
2351
1032
1050
1048
1010
1293
6852
15605
1040
1049
1050
1051
1052
1053
1054
1044
1032
1049
1056
1053
1049
1056
1053
1041
2351
1032
1054
1057
1050
1057
1050
1057
1049
1052
1010
1293
6852
15605
1040
1049
1056
1056
1057
1049
1048
1044
1032
1049
1055
1048
1056
1056
1051
1041
2351
1032
1051
1051
1054
1054
1055
1057
1051
1053
1050
1010
1293
6852
15605
1040
1049
1052
1053
1053
1057
1044
1032
1052
1053
1048
1052
1057
1041
2351
1032
1054
1056
1048
1052
1051
1051
1049
1049
1057
1010
1293
6852
15605
1040
1049
1044
1032
1050
1041
2351
1032
1052
1010
1293
6852
15605
1040
1050
1056
1054
1054
1044
1032
1049
1052
1053
1052
1056
1041
2351
1032
1050
1057
1049
1053
1051
1055
1049
1057
1055
1010
1293
6852
15605
1040
1049
1044
1032
1050
1041
2351
1032
1048
1010
1293
6852
15605
1040
1050
1057
1044
1032
1051
1057
1041
2351
1032
1052
1050
1057
1056
1051
1051
1055
1052
1050
1010
1293
20213
2731
6958
1584
2295
109595
1394
2000
1099
52143
1040
1049
1044
1032
1050
17783
1058
2158
64629
1032
1052
1044
2667
64629
1032
1048
1046
1531
3880
1729
4884
1395
1408
1278
2667
1046
1531
2158
9852
1046
4493
2948
3475
8583
1032
1052
1394
1319
1049
1044
1050
1041
1321
9852
1278
2158
1044
9700
1278
2667
1046
3870
2764
2960
1044
1729
2168
2534
1317
1850
1032
1052
1321
2095
1032
1048
1044
1799
1395
16501
1046
62079
1278
2254
1395
1605
86668
1063
3247
13162
1278
2254
1681
1850
2632
14620
1408
4433
2849
2479
1278
3542
1307
13193
1063
3626
1278
2688
2586
13193
2000
1099
52143
1040
1049
1044
1050
17783
15449
1046
1656
17616
1044
1693
1278
2254
10721
1032
1052
2960
5213
1044
2158
22405
1044
2667
24372
1046
3367
1494
10721
1032
1048
2960
5213
1044
2158
24372
1044
2667
22405
1046
3367
1494
10721
1032
1052
2158
2142
1321
1032
1048
2667
2142
1044
2158
22405
1044
2667
22405
1033
5646
2481
1402
1261
3039
1058
1278
2254
2481
1736
2269
8977
3468
1455
5266
2396
13193
1046
3626
1278
4127
8223
1429
6949
5687
1278
2254
5055
3871
1531
2254
21734
1395
2000
16655
1095
83013
25886
1058
1935
1044
1373
1058
1935
1041
4906
1935
9816
2157
6354
2405
4150
1494
1710
1736
4258
5598
1505
1402
2767
96083
1259
5744
1046
3886
1044
1317
2764
1278
9458
1435
4265
1044
13162
1729
2534
1317
3180
1278
2254
1850
1032
1052
1408
1278
2158
3690
1321
1032
1048
1408
1278
2667
3690
1063
3626
1455
2168
1402
111690
1321
6906
1605
1278
13650
5097
1046
26243
1278
2688
4950
1934
1261
96948
1044
1321
1925
1307
1278
2000
1099
52143
1040
1049
1044
1050
17783
2715
1402
2000
1099
52143
1040
1050
1044
1049
17783
1505
4433
1046
3626
1278
4127
24215
8223
1429
24151
16424
70914
84674
14671
48761
1083
2613
4493
1729
4016
2764
1278
9458
10693
1435
2127
1584
1338
12598
1681
20189
1278
14541
1455
1278
2254
1681
6878
2632
81793
1032
1057
1057
1056
1050
1052
1052
1051
1053
1051
1394
1319
1049
1044
1050
1041
1395
7442
1032
1048
1063
3626
1278
2158
57500
8223
1032
1052
1046
25298
1494
1402
1455
1278
2158
57500
2000
1099
52143
1040
1049
1044
1050
1041
2351
1032
1052
1096
1395
7442
2000
1099
52143
1040
1049
1044
1049
1041
2351
1032
1052
69524
3501
1044
1494
1681
8360
2000
1099
52143
1040
1049
1044
1032
1050
1041
2351
1032
1052
9816
17048
1278
4127
16541
1880
2000
1099
52143
1040
1049
1044
1050
1041
2351
1032
1048
1096
1321
4025
8533
1063
3626
1729
1736
1317
9626
1454
1278
4265
9458
1338
33703
1278
2254
2715
1850
1278
6878
2782
1307
10317
81793
1032
1057
1057
1056
1050
1052
1052
1051
1053
1051
1044
1321
1394
1319
1049
1044
1050
1041
1278
6878
2782
1395
1032
1048
2005
1032
1057
1057
1056
1050
1052
1052
1051
1053
1051
1063
3626
1278
2158
57500
8223
1032
1052
1046
32844
1044
1032
1052
2005
1032
1057
1057
1056
1050
1052
1052
1051
1053
1051
1395
1032
1052
1044
1605
1032
1048
1046
4493
2127
15016
1338
12598
1681
3346
1278
8953
3607
1058
2000
35209
6878
1095
83013
1040
1050
1044
1032
1050
1041
1032
1050
1048
6421
56431
6878
1095
83013
1040
1049
1050
1051
1052
1053
1054
1044
1032
1049
1056
1053
1049
1056
1053
1041
1032
1054
1057
1050
1057
1050
1057
1049
1052
9816
1531
11277
1294
8953
3607
1584
6906
6298
1046
1531
2000
6390
1096
2254
1934
3325
109595
1046
1531
81681
1319
1049
1044
1050
1041
4139
1402
1261
9441
4595
9504
3880
1294
1278
4127
10674
5662
1317
1650
1046
3626
1278
2663
8223
1058
1429
16994
4607
6983
9700
1278
9458
1046
9380
1681
1278
3880
1058
6421
6852
15605
1040
1049
1044
1032
1050
1041
2351
1032
1048
3871
4493
1278
2688
64629
1032
1048
1394
1319
1049
1044
1050
1577
9966
3475
8583
1032
1052
1046
4493
1729
2534
1317
9447
2948
13284
1878
1455
2000
16655
1095
83013
1040
1049
1044
1032
1050
1041
2545
70914
2351
1032
1048
9816
3626
2430
1278
2158
57500
2000
1099
52143
1040
1049
1044
1050
1041
2351
1032
1052
1096
2168
7195
1046
3886
1044
13162
1278
2688
2254
2000
6390
1096
1395
1605
3160
65016
1435
8360
1063
32844
1044
1278
3880
19087
3581
6122
1058
2000
4541
92367
76219
1098
1090
2343
1070
5095
1081
8261
1897
3110
1032
1051
1051
1044
1294
4206
6852
15605
1040
1049
1044
1032
1050
1041
2351
1032
1048
9816
5646
1681
1278
1032
1051
1051
7989
3110
1046
1531
2158
2000
1099
52143
1040
1049
1044
1050
1041
2351
1032
1052
1096
1395
9781
1046
4493
2960
1584
19555
1046
3367
2948
2254
10721
1032
1052
1394
1319
1049
1044
1050
1574
1278
2158
57500
22405
1044
1278
2667
24372
1046
3367
2948
2254
10721
1032
1048
1394
1319
1049
1044
1050
1574
1278
2158
24372
1044
1278
2667
22405
1046
2837
2534
1261
2254
1455
10721
1032
1052
1408
1278
2158
3690
1321
1032
1048
1408
1278
2667
3690
1063
5646
1681
16501
15388
1729
2210
2269
7783
9325
1046
3626
13162
1278
2254
1395
15654
1317
1402
4418
1454
2801
14823
1063
3501
1338
12598
1681
4206
1693
2156
1681
2258
2147
19190
1046
17048
1278
2254
2000
16655
1095
83013
1096
1395
15654
1317
1850
1278
6878
2782
1307
10317
1044
1809
1278
9458
1584
24124
4433
2849
1063
1531
4127
8223
1058
1429
10311
1278
3629
2254
21734
1321
8953
3607
1044
10886
5687
1278
2254
5055
1321
2764
1747
1278
9458
1046
1603
24151
16424
70914
84674
14671
48761
1083
11621
1034
4493
1729
4016
9470
1261
2254
1455
2200
4418
1435
2000
1099
52143
1040
1049
1044
1050
17783
10721
1032
1052
1278
2158
2142
1321
1032
1048
1278
2667
2142
1063
5646
7444
66739
1046
26243
1278
2688
4950
1934
1261
96948
1321
1925
1307
1278
109595
1395
2000
1099
52143
1040
1050
1044
1032
1049
1041
2351
1032
1048
69524
3626
1278
3880
1729
4884
1395
10693
2000
8723
15605
1040
1049
1044
1032
1050
1041
2351
1032
1048
9816
2837
6560
4036
1278
2688
1338
33703
1278
2254
2715
1850
1261
2632
1455
1395
1032
1052
81793
70914
1394
1319
1049
1044
1050
1041
1809
1278
2688
64629
1032
1048
1063
5646
1681
81681
1046
9246
1681
1344
11568
14176
1278
2688
3475
1562
1278
16925
1046
2157
1681
4171
1455
1278
2295
2000
1099
52143
1040
1049
1044
1050
17783
109595
1584
11715
1317
1402
2000
1099
52143
1040
1049
1044
1050
1041
2351
1032
1052
1096
1321
2000
1099
52143
1040
1050
1044
1049
1041
2351
1032
1048
69524
3626
1278
3403
8223
2000
1099
52143
1040
1049
1044
1032
1050
1041
2351
1032
1048
9816
25298
1494
1402
1455
1278
2254
21734
1395
2000
16655
1095
83013
14299
1044
1464
17783
1321
1278
2688
13193
2000
1099
52143
1040
1049
1044
1050
17783
10138
1373
1061
1049
1044
1464
1061
1050
1063
6830
2948
9781
13284
4139
5628
4433
2849
1046
9246
1681
2688
1058
3367
2254
1395
2000
16655
1095
83013
14299
1044
1464
88404
2430
2000
1099
52143
1040
1049
1044
1050
17783
13193
1454
1373
1061
1049
1044
1464
1061
1050
1046
9966
9781
13233
6878
10317
1394
1464
1061
1050
1044
1373
1061
1049
1486
1032
1054
1046
5500
1032
1048
1505
1032
1052
1046
2898
1464
1061
1049
1044
1373
1061
1050
1486
1032
1052
1046
4493
1693
1729
38525
1044
1319
1049
1044
1050
1041
11006
1319
1077
1061
1049
1044
1464
1061
1050
1041
6878
1032
1054
1046
5500
1032
1048
1505
1032
1052
1338
33703
1278
2254
2715
1850
1278
6878
2782
1307
10317
81793
1032
1057
1057
1056
1050
1052
1052
1051
1053
1051
1044
1321
1394
1319
1049
1044
1050
1041
1278
6878
2782
1395
7442
1032
1048
1063
3626
1278
8953
3607
3336
2000
16655
1095
83013
1040
1050
1044
1050
1041
2351
1032
1050
1048
1096
1395
4265
1046
3367
1319
1049
1044
1050
1041
6878
1032
1048
1044
1455
2168
1402
1261
6061
2937
1046
3626
5782
2168
2156
1402
2295
109595
2634
12598
1681
6123
6628
1058
2409
4127
4139
1402
1562
1261
4629
21448
1046
1429
16655
1095
83013
1034
1454
9917
1464
1042
1077
1043
1049
36281
1044
20978
1623
1321
6705
6534
9964
1044
1048
1577
2409
1395
1261
4629
4127
1058
1429
50159
2782
1307
10317
1317
15504
1747
36281
1307
1261
9917
1034
13162
1562
13968
2975
2455
1505
3931
1067
10414
1046
1531
50844
1032
1057
1057
1056
1050
1052
1052
1051
1053
1051
1395
15421
1046
1531
109583
1294
2688
4139
1402
3964
1317
1278
4127
95114
3907
1261
28767
1505
27223
1046
3626
1435
1420
26554
1044
1729
4016
9470
3475
1455
22405
1278
9458
1435
4265
1046
3367
1278
9458
1736
2295
109595
1394
1319
1049
1044
1050
1041
1454
2801
6878
4213
1044
1278
2342
3039
1317
2764
2960
1395
1693
1278
2254
10721
2801
4213
1408
2801
13193
1046
3626
1278
4127
8223
1429
6949
5687
1278
2254
5055
3871
17048
1278
2254
1395
8807
1317
1736
8977
3468
1063
1531
4127
6354
2405
101789
1494
1044
1809
12837
1294
2516
15048
1044
1278
2254
1395
13173
1046
3886
1044
1278
3880
1729
4884
1395
10693
1455
1278
2667
57500
9700
3147
2948
2254
8583
1032
1052
1046
3367
1729
3180
1278
2254
1850
1032
1048
1394
1319
1049
1044
1050
1041
5282
1044
1278
2158
57500
2084
7195
1046
3367
1729
3180
1494
1850
1032
1052
5282
1044
2667
24372
1046
3367
1729
3180
1494
1850
1032
1052
1408
2158
3690
1321
1032
1048
1408
2667
1044
1455
2168
2764
2960
1044
1809
1395
1455
1429
6949
5687
1278
2254
5055
69235
1531
2254
6360
6354
2405
7693
3468
1046
3626
13162
1278
2688
3475
1395
9543
2516
1455
1278
2254
1395
4418
6245
5213
1321
1278
6878
2632
5266
1063
2159
26724
1338
12598
1681
3346
1278
2688
4950
2790
21966
1046
17048
1278
2667
2000
8723
15605
1040
1049
1044
1032
1050
1041
2351
1032
1048
1096
1395
7442
2000
8723
15605
1040
1050
1044
1032
1049
1041
2351
1032
1048
69524
1531
3403
1294
1278
16925
2100
2640
1293
56431
6878
1095
83013
1040
1049
1050
1051
1052
1053
1054
1044
1032
1049
1056
1053
1049
1056
1053
1456
1293
1032
1054
1057
1050
1057
1050
1057
1049
1052
1010
1293
20213
1293
6852
15605
1040
1049
1044
1032
1050
1041
2351
1032
1052
1010
1293
6852
15605
1040
1049
1044
1032
1050
1041
2351
1032
1048
1010
2731
2757
1681
4171
1455
1278
2667
1395
1261
96948
1321
2715
1402
2000
1099
52143
1040
1050
1044
1032
1049
1041
2351
1032
1048
9816
3626
1729
2607
2405
2840
1046
3886
1044
1278
3880
1729
6307
1395
1562
1278
2663
7523
2948
3475
3675
1278
9458
1046
1531
2663
8223
1058
1429
16994
4607
6983
9700
1278
9458
1046
9380
1681
1278
3880
1058
6421
6852
15605
1040
1049
1044
1032
1050
1041
2351
1032
1048
3871
4493
1278
2688
1435
5662
1317
1278
2663
1934
1455
57500
1046
2837
4016
3180
2948
3475
2764
1455
2688
1046
3367
1729
6560
4036
1278
2688
1044
1729
4016
3180
2000
16655
1095
83013
1040
1049
1044
1032
1050
1041
2545
70914
2351
1032
1048
9816
3626
2430
1278
2158
57500
2000
1099
52143
1040
1049
1044
1050
1041
2351
1032
1052
1096
2084
7195
1046
3886
1044
13162
1278
2688
2254
2000
6390
1096
1395
1605
3160
1294
1278
3542
8360
1063
3247
13162
1278
2158
57500
2000
1099
52143
1040
1049
1044
1050
1041
2351
1032
1052
1096
1395
7442
2000
1099
52143
1040
1049
1044
1032
1049
1041
2351
1032
1052
69524
3501
1044
1494
1681
8360
2000
1099
52143
1040
1049
1044
1032
1050
1041
2351
1032
1052
9816
1032
1267
28191
1044
2481
1494
1402
1455
1278
2254
2000
16655
1095
83013
1096
1395
15654
1317
1850
1278
6878
2782
1307
10317
1044
1321
1278
9458
1584
24124
81793
1032
1057
1057
1056
1050
1052
1052
1051
1053
1051
1044
1809
1278
6878
2632
1394
1319
1049
1044
1050
1041
1395
7442
1032
1048
81793
1032
1057
1057
1056
1050
1052
1052
1051
1053
1051
1063
3626
1032
1052
2005
1032
1057
1057
1056
1050
1052
1052
1051
1053
1051
1395
1032
1052
1044
1605
1032
1048
1046
4493
2127
1584
2801
38801
1046
1531
109595
14068
1278
1850
2632
1319
1271
15748
1041
1317
1032
1052
1321
1032
1048
1046
4493
2127
1584
2801
1338
33703
1278
4127
1934
1261
19940
1044
1809
1435
1278
78689
1044
1729
2534
1317
3081
1261
13284
1455
22444
1032
1048
1394
1319
1049
1044
1050
1041
1321
2095
1032
1052
1394
1319
1049
1044
1050
36036
5646
1681
16501
1046
62079
1278
2254
1395
2000
16655
1095
83013
25886
1044
1373
17783
1321
1278
2688
13193
1494
1454
2000
1099
52143
1040
1049
1044
1050
17783
1809
1278
2254
1681
8033
14620
1408
4433
2849
1044
2479
1278
3542
1307
4607
13193
1063
5646
7444
9210
29139
1394
1261
27815
19466
4127
1338
12598
1681
3648
1058
17048
1278
2254
1395
15654
1317
1850
1278
6878
2782
1307
10317
81793
1032
1057
1057
1056
1050
1052
1052
1051
1053
1051
1044
1321
1278
9458
1584
1562
1261
4629
4127
2478
1319
1049
1044
1050
1041
6878
2632
1395
1032
1048
1063
3626
1278
8953
3607
3336
2000
16655
1095
83013
1040
1050
1044
1050
1041
2351
1032
1050
1048
1096
1395
4265
1046
3367
1319
1049
1044
1050
1041
6878
1032
1048
1044
1455
2168
1402
1261
6061
2937
1046
3626
5782
2295
109595
2634
61598
1278
2688
4950
1934
1261
96948
1321
1278
2667
2000
1099
52143
1040
1049
1044
1050
1041
2351
1032
1048
1096
2715
1402
2000
1099
52143
1040
1049
1044
1051
1041
2351
1032
1048
1096
1505
4433
1046
3626
1729
1736
1317
2196
1454
2549
1681
4265
1338
18661
14541
1058
1531
2254
2000
16655
1095
83013
1096
4139
1402
4418
1454
14823
130972
1294
2269
9458
1063
3501
1044
1278
2688
13193
2000
1099
52143
1040
1049
1044
1050
17783
15449
1338
12598
1681
6123
1394
4510
7638
1046
3730
1681
1261
4629
4127
1058
1429
50159
2782
1307
9578
1317
15504
1747
36281
1307
1261
9917
1034
13162
1562
13968
2975
2455
18545
1046
1362
26938
1261
4127
1429
50159
41744
1034
1505
4510
1046
1531
9917
5194
1058
1464
1042
1077
1043
1049
36281
1044
20978
1623
1321
6705
6534
9964
1044
1048
1577
2409
1395
1261
1429
50790
1034
9917
1046
1531
6878
6432
2142
1562
8181
4139
1736
1261
13284
18371
59126
8091
1046
9246
1681
42463
1278
13284
29238
1044
2430
3219
2549
4213
1494
10177
1394
1319
1049
1044
1050
2519
4268
2534
1317
3081
1278
6878
2782
1307
10317
1319
33042
1041
4570
1747
36281
1584
35902
1044
10348
1562
29268
1032
1048
1044
1408
1261
9917
1454
1464
22344
1307
5592
1373
15205
1513
8181
1032
1048
1338
12598
1681
12859
2033
1278
2832
1046
21864
1058
8181
1032
1048
1046
1464
22344
1044
2744
3549
1934
36281
1330
1746
1105
1044
1049
4179
1330
1746
1105
1044
1050
4179
84091
1330
1746
1105
84592
1125
2478
1330
1746
1105
1044
1049
1125
1395
17220
1317
1032
1048
1044
1330
1746
1105
1044
1050
1125
17220
1317
1330
1746
1105
1044
1049
4179
6704
1046
49032
1562
9781
1058
20978
1058
1623
12497
10314
44868
1623
1321
6705
6534
9964
1044
1048
1577
4493
3549
1623
1319
2975
1623
1061
1049
1791
1078
1041
15730
1307
36281
1058
1623
1044
1464
53553
1044
1032
1050
1078
53553
1044
84091
1319
1077
1045
1049
1041
1078
53553
1046
3060
8181
1032
1048
1046
4493
2156
1584
1464
22344
1044
2744
1307
1373
20978
1044
23288
8181
1032
1048
1338
27826
7263
1058
1513
2744
5966
1044
1562
3519
29268
1044
6920
1317
1261
51643
6974
17220
29268
1046
66476
29268
1693
41926
98208
1046
30366
2200
1747
1464
1042
1077
1043
1049
36281
35902
1338
4268
2933
6878
2782
1307
9578
1338
4380
1395
1261
6432
2142
4127
1408
1261
9917
1046
3730
1395
1261
4629
13284
1394
6878
6432
2142
1408
1261
9917
10348
1562
1261
29268
1330
1058
1032
1010
1069
81995
1093
1376
4556
1746
1117
3942
1330
1125
1032
1050
1364
2517
14097
1044
1333
1041
1364
4433
1063
5500
10693
1338
82053
1044
1729
1710
2210
1278
2866
1307
1429
1104
8492
5213
1034
1321
1429
16509
2142
1034
1394
16429
1046
2898
1261
9917
1044
1278
6878
6432
2142
10348
1562
8181
1710
1402
21564
1536
18964
1278
6878
2142
1317
9206
1747
36281
1046
3730
1681
1261
4629
2282
1058
2898
1261
9917
1044
1278
6878
6432
2142
1562
1261
29268
1330
1395
1032
1010
1069
81995
1093
1376
4556
1746
1101
1125
1032
1050
1364
1434
13196
1364
1319
59574
1041
2478
1434
13196
1395
8598
9721
1063
5500
5257
1338
33703
1729
1710
42463
2505
19175
1302
3289
1505
51070
29656
4057
1408
1278
5194
1338
12598
1681
3352
1317
24002
6878
6432
2142
1394
3709
1464
1044
1373
23898
1044
2430
3219
5965
1338
4268
5314
1736
1877
1045
1319
1049
1044
1049
4244
1464
1061
1049
1044
1373
1061
1049
1046
21864
1058
36281
1032
1048
1044
1049
1046
77859
9578
1376
1032
1049
1046
1319
84804
2688
2000
1099
52143
1040
1049
1044
1049
61825
1049
62473
1045
1319
1049
1044
1050
4244
1464
1061
1049
1044
1373
1061
1050
1046
21864
1058
3549
1307
5592
1032
1050
1058
1032
1048
1045
1049
1045
1050
1046
51209
1513
1032
1048
1046
77859
9578
1317
15504
1747
36281
1046
2813
1729
13233
1044
6878
44181
2142
1317
1032
1050
1395
1032
1052
1046
4493
6878
10317
1376
1032
1052
1046
7637
1934
2000
1099
52143
1040
1049
1044
1050
61825
1052
1096
1321
2000
1099
52143
1040
1049
1044
1050
61825
1048
9816
4493
1032
1052
1395
6298
1394
1464
1061
1049
84592
1061
1050
1626
1045
1319
1050
1044
1049
4244
1464
1061
1050
1044
1373
1061
1049
1046
21864
1058
9655
1454
7034
1032
1048
1321
15786
1032
1049
1044
1050
1046
77859
9578
1376
1032
1054
1046
1319
4268
13233
1032
1054
4342
1045
1319
1050
1044
1050
4244
1464
1061
1050
1044
1373
1061
1050
1046
7637
1934
2000
1099
52143
1040
1050
1044
1050
61825
1050
1048
9816
4493
6878
10317
1376
1032
1050
1048
1626
1045
1319
1049
1044
1051
4244
1464
1061
1049
1044
1373
1061
1051
1046
77859
10317
1063
2898
3549
1307
5592
1032
1051
10348
1513
2362
1044
6878
44181
2142
1317
2147
2362
1395
1373
1094
1050
1376
1032
1057
1046
4493
1319
1049
1044
1051
1041
2715
1402
1032
1057
1626
1045
1319
1051
1044
1049
4244
1464
1061
1051
1044
1373
1061
1049
1046
13465
1454
1032
1051
15786
1046
9246
1681
24002
6878
9578
1317
15504
1747
1032
1051
15786
10348
1513
7034
1032
1048
1626
1032
13336
1513
1032
1048
1046
25181
1032
1049
1058
6920
1317
22494
1349
1046
66476
1349
1046
25181
1032
1050
1058
6920
2595
1317
1032
1048
1046
9032
1513
1032
1048
1454
1925
22494
35902
1046
8956
2156
1044
1729
2534
1317
15504
1278
11829
2295
15786
1046
2409
1395
4510
1317
91662
46975
1809
1454
6974
7263
1046
9246
1681
24002
6878
9578
1394
9655
1454
1409
15786
1626
1032
7487
9655
1454
7034
1032
1048
1321
1424
15786
1319
1076
105493
1044
1373
1061
1049
1577
13336
1513
1032
1048
1046
77859
9578
1317
9206
1747
1424
15786
1626
1032
2837
1710
24002
5059
8164
1058
3468
1623
1376
2782
1307
35902
15786
1319
1048
9120
1623
9120
1424
1577
3931
3468
1623
1044
1729
1584
1513
1032
1048
1046
2837
12729
51643
5002
1424
17220
15786
1046
3367
1729
12729
1420
41926
98208
22494
1319
46917
1319
1076
18321
12982
1076
1574
1729
6920
2156
1044
15504
1494
1044
1321
2430
1729
1584
1513
1455
22494
1046
8956
1455
22494
1044
2342
6920
1395
2595
1317
1032
1048
1046
4493
2453
1032
1050
9578
1319
1049
1317
22494
1044
1032
1049
2595
1317
1032
1048
1574
1729
1584
1513
3468
1623
1043
1049
1046
3367
1729
12729
1261
35902
22494
1319
46917
1623
15288
1574
1729
6920
2156
1044
1032
1049
5966
1044
2430
1032
1049
5966
2595
1317
1032
1048
1044
39095
1513
3468
1623
1626
1032
9246
1436
13755
1402
6878
7481
9578
1562
3468
1623
1319
1269
1032
1048
1044
1623
15786
35902
1577
6830
1877
1032
1436
11876
1376
1032
1048
1626
1032
2898
1623
1534
1424
1058
1032
1010
1032
1436
13755
1376
1319
1319
1076
18321
12982
1076
4370
1364
1319
1050
1867
1436
1746
1105
1043
1049
4672
1867
1319
1623
15288
4370
1364
1319
1050
1867
1436
13755
5439
1032
8498
1672
1394
1436
13755
1877
1032
1436
13755
1376
1032
1050
1867
1319
1076
18321
12982
1076
1436
1746
1105
1043
1049
1125
1867
1623
15288
1436
13755
1010
1032
2297
1436
13755
1462
1623
15288
1436
13755
1376
1032
1050
1867
1319
1076
18321
12982
1076
1436
1746
1105
1043
1049
2002
1032
2297
1319
1319
1076
18321
12982
1076
4370
1436
13755
1376
1032
1050
1867
1319
1076
18321
12982
1076
1436
1746
1105
1043
1049
2002
1032
2297
1436
13755
1376
1319
1050
1076
65535
1076
18321
1041
1867
1436
1746
1105
1043
1049
2002
1032
12558
1058
1424
1061
1050
1058
1436
1095
1048
1376
1319
1052
12982
1050
1867
1436
1095
1049
1376
1032
1050
1867
1436
1095
1049
1046
1436
1095
1049
1376
1319
1052
12982
1049
1867
1436
1095
1050
1376
1032
1052
1867
1032
1048
1376
1032
1052
1046
4493
1436
1095
1048
1376
1032
1054
1046
79472
2948
1464
1061
1050
84592
1061
1049
1061
1054
1626
1032
1424
1061
1051
1058
1436
1095
1051
1061
1048
1046
1436
1095
1050
1376
1032
1050
1042
1051
30875
1051
1045
1050
1041
1867
1032
1048
1376
1032
1054
1046
1436
1095
1049
1376
1032
1050
1042
1051
30875
1051
1045
1049
1041
1867
1436
1095
1050
1376
1032
1051
1867
1032
1054
1376
1032
1057
1046
1436
1095
1048
1376
1032
1050
1042
1051
30875
1051
1045
1048
1041
1867
1436
1095
1049
1376
1032
1050
1867
1032
1057
1376
1032
1049
1049
1626
1032
4493
1394
1464
1061
1051
1044
1373
1061
1049
1044
6878
10317
1376
1032
1049
1049
1626
1032
7637
6354
2405
1736
1319
1051
1044
1049
1041
1809
1729
1710
4206
4025
1338
1045
1319
1050
1044
1051
4244
1464
1061
1050
1044
1373
1061
1051
1046
7637
1934
2269
4213
1338
12082
1044
1729
2534
1261
13284
1455
10177
1877
1040
1049
1044
1049
8429
1049
1010
1040
1049
1044
1050
8429
1052
1010
1040
1050
1044
1049
8429
1054
1010
1040
1050
1044
1050
8429
1050
1048
1010
1040
1049
1044
1051
8429
1057
1063
5500
1294
2688
1809
13162
1626
1040
1051
1044
1049
8429
1049
1049
1063
5500
1294
2688
1338
12598
1681
2688
1319
1050
1044
1050
8429
1050
1048
1046
2837
2534
13284
1338
33703
1278
6878
6432
2142
1394
1593
4811
9917
1934
1261
9323
2071
1046
9246
1681
3352
1317
42463
1338
1784
9917
1395
1464
22344
1307
5592
1373
1562
8181
1032
1048
1046
1531
6974
7263
16896
1513
1032
1048
1046
2837
2933
6878
2142
1317
9206
1747
36281
1338
26768
1278
9917
1395
44942
1044
1729
1710
3648
1307
1278
2832
1435
1058
1531
7263
1258
20183
5002
1278
1464
22344
1046
3249
2744
3549
1044
1278
21643
36281
1584
1261
23832
1562
8181
1046
1531
3468
1710
1402
5055
1536
1278
3519
101195
21643
29268
1408
2744
3549
1044
1321
1278
3519
3980
1307
1278
7263
1258
1046
3626
13162
2156
1681
1261
39928
3039
1338
1073
26938
1261
4629
2282
1058
2898
1261
9917
1044
1278
6878
6432
2142
10348
1562
1261
29268
1330
1395
1032
1010
1069
81995
1093
1376
4556
1746
1117
3942
1330
1125
1032
1050
1364
2517
14097
1044
1333
1041
1364
1319
59574
36036
5500
10693
1338
18661
5125
1058
1531
2832
1307
28308
36281
1710
1402
5753
1435
1278
6974
7263
1681
3685
5213
1046
1531
6878
2782
1307
5213
2744
29268
1395
21643
3066
6432
4139
1402
6164
1338
33703
1729
1710
2210
1278
13284
1394
6432
2142
1307
1261
9917
1562
1261
4265
8181
1058
1032
1010
1069
81995
1093
1376
4556
1746
1101
1125
1032
1050
1364
1434
13196
1364
1319
12856
1307
36281
1408
1925
4258
28197
5500
5257
1338
12598
1681
6123
6628
1058
3730
1681
1261
4127
1429
50159
2782
1307
10317
1317
15504
1747
36281
1034
1562
13968
2975
2455
1505
3931
1067
10414
1046
1531
50844
1032
1057
1057
1056
1050
1052
1052
1051
1053
1051
12551
1494
1681
1562
1261
13968
2975
2455
6509
1454
54897
54114
1046
1531
9917
5194
1464
1042
1077
1043
1049
36281
1454
20978
1623
1321
6705
6534
9964
1044
1048
1041
1395
10693
1278
9917
1562
13968
2975
2455
4127
1429
50159
13920
1307
27170
13162
1063
1362
26938
1261
4127
1429
50159
41744
1034
1505
1429
111763
3333
21864
3871
9246
1681
3648
1058
3730
1681
1261
13968
2975
2455
4127
1429
50159
13920
1307
27170
13162
1032
1049
1055
1051
1050
1067
1063
3501
1338
36296
1278
2142
1044
13162
1729
1710
3081
1261
5965
1562
1278
2688
4213
1729
1736
1321
1278
3709
5443
1729
21564
1338
4268
1736
1877
1040
1049
1044
1049
8429
1049
1010
1040
1049
1044
1050
8429
1052
1010
1040
1050
1044
1049
8429
1054
1010
1040
1050
1044
1050
8429
1050
1048
1010
1040
1049
1044
1051
1041
2168
1402
1032
1057
1693
3549
1044
1809
1605
1294
2688
1626
1040
1051
1044
1049
8429
1049
1049
1010
1040
1049
1044
1050
1048
1048
1048
1048
1048
8429
1055
1048
1050
1050
1053
1056
1056
1048
1319
4417
1456
1040
1049
1048
1048
1048
1048
1048
1044
1032
1057
1057
1057
1057
1057
8429
1053
1053
1053
1057
1050
1056
1055
1055
1010
23488
1338
4268
2534
1261
13284
81793
1032
1057
1057
1056
1050
1052
1052
1051
1053
1051
1455
14175
1747
2576
1338
12598
1681
3352
1317
3219
1693
2156
1681
1261
4629
13284
1394
6878
6432
2142
1307
1464
22344
1307
5592
1373
1562
8181
1338
1073
1710
6983
1317
42463
1278
6878
6432
2142
1394
1593
9917
2505
16878
15765
1505
19175
1302
3289
1338
41101
1278
9917
1435
1464
22344
1307
5592
1373
15205
1513
8181
1032
1048
1046
1531
6974
7263
16896
1513
1032
1048
1046
2837
2933
1278
6878
2142
4570
1747
36281
1584
21643
1338
26768
1278
22344
1584
9353
8100
1513
1278
8181
1044
1729
1710
3648
1307
1278
7263
1258
1435
11090
5002
1278
22344
1046
3931
1278
8181
1044
1278
7263
1258
71222
1261
3549
51643
1046
15685
1408
1261
3549
1044
1494
1710
6920
8848
1505
40892
1046
1531
7263
1258
2084
12864
15504
1747
36281
1408
1261
3549
3066
11090
1317
3866
1063
5500
20594
1059
1494
1710
1864
54621
1338
3890
13162
1729
1710
2210
1278
1429
16509
2142
1307
1261
9917
1562
1261
8181
1034
13284
1058
2898
1261
9917
1044
1278
6878
6432
2142
10348
1562
8181
1395
1032
1010
1069
81995
1093
1376
4556
1746
1118
3942
8181
1125
1032
1050
1364
2517
29312
1044
1330
1041
1364
1319
59574
2314
1278
2782
1307
36281
28197
3501
1338
28191
1044
2156
1681
1261
4629
2282
1058
2898
1261
9917
1044
1278
6878
6432
2142
10348
1562
1261
29268
1330
1395
1032
1010
1069
81995
1093
1376
4556
1746
1101
1125
1032
1050
1364
1434
13196
1364
1319
8332
1307
14786
2066
28197
5500
5257
1338
33703
1729
1710
24002
1278
6878
2782
1307
9578
1536
125797
1307
45951
2136
20978
1063
1531
2782
1307
9578
1395
1278
3788
2782
1307
20183
1046
11796
6920
14075
1264
1420
10314
1046
1531
2832
30774
2200
1747
36281
35902
1046
2837
1710
24002
1278
6878
3788
2782
1307
10314
14075
2364
1338
12598
1681
3352
1317
42463
1394
3709
1373
1044
1464
1338
29506
6674
1058
1531
7263
1258
16896
1513
1032
1048
1046
1531
2832
15202
2200
1278
3804
41926
98208
29268
1395
35902
1046
12238
1278
9917
1395
44942
1044
13162
1729
1710
2210
1278
13284
1394
6878
6432
2142
1307
1261
9917
1562
1261
4265
8181
1058
1032
1010
1069
81995
1093
1376
4556
1746
1117
3942
8181
1125
1032
1050
1364
2517
29312
1044
1333
1041
1364
1319
59574
36036
49032
1044
1394
1261
3549
10348
1513
1925
2362
1044
6878
6432
2142
1376
1373
1094
1050
1046
2898
1261
9655
1454
1424
15786
1044
6878
6432
2142
1376
1424
1364
1319
1050
1072
11876
1462
1032
1049
36036
32844
1044
1729
21564
1394
9655
1454
1424
15786
1058
1436
1095
1048
1376
1032
1050
1076
1867
4556
1063
2837
1880
1436
1095
1048
1376
1032
1050
1076
1867
1436
1095
1049
1063
49032
1729
13233
1436
13755
1376
1032
1050
1076
30875
1076
18321
1041
1867
1436
1746
1105
1043
1049
14522
6830
1436
1095
1048
1376
4556
1746
1105
1061
1048
3161
1076
1045
1049
1125
1032
1050
1076
30875
1076
18321
1041
1376
1032
1050
1076
1364
1443
11876
1046
2898
1424
1061
1050
1058
1032
1050
1042
1050
19197
1049
1043
1049
1047
1050
8429
1052
1042
1049
1046
1053
1061
1054
1046
2898
1424
1061
1051
1058
1032
1050
1042
1051
19197
1049
1043
1049
1047
1050
1043
1049
1047
1051
8429
1054
19197
1049
1049
1047
1054
8429
1049
1049
1046
13830
1033
4493
1394
9655
1454
1424
15786
1319
1077
1061
1049
1574
6878
10317
1376
1032
1050
1076
1364
1443
11876
1044
2478
1443
11876
1376
4556
1746
1105
1061
1049
29009
1076
1032
1049
43223
1046
7597
8505
8156
1044
1729
1710
24002
1338
12082
1394
4352
1464
1044
1373
1046
17048
1278
6878
10317
1395
4433
2479
1373
1094
1050
1364
4433
1867
1032
1050
1078
1364
1373
1364
4433
2634
12598
1681
2688
1319
1050
1044
1050
8429
1050
1048
1046
3367
13284
19263
59126
8091
1046
2898
1464
1061
1050
1044
1373
1061
1050
1046
17048
6878
1376
1373
1094
1050
1364
4433
1867
1032
1050
1078
1364
1373
1364
1443
9828
1063
9246
1681
2688
1058
1373
1094
1050
1061
1052
1046
1032
1050
1078
1042
1077
98312
9828
1376
1032
1050
1042
1050
1042
1050
98312
1095
1050
1376
1032
1056
19197
1049
1043
1049
1047
1050
8429
1049
1050
1046
1032
1052
1043
1049
1050
1061
1049
1054
1044
1605
1032
1050
1048
1338
33703
6878
1376
1373
1094
1050
1364
1464
1063
1032
1052
1042
1050
1061
1056
1044
1836
1338
33703
6878
1376
1373
1094
1050
1364
1319
1050
1078
1443
9828
1462
1032
1049
36036
2898
1464
1061
1050
1058
1032
1052
19197
1052
1042
1049
1046
1053
1462
1049
8429
1052
19197
1054
1045
1049
8429
1050
1048
1046
13830
1033
1032
1052
1042
1053
1061
1050
1048
1046
5646
14175
1319
1050
1044
1050
8429
1050
1048
1338
4922
1319
1049
1044
1050
4244
1464
1061
1049
1044
1373
1061
1050
1046
1373
1094
1050
1061
1052
1046
1032
1050
1078
1443
9828
1462
1032
1049
1376
1032
1050
1042
1049
98312
1095
1049
1462
1049
1376
1032
1050
1042
1049
1462
1049
1376
1049
1046
1032
1052
1042
1049
1061
1052
1046
79472
1319
1049
1044
1050
8429
1052
1338
4922
1319
1049
1044
1049
4244
1464
1061
1049
1044
1373
1061
1049
1046
1373
1094
1050
1061
1049
1046
1032
1050
1042
1049
1042
1049
1462
1049
1376
1049
1046
1032
1049
1042
1049
1061
1049
1046
79472
1338
4922
1319
1050
1044
1049
4244
1464
1061
1050
1044
1373
1061
1049
1046
1373
1094
1050
1061
1049
1046
1032
1050
1042
1050
98312
1095
1050
1462
1049
1376
1032
1052
19197
1049
1046
1053
8537
1049
1061
1054
1045
1049
1061
1053
1046
3626
1729
21564
1032
1054
1394
1319
1050
1044
1049
1577
4493
63365
1058
2948
9781
13233
1032
1054
1044
1809
13284
10177
1032
1053
1046
9246
1681
6716
33295
1319
1050
1044
1049
1041
21966
1046
1464
1061
1050
1044
1373
1061
1049
1058
9917
1934
36281
1032
1048
1044
1049
1044
1050
1046
4396
4146
1058
1032
1049
1045
1048
1044
1032
1050
1045
1048
1046
13336
1513
1032
1048
1046
77859
9578
1317
15504
2960
15786
1046
2837
13233
1032
1054
1046
9246
1681
1344
1045
73222
1317
1402
5257
1338
23692
1454
1032
1050
15786
1058
1436
1095
1048
1376
1032
1054
1046
13830
1046
3626
13284
1373
1094
1050
19197
1050
1078
1443
9828
1462
1049
1041
1454
1373
1061
1049
1044
1464
1061
1050
10177
1032
1049
19197
1052
1042
1049
1046
1053
1462
1049
8429
1054
1045
1049
1061
1053
1046
4493
13284
24372
1394
1319
1050
1044
1049
1577
3626
7377
1044
2948
9781
75924
1394
9655
1454
1424
15786
7867
1436
1095
1048
1376
1032
1050
1076
1443
11876
1046
2898
1424
1061
1050
1044
1455
1681
1032
1054
1046
4493
1693
13284
1486
1032
1050
1076
1443
11876
1044
1455
1681
1032
1054
1046
3626
1278
1373
1094
1050
19197
1050
1078
1443
9828
1462
1049
1041
10177
1032
1053
1046
4493
13162
1278
4352
13284
1395
2801
1338
12598
1681
2688
1319
1051
1044
1049
4244
1464
1061
1051
1044
1373
1061
1049
1046
9966
9655
13284
7867
1032
1049
1049
1046
1373
1094
1050
19197
1050
1078
1443
9828
1462
1049
1041
1454
1373
1061
1049
1044
1464
1061
1051
1058
1032
1049
19197
1054
98312
1095
1051
1462
1049
8429
1054
19197
1049
1043
1049
1047
1050
1043
1049
1047
1051
8537
1049
1061
1054
19197
1049
1049
1047
1054
8537
1049
1061
1049
1049
1045
1049
1061
1049
1048
1046
3626
1729
4884
1032
1049
1049
1046
4493
63365
1536
1032
1049
1338
33703
1278
13284
1395
1373
1094
1050
1364
1319
1050
1078
1443
9828
1462
1032
1049
1041
1867
4433
1063
3247
13162
1373
1094
1050
1364
1319
1050
1078
1443
9828
1462
1032
1049
1041
1867
1319
1077
1045
1049
7394
59574
2634
12598
1681
2951
2948
21564
4213
1877
1040
1049
1044
1049
4244
1032
1049
1010
1040
1049
1044
1050
4244
1032
1052
1010
1040
1050
1044
1049
4244
1032
1054
1010
1040
1050
1044
1050
4244
1032
1050
1048
1010
1040
1051
1044
1049
4244
1032
1049
1049
1010
1040
1049
1044
1051
4244
1032
1057
1319
1391
3549
1044
1809
1605
1294
2688
1456
1040
1049
1044
1050
1048
1048
1048
1048
1048
4244
1032
1055
1048
1050
1050
1053
1056
1056
1048
1319
4417
1456
1040
1049
1048
1048
1048
1048
1048
1044
1032
1057
1057
1057
1057
1057
4244
1032
1053
1053
1053
1057
1050
1056
1055
1055
1267
12082
1044
2549
2314
1319
1049
84592
1041
3549
1058
6878
1376
1373
1094
1050
1046
9966
13284
1373
1094
1050
19197
1050
1042
1049
98312
1095
1049
1462
1049
1041
1376
1373
1094
1050
19197
1050
1045
1049
8429
1077
1094
1050
1046
79472
1319
1049
84592
1041
3549
1338
4393
1319
1078
1044
1049
1041
9655
1058
6878
1376
1032
1050
1078
1443
9828
1046
9966
13284
1373
1094
1050
19197
1050
1078
1443
9828
1462
1049
1041
1454
1373
1061
1049
10177
1032
1050
1078
1443
9828
1462
1049
1044
1799
1395
2490
1536
1032
1049
1046
4493
13162
1278
4352
13284
1395
1373
1094
1050
1364
1319
1050
1078
1443
9828
1462
1032
1049
1041
1867
1319
1077
1045
1049
7394
59574
1063
3247
13162
1278
13284
1395
1373
1094
1050
1364
1319
1050
1078
1443
9828
1462
1032
1049
1041
1867
1032
1050
1078
19197
1077
1045
1049
36036
9246
1681
2688
1338
4393
1319
1050
1044
1049
4244
1373
1061
1049
1044
13284
1373
1094
1050
19197
1050
1078
1443
9828
1462
1049
1041
1867
1032
1050
1078
19197
1077
1045
1049
1041
1376
1032
1049
19197
1053
1041
1867
1032
1052
1042
1048
1376
1053
1044
1809
1729
2534
1032
1054
1046
4493
1605
1338
33703
6878
1376
1373
1094
1050
1364
1319
1050
1078
1443
9828
1462
1032
1049
1041
1867
1032
1050
1078
1063
2898
1319
1050
1044
1049
4244
1032
1053
1043
1052
1061
1057
1044
1836
1338
33703
6878
1376
1373
1094
1050
1364
1319
1050
1078
1443
9828
1462
1032
1049
1041
1867
1032
1050
1078
1042
1077
1063
2898
1319
1050
1044
1049
4244
1032
1053
1043
1052
1061
1057
1338
12598
1681
1344
11568
3288
9655
6878
1058
1032
1050
1078
1443
9828
1046
4493
1693
4352
13284
1394
1373
1061
1049
1395
1032
1050
1078
1443
9828
1046
2898
1373
1061
1050
1044
1464
1061
1050
1729
1736
1032
1050
1048
1046
1032
1050
1078
1443
9828
1376
1032
1049
1050
1046
4493
1032
1050
1048
1376
1032
1049
1050
1867
1032
1056
1046
1032
1056
1376
1032
1050
1094
1051
1063
1373
1094
1050
1063
1032
1052
1046
1032
1050
1078
1042
1077
1063
1032
1056
1046
4493
1032
1050
1048
1376
1032
1050
1078
1443
9828
1867
1373
1094
1050
1063
1032
1049
1050
1043
1052
1061
1049
1054
1044
1836
1046
1032
1050
1048
1376
1373
1094
1050
19197
1050
1078
1443
9828
1462
1049
1041
1867
1032
1050
1078
1063
1032
1052
19197
1053
15312
1052
1061
1050
1052
1046
3501
1338
33703
1278
13284
1395
1373
1094
1050
1364
1319
1050
1078
1443
9828
1462
1032
1049
1041
1867
1032
1050
1078
19197
1077
1045
1049
7394
1077
1063
2898
1319
1050
1044
1049
4244
1373
1061
1049
1044
10177
1032
1053
1867
1032
1048
1376
1053
1044
1836
1338
12598
1681
24002
1319
1051
1044
1049
1041
6878
1032
1049
1049
1046
1032
1050
1078
1443
9828
1376
1032
1049
1049
1046
4493
1394
1373
1061
1049
1044
6878
1376
1032
1050
1078
1443
9828
1046
2898
1373
1061
1050
1044
1464
1061
1050
6878
1032
1050
1048
1046
5675
2314
1464
1061
1049
1044
1373
1061
1050
1058
1032
1052
1046
1032
1050
1078
1443
9828
1376
1032
1050
1046
4493
1032
1052
1376
1032
1050
1042
1050
1063
49032
1032
1050
1042
1049
98312
1095
1049
1061
1050
1044
1809
6878
1395
1032
1052
1044
1799
1395
1373
1094
1050
1061
1052
1046
4493
1394
1464
1061
1049
1044
6878
1376
1373
1094
1050
1338
33703
1278
4352
13284
1395
1058
6878
1376
1373
1094
1050
1364
1319
1050
1078
1443
9828
1462
1032
1049
1041
1867
1032
1050
1078
1364
1319
1077
1045
1049
36036
9246
1681
2688
1877
1040
1049
1044
1049
4244
1032
1049
19197
1050
1045
1049
15312
1048
1061
1049
23313
1626
1040
1049
1044
1050
4244
1032
1052
19197
1050
1045
1049
15312
1048
1061
1052
23313
1626
1040
1050
1044
1049
4244
1032
1049
19197
1052
1042
1049
1046
1053
1045
1049
15312
1052
1042
1048
1376
1032
1053
1044
1809
1729
2534
1032
1054
1046
4493
24372
1319
1050
1044
1049
4342
1040
1051
1044
1049
4244
1032
1049
19197
1054
1042
1049
1049
1047
1054
1462
1049
15312
1054
1042
1048
1376
1032
1049
1049
1045
1049
1061
1049
1048
1044
2534
1032
1049
1049
1046
1439
4617
1626
1040
1050
1044
1050
4244
1032
1052
19197
1052
1042
1049
1046
1053
1462
1049
1041
1867
1032
1052
1042
1049
1376
1032
1052
1042
1053
1867
1052
1376
1032
1050
1052
1044
2534
1032
1050
1048
1046
1439
4617
1338
33703
13284
1058
6878
1376
1373
1094
1050
1364
1319
1050
1078
1443
9828
1462
1032
1049
1041
1867
1032
1050
1078
1364
1373
1063
1032
1010
1040
1050
1044
1049
4244
1032
1053
1867
1032
1052
1376
1057
1836
1338
33703
6878
1376
1373
1094
1050
1364
1319
1050
1078
1443
9828
1462
1032
1049
1041
1867
1032
1050
1078
1364
1443
6911
1063
5500
1338
12598
1681
42463
1278
6878
6432
2142
1394
1593
9917
54562
1338
4268
1736
1464
22344
1307
5592
1373
1562
8181
1032
1048
1046
1531
6974
7263
16896
1513
1032
1048
1046
2837
2933
6878
2142
1317
9206
1747
1464
1042
1077
1043
1049
36281
1338
4268
1710
3648
1307
1278
2832
1435
9775
1058
1531
7263
1258
2084
12864
15504
1747
36281
1046
12238
1278
9917
1395
44942
1044
1729
1710
2210
1278
1429
16509
2142
1307
1261
9917
1562
1261
8181
1034
13284
1294
6856
1307
8598
11343
4446
1046
3730
1681
1261
4629
2282
1058
2898
1261
9917
1044
1278
6878
6432
2142
10348
1562
1261
29268
1330
1395
1032
1010
1069
81995
1093
1376
4556
1746
1117
3942
1330
1125
1032
1050
1364
2517
14097
1044
1333
1041
1364
1319
1049
1987
4433
36036
5500
5257
1338
82053
1044
1729
1710
2210
1278
3121
1455
1278
6878
2782
1307
5213
1278
7263
1258
14075
1264
1420
10314
3066
6432
1710
1402
21564
1046
3626
13162
2156
1681
1261
39928
34307
1338
12598
1681
3369
1278
3468
1435
1278
2016
1307
35902
36281
1046
12238
1278
9917
1395
1464
22344
1044
1278
35902
36281
1408
2744
3549
2071
1261
23832
1046
1531
7263
1258
1681
3980
1710
1402
1513
2269
29268
1046
3886
1044
13162
1729
1710
3081
1455
1278
6878
7481
9578
1317
15504
1747
36281
14620
2342
1408
1278
3519
101195
35902
29268
1408
2744
3549
1321
1278
3519
3980
1044
1809
12494
2156
1681
1261
19175
122414
1455
13625
16646
1338
18661
5125
1058
1531
4127
4139
1402
1562
1261
4629
21448
1044
1321
1278
13284
4139
1402
4629
1046
9246
1681
6123
2036
6628
1394
1429
16655
1095
83013
1464
1373
81793
1032
1057
1057
1056
1050
1052
1052
1051
1053
1051
3871
1362
26938
1261
13968
2975
2455
4127
1429
50159
13920
1307
27170
13162
1032
1049
1055
1051
1050
1067
1063
3501
1046
3730
1681
1261
4127
1429
50159
41744
1034
1562
13968
2975
2455
18545
2569
6421
17048
1494
1681
1429
50159
41744
1034
1562
1261
8531
21448
1046
1531
9917
5194
1464
1042
1077
1043
1049
36281
1454
20978
1623
1321
6705
6534
9964
1044
1048
1041
1395
10693
1278
9917
1562
13968
2975
2455
4127
1032
1049
1055
1056
1055
1067
1063
3501
1338
12598
1681
3352
1317
42463
1278
6878
6432
2142
1394
1593
9917
2505
1278
2866
1307
1429
1104
8492
5213
1034
1321
1429
48693
1812
46975
1034
1454
6974
7263
1338
41101
1278
1464
22344
1046
1531
7263
1258
16896
1513
1032
1048
1046
1531
2158
5966
12481
1317
2269
3549
1681
2158
29268
1046
6830
1494
1710
6920
4837
1455
3549
1505
1850
1317
1032
1048
1046
1531
2832
1307
28308
1747
36281
1395
14259
1317
1058
2898
2744
3549
1044
1729
2534
1317
15504
1747
1373
36281
1046
1531
7263
1258
1710
1864
54621
1338
33703
1729
1710
2210
1278
125797
1307
45951
2136
20978
1063
1531
3788
2782
1307
9578
1395
1278
3788
2782
1307
10314
14075
2364
1046
11796
10314
14075
1279
1395
1261
6920
1046
1531
2832
30774
2200
1747
36281
35902
1046
2837
1710
24002
1278
6878
2782
1307
5213
2744
10314
1395
14075
1286
4570
6432
1338
4393
1261
9917
1044
2156
1681
1261
4629
13284
1058
1531
6878
6432
2142
10348
1562
8181
1395
1032
1010
1069
81995
1093
1376
4556
1746
1101
1125
1032
1050
1364
1434
13196
1364
1319
8332
1307
6709
28197
5500
5257
1338
18661
6674
1058
17048
1278
6878
2782
1307
10317
1395
10693
1373
1094
1050
1364
1319
1050
1078
1364
1443
9828
1462
1032
1049
1041
1867
1032
1050
1078
1364
1373
1364
1319
1077
1045
1049
12982
1050
1063
9246
1681
2688
1454
2948
2181
1338
4268
1736
4213
1877
1040
1049
1044
1049
4244
1032
1049
1010
1040
1049
1044
1050
4244
1032
1052
1010
1040
1050
1044
1049
4244
1032
1054
1010
1040
1050
1044
1050
4244
1032
1050
1048
1010
1040
1051
1044
1049
4244
1032
1049
1049
1267
12598
1681
24002
1373
1094
1050
19197
1050
1078
1443
9828
1462
1032
1049
1041
1394
2576
1877
1040
1049
1044
1049
4244
1032
1049
19197
1050
1045
1049
8429
1049
1010
1040
1049
1044
1050
4244
1032
1052
19197
1050
1045
1049
8429
1052
1010
1040
1050
1044
1049
4244
1032
1049
19197
1052
1042
1049
1046
1053
1462
1049
8429
1053
1010
1040
1050
1044
1050
4244
1032
1052
19197
1054
1045
1049
8429
1050
1048
4906
14175
11330
1040
1051
1044
1049
4244
1032
1049
19197
1054
1042
1049
1049
1047
1054
1462
1049
8429
1049
1048
1267
8032
1319
1049
1044
1049
62210
1049
1044
1050
62210
1050
1044
1050
1041
4395
1373
1094
1050
19197
1050
1078
1443
9828
1462
1049
1577
1319
1050
1044
1049
1041
1321
1319
1051
1044
1049
1041
1584
2490
1536
1032
1049
1058
2127
1584
1032
1054
8070
1032
1053
1044
1032
1049
1049
8070
1032
1049
1048
1046
4493
1278
13284
1373
1094
1050
19197
1050
1078
1443
9828
1462
1049
1041
10177
1032
1049
4289
2224
1278
7293
6878
1394
1373
1061
1049
5443
1454
1464
1062
1049
1046
2898
1373
1061
1049
1044
1278
6878
1395
1032
1050
1078
1443
9828
1046
1531
13284
10177
1032
1050
1078
1443
9828
1462
1032
1049
1046
4493
13162
1278
4352
13284
1395
1373
1094
1050
1364
1319
1050
1078
1443
9828
1462
1032
1049
1041
1867
1319
1077
3107
1049
3082
1032
1049
1737
1032
1048
36036
3626
1455
1681
1605
1261
4249
13284
1338
33703
1278
13284
1395
1373
1094
1050
1364
1319
1050
1078
1443
9828
1462
1032
1049
1041
1867
1032
1050
1078
1364
1319
1077
1045
1049
36036
9246
1681
2688
1877
1040
1049
1044
1049
4244
1032
1049
1867
1032
1048
1376
1049
23313
1626
1040
1049
1044
1050
4244
1032
1052
1867
1032
1048
1376
1052
23313
1626
1040
1050
1044
1049
4244
1032
1053
1867
1032
1052
1042
1048
1376
1053
1044
2534
1032
1054
1046
1439
4617
1626
1040
1051
1044
1049
4244
1032
1049
1048
1867
1032
1054
1042
1048
1376
1049
1048
1044
2534
1032
1049
1049
1046
1439
4617
1626
1040
1050
1044
1050
4244
1032
1050
1048
1867
1032
1052
1042
1049
1376
1050
1052
1044
2534
1032
1050
1048
1046
1439
4617
1338
7493
2314
1373
1094
1050
1364
1319
1050
1078
1443
9828
1462
1032
1049
1041
1867
1032
1050
1078
1364
1373
1063
1032
1010
1040
1050
1044
1049
4244
1032
1053
1043
1052
1061
1057
1836
1338
7493
2314
1373
1094
1050
1364
1319
1050
1078
1443
9828
1462
1032
1049
1041
1867
1032
1050
1078
1364
1319
1077
12729
1032
1050
36036
1032
1010
1040
1050
1044
1049
4244
1032
1053
1867
1032
1050
1042
1049
1042
1048
1061
1053
1836
1338
33703
1278
13284
1395
1373
1094
1050
1364
1319
1050
1078
1443
9828
1462
1032
1049
1041
1867
1032
1050
1078
1364
1319
1077
1045
1049
1041
1364
1373
1987
1032
1050
1063
1032
1010
1040
1050
1044
1049
4244
1032
1053
1867
1032
1052
1042
1048
1376
1053
1836
1338
12598
1681
1344
11568
14176
1319
1050
1044
1049
1041
6878
1032
1054
1046
13465
1454
1032
1050
15786
6878
1032
1054
1046
9966
9655
13284
1032
1050
1078
1443
9828
10177
1032
1054
1046
4493
1394
1373
1061
1049
1044
6878
1376
1032
1050
1078
1443
9828
1046
2898
1373
1062
1049
1044
13162
6878
1376
1373
1094
1050
1364
1319
1050
1078
1443
9828
1462
1032
1049
1041
1867
1032
1050
1078
1063
9246
1681
2688
1877
1040
1050
1044
1049
4244
1373
1061
1049
4906
1032
1049
19197
1053
1041
1867
1032
1052
1376
1057
1836
1626
1040
1050
1044
1050
4244
1373
1061
1050
4906
1032
1052
1042
1053
1867
1032
1052
1376
1050
1052
1836
1338
33703
6878
1376
1373
1094
1050
1364
1319
1050
1078
1443
9828
1462
1032
1049
1041
1867
1032
1050
1078
1364
1373
1364
1319
1077
1045
1049
12982
1050
1063
1032
1010
1040
1050
1044
1049
4244
1032
1053
1867
1032
1052
1042
1049
1042
1048
1047
1050
1061
1053
1836
1338
7493
1693
1278
13284
1395
1373
1094
1050
1364
1319
1050
1078
1443
9828
1462
1032
1049
1041
1867
1032
1050
1078
1364
1443
6911
1063
1032
1010
1040
1050
1044
1049
4244
1032
1053
1867
1032
1052
98312
1095
1049
1061
1053
1043
1052
1061
1057
1836
1338
33703
1278
13284
1395
1373
1094
1050
1364
1319
1050
1078
1443
9828
1462
1032
1049
1041
1867
1032
1050
1078
1364
1319
1077
1045
1049
1041
1364
4433
2849
1338
12598
1681
24002
1319
1078
84592
1041
6878
4213
1562
4629
3657
1505
1536
93371
34307
1338
4268
1710
3352
1317
2016
2015
1261
34307
1394
1278
6878
6432
2142
10348
1562
8181
1454
3468
1307
35902
129787
1046
3626
13162
2156
1681
1261
39928
3039
1058
1531
4127
4139
1736
1261
4629
4832
1058
6878
10317
1376
1373
1094
1050
1364
1319
1050
1078
1364
1443
9828
1462
1032
1049
1041
1867
1032
1050
1078
1364
1373
1364
1319
1077
1045
1049
1041
1987
1032
1050
1063
3501
1338
12598
1681
2688
1319
1049
1044
1050
1048
1048
1048
1048
1048
1041
1376
1032
1055
1048
1050
1050
1053
1056
1056
1048
1046
3367
13284
1722
1373
1094
1050
1364
1319
1050
1078
1443
9828
1462
1032
1049
1574
1454
1464
1061
1049
1044
1373
1061
1050
1048
1048
1048
1048
1048
1058
1373
1094
1050
1376
1032
1052
1101
1049
1048
1044
1032
1050
1078
1443
9828
1462
1049
1376
1032
1049
1044
1878
6878
1376
1032
1052
1101
1049
1048
2005
1032
1057
1057
1056
1050
1052
1052
1051
1053
1051
1046
9246
1681
24002
1032
1052
1101
1049
1048
2005
1032
1057
1057
1056
1050
1052
1052
1051
1053
1051
1046
1032
1057
1057
1056
1050
1052
1052
1051
1053
1051
1395
2314
1032
1049
1101
1057
1046
1032
1052
1101
1049
1048
1987
1032
1049
1101
1057
1376
1032
1052
1048
1046
1032
1052
1101
1049
1048
2005
1032
1057
1057
1056
1050
1052
1052
1051
1053
1051
1376
1032
1052
1101
1049
1048
1462
1032
1052
1048
1042
1057
1057
1056
1050
1052
1052
1051
1053
1051
1376
1032
1052
1048
1048
1048
1048
1048
1048
1048
1048
1048
1048
1462
1032
1051
1057
1057
1050
1057
1055
1055
1052
1049
1050
1048
1376
1032
1055
1048
1050
1050
1053
1056
1056
1048
1046
3203
70304
1033
1032
1052
1048
1042
1057
1057
1056
1050
1052
1052
1051
1053
1051
1376
1032
1051
1057
1057
1050
1057
1055
1055
1052
1049
1050
1048
1046
1032
1052
1048
1048
1048
1048
1048
1048
1048
1048
1048
1048
1462
1032
1051
1057
1057
1050
1057
1055
1055
1052
1049
1050
1048
1376
1032
1055
1048
1050
1050
1053
1056
1056
1048
1046
13830
1033
4493
1319
1049
1044
1050
1048
1048
1048
1048
1048
1041
14175
1373
1094
1050
1364
1319
1050
1078
1443
9828
1462
1032
1049
1041
1454
1464
1061
1049
1044
1373
1061
1050
1048
1048
1048
1048
1048
1338
12082
2688
1319
1049
1048
1048
1048
1048
1048
1044
1032
1057
1057
1057
1057
1057
1041
1376
1032
1053
1053
1053
1057
1050
1056
1055
1055
1046
3367
13284
1373
1094
1050
19197
1050
1078
1443
9828
1462
1049
1041
1454
1464
1061
1049
1048
1048
1048
1048
1048
1044
1373
1061
1057
1057
1057
1057
1057
1046
5646
2168
1402
17183
1046
3626
13162
1494
14175
1063
9246
1681
4206
1693
1278
13284
1373
1094
1050
19197
1050
1078
1443
9828
1462
1049
1041
2005
70914
10177
1032
1053
1053
1053
1057
1050
1056
1055
1055
1046
2837
1710
2405
24002
10421
23898
1044
1809
1494
1681
54237
1338
12082
2688
1319
1050
1044
1050
8429
1050
1048
14175
1373
1094
1050
19197
1050
1078
1443
9828
1462
1049
1041
1454
1464
1061
1050
1044
1373
1061
1050
1058
1032
1052
19197
1052
98312
1095
1050
1462
1049
8429
1052
19197
1054
1045
1049
8429
1050
1048
1338
4922
1319
1049
1050
1051
1052
1053
1054
1044
1032
1049
1056
1053
1049
1056
1053
1041
1376
1032
1054
1057
1050
1057
1050
1057
1049
1052
1046
3367
13284
1373
1094
1050
19197
1050
1078
1443
9828
1462
1049
1041
14175
1063
62178
1338
4922
1319
1049
1056
1056
1057
1049
1048
1044
1032
1049
1055
1048
1056
1056
1051
1041
1376
1032
1051
1051
1054
1054
1055
1057
1051
1053
1050
1338
4922
1319
1049
1052
1053
1053
1057
1044
1032
1052
1053
1048
1052
1057
1041
1376
1032
1054
1056
1048
1052
1051
1051
1049
1049
1057
1338
4922
1319
1050
1056
1054
1054
1044
1032
1049
1052
1053
1052
1056
1041
1376
1032
1050
1057
1049
1053
1051
1055
1049
1057
1055
1338
4922
1319
1050
1057
1044
1032
1051
1057
1041
1376
1032
1052
1050
1057
1056
1051
1051
1055
1052
1050
1338
4922
1319
1051
1049
1044
1032
1050
1048
1041
1376
1032
1053
1054
1048
1051
1056
1050
1053
1051
1052
1338
4922
1319
1052
1057
1044
1032
1049
1051
1041
1376
1032
1056
1048
1057
1055
1057
1051
1055
1048
1050
1338
4922
1319
1055
1044
1032
1050
1041
1376
1032
1053
1057
1056
1057
1052
1054
1055
1053
1051
1338
4922
1319
1049
1056
1051
1052
1052
1055
1044
1032
1049
1054
1056
1053
1057
1057
1041
1376
1032
1049
1049
1057
1053
1048
1050
1056
1048
1338
4922
1319
1052
1051
1044
1032
1052
1053
1041
1376
1032
1050
1048
1052
1048
1053
1054
1053
1057
1052
1338
4922
1319
1052
1051
1051
1053
1049
1044
1032
1050
1054
1055
1050
1050
1041
1376
1032
1056
1052
1051
1053
1055
1050
1051
1055
1338
4922
1319
1049
1056
1052
1053
1048
1055
1044
1032
1049
1057
1051
1055
1053
1048
1041
1376
1032
1053
1048
1048
1050
1055
1053
1054
1054
1055
1338
4922
1319
1049
1051
1048
1054
1057
1044
1032
1050
1056
1050
1053
1052
1041
1376
1032
1052
1051
1057
1057
1051
1048
1050
1048
1051
1338
4922
1319
1052
1053
1044
1032
1051
1057
1041
1376
1032
1056
1056
1052
1053
1048
1048
1054
1056
1051
1338
4922
1319
1049
1056
1056
1055
1052
1056
1044
1032
1049
1054
1056
1053
1049
1056
1041
1376
1032
1050
1056
1052
1057
1048
1057
1053
1050
1049
1338
4922
1319
1050
1055
1054
1052
1044
1032
1050
1051
1048
1053
1050
1041
1376
1032
1050
1051
1048
1051
1056
1056
1049
1048
1338
4922
1319
1052
1052
1044
1032
1050
1048
1041
1376
1032
1051
1055
1054
1056
1053
1057
1056
1051
1051
1338
4922
1319
1057
1057
1057
1057
1057
1044
1032
1049
1048
1048
1048
1048
1048
1041
1376
1032
1057
1048
1051
1057
1052
1053
1055
1051
1055
1338
4922
1319
1050
1048
1044
1032
1049
1050
1041
1376
1032
1053
1055
1054
1049
1056
1050
1052
1049
1048
1338
4922
1319
1052
1048
1044
1032
1057
1041
1376
1032
1049
1055
1050
1051
1049
1051
1053
1055
1051
1338
4922
1319
1049
1057
1048
1055
1053
1049
1044
1032
1049
1053
1057
1051
1053
1057
1041
1376
1032
1055
1050
1056
1050
1048
1048
1056
1055
1053
1338
4922
1319
1052
1053
1044
1032
1050
1052
1041
1376
1032
1057
1057
1048
1054
1049
1048
1052
1053
1053
1338
4922
1319
1049
1044
1032
1050
1048
1048
1048
1048
1048
1041
1376
1032
1055
1048
1050
1050
1053
1056
1056
1048
1319
112475
26279
2519
4922
1319
1049
1056
1051
1056
1050
1052
1044
1032
1049
1055
1053
1051
1048
1048
1041
1376
1032
1052
1050
1052
1055
1048
1054
1056
1051
1056
1338
4922
1319
1049
1044
1032
1049
1041
1376
1032
1049
1338
4922
1319
1056
1057
1050
1054
1044
1032
1049
1055
1049
1050
1049
1041
1376
1032
1049
1048
1050
1049
1053
1050
1055
1051
1056
1338
4922
1319
1051
1054
1044
1032
1049
1057
1041
1376
1032
1049
1054
1054
1055
1048
1049
1054
1049
1055
1338
4922
1319
1050
1051
1044
1032
1050
1041
1376
1032
1051
1056
1050
1056
1056
1048
1050
1055
1057
1338
4922
1319
1051
1056
1044
1032
1049
1048
1041
1376
1032
1053
1051
1056
1054
1051
1053
1056
1057
1053
1338
4922
1319
1049
1048
1048
1048
1048
1048
1044
1032
1057
1057
1057
1057
1057
1041
1376
1032
1053
1053
1053
1057
1050
1056
1055
1055
1338
4922
1319
1049
1052
1044
1032
1051
1056
1041
1376
1032
1055
1052
1050
1049
1048
1052
1048
1051
1049
1338
4922
1319
1051
1056
1044
1032
1053
1041
1376
1032
1051
1056
1052
1050
1050
1048
1048
1054
1050
1338
4922
1319
1049
1056
1054
1054
1050
1051
1044
1032
1049
1055
1049
1051
1054
1055
1041
1376
1032
1049
1050
1053
1052
1050
1053
1051
1055
1338
4922
1319
1049
1055
1050
1048
1056
1055
1044
1032
1049
1055
1050
1048
1057
1050
1041
1376
1032
1050
1048
1048
1056
1053
1056
1053
1049
1052
1338
4922
1319
1049
1051
1052
1055
1056
1044
1032
1051
1048
1048
1050
1052
1041
1376
1032
1051
1049
1052
1056
1057
1056
1057
1057
1049
1338
4922
1319
1051
1051
1044
1032
1049
1053
1041
1376
1032
1052
1050
1050
1048
1057
1051
1057
1049
1050
1338
4922
1319
1052
1054
1044
1032
1051
1052
1041
1376
1032
1056
1056
1051
1051
1055
1055
1049
1056
1052
1338
4922
1319
1055
1044
1032
1049
1057
1041
1376
1032
1056
1057
1056
1052
1051
1050
1054
1054
1049
1338
4922
1319
1049
1050
1044
1032
1051
1048
1041
1376
1032
1049
1057
1052
1053
1050
1057
1051
1049
1053
1338
4668
2576
9458
4139
4395
1278
13284
2000
1077
1094
1050
1364
1319
1050
1078
1364
1443
9828
1462
1032
1049
1041
2005
1032
1057
1057
1056
1050
1052
1052
1051
1053
1051
7273
2478
2000
1072
9828
1376
4556
1746
1105
1061
1049
29009
1078
1032
1049
43223
2005
70914
9816
3060
1278
81681
2688
2000
1099
52143
1040
1049
1044
1050
1041
2351
1032
1048
1096
1395
6906
1261
96948
1294
1278
4127
10674
1044
1809
2948
9781
3475
8583
1032
1052
1394
1319
1049
1044
1050
1041
1799
14175
1278
2158
57500
2000
1099
52143
1040
1049
1044
1050
1041
2351
1032
1052
9816
1531
2667
57500
2000
1099
52143
1040
1049
1044
1050
1041
2351
1032
1048
1096
1395
1278
1925
1455
9700
1046
3626
1693
1278
13284
1395
2000
1077
1094
1050
19197
1050
1078
98312
9828
1462
1049
88404
2430
1394
1464
1061
1049
1044
1373
1061
1050
1729
2012
1032
1052
1046
4493
1278
2158
57500
22405
1044
1278
2667
24372
1046
9748
1278
4127
8223
1429
24151
16424
70914
84674
14671
48761
1083
1897
1809
1278
2688
1934
1261
81681
57500
1044
13162
1278
13650
2688
1880
2000
1099
52143
1040
1050
1044
1049
1041
2351
1032
1048
1096
1505
4433
1044
1809
1729
1736
1317
9626
1454
1278
4265
9458
1046
3886
1044
1278
3880
5117
8223
1058
1429
16994
4607
6983
9700
1278
9458
1046
9380
1681
1278
3880
1058
6421
6852
15605
1040
1049
1044
1032
1050
1041
2351
1032
1048
3871
2409
4938
1278
2663
10467
2948
3475
3675
1278
9458
1321
1278
2667
57500
9700
1046
1531
2158
57500
2000
1099
52143
1040
1049
1044
1050
1041
2351
1032
1052
1096
4016
1736
9852
1046
4493
2948
3475
8583
1032
1052
1394
1319
1049
1044
1050
1577
3870
2764
1278
2688
1435
4265
1044
1729
2534
1317
2095
2764
1278
2667
57500
2000
1099
52143
1040
1049
1044
1050
1041
2351
1032
1048
9816
3626
1455
1681
16501
1454
1261
13173
2254
19566
1261
4249
15748
1394
1319
1049
1044
1050
1577
62079
1278
2254
1395
8807
1317
1736
3468
1044
1505
1278
2688
1395
3160
1294
1261
4811
3542
2478
1278
2158
3690
5266
3468
1063
3626
1278
2688
2254
2000
6390
1096
2586
13193
2000
1099
52143
1040
1049
1044
1050
17783
15449
1046
3367
2948
2254
10721
1032
1052
2960
5213
1044
2158
22405
1044
2667
24372
1046
3367
1494
10721
1032
1048
2960
5213
1044
2158
24372
1044
2667
22405
1046
3367
1494
10721
1032
1052
2158
2142
1321
1032
1048
2667
2142
1044
2960
2764
1046
25298
1729
5687
1278
2254
1317
1850
1032
1052
1408
1278
2158
3690
1321
1032
1048
1408
1278
2667
3690
1536
2505
1261
7783
9325
1063
1531
4127
8223
1429
6949
5687
1278
2254
5055
3871
2157
6354
2405
24215
32764
1327
3468
1044
1809
12837
1294
2516
15048
1044
1278
2254
1395
13173
1046
3886
1044
4265
1278
81681
2688
1044
13162
1278
13650
5097
1395
1317
1850
1032
1052
1394
1319
1049
1044
1050
1041
1321
1278
2667
57500
1395
1261
27223
1294
1278
4127
6360
5662
1317
1650
1044
1809
1278
7293
2688
9962
4139
1736
2151
9247
1063
1531
2663
3880
8223
2948
3475
9700
1278
9458
1046
2837
2534
1317
9470
3475
1455
22405
1278
9458
1435
2127
1584
1294
1278
2663
1046
3367
1278
2663
1681
2688
9962
1934
2000
8723
15605
1040
1049
1044
1050
1041
2351
1032
1048
1096
1321
2095
2000
8723
15605
1040
1049
1044
1050
1041
2351
1032
1052
7273
2430
1836
13173
2254
1710
2764
2960
1046
3626
13162
1278
2663
1681
2688
7442
1934
2000
8723
15605
1040
1050
1044
1049
1041
2351
1032
1048
1096
1321
1278
3403
1729
3219
1395
1261
15661
3880
1063
1531
16925
8223
1058
1429
11745
1681
1278
3880
1058
6421
6852
15605
1040
1049
1044
1032
1050
1041
2351
1032
1048
3871
4493
1278
2663
21752
1934
1455
57500
1046
17048
1278
2254
2000
16655
1095
83013
1096
1395
15654
1317
1850
1278
6878
2782
1307
10317
81793
1032
1057
1057
1056
1050
1052
1052
1051
1053
1051
1044
1321
1278
2688
2000
1099
52143
1040
1049
1044
1050
1041
2351
1032
1048
1096
1395
7442
24124
81793
1032
1057
1057
1056
1050
1052
1052
1051
1053
1051
1307
1032
1048
1063
3626
1032
1052
2005
70914
1395
1032
1052
1044
1605
1032
1048
1046
4493
1494
1681
1261
2801
6878
2632
1338
28191
1044
2481
1494
1402
1455
1278
2254
21734
1395
2000
16655
1095
83013
14299
1044
1464
17783
1321
1278
2688
13193
2000
1099
52143
1040
1049
1044
1050
17783
10138
1373
1061
1049
1044
1464
1061
1050
1063
6830
2948
9781
13284
1454
1464
1321
1373
130972
4139
5628
1032
1048
1063
9246
1681
2688
1058
3367
2254
1395
2000
16655
1095
83013
14299
1044
1464
88404
2430
2000
1099
52143
1040
1049
1044
1050
17783
13193
1454
1373
1061
1049
1044
1464
1061
1050
1046
9966
13284
2000
1077
1094
1050
19197
1050
1078
98312
9828
1462
1049
17783
2168
1402
2000
1049
1094
1050
19197
1050
1042
1050
98312
1095
1050
1462
1049
1041
1376
1032
1052
1042
1049
1046
1053
1462
1049
1376
1032
1053
9816
5500
1032
1048
1046
3367
13284
1722
2801
1044
13162
1063
3626
1278
8953
3607
8223
2000
16655
1095
83013
25886
1058
1935
1044
1373
1058
1935
94799
1531
11277
1294
8953
3607
2000
16655
1095
83013
1040
1050
1044
1050
61825
1050
1048
1096
1321
2000
16655
1095
83013
1040
1049
1050
1051
1052
1053
1054
1044
1032
1049
1056
1053
1049
1056
1053
1041
1032
1054
1057
1050
1057
1050
1057
1049
1052
1096
1584
12714
1454
2948
13284
2505
1464
2158
1044
1373
2667
1046
4493
1278
2254
9368
1464
2430
1373
1338
36296
1278
53527
5316
1044
13162
1278
2667
57500
2000
1099
52143
1040
1049
1044
1050
1041
2351
1032
1048
1096
1395
7442
2000
1099
52143
1040
1050
1044
1049
1041
2351
1032
1048
1096
1809
1278
16925
1934
1261
96948
1046
3886
1044
1278
2663
3880
1395
1562
7523
2948
3475
1046
3367
1729
4848
3475
1455
10721
1032
1052
1394
1319
1049
1044
1050
1574
1278
2663
2084
7195
1408
1455
2688
1046
3367
1729
4848
3475
1455
10721
1032
1048
1394
1319
1049
1044
1050
1574
1494
2084
7195
1408
1278
2158
57500
2000
1099
52143
1040
1049
1044
1050
1041
2351
1032
1052
9816
2837
2534
1317
3081
1261
3039
1317
2764
2960
1046
17048
1278
2254
1395
8807
1317
1736
1261
7783
7078
1455
32244
2013
1063
3626
1278
4127
8223
1429
24151
16424
70914
84674
14671
48761
1083
2613
2157
6354
2405
4150
1729
1710
2405
2229
3468
1046
3626
12837
1294
2516
27815
19466
15048
1044
1278
2254
1395
13173
1321
1278
9458
1584
12714
1046
1531
7361
1307
2295
81681
109595
1394
1278
2879
4292
1395
6906
1261
9441
4595
9504
3880
1294
1278
4127
10674
4265
1317
1650
1046
1531
2663
4139
1736
1261
9247
2688
9962
2478
1925
1307
2424
1395
2801
1044
1809
1278
3880
1729
3219
1395
1562
1278
5662
2688
4950
1046
17048
1278
7293
2688
4950
1294
1278
2663
1934
2000
1099
52143
1040
1050
1044
1049
1041
2351
1032
1048
1096
6302
1307
1278
2667
2000
1099
52143
1040
1049
1044
1050
1041
2351
1032
1048
9816
3626
1278
3880
19087
6122
2000
8723
15605
1040
1049
1044
1032
1050
1041
2351
1032
1048
9816
4493
1278
2663
21752
1934
1455
1338
12598
1681
1344
41412
1278
3880
1058
1429
16994
4607
6983
9700
1278
9458
1046
9380
1681
1278
3880
1058
8933
92367
76219
1098
1090
2343
1070
5095
1081
8261
1897
3110
1032
1051
1051
1044
1294
4206
6852
15605
1040
1049
1044
1032
1050
1041
2351
1032
1048
3871
12343
1032
1051
1051
1395
1278
2667
57500
1046
1531
2158
57500
2000
1099
52143
1040
1049
1044
1032
1050
1041
2351
1032
1052
1096
1395
9781
1044
3110
13162
1032
1050
1057
1063
2157
9852
1046
4493
2948
3475
8583
1032
1052
1394
1319
1049
1044
1050
1577
1531
2663
64629
1032
1048
1394
1278
2667
1046
4493
1317
2764
1044
1729
4016
1850
1032
1048
1394
1319
1049
1044
1050
1041
1408
1278
2667
3690
1044
1809
1032
1052
1408
1278
2158
1063
5646
1681
1605
4171
1454
1261
4236
17531
2254
1046
62079
1278
2254
1681
1850
2632
14620
1408
1278
3542
1307
4607
2688
13193
1063
1531
2688
2254
2000
6390
1096
13193
3325
109595
1046
17048
1278
2254
1395
15654
1317
1402
4418
1294
1261
4811
3542
1044
1321
1278
2158
2000
1099
52143
1040
1049
1044
1050
17783
1395
1278
1032
1053
1411
3690
1044
1278
2667
1395
1278
1032
1054
1411
3690
1046
3367
2948
2254
8942
1261
7783
9325
1455
91094
1044
1321
10721
1032
1052
1394
1278
2158
2142
1494
1681
4418
1454
1319
1049
1044
1050
1041
1321
1032
1048
1278
2667
2142
1044
1455
2168
2764
2960
1046
3626
1395
1455
1429
6949
5687
1278
2254
5055
69235
1531
6360
6354
2405
7693
3468
1046
3886
1044
3325
13968
2975
2455
7638
1454
2516
2688
16144
10463
1736
1261
1429
6390
1034
2254
1455
9458
6245
5443
1044
1321
10463
2156
1584
28767
1505
96948
109595
1044
1809
1278
7293
2688
9962
4139
1402
2801
1046
23627
1455
1593
1395
1420
26554
7716
6255
1044
13162
1729
1584
6878
1317
4848
1278
13284
1455
14175
1278
11774
1307
9458
1044
1321
1278
81681
57500
1395
1261
4629
6769
1455
1729
2715
21965
1505
1278
2663
2084
7782
1063
3626
1278
19929
8223
1058
1429
2892
75956
1419
1044
1593
1395
2143
6255
1058
18228
1278
3629
2254
21734
1321
8953
3607
1044
10886
5687
1278
2254
5055
1321
2764
1747
1278
9458
1046
1603
24151
16424
70914
84674
14671
48761
1083
11621
1034
4493
1729
4016
2764
1747
9458
1435
4265
1338
33703
1278
2254
2000
16655
1095
83013
1096
1395
15654
1317
1850
1278
6878
2782
1307
10317
81793
1032
1057
1057
1056
1050
1052
1052
1051
1053
1051
1044
1321
1278
2688
2000
1099
52143
1040
1049
1044
1050
1041
2351
1032
1048
1096
1395
7442
6298
1693
1729
3369
81793
1032
1057
1057
1056
1050
1052
1052
1051
1053
1051
1307
2269
2147
2632
1063
3501
1044
1278
57500
59550
1278
1850
2632
7655
1317
1032
1048
1338
28191
1033
17048
1278
2254
10721
1278
6878
2782
1307
10317
1044
1809
1278
81793
1395
7960
2453
1063
1531
8953
3607
1058
1429
56691
1058
1531
6878
2782
1307
10317
81793
1032
1057
1057
1056
1050
1052
1052
1051
1053
1051
3871
4493
1278
1850
2632
1395
5314
81793
1046
1531
109595
14068
1278
1850
2632
1319
1271
15748
81793
1032
1057
1057
1056
1050
1052
1052
1051
1053
1051
1041
1317
1032
1052
1321
1032
1048
1046
4493
2127
1584
2801
38801
1338
61598
1278
2688
4950
1934
1261
96948
1321
1278
2667
2000
1099
52143
1040
1049
1044
1050
1041
2351
1032
1048
1096
2715
1402
2000
1099
52143
1040
1050
1044
1049
1041
2351
1032
1048
69524
3626
1729
1710
2405
4036
1494
1046
3886
1044
13162
2948
13284
2000
1077
1094
1050
19197
1050
1078
98312
9828
1462
1049
17783
10177
1032
1048
1394
1319
1049
1044
1050
1041
81793
1032
1057
1057
1056
1050
1052
1052
1051
1053
1051
1063
3501
1044
1494
10177
1032
1052
1338
12598
1681
4206
1693
2156
1681
2258
2147
13284
1455
10177
1032
1048
1394
1319
1049
1044
1050
1041
1321
2095
1032
1052
1394
1319
1049
1044
1050
36036
120863
1338
33703
1278
2254
1395
2000
16655
1095
83013
25886
1044
1373
17783
1321
1278
2688
2000
1099
52143
1040
1049
1044
1050
1041
2351
1032
1048
1096
1395
7442
2000
1099
52143
1040
1049
1044
1032
1050
1041
2351
1032
1048
1096
3147
1278
6878
2632
1394
1319
1049
1044
1050
1041
1395
1032
1048
81793
1032
1057
1057
1056
1050
1052
1052
1051
1053
1051
1063
3626
1032
1052
2005
1032
1057
1057
1056
1050
1052
1052
1051
1053
1051
1395
1032
1052
1044
1605
1032
1048
1046
62079
1278
6878
2632
1395
1261
15298
1455
81793
1032
1057
1057
1056
1050
1052
1052
1051
1053
1051
11006
1032
1048
1063
3626
1278
2158
57500
8223
1032
1052
1338
36296
1278
27094
1044
12494
1278
13650
5097
1395
1317
4848
1278
13284
2000
1077
1094
1050
1364
1319
1050
1364
1464
1364
1443
9828
1462
1032
1049
1041
2545
70914
7273
1321
1278
81681
2688
1395
1261
27223
1294
1278
4127
10674
1455
1729
2715
2136
22406
1044
1505
1278
2663
1681
7293
2688
9962
1934
2000
1099
52143
1040
1050
1044
1049
1041
2351
1032
1048
1096
6302
1046
3626
1278
3880
1729
6307
1395
1562
1278
2663
7523
2948
3475
3675
1278
5662
2688
4950
1046
3367
1729
4848
1278
13284
1044
1278
2663
2084
7195
1408
1278
2667
57500
1046
2837
2534
1317
16859
2549
1317
1653
1338
33703
1729
1710
3180
1278
2254
1850
1032
1052
1394
1319
1049
1044
1050
1041
1321
2095
1032
1048
1394
1319
1049
1044
1050
1041
1536
2505
1261
7783
7078
1455
20364
1693
1494
1681
1278
2158
3690
1063
3626
1278
2688
2254
2000
6390
1096
13193
2000
1099
52143
1040
1049
1044
1050
17783
15449
1046
3367
1729
2210
1261
7783
9325
1044
1729
1710
1850
1032
1052
1408
1278
2158
3690
1321
1032
1048
1408
1278
2667
1046
3626
1395
1455
8807
1063
1531
4127
8223
1429
6949
5687
1278
2254
5055
3871
2157
6354
2405
4150
1494
1710
2405
1736
4258
5598
1046
3886
1044
12837
1294
2516
15048
1044
1278
2254
1395
13173
1046
3626
13162
1278
4127
64629
1650
1317
15803
1278
96948
1321
4848
1278
13284
1455
14175
1278
11774
1044
1321
1278
2663
2084
6124
1494
3147
1278
2688
4950
4139
1402
2801
1063
1531
16925
8223
1058
1429
16994
4607
6983
9700
1278
9458
1046
9380
1681
1278
3880
1058
6421
6852
15605
1040
1049
1044
1032
1050
1041
2351
1032
1048
3871
2409
24277
2948
4607
3475
1319
11018
8583
1032
1052
1394
1319
1049
1044
1050
2798
9700
1046
3367
1729
4036
2948
3475
1317
1850
1032
1048
1394
1319
1049
1044
1050
1574
1494
2084
7195
1278
2158
57500
1046
4493
1729
2534
1261
3475
1455
22405
2960
1046
17048
1729
1710
4848
1261
2254
1455
10721
2000
1077
1094
1050
1364
1319
1050
107066
98312
9828
1462
1032
1049
1041
2545
70914
1096
1809
1454
1261
6061
2937
1394
1319
1049
1044
1050
1041
19566
1032
1048
1063
3626
2430
1278
2158
57500
2000
1099
52143
1040
1049
1044
1050
1041
2351
1032
1052
1096
2168
7195
1046
62079
1729
1850
1032
1052
1394
1278
2158
3690
1321
1032
1048
1394
1278
2667
1536
2505
1261
12585
1046
9246
1681
3648
1058
1531
2688
2254
2000
6390
1096
1395
4265
1046
2837
1710
7418
2948
3475
1454
1261
7783
7078
2000
11517
1096
1455
32244
2013
1046
3626
1278
4127
8223
1429
24151
16424
70914
84674
14671
48761
1083
2613
2157
6354
2405
32764
1327
51106
1278
2254
11708
1317
1736
3468
1046
3626
1395
1455
1429
6949
5687
1278
2254
5055
69235
1531
2254
6360
1395
30622
1059
12327
3468
1395
1605
5055
1046
3886
1044
13162
1278
4127
1395
1562
1261
10393
2478
1278
2254
1395
4418
6245
5213
1321
1278
6878
2632
5266
1063
2159
26724
1338
12598
1681
6123
1394
1593
4127
9495
1294
2036
7807
4469
1046
1362
26938
1261
13968
2975
2455
4127
1429
50159
13920
1307
41744
1034
13162
1562
1261
8531
6509
1046
1531
9917
5194
1464
1042
1077
1043
1049
36281
1454
20978
1623
1321
6705
6534
9964
1044
1048
1041
1395
1562
13968
2975
2455
4127
1032
1049
1055
1056
1055
1067
1063
3501
1044
1032
1049
1055
1056
1055
1395
1429
2763
39470
3871
17048
1494
1681
1562
1261
2081
8531
21448
1046
1531
50844
1032
1057
1057
1056
1050
1052
1052
1051
1053
1051
1395
4878
1046
1531
6878
10317
4139
1402
2000
1077
1364
1373
2545
70914
1364
7840
1050
1364
1464
1364
4556
1746
1105
1061
1049
29009
1078
7834
6534
1044
70914
1045
1050
1044
70914
1041
1462
1032
1049
1041
2545
70914
1041
2545
70914
9816
1362
6483
5753
1261
4127
2478
1278
4832
1395
10693
1455
1046
3060
1278
2688
5443
4626
3325
1046
1531
81681
2000
1099
52143
1040
1049
1044
1050
1041
2351
1032
1048
1096
4139
1402
1261
96948
1294
1278
4127
10674
5662
3226
1044
1809
1278
7293
2688
9962
1408
13968
2975
2455
4139
1736
2000
1099
52143
1040
1050
1044
1049
1041
2351
1032
1048
1096
1505
4433
1046
3626
2948
6255
1395
1317
2764
1278
9458
1435
4265
1294
1278
16925
1046
1531
16925
6987
1455
2688
4950
1046
3367
1729
4848
1278
13284
1044
1278
2663
2084
7195
1408
1455
2688
1046
3626
13162
1278
2663
1681
2688
4950
1395
2801
1562
1278
1925
129201
1063
1531
3880
8223
1429
16994
4607
6983
9700
1278
9458
1046
9380
1681
1278
3880
1058
6421
6852
15605
1040
1049
1044
1032
1050
1041
2351
1032
1048
3871
4493
1278
2663
21752
1934
1455
57500
1046
1032
1267
33703
1278
2254
2000
16655
1095
83013
1096
1395
15654
1317
1850
1278
6878
2782
1307
10317
1044
1321
1278
81793
1395
1032
1057
1057
1056
1050
1052
1052
1051
1053
1051
1044
1809
1278
2688
2000
1099
52143
1040
1049
1044
1050
1041
2351
1032
1048
1096
1395
24124
1455
1278
6878
2632
81793
1032
1057
1057
1056
1050
1052
1052
1051
1053
1051
1395
1032
1048
1063
3626
1729
21564
1032
1052
1046
25298
1494
1402
1455
1278
6878
2632
1394
1319
1049
1044
1050
1041
1395
7442
1032
1048
81793
1032
1057
1057
1056
1050
1052
1052
1051
1053
1051
1063
9246
1681
6716
33295
1319
1049
1044
1050
1041
6878
10317
10693
1046
21864
1058
1464
1061
1049
1044
1373
1061
1050
1046
19604
2961
1058
1032
1048
1044
1049
1044
1050
1046
4396
4146
1058
1032
1049
1045
1048
1044
1032
1050
1045
1049
1046
13336
1513
1032
1048
1046
77859
9578
1317
15504
1747
1046
2837
13233
1032
1052
1046
9246
1681
5558
40172
1454
1261
7586
12957
19822
1505
4629
2282
1046
2898
1261
3549
1307
1032
1051
36281
10348
1513
1925
2362
1044
6878
6432
2142
1395
16106
1032
1052
1046
4493
1032
1052
1395
6298
1046
4493
81793
1032
1057
1057
1056
1050
1052
1052
1051
1053
1051
1494
1681
1032
1052
1046
4493
1278
2688
39322
1032
1048
1395
21752
1261
60125
1338
33703
1278
2688
4950
1934
2000
8723
15605
1040
1049
1044
1032
1050
1041
2351
1032
1048
1096
1435
1261
96948
1394
2000
8723
15605
1040
1050
1044
1032
1049
1041
2351
1032
1048
69524
3367
1729
2985
1513
1278
2688
4950
1044
2156
1395
2000
8723
15605
1040
1050
1056
1054
1054
1044
1032
1049
1052
1053
1052
1056
1041
2351
1032
1050
1057
1049
1053
1051
1055
1049
1057
1055
1096
1321
2430
2000
8723
15605
1040
1049
1044
1032
1050
1041
2351
1032
1048
9816
17048
1278
2000
1049
1044
1032
1050
1096
1395
1261
96948
1394
2000
1050
1056
1054
1054
1044
1032
1049
1052
1053
1052
1056
69524
3501
1044
1494
1681
9960
1338
36296
1278
22474
1044
12494
1278
13650
5097
1395
1317
4848
1278
13284
1044
1321
1278
2663
2084
6124
1494
3147
1278
2688
4950
4139
1736
2151
9247
2453
1278
3880
1044
1505
1278
3880
1486
1562
1261
2801
3475
1046
3626
1435
1278
26554
1044
1362
2534
1317
9470
1261
3475
4950
1455
22405
1747
9458
1046
3367
1362
4848
1278
13284
2000
1077
1094
1050
1364
1319
1050
107066
98312
9828
1462
1032
1049
1041
2545
70914
7273
1494
2084
7195
1278
2667
2000
1099
52143
1040
1049
1044
1050
1041
2351
1032
1048
1096
2688
1046
3367
1362
4848
1261
2254
1455
10721
1032
1048
1394
1319
1049
1044
1050
1041
1321
1032
1052
1394
1278
2158
1044
1362
2534
3468
1046
17048
1362
1710
2210
1261
7783
7078
1455
1395
20143
2744
2142
2000
6390
1096
1395
4418
1063
1531
2000
6390
1096
2254
1395
4418
5785
1046
3367
1362
2210
1261
8939
16121
7078
1044
1494
2084
37941
5669
13193
3746
1278
2879
2000
6390
1096
86908
1046
1531
2000
6390
1096
2254
13193
2000
1099
52143
1040
1049
1044
1050
17783
15449
1046
1362
1710
2016
1261
12585
2000
11517
11332
1096
15423
10344
1046
1656
1278
2254
1044
1693
2000
11517
11332
1096
1321
1319
1078
84592
61825
1040
1049
1044
1050
4244
1850
1032
1052
1321
2016
2000
11517
11332
1376
12819
9816
45939
1693
1319
1078
84592
61825
1040
1049
1044
1050
4244
1850
1032
1048
1046
3626
1593
2168
3180
1278
2158
3690
1850
1032
1052
1044
2667
1850
1032
1048
1044
16504
2960
109595
1046
3886
1044
1593
1395
9210
36426
1121
1321
1605
1429
6949
5687
1278
2254
5055
3871
3626
13162
1278
4127
64629
1650
1317
15803
1278
96948
1321
4848
1278
13284
21423
1044
1321
1278
2663
2084
21965
1278
81681
2688
1063
1531
19929
8223
1058
1429
2892
75956
1419
1044
1593
1395
2143
6255
1058
18228
1278
3629
2254
21734
1321
8953
3607
1044
10886
5687
1278
2254
5055
1321
2764
1747
1278
9458
1046
1603
24151
16424
70914
84674
14671
48761
1083
11621
1034
2157
6354
2405
4150
1429
34758
81681
9458
3871
1032
1267
33703
1278
2254
1395
15654
1317
1850
1278
6878
2782
1307
10317
81793
1032
1057
1057
1056
1050
1052
1052
1051
1053
1051
1044
1321
1278
2688
2000
1099
52143
1040
1049
1044
1050
1041
2351
1032
1048
1096
1395
7442
6298
3147
1278
6878
2632
1395
1261
15298
1455
81793
1032
1057
1057
1056
1050
1052
1052
1051
1053
1051
1395
1032
1048
1063
3626
1278
2158
57500
8223
1032
1052
1046
25298
1494
1402
1455
1278
2254
10721
1261
24798
2782
1321
1278
81793
1395
7960
1044
1809
1278
2158
57500
2000
1099
52143
1040
1049
1044
1050
1041
2351
1032
1052
1096
1395
24124
1278
7092
24798
1063
3501
1044
1278
2254
10721
1420
15748
81793
1338
28191
1058
1531
8953
3607
1934
2000
35209
6878
1095
83013
1040
1050
1044
1032
1050
1041
1032
1050
1048
9816
1531
11277
1294
8953
3607
1584
6906
6298
1046
1531
2000
6390
1096
2254
1934
3325
109595
1046
1531
2158
2000
1099
52143
1040
1049
1044
1050
1041
2351
1032
1052
1096
1321
2667
2000
1099
52143
1040
1049
1044
1050
1041
2351
1032
1048
1096
4139
1402
1261
9441
4595
9504
3880
1562
1278
4127
23714
1046
1656
3325
2516
7638
1044
1278
2688
4950
1395
9553
1321
10463
1934
66012
1046
1531
2663
4139
1736
1261
9247
2688
9962
2478
1925
1307
2424
1395
2801
1044
1809
1278
16925
1681
2688
4950
1395
2549
1729
1736
1317
9626
1454
1046
23627
1455
1278
3880
1729
4884
1395
10693
1408
1278
2667
57500
1044
1321
2948
4607
3475
8583
1032
1052
1044
13162
1278
13650
8786
1395
1317
4848
1278
13284
1044
1321
1278
2663
2084
6124
1494
3147
1278
7293
2688
9962
6354
2405
1736
1455
2667
57500
1044
1505
1494
1681
2000
1099
52143
1040
1050
1044
1049
1041
2351
1032
1048
9816
3626
1729
1710
2405
2840
1338
12598
1681
3346
1278
3880
2790
1058
1429
16994
4607
6983
9700
1278
9458
1046
9380
1681
1278
3880
1058
8933
92367
76219
1098
1090
2343
1070
5095
1081
8261
1897
3110
1032
1051
1051
1044
1294
4206
6852
15605
1040
1049
1044
1032
1050
1041
2351
1032
1048
3871
1531
3110
8091
1058
1278
4206
2254
1934
109595
1046
12343
1032
1051
1051
1395
1278
2667
2000
1099
52143
1040
1049
1044
1050
1041
2351
1032
1048
9816
1531
2158
2000
1099
52143
1040
1049
1044
1050
1041
2351
1032
1052
1096
1395
9781
1046
9966
4607
3475
8583
1032
1052
1394
1319
1049
1044
1050
1577
4493
1278
2158
9852
1044
2667
9700
1046
3367
1729
4036
2948
3475
1317
1850
1032
1048
1394
1319
1049
1044
1050
1574
1278
2158
2084
7195
1044
2667
22405
1046
2837
2534
1261
3475
1455
22405
2960
1046
1531
2342
3039
1395
1317
1736
1278
2254
1850
1032
1052
1408
1278
2158
86908
1307
1319
1049
1044
1050
1041
1321
1032
1048
1408
1278
2667
1046
9748
1278
2688
2254
2000
6390
1096
13193
2000
1099
52143
1040
1049
1044
1050
17783
15449
1294
7980
1044
1729
1710
2210
1261
7783
9325
1455
1395
20143
2200
2000
6390
1096
1395
4418
1063
3626
2000
6390
1096
1395
4418
5785
1651
3160
1046
2837
1710
2210
1261
8939
16121
7078
1455
1395
50252
1317
1032
1048
1044
1321
1294
1278
2254
1044
1729
21413
1261
9325
1321
1850
1032
1052
1693
9325
1395
13509
1044
1032
1048
1693
3199
1063
3626
1455
2168
3180
1278
2158
3690
1319
46984
1061
1049
1041
1850
1032
1052
1044
2667
1319
46984
1061
1050
1041
1850
1032
1048
1046
3886
1044
1693
1278
2688
1395
3160
6245
5213
1044
1278
9325
2168
37941
1063
1531
4127
8223
1429
15908
4206
47638
1095
83013
1041
1317
3160
9458
2613
4493
2000
6390
1096
1395
4418
5785
1046
2837
1710
11249
1261
7783
7078
7805
1278
2254
1044
1321
1278
2254
1710
22347
1494
1046
3626
1278
2254
21734
1395
2000
16655
1095
83013
25886
1058
1935
1044
1373
1058
1935
1041
4906
1935
9816
2837
1710
1736
1261
7783
2000
19881
13183
1096
1455
1729
21413
2744
2142
1278
2254
1395
4418
1044
1321
1850
1032
1052
1693
2000
19881
13183
1096
1395
13509
1321
1319
1078
84592
61825
1040
1049
1044
1050
1041
2849
1032
1048
1063
3626
1455
2168
4323
2147
9458
1046
2837
2534
1317
2342
8076
1319
1049
1044
1050
1577
2837
1710
1736
1261
12585
2000
11517
27843
1049
1044
1050
17783
15423
10344
1046
1656
1278
2254
1044
1693
1319
1078
84592
61825
1040
1049
1044
1050
4244
1693
2158
32045
2158
1095
1376
12819
1059
1850
1032
1052
2849
1058
1850
1032
1048
1046
2409
2168
3180
1278
2158
1319
1049
1044
1050
1041
3690
1850
1032
1052
1044
2667
1850
1032
1048
1046
3797
2147
13193
2168
1850
1032
1048
1394
1319
1049
1044
1050
36036
3626
1278
2688
2342
1934
2295
1319
1049
1044
1050
1041
13193
1046
9093
9458
1736
2801
1464
84592
1046
4493
1593
2168
2764
1278
2295
109595
1321
1605
8076
6218
3147
2147
9458
2607
2405
3690
1319
1049
1044
1050
1577
3886
1044
1395
1593
1429
6949
5687
1278
2254
5055
69235
2157
1681
1261
2176
1269
1044
1809
13162
1278
4127
64629
1650
1317
4848
1278
30622
13284
1044
1321
1278
81681
2688
1395
1261
4629
6769
1455
1729
2715
21965
1063
1531
19929
8223
1429
2892
75956
1419
1044
1593
1395
2143
6255
1058
6421
2764
1747
1278
9458
2613
3367
1729
1710
2405
2764
2960
1454
1261
13173
2254
1044
13162
1729
1584
6878
1317
4848
1278
13284
1321
1278
2663
2084
6124
1494
3147
1278
2688
4950
1294
1278
2663
1395
2801
1562
1278
1925
129201
1063
1531
16925
4139
1402
1261
2688
1307
1278
26554
1681
8727
1317
7782
2516
19599
1046
58528
1294
2576
15048
1044
1278
2688
4950
1934
1261
96948
1044
1321
1278
26554
1395
15654
1317
4848
1278
6298
13284
21423
1044
1321
1278
2663
2084
2688
3675
1261
34882
4950
1046
3626
1278
3880
5117
8223
2948
4607
6983
9700
1278
9458
1046
5646
4938
1278
2663
10467
2948
3475
3675
1278
5662
2688
4950
1046
3367
1729
4848
1278
13284
1044
1494
2084
7195
1046
3367
1729
4848
1278
36426
1121
3468
2902
2254
1044
1494
4139
2764
1278
5662
2688
4950
1044
1809
4139
1402
6090
25342
1536
1278
4127
1681
13650
5097
1338
12598
1681
3648
1058
17048
1278
13284
1395
7442
2000
1077
1094
1050
1364
1319
1050
1078
1364
1443
9828
1462
1032
1049
1041
2545
70914
7273
1321
1278
2688
2000
1099
52143
1040
1049
1044
1050
1041
2351
1032
1048
1096
1395
1261
96948
1294
1278
4127
10674
1455
1486
11715
1317
1402
2000
1099
52143
1040
1050
1044
1049
1041
2351
1032
1048
9816
3626
1278
2663
3880
1729
3219
1395
1562
1278
5662
2688
4950
1046
3367
1729
4848
1278
13284
1044
1278
2663
2084
7195
1046
3626
13162
1278
2663
1681
2688
4950
1395
2801
1063
1531
16925
8223
1058
1429
11745
1681
1278
3880
1058
6421
6852
15605
1040
1049
1044
1032
1050
1041
2351
1032
1048
3871
5646
1681
1278
3880
1562
7523
2948
3475
3675
1278
9458
1294
1278
16925
1046
4493
1278
16925
1681
2688
4950
1934
1455
57500
1046
2837
4016
9470
3475
1455
22405
1455
2688
4950
1046
3367
1729
4848
1278
13284
1044
1494
24372
1046
3367
1729
4848
1261
2254
1455
10721
1032
1052
2430
1032
1048
1044
1494
22405
1046
3626
2084
1278
2663
6124
1455
1063
1531
4127
4139
1402
1562
1261
10393
2478
1278
2254
1395
6878
1317
1402
13173
1044
1321
1278
81681
2688
1395
1261
27223
1455
1278
26554
2715
15803
1321
13162
4848
1278
13284
21423
1044
1321
1278
2663
2084
1736
1261
2801
2688
4950
1046
23627
1278
74834
1044
1362
7534
14649
1278
13650
13284
1395
2000
1077
1094
1050
1364
1319
1050
1078
1364
1443
9828
1462
1032
1049
1041
2545
70914
7273
1321
1278
2667
2000
1099
52143
1040
1049
1044
1050
1041
2351
1032
1048
1096
1395
1261
96948
1455
1729
2715
21965
1044
1505
1278
2663
2084
2688
3675
1261
34882
4950
1046
3626
1278
19929
8223
1429
24151
16424
70914
84674
14671
48761
1083
2613
2157
6354
2405
4150
1729
1710
2405
1736
3468
1044
1809
12837
1294
2516
15048
1044
1278
2254
2715
1402
13173
1046
3886
1044
3325
13968
2975
2455
7638
1454
1429
6390
1034
2254
1736
9458
1455
1584
12714
1046
1531
7361
1307
2295
2000
1099
52143
1040
1049
1044
1050
17783
1454
2801
4213
1395
3435
57721
1046
17048
1278
2254
1395
2000
16655
1095
83013
14299
1044
1464
17783
1321
1278
2688
13193
2000
1099
52143
1040
1049
1044
1050
17783
10138
1373
1061
1049
1044
1464
1061
1050
1044
1321
1278
6878
2632
1395
1032
1048
1063
9246
1681
2688
1058
3367
2254
1395
2000
16655
1095
83013
14299
1044
1464
88404
2430
2000
1099
52143
1040
1049
1044
1050
17783
13193
1454
1373
1061
1049
1044
1464
1061
1050
1046
9966
13284
2000
1077
1094
1050
19197
1050
1078
98312
9828
1462
1049
17783
2168
1402
2000
1049
19197
1052
1042
1049
1046
1053
1462
1049
8429
1053
9816
5500
1032
1048
1046
3367
13284
1722
2000
1078
1094
1050
19197
1050
1077
98312
6911
1462
1049
17783
1063
2898
1373
1061
1049
1044
1464
1061
1050
1058
2000
1052
19197
1050
1042
1049
1042
1049
1462
1049
8429
1052
1042
1049
1061
1052
9816
5500
1032
1048
1046
3367
13284
1722
4433
2849
1455
10177
1032
1048
1394
1319
1077
1061
1049
45730
1061
1050
36036
17048
1278
6878
2632
1394
1464
1061
1050
1044
1373
1061
1049
1395
1032
1048
81793
1032
1057
1057
1056
1050
1052
1052
1051
1053
1051
1063
3626
1729
21564
1032
1054
1046
4493
1605
1338
33703
1278
4127
1934
1261
2801
9917
12270
1063
1429
1784
9917
1934
36281
53073
1032
1048
1044
1032
1049
1044
84091
1464
7581
1077
1046
1531
1623
12497
10314
1319
1049
37127
1623
37127
1464
7581
1077
1041
44868
36281
1623
1321
6705
6534
1462
1464
1044
1032
1048
1577
1034
5646
1681
2549
1729
2434
1338
36296
1278
2142
1044
1362
7534
4848
1278
13284
2000
1077
1094
1050
1364
1319
1050
1078
1364
1443
9828
1462
1032
1049
1041
2545
70914
1096
1435
1494
14175
1747
1278
2147
2688
5443
8100
1278
81681
1319
1049
1044
1050
1041
2667
57500
1046
1362
7534
2095
2229
1261
6061
2937
1505
7739
1044
1809
1278
3475
4950
2715
1402
1278
2254
1046
17048
1278
2663
1681
7293
2688
9962
6354
2405
1736
1278
2667
2000
1099
52143
1040
1049
1044
1050
1041
2351
1032
1048
7273
1321
1278
3880
1729
7455
1486
1562
1261
2801
4991
1046
1656
3325
26554
7716
15048
1044
1278
5662
2688
4950
4139
1736
1261
96948
1044
1321
1278
26554
1395
6878
1317
4848
1278
6298
11708
21423
1046
1362
7534
4848
1278
13284
1338
3890
1317
1402
12663
1044
1362
1710
4848
1278
2254
1454
1278
13284
1044
1321
13162
4626
1261
7783
7078
1317
7782
1278
1319
1049
1044
1050
1041
60125
1063
1531
4127
8223
1429
22869
1278
3475
1636
13330
1294
1261
1335
107485
3475
4950
1319
3038
44642
114478
1362
7534
2586
5234
1278
30622
13284
11708
1046
1362
7534
3468
1278
13284
1294
1278
3475
1338
12598
1681
5558
40172
1278
13284
1454
1278
4265
11277
1294
8953
3607
1058
2000
16655
1095
83013
1040
1050
1044
1050
1041
2351
1032
1050
1048
9816
9966
13284
1058
1464
1061
1050
1044
1373
1061
1050
1046
1443
1095
1050
1376
1032
1049
1867
1032
1049
1047
1050
1376
1032
1051
1047
1050
2005
70914
1046
1032
1050
1078
1443
9828
1462
1032
1049
1376
1032
1052
1364
1032
1051
1047
1050
1462
1032
1049
1376
1032
1054
1462
1032
1049
1376
1032
1053
1046
1373
1094
1050
1376
1032
1052
1046
1032
1052
1042
1053
1061
1050
1048
1046
23313
1338
1096
16655
1095
83013
1040
1049
1050
1051
1052
1053
1054
1044
1032
1049
1056
1053
1049
1056
1053
1041
2351
1032
1054
1057
1050
1057
1050
1057
1049
1052
9816
2837
1710
2405
21294
23898
1809
6906
14175
1338
34976
1044
1362
7534
5687
2000
16655
1095
83013
25886
1044
1373
17783
1435
2100
1975
29896
1010
1077
7460
1376
1032
1057
1057
1056
1050
1052
1052
1051
1053
1051
1267
3149
6878
1095
83013
25886
1058
1935
1044
1373
1058
1935
1041
4906
1935
1877
1293
1443
1376
1032
1048
1010
1293
1394
1623
1294
4521
1040
1049
1044
1464
1867
1032
1049
3640
1369
1443
1376
1319
1072
1867
7834
6534
1044
70914
1462
1032
1050
1044
70914
2798
2545
70914
1010
1293
5571
1376
1319
1077
1364
1373
1041
2545
70914
1010
1293
5571
1376
5571
1364
7840
1050
1364
1464
1364
1443
1462
1032
1049
1041
2545
70914
1041
2545
70914
1010
1293
1850
5571
1010
2731
4380
14175
1747
2688
5443
8100
1278
81681
2667
2000
1099
52143
1040
1049
1044
1050
1041
2351
1032
1048
9816
23627
1278
15776
1044
1362
7534
5234
1593
3475
1046
3367
1278
2663
64629
1278
81681
2688
1317
1402
9852
1044
13162
1362
2534
1317
9447
1046
3626
1362
7534
4069
1278
5735
1338
28191
1044
13162
1278
13284
1395
2000
1077
1094
1050
1364
1319
1050
1078
1364
1443
9828
1462
1032
1049
1041
2545
70914
1096
1809
1454
2000
1072
9828
1096
21564
30816
1063
3501
1338
18661
4914
1058
1531
2688
2000
1099
52143
1040
1049
1044
1050
1041
2351
1032
1048
1096
4139
1402
24124
81793
1032
1057
1057
1056
1050
1052
1052
1051
1053
1051
1307
1278
6878
2632
1044
1321
13162
1278
6878
2632
1395
7442
1032
1048
81793
1032
1057
1057
1056
1050
1052
1052
1051
1053
1051
1063
3626
1729
21564
1032
1052
1046
25298
1494
1402
1455
1278
6878
2632
1394
1319
1049
1044
1050
1041
1395
1261
15298
1455
81793
1032
1057
1057
1056
1050
1052
1052
1051
1053
1051
1395
1032
1048
1063
3626
1278
2158
57500
8223
1032
1052
1046
4493
1836
1338
33703
1278
2254
1395
2000
16655
1095
83013
14299
1044
1464
17783
1321
1278
2688
2000
1099
52143
1040
1049
1044
1050
17783
13193
1454
1373
1061
1049
1044
1464
1061
1050
1044
1321
1278
6878
2632
1395
1032
1048
1063
9246
1681
2688
1058
3367
2254
9368
1373
2158
1044
2430
1464
1044
2430
2000
1099
52143
1040
1049
1044
1050
17783
1395
1373
1061
1049
1044
1464
1061
1050
1046
9966
13284
2000
1077
1094
1050
19197
1050
1078
98312
9828
1462
1049
17783
2168
1402
2000
1049
19197
1052
1042
1049
1046
1053
1462
1049
8429
1053
9816
5500
1032
1048
1046
3367
13284
1722
2000
1078
1094
1050
19197
1050
1077
98312
6911
1462
1049
17783
1063
2898
1373
1061
1049
1044
1464
1061
1050
1058
2000
1052
19197
1050
1042
1049
1042
1049
1462
1049
8429
1052
9816
5500
1032
1048
1046
3367
13284
1722
2000
1077
107066
19197
59574
17783
1063
5500
5257
1338
36296
1278
19385
1307
1278
13284
2000
1077
1094
1050
1364
1319
1050
1078
1364
1443
9828
1462
1032
1049
17783
20490
7115
1747
2688
5443
3907
1278
8953
3607
3336
1321
1278
1319
1049
1044
1050
1048
1048
1048
1048
1048
1041
2688
1044
1362
4525
26873
1593
1395
1278
13650
13284
1046
1531
81681
1319
1049
1044
1050
1041
2667
57500
1395
6906
1261
96948
1294
1278
4127
10674
5662
1317
1650
1046
1362
7534
4848
1278
13284
1338
34976
1044
2778
4832
1877
1975
29896
1010
1077
7460
1376
1032
1057
1057
1056
1050
1052
1052
1051
1053
1051
1267
3149
6878
1095
83013
25886
1058
1935
1044
1373
1058
1935
1041
4906
1935
1877
1293
1443
1376
1032
1048
1010
1293
1394
1623
1294
4521
1040
1049
1044
1464
1867
1032
1049
3640
1369
1443
1376
1319
1072
1867
7834
6534
1044
70914
1462
1032
1050
1044
70914
2798
2545
70914
1010
1293
5571
1376
1319
1077
1364
1373
1041
2545
70914
1010
1293
5571
1376
5571
1364
7840
1050
1364
1464
1364
1443
1462
1032
1049
1041
2545
70914
1041
2545
70914
1010
1293
1850
5571
1010
1975
13
1010
1975
29896
1010
1077
7460
1376
1032
1057
1057
1056
1050
1052
1052
1051
1053
1051
1267
3149
6878
1095
83013
25886
1058
1935
1044
1373
1058
1935
1041
4906
1935
1877
1293
19639
104491
1278
6878
2782
1307
10317
81793
1032
1057
1057
1056
1050
1052
1052
1051
1053
1051
60113
1293
1443
1376
1032
1048
1010
1293
1394
1623
1294
4521
1040
1049
1044
1464
1867
1032
1049
3640
1369
1443
1376
1319
1072
1867
7834
6534
1044
70914
1462
1032
1050
1044
70914
2798
2545
70914
1010
1293
5571
1376
1319
1077
1364
1373
1041
2545
70914
1010
1293
5571
1376
5571
1364
7840
1050
1364
1464
1364
1443
1462
1032
1049
1041
2545
70914
1041
2545
70914
1010
1293
1850
5571
1010
1975
11
1010