10
25708
1010
11
1010
10
3263
1010
10311
1278
3629
2254
21734
1321
8953
3607
1044
10886
5687
1278
2254
5055
1321
2764
1747
1278
9458
1046
1603
24151
16424
70914
84674
14671
48761
1083
25461
4568
2715
30711
1278
3475
1636
13330
1294
1261
1335
107485
3475
4950
1319
3038
44642
1041
1319
43880
2084
80858
1278
4618
7389
1801
2640
5011
38227
2671
5247
4688
3149
4556
14753
21777
39318
3791
102576
63369
1058
5247
59939
3605
1409
1058
1935
1041
4906
1935
1877
1293
19639
23627
1420
15748
4460
28483
1321
1261
6818
15748
1409
1044
16716
1278
4556
1307
19558
1010
1293
1307
1747
9305
3224
1307
28483
1046
1531
4053
1307
1261
9305
1733
1395
6493
1435
1278
2782
1307
1010
1293
2246
9305
3224
1455
4556
1317
1409
1626
1260
1010
1293
12162
1278
4556
81793
1032
1049
1048
1094
1057
1867
1032
1055
1626
1260
1010
1293
64664
1877
1369
28483
1058
5247
1307
38801
2478
1032
1049
9120
9027
63369
1041
9120
1032
1049
1048
1048
1321
1032
1049
9120
28483
3755
1093
9120
1032
1049
1048
1094
1052
1010
1369
1409
1058
30460
4556
2478
1032
1049
9120
1409
9120
1032
1049
1048
1048
1010
1260
1010
1293
20527
1877
1369
1531
4556
1307
19558
1307
1747
9305
3224
81793
1032
1049
1048
1094
1057
1867
1032
1055
1010
1260
1010
1293
56431
4556
14753
21777
39318
3791
102576
9038
1049
1044
1032
1050
1044
1032
1051
3605
1032
1051
1456
1293
1032
1054
1010
1293
56431
4556
14753
21777
39318
3791
102576
9038
1050
1044
1032
1051
1044
1032
1051
3605
1032
1053
1456
1293
1032
1052
1010
1293
56431
4556
14753
21777
39318
3791
102576
9038
1049
1044
1032
1050
1044
1032
1051
3605
1032
1055
1456
1293
1032
1048
1010
1293
47680
3149
4206
5164
52143
3640
1293
2569
29274
2688
5443
1562
11277
1010
1293
6852
15605
9038
1049
1044
1032
1050
1044
1032
1051
3605
1032
1051
1041
2351
1032
1054
1010
1293
6852
15605
9038
1050
1044
1032
1051
1044
1032
1051
3605
1032
1053
1041
2351
1032
1052
1010
1293
6852
15605
9038
1049
1044
1032
1050
1044
1032
1051
3605
1032
1055
1041
2351
1032
1048
1010
1260
1010
1293
2569
21381
3584
2688
1010
1293
6852
15605
9038
1049
3605
1032
1049
1041
2351
1032
1049
1010
1260
1010
1293
2569
31054
2688
5443
1010
1293
6852
15605
9038
1053
1044
1032
1049
3605
1032
1053
1041
2351
1032
1050
1010
1293
6852
15605
9038
1055
1044
1032
1053
1044
1032
1049
1048
1044
1032
1056
1044
1032
1050
1044
1032
1051
1044
1032
1054
3605
1032
1052
1041
2351
1032
1048
1010
1293
6852
15605
9038
1057
1044
1032
1049
1048
1044
1032
1050
1044
1032
1049
1044
1032
1057
1044
1032
1053
1044
1032
1057
1044
1032
1055
1044
1032
1053
3605
1032
1050
1041
2351
1032
1050
1053
1054
1010
1293
6852
15605
9038
1053
1044
1032
1056
1044
1032
1056
3605
1032
1049
1041
2351
1032
1048
1010
1293
6852
15605
9038
1049
1044
1032
1051
1044
1032
1055
1044
1032
1056
3605
1032
1049
1041
2351
1032
1056
1010
1293
6852
15605
9038
1056
1044
1032
1049
1044
1032
1049
1044
1032
1056
1044
1032
1055
3605
1032
1050
1041
2351
1032
1056
1010
1293
6852
15605
9038
1053
1044
1032
1049
3605
1032
1053
1041
2351
1032
1055
1010
1293
6852
15605
9038
1051
1044
1032
1049
1055
1044
1032
1050
1044
1032
1055
3605
1032
1049
1055
1041
2351
1032
1056
1010
1293
6852
15605
9038
1057
1044
1032
1054
1044
1032
1052
1044
1032
1054
1044
1032
1056
3605
1032
1057
1041
2351
1032
1049
1054
1010
1293
6852
15605
9038
1050
1044
1032
1053
1044
1032
1053
1044
1032
1049
1044
1032
1053
3605
1032
1054
1041
2351
1032
1050
1052
1010
1260
1010
1293
2569
1424
42957
2688
5443
1010
1293
6852
15605
9038
1050
1057
1044
1032
1052
1057
1044
1032
1056
1049
1044
1032
1057
1044
1032
1051
1051
1044
1032
1049
1054
1044
1032
1054
1048
1044
1032
1050
1057
1044
1032
1053
1052
1044
1032
1057
1048
1044
1032
1050
1044
1032
1055
1054
1044
1032
1052
1052
1044
1032
1051
1051
1044
1032
1049
1052
1044
1032
1050
1052
1044
1032
1055
1051
3605
1032
1053
1055
1041
2351
1032
1054
1053
1053
1051
1054
1010
1260
1010
1293
2569
7637
1454
1747
2879
4213
1010
1293
6852
15605
9038
1056
1093
1364
1032
1049
1048
1048
1044
1032
1049
1052
1041
2351
1032
1048
1010
1260
1010
1293
2569
32456
2688
5443
1454
6878
25675
1010
1293
28483
1049
1376
1766
1056
1044
1053
1044
1054
1044
1057
1044
1056
1044
1054
1044
1053
1044
1054
1044
1051
1044
1049
1048
1044
1050
1044
1050
1044
1051
1044
1052
1044
1054
1044
1052
1044
1052
1044
1049
1048
1044
1050
1044
1053
1044
1050
1044
1056
1044
1053
1044
1049
1044
1049
1044
1049
1044
1052
1044
1051
1044
1050
1044
1049
1044
1052
1044
1049
1048
1044
1053
1044
1057
1044
1051
1044
1052
1044
1053
1044
1051
1044
1057
1044
1049
1048
1044
1052
1044
1057
1044
1056
1044
1052
1044
1053
1044
1052
1044
1055
1044
1054
1044
1056
1044
1053
1044
1057
1044
1051
1044
1056
1044
1050
1044
1056
1044
1057
1044
1051
1044
1055
1044
1049
1044
1049
1044
1051
1044
1049
1044
1050
1044
1050
1044
1049
1048
1044
1050
1044
1050
1044
1056
1044
1050
1044
1053
1044
1052
1044
1057
1044
1052
1044
1056
1044
1056
1044
1050
1044
1049
1048
1044
1049
1044
1049
1048
1044
1051
1044
1052
1044
1053
1044
1051
1044
1049
1048
1044
1057
1044
1057
1044
1053
1044
1050
1044
1057
1044
1054
1044
1055
1044
1054
1044
1049
1048
1044
1049
1048
1044
1053
1044
1049
1048
1044
1057
1044
1051
1044
1056
1044
1051
2820
1293
6852
15605
63369
1049
1044
1032
1049
1050
1041
2351
1032
1052
1048
1050
1050
1054
1051
1049
1051
1049
1010
1260
1010
1293
28483
1050
1376
1766
1050
1053
1044
1052
1056
1044
1057
1053
1044
1051
1055
1044
1054
1055
1044
1056
1054
1044
1056
1051
1044
1053
1048
1044
1057
1057
1044
1049
1052
1044
1050
1055
1044
1054
1055
1044
1055
1048
1044
1051
1052
1044
1052
1051
1044
1054
1049
1044
1049
1044
1056
1049
1044
1056
1056
1044
1049
1051
1044
1056
1054
1044
1057
1044
1049
1051
1044
1051
1055
1044
1051
1054
1044
1052
1050
1044
1051
1050
1044
1050
1049
1044
1052
1044
1055
1051
1044
1052
1052
1044
1056
1056
1044
1049
1054
1044
1055
1049
1044
1049
1054
1044
1053
1052
1044
1055
1052
1044
1051
1052
1044
1050
1055
1044
1055
1057
1044
1051
1049
1044
1054
1053
1044
1052
1050
1044
1055
1056
1044
1049
1053
1044
1052
1048
1044
1055
1057
1044
1050
1055
1044
1050
1044
1051
1044
1053
1053
1044
1050
1048
1044
1057
1052
1044
1054
1051
1044
1054
1049
1044
1050
1056
1044
1049
1057
1044
1049
1056
1044
1049
1053
1044
1050
1053
1044
1053
1044
1050
1048
1044
1049
1049
1044
1049
1051
1044
1049
1050
1044
1051
1049
1044
1050
1053
1044
1056
1048
1044
1049
1051
1044
1056
1050
1044
1057
1053
1044
1056
1055
1044
1057
1054
1044
1055
1057
1044
1050
1044
1056
1051
1044
1051
1054
1044
1054
1057
1044
1054
1056
1044
1056
1050
1044
1052
1049
1044
1050
1050
1044
1057
1051
1044
1049
1051
1044
1049
1049
1044
1055
1052
1044
1050
1057
1044
1057
1052
1044
1052
1048
1044
1055
1056
1044
1049
1048
1044
1053
1055
1044
1049
1050
1044
1052
1044
1056
1048
1044
1051
1048
1044
1052
1049
1044
1055
1051
1044
1054
1052
1044
1056
1057
2820
1293
6852
15605
63369
1050
1044
1032
1049
1048
1048
1041
2351
1032
1050
1054
1057
1049
1050
1052
1051
1048
1050
1010
1260
1010
1293
28483
1051
1376
1766
1049
1048
1044
1052
1044
1051
1044
1049
1044
1049
1048
1044
1050
1044
1053
1044
1052
1044
1052
1044
1053
1044
1050
1044
1050
1044
1051
1044
1051
1044
1057
1044
1057
1044
1049
1048
1044
1050
1044
1049
1048
1044
1051
1044
1054
1044
1051
1044
1051
1044
1057
1044
1057
1044
1056
1044
1049
1044
1050
1044
1055
1044
1056
1044
1051
1044
1055
1044
1051
1044
1051
1044
1051
1044
1049
1044
1050
1044
1049
1048
1044
1053
1044
1052
1044
1049
1048
1044
1052
1044
1056
1044
1052
1044
1054
1044
1049
1048
1044
1057
1044
1054
1044
1057
1044
1049
1044
1050
1044
1054
1044
1050
1044
1049
1048
1044
1056
1044
1050
1044
1050
1044
1052
1044
1050
1044
1053
1044
1049
1048
1044
1049
1048
1044
1057
1044
1056
1044
1050
1044
1053
1044
1054
1044
1053
1044
1051
1044
1051
1044
1049
1044
1052
1044
1055
1044
1049
1048
1044
1049
1048
1044
1057
1044
1055
1044
1052
1044
1052
1044
1051
1044
1049
1048
1044
1057
1044
1054
1044
1049
1048
1044
1055
1044
1057
1044
1049
1048
1044
1049
1044
1052
1044
1049
1048
1044
1054
1044
1055
1044
1050
1044
1054
1044
1057
1044
1053
1044
1056
1044
1054
1044
1056
1044
1057
2820
1293
6852
15605
63369
1051
1044
1032
1057
1041
2351
1032
1051
1052
1048
1057
1052
1048
1054
1048
1050
1010
1260
1010
1293
28483
1052
1376
1766
1056
1044
1049
1048
1044
1056
1044
1057
1044
1049
1044
1050
1044
1053
1044
1049
1048
1044
1052
1044
1050
1044
1056
1044
1055
1044
1056
1044
1055
1044
1052
1044
1057
1044
1052
1044
1056
1044
1054
1044
1049
1044
1057
1044
1053
1044
1053
1044
1050
1044
1054
1044
1049
1044
1050
1044
1052
1044
1049
1048
1044
1052
1044
1054
1044
1049
1044
1056
1044
1051
1044
1051
1044
1053
1044
1050
1044
1053
1044
1049
1048
1044
1049
1044
1053
1044
1050
1044
1052
1044
1049
1048
1044
1057
1044
1050
1044
1055
1044
1057
1044
1051
1044
1056
1044
1057
1044
1054
1044
1053
1044
1056
1044
1049
1048
1044
1051
1044
1053
1044
1054
1044
1056
1044
1049
1048
1044
1051
1044
1053
1044
1050
1044
1050
1044
1054
1044
1052
1044
1049
1044
1057
1044
1053
1044
1052
1044
1057
1044
1052
1044
1052
1044
1049
1044
1049
1048
1044
1053
1044
1053
1044
1056
1044
1057
1044
1055
1044
1055
1044
1057
1044
1049
1048
1044
1054
1044
1057
1044
1049
1044
1055
1044
1049
1044
1049
1044
1049
1044
1055
1044
1049
1048
1044
1054
1044
1049
1048
1044
1050
1044
1051
1044
1051
1044
1057
1044
1051
1044
1053
2820
1293
6852
15605
63369
1052
1044
1032
1054
1041
2351
1032
1052
1053
1050
1051
1053
1053
1049
1050
1049
1267
1035
13516
4206
62071
14753
21777
39318
3791
102576
1041
1317
3160
9458
1626
1975
11
1010
10
1503
19464
1010
12
13
11
1010
10
3263
1267
16994
4607
6983
9700
1278
9458
1046
9380
1681
1278
3880
1877
17595
3581
1319
5943
8531
3690
3804
3640
1032
8933
92367
1831
46723
1081
1086
1099
1087
8900
8261
1897
3110
1032
1054
1054
1044
1294
1534
13655
1561
1293
4206
62071
14753
21777
39318
3791
102576
1456
1032
8933
92367
1831
46723
1081
1086
1099
1087
8900
8261
1897
3110
1032
1050
1056
1044
1294
4206
1010
1293
6852
15605
9038
1049
1044
1032
1050
1044
1032
1051
3605
1032
1051
1041
2351
1032
1054
1010
6367
12032
48697
48697
48697
48697
48697
48697
48697
48697
48697
48697
48697
48697
48697
1094
1010
31929
1292
4507
89644
2892
75956
1419
1044
1593
1395
2143
6255
1058
18228
1278
3629
2254
21734
1321
8953
3607
1044
10886
5687
1278
2254
5055
1321
2764
1747
1278
9458
1046
1603
24151
16424
70914
84674
14671
48761
1083
25461
4568
2715
30711
1278
3475
1636
13330
1294
1261
1335
107485
3475
4950
1319
3038
44642
1041
1319
43880
2084
80858
1278
4618
7389
1041
11
1010
10
1503
19464
1010
12
13
1010
1975
29896
1010
5011
38227
2671
5247
4688
3149
4556
14753
21777
39318
3791
102576
63369
1058
5247
59939
3605
1409
1058
1935
1041
4906
1935
1877
1293
70914
1376
1032
1049
1048
1438
1057
1867
1032
1055
1010
1293
1308
1376
9027
63369
1456
1260
1010
1293
2569
34044
49499
5371
1099
1093
1376
2782
1307
9305
3224
1454
4556
1265
1321
10693
1272
6689
1010
1293
34044
1376
16871
1048
1093
1364
1319
1110
1867
1032
1049
1041
1394
1957
1294
4521
16026
1867
1032
1049
17572
1293
34044
1091
1048
5371
1048
1093
1376
1032
1049
1010
1260
1010
1293
1394
2216
1294
28483
1877
1369
1875
3602
1112
1376
1766
2041
14316
1093
1394
5522
1294
34044
2820
1369
1394
1265
1294
4521
16026
1867
1032
1049
3640
1463
1394
1272
1294
4521
4990
1867
1032
1049
3640
1694
1693
34044
49499
5371
1099
1093
2351
1032
1048
1877
2006
8214
1010
1694
40745
1376
1265
1867
2216
1010
1694
1693
40745
9120
1409
1877
2006
81541
1376
1272
1867
1032
1049
1010
2006
1693
81541
9120
1308
1877
2528
1875
3602
1112
1091
10105
5371
35800
1093
1376
1319
3080
3602
1112
1091
10105
5371
35800
1093
1867
34044
49499
5371
1099
8623
2545
70914
1010
1369
34044
1376
1875
3602
1112
1010
1260
1010
1293
5571
1376
1032
1048
1010
1293
1394
1272
1294
4521
1040
1049
1044
1308
1867
1032
1049
3640
1369
1693
34044
24321
5371
1099
30689
1463
5571
1376
1319
1545
1867
34044
24321
5371
1099
1093
1364
7834
1040
1050
1044
1308
1462
1272
1044
70914
2798
2545
70914
1010
1293
1850
5571
1010
1975
11
1010
10
3263
1267
16994
4607
6983
9700
1278
9458
1046
9380
1681
1278
3880
1877
17595
3581
1319
5943
8531
3690
3804
3640
1032
8933
92367
1052
1056
1052
1053
28156
1049
1110
26675
8261
1897
3110
1032
1057
1053
1044
1294
1534
13655
1561
1293
4206
62071
14753
21777
39318
3791
102576
1456
1032
8933
92367
1052
1056
1052
1053
28156
1049
1110
26675
8261
1897
3110
1032
1052
1050
1044
1294
4206
1010
1293
6852
15605
9038
1053
1044
1032
1049
3605
1032
1053
1041
2351
1032
1055
1010
6367
12032
48697
48697
48697
48697
48697
48697
48697
48697
48697
48697
48697
48697
1010
31929
1292
4507
89644
2892
75956
1419
1044
1593
1395
2143
6255
1058
18228
1278
3629
2254
21734
1321
8953
3607
1044
10886
5687
1278
2254
5055
1321
2764
1747
1278
9458
1046
1603
24151
16424
70914
84674
14671
48761
1083
25461
4568
2715
30711
1278
3475
1636
13330
1294
1261
1335
107485
3475
4950
1319
3038
44642
1041
1319
43880
2084
80858
1278
4618
7389
1041
11
1010
10
1503
19464
1010
12
1010
12
4268
2534
1317
24002
4556
2136
1747
9305
3224
1307
28483
1307
1319
12856
1307
9305
3224
1307
1455
9305
1733
1455
4556
1317
1409
1577
130097
1394
2744
9305
1733
1335
1319
21917
9829
1063
1809
9305
1733
6493
13162
2258
19469
1063
1531
8953
3607
1058
1429
86199
1278
4556
1307
19558
1307
1747
9305
3224
1307
28483
1046
1531
4053
1307
1261
9305
1733
1395
6493
1435
1278
2782
1307
2246
9305
3224
1455
4556
1317
1409
4043
4268
1736
4460
28483
1307
5592
1308
1046
1349
9305
1733
1307
28483
1395
1261
7980
13233
1536
62005
2269
1505
1836
6689
3816
14022
3542
1046
53815
9305
3224
4014
1435
11074
1693
2127
2349
1536
12197
3199
1693
2879
4213
1046
6830
4053
1307
1261
9305
1733
1376
2782
1307
2246
9305
3224
1319
6156
24941
1307
2246
6689
1063
9305
1733
1307
1455
9305
1733
1041
1455
4556
1317
1409
1046
6830
4556
2136
1747
9305
3224
1307
28483
1307
1455
4053
1044
81793
1032
1049
1101
1057
1043
1055
1338
6882
6982
1370
1058
2898
2744
9305
1733
1353
1307
28483
1319
1084
1395
1261
9305
1733
1044
13162
2767
92999
1063
6987
9829
128600
2898
2744
9305
1733
1608
1307
1353
1319
1085
1395
1261
9305
1733
1307
1353
1044
1799
1395
2095
9305
1733
1307
28483
1574
1693
4556
50750
1041
2351
1409
1044
4014
1494
1046
6830
4556
24875
2136
1747
1353
1338
4268
1710
3648
25453
2412
4003
1046
1531
4556
2136
1747
9305
3224
1353
1307
28483
1307
39201
1307
9305
3224
1608
1307
1353
1454
4556
1409
1577
12652
32912
1317
36359
15823
17684
1319
1085
1044
1353
1041
2516
1455
1608
1395
1261
9305
1733
1307
1353
1321
1353
1395
1261
9305
1733
1307
28483
1044
1321
4556
50750
8429
1107
1046
9748
1608
1395
9305
1733
1307
1353
1044
1321
1353
9305
1733
1307
28483
1044
9698
1608
1395
9305
1733
1307
28483
1319
2653
9305
1733
1307
28483
1041
1809
1454
1278
6570
1455
1747
6689
1307
1608
6730
1294
1353
1294
2879
3542
1044
1321
1353
1395
2269
3878
39318
9305
1733
1307
28483
1455
8688
1608
1435
9305
1733
1046
49032
1044
2258
9305
1733
1608
1307
28483
1710
1402
13071
1317
3325
1353
1455
2095
1584
9305
3224
1307
28483
1321
4231
1608
1435
9305
1733
1046
4493
1729
2534
1317
4014
2782
1307
1353
1455
1584
9305
3224
1307
28483
1321
1736
1608
1435
9305
1733
1044
2430
4556
2136
1747
1608
1454
4556
1409
1307
4014
14621
8719
1608
1577
5646
1681
3788
4556
1307
19558
1338
125773
5125
1058
34044
2136
4460
1317
24002
24042
7655
1338
36700
1370
1058
2898
2744
9305
1733
1608
1307
28483
1454
4556
1409
1044
1278
2782
1307
9305
3224
1353
1307
28483
2516
1455
1608
1395
1261
9305
1733
1307
1353
1046
12238
2744
3584
1307
28483
1710
5250
1402
23467
1562
1353
1044
1505
5656
3066
1278
2158
3584
1307
1608
1044
2396
6689
1307
1608
1044
1505
2453
3804
3584
1307
1608
1044
1809
4016
33972
3542
1046
9748
1608
1395
1261
4811
9305
1733
1319
72349
1623
1049
1534
1623
1050
1534
6421
1534
1602
1577
6830
1353
1395
2258
9305
1733
1307
28483
1455
6987
3385
6322
12197
1321
15717
2147
6689
1046
3886
1044
1353
4016
1402
1261
9305
1733
1307
28483
1046
1531
6570
1455
1608
1395
1261
9305
1733
1307
1353
4938
1455
1278
6322
6689
1307
1608
6730
1294
1353
1294
2879
7858
3542
1046
3626
1353
2188
4626
7481
6689
1562
28483
1044
1809
2127
4016
1402
9236
48225
1046
3626
4136
1353
1395
2095
1261
9305
1733
1307
28483
1044
1729
1710
3648
1307
1353
1435
31277
1261
19469
1307
26524
1307
28483
1455
6987
1278
26524
1307
1608
1044
1321
1278
7858
3542
1395
6967
1338
48812
1044
2782
1307
1353
2516
1455
1608
1319
77282
1536
4811
26524
1041
1395
1261
9305
1733
1307
1353
1376
2782
1307
9305
3224
1307
28483
1455
4231
3385
4369
26524
1046
5646
1681
14259
1317
1058
2898
2744
2147
4891
1475
1605
1294
1608
1044
1729
1710
5250
4626
1494
1505
1605
1044
1809
1729
4016
11811
1455
1278
9903
1353
10714
1261
9305
1733
1319
54811
2925
1693
1729
2586
8427
1261
19469
1307
26524
1577
3886
1044
2156
4139
1402
22855
1693
1729
4626
6689
1455
2168
4323
1278
3542
1063
3501
1044
2258
19469
1307
26524
102789
3542
1046
4493
2782
1307
1353
1455
4231
1261
4811
2016
1307
1283
26524
1319
3265
12197
1307
1608
1041
1395
1032
1050
1952
1110
1462
1283
4179
3147
1394
2744
1307
1278
2147
1308
1462
1283
12197
1729
1710
22272
16859
1317
4626
1505
1605
1046
3626
25052
1058
3367
1608
1395
1605
62740
6493
1536
4213
1809
1536
12197
1044
2744
9305
1733
1608
23368
1317
1261
4811
2016
1307
12197
1046
3626
4053
24875
9305
3224
1307
1353
1455
4556
1317
1409
1059
3385
9305
3224
1584
6493
1536
2034
3584
4213
1321
12197
1063
57454
1261
9305
1733
1395
6493
1536
1278
26524
6322
1046
4493
1693
2295
2801
3980
10651
5628
2879
4213
1044
2127
1584
11074
9305
3224
1046
1531
8953
3607
6906
24875
11074
9305
3224
1536
12197
1046
1531
11277
1058
1766
1049
1044
1050
1044
1051
1093
1409
1061
1051
2297
4848
1032
1054
1046
9246
1681
2688
3709
23898
1317
98931
36359
2866
1338
4268
2534
1317
24002
4556
2136
1747
9305
3224
1353
1307
28483
1307
39201
1307
9305
3224
1608
1307
1353
1454
4556
1409
1577
9246
1681
2688
1454
3709
3336
28483
18359
1049
1044
1050
1044
1051
1093
1409
1061
1051
1046
1308
1061
1051
1046
9246
1681
42478
1747
1032
1050
1094
1051
1061
1056
9305
3224
1353
1319
21917
9829
1577
2898
2744
1353
1044
4014
9305
3224
1608
1319
21917
9829
1063
4053
6493
1435
2782
1307
2246
9305
3224
1455
4556
1317
1409
1046
53815
9305
3224
2481
4626
9829
9305
1733
1799
4556
1032
1048
1044
1809
1409
17546
1049
1878
9829
1605
4014
1577
9246
1681
2951
1353
1321
4014
1338
7324
102451
1353
1319
3326
26524
3640
1045
19361
1058
4053
1032
1048
1626
1045
1445
1049
28748
4213
1766
1049
3077
7672
102451
1058
58208
1445
1049
14522
4556
1032
1051
11518
2297
1032
1048
1626
1045
1445
1050
28748
1766
1050
1093
2297
1048
1626
1045
1445
1051
28748
1766
1051
1093
2297
9305
3224
1058
58208
1445
1051
14522
1445
1051
1125
4556
1032
1051
2297
1032
1049
1046
4493
4053
1032
1049
1626
1045
1445
1049
1044
1050
28748
4213
1766
1049
1044
1050
3077
7672
102451
1058
58208
1445
1049
4179
1445
1050
4179
1445
1049
1044
1050
14522
62503
1058
1032
1049
1044
1050
1044
1051
1046
1445
1049
1044
1050
1125
4556
1032
1051
2297
1049
1046
9840
1445
1049
1044
1050
1125
6987
1063
9840
1445
1049
1044
1050
1125
6987
1445
1049
1044
1050
1125
2342
1046
4493
4053
1032
1049
1626
1045
1445
1049
1044
1051
28748
1766
1049
1044
1051
3077
7672
102451
1058
58208
1445
1049
4179
1445
1051
4179
1445
1049
1044
1051
14522
62503
1058
1032
1049
1044
1051
1044
1052
1046
1445
1051
1125
4556
1032
1051
2297
1049
1044
1445
1049
1044
1051
1125
4556
1052
1046
4493
4053
1032
1049
1319
15080
1445
1051
26317
9840
1445
1049
1125
1063
1836
1046
4493
4053
1032
1049
1626
1045
1445
1050
1044
1051
28748
1766
1050
1044
1051
3077
7672
102451
1058
58208
1445
1050
4179
1445
1051
4179
1445
1050
1044
1051
14522
62503
1058
1050
1044
1051
1044
1053
1046
1445
1051
1125
1321
1445
1050
1044
1051
1125
1063
1445
1050
1044
1051
1125
4556
1053
1046
1445
1051
1125
4556
1051
2297
1049
1046
4493
4053
1032
1049
1626
1045
1445
1049
1044
1050
1044
1051
28748
1766
1049
1044
1050
1044
1051
3077
7672
102451
3325
1046
8220
3385
126556
1317
1032
1051
1058
1445
1051
4179
1445
1049
1044
1050
14522
9840
1445
1049
1044
1050
1125
1063
14842
1046
1445
1051
14522
9840
1445
1049
1044
1050
1125
1562
26524
1032
1049
1321
1032
1050
1046
13242
2156
6218
1063
1445
1049
1044
1050
1125
10249
5785
1046
9840
1445
1049
1044
1050
1125
13162
35509
15449
1063
49032
9305
3224
1307
1445
1049
1044
1050
1044
1051
1125
1584
6493
1536
4891
10651
1046
18931
10651
126556
1317
1032
1051
1058
1445
1051
1125
1319
3386
1032
1051
1574
1445
1049
1044
1050
1125
1319
10855
1032
1049
1043
1050
1577
9840
13162
1445
1049
1044
1050
1125
2342
1925
1046
4493
3788
1032
1050
1046
4493
4053
1032
1050
1338
12082
4556
19558
1058
1353
2951
1058
19361
1048
1044
1445
1049
1125
1048
1044
1445
1050
1125
1048
1044
1445
1051
1125
1049
1044
1445
1049
1044
1050
1125
1049
1044
1445
1049
1044
1051
1125
1049
1044
1445
1050
1044
1051
1125
1049
1044
1445
1049
1044
1050
1044
1051
1125
1050
2297
3788
1032
1048
1043
1048
1043
1048
1043
1049
1043
1049
1043
1049
1043
1049
1043
1050
1376
1032
1054
1046
5646
14175
3336
4848
1032
1054
1046
4493
2948
36359
14175
1338
12082
4206
3336
1766
1050
1044
1051
1044
1051
1093
1409
1061
1053
4848
1032
1052
1046
9246
1681
2688
10533
1454
2948
2866
13162
1317
3219
5965
1046
3626
1729
1710
12319
1455
2948
19190
1395
6298
1338
12082
1729
2534
11857
1317
24002
4556
2136
1747
1353
1307
39201
1307
1608
9305
1733
1307
1353
4556
1409
1577
12652
32912
1317
4014
17684
1319
1085
1044
1353
1041
2478
1608
1395
1261
9305
1733
1307
1353
1321
1353
9305
1733
1307
28483
1044
4556
50750
8429
1107
1046
9748
2744
2516
10217
23368
1317
34639
1261
2016
1307
26524
1394
1608
1319
72349
1623
1049
1060
2880
1060
1329
1041
1321
2430
34639
1261
2842
49887
1353
1307
26524
1455
6987
3385
1321
2258
2147
26524
1044
1809
2095
1353
4016
1402
9305
1733
1319
2653
2842
49887
6113
1577
3886
1044
25052
1058
3367
1608
1395
6493
1536
4811
26524
1044
2430
1353
1710
1402
2258
9305
1733
1455
8688
3385
26524
1046
13920
1307
2516
1353
1395
1032
1050
1952
1110
1462
1283
1125
1435
20889
1044
3147
1729
1710
22272
4626
1505
34864
2744
1307
1278
2147
1308
3049
12197
1046
3626
1395
2156
2258
2136
12296
1302
1693
2801
1608
1319
111778
4891
10651
1041
3820
1317
2879
1353
1063
2837
1584
126556
2136
1353
1307
4014
1307
1608
6625
1353
1046
12652
32912
1317
4556
2136
1747
1608
1319
4190
10651
1454
4556
1409
1041
1307
2782
1307
1353
8719
1608
1046
9748
2744
10217
1319
1085
61868
1041
1395
62740
7850
1536
1608
1321
1353
1046
4493
3788
1376
4556
1746
1085
1058
4556
50750
8429
1107
1125
1032
1050
1952
1110
1462
1312
1085
1124
14522
3886
2534
1317
11811
1455
1608
1395
1261
9305
1733
1307
28483
1319
2653
4891
2016
1577
3626
7377
1044
3120
3387
1353
1455
8688
1608
1435
9305
1733
16162
1736
1608
1435
1261
9305
1733
1063
13830
1693
1608
1681
26524
1584
19469
1307
1353
1681
26524
1046
3626
9134
1058
1608
1681
26524
1584
4811
12197
1294
28483
1046
3367
1353
6987
3385
12197
1044
2430
1608
10249
1435
9305
1733
1319
87088
1454
7185
6689
1864
2308
1428
1286
1577
3626
3120
1278
12270
1307
9305
1733
1307
1353
3369
1278
4213
1294
3542
1059
14842
1046
4493
4014
6113
1338
12598
1681
2688
1454
3336
1766
1049
1044
1050
1044
1051
1093
1409
1061
1051
1046
1308
1061
1051
1046
7672
102451
1608
1454
4556
1032
1051
1058
27923
4891
10651
1063
26524
1058
1445
1051
1125
1319
3386
1032
1051
1041
2297
1312
1085
111137
1049
1046
1445
1049
1044
1050
1125
1319
10855
1032
1049
1043
1050
1041
2297
1312
1085
111137
1050
1046
11623
6218
1063
1445
1049
1044
1051
1125
4556
1052
1044
1445
1050
1044
1051
1125
4556
1053
1046
4493
2295
1608
1681
1046
6830
4556
1032
1050
1952
1051
1045
1049
7055
1052
1867
1032
1050
1952
1051
1045
1050
7055
1050
2297
3788
1032
1054
1046
14175
4848
1032
1054
1046
13649
5338
20396
1766
1050
1044
1051
1044
1051
1093
1409
1061
1053
1046
1308
1061
1051
1046
28483
1376
1766
1050
1044
1051
1044
1051
3077
7672
102451
1608
4556
1032
1053
1058
32975
1058
1445
1050
1044
1051
1125
2505
2158
1032
1050
1321
2158
1032
1051
1063
26524
1445
1049
1044
1050
1125
4213
1032
1050
1043
1051
1061
1053
1046
1445
1050
1044
1051
1125
2505
2158
1032
1050
1321
2667
1032
1051
26524
1445
1049
1044
1051
1125
4213
1032
1050
1043
1051
1061
1053
1046
9840
1445
1051
1044
1063
1125
2667
1032
1051
9412
4556
1051
1046
9840
1445
1051
1044
1063
1125
13162
1445
1051
1044
1063
1125
1836
2147
1046
9840
1445
1050
1044
1051
1044
1063
1125
1809
4556
3006
1053
1046
4493
1608
10651
1058
1445
1049
1044
1050
1125
1321
1445
1049
1044
1051
14522
9840
2481
2156
1402
1445
1050
1044
1051
1125
1454
2960
1032
1051
1681
1063
4556
1032
1054
1046
4493
2295
1608
1681
2744
3729
1032
1050
1046
6830
3788
1376
1032
1050
1952
1051
1045
1050
7055
1050
1394
2744
2297
1032
1050
1043
1050
1061
1052
1046
27039
1032
1052
14175
1033
13649
1338
20396
1766
1049
1044
1050
1044
1051
1093
1409
1061
1055
4848
1032
1048
1046
1308
1061
1051
1044
6705
4556
1032
1054
1044
1878
1032
1048
1338
20396
1766
1053
1044
1049
1093
1409
1061
1053
4848
1032
1055
5138
1317
2688
1046
9246
1681
2688
1454
13284
1058
1308
1061
1050
1046
28483
18359
1053
1044
1049
3077
7672
102451
1608
4556
1032
1053
1058
1445
1053
1125
4891
1049
3729
1049
1046
9840
1445
1053
1044
1063
1125
13162
1445
1053
1044
1049
1125
4556
1054
1046
1445
1049
1125
4556
1049
1046
4493
2342
1608
1376
1445
1053
1125
1319
8332
1049
1577
9840
13162
1445
1049
1044
1063
1125
1836
1046
4493
1925
1608
1454
3729
1049
1046
6830
3788
1376
1032
1050
1952
1050
1045
1049
7055
1050
1046
3626
2688
64629
1032
1055
1046
4493
13284
1032
1050
1952
1110
1045
1124
1085
82516
24372
1394
1593
2937
1046
12211
1063
9246
1681
20189
1766
1053
1044
1049
1093
1409
1061
1053
1046
9246
1681
23898
24002
2505
9781
2866
1338
70412
1376
1766
1053
1044
1049
3077
3797
9305
3224
1353
1319
1052
3788
3640
1045
19361
1058
4053
1032
1048
1626
1045
1445
1053
28748
1766
1053
3077
7672
102451
1058
58208
1445
1053
14522
4556
1053
2297
1445
1053
1125
2297
4053
1032
1049
1626
1045
1445
1049
28748
1766
1049
3077
4556
1053
11518
2297
1048
1626
1045
1445
1053
1044
1049
28748
1766
1053
1044
1049
3077
7672
102451
1058
58208
1445
1053
4179
1445
1049
4179
1445
1053
1044
1049
14522
62503
1058
1053
1044
1049
1044
1054
1046
1445
1053
1125
4556
1053
2297
1049
1046
4493
4053
1032
1049
1338
13458
4556
19558
1376
1032
1049
1043
1048
1043
1049
1376
1050
1046
3626
2688
64629
1032
1055
1046
4493
2036
9781
19190
1307
1429
6156
39318
1034
13162
24875
11074
9305
3224
1536
4213
1044
1605
12197
1063
3247
13162
1429
6156
39318
1307
28483
1034
6987
1747
49581
1319
3715
20594
66557
3542
28197
3626
8953
3607
8223
9305
1733
7754
4938
24925
3542
1046
3886
2688
64629
1032
1055
1394
1766
1053
1044
1049
1093
1409
1061
1053
1046
5646
1681
17183
1046
9246
1681
2688
2147
11277
1058
1766
1049
1044
1051
1044
1055
1044
1056
1093
1409
1061
1049
2297
4848
1032
1056
1046
1308
1061
1052
1046
3367
13284
1032
1050
1952
1110
1045
1124
1085
82516
13162
1063
9246
1681
24002
23898
13162
1338
3890
2688
1766
1053
1044
1049
1093
1409
1061
1053
64629
1032
1055
1046
9246
1681
3352
1317
3219
2549
36359
2481
5628
1032
1055
1046
1308
1061
1050
1044
3788
9305
3224
1353
1376
1032
1052
1046
3367
4053
1307
2744
1353
93789
1376
1032
1055
1044
6931
3006
1049
1046
4493
13162
4053
24875
2782
1307
9305
3224
1319
87088
3907
66012
1063
28197
1809
1032
1055
3006
1032
1052
1044
1878
4016
4014
4433
2849
1046
26243
1429
6156
102451
1307
28483
1034
6987
1747
49581
1319
3570
6354
2405
8122
1041
1321
4053
24875
2782
1307
9305
3224
1319
6156
24941
1041
1307
1455
9305
1733
1455
4556
1317
1409
1044
1809
2095
9305
3224
1307
1278
9305
1733
6090
1435
10651
1063
3367
3542
6354
2405
8122
1044
2430
9305
3224
1307
1261
2016
1584
2586
49581
1046
3626
3637
6705
2782
1307
49581
1307
1261
2016
1307
3729
1032
1050
1395
1032
1052
1046
4493
4556
19558
6560
17717
3788
2782
1307
49581
5669
1747
1353
1046
3626
1032
1055
3006
1032
1052
1044
1878
12494
1429
6156
39318
1034
6987
36359
1454
58979
2754
4057
1408
4213
1063
3247
13162
1278
12270
1058
1429
1784
4053
1307
1261
9305
1733
1395
6493
1435
1278
2782
1307
2246
9305
3224
1455
4556
1317
1409
2613
3060
1429
4845
1307
19558
1307
1747
9305
3224
1307
28483
2613
17048
1429
6156
39318
1034
3226
4938
89045
2155
5477
1063
3501
1044
9305
1733
12837
1605
89045
1046
3626
13162
2127
4014
1747
9305
3224
1319
21917
3385
1454
13578
4213
28197
24578
6705
1032
1052
1338
28191
2688
1766
1053
1044
1049
1093
1409
1061
1053
64629
1032
1055
1046
9246
1681
2688
1766
1053
1044
1049
1093
13162
2127
4014
9305
3224
1307
28483
1435
1747
4171
9305
3224
1319
21917
3385
1454
13578
26524
1063
1809
1308
1061
1050
1577
35032
1681
2490
1338
12598
1681
3346
8953
3607
2790
1058
1429
36296
1420
15748
4460
28483
1321
1261
6818
15748
1409
1044
16716
1278
4556
1307
19558
1307
1747
9305
3224
1307
28483
1046
1531
4053
1307
1261
9305
1733
1395
6493
1435
1278
2782
1307
2246
9305
3224
1455
4556
1317
1409
4043
33703
1429
6156
39318
1307
28483
1034
4938
2258
9305
1733
1319
21917
9829
28197
1321
4053
24875
2782
1307
2246
9305
3224
1319
87088
3907
1278
9829
9305
1733
28197
1809
1409
6818
1878
9829
1605
4014
1338
3890
2688
1766
1053
1044
1049
1093
1409
1061
1053
64629
1032
1055
1046
9246
1681
3352
1317
92098
6613
23898
1454
4171
19190
1058
17048
2127
3369
1747
9305
3224
1319
21917
3385
1455
1584
1605
20594
89045
1041
1809
2095
4014
2744
9305
1733
1681
4053
1435
2782
1307
2246
9305
3224
1319
6156
24941
1307
2246
6689
1041
1455
4556
1317
1409
1044
1321
2430
4556
2136
1747
9305
3224
1307
28483
1319
21917
3385
1455
1584
1605
20594
11074
1536
4213
1063
3626
3637
2782
1307
9305
3224
1307
28483
1307
5592
1032
1050
1395
1032
1052
1046
4493
4556
19558
6705
1032
1052
1693
2744
4053
9120
2782
1307
2246
9305
3224
1319
11018
1395
1032
1050
1952
1124
1084
1124
26317
2898
1353
3729
1032
1050
1044
4053
6705
1032
1052
1046
4493
3788
4556
19558
5669
1747
1032
1052
1353
2481
1402
2015
1317
13162
1032
1052
1043
1063
49032
1353
19732
1058
19361
4053
1032
1048
1059
3729
1049
1058
2295
1353
2744
4053
1513
2725
1032
1049
1319
1391
3584
33197
1409
1577
3729
1050
1058
1925
1353
4053
1513
2725
1032
1052
1046
4493
6705
3788
1376
1032
1049
1043
1049
1043
1052
1376
1054
1046
3626
2688
64629
1032
1055
1044
63118
1032
1054
1046
4493
2036
6705
7773
8462
3147
13162
9305
3224
1307
1353
4626
3385
1455
1584
1605
20594
49581
1307
1353
1681
6689
1063
3501
1338
34976
2036
19190
1307
1429
6156
39318
1034
13162
1605
66557
3542
1063
3247
13162
1429
6156
39318
1034
4938
1429
28743
1034
1319
3570
6354
2405
8122
1041
1321
1429
6156
102451
1307
1261
9305
1733
1034
2095
49581
1046
3626
3637
6705
49581
1307
1261
1032
1050
65251
2016
1395
1032
1052
1046
4493
3788
4556
5669
1747
49581
1307
28483
1319
33211
1584
1032
1052
49581
1041
2481
1402
2015
1317
1032
1052
1042
1052
1061
1049
1054
1693
2744
19469
1934
4053
1032
1052
1046
3626
2688
1032
1055
1395
54237
1338
12598
1681
2688
3336
1766
1049
1044
1050
1044
1051
1093
1409
1061
1051
4848
1032
1054
1046
3367
1729
4020
9305
3224
1435
49581
1319
1714
8045
3542
1574
2430
28483
3181
1049
1044
1050
1044
1051
14522
7672
24941
1307
28483
1058
1032
1056
49581
1046
2898
2744
19469
1353
1044
4053
1376
2782
1307
49581
1608
1307
1353
1454
4556
1032
1051
1046
9246
1681
24002
1058
49581
1353
1321
4053
1877
1045
19361
1058
1048
1010
1045
1445
1049
28748
49581
1058
58208
1123
1049
1125
4556
1051
1063
11518
1032
1048
1010
1045
1445
1050
28748
1048
1010
1045
1445
1051
28748
49581
1058
58208
1123
1051
1125
4556
1051
2297
1049
1010
1045
1445
1049
1044
1050
28748
49581
1058
58208
1123
1049
72233
1050
72233
1049
1044
1050
1125
62503
1058
1049
1044
1050
1044
1051
2297
1445
1049
1044
1050
1125
4556
1051
2297
1049
1010
1045
1445
1049
1044
1051
28748
49581
1058
58208
1123
1049
72233
1051
72233
1049
1044
1051
1125
62503
1058
1049
1044
1051
1044
1052
2297
1445
1051
1125
4556
1051
2297
1049
1010
1045
1445
1050
1044
1051
28748
49581
1058
58208
1123
1050
72233
1051
72233
1050
1044
1051
1125
62503
1058
1050
1044
1051
1044
1053
2297
1445
1051
1125
4556
1051
2297
1049
1010
1045
1445
1049
1044
1050
1044
1051
28748
49581
1058
1032
1056
49581
1046
23312
4556
1032
1051
1058
1445
1051
4179
1445
1049
1044
1050
14522
9840
13162
1445
1049
1044
1050
1125
2342
1046
4493
4053
1032
1050
1338
16536
19558
1058
1032
1048
1043
1048
1043
1048
1043
1049
1043
1049
1043
1049
1043
1049
1043
1050
1376
1054
1046
49986
1435
3066
1033
4493
19469
19190
2095
10177
1032
1054
1394
1766
1049
1044
1050
1044
1051
1093
1409
1061
1051
1338
12082
2688
1766
1050
1044
1051
1044
1051
1093
1409
1061
1053
4848
1032
1052
1046
7672
24941
1307
28483
1058
4213
1445
1050
1044
1051
1044
1051
1125
1809
9134
2156
1584
28767
4213
1046
3367
1729
4020
1435
3528
44400
49581
1319
3326
26524
1574
2156
1584
1032
1050
1094
1051
1061
1056
49581
1319
3326
26524
1577
3626
1693
1729
4020
1435
10651
1454
66012
1044
13162
11074
49581
1536
2632
3528
44400
1063
9246
1681
2688
1454
26524
49581
1319
1288
3066
1041
7867
1032
1052
1046
3367
1729
4020
1435
10651
54048
3542
1809
18528
66012
1063
67706
3637
5628
1032
1052
1046
4493
2960
56294
5628
1032
1052
1338
12082
2688
1766
1053
1044
1049
1093
1409
1061
1053
64629
1032
1055
1046
9246
1681
24002
1454
19469
19190
1319
3326
26524
1577
28483
26524
1032
1048
1058
1053
1044
1032
1049
1058
1049
1046
7672
24941
1319
3326
26524
1041
1307
28483
1058
1032
1052
49581
1058
58208
1445
1053
4179
1445
1049
4179
1445
1053
1044
1049
14522
56285
1877
1045
19361
1058
1048
1010
1045
1445
1053
28748
49581
1058
58208
1123
1053
1125
4556
1053
2297
1049
1010
1045
1445
1049
28748
49581
1058
58208
1123
1049
1125
4556
1053
2297
1048
1010
1045
1445
1053
1044
1049
28748
49581
1058
58208
1123
1053
72233
1049
72233
1053
1044
1049
1125
62503
1058
1053
1044
1049
1044
1054
2297
1445
1053
1125
4556
1053
2297
1049
1010
16536
1376
1032
1050
1046
24578
1032
1050
1044
1605
1032
1055
1338
7493
1693
1429
6156
39318
1034
4938
1747
4171
82901
1307
6689
15249
124440
1063
3501
1338
33703
1278
4053
24875
2782
1307
9305
3224
1319
3715
20594
1307
1455
9305
1733
1044
1809
1307
4618
28483
28197
32844
8953
3607
1058
1429
1784
4053
1307
1261
9305
1733
1395
6493
1435
1278
2782
1307
2246
9305
3224
1455
4556
1317
1409
2613
4493
1494
1681
2782
1307
2246
3754
9305
3224
1338
3890
2688
1766
1053
1044
1049
1093
1409
1061
1053
1376
1055
12551
13162
2127
4014
9305
3224
1307
28483
1435
1747
4171
9305
3224
1319
21917
3385
1455
1584
1605
20594
89045
1041
1321
4053
24875
2782
1307
9305
3224
1307
1278
4618
28483
1455
4556
1317
1409
1321
1584
14563
1294
1455
9305
1733
1063
5646
1681
2549
1729
2697
1338
3890
1032
1055
3006
3788
2782
1307
9305
3224
1307
28483
1319
1052
1577
4493
13162
2127
3369
1747
9305
3224
1307
28483
1319
21917
3385
1455
1584
1605
20594
11074
1536
12197
1063
13162
2127
4014
2744
9305
1733
6245
5213
4057
1408
4433
2849
1577
3247
13162
1278
4460
1710
1736
13578
6689
1321
2127
4014
9305
3224
1435
14170
1319
3570
22482
1041
1321
4053
24875
2782
1307
9305
3224
1319
102451
1041
1307
1455
9305
1733
1455
4556
1317
1409
1046
3626
3637
2782
1307
9305
3224
1307
1261
7980
1307
5592
1032
1050
1395
1032
1052
1319
21917
9829
1577
4493
4556
19558
6705
1032
1052
1043
1063
49032
1693
1729
1736
1032
1052
9305
3224
1307
28483
1044
2744
1710
1736
4053
2015
1317
1032
1052
1044
3788
6705
1032
1049
1054
1046
1032
1055
1395
4171
1046
9246
1681
24002
19558
1394
1766
1053
1044
1049
1093
1693
1729
3369
9305
3224
1435
14170
1319
3570
33063
1041
1321
4014
11074
9305
3224
1536
4213
1063
3626
3637
2782
1307
9305
3224
1307
1261
5592
1045
1050
7980
1395
1032
1052
1319
12647
1044
2158
1044
2667
1044
2960
1577
4493
19558
1435
3066
1032
1049
1044
1048
1044
1049
2297
3788
1032
1050
1046
5500
1032
1055
1338
33703
2127
4014
9305
3224
1307
28483
1435
1747
4171
25674
1319
6156
24941
1041
1809
4053
24875
2782
1307
49581
1319
2935
1455
19469
1041
1455
4556
1317
1409
1044
1321
2430
2127
4556
2136
1747
49581
1307
28483
1319
21917
9829
1577
3626
1729
4884
1032
1050
1338
7493
1693
2127
3369
1747
9305
3224
1319
21917
3385
1455
1710
1402
7563
1536
62005
6689
1044
1809
2095
2127
4014
1278
9829
9305
1733
1435
4583
4053
1063
1809
1409
1061
1053
6818
1577
5500
1338
12598
1681
2688
3866
3336
1562
4206
1058
1766
1049
1093
1409
1061
1049
2297
4848
1032
1049
1046
1308
1061
1049
1044
28483
18359
1049
3077
7672
102451
1307
28483
1058
19361
1321
1445
1049
14522
56285
1058
19361
1048
1044
1445
1049
1125
9305
3224
1058
58208
1123
1049
1125
4556
1049
2297
1049
1046
12153
1032
1049
1046
14175
1338
1091
1053
1044
1049
1093
1409
1061
1053
2297
1032
1055
1046
25298
1494
1402
1455
2127
4014
1747
9305
3224
1307
28483
1319
21917
3385
1454
13578
6689
28197
1809
13162
2127
3369
1429
6156
39318
1034
1435
2258
10439
1307
6689
3816
5590
1317
3542
1044
1809
2095
4014
2744
10439
6245
5213
4057
1408
2782
1307
9384
1317
8427
1063
3501
1338
12598
1681
3346
1278
2688
5443
2951
1058
2453
10234
1044
2156
1395
1429
8723
15605
9038
1053
1044
1032
1049
3605
1032
1053
1041
2351
1032
1055
3871
4493
21752
1032
1055
1338
33703
2036
9705
1307
1429
4845
1307
19558
1307
1747
9305
3224
1307
28483
1034
4938
1058
2898
2744
9305
1733
1335
1307
28483
1319
21917
13162
2767
8046
55568
1574
24002
4053
13977
1041
1376
2782
1307
9305
3224
1307
1335
1319
1105
4185
3109
9305
3224
1307
1335
1041
1455
4556
1317
1409
1046
6830
4556
4053
13977
1041
2136
1747
1335
1046
3626
1729
4884
1032
1050
1046
12211
1032
1055
1063
9246
1681
23898
42478
1747
9305
3224
1335
1307
1766
1053
1044
1049
1093
1693
1729
3369
9305
3224
1435
14170
66557
3542
1044
1809
13162
2127
4014
9305
3224
1307
1335
1455
4556
1317
1409
6987
3385
1455
1584
1605
20594
89045
1321
13162
2127
4014
2744
9305
1733
6245
5213
1693
2156
1584
28767
4213
1063
3626
1766
1053
1044
1049
1093
1934
11074
4213
1046
9246
1681
2951
1747
9305
3224
1335
1307
1766
1053
1044
1049
1093
1319
3326
26524
4244
1032
1010
1045
1335
1048
1376
14573
1319
12647
1041
4053
1032
1048
1010
1045
1335
1049
1376
1766
1053
1093
1319
11517
3584
1041
4053
1032
1049
1319
6156
39318
1766
1053
1093
62503
1317
1032
1053
1456
1045
1335
1050
1376
1766
1049
1093
1319
13023
1041
4053
1032
1048
1010
1045
1335
1051
1376
1766
1053
1044
1049
1093
4053
1032
1049
1319
6156
39318
1766
1053
1093
62503
1317
1032
6420
1063
49032
1766
1053
1044
1049
1093
9305
3224
1058
50267
1766
1053
3605
1766
1049
3605
1766
1053
1044
1049
3077
14099
1766
1053
1093
62503
1317
1032
1053
1046
4493
4053
1032
1049
9381
16536
1376
1032
1050
1338
7493
1693
2127
3369
1747
9305
3224
1307
28483
1044
1809
2095
4626
3385
1455
1584
1605
20594
9305
3224
1307
28483
1063
3501
1338
33703
1429
6156
39318
1034
3226
4938
1429
2673
55568
2155
5477
69235
9246
1681
2688
1058
2898
1766
1053
1044
1049
1093
89045
2155
93158
1058
1766
1053
3605
1766
1049
3605
1766
1053
1044
1049
3077
56285
1058
1766
1053
1093
4053
1032
1049
1319
6156
102451
1307
1766
1053
1093
4556
1053
1376
1049
1577
1766
1049
1093
4053
1032
1048
1046
1766
1053
1044
1049
1093
89045
2155
5477
1044
2246
9305
3224
1319
2673
55568
1063
1505
2258
1063
3367
9305
3224
1307
1261
2155
5477
4938
1747
9305
3224
1319
3715
20594
89045
1041
1307
1455
2155
5477
1046
2898
1766
1053
1044
1049
1093
2155
5477
1044
9305
3224
1058
50267
1766
1053
3605
1766
1049
3605
1766
1053
1044
1049
1093
4906
4053
1032
1049
1046
10852
1376
1050
1046
3367
2127
4014
2342
89045
9305
3224
1319
1105
4185
3109
2155
31574
93158
1041
1307
1766
1053
1044
1049
1093
1455
4556
1317
1032
1053
1058
1766
1053
1093
1321
1766
1053
1044
1049
1093
1063
1766
1053
1044
1049
1093
4556
1054
1046
4493
2342
1766
1053
1093
2297
4053
1032
1049
1046
10852
1032
1050
1338
5484
1032
1055
1338
33703
2127
4014
1747
9305
3224
1307
28483
1319
21917
3385
1454
13578
6689
1063
1809
1308
1061
1050
1577
25298
1494
1402
1455
2127
3369
1429
6156
39318
1034
1435
2258
10439
1307
6689
15249
6245
65438
1307
2879
3584
1063
3501
1338
12598
1681
3352
1317
16448
81078
1258
1278
13284
1562
2688
5443
1046
2837
1736
3325
2688
5443
1046
9246
1681
2951
4629
25675
2100
1045
1766
1049
1044
1050
1044
1051
3605
1409
1061
1051
2297
1032
1054
1010
1045
1766
1050
1044
1051
1044
1051
3605
1409
1061
1053
2297
1032
1052
1010
1045
1766
1049
1044
1050
1044
1051
3605
1409
1061
1055
2297
1032
1048
1010
1045
1766
1049
3605
1409
1061
1049
2297
1032
1049
1010
1045
1766
1053
1044
1049
3605
1409
1061
1053
2297
1032
1055
1010
1045
1766
1055
1044
1053
1044
1049
1048
1044
1056
1044
1050
1044
1051
1044
1054
3605
1409
1061
1052
2297
1032
1048
1010
1045
1766
1057
1044
1049
1048
1044
1050
1044
1049
1044
1057
1044
1053
1044
1057
1044
1055
1044
1053
3605
1409
1061
1050
2297
1032
1050
1053
1054
1010
1045
1766
1053
1044
1056
1044
1056
3605
1409
1061
1049
2297
1032
1048
1010
1045
1766
1049
1044
1051
1044
1055
1044
1056
3605
1409
1061
1049
2297
1032
1056
1010
1045
1766
1056
1044
1049
1044
1049
1044
1056
1044
1055
3605
1409
1061
1050
2297
1032
1056
1010
1045
1766
1053
1044
1049
3605
1409
1061
1053
2297
1032
1055
1319
115501
1456
1045
1766
1051
1044
1049
1055
1044
1050
1044
1055
3605
1409
1061
1049
1055
2297
1032
1056
1010
1045
1766
1057
1044
1054
1044
1052
1044
1054
1044
1056
3605
1409
1061
1057
2297
1032
1049
1054
1010
1045
1766
1050
1044
1053
1044
1053
1044
1049
1044
1053
3605
1409
1061
1054
2297
1032
1050
1052
1010
1045
1766
1050
1057
1044
1052
1057
1044
1056
1049
1044
1057
1044
1051
1051
1044
1049
1054
1044
1054
1048
1044
1050
1057
1044
1053
1052
1044
1057
1048
1044
1050
1044
1055
1054
1044
1052
1052
1044
1051
1051
1044
1049
1052
1044
1050
1052
1044
1055
1051
3605
1409
1061
1053
1055
2297
1032
1054
1053
1053
1051
1054
1010
1045
1766
1050
1053
1044
1052
1056
1044
1057
1053
1044
1051
1055
1044
1054
1055
1044
1056
1054
1044
1056
1051
1044
1053
1048
1044
1057
1057
1044
1049
1052
1044
1050
1055
1044
1054
1055
1044
1055
1048
1044
1051
1052
1044
1052
1051
1044
1054
1049
1044
1049
1044
1056
1049
1044
1056
1056
1044
1049
1051
1044
1056
1054
1044
1057
1044
1049
1051
1044
1051
1055
1044
1051
1054
1044
1052
1050
1044
1051
1050
1044
1050
1049
1044
1052
1044
1055
1051
1044
1052
1052
1044
1056
1056
1044
1049
1054
1044
1055
1049
1044
1049
1054
1044
1053
1052
1044
1055
1052
1044
1051
1052
1044
1050
1055
1044
1055
1057
1044
1051
1049
1044
1054
1053
1044
1052
1050
1044
1055
1056
1044
1049
1053
1044
1052
1048
1044
1055
1057
1044
1050
1055
1044
1050
1044
1051
1044
1053
1053
1044
1050
1048
1044
1057
1052
1044
1054
1051
1044
1054
1049
1044
1050
1056
1044
1049
1057
1044
1049
1056
1044
1049
1053
1044
1050
1053
1044
1053
1044
1050
1048
1044
1049
1049
1044
1049
1051
1044
1049
1050
1044
1051
1049
1044
1050
1053
1044
1056
1048
1044
1049
1051
1044
1056
1050
1044
1057
1053
1044
1056
1055
1044
1057
1054
1044
1055
1057
1044
1050
1044
1056
1051
1044
1051
1054
1044
1054
1057
1044
1054
1056
1044
1056
1050
1044
1052
1049
1044
1050
1050
1044
1057
1051
1044
1049
1051
1044
1049
1049
1044
1055
1052
1044
1050
1057
1044
1057
1052
1044
1052
1048
1044
1055
1056
1044
1049
1048
1044
1053
1055
1044
1049
1050
1044
1052
1044
1056
1048
1044
1051
1048
1044
1052
1049
1044
1055
1051
1044
1054
1052
1044
1056
1057
3605
1409
1061
1049
1048
1048
2297
1032
1050
1054
1057
1049
1050
1052
1051
1048
1050
1010
1045
28483
1049
5327
2297
1032
1052
1048
1050
1050
1054
1051
1049
1051
1049
1010
1045
28483
1050
2297
1032
1050
1054
1057
1049
1050
1052
1051
1048
1050
1010
1045
28483
1051
2297
1032
1051
1052
1048
1057
1052
1048
1054
1048
1050
1010
1045
28483
1052
2297
1032
1052
1053
1050
1051
1053
1053
1049
1050
1049
1010
1045
1766
1056
33666
1049
1048
1048
1044
1409
1061
1049
1052
2297
1032
1048
1267
4268
2534
1317
3081
2254
1455
28248
2576
1338
12598
1681
3352
1317
3219
5965
1454
3709
11277
1338
10107
1044
9134
1455
3325
25675
1584
19558
1307
1032
1050
1058
1032
1054
1319
3715
4053
1307
1032
1050
1574
1032
1052
1319
1050
1094
1050
1574
1032
1048
1044
1032
1049
1319
1050
1094
1048
1574
1032
1055
1319
3715
4053
1307
1032
1050
1574
1032
1050
1053
1054
1319
1050
1094
1056
1574
1032
1048
1044
1032
1056
1319
1050
1094
1051
1574
1032
1056
1044
1032
1056
1044
1032
1048
1044
1032
1049
1054
1319
1050
1094
1052
1574
1032
1050
1052
1319
3715
4053
1307
1032
1050
1574
1032
1054
1053
1053
1051
1054
1319
1050
1094
1049
1054
1574
1032
1050
1054
1057
1049
1050
1052
1051
1048
1050
1319
3715
4053
1307
1032
1050
1574
6704
1338
33703
1278
2254
24875
4433
2479
1058
2898
2744
9305
1733
1353
1307
28483
1044
4053
14621
1041
1376
2782
1307
9305
3224
1608
1307
1353
1454
4556
1409
1046
6830
3788
4556
1046
3626
9781
1729
13233
3788
1376
4556
1746
1085
1058
4556
50750
8429
1107
1125
1032
1050
1952
1110
1462
1312
1085
82516
1693
1729
14649
2744
1608
35509
5785
1651
2246
4891
2016
1044
1321
1353
2258
2842
49887
1046
3626
1455
7867
1032
1050
1394
1766
1053
1044
1049
1093
1809
2688
8223
1032
1055
1046
4493
13162
1278
36359
1395
2801
1058
12494
2127
3369
1747
9305
3224
1353
1307
28483
1044
1321
1394
2744
1353
1044
4053
14621
1041
1376
2782
1307
9305
3224
1608
1307
1353
1319
21917
3385
1455
2188
1605
1402
9305
3224
1307
28483
1063
1809
1608
1395
9305
1733
1307
1353
1044
1878
16162
9305
1733
1307
28483
1041
1455
4556
1317
1409
1046
3060
2430
2127
4556
4053
14621
1577
3626
1729
21564
1455
1435
4556
1746
1085
1125
1032
1050
1952
1110
1462
1312
1085
82516
27408
2744
1608
1395
6493
1536
2246
4891
2016
1044
1321
1353
2258
2842
49887
1046
3626
1455
7867
1032
1050
1394
1766
1053
1044
1049
3077
12211
70385
1063
9246
1681
6716
33295
1454
1455
13284
1394
1766
1053
1044
1049
1093
1308
1061
1050
1046
7672
102451
1608
1454
4556
1032
1053
1058
1799
4891
10651
1063
26524
1058
1445
1048
1125
1319
3386
1032
1053
1041
3729
1049
1046
9840
13162
1445
1048
1044
1049
1125
4556
1054
1046
1445
1049
1125
4556
1049
1046
4493
2342
1608
1376
1445
1048
14522
6830
3788
1376
1032
1050
1952
1050
1045
1049
7055
1050
1046
3626
2688
8223
1032
1055
1046
4493
13162
2127
4014
1608
1435
11074
1536
4213
1044
1605
1536
26524
1063
3367
2156
1584
28767
4213
1044
1809
3226
11074
1046
24578
1032
1050
1338
33703
2127
4014
1747
9305
3224
1353
1307
28483
1044
1321
1394
2744
1353
1044
4053
14621
1041
1376
2782
1307
9305
3224
1608
1307
1353
1319
5383
1608
1395
2258
9305
1733
1307
1353
1044
1809
1353
7423
1395
1261
9305
1733
1307
28483
1577
3060
2127
4556
2136
1747
1353
1046
5646
1681
2549
1729
2697
1046
3626
13162
2127
4014
1353
1435
1747
9305
3224
1307
28483
1044
1809
2095
4626
1278
9829
9305
1733
1063
91218
5656
1046
24578
1032
1050
1338
28191
1044
13162
1429
6156
39318
1034
4938
1429
28743
1034
1319
3570
6354
2405
8122
1041
1321
2127
4014
1747
49581
1307
28483
1319
1050
48550
1577
3060
4053
1307
1261
19469
1335
1395
2782
1307
49581
1608
1307
1335
1454
4556
1409
1046
6830
3788
4556
2136
1747
49581
1335
1307
28483
1307
39201
49581
1608
1307
1335
4556
1409
1577
9246
1681
24002
1455
1394
1766
1053
1044
1049
1093
1308
1061
1050
1046
7672
24941
1335
1307
28483
1319
3326
4213
1044
1809
2156
1584
1032
1052
49581
1058
58208
1445
1053
4179
1445
1049
4179
1445
1053
1044
1049
14522
56285
1435
49581
1058
1032
1010
1045
19361
1058
49581
1307
19361
1376
2342
58208
4556
1053
1063
1836
2297
1048
1010
1045
1445
1053
28748
49581
1058
58208
1123
1053
1125
2297
1445
1053
1125
4556
1053
2297
1049
1010
1045
1445
1049
28748
49581
1058
58208
1123
1049
1125
2297
1048
1010
1045
1445
1053
1044
1049
28748
49581
1058
58208
1123
1053
72233
1049
72233
1053
1044
1049
1125
2297
1445
1053
1125
4556
1053
2297
1049
1010
16536
1376
1032
1050
1046
24578
1032
1050
1338
7493
1693
2127
4014
1747
9305
3224
1319
87088
1454
59259
28197
3501
1338
33703
1278
4053
1307
1261
9305
1733
1395
6493
1435
1278
2782
1307
2246
9305
3224
1319
3715
20594
89045
1041
1455
4556
1317
1409
1044
1809
2127
4014
2744
9305
1733
1307
1278
4618
28483
1435
1261
1429
6156
39318
1034
1321
2430
4556
19558
1046
3626
1729
4884
1032
1050
1338
12598
1681
2688
3866
3336
1058
1766
1049
1044
1051
1044
1055
1044
1056
1093
1409
1061
1049
2297
4848
1032
1056
1046
1308
1061
1052
1046
3367
1729
2210
13284
4556
1746
1085
1058
4556
50750
8429
1049
1125
1032
1050
1952
1110
1045
1124
1085
1124
14522
7672
102451
1608
1454
4556
1032
1049
1058
1799
4891
10651
1063
28483
1376
1766
1049
1044
1051
1044
1055
1044
1056
3077
14099
1608
1376
1445
1049
1125
1319
3386
1032
1049
1041
3729
1049
1046
6830
3788
1376
1032
1050
1952
1052
1045
1049
7055
1056
1046
5646
14175
4848
1032
1056
1033
13649
1338
4922
1766
1056
1044
1049
1044
1049
1044
1056
1044
1055
1093
1409
1061
1050
2297
4848
1032
1056
1046
1308
1061
1053
1046
28483
1376
1766
1056
1044
1049
1044
1049
1044
1056
1044
1055
3077
7672
102451
1608
4556
1032
1050
1058
4171
1063
4213
1058
1032
1049
1043
1049
1061
1050
1046
3730
1584
2295
1032
1049
1681
1513
26524
1032
1049
1321
1032
1050
1319
1048
37601
1286
1577
4493
1608
2481
1402
1445
1049
1044
1050
1125
1319
3265
2295
1032
1049
1681
1577
9840
13162
1445
1049
1125
1063
1836
1046
9840
13162
1445
1056
20879
1063
1125
1836
1046
4493
1608
10651
1058
1278
10217
1307
1032
1049
1681
1046
3075
3325
4891
10651
1063
1531
2295
1032
1049
1681
1584
1513
12197
1032
1049
1321
1032
1050
1319
93651
1032
1048
1058
1056
1044
1049
1058
1049
1044
1050
1058
1049
1044
1051
1058
1056
1044
1052
1058
1055
1577
4493
2156
1395
10693
1925
4891
2016
1445
1049
1044
1050
1125
1319
31346
1278
2295
1032
1049
1681
1584
11074
1536
3980
1577
30926
1032
1050
1046
6830
13284
10177
1032
1050
1952
1053
1045
1050
7055
1056
1046
27039
1032
1056
14175
5338
4922
1766
1057
1044
1054
1044
1052
1044
1054
1044
1056
1093
1409
1061
1057
2297
4848
1032
1049
1054
1046
1308
1061
1053
1046
28483
1376
1766
1057
1044
1054
1044
1052
1044
1054
1044
1056
3077
7672
102451
1608
4556
1032
1057
1058
32975
1058
1445
1057
1125
3729
1049
1046
9840
1445
1054
1044
1063
1125
1032
1054
1043
1063
1061
1057
2297
1032
1051
1605
2988
1046
1445
1052
1044
1063
1125
1032
1052
1043
1063
1061
1053
1605
2988
1046
1445
1056
1044
1063
1125
1032
1056
1043
1063
1061
1049
1605
2988
1046
1445
1054
1044
1063
1125
13162
1445
1054
1044
1063
1125
1454
2147
1032
1054
1063
1032
1054
1043
1054
1061
1049
1050
1046
4493
2342
1608
1376
1445
1057
14522
6830
13284
10177
1032
1050
1952
1053
1045
1049
7055
1049
1054
1046
14175
5338
4922
1766
1050
1044
1053
1044
1053
1044
1049
1044
1053
1093
1409
1061
1054
2297
4848
1032
1050
1052
1046
1308
1061
1053
1046
28483
1376
1766
1050
1044
1053
1044
1053
1044
1049
1044
1053
3077
7672
102451
1608
4556
1032
1054
1058
32975
1058
1445
1050
1044
1063
1125
1032
1050
1043
1063
1061
1054
2297
1032
1052
1605
2988
1046
1445
1053
1044
1063
1125
1032
1053
1043
1063
1061
1054
2297
1032
1049
1046
4493
1608
1710
1402
1445
1053
1044
1049
14522
3730
1584
3300
1032
1053
1681
1319
64713
1032
1049
1044
1050
1044
1052
1041
1321
1925
1032
1049
1319
4190
1032
1051
1577
4493
1608
4891
10651
1058
12729
1925
1032
1053
1321
1278
1032
1049
1046
13920
1307
2516
4891
10651
1376
1032
1051
1319
31346
1032
1051
24207
1307
1032
1053
1577
9840
13162
1445
1050
1044
1063
1125
1836
1046
9840
1445
1049
1044
1053
1125
2879
1046
9840
13162
1445
1050
1044
1063
1125
1836
1046
9840
1445
1053
1044
1063
1125
1454
2295
1032
1053
1681
1063
1032
1053
1043
1053
1061
1049
1048
1046
4493
2342
1608
10651
1584
17684
1307
1319
1053
1044
1049
1577
3730
1584
1032
1051
2516
1608
10651
1044
2744
3729
1032
1050
1046
6830
13284
3788
1376
4556
1746
1085
1125
1032
1050
1952
1110
1462
1312
1085
82516
1376
1032
1051
1364
1032
1050
1952
1053
1045
1050
1125
1376
1032
1051
1364
1032
1056
1376
1032
1050
1052
1046
14175
4848
1032
1050
1052
5338
4922
1766
1053
1044
1056
1044
1056
1093
1409
1061
1049
2297
4848
1032
1048
1046
1308
1061
1051
1046
28483
1376
1766
1053
1044
1056
1044
1056
3077
7672
102451
1608
4556
1032
1049
1058
11518
1046
3788
1032
1048
1046
14175
1338
4922
1766
1051
1044
1049
1055
1044
1050
1044
1055
1093
1409
1061
1049
1055
2297
4848
1032
1056
1046
1308
1061
1052
1046
28483
1376
1766
1051
1044
1049
1055
1044
1050
1044
1055
3077
7672
102451
1608
4556
1032
1049
1055
1058
1445
1049
1055
1125
3729
1049
1046
9840
1445
1051
1044
1063
1125
1032
1051
1043
1063
1061
1049
1055
2297
1049
1052
1836
1046
1445
1050
1044
1063
1125
1032
1050
1043
1049
1053
1836
1046
1445
1055
1044
1063
1125
1032
1055
1043
1049
1048
1836
1046
1445
1051
1044
1050
1044
1055
7055
1049
1050
1046
4493
2342
1608
1376
1445
1049
1055
14522
6830
3788
1376
1032
1050
1952
1052
1045
1049
7055
1056
1046
14175
5338
4922
1766
1049
1044
1050
1044
1051
1093
1409
1061
1051
2297
4848
1032
1054
1046
1308
1061
1051
1046
1608
10651
4556
1032
1051
1058
1445
1051
1125
3729
1049
1044
1445
1049
1044
1050
1125
3729
1050
1046
3788
1376
1032
1050
1952
1051
1045
1049
1125
1867
1032
1050
1952
1051
1045
1050
1125
1376
1032
1052
1867
1032
1050
1376
1032
1054
1046
14175
5338
4922
1766
1050
1044
1051
1044
1051
1093
1409
1061
1053
2297
4848
1032
1052
1046
1308
1061
1051
1046
28483
1376
1766
1050
1044
1051
1044
1051
3077
1608
4556
1032
1053
1058
1445
1050
1044
2158
1051
1125
1321
1445
1050
1044
2667
1051
1125
2297
2295
1608
10651
3729
1050
1046
3788
1376
1032
1050
1364
1032
1050
1952
1051
1045
1050
1125
1376
1032
1050
1042
1050
1061
1052
1046
14175
5338
4922
1766
1055
1044
1053
1044
1049
1048
1044
1056
1044
1050
1044
1051
1044
1054
1093
1409
1061
1052
2297
4848
1032
1048
1046
1308
1061
1055
1046
28483
1376
1766
1055
1044
1053
1044
1049
1048
1044
1056
1044
1050
1044
1051
1044
1054
3077
7672
102451
1608
4556
1032
1052
1058
11518
1063
13162
1445
1063
1125
1032
1052
1605
2988
1046
4493
1032
1048
1046
14175
5338
4922
1766
1057
1044
1049
1048
1044
1050
1044
1049
1044
1057
1044
1053
1044
1057
1044
1055
1044
1053
1093
1409
1061
1050
2297
4848
1032
1050
1053
1054
1046
1308
1061
1057
1046
28483
1376
1766
1057
1044
1049
1048
1044
1050
1044
1049
1044
1057
1044
1053
1044
1057
1044
1055
1044
1053
3077
7672
102451
1608
4556
1032
1050
1058
32975
1058
1445
1050
1125
3729
1049
1044
1445
1049
1044
1049
1125
1063
2342
1925
1032
1049
1046
9840
1445
1063
1125
13162
1445
1063
1125
1032
1050
9412
1046
9840
1445
1049
1044
1049
1125
1605
4171
1046
9840
1445
1063
1125
1032
1050
1395
2342
4249
3584
1032
1050
1046
9840
13162
1445
1063
1125
1032
1049
1043
1063
1836
1046
4493
1608
10651
1058
1445
1050
1125
1319
4190
1307
1032
1050
1577
9840
13162
1445
1063
1125
2156
1395
2095
1261
1032
1050
1063
14099
1925
1032
1050
1046
9840
13162
1445
1049
1044
1063
1125
1836
1046
4493
2342
1608
1376
1445
1050
14522
6830
3788
1376
1032
1050
1952
1057
1045
1049
1125
1376
1032
1050
1053
1054
1046
14175
5338
4922
1766
1049
1093
1409
1061
1049
2297
4848
1032
1049
1046
1308
1061
1049
1046
1608
1376
1445
1049
1125
3729
1049
2297
1032
1050
1952
1049
1045
1049
7055
1049
1046
14175
5338
4922
1766
1056
33666
1049
1048
1048
1044
1409
1061
1049
1052
2297
4848
1032
1048
1046
1308
1061
1049
1048
1048
1046
28483
1747
1032
1056
1046
7672
102451
1608
4556
1032
1049
1052
1058
11518
3147
1032
1056
1043
1056
1061
1049
1054
1044
4249
1032
1056
1061
1056
1046
4493
1032
1048
1046
14175
5338
4922
1766
1053
1044
1049
1093
1409
1061
1053
2297
4848
1032
1055
1046
32844
9781
1729
1880
1766
1053
1044
1049
1093
1409
1061
1053
4848
1032
1055
1044
1809
2948
13284
2505
1608
10651
7867
1032
1050
1046
9246
1681
6716
33295
1766
1053
1044
1049
1093
1454
1593
13284
1058
1308
1061
1050
1046
28483
1376
1766
1053
1044
1049
3077
7672
102451
1608
4556
1032
1053
1058
1799
4891
10651
1063
1445
1053
1125
3729
1049
1046
9840
13162
1445
1049
1044
1063
1125
1836
1046
9840
13162
1445
1053
1044
1063
1125
1836
1046
4493
2342
1925
1608
2016
1445
1053
14522
6830
3788
1376
1032
1050
1952
1050
1045
1049
7055
1050
1046
3626
2688
64629
1032
1055
1046
4493
5782
3120
13284
2196
1394
1747
2147
11277
1809
7195
1394
1766
1053
1044
1049
1093
1063
9246
1681
4206
1278
2688
2951
1058
2453
10234
1044
2156
1395
1429
8723
15605
9038
1053
1044
1032
1049
3605
1032
1053
1041
2351
1032
1055
3871
3060
2095
4025
1429
8723
15605
9038
1053
1044
1032
1049
3605
1032
1053
1041
2351
1032
1055
1034
2790
1046
4493
1494
1681
21752
1032
1055
1046
4493
2948
13233
13284
4556
1746
1085
1125
1032
1050
1952
1110
1045
1124
1085
82516
10177
1032
1050
1394
1766
1053
1044
1049
3605
1809
6878
1032
1055
1046
4493
13162
2156
1584
7481
1608
10651
1729
21957
1063
9246
1681
2951
1747
9305
3224
1608
1307
1766
1053
1044
1049
1093
1454
4556
1032
1053
1046
25298
2156
1402
1608
1376
1445
1053
1044
1063
1125
1809
4556
1032
1053
1063
3501
1046
25298
2156
1402
1608
1376
1445
1049
1044
1063
1125
1836
1046
3626
13162
2127
3369
9305
3224
1307
28483
1455
1584
1605
20594
89045
1044
1809
2095
2127
4014
9305
3224
1307
1278
9305
1733
1353
1455
4556
1317
1409
1044
1321
2430
4556
2136
1747
1353
1046
3626
1729
5314
2697
1455
1321
4884
1032
1050
1046
32844
13162
2127
4014
1747
9305
3224
1353
1307
28483
1044
1321
1394
2744
1353
1044
4053
14621
1041
1376
2782
1307
9305
3224
1608
1307
1353
1319
5383
1608
1395
2258
9305
1733
1307
1353
1044
1809
1353
1395
1261
9305
1733
1307
28483
1041
1455
4556
1317
1409
1046
3060
1729
4556
2136
1747
1353
1046
3626
1729
13233
3788
1376
4556
1746
1085
1125
1032
1050
1952
1110
1045
1124
1085
82516
2425
23668
1455
2744
1608
1319
3326
4891
2016
1041
1395
35509
5785
1044
1321
1353
2258
2842
49887
1046
3626
13162
2127
4014
1353
1435
1747
9305
3224
1307
28483
1044
1809
2095
4014
1608
1435
1747
9305
3224
1307
1353
1044
1321
1693
2156
1584
6245
1608
1454
2879
4213
1809
2801
12197
1044
2127
1584
35509
25729
1046
5646
1681
2549
1729
2697
1046
24578
1032
1050
1338
3890
2688
64629
1032
1055
1046
9246
1681
23898
42478
1747
1353
1321
19558
1394
1766
1053
1044
1049
1093
1809
13162
1729
5711
1730
57919
19558
1046
9246
1681
2951
1747
9305
3224
1353
1307
1766
1053
1044
1049
1093
1319
3326
26524
1577
3730
1584
1032
1052
1058
1032
1010
1084
1048
1376
14573
4053
1032
1048
1010
1084
1049
1376
1766
1053
1093
4053
1063
9305
3224
1307
1766
1053
15558
50267
1766
1053
3077
4556
1053
2297
1445
1053
1125
2297
1049
1010
1084
1050
1376
1766
1049
1093
4053
1063
9305
3224
1058
50267
1766
1049
1093
2297
1048
1010
1084
1051
1376
1766
1053
1044
1049
1093
4053
1063
9305
3224
1307
1766
1053
1044
1049
15558
50267
1766
1053
3605
1766
1049
3605
1766
1053
1044
1049
3077
62503
1058
1053
1044
1049
1044
1054
1046
14099
1766
1053
1093
62503
1317
1032
1053
2297
1049
1046
4493
3788
1032
1050
1338
3890
13162
2127
3369
1429
6156
39318
1034
1307
1261
9305
1733
1353
1435
2258
9305
1733
1307
1278
4618
28483
1455
1395
14563
1294
1353
1063
5646
1681
2879
1338
7493
1693
2127
4014
4053
1435
2782
1307
9305
3224
1307
1353
1319
21917
3385
1455
1584
1605
20594
9305
3224
1307
28483
1063
1809
1353
1395
9305
1733
1307
28483
1044
1878
2258
9305
1733
1307
1353
1395
9305
1733
1307
28483
1577
24578
1032
1049
1338
33703
2127
3369
1429
6156
39318
1034
1307
28483
1435
2258
10439
1307
6689
15249
54813
1063
3501
1338
33703
1278
12270
1058
1429
1784
4053
1307
1261
9305
1733
1395
6493
1435
1278
2782
1307
2246
9305
3224
1455
4556
1317
1409
2613
3626
13162
1429
2383
9305
3224
1034
4938
9305
3224
1307
1278
4618
4460
28483
1455
1584
9305
3224
1307
1455
9305
1733
1063
5646
1681
2549
1729
2697
1338
3890
5782
1032
1055
1063
9246
1681
2688
3866
3336
1562
4206
1058
1766
1053
1044
1049
1093
1409
1061
1053
10249
15449
1044
39322
1032
1055
1046
9840
2156
1395
1766
1053
1044
1056
1044
1056
1093
1409
1061
1049
2297
1048
1044
1766
1049
1044
1051
1044
1055
1044
1056
1093
1409
1061
1049
2297
1056
1044
1766
1056
1044
1049
1044
1049
1044
1056
1044
1055
1093
1409
1061
1050
2297
1056
1046
4493
1766
1053
1044
1049
1093
1395
6061
1338
33703
2036
13284
4556
1746
1085
1125
1032
1050
1952
1110
1045
1124
1085
82516
1395
6298
1809
1362
21957
2269
1608
10651
1394
1766
1053
1044
1049
3077
9246
1681
2951
1747
4171
9305
3224
1608
1307
28483
1766
1053
1044
1049
1093
1319
3326
26524
1041
1454
4556
1032
1053
1046
3283
2961
1058
1032
1048
1058
1053
1044
1032
1049
1058
1049
1046
7672
102451
1319
3326
4891
10651
3640
1045
19361
4556
1048
1010
1045
1445
1048
1125
4556
1053
1010
1045
1445
1049
1125
4556
1049
1010
1045
1445
1048
1044
1049
1125
4556
1054
1010
8032
2342
1445
1048
1125
62503
1317
1032
1053
1046
4493
2342
1925
1608
1046
4493
13284
10177
1032
1050
1338
3890
2688
8223
1032
1055
1046
4493
13162
1278
4556
1395
2136
1747
9305
3224
1353
1307
28483
1307
1319
12856
1307
9305
3224
1608
1307
1353
1455
4556
1317
1409
1574
1809
2127
3369
1353
1435
1747
9305
3224
1319
21917
3385
1455
1584
1605
20594
9305
3224
1307
28483
1063
1809
1747
1353
1584
9305
3224
1577
24578
1032
1050
1338
33703
2127
4014
4053
1435
2782
1307
9305
3224
1307
1353
1455
4556
1317
1409
1044
1809
2127
2095
4014
1278
9829
9305
1733
1693
1409
1061
1048
1063
1809
1409
1061
1053
1338
33703
2127
3369
1429
6156
39318
1034
1307
28483
1435
2258
10439
1307
6689
2478
3542
22482
1809
2095
2127
4014
2744
9305
1733
6245
5213
4057
1408
1278
2782
1307
9384
1317
8427
1063
3501
1338
12598
1681
20189
1278
2688
2937
1766
1053
1044
1049
1093
1409
1061
1053
1376
1055
1046
25298
1494
1402
1455
2127
3369
1747
9305
3224
1307
28483
1319
21917
3385
1455
1584
1605
20594
89045
1041
1321
4053
1307
1261
9305
1733
1335
1395
2782
1307
9305
3224
1307
28483
1319
3715
1307
1335
1041
1455
4556
1317
1409
1321
1584
14563
1294
1335
1063
5646
1681
2879
1338
28191
13162
1278
12270
1058
1429
86199
1278
4556
1307
19558
1307
1747
9305
3224
1307
28483
1046
1531
4053
1307
1261
9305
1733
1395
6493
1435
1278
2782
1307
2246
9305
3224
1455
4556
1317
1409
2613
3626
13162
1429
2383
9305
3224
1034
4938
9305
3224
1307
1278
4618
4460
28483
1455
1584
9305
3224
1307
1455
4369
9305
1733
1063
5646
1681
2549
1729
2697
1338
3890
13162
2127
4014
1747
9305
3224
1307
28483
1319
21917
3385
1454
13578
6689
28197
1321
2430
1394
2744
2516
9305
1733
1335
1044
4053
13977
1041
1376
2782
1307
9305
3224
1307
28483
1319
3715
1307
1335
1041
1455
4556
1317
1409
1321
1584
14563
1294
1335
1063
49986
1338
12598
1681
3352
1317
3219
1693
2156
1395
2258
2147
19190
1455
28248
1032
1055
1394
1766
1053
1044
1049
3077
56586
1729
4020
1429
6156
39318
1034
1435
1429
28743
1034
1319
3570
6354
2405
8122
1041
1321
1729
4014
1747
49581
1307
28483
1319
1052
49581
1577
14254
1307
19469
1335
1376
2782
1307
49581
1608
1307
1335
1454
4556
1409
1046
2837
4884
1032
1050
1046
5500
1032
1055
1338
7493
1693
2127
4014
1747
9305
3224
1307
28483
1319
3326
12197
1041
1321
4053
13977
1041
1376
2782
1307
9305
3224
1307
28483
1319
3715
20594
1307
1335
1041
1455
4556
1317
1409
1321
1584
14563
1294
1335
1063
24578
1032
1050
1338
33703
2127
3369
1429
6156
39318
1034
1307
1261
9305
1733
1353
1435
2258
9305
1733
1307
28483
1319
3715
20594
1307
1353
1041
1455
62503
1317
1409
1321
9284
6689
6730
1294
1353
1294
1278
2879
3542
1063
5646
1681
2879
1435
9305
1733
1307
1353
1338
33703
2127
4014
4053
1435
2782
1307
9384
1317
12729
1261
9305
1733
1608
1307
1353
2516
1455
4556
50750
8429
1107
1044
1809
2127
2095
4014
1278
9829
9305
1733
1693
1409
1061
1048
1063
3501
1338
12598
1681
3352
1317
92098
6613
1747
32975
1394
1766
1053
1044
1049
1093
1454
1308
1061
1050
1044
13162
2156
1584
1032
1055
1693
1729
3369
4433
2849
1046
25298
1494
1402
1455
2127
3369
1747
9305
3224
1307
28483
1319
21917
3385
1455
1584
1605
20594
9305
3224
1063
1809
1747
1584
1577
3060
4053
1307
1261
9305
1733
1335
1395
1278
2782
1307
9305
3224
1307
28483
1319
3265
6836
4460
1041
1455
4556
1317
1409
1044
1809
2342
3385
1455
1584
9305
3224
1307
1335
1063
5646
1681
2879
1338
33703
2127
11249
4053
1307
1261
9305
1733
1435
1278
2782
1307
2246
9305
3224
1319
6156
24941
1307
2246
6689
1041
1455
4556
1317
1409
1044
1809
2127
2095
4014
2744
9305
1733
1307
1278
4618
28483
6245
5213
1693
1494
1710
1402
7563
1294
6245
9384
1562
2801
1335
1063
3626
1729
5314
4556
2136
1335
1338
28191
1044
13162
1278
4556
1395
2136
1747
9305
3224
1335
1307
28483
1044
1321
4053
13977
1041
1395
1278
2782
1307
9305
3224
1608
1307
28483
1319
3715
20594
1307
1335
1041
2516
1455
4556
50750
8429
1107
1321
1608
1395
1261
9305
1733
1307
1335
1063
5646
1681
2549
1729
2697
1338
3890
13162
2127
3369
1429
6156
39318
1034
1307
28483
1435
2258
10439
1307
6689
3816
5590
1317
3542
1044
1623
4185
3109
49581
1044
1321
2430
4053
13977
1041
1376
2782
1307
49581
1608
1307
28483
1319
3715
20594
1307
1335
1041
1454
4556
1409
2516
1455
1608
1395
1261
19469
1307
1335
1063
5646
2168
1402
2801
1046
9246
1681
2688
1455
1394
1766
1053
1044
1049
1093
1409
1061
1053
1046
7672
24941
1307
28483
1319
3326
4213
4244
58208
1445
1053
4179
1445
1049
4179
1445
1053
1044
1049
14522
2898
2744
19469
1335
1044
4014
49581
1608
1307
28483
1319
3265
6836
2016
1041
1454
4556
1032
1053
1455
1584
49581
1307
1335
1046
1032
1010
1045
1335
3181
28748
49581
1307
28483
4556
1053
1455
1584
49581
1307
19361
1058
11518
2297
1048
1010
1045
1335
3181
1053
28748
49581
1307
28483
4556
1053
1455
1584
49581
1307
1445
1053
28748
1445
1053
1125
2297
1049
1010
1045
1335
3181
1049
28748
49581
1307
28483
4556
1053
19469
1307
1445
1049
28748
11518
2297
1048
1010
1045
1335
3181
1053
1044
1049
28748
49581
1307
28483
4556
1053
19469
1307
1445
1053
1044
1049
28748
1445
1053
1125
2297
1049
1010
16536
1376
1050
1046
24578
1032
1050
1338
7493
1693
2127
4014
1747
9305
3224
1307
28483
1319
3326
12197
1041
1321
4053
13977
1041
1376
2782
1307
9305
3224
1608
1307
28483
1319
3326
12197
1041
1454
4556
1409
2516
1455
1608
1395
1261
9305
1733
1307
1335
1063
5646
1681
2879
1435
3066
1338
33703
1278
4053
1395
6493
1435
1278
2782
1307
9305
3224
1307
1278
9305
1733
1455
4556
1317
1409
1044
1809
2127
4014
2744
9305
1733
1307
1278
9305
1733
1435
3325
5213
1435
1494
1710
1402
7563
1063
3501
1338
12598
1681
3346
1278
8953
3607
2790
1058
1429
36296
1420
15748
4460
28483
1321
1261
6818
15748
1409
1044
16716
1278
4556
1307
19558
1307
1747
9305
3224
1307
28483
1046
1531
4053
1307
1261
9305
1733
1395
6493
1435
1278
2782
1307
2246
9305
3224
1455
4556
1317
1409
4043
33703
1429
6156
39318
1034
3226
4938
1429
2673
55568
2155
5477
69235
3626
1729
11676
1321
4884
1032
1050
1338
33703
1429
6156
39318
1034
4938
1429
6156
39318
1034
1809
2127
3369
1747
4171
9305
3224
1319
21917
3385
1454
13578
6689
1693
4460
1934
66012
28197
1809
1766
1053
1044
1049
1093
1934
1836
66012
1338
12598
1681
2688
3866
3336
1562
4206
1058
1766
1053
1044
1049
1093
1409
1061
1053
10249
15449
1046
9840
2156
1395
1766
1053
1044
1049
1093
1409
1061
1053
2351
1032
1055
1046
3060
2095
4025
1429
8723
15605
9038
1053
1044
1032
1049
3605
1032
1053
1041
2351
1032
1055
3871
4493
1494
1681
21752
1032
1055
1338
33703
2036
13284
4556
1746
1085
1125
1032
1050
1952
1110
1045
1124
1085
82516
1395
6298
1809
1362
21957
1455
1608
1710
1402
2258
9305
1733
1307
28483
1454
4556
1409
1044
1321
1394
2744
2516
1608
1044
1278
2782
1307
1353
8719
1608
1395
1032
1050
1952
1110
1462
1312
1085
82516
1364
4433
1063
3626
1729
5314
42562
1338
28191
1044
13162
1278
12270
1307
1429
6156
39318
1307
1261
9305
1733
1034
9985
1278
9829
9305
1733
1063
3626
1409
6818
1338
12598
1681
23898
24002
1394
1766
1053
1044
1049
1093
1693
1729
3369
1747
9305
3224
1353
1307
28483
1044
1321
1394
2744
1353
1044
4053
14621
1041
1376
2782
1307
9305
3224
1608
1307
1353
1319
21917
3385
1455
1584
1605
20594
9305
3224
1307
28483
1063
1809
1353
1395
9305
1733
1307
28483
1044
1878
1608
1395
9305
1733
1307
28483
1041
1455
4556
1317
1409
1046
2837
4884
1032
1050
1046
3626
13162
2127
3369
1353
1435
1747
9305
3224
1307
28483
1044
1809
2095
4626
1278
9829
9305
1733
1063
91218
1338
7493
1693
2127
4014
4053
1435
2782
1307
9384
1317
12729
1261
9305
1733
1608
1307
1353
2516
1455
4556
50750
8429
1107
1044
1809
2127
2095
4014
1278
3542
1307
6689
1294
1608
1063
3626
9305
1733
5314
66510
3542
1338
33703
2127
3369
1429
6156
39318
1034
1307
28483
1435
2258
10439
1307
6689
2478
1636
1710
8427
1278
2879
3584
6245
5213
1063
3501
1338
12598
1681
3352
1317
3219
1693
2156
1395
2258
2147
2688
2937
1455
4139
26439
1513
1278
13284
1046
2837
1736
3325
2688
5443
1455
22809
4395
4556
1746
1085
1125
1032
1050
1952
1110
1045
1124
1085
82516
2478
1608
1584
4891
10651
1454
4556
1409
1046
1531
2342
10487
1395
1766
1053
1044
1049
1093
1409
1061
1053
1046
12211
2168
1766
1053
1044
1049
1093
5628
1032
1055
1063
9246
1681
24002
4556
1746
1085
1125
1032
1050
1952
1110
1045
1124
1085
82516
1394
1766
1053
1044
1049
1093
1809
13162
2156
1584
2081
1608
10651
1058
5675
2314
1608
1376
1445
1049
1044
1063
1125
1836
1046
3626
13162
2127
3369
9305
3224
1608
1307
28483
1455
4556
1317
1409
1044
1809
2127
2095
3369
1608
1455
1584
1605
20594
9305
3224
1307
28483
1063
3501
1338
33703
1278
4460
1766
1053
1044
1049
1093
1934
9305
3224
1353
1044
1321
4053
14621
1041
24875
2782
1307
9305
3224
1307
1353
1455
4556
1317
1409
1044
1809
2127
2095
4014
1278
9305
1733
1353
7423
1693
2246
4556
1395
1409
1063
3626
1729
5314
2697
1338
12598
1681
42478
1747
1353
1321
4053
2790
1044
1809
13162
1729
21957
2269
9305
3224
1307
1353
1046
2898
1353
18359
1053
1044
1049
3605
9305
3224
1307
1353
1584
1058
50267
1766
1053
3605
1766
1049
3605
1766
1053
1044
1049
3077
10852
1115
1058
1032
1048
1044
1053
1044
1049
1044
1054
1046
14099
1766
1053
1093
62503
1317
1032
1053
1046
4493
4053
1032
1049
1046
2898
1353
18359
1053
3605
4053
1032
1049
1046
2898
1353
18359
1049
3605
4053
1032
1048
1046
2898
1353
18359
3605
4053
1032
1048
1046
12153
1032
1050
1338
3890
2688
8223
1032
1055
1046
4493
13162
2127
3369
1429
6156
39318
1034
1307
28483
1435
2258
10439
1307
6689
15249
1317
8427
6689
1294
2258
3542
1063
3501
1338
33703
1278
2254
2715
24002
4433
2849
1058
4556
2136
1747
9305
3224
1335
1307
28483
1307
1319
12856
1307
9305
3224
1307
28483
1319
3715
1307
1335
1041
1455
4556
1317
1409
1321
1584
14563
1294
1335
36036
5646
1681
2879
1338
28191
1044
13162
1429
33607
1307
1261
9305
1733
1034
1395
6493
1435
1278
2782
1307
2246
9305
3224
1319
2935
1278
4618
28483
1041
1455
4556
1317
1409
1044
1809
1429
2383
9305
3224
1034
4938
9305
3224
1307
1278
4618
4460
1455
1584
9305
3224
1307
1455
4369
9305
1733
1063
5646
1681
2549
1729
2697
1338
12598
1681
4206
1278
3336
1766
1049
1044
1050
1044
1051
1093
1409
1061
1051
4848
1032
1054
1046
2837
4884
1032
1054
1454
2948
13284
1046
1766
1050
1044
1051
1044
1051
1093
1409
1061
1053
4848
1032
1052
1046
2837
4884
1032
1052
1046
1766
1049
1044
1050
1044
1051
1093
1409
1061
1055
4848
1032
1048
1046
1766
1049
1093
1409
1061
1049
4848
1032
1049
1046
1766
1055
1044
1053
1044
1049
1048
1044
1056
1044
1050
1044
1051
1044
1054
1093
1409
1061
1052
4848
1032
1048
1046
1766
1057
1044
1049
1048
1044
1050
1044
1049
1044
1057
1044
1053
1044
1057
1044
1055
1044
1053
1093
1409
1061
1050
4848
1032
1050
1053
1054
1046
1766
1053
1044
1056
1044
1056
1093
1409
1061
1049
4848
1032
1048
1046
1766
1049
1044
1051
1044
1055
1044
1056
1093
1409
1061
1049
4848
1032
1056
1046
1766
1056
1044
1049
1044
1049
1044
1056
1044
1055
1093
1409
1061
1050
4848
1032
1056
1046
1766
1051
1044
1049
1055
1044
1050
1044
1055
1093
1409
1061
1049
1055
4848
1032
1056
1046
1766
1057
1044
1054
1044
1052
1044
1054
1044
1056
1093
1409
1061
1057
4848
1032
1049
1054
1046
1766
1050
1044
1053
1044
1053
1044
1049
1044
1053
1093
1409
1061
1054
4848
1032
1050
1052
1046
1766
1050
1057
90743
1093
1409
1061
1053
1055
4848
1032
1054
1053
1053
1051
1054
1046
3797
2576
4395
4556
1746
1085
1125
1032
1050
1952
1110
1045
1124
1085
82516
2478
1608
1584
4891
10651
1454
4556
1409
1046
1531
2342
63365
1395
1766
1053
1044
1049
1093
1409
1061
1053
1046
12211
1395
1766
1053
1044
1049
1093
6061
1063
17048
3147
2156
1395
2095
1261
9305
1733
1608
1376
1445
1049
1044
1063
1125
1809
1032
1049
1043
1063
1061
1053
2297
1032
1052
1605
2988
1046
3247
13162
2127
3369
1608
1376
1445
1053
1044
1063
1125
1809
1032
1053
1043
1063
1061
1053
2297
3082
1061
1048
1605
2988
1046
4493
2342
1925
1608
1338
3890
13162
2127
3369
1608
1435
2258
9305
1733
1307
28483
1319
3326
4213
1041
1809
2127
4014
2744
11074
9305
1733
1536
4213
1044
1605
1536
12197
1046
2898
1766
1053
1044
1049
3605
1278
9305
1733
1445
1053
1125
1395
1925
1046
3626
13162
2127
2095
3369
1445
1049
1044
1063
1125
1836
1046
24578
1032
1049
1338
7493
1693
2127
3369
1429
6156
39318
1034
1307
1261
9305
1733
1353
1435
2258
9305
1733
1307
28483
1319
3715
20594
1307
1353
1041
1455
62503
1317
1409
1321
10249
1435
1261
9305
1733
1307
1353
1063
5646
1681
2879
1338
33703
1278
12270
1307
1429
6156
39318
1034
1294
1278
4127
9985
1278
9829
9305
1733
1321
2127
4014
1494
1693
1409
1061
1048
1044
1809
1409
1061
1053
1338
12598
1681
3346
1278
2688
4206
2254
1058
2453
10234
1044
2156
1395
1429
8723
15605
9038
1053
1044
1032
1049
3605
1032
1053
1041
2351
1032
1055
3871
3060
2095
4025
1429
8723
15605
9038
1053
1044
1032
1049
3605
1032
1053
1041
2351
1032
1055
1034
2790
1046
4493
1494
1681
21752
1032
1055
1338
33703
2036
13284
4556
1746
1085
1125
1032
1050
1952
1110
1045
1124
1085
82516
1395
11779
1261
7342
1046
9246
1681
2688
1766
1053
1044
1049
1093
1454
1308
1061
1050
1046
3367
1729
6302
4556
2136
1747
9305
3224
1353
1307
28483
1307
1319
12856
1307
9305
3224
1608
1307
1353
4556
1409
1041
1809
2095
4626
1278
9829
9305
1733
1294
4053
1693
1409
1061
1048
1063
3501
1338
33703
2127
4014
1747
9305
3224
1353
1307
28483
1044
1321
4053
14621
1041
1376
2782
1307
9305
3224
1608
1307
1353
1319
21917
3385
1455
1584
1605
20594
9305
3224
1307
1353
1063
1809
2127
1584
1041
2516
1455
4556
50750
8429
1107
1044
1321
2430
2127
2095
2229
4433
2849
1063
3501
1338
12598
1681
3352
1317
3219
1693
2156
1395
2258
2147
19190
1455
10177
1032
1055
1394
1766
1053
1044
1049
3077
56586
1729
3369
1747
9305
3224
1335
1307
28483
1319
3326
12197
1574
1321
4053
13977
1041
1376
2782
1307
9305
3224
1608
1307
28483
1319
3326
12197
1041
1454
4556
1409
2516
1455
1608
1395
1261
9305
1733
1307
1335
1046
5646
1681
2549
1729
2697
1046
24578
1032
1050
1338
7493
1693
4053
13977
1041
1376
2782
1307
9305
3224
1608
1307
1335
1319
3326
4213
1041
1455
4556
1317
1409
1044
1809
2127
4014
2744
1608
1435
3325
5213
1435
1494
1710
1402
7563
1562
1335
1063
24578
1032
1049
1338
33703
2127
3369
1429
6156
39318
1034
1307
28483
1435
2258
10439
1307
6689
2478
1636
1710
8427
1278
2879
3584
6245
5213
1063
3501
1338
12598
1681
2688
3866
3336
1562
4206
1455
4139
23499
5965
1058
1766
1053
1044
1056
1044
1056
1093
1409
1061
1049
2297
1032
1048
1046
1766
1049
1044
1051
1044
1055
1044
1056
1093
1409
1061
1049
2297
1032
1056
1046
1766
1056
1044
1049
1044
1049
1044
1056
1044
1055
1093
1409
1061
1050
2297
1032
1056
1046
1766
1051
1044
1049
1055
1044
1050
1044
1055
1093
1409
1061
1049
1055
2297
1032
1056
1046
1766
1057
1044
1054
1044
1052
1044
1054
1044
1056
1093
1409
1061
1057
2297
1032
1049
1054
1046
1766
1050
1044
1053
1044
1053
1044
1049
1044
1053
1093
1409
1061
1054
2297
1032
1050
1052
1046
3797
2576
4395
4556
1746
1085
1125
1032
1050
1952
1110
1045
1124
1085
1124
14522
4493
1278
2342
1848
80735
1395
1766
1053
1044
1049
1093
1409
1061
1053
1046
17048
1362
5711
2633
1278
2688
1058
1429
8723
15605
9038
1053
1044
1032
1049
3605
1032
1053
1041
2351
1032
1055
3871
3626
13162
1278
4460
1395
1766
1053
1044
1032
1049
1093
1321
1409
1061
1053
1044
4848
1032
1055
1046
25298
1494
1402
1455
1278
2254
1395
15654
1317
1850
1032
1055
1044
1321
2036
13284
10177
1032
1050
1044
1878
13162
1362
2534
1317
9447
13284
1317
5449
1394
4433
2849
1046
9246
1681
24002
4556
1746
1085
1125
1032
1050
1952
1110
1045
1124
1085
82516
1394
1766
1053
1044
1049
1093
1809
13162
2156
1584
2295
1608
10651
1058
1445
1053
1125
1321
1445
1049
1044
1063
1125
1836
1046
3247
13162
2127
3369
1608
1376
1445
1053
1125
1321
2095
1608
1376
1445
1049
1044
1063
1125
1809
1032
1049
1043
1063
1061
1053
2297
1032
1052
1605
2988
1046
3247
13162
2127
3369
1608
1376
1445
1053
1044
1049
1125
1063
4556
1032
1054
1338
28191
1044
13162
1278
12270
1307
1429
6156
39318
1034
1294
1278
4127
1395
1605
4057
1408
26524
1809
1408
4213
1044
1321
2127
4014
11074
9305
3224
1536
4213
1044
1809
2095
2127
3369
1455
1261
9305
1733
1710
1402
7563
1536
2801
4891
10651
1693
4213
1584
2879
1046
2898
1766
1053
1044
1049
3605
4213
1584
11074
1044
1878
2342
1925
1445
1053
14522
24578
1032
1049
1338
33703
1278
4053
1307
1261
9305
1733
1335
1395
1278
2782
1307
9305
3224
1307
28483
1319
3265
6836
4460
1041
1455
4556
1317
1409
1044
23973
1307
5627
2127
1584
9305
3224
1307
1335
1063
3626
2430
4556
2136
1335
2168
1402
1319
12856
1307
2516
1608
1041
1364
1319
12856
1307
1335
1455
4231
1608
1577
5646
1681
10693
2948
13284
1046
3626
1394
1766
1053
1044
1049
3605
2782
1307
1608
1454
4556
1032
1053
1395
1032
1049
1319
3265
9305
1733
1445
1053
26317
13920
1307
1335
1455
4231
1445
1053
1125
1395
1032
1050
1952
1050
1045
1049
7055
1050
1046
4493
3788
1032
1050
1046
3626
2688
8223
1032
1055
1046
4493
13162
2782
1307
1608
1454
4556
1032
1053
1395
1605
1032
1049
1046
9246
1681
2951
1747
9305
3224
1307
28483
1766
1053
1044
1049
1093
1319
3326
12197
1041
1455
4556
1317
1032
1053
1046
2813
1729
2639
1044
2342
1445
1053
14522
3626
13162
2127
3369
9305
3224
1455
1710
1402
7563
1536
8198
6689
1294
2258
3542
1063
3501
1338
33703
2127
3369
1429
6156
39318
1034
1307
1261
9305
1733
1353
1435
2258
9305
1733
1307
1278
4618
28483
1455
62503
1317
1409
1044
1809
2127
4014
2744
2516
9305
1733
1435
3325
5213
1435
1494
10249
1435
1261
9305
1733
1307
1353
1063
3626
1729
5314
4556
2136
1353
1338
12598
1681
3352
1317
92098
128113
1747
4171
56294
1394
1766
1053
1044
1049
1093
1454
1308
1061
1050
1046
17048
1278
2254
10721
1032
1055
3147
2127
3369
1747
9305
3224
1307
28483
1319
21917
3385
1455
1584
1605
20594
89045
1041
1321
4053
1307
1261
9305
1733
1335
1395
1278
2782
1307
9305
3224
1307
28483
1319
3265
6836
4460
1041
1455
4556
1317
1409
1044
1809
2127
2095
4014
1278
9829
9305
1733
1693
1409
1061
1048
1063
3501
1338
28191
1044
13162
1278
12270
1058
1429
1784
4053
1307
1261
9305
1733
1395
6493
1435
1278
2782
1307
2246
9305
3224
1455
4556
1317
1409
2613
3626
1429
2383
9305
3224
1034
4139
4204
9305
3224
1307
1278
4618
4460
28483
1455
1584
9305
3224
1307
1455
4369
9305
1733
1063
5646
1681
2549
1729
2697
1338
3890
13162
1429
6156
39318
1034
3226
4938
1429
2673
55568
2155
5477
69235
9246
1681
2688
89045
2155
93158
1394
1766
1053
1044
1049
1093
1409
1061
1053
1046
4988
55568
2155
93158
1307
1766
1053
1044
1049
15558
1766
1053
3605
1766
1049
3605
1766
1053
1044
1049
3077
56285
1058
2898
2744
89045
2155
5477
1044
4053
1376
2782
1307
2246
89045
9305
3224
1319
1105
4185
3109
2155
31574
93158
1041
1455
4556
1317
1409
1046
1032
1010
1045
1766
1053
15558
2155
31574
93158
1058
1766
1053
1093
4556
1053
2297
1049
1010
1045
1766
1049
15558
1766
1049
1093
4556
1049
2297
1048
1010
1045
1766
1053
1044
1049
15558
2155
31574
93158
1058
1766
1053
3605
1766
1049
3605
1766
1053
1044
1049
1093
62503
1032
1053
1044
1049
1044
1054
2297
1766
1053
1093
2297
1049
1010
16536
1376
1032
1050
1046
5500
1032
1055
1338
7493
1693
4053
24875
2782
1307
1747
9305
3224
1319
3715
20594
89045
1041
1307
1455
89045
2155
5477
1063
24578
1032
1050
1338
33703
2127
3369
1747
9305
3224
1307
28483
1319
3326
12197
1041
1321
4053
1307
1261
9305
1733
1335
1395
1278
2782
1307
9305
3224
1307
28483
1319
3265
6836
4460
1041
1455
4556
1317
1409
1321
1584
14563
1294
1335
1044
1809
2127
2095
4014
1278
9829
9305
1733
1693
1409
1061
1048
1063
3501
1338
12598
1681
2985
1513
1278
2688
2937
1766
1053
1044
1049
1093
1409
1061
1053
2351
1032
1055
1046
25298
1494
1402
1455
1278
4460
1395
1766
1053
1044
1032
1049
1093
1809
2127
3369
9305
3224
1307
28483
1435
1747
4171
82901
1307
6689
15249
1317
8427
1278
2879
3584
6245
5213
1063
3501
1338
33703
1278
2254
21734
1934
1261
27223
1063
3626
1729
4016
2764
9458
1338
12598
1681
3352
1317
3219
1693
2156
1395
2258
2147
2688
2937
1455
4139
5628
1261
50427
1046
1531
2688
5443
4626
3325
9039
10907
1046
1531
5965
4556
1746
1085
1125
1032
1050
1952
1110
1045
1124
1085
82516
6113
1394
1747
8100
1766
1053
1044
1049
3077
17048
1766
1053
1044
1049
1093
1395
1261
6061
2937
2478
2156
1584
6245
1608
10651
3147
1307
4433
2479
1445
1053
1125
1321
1445
1049
1044
1063
1125
1809
1032
1049
1043
1063
1061
1053
2297
1032
1052
1605
2988
1046
3247
13162
2127
3369
1608
1376
1445
1053
1125
1321
2095
1608
1376
1445
1049
1044
1063
1125
1809
13162
2127
3369
9305
3224
1307
28483
1455
4556
1317
1409
4626
3385
1455
1584
1605
20594
9305
3224
1307
28483
1063
3501
1338
28191
1044
13162
1278
12270
1307
1429
6156
39318
1034
1294
1278
4127
9985
1278
9829
9305
1733
1321
2127
4014
1494
1693
1409
1061
1048
1044
1809
1409
1061
1053
1338
12598
1681
24002
4556
1746
1085
1125
1032
1050
1952
1110
1045
1124
1085
82516
1394
1766
1053
1044
1049
1093
1809
13162
1362
21957
1455
1608
1710
1402
2258
9305
1733
1307
28483
1454
4556
1409
1044
1321
1394
2744
2516
1608
1044
1278
2782
1307
1353
8719
1608
1395
1032
1050
1952
1110
1462
1312
1085
82516
1364
4433
2479
1032
1050
1952
1124
1085
82516
1063
3501
1338
33703
1278
4053
1307
1261
9305
1733
1335
1395
1278
2782
1307
9305
3224
1608
1307
1335
1319
5383
1608
1395
2258
9305
1733
1307
1335
1041
2516
1455
4556
50750
8429
1107
1044
1809
2127
2095
4014
1278
9829
9305
1733
1693
1409
1061
1048
1063
3501
1338
12598
1681
3352
1317
92098
128113
1747
4171
7389
1455
2481
9459
1032
1055
1394
1766
1053
1044
1049
1093
1321
2095
4395
2147
11277
1046
2837
1736
3325
11277
1455
8125
4556
1746
1085
1125
1032
1050
1952
1110
1045
1124
1085
1124
14522
1531
2342
10487
1395
1766
1053
1044
1049
3077
17048
1362
5711
2633
1278
2688
1058
1429
8723
15605
9038
1053
1044
1032
1049
3605
1032
1053
1041
2351
1032
1055
3871
3626
13162
1278
4460
1395
1766
1053
1044
1032
1049
1093
1321
1409
1061
1053
1044
4848
1032
1055
1046
25298
1494
1402
1455
1278
2254
2715
1850
1032
1055
1044
1321
2036
13284
10177
1032
1050
1044
1878
13162
1362
2534
1317
9447
13284
1317
5449
1394
4433
2849
1046
9246
1681
24002
4556
1746
1085
1125
1032
1050
1952
1110
1045
1124
1085
82516
1394
1766
1053
1044
1049
1093
1809
13162
2156
1584
2295
1608
10651
1058
1445
1053
1125
1321
1445
1049
1044
1063
1125
1836
1046
3247
13162
2127
3369
1608
1376
1445
1053
1125
1321
2095
1608
1376
1445
1049
1044
1063
1125
1809
13162
2127
3369
9305
3224
1307
28483
1455
4556
1317
1409
4626
3385
1455
1584
1605
20594
9305
3224
1307
28483
1063
3501
1338
28191
1044
13162
1278
12270
1307
1429
6156
39318
1034
1294
1278
4127
1395
1605
4057
1408
26524
1809
1408
4213
1044
1321
2127
4014
11074
9305
3224
1536
4213
1044
1809
2095
2127
3369
1455
1261
9305
1733
1710
1402
7563
1536
2801
4891
10651
1693
4213
1584
2879
1046
2898
1766
1053
1044
1049
3605
4213
1584
11074
1044
1878
2342
1925
1445
1053
14522
24578
1032
1049
1338
33703
1278
4053
1307
1261
9305
1733
1335
1395
1278
2782
1307
9305
3224
1608
1307
1335
1319
3326
4213
1041
1455
4556
1317
1409
1044
1809
2127
2095
4014
2744
1608
1435
3325
5213
1435
1494
1710
1402
7563
1562
1335
1063
24578
1032
1049
1338
12598
1681
3352
1317
3219
1693
2156
1395
2258
2147
19190
1455
28248
1032
1055
1394
1766
1053
1044
1049
3077
56586
1729
3369
1747
9305
3224
1335
1307
28483
1319
3326
12197
1574
1321
4053
13977
1041
1376
2782
1307
9305
3224
1608
1307
28483
1319
3326
12197
1041
1454
4556
1409
2516
1455
1608
1395
1261
9305
1733
1307
1335
1046
5646
1681
1032
1050
1046
5500
1032
1055
1338
7493
1693
4053
13977
1041
1376
2782
1307
9305
3224
1608
1307
1335
1319
3326
12197
1041
1454
4556
1409
1044
1809
2127
4014
2744
1608
1435
3325
5213
1435
1494
1710
1402
7563
1063
24578
1032
1049
1338
33703
2127
3369
1429
6156
39318
1034
1307
28483
1435
2258
10439
1307
6689
2478
3542
6354
2405
8122
1044
1321
4053
13977
1041
1376
2782
1307
49581
1608
1307
28483
1319
3265
6836
4460
1041
1454
4556
1409
2516
1455
1608
1395
1261
19469
1307
1335
1046
2898
1766
1053
1044
1049
3605
49581
1335
1058
58208
1445
1053
4179
1445
1049
4179
1445
1053
1044
1049
14522
7672
24941
1608
1307
28483
4556
1053
1058
2342
1445
1053
14522
7672
24941
1307
1335
1455
1584
1445
1053
28748
1335
3181
1053
1125
1321
1335
3181
1053
1044
1049
14522
4493
1394
1335
3181
1053
4179
4053
1061
1049
1059
1335
3181
1053
1044
1049
4179
4053
1061
1049
1059
6218
1032
1048
1046
10852
1376
1032
1050
1046
24578
1032
1050
1338
7493
1693
2127
4014
1747
9305
3224
1307
28483
1319
3326
12197
1041
1321
4053
13977
1041
1376
2782
1307
9305
3224
1608
1307
28483
1319
3326
12197
1041
1454
4556
1409
2516
1455
1608
1395
1261
9305
1733
1307
1335
1044
1809
2127
2095
4626
1278
9829
9305
1733
1693
1409
1061
1048
1063
3501
1338
33703
1278
2254
1395
15654
1317
24002
4433
2479
1058
1394
2744
9305
1733
1335
1307
28483
1044
4053
13977
1041
1376
2782
1307
9305
3224
1608
1307
1335
1319
21917
1335
7423
1693
4556
100792
1041
2516
1455
4556
50750
8429
1107
1044
1321
2430
2127
4556
4053
13977
1041
2136
1747
1335
1044
1809
2127
2095
4014
1278
9829
9305
1733
1335
1061
4344
1063
91218
1338
12598
1681
3352
1317
24002
1394
1766
1053
1044
1049
1093
1693
1729
3369
1747
9305
3224
1335
1307
28483
1319
3326
12197
1574
1321
4053
13977
1041
1376
2782
1307
9305
3224
1608
1307
28483
1319
3326
12197
1041
1454
4556
1409
2516
1455
1608
1395
1261
9305
1733
1307
1335
1044
1809
1729
2095
4014
1278
2782
1307
9384
1608
1710
1402
7563
1562
1335
1063
24578
1032
1049
1338
33703
1278
4127
24875
9305
3224
1307
1261
9305
1733
1435
2258
9305
1733
1307
1278
4618
28483
1455
10249
1435
1261
9305
1733
1044
1809
2127
4014
2744
11074
9305
1733
1307
1278
4618
28483
5785
1651
1335
1455
8688
1494
1044
1809
13162
2127
2095
4014
1278
9829
9305
1733
1063
3501
1338
12598
1681
4206
1278
2688
2937
1766
1053
1044
1049
1093
1409
1061
1053
2351
1032
1055
1046
17048
1362
5711
2633
1278
4460
1058
1494
1681
1766
1053
1044
1032
1049
1093
1809
13162
1494
1681
1766
1053
1044
1032
1049
1093
1454
1409
1061
1053
1044
4848
1032
1055
1046
25298
1494
1402
1455
1278
2254
2715
1850
1032
1055
1044
1321
2036
13284
10177
1032
1050
1044
1878
13162
1362
2534
1317
9447
13284
1317
5449
1394
4433
2849
1046
9246
1681
24002
4556
1746
1085
1125
1032
1050
1952
1110
1045
1124
1085
82516
1394
1766
1053
1044
1049
1093
1809
13162
2156
1584
2295
1608
10651
1058
1445
1053
1125
1321
1445
1049
1044
1063
1125
1836
1046
3247
13162
2127
3369
1608
1376
1445
1053
1125
1321
2095
1608
1376
1445
1049
1044
1063
1125
1809
13162
2127
3369
9305
3224
1307
28483
1455
4556
1317
1409
4626
3385
1455
1584
1605
20594
9305
3224
1307
28483
1063
3501
1338
28191
1044
13162
1278
12270
1307
1429
6156
39318
1034
1294
1278
4127
1395
1605
4057
1408
26524
1809
1408
4213
1044
1321
2127
4014
11074
9305
3224
1536
4213
1044
1809
2095
2127
3369
1455
1261
9305
1733
1710
1402
7563
1536
2801
4891
10651
1693
4213
1584
2879
1046
2898
1766
1053
1044
1049
3605
4213
1584
11074
1044
1878
2342
1925
1445
1053
14522
24578
1032
1049
1338
33703
1278
4053
1307
1261
9305
1733
1335
1395
1278
2782
1307
9305
3224
1608
1307
1335
1319
3326
4213
1041
1455
4556
1317
1409
1044
1809
2127
2095
4014
2744
1608
1435
3325
5213
1435
1494
1710
1402
7563
1562
1335
1063
24578
1032
1049
1338
12598
1681
3352
1317
3219
1693
2156
1395
2258
2147
2688
2937
1455
4139
5628
1261
50427
1046
1531
2688
5443
4626
3325
9039
10907
1046
1531
5965
4556
1746
1085
1125
1032
1050
1952
1110
1045
1124
1085
82516
6113
1394
1747
8100
1766
1053
1044
1049
3077
17048
1766
1053
1044
1049
1093
1395
1261
6061
2937
2478
2156
1584
6245
1608
10651
3147
1307
4433
2479
1445
1053
1125
1321
1445
1049
1044
1063
1125
1809
1032
1049
1043
1063
1061
1053
2297
1032
1052
1605
2988
1046
3247
13162
2127
3369
1608
1376
1445
1053
1125
1321
2095
1608
1376
1445
1049
1044
1063
1125
1809
13162
2127
3369
9305
3224
1307
28483
1455
4556
1317
1409
4626
3385
1455
1584
1605
20594
9305
3224
1307
28483
1063
3501
1338
28191
1044
13162
1278
4127
24875
1429
6156
39318
1034
1435
2258
10439
1307
6689
2478
1636
1710
8427
1278
2879
3584
6245
5213
1063
3501
1338
12598
1681
3346
1278
8953
3607
2790
1058
1429
36296
1420
15748
4460
28483
1321
1261
6818
15748
1409
1044
16716
1278
4556
1307
19558
1307
1747
9305
3224
1307
28483
1046
1531
4053
1307
1261
9305
1733
1395
6493
1435
1278
2782
1307
2246
9305
3224
1455
4556
1317
1409
4043
33703
1429
6156
39318
1034
3226
4938
1429
28743
1034
1319
3570
6354
2405
8122
1041
1321
1429
6156
102451
1307
1261
9305
1733
1034
2095
49581
1046
3626
1729
5314
11676
1455
1321
4884
1032
1050
1394
1766
1053
1044
1049
11390
33703
2127
3369
1429
6156
39318
1034
1307
28483
1435
2258
10439
1307
6689
2478
1636
1710
8427
6689
1294
2258
3542
1044
1809
2095
2127
4014
2744
9305
1733
6245
5213
4057
1408
1278
2782
1307
9384
1317
8427
1063
3501
1338
12598
1681
3352
1317
24002
1394
1766
1053
1044
1049
1093
1693
1729
3369
1747
9305
3224
1335
1307
28483
1319
3326
12197
1574
1321
4053
13977
1041
1376
2782
1307
9305
3224
1608
1307
1335
1319
3326
12197
1041
1454
4556
1409
1044
1809
1729
2095
2229
1278
2782
1307
9305
3224
1307
28483
1319
3265
6836
4460
1041
1455
4556
1317
1409
1044
23973
1307
1335
1063
5646
2168
1402
1032
1049
1867
4433
1063
3501
1338
33703
1278
2254
1395
1058
4556
2136
1747
9305
3224
1335
1307
28483
1307
1319
12856
1307
9305
3224
1608
1307
1335
2516
1455
4556
50750
8429
1107
1041
12164
2095
4626
1278
9829
9305
1733
1335
1061
4344
1063
91218
1338
12598
1681
3352
1317
92098
128113
1747
4171
7389
1455
2481
9459
1032
1055
1394
1766
1053
1044
1049
1093
1321
2095
4395
2147
11277
1046
2837
1736
3325
11277
1455
8125
4556
1746
1085
1125
1032
1050
1952
1110
1045
1124
1085
1124
14522
1531
2342
10487
1395
1766
1053
1044
1049
3077
17048
1362
5711
2633
1278
2688
1058
1429
8723
15605
9038
1053
1044
1032
1049
3605
1032
1053
1041
2351
1032
1055
3871
3626
13162
1278
4460
1395
1766
1053
1044
1032
1049
1093
1321
1409
1061
1053
1044
4848
1032
1055
1046
25298
1494
1402
1455
1278
2254
2715
1850
1032
1055
1044
1321
2036
13284
10177
1032
1050
1044
1878
13162
1362
2534
1317
9447
13284
1317
5449
1394
4433
2849
1046
9246
1681
24002
4556
1746
1085
1125
1032
1050
1952
1110
1045
1124
1085
82516
1394
1766
1053
1044
1049
1093
1809
13162
2156
1584
2295
1608
10651
1058
1445
1053
1125
1321
1445
1049
1044
1063
1125
1836
1046
3247
13162
2127
3369
1608
1376
1445
1053
1125
1321
2095
1608
1376
1445
1049
1044
1063
1125
1809
13162
2127
3369
9305
3224
1307
28483
1455
4556
1317
1409
4626
3385
1455
1584
1605
20594
9305
3224
1307
28483
1063
3501
1338
28191
1044
13162
1278
12270
1307
1429
6156
39318
1034
1294
1278
4127
1395
1605
4057
1408
26524
1809
1408
4213
1044
1321
2127
4014
11074
9305
3224
1536
4213
1044
1809
2095
2127
3369
1455
1261
9305
1733
1710
1402
7563
1536
2801
4891
10651
1693
4213
1584
2879
1046
2898
1766
1053
1044
1049
3605
4213
1584
11074
1044
1878
2342
1925
1445
1053
14522
24578
1032
1049
1338
33703
1278
4053
1307
1261
9305
1733
1335
1395
1278
2782
1307
9305
3224
1608
1307
1335
1319
3326
4213
1041
1455
4556
1317
1409
1044
1809
2127
2095
4014
2744
1608
1435
3325
5213
1435
1494
1710
1402
7563
1562
1335
1063
24578
1032
1049
1338
12598
1681
3352
1317
3219
1693
2156
1395
2258
2147
19190
1455
28248
1032
1055
1394
1766
1053
1044
1049
3077
56586
1729
3369
1747
9305
3224
1335
1307
28483
1319
3326
12197
1574
1321
4053
13977
1041
1376
2782
1307
9305
3224
1608
1307
28483
1319
3326
12197
1041
1454
4556
1409
2516
1455
1608
1395
1261
9305
1733
1307
1335
1046
5646
1681
1032
1050
1046
5500
1032
1055
1338
7493
1693
4053
13977
1041
1376
2782
1307
9305
3224
1608
1307
1335
1319
3326
12197
1041
1454
4556
1409
1044
1809
2127
4014
2744
1608
1435
3325
5213
1435
1494
1710
1402
7563
1063
24578
1032
1049
1338
33703
2127
3369
1429
6156
39318
1034
1307
28483
1435
2258
10439
1307
6689
2478
3542
6354
2405
8122
1044
1321
4053
13977
1041
1376
2782
1307
49581
1608
1307
28483
1319
3265
6836
4460
1041
1454
4556
1409
2516
1455
1608
1395
1261
19469
1307
1335
1046
2898
1766
1053
1044
1049
3605
49581
1335
1058
58208
1445
1053
4179
1445
1049
4179
1445
1053
1044
1049
14522
7672
24941
1608
1307
28483
4556
1053
1058
2342
1445
1053
14522
7672
24941
1307
1335
1455
1584
1445
1053
28748
1335
3181
1053
1125
1321
1335
3181
1053
1044
1049
14522
4493
1394
1335
3181
1053
4179
4053
1061
1049
1059
1335
3181
1053
1044
1049
4179
4053
1061
1049
1059
6218
1032
1048
1046
10852
1376
1032
1050
1046
24578
1032
1050
1338
7493
1693
2127
4014
1747
9305
3224
1307
28483
1319
3326
12197
1041
1321
4053
13977
1041
1376
2782
1307
9305
3224
1608
1307
28483
1319
3326
12197
1041
1454
4556
1409
2516
1455
1608
1395
1261
9305
1733
1307
1335
1044
1809
2127
2095
4626
1278
9829
9305
1733
1693
1409
1061
1048
1063
3501
1338
33703
1278
2254
1395
15654
1317
24002
4433
2479
1058
1394
2744
9305
1733
1335
1307
28483
1044
4053
13977
1041
1376
2782
1307
9305
3224
1608
1307
1335
2516
1455
4556
50750
8429
1107
1044
1321
2430
2127
4556
4053
13977
1041
2136
1747
1335
1044
1809
2127
2095
4014
1278
9829
9305
1733
1335
1061
4344
1063
91218
1338
12598
1681
3352
1317
24002
1394
1766
1053
1044
1049
1093
1693
1729
3369
1747
9305
3224
1335
1307
28483
1319
3326
12197
1574
1321
4053
13977
1041
1376
2782
1307
9305
3224
1608
1307
1335
1319
3326
12197
1041
1454
4556
1409
1044
1809
1729
2095
2229
1278
2782
1307
9305
3224
1307
28483
1319
3265
6836
4460
1041
1455
4556
1317
1409
1044
23973
1307
1335
1063
5646
2168
1402
1032
1049
1867
4433
1063
3501
1338
33703
1278
4127
24875
1429
6156
39318
1034
1307
1261
9305
1733
1435
2258
9305
1733
1307
1278
4618
28483
1455
10249
1435
1261
9305
1733
1044
1809
2127
4014
2744
11074
9305
1733
1307
1278
4618
28483
5785
1651
1335
1455
8688
1494
1044
1809
13162
2127
2095
4014
1278
9829
9305
1733
1063
3501
1338
12598
1681
4206
1278
2688
2937
1766
1053
1044
1049
1093
1409
1061
1053
2351
1032
1055
1046
17048
1362
5711
2633
1278
4460
1058
1494
1681
1766
1053
1044
1032
1049
1093
1809
13162
1494
1681
1766
1053
1044
1032
1049
1093
1454
1409
1061
1053
1044
4848
1032
1055
1046
25298
1494
1402
1455
1278
2254
2715
1850
1032
1055
1044
1321
2036
13284
10177
1032
1050
1044
1878
13162
1362
2534
1317
9447
13284
1317
5449
1394
4433
2849
1046
9246
1681
24002
4556
1746
1085
1125
1032
1050
1952
1110
1045
1124
1085
82516
1394
1766
1053
1044
1049
1093
1809
13162
2156
1584
2295
1608
10651
1058
1445
1053
1125
1321
1445
1049
1044
1063
1125
1836
1046
3247
13162
2127
3369
1608
1376
1445
1053
1125
1321
2095
1608
1376
1445
1049
1044
1063
1125
1809
13162
2127
3369
9305
3224
1307
28483
1455
4556
1317
1409
4626
3385
1455
1584
1605
20594
9305
3224
1307
28483
1063
3501
1338
28191
1044
13162
1278
12270
1307
1429
6156
39318
1034
1294
1278
4127
1395
1605
4057
1408
26524
1809
1408
4213
1044
1321
2127
4014
11074
9305
3224
1536
4213
1044
1809
2095
2127
3369
1455
1261
9305
1733
1710
1402
7563
1536
2801
4891
10651
1693
4213
1584
2879
1046
2898
1766
1053
1044
1049
3605
4213
1584
11074
1044
1878
2342
1925
1445
1053
14522
24578
1032
1049
1338
33703
1278
4053
1307
1261
9305
1733
1335
1395
1278
2782
1307
9305
3224
1608
1307
1335
1319
3326
4213
1041
1455
4556
1317
1409
1044
1809
2127
2095
4014
2744
1608
1435
3325
5213
1435
1494
1710
1402
7563
1562
1335
1063
24578
1032
1049
1338
12598
1681
3352
1317
3219
1693
2156
1395
2258
2147
2688
2937
1455
4139
5628
1261
50427
1046
1531
2688
5443
4626
3325
9039
10907
1046
1531
5965
4556
1746
1085
1125
1032
1050
1952
1110
1045
1124
1085
82516
6113
1394
1747
8100
1766
1053
1044
1049
3077
17048
1766
1053
1044
1049
1093
1395
1261
6061
2937
2478
2156
1584
6245
1608
10651
3147
1307
4433
2479
1445
1053
1125
1321
1445
1049
1044
1063
1125
1809
1032
1049
1043
1063
1061
1053
2297
1032
1052
1605
2988
1046
3247
13162
2127
3369
1608
1376
1445
1053
1125
1321
2095
1608
1376
1445
1049
1044
1063
1125
1809
13162
2127
3369
9305
3224
1307
28483
1455
4556
1317
1409
4626
3385
1455
1584
1605
20594
9305
3224
1307
28483
1063
3501
1338
28191
1044
13162
1278
4127
24875
1429
6156
39318
1034
1435
2258
10439
1307
6689
2478
1636
1710
8427
1278
2879
3584
6245
5213
1063
3501
1338
12598
1681
3346
1278
8953
3607
2790
1058
1429
36296
1420
15748
4460
28483
1321
1261
6818
15748
1409
1044
16716
1278
4556
1307
19558
1307
1747
9305
3224
1307
28483
1046
1531
4053
1307
1261
9305
1733
1395
6493
1435
1278
2782
1307
2246
9305
3224
1455
4556
1317
1409
4043
33703
1429
6156
39318
1034
3226
4938
1429
28743
1034
1319
3570
6354
2405
8122
1041
1321
1429
6156
102451
1307
1261
9305
1733
1034
2095
49581
1046
3626
1729
5314
11676
1455
1321
4884
1032
1050
1394
1766
1053
1044
1049
11390
33703
2127
3369
1429
6156
39318
1034
1307
28483
1435
2258
10439
1307
6689
2478
1636
1710
8427
6689
1294
2258
3542
1044
1809
2095
2127
4014
2744
9305
1733
6245
5213
4057
1408
1278
2782
1307
9384
1317
8427
1063
3501
1338
12598
1681
3352
1317
24002
1394
1766
1053
1044
1049
1093
1693
1729
3369
1747
9305
3224
1335
1307
28483
1319
3326
12197
1574
1321
4053
13977
1041
1376
2782
1307
9305
3224
1608
1307
1335
1319
3326
12197
1041
1454
4556
1409
1044
1809
1729
2095
2229
1278
2782
1307
9305
3224
1307
28483
1319
3265
6836
4460
1041
1455
4556
1317
1409
1044
23973
1307
1335
1063
5646
2168
1402
1032
1049
1867
4433
1063
3501
1338
33703
1278
2254
1395
1058
4556
2136
1747
9305
3224
1335
1307
28483
1307
1319
12856
1307
9305
3224
1608
1307
1335
2516
1455
4556
50750
8429
1107
1041
12164
2095
4626
1278
9829
9305
1733
1335
1061
4344
1063
91218
1338
12598
1681
3352
1317
24002
1394
1766
1053
1044
1049
1093
1693
1729
3369
1747
9305
3224
1335
1307
28483
1319
3326
12197
1574
1321
4053
13977
1041
1376
2782
1307
9305
3224
1608
1307
1335
1319
3326
12197
1041
1454
4556
1409
1044
1809
1729
2095
2229
1278
2782
1307
9305
3224
1307
28483
1319
3265
6836
4460
1041
1455
4556
1317
1409
1044
23973
1307
1335
1063
3501
1338
33703
1278
4127
24875
1429
6156
39318
1034
1307
1261
9305
1733
1435
2258
9305
1733
1307
1278
4618
28483
1455
10249
1435
1261
9305
1733
1044
1809
2127
4014
2744
11074
9305
1733
1307
1278
4618
28483
5785
1651
1335
1455
8688
1494
1044
1809
13162
2127
2095
4014
1278
9829
9305
1733
1063
3501
1338
12598
1681
4206
1278
2688
2937
1766
1053
1044
1049
1093
1409
1061
1053
2351
1032
1055
1046
17048
1362
5711
2633
1278
4460
1058
1494
1681
1766
1053
1044
1032
1049
1093
1809
13162
1494
1681
1766
1053
1044
1032
1049
1093
1454
1409
1061
1053
1044
4848
1032
1055
1046
25298
1494
1402
1455
1278
2254
2715
1850
1032
1055
1044
1321
2036
13284
10177
1032
1050
1044
1878
13162
1362
2534
1317
9447
13284
1317
5449
1394
4433
2849
1046
9246
1681
24002
4556
1746
1085
1125
1032
1050
1952
1110
1045
1124
1085
82516
1394
1766
1053
1044
1049
1093
1809
13162
2156
1584
2295
1608
10651
1058
1445
1053
1125
1321
1445
1049
1044
1063
1125
1836
1046
3247
13162
2127
3369
1608
1376
1445
1053
1125
1321
2095
1608
1376
1445
1049
1044
1063
1125
1809
13162
2127
3369
9305
3224
1307
28483
1455
4556
1317
1409
4626
3385
1455
1584
1605
20594
9305
3224
1307
28483
1063
3501
1338
28191
1044
13162
1278
12270
1307
1429
6156
39318
1034
1294
1278
4127
1395
1605
4057
1408
26524
1809
1408
4213
1044
1321
2127
4014
11074
9305
3224
1536
4213
1044
1809
2095
2127
3369
1455
1261
9305
1733
1710
1402
7563
1536
2801
4891
10651
1693
4213
1584
2879
1046
2898
1766
1053
1044
1049
3605
4213
1584
11074
1044
1878
2342
1925
1445
1053
14522
24578
1032
1049
1338
33703
1278
4053
1307
1261
9305
1733
1335
1395
1278
2782
1307
9305
3224
1608
1307
1335
1319
3326
4213
1041
1455
4556
1317
1409
1044
1809
2127
2095
4014
2744
1608
1435
3325
5213
1435
1494
1710
1402
7563
1562
1335
1063
24578
1032
1049
1338
12598
1681
3352
1317
3219
1693
2156
1395
2258
2147
19190
1455
28248
1032
1055
1394
1766
1053
1044
1049
3077
56586
1729
3369
1747
9305
3224
1335
1307
28483
1319
3326
12197
1574
1321
4053
13977
1041
1376
2782
1307
9305
3224
1608
1307
28483
1319
3326
12197
1041
1454
4556
1409
2516
1455
1608
1395
1261
9305
1733
1307
1335
1046
5646
1681
1032
1050
1046
5500
1032
1055
1338
7493
1693
4053
13977
1041
1376
2782
1307
9305
3224
1608
1307
1335
1319
3326
12197
1041
1454
4556
1409
1044
1809
2127
4014
2744
1608
1435
3325
5213
1435
1494
1710
1402
7563
1063
24578
1032
1049
1338
33703
2127
3369
1429
6156
39318
1034
1307
28483
1435
2258
10439
1307
6689
2478
3542
6354
2405
8122
1044
1321
4053
13977
1041
1376
2782
1307
49581
1608
1307
28483
1319
3265
6836
4460
1041
1454
4556
1409
2516
1455
1608
1395
1261
19469
1307
1335
1046
2898
1766
1053
1044
1049
3605
49581
1335
1058
58208
1445
1053
4179
1445
1049
4179
1445
1053
1044
1049
14522
7672
24941
1608
1307
28483
4556
1053
1058
2342
1445
1053
14522
7672
24941
1307
1335
1455
1584
1445
1053
28748
1335
3181
1053
1125
1321
1335
3181
1053
1044
1049
14522
4493
1394
1335
3181
1053
4179
4053
1061
1049
1059
1335
3181
1053
1044
1049
4179
4053
1061
1049
1059
6218
1032
1048
1046
10852
1376
1032
1050
1046
24578
1032
1050
1338
7493
1693
2127
4014
1747
9305
3224
1307
28483
1319
3326
12197
1041
1321
4053
13977
1041
1376
2782
1307
9305
3224
1608
1307
28483
1319
3326
12197
1041
1454
4556
1409
2516
1455
1608
1395
1261
9305
1733
1307
1335
1044
1809
2127
2095
4626
1278
9829
9305
1733
1693
1409
1061
1048
1063
3501
1338
33703
1278
2254
1395
15654
1317
24002
4433
2479
1058
1394
2744
9305
1733
1335
1307
28483
1044
4053
13977
1041
1376
2782
1307
9305
3224
1608
1307
1335
2516
1455
4556
50750
8429
1107
1044
1321
2430
2127
4556
4053
13977
1041
2136
1747
1335
1044
1809
2127
2095
4014
1278
9829
9305
1733
1335
1061
4344
1063
91218
1338
12598
1681
3352
1317
24002
1394
1766
1053
1044
1049
1093
1693
1729
3369
1747
9305
3224
1335
1307
28483
1319
3326
12197
1574
1321
4053
13977
1041
1376
2782
1307
9305
3224
1608
1307
1335
1319
3326
12197
1041
1454
4556
1409
1044
1809
1729
2095
2229
1278
2782
1307
9305
3224
1307
28483
1319
3265
6836
4460
1041
1455
4556
1317
1409
1044
23973
1307
1335
1063
5646
2168
1402
1032
1049
1867
4433
1063
3501
1338
33703
1278
4127
24875
1429
6156
39318
1034
1307
1261
9305
1733
1435
2258
9305
1733
1307
1278
4618
28483
1455
10249
1435
1261
9305
1733
1044
1809
2127
4014
2744
11074
9305
1733
1307
1278
4618
28483
5785
1651
1335
1455
8688
1494
1044
1809
13162
2127
2095
4014
1278
9829
9305
1733
1063
3501
1338
12598
1681
4206
1278
2688
2937
1766
1053
1044
1049
1093
1409
1061
1053
2351
1032
1055
1046
17048
1362
5711
2633
1278
4460
1058
1494
1681
1766
1053
1044
1032
1049
1093
1809
13162
1494
1681
1766
1053
1044
1032
1049
1093
1454
1409
1061
1053
1044
4848
1032
1055
1046
25298
1494
1402
1455
1278
2254
2715
1850
1032
1055
1044
1321
2036
13284
10177
1032
1050
1044
1878
13162
1362
2534
1317
9447
13284
1317
5449
1394
4433
2849
1046
9246
1681
24002
4556
1746
1085
1125
1032
1050
1952
1110
1045
1124
1085
82516
1394
1766
1053
1044
1049
1093
1809
13162
2156
1584
2295
1608
10651
1058
1445
1053
1125
1321
1445
1049
1044
1063
1125
1836
1046
3247
13162
2127
3369
1608
1376
1445
1053
1125
1321
2095
1608
1376
1445
1049
1044
1063
1125
1809
13162
2127
3369
9305
3224
1307
28483
1455
4556
1317
1409
4626
3385
1455
1584
1605
20594
9305
3224
1307
28483
1063
3501
1338
28191
1044
13162
1278
4127
24875
1429
6156
39318
1034
1435
2258
10439
1307
6689
2478
1636
1710
8427
1278
2879
3584
6245
5213
1063
3501
1338
12598
1681
3346
1278
8953
3607
2790
1058
1429
36296
1420
15748
4460
28483
1321
1261
6818
15748
1409
1044
16716
1278
4556
1307
19558
1307
1747
9305
3224
1307
28483
1046
1531
4053
1307
1261
9305
1733
1395
6493
1435
1278
2782
1307
2246
9305
3224
1455
4556
1317
1409
4043
33703
1429
6156
39318
1034
3226
4938
1429
28743
1034
1319
3570
6354
2405
8122
1041
1321
1429
6156
102451
1307
1261
9305
1733
1034
2095
49581
1046
3626
1729
5314
11676
1455
1321
4884
1032
1050
1394
1766
1053
1044
1049
11390
33703
2127
3369
1429
6156
39318
1034
1307
28483
1435
2258
10439
1307
6689
2478
1636
1710
8427
6689
1294
2258
3542
1044
1809
2095
2127
4014
2744
9305
1733
6245
5213
4057
1408
1278
2782
1307
9384
1317
8427
1063
3501
1338
12598
1681
3352
1317
24002
1394
1766
1053
1044
1049
1093
1693
1729
3369
1747
9305
3224
1335
1307
28483
1319
3326
12197
1574
1321
4053
13977
1041
1376
2782
1307
9305
3224
1608
1307
1335
1319
3326
12197
1041
1454
4556
1409
1044
1809
1729
2095
2229
1278
2782
1307
9305
3224
1307
28483
1319
3265
6836
4460
1041
1455
4556
1317
1409
1044
23973
1307
1335
1063
5646
2168
1402
1032
1049
1867
4433
1063
3501
1338
33703
1278
2254
1395
1058
4556
2136
1747
9305
3224
1335
1307
28483
1307
1319
12856
1307
9305
3224
1608
1307
1335
2516
1455
4556
50750
8429
1107
1041
12164
2095
4626
1278
9829
9305
1733
1335
1061
4344
1063
91218
1338
12598
1681
3352
1317
24002
1394
1766
1053
1044
1049
1093
1693
1729
3369
1747
9305
3224
1335
1307
28483
1319
3326
12197
1574
1321
4053
13977
1041
1376
2782
1307
9305
3224
1608
1307
1335
1319
3326
12197
1041
1454
4556
1409
1044
1809
1729
2095
2229
1278
2782
1307
9305
3224
1307
28483
1319
3265
6836
4460
1041
1455
4556
1317
1409
1044
23973
1307
1335
1063
3501
1338
33703
1278
4127
24875
1429
6156
39318
1034
1307
1261
9305
1733
1435
2258
9305
1733
1307
1278
4618
28483
1455
10249
1435
1261
9305
1733
1044
1809
2127
4014
2744
11074
9305
1733
1307
1278
4618
28483
5785
1651
1335
1455
8688
1494
1044
1809
13162
2127
2095
4014
1278
9829
9305
1733
1063
3501
1338
12598
1681
4206
1278
2688
2937
1766
1053
1044
1049
1093
1409
1061
1053
2351
1032
1055
1046
17048
1362
5711
2633
1278
4460
1058
1494
1681
1766
1053
1044
1032
1049
1093
1809
13162
1494
1681
1766
1053
1044
1032
1049
1093
1454
1409
1061
1053
1044
4848
1032
1055
1046
25298
1494
1402
1455
1278
2254
2715
1850
1032
1055
1044
1321
2036
13284
10177
1032
1050
1044
1878
13162
1362
2534
1317
9447
13284
1317
5449
1394
4433
2849
1046
9246
1681
24002
4556
1746
1085
1125
1032
1050
1952
1110
1045
1124
1085
82516
1394
1766
1053
1044
1049
1093
1809
13162
2156
1584
2295
1608
10651
1058
1445
1053
1125
1321
1445
1049
1044
1063
1125
1836
1046
3247
13162
2127
3369
1608
1376
1445
1053
1125
1321
2095
1608
1376
1445
1049
1044
1063
1125
1809
13162
2127
3369
9305
3224
1307
28483
1455
4556
1317
1409
4626
3385
1455
1584
1605
20594
9305
3224
1307
28483
1063
3501
1338
28191
1044
13162
1278
4127
24875
1429
6156
39318
1034
1435
2258
10439
1307
6689
2478
1636
1710
8427
1278
2879
3584
6245
5213
1063
3501
1338
12598
1681
3346
1278
8953
3607
2790
1058
1429
36296
1420
15748
4460
28483
1321
1261
6818
15748
1409
1044
16716
1278
4556
1307
19558
1307
1747
9305
3224
1307
28483
1046
1531
4053
1307
1261
9305
1733
1395
6493
1435
1278
2782
1307
2246
9305
3224
1455
4556
1317
1409
4043
33703
1429
6156
39318
1034
3226
4938
1429
28743
1034
1319
3570
6354
2405
8122
1041
1321
1429
6156
102451
1307
1261
9305
1733
1034
2095
49581
1046
3626
1729
5314
11676
1455
1321
4884
1032
1050
1394
1766
1053
1044
1049
11390
33703
2127
3369
1429
6156
39318
1034
1307
28483
1435
2258
10439
1307
6689
2478
1636
1710
8427
6689
1294
2258
3542
1044
1809
2095
2127
4014
2744
9305
1733
6245
5213
4057
1408
1278
2782
1307
9384
1317
8427
1063
3501
1338
12598
1681
3352
1317
24002
1394
1766
1053
1044
1049
1093
1693
1729
3369
1747
9305
3224
1335
1307
28483
1319
3326
12197
1574
1321
4053
13977
1041
1376
2782
1307
9305
3224
1608
1307
1335
1319
3326
12197
1041
1454
4556
1409
1044
1809
1729
2095
2229
1278
2782
1307
9305
3224
1307
28483
1319
3265
6836
4460
1041
1455
4556
1317
1409
1044
23973
1307
1335
1063
5646
2168
1402
1032
1049
1867
4433
1063
3501
1338
33703
1278
2254
1395
1058
4556
2136
1747
9305
3224
1335
1307
28483
1307
1319
12856
1307
9305
3224
1608
1307
1335
2516
1455
4556
50750
8429
1107
1041
12164
2095
4626
1278
9829
9305
1733
1335
1061
4344
1063
91218
1338
12598
1681
3352
1317
24002
1394
1766
1053
1044
1049
1093
1693
1729
3369
1747
9305
3224
1335
1307
28483
1319
3326
12197
1574
1321
4053
13977
1041
1376
2782
1307
9305
3224
1608
1307
1335
1319
3326
12197
1041
1454
4556
1409
1044
1809
1729
2095
2229
1278
2782
1307
9305
3224
1307
28483
1319
3265
6836
4460
1041
1455
4556
1317
1409
1044
23973
1307
1335
1063
3501
1338
33703
1278
4127
24875
1429
6156
39318
1034
1307
1261
9305
1733
1435
2258
9305
1733
1307
1278
4618
28483
1455
10249
1435
1261
9305
1733
1044
1809
2127
4014
2744
11074
9305
1733
1307
1278
4618
28483
5785
1651
1335
1455
8688
1494
1044
1809
13162
2127
2095
4014
1278
9829
9305
1733
1063
3501
1338
12598
1681
4206
1278
2688
2937
1766
1053
1044
1049
1093
1409
1061
1053
2351
1032
1055
1046
17048
1362
5711
2633
1278
4460
1058
1494
1681
1766
1053
1044
1032
1049
1093
1809
13162
1494
1681
1766
1053
1044
1032
1049
1093
1454
1409
1061
1053
1044
4848
1032
1055
1046
25298
1494
1402
1455
1278
2254
2715
1850
1032
1055
1044
1321
2036
13284
10177
1032
1050
1044
1878
13162
1362
2534
1317
9447
13284
1317
5449
1394
4433
2849
1046
9246
1681
24002
4556
1746
1085
1125
1032
1050
1952
1110
1045
1124
1085
82516
1394
1766
1053
1044
1049
1093
1809
13162
2156
1584
2295
1608
10651
1058
1445
1053
1125
1321
1445
1049
1044
1063
1125
1836
1046
3247
13162
2127
3369
1608
1376
1445
1053
1125
1321
2095
1608
1376
1445
1049
1044
1063
1125
1809
13162
2127
3369
9305
3224
1307
28483
1455
4556
1317
1409
4626
3385
1455
1584
1605
20594
9305
3224
1307
28483
1063
3501
1338
28191
1044
13162
1278
4127
24875
1429
6156
39318
1034
1435
2258
10439
1307
6689
2478
1636
1710
8427
1278
2879
3584
6245
5213
1063
3501
1338
12598
1681
3346
1278
8953
3607
2790
1058
1429
36296
1420
15748
4460
28483
1321
1261
6818
15748
1409
1044
16716
1278
4556
1307
19558
1307
1747
9305
3224
1307
28483
1046
1531
4053
1307
1261
9305
1733
1395
6493
1435
1278
2782
1307
2246
9305
3224
1455
4556
1317
1409
4043
33703
1429
6156
39318
1034
3226
4938
1429
28743
1034
1319
3570
6354
2405
8122
1041
1321
1429
6156
102451
1307
1261
9305
1733
1034
2095
49581
1046
3626
1729
5314
11676
1455
1321
4884
1032
1050
1394
1766
1053
1044
1049
11390
33703
2127
3369
1429
6156
39318
1034
1307
28483
1435
2258
10439
1307
6689
2478
1636
1710
8427
6689
1294
2258
3542
1044
1809
2095
2127
4014
2744
9305
1733
6245
5213
4057
1408
1278
2782
1307
9384
1317
8427
1063
3501
1338
12598
1681
3352
1317
24002
1394
1766
1053
1044
1049
1093
1693
1729
3369
1747
9305
3224
1335
1307
28483
1319
3326
12197
1574
1321
4053
13977
1041
1376
2782
1307
9305
3224
1608
1307
1335
1319
3326
12197
1041
1454
4556
1409
1044
1809
1729
2095
2229
1278
2782
1307
9305
3224
1307
28483
1319
3265
6836
4460
1041
1455
4556
1317
1409
1044
23973
1307
1335
1063
5646
2168
1402
1032
1049
1867
4433
1063
3501
1338
33703
1278
2254
1395
1058
4556
2136
1747
9305
3224
1335
1307
28483
1307
1319
12856
1307
9305
3224
1608
1307
1335
2516
1455
4556
50750
8429
1107
1041
12164
2095
4626
1278
9829
9305
1733
1335
1061
4344
1063
91218
1338
12598
1681
3352
1317
24002
1394
1766
1053
1044
1049
1093
1693
1729
3369
1747
9305
3224
1335
1307
28483
1319
3326
12197
1574
1321
4053
13977
1041
1376
2782
1307
9305
3224
1608
1307
1335
1319
3326
12197
1041
1454
4556
1409
1044
1809
1729
2095
2229
1278
2782
1307
9305
3224
1307
28483
1319
3265
6836
4460
1041
1455
4556
1317
1409
1044
23973
1307
1335
1063
3501
1338
33703
1278
4127
24875
1429
6156
39318
1034
1307
1261
9305
1733
1435
2258
9305
1733
1307
1278
4618
28483
1455
10249
1435
1261
9305
1733
1044
1809
2127
4014
2744
11074
9305
1733
1307
1278
4618
28483
5785
1651
1335
1455
8688
1494
1044
1809
13162
2127
2095
4014
1278
9829
9305
1733
1063
3501
1338
12598
1681
4206
1278
2688
2937
1766
1053
1044
1049
1093
1409
1061
1053
2351
1032
1055
1046
17048
1362
5711
2633
1278
4460
1058
1494
1681
1766
1053
1044
1032
1049
1093
1809
13162
1494
1681
1766
1053
1044
1032
1049
1093
1454
1409
1061
1053
1044
4848
1032
1055
1046
25298
1494
1402
1455
1278
2254
2715
1850
1032
1055
1044
1321
2036
13284
10177
1032
1050
1044
1878
13162
1362
2534
1317
9447
13284
1317
5449
1394
4433
2849
1046
9246
1681
24002
4556
1746
1085
1125
1032
1050
1952
1110
1045
1124
1085
82516
1394
1766
1053
1044
1049
1093
1809
13162
2156
1584
2295
1608
10651
1058
1445
1053
1125
1321
1445
1049
1044
1063
1125
1836
1046
3247
13162
2127
3369
1608
1376
1445
1053
1125
1321
2095
1608
1376
1445
1049
1044
1063
1125
1809
13162
2127
3369
9305
3224
1307
28483
1455
4556
1317
1409
4626
3385
1455
1584
1605
20594
9305
3224
1307
28483
1063
3501
1338
28191
1044
13162
1278
4127
24875
1429
6156
39318
1034
1435
2258
10439
1307
6689
2478
1636
1710
8427
1278
2879
3584
6245
5213
1063
3501
1338
12598
1681
3346
1278
8953
3607
2790
1058
1429
36296
1420
15748
4460
28483
1321
1261
6818
15748
1409
1044
16716
1278
4556
1307
19558
1307
1747
9305
3224
1307
28483
1046
1531
4053
1307
1261
9305
1733
1395
6493
1435
1278
2782
1307
2246
9305
3224
1455
4556
1317
1409
4043
33703
1429
6156
39318
1034
3226
4938
1429
28743
1034
1319
3570
6354
2405
8122
1041
1321
1429
6156
102451
1307
1261
9305
1733
1034
2095
49581
1046
3626
1729
5314
11676
1455
1321
4884
1032
1050
1394
1766
1053
1044
1049
11390
33703
2127
3369
1429
6156
39318
1034
1307
28483
1435
2258
10439
1307
6689
2478
1636
1710
8427
6689
1294
2258
3542
1044
1809
2095
2127
4014
2744
9305
1733
6245
5213
4057
1408
1278
2782
1307
9384
1317
8427
1063
3501
1338
12598
1681
3352
1317
24002
1394
1766
1053
1044
1049
1093
1693
1729
3369
1747
9305
3224
1335
1307
28483
1319
3326
12197
1574
1321
4053
13977
1041
1376
2782
1307
9305
3224
1608
1307
1335
1319
3326
12197
1041
1454
4556
1409
1044
1809
1729
2095
2229
1278
2782
1307
9305
3224
1307
28483
1319
3265
6836
4460
1041
1455
4556
1317
1409
1044
23973
1307
1335
1063
5646
2168
1402
1032
1049
1867
4433
1063
3501
1338
33703
1278
2254
1395
1058
4556
2136
1747
9305
3224
1335
1307
28483
1307
1319
12856
1307
9305
3224
1608
1307
1335
2516
1455
4556
50750
8429
1107
1041
12164
2095
4626
1278
9829
9305
1733
1335
1061
4344
1063
91218
1338
12598
1681
3352
1317
24002
1394
1766
1053
1044
1049
1093
1693
1729
3369
1747
9305
3224
1335
1307
28483
1319
3326
12197
1574
1321
4053
13977
1041
1376
2782
1307
9305
3224
1608
1307
1335
1319
3326
12197
1041
1454
4556
1409
1044
1809
1729
2095
2229
1278
2782
1307
9305
3224
1307
28483
1319
3265
6836
4460
1041
1455
4556
1317
1409
1044
23973
1307
1335
1063
3501
1338
33703
1278
4127
24875
1429
6156
39318
1034
1307
1261
9305
1733
1435
2258
9305
1733
1307
1278
4618
28483
1455
10249
1435
1261
9305
1733
1044
1809
2127
4014
2744
11074
9305
1733
1307
1278
4618
28483
5785
1651
1335
1455
8688
1494
1044
1809
13162
2127
2095
4014
1278
9829
9305
1733
1063
3501
1338
12598
1681
4206
1278
2688
2937
1766
1053
1044
1049
1093
1409
1061
1053
2351
1032
1055
1046
17048
1362
5711
2633
1278
4460
1058
1494
1681
1766
1053
1044
1032
1049
1093
1809
13162
1494
1681
1766
1053
1044
1032
1049
1093
1454
1409
1061
1053
1044
4848
1032
1055
1046
25298
1494
1402
1455
1278
2254
2715
1850
1032
1055
1044
1321
2036
13284
10177
1032
1050
1044
1878
13162
1362
2534
1317
9447
13284
1317
5449
1394
4433
2849
1046
9246
1681
24002
4556
1746
1085
1125
1032
1050
1952
1110
1045
1124
1085
82516
1394
1766
1053
1044
1049
1093
1809
13162
2156
1584
2295
1608
10651
1058
1445
1053
1125
1321
1445
1049
1044
1063
1125
1836
1046
3247
13162
2127
3369
1608
1376
1445
1053
1125
1321
2095
1608
1376
1445
1049
1044
1063
1125
1809
13162
2127
3369
9305
3224
1307
28483
1455
4556
1317
1409
4626
3385
1455
1584
1605
20594
9305
3224
1307
28483
1063
3501
1338
28191
1044
13162
1278
4127
24875
1429
6156
39318
1034
1435
2258
10439
1307
6689
2478
1636
1710
8427
1278
2879
3584
6245
5213
1063
3501
1338
12598
1681
3346
1278
8953
3607
2790
1058
1429
36296
1420
15748
4460
28483
1321
1261
6818
15748
1409
1044
16716
1278
4556
1307
19558
1307
1747
9305
3224
1307
28483
1046
1531
4053
1307
1261
9305
1733
1395
6493
1435
1278
2782
1307
2246
9305
3224
1455
4556
1317
1409
4043
33703
1429
6156
39318
1034
3226
4938
1429
28743
1034
1319
3570
6354
2405
8122
1041
1321
1429
6156
102451
1307
1261
9305
1733
1034
2095
49581
1046
3626
1729
5314
11676
1455
1321
4884
1032
1050
1394
1766
1053
1044
1049
11390
33703
2127
3369
1429
6156
39318
1034
1307
28483
1435
2258
10439
1307
6689
2478
1636
1710
8427
6689
1294
2258
3542
1044
1809
2095
2127
4014
2744
9305
1733
6245
5213
4057
1408
1278
2782
1307
9384
1317
8427
1063
3501
1338
12598
1681
3352
1317
24002
1394
1766
1053
1044
1049
1093
1693
1729
3369
1747
9305
3224
1335
1307
28483
1319
3326
12197
1574
1321
4053
13977
1041
1376
2782
1307
9305
3224
1608
1307
1335
1319
3326
12197
1041
1454
4556
1409
1044
1809
1729
2095
2229
1278
2782
1307
9305
3224
1307
28483
1319
3265
6836
4460
1041
1455
4556
1317
1409
1044
23973
1307
1335
1063
5646
2168
1402
1032
1049
1867
4433
1063
3501
1338
33703
1278
2254
1395
1058
4556
2136
1747
9305
3224
1335
1307
28483
1307
1319
12856
1307
9305
3224
1608
1307
1335
2516
1455
4556
50750
8429
1107
1041
12164
2095
4626
1278
9829
9305
1733
1335
1061
4344
1063
91218
1338
12598
1681
3352
1317
24002
1394
1766
1053
1044
1049
1093
1693
1729
3369
1747
9305
3224
1335
1307
28483
1319
3326
12197
1574
1321
4053
13977
1041
1376
2782
1307
9305
3224
1608
1307
1335
1319
3326
12197
1041
1454
4556
1409
1044
1809
1729
2095
2229
1278
2782
1307
9305
3224
1307
28483
1319
3265
6836
4460
1041
1455
4556
1317
1409
1044
23973
1307
1335
1063
3501
1338
33703
1278
4127
24875
1429
6156
39318
1034
1307
1261
9305
1733
1435
2258
9305
1733
1307
1278
4618
28483
1455
10249
1435
1261
9305
1733
1044
1809
2127
4014
2744
11074
9305
1733
1307
1278
4618
28483
5785
1651
1335
1455
8688
1494
1044
1809
13162
2127
2095
4014
1278
9829
9305
1733
1063
3501
1338
12598
1681
4206
1278
2688
2937
1766
1053
1044
1049
1093
1409
1061
1053
2351
1032
1055
1046
17048
1362
5711
2633
1278
4460
1058
1494
1681
1766
1053
1044
1032
1049
1093
1809
13162
1494
1681
1766
1053
1044
1032
1049
1093
1454
1409
1061
1053
1044
4848
1032
1055
1046
25298
1494
1402
1455
1278
2254
2715
1850
1032
1055
1044
1321
2036
13284
10177
1032
1050
1044
1878
13162
1362
2534
1317
9447
13284
1317
5449
1394
4433
2849
1046
9246
1681
24002
4556
1746
1085
1125
1032
1050
1952
1110
1045
1124
1085
82516
1394
1766
1053
1044
1049
1093
1809
13162
2156
1584
2295
1608
10651
1058
1445
1053
1125
1321
1445
1049
1044
1063
1125
1836
1046
3247
13162
2127
3369
1608
1376
1445
1053
1125
1321
2095
1608
1376
1445
1049
1044
1063
1125
1809
13162
2127
3369
9305
3224
1307
28483
1455
4556
1317
1409
4626
3385
1455
1584
1605
20594
9305
3224
1307
28483
1063
3501
1338
28191
1044
13162
1278
4127
24875
1429
6156
39318
1034
1435
2258
10439
1307
6689
2478
1636
1710
8427
1278
2879
3584
6245
5213
1063
3501
1338
12598
1681
3346
1278
8953
3607
2790
1058
1429
36296
1420
15748
4460
28483
1321
1261
6818
15748
1409
1044
16716
1278
4556
1307
19558
1307
1747
9305
3224
1307
28483
1046
1531
4053
1307
1261
9305
1733
1395
6493
1435
1278
2782
1307
2246
9305
3224
1455
4556
1317
1409
4043
33703
1429
6156
39318
1034
3226
4938
1429
28743
1034
1319
3570
6354
2405
8122
1041
1321
1429
6156
102451
1307
1261
9305
1733
1034
2095
49581
1046
3626
1729
5314
11676
1455
1321
4884
1032
1050
1394
1766
1053
1044
1049
11390
33703
2127
3369
1429
6156
39318
1034
1307
28483
1435
2258
10439
1307
6689
2478
1636
1710
8427
6689
1294
2258
3542
1044
1809
2095
2127
4014
2744
9305
1733
6245
5213
4057
1408
1278
2782
1307
9384
1317
8427
1063
3501
1338
12598
1681
3352
1317
24002
1394
1766
1053
1044
1049
1093
1693
1729
3369
1747
9305
3224
1335
1307
28483
1319
3326
12197
1574
1321
4053
13977
1041
1376
2782
1307
9305
3224
1608
1307
1335
1319
3326
12197
1041
1454
4556
1409
1044
1809
1729
2095
2229
1278
2782
1307
9305
3224
1307
28483
1319
3265
6836
4460
1041
1455
4556
1317
1409
1044
23973
1307
1335
1063
5646
2168
1402
1032
1049
1867
4433
1063
3501
1338
33703
1278
2254
1395
1058
4556
2136
1747
9305
3224
1335
1307
28483
1307
1319
12856
1307
9305
3224
1608
1307
1335
2516
1455
4556
50750
8429
1107
1041
12164
2095
4626
1278
9829
9305
1733
1335
1061
4344
1063
91218
1338
12598
1681
3352
1317
24002
1394
1766
1053
1044
1049
1093
1693
1729
3369
1747
9305
3224
1335
1307
28483
1319
3326
12197
1574
1321
4053
13977
1041
1376
2782
1307
9305
3224
1608
1307
1335
1319
3326
12197
1041
1454
4556
1409
1044
1809
1729
2095
2229
1278
2782
1307
9305
3224
1307
28483
1319
3265
6836
4460
1041
1455
4556
1317
1409
1044
23973
1307
1335
1063
3501
1338
33703
1278
4127
24875
1429
6156
39318
1034
1307
1261
9305
1733
1435
2258
9305
1733
1307
1278
4618
28483
1455
10249
1435
1261
9305
1733
1044
1809
2127
4014
2744
11074
9305
1733
1307
1278
4618
28483
5785
1651
1335
1455
8688
1494
1044
1809
13162
2127
2095
4014
1278
9829
9305
1733
1063
3501
1338
12598
1681
4206
1278
2688
2937
1766
1053
1044
1049
1093
1409
1061
1053
2351
1032
1055
1046
17048
1362
5711
2633
1278
4460
1058
1494
1681
1766
1053
1044
1032
1049
1093
1809
13162
1494
1681
1766
1053
1044
1032
1049
1093
1454
1409
1061
1053
1044
4848
1032
1055
1046
25298
1494
1402
1455
1278
2254
2715
1850
1032
1055
1044
1321
2036
13284
10177
1032
1050
1044
1878
13162
1362
2534
1317
9447
13284
1317
5449
1394
4433
2849
1046
9246
1681
24002
4556
1746
1085
1125
1032
1050
1952
1110
1045
1124
1085
82516
1394
1766
1053
1044
1049
1093
1809
13162
2156
1584
2295
1608
10651
1058
1445
1053
1125
1321
1445
1049
1044
1063
1125
1836
1046
3247
13162
2127
3369
1608
1376
1445
1053
1125
1321
2095
1608
1376
1445
1049
1044
1063
1125
1809
13162
2127
3369
9305
3224
1307
28483
1455
4556
1317
1409
4626
3385
1455
1584
1605
20594
9305
3224
1307
28483
1063
3501
1338
28191
1044
13162
1278
4127
24875
1429
6156
39318
1034
1435
2258
10439
1307
6689
2478
1636
1710
8427
1278
2879
3584
6245
5213
1063
3501
1338
12598
1681
3346
1278
8953
3607
2790
1058
1429
36296
1420
15748
4460
28483
1321
1261
6818
15748
1409
1044
16716
1278
4556
1307
19558
1307
1747
9305
3224
1307
28483
1046
1531
4053
1307
1261
9305
1733
1395
6493
1435
1278
2782
1307
2246
9305
3224
1455
4556
1317
1409
4043
33703
1429
6156
39318
1034
3226
4938
1429
28743
1034
1319
3570
6354
2405
8122
1041
1321
1429
6156
102451
1307
1261
9305
1733
1034
2095
49581
1046
3626
1729
5314
11676
1455
1321
4884
1032
1050
1394
1766
1053
1044
1049
11390
33703
2127
3369
1429
6156
39318
1034
1307
28483
1435
2258
10439
1307
6689
2478
1636
1710
8427
6689
1294
2258
3542
1044
1809
2095
2127
4014
2744
9305
1733
6245
5213
4057
1408
1278
2782
1307
9384
1317
8427
1063
3501
1338
12598
1681
3352
1317
24002
1394
1766
1053
1044
1049
1093
1693
1729
3369
1747
9305
3224
1335
1307
28483
1319
3326
12197
1574
1321
4053
13977
1041
1376
2782
1307
9305
3224
1608
1307
1335
1319
3326
12197
1041
1454
4556
1409
1044
1809
1729
2095
2229
1278
2782
1307
9305
3224
1307
28483
1319
3265
6836
4460
1041
1455
4556
1317
1409
1044
23973
1307
1335
1063
5646
2168
1402
1032
1049
1867
4433
1063
3501
1338
33703
1278
2254
1395
1058
4556
2136
1747
9305
3224
1335
1307
28483
1307
1319
12856
1307
9305
3224
1608
1307
1335
2516
1455
4556
50750
8429
1107
1041
12164
2095
4626
1278
9829
9305
1733
1335
1061
4344
1063
91218
1338
12598
1681
3352
1317
24002
1394
1766
1053
1044
1049
1093
1693
1729
3369
1747
9305
3224
1335
1307
28483
1319
3326
12197
1574
1321
4053
13977
1041
1376
2782
1307
9305
3224
1608
1307
1335
1319
3326
12197
1041
1454
4556
1409
1044
1809
1729
2095
2229
1278
2782
1307
9305
3224
1307
28483
1319
3265
6836
4460
1041
1455
4556
1317
1409
1044
23973
1307
1335
1063
3501
1338
33703
1278
4127
24875
1429
6156
39318
1034
1307
1261
9305
1733
1435
2258
9305
1733
1307
1278
4618
28483
1455
10249
1435
1261
9305
1733
1044
1809
2127
4014
2744
11074
9305
1733
1307
1278
4618
28483
5785
1651
1335
1455
8688
1494
1044
1809
13162
2127
2095
4014
1278
9829
9305
1733
1063
3501
1338
12598
1681
4206
1278
2688
2937
1766
1053
1044
1049
1093
1409
1061
1053
2351
1032
1055
1046
17048
1362
5711
2633
1278
4460
1058
1494
1681
1766
1053
1044
1032
1049
1093
1809
13162
1494
1681
1766
1053
1044
1032
1049
1093
1454
1409
1061
1053
1044
4848
1032
1055
1046
25298
1494
1402
1455
1278
2254
2715
1850
1032
1055
1044
1321
2036
13284
10177
1032
1050
1044
1878
13162
1362
2534
1317
9447
13284
1317
5449
1394
4433
2849
1046
9246
1681
24002
4556
1746
1085
1125
1032
1050
1952
1110
1045
1124
1085
82516
1394
1766
1053
1044
1049
1093
1809
13162
2156
1584
2295
1608
10651
1058
1445
1053
1125
1321
1445
1049
1044
1063
1125
1836
1046
3247
13162
2127
3369
1608
1376
1445
1053
1125
1321
2095
1608
1376
1445
1049
1044
1063
1125
1809
13162
2127
3369
9305
3224
1307
28483
1455
4556
1317
1409
4626
3385
1455
1584
1605
20594
9305
3224
1307
28483
1063
3501
1338
28191
1044
13162
1278
4127
24875
1429
6156
39318
1034
1435
2258
10439
1307
6689
2478
1636
1710
8427
1278
2879
3584
6245
5213
1063
3501
1338
12598
1681
3346
1278
8953
3607
2790
1058
1429
36296
1420
15748
4460
28483
1321
1261
6818
15748
1409
1044
16716
1278
4556
1307
19558
1307
1747
9305
3224
1307
28483
1046
1531
4053
1307
1261
9305
1733
1395
6493
1435
1278
2782
1307
2246
9305
3224
1455
4556
1317
1409
4043
33703
1429
6156
39318
1034
3226
4938
1429
28743
1034
1319
3570
6354
2405
8122
1041
1321
1429
6156
102451
1307
1261
9305
1733
1034
2095
49581
1046
3626
1729
5314
11676
1455
1321
4884
1032
1050
1394
1766
1053
1044
1049
11390
33703
2127
3369
1429
6156
39318
1034
1307
28483
1435
2258
10439
1307
6689
2478
1636
1710
8427
6689
1294
2258
3542
1044
1809
2095
2127
4014
2744
9305
1733
6245
5213
4057
1408
1278
2782
1307
9384
1317
8427
1063
3501
1338
12598
1681
3352
1317
24002
1394
1766
1053
1044
1049
1093
1693
1729
3369
1747
9305
3224
1335
1307
28483
1319
3326
12197
1574
1321
4053
13977
1041
1376
2782
1307
9305
3224
1608
1307
1335
1319
3326
12197
1041
1454
4556
1409
1044
1809
1729
2095
2229
1278
2782
1307
9305
3224
1307
28483
1319
3265
6836
4460
1041
1455
4556
1317
1409
1044
23973
1307
1335
1063
5646
2168
1402
1032
1049
1867
4433
1063
3501
1338
33703
1278
2254
1395
1058
4556
2136
1747
9305
3224
1335
1307
28483
1307
1319
12856
1307
9305
3224
1608
1307
1335
2516
1455
4556
50750
8429
1107
1041
12164
2095
4626
1278
9829
9305
1733
1335
1061
4344
1063
91218
1338
12598
1681
3352
1317
24002
1394
1766
1053
1044
1049
1093
1693
1729
3369
1747
9305
3224
1335
1307
28483
1319
3326
12197
1574
1321
4053
13977
1041
1376
2782
1307
9305
3224
1608
1307
1335
1319
3326
12197
1041
1454
4556
1409
1044
1809
1729
2095
2229
1278
2782
1307
9305
3224
1307
28483
1319
3265
6836
4460
1041
1455
4556
1317
1409
1044
23973
1307
1335
1063
3501
1338
33703
1278
4127
24875
1429
6156
39318
1034
1307
1261
9305
1733
1435
2258
9305
1733
1307
1278
4618
28483
1455
10249
1435
1261
9305
1733
1044
1809
2127
4014
2744
11074
9305
1733
1307
1278
4618
28483
5785
1651
1335
1455
8688
1494
1044
1809
13162
2127
2095
4014
1278
9829
9305
1733
1063
3501
1338
12598
1681
4206
1278
2688
2937
1766
1053
1044
1049
1093
1409
1061
1053
2351
1032
1055
1046
17048
1362
5711
2633
1278
4460
1058
1494
1681
1766
1053
1044
1032
1049
1093
1809
13162
1494
1681
1766
1053
1044
1032
1049
1093
1454
1409
1061
1053
1044
4848
1032
1055
1046
25298
1494
1402
1455
1278
2254
2715
1850
1032
1055
1044
1321
2036
13284
10177
1032
1050
1044
1878
13162
1362
2534
1317
9447
13284
1317
5449
1394
4433
2849
1046
9246
1681
24002
4556
1746
1085
1125
1032
1050
1952
1110
1045
1124
1085
82516
1394
1766
1053
1044
1049
1093
1809
13162
2156
1584
2295
1608
10651
1058
1445
1053
1125
1321
1445
1049
1044
1063
1125
1836
1046
3247
13162
2127
3369
1608
1376
1445
1053
1125
1321
2095
1608
1376
1445
1049
1044
1063
1125
1809
13162
2127
3369
9305
3224
1307
28483
1455
4556
1317
1409
4626
3385
1455
1584
1605
20594
9305
3224
1307
28483
1063
3501
1338
28191
1044
13162
1278
4127
24875
1429
6156
39318
1034
1435
2258
10439
1307
6689
2478
1636
1710
8427
1278
2879
3584
6245
5213
1063
3501
1338
12598
1681
3346
1278
8953
3607
2790
1058
1429
36296
1420
15748
4460
28483
1321
1261
6818
15748
1409
1044
16716
1278
4556
1307
19558
1307
1747
9305
3224
1307
28483
1046
1531
4053
1307
1261
9305
1733
1395
6493
1435
1278
2782
1307
2246
9305
3224
1455
4556
1317
1409
4043
33703
1429
6156
39318
1034
3226
4938
1429
28743
1034
1319
3570
6354
2405
8122
1041
1321
1429
6156
102451
1307
1261
9305
1733
1034
2095
49581
1046
3626
1729
5314
11676
1455
1321
4884
1032
1050
1394
1766
1053
1044
1049
11390
33703
2127
3369
1429
6156
39318
1034
1307
28483
1435
2258
10439
1307
6689
2478
1636
1710
8427
6689
1294
2258
3542
1044
1809
2095
2127
4014
2744
9305
1733
6245
5213
4057
1408
1278
2782
1307
9384
1317
8427
1063
3501
1338
12598
1681
3352
1317
24002
1394
1766
1053
1044
1049
1093
1693
1729
3369
1747
9305
3224
1335
1307
28483
1319
3326
12197
1574
1321
4053
13977
1041
1376
2782
1307
9305
3224
1608
1307
1335
1319
3326
12197
1041
1454
4556
1409
1044
1809
1729
2095
2229
1278
2782
1307
9305
3224
1307
28483
1319
3265
6836
4460
1041
1455
4556
1317
1409
1044
23973
1307
1335
1063
5646
2168
1402
1032
1049
1867
4433
1063
3501
1338
33703
1278
2254
1395
1058
4556
2136
1747
9305
3224
1335
1307
28483
1307
1319
12856
1307
9305
3224
1608
1307
1335
2516
1455
4556
50750
8429
1107
1041
12164
2095
4626
1278
9829
9305
1733
1335
1061
4344
1063
91218
1338
12598
1681
3352
1317
24002
1394
1766
1053
1044
1049
1093
1693
1729
3369
1747
9305
3224
1335
1307
28483
1319
3326
12197
1574
1321
4053
13977
1041
1376
2782
1307
9305
3224
1608
1307
1335
1319
3326
12197
1041
1454
4556
1409
1044
1809
1729
2095
2229
1278
2782
1307
9305
3224
1307
28483
1319
3265
6836
4460
1041
1455
4556
1317
1409
1044
23973
1307
1335
1063
3501
1338
33703
1278
4127
24875
1429
6156
39318
1034
1307
1261
9305
1733
1435
2258
9305
1733
1307
1278
4618
28483
1455
10249
1435
1261
9305
1733
1044
1809
2127
4014
2744
11074
9305
1733
1307
1278
4618
28483
5785
1651
1335
1455
8688
1494
1044
1809
13162
2127
2095
4014
1278
9829
9305
1733
1063
3501
1338
12598
1681
4206
1278
2688
2937
1766
1053
1044
1049
1093
1409
1061
1053
2351
1032
1055
1046
17048
1362
5711
2633
1278
4460
1058
1494
1681
1766
1053
1044
1032
1049
1093
1809
13162
1494
1681
1766
1053
1044
1032
1049
1093
1454
1409
1061
1053
1044
4848
1032
1055
1046
25298
1494
1402
1455
1278
2254
2715
1850
1032
1055
1044
1321
2036
13284
10177
1032
1050
1044
1878
13162
1362
2534
1317
9447
13284
1317
5449
1394
4433
2849
1046
9246
1681
24002
4556
1746
1085
1125
1032
1050
1952
1110
1045
1124
1085
82516
1394
1766
1053
1044
1049
1093
1809
13162
2156
1584
2295
1608
10651
1058
1445
1053
1125
1321
1445
1049
1044
1063
1125
1836
1046
3247
13162
2127
3369
1608
1376
1445
1053
1125
1321
2095
1608
1376
1445
1049
1044
1063
1125
1809
13162
2127
3369
9305
3224
1307
28483
1455
4556
1317
1409
4626
3385
1455
1584
1605
20594
9305
3224
1307
28483
1063
3501
1338
28191
1044
13162
1278
4127
24875
1429
6156
39318
1034
1435
2258
10439
1307
6689
2478
1636
1710
8427
1278
2879
3584
6245
5213
1063
3501
1338
12598
1681
3346
1278
8953
3607
2790
1058
1429
36296
1420
15748
4460
28483
1321
1261
6818
15748
1409
1044
16716
1278
4556
1307
19558
1307
1747
9305
3224
1307
28483
1046
1531
4053
1307
1261
9305
1733
1395
6493
1435
1278
2782
1307
2246
9305
3224
1455
4556
1317
1409
4043
33703
1429
6156
39318
1034
3226
4938
1429
28743
1034
1319
3570
6354
2405
8122
1041
1321
1429
6156
102451
1307
1261
9305
1733
1034
2095
49581
1046
3626
1729
5314
11676
1455
1321
4884
1032
1050
1394
1766
1053
1044
1049
11390
33703
2127
3369
1429
6156
39318
1034
1307
28483
1435
2258
10439
1307
6689
2478
1636
1710
8427
6689
1294
2258
3542
1044
1809
2095
2127
4014
2744
9305
1733
6245
5213
4057
1408
1278
2782
1307
9384
1317
8427
1063
3501
1338
12598
1681
3352
1317
24002
1394
1766
1053
1044
1049
1093
1693
1729
3369
1747
9305
3224
1335
1307
28483
1319
3326
12197
1574
1321
4053
13977
1041
1376
2782
1307
9305
3224
1608
1307
1335
1319
3326
12197
1041
1454
4556
1409
1044
1809
1729
2095
2229
1278
2782
1307
9305
3224
1307
28483
1319
3265
6836
4460
1041
1455
4556
1317
1409
1044
23973
1307
1335
1063
5646
2168
1402
1032
1049
1867
4433
1063
3501
1338
33703
1278
2254
1395
1058
4556
2136
1747
9305
3224
1335
1307
28483
1307
1319
12856
1307
9305
3224
1608
1307
1335
2516
1455
4556
50750
8429
1107
1041
12164
2095
4626
1278
9829
9305
1733
1335
1061
4344
1063
91218
1338
12598
1681
3352
1317
24002
1394
1766
1053
1044
1049
1093
1693
1729
3369
1747
9305
3224
1335
1307
28483
1319
3326
12197
1574
1321
4053
13977
1041
1376
2782
1307
9305
3224
1608
1307
1335
1319
3326
12197
1041
1454
4556
1409
1044
1809
1729
2095
2229
1278
2782
1307
9305
3224
1307
28483
1319
3265
6836
4460
1041
1455
4556
1317
1409
1044
23973
1307
1335
1063
3501
1338
33703
1278
4127
24875
1429
6156
39318
1034
1307
1261
9305
1733
1435
2258
9305
1733
1307
1278
4618
28483
1455
10249
1435
1261
9305
1733
1044
1809
2127
4014
2744
11074
9305
1733
1307
1278
4618
28483
5785
1651
1335
1455
8688
1494
1044
1809
13162
2127
2095
4014
1278
9829
9305
1733
1063
3501
1338
12598
1681
4206
1278
2688
2937
1766
1053
1044
1049
1093
1409
1061
1053
2351
1032
1055
1046
17048
1362
5711
2633
1278
4460
1058
1494
1681
1766
1053
1044
1032
1049
1093
1809
13162
1494
1681
1766
1053
1044
1032
1049
1093
1454
1409
1061
1053
1044
4848
1032
1055
1046
25298
1494
1402
1455
1278
2254
2715
1850
1032
1055
1044
1321
2036
13284
10177
1032
1050
1044
1878
13162
1362
2534
1317
9447
13284
1317
5449
1394
4433
2849
1046
9246
1681
24002
4556
1746
1085
1125
1032
1050
1952
1110
1045
1124
1085
82516
1394
1766
1053
1044
1049
1093
1809
13162
2156
1584
2295
1608
10651
1058
1445
1053
1125
1321
1445
1049
1044
1063
1125
1836
1046
3247
13162
2127
3369
1608
1376
1445
1053
1125
1321
2095
1608
1376
1445
1049
1044
1063
1125
1809
13162
2127
3369
9305
3224
1307
28483
1455
4556
1317
1409
4626
3385
1455
1584
1605
20594
9305
3224
1307
28483
1063
3501
1338
28191
1044
13162
1278
4127
24875
1429
6156
39318
1034
1435
2258
10439
1307
6689
2478
1636
1710
8427
1278
2879
3584
6245
5213
1063
3501
1338
12598
1681
3346
1278
8953
3607
2790
1058
1429
36296
1420
15748
4460
28483
1321
1261
6818
15748
1409
1044
16716
1278
4556
1307
19558
1307
1747
9305
3224
1307
28483
1046
1531
4053
1307
1261
9305
1733
1395
6493
1435
1278
2782
1307
2246
9305
3224
1455
4556
1317
1409
4043
33703
1429
6156
39318
1034
3226
4938
1429
28743
1034
1319
3570
6354
2405
8122
1041
1321
1429
6156
102451
1307
1261
9305
1733
1034
2095
49581
1046
3626
1729
5314
11676
1455
1321
4884
1032
1050
1394
1766
1053
1044
1049
11390
33703
2127
3369
1429
6156
39318
1034
1307
28483
1435
2258
10439
1307
6689
2478
1636
1710
8427
6689
1294
2258
3542
1044
1809
2095
2127
4014
2744
9305
1733
6245
5213
4057
1408
1278
2782
1307
9384
1317
8427
1063
3501
1338
12598
1681
3352
1317
24002
1394
1766
1053
1044
1049
1093
1693
1729
3369
1747
9305
3224
1335
1307
28483
1319
3326
12197
1574
1321
4053
13977
1041
1376
2782
1307
9305
3224
1608
1307
1335
1319
3326
12197
1041
1454
4556
1409
1044
1809
1729
2095
2229
1278
2782
1307
9305
3224
1307
28483
1319
3265
6836
4460
1041
1455
4556
1317
1409
1044
23973
1307
1335
1063
5646
2168
1402
1032
1049
1867
4433
1063
3501
1338
33703
1278
2254
1395
1058
4556
2136
1747
9305
3224
1335
1307
28483
1307
1319
12856
1307
9305
3224
1608
1307
1335
2516
1455
4556
50750
8429
1107
1041
12164
2095
4626
1278
9829
9305
1733
1335
1061
4344
1063
91218
1338
12598
1681
3352
1317
24002
1394
1766
1053
1044
1049
1093
1693
1729
3369
1747
9305
3224
1335
1307
28483
1319
3326
12197
1574
1321
4053
13977
1041
1376
2782
1307
9305
3224
1608
1307
1335
1319
3326
12197
1041
1454
4556
1409
1044
1809
1729
2095
2229
1278
2782
1307
9305
3224
1307
28483
1319
3265
6836
4460
1041
1455
4556
1317
1409
1044
23973
1307
1335
1063
3501
1338
33703
1278
4127
24875
1429
6156
39318
1034
1307
1261
9305
1733
1435
2258
9305
1733
1307
1278
4618
28483
1455
10249
1435
1261
9305
1733
1044
1809
2127
4014
2744
11074
9305
1733
1307
1278
4618
28483
5785
1651
1335
1455
8688
1494
1044
1809
13162
2127
2095
4014
1278
9829
9305
1733
1063
3501
1338
12598
1681
4206
1278
2688
2937
1766
1053
1044
1049
1093
1409
1061
1053
2351
1032
1055
1046
17048
1362
5711
2633
1278
4460
1058
1494
1681
1766
1053
1044
1032
1049
1093
1809
13162
1494
1681
1766
1053
1044
1032
1049
1093
1454
1409
1061
1053
1044
4848
1032
1055
1046
25298
1494
1402
1455
1278
2254
2715
1850
1032
1055
1044
1321
2036
13284
10177
1032
1050
1044
1878
13162
1362
2534
1317
9447
13284
1317
5449
1394
4433
2849
1046
9246
1681
24002
4556
1746
1085
1125
1032
1050
1952
1110
1045
1124
1085
82516
1394
1766
1053
1044
1049
1093
1809
13162
2156
1584
2295
1608
10651
1058
1445
1053
1125
1321
1445
1049
1044
1063
1125
1836
1046
3247
13162
2127
3369
1608
1376
1445
1053
1125
1321
2095
1608
1376
1445
1049
1044
1063
1125
1809
13162
2127
3369
9305
3224
1307
28483
1455
4556
1317
1409
4626
3385
1455
1584
1605
20594
9305
3224
1307
28483
1063
3501
1338
28191
1044
13162
1278
4127
24875
1429
6156
39318
1034
1435
2258
10439
1307
6689
2478
1636
1710
8427
1278
2879
3584
6245
5213
1063
3501
1338
12598
1681
3346
1278
8953
3607
2790
1058
1429
36296
1420
15748
4460
28483
1321
1261
6818
15748
1409
1044
16716
1278
4556
1307
19558
1307
1747
9305
3224
1307
28483
1046
1531
4053
1307
1261
9305
1733
1395
6493
1435
1278
2782
1307
2246
9305
3224
1455
4556
1317
1409
4043
33703
1429
6156
39318
1034
3226
4938
1429
28743
1034
1319
3570
6354
2405
8122
1041
1321
1429
6156
102451
1307
1261
9305
1733
1034
2095
49581
1046
3626
1729
5314
11676
1455
1321
4884
1032
1050
1394
1766
1053
1044
1049
11390
33703
2127
3369
1429
6156
39318
1034
1307
28483
1435
2258
10439
1307
6689
2478
1636
1710
8427
6689
1294
2258
3542
1044
1809
2095
2127
4014
2744
9305
1733
6245
5213
4057
1408
1278
2782
1307
9384
1317
8427
1063
3501
1338
12598
1681
3352
1317
24002
1394
1766
1053
1044
1049
1093
1693
1729
3369
1747
9305
3224
1335
1307
28483
1319
3326
12197
1574
1321
4053
13977
1041
1376
2782
1307
9305
3224
1608
1307
1335
1319
3326
12197
1041
1454
4556
1409
1044
1809
1729
2095
2229
1278
2782
1307
9305
3224
1307
28483
1319
3265
6836
4460
1041
1455
4556
1317
1409
1044
23973
1307
1335
1063
5646
2168
1402
1032
1049
1867
4433
1063
3501
1338
33703
1278
2254
1395
1058
4556
2136
1747
9305
3224
1335
1307
28483
1307
1319
12856
1307
9305
3224
1608
1307
1335
2516
1455
4556
50750
8429
1107
1041
12164
2095
13
11
1010