10
25708
1010
11
1010
10
3263
1010
10311
1278
3629
2254
21734
1321
8953
3607
1044
10886
5687
1278
2254
5055
1321
2764
1747
1278
9458
1046
1603
24151
16424
70914
84674
14671
48761
1083
25461
4568
2715
30711
1278
3475
1636
13330
1294
1261
1335
107485
3475
4950
1319
3038
44642
1041
1319
43880
2084
80858
1278
4618
7389
1801
2640
3149
4014
1095
4189
7198
5103
2511
16026
1058
1935
1041
4906
1935
1877
1293
19639
24305
16896
1408
53133
1032
1049
1321
17000
1317
8132
53133
1409
1046
3264
1934
1261
16603
2632
10348
1513
1032
1048
1626
1293
8956
53133
1623
1044
2165
1710
3142
2295
6413
1307
10317
1877
1293
1032
1049
1046
6658
3151
1317
53133
1623
1045
1049
1319
98990
1402
2434
18264
3923
1505
1408
53133
1032
1048
1456
1293
1032
1050
1046
6658
2015
1317
53133
1623
1867
1032
1050
1094
1106
4939
1044
2430
21413
16603
1536
1032
1049
1010
1260
1010
1293
12162
1278
3788
2782
1307
9384
24305
1710
8132
53133
1409
1626
1293
13708
1455
24305
1710
8132
53133
1409
6245
5213
1321
8214
10317
1626
1260
1010
1293
64664
1877
1369
1409
1058
1531
3579
53133
2782
1319
1048
9120
1409
9120
1032
1049
1048
1094
1057
1456
1260
1010
1293
20527
1877
1369
1531
2782
1307
11074
9384
1317
8132
53133
1409
1010
1260
1010
1293
56431
4014
1095
4189
7198
5103
2511
1040
1048
1456
1293
1032
1050
1010
1293
56431
4014
1095
4189
7198
5103
2511
1040
1049
1456
1293
1032
1052
1010
1293
56431
4014
1095
4189
7198
5103
2511
1040
1053
1049
1050
1456
1293
1032
1049
1010
1293
47680
3149
4206
5164
52143
3640
1293
6852
15605
1040
1048
1041
2351
1032
1050
1010
1293
6852
15605
1040
1049
1041
2351
1032
1052
1010
1293
6852
15605
1040
1049
1051
1052
1050
1049
1055
1055
1050
1054
1041
2351
1032
1051
1055
1056
1010
1293
6852
15605
1040
1049
1048
1055
1051
1055
1052
1049
1056
1049
1054
1041
2351
1032
1055
1056
1056
1056
1055
1050
1053
1010
1293
6852
15605
1040
1053
1049
1050
1041
2351
1032
1049
1010
1293
6852
15605
1040
1049
1048
1053
1054
1057
1054
1052
1054
1048
1056
1041
2351
1032
1048
1010
1293
6852
15605
1040
1049
1057
1053
1053
1050
1054
1054
1056
1050
1041
2351
1032
1048
1010
1293
6852
15605
1040
1057
1051
1057
1053
1050
1052
1048
1057
1054
1041
2351
1032
1048
1010
1293
6852
15605
1040
1049
1051
1052
1050
1049
1055
1055
1050
1056
1041
2351
1032
1049
1010
1293
6852
15605
1040
1049
1048
1055
1051
1054
1055
1054
1050
1056
1056
1041
2351
1032
1048
1010
1293
6852
15605
1040
1049
1048
1048
1048
1048
1048
1048
1048
1048
1048
1041
2351
1032
1048
1010
1293
6852
15605
1040
1056
1056
1050
1049
1053
1056
1056
1054
1054
1041
2351
1032
1048
1010
1293
6852
15605
1040
1057
1057
1057
1057
1057
1057
1057
1057
1053
1041
2351
1032
1048
1010
1293
6852
15605
1040
1050
1054
1056
1052
1051
1053
1052
1053
1054
1041
2351
1032
1048
1010
1293
6852
15605
1040
1057
1053
1053
1055
1055
1052
1057
1049
1053
1041
2351
1032
1048
1010
1293
6852
15605
1040
1049
1051
1053
1041
2351
1032
1048
1010
1293
6852
15605
1040
1056
1057
1049
1056
1051
1057
1056
1051
1055
1041
2351
1032
1048
1010
1293
6852
15605
1040
1055
1057
1057
1052
1051
1049
1055
1056
1050
1041
2351
1032
1048
1010
1293
6852
15605
1040
1056
1049
1053
1051
1054
1048
1055
1054
1055
1041
2351
1032
1048
1010
1293
6852
15605
1040
1049
1055
1048
1041
2351
1032
1048
1010
1293
6852
15605
1040
1055
1056
1053
1048
1048
1048
1049
1056
1048
1041
2351
1032
1048
1010
1293
6852
15605
1040
1052
1051
1048
1049
1050
1055
1056
1054
1055
1041
2351
1032
1048
1010
1293
6852
15605
1040
1056
1048
1051
1055
1050
1054
1048
1048
1057
1041
2351
1032
1048
1010
1293
6852
15605
1040
1056
1057
1050
1048
1057
1050
1053
1056
1049
1041
2351
1032
1048
1010
1293
6852
15605
1040
1055
1056
1051
1049
1056
1054
1050
1050
1052
1041
2351
1032
1048
1010
1293
6852
15605
1040
1050
1054
1056
1052
1051
1053
1052
1053
1054
1041
2351
1032
1049
1010
1293
6852
15605
1040
1051
1049
1051
1050
1050
1054
1041
2351
1032
1048
1010
1293
6852
15605
1040
1049
1054
1051
1056
1051
1041
2351
1032
1049
1053
1267
1035
13516
4206
43063
1095
4189
7198
5103
2511
1041
1317
3160
9458
1626
1975
11
1010
10
1503
19464
1010
12
13
11
1010
10
3263
1267
16994
4607
6983
9700
1278
9458
1046
9380
1681
1278
3880
1877
17595
3581
1319
5943
8531
3690
3804
3640
1032
8933
92367
2146
107321
1104
1081
1071
1113
5142
8261
1897
3110
1032
1053
1052
1044
1294
1534
13655
1561
1293
4206
43063
1095
4189
7198
5103
2511
1456
1032
8933
92367
2146
107321
1104
1081
1071
1113
5142
8261
1897
3110
1032
1050
1053
1044
1294
4206
1010
1293
6852
15605
1040
1048
1041
2351
1032
1050
1010
6367
12032
48697
48697
48697
48697
48697
48697
48697
48697
1010
31929
1292
4507
89644
2892
75956
1419
1044
1593
1395
2143
6255
1058
18228
1278
3629
2254
21734
1321
8953
3607
1044
10886
5687
1278
2254
5055
1321
2764
1747
1278
9458
1046
1603
24151
16424
70914
84674
14671
48761
1083
25461
4568
2715
30711
1278
3475
1636
13330
1294
1261
1335
107485
3475
4950
1319
3038
44642
1041
1319
43880
2084
80858
1278
4618
7389
1041
11
1010
10
1503
19464
1010
12
13
11
1010
10
3263
1267
16994
4607
6983
9700
1278
9458
1046
9380
1681
1278
3880
1877
17595
3581
1319
5943
8531
3690
3804
3640
1032
8933
92367
30316
1121
8568
1109
1069
1054
1048
1049
8261
1897
3110
1032
1053
1052
1044
1294
1534
13655
1561
1293
4206
43063
1095
4189
7198
5103
2511
1456
1032
8933
92367
30316
1121
8568
1109
1069
1054
1048
1049
8261
1897
3110
1032
1050
1053
1044
1294
4206
1010
1293
6852
15605
1040
1048
1041
2351
1032
1050
1010
6367
12032
48697
48697
48697
48697
48697
48697
48697
48697
1010
31929
1292
4507
89644
2892
75956
1419
1044
1593
1395
2143
6255
1058
18228
1278
3629
2254
21734
1321
8953
3607
1044
10886
5687
1278
2254
5055
1321
2764
1747
1278
9458
1046
1603
24151
16424
70914
84674
14671
48761
1083
25461
4568
2715
30711
1278
3475
1636
13330
1294
1261
1335
107485
3475
4950
1319
3038
44642
1041
1319
43880
2084
80858
1278
4618
7389
1041
11
1010
10
1503
19464
1010
12
1010
12
11745
1681
1261
11483
2832
2100
1049
1046
1032
1603
25280
73448
1278
7777
1681
18244
24185
1256
1462
1603
13204
1317
5687
3795
2000
12296
1095
4189
7198
5103
2511
16026
1058
1935
1041
4906
1935
10632
1256
1462
1603
21040
3607
5662
3795
4472
1972
7725
1278
4127
1058
24305
16896
1408
53133
1032
1049
1044
17000
1317
8132
53133
1409
1046
68743
2632
16896
1513
1032
1048
1046
41744
1058
1032
1010
1260
1032
1049
1046
6658
3151
1317
53133
1623
1045
1049
1319
98990
1402
2434
18264
3923
1505
1408
53133
1032
1048
1456
1260
1032
1050
1046
6658
2015
1317
53133
1623
1867
1032
1050
1094
1106
4939
1044
2430
21413
16603
1536
1032
1049
1010
1256
1462
1603
15773
3795
3788
2782
1307
9384
24305
1710
8132
53133
1409
1046
13708
1058
24305
1710
8132
53133
1409
6245
5213
1321
8214
10317
1626
1256
1462
1603
46437
3795
1032
1048
9120
1409
9120
1032
1049
1048
1094
1057
1010
1256
1462
1603
31837
3634
2688
5443
1319
19266
2000
6390
1096
2254
4244
2591
1260
1462
2000
1099
52143
1040
1048
1041
2351
1032
1050
10632
1260
1462
2000
1099
52143
1040
1049
1041
2351
1032
1052
10632
1260
1462
2000
1099
52143
1040
1049
1051
1052
1050
1049
1055
1055
1050
1054
1041
2351
1032
1051
1055
1056
10632
1260
1462
2000
1099
52143
1040
1049
1048
1055
1051
1055
1052
1049
1056
1049
1054
1041
2351
1032
1055
1056
1056
1056
1055
1050
1053
10632
1260
1462
2000
1099
52143
1040
1053
1049
1050
1041
2351
1032
1049
10632
1260
1462
2000
1099
52143
1040
1049
1048
1053
1054
1057
1054
1052
1054
1048
1056
1041
2351
1032
1048
10632
1260
1462
2000
1099
52143
1040
1049
1057
1053
1053
1050
1054
1054
1056
1050
1041
2351
1032
1048
10632
1260
1462
2000
1099
52143
1040
1057
1051
1057
1053
1050
1052
1048
1057
1054
1041
2351
1032
1048
10632
1260
1462
2000
1099
52143
1040
1049
1051
1052
1050
1049
1055
1055
1050
1056
1041
2351
1032
1049
10632
1260
1462
2000
1099
52143
1040
1049
1048
1055
1051
1054
1055
1054
1050
1056
1056
1041
2351
1032
1048
10632
1260
1462
2000
1099
52143
1040
1049
1048
1048
1048
1048
1048
1048
1048
1048
1048
1041
2351
1032
1048
10632
1260
1462
2000
1099
52143
1040
1056
1056
1050
1049
1053
1056
1056
1054
1054
1041
2351
1032
1048
10632
1260
1462
2000
1099
52143
1040
1057
1057
1057
1057
1057
1057
1057
1057
1053
1041
2351
1032
1048
10632
1260
1462
2000
1099
52143
1040
1050
1054
1056
1052
1051
1053
1052
1053
1054
1041
2351
1032
1048
10632
1260
1462
2000
1099
52143
1040
1057
1053
1053
1055
1055
1052
1057
1049
1053
1041
2351
1032
1048
10632
1260
1462
2000
1099
52143
1040
1049
1051
1053
1041
2351
1032
1048
10632
1260
1462
2000
1099
52143
1040
1056
1057
1049
1056
1051
1057
1056
1051
1055
1041
2351
1032
1048
10632
1260
1462
2000
1099
52143
1040
1055
1057
1057
1052
1051
1049
1055
1056
1050
1041
2351
1032
1048
10632
1260
1462
2000
1099
52143
1040
1056
1049
1053
1051
1054
1048
1055
1054
1055
1041
2351
1032
1048
10632
1260
1462
2000
1099
52143
1040
1049
1055
1048
1041
2351
1032
1048
10632
1260
1462
2000
1099
52143
1040
1055
1056
1053
1048
1048
1048
1049
1056
1048
1041
2351
1032
1048
10632
1260
1462
2000
1099
52143
1040
1052
1051
1048
1049
1050
1055
1056
1054
1055
1041
2351
1032
1048
10632
1260
1462
2000
1099
52143
1040
1056
1048
1051
1055
1050
1054
1048
1048
1057
1041
2351
1032
1048
10632
1260
1462
2000
1099
52143
1040
1056
1057
1050
1048
1057
1050
1053
1056
1049
1041
2351
1032
1048
10632
1260
1462
2000
1099
52143
1040
1055
1056
1051
1049
1056
1054
1050
1050
1052
1041
2351
1032
1048
10632
1260
1462
2000
1099
52143
1040
1050
1054
1056
1052
1051
1053
1052
1053
1054
1041
2351
1032
1049
1096
1319
115501
1307
9781
1032
1050
1054
1056
1052
1051
1053
1052
1053
1054
3107
1048
1063
32844
1044
1278
2951
1934
2000
1099
52143
1040
1050
1054
1056
1052
1051
1053
1052
1053
1054
1041
2351
1032
1048
1096
1321
4025
2000
1099
52143
1040
1050
1054
1056
1052
1051
1053
1052
1053
1054
1041
2351
1032
1049
9816
5646
1681
81681
1046
9246
1639
4206
1278
7092
3403
1058
1429
8723
15605
1040
1050
1054
1056
1052
1051
1053
1052
1053
1054
1041
2351
1032
1048
1034
10249
1044
1321
2430
4025
1429
8723
15605
1040
1050
1054
1056
1052
1051
1053
1052
1053
1054
1041
2351
1032
1049
3871
2409
4139
1402
1261
96948
1294
1278
4127
10674
1044
1505
13162
1494
1681
2295
2801
2688
5443
1454
2879
4292
1063
1362
7534
2534
1317
7782
1494
21966
1046
49032
1044
7283
1513
1278
2951
1058
1032
1010
3539
1462
2000
8723
15605
1040
1050
1054
1056
1052
1051
1053
1052
1053
1054
1041
2351
1032
1048
1096
1319
40856
3110
1032
1050
1053
2140
1456
3539
1462
2000
8723
15605
1040
1050
1054
1056
1052
1051
1053
1052
1053
1054
1041
2351
1032
1049
1096
1319
72065
1278
2362
1456
3539
2409
1395
6906
1261
27223
1294
1278
4127
15661
1044
1809
1362
4016
2764
1747
90747
1435
4265
1046
3367
2295
90747
1736
1278
2879
4292
1809
2801
6878
4213
1044
1494
1681
16501
1317
34301
2960
1046
1362
7534
2534
1317
1344
11568
14176
1278
7092
3403
1046
9246
1639
9441
1278
7092
2688
2951
21966
9381
1260
1462
2000
1099
52143
1040
1051
1049
1051
1050
1050
1054
1041
2351
1032
1048
10632
1260
1462
2000
1099
52143
1040
1049
1054
1051
1056
1051
1041
2351
1032
1049
1053
10127
1256
1462
1603
4756
16009
3795
1429
24151
16424
70914
84674
14671
48761
1083
19553
1256
1462
1603
11186
8174
3795
21381
3475
4950
1454
1278
11708
1338
1050
1046
1032
1603
3761
24946
1278
29667
24185
1256
1462
24305
16896
1408
53133
1032
1049
1046
68743
2632
16896
1513
1032
1048
1626
1256
1462
8956
53133
1623
1044
2165
1710
1877
1260
1032
1049
1046
6658
3151
1317
1623
1045
1049
1319
98990
1402
2434
18264
3923
1505
1408
53133
1032
1048
1456
1260
1032
1050
1046
6658
2015
1317
1623
1867
1032
1050
1094
1106
4939
1044
2430
21413
16603
1536
1032
1049
1010
1256
1462
12162
3788
2782
1307
9384
24305
1710
8132
53133
1409
1626
1256
1462
1429
12791
1455
24305
1710
8132
53133
1409
6245
5213
1321
8214
10317
2613
2409
4938
1729
4014
1747
22344
1455
1364
12107
2645
1042
53133
1409
1513
2258
2862
1044
1605
2586
22344
1455
2362
1513
1409
1063
3247
22344
1455
2362
1513
1409
1063
1531
103828
1058
1429
15773
1278
3788
2782
1307
9384
24305
1710
8132
53133
1409
2613
1321
1429
12791
1455
24305
1710
8132
53133
1409
6245
5213
1321
8214
10317
2613
2409
12551
1455
1729
4014
1278
2782
1307
11074
14170
1307
10317
1455
2282
1294
24305
3144
1408
53133
1409
1513
2269
2862
1319
104676
6245
5213
1044
1809
1729
4014
11074
9384
109366
1264
1577
3247
13162
1494
4938
1058
1729
4014
1278
2782
1307
9384
1317
8132
53133
1409
1394
1278
2158
2142
1044
1505
1278
2782
1307
22344
1455
2362
1513
1409
1044
1809
2165
1710
8214
2453
1063
1531
9134
1429
66899
1710
8132
53133
1409
6245
5213
1321
8214
10317
1034
4139
4204
1455
1693
1261
3549
12481
2645
1409
1044
2430
19877
1044
1494
3637
24875
1435
1925
3039
1317
8132
1409
1046
3247
13162
1494
1681
2314
36359
1747
22344
1455
7256
9206
1409
1338
1256
9246
1681
2985
1513
1278
4469
5443
1877
1256
1462
2000
12296
1095
4189
7198
5103
2511
1040
1048
1041
2351
1032
1050
10632
1256
1462
2000
12296
1095
4189
7198
5103
2511
1040
1049
1041
2351
1032
1052
10632
1256
1462
2000
12296
1095
4189
7198
5103
2511
1040
1053
1049
1050
1041
2351
1032
1049
10632
1256
1462
2000
12296
1095
4189
7198
5103
2511
1040
1049
1051
1052
1050
1049
1055
1055
1050
1056
1041
2351
1032
1049
10127
1256
9246
1681
3352
1317
50248
3709
4213
1317
13445
1278
10469
1626
1256
1462
13336
1058
53133
1376
1032
1049
1044
16603
1376
1032
1048
1626
1256
1462
41744
1877
1260
1261
1041
6658
3151
1317
1623
1045
1049
1058
6560
1402
2434
18264
3923
1044
1321
6560
1402
2434
1408
53133
1032
1048
1046
4493
1562
53133
1032
1049
1044
4670
3151
2168
1974
1317
53133
1032
1048
1044
1809
1429
98990
1402
2434
6421
1408
53133
1032
1048
1034
4938
2165
6560
3142
1278
1429
2762
3151
1034
7685
2200
1408
53133
1032
1048
1046
2157
6354
2405
4150
2165
1710
2405
1974
1317
53133
1032
1048
1044
1809
2165
1710
2405
2210
1278
7685
1408
53133
1032
1048
1046
32844
1058
1429
13937
3151
1317
53133
1623
1045
1049
1319
98990
1402
2434
18264
3923
1505
1408
53133
1032
1048
114478
4493
1693
2165
1681
1408
53133
1032
1049
1044
2165
1710
1974
3151
1317
1032
1048
1044
1809
2430
2165
1681
1408
1032
1048
1321
1710
2405
2210
1974
27714
2790
1063
3247
2165
1710
2405
2210
1278
1974
27714
7685
1693
2165
1681
1408
53133
1032
1048
1046
62178
4938
1058
1278
1974
27714
7685
1395
1759
61434
2200
3519
53133
1395
1032
1048
1046
9840
1044
6560
1402
2434
18264
3923
1058
1878
1693
1278
4607
7685
1486
1974
27714
1044
2165
1710
2405
1653
1974
27714
2790
1319
61925
1653
1974
8118
4342
1260
1289
1041
6658
2015
1317
1623
1867
1032
1050
1094
1106
4939
1044
2430
21413
16603
1536
1032
1049
1046
4493
1562
53133
1623
1454
16603
1475
1044
2165
12481
1317
1623
1867
1032
1050
1094
1106
1044
1321
16603
11006
1475
1043
1049
1338
1256
9246
1681
19087
1562
3030
1058
53133
1061
1049
1044
16603
1061
1048
1626
1256
58973
2158
20183
1877
1256
1462
6658
2015
1058
1623
1867
1032
1050
1094
1048
1376
1032
1049
1867
1032
1049
1376
1032
1050
1046
16603
11006
1032
1049
1046
9032
1513
53133
1032
1050
1044
16603
1061
1049
1626
1256
1462
6658
3151
1058
1623
1045
1049
1376
1032
1048
1046
3626
6560
1402
2434
1408
53133
1032
1048
1063
3264
1681
4670
1562
1032
1049
1317
1032
1048
1044
1878
2165
8942
1278
7685
1408
53133
1032
1049
1044
29740
1408
1032
1048
1046
1531
10097
8223
1429
98990
1402
2434
6421
1408
53133
1032
1048
3871
17048
4938
2165
6560
1364
2352
1408
1042
53133
1032
1048
1321
2210
1974
27714
1044
1505
2165
1710
5471
1408
1032
1048
1809
2430
25988
1063
9246
1681
14649
2165
1710
5471
1408
1032
1048
1044
1809
2430
1562
1032
1048
2165
1710
2342
1974
2015
1046
3626
1278
10097
1429
98990
1402
2434
18264
3923
1034
28735
1058
1693
2165
12481
3151
1044
4275
1710
2405
1402
3151
1338
1256
9246
1681
2951
1747
22344
10348
1562
1319
1049
1044
1032
1048
1041
1321
3219
2478
2127
1974
1044
1321
4014
9384
1317
8132
3709
1409
1338
1256
2837
2534
1317
5048
2549
1429
4189
1034
4938
1046
11796
7980
1307
10317
1395
1261
3039
1046
2837
4014
2606
3325
11074
7685
14170
2282
1294
24305
3144
1408
53133
1409
1513
2269
2862
1319
87088
3907
1278
3030
1063
2519
1256
9246
1681
23898
24002
1394
1409
1061
1048
1321
1409
1061
1049
1338
1256
13336
1058
53133
1061
1049
1044
16603
1061
1048
1046
3316
1593
35509
1435
1429
1273
20465
53133
1032
1049
69235
1531
4127
8223
1429
66899
16896
1408
53133
1032
1049
1321
17000
1317
8132
53133
1409
2613
4493
10348
1408
53133
1032
1049
4938
2165
1681
5314
1408
53133
1032
1049
1046
3626
1278
4014
1394
1409
1061
1049
1395
1032
1052
1046
4493
2156
1584
1032
1052
9384
1317
1429
1273
1664
1034
53133
1032
1049
1046
17048
1278
10348
3980
24875
1435
1925
3039
1044
2984
1032
1051
2081
9384
1455
12864
5471
1408
53133
1032
1049
2790
1063
3247
13162
1429
4189
1034
24875
1747
22344
1455
2362
1513
1409
1044
1505
2764
2645
1409
1338
1256
9246
1681
14649
1729
4014
1747
11074
22648
14170
1307
5746
10317
2516
1455
1513
2269
2862
1044
24305
1395
1408
53133
1409
1046
3247
13162
1278
3549
4016
2362
1513
1409
1063
1531
9134
1058
1429
66899
1710
8132
53133
1409
6245
5213
1321
8214
10317
2613
12551
1455
1261
4249
3549
4139
9206
1409
1044
2430
8214
1044
1321
1455
24875
1435
1925
3039
1317
8132
1409
1319
87088
1729
4014
1278
2158
2142
2165
28833
1409
1044
1505
1729
4014
1747
22344
1455
7256
9462
1409
2519
1256
9246
1681
3352
1317
10616
22344
1562
1319
1049
1044
1032
1048
1041
1321
3219
1338
1256
6496
1058
1319
1314
2511
1044
16603
1044
3804
9853
1288
69843
104714
1577
56102
3804
9853
1288
69843
1376
12819
1319
1270
8030
2519
1256
1373
14869
1562
1319
1105
1044
1475
1044
3804
69843
3640
1256
1032
1049
1046
6658
2015
1058
1875
13755
1376
1623
1867
1032
1050
1094
1106
1044
1875
32004
1376
1475
1867
1032
1049
1044
1875
46485
69843
1376
12819
1046
53119
8807
1063
1531
10469
2607
2405
101789
4670
2015
18264
3923
1046
4493
5282
8807
1626
1256
1032
1050
1046
6658
3151
1058
1875
13755
1376
1623
1462
1032
1049
1044
1875
32004
1376
1475
1319
1106
4939
52671
1063
1429
110492
16603
1536
1032
1049
1034
2342
1394
1974
8118
1063
1531
8953
8223
1058
1429
1050
1046
6658
2015
1317
53133
1623
1867
1032
1050
1094
1106
4939
1044
2430
21413
16603
1536
1032
1049
3871
2157
6354
2405
4150
16603
91094
1394
1974
27714
1046
4493
16603
52671
2879
1394
1974
27714
1046
3060
1429
98990
1402
2434
18264
3923
1505
1408
53133
1032
1048
3871
4493
1974
27714
8807
2342
1693
3804
9853
1288
69843
1395
12819
1044
1321
1623
3006
1032
1048
1063
49032
1429
98990
1402
2434
1408
53133
1032
1048
1034
4139
4204
1693
1623
2351
1032
1048
1044
1974
27714
1395
1759
61434
1046
3247
13162
4938
1636
1710
2405
5471
1408
1032
1048
5059
1974
27714
1063
9246
1681
3346
21966
1058
1429
1049
1046
6658
3151
1317
53133
1623
1045
1049
1319
98990
1402
2434
18264
3923
1505
1408
53133
1032
1048
114478
2409
6906
4938
1058
1278
7685
7423
6560
1402
5537
1693
1278
3519
53133
1395
1032
1048
1046
4493
1693
1623
2351
1032
1048
1044
1636
1710
2405
1974
3151
1046
9840
1044
1636
1710
2405
2210
1494
1693
1278
4607
7685
1486
1974
27714
1338
1256
9246
1681
14649
16603
10714
2879
2453
1974
27714
1338
1256
9032
1044
2878
1681
42478
22344
1562
3030
1319
1049
1044
1032
1048
1044
3804
69843
18912
1577
2837
2933
1317
4014
11074
14170
1455
2282
1294
3144
1408
53133
1409
1046
9748
10317
1710
1402
28922
1319
46147
1710
5807
4670
2015
1574
1809
13162
1729
2342
3369
22344
1455
12864
5304
1063
3247
13162
1729
4014
1747
28922
22344
1809
1455
6354
2405
3180
7453
1394
1429
12856
1307
9384
3871
62178
1729
4014
1747
22648
22344
1455
2362
2200
1063
17048
1278
2832
30774
2200
2165
28833
1409
1063
3247
1729
4014
1747
22344
1455
2764
2645
1409
1044
1321
22344
1584
22648
1063
1531
4127
4139
41032
1455
24305
34408
10317
4570
2165
48559
1317
5304
1044
1505
13162
1729
4014
1747
4171
22344
1307
2258
5592
1455
1736
1409
1435
1261
21643
53133
1046
3626
1278
2688
5443
1736
4811
8091
1044
1878
2156
4016
1402
1261
22648
4014
1338
1256
9246
1681
2985
1513
1278
2688
1058
2000
12296
1095
4189
7198
5103
2511
1040
1048
1041
2351
1032
1050
9816
3075
1710
2165
8132
53133
1032
1048
9551
1256
1462
13336
1513
1032
1049
1046
6658
3151
1317
1032
1048
1046
5646
1681
1925
3039
1058
1766
6826
3077
56827
1058
1974
3151
1562
1032
1049
1317
1032
1048
1046
16603
1486
1032
1048
1044
52671
1032
1048
1046
16544
6920
1486
3151
1046
8956
1032
1048
1044
2165
1710
2405
1974
3151
1046
3264
2481
1974
2015
1058
1032
1048
1867
1032
1050
1094
1048
1376
1032
1049
1044
16603
11006
1032
1049
1046
3626
1455
2168
9288
1032
1048
1046
3367
1729
4014
22344
1455
1429
1273
1664
1034
1032
1048
1044
1278
3549
1766
6826
1093
28833
1032
1048
1046
17048
2156
1681
3866
3039
1063
5675
2314
4670
2015
2430
3151
1063
9246
1681
3219
1338
1256
17048
1429
4189
1034
4938
1278
2782
1307
11074
22344
1455
2362
1513
53133
1409
1044
1321
1278
2832
30774
2200
2165
28833
1409
1063
3247
13162
2165
19877
1044
1809
1729
4014
1278
2782
1307
9384
1317
1736
1409
1435
1278
1364
9855
1042
53133
1513
1278
2362
1307
2269
22648
23832
1063
1531
9134
1429
66899
1710
8132
53133
1409
6245
5213
1321
8214
10317
1034
4139
4204
1455
1693
1261
3549
29751
1409
1044
2430
4025
15786
1321
9896
2595
1044
1494
1681
3637
35509
5785
1044
1505
13162
2744
9206
24875
1063
3626
1278
4014
1395
1261
4249
15748
1338
1256
9246
1681
6123
1394
11696
1505
4629
7638
1046
2409
10637
2479
1261
27815
19466
4127
1046
1531
10317
1058
1562
1623
1044
16603
1475
1044
1974
1317
1623
1043
1050
1094
1106
1044
1475
69893
3247
1974
3151
1317
1623
1045
1049
1044
1475
43884
1044
1710
2405
1402
22487
1044
1710
2405
1408
1032
1048
1046
1409
2015
1317
1032
1049
1101
1057
1046
7637
5443
1736
4811
4213
2479
1032
1049
1051
1052
1050
1049
1055
1055
1050
1054
1044
1032
1049
1048
1055
1051
1055
1052
1049
1056
1049
1054
1044
6704
1046
4634
8091
2985
2479
2127
4139
35377
1317
18246
38001
1505
19558
1307
1032
1050
1338
1256
9246
1681
4206
1278
4213
1877
1256
1462
1032
1053
1049
1050
1376
1032
1050
1094
1057
1046
4014
1095
4189
7198
5103
2511
1040
1053
1049
1050
1041
2351
1032
1049
1626
1256
1462
1032
1049
1051
1052
1050
1049
1055
1055
1050
1056
1376
1032
1050
1094
1050
1055
1063
1032
1050
1094
1050
1055
1376
1032
1049
1051
1052
1050
1049
1055
1055
1050
1056
1046
13830
1033
4014
1095
4189
7198
5103
2511
1040
1049
1051
1052
1050
1049
1055
1055
1050
1056
1041
2351
1032
1049
1626
1256
1462
1032
1050
1054
1056
1052
1051
1053
1052
1053
1054
1376
1032
1050
1094
1050
1056
1063
1032
1050
1094
1050
1056
1376
1032
1050
1054
1056
1052
1051
1053
1052
1053
1054
1046
10638
90747
1058
1925
2351
1032
1048
1044
1925
2351
1032
1049
1046
44762
1332
5769
1046
17048
1278
4127
1934
1261
96948
1044
1505
1362
5711
2633
1046
9246
1639
1344
41412
1278
3330
1681
5117
21966
1877
1260
49958
1260
6852
15605
1040
1050
1054
1056
1052
1051
1053
1052
1053
1054
1041
2351
1032
1048
1010
1260
20213
1260
6852
15605
1040
1050
1054
1056
1052
1051
1053
1052
1053
1054
1041
2351
1032
1049
1010
1260
49958
1260
13830
1044
1494
1681
2156
1046
2409
1395
6906
1261
3880
1294
1278
4127
10674
1044
1809
1362
4016
2764
1747
9458
1046
3367
2295
90747
1736
2879
4292
1809
2801
6878
1044
1494
1681
16501
1046
62079
1278
2254
1395
2767
96083
1259
5744
1063
3501
1046
17048
1925
1307
2424
1395
1261
2801
2782
1063
9246
1681
4206
1278
7092
3403
1058
1429
8723
15605
1040
1050
1054
1056
1052
1051
1053
1052
1053
1054
1041
2351
1032
1048
1034
10249
1044
1321
4025
1429
8723
15605
1040
1050
1054
1056
1052
1051
1053
1052
1053
1054
1041
2351
1032
1049
3871
1362
7534
14649
1494
1681
1261
27223
1044
1809
1362
2534
1317
9470
1261
2254
1455
22405
1435
3325
1435
4171
1044
1505
13162
1278
2667
1925
1395
7442
1261
2801
2782
2479
1032
1050
1054
1056
1052
1051
1053
1052
1053
1055
1063
3626
1362
1710
2405
4036
9458
1046
1362
7534
1736
1317
3219
1693
2156
1681
1261
3039
2960
1710
1402
29107
1044
13162
1536
4583
1278
2254
1850
4433
1455
14620
1408
4433
2849
1063
3501
1044
1494
1681
1261
13173
2254
1307
1409
1046
1362
7534
9134
1593
1321
3352
1317
3081
1261
32786
2478
1032
1050
1054
1056
1052
1051
1053
1052
1053
1054
10177
1261
8877
4832
1044
13162
1032
1049
1505
1032
1048
1044
1321
3219
1799
2147
9458
125573
1494
1338
1256
9246
1681
2951
1747
2688
5443
1454
2034
6878
4213
1877
1256
1032
1048
4906
1032
1050
1010
1256
1032
1049
4906
1032
1052
1010
1256
1032
1049
1051
1052
1050
1049
1055
1055
1050
1054
4906
1032
1051
1055
1056
1010
1256
1032
1049
1048
1055
1051
1055
1052
1049
1056
1049
1054
4906
1032
1055
1056
1056
1056
1055
1050
1053
1010
1256
1032
1053
1049
1050
4906
1032
1049
1010
1256
1032
1049
1048
1053
1054
1057
1054
1052
1054
1048
1056
4906
1032
1048
1010
1256
1032
1049
1057
1053
1053
1050
1054
1054
1056
1050
4906
1032
1048
1010
1256
1032
1057
1051
1057
1053
1050
1052
1048
1057
1054
4906
1032
1048
1010
1256
1032
1049
1051
1052
1050
1049
1055
1055
1050
1056
4906
1032
1049
1010
1256
1032
1049
1048
1055
1051
1054
1055
1054
1050
1056
1056
4906
1032
1048
1010
1256
1032
1049
1048
1048
1048
1048
1048
1048
1048
1048
1048
4906
1032
1048
1010
1256
1032
1056
1056
1050
1049
1053
1056
1056
1054
1054
4906
1032
1048
1010
1256
1032
1057
1057
1057
1057
1057
1057
1057
1057
1053
4906
1032
1048
1010
1256
1032
1050
1054
1056
1052
1051
1053
1052
1053
1054
4906
1032
1048
1319
11517
1456
1256
1032
1057
1053
1053
1055
1055
1052
1057
1049
1053
4906
1032
1048
1010
1256
1032
1049
1051
1053
4906
1032
1048
1010
1256
1032
1056
1057
1049
1056
1051
1057
1056
1051
1055
4906
1032
1048
1010
1256
1032
1055
1057
1057
1052
1051
1049
1055
1056
1050
4906
1032
1048
1010
1256
1032
1056
1049
1053
1051
1054
1048
1055
1054
1055
4906
1032
1048
1010
1256
1032
1049
1055
1048
4906
1032
1048
1010
1256
1032
1055
1056
1053
1048
1048
1048
1049
1056
1048
4906
1032
1048
1010
1256
1032
1052
1051
1048
1049
1050
1055
1056
1054
1055
4906
1032
1048
1010
1256
1032
1056
1048
1051
1055
1050
1054
1048
1048
1057
4906
1032
1048
1010
1256
1032
1056
1057
1050
1048
1057
1050
1053
1056
1049
4906
1032
1048
1010
1256
1032
1055
1056
1051
1049
1056
1054
1050
1050
1052
4906
1032
1048
1010
1256
1032
1050
1054
1056
1052
1051
1053
1052
1053
1054
4906
1032
1049
1319
13023
1041
1032
121192
15016
1010
1256
1032
1051
1049
1051
1050
1050
1054
4906
1032
1048
1010
1256
1032
1049
1054
1051
1056
1051
4906
1032
1049
1053
1267
1256
32844
1044
13162
1278
2667
1032
1050
1054
1056
1052
1051
1053
1052
1053
1054
1395
7442
1032
1050
1054
1056
1052
1051
1053
1052
1053
1055
1505
4433
1044
1809
1494
1681
8360
1435
1032
1050
1054
1056
1052
1051
1053
1052
1053
1054
1046
1362
7534
1736
1317
7782
1494
1046
26243
1278
2254
2715
1850
1032
1049
1394
1032
1050
1054
1056
1052
1051
1053
1052
1053
1054
1044
1321
1278
2158
2000
3107
1032
1048
1096
1395
1261
96948
1063
3247
13162
1494
1681
2000
1099
52143
1040
1050
1054
1056
1052
1051
1053
1052
1053
1054
1041
2351
1032
1048
1096
1321
2000
1099
52143
1040
1050
1054
1056
1052
1051
1053
1052
1053
1054
1041
2351
1032
1049
1096
1395
1261
2801
2688
1455
1362
5711
2633
3542
1063
9246
1639
4014
1278
6896
1046
1531
3330
5662
1261
4950
1307
90747
1046
1362
7534
2586
1344
41412
1278
7092
3403
1562
1278
5117
2100
2640
1293
6852
15605
1040
1048
1041
2351
1032
1050
1010
1293
6852
15605
1040
1049
1041
2351
1032
1052
1010
1293
6852
15605
1040
1049
1051
1052
1050
1049
1055
1055
1050
1054
1041
2351
1032
1051
1055
1056
1010
1293
6852
15605
1040
1049
1048
1055
1051
1055
1052
1049
1056
1049
1054
1041
2351
1032
1055
1056
1056
1056
1055
1050
1053
1010
1293
6852
15605
1040
1053
1049
1050
1041
2351
1032
1049
1010
1293
6852
15605
1040
1049
1048
1053
1054
1057
1054
1052
1054
1048
1056
1041
2351
1032
1048
1010
1293
6852
15605
1040
1049
1057
1053
1053
1050
1054
1054
1056
1050
1041
2351
1032
1048
1010
1293
6852
15605
1040
1057
1051
1057
1053
1050
1052
1048
1057
1054
1041
2351
1032
1048
1010
1293
6852
15605
1040
1049
1051
1052
1050
1049
1055
1055
1050
1056
1041
2351
1032
1049
1010
1293
6852
15605
1040
1049
1048
1055
1051
1054
1055
1054
1050
1056
1056
1041
2351
1032
1048
1010
1293
6852
15605
1040
1049
1048
1048
1048
1048
1048
1048
1048
1048
1048
1041
2351
1032
1048
1010
1293
6852
15605
1040
1056
1056
1050
1049
1053
1056
1056
1054
1054
1041
2351
1032
1048
1010
1293
6852
15605
1040
1057
1057
1057
1057
1057
1057
1057
1057
1053
1041
2351
1032
1048
1010
1293
6852
15605
1040
1050
1054
1056
1052
1051
1053
1052
1053
1054
1041
2351
1032
1048
1010
1293
6852
15605
1040
1057
1053
1053
1055
1055
1052
1057
1049
1053
1041
2351
1032
1048
1010
1293
6852
15605
1040
1049
1051
1053
1041
2351
1032
1048
1010
1293
6852
15605
1040
1056
1057
1049
1056
1051
1057
1056
1051
1055
1041
2351
1032
1048
1010
1293
6852
15605
1040
1055
1057
1057
1052
1051
1049
1055
1056
1050
1041
2351
1032
1048
1010
1293
6852
15605
1040
1056
1049
1053
1051
1054
1048
1055
1054
1055
1041
2351
1032
1048
1010
1293
6852
15605
1040
1049
1055
1048
1041
2351
1032
1048
1010
1293
6852
15605
1040
1055
1056
1053
1048
1048
1048
1049
1056
1048
1041
2351
1032
1048
1010
1293
6852
15605
1040
1052
1051
1048
1049
1050
1055
1056
1054
1055
1041
2351
1032
1048
1010
1293
6852
15605
1040
1056
1048
1051
1055
1050
1054
1048
1048
1057
1041
2351
1032
1048
1010
1293
6852
15605
1040
1056
1057
1050
1048
1057
1050
1053
1056
1049
1041
2351
1032
1048
1010
1293
6852
15605
1040
1055
1056
1051
1049
1056
1054
1050
1050
1052
1041
2351
1032
1048
1010
1293
6852
15605
1040
1050
1054
1056
1052
1051
1053
1052
1053
1054
1041
2351
1032
1049
1010
1293
6852
15605
1040
1051
1049
1051
1050
1050
1054
1041
2351
1032
1048
1010
1293
6852
15605
1040
1049
1054
1051
1056
1051
1041
2351
1032
1049
1053
1010
2731
16860
1044
2295
90747
1394
1032
1050
1054
1056
1052
1051
1053
1052
1053
1054
1058
1925
1032
1048
1044
1925
1032
1049
1046
2409
1395
21752
1261
4127
1046
17048
1494
1681
2000
1099
52143
1040
1050
1054
1056
1052
1051
1053
1052
1053
1054
1041
2351
1032
1048
1096
1321
2000
1099
52143
1040
1050
1054
1056
1052
1051
1053
1052
1053
1055
1041
2351
1032
1049
69524
3626
1362
1710
2405
4036
9458
1046
1362
7534
1736
1317
3219
1693
2156
1681
1261
26223
2254
2478
1032
1050
1054
1056
1052
1051
1053
1052
1053
1054
10721
4433
1455
2481
34301
2960
1063
120863
1046
26243
1278
2254
1395
15654
1317
1850
1032
1048
1394
1032
1050
1054
1056
1052
1051
1053
1052
1053
1054
1044
1321
1278
3804
1925
1395
1261
27223
1044
1505
16813
51759
1046
1362
7534
8758
1317
34301
1747
8100
13162
1455
1925
1044
1809
1278
3330
8223
1429
12107
1747
1278
9458
3871
1362
2534
1317
8240
1848
1278
6298
2254
1338
12598
1681
3352
1317
98931
1278
4127
1562
2158
19583
1321
1278
5746
2688
5443
1338
12598
1639
1344
41412
1278
8953
3607
21966
1877
2640
3149
4014
1095
4189
7198
5103
2511
16026
1058
1935
1041
4906
1935
1877
1293
19639
24305
16896
1408
53133
1032
1049
1321
17000
1317
8132
53133
1409
1046
3264
1934
1261
16603
2632
10348
1513
1032
1048
1626
1293
8956
53133
1623
1044
2165
1710
3142
2295
6413
1307
10317
1877
1293
1032
1049
1046
6658
3151
1317
53133
1623
1045
1049
1319
98990
1402
2434
18264
3923
1505
1408
53133
1032
1048
1456
1293
1032
1050
1046
6658
2015
1317
53133
1623
1867
1032
1050
1094
1106
4939
1044
2430
21413
16603
1536
1032
1049
1010
1260
1010
1293
12162
1278
3788
2782
1307
9384
24305
1710
8132
53133
1409
1626
1293
13708
1455
24305
1710
8132
53133
1409
6245
5213
1321
8214
10317
1626
1260
1010
1293
64664
1877
1369
1409
1058
1531
3579
53133
2782
1319
1048
9120
1409
9120
1032
1049
1048
1094
1057
1456
1260
1010
1293
20527
1877
1369
1531
2782
1307
11074
9384
1317
8132
53133
1409
1010
1260
1010
1293
56431
4014
1095
4189
7198
5103
2511
1040
1048
1456
1293
1032
1050
1010
1293
56431
4014
1095
4189
7198
5103
2511
1040
1049
1456
1293
1032
1052
1010
1293
56431
4014
1095
4189
7198
5103
2511
1040
1053
1049
1050
1456
1293
1032
1049
1010
1293
13118
2731
4756
17919
1877
1045
13336
1058
53133
1061
1049
1044
16603
1061
1048
1626
1045
41744
1877
1032
1032
1049
1046
6658
3151
1317
1623
1045
1049
1046
83666
21433
1058
6560
1402
2434
18264
3923
1044
1321
6560
1402
2434
1408
53133
1032
1048
1046
4493
1693
3519
53133
1395
1032
1048
1044
6560
1974
3151
1046
3367
4607
6920
1486
1974
27714
1044
6560
1974
27714
2790
1626
1032
1032
1050
1046
6658
2015
1317
1623
1867
1032
1050
1094
1106
4939
1044
2430
21413
16603
1536
1032
1049
1046
4493
16603
11462
1536
1032
1049
2744
2142
2165
12481
2015
1046
6658
27714
3120
1605
21413
16603
1319
2759
104773
2519
1045
1429
15773
1278
3788
2782
1307
9384
24305
1710
8132
53133
1409
19553
1045
1429
12791
1455
24305
1710
8132
53133
1409
6245
5213
1321
8214
10317
2613
2409
12551
1455
1729
4014
11074
14170
1307
10317
1319
80748
1041
2516
1455
1513
2269
2862
1044
24305
1395
1408
53133
1409
1046
1531
3549
2188
8214
2453
22538
1409
1044
1809
1729
4014
1278
3039
1435
1429
1273
20465
1409
3871
3247
13162
1729
4014
1278
2782
1307
9384
1317
1736
1409
1435
1278
3519
53133
2453
2269
7980
1044
1809
1278
9134
8223
2165
1710
8214
1044
1878
13162
1729
4014
1747
22344
1455
7256
9206
1409
1044
1321
2744
11074
7980
1307
10317
1455
29751
1409
24875
1435
1925
3039
1044
23973
1307
2549
16581
2453
1338
12598
1681
3352
1317
42478
3709
22344
23898
1317
3219
1693
1729
1710
2012
24875
1394
1409
1061
1048
1321
1409
1061
1049
1338
3906
1058
1319
2161
1044
16603
1044
3804
9853
1288
69843
1577
56102
1319
1049
1044
1032
1048
1044
12819
1577
2837
7534
3369
14170
1307
10317
1046
9748
10317
1710
1402
28922
1044
1809
13162
1729
2342
3369
22344
1455
2607
2405
21788
8164
1063
3247
13162
1278
2832
1395
1058
24305
34408
10317
4570
2165
17000
1044
1809
1729
4014
1747
4171
22648
129787
1063
1531
4127
6906
24277
1455
24305
7510
1261
7980
1307
20183
1044
1321
1729
4014
1278
2782
1307
11074
6920
14170
1455
2282
1294
1853
3144
1408
53133
1409
1513
1278
2362
1307
1278
7980
1063
3626
1278
9134
1429
66899
1710
8132
53133
1409
6245
5213
1321
8214
10317
1034
4139
4204
1455
1693
1261
3549
12481
2645
1409
1044
2430
19877
1044
1494
3637
24875
1435
1925
3039
1317
8132
1409
1319
87088
1729
4014
1278
2158
2142
2165
27838
1409
1044
1505
1729
4014
1278
3549
2015
1317
1278
2158
9462
1577
37346
1044
13162
1278
2832
30774
2200
2165
28833
1409
1063
3626
1278
9134
8223
2165
1710
8214
1044
1878
13162
1729
4014
1747
22344
1455
1736
1409
1435
1261
21643
53133
1044
1321
2295
22344
1584
2801
1693
1278
7980
1307
10317
41320
1338
12598
1681
3352
1317
2951
1747
22344
1562
1319
1049
1044
1048
1041
1321
3219
2478
2127
1974
1044
1321
4014
11074
14170
1455
9206
1032
1048
1505
1032
1049
1338
10107
1044
2549
1584
1278
8807
20183
9551
6711
1319
1105
1044
1475
1044
3804
69843
3640
1045
8250
1058
5282
8807
1063
1531
8953
6354
2405
4150
2015
1934
22487
28245
1046
4493
2015
5282
8807
1046
3140
3468
1058
1319
1105
1867
1032
1050
1094
1106
1044
1475
1043
1049
1044
12819
4342
1045
16999
1058
8807
1693
1605
3804
9853
1288
69843
12164
1623
3006
1032
1048
1319
31346
6560
1402
2434
1408
53133
1032
1048
1044
13162
4938
1693
1623
3107
1048
1044
3151
1395
1759
61434
1059
1809
1693
1623
1062
1048
1044
2165
1710
1974
1317
1623
1045
1049
1577
3140
3468
1058
1319
1105
1045
1049
1044
1475
1044
10344
1577
13708
1058
16603
1475
52671
2879
2453
3151
1338
12598
1681
42478
1747
4171
14170
10348
1562
1319
1049
1044
1048
1044
13297
1577
2837
7534
3369
14170
1307
22648
5592
1044
1321
6933
1278
2016
1307
12197
21643
1046
3626
1729
2534
1317
4014
1429
4189
1317
8132
1409
3871
17048
1494
1681
1278
2782
1307
11074
22344
1455
2362
1513
1409
1044
2478
1261
3549
15202
2200
2165
1710
2405
6920
1505
71222
1317
5304
1063
5500
6133
1338
33703
1278
4127
1395
1058
24305
17000
1317
8132
53133
1409
1044
1321
2165
7510
20183
1046
1531
1429
4189
1034
1584
1278
2782
1307
2801
14170
1307
1278
2295
10317
1455
2282
1294
1853
29740
10693
1408
53133
1409
1044
1321
2430
2165
30774
1063
3247
13162
1278
2832
1395
28922
1809
1729
4014
1278
2782
1307
5213
2165
1710
1402
1408
1409
1063
3501
1044
1278
1850
1395
1261
4249
15748
1338
12598
1681
2985
1513
1278
4629
4213
1877
1045
1409
1061
1048
1058
1032
1050
1010
1045
1409
1061
1049
1058
1032
1052
1010
1045
1409
1061
1053
1049
1050
1058
1032
1049
1010
1045
1409
1061
1049
1051
1052
1050
1049
1055
1055
1050
1056
1319
1050
1094
1050
1055
4244
1032
1049
1010
1045
1409
1061
1049
1054
1051
1056
1051
1058
1032
1049
1053
1010
1045
1409
1061
1049
1051
1053
1058
1032
1048
1010
1045
13551
1032
1048
1115
1394
4329
8091
1338
1049
1054
1051
1056
1051
1376
1032
1050
1094
1049
1052
1462
1032
1049
1376
1032
1049
1054
1051
1056
1052
1462
1032
1049
1376
1032
1049
1054
1051
1056
1051
1046
8220
1395
1032
1049
1053
1046
5646
1681
1032
1050
1094
1052
1462
1032
1049
1063
1032
1050
1094
1052
1462
1032
1049
1376
1032
1049
1053
1046
1032
1049
1052
1063
5500
5257
1338
1053
1049
1050
1376
1032
1050
1094
1057
1044
4014
1061
1049
1626
1050
1094
1050
1055
1376
1032
1049
1051
1052
1050
1049
1055
1055
1050
1056
1044
4014
1061
1049
1338
33703
1278
2782
1307
9384
14620
1408
1278
18246
15676
1307
1409
1044
1505
1278
3549
1307
72993
1338
12598
1681
3648
2314
1278
2015
20183
2342
1046
51209
1513
1032
1049
1044
16603
1061
1048
1626
5475
2165
2342
12481
2015
1877
23275
1032
1049
1058
2022
1376
1032
1049
1867
1032
1050
1094
1048
1376
1032
1050
1044
16603
1061
1049
1010
23275
1032
1050
1058
2022
1376
1032
1050
1867
1032
1050
1094
1049
1376
1032
1052
1044
16603
1061
1050
1010
23275
1032
1051
1058
2022
1376
1032
1052
1867
1032
1050
1094
1050
1376
1032
1056
1044
16603
1061
1051
1010
23275
1032
1052
1058
2022
1376
1032
1056
1867
1032
1050
1094
1051
1376
1032
1049
1054
1044
16603
1061
1052
1010
16832
1785
4352
1044
2453
1308
2015
20183
1044
3980
1376
1032
1049
1867
1319
1050
1094
1048
1867
1032
1050
1094
1049
1867
6421
1867
1032
1050
1952
1110
1045
1049
4672
1376
1032
1049
1867
1319
1050
48550
1462
1032
1049
1041
1376
1032
1050
48550
1626
8032
2453
1308
2015
20183
1044
2165
1395
1513
53133
1032
1050
48550
1626
71204
11006
1308
1338
7493
1693
2165
58720
7561
3151
20183
9551
11257
6920
1058
1562
1623
1044
12481
1317
1623
1045
1049
1044
16603
43884
1044
3804
9853
1288
69843
10997
1626
61744
1653
3151
18264
3923
1338
33703
1278
4127
1395
2314
36359
1278
2782
1307
22344
1562
1032
1049
1317
1409
2505
2576
10317
1044
2478
1278
3549
1710
2362
25265
1044
1809
1729
4014
14170
1455
2282
1294
3144
1513
1409
1046
3060
1278
9134
1429
66899
1710
8132
53133
1409
6245
5213
1321
8214
10317
1034
4139
4204
1455
1729
4014
1747
22344
1455
2764
2645
1409
1044
1605
20594
23419
1513
1409
1046
3626
2430
1278
4014
4139
1402
28922
15388
1729
1736
2269
37762
6570
1046
26243
1278
2832
30774
2200
2165
28833
1409
1063
3626
2430
1278
9134
12285
2405
3180
7453
1046
17048
1729
4014
1278
2782
1307
9384
1317
8132
1409
1394
1278
2158
2142
1044
1321
2430
2165
19877
1044
1809
1729
2342
4014
1278
23832
2015
1317
2158
9462
1338
12598
1681
2688
1278
1429
11517
9462
1034
19190
1046
3367
2165
30774
2200
2165
2158
28833
1409
1044
2430
1394
1409
1061
1048
1877
49213
1455
2158
8132
1032
1048
1877
1045
1766
6826
1093
1562
1032
1049
1317
1032
1048
1046
5646
1681
1925
3039
1626
24288
2156
6218
1063
8956
1032
1049
1044
1974
2015
1317
1032
1050
1044
2430
3151
1063
3626
3151
1562
1032
1050
1058
16603
1395
1032
1049
2453
2015
1046
8956
1032
1050
1044
16603
1061
1049
1044
2165
1710
1974
3151
1317
1032
1049
1319
31346
3804
9853
1288
69843
1486
12819
1044
3147
3804
1486
2015
1577
6830
1562
1032
1049
1044
2165
2481
1974
3151
1317
1032
1048
1063
3626
1455
2168
1402
22487
81202
1063
9246
1681
19087
21966
1338
12598
1681
38208
11249
1278
3468
8832
1321
3352
1317
42478
1747
22648
22344
1455
3030
1513
1319
1049
1044
1048
1044
13297
1041
1321
13162
5304
2200
2127
2933
1044
1809
1729
4014
22344
1455
1736
1409
1435
1261
21643
3468
1046
9748
1278
2782
1307
9384
1395
22648
1651
2688
5443
1044
2156
4016
1402
1261
22648
2016
1307
22344
1044
12494
3147
3151
20183
1584
23672
1505
1278
2832
1395
51290
1435
1261
1407
6970
1693
1729
3369
2269
59707
1338
33703
1429
4189
1034
4938
1278
2782
1307
11074
14170
1307
10317
1455
2282
1294
24305
3144
1408
53133
1409
1364
1948
70304
1513
1278
4735
2165
48559
1317
5304
2153
1321
2165
1710
5304
1513
2258
2142
1063
3626
2430
1278
2782
1307
9384
2168
1402
28922
15388
2156
1681
1261
16009
1362
4525
11779
1338
18661
19190
1058
2409
1395
1261
36359
4127
1408
1261
8404
2478
36281
1584
1319
1314
2511
1044
16603
1044
3804
69843
1574
1321
1729
2933
1278
2782
1307
22344
1562
3030
1317
2258
3468
2478
53133
1376
1409
1046
3626
4136
16603
1710
4492
89533
1044
1278
8404
1395
28922
1046
3886
1044
13162
1394
1261
4265
1409
1044
2342
41941
1944
3325
8164
1710
8132
1409
1044
1505
1278
2782
1307
22344
1395
22648
3964
1317
2269
78516
12011
1532
1338
12598
1681
2985
1513
1278
2015
31463
22344
1058
3980
2453
1308
24616
1395
1032
1050
48550
1046
4493
2165
1710
8132
2258
4053
1307
1032
1050
1046
2898
1409
1061
1053
1049
1050
1061
1050
1094
1057
1044
4014
1061
1049
1046
5646
14175
1429
1774
3039
1058
1747
24616
3871
2898
1409
1061
1049
1051
1052
1050
1049
1055
1055
1050
1056
1061
1050
1094
1050
1055
1044
4014
1061
1049
1046
4493
13173
2015
3549
1395
1925
3039
1338
7493
2314
1409
1061
1049
1063
8220
1061
1052
1046
3367
2165
2342
12481
2015
1044
2165
16896
1513
1032
1049
1044
1878
10348
3980
1395
1925
3039
1063
3626
4014
1395
1032
1052
1044
1878
2156
1584
1032
1051
2081
9384
1455
24441
20183
1321
3930
2595
1317
1032
1049
1044
1505
3030
1513
1032
1049
1321
1653
2269
20183
1455
1850
1317
1032
1049
1338
12598
1681
42478
22344
1455
9206
1032
1049
1877
8431
1513
1032
1049
1319
2966
1032
1049
1058
9829
7980
1063
3247
13162
1278
4014
6987
1278
10348
3980
1435
1261
3039
1317
1429
1273
1664
1034
53133
1032
1049
1063
1531
4127
8223
1429
66899
16896
1408
53133
1032
1049
1321
17000
1317
8132
53133
1409
2613
3367
1409
1061
1049
1044
2165
1681
5314
2156
1046
3626
1278
8953
8223
2000
12296
1095
4189
7198
5103
2511
1040
1049
1041
2351
1032
1052
9816
4493
2156
1584
1032
1052
9384
1046
17048
1278
9829
7980
24875
1435
1032
1049
1044
1321
2156
1584
1032
1051
2767
92999
14170
1455
2362
1513
1032
1049
1505
2764
2645
1032
1049
1338
12598
1681
2951
1747
4958
14170
1562
1319
1049
1044
1048
1044
13297
1041
1321
2034
2778
12197
1505
21643
12197
1338
92613
1261
3549
1435
1261
7980
1307
20183
1046
2837
2534
1317
2840
2200
1261
3549
1429
1273
20964
1034
1409
1046
1362
7534
14649
1729
4014
1278
2782
1307
11074
22344
1319
102451
1307
20183
1041
2516
1455
1513
2269
23832
1044
1278
3980
1395
1409
1046
3060
13162
22344
1584
6090
2015
1317
1278
2862
2478
2165
2481
18191
5304
1044
1809
1729
4014
1747
129787
1455
9462
1409
1046
3886
1044
1693
2165
1710
5807
4670
2015
31790
1044
2156
2168
1402
84135
3325
22344
1455
9462
1409
1061
1049
1319
1101
3596
3109
1974
2015
1317
1032
1050
1044
3151
1317
1032
1049
1059
1974
2015
1317
1032
1050
1044
2015
1317
1032
1052
1044
3151
1317
1032
1051
1044
3151
1317
1032
1050
1044
3151
1317
1032
1049
1063
3626
3151
1710
2405
1402
22487
1577
2157
4139
1402
22648
1693
1729
1736
10469
1455
7495
28922
56535
1505
1693
1729
2342
3369
19629
22344
1338
33703
1278
4127
1395
1058
24305
34408
10317
4570
2165
28833
53133
1409
1044
1321
2165
17000
1317
8132
1494
1044
1321
1729
4014
1278
2782
1307
2801
14170
1307
10317
1455
2282
1294
1853
3144
1408
53133
1409
1044
1454
1278
10097
1455
2165
30774
1435
9012
1435
2165
28833
1409
1063
3626
1278
9134
1429
66899
1710
8132
53133
1409
6245
5213
1321
8214
10317
1034
35499
1115
37762
1046
17048
1494
4938
1058
3199
1693
1261
3549
28833
1409
1044
2165
1710
8214
1044
1809
1729
3637
4014
1455
3549
1435
1925
3039
1317
1736
9174
1409
1046
4493
1729
4014
1747
28922
22344
1044
1809
1729
2342
3831
2314
5627
1409
1395
21643
1044
1321
13162
1278
2782
1307
2516
22344
1395
22648
3147
1307
2269
16009
1455
7510
1278
3468
5702
22648
1394
22538
1409
1063
2159
26724
1338
12598
1681
6123
6628
1394
4510
7638
1046
2409
18267
2479
1261
4127
1562
1261
21448
1044
13162
1429
1989
2511
16657
1034
1505
1429
71204
1034
4127
1046
1531
10317
1058
1974
2015
1536
1032
1050
1094
1106
4939
1044
21413
16603
1059
1974
3151
1536
1032
1049
1044
6560
1402
22487
1044
6560
1408
1032
1048
1046
8220
9384
1317
8132
1409
1046
1531
2688
5443
1736
4811
8091
2479
1032
1049
1051
1052
1050
1049
1055
1055
1050
1054
1044
1032
1049
1048
1055
1051
1055
1052
1049
1056
1049
1054
1044
6704
1046
4634
2985
2479
2127
4139
1402
6164
1317
18246
1058
1032
1049
1051
1052
1050
1049
1055
1055
1050
1054
1376
1032
1049
1051
1052
1050
1049
1055
1055
1050
1056
1462
1032
1050
1376
1032
1050
1094
1050
1055
1462
1032
1050
1046
1032
1049
1048
1055
1051
1055
1052
1049
1056
1049
1054
1376
1032
1049
1048
1055
1051
1055
1052
1049
1056
1050
1052
1462
1032
1056
1376
1032
1050
1094
1051
1048
1462
1032
1056
1063
1032
1050
1094
1051
1048
1376
1032
1049
1048
1055
1051
1055
1052
1049
1056
1050
1052
1046
13830
1033
1032
1049
1048
1055
1051
1055
1052
1049
1056
1049
1054
1376
1032
1050
1094
1051
1048
1462
1032
1056
1046
1032
1049
1048
1055
1051
1054
1055
1054
1050
1056
1056
1376
1032
1049
1048
1055
1051
1055
1052
1049
1056
1050
1052
1462
1032
1054
1053
1053
1051
1054
1063
5500
5257
1046
1032
1049
1048
1053
1054
1057
1054
1052
1054
1048
1056
1044
1032
1057
1051
1057
1053
1050
1052
1048
1057
1054
1044
6704
1338
12598
1681
24002
2269
1307
2576
1877
1045
1032
1049
1051
1052
1050
1049
1055
1055
1050
1054
1376
1032
1050
1094
1050
1055
1462
1032
1050
1010
1045
1032
1049
1048
1055
1051
1055
1052
1049
1056
1049
1054
1376
1032
1050
1094
1051
1048
1462
1032
1056
1010
1045
1032
1049
1051
1052
1050
1049
1055
1055
1050
1056
1376
1032
1050
1094
1050
1055
1010
1045
1032
1049
1048
1055
1051
1054
1055
1054
1050
1056
1056
1058
1032
1050
1094
1051
1048
1376
1032
1049
1048
1055
1051
1055
1052
1049
1056
1050
1052
1044
6592
1376
1032
1054
1053
1053
1051
1054
1376
1032
1050
1094
1049
1054
1046
4493
1032
1049
1048
1055
1051
1054
1055
1054
1050
1056
1056
1376
1032
1050
1094
1051
1048
1462
1032
1050
1094
1049
1054
1626
1045
1032
1049
1048
1048
1048
1048
1048
1048
1048
1048
1048
1058
1605
1261
4053
1307
1032
1050
38618
3709
1626
1045
1032
1053
1049
1050
1376
1032
1050
1094
1057
1626
1045
1032
1049
1054
1051
1056
1051
1376
1032
1050
1094
1049
1052
1462
1032
1049
1626
1045
1032
1049
1051
1053
1376
1032
1049
1050
1056
1867
1032
1055
1376
1032
1050
1094
1055
1867
1032
1055
1338
33703
1278
2782
1307
9384
1395
6164
1317
1278
2782
1307
9384
1317
4133
1409
1294
2269
2071
1044
1505
1278
2782
1307
22344
1294
1261
18246
9917
1338
12598
1681
3352
1317
1344
41412
1278
10317
1321
22855
21966
1877
1034
1049
1046
6658
3151
1317
53133
1623
1045
1049
1319
98990
1402
2434
18264
3923
1505
1408
53133
1032
1048
37679
1034
1050
1046
6658
2015
1317
53133
1623
1867
1032
1050
1094
1106
4939
1044
2430
21413
16603
1536
1032
1049
4410
33703
1429
98990
1402
2434
18264
3923
1034
4938
1636
6560
2210
1974
27714
15449
1294
1261
5522
1046
1429
1270
1408
53133
1032
1048
1034
4139
4204
1636
6560
2210
1974
27714
2200
1636
1584
1408
53133
1032
1048
1319
1105
4185
3109
1693
1623
1061
1048
1044
1974
27714
1395
20520
1577
2157
6354
2405
24215
4150
1636
1710
2405
5471
1408
1032
1048
1044
1809
1693
1636
6185
1408
1032
1049
1321
1974
3151
1044
1636
5471
1408
1032
1048
1044
1321
2430
1562
1032
1048
1636
1710
2405
1974
3151
1338
22461
1044
9134
1455
16603
16896
1513
1032
1048
1046
6658
8118
1058
1623
1867
1032
1050
1094
1106
4939
1044
2430
16603
5773
1032
1049
1046
4493
2158
2015
1058
1032
1049
1867
1032
1050
1094
1048
1376
1032
1050
1044
16603
11006
1032
1049
1338
7493
1693
2165
12481
3151
1562
1032
1049
1063
1623
1061
1049
1044
16603
1061
1048
1046
6658
3151
1317
1032
1048
1046
9032
2165
1681
1408
53133
1032
1048
1044
16603
3637
1032
1048
1044
3804
9853
1288
69843
10997
1046
8956
1032
1048
1044
2165
6560
1974
3151
1046
3264
1710
1974
2015
1058
1032
1048
1867
1032
1050
1094
1048
1376
1032
1049
1044
16603
11006
1032
1049
1046
4493
1562
1032
1048
1044
4670
2015
29051
1853
1317
1032
1049
1338
12598
1681
42478
1747
22344
1307
5592
2015
1317
1044
4150
1044
1032
1052
1044
1321
3219
1278
12197
21643
1046
2837
7534
3369
1261
1429
2966
1317
8132
1409
1034
1435
1058
1278
3549
1681
7980
1307
10317
1044
1321
1729
4014
1494
1693
1513
2258
2862
1278
3980
33197
1409
1046
3626
1317
10035
74116
1044
13162
1729
2342
3369
22344
1455
2607
2405
21788
8164
1044
1505
1729
4014
1278
2782
1307
22344
1455
2362
1513
1409
1319
1105
4185
3109
1278
3804
7685
13383
1408
1409
1044
1321
2165
30774
1063
3247
13162
1278
2832
1395
1058
2165
7510
20183
1044
1321
1729
4014
1278
2782
1307
11074
6920
14170
1455
2282
1294
1853
3144
1408
1409
1513
1278
2362
1307
1278
7980
1044
2478
1278
7980
1710
1402
1307
2258
5592
1044
1809
13162
2156
1681
1261
22648
2782
3147
16603
11462
1321
4670
2015
20183
1853
4955
3169
1044
1321
4670
3151
1395
8031
2519
28191
1058
1429
12791
1455
24305
1710
8132
53133
1409
6245
5213
1321
8214
10317
2613
2409
4139
1402
1261
26439
1455
1278
4014
1395
1605
2586
22344
23419
1513
1409
1044
1809
22344
1455
9206
1409
1513
4403
5785
1044
1321
1693
1261
3549
29751
1409
1044
1494
24875
1435
1925
3039
1044
23973
1307
2549
16581
2453
1046
3626
3637
1044
1693
22344
1710
1402
28922
1044
1278
4014
2481
1402
28922
1046
62079
1278
3468
5702
1395
22648
1394
1261
4265
1409
1046
17048
1278
16603
2632
1395
40686
1536
4433
1063
3247
13162
1729
2342
3369
22344
2478
2165
4772
12481
5956
1032
1048
1044
1321
1278
2782
1307
2516
22344
1395
22648
3147
4670
2015
11462
16603
1321
3980
1044
1321
4670
3151
1395
23672
1338
12598
1681
3352
1317
3219
1693
2156
1681
1420
59707
1046
17048
1278
73085
1505
4433
1338
18661
4914
1058
2409
4139
1402
14259
1317
36359
1278
2782
1307
9384
1317
7418
1409
1294
1261
5029
2782
2663
1044
1505
1278
2782
1307
22344
1294
1261
8404
2478
20978
1584
6493
1536
1278
10317
1044
1321
1729
2933
1278
2782
1307
22344
1562
3030
1317
1409
1046
3626
1278
8404
4139
1402
1261
1407
6970
1693
1729
3369
1455
4670
2015
11462
16603
1321
3980
1044
1321
4670
3151
24614
3980
1809
6354
2405
5597
16603
1044
1878
1636
2481
23531
1419
1046
3886
1044
1429
98990
1402
2434
18264
3923
1034
18846
4670
3151
1338
33703
1278
4127
1395
1562
1261
4629
5211
1046
9246
1639
3648
1058
1429
66899
16896
1408
53133
1032
1049
1321
17000
1317
8132
53133
1409
1046
3264
1934
1261
16603
2632
10348
1513
1032
1048
1046
8956
53133
1623
1044
2165
1710
3142
2295
6413
1307
10317
1058
1032
1049
1046
6658
3151
1317
53133
1623
1045
1049
1319
98990
1402
2434
18264
3923
1505
1408
53133
1032
1048
1041
1032
1050
1046
6658
2015
1317
53133
1623
1867
1032
1050
1094
1106
4939
1044
2430
21413
16603
1536
1032
1049
3871
2409
80907
1639
1307
1261
4127
4418
1429
1989
7432
1034
1505
1429
71204
1302
1034
1562
13968
2975
2455
1505
2301
1304
5603
1046
17048
1494
1681
1562
1261
8531
21448
1046
1531
2688
5443
1454
4811
4329
8091
4128
2156
1681
1261
30622
13284
1338
12598
1681
3352
1317
24002
3709
4213
1536
92098
6613
1294
2036
5759
1044
1505
98931
1278
4014
1394
1409
1061
1048
1321
1409
1061
1049
1338
126972
1729
4014
1747
11074
14170
1307
10317
1319
54547
1041
2516
1455
1278
3980
7256
11006
1409
1046
3626
2549
112219
1261
7980
1063
17048
1278
7980
1395
2586
1278
10317
24305
34408
1044
1321
1729
3369
1747
4171
28922
14170
1063
3501
1044
1429
12856
1307
9384
1034
4016
1402
22648
1338
33703
1278
4127
24277
1455
24305
17000
1317
8132
53133
1409
1044
1321
2165
2084
5807
6187
20183
4570
2165
28833
1409
1044
1321
1729
4014
1278
2782
1307
2801
6920
14170
1455
2282
1294
1853
22538
1409
1394
1278
2158
2142
1044
1321
2430
2165
30774
1046
1531
9134
1429
66899
1710
8132
53133
1409
6245
5213
1321
8214
10317
1034
4139
1402
1261
4804
1853
7591
1505
4204
1455
1294
1278
2832
1307
22538
1409
1044
2165
4139
2764
2645
1494
6245
5213
1044
1809
1729
4014
1278
3039
1455
2158
28833
1494
1063
3247
13162
1494
4938
1058
1278
3788
2782
1307
9384
2165
1710
8132
1409
18964
1455
2165
1710
8214
2453
22538
1409
1044
1878
1729
4014
1747
22344
1455
1736
1409
1435
1261
23832
1063
5646
2168
1402
28922
15388
2156
1681
1261
7773
1338
12598
1681
2985
1513
1278
2688
1058
2000
12296
1095
4189
7198
5103
2511
1040
1048
1041
2351
1032
1050
9816
3075
1317
2012
1032
1050
9384
1317
8132
1032
1048
9551
74472
5316
1032
1049
1058
55306
3224
1455
2362
1513
1032
1048
1626
1045
1766
6826
1093
1562
1032
1049
1317
1032
1048
1626
1045
17048
1766
1982
1044
3151
1044
3151
1093
1063
3626
3151
1710
2405
1402
22487
1046
8956
1032
1049
1044
2015
1317
1032
1050
1319
1106
4939
1061
1049
1574
2430
3151
1317
1032
1049
1319
8084
9853
1288
69843
18912
1044
8807
1574
2430
3151
1562
1032
1049
1317
1032
1048
1063
3626
1455
2168
1402
22487
81202
1063
32844
1058
1562
1032
1050
3151
1317
1032
1049
1058
3804
9853
1288
69843
11006
10344
1046
8956
1032
1049
1044
6560
1974
3151
18264
3923
1046
4493
6560
1974
1032
1049
1941
1048
2453
1032
1049
1941
1048
1063
49032
1044
1693
2165
12481
1032
1049
1941
1050
1941
1049
1941
1048
1044
1278
20183
1584
2015
1044
3151
1044
3151
1046
1531
3804
2295
1584
22487
81202
1044
1799
1395
1759
61434
1046
4493
1455
1681
20520
1626
1045
5675
2314
1766
6826
1044
2015
1044
3151
1093
1063
3151
1317
1032
1048
1044
2015
1317
1032
1049
1319
1106
4939
1061
1049
1574
3151
1317
1032
1048
1063
8956
1032
1049
1454
16603
1061
1049
1044
3151
1317
1032
1048
1058
3804
9853
1288
69843
1486
12819
1319
31346
3804
1486
2015
1574
1878
8807
1046
56827
1058
3151
1044
2015
1044
3151
1046
14750
3307
1058
1032
1049
4906
1032
1048
4906
1032
1049
4906
1032
1048
1046
2409
29751
1032
1048
1513
5966
1032
1049
1321
5966
1032
1051
1046
3367
1729
4014
14170
1455
2362
1513
1032
1048
1044
1593
1395
1925
1046
3367
1729
4014
14170
1455
7256
9206
1032
1048
1044
1593
2095
29751
1032
1048
1626
1045
5675
2314
1766
6826
1044
2015
1044
2015
1044
3151
1044
3151
1093
1063
9246
1681
1605
12185
1338
33703
1278
1429
4189
1034
1584
1278
2782
1307
22344
1562
1032
1049
1317
1409
1294
1261
15179
2206
74558
8404
2478
1636
1710
2342
1974
2015
1505
3151
1454
22855
1044
1321
1278
2832
30774
2200
1636
8132
1409
1063
3626
2430
1409
1061
1048
1058
22344
1562
1032
1049
1317
1032
1048
1046
3367
2165
30774
1513
1032
1048
1044
1278
2342
3236
3549
1395
1766
6826
3077
12211
4014
1032
1050
2634
33703
1278
10348
3980
24875
1435
1261
3039
1063
1429
66899
16896
1408
53133
1032
1049
1321
17000
1317
8132
53133
1409
2613
3367
1409
1061
1049
1044
2165
1681
5314
2156
1044
1878
1032
1049
3039
1063
3626
4014
1395
1032
1052
1046
4493
10348
3980
4139
1605
4014
1044
1505
1494
24875
1435
1925
1307
1278
1032
1052
1338
12598
1681
2951
1747
22344
1307
5592
1032
1048
1319
12647
4244
3980
1032
1049
1046
5646
1681
1032
1049
3039
1317
1402
1513
1032
1049
1046
3626
4014
1095
4189
7198
5103
2511
1040
1049
8429
1052
1044
1878
2156
1584
1032
1051
2081
1338
33703
1729
4014
1278
2782
1307
9384
1317
8132
1409
1364
4125
1278
10317
2153
1321
1278
10317
1710
1402
7960
1294
2258
3542
1044
1809
1278
2832
1395
1058
2165
7510
1261
7980
1307
20183
1044
1321
1729
4014
1278
2782
1307
14170
1455
2282
1294
1853
3144
1408
53133
1409
1364
1948
70304
2453
2269
2782
1307
20183
2153
1321
2165
1710
12729
1317
5304
1513
2258
2142
1063
3626
2430
1278
2782
1307
9384
2168
1402
28922
3147
2165
2481
5807
4670
2015
1321
3151
1294
23068
1063
3626
13162
1278
22855
7495
23068
1044
1505
1278
16603
2632
11462
99921
1044
6187
1494
1261
1407
6970
1338
12598
1681
4206
1693
1278
3468
1319
2161
1044
16603
1044
3804
69843
1041
1934
1261
78516
12011
7299
1046
76188
2015
11462
2022
1321
16603
1046
76188
3151
24614
2022
1536
1032
1049
1044
30762
16603
1044
10651
3804
69843
10997
1046
63860
1974
3151
1693
3804
69843
10997
1046
4493
1562
1261
3468
1044
1636
1710
1974
2015
2258
2782
1307
5213
1044
1864
2308
1428
1286
1454
4249
81202
1046
9748
16603
11462
2744
2142
1636
1974
2015
1044
1278
1429
24739
3729
1034
1394
2015
20183
48064
1046
2409
4139
3180
1278
3468
5702
1261
9917
1455
12864
12481
1317
74116
1044
1809
1394
1261
9247
1409
1044
2342
41941
1944
3325
8164
1710
8132
1409
1536
4670
2015
1321
3151
1338
33703
1729
1710
3244
1593
1435
1058
2744
2015
6920
26376
1261
4053
1307
1032
1050
1044
1321
3151
20183
55202
1032
1049
1044
1454
1278
16009
1455
1636
1710
2405
1736
2295
81202
1294
1261
5522
1044
1321
1636
1710
2405
1974
5956
1032
1048
1063
3626
1278
1429
98990
1402
2434
1408
53133
1032
1048
1034
4139
4204
1636
1710
2405
1974
3151
1562
1032
1048
1044
1809
1636
1710
1402
1408
1032
1048
1338
12598
1681
3352
1317
3081
1261
5965
1536
27408
1278
4014
1395
1278
2782
1307
9384
1317
4133
1409
1435
1261
4556
6406
35745
1307
19558
1307
1032
1050
1454
2269
22855
1044
1505
1278
2782
1307
22344
1294
1261
18246
9917
1338
18661
5125
1058
9748
1362
2534
1317
9470
1261
2254
1455
22405
1278
9458
1044
1321
1362
1710
2405
3160
3475
1044
1362
2534
1317
16448
81078
1258
1278
2254
1562
1278
2688
5443
1046
1531
2688
5443
1584
1877
1102
1040
1048
8429
1050
1010
1102
1040
1049
8429
1052
1010
1102
1040
1049
1051
1052
1050
1049
1055
1055
1050
1054
8429
1051
1055
1056
1010
1102
1040
1049
1048
1055
1051
1055
1052
1049
1056
1049
1054
8429
1055
1056
1056
1056
1055
1050
1053
1010
1102
1040
1053
1049
1050
8429
1049
1010
1102
1040
1049
1048
1053
1054
1057
1054
1052
1054
1048
1056
8429
1048
1010
1102
1040
1049
1057
1053
1053
1050
1054
1054
1056
1050
8429
1048
1010
1102
1040
1057
1051
1057
1053
1050
1052
1048
1057
1054
8429
1048
1010
1102
1040
1049
1051
1052
1050
1049
1055
1055
1050
1056
8429
1049
1010
1102
1040
1049
1048
1055
1051
1054
1055
1054
1050
1056
1056
8429
1048
1010
1102
1040
1049
1048
1048
1048
1048
1048
1048
1048
1048
1048
8429
1048
1010
1102
1040
1056
1056
1050
1049
1053
1056
1056
1054
1054
8429
1048
1010
1102
1040
1057
1057
1057
1057
1057
1057
1057
1057
1053
8429
1048
1010
1102
1040
1050
1054
1056
1052
1051
1053
1052
1053
1054
8429
1048
1319
1421
2095
1032
1049
1044
15016
1456
1102
1040
1057
1053
1053
1055
1055
1052
1057
1049
1053
8429
1048
1010
1102
1040
1049
1051
1053
8429
1048
1010
1102
1040
1056
1057
1049
1056
1051
1057
1056
1051
1055
8429
1048
1010
1102
1040
1055
1057
1057
1052
1051
1049
1055
1056
1050
8429
1048
1010
1102
1040
1056
1049
1053
1051
1054
1048
1055
1054
1055
8429
1048
1010
1102
1040
1049
1055
1048
8429
1048
1010
1102
1040
1055
1056
1053
1048
1048
1048
1049
1056
1048
8429
1048
1010
1102
1040
1052
1051
1048
1049
1050
1055
1056
1054
1055
8429
1048
1010
1102
1040
1056
1048
1051
1055
1050
1054
1048
1048
1057
8429
1048
1010
1102
1040
1056
1057
1050
1048
1057
1050
1053
1056
1049
8429
1048
1010
1102
1040
1055
1056
1051
1049
1056
1054
1050
1050
1052
8429
1048
1010
1102
1040
1050
1054
1056
1052
1051
1053
1052
1053
1054
8429
1049
1319
12709
48526
1456
1102
1040
1051
1049
1051
1050
1050
1054
8429
1048
1010
1102
1040
1049
1054
1051
1056
1051
8429
1049
1053
1267
36296
1278
15016
1513
1032
1050
1054
1056
1052
1051
1053
1052
1053
1054
1044
1362
7534
1736
1317
14649
1925
1307
2424
1395
1261
96948
1046
17048
1494
1681
2000
1099
52143
1040
1050
1054
1056
1052
1051
1053
1052
1053
1054
1041
2351
1032
1048
1096
1321
2000
1099
52143
1040
1050
1054
1056
1052
1051
1053
1052
1053
1055
1041
2351
1032
1049
69524
3626
1362
1710
2405
4036
9458
1046
26243
1278
2254
2715
1850
1032
1049
1394
1032
1050
1054
1056
1052
1051
1053
1052
1053
1054
1044
1321
1278
2158
2000
3107
1032
1048
1096
1395
1261
27223
1294
1278
4127
10674
1063
3247
13162
1494
1681
2000
1099
52143
1040
1050
1054
1056
1052
1051
1053
1052
1053
1054
1041
2351
1032
1048
1096
1321
2000
1099
52143
1040
1050
1054
1056
1052
1051
1053
1052
1053
1054
1041
2351
1032
1049
1096
1584
2295
2801
9458
1455
1584
2960
2988
1044
1799
1395
16501
1046
1362
7534
4206
1693
1032
1050
1054
1056
1052
1051
1053
1052
1053
1054
1395
1032
1050
1094
1050
1056
1046
1032
1050
1094
1050
1056
1376
1032
1050
1054
1056
1052
1051
1053
1052
1053
1054
1046
3060
1032
1049
1051
1052
1050
1049
1055
1055
1050
1056
1395
1032
1050
1094
1050
1055
1046
12953
1736
4014
1032
1049
1294
2269
9458
1046
1032
1053
1049
1050
1061
1050
1094
1057
1934
4014
1032
1049
1046
4493
19558
1307
1032
1050
4139
1736
4014
1032
1049
1063
3626
1032
1050
1054
1056
1052
1051
1053
1052
1053
1054
1934
2295
2801
6878
4213
1046
17048
1278
2254
1395
1605
41508
4057
1408
1409
1044
1809
1278
4127
1934
1261
2801
10097
1338
28191
1044
13162
1278
2254
2000
12296
1095
4189
7198
5103
2511
1096
1395
26618
17610
1536
1278
3330
1044
1321
1278
9458
1584
9247
1046
1362
4016
4848
1261
2254
1455
22405
1747
90747
1046
3367
2295
90747
1736
2879
4292
2801
4848
1044
1494
1681
16501
1046
3626
13162
1362
5711
2633
1321
1925
1307
2424
1395
1261
2801
2782
1046
9246
1639
2985
1513
1278
15828
3403
2790
1877
2640
1293
6852
15605
1040
1050
1054
1056
1052
1051
1053
1052
1053
1054
1041
2351
1032
1048
1010
1293
20213
1293
6852
15605
1040
1050
1054
1056
1052
1051
1053
1052
1053
1054
1041
2351
1032
1049
1010
2640
16860
1044
1494
1681
2156
1046
25298
1494
1402
1455
1278
2254
1395
2767
96083
1259
5744
1063
3501
1046
17048
1278
4127
1934
1261
27223
1044
1809
1435
1420
26554
1044
1362
2534
1317
3081
1261
2254
1455
51766
1747
4265
90747
1046
26243
1278
2254
2715
1850
1032
1048
1394
1032
1050
1054
1056
1052
1051
1053
1052
1053
1054
1044
1321
1278
3804
6852
1395
2000
1099
52143
1040
1050
1054
1056
1052
1051
1053
1052
1053
1055
1041
2351
1032
1049
69524
3626
1494
1681
8360
1435
1032
1050
1054
1056
1052
1051
1053
1052
1053
1054
1046
1362
7534
14649
1494
1681
1261
96948
1321
1278
13650
1395
2000
1099
52143
1040
1050
1054
1056
1052
1051
1053
1052
1053
1054
1041
2351
1032
1049
1096
1505
16813
51759
1046
1362
7534
3352
1317
98931
1799
1925
7510
7453
1454
2147
9458
1338
12598
1681
2951
19558
1307
1032
1050
1321
2034
6878
24875
1562
9458
1877
1045
1032
1048
1058
1032
1050
1319
3715
4053
1307
1032
1050
1456
1045
1032
1049
1058
1032
1052
1319
1050
1094
1048
1456
1045
1032
1053
1049
1050
1058
1032
1049
1319
1050
1094
1057
1456
1045
1032
1049
1051
1052
1050
1049
1055
1055
1050
1056
1058
1032
1049
1319
1050
1094
1050
1055
1456
1045
1032
1050
1054
1056
1052
1051
1053
1052
1053
1054
1058
1032
1048
1505
1032
1049
1319
1050
1094
1050
1056
1456
1045
1032
1049
1054
1051
1056
1051
1058
1032
1049
1053
1319
3715
4053
1307
1032
1050
1044
1032
1050
1094
1049
1052
1045
1049
1801
22461
1032
1049
1051
1053
1061
1048
1044
1032
1049
1055
1048
1061
1048
1338
33703
1278
2254
24875
1278
2782
1307
9384
1317
8132
1409
1044
1321
1494
1681
1032
1048
1394
2725
8091
1044
1032
1049
1394
2269
19558
1307
1032
1050
1044
1032
1049
1053
1394
1032
1049
1054
1051
1056
1051
1044
1032
1052
1394
1032
1049
1044
1032
1050
1394
1032
1048
1338
12598
1681
3648
2314
1032
1049
1054
1051
1056
1051
1376
1032
1050
1094
1049
1052
1462
1032
1049
1046
8220
1061
1049
1053
1046
1032
1049
1053
1376
1032
1050
1094
1052
1462
1032
1049
1046
1032
1049
1052
1395
1278
62016
1046
17048
1278
2782
1307
9384
1394
1032
1050
48550
1462
1032
1049
1395
1032
1050
48550
1462
1032
1049
1063
3626
1032
1049
1054
1051
1056
1051
10177
1032
1049
1053
1044
1799
1395
1032
1050
1094
1052
1462
1032
1049
1044
1605
1032
1050
1094
1049
1052
1462
1032
1049
1046
4493
13162
1494
1681
6164
1317
1278
2782
1307
1032
1049
1115
1294
18246
1063
1032
1049
1054
1051
1056
1051
1294
18246
1395
1032
1049
1052
10907
1046
1032
1049
1053
1395
1032
1050
1094
1052
1462
1032
1049
1044
1605
7655
1032
1050
1094
1049
1052
1338
33703
1278
4014
1395
1278
2782
1307
9384
1317
7917
8766
2033
1505
4433
1338
12598
1681
3352
1317
6123
2036
6628
1394
1261
4127
1454
2576
7092
2688
5443
1046
1531
8091
1058
1032
1049
1051
1052
1050
1049
1055
1055
1050
1054
1044
1032
1049
1048
1055
1051
1055
1052
1049
1056
1049
1054
1044
1032
1049
1048
1055
1051
1054
1055
1054
1050
1056
1056
1044
1032
1049
1048
1053
1054
1057
1054
1052
1054
1048
1056
1044
1032
1057
1051
1057
1053
1050
1052
1048
1057
1054
1044
6704
1046
4634
2985
2479
2127
4139
1402
1562
1261
4811
4127
1046
1032
1049
1051
1052
1050
1049
1055
1055
1050
1054
1376
1032
1050
1094
1050
1055
1462
1032
1050
1046
1032
1049
1048
1055
1051
1055
1052
1049
1056
1049
1054
1376
1032
1050
1094
1051
1048
1462
1032
1056
1046
1032
1049
1048
1055
1051
1054
1055
1054
1050
1056
1056
1376
1032
1050
1094
1051
1048
1462
1032
1050
1094
1049
1054
1046
1032
1049
1048
1053
1054
1057
1054
1052
1054
1048
1056
1058
2878
1681
7342
1046
1032
1049
1048
1053
1054
1057
1054
1052
1054
1048
1056
1987
1032
1050
1094
1063
1032
1050
1094
1050
1048
1376
1032
1049
1048
1052
1056
1053
1055
1054
1044
1032
1050
1094
1051
1048
1376
1032
1049
1048
1055
1051
1055
1052
1049
1056
1050
1052
1046
1032
1049
1048
1053
1054
1057
1054
1052
1054
1048
1056
1376
1032
1049
1048
1055
1051
1055
1052
1049
1056
1050
1052
1462
1032
1049
1054
1055
1055
1055
1050
1049
1054
1063
1032
1049
1054
1055
1055
1055
1050
1049
1054
1376
1032
1050
1094
1050
1052
1046
4493
1032
1049
1048
1053
1054
1057
1054
1052
1054
1048
1056
1376
1032
1050
1094
1051
1048
1462
1032
1050
1094
1050
1052
1046
1032
1057
1051
1057
1053
1050
1052
1048
1057
1054
1058
1032
1050
1094
1051
1048
1462
1032
1057
1051
1057
1053
1050
1052
1048
1057
1054
1376
1032
1049
1051
1052
1050
1049
1055
1055
1050
1056
1063
1032
1049
1051
1052
1050
1049
1055
1055
1050
1056
1376
1032
1050
1094
1050
1055
1046
1032
1050
1094
1051
1048
1462
1032
1050
1094
1050
1055
1376
1032
1055
1051
1056
1049
1057
1055
1053
1048
1052
1044
1605
1032
1057
1051
1057
1053
1050
1052
1048
1057
1054
1046
17048
1032
1057
1051
1057
1053
1050
1052
1048
1057
1054
1376
1032
1050
1094
1063
1032
1050
1094
1050
1057
1376
1032
1053
1051
1054
1056
1055
1048
1057
1049
1050
1044
1032
1050
1094
1051
1048
1376
1032
1049
1048
1055
1051
1055
1052
1049
1056
1050
1052
1046
1032
1057
1051
1057
1053
1050
1052
1048
1057
1054
1395
2396
1338
33703
1278
2254
1395
6164
1317
1278
2782
1307
9384
1317
7418
1409
1435
1261
4556
1307
11074
19558
1307
1032
1050
1454
2269
7685
22855
1046
3247
13162
1494
1681
1278
2782
1307
22344
1294
1261
8404
2478
13390
1584
38801
1321
20978
1584
1278
10317
1044
1321
1729
2933
1278
2782
1307
22344
1562
1032
1049
1317
1409
1455
4772
1974
5956
1032
1048
1321
2607
2405
1736
22487
81202
1046
3626
2430
1278
2782
1307
22344
2481
1402
28922
1693
23068
4335
1046
17048
1278
8404
1395
1261
1407
6970
3147
16603
11462
1044
1809
3151
6354
2405
5597
16603
1044
1878
1636
2481
1736
23068
2479
2015
2430
3151
2430
2015
2430
3151
1063
9246
1681
4206
1058
3030
1032
1049
1044
16603
1061
1048
1046
2015
1317
1032
1050
1044
16603
1061
1049
1046
3151
1317
1032
1049
1044
16603
1061
1049
1044
3804
69843
10997
1046
8956
1032
1049
1044
6560
1974
3151
1319
1590
118976
1556
1574
1878
4016
1974
2015
1058
1032
1049
1867
1032
1050
1094
1049
1376
1032
1051
1044
16603
1061
1050
1046
3151
1317
1032
1050
1044
16603
1061
1050
1044
3804
69843
10997
1046
2015
1058
1032
1050
1867
1032
1050
1094
1050
1376
1032
1054
1044
16603
1061
1051
1046
3151
1317
1032
1053
1044
6704
1046
2157
7444
1636
1710
23531
1419
1809
3980
8806
11462
3147
2015
5966
48064
1046
17048
1394
1261
4265
1409
1044
2342
41941
1944
3325
22344
1710
8132
1409
1338
18661
4914
1058
1531
4127
4139
1402
1562
1261
21448
2478
1278
5097
19263
12866
19466
1505
25453
2412
2717
1408
1278
18246
15676
1046
1531
2688
5443
1736
16897
2479
1032
1051
1055
1056
1044
1032
1055
1056
1056
1056
1055
1050
1053
1044
1032
1049
1053
1044
1032
1052
1044
1032
1050
1044
1032
1049
1044
1032
1048
1046
4634
2985
2479
2127
2481
1402
3657
1307
2269
25453
44831
4014
1338
12598
1681
3352
1317
3219
1693
2156
1681
1261
5965
1454
1278
4265
8091
1321
2034
18246
38001
1626
1045
1032
1048
1058
1032
1050
1010
1045
1032
1049
1058
1032
1052
1319
59695
1032
1049
1456
1045
1032
1049
1051
1053
1058
1032
1048
1319
59695
1032
1049
1048
1048
1048
1048
1049
1049
1049
1456
1045
1032
1049
1055
1048
1058
1032
1048
1319
59695
1032
1049
1048
1049
1048
1049
1048
1049
1048
1456
1045
1032
1049
1054
1051
1056
1051
1058
1032
1049
1053
1319
59695
1032
1049
1049
1049
1049
1049
1049
1049
1049
1049
1049
1049
1049
1049
1049
1319
1049
1052
10907
3824
1045
1032
1053
1049
1050
1058
1032
1049
1319
59695
1032
1049
1048
1048
1048
1048
1048
1048
1048
1048
1048
1456
1045
1032
1049
1051
1052
1050
1049
1055
1055
1050
1056
1058
1032
1049
1319
59695
1032
1049
7125
1536
1032
1050
1055
49846
1456
1045
1032
1050
1054
1056
1052
1051
1053
1052
1053
1054
1058
1032
1048
1505
1032
1049
1319
59695
1032
1049
7125
1536
1032
1050
1056
49846
1456
1045
1032
1049
1051
1052
1050
1049
1055
1055
1050
1054
1058
1032
1051
1055
1056
1319
59695
1032
1049
1048
1048
1048
1048
1048
1048
1048
1048
1048
1048
1048
1048
1048
1048
1048
1048
1048
1048
1048
1048
1048
1048
1048
1048
1048
1049
1048
1063
49032
1032
1050
1094
1050
1055
1462
1032
1050
1376
1032
1049
1051
1052
1050
1049
1055
1055
1050
1054
1044
18246
1058
1032
1049
1049
1049
2880
1049
1049
1048
1063
1032
1050
1094
1050
1055
1462
1032
1050
1376
1032
1049
1051
1052
1050
1049
1055
1055
1050
1054
1044
18246
1395
1032
1050
1055
10907
38618
1032
1049
1063
1032
1050
1094
1050
1055
1395
1032
1049
7125
1536
1032
1050
1055
49846
1046
1032
1050
1094
1050
1055
1462
1032
1049
1395
1032
1050
1055
10907
1046
1032
1050
1094
1050
1055
1462
1032
1050
1395
1032
1050
1054
10907
2430
1261
1032
1048
1063
9246
1681
4206
1058
1032
1050
1094
1051
1462
1032
1050
1376
1032
1054
1044
18246
1032
1049
1049
1048
1046
1032
1050
1094
1052
1462
1032
1050
1376
1032
1049
1052
1044
18246
1032
1049
1049
1049
1048
1046
4493
1032
1050
1094
1050
1055
1462
1032
1050
1395
1032
1050
1054
10907
2430
1261
1032
1048
1063
49032
1032
1050
1094
1050
1055
1462
1032
1050
1376
1032
1050
19197
1050
1094
1050
1054
1462
1032
1049
1574
18246
4139
1402
1032
1050
1054
10907
1321
1261
11118
1063
5500
4023
9381
1045
1032
1049
1048
1055
1051
1055
1052
1049
1056
1049
1054
1058
1032
1055
1056
1056
1056
1055
1050
1053
1319
1050
1094
1051
1048
1462
1032
1056
1456
1045
1032
1049
1048
1055
1051
1054
1055
1054
1050
1056
1056
1058
1032
1048
1319
1050
1094
1051
1048
1462
1032
1050
1094
1049
1054
1456
1045
1032
1049
1048
1048
1048
1048
1048
1048
1048
1048
1048
1058
1032
1048
1010
1045
1032
1057
1057
1057
1057
1057
1057
1057
1057
1053
1058
1032
1048
1010
1045
1032
1057
1053
1053
1055
1055
1052
1057
1049
1053
1058
1032
1048
1010
1045
1032
1056
1057
1049
1056
1051
1057
1056
1051
1055
1058
1032
1048
1010
1045
6704
1338
33703
1278
2254
1395
1058
4014
1278
2782
1307
9384
1317
9980
1409
1317
1032
1049
2505
16448
10317
1063
3247
4014
1278
2782
1307
22344
1562
1032
1049
1317
1409
1294
1261
4811
8404
1338
12598
1681
3352
1317
42463
1278
8404
1321
4014
22344
1394
3709
1409
1536
9664
1261
7586
12957
43544
1044
1809
4136
1362
1710
2405
17707
3475
1044
1362
7534
3352
1317
5972
1338
125773
5125
1058
9748
1278
3330
8223
1429
16994
4607
6983
9700
1278
9458
1897
1321
1362
2534
1317
5234
1261
6298
11708
1044
13162
1362
1710
3081
1278
4618
4127
1505
1261
4629
5097
1046
1531
2254
21734
1321
8953
3607
1584
4265
1046
1531
9458
1584
5662
1046
1362
2534
1317
4848
1278
2254
4212
1338
33703
1362
1710
3352
1317
13445
1278
2254
1562
1278
2688
5443
1536
7283
1394
11696
1046
9246
1681
2951
1409
1321
1284
16026
3640
1048
1058
1032
1050
1010
1049
1058
1032
1052
1010
1049
1051
1053
1058
1032
1048
1010
1049
1055
1048
1058
1032
1048
1010
1053
1049
1050
1058
1032
1049
1010
1049
1051
1052
1050
1049
1055
1055
1050
1054
1058
1032
1051
1055
1056
1010
1049
1048
1055
1051
1055
1052
1049
1056
1049
1054
1058
1032
1055
1056
1056
1056
1055
1050
1053
1010
1049
1051
1052
1050
1049
1055
1055
1050
1056
1058
1032
1049
1010
1049
1048
1055
1051
1054
1055
1054
1050
1056
1056
1058
1032
1048
1010
1049
1048
1048
1048
1048
1048
1048
1048
1048
1048
1058
1032
1048
1010
1056
1056
1050
1049
1053
1056
1056
1054
1054
1058
1032
1048
1010
1057
1057
1057
1057
1057
1057
1057
1057
1053
1058
1032
1048
1010
1050
1054
1056
1052
1051
1053
1052
1053
1054
1058
1032
1048
1319
1421
1032
1049
1456
1057
1053
1053
1055
1055
1052
1057
1049
1053
1058
1032
1048
1010
1049
1051
1052
1050
1049
1055
1055
1050
1056
1058
1032
1049
1319
115501
1456
1051
1049
1051
1050
1050
1054
1058
1032
1048
1010
1049
1054
1051
1056
1051
1058
1032
1049
1053
1267
56831
1455
1032
1053
1049
1050
1061
1050
1094
1057
4906
1032
1049
1044
1032
1049
1051
1052
1050
1049
1055
1055
1050
1056
1061
1050
1094
1050
1055
4906
1032
1049
1046
1032
1050
1054
1056
1052
1051
1053
1052
1053
1054
1061
1050
1094
1050
1056
4906
1032
1048
1505
1032
1049
1046
17048
19558
1307
1032
1050
1736
4014
1032
1049
1693
1278
62016
1395
13509
1063
1032
1057
1395
13509
1044
1032
1050
1055
1395
13509
1044
1032
1050
1056
1395
3199
4906
1032
1048
1063
3626
1032
1049
1061
1050
1094
1048
1044
62016
1032
1048
1395
3199
1044
4014
1395
1032
1052
1044
1605
1032
1049
1046
4493
1605
1455
1338
33703
1278
4014
14620
1408
1278
2782
1307
9384
1317
7418
1409
1435
1261
4556
1307
11074
19558
1307
1032
1050
1454
2269
7685
1046
3247
13162
1494
1681
1278
2782
1307
13509
22857
1294
2269
5522
1307
44618
1681
34216
1063
1032
1051
1055
1056
1321
1032
1055
1056
1056
1056
1055
1050
1053
2985
2479
97913
23300
1063
1032
1051
1055
1056
1376
1359
1040
39191
3082
1577
1359
1040
1049
1048
1044
1051
8429
1049
1050
1048
1044
1359
1040
1057
1044
1052
8429
1049
1050
1054
1044
1359
1040
1050
1055
1044
1063
24291
1032
1051
1055
1056
1376
1032
1050
1364
1032
1049
1056
1057
1376
1032
1050
1364
1032
1051
1364
1032
1054
1051
1376
1032
1050
1364
1032
1051
1364
1032
1055
1364
1032
1057
1046
5500
1261
5990
97913
1455
1362
2840
2490
7289
1046
1032
1055
1056
1056
1056
1055
1050
1053
1058
30255
1536
1032
1050
1053
1063
1032
1055
1056
1056
1056
1055
1050
1053
1987
1032
1050
1053
1376
1032
1051
1049
1053
1053
1052
1057
1046
5500
12095
1338
33703
1278
2254
1395
1058
2782
1307
9384
1317
8132
53133
1409
1376
2782
1307
9384
1317
5700
1409
1294
18246
1454
2269
10317
1046
9246
1681
3648
2314
1278
10317
2790
1338
1034
66899
16896
1408
53133
1032
1049
1321
17000
1317
8132
53133
1409
1046
3264
1934
1261
16603
2632
10348
1513
1032
1048
1626
6711
53133
1623
1044
2165
1710
3142
2295
6413
1307
10317
1877
1049
1046
6658
3151
1317
53133
1623
1045
1049
1319
98990
1402
2434
18264
3923
1505
1408
53133
1032
1048
1456
1050
1046
6658
2015
1317
53133
1623
1867
1032
1050
1094
1106
4939
1044
2430
21413
16603
1536
1032
1049
4410
33703
1593
1395
14259
1317
1058
24305
1710
10616
2258
15748
1536
1261
7980
1307
10317
1044
1321
1729
2933
1278
2782
1307
14170
1455
2282
1294
10693
1409
1046
3626
1278
9134
1429
66899
1710
8132
53133
1409
6245
5213
1321
8214
10317
1034
12551
1455
1729
4014
1278
2782
1307
5213
2165
1710
1402
1408
1409
1044
1505
1278
2782
1307
22344
1455
9206
1409
1338
18661
19190
1058
1531
2832
1395
28922
1044
1321
1729
2933
1278
2782
1307
9384
2165
1710
8132
1409
1044
10138
1278
2782
1307
11074
22648
129787
1307
1853
7685
7980
1455
2362
1454
1853
1408
53133
1409
1046
3626
1693
2165
1710
9165
1044
1494
1681
28922
1046
17048
1278
22855
1319
98990
1974
3151
18264
3923
1044
6560
1974
3151
1408
1032
1048
1041
7495
28922
35341
1455
9206
1409
84135
5153
1044
1809
3637
2481
1736
84135
3325
129787
1338
28191
1058
1429
98990
1402
2434
18264
3923
1505
1408
53133
1032
1048
1034
4139
4204
1058
1278
1974
27714
7685
6560
1402
2434
1693
1278
3519
53133
1395
1032
1048
1044
12164
6560
1402
2434
18264
3923
1046
4493
1693
2165
12481
3151
1044
1278
4275
6920
4016
1402
2015
1046
2409
18846
14170
1338
12598
1681
3352
1317
42478
1747
22344
1562
3030
1455
2362
1513
3980
1409
1044
2478
1261
3549
1395
1261
7980
1307
20183
1044
1321
1729
5304
2200
1729
2933
1063
17048
1278
4127
1395
1058
24305
7510
1261
7980
1307
20183
1044
1321
1729
4014
1278
2782
1307
14170
2516
1455
1278
2778
3980
1395
1409
1044
1321
2165
1710
3180
2258
2782
1307
20183
1044
1809
1278
2832
1395
2516
1455
2165
12864
30774
1063
3501
1338
33703
1494
1681
1261
4629
4127
1058
1429
6669
1278
2782
1307
9384
1317
8132
53133
1409
1454
16603
4053
10348
1513
1032
1048
1044
2478
1636
1710
16603
2015
1536
1032
1050
1094
1106
4939
1321
21413
16603
1044
1505
5966
3151
1536
1032
1049
3816
22487
9578
2613
1362
26938
1261
4127
1562
13968
2975
2455
1058
1429
1989
2511
16657
1034
1505
1429
71204
1302
3871
17048
1494
1681
1429
66899
1321
1278
1757
2511
16657
1034
1505
4433
1338
12598
1681
6123
2036
8977
7807
1394
1278
7092
2688
5443
1046
1531
8091
1032
1049
1051
1052
1050
1049
1055
1055
1050
1054
1044
1032
1049
1048
1055
1051
1055
1052
1049
1056
1049
1054
1044
1032
1049
1048
1055
1051
1054
1055
1054
1050
1056
1056
1044
1032
1049
1048
1053
1054
1057
1054
1052
1054
1048
1056
1044
1032
1057
1051
1057
1053
1050
1052
1048
1057
1054
1044
1032
1056
1056
1050
1049
1053
1056
1056
1054
1054
1044
6704
1046
4634
1584
3435
4811
1046
1032
1049
1051
1052
1050
1049
1055
1055
1050
1054
1376
1032
1050
1094
1050
1055
1462
1032
1050
1046
1032
1049
1048
1055
1051
1055
1052
1049
1056
1049
1054
1376
1032
1050
1094
1051
1048
1462
1032
1056
1046
1032
1049
1048
1055
1051
1054
1055
1054
1050
1056
1056
1376
1032
1050
1094
1051
1048
1462
1032
1050
1094
1049
1054
1046
1032
1049
1048
1053
1054
1057
1054
1052
1054
1048
1056
1376
1032
1050
1094
1051
1048
1462
1032
1050
1094
1050
1052
1046
1032
1057
1051
1057
1053
1050
1052
1048
1057
1054
1058
2878
1681
24002
1032
1050
1094
1051
1048
1462
1032
1057
1051
1057
1053
1050
1052
1048
1057
1054
1376
1032
1049
1051
1052
1050
1049
1055
1055
1050
1056
1063
1032
1049
1048
1055
1051
1055
1052
1049
1056
1050
1052
1462
1032
1057
1051
1057
1053
1050
1052
1048
1057
1054
1376
1032
1049
1051
1052
1050
1049
1055
1055
1050
1056
1376
1032
1050
1094
1050
1055
1046
4493
1032
1057
1051
1057
1053
1050
1052
1048
1057
1054
1376
1032
1050
1094
1051
1048
1462
1032
1050
1094
1050
1055
1046
1032
1056
1056
1050
1049
1053
1056
1056
1054
1054
1058
1032
1049
1048
1055
1051
1055
1052
1049
1056
1050
1052
1462
1032
1056
1056
1050
1049
1053
1056
1056
1054
1054
1376
1032
1049
1057
1049
1053
1056
1050
1057
1053
1056
1044
1605
1261
4053
1307
1032
1050
1046
1032
1057
1057
1057
1057
1057
1057
1057
1057
1053
1058
1032
1049
1048
1055
1051
1055
1052
1049
1056
1050
1052
1462
1032
1057
1057
1057
1057
1057
1057
1057
1057
1053
1376
1032
1055
1051
1055
1052
1049
1056
1050
1057
1044
1605
4053
1307
1032
1050
1046
1032
1057
1053
1053
1055
1055
1052
1057
1049
1053
1058
1032
1049
1048
1055
1051
1055
1052
1049
1056
1050
1052
1462
1032
1057
1053
1053
1055
1055
1052
1057
1049
1053
1376
1032
1049
1049
1055
1057
1054
1054
1057
1048
1057
1044
1605
4053
1307
1032
1050
1338
33703
1278
2254
1395
6164
1317
1278
18246
15676
1321
24875
1278
2782
1307
9384
1317
9980
1409
1317
1032
1049
1536
10317
1058
1693
1409
1395
3199
1044
30255
1536
1032
1050
1063
3247
4433
1338
18661
6674
1058
1531
10317
4139
10616
1747
38801
1044
1321
1278
2782
1307
9384
1317
8132
1409
1395
1278
2782
1307
13509
8091
1294
1278
14857
6291
12355
3549
1063
3501
1338
12598
1681
3352
1317
3081
1261
5965
1536
7283
1513
1278
2767
61174
3657
1877
1102
1040
1048
8429
1050
1010
1102
1040
1049
8429
1052
1010
1102
1040
1053
1049
1050
8429
1049
1010
1102
1040
1049
1051
1052
1050
1049
1055
1055
1050
1056
8429
1049
1010
1102
1040
1049
1051
1052
1050
1049
1055
1055
1050
1054
8429
1051
1055
1056
1010
1102
1040
1049
1048
1055
1051
1055
1052
1049
1056
1049
1054
8429
1055
1056
1056
1056
1055
1050
1053
1010
1102
1040
1049
1054
1051
1056
1051
8429
1049
1053
1267
56831
1455
1032
1049
1051
1052
1050
1049
1055
1055
1050
1054
1376
1032
1049
1051
1052
1050
1049
1055
1055
1050
1056
1462
1032
1050
1046
1032
1049
1048
1055
1051
1055
1052
1049
1056
1049
1054
1376
1032
1049
1048
1055
1051
1055
1052
1049
1056
1050
1052
1462
1032
1056
1046
1032
1049
1054
1051
1056
1051
1376
1032
1050
1094
1049
1052
1462
1032
1049
1626
33703
1284
1040
1050
48550
1462
1032
1050
1041
1376
4433
1044
1284
1040
1050
48550
1462
1032
1056
1041
1376
4433
1044
1284
1040
1050
48550
1462
1032
1049
1041
1376
4433
1338
12598
1681
24002
1308
1321
1284
1877
4393
1032
1049
1054
1051
1056
1051
1376
1032
1050
1094
1049
1052
1462
1032
1049
1044
1284
1061
1049
1053
1046
1032
1049
1053
1376
1032
1050
1094
1052
1462
1032
1049
1046
1032
1049
1052
1321
1032
1052
1058
1032
1049
1052
1294
18246
1395
1032
1049
1049
1049
1048
1044
1032
1052
1395
1032
1049
1048
1048
1046
5500
12095
1626
4393
1032
1053
1049
1050
1376
1032
1050
1094
1057
1044
1284
1061
1049
1626
4393
1032
1049
1051
1052
1050
1049
1055
1055
1050
1056
1376
1032
1050
1094
1050
1055
1044
1284
1061
1049
1626
4393
1032
1050
1054
1056
1052
1051
1053
1052
1053
1054
1376
1032
1050
1094
1050
1056
1044
1284
1061
1048
1505
1032
1049
1338
33703
1284
1040
1050
48550
1041
1376
1032
1049
1693
1308
1395
13509
1063
1032
1057
13509
4906
1032
1049
1044
1032
1050
1055
13509
4906
1032
1049
1044
1032
1048
3199
4906
1032
1052
1319
3715
1032
1049
1574
1032
1050
1056
3199
4906
1032
1048
1063
5646
2168
8125
1058
1284
1040
1050
1094
1048
8429
1052
1044
1284
1040
1050
1094
1057
8429
1049
1044
1284
1040
1050
1094
1050
1055
8429
1049
1044
1284
1040
1050
1094
1050
1056
8429
1048
1046
5675
2314
2147
19558
1063
5500
4265
1044
1809
13162
1278
5965
1395
1058
1284
1040
1050
48550
1041
1376
1032
1049
1693
1308
1395
13509
1321
1308
1062
1048
1063
3247
13162
1284
1040
1050
48550
1041
14620
1408
1308
2005
4433
1338
7493
2314
1284
1040
1050
48550
1462
1032
1049
36036
1032
1049
1054
1051
1056
1051
1376
1032
1050
1094
1049
1052
1462
1032
1049
1044
1284
1061
1049
1053
1046
1032
1049
1053
1376
1032
1050
1094
1052
1462
1032
1049
1046
1032
1049
1052
1294
18246
1032
1049
1049
1049
1048
1044
1032
1052
1395
1032
1049
1048
1048
1046
17048
1284
1040
1050
48550
1462
1032
1049
1041
1376
1032
1050
1952
19282
12296
4990
12679
1462
1032
1049
1063
2915
12296
1040
1049
1052
1041
1376
1032
1051
1319
1049
1052
1061
1056
1043
1052
1043
1050
1574
1032
1050
1094
1051
1462
1032
1049
1376
1032
1055
1044
1605
1032
1049
1053
1046
2915
12296
1040
1049
1052
8429
1051
1044
1032
1050
1094
1051
1061
1056
1044
1605
1032
1049
1053
1046
17048
1284
1040
1050
48550
1462
1032
1049
1041
1376
1032
1050
1952
12856
1307
49846
1294
18246
1307
1308
1125
1063
5500
5257
1338
33703
1278
2254
1395
1058
4014
1278
2782
1307
9384
1317
7418
1409
1435
1261
4556
1307
11074
19558
1307
1032
1050
2478
1278
19558
1584
9553
1536
1278
16603
2832
1046
3247
13162
1494
1681
1278
2782
1307
13390
1294
1261
18246
9917
1338
12598
1681
3648
30816
1058
26243
1278
4127
1395
1562
1261
21448
2478
1278
5097
1395
1317
24002
1278
2782
1307
9384
2505
1261
51070
2254
1454
65253
3229
1408
1278
18246
15676
1046
1531
2688
5443
4139
1402
1562
1455
5097
1046
9748
1362
2534
1317
9470
1261
2254
1455
22405
1747
9458
1044
1321
1362
1710
2405
3160
3475
1317
2688
1044
1362
4139
2534
1317
12185
1278
2254
1505
42463
1494
124223
1338
36296
1278
22474
1044
13162
1362
1710
3352
1317
3081
1261
17616
11708
9495
1294
2036
7716
2181
1063
1531
4127
4139
1402
1562
1261
4629
10393
2479
13968
2975
2455
1044
2301
1304
5603
1044
1505
3931
1067
10414
1046
1531
2254
2564
2000
12296
1095
4189
7198
5103
2511
7273
1278
7092
2688
5443
2880
1362
1710
3352
1317
26938
1046
1531
2688
5443
4626
2000
1099
52143
1040
1049
1051
1052
1050
1049
1055
1055
1050
1054
1041
2351
1032
1051
1055
1056
7273
2000
1099
52143
1040
1049
1048
1055
1051
1055
1052
1049
1056
1049
1054
1041
2351
1032
1055
1056
1056
1056
1055
1050
1053
9816
4634
8091
2985
2479
2127
2481
1402
3657
1307
1261
25453
44831
4014
1338
12598
1681
3352
1317
3219
1693
1032
1051
1055
1056
1321
1032
1055
1056
1056
1056
1055
1050
1053
35377
1317
97913
23300
1505
4433
1046
1032
1051
1055
1056
1376
1359
1040
39191
3082
1577
1359
1040
1049
1048
1044
1051
8429
1049
1050
1048
1044
1359
1040
1049
1053
1044
1053
8429
1051
1048
1048
1051
1044
1359
1040
1057
1044
1052
8429
1049
1050
1054
1044
1359
1040
1050
1055
1044
4433
1577
1032
1051
1055
1056
1376
1032
1050
1364
1032
1051
1094
1051
1364
1032
1055
1046
1032
1055
1056
1056
1056
1055
1050
1053
1058
4556
1307
35515
1376
1032
1055
1043
1056
1043
1056
1043
1056
1043
1055
1043
1050
1043
1053
1376
1032
1052
1053
1044
114120
1536
1032
1057
1046
1032
1055
1056
1056
1056
1055
1050
1053
1987
1032
1057
1376
1032
1056
1055
1054
1053
1050
1053
1046
1987
1032
1057
1376
1032
1057
1055
1051
1057
1049
1046
1054
1054
1054
1046
5500
1261
6133
97913
1338
33703
1278
2254
1395
1058
2000
12296
1095
4189
7198
5103
2511
16026
17783
10721
1278
2782
1307
9384
1317
8132
1409
1044
1799
1395
9196
1317
1278
2782
1307
13509
22857
1294
1278
1409
12497
5522
1307
2269
34216
1044
1505
1278
2782
1307
9384
1317
7917
8766
2033
1338
18661
5125
1058
9748
1278
3330
8223
1429
16994
4607
6983
9700
1278
9458
1897
1321
1362
1736
1317
5234
1278
3475
1044
13162
1362
1710
3352
1317
7418
1261
92098
128113
6123
1394
3709
1409
1317
98931
1278
5965
1044
1809
1362
4525
1420
26554
1044
1362
1710
2405
17707
3475
1046
3886
1044
1362
1710
50248
1278
2832
68093
1394
3435
3709
1409
1321
3352
1317
3219
1278
5965
1307
24875
1338
12598
1681
3352
1317
11249
1278
4127
27817
1321
42478
22344
1394
3709
1409
1044
27408
1729
4014
1278
2782
1307
11074
14170
1307
10317
1455
2282
1294
1278
3980
3144
10693
1409
1513
1278
2362
1307
1278
7980
1044
1321
1278
7980
1710
1402
1307
2258
5592
1044
1809
13162
1729
2342
3369
14170
1455
2607
2405
21788
8164
1044
1505
1729
3369
1747
14170
1455
2362
2200
2165
28833
1409
1063
1531
9134
1429
66899
1710
8132
53133
1409
6245
5213
1321
8214
10317
1034
4139
4204
1455
1729
4014
1278
2782
1307
9384
2165
1710
8132
1409
1044
1321
1693
1261
3549
28833
1409
1044
2165
1710
8214
1044
1809
1729
3637
4014
1455
3549
1435
1925
3039
1046
4493
13162
1729
4014
1747
22344
1319
1259
54547
14170
28197
1809
1729
2342
3831
2314
1278
2158
2142
2165
27838
1409
1063
3247
13162
1278
2832
1395
1058
2165
7510
20183
4570
2165
48559
1317
5304
1044
1321
1729
4014
1278
2782
1307
4171
6920
14170
1455
2282
1294
1853
3144
1408
1409
1513
1278
4735
2165
30774
1046
3626
2430
1278
2782
1307
9384
2168
1402
28922
15388
2156
1681
1261
7773
1408
20183
1338
33703
1278
4127
24277
1455
24305
7510
10693
1925
2658
1307
6920
1063
3501
1338
12598
1681
1344
41412
1278
8953
3607
21966
1877
27266
66899
16896
1408
53133
1032
1049
1321
17000
1317
8132
53133
1409
1046
3264
1934
1261
16603
2632
10348
1513
1032
1048
1626
6711
53133
1623
1044
2165
1710
3142
2295
6413
1307
10317
1877
1049
1046
6658
3151
1317
53133
1623
1045
1049
1319
98990
1402
2434
18264
3923
1505
1408
53133
1032
1048
1456
1050
1046
6658
2015
1317
53133
1623
1867
1032
1050
1094
1106
4939
1044
2430
21413
16603
1536
1032
1049
1267
15773
1278
3788
2782
1307
9384
24305
1710
8132
53133
1409
1626
12791
1455
24305
1710
8132
53133
1409
6245
5213
1321
8214
10317
1338
12515
1877
1293
1409
1058
1531
3579
53133
2782
1319
1048
9120
1409
9120
1032
1049
1048
1094
1057
1801
56691
1877
1293
1531
2782
1307
11074
9384
1317
8132
53133
1409
1267
35209
4014
1095
4189
7198
5103
2511
1040
1048
1456
1050
1010
35209
4014
1095
4189
7198
5103
2511
1040
1049
1456
1052
1010
35209
4014
1095
4189
7198
5103
2511
1040
1053
1049
1050
1456
1049
1010
58643
33703
1429
4189
1034
4938
1278
2782
1307
11074
22344
1562
3030
1317
1409
1044
2478
1261
3549
1395
1261
7980
1307
10317
1044
1321
1278
3549
15202
2200
2165
28833
1409
1046
3626
1278
9134
8223
2165
1710
8214
1044
1878
13162
1278
3549
6354
2405
2362
1044
1809
1729
4014
1278
2782
1307
9384
2165
1710
1402
1408
1409
1513
2258
2862
1044
1321
2295
9384
1584
2801
1693
1278
7980
1307
10317
2015
1317
1455
2862
41320
1046
3626
1693
2165
1710
8214
1044
2430
1261
4249
28922
7980
2168
1736
3325
129787
1455
9462
1409
1046
1531
9134
4139
4204
1058
3199
5572
2165
1710
8214
2453
22538
1409
1044
1729
3637
4014
1278
2782
1307
11074
14170
1307
10317
1455
2282
1294
1853
22538
1409
1394
1278
2158
2142
1044
1505
13162
1729
4014
1747
129787
1455
9462
1409
1044
1809
4136
2165
1710
8214
1044
1278
3788
2782
1307
9384
4139
1402
28922
15388
1278
2832
30774
25217
1338
33703
1278
2832
1395
1058
24305
17000
1317
8132
53133
1409
1044
1321
2165
2084
5807
6187
20183
1044
1809
1729
4014
1278
2782
1307
2801
6920
14170
1455
2282
1294
1853
7256
3144
1408
53133
1409
1044
1321
1729
3369
2295
14170
2801
1693
2127
2349
1513
2258
2862
1044
1809
1729
2342
3369
14170
1455
1584
1429
5983
1034
1321
13162
1729
5304
18964
2453
2269
6570
1063
2409
1395
4382
42368
1338
61598
1278
4127
1395
1562
1261
4811
21448
1321
1278
5097
1395
4629
1046
9246
1639
6123
2036
6628
1394
1429
66899
16896
1408
53133
1032
1049
1321
17000
1317
8132
53133
1409
1046
3264
1934
1261
16603
2632
10348
1513
1032
1048
2613
1362
26938
1261
4127
1562
13968
2975
2455
18545
1505
13162
1261
2301
1304
5603
32260
21448
1046
3730
1681
1261
4127
1429
6984
1307
108461
1317
1871
1664
1261
1757
2511
1034
1809
1454
2801
10317
1338
18661
4914
1058
1531
10317
4139
1402
14259
1317
21976
1278
18246
15676
1307
1409
1046
6658
2015
1536
1032
1050
1094
1106
4939
91094
1278
16603
1044
1878
1278
2015
20183
2229
11074
19558
1307
1032
1050
1046
6658
3151
1536
1032
1049
55202
1115
1032
1049
1044
1454
1278
16009
1455
1636
1710
2405
1736
2295
81202
1294
1261
5522
1044
1321
1710
2405
1974
5956
1032
1048
1063
3626
1278
1429
98990
1402
2434
1408
53133
1032
1048
1034
4139
4204
1636
1710
2405
1974
3151
1562
1032
1048
1044
1809
1636
1710
1402
1408
1032
1048
1338
33703
1278
4127
1395
1058
4014
1278
2782
1307
9384
1317
9980
1409
1317
1032
1049
2505
16448
10317
1058
1562
1409
1044
1636
1710
5250
1974
3151
1536
1032
1049
1319
1391
4607
1486
1605
3151
28197
1505
1974
2015
1536
1032
1050
58924
1106
4939
1045
1049
36036
5500
5257
1338
12598
1681
3352
1317
3219
1693
2156
1681
1420
59707
1046
13336
1058
2022
1061
1049
1044
16603
1061
1048
1626
5528
1058
2022
5773
1032
1050
1094
1106
4939
1044
16603
5773
1032
1049
1626
11257
1058
2022
22772
1032
1049
1044
16603
43884
1044
3804
69843
10997
1044
6560
1653
3151
1693
3804
69843
10997
1338
33703
1729
1710
3648
1307
1593
1435
1261
3468
8832
2478
1729
2933
1317
4014
1278
2782
1307
22344
1562
1319
1049
1044
1048
1044
13297
1041
1317
2258
3468
1454
2022
100792
1046
9748
1278
3468
5702
1395
28922
1044
1809
1394
1261
4265
1409
1044
13162
2342
41941
1944
3325
22344
1710
8132
1409
3147
4670
2015
11462
2022
1321
16603
1044
1321
4670
3151
24614
2022
1809
6354
2405
5597
16603
1044
1878
1317
8132
1261
3709
1409
1044
1636
1710
2405
1974
2015
4382
3325
5213
1338
12598
1681
3352
1317
42478
1747
22344
1455
2362
1513
2022
1061
1048
1505
1032
1049
1044
18964
1455
1261
3549
1395
1261
7980
1307
20183
1044
1321
1729
5304
2200
1729
8132
1278
3579
1063
3247
1729
4014
22344
1455
9206
1409
1513
1278
2362
1063
1362
7534
14649
1729
4014
1278
2782
1307
11074
14170
1307
20183
1455
2282
1294
1278
3980
3144
10693
1409
1044
1321
1278
7980
1710
1402
1307
2258
5592
1044
1809
1729
2342
4014
14170
1455
1584
1429
2422
5903
1034
1294
2269
7453
1044
1505
1729
4014
1747
14170
1455
2362
1513
1409
1044
1321
1278
2832
30774
2200
2165
28833
1409
1063
1531
9134
1429
66899
1710
8132
53133
1409
6245
5213
1321
8214
10317
1034
4139
4204
1455
1693
1261
3549
28833
1409
1044
2165
1710
8214
1044
1809
1729
3637
4014
1455
3549
1435
1925
3039
1317
1736
9174
1409
1046
4493
13162
1729
4014
1747
22344
1319
1259
54547
1041
1455
1736
1409
1435
1261
21643
3468
1044
1809
1729
2342
4014
2744
3549
5785
1044
1321
1278
2782
1307
2516
22344
1395
22648
3147
1278
3468
5702
1395
1261
9917
1455
6354
2405
1736
23068
1455
9206
1409
1063
3626
1693
2156
1584
23068
1044
1494
1681
28922
1338
33703
1278
4127
1934
1261
37762
6570
1058
24305
30774
2200
2165
28833
53133
1409
1063
3626
1278
9134
35499
1115
1455
1046
1429
12791
1455
24305
1710
8132
53133
1409
6245
5213
1321
8214
10317
2613
2409
4139
1402
14242
11133
1455
1278
4014
6987
9384
2478
2165
22405
2645
1409
1321
30762
4670
1044
1605
2586
22344
1455
2362
1513
1409
1046
4493
1729
4014
1747
22344
1455
9206
1409
1513
4403
5785
1044
1321
2744
11074
7980
1307
10317
1455
29751
1409
24875
1435
1925
3039
1044
23973
1307
2549
16581
2453
1046
3626
1693
14170
1710
1402
28922
1044
1278
4014
2481
1402
28922
1046
62079
1278
10317
1584
2516
1455
1562
2258
3468
1044
2156
1584
2342
41941
1944
3325
14170
1455
9206
1409
3066
2269
7773
1063
5500
5257
1338
33703
1278
4127
1395
1058
24305
34408
10317
4570
2165
17000
1044
1809
1729
4014
1278
2782
1307
9384
2165
1710
1736
53133
1409
1435
1853
3519
53133
1513
1278
2362
1307
2269
9247
2782
1307
10317
1063
3501
1338
36296
1278
2142
1362
1736
1044
13162
1362
2715
3352
1317
3081
1261
5965
1562
1278
2688
5443
1536
27408
1278
2254
1395
4433
2479
1058
2782
1307
9384
1376
2782
1307
13509
8091
1294
18246
15676
1307
4433
1044
1505
1261
51070
2254
1338
12598
1681
2951
1278
2688
5443
2790
1321
3219
1693
2156
1681
1261
5965
1454
18246
1877
1107
1058
1284
16026
1456
1048
1058
1032
1050
1319
59695
1032
1048
1456
1049
1058
1032
1052
1319
59695
1032
1049
1456
1049
1051
1053
1058
1032
1048
1319
1049
1048
1048
1048
1048
1049
1049
1049
1456
1049
1055
1048
1058
1032
1048
1319
1049
1048
1049
1048
1049
1048
1049
1048
1456
1053
1049
1050
1058
1032
1049
1319
1049
1048
1048
1048
1048
1048
1048
1048
1048
1048
1456
1049
1051
1052
1050
1049
1055
1055
1050
1054
1058
1032
1051
1055
1056
1319
1049
1049
1049
1049
1049
1049
1049
1049
1049
1049
1049
1049
1049
1049
1049
1049
1049
1049
1049
1049
1049
1049
1049
1049
1049
1049
1048
1063
49032
1032
1049
1051
1052
1050
1049
1055
1055
1050
1054
1376
1032
1048
1120
1050
1048
1048
1048
1048
1048
1048
1054
1063
1032
1050
1094
1050
1055
1061
1049
1051
1052
1050
1049
1055
1055
1050
1056
1044
1878
1032
1049
1051
1052
1050
1049
1055
1055
1050
1054
1376
1032
1049
1051
1052
1050
1049
1055
1055
1050
1056
1462
1032
1050
1044
18246
1058
1032
1049
1049
1049
1049
1049
1049
1049
1049
1049
1049
1049
1049
1049
1049
1049
1049
1049
1049
1049
1049
1049
1049
1049
1049
1048
1063
1032
1050
1055
18490
1058
1032
1049
1049
1049
1049
1049
1049
1049
1049
1049
1049
1049
1049
1049
1049
1049
1049
1049
1049
1049
1049
1049
1049
1049
1049
1048
1395
1032
1050
1094
1050
1055
1462
1032
1050
1063
1032
1050
1094
1050
1055
1462
1032
1049
1376
1032
1050
1054
10907
1063
32844
1058
1032
1050
1094
1051
1462
1032
1049
1376
1032
1055
1319
1049
1049
1049
1574
1032
1050
1094
1051
1462
1032
1050
1376
1032
1054
1319
1049
1049
1048
1577
4493
1032
1050
1094
1050
1055
1462
1032
1050
1376
1032
1050
1054
10907
7125
1536
1261
11118
1063
49032
1032
1050
1094
1050
1055
1395
1032
1049
7125
1536
1032
1050
1055
49846
1046
1032
1050
1094
1050
1055
1462
1032
1049
1395
1032
1050
1055
10907
1046
1032
1050
1094
1050
1055
1462
1032
1050
1395
1032
1050
1054
10907
1321
1261
11118
1513
1278
2362
1063
9246
1681
4206
1058
1032
1050
1094
1052
1462
1032
1050
1376
1032
1049
1052
1044
18246
1032
1049
1049
1049
1048
1319
43463
10907
1321
1261
11118
1577
4493
14842
1044
1032
1050
1094
1050
1055
1462
1032
1050
1934
1032
1050
1054
10907
1321
1261
49875
11118
1046
4493
18246
1934
3325
1032
1049
1115
9381
1049
1048
1055
1051
1055
1052
1049
1056
1049
1054
1058
1032
1055
1056
1056
1056
1055
1050
1053
1319
1050
1094
1051
1048
1462
1032
1056
1376
1032
1049
1048
1055
1051
1055
1052
1049
1056
1050
1052
1462
1032
1056
1044
18246
1058
1032
1049
1049
1049
1049
1049
1049
1049
1049
1049
1049
1049
1049
1049
1049
1049
1049
1049
1049
1049
1049
1049
1049
1049
1049
1049
1049
1048
1048
1048
1063
1032
1056
1395
1032
1050
1094
1051
1044
1878
1032
1050
1094
1051
1048
1462
1032
1056
1376
1032
1050
1055
10907
1063
49032
1032
1050
1094
1051
1048
1462
1032
1049
1395
1032
1051
1048
10907
1046
1032
1050
1094
1051
1048
1462
1032
1056
1376
1032
1050
1094
1051
1048
1462
1032
1050
1094
1051
1044
18246
1058
1032
1050
1055
10907
2430
1032
1048
1048
1048
1063
1032
1051
1048
18490
1058
1032
1049
1049
1049
2880
1049
1049
1049
1048
1048
1048
1454
1032
1050
1055
10907
1321
3300
49846
9381
1049
1051
1052
1050
1049
1055
1055
1050
1056
1058
1032
1049
1319
1050
1094
1050
1055
1044
18246
1032
1049
7125
1536
1032
1050
1055
49846
1456
1049
1048
1055
1051
1054
1055
1054
1050
1056
1056
1058
1032
1048
1319
1050
1094
1051
1048
1462
1032
1050
1094
1049
1054
1044
18246
1058
1032
1049
1052
10907
1063
1032
1050
1094
1051
1048
1462
1032
1050
1094
1049
1054
1376
1032
1050
1094
1049
1054
1040
1050
1094
1049
1052
1462
1032
1049
1574
18246
1058
1032
1049
1052
10907
7125
1536
1032
1049
1054
49846
110737
1049
1048
1048
1048
1048
1048
1048
1048
1048
1048
1058
1032
1048
1010
1056
1056
1050
1049
1053
1056
1056
1054
1054
1058
1032
1048
1010
1057
1057
1057
1057
1057
1057
1057
1057
1053
1058
1032
1048
1010
1050
1054
1056
1052
1051
1053
1052
1053
1054
1058
1032
1048
1505
1032
1049
1319
1050
1094
1050
1056
1044
18246
1032
1049
7125
1536
1032
1050
1056
49846
1456
1057
1053
1053
1055
1055
1052
1057
1049
1053
1058
1032
1048
1010
1049
1051
1053
1058
1032
1048
1319
1049
1048
1048
1048
1048
1049
1049
1049
1456
1056
1057
1049
1056
1051
1057
1056
1051
1055
1058
1032
1048
1010
1055
1057
1057
1052
1051
1049
1055
1056
1050
1058
1032
1048
1010
1056
1049
1053
1051
1054
1048
1055
1054
1055
1058
1032
1048
1010
1049
1055
1048
1058
1032
1048
1319
1049
1048
1049
1048
1049
1048
1049
1048
1456
1055
1056
1053
1048
1048
1048
1049
1056
1048
1058
1032
1048
1010
1052
1051
1048
1049
1050
1055
1056
1054
1055
1058
1032
1048
1010
1056
1048
1051
1055
1050
1054
1048
1048
1057
1058
1032
1048
1010
1056
1057
1050
1048
1057
1050
1053
1056
1049
1058
1032
1048
1010
1055
1056
1051
1049
1056
1054
1050
1050
1052
1058
1032
1048
1010
1051
1049
1051
1050
1050
1054
1058
1032
1048
1010
1049
1054
1051
1056
1051
1058
1032
1049
1053
1319
59695
1032
1049
1049
1049
1049
1049
1049
1049
1049
1049
1049
1049
1049
1049
1049
1044
61531
1032
1049
1115
1801
36700
1795
1877
1045
56285
1307
1032
1050
1058
1032
1053
1049
1050
1319
1050
1094
1057
1041
4906
1032
1049
1044
1032
1049
1051
1052
1050
1049
1055
1055
1050
1056
1319
1050
1094
1050
1055
1041
4906
1032
1049
1044
1032
1050
1054
1056
1052
1051
1053
1052
1053
1054
1319
1050
1094
1050
1056
1041
4906
1032
1048
1505
1032
1049
1046
1032
1049
1319
1050
1094
1048
1041
4906
1032
1052
1046
4493
1032
1050
1094
1048
1061
1052
1044
1032
1050
1094
1057
1061
1049
1044
1032
1050
1094
1050
1055
1061
1049
1044
1032
1050
1094
1050
1056
1061
1048
1047
1049
1046
17048
1032
1050
48550
4906
1032
1049
1693
1308
1395
13509
1321
1308
17546
1057
1063
3247
13162
1308
2005
4433
1063
1032
1048
1941
1052
1044
1032
1057
1941
1049
1044
1032
1050
1055
1941
1049
1044
1032
1050
1056
1941
1048
1046
17048
1032
1050
48550
4906
1032
1049
1693
1308
1395
1307
1278
2071
1032
1056
1107
1043
1049
1063
1032
1057
1061
1056
1042
1049
1043
1049
1044
1032
1050
1055
1061
1056
1042
1051
1043
1051
1063
5500
1046
17048
1308
2005
1032
1056
1058
1032
1048
1941
1052
1044
1032
1049
1941
39191
1032
1050
1941
39191
1032
1057
1941
1049
1319
1049
2005
1032
1056
1574
1032
1050
1055
1941
1051
2005
1032
1056
4906
1049
1044
1032
1050
1056
1941
1052
2005
1032
1056
4906
1048
1047
1049
1046
5500
6133
1626
1045
1032
1049
1054
1051
1056
1051
1376
1032
1050
1094
1049
1052
1462
1032
1049
4906
1032
1049
1053
1046
1032
1049
1053
1376
1032
1050
1094
1052
1462
1032
1049
1046
1032
1049
1052
1294
18246
1032
1049
1049
1049
1048
1044
1032
1052
1395
1032
1049
1048
1048
1046
17048
1032
1049
1054
1051
1056
1051
4906
1032
1050
1952
12856
1307
1032
1049
1115
1294
18246
1307
1032
1049
1052
1063
1032
1049
1052
1934
3300
1032
1049
1115
1044
1032
1050
1094
1051
1061
1056
1044
1605
1032
1049
1053
1046
17048
1032
1050
1952
12856
1307
1032
1048
1115
1063
1032
1049
1052
1934
1925
1032
1048
1319
1391
1032
1052
18490
1574
1809
1032
1049
1052
1395
1032
1049
1049
1049
1048
1044
1925
11118
1044
1032
1050
1094
1049
1061
1050
1626
1045
1032
1051
1055
1056
1321
1032
1055
1056
1056
1056
1055
1050
1053
1058
13162
2576
1584
97913
23300
1359
4990
1044
1409
1041
1394
2269
1308
29874
6164
1317
1278
2782
1307
18490
1338
33703
1278
2254
1395
1058
4014
1278
2782
1307
9384
1317
7418
1409
1435
1261
4556
1307
11074
19558
1307
1032
1050
1044
2478
1278
19558
1584
14173
1562
1261
2016
9553
1536
1278
16603
2832
1044
1321
1278
3151
20183
3894
2269
61349
1338
18661
6674
1058
1531
4127
4139
1402
14259
1317
36359
1278
2782
1307
13509
22857
1294
1278
1409
12497
5522
1307
44618
1681
34216
81793
1032
1050
1063
3501
1338
12598
1681
3352
1317
6123
1394
1429
12296
1095
4189
7198
5103
2511
1034
1294
2036
7716
2181
1046
1362
26938
1261
4127
1562
13968
2975
2455
1058
1429
1989
2511
16657
1034
1505
1429
71204
1302
3871
3730
1681
1261
4127
4418
1429
66899
1321
1278
1757
2511
16657
1034
1809
1362
4525
1605
5257
1046
17048
1494
1681
1562
1261
8531
3931
1067
10414
4127
1046
1531
2688
5443
1454
1032
1049
1051
1052
1050
1049
1055
1055
1050
1054
1321
1032
1049
1048
1055
1051
1055
1052
1049
1056
1049
1054
2985
2479
2127
2481
1402
1562
1261
4127
2314
36359
22344
1294
1261
18246
9917
2478
1636
1710
1974
3979
1505
3169
1338
28191
1044
13162
1362
1710
16448
81078
1258
1278
2254
1536
27408
1494
1681
1261
4629
7980
1046
1531
4213
1058
1032
1050
1044
1032
1052
1044
1032
1048
1044
1032
1048
1044
1032
1049
1044
1032
1051
1055
1056
1044
1032
1055
1056
1056
1056
1055
1050
1053
1044
1032
1049
1044
1032
1048
1044
1032
1048
1044
1032
1048
1044
1032
1048
1044
1032
1048
1047
1049
1044
1032
1048
1044
1032
1049
1053
1044
1032
1048
2880
5500
1261
5990
7980
1362
2840
1338
33703
1278
2254
1395
51070
1058
1032
1010
1102
1040
1048
1041
1376
1032
1050
1010
1102
1040
1049
1041
1376
1032
1052
1010
1102
16026
1041
1376
4433
2479
1284
16026
1045
1049
1041
1867
1284
16026
1045
1050
1094
1106
1041
6704
1338
12598
1681
2985
1513
1278
2767
61174
4213
1321
2034
1409
1877
1048
1058
1032
1050
1010
1049
1058
1032
1052
1010
1053
1049
1050
1058
1032
1049
1010
1049
1051
1052
1050
1049
1055
1055
1050
1056
1058
1032
1049
1010
1049
1051
1052
1050
1049
1055
1055
1050
1054
1058
1032
1051
1055
1056
1010
1049
1048
1055
1051
1055
1052
1049
1056
1049
1054
1058
1032
1055
1056
1056
1056
1055
1050
1053
1010
1049
1054
1051
1056
1051
1058
1032
1049
1053
1267
56831
1455
1032
1049
1051
1052
1050
1049
1055
1055
1050
1054
1376
1032
1049
1051
1052
1050
1049
1055
1055
1050
1056
1462
1032
1050
1046
1032
1049
1048
1055
1051
1055
1052
1049
1056
1049
1054
1376
1032
1049
1048
1055
1051
1055
1052
1049
1056
1050
1052
1462
1032
1056
1046
1032
1049
1054
1051
1056
1051
1376
1032
1050
1094
1049
1052
1462
1032
1049
1626
33703
1284
1040
1050
48550
1462
1032
1050
1041
1376
4433
1044
1284
1040
1050
48550
1462
1032
1056
1041
1376
4433
1044
1284
1040
1050
48550
1462
1032
1049
1041
1376
4433
1338
12598
1681
24002
1308
1321
1284
1877
4393
1308
1061
1049
1058
1032
1050
1094
1049
1462
1032
1049
1376
1032
1049
1044
1284
1040
1049
8429
1052
1046
3626
1032
1052
1395
1605
1032
1050
1094
59574
1063
17048
1284
1040
1050
48550
1462
1032
1049
1041
1394
1308
1061
1049
1395
1032
1052
1626
1110
1061
1050
1058
1032
1050
1094
1050
1462
1032
1049
1376
1032
1051
1044
1284
1040
1051
36036
5500
4265
1044
1809
1032
1049
1051
1053
1061
1048
1044
1032
1049
1055
1048
1061
1048
1626
1110
1061
1057
1058
1032
1050
1094
1057
1462
1032
1049
1376
1032
1053
1049
1049
1044
1284
1040
1053
1049
1050
8429
1049
1044
1878
1284
1040
1053
1049
1050
8429
1049
1044
1605
1032
1050
1094
1057
1045
1049
1626
1110
1061
1049
1052
1058
1032
1050
1094
1049
1052
1462
1032
1049
1376
1032
1049
1054
1051
1056
1051
1044
1284
1061
1049
1053
1626
1110
1061
1050
1055
1058
1032
1050
1094
1050
1055
1462
1032
1049
1376
1032
1049
1051
1052
1050
1049
1055
1055
1050
1055
1044
1284
1040
1049
1051
1052
1050
1049
1055
1055
1050
1054
8429
1051
1055
1056
1046
4493
1284
1040
1050
1094
1050
1055
1462
1032
1050
8429
1051
1055
1056
1626
1110
1061
1051
1048
1058
1032
1050
1094
1051
1048
1462
1032
1049
1376
1032
1049
1048
1055
1051
1055
1052
1049
1056
1050
1051
1044
1284
1040
1049
1048
1055
1051
1055
1052
1049
1056
1049
1054
8429
1055
1056
1056
1056
1055
1050
1053
1319
11018
1395
1032
1050
1094
1051
1048
1462
1032
1056
2519
33703
1278
2254
14620
1408
1278
18246
15676
1307
1409
1044
1321
24875
1278
2782
1307
9384
1317
9980
1409
1317
1032
1049
1536
10317
1058
1693
1409
1395
3199
1044
1636
1710
30255
1536
1032
1050
1063
3247
4433
2479
1455
1338
18661
4914
1058
1531
10317
4139
1402
6164
1317
1278
18246
10739
1505
4433
1046
1429
13937
2015
1317
53133
1623
1867
1032
1050
1094
1106
4939
1044
2430
21413
16603
1536
1032
1049
1034
4938
1278
2015
20183
2229
1032
1049
1044
1032
1050
1044
1032
1052
1044
1032
1056
1044
6421
1294
2269
3542
1046
1429
13937
3151
1317
1623
1045
1049
1034
55202
1115
1032
1049
1044
1710
2405
1402
22487
1044
1710
2405
1408
1032
1048
1338
33703
1278
4127
1395
1058
24305
16896
1513
1032
1049
1044
1321
2165
17000
1317
8132
1409
1046
3264
1710
3180
1261
7980
1307
20183
1046
1531
2782
1307
9384
1395
1278
2782
1307
14170
1307
1576
1982
1039
1321
1576
6826
1039
20183
1455
2282
1294
1853
3144
1408
1409
1044
1454
1278
16009
1455
2165
1710
2405
1974
3151
15449
1294
1261
5522
1044
1321
2165
1710
2405
1974
3151
1562
1032
1048
1046
3060
13162
2165
30774
2200
2165
28833
1409
1063
3626
1278
9134
8223
2165
1710
8214
1338
33703
1278
1429
4189
1034
1584
1278
2782
1307
11074
22344
1562
1032
1049
1317
1409
1294
1261
1407
6970
2478
36281
1584
38801
1044
1321
20978
1584
1278
10317
1044
1321
1729
2933
1278
2782
1307
22344
1562
1032
1049
1317
1409
1455
4772
9206
1261
29268
15449
1063
3247
13162
1494
1681
1278
2782
1307
22344
1455
2362
1513
1409
1044
1321
1278
2832
1395
1058
2165
7510
20183
1044
1321
1729
4014
1278
2782
1307
14170
1307
20183
1307
2258
5592
1455
2362
1513
1409
1044
1809
4136
16603
11462
1044
1278
2832
1395
1261
9917
1321
2744
1409
1934
41941
1944
3325
22344
1338
12598
1681
3352
1317
14649
1455
1278
2832
30774
2200
2165
28833
1409
1044
1321
1729
4014
1278
2782
1307
14170
1455
2362
1513
1409
1046
6830
1394
1409
1061
1048
1044
14170
23419
1513
1032
1048
1058
1032
1010
1045
1766
6826
1093
1562
1032
1049
1317
1032
1048
1046
1319
1049
3039
1456
3890
1284
1040
1048
8429
1050
1044
1878
2156
4016
1402
3866
7980
1046
5675
2314
1766
1982
1044
3151
1044
3151
1093
1063
3626
3151
1710
2405
1402
22487
1046
1766
6826
1044
2015
1044
3151
1093
1063
3151
1317
1032
1048
1044
2015
1317
1032
1049
1319
1106
4939
1061
1049
1574
3151
1317
1032
1048
1058
1562
1032
1049
1454
16603
1061
1049
1044
3151
1317
1032
1048
1395
8807
1319
8084
9853
1288
69843
1486
12819
1577
4493
7980
1058
3151
1044
2015
1044
3151
1046
14750
3307
1058
1032
1049
1941
1048
1941
1049
1941
1048
1046
3367
1729
5304
2200
1729
8132
1032
1048
1044
1593
7980
28833
1032
1048
1513
5966
1032
1049
1321
5966
1032
1051
1046
3367
1729
5304
1513
1278
2158
8132
1044
1494
1681
1766
6826
3077
3367
1729
5304
1513
1278
3804
8132
1044
1494
1681
1766
6826
1044
2015
1044
3151
3077
17048
1729
4014
1747
14170
1455
2362
1513
1409
1044
1321
1278
7980
1710
1402
2258
5592
1044
1809
1729
2342
4014
14170
1455
2362
1513
1409
1321
4772
21643
1409
3066
1278
2362
1063
3247
13162
1729
4014
1747
14170
1455
2362
1513
1409
1044
1321
1278
7980
1395
10693
1278
20183
4570
2165
48559
1317
5304
1044
1321
2165
1710
5304
1513
2258
2142
1063
3626
2430
2156
2168
1402
84135
3325
9384
1317
2362
1513
1032
1048
1058
1324
3596
3109
1766
6826
3605
1766
6826
1044
2015
1044
3151
3605
1766
6826
1044
2015
1044
2015
1044
3151
1044
3151
1093
1063
9246
1681
4206
1693
1766
6826
1044
2015
1044
2015
1044
3151
1044
3151
1093
1395
5746
1046
3151
1319
1611
1032
1048
1574
2015
1319
1611
1032
1049
1044
16603
1061
1049
1574
2015
1319
1611
1032
1049
1043
1050
1061
1051
1044
16603
1061
1050
1574
3151
1319
1611
1032
1050
1044
3804
9853
1288
69843
10997
1574
3151
1063
6560
22487
81202
1046
4493
20520
1046
17048
2156
1584
2342
41941
1944
3325
5746
14170
1455
2362
1513
1032
1048
3816
22487
81202
1321
3816
4670
5956
1032
1048
1338
12598
1681
3352
1317
42478
1747
5746
14170
1455
2362
1513
1032
1048
1044
1454
1278
10097
1455
1278
7980
15202
10693
2200
1278
3980
11006
1032
1048
1044
1321
1729
2607
2405
3894
1278
3980
1317
6127
1032
1048
9781
1063
3247
1729
3894
1494
1809
4014
1278
7980
1435
23419
1513
1278
2158
2142
1494
27838
1032
1048
1063
3367
1729
4014
14170
1455
9462
1032
1048
1513
1278
2362
1321
17824
2405
9462
1032
1048
3066
1044
2430
1394
1409
1061
1048
1058
1032
1010
1045
1766
6826
1093
27838
1032
1048
1513
5966
1032
1049
1046
22112
1626
1045
1766
1982
1044
3151
1044
3151
1093
1063
2015
1562
1032
1049
1317
1032
1050
1319
1106
4939
1061
1049
1574
3151
1317
1032
1049
1319
8084
9853
1288
69843
10997
1574
3151
1063
6560
22487
81202
1046
41451
1626
1045
1766
6826
1044
2015
1044
3151
1093
1063
3151
1317
1032
1048
1319
1104
2383
1032
1048
1513
5966
1032
1049
1574
1878
1693
1729
4771
1605
44181
1032
1048
3066
2362
1044
1593
1395
20520
3147
1494
27838
1032
1048
1513
5966
1032
1049
1626
1045
5675
2314
14170
1455
2607
2405
9462
1032
1048
4570
1278
2362
1063
8956
1032
1049
1044
1317
1605
9462
1032
1048
1044
2165
4016
1974
2015
2158
1046
2015
1317
1032
1050
1044
2430
3151
1317
1032
1049
1319
8084
9853
1288
69843
10997
1574
2430
1063
1562
1032
1049
1044
6560
1974
3151
18264
3923
1044
1878
4016
1974
2015
1058
1032
1049
1867
1032
1050
1094
1049
1376
1032
1051
1044
16603
1061
1050
1046
3151
1317
1032
1050
1319
8084
9853
1288
69843
10997
1574
2430
1063
2409
7444
1317
6920
5109
1562
1032
1048
1046
17048
1278
2342
3039
1317
9462
1032
1048
1395
1317
1974
3151
1562
1032
1049
1046
3626
2430
1284
1040
1048
8429
1050
12551
2156
1681
3866
3039
1046
17048
2165
1710
1974
3151
1562
1032
1050
1063
8956
1032
1049
1044
2015
1317
1032
1050
1319
1106
4939
1061
1049
1574
2430
3151
1317
1032
1049
1319
8084
9853
1288
69843
10997
1574
2430
2015
1317
1032
1051
1319
1106
4939
1061
1050
1574
3151
1317
1032
1050
1319
8084
9853
1288
69843
10997
1574
2430
1063
3151
1605
8807
18264
3923
1046
2409
6354
2405
6274
1317
8132
1032
1048
1338
33703
1278
1429
4189
1034
4014
1395
1605
2314
23419
1513
1409
1044
1809
2314
1278
2782
1307
5213
2165
1710
1402
1408
1409
3184
1420
28922
2832
1063
3501
1338
36296
1278
2142
1362
6483
13914
1044
13162
1362
2715
2985
1394
1261
2801
5125
1046
1531
3330
8223
1429
16994
4607
6983
9700
1278
9458
2613
1321
8222
1278
3880
1046
4159
2933
1639
1317
4848
1278
6298
2254
1046
26243
1362
1710
3352
1317
3081
1278
2254
1536
25528
1278
7092
2688
5443
1294
2036
5759
1063
1362
4525
1420
26554
1044
1362
1710
2405
92880
1044
1809
1362
1736
7716
2181
2015
1317
1261
5029
2862
1046
1531
2688
5443
4139
1402
1562
1261
4629
4127
1046
9246
1639
3648
1058
1429
12296
1095
4189
7198
5103
2511
1034
1454
2576
7092
90747
1046
1362
26938
1261
13968
2975
2455
4127
1429
1989
2511
16657
1034
1505
13162
1261
4127
1562
1261
8531
21448
1046
1531
8091
1032
1049
1051
1052
1050
1049
1055
1055
1050
1054
1044
1032
1049
1048
1055
1051
1055
1052
1049
1056
1049
1054
1044
1032
1049
1048
1055
1051
1054
1055
1054
1050
1056
1056
1044
1032
1049
1048
1053
1054
1057
1054
1052
1054
1048
1056
1044
1032
1057
1051
1057
1053
1050
1052
1048
1057
1054
1044
1032
1056
1056
1050
1049
1053
1056
1056
1054
1054
1044
1032
1057
1057
1057
1057
1057
1057
1057
1057
1053
1044
1032
1050
1054
1056
1052
1051
1053
1052
1053
1054
1044
1032
1057
1053
1053
1055
1055
1052
1057
1049
1053
1044
1032
1049
1051
1053
1044
1032
1056
1057
1049
1056
1051
1057
1056
1051
1055
1044
1032
1055
1057
1057
1052
1051
1049
1055
1056
1050
1044
1032
1056
1049
1053
1051
1054
1048
1055
1054
1055
1044
1032
1049
1055
1048
1044
1032
1055
1056
1053
1048
1048
1048
1049
1056
1048
1044
1032
1052
1051
1048
1049
1050
1055
1056
1054
1055
1044
1032
1056
1048
1051
1055
1050
1054
1048
1048
1057
1044
1032
1056
1057
1050
1048
1057
1050
1053
1056
1049
1044
1032
1055
1056
1051
1049
1056
1054
1050
1050
1052
1044
1032
1051
1049
1051
1050
1050
1054
1044
1032
1049
1054
1051
1056
1051
1046
4634
1584
3435
4811
1046
17048
2127
1584
1562
1261
4127
2314
1429
12856
1307
9384
1317
8132
53133
1409
1454
16603
4053
1034
1321
1278
5097
19263
24124
1693
1409
1395
8132
1638
1321
2430
23716
2269
25453
44831
4014
1338
18661
6674
1058
17048
1278
2254
1395
6164
1317
1278
2782
1307
9384
1317
7418
1409
1294
18246
1454
35515
1032
1048
1321
1032
1049
1044
1321
1278
10317
5512
1317
2269
17342
1046
1531
2015
6920
26376
1032
1050
1094
1106
4939
1044
1799
1395
2479
9436
1261
5659
1046
1531
3151
6920
55202
1115
1032
1049
1044
1454
28245
1338
33703
1362
1710
3352
1317
98931
1278
2254
1536
7283
1513
1278
2767
61174
3657
1321
17209
1693
2127
4395
1261
4629
67347
6673
7980
1044
1809
1362
1710
2405
4731
67347
6673
1338
28191
1044
13162
1278
4127
1395
1562
1278
1429
95493
1307
13968
1429
1505
1429
13346
13968
20440
20374
1531
2254
2564
2000
12296
1095
4189
7198
5103
2511
1096
1321
1278
8953
3607
2985
2479
1261
15421
27815
19466
4127
1046
1531
2688
5443
4626
2000
1099
52143
1040
1049
1051
1052
1050
1049
1055
1055
1050
1054
1041
2351
1032
1051
1055
1056
1096
1321
2000
1099
52143
1040
1049
1048
1055
1051
1055
1052
1049
1056
1049
1054
1041
2351
1032
1055
1056
1056
1056
1055
1050
1053
9816
4634
8091
4139
1402
1278
2782
1307
9384
81793
4433
1063
3501
1044
2127
1584
7092
1338
12598
1681
3352
1317
3219
1693
1032
1051
1055
1056
1321
1032
1055
1056
1056
1056
1055
1050
1053
35377
1317
1278
2782
1307
49581
1505
4433
1046
1032
1051
1055
1056
1376
1032
1050
1364
1032
1051
1094
1051
1364
1032
1055
1046
1032
1055
1056
1056
1056
1055
1050
1053
1376
1032
1051
1094
1050
1364
1032
1053
1094
1050
1364
1032
1055
1364
1032
1053
1048
1051
1051
1063
5500
5257
1338
33703
1278
2254
1395
1058
2000
12296
1095
4189
7198
5103
2511
16026
17783
10721
1278
2782
1307
9384
1317
9980
1409
1317
1032
1049
1536
34796
22286
1058
1693
1409
1395
3199
1044
1409
1047
1050
1059
1693
1409
1395
13509
1044
1409
1045
1049
1505
1409
1043
1049
1063
3501
1338
18661
4914
1058
1531
10317
4139
10616
1261
18246
9917
1307
12197
1046
13336
1513
1032
1049
1046
8250
1058
1032
1049
4906
1032
1050
1319
1106
4939
1032
1049
1577
8956
1032
1050
1044
2015
1058
1032
1050
4906
1032
1052
1319
1106
4939
1032
1050
1577
8956
1032
1050
1044
3151
1058
1032
1050
4906
1032
1049
1319
1106
4939
1032
1049
1044
3804
69843
10997
1577
8956
1032
1049
1044
6560
3151
18264
3923
1044
1878
4016
1974
2015
1058
1032
1049
4906
1032
1051
1319
1106
4939
1032
1050
1577
6704
1046
17048
1278
2782
1307
9384
1317
8132
1409
1395
1278
2782
1307
22344
1294
1593
9917
1455
2362
1513
1409
1044
1321
1278
9917
1395
22648
1394
1261
4265
1409
3147
16603
11462
1321
12864
16870
2621
3862
1409
1044
1321
3151
20183
1584
8031
1338
12598
1681
3352
1317
7418
1261
51070
13284
1294
2036
3518
1046
56586
1729
2933
1317
4014
9384
1317
8132
1409
1562
3030
1319
1049
1044
1048
1044
13297
1577
9246
1488
44123
1044
16603
1044
3804
69843
1044
3579
1041
1402
1278
2782
1307
9384
1317
8132
3579
1562
1593
3468
1044
2478
1261
1429
2966
1034
1395
1261
7980
1307
20183
1455
3657
1294
1278
3980
3144
10693
3579
1513
2269
2862
1044
1321
1729
4014
1278
7980
2015
1317
1455
2862
1063
3626
1278
9134
8223
2165
1710
8214
1044
1878
13162
1729
4014
1747
14170
1455
7256
9206
3579
1044
1321
1729
5304
36359
2453
1278
2158
9206
1063
3247
13162
1729
4014
1278
2782
1307
22344
1455
2362
1513
3579
1044
1321
1278
2832
30774
2200
3579
1395
9174
1338
126972
1729
5304
2200
3579
1395
9174
1046
6830
1394
1409
1061
1048
1058
1032
1010
49213
1455
2362
1513
1032
1048
1877
1045
1766
6826
1093
1562
1032
1049
1317
1032
1048
1046
1319
1049
3039
1456
24288
2156
6218
1063
5675
2314
1766
1982
1044
3151
1044
3151
1093
1063
41451
3964
1317
22487
81202
1046
1766
6826
1044
2015
1044
3151
1093
1063
3367
1729
5304
1513
1278
2158
2142
1729
9462
1032
1048
1044
1593
7980
27838
1032
1048
1513
5966
1032
1049
1044
1878
1494
2168
1402
35509
1435
1766
6826
1093
2342
1044
1505
13162
1729
4014
1494
1435
1261
2801
3039
1455
28833
1032
1048
1513
5966
1032
1051
1063
1531
9134
1429
66899
1710
8132
53133
1409
6245
5213
1321
8214
10317
1034
4139
4204
1729
4014
1278
3039
1693
2165
28833
1409
1513
2258
2862
1044
3199
1693
2165
19877
1046
4493
1766
6826
1044
2015
1044
3151
1093
28833
1032
1048
1513
5966
1032
1049
1321
5966
1032
1051
1046
3367
1729
4014
1494
1435
1925
3039
1455
28833
1032
1048
1044
2430
1729
1736
1766
6826
1093
1321
1766
6826
1044
2015
1044
3151
1093
1435
2295
9384
1063
3626
1766
6826
1093
1395
1261
23832
1307
1766
6826
1044
2015
1044
3151
3077
17048
1729
4014
1747
14170
1455
1736
1032
1048
1435
1261
21643
3468
1044
1321
2295
14170
1584
2801
1693
2127
2349
1513
2258
2862
1044
1809
1729
2342
3369
19629
14170
1063
2409
1395
48866
1338
33703
1278
4127
1395
1058
24305
7510
1261
7980
1307
20183
1044
1321
1729
4014
1278
2782
1307
11074
14170
1307
20183
2516
1455
1278
2778
3980
1395
1409
1044
1321
2165
1710
3180
2258
2782
1307
20183
1044
1809
1278
2832
1395
2516
1455
2165
12864
30774
2200
2165
1710
2405
6920
1063
3626
2165
1710
5282
1974
2015
1338
12598
1681
2985
1513
1278
2688
1058
2000
12296
1095
4189
7198
5103
2511
1040
1053
1049
1050
1041
2351
1032
1049
9816
1032
1053
1049
1050
1376
1032
1050
1094
1057
1046
3367
2165
2342
12481
2015
1032
1057
5213
1044
2165
28833
1032
1053
1049
1050
1046
5646
1681
1032
1049
3039
1046
13242
2156
2147
9384
1317
8132
1032
1053
1049
1050
1063
17048
4670
2015
1321
3151
25674
1063
3626
1278
4014
1395
1032
1049
1044
1878
13162
2342
1278
13173
2015
3549
6113
1044
1505
13162
2156
1584
6218
1809
2127
1584
1605
35509
1394
2269
5972
1338
1096
12296
1095
4189
7198
5103
2511
1040
1049
1051
1052
1050
1049
1055
1055
1050
1056
1041
2351
1032
1049
9816
1032
1049
1051
1052
1050
1049
1055
1055
1050
1056
1376
1032
1050
1094
1050
1055
1046
61058
2015
1032
1050
1055
5213
1338
1096
12296
1095
4189
7198
5103
2511
1040
1049
1054
1051
1056
1051
1041
2351
1032
1049
1053
9816
1032
1049
1054
1051
1056
1051
1376
1032
1050
1094
1049
1052
1462
1032
1049
1046
1032
1049
1053
9384
1046
2409
12551
1455
1394
1409
1376
1032
1050
48550
1462
1032
1049
1044
1278
2782
1307
9384
1395
1032
1050
1094
1109
1462
1032
1049
1394
2269
1283
1046
1032
1049
1052
1321
1032
1052
1058
13162
1283
1376
2782
1307
1032
1049
1115
1294
18246
1307
1308
1063
1032
1049
1052
1395
1032
1049
1049
1049
1048
1044
3300
1032
1049
1115
1044
1032
1050
1094
1051
1462
1032
1049
1376
1032
1055
1044
1605
1032
1049
1053
1046
17048
1283
1376
1308
1462
4433
1063
1032
1049
1052
1462
1032
1049
1048
1376
1032
1052
1063
5500
5257
1338
7493
2314
1409
1061
1049
1063
1032
1049
1376
1032
1050
1094
1049
1462
1032
1049
1063
1308
1061
1049
1044
1032
1050
1094
1049
1462
1032
1049
1376
1032
1049
1046
1284
1040
1049
8429
1052
1046
3626
1032
1052
1395
1605
1032
1050
1094
1109
1462
1032
1049
1394
1283
1061
59574
1063
1032
1050
1094
1050
1462
1032
1049
1376
1032
1051
1044
1032
1050
1094
1051
1462
1032
1049
1376
1032
1055
1046
4493
1284
1040
1049
8429
1052
6354
2405
8125
1278
1032
1050
1094
1109
1462
1032
1049
5965
1693
1032
1049
1054
1051
1056
1051
1061
1049
1053
40791
1494
1046
17048
1032
1049
1395
6061
3147
3030
1395
1032
1049
1338
33703
1278
2254
1395
1058
2782
1307
9384
1376
3935
1307
4433
2136
18246
35515
1338
36296
1278
22991
22474
1321
2142
16009
1044
13162
1362
2715
3352
1317
3081
1261
5965
1536
27408
1278
2254
1395
51070
1321
3352
1317
4395
1278
2688
5443
1454
1261
54237
13284
1046
3626
1362
2534
1317
4848
3475
1046
17048
1362
1710
7418
1261
92098
128113
6123
1294
1278
3475
1063
3626
1409
2015
1317
1032
1049
1048
1094
1057
1044
1878
92098
128113
4552
2405
2196
1394
1747
9458
1044
1809
13162
1278
2254
1934
1261
30622
9323
2071
1338
18661
6674
1058
1531
4127
4139
1402
1562
1261
13968
2975
2455
6509
2478
1278
5097
1395
1317
4206
1693
1409
1395
8132
1638
1044
1321
1693
1878
1044
1278
2782
1307
9384
1395
1032
1050
58924
12856
1307
1032
1048
1115
1294
18246
1041
1505
4433
1046
9246
1681
2688
1877
1107
1061
1048
1058
18246
1032
1048
1044
9384
1061
1050
1046
2782
1307
1032
1048
1115
1063
17048
1032
1049
11118
1063
1032
1050
1094
1049
1061
1050
1626
1107
1061
1049
1058
18246
1032
1049
1044
9384
1061
1052
1046
1032
1050
1094
1050
1061
1052
1046
2782
1307
1032
1049
1115
1063
17048
1032
1050
10907
1063
3626
18246
1032
1049
1934
1925
1032
1049
1626
1107
1061
1053
1049
1050
1058
18246
1032
1049
7125
1536
1032
1057
49846
1046
9384
1061
1049
1046
1032
1050
1094
1048
1061
1049
1046
2782
1307
1032
1048
1115
1063
1032
1057
49846
1044
1032
1050
1094
1057
1061
1053
1049
1050
1044
1605
1032
1049
1626
1107
1061
1049
1051
1052
1050
1049
1055
1055
1050
1056
1058
18246
1032
1049
7125
1536
1032
1050
1055
49846
1046
9384
1061
1049
1046
1032
1050
1094
1048
1061
1049
1626
1107
1061
1049
1054
1051
1056
1051
1058
18246
1032
1049
1052
10907
1046
9384
1061
1049
1053
1046
1032
1050
1094
1052
1462
1032
1049
1063
1032
1049
1052
10907
1044
13162
9384
1376
1032
1050
1952
12856
1307
49846
1294
2269
15676
1125
1462
1032
1049
1063
5500
5257
1626
1107
1061
1049
1051
1053
1058
1032
1048
1046
18246
1032
1049
1048
1048
1048
1048
1049
1049
1049
1626
1107
1061
1049
1055
1048
1058
1032
1048
1046
18246
1032
1049
1048
1049
1048
1049
1048
1049
1048
1338
33703
1278
2254
1395
1058
1693
1409
1395
1605
8132
1638
1044
1850
1032
1048
1046
3367
8132
1638
1044
1850
2269
4053
1307
1032
1050
1505
3935
1338
12598
1681
4206
8132
3850
1058
27923
1409
1736
2767
61174
1063
1032
1048
1044
1032
1049
1044
1032
1053
1049
1050
1044
1032
1049
1051
1052
1050
1049
1055
1055
1050
1056
1044
1032
1049
1051
1052
1050
1049
1055
1055
1050
1054
1044
1032
1049
1048
1055
1051
1055
1052
1049
1056
1049
1054
1044
1032
1049
1054
1051
1056
1051
1046
13551
1032
1048
1115
1046
17048
8132
3850
14620
1408
18246
15676
1338
33703
1278
4127
1395
1058
24305
1710
8132
53133
1409
1693
1321
2342
1693
1409
1710
1402
7896
1317
1032
1049
1536
10317
1058
1693
1409
1395
3199
1044
1409
1376
1409
1047
1050
1059
1693
1409
1395
13509
1044
1409
1376
1409
1045
1049
1505
1409
1043
1049
1063
3626
1278
10317
1584
2801
1338
28191
1044
13162
1362
1710
3081
1278
4127
1536
25528
1278
7092
2688
5443
1294
2036
8977
7807
1046
1531
2688
5443
1877
8723
15605
1040
1048
1041
2351
1032
1050
1010
8723
15605
1040
1049
1041
2351
1032
1052
1010
8723
15605
1040
1049
1051
1052
1050
1049
1055
1055
1050
1054
1041
2351
1032
1051
1055
1056
1010
8723
15605
1040
1049
1048
1055
1051
1055
1052
1049
1056
1049
1054
1041
2351
1032
1055
1056
1056
1056
1055
1050
1053
1010
8723
15605
1040
1053
1049
1050
1041
2351
1032
1049
1010
8723
15605
1040
1049
1048
1053
1054
1057
1054
1052
1054
1048
1056
1041
2351
1032
1048
1010
8723
15605
1040
1049
1057
1053
1053
1050
1054
1054
1056
1050
1041
2351
1032
1048
1010
8723
15605
1040
1057
1051
1057
1053
1050
1052
1048
1057
1054
1041
2351
1032
1048
1010
8723
15605
1040
1049
1051
1052
1050
1049
1055
1055
1050
1056
1041
2351
1032
1049
1010
8723
15605
1040
1049
1048
1055
1051
1054
1055
1054
1050
1056
1056
1041
2351
1032
1048
1010
8723
15605
1040
1049
1048
1048
1048
1048
1048
1048
1048
1048
1048
1041
2351
1032
1048
1010
8723
15605
1040
1056
1056
1050
1049
1053
1056
1056
1054
1054
1041
2351
1032
1048
1010
8723
15605
1040
1057
1057
1057
1057
1057
1057
1057
1057
1053
1041
2351
1032
1048
1010
8723
15605
1040
1050
1054
1056
1052
1051
1053
1052
1053
1054
1041
2351
1032
1048
1010
8723
15605
1040
1057
1053
1053
1055
1055
1052
1057
1049
1053
1041
2351
1032
1048
1010
8723
15605
1040
1049
1051
1053
1041
2351
1032
1048
1010
8723
15605
1040
1056
1057
1049
1056
1051
1057
1056
1051
1055
1041
2351
1032
1048
1010
8723
15605
1040
1055
1057
1057
1052
1051
1049
1055
1056
1050
1041
2351
1032
1048
1010
8723
15605
1040
1056
1049
1053
1051
1054
1048
1055
1054
1055
1041
2351
1032
1048
1010
8723
15605
1040
1049
1055
1048
1041
2351
1032
1048
1010
8723
15605
1040
1055
1056
1053
1048
1048
1048
1049
1056
1048
1041
2351
1032
1048
1010
8723
15605
1040
1052
1051
1048
1049
1050
1055
1056
1054
1055
1041
2351
1032
1048
1010
8723
15605
1040
1056
1048
1051
1055
1050
1054
1048
1048
1057
1041
2351
1032
1048
1010
8723
15605
1040
1056
1057
1050
1048
1057
1050
1053
1056
1049
1041
2351
1032
1048
1010
8723
15605
1040
1055
1056
1051
1049
1056
1054
1050
1050
1052
1041
2351
1032
1048
1010
8723
15605
1040
1050
1054
1056
1052
1051
1053
1052
1053
1054
1041
2351
1032
1049
1010
8723
15605
1040
1051
1049
1051
1050
1050
1054
1041
2351
1032
1048
1010
8723
15605
1040
1049
1054
1051
1056
1051
1041
2351
1032
1049
1053
1267
4380
1395
10693
1278
2688
4950
1562
1261
4629
4127
1046
1362
3648
1494
1681
1562
1261
13968
2975
2455
4127
1505
1420
3931
1067
10414
4127
1046
17048
1429
1989
2511
16657
1034
1562
1261
8531
21448
1046
1362
26938
1261
4127
1429
6984
1307
108461
1034
1454
16603
19558
1046
17048
1494
1681
1429
66899
1321
1278
1757
2511
16657
1034
1562
13968
2975
2455
18545
2569
1056
1050
1056
1505
4510
1046
9246
1639
3648
1058
3730
1486
1261
13968
2975
2455
4127
1429
71204
1302
1408
1353
4549
1034
1505
1429
1989
2511
16657
3871
1032
1267
82053
1044
13162
1362
1710
98931
1278
2254
1536
7283
1513
1278
2767
61174
4213
1321
2034
1409
4213
81793
4433
1338
12598
1681
2951
1409
1321
1284
16026
1041
2790
1044
1809
1593
2142
24002
1409
1294
18246
1321
3219
1693
2156
1681
1261
5965
1454
1278
2782
1307
1032
1049
1115
1321
1032
1048
1115
1626
1048
1058
1032
1050
1319
59695
1058
1032
1048
1041
4906
13162
6061
1010
1049
1058
1032
1052
1319
59695
1058
1032
1049
1456
1053
1049
1050
1058
1032
1049
1319
59695
1058
1032
1049
1048
1048
1048
1048
1048
1048
1048
1048
1048
1041
4906
1032
1049
1925
1044
1032
1057
49846
4906
1284
1061
1049
1010
1049
1051
1052
1050
1049
1055
1055
1050
1056
1058
1032
1049
1319
59695
1058
1032
1049
7125
1536
1032
1050
1055
49846
1041
4906
1284
1061
1049
1010
1050
1054
1056
1052
1051
1053
1052
1053
1054
1058
1032
1048
1505
1032
1049
1319
59695
1058
1032
1049
7125
1536
1032
1050
1056
49846
1041
4906
1284
1061
1048
1505
1032
1049
1010
1049
1051
1052
1050
1049
1055
1055
1050
1054
1058
1032
1051
1055
1056
1319
59695
1058
1032
1049
1049
1049
1049
1049
1049
1049
1049
1049
1049
1049
1049
1049
1049
1049
1049
1049
1049
1049
1049
1049
1049
1049
1049
1048
1063
1032
1050
1055
18490
1058
1032
1050
1054
10907
1321
1261
11118
1063
49032
1032
1049
1051
1052
1050
1049
1055
1055
1050
1054
1376
1032
1050
1094
1050
1055
1462
1032
1050
1044
18246
1058
1032
1050
1054
10907
2430
1261
11118
1063
9246
1681
4206
1058
1032
1050
1094
1051
1462
1032
1050
1376
1032
1054
1376
1032
1049
1049
1048
1319
33078
10907
1044
1925
11118
1577
1032
1050
1094
1052
1462
1032
1050
1376
1032
1049
1052
1376
1032
1049
1049
1049
1048
1319
43463
10907
1044
1925
11118
1577
4493
1032
1050
1094
1050
1055
1462
1032
1050
1934
1032
1050
1054
10907
1321
1925
11118
1513
1278
2362
1063
49032
1032
1050
1094
1050
1055
1462
1032
1050
1376
1032
1050
19197
1050
1094
1050
1054
1462
1032
1049
1574
18246
4139
1402
1032
1050
1054
10907
1321
2430
1261
11118
1063
5500
4023
9381
1049
1048
1055
1051
1055
1052
1049
1056
1049
1054
1058
1032
1055
1056
1056
1056
1055
1050
1053
1319
59695
1058
1032
1050
1094
1051
1048
1462
1032
1056
1376
1032
1049
1049
1049
1049
1049
1049
1049
1049
1049
1049
1049
1049
1049
1049
1049
1049
1049
1049
1049
1049
1049
1049
1049
1049
1049
1049
1048
1048
1048
1063
1032
1051
1048
18490
1058
1032
1050
1055
10907
1321
3300
49846
1063
1032
1050
1094
1051
1048
1462
1032
1049
1395
1032
1051
1048
10907
1046
7672
79659
1032
1056
1319
1049
1048
1048
1048
1041
10177
1032
1050
1055
10907
2430
1032
1048
1048
1048
1063
49032
1032
1050
1094
1051
1048
1462
1032
1056
1376
1032
1050
1094
1051
1040
1050
1094
1050
1055
1462
1032
1049
1574
18246
1058
1032
1050
1055
10907
7125
1536
3300
49846
1063
9246
1681
21294
1058
1032
1050
1094
1052
1462
1032
1056
1376
1032
1056
1376
1032
1049
1048
1048
1048
1044
1809
1032
1050
1094
1052
1462
1032
1056
1376
1032
1056
1044
18246
1032
1049
1048
1048
1048
1319
1774
1032
1049
1044
3300
49846
1577
1032
1050
1094
1053
1462
1032
1056
1376
1032
1050
1052
1376
1032
1049
1049
1048
1048
1048
1319
33078
1032
1049
1115
1044
3300
49846
1577
4493
1032
1050
1094
1051
1048
1462
1032
1056
1934
1032
1050
1055
10907
1321
3300
49846
1063
1032
1051
1048
1045
1051
1061
1050
1055
1044
14842
9381
1049
1048
1055
1051
1054
1055
1054
1050
1056
1056
1058
1032
1048
1319
59695
1058
1032
1050
1094
1051
1048
1462
1032
1050
1094
1049
1054
1376
1032
1050
1094
1049
1054
1040
1050
1094
1049
1052
1462
1032
1049
1574
18246
1058
1032
1049
1052
10907
7125
1536
1032
1049
1054
49846
1063
1032
1050
1094
1051
1048
1462
1032
1050
1094
1049
1054
1376
1032
1050
1094
1049
1054
1364
1319
1050
1094
1049
1052
1462
1032
1049
1577
1032
1050
1094
1049
1052
1462
1032
1049
1395
1032
1049
1052
10907
1046
4493
18246
1058
1032
1049
1052
10907
1044
2430
1032
1049
1054
49846
1063
12153
18490
1032
1051
1048
1058
1032
1049
1052
10907
1044
1032
1049
1054
49846
9381
1049
1048
1053
1054
1057
1054
1052
1054
1048
1056
1058
1032
1048
1319
1050
1094
1051
1048
1462
1032
1050
1094
1050
1052
1044
18246
1058
1032
1054
10907
1063
1032
1051
1048
1045
1050
1052
1061
1054
1044
1878
1032
1054
10907
7125
1536
1032
1050
1052
49846
1063
1032
1050
1094
1051
1048
1462
1032
1050
1094
1050
1052
1376
1032
1050
1094
1050
1052
1040
1050
1094
1054
1462
1032
1049
1041
1376
1032
1050
1094
1050
1052
1364
1032
1054
1051
1044
1032
1054
1051
1395
1032
1049
1049
1049
1049
1049
1049
1044
1878
1032
1054
10907
7125
1536
1032
1050
1052
49846
9381
1057
1051
1057
1053
1050
1052
1048
1057
1054
1058
1032
1048
1319
1050
1094
1051
1048
1462
1032
1050
1094
1050
1055
1044
18246
1058
1032
1051
10907
7125
1536
1032
1050
1055
49846
1063
1032
1050
1094
1051
1048
1462
1032
1050
1094
1050
1055
1376
1032
1050
1094
1050
1055
1040
1050
1094
1051
1462
1032
1049
1041
1376
1032
1050
1094
1050
1055
1364
1032
1055
1044
1032
1055
1395
1032
1049
1049
1049
1044
1878
1032
1051
10907
7125
1536
1032
1050
1055
49846
9381
1056
1056
1050
1049
1053
1056
1056
1054
1054
1058
1032
1048
1010
1057
1057
1057
1057
1057
1057
1057
1057
1053
1058
1032
1048
1010
1050
1054
1056
1052
1051
1053
1052
1053
1054
1058
1032
1048
1505
1032
1049
1319
1050
1094
1050
1056
1456
1057
1053
1053
1055
1055
1052
1057
1049
1053
1058
1032
1048
1010
1049
1051
1053
1058
1032
1048
1319
59695
1058
1032
1049
1048
1048
1048
1048
1049
1049
1049
1044
3946
1032
1049
1115
1063
1032
1049
1050
1056
1043
1055
1061
1049
1051
1053
1044
18246
1032
1049
1048
1048
1048
1048
1049
1049
1049
1456
1056
1057
1049
1056
1051
1057
1056
1051
1055
1058
1032
1048
1010
1055
1057
1057
1052
1051
1049
1055
1056
1050
1058
1032
1048
1010
1056
1049
1053
1051
1054
1048
1055
1054
1055
1058
1032
1048
1010
1049
1055
1048
1058
1032
1048
1319
59695
1058
1032
1049
1048
1049
1048
1049
1048
1049
1048
1044
3946
1032
1049
1115
1063
1032
1049
1050
1056
1043
1051
1050
1043
1056
1043
1050
1061
1049
1055
1048
1044
18246
1032
1049
1048
1049
1048
1049
1048
1049
1048
1456
1055
1056
1053
1048
1048
1048
1049
1056
1048
1058
1032
1048
1010
1052
1051
1048
1049
1050
1055
1056
1054
1055
1058
1032
1048
1010
1056
1048
1051
1055
1050
1054
1048
1048
1057
1058
1032
1048
1010
1056
1057
1050
1048
1057
1050
1053
1056
1049
1058
1032
1048
1010
1055
1056
1051
1049
1056
1054
1050
1050
1052
1058
1032
1048
1010
1051
1049
1051
1050
1050
1054
1058
1032
1048
1319
59695
1058
3082
1456
1049
1054
1051
1056
1051
1058
1032
1049
1053
1319
59695
1058
1032
1049
1052
10907
1063
1032
1050
1094
1049
1052
1462
1032
1049
1376
1032
1049
1054
1051
1056
1051
1044
18246
1032
1049
1049
1049
1049
1049
1049
1049
1049
1049
1049
1049
1049
1049
1049
1044
61531
1032
1049
1115
1046
9384
1061
1049
1053
14390
36700
1795
1877
1045
56285
1307
1032
1050
1058
1032
1053
1049
1050
1319
1050
1094
1057
1041
4906
1032
1049
1044
1032
1049
1051
1052
1050
1049
1055
1055
1050
1056
1319
1050
1094
1050
1055
1041
4906
1032
1049
1044
1032
1050
1054
1056
1052
1051
1053
1052
1053
1054
1319
1050
1094
1050
1056
1041
4906
1032
1048
1505
1032
1049
1046
1032
1049
1319
1050
1094
1048
1041
4906
1032
1052
1626
1045
1032
1050
48550
1462
1032
1049
1058
1032
1049
1054
1051
1056
1051
1319
1050
1094
1049
1052
1462
1032
1049
1041
4906
1032
1049
1053
1046
1032
1049
1319
1050
1094
1049
1462
1032
1049
28197
4906
1032
1052
1046
4493
1032
1050
1094
1049
1462
1032
1049
1376
1032
1049
10177
1032
1052
1044
1032
1050
1094
1049
1052
1462
1032
1049
10177
1032
1049
1053
1046
17048
1032
1050
48550
1462
1032
1049
10177
1032
1050
1952
1110
1047
4433
1125
1462
1032
1049
1063
1032
1049
1052
1321
1032
1052
1058
1032
1049
1052
1294
18246
1395
1032
1049
1049
1049
1048
1044
2782
1307
1032
1049
1115
1395
1032
1051
1044
1809
1032
1049
1053
1376
1032
1050
1094
1052
1462
1032
1049
1046
17048
1032
1052
1376
2782
1307
49846
1294
18246
1307
1032
1049
1052
1063
1032
1049
1052
1395
1032
1049
1049
1049
1048
1044
1925
11118
1046
5500
1032
1052
1046
17048
1032
1052
1376
2782
1307
1032
1049
1115
1294
18246
1307
1032
1049
1052
1867
1032
1049
1063
1032
1051
1043
1049
1061
1052
1046
2898
1308
1061
1049
1044
1032
1050
1094
1049
1462
1032
1049
1376
1032
1049
1044
1284
1061
1052
1046
1032
1049
1294
18246
1395
1032
1049
1044
2782
1307
1032
1049
1115
1395
1032
1049
1046
1032
1049
1043
1049
1061
1050
1044
1605
1032
1052
1046
17048
1494
1681
1032
1050
1952
19282
12296
4990
12679
1063
2898
1308
1061
1049
1044
2915
12296
1040
1049
8429
1049
1044
1032
1050
1094
1049
1061
1050
1044
1605
1032
1052
1046
2898
1308
1061
1049
1052
1044
2915
12296
1040
1049
1052
8429
1051
1044
1032
1050
1094
1051
1061
1056
1044
1605
1032
1049
1053
1338
33703
1278
2254
1395
1058
1284
16026
1041
1376
2782
1307
9384
1317
7418
1409
1435
1261
4556
1307
11074
19558
1307
1032
1050
2478
1278
1480
7145
1584
9553
1536
1278
16603
2832
1044
1321
1278
3151
20183
3894
2269
25674
1338
36296
1278
2142
1362
6483
13914
1319
1073
4525
1420
26554
1044
1362
2715
1402
12871
1574
13162
1362
2715
3369
1455
1278
3330
64629
1639
1317
4848
1261
2254
1455
22405
1278
9458
1044
1321
12494
1278
2254
1395
5314
4629
1505
1362
1710
3081
1494
1536
5965
20490
1046
9748
1362
1710
2405
3160
3475
1044
1362
4139
2534
1317
4848
1261
54237
11708
4057
1408
1278
2688
5443
1046
3626
1278
3330
8223
1429
6949
5687
1278
2254
5055
1321
2764
1747
1278
9458
2613
3367
1362
2607
2405
2840
1278
7092
11708
1044
1362
4139
7195
1338
33703
1362
1710
3352
1317
3081
1261
51070
13284
1455
40791
1278
2688
5443
1046
9246
1681
14649
1278
2254
1395
2000
12296
1095
4189
7198
5103
2511
16026
17783
1321
1494
1934
2269
7192
1877
1045
1284
1040
1048
8429
1050
1010
1045
1284
1040
1049
8429
1052
1010
1045
1284
1040
1053
1049
1050
8429
1049
1010
1045
1284
1040
1049
1051
1052
1050
1049
1055
1055
1050
1056
8429
1049
1010
1045
1284
1040
1049
1051
1052
1050
1049
1055
1055
1050
1054
8429
1051
1055
1056
1010
1045
1284
1040
1049
1048
1055
1051
1055
1052
1049
1056
1049
1054
8429
1055
1056
1056
1056
1055
1050
1053
1010
1045
1284
1040
1049
1054
1051
1056
1051
8429
1049
1053
1010
1045
1284
1040
1050
1054
1056
1052
1051
1053
1052
1053
1054
8429
1048
1505
1032
1049
1319
12709
48526
1456
1045
13551
1032
1048
1115
1338
33703
1278
2254
1395
6164
1317
1278
18246
15676
1307
1409
1044
1321
1278
2782
1307
9384
1395
1278
3935
1307
1319
59574
1041
1394
2744
5659
1046
2898
3336
1044
1693
1729
2832
18490
1562
1373
5038
1317
1424
5038
1044
1729
4139
55884
6763
1338
18661
4914
1058
1531
4127
4139
1402
1562
1261
21448
2478
1278
5097
1395
1317
4206
1693
1409
1395
1307
1278
2071
1319
1050
1094
1097
1462
1032
1050
1094
1098
1041
1505
4433
1044
1321
2430
1278
2782
1307
9384
1395
1032
1050
1952
59574
14522
9246
1681
4206
1278
2767
61174
2767
46719
13144
1045
1050
1877
1049
1051
1052
1050
1049
1055
1055
1050
1054
1376
1032
1050
1094
1050
1055
1462
1032
1050
4906
1032
1051
1055
1056
1010
1049
1048
1055
1051
1055
1052
1049
1056
1049
1054
1376
1032
1050
1094
1051
1048
1462
1032
1056
4906
1032
1055
1056
1056
1056
1055
1050
1053
1010
1049
1054
1051
1056
1051
1376
1032
1050
1094
1049
1052
1462
1032
1049
4906
1032
1049
1053
1267
33703
1284
1040
1050
48550
1462
1032
1050
1094
1109
1041
1505
1284
1040
1050
48550
1462
1032
1049
1041
1934
1261
13284
1046
1032
1010
4393
1032
1050
1094
1049
1052
1462
1032
1049
1058
1308
1061
1049
1052
1044
1284
1061
1049
1053
1046
1032
1049
1053
1376
1032
1050
1094
1052
1462
1032
1049
1046
1032
1049
1052
1294
18246
1395
1032
1049
1049
1049
1048
1046
1032
1052
1395
1032
1049
1048
1048
1046
17048
1284
1376
1032
1050
1952
12856
1307
1032
1048
1115
1294
18246
1307
1308
1125
1462
1032
1049
1063
1032
1049
1052
1934
1925
11118
1319
1391
1729
3369
1032
1052
26951
1044
1809
1032
1049
1052
1395
1032
1049
1049
1049
1048
1044
1925
11118
1577
5500
1032
1052
1046
17048
1284
1376
1032
1050
1952
12856
1307
1032
1049
1115
1294
18246
1307
1308
1043
1049
1125
1462
1032
1049
1063
1308
1061
1049
1052
1044
1308
1043
1049
1061
1049
1053
1319
1049
1049
1049
1049
1574
2915
12296
1061
1052
1044
1032
1050
1094
1052
1045
1049
1061
1049
1053
1046
1308
1061
1049
1044
1308
1043
1049
1061
1050
1319
1049
1048
1574
2915
12296
1061
1049
1044
1032
1050
1094
1049
1045
1049
1061
1049
1044
1809
1284
1040
1049
8429
1052
1046
4493
1605
1455
1338
7493
2314
1284
1040
1050
48550
1462
1032
1050
36036
1308
1061
1050
1055
1058
1032
1050
1094
1050
1055
1462
1032
1050
1376
1032
1049
1051
1052
1050
1049
1055
1055
1050
1054
1044
1284
1061
1051
1055
1056
1046
1308
1061
1051
1058
1032
1050
1094
1051
1462
1032
1050
1376
1032
1054
1044
1284
1040
1054
36036
5500
4265
1046
1308
1061
1049
1058
1032
1050
1094
1049
1462
1032
1050
1376
1032
1048
1044
1284
1040
1048
8429
1050
1046
4493
1394
1308
1061
1049
1044
1284
1040
1048
8429
1050
1046
1308
1061
1051
1058
1032
1054
1044
14183
1046
1308
1061
1057
1058
1032
1050
1094
1057
1462
1032
1050
1376
1032
1053
1049
1048
1044
14183
1046
1308
1061
1050
1055
1058
1032
1051
1055
1056
1046
1032
1051
1055
1056
1376
3082
1032
1050
1094
1063
1462
3082
17048
1032
1051
1055
1056
1376
1032
1050
1094
1056
1867
1032
1049
1048
1054
1063
5500
5257
1338
33703
1278
2254
1395
1058
1284
16026
1041
1376
2782
1307
13509
22857
1294
1278
1409
12497
5522
1307
44618
1681
34216
1063
3501
1044
1455
1681
1032
1050
1952
19282
12296
16026
12679
1046
2898
1409
1061
1048
1044
2915
12296
1061
1048
1044
1032
1050
1094
1048
1061
1049
1044
1809
1284
1040
1048
8429
1050
1046
1409
1061
1049
1044
2915
12296
1061
1049
1044
1032
1050
1094
1049
1061
1050
1044
1284
1040
1049
8429
1052
1046
1409
1061
1049
1054
1051
1056
1051
1044
2915
12296
1061
1049
1052
1044
1032
1050
1094
1049
1052
1061
1049
1054
1051
1056
1052
1044
1284
1040
1049
1054
1051
1056
1051
8429
1049
1053
1046
4493
1605
1455
1338
28191
1058
1284
1040
1049
1054
1051
1056
1051
8429
1049
1053
1044
1321
1032
1050
1094
1049
1052
1462
1032
1049
1376
1032
1049
1054
1051
1056
1051
1046
1032
1049
1053
1376
1032
1050
1094
1052
1462
1032
1049
1046
1284
1040
1049
8429
1052
1376
1032
1050
1094
1050
1462
1032
1048
1063
5500
12714
1338
33703
1284
16026
1041
1395
1278
2782
1307
9384
1317
9980
1409
1317
1032
1048
1536
10317
1058
1693
1409
1395
3199
1044
1409
1047
1050
1059
1693
1409
1395
13509
1044
1409
1045
1049
1505
1409
1043
1049
1063
3626
1278
10317
1584
2801
1338
36296
1278
22991
22474
1321
1278
3121
1455
1362
4139
1605
1402
5083
1317
16448
81078
1258
1278
7092
2254
3816
7523
3475
1044
1362
4139
1736
1317
26870
22727
1505
3352
1317
3081
1261
2801
5125
1046
3626
1278
3330
64629
1261
5097
1046
17048
1362
1710
3352
1317
7418
1261
17616
2254
1455
8942
65253
3229
1321
1398
21313
18392
21313
1317
4014
9384
1394
3709
1409
1044
1809
1278
9458
4626
1409
2015
1317
1032
1049
1048
1094
1057
1044
1878
1278
2254
4016
1402
1535
39744
1409
1041
1505
4510
1046
1362
2481
3352
1317
42463
1278
2254
1536
7283
1513
1278
2688
5443
1321
67541
1261
5965
1044
2430
5687
1494
1338
12598
1681
3352
1317
3219
1693
1278
2767
61174
4213
5512
1317
1409
1455
1584
1429
1273
110526
1034
1321
1278
2782
1307
9384
1395
2269
25453
44831
4014
4057
1408
1278
18246
15676
1046
17048
1278
8132
1638
1409
1584
3385
2478
1278
18246
15676
1934
1836
22487
1032
1049
1115
1063
3247
4433
1338
2525
1307
2767
61174
1409
1058
1032
1048
1044
1032
1049
1044
1032
1053
1049
1050
1044
1032
1049
1051
1052
1050
1049
1055
1055
1050
1056
1044
1032
1049
1051
1052
1050
1049
1055
1055
1050
1054
1044
1032
1049
1048
1055
1051
1055
1052
1049
1056
1049
1054
1044
1032
1049
1054
1051
1056
1051
1626
49528
1877
1048
1058
1032
1048
1010
1049
1058
1032
1049
1010
1053
1049
1050
1058
1032
1049
1048
1048
1048
1048
1048
1048
1048
1048
1048
1319
1049
7125
1536
1032
1057
49846
1456
1049
1051
1052
1050
1049
1055
1055
1050
1056
1058
1032
1049
7125
1536
1032
1050
1055
49846
1010
1049
1051
1052
1050
1049
1055
1055
1050
1054
1058
1032
1049
1049
1049
1049
1049
1049
1049
1049
1049
1049
1049
1049
1049
1049
1049
1049
1049
1049
1049
1049
1049
1049
1049
1049
1048
1063
1319
1050
1054
10907
1321
1261
11118
1063
49032
1032
1050
1094
1050
1055
1462
1032
1050
1376
1032
1049
1051
1052
1050
1049
1055
1055
1050
1054
1044
18246
1058
1032
1049
1049
1049
1049
1049
1049
1049
1049
1049
1049
1049
1049
1049
1049
1049
1049
1049
1049
1049
1049
1049
1049
1049
1049
1048
1063
9246
1681
4206
1058
1032
1050
1094
1051
1462
1032
1050
1376
1032
1054
1376
1032
1049
1049
1048
1319
33078
1032
1049
1115
1044
1925
1032
1048
1577
1032
1050
1094
1052
1462
1032
1050
1376
1032
1049
1052
1376
1032
1049
1049
1049
1048
1319
43463
1032
1049
1115
1044
1925
1032
1048
1577
4493
1032
1050
1094
1050
1055
1462
1032
1050
1934
1032
1050
1054
10907
1321
1925
1032
1048
1513
1278
2362
1063
49032
1032
1050
1094
1050
1055
1395
1032
1049
7125
1536
1032
1050
1055
49846
1046
1032
1050
1094
1050
1055
1462
1032
1049
1395
1032
1050
1055
10907
1046
1032
1050
1094
1050
1055
1462
1032
1050
1395
1032
1050
1054
10907
1321
1261
11118
1063
32844
1058
1032
1050
1055
10907
38618
1032
1049
1376
1032
1050
1054
10907
1321
1261
11118
1063
3501
1044
1032
1050
1094
1051
1462
1032
1049
1376
1032
1055
1376
1032
1049
1049
1049
1319
43463
1032
1049
1115
1577
1032
1050
1094
1051
1462
1032
1050
1376
1032
1054
1376
1032
1049
1049
1048
1319
33078
1032
1049
1115
1044
1925
1032
1048
1577
4493
1032
1050
48550
1462
1032
1050
1934
1319
1110
1045
1049
1041
10907
1321
1261
11118
1513
1278
2362
1063
2898
1308
1061
1051
1058
2295
1032
1049
1115
1044
1925
11118
1046
2898
1308
1061
1052
1058
3300
1032
1049
1115
1044
1925
11118
1046
4493
14842
1044
1032
1050
1094
1050
1055
1462
1032
1050
1934
1032
1050
1054
10907
1321
1261
49875
11118
1046
3626
1278
18246
4139
2095
1736
2147
49846
1063
49032
1032
1050
1094
1050
1055
1462
1032
1050
1376
1032
1050
19197
1050
1094
1050
1054
1462
1032
1049
1574
1878
18246
1395
1032
1050
1054
10907
7125
1536
1261
11118
1063
3501
1044
1032
1050
1094
1050
1054
1462
1032
1049
1395
1032
1050
1054
10907
1046
15131
65975
1536
1032
1050
26376
1261
11118
1513
1278
2362
1044
1878
1032
1050
1054
10907
1321
1261
11118
1046
4493
18246
1395
1032
1050
1054
10907
2430
1261
11118
1046
12153
1032
1050
1055
18490
9381
1049
1048
1055
1051
1055
1052
1049
1056
1049
1054
1058
1032
1050
1094
1051
1048
1462
1032
1056
1376
1032
1049
1049
1049
1049
1049
1049
1049
1049
1049
1049
1049
1049
1049
1049
1049
1049
1049
1049
1049
1049
1049
1049
1049
1049
1049
1049
1048
1048
1048
1063
1319
1050
1055
10907
1321
3300
49846
1063
1032
1050
1094
1051
1048
1462
1032
1049
1395
1032
1051
1048
10907
1046
7672
79659
1032
1056
1319
1049
1048
1048
1048
1041
10177
1032
1050
1055
10907
2430
1032
1048
1048
1048
1063
49032
1032
1050
1094
1053
1462
1032
1056
1376
1032
1050
1052
1376
1032
1049
1049
1048
1048
1048
1319
33078
1032
1049
1115
1044
3300
49846
1577
4493
1032
1050
1094
1051
1048
1462
1032
1056
1934
1032
1050
1055
10907
1321
3300
49846
1513
1278
2362
9381
1049
1054
1051
1056
1051
1058
1032
1050
1094
1049
1052
1462
1032
1049
1376
1032
1049
1049
1049
1049
1049
1049
1049
1049
1049
1049
1049
1049
1049
1049
1319
50979
12622
1032
1049
1115
2519
2596
110526
1409
6274
1317
1736
18246
38001
19040
1307
16144
1307
1032
1049
1115
1321
1032
1048
1115
1046
17048
1278
2782
1307
9384
1395
1278
3935
1307
1319
59574
1041
1394
2744
4950
1338
33703
1278
2254
1395
1058
1284
16026
1041
1376
1032
1048
1693
1409
1395
1605
8132
1638
1044
2849
1284
16026
1041
1376
1032
1050
1952
12856
1307
1032
1048
1115
2396
1032
1049
1115
1125
1505
4433
1046
9246
1681
2688
1877
1107
1061
1049
1058
18246
1032
1049
1046
2782
1307
1032
1048
1115
1063
13162
1032
1048
1063
1032
1050
1094
1048
1061
1049
1044
1809
1284
1061
1052
1626
1107
1061
1048
1058
1284
1061
1050
1626
1107
1061
1053
1049
1050
1058
18246
1032
1049
1048
1048
1048
1048
1048
1048
1048
1048
1048
1046
1925
1032
1049
1044
16250
1032
1048
1115
1046
1284
1061
1049
1626
1107
1061
1049
1051
1052
1050
1049
1055
1055
1050
1056
1058
18246
1032
1049
7125
1536
1032
1050
1055
49846
1046
1284
1061
1049
1626
1107
1061
1049
1051
1052
1050
1049
1055
1055
1050
1054
1058
18246
1032
1050
1054
10907
1321
13
11
1010