10
25708
1010
11
1010
10
3263
1010
10311
1278
3629
2254
21734
1321
8953
3607
1044
10886
5687
1278
2254
5055
1321
2764
1747
1278
9458
1046
1603
24151
16424
70914
84674
14671
48761
1083
25461
4568
2715
30711
1278
3475
1636
13330
1294
1261
1335
107485
3475
4950
1319
3038
44642
1041
1319
43880
2084
80858
1278
4618
7389
1801
2640
5011
38227
2671
5247
4688
3149
6705
1095
1049
1049
1050
1050
21777
5477
18086
4990
1058
1935
1044
1261
1058
5247
59939
8623
4906
1935
1877
1293
19639
23627
1261
2951
1307
6818
38801
1044
3081
1278
8905
5592
1307
1261
89045
2155
5477
1032
1010
1293
1455
9301
1261
1032
1049
1049
1050
1050
7980
1626
1260
1010
1293
1349
1032
1049
1049
1050
1050
7980
1395
6493
1435
1261
7980
1455
1877
1293
1032
1049
1046
24919
3199
5592
1010
1293
1032
1050
1046
2898
2744
1623
1562
1032
1049
1317
9027
1047
1050
1044
6689
1513
12197
1032
1050
1105
1045
1049
1321
1032
1050
1105
1584
9196
1319
1049
37601
1286
1456
1293
1032
1051
1046
11796
6818
15748
10249
5250
1032
1048
5213
1505
10693
1032
1050
5213
1294
1278
7980
1010
1260
1010
1293
64664
1877
1369
1308
1058
1531
5592
1307
1278
4460
1319
1049
9120
1308
9120
1032
1050
1042
1049
1048
1094
1053
1456
1369
1261
1058
1531
4460
1307
6818
38801
1319
1049
9120
1261
3755
1093
9120
1308
1456
1260
1010
1293
20527
1877
1369
1531
8905
5592
1307
1261
89045
2155
5477
1455
1395
1261
1032
1049
1049
1050
1050
7980
1010
1260
1010
1293
56431
6705
1095
1049
1049
1050
1050
21777
5477
18086
1040
1056
1044
1766
1050
1044
1032
1051
1044
1032
1049
1044
1032
1049
1044
1032
1050
1044
1032
1050
1044
1032
1049
1044
1032
1049
8791
1293
1032
1052
1010
1293
56431
6705
1095
1049
1049
1050
1050
21777
5477
18086
1040
1051
1044
1766
1049
1044
1032
1050
1044
1032
1050
8791
1293
1032
1050
1010
1293
56431
6705
1095
1049
1049
1050
1050
21777
5477
18086
1040
1049
1044
1766
1049
8791
1293
1032
1048
1010
1293
47680
3149
4206
5164
52143
3640
1293
2569
7637
5443
1562
1278
4127
1010
1293
6852
15605
1040
1056
1044
1766
1050
1044
1032
1051
1044
1032
1049
1044
1032
1049
1044
1032
1050
1044
1032
1050
1044
1032
1049
1044
1032
1049
8623
2351
1032
1052
1010
1293
6852
15605
1040
1051
1044
1766
1049
1044
1032
1050
1044
1032
1050
8623
2351
1032
1050
1010
1293
6852
15605
1040
1049
1044
1766
1049
8623
2351
1032
1048
1010
1260
1010
1293
2569
31054
2688
5443
1010
1293
6852
15605
1040
1052
1044
1766
1049
1044
1032
1049
1044
1032
1050
1044
1032
1050
8623
2351
1032
1051
1010
1293
6852
15605
1040
1054
1050
1044
1766
1051
1048
1044
1032
1050
1053
1044
1032
1050
1052
1044
1032
1051
1053
1044
1032
1053
1051
1044
1032
1049
1048
1044
1032
1055
1044
1032
1051
1057
1044
1032
1051
1050
1044
1032
1049
1048
1044
1032
1051
1055
1044
1032
1050
1054
1044
1032
1052
1049
1044
1032
1052
1052
1044
1032
1050
1056
1044
1032
1053
1055
1044
1032
1051
1052
1044
1032
1051
1050
1044
1032
1052
1052
1044
1032
1053
1057
1044
1032
1053
1055
1044
1032
1050
1049
1044
1032
1053
1052
1044
1032
1051
1050
1044
1032
1051
1050
1044
1032
1052
1049
1044
1032
1052
1051
1044
1032
1053
1054
1044
1032
1049
1051
1044
1032
1051
1053
1044
1032
1052
1048
1044
1032
1054
1048
1044
1032
1049
1053
1044
1032
1049
1044
1032
1050
1050
1044
1032
1052
1054
1044
1032
1054
1050
1044
1032
1052
1056
1044
1032
1053
1056
1044
1032
1050
1049
1044
1032
1053
1051
1044
1032
1050
1049
1044
1032
1051
1044
1032
1051
1052
1044
1032
1049
1048
1044
1032
1053
1054
1044
1032
1049
1055
1044
1032
1051
1057
1044
1032
1053
1049
1044
1032
1049
1048
1044
1032
1053
1052
1044
1032
1050
1053
1044
1032
1051
1056
1044
1032
1049
1057
1044
1032
1052
1054
1044
1032
1052
1054
1044
1032
1053
1050
1044
1032
1051
1049
1044
1032
1053
1044
1032
1053
1050
1044
1032
1054
1044
1032
1051
1052
8623
2351
1032
1050
1010
1293
6852
15605
1040
1049
1057
1044
1766
1049
1051
1044
1032
1051
1044
1032
1051
1044
1032
1051
1044
1032
1055
1044
1032
1056
1044
1032
1050
1044
1032
1049
1051
1044
1032
1049
1044
1032
1052
1044
1032
1049
1051
1044
1032
1049
1056
1044
1032
1049
1055
1044
1032
1049
1048
1044
1032
1049
1053
1044
1032
1049
1054
1044
1032
1049
1057
1044
1032
1055
1044
1032
1049
1052
8623
2351
1032
1050
1010
1293
6852
15605
1040
1049
1056
1044
1766
1055
1044
1032
1049
1056
1044
1032
1049
1048
1044
1032
1049
1053
1044
1032
1051
1044
1032
1049
1051
1044
1032
1049
1049
1044
1032
1056
1044
1032
1049
1048
1044
1032
1054
1044
1032
1055
1044
1032
1054
1044
1032
1050
1044
1032
1057
1044
1032
1049
1054
1044
1032
1051
1044
1032
1051
1044
1032
1053
8623
2351
1032
1050
1010
1293
6852
15605
1040
1050
1048
1044
1766
1052
1044
1032
1057
1044
1032
1051
1044
1032
1056
1044
1032
1051
1044
1032
1049
1048
1044
1032
1049
1050
1044
1032
1049
1052
1044
1032
1054
1044
1032
1050
1044
1032
1049
1055
1044
1032
1049
1053
1044
1032
1050
1044
1032
1050
1048
1044
1032
1052
1044
1032
1049
1051
1044
1032
1055
1044
1032
1057
1044
1032
1049
1050
1044
1032
1049
1054
8623
2351
1032
1048
1010
1293
6852
15605
1040
1056
1044
1766
1049
1044
1032
1050
1044
1032
1049
1044
1032
1050
1044
1032
1049
1044
1032
1050
1044
1032
1049
1044
1032
1050
8623
2351
1032
1048
1010
1293
6852
15605
1040
1049
1050
1044
1766
1049
1048
1044
1032
1049
1049
1044
1032
1049
1048
1044
1032
1051
1044
1032
1049
1050
1044
1032
1053
1044
1032
1055
1044
1032
1049
1050
1044
1032
1055
1044
1032
1049
1049
1044
1032
1050
1044
1032
1049
8623
2351
1032
1048
1010
1293
6852
15605
1040
1055
1044
1766
1049
1044
1032
1054
1044
1032
1055
1044
1032
1049
1044
1032
1055
1044
1032
1054
1044
1032
1053
8623
2351
1032
1048
1010
1293
6852
15605
1040
1050
1044
1766
1049
1044
1032
1050
8623
2351
1032
1048
1010
1293
6852
15605
1040
1057
1044
1766
1057
1044
1032
1052
1044
1032
1052
1044
1032
1055
1044
1032
1053
1044
1032
1056
1044
1032
1056
1044
1032
1054
1044
1032
1050
8623
2351
1032
1050
1010
1293
6852
15605
1040
1049
1050
1044
1766
1050
1044
1032
1049
1044
1032
1049
1048
1044
1032
1049
1044
1032
1052
1044
1032
1051
1044
1032
1049
1050
1044
1032
1050
1044
1032
1056
1044
1032
1052
1044
1032
1049
1050
1044
1032
1049
8623
2351
1032
1048
1010
1293
6852
15605
1040
1054
1044
1766
1051
1044
1032
1051
1044
1032
1050
1044
1032
1050
1044
1032
1049
1044
1032
1049
8623
2351
1032
1054
1010
1293
6852
15605
1040
1050
1044
1766
1049
1044
1032
1049
8623
2351
1032
1050
1010
1293
6852
15605
1040
1049
1048
1044
1766
1050
1044
1032
1050
1044
1032
1049
1044
1032
1049
1044
1032
1051
1044
1032
1051
1044
1032
1049
1044
1032
1049
1044
1032
1050
1044
1032
1050
8623
2351
1032
1054
1010
1293
6852
15605
1040
1055
1044
1766
1049
1044
1032
1049
1044
1032
1050
1044
1032
1051
1044
1032
1051
1044
1032
1050
1044
1032
1050
8623
2351
1032
1052
1267
1035
13516
4206
24728
1095
1049
1049
1050
1050
21777
5477
18086
1041
1317
3160
9458
1626
1975
11
1010
10
1503
19464
1010
12
13
1010
1975
29896
1010
5011
38227
2671
5247
4688
3149
6705
1095
1049
1049
1050
1050
21777
5477
18086
4990
1058
1935
1044
1261
1058
5247
59939
8623
4906
1935
1877
1293
19639
36296
1261
2951
1307
6818
38801
1044
3081
1278
8905
5592
1307
1261
89045
2155
5477
1010
1293
1455
9301
1261
1032
1049
1049
1050
1050
7980
1338
1293
1349
1032
1049
1049
1050
1050
7980
1395
6493
1435
1261
7980
1455
1877
1293
1032
1049
1046
24919
3199
5592
1010
1293
1032
1050
1046
2898
2744
1623
1562
1032
1049
1317
9027
1047
1050
1044
6689
1513
12197
1032
1050
1105
1045
1049
1321
1032
1050
1105
1584
9196
1319
1049
37601
1286
1456
1293
1032
1051
1046
11796
6818
15748
10249
5250
1032
1048
5213
1505
10693
1032
1050
5213
1294
1278
7980
1267
1293
64664
1877
1369
1308
1058
1531
5592
1307
1278
4460
1319
1049
9120
1308
9120
1032
1050
1042
1049
1048
1094
1053
1456
1369
1261
1058
1531
4460
1307
6818
38801
1319
1049
9120
1261
3755
1093
9120
1308
1801
1293
20527
1877
1369
1531
8905
5592
1307
1261
89045
2155
5477
1455
1395
1261
1032
1049
1049
1050
1050
7980
1267
1293
56431
6705
1095
1049
1049
1050
1050
21777
5477
18086
1040
1056
1044
1766
1050
1044
1032
1051
1044
1032
1049
1044
1032
1049
1044
1032
1050
1044
1032
1050
1044
1032
1049
1044
1032
1049
8791
1293
1032
1052
1010
1293
56431
6705
1095
1049
1049
1050
1050
21777
5477
18086
1040
1051
1044
1766
1049
1044
1032
1050
1044
1032
1050
8791
1293
1032
1050
1010
1293
56431
6705
1095
1049
1049
1050
1050
21777
5477
18086
1040
1049
1044
1766
1049
8791
1293
1032
1048
1010
1293
13118
1293
1693
1308
1534
1032
1050
1877
1369
1850
1032
1048
1267
1293
2121
36598
41786
30166
3640
1369
2569
3568
1395
1261
2951
1307
1319
26578
1044
1916
1041
108184
1394
4171
10217
16896
1307
1925
73085
1010
1369
1283
1376
9027
30166
1456
1369
1693
1283
2351
1032
1048
1877
1463
1850
1032
1048
1010
1369
3979
1376
1032
1048
1010
1369
6705
21227
1376
1032
1048
1010
1369
5753
1376
2016
2838
1369
1394
3169
1294
4521
5239
3640
1463
3683
1044
1916
1376
3568
1091
3509
2820
1463
1693
1605
3683
1877
1694
2569
4323
1278
89045
4950
1307
3683
17684
1010
1694
3979
1376
3169
1867
1032
1049
1010
1694
5753
24937
2838
1694
8214
1010
1463
3016
1916
1294
5753
1877
1694
5753
14623
30166
1091
3967
5371
1049
8791
1694
3979
5773
1032
1049
1010
1463
5753
4297
30940
1456
1463
6705
21227
1376
6705
24728
21227
1044
3169
1462
3979
1867
1032
1049
1456
1369
1850
6705
21227
1267
1293
2569
11503
3030
26524
1058
1032
1048
1044
1032
1050
1044
1032
1052
1044
6421
1319
1105
3199
1044
1623
1043
1049
1534
1308
1456
1293
3199
1376
13207
1293
1394
1623
1294
4521
1040
1048
1044
1308
1462
1032
1049
1044
1032
1050
3640
1369
3683
1376
1319
1097
3755
1093
2351
1261
3755
1867
1032
1049
8791
1369
1916
1376
1261
3755
2820
1369
3199
7144
4564
26578
1044
1916
14810
1293
2569
53332
3030
26524
1058
1032
1049
1044
1032
1051
1044
1032
1053
1044
6421
1319
1105
13509
1044
1623
1043
1049
1534
1308
1456
1293
13509
1376
13207
1293
1394
1623
1294
4521
1040
1049
1044
1308
1462
1032
1049
1044
1032
1050
3640
1369
3683
1376
1319
1097
3755
1093
2351
1261
3755
1867
1032
1049
8791
1369
1916
1376
1261
3755
2820
1369
13509
7144
4564
26578
1044
1916
14810
1293
1409
13196
2154
1376
36598
41786
6680
2154
1456
1293
1409
1095
29962
1376
36598
41786
1040
29962
1801
1293
1850
6705
16026
13196
2154
1364
1032
1050
1044
1409
1095
29962
1364
1032
1050
7297
1035
1531
3629
3110
11500
1278
5662
2688
9962
1626
1035
4206
24728
1095
1049
1049
1050
1050
21777
5477
18086
1456
1975
11
1010
10
3263
1267
16994
4607
6983
9700
1278
9458
1046
9380
1681
1278
3880
1877
17595
3581
1319
5943
8531
3690
3804
3640
1032
8933
92367
1054
1075
1103
1071
1106
1089
62265
1070
1050
8261
1897
3110
1032
1049
1050
1052
1044
1294
1534
13655
1561
1293
4206
24728
1095
1049
1049
1050
1050
21777
5477
18086
1456
1032
8933
92367
1054
1075
1103
1071
1106
1089
62265
1070
1050
8261
1897
3110
1032
1051
1053
1044
1294
4206
1010
1293
6852
15605
1040
1052
1044
1766
1049
1044
1032
1049
1044
1032
1050
1044
1032
1050
8623
2351
1032
1051
1010
6367
12032
48697
48697
48697
48697
48697
48697
48697
48697
48697
48697
48697
48697
48697
48697
48697
1010
31929
1292
4507
89644
2892
75956
1419
1044
1593
1395
2143
6255
1058
18228
1278
3629
2254
21734
1321
8953
3607
1044
10886
5687
1278
2254
5055
1321
2764
1747
1278
9458
1046
1603
24151
16424
70914
84674
14671
48761
1083
25461
4568
2715
30711
1278
3475
1636
13330
1294
1261
1335
107485
3475
4950
1319
3038
44642
1041
1319
43880
2084
80858
1278
4618
7389
1041
11
1010
10
1503
19464
1010
12
13
11
1010
10
3263
1267
16994
4607
6983
9700
1278
9458
1046
9380
1681
1278
3880
1877
17595
3581
1319
5943
8531
3690
3804
3640
1032
8933
92367
6507
1053
1275
1057
1053
1108
7449
8261
1897
3110
1032
1053
1049
1044
1294
1534
13655
1561
1293
4206
24728
1095
1049
1049
1050
1050
21777
5477
18086
1456
1032
8933
92367
6507
1053
1275
1057
1053
1108
7449
8261
1897
3110
1032
1051
1048
1044
1294
4206
1010
1293
6852
15605
1040
1056
1044
1766
1050
1044
1032
1051
1044
1032
1049
1044
1032
1049
1044
1032
1050
1044
1032
1050
1044
1032
1049
1044
1032
1049
8623
2351
1032
1052
1010
6367
12032
48697
48697
48697
48697
48697
48697
48697
48697
48697
48697
48697
48697
48697
48697
48697
48697
48697
48697
48697
48697
48697
1010
31929
1292
4507
89644
2892
75956
1419
1044
1593
1395
2143
6255
1058
18228
1278
3629
2254
21734
1321
8953
3607
1044
10886
5687
1278
2254
5055
1321
2764
1747
1278
9458
1046
1603
24151
16424
70914
84674
14671
48761
1083
25461
4568
2715
30711
1278
3475
1636
13330
1294
1261
1335
107485
3475
4950
1319
3038
44642
1041
1319
43880
2084
80858
1278
4618
7389
1041
11
1010
10
1503
19464
1010
12
1010
12
11745
1681
1261
11483
2832
2100
1049
1046
1032
1603
25609
3623
1278
7777
1681
18244
24185
1256
1462
1362
2534
1317
5687
1278
2254
2000
5914
1095
1049
1049
1050
1050
21777
5477
18086
4990
1044
1261
17783
4057
1408
1278
5662
8953
3607
1626
1256
1462
3730
1681
1261
2688
9962
2000
6390
13420
1455
1362
4016
2764
1626
1256
1462
1362
4016
16424
22347
1278
9458
1626
1256
1462
1531
4607
2295
19004
9700
4811
2688
5443
1626
1256
1462
1362
2534
1317
4848
1278
6298
11708
28314
1294
1261
4249
44642
3475
4950
1338
1050
1046
1032
1603
25280
73448
1278
29667
24185
1256
1462
1349
1429
1049
1049
1050
1050
7980
1034
1395
6493
1435
1877
1260
1032
1049
1046
11503
5592
1010
1260
1032
1050
1046
2898
2744
1623
1562
1032
1049
1317
9027
1047
1050
1044
6689
1513
12197
1032
1050
1105
1045
1049
1321
1032
1050
1105
1584
9196
1319
1049
37601
1286
1577
2409
4938
1278
2155
5477
10637
2479
1766
1120
1044
2460
1044
1404
1044
1404
1044
1554
1044
1554
1044
6421
1093
2478
2744
17220
10217
1307
2295
1584
9196
1626
1260
1032
1051
1046
11796
6818
15748
10249
5250
1032
1048
5213
1505
10693
1032
1050
5213
1294
1278
7980
1046
2409
11137
1454
6570
1032
1050
4938
1278
7980
1395
1261
56421
1370
1307
17684
1307
9196
6689
1044
1321
1836
3584
2632
10249
1294
2081
2224
1925
10217
1046
130097
1044
1494
1681
1261
7980
1307
11074
17684
1058
1766
1120
1044
2460
1044
1404
1044
1404
1044
1554
1044
1554
1044
6421
1093
2478
2460
1044
1404
1044
1554
1584
1747
11074
1626
1256
1462
1362
2534
1317
3081
1278
8905
5592
1307
1261
89045
2155
5477
1455
51766
1593
1338
1256
9246
1681
1344
41412
6570
1032
1050
21966
1058
1429
4393
2744
1623
1562
1032
1049
1317
9027
1047
1050
1044
6689
1513
12197
1032
1050
1105
1045
1049
1321
1032
1050
1105
1584
9196
1319
1049
37601
1286
114478
4493
12197
1319
1049
1044
1050
1574
1319
1051
1044
1052
1574
1319
1053
1044
1054
1574
6421
4016
2744
1402
17684
1307
9196
6689
1046
4493
1278
2155
5477
4016
1402
1307
3199
5592
1044
1321
107894
2203
22487
17684
1307
9196
6689
1338
1256
59779
1032
1051
1058
1429
12359
6818
15748
10249
5250
1032
1048
5213
1505
10693
1032
1050
5213
1294
1278
7980
3871
9748
6570
1032
1050
5314
8908
2744
10217
1317
1402
9196
1044
1321
17684
1584
1513
12197
1319
1050
1105
1045
1049
1044
1032
1050
1105
1574
1593
4938
1747
1278
10217
4213
4016
1402
11074
1046
3367
1261
2632
10354
1294
2295
2801
17684
1044
1494
2168
6730
2081
2224
15449
1319
1270
15449
1294
1925
10217
1321
11118
1294
6218
1044
1809
6570
1032
1051
8223
1429
73546
1032
1048
5213
1505
10693
1032
5213
5588
49032
1044
1693
1261
2632
10249
1294
2295
2801
17684
1044
1494
2168
6730
1032
1052
5213
3788
1044
1505
1693
17684
30079
1294
2632
1044
1494
2481
1402
1032
1050
5213
3788
1809
1294
2295
2801
17684
1046
32844
1044
6570
1032
1051
8223
1429
12359
6818
15748
10249
5250
1032
1048
5213
1505
10693
1032
1050
5213
1294
1278
7980
3871
4493
1693
1261
2632
10249
1044
1494
4016
6730
10693
15449
1046
23627
6570
1032
1050
1044
1278
2342
3039
1261
2632
10249
10693
15449
1395
1693
1494
9301
10693
1925
10217
1046
2157
6560
6730
1294
2295
2801
17684
3147
1455
2168
3180
1494
6730
1032
1052
5213
1319
1391
11074
12197
1041
1505
13162
1032
1050
5213
1693
1278
17684
9730
1278
2879
12197
1063
3501
1044
17684
1584
101479
22487
16144
1046
4493
6570
1032
1051
21905
4938
1747
1278
10217
4213
4016
1402
11074
5669
1278
2155
5477
1338
1256
4493
1261
5746
1032
1049
1049
1050
1050
7980
1395
1261
89045
2155
5477
1307
3199
5592
1032
1050
1107
1044
2478
1494
1710
1402
107894
2203
1409
22487
17684
1319
72349
1032
1049
1045
1050
1044
1032
1051
1045
1052
1044
84091
1319
1050
1107
1045
1049
70447
1050
1107
20485
2744
10217
1934
2295
9196
6689
1044
1321
1747
1409
10217
4213
1584
11074
1338
1256
17108
1058
1766
1049
1044
1049
1044
1050
1044
1050
1093
1395
5746
1319
1107
1061
1050
1044
17684
1319
1049
1044
1049
1041
1321
1319
1050
1044
1050
1574
4213
1032
1049
1321
1032
1050
11074
4342
1256
1766
1049
1044
1049
1044
1049
1044
1049
1093
2168
1736
17684
1319
1049
1044
1049
1041
1321
1319
1049
1044
1049
1574
2632
1032
1049
10249
1032
1052
5213
1044
20520
1626
1256
1766
1049
1044
1050
1044
1049
1044
1050
1093
2168
1736
17684
1319
1049
1044
1050
1041
1321
1319
1049
1044
1050
1574
1809
10217
6570
24372
3147
12197
1032
1049
1045
1050
1584
1032
1049
1321
1032
1050
1044
1605
9196
1626
1256
1766
1050
1044
1051
1044
1049
1044
1049
1044
1050
1044
1050
1044
1049
1044
1049
1093
1562
1278
2158
2688
1058
1308
1061
1056
1044
4460
1766
1050
1044
1032
1051
1044
1032
1049
1044
1032
1049
1044
1032
1050
1044
1032
1050
1044
1032
1049
1044
1032
1049
3077
1531
4832
1395
1032
1052
1046
9246
1681
4206
2155
93158
1307
5592
1032
1052
1058
1766
1049
1044
1049
1044
1050
1044
1050
1093
1513
26524
1032
1050
1791
1053
1319
1048
37601
1286
1058
1261
1091
1050
18652
1049
1044
1261
1091
1051
18652
1049
1044
1261
1091
1052
18652
1050
1044
1261
1091
1053
18652
1050
1041
4906
17684
1319
1049
1044
1049
1041
1321
1319
1050
1044
1050
1574
4213
11074
1044
5746
1046
36609
1032
1052
1046
11623
5592
1032
1054
1505
1032
1056
1063
36609
1032
1054
1058
1766
1051
1044
1049
1044
1049
1044
1050
1044
1050
1044
1049
1093
4906
17684
1319
1051
1044
1049
1041
7195
35602
1046
1766
1049
1044
1049
1044
1050
1044
1050
1044
1049
1044
1049
1093
4906
17684
1319
1049
1044
1049
1574
1319
1050
1044
1050
1574
1319
1049
1044
1049
1041
4906
2632
1032
1049
10249
1032
1052
5213
1044
20520
1046
36609
1032
1056
1058
6836
4460
4906
17684
1319
1050
1044
1051
1041
7195
1046
4493
6705
1395
1032
1052
1046
79472
1338
1256
10322
2688
1058
1308
1061
1051
1044
1766
1049
1044
1050
1044
1050
1093
4906
4832
1032
1050
1046
7672
93158
1058
1766
1050
1044
1050
1093
1513
26524
1032
1049
1791
1050
1319
1048
37601
1286
1041
4906
10217
1319
1050
1044
1050
1574
5746
1044
5592
1032
1050
1046
1766
1049
1044
1050
1093
4906
10217
1319
1049
1044
1050
1041
7195
1046
1766
1049
1044
1050
1044
1050
1093
5592
1032
1051
13509
1046
4493
1032
1050
1338
1256
22126
1058
1308
1061
1049
1044
1766
1049
1093
4906
1032
1048
1338
1256
9032
2878
1681
2985
1513
1278
36519
2688
5443
1562
1278
2158
6983
1877
1256
1462
2000
8723
15605
1040
1052
1044
1766
1049
1044
1032
1049
1044
1032
1050
1044
1032
1050
8623
2351
1032
1051
1096
1462
32844
1044
1278
8953
3607
8223
10721
6705
5592
1307
89045
2155
5477
1455
1395
1261
1032
1049
1049
1050
1050
7980
1046
1766
1049
1044
1049
1044
1050
1044
1050
1093
5592
1395
1032
1052
1046
3316
1766
1049
1044
1049
1044
1050
1044
1050
1093
1261
5746
1032
1049
1049
1050
1050
7980
1063
1390
7432
1058
1319
1049
1044
1049
1041
1321
1319
1050
1044
1050
1574
4213
1032
1049
1321
1032
1050
11074
1046
13830
1044
5592
1032
1052
1046
3626
1278
2688
64629
1032
1051
1063
5646
1681
13509
1046
1032
1051
1395
1605
3199
1044
1809
1032
1049
1049
1050
1050
7980
4016
1736
3199
5592
1046
32844
1044
1278
2688
8223
2000
8723
15605
1040
1052
1044
1766
1049
1044
1032
1049
1044
1032
1050
1044
1032
1050
8623
2351
1032
1051
9816
5646
2168
4204
1278
2254
2715
1850
1032
1051
1394
4292
1766
1049
1044
1049
1044
1050
1044
1050
3077
3626
1261
1032
1049
1049
1050
1050
7980
4016
1736
3199
5592
1651
12270
1032
1049
1046
3075
1710
1278
6705
5592
1402
1032
1051
1063
9246
1639
1344
41412
1278
8953
3607
21966
1058
1429
1065
1032
1049
1049
1050
1050
7980
1395
6493
1435
1261
7980
1455
1058
1032
1049
1046
24919
3199
5592
3871
4493
1278
2155
5477
5592
4016
1402
3199
1046
12162
1302
1032
1051
35499
1115
1278
12270
1044
15388
1278
4127
7442
28256
1494
30816
1505
1278
2688
1395
24124
4433
2849
1046
32844
1044
13162
1362
5711
2633
1278
2688
1046
1531
3330
8223
1058
1429
16994
4607
6983
9700
1278
9458
1046
9380
1681
1278
3880
1058
6421
6852
15605
1040
1052
1044
1766
1049
1044
1032
1049
1044
1032
1050
1044
1032
1050
8623
2351
1032
1051
3871
3060
1278
4607
3475
7529
8583
1032
1052
1505
4433
1046
3626
2606
1710
1278
4832
1402
1032
1051
1063
9246
1639
4206
1278
4618
4127
10674
13162
1063
1531
3330
5662
1278
2254
21734
1321
8953
3607
1046
1531
8953
3607
8223
1058
1429
56691
1058
1531
8905
5592
1307
1261
89045
2155
5477
1455
1395
1261
1032
1049
1049
1050
1050
7980
3871
3060
6570
1032
1049
1058
1429
23919
3199
5592
3871
4493
1261
5746
1032
1049
1049
1050
1050
7980
4016
1736
3199
5592
1046
3367
1278
2688
64629
1032
1051
1044
13162
1278
12270
1294
1278
8953
3607
1395
1605
22809
20490
1278
2688
29656
1044
1505
13162
1429
13418
1034
3226
19442
1317
4433
2849
1063
3247
12494
1278
1032
1049
1049
1050
1050
7980
5592
1395
8640
1294
6856
1307
17684
1063
3501
1044
1494
8223
1429
62437
5592
1307
1261
89045
2155
5477
7223
1256
32844
1044
2878
1639
1344
41412
1278
8953
3607
1058
1429
1065
1032
1049
1049
1050
1050
7980
1395
6493
1435
1261
7980
1455
1058
1032
1049
1046
24919
3199
5592
1032
1050
1046
2898
2744
1623
1562
1032
1049
1317
9027
1047
1050
1044
6689
1513
12197
1032
1050
1105
1045
1049
1321
1032
1050
1105
1584
9196
1319
1049
37601
1286
1041
1032
1051
1046
11796
6818
15748
10249
5250
1032
1048
5213
1505
10693
1032
1050
5213
1294
1278
7980
3871
2409
1395
3435
4811
1046
1766
1049
1044
1049
1044
1050
1044
1050
1093
1934
5592
1032
1052
1044
17684
1319
1049
1044
1049
1041
1321
1319
1050
1044
1050
1574
4213
1032
1049
1321
1032
1050
6730
10693
15449
2744
1046
2157
51766
1747
5481
1046
4493
6705
5592
2715
1402
1032
1052
1046
3626
1278
2688
8223
2000
3107
1032
1051
9816
2409
1395
1261
60125
1338
1256
17048
1278
2688
1395
2000
8723
15605
1040
1052
1044
1766
1049
1044
1032
1049
1044
1032
1050
1044
1032
1050
8623
2351
1032
1051
1096
1809
1278
7293
4460
1395
48755
1049
1044
1032
1049
1044
1032
1050
1044
1032
1050
39261
1321
1278
6878
4832
1395
1032
1051
1063
5646
6354
2405
3180
7453
1454
1278
12270
1046
62079
1278
2155
5477
4016
1402
36993
1261
1429
1049
1049
1050
1050
7980
1034
2478
1278
5965
1395
1032
1049
1044
1049
1044
1050
1044
1050
90743
1809
13162
1494
1681
2314
1278
4213
1032
1049
1321
1032
1050
13703
1063
3501
1044
1494
8223
1429
12359
6818
15748
10249
5250
1032
1048
5213
1505
10693
1032
1050
5213
7223
1256
9246
1639
2985
1513
1278
2147
2688
5443
1562
1278
2000
6390
1096
2254
1455
1722
5662
1294
1278
2158
16925
1877
1256
49958
1256
56431
6705
1095
1049
1049
1050
1050
21777
5477
18086
1040
1056
1044
1766
1050
1044
1032
1051
1044
1032
1049
1044
1032
1049
1044
1032
1050
1044
1032
1050
1044
1032
1049
1044
1032
1049
8791
1256
1032
1052
1010
1256
56431
6705
1095
1049
1049
1050
1050
21777
5477
18086
1040
1051
1044
1766
1049
1044
1032
1050
1044
1032
1050
8791
1256
1032
1050
1010
1256
56431
6705
1095
1049
1049
1050
1050
21777
5477
18086
1040
1049
1044
1766
1049
8791
1256
1032
1048
1010
1293
1010
1256
2569
31054
2688
5443
1010
1256
6852
15605
1040
1052
1044
1766
1049
1044
1032
1049
1044
1032
1050
1044
1032
1050
8623
2351
1032
1051
1010
1256
6852
15605
1040
1054
1050
1044
1766
1051
1048
1044
1032
1050
1053
1044
6421
8623
2351
1032
1050
1010
1256
6852
15605
1040
1049
1057
1044
1766
1049
1051
1044
1032
1051
1044
1032
1051
1044
1032
1051
1044
1032
1055
1044
1032
1056
1044
1032
1050
1044
1032
1049
1051
1044
1032
1049
1044
1032
1052
1044
1032
1049
1051
1044
1032
1049
1056
1044
1032
1049
1055
1044
1032
1049
1048
1044
1032
1049
1053
1044
1032
1049
1054
1044
1032
1049
1057
1044
1032
1055
1044
1032
1049
1052
8623
2351
1032
1050
1010
1256
6852
15605
1040
1049
1056
1044
1766
1055
1044
1032
1049
1056
1044
1032
1049
1048
1044
1032
1049
1053
1044
1032
1051
1044
1032
1049
1051
1044
1032
1049
1049
1044
1032
1056
1044
1032
1049
1048
1044
1032
1054
1044
1032
1055
1044
1032
1054
1044
1032
1050
1044
1032
1057
1044
1032
1049
1054
1044
1032
1051
1044
1032
1051
1044
1032
1053
8623
2351
1032
1050
1010
1256
6852
15605
1040
1050
1048
1044
1766
1052
1044
1032
1057
1044
1032
1051
1044
1032
1056
1044
1032
1051
1044
1032
1049
1048
1044
1032
1049
1050
1044
1032
1049
1052
1044
1032
1054
1044
1032
1050
1044
1032
1049
1055
1044
1032
1049
1053
1044
1032
1050
1044
1032
1050
1048
1044
1032
1052
1044
1032
1049
1051
1044
1032
1055
1044
1032
1057
1044
1032
1049
1050
1044
1032
1049
1054
8623
2351
1032
1048
1010
1256
6852
15605
1040
1056
1044
1766
1049
1044
1032
1050
1044
1032
1049
1044
1032
1050
1044
1032
1049
1044
1032
1050
1044
1032
1049
1044
1032
1050
8623
2351
1032
1048
1010
1256
6852
15605
1040
1049
1050
1044
1766
1049
1048
1044
1032
1049
1049
1044
1032
1049
1048
1044
1032
1051
1044
1032
1049
1050
1044
1032
1053
1044
1032
1055
1044
1032
1049
1050
1044
1032
1055
1044
1032
1049
1049
1044
1032
1050
1044
1032
1049
8623
2351
1032
1048
1010
1256
6852
15605
1040
1055
1044
1766
1049
1044
1032
1054
1044
1032
1055
1044
1032
1049
1044
1032
1055
1044
1032
1054
1044
1032
1053
8623
2351
1032
1048
1010
1256
6852
15605
1040
1050
1044
1766
1049
1044
1032
1050
8623
2351
1032
1048
1010
1256
6852
15605
1040
1057
1044
1766
1057
1044
1032
1052
1044
1032
1052
1044
1032
1055
1044
1032
1053
1044
1032
1056
1044
1032
1056
1044
1032
1054
1044
1032
1050
8623
2351
1032
1050
1010
1256
6852
15605
1040
1049
1050
1044
1766
1050
1044
1032
1049
1044
1032
1049
1048
1044
1032
1049
1044
1032
1052
1044
1032
1051
1044
1032
1049
1050
1044
1032
1050
1044
1032
1056
1044
1032
1052
1044
1032
1049
1050
1044
1032
1049
8623
2351
1032
1048
1010
1256
6852
15605
1040
1054
1044
1766
1051
1044
1032
1051
1044
1032
1050
1044
1032
1050
1044
1032
1049
1044
1032
1049
8623
2351
1032
1054
1010
1256
6852
15605
1040
1050
1044
1766
1049
1044
1032
1049
8623
2351
1032
1050
1010
1256
6852
15605
1040
1049
1048
1044
1766
1050
1044
1032
1050
1044
1032
1049
1044
1032
1049
1044
1032
1051
1044
1032
1051
1044
1032
1049
1044
1032
1049
1044
1032
1050
1044
1032
1050
8623
2351
1032
1054
1010
1256
6852
15605
1040
1055
1044
1766
1049
1044
1032
1049
1044
1032
1050
1044
1032
1051
1044
1032
1051
1044
1032
1050
1044
1032
1050
8623
2351
1032
1052
1010
1256
47229
1256
32844
1044
1278
3330
2639
1429
16994
4607
6983
9700
1278
9458
1046
9380
1681
1278
3880
1058
6421
6852
15605
1040
1052
1044
1766
1049
1044
1032
1049
1044
1032
1050
1044
1032
1050
8623
2351
1032
1051
3871
3060
1278
3880
1486
2000
31929
1292
4507
1096
1513
1455
3110
1046
4493
2036
11708
4016
1850
1032
1051
1394
2000
5914
1095
1049
1049
1050
1050
21777
5477
18086
1040
1052
1044
1766
1049
1044
1032
1049
1044
1032
1050
1044
1032
1050
8623
9816
3626
2606
1063
9246
1639
3648
30816
1046
17048
1278
1032
1049
1049
1050
1050
7980
12270
1395
1605
2314
89045
17684
1307
33197
1294
1278
2155
5477
1044
1809
6153
1278
2155
5477
7423
1044
2200
3346
1435
1261
7980
1044
9301
1261
5965
1429
1049
1049
1050
1050
1034
34796
1063
3501
1044
1278
8953
3607
1395
6133
1338
1256
9246
1639
1344
41412
1278
8953
3607
3435
21966
1058
1429
1065
1032
1049
1049
1050
1050
7980
1395
6493
1435
1261
7980
1455
1058
1032
1049
1046
24919
3199
5592
1032
1050
1046
2898
2744
1623
1562
1032
1049
1317
9027
1047
1050
1044
6689
1513
12197
1032
1050
1105
1045
1049
1321
1032
1050
1105
1584
9196
1319
1049
37601
1286
1041
1032
1051
1046
11796
6818
15748
10249
5250
1032
1048
5213
1505
10693
1032
1050
5213
1294
1278
7980
4410
1256
5675
1693
1429
72349
1032
1050
1105
1045
1049
1321
1032
1050
1105
1584
9196
1034
4938
1278
6689
1513
3385
12197
1584
9196
1317
2744
2147
3746
1278
10217
1044
1809
1278
79584
1395
1032
1049
37601
1286
7858
1317
1278
2155
5477
1046
4493
2155
5477
1307
5592
1424
1061
1050
1107
1058
1261
1091
1049
18652
1097
1091
1050
3605
1261
1091
1051
18652
1097
1091
1052
3605
84091
1261
1091
1050
1107
1045
1049
18652
1097
1091
1050
1107
3077
3060
6570
1032
1051
1058
2744
2632
10249
1032
1048
1505
1032
1050
5213
3788
1294
1278
2155
5477
1338
1256
2898
1766
1049
1044
1049
1044
1050
1044
1050
15558
1424
1061
1052
1044
1409
1061
1050
1046
1390
7432
1058
1319
1049
1044
1049
1041
1321
1319
1050
1044
1050
1577
51421
1058
1032
1049
10249
15449
1044
1032
1050
10249
15449
1046
67589
2477
1046
36609
1032
1052
1046
12211
2168
2688
4209
1032
1051
2634
1256
17048
1278
4127
1395
1562
1261
4629
21448
1044
1321
1278
7293
12270
1307
1032
1049
1049
1050
1050
7980
1395
2801
1063
9246
1639
6123
2036
6628
1046
1429
1049
1049
1050
1050
7980
1034
4139
5326
1317
1261
7980
2478
1278
5965
1395
1455
1278
2158
6420
1321
2667
6420
1736
2269
7299
1063
3501
1044
1278
8953
3607
1395
5662
1536
1278
3330
1338
1256
26243
2156
1681
1261
5711
45399
1370
1058
1429
4393
2744
1623
1562
1032
1049
1317
9027
1047
1050
1044
6689
1513
12197
1032
1050
1105
1045
1049
1321
1032
1050
1105
1584
9196
1319
1049
37601
1286
18881
2481
4204
1455
1294
1278
6836
7980
1044
1278
3584
1513
3980
1032
1050
1105
1045
1049
33197
1278
3584
1513
3980
1032
1050
1105
1044
1809
2095
13162
2156
1681
1261
7783
5965
1063
3501
1338
1256
9246
1681
2985
1513
1278
2688
2000
1099
52143
1040
1054
1044
1766
1051
1044
1032
1051
1044
1032
1050
1044
1032
1050
1044
1032
1049
1044
1032
1049
8623
2351
1032
1054
9816
9380
1766
1051
1044
1051
1044
1050
1044
1050
1044
1049
1044
1049
1093
5592
1032
1054
1046
1390
7432
1058
1319
1051
1044
1051
1574
1319
1050
1044
1050
1574
1319
1049
1044
1049
1577
51421
1032
1051
1044
1050
1044
1049
2744
6730
15449
1046
22112
1032
1049
1049
1050
1050
7980
1044
5592
1032
1054
1046
5646
14175
1338
1256
2000
1099
52143
1040
1049
1048
1044
1766
1050
1044
1032
1050
1044
1032
1049
1044
1032
1049
1044
1032
1051
1044
1032
1051
1044
1032
1049
1044
1032
1049
1044
1032
1050
1044
1032
1050
8623
2351
1032
1054
9816
8851
5592
1032
1049
1048
1046
9246
1681
3081
6705
5746
2155
5477
1046
58973
1058
1766
1050
1044
1050
1044
1049
1044
1049
1044
1051
1044
1051
1093
4906
17684
1319
1050
1044
1050
62210
1049
1044
1049
62210
1051
1044
1051
1041
4213
11074
1044
5592
1032
1054
1046
3247
1766
1049
1044
1049
1044
1051
1044
1051
1044
1049
1044
1049
1093
4906
17684
1319
1049
1044
1049
62210
1051
1044
1051
62210
1049
1044
1049
1041
2632
1032
1049
10249
1032
1052
5213
1044
20520
1046
4493
6705
1032
1054
1046
79472
1338
1256
2000
1099
52143
1040
1055
1044
1766
1049
1044
1032
1049
1044
1032
1050
1044
1032
1051
1044
1032
1051
1044
1032
1050
1044
1032
1050
8623
2351
1032
1052
9816
8851
1058
1766
1049
1044
1049
1044
1050
1044
1051
1044
1051
1044
1050
1044
1050
3077
7672
93158
1307
5592
1032
1052
1058
1766
1049
1044
1049
1044
1050
1044
1051
1093
4906
17684
1319
1049
1044
1049
62210
1050
1044
1051
1041
7195
1046
1766
1049
1044
1050
1044
1051
1044
1051
1093
4906
1319
1049
1044
1050
1041
7195
1046
1766
1050
1044
1051
1044
1051
1044
1050
1093
4906
1319
1050
1044
1051
1041
7195
1046
1766
1051
1044
1051
1044
1050
1044
1050
1093
4906
1319
1051
1044
1051
62210
1050
1044
1050
1041
4213
1032
1051
1044
1050
11074
1044
5746
1033
5646
1681
26524
1032
1051
1791
1054
1319
1048
37601
1286
1577
36609
1032
1052
1046
11623
5592
1032
1054
1063
1766
1049
1044
1049
1044
1050
1044
1051
1044
1051
1044
1050
1093
4906
1319
1049
1044
1049
62210
1050
1044
1051
1041
7195
1046
1766
1049
1044
1050
1044
1051
1044
1051
1044
1050
1044
1050
1093
4906
1319
1049
1044
1050
1041
7195
1046
4493
6705
1032
1052
1046
79472
1338
1256
2000
1099
52143
1040
1057
1044
1766
1057
1044
1032
1052
1044
1032
1052
1044
1032
1055
1044
1032
1053
1044
1032
1056
1044
1032
1056
1044
1032
1054
1044
1032
1050
8623
2351
1032
1050
9816
8851
1058
1766
1057
1044
1052
1044
1052
1044
1055
1044
1053
1044
1056
1044
1056
1044
1054
1044
1050
3077
22112
5592
1032
1050
2155
93158
1058
1766
1052
1044
1052
3605
1766
1056
1044
1056
3077
8923
1032
1050
1046
79472
1338
1256
2000
1099
52143
1040
1050
1044
1766
1049
1044
1032
1049
8623
2351
1032
1050
9816
79472
1338
1256
2000
1099
52143
1040
1056
1044
1766
1049
1044
1032
1050
1044
1032
1049
1044
1032
1050
1044
1032
1049
1044
1032
1050
1044
1032
1049
1044
1032
1050
8623
2351
1032
1048
9816
3501
17220
33197
1044
1878
1032
1048
1046
79472
1338
1256
2000
1099
52143
1040
1049
1050
1044
1766
1049
1048
1044
1032
1049
1049
1044
1032
1049
1048
1044
1032
1051
1044
1032
1049
1050
1044
1032
1053
1044
1032
1055
1044
1032
1049
1050
1044
1032
1055
1044
1032
1049
1049
1044
1032
1050
1044
1032
1049
8623
2351
1032
1048
9816
79472
1338
1256
2000
1099
52143
1040
1055
1044
1766
1049
1044
1032
1054
1044
1032
1055
1044
1032
1049
1044
1032
1055
1044
1032
1054
1044
1032
1053
8623
2351
1032
1048
9816
79472
1338
1256
2000
1099
52143
1040
1051
1044
1766
1049
1044
1032
1050
1044
1032
1050
8623
2351
1032
1050
9816
1766
1050
1044
1050
1093
5746
1046
79472
1338
1256
2000
1099
52143
1040
1049
1044
1766
1049
8623
2351
1032
1048
9816
79472
1338
1256
2000
1099
52143
1040
1056
1044
1766
1050
1044
1032
1051
1044
1032
1049
1044
1032
1049
1044
1032
1050
1044
1032
1050
1044
1032
1049
1044
1032
1049
8623
2351
1032
1052
9816
2837
5314
13285
1044
1766
1049
1044
1049
1044
1050
1044
1050
1093
5746
1046
79472
1338
1256
9032
1278
58087
4604
1925
1058
2000
8723
15605
1040
1052
1044
1766
1049
1044
1032
1049
1044
1032
1050
1044
1032
1050
8623
2351
1032
1051
9816
12211
1032
1051
1063
9246
1639
3648
1693
2156
1681
2258
19190
2478
1278
4832
1395
1032
1051
1046
17048
1278
1429
13418
1034
1294
1278
1850
2658
1395
1605
1278
2155
5477
5592
1809
4433
2849
1063
1531
8953
3607
8223
1429
56691
1058
1531
8905
5592
1307
1261
89045
2155
5477
1455
1395
1261
1032
1049
1049
1050
1050
7980
3871
3060
6570
1032
1049
1058
1429
23919
3199
5592
3871
4493
1032
1051
1395
13509
1044
1710
2405
1402
1278
5592
1307
1261
1032
1049
1049
1050
1050
7980
1046
62079
1278
2688
1395
8462
1063
3626
1278
3330
8223
1429
24151
16424
70914
84674
14671
48761
1083
2613
1321
1278
4607
6983
9700
1513
1455
57500
1046
4493
2036
11708
4016
1850
1032
1051
1394
1455
4292
1046
3075
2634
1256
32844
1033
17048
1362
5711
2633
1278
2688
1046
9246
1639
4206
1278
7092
3880
1562
1278
2158
6983
1877
1256
49958
1256
6852
15605
1040
1052
1044
1766
1049
1044
1032
1049
1044
1032
1050
1044
1032
1050
8623
2351
1032
1051
1010
1256
49958
1256
3060
1562
1278
2667
6983
3880
1877
1256
49958
1256
6852
15605
1040
1056
1044
1766
1050
1044
1032
1051
1044
1032
1049
1044
1032
1049
1044
1032
1050
1044
1032
1050
1044
1032
1049
1044
1032
1049
8623
2351
1032
1052
1010
1256
49958
1256
4493
1278
2667
6983
9700
1408
1278
2158
2688
2937
1033
1531
2158
2688
2937
1294
1278
8953
3607
1395
2000
35209
6705
1095
1049
1049
1050
1050
21777
5477
18086
1040
1056
1044
1766
1050
1044
1032
1051
1044
1032
1049
1044
1032
1049
1044
1032
1050
1044
1032
1050
1044
1032
1049
1044
1032
1049
8623
1096
1799
10721
1032
1052
1046
3626
1278
2000
6390
1096
2254
1934
2000
8723
15605
1040
1056
1044
1766
1050
1044
1032
1051
1044
1032
1049
1044
1032
1049
1044
1032
1050
1044
1032
1050
1044
1032
1049
1044
1032
1049
8623
2351
1032
1052
9816
1531
2667
6983
9700
1408
1455
1046
12211
1063
9246
1639
3219
1278
2667
6983
3475
1046
1362
2607
2405
1736
1494
1044
1809
1278
3880
8223
2000
8723
15605
1040
1056
1044
1766
1050
1044
1032
1051
1044
1032
1049
1044
1032
1049
1044
1032
1050
1044
1032
1050
1044
1032
1049
1044
1032
1049
8623
2351
1032
1052
1096
9700
1046
4493
2036
4607
11708
4814
2405
1850
1032
1052
1394
1455
4292
1338
1256
17048
1278
12270
1307
1032
1049
1049
1050
1050
7980
1395
2801
1046
9246
1639
1344
41412
1278
8953
3607
5785
2081
1044
3435
21966
1877
1256
1429
1065
1032
1049
1049
1050
1050
7980
1395
6493
1435
1261
7980
1455
1877
1256
1032
1049
1046
24919
3199
5592
1010
1256
1032
1050
1046
2898
2744
1623
1562
1032
1049
1317
9027
1047
1050
1044
6689
1513
12197
1032
1050
1105
1045
1049
1321
1032
1050
1105
1584
9196
1319
1049
37601
1286
1456
1256
1032
1051
1046
11796
6818
15748
10249
5250
1032
1048
5213
1505
10693
1032
1050
5213
1294
1278
7980
4410
1256
5675
1693
1429
85684
1513
12197
1032
1050
1105
1045
1049
1321
1032
1050
1105
1584
9196
1034
4938
1278
3584
1513
3980
1032
1050
1105
1045
1049
33197
1278
3584
1513
3980
1032
1050
1105
1294
1278
4618
4460
1063
3501
1044
1494
8223
1429
1049
37601
1286
1897
7754
10138
65659
3746
1278
7980
1338
1256
17048
1278
7980
1395
1605
20594
10348
1513
1278
10343
1307
1278
2155
5477
1063
3501
1044
1429
2673
55568
2155
5477
7223
1256
9246
1681
3369
1420
11559
19190
1058
1349
1032
1049
1049
1050
1050
7980
1395
1261
7980
1455
1710
1402
107894
2203
17684
1307
9196
6689
1044
1809
1278
17684
4016
1402
1307
1278
2071
1319
1049
1044
1049
1574
1319
1050
1044
1050
1574
6704
1046
1063
3501
1044
6570
1032
1051
8223
1429
12359
6818
15748
10249
5250
1032
1048
5213
1505
10693
1032
1050
5213
3871
2157
6354
2405
4150
1278
4213
1736
1317
1402
1032
1049
1321
1032
1050
1338
1256
32844
1044
2481
1494
1402
1455
1278
2155
5477
5592
1395
1278
2782
1307
1364
1112
7432
1042
1063
3501
1044
1429
62437
5592
1307
1261
89045
2155
5477
7223
1256
9246
1681
2688
1278
18817
1058
17048
1278
1032
1049
1049
1050
1050
7980
10867
1455
1278
4213
1294
1278
17684
1584
10693
1278
2158
1409
38801
1063
3501
1338
1256
9246
1681
2985
1513
1278
2688
2000
1099
52143
1040
1052
1044
1766
1049
1044
1032
1049
1044
1032
1050
1044
1032
1050
8623
2351
1032
1051
9816
3367
1278
2254
10721
1032
1051
1044
13162
1278
8905
5746
2155
5477
1395
1605
1278
6836
4460
1044
1809
2269
2155
5477
1307
5592
1032
1051
1063
3626
6570
1032
1049
8223
3199
5592
1046
1349
2155
5477
1307
5592
1032
1051
6560
1402
1261
1032
1049
1049
1050
1050
7980
1046
62079
1278
1850
2632
1395
1605
1278
5592
1307
1278
1032
1049
1049
1050
1050
7980
1044
1809
1278
8905
1409
2516
1455
1261
1032
1049
1049
1050
1050
7980
1307
5592
1032
1050
1107
12123
1063
3626
1278
8953
3607
8223
1429
56691
1058
1531
8905
5592
1307
1261
89045
2155
5477
1455
1395
1261
1032
1049
1049
1050
1050
7980
3871
3060
1278
2158
8953
3607
3336
1058
2000
35209
6705
1095
1049
1049
1050
1050
21777
5477
18086
1040
1056
1044
1766
1050
1044
1032
1051
1044
1032
1049
1044
1032
1049
1044
1032
1050
1044
1032
1050
1044
1032
1049
1044
1032
1049
8623
1096
10721
1032
1052
1046
3367
1494
1722
1409
1044
1494
2168
1850
1032
1050
1046
3626
1494
10721
1032
1052
1046
4493
1850
1395
5592
1338
1256
12211
2168
48755
1049
1044
1049
1044
1050
1044
1050
39261
1850
1032
1051
1063
17048
1362
1736
1278
4460
8462
1046
2000
1099
52143
1040
1052
1044
1766
1049
1044
1032
1049
1044
1032
1050
1044
1032
1050
8623
1096
4938
1308
1061
1052
1044
1261
18359
1049
1044
1049
1044
1050
1044
1050
3077
17048
1278
5746
1032
1049
1049
1050
1050
2155
93158
1584
1058
1766
1049
1044
1049
1093
5592
1032
1050
1044
1766
1050
1044
1050
1093
5592
1032
1050
1044
1766
1049
1044
1049
1044
1050
1044
1050
1093
5592
1032
1052
1046
8923
1395
1032
1052
1046
3626
2688
8223
1032
1051
1046
44762
1332
5769
1338
1256
26243
1278
12270
1307
1032
1049
1049
1050
1050
7980
1395
1058
1429
4393
2744
1623
1562
1032
1049
1317
9027
1047
1050
1044
6689
1513
12197
1032
1050
1105
1045
1049
1321
1032
1050
1105
1584
9196
1034
12164
1429
12359
6818
15748
10249
5250
1032
1048
5213
1505
10693
1032
1050
5213
3871
3626
13162
1429
72349
1032
1050
1105
1045
1049
1321
1032
1050
1105
1584
9196
1034
4938
1278
3584
1513
3980
1032
1050
1105
1045
1049
33197
1278
3584
1513
3980
1032
1050
1105
1294
1278
1364
20358
1042
4460
1063
3501
1044
1455
6354
2405
3180
7453
1394
1261
2155
5477
1338
1256
9246
1639
6123
2036
7807
4469
1394
1429
1049
1049
1050
1050
7980
3871
3730
1681
1261
4629
4127
1429
1049
1049
1050
1050
56827
1034
1505
13162
1562
1261
13968
2975
2455
1505
2301
1304
5603
21448
1063
49032
1044
1429
1049
1049
1050
1050
1034
4139
5326
1317
1278
5965
1307
1278
7980
1058
1494
1681
16815
1307
16144
1307
2295
9196
6689
1044
1321
1747
16144
1736
11074
4213
1046
1362
26938
1261
4127
1429
14270
1372
1032
1049
1049
1050
1050
56827
1034
1505
4510
1046
17048
1494
1681
1562
1261
8531
21448
1338
1256
32844
1033
17048
6570
1032
1050
1395
1058
1429
4393
2744
1623
1562
1032
1049
1317
9027
1047
1050
1044
6689
1513
12197
1032
1050
1105
1045
1049
1321
1032
1050
1105
1584
9196
1319
1049
37601
1286
18881
12164
6570
1032
1051
1058
1429
12359
6818
15748
10249
5250
1032
1048
5213
1505
10693
1032
1050
5213
1294
1278
7980
3871
3626
2549
1693
1278
7980
1395
1032
1049
37601
1286
1044
1321
1278
17684
1584
1319
1049
1044
1050
1574
1319
1051
1044
1052
1574
6704
1046
1063
5646
1681
2549
1362
4914
1338
1256
9246
1681
1344
41412
1278
2158
2688
1058
2000
5914
1095
1049
1049
1050
1050
21777
5477
18086
1040
1056
1044
1766
1050
1044
1032
1051
1044
1032
1049
1044
1032
1049
1044
1032
1050
1044
1032
1050
1044
1032
1049
1044
1032
1049
8623
2351
1032
1052
9816
1531
2155
5477
1766
1049
1044
1049
1044
1050
1044
1050
1093
1513
26524
1032
1050
1791
1053
1319
1048
37601
1286
1041
1395
5592
1032
1052
1046
3626
7377
1044
1278
4460
1395
1766
1050
1044
1032
1051
1044
1032
1049
1044
1032
1049
1044
1032
1050
1044
1032
1050
1044
1032
1049
1044
1032
1049
3077
3283
2961
1058
1032
1048
1058
1050
1044
1032
1049
1058
1051
1044
1032
1050
1058
1049
1044
1032
1051
1058
1049
1044
1032
1052
1058
1050
1044
1032
1053
1058
1050
1044
1032
1054
1058
1049
1044
1032
1055
1058
1049
1046
7672
5477
1562
4891
1032
1050
1317
1032
1053
1395
1766
1049
1044
1049
1044
1050
1044
1050
3077
5646
1681
5746
1046
13242
2156
2258
5592
1032
1054
1063
1766
1049
1044
1049
1044
1050
1044
1050
1044
1049
1044
1049
1093
1562
4891
1032
1050
1317
1032
1055
1063
5646
1681
1766
1049
1044
1049
1044
1050
1044
1050
1044
1049
1044
1049
1093
4906
17684
1319
1049
1044
1049
62210
1050
1044
1050
62210
1049
1044
1049
1041
2632
1032
1049
10249
1032
1052
5213
1044
20520
1046
1766
1051
1044
1049
1044
1049
1044
1050
1044
1050
1044
1049
1093
4906
17684
1319
1051
1044
1049
1041
7195
1046
4493
6705
1032
1052
1338
1256
9032
1044
1278
36519
2688
2000
1099
52143
1040
1052
1044
1766
1049
1044
1032
1049
1044
1032
1050
1044
1032
1050
8623
2351
1032
1051
9816
25298
1494
1402
1455
1278
4127
7442
28256
1278
1032
1049
1049
1050
1050
7980
2516
1455
1278
1364
10855
1042
1307
1278
17684
4016
1402
1294
8035
3542
1505
4433
1063
3501
1338
1256
17048
1362
5711
2633
1278
2688
1046
1531
3330
1681
3880
5117
1877
1256
49958
1256
6852
15605
1040
1052
1044
1766
1049
1044
1032
1049
1044
1032
1050
1044
1032
1050
8623
2351
1032
1051
1010
1256
49958
1256
17048
1278
4460
1395
1605
1766
1049
1044
1049
1044
1050
1044
1050
1093
1809
4433
2849
1063
1531
3330
9956
1058
2000
8723
15605
1040
1052
1044
1766
1049
1044
1032
1049
1044
1032
1050
1044
1032
1050
8623
2351
1032
1051
9816
5646
1681
6133
1338
1256
9246
1681
3648
7805
1278
7616
1046
5675
1693
1429
1049
1049
1050
1050
7980
1034
4938
1278
7980
1307
10217
4213
9301
1261
1032
1049
1049
1050
1050
5965
1063
15621
1278
10217
4213
9309
1584
1032
1049
1044
1049
1044
1050
1044
1050
1063
3626
6570
1032
1051
8223
2744
6818
15748
10249
1032
1048
1505
1032
1050
5213
1338
1256
15081
14541
1058
1531
2254
10721
1278
8905
5592
1307
1261
89045
2155
5477
1455
1395
1261
1032
1049
1049
1050
1050
7980
1044
1809
13162
1278
2155
5477
4016
3030
1513
4891
1032
1049
1063
3501
1338
1256
32844
1033
17048
1278
12270
1307
1032
1049
1049
1050
1050
7980
1395
1058
1429
1065
7980
1455
1058
1032
1049
1046
24919
3199
5592
1032
1050
1046
2898
2744
1623
1562
1032
1049
1317
9027
1047
1050
1044
6689
1513
12197
1032
1050
1105
1045
1049
1321
1032
1050
1105
1584
9196
1319
1049
37601
1286
1041
1032
1051
1046
11796
6818
15748
10249
5250
1032
1048
5213
1505
10693
1032
1050
5213
1294
1278
7980
3871
5675
1693
6570
1032
1050
4938
1058
1394
2744
1623
1562
1032
1049
1317
9027
1047
1050
1044
1278
3584
1513
3980
1032
1050
1105
1045
1049
33197
1278
3584
1513
3980
1032
1050
1105
1364
1259
1278
4618
4460
1042
1063
5646
12285
2405
3180
7453
1394
1261
2155
5477
1338
1256
9246
1681
3369
1455
1278
2688
2000
1099
52143
1040
1052
1044
1766
1049
1044
1032
1049
1044
1032
1050
1044
1032
1050
8623
2351
1032
1051
1096
4139
1402
1261
96948
1294
1278
3330
1681
2688
9962
1044
1809
1278
3330
2639
1429
24151
16424
70914
84674
14671
48761
1083
2613
4493
1362
4016
9470
3475
1455
10721
1032
1051
1394
1455
4292
1046
3075
1710
1362
3180
2000
5914
1095
1049
1049
1050
1050
21777
5477
18086
1040
1052
1044
1766
1049
1044
1032
1049
1044
1032
1050
1044
1032
1050
8623
1096
1850
1032
1051
2634
1256
17048
1278
1429
13418
1034
8583
1395
1605
1278
2155
5477
5592
1044
1809
1278
2782
1307
17684
1063
3367
1494
10721
1409
1319
12856
1307
17684
1574
2430
1394
1766
1049
1044
1049
1044
1050
1044
1050
1093
1409
1061
1050
1044
1809
2688
64629
1032
1051
1046
2898
1766
1051
1044
1051
1044
1050
1044
1050
1044
1049
1044
1049
1093
1409
1061
1051
1044
2688
64629
1032
1054
1046
4493
1836
1338
1256
17048
1278
2254
10721
1278
8905
5592
1307
1261
89045
2155
5477
1455
1364
8495
1402
13071
1042
1317
1261
1032
1049
1049
1050
1050
7980
1063
3501
1338
1256
9246
1681
1344
41412
1278
8953
3607
11277
1877
1256
49958
1256
56431
6705
1095
1049
1049
1050
1050
21777
5477
18086
1040
1056
1044
1766
1050
1044
1032
1051
1044
1032
1049
1044
1032
1049
1044
1032
1050
1044
1032
1050
1044
1032
1049
1044
1032
1049
8791
1256
1032
1052
1010
1256
56431
6705
1095
1049
1049
1050
1050
21777
5477
18086
1040
1051
1044
1766
1049
1044
1032
1050
1044
1032
1050
8791
1256
1032
1050
1010
1256
56431
6705
1095
1049
1049
1050
1050
21777
5477
18086
1040
1049
1044
1766
1049
8791
1256
1032
1048
1010
1256
49958
1256
4634
4395
2036
9705
1338
1256
31054
9458
1562
2000
6390
1096
1877
1256
49958
1256
6852
15605
1040
1052
1044
1766
1049
1044
1032
1049
1044
1032
1050
1044
1032
1050
8623
2351
1032
1051
1010
1256
6852
15605
1040
1054
1050
1044
124218
2351
1032
1050
1010
1256
6852
15605
1040
1049
1057
1044
124218
2351
1032
1050
1010
1256
6852
15605
1040
1049
1056
1044
124218
2351
1032
1050
1010
1256
6852
15605
1040
1050
1048
1044
124218
2351
1032
1048
1010
1256
6852
15605
1040
1056
1044
1766
1049
1044
1032
1050
1044
1032
1049
1044
1032
1050
1044
1032
1049
1044
1032
1050
1044
1032
1049
1044
1032
1050
8623
2351
1032
1048
1010
1256
6852
15605
1040
1049
1050
1044
1766
1049
1048
1044
1032
1049
1049
1044
1032
1049
1048
1044
1032
1051
1044
1032
1049
1050
1044
1032
1053
1044
1032
1055
1044
1032
1049
1050
1044
1032
1055
1044
1032
1049
1049
1044
1032
1050
1044
1032
1049
8623
2351
1032
1048
1010
1256
6852
15605
1040
1055
1044
1766
1049
1044
1032
1054
1044
1032
1055
1044
1032
1049
1044
1032
1055
1044
1032
1054
1044
1032
1053
8623
2351
1032
1048
1010
1256
6852
15605
1040
1050
1044
1766
1049
1044
1032
1050
8623
2351
1032
1048
1010
1256
6852
15605
1040
1057
1044
1766
1057
1044
1032
1052
1044
1032
1052
1044
1032
1055
1044
1032
1053
1044
1032
1056
1044
1032
1056
1044
1032
1054
1044
1032
1050
8623
2351
1032
1050
1010
1256
6852
15605
1040
1049
1050
1044
1766
1050
1044
1032
1049
1044
1032
1049
1048
1044
1032
1049
1044
1032
1052
1044
1032
1051
1044
1032
1049
1050
1044
1032
1050
1044
1032
1056
1044
1032
1052
1044
1032
1049
1050
1044
1032
1049
8623
2351
1032
1048
1010
1256
6852
15605
1040
1054
1044
1766
1051
1044
1032
1051
1044
1032
1050
1044
1032
1050
1044
1032
1049
1044
1032
1049
8623
2351
1032
1054
1010
1256
6852
15605
1040
1050
1044
1766
1049
1044
1032
1049
8623
2351
1032
1050
1010
1256
6852
15605
1040
1049
1048
1044
1766
1050
1044
1032
1050
1044
1032
1049
1044
1032
1049
1044
1032
1051
1044
1032
1051
1044
1032
1049
1044
1032
1049
1044
1032
1050
1044
1032
1050
8623
2351
1032
1054
1010
1256
6852
15605
1040
1055
1044
1766
1049
1044
1032
1049
1044
1032
1050
1044
1032
1051
1044
1032
1051
1044
1032
1050
1044
1032
1050
8623
2351
1032
1052
1010
1256
47229
1256
9246
1681
26812
2576
7481
9458
1317
16448
81078
1258
1278
7293
10097
1338
1256
7637
1058
2000
1099
52143
1040
1054
1044
1766
1051
1044
1032
1051
1044
1032
1050
1044
1032
1050
1044
1032
1049
1044
1032
1049
8623
2351
1032
1054
9816
7376
1592
4460
1395
5746
1032
1049
1049
1050
1050
1058
17684
1319
1051
1044
1051
62210
1050
1044
1050
62210
1049
1044
1049
1574
4213
11074
1046
36609
1032
1054
1338
1256
7637
1058
2000
1099
52143
1040
1049
1048
1044
1766
1050
1044
1032
1050
1044
1032
1049
1044
1032
1049
1044
1032
1051
1044
1032
1051
1044
1032
1049
1044
1032
1049
1044
1032
1050
1044
1032
1050
8623
2351
1032
1054
9816
8851
1058
1766
1050
1044
1050
1044
1049
1044
1049
1044
1051
1044
1051
1044
1049
1044
1049
1044
1050
1044
1050
3077
8923
5746
2155
5477
5592
1032
1054
1046
58973
1058
1766
1050
1044
1050
1044
1049
1044
1049
1044
1051
1044
1051
1093
1319
64713
1032
1048
1791
1053
1041
4906
17684
1319
1050
1044
1050
62210
1049
1044
1049
62210
1051
1044
1051
1041
11074
1044
5746
1046
3247
1766
1049
1044
1049
1044
1051
1044
1051
1044
1049
1044
1049
1093
1319
64713
1032
1050
1791
1055
1041
4906
17684
1319
1049
1044
1049
62210
1051
1044
1051
62210
1049
1044
1049
1041
2632
1032
1049
10249
1032
1052
5213
1044
20520
1046
4493
5592
1032
1054
7510
7453
1338
1256
7637
1058
2000
1099
52143
1040
1055
1044
1766
1049
1044
1032
1049
1044
1032
1050
1044
1032
1051
1044
1032
1051
1044
1032
1050
1044
1032
1050
8623
2351
1032
1052
9816
8851
1058
1766
1049
1044
1049
1044
1050
1044
1051
1044
1051
1044
1050
1044
1050
3077
2837
13285
1058
1766
1051
1044
1051
1044
1050
1044
1050
1093
1513
26524
1032
1051
1791
1054
1395
5746
5592
1032
1052
1046
11623
5592
1032
1054
1063
1766
1049
1044
1049
1044
1050
1044
1051
1044
1051
1044
1050
1093
4906
1319
1049
1044
1049
62210
1050
1044
1051
1041
7195
1046
1766
1049
1044
1050
1044
1051
1044
1051
1044
1050
1044
1050
1093
4906
1319
1049
1044
1050
1041
7195
1046
4493
1032
1052
1338
1256
7637
1058
2000
1099
52143
1040
1057
1044
1766
1057
1044
1032
1052
1044
1032
1052
1044
1032
1055
1044
1032
1053
1044
1032
1056
1044
1032
1056
1044
1032
1054
1044
1032
1050
8623
2351
1032
1050
9816
1766
1052
1044
1052
1093
1505
1766
1056
1044
1056
3077
36609
1032
1050
1338
1256
7637
1058
2000
1099
52143
1040
1056
1044
1766
1049
1044
1032
1050
1044
1032
1049
1044
1032
1050
1044
1032
1049
1044
1032
1050
1044
1032
1049
1044
1032
1050
8623
2351
1032
1048
9816
3501
17220
33197
1338
1256
7637
1058
2000
1099
52143
1040
1049
1050
1044
1766
1049
1048
1044
1032
1049
1049
1044
1032
1049
1048
1044
1032
1051
1044
1032
1049
1050
1044
1032
1053
1044
1032
1055
1044
1032
1049
1050
1044
1032
1055
1044
1032
1049
1049
1044
1032
1050
1044
1032
1049
8623
2351
1032
1048
9816
3501
17220
33197
1063
9246
1681
4206
1058
1032
1049
1048
1044
1049
1049
3811
1059
1032
1049
1049
1044
1049
1048
3811
1059
1032
1049
1048
1044
1051
3811
1059
1032
1051
1044
1049
1050
3811
1059
1032
1049
1050
1044
1053
3811
1059
1032
1053
1044
1055
3811
1059
1032
1055
1044
1049
1050
3811
1059
1032
1049
1050
1044
1055
3811
1059
1032
1055
1044
1049
1049
3811
1059
1032
1049
1049
1044
1050
3811
1059
1032
1050
1044
1049
3811
1046
13830
1044
1836
17220
33197
1044
1878
1032
1048
1338
1256
7637
1058
2000
1099
52143
1040
1050
1044
1766
1049
1044
1032
1050
8623
2351
1032
1048
9816
3501
1338
1256
7637
1058
2000
1099
52143
1040
1050
1044
1766
1049
1044
1032
1049
8623
2351
1032
1050
9816
13830
1338
1256
7637
1058
2000
1099
52143
1040
1052
1044
1766
1049
1044
1032
1049
1044
1032
1050
1044
1032
1050
8623
2351
1032
1051
9816
2409
1395
1278
2342
1925
1455
35499
1115
2036
3519
9705
1046
12211
1032
1051
2634
1256
9246
1681
2688
1693
2156
1681
2258
2155
5477
1307
1766
1049
1044
1049
1044
1050
1044
1050
1093
1455
1934
5592
1032
1051
1321
13162
51766
2269
45912
6570
1063
3626
6570
1032
1049
8223
3199
5592
1046
17048
1278
2254
10721
1278
8905
5592
1307
1261
89045
2155
5477
1455
1395
1261
1429
1049
1049
1050
1050
7980
1034
1364
26930
1042
1505
4433
1063
3501
1338
1256
17048
1278
12270
1307
1032
1049
1049
1050
1050
7980
1395
1058
1429
1065
7980
1455
1058
1032
1049
1046
24919
3199
5592
1032
1050
1046
2898
2744
1623
1562
1032
1049
1317
9027
1047
1050
1044
6689
1513
12197
1032
1050
1105
1045
1049
1321
1032
1050
1105
1584
9196
1319
1049
37601
1286
1041
1032
1051
1046
11796
6818
15748
10249
5250
1032
1048
5213
1505
10693
1032
1050
5213
1294
1278
7980
3871
5675
1693
1429
72349
1032
1050
1105
1045
1049
1321
1032
1050
1105
1584
9196
1034
4938
1278
3584
1513
3980
1032
1050
1105
1045
1049
33197
1278
3584
1513
3980
1032
1050
1105
1364
1259
1278
6836
4460
1042
1063
3501
1338
1256
32844
1033
17048
1278
1032
1049
1049
1050
1050
7980
1395
6493
1408
1278
2155
5477
1044
1809
1278
79584
1394
6570
1032
1050
1395
1032
1049
37601
1286
1562
1278
3030
1307
1278
1364
20358
4460
1042
1063
5646
2168
1402
35133
1338
1256
9246
1681
3648
2314
1278
2782
1032
1051
1046
2898
1766
1049
1044
1049
1044
1050
1044
1050
3605
13162
1278
5746
1032
1049
1049
1050
1050
2155
93158
1584
1766
1049
1044
1049
1093
1321
1766
1050
1044
1050
3605
1321
13162
1766
1049
1044
1049
1044
1050
1093
1063
3626
5592
1032
1051
1395
13509
1046
62079
6570
1032
1049
1395
1605
1429
23919
3199
5592
1034
1809
4433
2849
1063
1531
8953
3607
8223
1032
1049
1046
24919
3199
5592
1046
17048
1278
8953
3607
1395
12593
70157
1044
1321
1278
7293
2688
64629
1032
1051
3147
1278
8905
1364
1107
1042
2516
1455
2156
1681
1261
1032
1049
1049
1050
1050
7980
1307
5592
1032
1050
1107
1395
1032
1049
1063
3501
1044
5592
2168
1402
1032
1050
1338
1256
9246
1681
2985
1513
1278
2688
2000
1099
52143
1040
1055
1044
1766
1049
1044
1032
1049
1044
1032
1050
1044
1032
1051
1044
1032
1051
1044
1032
1050
1044
1032
1050
8623
2351
1032
1052
9816
3367
1278
10097
1486
2586
1429
5914
5592
1307
2155
5477
2478
17220
17684
1584
9196
1321
1747
10217
4213
11074
1897
1729
4884
1032
1052
1046
2898
1766
1049
1044
1049
1044
1050
1044
1050
1093
1278
10097
10177
1032
1052
1044
1809
2688
64629
1032
1051
1046
4493
13162
1278
10097
1395
12593
2801
1338
1256
5675
1693
6570
1032
1051
1058
1429
12359
6818
15748
10249
5250
1032
1048
5213
1505
10693
1032
1050
5213
1294
1278
7980
1034
1395
27539
1435
1058
1294
1278
6836
2155
5477
1044
2744
2632
10249
10693
1032
1048
1505
1032
1050
5213
1044
1398
5489
6570
1032
1050
1058
1429
4393
2744
1623
1562
1032
1049
1317
9027
1047
1050
1044
6689
1513
12197
1032
1050
1105
1045
1049
1321
1032
1050
1105
1584
9196
1319
1049
37601
1286
18881
4139
4204
1455
1278
17684
1584
1319
1049
1044
1050
1574
1319
1051
1044
1052
1574
6704
3109
1809
1278
4213
3746
1278
10217
4016
1402
9196
1044
12164
1278
10217
4213
4016
1402
11074
1046
5646
1681
2549
1362
1736
1338
1256
17048
1278
2155
5477
4016
3030
1513
1420
3199
4891
1063
3501
1338
1256
9246
1681
1344
11568
14176
2000
1099
52143
1040
1052
1044
1766
1049
1044
1032
1049
1044
1032
1050
1044
1032
1050
8623
2351
1032
1051
9816
25298
1494
1402
1455
1278
4832
1395
1278
8905
5592
1307
1261
89045
2155
5477
1455
9301
1261
1032
1049
1049
1050
1050
7980
1044
1809
1278
1032
1049
1049
1050
1050
7980
1395
6493
1435
1058
1261
7980
1455
1710
1402
13156
2203
2295
107226
2478
1278
2158
6420
1934
2269
7299
1321
1278
2667
6420
1934
2269
7299
1063
1429
1049
1049
1050
1050
1034
4139
5326
1317
1278
5965
1307
1278
7980
1058
2158
2295
6689
9196
1044
4275
2295
9196
1044
6704
1046
3626
1429
1049
1049
1050
1050
1034
1435
1261
3310
5965
2634
1256
32844
1033
17048
1429
1049
1049
1050
1050
7980
1034
4938
1278
7980
1307
4213
1395
10693
1766
1049
1044
1049
1044
1050
1044
1050
1093
1505
1261
81002
2478
1278
10217
4213
1584
1032
1049
1321
1032
1050
1063
3501
1044
6570
1032
1051
8223
1429
12359
6818
15748
10249
5250
1032
1048
5213
1505
10693
1032
1050
5213
1897
1799
9985
2258
38801
1338
1256
9246
1681
6123
1394
1429
1049
1049
1050
1050
7980
1034
9495
1294
2036
12957
7667
1046
3730
1681
1261
13968
2975
2455
4127
1429
1049
1049
1050
1050
1067
1034
1505
4433
1063
49032
1044
2156
1681
1261
4127
4418
1429
1049
1049
1050
1050
56827
1034
1505
13162
1562
1261
21448
1046
1362
26938
1261
4127
2478
1636
2534
1317
3081
1278
36598
2155
5477
1455
1710
1402
107894
2203
17684
1307
9196
6689
1044
1321
1747
6689
1294
1278
17684
1584
11074
1046
5646
1681
10693
2549
1362
4914
1338
1256
17048
1278
2688
2000
1099
52143
1040
1052
1044
1766
1049
1044
1032
1049
1044
1032
1050
1044
1032
1050
8623
2351
1032
1051
1096
1395
1261
27223
1294
1278
3330
1681
5662
2688
9962
1044
1809
1278
3330
24215
8223
1429
24151
16424
70914
84674
14671
48761
1083
2613
1321
1278
4607
6983
9700
1513
1455
1046
4493
1362
4016
4848
3475
1455
22405
1747
3385
109595
1046
3367
2036
13951
10177
1032
1052
1394
1766
1049
1044
1049
1044
1050
1044
1050
3605
1809
1278
2688
64629
1032
1051
1044
1362
2534
1317
3081
1261
13951
1455
10177
1032
1051
1338
1256
9246
1681
2951
1747
89045
2155
93158
1307
1766
1049
1044
1049
1044
1050
1044
1050
1093
1321
2034
34749
1877
1256
1462
1766
1049
1093
9027
1032
1049
1010
1256
1462
1766
1049
1093
9027
1032
1049
1010
1256
1462
1766
1050
1093
9027
1032
1049
1010
1256
1462
1766
1050
1093
9027
1032
1049
1010
1256
1462
1766
1049
1044
1049
1093
9027
1032
1050
4906
17684
1319
1049
1044
1049
1574
2632
1032
1049
10249
1032
1050
5213
1046
22112
1063
59779
1032
1050
1058
9027
1061
1050
1044
1623
1562
1032
1049
1317
1032
1049
1044
12197
1032
1049
1321
1032
1050
9196
1046
13830
1046
59779
1032
1051
1058
1032
1049
10249
1032
1050
5213
1046
13830
1046
22112
1032
1049
1049
1050
1050
7980
1626
1256
1462
1766
1050
1044
1050
1093
9027
1032
1050
4906
5746
1626
1256
1462
1766
1049
1044
1049
1044
1050
1093
9027
1032
1051
4906
13509
1044
6570
1032
1049
24372
1626
1256
1462
1766
1049
1044
1050
1044
1050
1093
9027
1032
1051
4906
13509
1626
1256
1462
1766
1049
1044
1049
1044
1050
1044
1050
1093
9027
1032
1052
4906
17684
1319
1049
1044
1049
1041
1321
1319
1050
1044
1050
1577
51421
1058
1032
1049
10249
1032
1050
5213
1044
1032
1050
10249
1032
1050
5213
1046
59779
1032
1050
1058
1623
1061
1049
1058
2022
1032
1049
1044
1050
9196
1319
1049
1061
1049
1577
1623
1061
1050
1058
2022
1032
1051
1044
1052
9196
1319
1050
1061
1050
1577
59779
1032
1051
1058
1032
1049
10249
1032
1050
5213
1044
1032
1050
10249
1032
1050
5213
1046
3797
29107
1046
4493
5592
1032
1052
2715
1402
5746
1338
1256
12211
2168
1278
2688
4209
1032
1051
1063
17048
1278
4127
28256
1429
1049
1049
1050
1050
7980
1034
30816
1058
12494
6570
1032
1050
1395
1429
4393
2744
1623
1562
1032
1049
1317
9027
1047
1050
1044
6689
1513
12197
1032
1050
1105
1045
1049
1321
1032
1050
1105
1584
9196
1034
12164
6570
1032
1051
1395
1429
12359
6818
15748
10249
5250
1032
1048
5213
1505
10693
1032
1050
5213
1897
1809
13162
1278
7980
4016
2095
34301
1455
1278
10217
4213
1584
10693
1032
1049
1321
1032
1050
1063
3501
1044
1455
12285
2405
3180
7453
1454
2147
9458
2479
1766
1051
1044
1051
1044
1050
1044
1050
1044
1049
1044
1049
11390
1256
32844
1033
17048
1429
1049
1049
1050
1050
7980
1034
4938
1278
7980
1307
10217
1364
64713
1042
1505
4433
1063
3501
1338
1256
9246
1681
3346
1278
8953
3607
2790
1044
3435
21966
1877
1256
1429
1065
1032
1049
1049
1050
1050
7980
1395
6493
1435
1261
7980
1455
1877
1256
1032
1049
1046
24919
3199
5592
1010
1256
1032
1050
1046
2898
2744
1623
1562
1032
1049
1317
9027
1047
1050
1044
6689
1513
12197
1032
1050
1105
1045
1049
1321
1032
1050
1105
1584
9196
1319
1049
37601
1286
1456
1256
1032
1051
1046
11796
6818
15748
10249
5250
1032
1048
5213
1505
10693
1032
1050
5213
1294
1278
7980
4410
1256
5675
1693
1429
72349
1032
1050
1105
1045
1049
1321
1032
1050
1105
1584
9196
1034
4938
1278
3584
1513
3980
1032
1050
1105
1045
1049
33197
1278
3584
1513
3980
1032
1050
1105
1364
1259
1278
4618
4460
1261
1042
1063
3626
1494
8223
1429
1049
37601
1286
1897
1799
7754
4938
65659
3746
1278
7980
1046
3367
1494
11715
1294
1278
4618
4460
1044
1494
2168
4150
1429
1259
1278
4460
7223
1256
17048
1278
7980
1395
1032
1049
37601
1286
1044
1321
1278
6570
1395
1455
1394
2744
1623
1044
1278
3584
1513
3980
1032
1050
1105
1045
1049
33197
1278
3584
1513
3980
1032
1050
1105
1044
1364
1421
1042
2576
6689
1584
1278
15748
1623
1063
3501
1338
1256
9246
1681
3369
1420
11559
19190
1058
1349
1032
1049
1049
1050
1050
7980
1395
1261
7980
2478
1278
5965
1307
124440
1395
1032
1049
1044
1049
1044
1050
1044
1050
90743
1623
4185
3109
1278
2158
2632
10249
15449
1044
1278
2667
2632
10249
15449
1044
6704
3109
1321
1278
4213
1584
10693
1032
1049
1321
1032
1050
1063
3626
6570
1032
1051
8223
1429
12359
6818
15748
10249
5250
1032
1048
5213
1505
10693
1032
1050
5213
1897
1799
4352
9357
1494
1338
1256
17048
1278
2688
2000
1099
52143
1040
1052
1044
1766
1049
1044
1032
1049
1044
1032
1050
1044
1032
1050
8623
2351
1032
1051
1096
1395
7442
10418
1261
2801
2254
8033
1044
2479
1278
8905
5592
1307
1261
1364
1994
1569
1042
89045
2155
5477
1063
3501
1338
1256
9246
1681
2985
1513
1278
2688
2000
1099
52143
1040
1054
1050
1044
21284
8623
2351
1032
1050
9816
1531
4460
1395
4265
1046
36609
1032
1054
1050
1044
4832
1032
1050
1046
13551
1307
1278
7481
9458
1736
4832
1032
1050
1505
1032
1048
1505
1032
1052
1505
1032
1054
1338
1256
17048
1362
1710
3081
1261
5965
1536
7283
1513
1278
36519
2937
1321
1278
16504
5443
1046
4890
4607
3475
1319
11517
6983
1041
9700
1408
2000
1099
52143
1040
1056
1044
1766
1050
1044
1032
1051
1044
1032
1049
1044
1032
1049
1044
1032
1050
1044
1032
1050
1044
1032
1049
1044
1032
1049
8623
2351
1032
1052
9816
1531
2667
6983
9700
1408
1278
2879
1046
1531
3330
8223
1429
16994
4607
6983
9700
1278
9458
1046
9380
1681
1278
3880
1058
6421
6852
15605
1040
1056
1044
1766
1050
1044
1032
1051
1044
1032
1049
1044
1032
1049
1044
1032
1050
1044
1032
1050
1044
1032
1049
1044
1032
1049
8623
2351
1032
1052
3871
4493
2036
3475
4814
2405
1850
1032
1052
1394
1455
1338
1256
9246
1681
3648
1058
13162
1278
1032
1049
1049
1050
1050
7980
10867
1455
1278
17684
1584
2767
41869
1108
7641
1321
6432
1278
6836
2155
5477
1044
1809
2095
1278
4213
1294
1278
17684
4016
1402
1294
8035
3542
1063
3247
13162
1278
7980
4016
1402
10693
1307
1278
2071
1766
1120
1044
2460
1044
1404
1044
1404
1093
2478
2460
1534
1404
1063
2898
1766
1050
1044
1051
1044
1049
1044
1049
1044
1050
1044
1050
1044
1049
1044
1049
3605
1278
2155
5477
1766
1049
1044
1049
1044
1050
1044
1050
1093
1934
1032
1049
1534
1032
1050
1044
5746
1046
2898
1766
1049
1044
1049
1044
1050
1044
1050
3605
1032
1049
1534
1032
1050
1044
5746
1044
5592
1032
1052
1046
3626
2688
64629
1032
1051
1338
1256
5675
1693
1278
5592
8583
1395
1278
2782
1307
1364
85684
1042
38618
1032
1049
1063
3501
1338
1256
17048
1278
4127
1395
1562
1261
4811
10393
1044
1321
1278
7293
12270
1307
1032
1049
1049
1050
1050
7980
1395
1058
1429
1065
7980
1455
15730
1307
17684
1307
9196
6689
1044
2478
2744
3584
2632
10249
10693
15449
1294
1278
6960
7980
1044
1321
1278
17684
1584
101479
1321
6432
1278
7980
2613
5646
1681
2549
1362
1736
1338
1256
32844
1033
17048
6570
1032
1050
1058
1429
4393
2744
1623
1562
1032
1049
1317
9027
1047
1050
1044
6689
1513
12197
1032
1050
1105
1045
1049
1321
1032
1050
1105
1584
9196
1319
1049
37601
1286
18881
4938
1455
1278
3584
1513
3980
1032
1050
1105
1045
1049
33197
1278
3584
1513
3980
1032
1050
1105
1044
1364
1421
1042
1593
4016
5864
1394
1278
1364
1297
1592
1042
7980
1044
1809
1278
79584
1395
1032
1049
37601
1286
1562
1278
3030
1307
1278
7980
1046
5646
1681
2549
1362
1736
1338
1256
9246
1681
1344
11568
3288
6570
1032
1051
1058
1429
12359
6818
15748
10249
5250
1032
1048
5213
1505
10693
1032
1050
5213
1294
1278
7980
3871
3367
1261
7980
1395
1766
1049
1044
1049
1044
1050
1044
1050
3605
1032
1049
10249
15449
1044
1032
1050
10249
15449
1046
22112
1338
1256
3316
2156
2258
2147
19190
2478
1766
1049
1044
1049
1044
1050
1044
1050
1093
1934
6705
5746
5592
1032
1051
1063
17048
1278
2155
5477
4016
1402
2516
1455
1278
1032
1049
1049
1050
1050
7980
7299
18751
1044
1809
1278
5592
5237
1395
1278
5592
1307
1278
7980
1364
43036
1042
1278
3804
3584
1063
3501
1338
1256
17048
1278
2688
2000
1099
52143
1040
1052
1044
1766
1049
1044
1032
1049
1044
1032
1050
1044
1032
1050
8623
2351
1032
1051
1096
1395
1261
96948
1321
2715
1402
1032
1052
1044
1809
1278
3330
2639
1429
24151
16424
70914
84674
14671
48761
1083
2613
4493
1362
4016
14649
1278
2688
1395
6298
1435
4265
1046
3367
1362
1710
2405
102295
1494
1044
13162
1362
2715
1344
41412
1278
3330
1681
16925
1046
1531
3330
8223
1058
1429
10311
1278
3629
2254
21734
1321
8953
3607
1044
10886
5687
1278
2254
5055
1321
2764
1747
1278
9458
1046
1603
24151
16424
70914
84674
14671
48761
1083
11621
1034
6830
2127
5234
1278
8953
3607
1454
11277
1044
1321
2430
1429
44579
2688
5443
1034
6625
2000
6390
96822
1531
3880
1562
1278
2158
6983
1486
2000
8723
15605
1040
1052
1044
1766
1049
1044
1032
1049
1044
1032
1050
1044
1032
1050
8623
2351
1032
1051
9816
1531
3880
1562
1278
2667
1486
2000
8723
15605
1040
1056
1044
1766
1050
1044
1032
1051
1044
1032
1049
1044
1032
1049
1044
1032
1050
1044
1032
1050
1044
1032
1049
1044
1032
1049
8623
2351
1032
1052
9816
4493
2960
2036
4607
22777
9700
2269
9458
1338
1256
17048
1362
2715
98931
1278
6298
11857
1562
1278
2688
5443
1044
3907
1278
58087
4604
1925
1046
9246
1681
2951
1747
2688
5443
1321
6878
25675
2100
1256
1032
1049
1046
2000
5914
1095
1049
1049
1050
1050
21777
5477
18086
1040
1056
1044
1766
1050
1044
1032
1051
1044
1032
1049
1044
1032
1049
1044
1032
1050
1044
1032
1050
1044
1032
1049
1044
1032
1049
8623
1096
2351
1032
1052
1010
1256
1032
1050
1046
2000
5914
1095
1049
1049
1050
1050
21777
5477
18086
1040
1051
1044
1766
1049
1044
1032
1050
1044
1032
1050
8623
1096
2351
1032
1050
1010
1256
1032
1051
1046
2000
5914
1095
1049
1049
1050
1050
21777
5477
18086
1040
1049
1044
1766
1049
8623
1096
2351
1032
1048
1010
1256
1032
1052
1046
2000
5914
1095
1049
1049
1050
1050
21777
5477
18086
1040
1052
1044
1766
1049
1044
1032
1049
1044
1032
1050
1044
1032
1050
8623
1096
2351
1032
1051
1032
121192
58087
4604
1010
1256
1032
1053
1046
2000
5914
1095
1049
1049
1050
1050
21777
5477
18086
1040
1054
1050
1044
21284
8623
1096
2351
1032
1050
1010
1256
1032
1054
1046
2000
5914
1095
1049
1049
1050
1050
21777
5477
18086
1040
1049
1057
1044
21284
8623
1096
2351
1032
1050
1010
1256
1032
1055
1046
2000
5914
1095
1049
1049
1050
1050
21777
5477
18086
1040
1049
1056
1044
21284
8623
1096
2351
1032
1050
1010
1256
1032
1056
1046
2000
5914
1095
1049
1049
1050
1050
21777
5477
18086
1040
1050
1048
1044
21284
8623
1096
2351
1032
1048
1010
1256
1032
1057
1046
2000
5914
1095
1049
1049
1050
1050
21777
5477
18086
1040
1056
1044
1766
1049
1044
1032
1050
1044
1032
1049
1044
1032
1050
1044
1032
1049
1044
1032
1050
1044
1032
1049
1044
1032
1050
8623
1096
2351
1032
1048
1010
1256
1032
1049
1048
1046
2000
5914
1095
1049
1049
1050
1050
21777
5477
18086
1040
1049
1050
1044
1766
1049
1048
1044
1032
1049
1049
1044
1032
1049
1048
1044
1032
1051
1044
1032
1049
1050
1044
1032
1053
1044
1032
1055
1044
1032
1049
1050
1044
1032
1055
1044
1032
1049
1049
1044
1032
1050
1044
1032
1049
8623
1096
2351
1032
1048
1010
1256
1032
1049
1049
1046
2000
5914
1095
1049
1049
1050
1050
21777
5477
18086
1040
1055
1044
1766
1049
1044
1032
1054
1044
1032
1055
1044
1032
1049
1044
1032
1055
1044
1032
1054
1044
1032
1053
8623
1096
2351
1032
1048
1010
1256
1032
1049
1050
1046
2000
5914
1095
1049
1049
1050
1050
21777
5477
18086
1040
1050
1044
1766
1049
1044
1032
1050
8623
1096
2351
1032
1048
1010
1256
1032
1049
1051
1046
2000
5914
1095
1049
1049
1050
1050
21777
5477
18086
1040
1057
1044
1766
1057
1044
1032
1052
1044
1032
1052
1044
1032
1055
1044
1032
1053
1044
1032
1056
1044
1032
1056
1044
1032
1054
1044
1032
1050
8623
1096
2351
1032
1050
1010
1256
1032
1049
1052
1046
2000
5914
1095
1049
1049
1050
1050
21777
5477
18086
1040
1049
1050
1044
1766
1050
1044
1032
1049
1044
1032
1049
1048
1044
1032
1049
1044
1032
1052
1044
1032
1051
1044
1032
1049
1050
1044
1032
1050
1044
1032
1056
1044
1032
1052
1044
1032
1049
1050
1044
1032
1049
8623
1096
2351
1032
1048
1010
1256
1032
1049
1053
1046
2000
5914
1095
1049
1049
1050
1050
21777
5477
18086
1040
1054
1044
1766
1051
1044
1032
1051
1044
1032
1050
1044
1032
1050
1044
1032
1049
1044
1032
1049
8623
1096
2351
1032
1054
1010
1256
1032
1049
1054
1046
2000
5914
1095
1049
1049
1050
1050
21777
5477
18086
1040
1050
1044
1766
1049
1044
1032
1049
8623
1096
2351
1032
1050
1010
1256
1032
1049
1055
1046
2000
5914
1095
1049
1049
1050
1050
21777
5477
18086
1040
1049
1048
1044
1766
1050
1044
1032
1050
1044
1032
1049
1044
1032
1049
1044
1032
1051
1044
1032
1051
1044
1032
1049
1044
1032
1049
1044
1032
1050
1044
1032
1050
8623
1096
2351
1032
1054
1010
1256
1032
1049
1056
1046
2000
5914
1095
1049
1049
1050
1050
21777
5477
18086
1040
1055
1044
1766
1049
1044
1032
1049
1044
1032
1050
1044
1032
1051
1044
1032
1051
1044
1032
1050
1044
1032
1050
8623
1096
2351
1032
1052
1267
1256
9246
1681
26812
2576
1317
3081
1278
16614
10097
1338
1256
7610
1044
9086
1747
1429
5983
1034
2155
93158
4057
1408
2036
3519
10097
1319
34500
5592
1044
22487
17684
1307
9196
6689
1044
1747
10217
4213
11074
2519
1256
2898
2744
2688
1044
2878
1681
24002
1278
6705
5592
2425
2036
10097
1044
1321
3219
2478
1494
41320
1562
6878
1338
1256
7637
1032
1049
1058
1766
1050
1044
1051
1044
1049
1044
1049
1044
1050
1044
1050
1044
1049
1044
1049
1093
4906
2036
10097
1058
1766
1049
1044
1049
1044
1050
1044
1050
1093
9027
1032
1052
1046
77859
1032
1052
1046
79472
1338
1256
7637
1032
1050
1058
1766
1049
1044
1050
1044
1050
1093
4906
2155
93158
1058
1766
1050
1044
1050
1093
9027
1032
1050
1046
77859
1032
1050
1046
79472
1338
1256
7637
1032
1051
1058
1766
1049
1093
4906
1032
1048
1046
79472
1338
1256
7637
1032
1052
1058
1766
1049
1044
1049
1044
1050
1044
1050
1093
4906
2036
10097
10177
1032
1052
1046
77859
1032
1051
1046
33847
1428
1338
1256
7637
1032
1053
1058
1766
1054
1050
2730
4460
1093
4906
6878
1032
1050
1046
1362
2607
2405
1736
1278
5275
4460
1044
1809
1362
1710
12319
1494
1338
1256
7637
1032
1054
1058
1766
1049
1051
1044
1032
1051
1044
1032
1051
1044
1032
1051
1044
1032
1055
1044
1032
1056
1044
1032
1050
1044
1032
1049
1051
1044
1032
1049
1044
1032
1052
1044
1032
1049
1051
1044
1032
1049
1056
1044
1032
1049
1055
1044
1032
1049
1048
1044
1032
1049
1053
1044
1032
1049
1054
1044
1032
1049
1057
1044
1032
1055
1044
1032
1049
1052
1093
4906
6878
1032
1050
1046
33446
1944
1934
1261
1766
1051
1044
1051
1093
1505
4510
1338
1256
7637
1032
1055
1058
1766
1055
1044
1032
1049
1056
1044
1032
1049
1048
1044
1032
1049
1053
1044
1032
1051
1044
1032
1049
1051
1044
1032
1049
1049
1044
1032
1056
1044
1032
1049
1048
1044
1032
1054
1044
1032
1055
1044
1032
1054
1044
1032
1050
1044
1032
1057
1044
1032
1049
1054
1044
1032
1051
1044
1032
1051
1044
1032
1053
1093
4906
6878
1032
1050
1046
24919
1766
1051
1044
1051
1093
1513
2362
1063
26524
1032
1049
1054
1044
1049
1055
1319
1048
37601
1286
1041
1584
1032
1051
1044
1051
1046
36609
1032
1050
1338
1256
7637
1032
1056
1058
1766
1052
1044
1032
1057
1044
1032
1051
1044
1032
1056
1044
1032
1051
1044
1032
1049
1048
1044
1032
1049
1050
1044
1032
1049
1052
1044
1032
1054
1044
1032
1050
1044
1032
1049
1055
1044
1032
1049
1053
1044
1032
1050
1044
1032
1050
1048
1044
1032
1052
1044
1032
1049
1051
1044
1032
1055
1044
1032
1057
1044
1032
1049
1050
1044
1032
1049
1054
1093
4906
6878
1032
1048
1046
3501
17220
33197
1063
9246
1681
4206
1058
1032
1052
1044
1057
3811
1059
1032
1057
1044
1051
3811
1059
1032
1051
1044
1056
3811
1059
1032
1056
1044
1051
3811
1059
1032
1051
1044
1049
1048
3811
1059
1032
1049
1048
1044
1049
1050
3811
1059
1032
1049
1050
1044
1049
1052
3811
1059
1032
1049
1052
1044
1054
3811
1059
1032
1054
1044
1050
3811
1059
1032
1050
1044
1049
1055
3811
1059
1032
1049
1055
1044
1049
1053
3811
1059
1032
1049
1053
1044
1050
3811
1059
1032
1050
1044
1050
1048
3811
1059
1032
1050
1048
1044
1052
3811
1059
1032
1052
1044
1049
1051
3811
1059
1032
1049
1051
1044
1055
3811
1059
1032
1055
1044
1057
3811
1059
1032
1057
1044
1049
1050
3811
1059
1032
1049
1050
1044
1049
1054
3811
1046
3501
17220
33197
1044
1878
1032
1048
1338
1256
7637
1032
1057
1058
1766
1049
1044
1050
1044
1049
1044
1050
1044
1049
1044
1050
1044
1049
1044
1050
1093
4906
6878
1032
1048
1046
3501
17220
33197
1338
1256
7637
1032
1049
1048
1058
1766
1049
1048
1044
1049
1049
1044
1049
1048
1044
1051
1044
1049
1050
1044
1053
1044
1055
1044
1049
1050
1044
1055
1044
1049
1049
1044
1050
1044
1049
1093
4906
6878
1032
1048
1046
3501
17220
33197
1063
1032
1049
1048
1044
1049
1049
3811
1059
1032
1049
1049
1044
1049
1048
3811
1059
1032
1049
1048
1044
1051
3811
1059
1032
1051
1044
1049
1050
3811
1059
1032
1049
1050
1044
1053
3811
1059
1032
1053
1044
1055
3811
1059
1032
1055
1044
1049
1050
3811
1059
1032
1049
1050
1044
1055
3811
1059
1032
1055
1044
1049
1049
3811
1059
1032
1049
1049
1044
1050
3811
1059
1032
1050
1044
1049
3811
1046
13830
1338
1256
7637
1032
1049
1049
1058
1766
1049
1044
1054
1044
1055
1044
1049
1044
1055
1044
1054
1044
1053
1093
4906
6878
1032
1048
1046
3501
17220
33197
1063
1032
1049
1044
1054
3811
1059
1032
1054
1044
1055
3811
1059
1032
1055
1044
1049
3811
1059
1032
1049
1044
1055
3811
1059
1032
1055
1044
1054
3811
1059
1032
1054
1044
1053
3811
1046
13830
1338
1256
7637
1032
1049
1050
1058
1766
1049
1044
1050
1093
4906
1032
1048
1338
1256
7637
1032
1049
1051
1058
1766
1057
1044
1052
1044
1052
1044
1055
1044
1053
1044
1056
1044
1056
1044
1054
1044
1050
1093
4906
6878
1032
1050
1046
1766
1052
1044
1052
1093
1321
1766
1056
1044
1056
11390
1256
7637
1032
1049
1052
1058
1766
1050
1044
1049
1044
1049
1048
1044
1049
1044
1052
1044
1051
1044
1049
1050
1044
1050
1044
1056
1044
1052
1044
1049
1050
1044
1049
1093
4906
6878
1032
1048
1046
12558
97140
2023
1058
1032
1050
1044
1049
3811
1059
1032
1049
1044
1049
1048
3811
1059
1032
1049
1048
1044
1049
3811
1059
1032
1049
1044
1052
3811
1059
1032
1052
1044
1051
3811
1059
1032
1051
1044
1049
1050
3811
1059
1032
1049
1050
1044
1050
3811
1059
1032
1050
1044
1056
3811
1059
1032
1056
1044
1052
3811
1059
1032
1052
1044
1049
1050
3811
1059
1032
1049
1050
1044
1049
3811
1046
3501
17220
33197
1338
1256
7637
1032
1049
1053
1058
1766
1051
1044
1051
1044
1050
1044
1050
1044
1049
1044
1049
1093
4906
6878
1032
1054
1046
4890
10097
10177
1032
1054
1338
1256
7637
1032
1049
1054
1058
1766
1049
1044
1049
1093
4906
1032
1050
1338
1256
7637
1032
1049
1055
1058
1766
1050
1044
1050
1044
1049
1044
1049
1044
1051
1044
1051
1044
1049
1044
1049
1044
1050
1044
1050
1093
4906
6878
1032
1054
1046
4890
10097
1058
1766
1050
1044
1050
1044
1049
1044
1049
1044
1051
1044
1051
1093
9027
1032
1054
1046
3247
1766
1049
1044
1049
1044
1051
1044
1051
1044
1049
1044
1049
1093
9027
1032
1054
1809
20520
3964
1317
28767
2632
1032
1049
1046
4493
6705
1032
1054
1338
1256
7637
1032
1049
1056
1058
1766
1049
1044
1049
1044
1050
1044
1051
1044
1051
1044
1050
1044
1050
1093
4906
6878
1032
1052
1046
4890
10097
1058
1766
1051
1044
1051
1044
1050
1044
1050
1093
9027
1032
1052
1338
1256
4493
1278
2342
2688
1455
41320
1562
2036
10097
1395
7637
1032
1052
1058
1766
1049
1044
1049
1044
1050
1044
1050
1093
6878
1032
1051
1044
2036
10097
10177
1032
1052
1338
1256
12211
2168
1766
1049
1044
1049
1044
1050
1044
1050
1093
5628
1032
1051
1063
9246
1681
3648
1693
2156
1681
2258
2147
16009
1046
17048
1278
1032
1049
1049
1050
1050
7980
4016
1736
1278
7299
1455
1278
10217
4213
1584
10693
1278
2158
1409
38801
10348
1562
1032
1049
1063
3501
1044
2688
1032
1049
1053
1766
1051
1044
1051
1044
1050
1044
1050
1044
1049
1044
1049
1093
1934
4213
1032
1051
1044
1050
1044
1049
1321
10177
1032
1054
1046
3367
1494
5074
4213
1032
1049
1044
1050
92008
1107
1044
2430
1766
1051
1044
1051
1044
1050
1044
1050
1044
1049
1044
1049
1093
2168
1402
5746
3147
1278
2016
1395
1445
1049
1044
1050
1044
1051
4179
1809
1278
3542
1395
1032
1051
1044
1050
1044
1049
1046
3367
1494
5074
1278
10217
4213
1317
1402
1294
8035
3542
1562
3979
1317
3169
1044
1766
1051
1044
1051
1044
1050
1044
1050
1044
1049
1044
1049
1093
2168
1402
20520
1044
1809
1494
1681
6878
1032
1054
1046
4493
1836
1338
1256
17048
1278
7980
5592
1395
8640
1435
1278
2782
1307
1364
1112
7432
2153
1321
1278
1850
1395
1032
1050
124944
1063
3626
2688
1032
1052
2168
1402
1409
1061
1050
4906
1032
1052
1044
6878
1032
1051
1338
1256
5675
1693
1278
1032
1049
1049
1050
1050
7980
1395
6493
1435
1058
1429
1065
7980
1455
1058
1032
1049
1046
24919
3199
5592
1032
1050
1046
2898
2744
1623
1562
1032
1049
1317
9027
1047
1050
1044
6689
1513
12197
1032
1050
1105
1045
1049
1321
1032
1050
1105
1584
9196
1319
1049
37601
1286
1041
1032
1051
1046
11796
6818
15748
10249
5250
1032
1048
5213
1505
10693
1032
1050
5213
1294
1278
7980
3871
3060
13162
1278
2155
5477
4016
1402
1364
121182
1405
1042
1261
1032
1049
1049
1050
1050
7980
1044
10138
1494
6560
1402
13071
1063
3501
1338
1256
9246
1681
1344
41412
6570
1032
1050
1058
1429
4393
2744
1623
1562
1032
1049
1317
9027
1047
1050
1044
6689
1513
12197
1032
1050
1105
1045
1049
1321
1032
1050
1105
1584
9196
1319
1049
37601
1286
114478
5675
1693
1429
72349
1032
1050
1105
1045
1049
1321
1032
1050
1105
1034
19442
1317
12197
1294
1278
4618
4460
1044
1605
1278
2155
5477
1063
5646
2168
1402
3435
22995
1394
1261
1429
2673
55568
2155
5477
1034
4127
1338
1256
17048
1278
1429
1049
1049
1050
1050
7980
1034
1395
1261
7980
2478
1278
5965
1307
1278
2158
6420
33197
1278
2667
6420
1063
3501
1338
1256
9246
1681
3369
1455
1278
2688
2000
1099
52143
1040
1052
1044
1766
1049
1044
1032
1049
1044
1032
1050
1044
1032
1050
8623
2351
1032
1051
1096
4139
1402
3147
1278
8905
5746
1364
1994
1569
1042
2155
5477
1395
24130
1063
3626
1278
8953
3607
6354
2405
4150
3875
1338
1256
17048
1278
2254
10721
1278
8905
5592
1307
1261
89045
2155
5477
1455
1395
1261
1032
1049
1049
1050
1050
7980
1044
1809
1278
1032
1049
1049
1050
1050
7980
12270
1934
1261
10005
6582
1741
1058
1429
12359
6818
15748
10249
5250
1032
1048
5213
1505
10693
1032
1050
5213
1294
1278
7980
3871
5675
1693
1429
1259
1278
7980
1034
4938
1294
1278
6836
4618
4460
1063
3501
1044
1429
1259
1278
7980
1034
19442
1317
1278
2155
5477
1338
1256
32844
1033
17048
6570
1032
1050
1321
6570
1032
1051
5823
41032
4433
2849
1046
59779
1032
1050
1058
17684
1307
9196
6689
1513
1319
1049
1044
1050
1574
1319
1051
1044
1052
1574
6421
59779
1032
1051
1058
2744
2632
10249
1032
1048
1505
1032
1050
5213
3788
1046
3367
1261
2632
10249
1294
2295
2801
17684
1044
1494
2168
6730
1032
1052
5213
1044
106524
6570
1032
1051
1046
4493
1747
10217
4213
4016
1402
11074
1046
5646
1681
2549
1362
1736
1338
1256
5675
1693
1278
2155
5477
5592
1395
1278
2782
1307
1364
85684
2153
1809
1278
1032
1049
1049
1050
1050
7980
5592
1395
6493
1435
1278
2782
1307
1364
1112
7432
1042
1063
1531
8953
3607
8223
1429
56691
1058
1531
8905
5592
1307
1261
89045
2155
5477
1455
1395
1261
1032
1049
1049
1050
1050
7980
3871
3060
1278
2158
3336
10721
1032
1052
1394
5592
1032
1056
4460
1044
1321
1278
2155
5477
1766
1049
1044
1049
1044
1050
1044
1050
1093
1934
5592
1032
1052
1046
4493
1850
1395
2155
5477
5592
1338
1256
9246
1681
2688
1693
1766
1049
1044
1049
1044
1050
1044
1050
1093
2481
1736
1261
5746
1032
1049
1049
1050
1050
2155
5477
1307
5592
1032
1051
2425
2269
19190
1046
17048
1278
2155
5477
1766
1049
1044
1049
1044
1050
1093
1395
6090
1063
3626
6570
1032
1049
1058
1429
23919
3199
5592
3871
4493
1032
1051
1395
20520
1338
1256
62079
2880
1278
4127
7442
3120
16424
4771
1278
2155
5477
1317
1736
3199
5592
1435
1261
15851
6570
1044
1809
1278
1032
1049
1049
1050
1050
7980
12270
1681
6570
1032
1049
1395
1429
23919
3199
5592
1897
1321
13162
1278
2254
10721
1278
8905
5592
1307
1261
89045
2155
5477
1455
1364
23620
1042
1261
1032
1049
1049
1050
1050
7980
1044
1809
1693
1836
2516
2155
5477
12123
1044
1494
10721
1032
1048
1044
1321
13162
1394
1766
1049
1044
1049
1044
1050
1044
1050
1093
1278
6705
1395
1032
1051
3147
2880
1836
1338
1256
17048
1362
5711
2633
1278
2688
1046
1531
3330
1681
3880
1877
1256
49958
1256
6852
15605
1040
1052
1044
1766
1049
1044
1032
1049
1044
1032
1050
1044
1032
1050
8623
2351
1032
1051
1010
1256
49958
1256
5675
1693
1278
4460
1395
48755
1049
1044
1032
1049
1044
1032
1050
1044
1032
1050
39261
1809
1308
1061
1052
1044
1321
1278
2254
1395
15654
1317
1850
1032
1051
3147
1278
8905
1032
1049
1049
1050
1050
7980
1395
1307
5592
1032
1051
1063
5646
35499
1115
6570
1032
1049
1046
25298
6570
1032
1049
1402
1429
23919
13509
5592
69235
3501
1044
1494
8223
3199
1338
1256
9246
1681
6123
1394
1593
4127
9495
68093
1046
1429
1049
1049
1050
1050
7980
1034
4139
1402
1562
1261
2301
1304
5603
32260
21448
1505
4433
1046
1362
26938
1261
4127
1429
23989
1278
9595
1372
22112
7672
3607
1034
1505
1429
1049
1049
1050
1050
56827
1034
13162
1562
13968
2975
2455
18545
1063
49032
1044
2156
1681
1261
13968
2975
2455
4127
1429
1049
1049
1050
1050
1065
1034
1809
1455
1681
2801
1046
17048
1494
1681
1562
1261
8531
3931
1067
10414
1505
13968
32433
1102
21448
1338
1256
15081
4914
1058
17048
1278
1429
1049
1049
1050
1050
7980
1034
4938
1278
7980
1307
10217
4213
9301
1261
7980
2478
2744
2632
10249
10693
15449
1294
1278
6836
4460
1063
3501
1338
1256
9246
1681
3352
1317
3081
1261
10097
1455
10177
1032
1051
1394
1766
1049
1044
1049
1044
1050
1044
1050
1093
1321
14175
1747
2147
9458
1338
1256
47508
1321
6878
25675
1877
1256
1032
1049
1046
1766
1050
1044
1051
1044
1049
1044
1049
1044
1050
1044
1050
1044
1049
1044
1049
1093
4906
1032
1052
1010
1256
1032
1050
1046
1766
1049
1044
1050
1044
1050
1093
4906
1032
1050
1010
1256
1032
1051
1046
1766
1049
1093
4906
1032
1048
1010
1256
1032
1052
1046
1766
1049
1044
1049
1044
1050
1044
1050
1093
4906
1032
1051
1010
1256
1032
1053
1046
1032
1054
1050
2730
4906
1032
1050
1010
1256
1032
1054
1046
1032
1049
1057
2730
4906
1032
1050
1010
1256
1032
1055
1046
1032
1049
1056
2730
4906
1032
1050
1010
1256
1032
1056
1046
1032
1050
1048
2730
4906
1032
1048
1010
1256
1032
1057
1046
1766
1049
1044
1050
1044
1049
1044
1050
1044
1049
1044
1050
1044
1049
1044
1050
1093
4906
1032
1048
1010
1256
1032
1049
1048
1046
1032
1049
1050
2730
4906
1032
1048
1010
1256
1032
1049
1049
1046
1032
1055
2730
4906
1032
1048
1010
1256
1032
1049
1050
1046
1766
1049
1044
1050
1093
4906
1032
1048
1010
1256
1032
1049
1051
1046
1766
1057
1044
1052
1044
1052
1044
1055
1044
1053
1044
1056
1044
1056
1044
1054
1044
1050
1093
4906
1032
1050
1010
1256
1032
1049
1052
1046
1032
1049
1050
2730
4906
1032
1048
1010
1256
1032
1049
1053
1046
1766
1051
1044
1051
1044
1050
1044
1050
1044
1049
1044
1049
1093
4906
1032
1054
1010
1256
1032
1049
1054
1046
1766
1049
1044
1049
1093
4906
1032
1050
1010
1256
1032
1049
1055
1046
1766
1050
1044
1050
1044
1049
1044
1049
1044
1051
1044
1051
1044
1049
1044
1049
1044
1050
1044
1050
1093
4906
1032
1054
1010
1256
1032
1049
1056
1046
1766
1049
1044
1049
1044
1050
1044
1051
1044
1051
1044
1050
1044
1050
1093
4906
1032
1052
1267
1256
9246
1681
24002
1394
2744
2688
1278
8905
5592
1307
1261
89045
2155
5477
2478
1877
1256
1462
2157
1710
1402
107894
2203
22487
17684
1307
9196
6689
1626
1256
1462
3797
10217
4213
1584
11074
1626
1256
1462
36609
1395
3199
1338
1256
4890
21564
4213
1877
1256
1032
1049
1046
1032
1052
1319
69828
1456
1256
1032
1050
1046
1032
1050
1319
69828
1456
1256
1032
1051
1046
1032
1048
1319
69828
1456
1256
1032
1052
1046
1032
1052
1319
16655
1032
1051
1456
1256
1032
1053
1046
1032
1050
1319
69828
1044
12319
1456
1256
1032
1054
1046
1032
1050
1319
69828
1456
1256
1032
1055
1046
1032
1050
1319
69828
1456
1256
1032
1056
1046
1032
1048
1319
69828
1456
1256
1032
1057
1046
1032
1048
1319
69828
1456
1256
1032
1049
1048
1046
1032
1048
1319
69828
1456
1256
1032
1049
1049
1046
1032
1048
1319
69828
1456
1256
1032
1049
1050
1046
1032
1048
1319
69828
1456
1256
1032
1049
1051
1046
1032
1050
1319
69828
1456
1256
1032
1049
1052
1046
1032
1048
1319
69828
1456
1256
1032
1049
1053
1046
1032
1054
1319
69828
1456
1256
1032
1049
1054
1046
1032
1050
1319
69828
1456
1256
1032
1049
1055
1046
1032
1054
1319
69828
1456
1256
1032
1049
1056
1046
1032
1052
1319
69828
1801
1256
4493
2342
2688
1032
1052
1395
2490
1536
1032
1049
1319
1052
8070
1032
1051
1577
17048
1278
10097
1395
12593
2801
1058
12494
1278
1032
1049
1049
1050
1050
7980
4016
1736
1278
7299
1455
1278
10217
4213
1584
1294
36993
8035
3542
1063
9246
1681
4206
1877
1256
7637
1032
1052
1058
1766
1049
1044
1049
1044
1050
1044
1050
1093
10217
4213
1032
1049
1044
1050
4906
8035
1044
5592
1032
1052
1046
3367
10097
1486
8035
3542
1044
1494
2168
1402
5746
1044
3637
1032
1052
1626
1256
7637
1032
1049
1053
1058
1766
1051
1044
1051
1044
1050
1044
1050
1044
1049
1044
1049
1093
10217
4213
1032
1051
1044
1050
1044
1049
4906
1605
8035
1044
1809
6878
1032
1054
1046
4493
1605
8035
1626
1256
17048
31040
1063
7637
1032
1049
1053
31040
1044
2688
1032
1052
8035
1046
5500
12714
1338
1256
5675
1693
1278
1032
1049
1049
1050
1050
7980
10867
1455
1278
1364
1297
1592
1042
2155
5477
1044
2200
3346
1435
1261
7980
1044
1934
1278
7299
1455
1278
2158
3584
33197
1278
2667
1044
5888
33197
12432
1044
6704
3109
12164
1278
7980
1307
10217
4213
1395
1261
77806
1307
1032
1049
1791
1107
1063
7637
1032
1049
1053
1058
1409
1061
1051
1044
10217
4213
1032
1051
1044
1050
1044
1049
1799
1395
1261
77806
1307
1032
1049
1791
1051
1046
7637
1032
1052
1058
1409
1061
1050
1044
10217
4213
1032
1049
1044
1050
77806
1307
1032
1049
1791
1050
1046
7637
1032
1049
1055
1058
1766
1050
1044
1050
1044
1049
1044
1049
1044
1051
1044
1051
1044
1049
1044
1049
1044
1050
1044
1050
1093
6705
1032
1054
1046
7672
5477
1766
1050
1044
1050
1044
1049
1044
1049
1044
1051
1044
1051
1093
10217
4213
1032
1050
1044
1049
1044
1051
4906
77806
1307
1032
1049
1791
1051
1063
13830
1044
1445
1049
1044
1050
1044
1051
14522
3626
7377
1044
1766
1050
1044
1050
1044
1049
1044
1049
1044
1051
1044
1051
1093
1934
4213
1032
1050
1044
1049
1044
1051
1046
3367
1278
10097
1486
1429
56966
4213
4016
1402
1261
77806
1307
1032
1049
1791
1107
1897
2430
1394
1766
1049
1044
1049
1044
1050
1044
1050
1093
1409
1061
1050
1044
4213
1032
1049
1044
1050
1395
77806
1046
24578
10177
1032
1052
1338
1256
5675
1693
1278
10097
1395
1058
1278
2155
5477
4016
1402
1261
1032
1049
1049
1050
1050
7980
1044
12164
1494
4016
1402
33220
1294
2269
7453
1063
3501
1338
1256
17048
1278
1850
2632
1395
1278
8905
1364
1107
1042
2516
1455
2156
12123
1261
1032
1049
1049
1050
1050
7980
1307
5592
1032
1050
1107
1044
1809
1278
8953
3607
11277
35499
1058
2158
3336
10721
1032
1052
1394
5592
1032
1056
1044
1321
2155
5477
5592
1032
1052
1044
1878
1409
1061
1050
1046
3367
1850
1486
1409
1044
1494
2168
1402
1032
1050
1046
3626
1494
1681
1032
1052
1046
4493
1850
1395
5592
1338
1256
32844
1033
20681
1513
1278
2158
8953
3607
3336
1058
2000
35209
6705
1095
1049
1049
1050
1050
21777
5477
18086
1040
1056
1044
1766
1050
1044
1032
1051
1044
1032
1049
1044
1032
1049
1044
1032
1050
1044
1032
1050
1044
1032
1049
1044
1032
1049
8623
1096
10721
1032
1052
1046
1531
2667
1058
2000
35209
6705
1095
1049
1049
1050
1050
21777
5477
18086
1040
1051
1044
1766
1049
1044
1032
1050
1044
1032
1050
8623
1096
10721
1032
1050
1046
22126
1058
2000
35209
6705
1095
1049
1049
1050
1050
21777
5477
18086
1040
1049
1044
1766
1049
8623
1096
10721
1032
1048
1338
1256
9032
1278
7481
2688
2000
1099
52143
1040
1052
1044
1766
1049
1044
1032
1049
1044
1032
1050
1044
1032
1050
8623
2351
1032
1051
9816
17048
1278
3330
3214
1261
96948
1321
11715
2000
3107
1032
1052
69524
3626
2127
2639
1429
24151
16424
70914
84674
14671
48761
1083
2613
1362
4016
14649
1278
2688
1395
6298
1435
2000
3107
1032
1051
9816
3367
1362
4848
3475
1455
10721
1032
1052
1044
1494
2084
7195
1455
2688
1046
1531
3330
4139
1736
70440
5656
1261
2688
1455
7444
81681
1317
3180
1639
3648
31709
1044
1505
1494
1681
1261
4629
10314
2937
1338
1256
9246
1681
1344
41412
1278
8953
3607
3435
21966
1044
13162
1362
21957
1261
12705
1626
1256
1429
1065
1032
1049
1049
1050
1050
7980
1395
6493
1435
1261
7980
1455
1877
1256
1032
1049
1046
24919
3199
5592
1010
1256
1032
1050
1046
2898
2744
1623
1562
1032
1049
1317
9027
1047
1050
1044
6689
1513
12197
1032
1050
1105
1045
1049
1321
1032
1050
1105
1584
9196
1319
1049
37601
1286
1456
1256
1032
1051
1046
11796
6818
15748
10249
5250
1032
1048
5213
1505
10693
1032
1050
5213
1294
1278
7980
4410
1256
5675
1693
1429
85684
1513
12197
1032
1050
1105
1045
1049
1321
1032
1050
1105
1584
9196
1034
4938
1278
3584
1513
3980
1032
1050
1105
1045
1049
33197
1278
3584
1513
3980
1032
1050
1105
1364
1259
1278
4618
4460
1042
1063
3626
1494
8223
43354
1049
37601
1286
37617
1799
7754
4938
1278
79584
16896
1513
1032
1049
1394
1278
7980
1046
3367
1494
11715
1294
1278
4460
1044
1494
2168
4150
1429
1259
1278
4460
1261
7223
1256
17048
1278
7980
1395
1032
1049
37601
1286
1044
1321
1278
6570
1395
1455
1394
2744
1623
1044
1261
1091
1050
1105
1045
1049
1093
2351
1261
1091
1050
1105
1093
1294
1278
2155
5477
1046
5646
1681
2549
1362
1736
1338
1256
9246
1681
3648
2314
1278
14541
1455
1278
1032
1049
1049
1050
1050
7980
1395
6493
1408
1278
1364
64713
1042
1307
1278
2155
5477
1044
1809
1278
1429
23665
15748
1034
1294
6570
1032
1051
19442
1317
1278
1364
72349
1042
1063
3501
1044
1429
12359
6818
15748
10249
5250
1032
1048
5213
1505
10693
1032
1050
5213
1034
19442
1317
1278
4213
1294
1278
7980
1338
1256
17048
1278
2155
5477
4016
3030
1513
1420
3199
4891
1294
1278
4618
4460
1063
3501
1338
1256
9246
1681
3352
1317
3081
1420
11559
19190
1455
28248
1032
1051
1394
1766
1049
1044
1049
1044
1050
1044
1050
11390
1256
86326
1349
1058
1349
1032
1049
1049
1050
1050
7980
1395
1261
89045
2155
5477
2478
1278
2158
6420
1321
2667
6420
1736
2269
7299
1063
3501
1338
1256
86326
1398
1058
1531
1429
1049
1049
1050
1050
7980
1034
4938
1278
7980
1307
4213
1395
10693
1766
1049
1044
1049
1044
1050
1044
1050
1093
1505
1261
41830
10740
1063
3501
1338
1256
86326
1359
1058
1531
5592
8583
1395
1278
2782
1307
1364
85684
1042
1294
1278
2155
5477
38618
1032
1049
1063
2898
1766
1049
1044
1049
1044
1050
1044
1050
1093
5592
1032
1052
4906
1032
1051
1046
3626
2430
1766
1051
1044
1051
1044
1050
1044
1050
1044
1049
1044
1049
1093
5592
1032
1054
4906
1032
1053
1044
1809
6878
1032
1054
1046
4493
1836
1338
1256
86326
1407
1058
1531
2155
5477
4016
1402
2516
1455
1278
10217
4213
1584
1747
11074
12164
1278
2155
5477
6560
1402
13071
1317
1278
3979
1505
3169
3016
24925
1278
7299
1063
3626
1766
1049
1044
1049
1044
1050
1044
1050
1093
1710
2405
1402
13071
3746
1278
4460
1044
1809
1278
6705
5592
1395
3637
1032
1052
1338
1256
86326
1436
1058
17048
6570
1032
1051
1429
12359
6818
15748
10249
5250
1032
1048
5213
1505
10693
1032
1050
5213
1294
1278
7980
1034
4938
1455
1364
1259
1278
6836
4618
4460
2153
2744
15748
10249
1032
1048
1505
1032
1050
5213
1063
3501
1044
1455
12285
2405
3180
7453
1394
1261
2155
5477
4127
1338
1256
86326
1439
1058
17048
1278
1032
1049
1049
1050
1050
7980
1395
1261
7980
2478
1278
5965
1395
1455
1278
2158
10217
1395
1319
1049
1044
1049
1574
1278
2667
10217
1395
1319
1050
1044
1050
1574
6704
3109
1321
1278
4213
4016
1402
10693
1278
38801
1562
1032
1049
1317
1409
1294
3542
1063
3626
2688
1032
1049
1053
1766
1051
1044
1051
1044
1050
1044
1050
1044
1049
1044
1049
1093
2168
2430
1402
20520
1044
6878
1032
1054
1338
1256
32844
1033
7637
1032
1049
1053
1058
1766
1051
1044
1051
1044
1050
1044
1050
1044
1049
1044
1049
1093
6878
1032
1054
1046
3367
1278
4213
4016
1402
1032
1049
1044
1050
1044
1051
1294
2269
3542
1044
1032
1051
1044
1050
1044
1049
1395
1261
77806
1044
1878
5746
1046
7637
1032
1052
1058
1766
1049
1044
1049
1044
1050
1044
1050
1093
4213
1032
1049
1044
1050
5746
1046
24578
1032
1052
1338
1256
5675
1693
1278
1032
1049
1049
1050
1050
7980
10867
1455
1278
10217
4213
1584
10693
1278
2158
1409
6818
38801
1044
1809
1278
2155
5477
4016
3030
1454
1278
36111
1063
3501
1338
1256
9246
1681
2985
1513
2688
1032
1049
1055
1058
1766
1050
1044
1050
1044
1049
1044
1049
1044
1051
1044
1051
1044
1049
1044
1049
1044
1050
1044
1050
1093
6878
1032
1054
1046
4890
10097
10177
1032
1054
1562
1766
1050
1044
1050
1044
1049
1044
1049
1044
1051
1044
1051
3077
1531
10217
4213
1584
1032
1050
1044
1049
1044
1051
1046
3367
1278
10097
1486
1429
56966
4213
4016
1402
1261
77806
1307
1032
1049
1791
1107
1897
1455
6113
1046
3626
2688
1032
1052
2095
6113
1338
1256
17048
1278
7293
10097
1395
1058
3081
1278
8905
5592
1307
1261
89045
2155
5477
1455
1710
1402
107894
2203
17684
1307
9196
6689
1044
2516
1455
1747
10217
4213
1584
11074
1046
12164
1278
2155
5477
1681
5592
1395
1278
2782
1307
6689
1046
5646
1681
2036
10097
1046
1531
2342
63365
1395
2688
1032
1052
1338
1256
25298
1494
1402
1455
1278
2688
2000
1099
52143
1040
1052
1044
1766
1049
1044
1032
1049
1044
1032
1050
1044
1032
1050
8623
2351
1032
1051
1096
1395
7442
10418
1261
2801
2254
8033
3147
1307
1261
98278
1307
1278
4127
10674
1536
1278
3330
1063
3247
13162
1278
3330
1681
2688
9962
1934
1261
19940
1044
1809
1362
4016
2764
1494
1046
3367
1362
4016
2764
1494
1044
1362
2534
1317
3081
5782
1032
1051
1338
1256
9246
1681
1344
11568
14176
2688
1032
1052
1058
2000
1099
52143
1040
1052
1044
1766
1049
1044
1032
1049
1044
1032
1050
1044
1032
1050
8623
2351
1032
1051
9816
5675
1693
1278
2254
1395
15654
1317
1850
1278
8905
5592
1307
1261
1364
1994
1569
1042
89045
2155
5477
1455
1395
1261
1032
1049
1049
1050
1050
7980
1063
3626
1766
1049
1044
1049
1093
1934
5592
1032
1050
1044
1766
1050
1044
1050
1093
1934
5592
1032
1050
1044
6705
3875
2168
1402
1032
1050
1044
1605
1032
1051
1338
1256
5675
1693
1278
1032
1049
1049
1050
1050
7980
5592
1395
6493
1435
1278
2782
1307
1364
1112
7432
1042
1063
6830
1394
1766
1049
1044
1049
1044
1050
1044
1050
1093
1409
1061
1050
1044
1809
6878
1032
1051
1046
2898
1766
1051
1044
1051
1044
1050
1044
1050
1044
1049
1044
1049
1093
1409
1061
1051
1044
6878
1032
1054
1046
4493
1836
1338
1256
5675
1693
1278
1850
1395
1278
8905
5592
1307
1261
89045
2155
5477
1455
1395
1261
1032
1049
1049
1050
1050
7980
1044
1809
1278
1032
1049
1049
1050
1050
7980
12270
1934
1261
96948
1294
2036
10718
1063
1429
4393
2744
1623
1562
1032
1049
1317
9027
1047
1050
1044
6689
1513
12197
1032
1050
1105
1045
1049
1321
1032
1050
1105
1584
9196
1319
1049
37601
1286
18881
1462
13162
1494
4938
6689
1513
12197
1623
1321
1623
1043
5197
1047
1050
1584
9196
1063
3501
1338
1256
9246
1681
3648
2314
1278
2564
1429
1049
1049
1050
1050
7980
3871
17048
1494
1681
1261
7980
1455
16896
1454
1032
1049
1044
1049
1044
1050
1044
1050
1063
3626
6570
1032
1051
4352
9357
1494
1338
1256
15081
11695
1058
17048
1278
2155
5477
4016
34301
1455
1278
1364
10855
1042
1307
1278
17684
1584
10693
1278
7980
1032
1049
1044
1050
1044
1051
90743
1294
3542
1063
7637
1032
1049
1053
1766
1051
1044
1051
1044
1050
1044
1050
1044
1049
1044
1049
1093
2168
1402
20520
1044
1809
6878
1032
1054
1046
4493
1836
1338
1256
5675
1693
1278
7980
1395
1032
1049
37601
1286
1044
1321
6570
1032
1050
4938
1058
1394
2744
1623
1562
1032
1049
1317
9027
1047
1050
1044
1278
3584
1513
3980
1032
1050
1105
1045
1049
33197
1278
3584
1513
3980
1032
1050
1105
1044
12164
2576
6689
4016
1402
1278
15748
1623
1063
5646
2168
3180
1766
1049
1044
1049
1044
1050
1044
1050
1093
5746
1319
1105
1061
1049
1058
2022
1032
1049
1044
1050
1584
1032
1049
1059
1623
1061
1050
1058
2022
1032
1051
1044
1052
1584
1032
1050
1577
1766
1051
1044
1051
1044
1050
1044
1050
1044
1049
1044
1049
1093
2168
1736
1623
1061
1049
1058
2022
1032
1049
1044
1050
1584
1032
1051
1044
1809
2715
1402
1032
1049
1063
41451
1046
3626
6878
1032
1054
1046
4493
1836
1338
1256
17048
6570
1032
1051
1395
1429
12359
6818
15748
10249
5250
1032
1048
5213
1505
10693
1032
1050
5213
1294
1278
7980
1897
1321
6570
1032
1050
1395
1429
4393
2744
1623
1562
1032
1049
1317
9027
1047
1050
1044
6689
1513
12197
1032
1050
1105
1045
1049
1321
1032
1050
1105
1584
9196
3871
5675
1693
1278
1429
23665
15748
1034
1294
6570
1032
1051
19442
1317
1278
1364
64713
1042
1623
1063
3501
1338
1256
9246
1681
3352
1317
6123
1394
1429
1049
1049
1050
1050
7980
1034
1294
1278
5315
1307
27815
19466
1046
1362
26938
1261
4127
1429
1049
1049
1050
1050
56827
1034
1562
13968
2975
2455
1505
13162
1261
2301
1304
5603
4127
1429
68176
36609
1307
1261
25895
6329
1621
3000
1034
1836
1046
17048
1494
1681
1562
1261
8531
3931
1067
10414
43034
2356
64467
1063
24176
1032
1051
1048
1048
4433
1063
3730
1681
1261
4127
1429
1049
1049
1050
1050
1034
13162
1605
1338
1256
32844
1033
17048
1278
1429
1049
1049
1050
1050
1034
19442
1317
1278
5965
1307
1278
7980
1058
1494
1681
1261
7980
2478
1278
2158
3584
10249
15449
1044
1278
2667
3584
10249
15449
1044
6704
3109
1809
1278
1364
72349
1042
1307
1278
9196
6689
1584
1605
20594
22487
1063
3501
1044
6570
1032
1050
8223
1429
4393
2744
1623
1562
1032
1049
1317
9027
1047
1050
1044
6689
1513
12197
1032
1050
1105
1045
1049
1321
1032
1050
1105
1584
9196
1319
1049
37601
1286
37617
1799
8908
2424
1317
1402
22487
17684
1338
1256
9246
1681
1344
41412
1278
3330
1681
16925
1058
1429
10311
1278
3629
2254
21734
1321
8953
3607
1044
10886
5687
1278
2254
5055
1321
2764
1747
1278
9458
2613
1531
8953
3607
1934
1278
12270
1046
1531
9458
1584
1294
2000
6390
96822
1531
3330
8223
1429
16994
4607
6983
9700
1278
9458
2613
1321
10177
10957
1046
1531
2158
3880
1486
2000
8723
15605
1040
1052
1044
1766
1049
1044
1032
1049
1044
1032
1050
1044
1032
1050
8623
2351
1032
1051
9816
1531
2667
1486
2000
8723
15605
1040
1056
1044
1766
1050
1044
1032
1051
1044
1032
1049
1044
1032
1049
1044
1032
1050
1044
1032
1050
1044
1032
1049
1044
1032
1049
8623
2351
1032
1052
14708
1256
17048
2036
4607
3475
1880
1261
19940
1455
3214
1494
7195
1278
2667
2688
1044
1809
1278
2158
2688
2000
1099
52143
1040
1052
1044
1766
1049
1044
1032
1049
1044
1032
1050
1044
1032
1050
8623
2351
1032
1051
1096
1486
7442
16504
1294
1278
2158
6983
1063
3501
1044
1278
2158
6983
3880
6122
1494
9700
1513
1455
3110
1046
1531
2667
6983
3880
6122
1494
9700
1513
1278
2158
8953
3607
3336
1338
1256
9246
1681
3352
1317
98931
1278
6298
11857
1562
1278
2688
5443
1536
27408
2036
10097
1395
7115
6298
1044
1809
1454
1261
3709
22454
1455
5266
1766
1049
1044
1049
1044
1050
1044
1050
1093
1562
1032
1052
1317
1032
1051
1338
1256
5675
22454
2168
3180
1766
1049
1044
1049
1044
1050
1044
1050
1093
1850
1032
1051
9551
1256
1462
17048
1278
2155
5477
4016
1736
1278
7299
1455
1278
10217
4213
1584
1747
11074
12164
1278
2155
5477
5592
1395
1605
1278
6836
4460
1693
1278
6836
4460
1395
1278
2342
1925
1063
3501
1626
1256
1462
17048
1278
1032
1049
1049
1050
1050
7980
4016
1402
1429
10037
3731
1034
1294
2269
3039
1063
3501
1626
1256
1462
17048
1278
1850
2632
1395
1278
8905
5592
1307
1261
89045
2155
5477
1455
1395
1261
1032
1049
1049
1050
1050
7980
1044
1809
1693
1278
6960
4460
1395
1261
1032
1049
1049
1050
1050
7980
1044
1729
1850
4433
2849
1063
3501
1338
1256
5675
1693
1278
1032
1049
1049
1050
1050
7980
12270
7442
8223
1058
1429
1049
1046
24919
3199
5592
1032
1050
1046
2898
2744
1623
1562
1032
1049
1317
9027
1047
1050
1044
6689
1513
12197
1032
1050
1105
1045
1049
1321
1032
1050
1105
1584
9196
1319
1049
37601
1286
1041
1032
1051
1046
11796
6818
15748
10249
5250
1032
1048
5213
1505
10693
1032
1050
5213
1294
1278
7980
3871
3060
13162
1278
2155
5477
4016
3030
1513
4891
1032
1049
1307
1278
4618
4460
1063
3501
1338
1256
9246
1681
3369
1455
1278
2688
2000
1099
52143
1040
1052
1044
1766
1049
1044
1032
1049
1044
1032
1050
1044
1032
1050
8623
2351
1032
1051
1096
4139
1402
3147
1278
8905
5746
2155
5477
1395
1766
1049
1044
1049
1044
1050
1093
1063
3626
6570
1032
1049
8223
3199
5592
1046
62079
6570
1032
1049
1395
1605
75793
1536
1278
2688
1063
3626
1278
8953
3607
8223
1494
1395
1338
1256
17048
1278
4127
1395
1562
1261
2767
1045
32376
5211
1321
1429
1049
1049
1050
1050
7980
1034
1934
1261
2801
12270
1046
1429
1049
1049
1050
1050
1034
2481
4204
1278
7980
1307
10217
4213
1395
1032
1049
1044
1049
1044
1050
1044
1050
1063
3501
1338
1256
9246
1681
2985
1513
1278
2688
2000
1099
52143
1040
1055
1044
1766
1049
1044
1032
1049
1044
1032
1050
1044
1032
1051
1044
1032
1051
1044
1032
1050
1044
1032
1050
8623
2351
1032
1052
9816
4890
10097
10177
1032
1052
1562
1766
1051
1044
1051
1044
1050
1044
1050
3077
1531
2155
5477
1766
1049
1044
1049
1044
1050
1044
1051
1044
1051
1044
1050
1044
1050
1093
1934
5592
1032
1055
1046
22112
1032
1049
1049
1050
1050
2155
93158
1058
1766
1049
1044
1049
1093
9027
1032
1050
1044
1766
1051
1044
1051
1044
1050
1044
1050
1093
9027
1032
1052
1044
1766
1050
1044
1050
1093
9027
1032
1050
1046
8923
1032
1052
1338
1256
7637
2000
1099
52143
1040
1049
1048
1044
1766
1050
1044
1032
1050
1044
1032
1049
1044
1032
1049
1044
1032
1051
1044
1032
1051
1044
1032
1049
1044
1032
1049
1044
1032
1050
1044
1032
1050
8623
2351
1032
1054
9816
4890
10097
10177
1032
1054
1562
1766
1050
1044
1050
1044
1049
1044
1049
1044
1051
1044
1051
3077
1531
11829
1766
1049
1044
1049
1044
1050
1044
1050
1093
1513
1278
2362
1934
5592
1032
1052
1809
2632
1032
1049
10249
1294
2960
1278
2158
1805
1321
1278
2362
1063
49032
1766
1049
1044
1049
1044
1050
1044
1050
1093
1513
26524
1032
1054
1791
1057
1063
8851
1058
26524
1032
1048
1058
1050
1044
1049
1058
1050
1044
1032
1050
1058
1049
1044
1051
1058
1049
1044
1032
1052
1058
1051
1044
1053
1058
1051
1044
1032
1054
1058
1049
1044
1055
1058
1049
1044
1032
1056
1058
1050
1044
1057
1058
1050
1046
1766
1050
1044
1050
1044
1049
1044
1049
1044
1051
1044
1051
1093
1395
26524
1032
1048
1791
1053
1046
1766
1049
1044
1049
1044
1050
1044
1050
1093
1395
26524
1032
1054
1791
1057
1046
3626
1710
1729
1736
1766
1050
1044
1050
1044
1049
1044
1049
1044
1051
1044
1051
1044
1049
1044
1049
1093
1063
5646
2168
1736
2632
1032
1049
36910
1032
1052
5213
1044
20520
1046
4493
6705
1032
1054
1338
1256
9032
1044
2549
1693
1278
10097
1395
1058
3081
1278
8905
5592
1307
1261
89045
2155
5477
1455
1710
1402
107894
2203
17684
1307
9196
6689
1044
2516
1455
1747
10217
4213
1584
11074
1044
12164
1278
2155
5477
4016
3030
1513
1420
3199
4891
1319
1048
37601
1286
1041
1505
13509
4891
1063
3501
1044
2688
1032
1049
16896
1513
5561
12421
1338
1256
17048
1278
1032
1049
1049
1050
1050
7980
10867
1455
1278
10217
4213
1584
1294
1278
3542
1307
2034
2158
13988
1063
3501
1338
1256
9246
1681
3352
1317
3081
1261
5965
2478
1766
1049
1044
1049
1044
1050
1044
1050
1093
10177
1032
1051
1046
5675
1693
1278
2254
10721
1278
8905
1364
1107
1042
2516
1455
2156
1395
1261
1032
1049
1049
1050
1050
7980
1307
5592
1032
1050
1107
1044
1809
1278
1850
2658
1395
1935
1044
1321
13162
1394
1766
1049
1044
1049
1044
1050
1044
1050
1093
1278
6705
1409
1395
1032
1049
1063
3626
2430
1850
2168
1402
1032
1050
1044
1605
1032
1051
1046
3060
8953
3607
2158
3336
10721
1032
1052
1394
1409
1061
1050
1338
1256
32844
1033
5675
1693
1278
1429
13418
1034
1294
1278
1850
1395
1278
2782
1307
1364
85684
1042
38618
1032
1049
1063
2898
1766
1049
1044
1049
1044
1050
1044
1050
1093
5592
1032
1052
4906
1032
1051
1046
2898
1766
1051
1044
1051
1044
1050
1044
1050
1044
1049
1044
1049
1093
5592
1032
1054
4906
1032
1053
1044
1809
6878
1032
1054
1046
4493
1836
1338
1256
5675
1693
1278
1850
1395
1278
8905
5592
1307
1261
89045
2155
5477
1455
1395
1261
1032
1049
1049
1050
1050
7980
1044
1809
1278
1032
1049
1049
1050
1050
7980
1395
6493
1435
1058
1261
7980
2478
1278
2158
6420
33197
1278
2667
6420
1063
3501
1338
1256
9246
1681
1344
41412
1278
8953
3607
12270
1925
2081
2142
1044
3435
16558
1877
1256
1429
1065
1032
1049
1049
1050
1050
7980
1395
6493
1435
1261
7980
1455
1877
1256
1032
1049
1046
24919
3199
5592
1010
1256
1032
1050
1046
2898
2744
1623
1562
1032
1049
1317
9027
1047
1050
1044
6689
1513
12197
1032
1050
1105
1045
1049
1321
1032
1050
1105
1584
9196
1319
1049
37601
1286
1456
1256
1032
1051
1046
11796
6818
15748
10249
5250
1032
1048
5213
1505
10693
1032
1050
5213
1294
1278
7980
4410
1256
5675
1693
1429
72349
1032
1050
1105
1045
1049
1321
1032
1050
1105
1584
9196
1034
4938
1278
3584
1513
3980
1032
1050
1105
1045
1049
33197
1278
3584
1513
3980
1032
1050
1105
1364
1259
1278
4618
4460
1261
1042
1063
3626
1494
8223
43354
1049
37601
1286
37617
1799
4139
4204
1278
12197
1584
1032
1049
37601
1286
7858
1317
1278
3030
1307
1278
2155
5477
1046
3367
1494
11715
1294
1278
4618
4460
1044
1494
2168
1402
35133
3147
1278
2155
5477
1395
89045
1044
1878
12197
2168
10740
1338
1256
17048
1278
1429
1049
1049
1050
1050
7980
1034
1395
1261
7980
1455
1710
1402
13156
2203
2295
107226
2478
1278
2158
6420
1934
2269
7299
1063
3501
1338
1256
9246
1681
3648
7805
1278
7616
1058
13162
1278
2688
2000
1099
52143
1040
1052
1044
1766
1049
1044
1032
1049
1044
1032
1050
1044
1032
1050
8623
2351
1032
1051
1096
1395
1261
27223
1294
1278
3330
1681
2688
9962
1044
1809
4136
1362
4016
2764
1494
1044
1362
2481
3352
1317
3081
1420
11857
1455
10177
1032
1051
1394
1455
2937
1321
14175
1747
6218
1046
3367
1362
1710
2405
1044
13162
1362
2715
4848
1278
3475
1455
14175
1278
8953
3607
12270
1321
1278
11774
1307
9458
1044
1321
10789
1278
3330
1681
2688
1032
1052
1395
1261
96948
1046
3626
1278
3330
24215
2639
1429
24151
16424
70914
84674
14671
48761
1083
2613
1321
1429
12107
1747
1278
9458
3871
4493
1362
4016
2764
2000
1099
52143
1040
1052
1044
1766
1049
1044
1032
1049
1044
1032
1050
1044
1032
1050
8623
2351
1032
1051
14708
1256
3316
2156
2258
3039
2000
5914
1095
1049
1049
1050
1050
21777
5477
18086
1040
1052
1044
1766
1049
1044
1032
1049
1044
1032
1050
1044
1032
1050
8623
1096
10721
1032
1051
2425
1261
22810
19190
1307
1278
8953
3607
2634
1256
9246
1681
2951
1747
89045
2155
93158
1307
1766
1049
1044
1049
1044
1050
1044
1050
1093
1321
4206
1799
10907
34301
1278
3300
5481
1044
1321
2549
2034
34749
1584
1877
1256
1462
7672
93158
1307
5592
1032
1049
1058
1766
1049
3605
1766
1049
3605
1766
1050
3605
1766
1050
1093
4906
6570
1032
1049
24372
1319
3715
3199
4342
1256
1462
36609
1032
1050
1058
1766
1049
1044
1049
1093
4906
17684
1058
1623
1061
1049
1058
2022
1032
1049
1044
1050
9196
1319
1049
1061
1049
1577
6570
1032
1051
1058
1032
1049
10249
1032
1050
5213
1046
22112
1046
36609
1032
1050
1626
1369
1766
1049
1044
1050
1093
4906
2022
1032
1049
1044
1050
1584
1032
1049
1321
1032
1050
1044
1605
9196
1046
41451
1626
1369
1766
1050
1044
1050
1093
4906
5746
1046
36609
1032
1050
1626
1256
1462
36609
1032
1051
1058
1766
1049
1044
1049
1044
1050
1093
4906
6570
1032
1049
24372
1319
29962
4342
1369
1766
1049
1044
1050
1044
1050
1093
4906
13509
1626
1256
1462
36609
1032
1052
1058
1766
1049
1044
1049
1044
1050
1044
1050
1093
4906
17684
1058
1623
1061
1049
1058
2022
1032
1049
1044
1050
9196
1319
1049
1061
1049
1577
1623
1061
1050
1058
2022
1032
1051
1044
1052
9196
1319
1050
1061
1050
1577
6570
1032
1051
1058
1032
1049
10249
1032
1050
5213
1044
1032
1050
10249
1032
1050
5213
1046
3797
5481
29107
1046
36609
1032
1052
1338
1256
4493
2425
1278
42715
8953
3607
1044
1278
5746
1032
1049
1049
1050
1050
2155
93158
1584
1766
1049
1044
1049
3605
1766
1050
1044
1050
3605
1321
1766
1049
1044
1049
1044
1050
1044
1050
3077
8923
5592
1395
1032
1052
1046
1531
2688
64629
1032
1051
1046
2409
1395
1261
3236
60125
1338
1256
17048
1278
4127
1934
1420
7481
28347
6570
1058
1429
12359
6818
15748
10249
5250
1032
1048
5213
1505
10693
1032
1050
5213
1294
1278
7980
1034
12164
1429
3265
7980
4016
1402
33220
1034
1505
1429
3265
7980
6560
1402
13071
69235
3626
1766
1049
1044
1049
1044
1050
1044
1050
1093
6560
1402
13071
3746
1278
4460
1044
1809
1494
1681
3637
5746
1338
1256
5675
1693
6570
1032
1050
1395
1429
4393
2744
1623
1562
1032
1049
1317
9027
1047
1050
1044
6689
1513
12197
1032
1050
1105
1045
1049
1321
1032
1050
1105
1584
9196
1319
1049
37601
1286
18881
12164
6570
1032
1051
1395
1429
12359
6818
15748
10249
5250
1032
1048
5213
1505
10693
1032
1050
5213
1294
1278
7980
1897
1809
13162
1278
1429
23665
15748
1034
19442
1317
1278
1364
4190
1042
1623
1063
3501
1338
1256
17048
1278
7980
1395
1032
1048
37601
1286
1063
1429
1049
37601
1286
1034
1395
12581
1338
1256
5675
1693
1278
1429
1049
1049
1050
1050
7980
1034
1395
6493
1435
1261
7980
1455
1364
107195
1042
1454
1032
1049
1044
1049
1321
2430
1032
1050
1044
1050
1044
6704
1046
1063
3626
6570
1032
1051
4352
9357
1494
1338
1256
9246
1681
3369
1455
1278
2688
2000
1099
52143
1040
1052
1044
1766
1049
1044
1032
1049
1044
1032
1050
1044
1032
1050
8623
2351
1032
1051
1096
4139
1402
3147
1278
2254
1395
15654
1317
1850
1278
8905
5592
1307
1261
89045
2155
5477
1455
1395
1261
1032
1049
1049
1050
1050
7980
1044
1809
1278
1032
1049
1049
1050
1050
7980
1681
6570
1032
1049
1429
23919
3199
5592
1034
4139
1402
27539
1435
1429
3265
5592
1307
1278
7980
1395
3199
1897
1321
13162
1278
2254
10721
1278
8905
1364
1107
1042
2516
1455
1261
1032
1049
1049
1050
1050
7980
1307
5592
1032
1050
1107
12123
1044
1809
1278
8953
3607
11277
35499
1455
1338
1256
32844
1033
20681
1513
1278
2158
8953
3607
3336
1058
2000
35209
6705
1095
1049
1049
1050
1050
21777
5477
18086
1040
1056
1044
1766
1050
1044
1032
1051
1044
1032
1049
1044
1032
1049
1044
1032
1050
1044
1032
1050
1044
1032
1049
1044
1032
1049
8623
1096
10721
1032
1052
1046
3367
1278
1850
1486
1409
1044
1494
2168
1402
1032
1050
1046
3626
1494
1681
1032
1052
1046
4493
1850
1395
5592
1338
1256
17048
1278
2688
2000
1099
52143
1040
1052
1044
1766
1049
1044
1032
1049
1044
1032
1050
1044
1032
1050
8623
2351
1032
1051
1096
1395
7442
2000
1099
52143
1040
1052
1044
1766
1049
1044
1032
1049
1044
1032
1050
1044
1032
1050
8623
2351
1032
1052
1096
1321
1278
3330
3214
1261
96948
1294
1278
3880
5117
1063
1531
3330
8223
1429
16994
4607
6983
9700
1278
9458
1046
9380
1681
1278
3880
1058
6421
6852
15605
1040
1052
1044
1766
1049
1044
1032
1049
1044
1032
1050
1044
1032
1050
8623
2351
1032
1051
3871
3060
2430
1429
2892
75956
1419
1044
1593
1395
2143
6255
1058
18228
1278
3629
2254
21734
1321
8953
3607
1044
10886
5687
1278
2254
5055
1321
2764
1747
1278
9458
1046
1603
24151
16424
70914
84674
14671
48761
1083
11621
1034
4493
1278
9458
1584
9247
1435
2000
3107
1032
1051
9816
1362
4016
4848
3475
1455
10721
1032
1051
1394
1455
4292
1338
1256
3075
1710
1362
3180
2000
5914
1095
1049
1049
1050
1050
21777
5477
18086
1040
1052
1044
1766
1049
1044
1032
1049
1044
1032
1050
1044
1032
1050
8623
1096
1850
1032
1051
1063
9246
1681
3648
1307
1261
2801
11857
1338
1256
5675
1693
1278
1032
1049
1049
1050
1050
7980
10867
1455
1278
10217
4213
1584
1747
11074
12164
1278
2155
5477
5592
1395
1278
2782
1307
1364
1112
7432
1042
1364
1032
1050
1044
1809
1693
1278
2155
5477
8688
1747
6689
1562
1032
1049
1317
1409
10693
15449
1044
2430
2880
1836
1338
1256
17048
1278
4127
1395
1058
3081
1278
8905
5592
1307
1261
89045
2155
5477
1455
9301
1261
1429
1049
1049
1050
1050
7980
1897
2478
1261
1032
1049
1049
1050
1050
7980
1395
6493
1435
1261
7980
1455
1710
1402
107894
2203
17684
1307
9196
6689
1044
1321
1278
1364
10855
1042
1307
1278
17684
4016
1402
10693
1278
38801
1562
1032
1049
1317
1409
1294
1364
24240
1042
3542
1044
1321
45236
1278
7980
4016
1402
1429
5983
1034
1693
1278
10217
4213
1584
1261
77806
1307
1032
1049
1791
1107
1063
3626
2688
1032
1052
1766
1049
1044
1049
1044
1050
1044
1050
1093
1934
4213
1032
1049
1044
1050
1799
1395
1261
77806
1307
1032
1049
1791
1050
1044
1878
1409
1061
1050
1044
5592
1032
1052
1046
24578
1032
1052
1338
1256
5675
1693
1278
1850
2632
1395
1278
8905
1364
1107
1042
2516
1455
2156
12123
1261
1032
1049
1049
1050
1050
7980
1307
5592
1032
1050
1107
1044
1809
1278
8953
3607
2158
3336
10721
1032
1052
1394
1409
1061
1050
1063
5646
2168
4204
1278
8953
3607
1395
8462
1044
1809
1362
1736
1317
2685
1278
8953
3607
1321
9458
1338
1256
9246
1681
1344
11568
14176
1278
2667
6983
3880
1058
2000
8723
15605
1040
1056
1044
1766
1050
1044
1032
1051
1044
1032
1049
1044
1032
1049
1044
1032
1050
1044
1032
1050
1044
1032
1049
1044
1032
1049
8623
2351
1032
1052
9816
4890
4607
3475
1319
11018
1362
2607
2405
1736
1041
9700
1593
1046
1531
2158
6983
2095
9700
1593
1046
4493
2036
11857
1394
13170
1278
2155
5477
1486
8462
1394
1455
2937
4382
1338
1256
17048
1278
7293
10097
1395
2801
1046
9246
1681
3352
1317
98931
1278
10097
1562
1747
2688
5443
1536
27408
1278
10097
1395
1058
1429
23989
1278
8905
5592
1307
1261
89045
2155
5477
2516
1455
1494
1710
1402
107894
2203
22487
17684
1307
9196
6689
1044
1321
1747
10217
4213
1584
11074
2613
5646
1681
2036
10097
1046
2157
22405
1747
9458
8100
2000
1099
52143
1040
1052
1044
1766
1049
1044
1032
1049
1044
1032
1050
1044
1032
1050
8623
2351
1032
1051
9816
4493
13162
1278
2688
1395
2000
3107
1032
1052
1096
1321
1278
3330
1681
3880
5117
1934
1261
96948
1063
3626
1278
3330
2639
1429
24151
16424
70914
84674
14671
48761
1083
2613
1362
1710
2405
4036
1278
2688
1046
3367
1362
4848
3475
1455
10721
1032
1052
1044
1494
2084
7195
1278
3330
1681
2688
2000
3107
1032
1051
9816
1531
3330
4139
3160
2036
3475
3675
2034
2688
9962
1044
1321
1693
1362
1850
1032
1052
1044
1455
2688
2084
7195
1044
1321
1278
3330
2084
4150
2036
5097
1395
8462
1338
1256
3316
2156
2258
2147
19190
1455
10177
1032
1051
1394
1766
1049
1044
1049
1044
1050
1044
1050
1093
1321
1032
1052
1394
1766
1050
1044
1051
1044
1049
1044
1049
1044
1050
1044
1050
1044
1049
1044
1049
1093
2634
1256
9246
1681
3352
1058
17048
1278
1032
1049
1049
1050
1050
7980
4016
1736
1278
7299
1455
1278
1364
11517
1042
3584
1307
1278
2155
5477
1395
1278
36111
2632
1063
3501
1338
1256
5675
1693
1278
2155
5477
4016
1402
2516
1455
1278
10217
4213
1584
1294
1364
121182
1405
8035
1042
3542
1562
3979
1317
3169
1063
7637
1032
1052
1058
1766
1049
1044
1049
1044
1050
1044
1050
1093
8035
4906
5746
1044
5592
1032
1052
1046
7637
1032
1049
1053
1058
1766
1051
1044
1051
1044
1050
1044
1050
1044
1049
1044
1049
1093
31040
4906
6878
1032
1054
1044
1878
1605
36993
8035
1338
1256
5675
1693
1278
10217
4213
4016
1402
1294
1364
121182
1405
31040
1042
3542
1063
7637
1032
1049
1053
31040
4906
5746
1044
2688
1032
1052
8035
4906
20520
1044
1878
6705
5592
2168
1402
1032
1050
1319
15080
1766
1049
1044
1049
1093
1505
1766
1050
1044
1050
30717
1809
6878
1032
1051
1338
1256
5675
1693
1278
1032
1049
1049
1050
1050
7980
1395
6493
1435
1058
1261
7980
1307
1278
2071
1766
1120
1044
2460
1044
1404
1044
1404
1044
1554
1044
1554
1044
6421
1093
2478
2460
1044
1404
1044
1554
1584
11074
1044
12164
1278
7980
4016
1402
1261
1364
2673
55568
1042
2155
5477
1307
1278
1364
20358
1042
4460
1044
1809
1278
1364
10855
1042
2460
1044
1404
1044
1554
4016
6730
1294
1278
4460
1294
1278
3542
1307
2034
2158
24622
1063
3501
1338
1256
9246
1681
2985
1513
2688
1032
1049
1055
1058
1766
1050
1044
1050
1044
1049
1044
1049
1044
1051
1044
1051
1044
1049
1044
1049
1044
1050
1044
1050
1093
6878
1032
1054
1046
4890
10097
10177
1032
1054
1562
1766
1050
1044
1050
1044
1049
1044
1049
1044
1051
1044
1051
3077
1531
10217
4213
1584
1032
1050
1044
1049
1044
1051
1046
3367
1278
10097
1486
1429
56966
4213
4016
1402
11074
1321
1278
2155
5477
4016
1402
1278
36598
2516
1897
1455
6113
1338
1256
17048
1278
2688
2000
1099
52143
1040
1052
1044
1766
1049
1044
1032
1049
1044
1032
1050
1044
1032
1050
8623
2351
1032
1051
1096
1395
3147
1278
4460
1395
1032
1049
37601
1286
1321
1278
2155
5477
4016
3030
1513
1420
3199
4891
1063
3501
1338
1256
15081
4914
1058
17048
1278
2254
10721
1278
8905
5592
1307
1261
89045
2155
5477
1455
1395
1261
1032
1049
1049
1050
1050
7980
1044
1809
1278
1032
1049
1049
1050
1050
7980
1681
6570
1032
1051
1429
12359
6818
15748
10249
5250
1032
1048
5213
1505
10693
1032
1050
5213
1294
1278
7980
1034
4139
4204
1455
1364
1259
1278
6836
4460
2153
2744
15748
10249
1032
1048
1505
1032
1050
5213
1063
5646
12285
2405
3180
7453
1394
1261
2155
5477
4127
1338
1256
5675
1693
1278
1429
1049
1049
1050
1050
7980
1034
1395
1261
7980
2478
1278
5965
1307
1278
2158
2295
6689
1395
1032
1049
1044
1049
1044
1278
4275
2295
1395
1032
1050
1044
1050
1044
6704
3109
1321
1278
1364
1297
1592
1042
2155
5477
4016
10693
4395
1278
5965
1032
1049
1044
1049
1044
1050
1044
1050
92008
1107
29874
1394
2269
1409
1063
3626
6570
1032
1051
8223
1429
12359
6818
15748
10249
5250
1032
1048
5213
1505
10693
1032
1050
5213
1897
1799
9985
2258
38801
1044
1605
2586
1032
1049
1791
1107
1046
3626
13162
1278
2564
1429
1049
1049
1050
1050
1034
24277
1278
4213
1584
1032
1049
1321
1032
1050
1063
3367
1278
4213
4016
1402
10693
1032
1049
1321
1032
1050
1044
2430
1766
1051
1044
1051
1044
1050
1044
1050
1044
1049
1044
1049
1093
2168
1402
20520
1044
1809
6878
1032
1054
1046
4493
1836
1338
1256
9246
1681
3352
1317
3081
1261
7873
1505
13639
2314
1429
1049
1049
1050
1050
7980
3871
17048
1494
1681
1562
1261
8531
13968
2975
2455
4127
1058
1429
1049
1049
1050
1050
1067
1462
13446
1276
1294
1261
6308
1034
1836
1046
1429
1049
1049
1050
1050
1065
1462
12445
3870
40660
1034
1836
1046
17048
1494
1681
1562
1261
2301
1304
5603
21448
1058
1429
68176
36609
1307
1261
25895
6329
1621
3000
1454
84643
107876
1034
1836
1338
1256
32844
1033
17048
1278
4127
1395
1429
1049
1049
1050
1050
56827
1034
1562
1261
21448
1044
1321
1278
12270
1395
1058
1261
7980
1455
15730
1307
17684
1307
9196
6689
1044
1321
1278
1364
72349
1042
1307
1278
9196
6689
1294
1278
4618
4460
1736
2269
7299
1063
3501
1338
1256
9246
1681
1344
41412
1278
3330
1681
8953
3607
1058
1429
36296
1261
2951
1307
6818
38801
1044
3081
1278
8905
5592
1307
1261
89045
2155
5477
1455
9301
1261
1032
1049
1049
1050
1050
7980
2613
3060
1278
12270
1046
17048
1362
2715
5687
10693
2549
1278
8953
3607
8223
1044
1321
1278
2688
2000
1099
52143
1040
1052
1044
1766
1049
1044
1032
1049
1044
1032
1050
1044
1032
1050
8623
2351
1032
1051
1096
1395
7442
2000
3107
1032
1052
1096
1809
1278
3330
60210
1032
1051
1536
27223
1063
2813
1420
26554
1044
1362
2715
3352
1317
2764
1747
9458
1435
4265
1046
3367
2156
1681
1261
60125
1044
1362
4139
2534
1317
3081
1261
3039
1317
3180
1494
1032
1051
1338
1256
9246
1681
3648
1058
2481
1278
1850
2632
1402
1278
8905
5592
1307
1261
89045
2155
5477
1455
1395
1261
1032
1049
1049
1050
1050
7980
1044
1809
1278
1032
1049
1049
1050
1050
7980
1395
6493
2516
1455
1278
1364
56966
4213
1042
4016
1402
10693
1278
2158
1409
38801
10348
1562
1032
1049
1044
1321
1278
2155
5477
4016
3030
1454
1032
1049
1063
7637
1032
1052
1058
1766
1049
1044
1049
1044
1050
1044
1050
1093
1934
1032
1049
1321
1032
1050
1044
1409
1061
1050
1044
5592
1032
1052
1046
24578
1032
1052
1338
1256
5675
1693
1278
1032
1049
1049
1050
1050
7980
5592
1395
1278
2782
1307
1364
85684
1042
38618
1278
2782
1307
1364
25557
8882
17684
1042
1063
2898
1766
1049
1044
1049
1044
1050
1044
1050
1093
5592
1032
1052
1044
17684
1032
1050
1044
1032
1052
1045
1050
1061
1050
1044
1605
1032
1051
1338
1256
17048
1278
2688
2000
1099
52143
1040
1052
1044
1766
1049
1044
1032
1049
1044
1032
1050
1044
1032
1050
8623
2351
1032
1051
1096
1395
3147
1278
2155
5477
1766
1049
1044
1049
1044
1050
1093
1395
6090
1261
1032
1049
1049
1050
1050
7980
1693
1729
21965
6570
1032
1049
1063
3626
6570
1032
1049
1395
2156
1338
1256
9246
1681
2985
1513
1278
3880
1562
1278
2158
6983
2790
1877
1256
49958
1256
6852
15605
1040
1052
1044
1766
1049
1044
1032
1049
1044
1032
1050
1044
1032
1050
8623
2351
1032
1051
1010
1256
49958
1256
3060
1278
2667
6983
1877
1256
49958
1256
6852
15605
1040
1056
1044
1766
1050
1044
1032
1051
1044
1032
1049
1044
1032
1049
1044
1032
1050
1044
1032
1050
1044
1032
1049
1044
1032
1049
8623
2351
1032
1052
1010
1256
49958
1256
17048
2036
4607
3475
1880
1261
19940
1455
3214
1494
1850
4433
2849
1394
2960
1046
1531
3330
8223
1429
16994
4607
6983
9700
1278
9458
2613
17048
1278
2158
6983
9852
2269
1321
9700
6218
1044
1278
2667
9700
2801
10907
1338
1256
1362
2534
1317
9470
1261
6298
11708
1046
9246
1681
3352
1317
3081
1420
11857
1455
51766
1747
4265
2688
5443
1044
3907
2000
1099
52143
1040
1052
1044
1766
1049
1044
1032
1049
1044
1032
1050
1044
1032
1050
8623
2351
1032
1051
14708
1256
9246
1681
2951
1747
2688
5443
1454
2034
6878
25675
1321
3352
1317
3081
1261
5965
1338
1256
1362
7534
41281
1278
4460
1321
6878
6705
5592
1626
1256
1032
1049
1046
1308
1061
1056
1044
1261
18359
1050
1044
1051
1044
1049
1044
1049
1044
1050
1044
1050
1044
1049
1044
1049
1093
4906
1032
1052
1010
1256
1032
1050
1046
1308
1061
1051
1044
1261
18359
1049
1044
1050
1044
1050
1093
4906
1032
1050
1010
1256
1032
1051
1046
1308
1061
1049
1044
1261
18359
1049
1093
4906
1032
1048
1010
1256
1032
1052
1046
1308
1061
1052
1044
1261
18359
1049
1044
1049
1044
1050
1044
1050
1093
4906
1032
1051
1010
1256
1032
1053
1046
1308
1061
1054
1050
1044
1261
1061
2880
4906
1032
1050
1010
1256
1032
1054
1046
1308
1061
1049
1057
1044
1261
1061
2880
4906
1032
1050
1010
1256
1032
1055
1046
1308
1061
1049
1056
1044
1261
1061
2880
4906
1032
1050
1010
1256
1032
1056
1046
1308
1061
1050
1048
1044
1261
1061
2880
4906
1032
1048
1010
1256
1032
1057
1046
1308
1061
1056
1044
1261
18359
1049
1044
1050
1044
1049
1044
1050
1044
1049
1044
1050
1044
1049
1044
1050
1093
4906
1032
1048
1010
1256
1032
1049
1048
1046
1308
1061
1049
1050
1044
1261
18359
1049
1048
1044
1049
1049
1044
1049
1048
1044
1051
1044
1049
1050
1044
1053
1044
1055
1044
1049
1050
1044
1055
1044
1049
1049
1044
1050
1044
1049
1093
4906
1032
1048
1010
1256
1032
1049
1049
1046
1308
1061
1055
1044
1261
18359
1049
1044
1054
1044
1055
1044
1049
1044
1055
1044
1054
1044
1053
1093
4906
1032
1048
1010
1256
1032
1049
1050
1046
1308
1061
1050
1044
1261
18359
1049
1044
1050
1093
4906
1032
1048
1010
1256
1032
1049
1051
1046
1308
1061
1057
1044
1261
18359
1057
1044
1052
1044
1052
1044
1055
1044
1053
1044
1056
1044
1056
1044
1054
1044
1050
1093
4906
1032
1050
1010
1256
1032
1049
1052
1046
1308
1061
1049
1050
1044
1261
18359
1050
1044
1049
1044
1049
1048
1044
1049
1044
1052
1044
1051
1044
1049
1050
1044
1050
1044
1056
1044
1052
1044
1049
1050
1044
1049
1093
4906
1032
1048
1010
1256
1032
1049
1053
1046
1308
1061
1054
1044
1261
18359
1051
1044
1051
1044
1050
1044
1050
1044
1049
1044
1049
1093
4906
1032
1054
1010
1256
1032
1049
1054
1046
1308
1061
1050
1044
1261
18359
1049
1044
1049
1093
4906
1032
1050
1010
1256
1032
1049
1055
1046
1308
1061
1049
1048
1044
1261
18359
1050
1044
1050
1044
1049
1044
1049
1044
1051
1044
1051
1044
1049
1044
1049
1044
1050
1044
1050
1093
4906
1032
1054
1010
1256
1032
1049
1056
1046
1308
1061
1055
1044
1261
18359
1049
1044
1049
1044
1050
1044
1051
1044
1051
1044
1050
1044
1050
1093
4906
1032
1052
1267
1256
9246
1681
3352
1317
3081
1261
10097
1455
10177
2576
4213
1338
1256
7610
1044
9086
1747
1429
1099
52143
1034
2155
93158
1455
2481
1402
1032
1049
1049
1050
1050
14170
2425
2269
10097
1338
1256
17048
1278
1032
1049
1049
1050
1050
7980
1395
6493
1435
1058
1261
89045
2155
5477
2478
1278
2158
6420
1321
2667
6420
1736
2269
7299
1063
3501
1338
1256
17048
1278
10097
1395
1058
3081
1278
8905
5592
1307
1261
89045
2155
5477
1455
1710
1402
107894
2203
17684
1307
9196
6689
1044
2516
1455
1747
10217
4213
1584
11074
1044
12164
1278
2155
5477
1681
5592
1395
1278
2782
1307
6689
1044
1398
5489
1693
1278
6960
4460
1395
2516
1261
7980
1044
1729
1850
4433
2849
1063
3501
1338
1256
9246
1681
24002
1394
2744
2688
1278
8905
5592
1307
1261
2155
5477
1454
22487
9196
17684
1321
11074
10217
4213
1319
3933
10097
3640
1256
1032
1049
1046
1766
1050
1044
1051
1044
1049
1044
1049
1044
1050
1044
1050
1044
1049
1044
1049
1093
4906
1032
1052
1319
69828
1456
1256
1032
1050
1046
1766
1049
1044
1050
1044
1050
1093
4906
1032
1050
1319
69828
1456
1256
1032
1051
1046
1766
1049
1093
4906
1032
1048
1319
69828
1456
1256
1032
1052
1046
1766
1049
1044
1049
1044
1050
1044
1050
1093
4906
1032
1052
1319
16655
1032
1051
1456
1256
1032
1053
1046
1032
1054
1050
2730
4906
1032
1050
1319
69828
1456
1256
1032
1054
1046
1032
1049
1057
2730
4906
1032
1050
1319
69828
1456
1256
1032
1055
1046
1032
1049
1056
2730
4906
1032
1050
1319
69828
1456
1256
1032
1056
1046
1032
1050
1048
2730
4906
1032
1048
1319
69828
1456
1256
1032
1057
1046
1766
1049
1044
1050
1044
1049
1044
1050
1044
1049
1044
1050
1044
1049
1044
1050
1093
4906
1032
1048
1319
69828
1456
1256
1032
1049
1048
1046
1032
1049
1050
2730
4906
1032
1048
1319
69828
1456
1256
1032
1049
1049
1046
1032
1055
2730
4906
1032
1048
1319
69828
1456
1256
1032
1049
1050
1046
1766
1049
1044
1050
1093
4906
1032
1048
1319
69828
1456
1256
1032
1049
1051
1046
1766
1057
1044
1052
1044
1052
1044
1055
1044
1053
1044
1056
1044
1056
1044
1054
1044
1050
1093
4906
1032
1050
1319
69828
1456
1256
1032
1049
1052
1046
1032
1049
1050
2730
4906
1032
1048
1319
69828
1456
1256
1032
1049
1053
1046
1766
1051
1044
1051
1044
1050
1044
1050
1044
1049
1044
1049
1093
4906
1032
1054
1319
69828
1456
1256
1032
1049
1054
1046
1766
1049
1044
1049
1093
4906
1032
1050
1319
69828
1456
1256
1032
1049
1055
1046
1766
1050
1044
1050
1044
1049
1044
1049
1044
1051
1044
1051
1044
1049
1044
1049
1044
1050
1044
1050
1093
4906
1032
1054
1319
69828
1456
1256
1032
1049
1056
1046
1766
1049
1044
1049
1044
1050
1044
1051
1044
1051
1044
1050
1044
1050
1093
4906
1032
1052
1319
69828
1801
1256
4493
2342
2688
1032
1052
1395
2801
1046
5675
1693
2688
1032
1052
1395
7442
2000
1099
52143
1040
1052
1044
1766
1049
1044
1032
1049
1044
1032
1050
1044
1032
1050
8623
2351
1032
1052
1096
1809
1278
3330
3214
1261
96948
1294
1278
3880
5117
1063
1531
3330
8223
1429
11745
1681
1278
3880
1058
6421
6852
15605
1040
1052
1044
1766
1049
1044
1032
1049
1044
1032
1050
1044
1032
1050
8623
2351
1032
1051
3871
3367
1494
1681
1261
96948
1044
1321
1362
4848
3475
1455
10721
1032
1052
1044
1278
2688
2000
3107
1032
1051
1096
2084
7195
1046
3626
13162
1278
3330
1681
7293
2688
9962
1934
2000
3107
1032
1052
7273
1321
1278
3880
5117
2586
5978
2549
2127
60210
1063
1531
3330
8223
1429
24151
16424
70914
84674
14671
48761
1083
2613
4493
1362
4016
14649
1278
2688
1395
2000
3107
1032
1051
14708
1256
3316
2156
2258
3039
1317
7926
1278
8953
3607
1455
7510
1766
1049
1044
1049
1044
1050
1044
1050
1093
1850
1032
1051
2634
1256
9246
1681
1344
41412
6570
1032
1050
1058
1429
4393
2744
1623
1562
1032
1049
1317
9027
1047
1050
1044
6689
1513
12197
1032
1050
1105
1045
1049
1321
1032
1050
1105
1584
9196
1319
1049
37601
1286
114478
5675
1693
1429
72349
1032
1050
1105
1045
1049
1321
1032
1050
1105
1034
1584
1032
1049
37601
1286
1562
1278
1364
10460
1307
1278
4460
2153
1605
1278
2155
5477
1063
2898
1261
2155
5477
10348
1513
4891
1265
1319
1048
37601
1286
1574
1278
12197
1294
1278
4460
2168
1402
1265
1043
1050
1105
1045
1049
1321
1265
1043
1050
1105
1046
3626
1278
6570
8223
43354
1049
37601
1286
37617
1799
7754
4938
1278
7980
7423
1395
1032
1049
37601
1286
1046
3367
1494
11715
1294
1278
4618
4460
1044
1494
2168
1402
12581
1338
1256
5675
1693
6570
1032
1051
1058
1429
12359
6818
15748
10249
5250
1032
1048
5213
1505
10693
1032
1050
5213
1294
1278
7980
1034
4938
1455
1364
1259
1278
6836
4618
4460
2153
2744
15748
10249
1032
1048
1505
1032
1050
5213
1063
9246
1681
2688
1593
19190
1626
1256
2898
2688
1032
1052
1058
4460
1766
1049
1044
1049
1044
1050
1044
1050
3077
82122
4460
1058
1032
1049
10249
1032
1050
5213
1044
1032
1050
10249
1032
1050
5213
1046
4493
1278
6836
4460
51766
6570
1032
1051
1063
3626
1729
1584
7283
1394
1261
89045
2155
5477
1046
3367
6570
1032
1051
28735
1317
1278
6836
4460
1044
2430
2258
2155
5477
1307
1261
5746
6836
4460
4139
1402
6090
1063
3626
2688
1032
1056
1058
4460
1766
1052
1044
1057
1044
1051
1044
1056
1044
1051
1044
1049
1048
1044
1049
1050
1044
1049
1052
1044
1054
1044
1050
1044
1049
1055
1044
1049
1053
1044
1050
1044
1050
1048
1044
1052
1044
1049
1051
1044
1055
1044
1057
1044
1049
1050
1044
1049
1054
1093
6836
4460
1934
1032
1050
36910
1032
1050
5213
1063
1032
1050
1513
4891
1032
1052
1321
1032
1049
1050
1063
49032
4460
1058
1032
1052
1044
1057
1044
1051
1044
1056
1044
1051
1044
1049
1048
1044
1049
1050
1044
1049
1052
1044
1054
1044
1050
1044
1049
1055
1044
1049
1053
1044
1050
1044
1050
1048
1044
1052
1044
1049
1051
1044
1055
1044
1057
1044
1049
1050
1044
1049
1054
1046
1032
1050
10249
1513
4891
1032
1057
1321
1032
1049
1051
1063
32844
1032
1048
37601
1286
1058
4891
1032
1057
1395
1032
1050
1044
4891
1032
1049
1051
1395
1032
1050
1046
1032
1052
10249
1513
4891
1032
1048
1321
1032
1049
1052
1046
1032
1057
10249
1513
4891
1032
1049
1321
1032
1049
1054
1046
1032
1051
10249
1513
4891
1032
1050
1321
1032
1052
1046
1032
1049
1050
10249
1513
4891
1032
1054
1321
1032
1049
1056
1046
4493
6836
4460
1934
2744
2632
10693
1032
1048
1505
1032
1050
5213
1063
9246
1681
4206
1058
1032
1052
1058
1050
1044
1032
1057
1058
1050
1044
1032
1051
1058
1050
1044
1032
1056
1058
1049
1319
11234
5785
1033
1574
1032
1049
1048
1058
1049
1044
1032
1049
1050
1058
1050
1044
1032
1049
1052
1058
1049
1044
1032
1054
1058
1049
1044
1032
1050
1058
1050
1044
1032
1049
1055
1058
1049
1044
1032
1049
1053
1058
1049
1044
1032
1050
1048
1058
1049
1044
1032
1049
1051
1058
1049
1044
1032
1055
1058
1049
1044
1032
1049
1054
1058
1049
1046
13551
6730
5785
1046
4493
6836
4460
6354
2405
34301
1046
77859
4848
1032
1048
1046
3367
6570
1032
1051
7960
1317
6836
4460
1044
1494
2168
7195
1044
1809
1729
1584
7283
1394
2155
5477
1046
2409
19190
7444
29139
1338
1256
5675
1693
1278
1032
1049
1049
1050
1050
7980
4016
1402
2516
1455
1278
1364
56966
4213
1042
1584
10693
1278
7980
1032
1049
1044
1050
1044
1051
90743
1294
3542
1063
7637
1032
1052
1766
1049
1044
1049
1044
1050
1044
1050
1093
1934
1032
1049
1044
1050
4906
5746
5592
1032
1052
1046
7637
1032
1049
1053
1766
1051
1044
1051
1044
1050
1044
1050
1044
1049
1044
1049
1093
1934
1032
1051
1044
1050
1044
1049
4906
1605
1294
3542
1044
1809
6878
1032
1054
1046
4493
1836
1338
1256
5675
1693
1278
10217
4213
4016
1402
11074
1044
12164
1278
2155
5477
4016
3030
1513
1420
4891
2478
1278
3584
1395
1278
11835
1307
1278
10217
4213
1063
3501
1338
1256
9246
1681
3648
2314
1278
14541
1455
1278
2688
2000
1099
52143
1040
1052
1044
1766
1049
1044
1032
1049
1044
1032
1050
1044
1032
1050
8623
2351
1032
1051
1096
1395
3147
1278
2254
10721
1278
8905
5592
1307
1261
89045
2155
5477
1455
1395
1261
1032
1049
1049
1050
1050
7980
1044
1809
1278
1032
1049
1049
1050
1050
7980
1395
6493
1435
1058
1261
7980
1455
1710
1402
13156
2203
2295
107226
2478
1278
2158
6420
1934
1747
6689
9196
1317
1278
2667
6420
1681
6689
1294
2269
3542
1063
3501
1338
1256
17048
1278
1429
1049
1049
1050
1050
7980
1034
1395
1261
7980
2478
1278
5965
1307
1278
2158
2295
6689
1395
1032
1049
1044
1049
1044
1278
4275
2295
1395
1032
1050
1044
1050
1044
6704
3109
1321
1278
1364
1297
1592
1042
7980
4016
1402
10693
1766
1049
1044
1049
1044
1050
1044
1050
92008
1107
29874
1093
1394
2269
1409
1044
1321
1278
4213
4016
1402
10693
1032
1049
2645
1409
1046
3626
2688
1032
1049
1053
1766
1051
1044
1051
1044
1050
1044
1050
1044
1049
1044
1049
1093
2168
1402
20520
1046
9748
6878
1032
1054
1044
13162
1278
4213
1710
1402
2258
1044
1809
1278
1364
12296
1042
1307
11074
4213
1395
1409
1044
1321
1278
7980
4016
1402
1261
77806
1307
1032
1049
1791
1107
1063
7637
1032
1049
1053
10217
4213
1032
1051
1044
1050
1044
1049
1395
1261
77806
1307
1032
1049
1791
1051
1046
7637
1032
1052
10217
4213
1032
1049
1044
1050
1395
77806
1307
1032
1049
1791
1050
1046
24578
5592
1032
1052
1338
1256
5675
1693
1278
1850
2632
1395
1278
8905
1364
1107
1042
2516
1455
2156
1395
1261
1032
1049
1049
1050
1050
7980
1307
5592
1032
1050
1107
1044
1809
1278
8953
3607
2158
3336
10721
1032
1052
1394
1409
1061
1050
1063
5646
2168
4204
1278
8953
3607
1395
52990
1454
1278
9458
1046
3626
1278
3330
5662
2960
1278
8953
3607
1321
1278
9458
1046
17048
1278
8953
3607
11277
1584
1605
1805
1307
1278
2000
6390
1096
9458
1063
1531
2000
6390
1096
2254
1934
2246
3754
109595
1046
1531
8953
3607
1934
2000
8424
27051
11277
1046
1531
2000
6390
1096
2254
1934
2000
8723
15605
124715
2351
6421
9816
1531
3330
8223
1429
24151
16424
70914
84674
14671
48761
1083
2613
30381
1317
1278
2000
6390
1096
2254
9458
1046
1531
8953
3607
11277
4139
1402
2586
1394
18189
1044
1809
1278
7293
9458
1584
1278
2000
6390
1096
109595
1046
3886
1044
1278
2158
8953
3607
3336
2000
5914
1095
1049
1049
1050
1050
21777
5477
18086
1040
1056
1044
1766
1050
1044
1032
1051
1044
1032
1049
1044
1032
1049
1044
1032
1050
1044
1032
1050
1044
1032
1049
1044
1032
1049
8623
1096
10721
1032
1052
1395
2095
11676
1294
2000
6390
49431
2000
8723
15605
1040
1056
1044
1766
1050
1044
1032
1051
1044
1032
1049
1044
1032
1049
1044
1032
1050
1044
1032
1050
1044
1032
1049
1044
1032
1049
8623
2351
1032
1052
9816
4493
2960
1584
9458
1338
1256
17048
1362
2715
5687
1278
2254
1435
1651
1278
8953
3607
12270
1044
1321
1693
2688
1032
1052
64629
1032
1051
1044
13162
2156
1681
1261
2490
26630
26315
1294
2036
10217
3421
5635
13951
1046
5675
1693
1278
1032
1049
1049
1050
1050
7980
10867
1455
1278
10217
4213
1584
11074
12164
1278
2155
5477
5592
1395
1278
2782
1307
1364
85684
1042
1809
1278
2155
5477
4016
1402
1364
121182
1405
1042
1261
1032
1049
1049
1050
1050
7980
10138
1494
6560
1402
7563
1536
73881
2295
10752
1032
1049
1049
1050
1050
14170
1063
3501
1338
1256
9246
1681
3352
1317
3219
1693
2156
1681
2258
2147
16009
1562
1278
2564
1429
1049
1049
1050
1050
3871
17048
1494
4938
1278
7980
1934
1278
5965
1058
1278
2158
3584
10249
15449
1044
1278
2667
3584
10249
15449
1044
6704
3109
1809
1278
1364
72349
1042
1307
1278
9196
6689
1584
1605
20594
22487
1063
59779
1032
1050
8223
2127
1584
1513
12197
1032
1050
1105
1045
1049
1321
1032
1050
1105
1044
1799
1584
22487
1338
1256
32844
1033
17048
6570
1032
1050
1395
1058
1429
4393
2744
1623
1562
1032
1049
1317
9027
1047
1050
1044
6689
1513
12197
1032
1050
1105
1045
1049
1321
1032
1050
1105
1584
9196
1319
1049
37601
1286
18881
12164
6570
1032
1051
1058
1429
12359
6818
15748
10249
5250
1032
1048
5213
1505
10693
1032
1050
5213
1294
1278
7980
3871
5675
1693
1278
1429
23665
15748
1034
1294
6570
1032
1051
19442
1317
1278
1364
4190
1042
1623
1063
3501
1044
1429
12359
6818
15748
1034
19442
1317
1278
4213
1294
1278
7980
1338
1256
9246
1681
3352
1317
6123
1394
1593
4127
9495
1536
12957
26938
1046
1362
3648
2156
1681
1261
13968
2975
2455
4127
1429
1049
1049
1050
1050
1067
1034
1809
1455
1681
2801
1046
17048
1494
1681
1562
1261
8531
2301
1304
5603
32260
21448
1032
1051
1052
1050
1505
4433
1063
1429
68176
36609
1307
1261
25895
6329
1621
3000
1454
84643
107876
1034
1395
1032
1049
1057
1056
1053
1046
3730
1681
1429
23989
1278
36598
5746
93710
1034
6704
1338
1256
15081
6674
1058
17048
1278
1032
1049
1049
1050
1050
7980
1395
6493
1435
1261
7980
2478
1278
2158
6420
1395
1278
16448
1307
1278
2667
6420
1063
3501
1338
1256
9246
1681
3352
1317
98931
1278
11857
1562
1278
2688
5443
1536
27408
1278
11857
1395
1058
3081
1278
36598
89045
2155
5477
2478
2744
3584
10249
10693
15449
1044
1321
1278
2295
71320
1584
17220
1063
5646
1681
2036
10097
1046
2898
1766
1049
1044
1049
1044
1050
1044
1050
3605
2744
3584
10249
15449
1044
1321
2127
1584
17220
1294
17684
1046
36609
1032
1052
1046
77859
1032
1051
1338
1256
5675
1693
1278
2155
5477
4016
1736
1278
7299
1455
1278
1364
11517
1042
3584
1307
1278
2155
5477
10249
10693
15449
1294
1278
2155
5477
1044
1321
2246
2295
71320
1584
17220
1044
12164
1278
2879
1394
1278
3067
1063
5646
1681
1278
2879
1338
1256
5675
1693
1278
2155
5477
5592
1395
1278
2782
1307
1364
85684
1042
38618
1032
1049
1693
1278
2155
5477
16896
1321
15202
1454
1278
2879
2632
1063
3501
1338
1256
17048
1278
2688
2000
1099
52143
1040
1052
1044
1766
1049
1044
1032
1049
1044
1032
1050
1044
1032
1050
8623
2351
1032
1051
1096
1395
1261
31544
1058
1278
8905
1032
1049
1049
1050
1050
2155
5477
1395
1766
1049
1044
1049
1093
1505
1766
1050
1044
1050
1093
5592
1032
1050
1044
1809
1278
2254
10721
1032
1051
3147
2880
1836
1338
1256
9246
1681
3369
1455
1278
3330
4139
1736
3214
1261
27223
1294
1278
2688
2937
1044
1809
1435
1420
26554
1044
1362
2715
3352
1317
9470
3475
1455
22405
1747
9458
1046
3367
1362
1710
2405
102295
2688
1032
1052
1044
13162
1362
2715
4848
1278
3475
1455
14175
1278
8953
3607
1321
1278
11774
1307
9458
1044
1321
9134
1278
70385
1063
3626
1278
3330
8223
1429
22869
1278
3475
1636
13330
1294
1261
1335
107485
3475
4950
1034
1321
1429
43880
2084
80858
1278
4618
7389
3871
1362
2534
1317
4848
1278
2254
11708
1338
1256
17048
1362
1710
3081
1261
2801
19190
1455
10177
1032
1051
1394
1766
1049
1044
1049
1044
1050
1044
1050
3077
5675
1693
1278
1032
1049
1049
1050
1050
7980
10867
1455
1278
10217
4213
1584
11074
12164
1278
2155
5477
1681
5592
1395
1278
2782
1307
1364
1112
7432
2153
1809
1278
1850
1395
1032
1050
124944
1462
1032
1049
1063
2898
1409
1061
1050
1044
1032
1050
1042
1050
1045
1049
1061
1051
1046
2898
1409
1061
1051
1044
1032
1050
1042
1051
1045
1049
1061
1053
1044
1809
2688
1032
1049
1053
64629
1032
1054
1046
4493
1836
1338
1256
5675
1693
1850
1395
1409
1867
1032
1049
1063
2898
1409
1061
1050
4906
1032
1051
1044
1394
1409
1061
1051
4906
1032
1052
1044
1809
2688
1032
1049
1053
64629
1032
1054
1338
1256
5675
1693
1278
2254
10721
1278
8905
5592
1307
1261
89045
2155
5477
1455
1395
1261
1429
1049
1049
1050
1050
7980
1897
1809
1278
1032
1049
1049
1050
1050
7980
1395
6493
1435
1058
1261
7980
1307
3199
5592
2478
1394
2744
1623
1562
1032
1049
1317
9027
1047
1050
1044
1261
1091
1050
1105
1045
1049
1093
1376
1261
1091
1050
1105
3605
12164
1278
7980
1307
10217
4213
1934
1747
11074
4213
1044
12164
1278
2155
5477
4016
1402
1261
1364
1994
1569
1042
2155
5477
1307
1278
4618
4460
1063
3501
1338
1256
9246
1681
2985
1513
2688
1032
1052
2790
1058
2000
1099
52143
1040
1052
1044
1766
1049
1044
1032
1049
1044
1032
1050
1044
1032
1050
8623
2351
1032
1051
9816
5675
1693
1278
4460
1395
1032
1049
37601
1286
1044
1321
1278
2155
5477
4016
3030
1513
4891
1032
1050
1063
3501
1338
1256
17048
1278
4127
1395
1058
3081
1278
8905
5592
1307
1261
89045
2155
5477
1455
9301
1261
1032
1049
1049
1050
1050
7980
1044
2478
1261
1032
1049
1049
1050
1050
7980
1395
1261
7980
1455
1710
1402
107894
2203
17684
1307
9196
6689
1044
1321
1278
1364
10855
1042
1307
1278
17684
4016
1402
10693
1278
2158
1409
6818
38801
1044
1321
1278
17684
4016
6730
1294
8035
3542
1063
7637
1032
1052
1766
1049
1044
1049
1044
1050
1044
1050
1093
8035
4906
5746
5592
1032
1052
1046
7637
1032
1049
1053
1766
1051
1044
1051
1044
1050
1044
1050
1044
1049
1044
1049
1093
1605
8035
4906
20520
1044
1809
6878
1032
1054
1046
4493
13162
1278
17684
4016
6730
1294
1364
2653
1042
3542
1044
1809
1278
4213
4016
1402
1261
77806
1307
1032
1049
1791
1107
1063
24578
5592
1032
1052
1394
2688
1032
1052
1338
1256
32844
1033
5675
1693
1278
1032
1049
1049
1050
1050
7980
1395
6493
1435
1058
1261
7980
1455
1934
3199
5592
1044
1321
1394
2744
1623
1562
1032
1049
1317
9027
1047
1050
1044
1278
6689
1513
12197
1032
1050
1105
1045
1049
1321
1032
1050
1105
1584
9196
1044
12164
1278
1364
2683
1042
1307
10217
4213
1395
10693
1445
1049
1044
1032
1050
1044
84091
1409
1125
2478
1409
1376
9027
1047
1050
1063
5646
2168
4204
1278
10217
4213
4016
1402
10693
1032
1049
2645
1409
1046
7637
1032
1052
1058
1409
1061
1050
1044
10217
4213
1032
1049
1044
1050
4906
5746
1044
5592
1032
1052
1046
7637
1032
1049
1053
1058
1409
1061
1051
1044
10217
4213
1032
1051
1044
1050
1044
1049
4906
5746
1044
5592
1032
1054
1046
7637
1032
1049
1055
1058
1766
1050
1044
1050
1044
1049
1044
1049
1044
1051
1044
1051
1044
1049
1044
1049
1044
1050
1044
1050
1093
6705
1032
1054
1562
1766
1050
1044
1050
1044
1049
1044
1049
1044
1051
1044
1051
1093
10217
4213
1032
1050
1044
1049
1044
1051
4906
5746
77806
1307
1032
1049
1791
1051
1044
5592
1032
1054
1046
7637
1032
1049
1058
1766
1050
1044
1051
1044
1049
1044
1049
1044
1050
1044
1050
1044
1049
1044
1049
1093
6705
1032
1052
1562
1766
1049
1044
1049
1044
1050
1044
1050
1093
10217
4213
1032
1049
1044
1050
4906
5746
1046
7637
1032
1050
1058
1766
1049
1044
1050
1044
1050
1093
6705
1032
1050
1562
1766
1050
1044
1050
1093
10217
2632
1032
1049
1063
32844
1044
1766
1050
1044
1050
1093
1934
10217
2632
1032
1050
1044
1809
1409
1061
1049
1044
2016
1445
1050
1125
1605
1445
1049
14522
3626
6878
1032
1050
1046
4493
1693
1409
1061
1049
1044
2016
4016
1402
1445
1049
1125
1063
3626
1766
1050
1044
1050
1093
1934
2632
1032
1050
1046
4493
13162
1278
4213
2607
2405
1736
1317
1402
1032
1049
1791
1107
1044
2586
11074
1338
1256
1362
4525
25988
1408
2688
1032
1052
1046
9246
1681
14649
2156
1681
1261
10005
5711
45399
1370
1058
13162
1278
1032
1049
1049
1050
1050
7980
1681
6570
1032
1051
1429
12359
6818
15748
10249
5250
1032
1048
5213
1505
10693
1032
1050
5213
1294
1278
7980
1034
4938
1455
1364
1259
1278
2155
5477
2153
2744
2632
10249
10693
1032
1048
1505
1032
1050
5213
1044
1809
6570
1032
1050
1429
4393
2744
1623
1562
1032
1049
1317
9027
1047
1050
1044
6689
1513
12197
1032
1050
1105
1045
1049
1321
1032
1050
1105
1584
9196
1319
1049
37601
1286
18881
4139
41032
1455
1278
17684
1584
1319
1049
1044
1050
1574
1319
1051
1044
1052
1574
6704
1046
3626
2549
1693
1278
2155
5477
4016
3030
1513
1420
13509
4891
1294
1278
4618
4460
1063
3501
1338
1256
17048
1278
2254
10721
1278
8905
5592
1307
1261
89045
2155
5477
1455
1395
1261
1032
1049
1049
1050
1050
7980
1044
1809
1278
1032
1049
1049
1050
1050
7980
1395
6493
2516
1455
1278
1364
11517
1042
10217
4016
1402
1319
1049
1044
1049
1574
1278
2667
1319
1050
1044
1050
1574
6704
3109
1321
1278
4213
4016
1402
10693
1032
1049
1044
1050
1044
1051
90743
1294
3542
1063
7637
1032
1052
1766
1049
1044
1049
1044
1050
1044
1050
1093
1934
1032
1049
1044
1050
1294
3542
4906
5746
5592
1032
1052
1046
24578
1032
1052
1338
1256
5675
1693
1278
1850
2632
1395
1278
8905
1364
1107
1042
2516
1455
2156
1395
1261
1032
1049
1049
1050
1050
7980
1307
5592
1032
1050
1107
1044
1809
1278
8953
3607
3336
2000
5914
1095
1049
1049
1050
1050
21777
5477
18086
1040
1056
1044
1766
1050
1044
1032
1051
1044
1032
1049
1044
1032
1049
1044
1032
1050
1044
1032
1050
1044
1032
1049
1044
1032
1049
8623
1096
10721
1032
1052
1044
1799
2168
4204
1409
1061
1050
1044
1809
1850
1395
1032
1052
1046
4493
1850
1395
5592
1338
1256
17048
1278
2688
2000
1099
52143
1040
1052
1044
1766
1049
1044
1032
1049
1044
1032
1050
1044
1032
1050
8623
2351
1032
1051
1096
1395
7442
10418
1278
2254
1454
1308
1061
1052
1044
1261
18359
1049
1044
1049
1044
1050
1044
1050
3605
1321
1278
6878
4832
1395
1032
1051
3147
1278
8905
1032
1049
1049
1050
1050
2155
5477
1395
1307
5592
1032
1051
1063
3626
6570
1032
1049
8223
3199
5592
1046
62079
6570
1032
1049
1395
1605
1429
23919
3199
5592
1034
1809
1429
23919
5592
1513
4403
1032
1050
69235
1531
8953
3607
8223
1032
1049
1046
24919
3199
5592
1046
25298
1494
1402
1261
27223
1294
1278
8953
3607
1063
1531
3330
5662
1278
8953
3607
1044
1878
1362
2715
2685
1494
1338
1256
9246
1681
3352
1317
3219
1693
2156
1681
2258
2147
3039
1046
17048
1278
2155
5477
4016
1402
2516
1455
1278
1032
1049
1049
1050
1050
7980
7299
18751
1044
12164
1278
2155
5477
1395
1364
46534
1279
1042
1294
1278
7453
1455
1494
6560
1402
13071
1317
1278
3979
1505
3169
3016
24925
1278
7299
1044
1321
1278
1850
1395
1278
8905
5592
5002
1747
33220
2516
2155
93158
1063
2898
1766
1049
1044
1049
1044
1050
1044
1050
3605
1278
33220
2516
2155
93158
1584
1766
1049
1044
1049
1093
1321
1766
1050
1044
1050
1093
1319
13418
1032
1050
1574
1321
1766
1049
1044
1049
1044
1050
1044
1050
1093
1395
1605
33220
3147
1494
1710
2405
1402
13071
1044
1809
1494
1395
1261
5746
1032
1049
1049
1050
1050
7980
1046
53815
1429
62437
5592
1307
1261
89045
2155
5477
1455
1395
1261
1032
1049
1049
1050
1050
7980
1034
4938
1278
36598
1925
1044
1605
33220
1536
13088
1338
1256
5675
1693
1278
4127
1395
1562
1261
2767
1045
32376
21448
1321
1429
1049
1049
1050
1050
7980
1034
4938
1278
7980
1307
1278
2158
2295
6689
1395
1032
1049
1044
1049
1044
1278
4275
2295
1395
1032
1050
1044
1050
1044
6704
3109
1321
1278
1364
1297
1592
1042
2155
5477
4016
10693
4395
1278
5965
1032
1049
1044
1049
1044
1050
1044
1050
92008
1107
29874
1394
1278
1364
10855
2988
1294
1278
4460
1042
1063
3501
1338
1256
9246
1681
3352
1317
6123
1394
1429
1049
1049
1050
1050
7980
1034
1294
1278
5315
1307
1278
5662
2688
5443
1046
1531
2688
5443
4626
26343
1307
3729
2015
1317
1032
1054
1050
1044
1321
3325
1736
16897
1032
1050
1044
1032
1048
1044
1032
1052
1044
1032
1054
1046
1531
5965
1307
16897
1058
1032
1052
1044
1032
1050
1044
1032
1048
1044
1032
1051
1044
1032
1050
1044
1032
1050
1044
1032
1048
1044
1032
1050
1044
1032
1048
1044
1032
1048
1044
1032
1048
1044
1032
1050
1044
1032
1054
1044
1032
1050
1044
1032
1054
1044
1032
1052
1046
17048
1362
1710
3081
1261
10097
1536
7283
1513
1278
12197
1307
9196
17220
6689
1338
1256
9246
1681
2951
1394
2744
2688
1278
4460
1321
1278
12197
1307
17220
9196
17684
1044
1321
1278
6878
4832
1338
1256
7637
1032
1049
1058
1766
1050
1044
1051
1044
1049
1044
1049
1044
1050
1044
1050
1044
1049
1044
1049
1093
4906
17220
33197
1513
26524
1319
1050
1044
1051
4244
1032
1049
1044
1049
1059
1319
1052
1044
1053
4244
1032
1050
1044
1050
1059
1319
1054
1044
1055
4244
1032
1049
1044
1049
1046
77859
1032
1052
1046
4890
10097
1058
17684
1319
1049
1044
1049
1041
1321
1319
1050
1044
1050
1041
11074
4906
5592
1032
1052
1626
1256
7637
1032
1050
1058
1766
1049
1044
1050
1044
1050
1093
4906
17220
9196
1513
1319
1049
1044
1050
4244
1032
1050
1044
1050
1046
77859
1032
1050
1626
1256
7637
1032
1051
1058
1766
1049
1093
4906
1836
17220
33197
1046
77859
1032
1048
1626
1256
7637
1032
1052
1058
1766
1049
1044
1049
1044
1050
1044
1050
1093
4906
17220
33197
1513
1319
1048
1044
1049
4244
1032
1049
1044
1049
1059
1319
1050
1044
1051
4244
1032
1050
1044
1050
1046
77859
1032
1051
1046
4890
10097
10177
1032
1052
1626
1256
7637
1032
1053
1058
1032
1054
1050
2730
4906
1032
1050
1046
33446
1944
1925
17220
9196
10217
1626
1256
7637
1032
1054
1058
1032
1049
1057
2730
4906
1032
1050
1046
33446
1944
1925
17220
9196
10217
1626
1256
7637
1032
1055
1058
1032
1049
1056
2730
4906
1032
1050
1046
24919
1766
1051
1044
1051
1093
1513
2362
1626
1256
7637
1032
1056
1058
1032
1050
1048
2730
4906
1032
1048
1046
3501
17220
33197
1626
1256
7637
1032
1057
1058
1766
1049
1044
1050
1044
1049
1044
1050
1044
1049
1044
1050
1044
1049
1044
1050
1093
4906
1032
1048
1046
3501
17220
33197
1626
1256
7637
1032
1049
1048
1058
1032
1049
1050
2730
4906
1032
1048
1046
3501
17220
33197
1626
1256
7637
1032
1049
1049
1058
1032
1055
2730
4906
1032
1048
1046
3501
17220
33197
1626
1256
7637
1032
1049
1050
1058
1766
1049
1044
1050
1093
4906
1032
1048
1626
1256
7637
1032
1049
1051
1058
1766
1057
1044
1052
1044
1052
1044
1055
1044
1053
1044
1056
1044
1056
1044
1054
1044
1050
1093
4906
17220
33197
1513
1319
1049
1044
1050
4244
1032
1052
1044
1052
1059
1319
1053
1044
1054
4244
1032
1056
1044
1056
1046
77859
1032
1050
1626
1256
7637
1032
1049
1052
1058
1032
1049
1050
2730
4906
1032
1048
1046
3501
17220
33197
1626
1256
7637
1032
1049
1053
1058
1766
1051
1044
1051
1044
1050
1044
1050
1044
1049
1044
1049
1093
4906
17220
33197
1513
1319
1048
1044
1049
4244
1032
1051
1044
1051
1059
1319
1050
1044
1051
4244
1032
1050
1044
1050
1059
1319
1052
1044
1053
4244
1032
1049
1044
1049
1046
77859
1032
1054
1626
1256
7637
1032
1049
1054
1058
1766
1049
1044
1049
1093
4906
17220
9196
1513
1319
1048
1044
1049
4244
1032
1049
1044
1049
1046
77859
1032
1050
1626
1256
7637
1032
1049
1055
1058
1766
1050
1044
1050
1044
1049
1044
1049
1044
1051
1044
1051
1044
1049
1044
1049
1044
1050
1044
1050
1093
4906
17220
33197
1513
1319
1048
1044
1049
4244
1050
1044
1050
1059
1319
1050
1044
1051
4244
1049
1044
1049
1059
1319
1052
1044
1053
4244
1051
1044
1051
1059
1319
1054
1044
1055
4244
1049
1044
1049
1059
1319
1056
1044
1057
4244
1050
1044
1050
1046
77859
1032
1054
1626
1256
7637
1032
1049
1056
1058
1766
1049
1044
1049
1044
1050
1044
1051
1044
1051
1044
1050
1044
1050
1093
4906
17220
33197
1513
1319
1048
1044
1049
4244
1049
1044
1049
1059
1319
1051
1044
1052
4244
1051
1044
1051
1059
1319
1053
1044
1054
4244
1050
1044
1050
1046
77859
1032
1052
1338
1256
9032
1044
15803
1455
1294
1747
9458
1044
1278
4832
1395
5250
1032
1048
1044
1032
1050
1044
1032
1052
1044
1505
1032
1054
1046
7637
1032
1052
64629
1032
1051
1044
1799
31322
1278
5965
1307
3199
8091
1046
2409
1395
9210
57721
1046
17048
1278
2688
2000
1099
52143
1040
1052
1044
1766
1049
1044
1032
1049
1044
1032
1050
1044
1032
1050
8623
2351
1032
1051
1096
1395
7442
2000
3107
1032
1052
1096
1321
1278
3330
3214
1261
96948
1294
1278
3880
5117
1046
3247
13162
1278
3330
1681
2688
9962
1934
2000
3107
1032
1051
1096
1809
1494
1681
1261
2801
2688
1063
1531
3880
5117
11904
8223
2000
8723
15605
1040
1052
1044
1766
1049
1044
1032
1049
1044
1032
1050
1044
1032
1050
8623
2351
1032
1051
14708
1256
23627
1455
1747
2147
16897
1584
3199
1044
1321
1278
1032
1049
1049
1050
1050
7980
12270
10867
3199
5592
1044
19566
1032
1051
1395
81681
1046
1362
4525
57496
8994
1278
6674
1455
1278
3330
1681
2688
2000
1099
52143
1040
1052
1044
1766
1049
1044
1032
1049
1044
1032
1050
1044
1032
1050
8623
2351
1032
1051
1096
4139
1402
1261
27223
1044
1809
4136
1362
4016
2764
1747
9458
1044
13162
1362
2715
4848
3475
1455
10721
1032
1051
1394
1455
4811
4292
1536
2269
28872
1338
1256
3075
2481
1362
3180
2000
5914
1095
1049
1049
1050
1050
21777
5477
18086
1040
1052
1044
1766
1049
1044
1032
1049
1044
1032
1050
1044
1032
1050
8623
1096
1850
1032
1051
1063
17048
1536
106485
1032
1049
1562
1278
5592
1693
1278
2155
5477
16896
1513
4891
1032
1048
1063
3501
1338
1256
5675
1693
1278
1032
1049
1049
1050
1050
7980
10867
1455
1278
10217
4213
1584
11074
12164
1278
2155
5477
5592
1395
1278
2782
1307
1364
85684
1042
38618
1278
2782
1307
1364
25557
8882
4213
1042
1063
2898
1766
1049
1044
1049
1044
1050
1044
1050
1093
5592
1032
1052
1044
11074
4213
1032
1050
1044
1032
1052
1045
1050
1061
1050
1044
1605
1032
1051
1338
1256
5675
1693
1278
1850
1395
1278
8905
1364
1107
1042
2516
1455
2156
1395
1261
1032
1049
1049
1050
1050
7980
1307
5592
1032
1050
1107
1044
1809
1278
2254
10721
1409
1043
1049
1063
2898
2688
1032
1052
1409
1061
1050
4906
1032
1051
1046
2898
2688
1032
1049
1053
1409
1061
1051
4906
1032
1052
1044
1809
6878
1032
1054
1046
4493
1836
1338
1256
5675
1693
1278
2254
10721
1278
8905
5592
1307
1261
89045
2155
5477
1455
1395
1261
1032
1049
1049
1050
1050
7980
1044
1809
1278
1032
1049
1049
1050
1050
7980
1395
6493
1435
1058
1261
7980
2478
1278
2158
6420
1934
1747
6689
9196
1317
1278
2667
6420
1681
6689
1294
16448
1063
3501
1338
1256
17048
1278
4127
1395
1058
3081
1278
8905
5592
1307
1261
89045
2155
5477
1455
9301
1261
1032
1049
1049
1050
1050
7980
1044
2478
1261
1032
1049
1049
1050
1050
7980
1395
1261
7980
1455
1710
1402
13156
2203
2295
107226
2478
1278
2158
6420
1681
6689
1584
10693
1278
2667
6420
1681
6689
1809
2744
10249
15449
1063
3501
1338
1256
9246
1681
3648
2314
1278
14541
1455
1278
3330
1681
2688
2000
1099
52143
1040
1052
1044
1766
1049
1044
1032
1049
1044
1032
1050
1044
1032
1050
8623
2351
1032
1051
1096
1395
7442
2000
1099
52143
1040
1052
1044
1766
1049
1044
1032
1049
1044
1032
1050
1044
1032
1050
8623
2351
1032
1052
1096
1321
1278
3880
5117
2586
6122
2549
2127
60210
1044
1809
1278
7293
2688
1294
2034
2663
1395
1032
1052
1046
1531
3330
8223
1429
24151
16424
70914
84674
14671
48761
1083
2613
1362
2715
14649
1278
9458
1584
1435
5662
1294
1278
2000
6390
1096
2254
1046
1531
2000
6390
1096
2254
1934
2000
8723
15605
1040
1052
1044
1766
1049
1044
1032
1049
1044
1032
1050
1044
1032
1050
8623
2351
1032
1051
9816
3367
1362
4848
3475
1455
10721
1032
1052
1044
1278
2000
6390
1096
2254
2084
7195
1455
57500
1044
1321
1278
3330
2084
3219
1494
9700
1046
3626
13162
1278
3330
17000
1639
1317
8786
2036
3475
1317
2764
1747
9458
1044
3907
1455
1925
1046
3367
1362
1710
2405
1044
13162
1362
2715
4848
1278
3475
1455
14175
1278
8953
3607
1321
10789
1278
2688
1395
1261
96948
1046
3626
1435
1420
26554
1044
1362
2715
3352
1317
1402
6298
1338
1256
9246
1681
1344
41412
1278
3330
1681
16925
3435
21966
1058
1429
10311
1278
3629
2254
21734
1321
8953
3607
1044
10886
5687
1278
2254
5055
1321
2764
1747
1278
9458
1046
1603
24151
16424
70914
84674
14671
48761
1083
11621
1034
6830
2127
5234
1278
8953
3607
1454
11277
1044
1321
2430
1429
15908
4206
24728
1095
1049
1049
1050
1050
21777
5477
18086
1041
1317
3160
9458
2613
3060
1278
2000
6390
1096
2254
1934
1278
109595
1338
1256
17048
1362
1710
3081
1261
2801
19190
1307
1278
8953
3607
1455
7510
1766
1049
1044
1049
1044
1050
1044
1050
1093
1850
1032
1051
1338
1256
37865
3607
1058
1429
1065
1032
1049
1049
1050
1050
7980
1395
6493
1435
1261
7980
1455
1877
1256
1032
1049
1046
24919
3199
5592
1010
1256
1032
1050
1046
2898
2744
1623
1562
1032
1049
1317
9027
1047
1050
1044
6689
1513
12197
1032
1050
1105
1045
1049
1321
1032
1050
1105
1584
9196
1319
1049
37601
1286
1456
1256
1032
1051
1046
11796
6818
15748
10249
5250
1032
1048
5213
1505
10693
1032
1050
5213
1294
1278
7980
4410
1256
5675
1693
1429
85684
1513
12197
1032
1050
1105
1045
1049
1321
1032
1050
1105
1584
9196
1034
4938
1278
3584
1513
3980
1032
1050
1105
1045
1049
33197
1278
3584
1513
3980
1032
1050
1105
1364
1259
1278
4618
4460
2153
1321
1278
2155
5477
1395
2586
2258
89045
1805
1063
5646
6354
2405
3180
7453
1338
1256
5675
1693
1278
7980
1395
1032
1048
37601
1286
1063
1429
1049
37601
1286
1034
1395
12581
1338
1256
5675
1693
6570
1032
1051
1429
12359
6818
15748
10249
5250
1032
1048
5213
1505
10693
1032
1050
5213
1294
1278
7980
1034
4938
1455
1364
1259
1278
6836
4618
4460
2153
2744
15748
10249
1032
1048
1505
1032
1050
5213
1044
1321
1729
1584
1317
3081
1278
8905
5592
1307
1261
89045
2155
5477
1455
1395
1261
1032
1049
1049
1050
1050
7980
1364
77282
1455
1278
6836
4460
51766
1593
1042
1063
3626
2688
1032
1056
6836
4460
6354
2405
34301
1044
6878
1032
1048
1046
7637
1032
1052
6836
4460
1032
1049
1321
1032
1050
6730
15449
1044
1878
1494
2168
34301
1044
1809
6878
1032
1051
1605
1032
1052
1338
1256
17048
1278
1032
1049
1049
1050
1050
7980
1395
6493
1408
1278
1364
64713
1042
1307
1278
2155
5477
1044
1809
1278
1429
23665
15748
1034
19442
1317
1278
1364
5486
1042
1623
1063
3501
1338
1256
9246
1681
3352
1317
3369
1455
1278
2688
2000
1099
52143
1040
1052
1044
1766
1049
1044
1032
1049
1044
1032
1050
1044
1032
1050
8623
2351
1032
1051
1096
4139
1402
3147
1278
2254
10721
1278
8905
5592
1307
1261
89045
2155
5477
1455
1395
1261
1032
1049
1049
1050
1050
7980
1044
1809
1278
1032
1049
1049
1050
1050
7980
4016
1402
1364
15095
41869
1108
7641
1042
1294
2269
3039
1063
3501
1338
1256
15081
4914
1058
17048
1278
1429
1049
1049
1050
1050
7980
1034
1395
1261
7980
2478
1278
5965
1307
1278
2158
2295
6689
1395
1032
1049
1044
1049
1044
1278
4275
2295
1395
1032
1050
1044
1050
1044
6704
3109
1321
1278
1364
10855
1042
4016
1402
10693
1278
38801
1562
1032
1049
1317
1409
1044
1321
1278
2155
5477
4016
3030
1513
1278
10343
1307
1278
4460
1063
2898
2688
1032
1052
1044
4460
1395
1766
1049
1044
1049
1044
1050
1044
1050
3605
16896
1513
10343
1044
4213
1032
1049
1044
1050
4906
1409
1061
1050
1044
5592
1032
1052
1046
24578
1032
1052
1338
1256
5675
1693
1278
2254
10721
1278
8905
5592
1307
1261
89045
2155
5477
1455
1395
1261
1032
1049
1049
1050
1050
7980
1044
1809
1278
1032
1049
1049
1050
1050
7980
1395
6493
1435
1058
1261
7980
2478
1394
2744
1623
1562
1032
1049
1317
9027
1047
1050
1044
1261
1091
1050
1105
1045
1049
1093
1376
1261
1091
1050
1105
3605
12164
1278
7980
1307
10217
4213
1395
36993
8035
1063
7637
1032
1052
1766
1049
1044
1049
1044
1050
1044
1050
1093
8035
4906
5746
5592
1032
1052
1046
7637
1032
1049
1053
1766
1051
1044
1051
1044
1050
1044
1050
1044
1049
1044
1049
1093
1605
8035
4906
20520
1044
1809
6878
1032
1054
1046
4493
1836
1338
1256
5675
1693
36993
31040
1063
7637
1032
1049
1053
31040
4906
5746
1044
2688
1032
1052
8035
4906
20520
1044
6705
2168
1402
1032
1050
1044
6878
1032
1051
1338
1256
17048
1278
10217
4213
4016
1402
11074
1044
12164
1278
2155
5477
4016
3030
1454
1278
36111
10217
2632
1063
7637
1032
1052
36111
1395
1032
1049
1044
16896
1454
1032
1049
4906
5746
5592
1032
1052
1338
1256
1362
4525
4670
1317
3352
1261
2801
5125
1058
12494
1278
11708
2715
3081
1278
36598
89045
2155
5477
2478
1278
6570
18751
1044
1809
1454
1261
59197
1058
1278
2155
5477
4016
1402
2516
1455
1278
10217
4213
1584
1747
11074
1044
12164
1278
2155
5477
1681
5592
1395
1278
2782
1307
6689
1044
1398
5489
1693
1278
6960
4460
1395
1261
1032
1049
1049
1050
1050
7980
1044
1729
1850
4433
2849
1063
3501
1338
1256
9246
1681
2985
1513
2688
1032
1049
1055
1058
1766
1050
1044
1050
1044
1049
1044
1049
1044
1051
1044
1051
1044
1049
1044
1049
1044
1050
1044
1050
1093
6878
1032
1054
1046
4890
10097
10177
1032
1054
1562
1766
1050
1044
1050
1044
1049
1044
1049
1044
1051
1044
1051
3077
1531
10217
4213
1584
1032
1050
1044
1049
1044
1051
1046
1531
11829
1805
1766
1049
1044
1049
1044
1050
1044
1050
1093
1513
1278
2362
1934
10217
4213
1032
1049
1044
1050
1044
1809
2632
1032
1049
5314
2434
1294
1278
2158
1805
1063
49032
1044
1278
2155
5477
1766
1050
1044
1050
1044
1049
1044
1049
1044
1051
1044
1051
1044
1049
1044
1049
1093
2168
1736
2632
1032
1049
36910
1032
1052
5213
1044
20520
1046
4493
6705
1032
1054
1338
1256
9032
1044
2549
1693
1278
10097
1395
1058
3081
1278
36598
89045
2155
5477
1455
1710
1402
107894
2203
17684
1307
9196
6689
1044
2516
1455
1747
10217
4213
1584
11074
1046
2409
1395
2036
10097
1046
2157
10177
1032
1052
1394
2688
1032
1052
1046
1531
2688
64629
1032
1051
1046
17048
1278
3330
1681
2688
2000
1099
52143
1040
1052
1044
1766
1049
1044
1032
1049
1044
1032
1050
1044
1032
1050
8623
2351
1032
1051
1096
1395
1261
96948
1394
2000
3107
1032
1052
9816
23627
1455
1747
2147
16897
1584
3199
1044
1321
1278
12270
8223
3199
5592
1044
1494
1681
9210
6906
1278
2688
2715
1402
1032
1052
1046
1362
2084
14649
1494
1681
1261
96948
1321
5687
1278
6298
11857
1651
1278
8953
3607
1046
3367
1278
3330
1681
2688
7442
64629
1032
1051
1044
2036
3475
2084
7195
1044
1809
1362
1736
1836
3039
1317
3180
1494
1032
1051
3816
26304
1278
12270
1338
1256
32844
1033
17048
1362
5711
2633
1278
2688
1046
1531
3330
1681
3880
1877
1256
49958
1256
6852
15605
1040
1052
1044
1766
1049
1044
1032
1049
1044
1032
1050
1044
1032
1050
8623
2351
1032
1051
1010
1256
49958
1256
5675
1693
1278
4460
1395
48755
1049
1044
1032
1049
1044
1032
1050
1044
1032
1050
39261
1809
1308
1061
1052
1044
1321
1278
2254
1395
15654
1317
1850
1278
8905
5592
1307
1261
89045
2155
5477
1455
1395
1261
1032
1049
1049
1050
1050
7980
1044
1809
1278
1032
1049
1049
1050
1050
7980
12270
1934
1261
6570
1362
21957
1058
1429
12359
6818
15748
10249
5250
1032
1048
5213
1505
10693
1032
1050
5213
1294
1278
7980
3871
5675
1693
1429
1259
1278
7980
1034
4938
1429
1259
1278
4618
4460
1261
69235
9246
1681
2688
1593
18817
1338
1256
98372
5694
1058
1531
2254
23880
1278
8905
5592
1307
1261
89045
2155
5477
2516
1455
1877
1256
1462
1531
2155
5477
1934
3199
5592
1626
1256
1462
2898
2744
1623
1562
1032
1049
1317
9027
1047
1050
1044
1278
6689
1513
12197
1032
1050
1105
1045
1049
1321
1032
1050
1105
1319
1049
37601
1286
3746
1278
2155
5477
1041
1584
9196
1626
1256
1462
11796
6818
15748
10249
5250
1032
1048
5213
1505
10693
1032
1050
5213
1364
1259
1278
4618
4460
1261
6849
1256
9246
1681
2688
1593
1408
1278
2688
5443
1338
1256
7637
1032
1052
1058
1261
1376
1766
1049
1044
1049
1044
1050
1044
1050
3077
82122
4460
1058
1032
1049
10249
1032
1050
5213
1044
1032
1050
10249
1032
1050
5213
1046
4493
6570
1032
1051
18751
1394
1278
6836
4460
1046
9032
1044
2549
89045
2155
93158
1736
3199
5592
1321
22487
9196
17684
9551
1256
1462
1766
1049
1044
1049
1093
9027
1032
1050
1058
10217
1319
1049
1044
1049
1577
1656
6836
4460
1044
1032
1049
10249
1032
1050
5213
1046
22112
1063
59779
1032
1051
8223
1429
12359
6818
15748
10249
5250
1032
1048
5213
1505
10693
1032
1050
5213
1294
1278
7980
3871
3367
1429
39318
1034
4938
1278
2155
5477
1044
2430
1294
1766
1049
1044
1049
3605
1032
1049
10249
1032
1050
5213
1046
3367
1429
39318
1034
4938
1278
4618
4460
1044
2430
1294
1766
1049
1044
1049
1093
2155
5477
1044
1278
4618
4460
3637
1934
1032
1049
36910
1032
1050
5213
1046
12953
5628
5746
1626
1256
1462
1766
1050
1044
1050
1093
9027
1032
1050
1058
5746
1626
1256
1462
1766
1049
1044
1049
1044
1050
1044
1050
1093
9027
1032
1052
1058
5746
1626
1256
8923
5592
2168
3637
1402
1032
1052
1046
4493
1593
18817
6354
2405
4036
2688
1032
1052
1338
1256
7637
1032
1049
1058
1261
1376
1766
1050
1044
1051
1044
1049
1044
1049
1044
1050
1044
1050
1044
1049
1044
1049
3077
82122
4460
1058
1032
1050
10249
1032
1050
5213
1063
1032
1050
1513
4891
1032
1048
1321
1032
1052
1063
32844
4460
1058
1032
1050
1044
1051
1044
1049
1044
1049
1044
1050
1044
1050
1044
1049
1044
1049
1046
1032
1050
1513
1032
1048
1321
1032
1052
4906
1032
1050
5213
1046
1032
1051
1513
1032
1049
4906
1032
1049
2142
1033
4493
6836
4460
1934
1032
1051
36910
5785
1046
59779
1032
1051
2168
7195
1394
6836
4460
1046
3626
1729
1584
7283
1394
2155
93158
1046
3367
6570
1032
1051
28735
1317
1278
4618
4460
1044
2430
2258
2155
5477
1307
1261
6836
4460
1455
6354
2405
34301
6570
1032
1051
2168
1402
20520
1063
5646
6354
2405
3180
7453
3147
6570
1032
1051
1395
2314
1278
7980
1319
6156
5477
2519
1256
17048
6570
1032
1051
28735
1317
1278
2155
5477
1044
1809
1278
1429
23665
15748
1034
19442
1317
1278
1364
10855
1042
1294
1278
2155
5477
1046
5646
1681
2549
1362
1736
1338
1256
9246
1681
3352
1317
3081
1261
10097
1455
10177
1032
1051
1394
1766
1049
1044
1049
1044
1050
1044
1050
3077
5675
1693
1278
1032
1049
1049
1050
1050
7980
4016
1736
1278
7299
1455
1278
10217
4213
1584
11074
12164
1278
2155
5477
5592
1395
1278
2782
1307
1364
1112
7432
1042
1364
1032
1050
1044
1809
1278
2155
5477
4016
1402
1364
121182
1405
1042
1261
1032
1049
1049
1050
1050
7980
10138
1494
6560
1402
1261
23832
1307
1261
7934
1032
1049
1049
1050
1050
7980
1063
3501
1338
1256
17048
1278
2254
10721
1278
8905
5592
1307
1261
89045
2155
5477
1455
1395
1261
1032
1049
1049
1050
1050
7980
1044
1809
1278
1032
1049
1049
1050
1050
7980
1395
6493
1435
1058
1261
7980
1455
1710
1402
13156
2203
2295
107226
2478
1278
2158
6420
1934
1747
6689
9196
1317
1278
2667
6420
1681
6689
1044
1321
2744
3584
10249
15449
1063
3501
1338
1256
1362
4525
4670
1317
6123
2036
6628
1394
1261
4629
4127
1429
1049
1049
1050
1050
7980
3871
1362
3648
2156
1681
1261
13968
2975
2455
4127
1429
1049
1049
1050
1050
1067
1034
1809
1455
1681
2314
1261
5970
1321
22963
1046
17048
1494
1681
1562
1261
2301
1304
5603
4127
1429
68176
36609
1307
1261
25895
6329
1621
3000
1454
84643
107876
1034
1836
1046
17048
1494
1681
1562
1261
8531
3931
1067
10414
4127
1429
1049
1049
1050
1050
1034
1462
2156
1681
3931
1067
10414
43034
2356
64467
1032
1050
1055
1050
1505
4433
1063
49032
1044
3931
1067
10414
24176
1032
1050
1055
1050
1934
1261
4127
1429
1049
1049
1050
1050
1034
13162
1605
1338
1256
32844
1033
17048
1278
1429
1049
1049
1050
1050
7980
1034
1395
1261
7980
2478
1278
2158
3584
10249
15449
1044
1278
2667
3584
10249
15449
1044
6704
3109
1809
1278
1364
72349
1042
1307
1278
9196
6689
1584
1605
20594
22487
1063
59779
1032
1050
8223
2127
1584
1513
12197
1032
1050
1105
1045
1049
1321
1032
1050
1105
1044
1799
1584
22487
1338
1256
9246
1681
1344
41412
6570
1032
1050
1058
1429
4393
2744
1623
1562
1032
1049
1317
9027
1047
1050
1044
6689
1513
12197
1032
1050
1105
1045
1049
1321
1032
1050
1105
1584
9196
1319
1049
37601
1286
114478
5675
1693
1429
72349
1032
1050
1105
1045
1049
1321
1032
1050
1105
1034
1584
12197
1294
1278
1364
20358
1042
4460
1044
1321
1278
2155
5477
1395
2586
2258
89045
1805
1044
1809
1278
6570
4016
5864
1394
1278
2155
5477
1681
12197
7858
1317
1278
4618
4460
1063
5646
2168
4204
1278
2155
5477
4016
3030
1513
1420
4891
2516
1455
1278
12197
1032
1050
1105
1045
1049
1321
1032
1050
1105
6962
3746
1278
2155
5477
1063
5646
1681
7796
4382
116853
7239
1338
1256
17048
1278
4127
1395
39928
1058
3081
1278
36598
89045
2155
5477
2478
3387
3584
10249
10693
15449
1044
1321
1278
2295
71320
1584
17220
1046
5646
1681
2036
10097
1046
2898
1766
1049
1044
1049
1044
1050
1044
1050
3605
1455
1681
5592
1032
1052
1046
1531
2688
64629
1032
1051
1046
1362
7534
14649
1278
2688
1395
2000
3107
1032
1052
1096
1321
1278
3330
3214
1261
96948
1046
3626
1278
3330
2639
1429
24151
16424
70914
84674
14671
48761
1083
2613
1362
1710
2405
4036
1494
1046
3367
1362
4848
3475
1455
10721
1032
1052
1044
1278
2688
2000
3107
1032
1051
1096
2084
7195
1046
1531
3330
4139
2430
4150
2036
5097
1395
8462
1046
3626
13162
1278
3330
1681
7293
2688
9962
1934
2000
3107
1032
1052
7273
1321
1278
3880
5117
2586
6122
2549
2127
60210
73751
1046
2813
1420
26554
1044
1362
2715
54628
2033
1278
8953
3607
1321
1278
11774
1307
9458
1338
1256
9246
1681
2985
1513
1278
3330
1681
16925
2790
1058
1429
16994
4607
6983
9700
1278
9458
1046
9380
1681
1278
3880
1058
6421
6852
15605
1040
1052
1044
1766
1049
1044
1032
1049
1044
1032
1050
1044
1032
1050
8623
2351
1032
1051
3871
2409
24277
2036
4607
3475
2697
1605
1850
1032
1051
1394
1455
4292
1046
1531
3330
17000
1639
1317
5687
1278
2254
17047
1878
1455
1747
9458
2764
1046
3367
1362
1710
2405
3180
1494
1850
1032
1051
1044
13162
1362
2534
1317
3081
1261
2801
11857
1338
1256
5675
1693
1278
1032
1049
1049
1050
1050
7980
1395
6493
1435
1058
1261
7980
1455
1934
3199
5592
1044
1321
1394
2744
1623
1562
1032
1049
1317
9027
1047
1050
1044
1278
6689
1513
12197
1032
1050
1105
1045
1049
1321
1032
1050
1105
1584
9196
1044
12164
1278
1364
2683
1042
1307
10217
4213
1395
10693
1445
1049
1044
1032
1050
1044
84091
1409
1125
2478
1409
1376
9027
1047
1050
1063
2837
17155
1455
1044
2688
1032
1052
10177
1032
1052
1338
1256
5675
1693
1278
2016
1307
10217
4213
4016
1402
10693
1445
1049
1044
1032
1050
1044
84091
1409
1125
12164
1278
10217
4213
4016
6730
1294
8035
3542
1063
7637
1032
1052
1766
1049
1044
1049
1044
1050
1044
1050
1093
8035
4906
1032
1052
1046
7637
1032
1049
1053
1766
1051
1044
1051
1044
1050
1044
1050
1044
1049
1044
1049
1093
1605
8035
4906
20520
1044
1809
6878
1032
1054
1338
1256
5675
1693
1278
10217
4213
4016
1402
11074
1044
12164
1278
2155
5477
4016
3030
1513
1420
4891
2478
1278
3584
1395
1278
11835
1307
1278
10217
4213
1063
3501
1338
1256
17048
1278
2254
10721
1278
8905
5592
1307
1261
89045
2155
5477
1455
1395
1261
1032
1049
1049
1050
1050
7980
1044
1809
1278
1032
1049
1049
1050
1050
7980
1395
6493
1435
1058
1261
7980
2478
1278
2158
6420
1395
1278
16448
1307
1278
2667
6420
1063
3501
1338
1256
9246
1681
3352
1317
3648
1307
1278
4127
1435
1058
3081
1278
36598
2155
5477
1455
1710
1402
107894
2203
17684
1307
9196
6689
1044
1454
1747
10217
4213
11074
1046
2409
1395
1261
4629
4127
1058
1429
14270
1372
2155
5477
1454
17220
9196
17684
1321
11074
10217
4213
3871
1531
11857
1362
1880
1319
1115
1497
8492
2203
3199
1321
13509
3030
26524
1044
2430
13170
36598
2155
5477
1454
11074
4213
1294
1261
36443
7404
1041
7444
6298
1046
2157
22405
1747
9458
8100
2688
1032
1052
1338
1256
17048
2688
1032
1052
1395
2000
1099
52143
1040
1052
1044
1766
1049
1044
1032
1049
1044
1032
1050
1044
1032
1050
8623
2351
1032
1051
1096
3147
1278
4460
1395
1032
1049
37601
1286
1321
1278
2155
5477
4016
3030
1513
4891
1032
1050
1063
3501
1338
1256
5675
1693
1278
1850
2632
1395
1278
8905
1364
1107
1042
2516
1455
2156
1395
1261
1032
1049
1049
1050
1050
7980
1307
5592
1032
1050
1107
1044
1809
1278
2254
10721
1409
1063
6830
2688
1032
1052
2168
1850
1032
1050
1044
6878
1032
1051
1046
7637
1032
1049
1053
1850
1032
1051
1044
6878
1032
1054
1046
3501
1338
1256
5675
1693
1278
2254
10721
1278
8905
5592
1307
1261
89045
2155
5477
1455
1395
1261
1032
1049
1049
1050
1050
7980
1044
1809
1278
1032
1049
1049
1050
1050
7980
1681
6570
1032
1049
1429
23919
3199
5592
1034
1395
1605
1261
21609
1394
1278
2155
5477
1044
1809
1261
7299
1307
1278
1032
1049
1049
1050
1050
7980
12270
1044
1321
1278
2254
10721
1278
8905
5592
1307
1261
89045
2155
5477
1455
1364
8495
1402
1261
1042
1032
1049
1049
1050
1050
7980
1044
13162
15249
13509
34749
1063
3626
6570
1032
1049
8223
1429
23919
3199
5592
7223
1256
17048
1278
2688
2000
1099
52143
1040
1052
1044
1766
1049
1044
1032
1049
1044
1032
1050
1044
1032
1050
8623
2351
1032
1051
1096
1395
3147
1278
8905
5746
2155
5477
1395
1766
1049
1044
1049
1044
1050
1093
1063
3626
6570
1032
1049
8223
3199
5592
1046
3367
1729
21965
6570
1032
1049
1044
1766
1049
1044
1049
1044
1050
1093
1934
17684
1063
1319
1049
1044
1049
1041
1321
2430
1032
1050
9412
1046
5500
1261
1032
1049
1049
1050
1050
7980
1338
1256
1362
4525
4670
1317
3352
1317
5687
1278
2254
1435
1651
1278
8953
3607
1044
1321
1693
2688
1032
1052
64629
1032
1051
1044
13162
1362
1710
9447
1536
19566
2000
5914
18086
1462
1032
1049
1096
1693
4433
1063
3501
1338
1256
9246
1681
1344
11568
14176
1278
2158
8953
3607
3336
1058
2000
35209
6705
1095
1049
1049
1050
1050
21777
5477
18086
1040
1056
1044
1766
1050
1044
1032
1051
1044
1032
1049
1044
1032
1049
1044
1032
1050
1044
1032
1050
1044
1032
1049
1044
1032
1049
8623
1096
10721
1032
1052
1046
1531
2000
6390
1096
2254
1934
2000
8723
15605
1040
1056
1044
1766
1050
1044
1032
1051
1044
1032
1049
1044
1032
1049
1044
1032
1050
1044
1032
1050
1044
1032
1049
1044
1032
1049
8623
2351
1032
1052
9816
1531
2667
6983
9700
1408
1593
1046
4890
4607
3475
1319
11018
1362
2607
2405
1736
1041
4016
1736
1880
1261
19940
1046
1531
2158
6983
2095
9700
1408
1593
1046
4493
2036
11857
1394
13170
1278
2155
5477
1486
8462
1394
1455
2937
4382
1338
1256
17048
1278
6298
11857
1395
1605
2549
1362
4914
1046
9246
1681
3352
1317
42463
1278
11857
1562
1278
2688
5443
1536
27408
1278
4832
1395
5282
1278
8905
5592
1307
1261
89045
2155
5477
2478
1278
6570
18751
1044
1809
13162
1278
6570
1395
2801
1338
1256
9246
1681
2951
1394
2744
2688
1278
4460
1321
1278
6878
4832
1044
1321
3352
1317
3081
1261
5965
1294
6856
1307
1278
4460
6689
1338
1256
7637
1032
1049
1058
1766
1050
1044
1051
1044
1049
1044
1049
1044
1050
1044
1050
1044
1049
1044
1049
1093
4906
1032
1052
1046
1531
5746
2155
5477
1395
1766
1049
1044
1049
1044
1050
1044
1050
1093
1505
13162
1766
1050
1044
1050
1044
1049
1044
1049
1093
1063
1766
1050
1044
1050
1044
1049
1044
1049
1093
1934
10217
4213
1032
1050
1044
1049
11074
1044
5592
1032
1052
1046
9840
5746
1626
1256
7637
1032
1050
1058
1766
1049
1044
1050
1044
1050
1093
4906
1032
1050
1046
1766
1050
1044
1050
57277
1256
7637
1032
1051
1058
1766
1049
1093
4906
1032
1048
1626
1256
7637
1032
1052
1058
1766
1049
1044
1049
1044
1050
1044
1050
1093
4906
1032
1051
1046
1319
10183
1332
5769
1456
1256
7637
1032
1053
1058
1032
1054
1050
2730
4906
1032
1050
1046
33446
1944
1261
4249
1766
1120
28075
57277
1256
7637
1032
1054
1058
1032
1049
1057
2730
4906
1032
1050
1046
21381
1766
1120
28075
57277
1256
7637
1032
1055
1058
1032
1049
1056
2730
4906
1032
1050
1046
21381
1766
1051
1044
1051
57277
1256
7637
1032
1056
1058
1032
1050
1048
2730
4906
1032
1048
1046
3501
17220
33197
1626
1256
7637
1032
1057
1058
1766
1049
1044
1050
1044
1049
1044
1050
1044
1049
1044
1050
1044
1049
1044
1050
1093
4906
1032
1048
1046
3501
17220
33197
1626
1256
7637
1032
1049
1048
1058
1032
1049
1050
2730
4906
1032
1048
1046
3501
17220
33197
1626
1256
7637
1032
1049
1049
1058
1032
1055
2730
4906
1032
1048
1046
3501
17220
33197
1626
1256
7637
1032
1049
1050
1058
1766
1049
1044
1050
1093
4906
1032
1048
1626
1256
7637
1032
1049
1051
1058
1766
1057
1044
1052
1044
1052
1044
1055
1044
1053
1044
1056
1044
1056
1044
1054
1044
1050
1093
4906
1032
1050
1046
1766
1052
1044
1052
1093
1505
1766
1056
1044
1056
57277
1256
7637
1032
1049
1052
1058
1032
1049
1050
2730
4906
1032
1048
1046
3501
17220
33197
1626
1256
7637
1032
1049
1053
1058
1766
1051
1044
1051
1044
1050
1044
1050
1044
1049
1044
1049
1093
4906
1032
1054
1046
7376
1592
4460
1626
1256
7637
1032
1049
1054
1058
1766
1049
1044
1049
1093
4906
1032
1050
1626
1256
7637
1032
1049
1055
1058
1766
1050
1044
1050
1044
1049
1044
1049
1044
1051
1044
1051
1044
1049
1044
1049
1044
1050
1044
1050
1093
4906
1032
1054
1046
7672
5477
1766
1050
1044
1050
1044
1049
1044
1049
1044
1051
1044
1051
1093
1505
1766
1049
1044
1049
1044
1051
1044
1051
1044
1049
1044
1049
1093
1063
1766
1049
1044
1049
1044
1051
1044
1051
1044
1049
1044
1049
1093
1934
2632
1032
1049
3946
5213
1044
20520
1046
4493
1766
1050
1044
1050
1044
1049
1044
1049
1044
1051
1044
1051
1093
5592
1032
1054
1626
1256
7637
1032
1049
1056
1058
1766
1049
1044
1049
1044
1050
1044
1051
1044
1051
1044
1050
1044
1050
1093
4906
1032
1052
1046
7672
5477
1766
1051
1044
1051
1044
1050
1044
1050
1093
5592
1032
1052
1338
1256
9032
1044
15803
1455
1294
1747
9458
2478
1278
4832
1395
2767
61174
1044
1278
4832
1395
1278
5592
1307
1261
2155
5477
1455
15730
1307
22487
17684
1307
9196
6689
1044
1454
1747
10217
4213
11074
1046
1531
2342
10487
1395
2688
1032
1052
39322
1032
1051
1338
1256
5675
1693
2688
1032
1052
1395
7442
2000
1099
52143
1040
1052
1044
1766
1049
1044
1032
1049
1044
1032
1050
1044
1032
1050
8623
2351
1032
1052
1096
1321
1278
3330
1681
3880
5117
1934
1261
96948
1063
23627
1278
19385
1307
3199
16897
1044
1362
7534
14649
1494
1681
1261
96948
1046
3626
1317
1402
12663
1044
13162
1362
1710
5687
1278
2254
2516
1455
1494
10721
1032
1051
1394
1455
4811
2937
1536
2269
36426
1063
3501
1044
1455
1681
8143
1338
1256
17048
1278
4127
1934
1261
2801
12270
1058
1429
1065
1032
1049
1049
1050
1050
7980
1395
6493
1435
1261
7980
1455
1058
1032
1049
1046
24919
3199
5592
1032
1050
1046
2898
2744
1623
1562
1032
1049
1317
9027
1047
1050
1044
6689
1513
12197
1032
1050
1105
1045
1049
1321
1032
1050
1105
1584
9196
1319
1049
37601
1286
1041
1032
1051
1046
11796
6818
15748
10249
5250
1032
1048
5213
1505
10693
1032
1050
5213
1294
1278
7980
3871
5675
1693
6570
1032
1050
4938
1058
1394
2744
1623
1562
1032
1049
1317
9027
1047
1050
1044
1278
3584
1513
3980
1032
1050
1105
1045
1049
33197
1278
3584
1513
3980
1032
1050
1105
1044
12164
2576
6689
4016
1402
1278
15748
1623
1063
2837
17155
1455
1338
1256
9246
1681
3352
1317
6123
1394
1429
1049
1049
1050
1050
7980
1034
1294
1278
5315
1307
1278
5662
2254
2564
2000
5914
1095
1049
1049
1050
1050
21777
5477
18086
9816
17048
1494
1681
1562
1261
8531
13968
2975
2455
6509
1063
13968
2975
2455
18545
1032
1057
1050
1055
1319
20610
1032
1051
1041
1505
4433
1063
3730
1486
1261
4127
1429
1049
1049
1050
1050
1034
13162
1605
1338
1256
15081
6674
1058
17048
1278
1429
1049
1049
1050
1050
7980
1034
1395
1261
7980
2478
1278
5965
1307
1278
2158
2295
6689
1395
1032
1049
1044
1049
1044
1278
4275
2295
1395
1032
1050
1044
1050
1044
6704
3109
1321
1278
1364
1297
1592
1042
2155
5477
4016
10693
4395
1278
5965
1032
1049
1044
1049
1044
1050
1044
1050
92008
1107
29874
1394
1278
1364
10855
1455
6730
1294
1278
2155
5477
2153
1321
1278
4213
4016
1402
10693
1032
1049
2645
1409
1294
3542
1046
3626
2688
1032
1049
1053
1766
1051
1044
1051
1044
1050
1044
1050
1044
1049
1044
1049
1093
2168
1402
20520
1046
9748
6878
1032
1054
1044
13162
1278
4213
1710
1402
2258
1044
1809
1278
1364
12296
1042
1307
11074
4213
1395
1409
1044
1321
1278
7980
4016
1402
1261
77806
1307
1032
1049
1791
1107
1063
24578
2688
1032
1052
10177
1032
1052
1338
1256
5675
1693
1278
2254
10721
1278
8905
5592
1307
1261
89045
2155
5477
1455
1395
1261
1032
1049
1049
1050
1050
7980
1044
1809
1278
1032
1049
1049
1050
1050
7980
1395
6493
1435
1058
1261
7980
2478
1278
2158
6420
1934
1747
6689
9196
1317
1278
2667
6420
1681
6689
1044
1321
2744
3584
10249
15449
1063
3501
1338
1256
9246
1681
3352
1317
3369
1455
1278
2688
2000
1099
52143
1040
1052
1044
1766
1049
1044
1032
1049
1044
1032
1050
1044
1032
1050
8623
2351
1032
1051
1096
4139
1402
3147
1278
2254
1395
15654
1317
1850
1278
8905
5592
1307
1261
89045
2155
5477
1455
1395
1261
1032
1049
1049
1050
1050
7980
1044
1809
1278
1032
1049
1049
1050
1050
7980
4016
1402
1364
46534
1279
1042
1294
1278
7453
1455
1494
6560
1402
13071
1044
1321
1278
1850
1395
1278
8905
5592
5002
1747
33220
2516
2155
93158
1046
2898
1766
1049
1044
1049
1044
1050
1044
1050
3605
1278
33220
1032
1049
1049
1050
1050
2155
93158
1584
1766
1049
1044
1049
1093
1321
1766
1050
1044
1050
1093
1319
13418
1032
1050
1574
1321
1766
1049
1044
1049
1044
1050
1044
1050
1093
1395
1605
33220
3147
1494
1710
2405
1402
13071
1044
1809
1494
1395
1261
5746
1032
1049
1049
1050
1050
7980
1046
53815
1429
62437
5592
1307
1261
89045
2155
5477
1455
1395
1261
1032
1049
1049
1050
1050
7980
1034
4938
1278
36598
1925
1044
1605
33220
1536
13088
1046
3626
13162
1278
4127
28256
1494
1435
33220
1536
13088
1063
9246
1681
2688
1593
18817
1338
1256
3367
1429
62437
5592
1307
1261
89045
2155
5477
1455
1395
1261
1032
1049
1049
1050
1050
7980
1034
4938
1278
8905
5592
5002
1747
1364
46534
1279
1042
1319
3326
24821
1041
1032
1049
1049
1050
1050
2155
93158
1626
1256
2898
1766
1049
1044
1049
1044
1050
1044
1050
30689
1256
1462
1766
1049
1044
1049
1093
1395
1261
1032
1049
1049
1050
1050
2155
5477
1046
4425
1494
1402
13071
1063
3870
1278
3169
1729
1736
1766
1050
1044
1050
3605
1878
1766
1049
1044
1049
1044
1050
1044
1050
1093
1395
1261
9039
1032
1049
1049
1050
1050
2155
5477
8719
1494
1046
4493
1766
1049
1044
1049
1093
1395
1605
33220
1626
1256
1462
1766
1050
1044
1050
1093
28541
1605
33220
1626
1256
1462
1766
1049
1044
1049
1044
1050
1044
1050
1093
1395
1261
1032
1049
1049
1050
1050
2155
5477
1046
4425
1494
1402
13071
1063
3501
1044
1494
1681
1278
6836
4460
1046
4493
1494
1395
33220
1046
36609
1032
1052
1046
8923
33220
5592
1032
1052
1046
24578
1032
1052
1338
1256
2898
1766
1051
1044
1051
1044
1050
1044
1050
1044
1049
1044
1049
15558
6836
4460
1395
33220
1044
5592
1032
1054
1338
1256
2898
1766
1050
1044
1050
1044
1049
1044
1049
1044
1051
1044
1051
1044
1049
1044
1049
1044
1050
1044
1050
15558
33220
1032
1049
1049
1050
1050
2155
93158
1063
1766
1050
1044
1050
1044
1049
1044
1049
1044
1051
1044
1051
1093
5592
1032
1054
1046
4425
1494
1402
13071
1063
3870
1278
3169
1729
1736
1766
1049
1044
1049
1044
1050
1044
1050
3605
1809
22923
2168
4626
2632
1032
1049
15449
2081
1044
6187
1032
1049
6730
1032
1052
5213
1044
1878
20520
1046
3870
1278
3979
7545
1046
4493
1766
1050
1044
1050
1044
1049
1044
1049
1044
1051
1044
1051
1093
1395
33220
1046
9840
1766
1049
1044
1049
1044
1051
1044
1051
1044
1049
1044
1049
1093
1395
20520
1046
1766
1051
1044
1051
1044
1049
1044
1049
1044
1050
1044
1050
1093
1063
1766
1051
1044
1051
1044
1049
1044
1049
1044
1050
1044
1050
1093
1934
4213
1032
1051
1044
1049
1044
1050
11074
1044
5592
1032
1054
1046
3316
1494
33220
1063
2157
16896
1513
4891
1032
1050
1063
8851
1058
1032
1050
1044
1050
1044
1049
1044
1049
1044
1051
1044
1051
1044
1049
1044
1049
1044
1050
1044
1050
1046
1766
1051
1044
1051
1044
1049
1044
1049
1044
1050
1044
1050
1093
1513
26524
1032
1052
1791
1057
1063
26524
1032
1052
1058
1051
1044
1053
1058
1051
1044
1054
1058
1049
1044
1055
1058
1049
1044
1056
1058
1050
1044
1057
1058
1050
1046
51421
1032
1051
1044
1049
1044
1050
11074
1044
5592
1032
1054
1046
4425
1494
1402
13071
3979
1063
4891
1032
1051
1395
1032
1049
1044
2168
3180
1032
1049
6730
1032
1052
5213
1046
4493
33220
1046
4493
6705
33220
5592
1032
1054
1046
79472
6878
1032
1054
1338
1256
2898
1766
1049
1044
1049
1044
1050
1044
1051
1044
1051
1044
1050
1044
1050
15558
33220
1032
1049
1049
1050
1050
2155
93158
1063
1766
1051
1044
1051
1044
1050
1044
1050
1093
5592
1032
1052
1046
1766
1049
1044
1049
1093
5592
1032
1050
1046
8923
1032
1052
1046
79472
6878
1032
1052
1338
1256
2898
1766
1049
1044
1050
1044
1049
1044
1050
1044
1049
1044
1050
1044
1049
1044
1050
15558
1836
1032
1049
1049
1050
1050
2155
93158
1044
1032
1048
1338
1256
2898
1766
1049
1044
1049
15558
1766
1049
1044
1049
1093
33220
1044
5592
1032
1050
1338
1256
2898
1766
1057
1044
1052
1044
1052
1044
1055
1044
1053
1044
1056
1044
1056
1044
1054
1044
1050
15558
1766
1052
1044
1052
1093
1321
1766
1056
1044
1056
1093
33220
1044
5592
1032
1050
1338
1256
2898
1766
1049
1044
1050
1044
1050
15558
1766
1050
1044
1050
1093
33220
1044
5592
1032
1050
1338
1256
2898
1766
1050
1044
1051
1044
1049
1044
1049
1044
1050
1044
1050
1044
1049
1044
1049
15558
1766
1049
1044
1049
1044
1050
1044
1050
1093
5592
1032
1052
33220
1063
4425
1494
1402
13071
1063
31367
1934
1032
1051
1044
3169
1934
1032
1049
1046
13575
5420
3979
2168
4626
1032
1051
1044
10217
1319
1051
1044
1049
1041
7195
1046
13575
5420
3169
2168
4626
1032
1049
1044
6187
1032
1049
6730
1032
1052
5213
1046
4493
1766
1049
1044
1049
1044
1050
1044
1050
1093
1395
33220
1046
36609
1032
1052
1046
79472
1338
1256
4493
1429
46534
1279
1536
24821
1034
6354
2405
4036
2688
1032
1052
1562
1032
1052
1317
1032
1051
1338
1256
5675
1693
1278
4127
25747
1394
1278
8905
5592
1307
1261
89045
2155
5477
1455
1395
1261
1032
1049
1049
1050
1050
7980
1044
1809
1278
1032
1049
1049
1050
1050
7980
4016
1402
1364
1994
1569
1042
1063
3501
1338
1256
17048
1278
2688
2000
1099
52143
1040
1052
1044
1766
1049
1044
1032
1049
1044
1032
1050
1044
1032
1050
8623
2351
1032
1051
1096
1395
1261
27223
1044
1321
1362
2715
5687
1278
6298
11857
1046
23627
1278
2142
1362
6483
13914
1044
1362
7534
5687
1278
11857
1455
14175
1278
8953
3607
1321
1747
2147
9458
1044
1321
10789
1278
2688
1032
1052
1395
1261
96948
1046
3367
1278
3330
11500
1278
9458
1321
1494
24372
1044
2127
4139
38695
1046
3626
1278
3330
2639
1429
24151
16424
70914
84674
14671
48761
1083
2613
1321
1429
12107
1747
1278
9458
2613
1362
2534
1317
4848
3475
1455
22405
1278
2000
6390
1096
2254
1338
1256
9246
1681
3352
1925
2081
6588
1058
13162
1278
1032
1049
1049
1050
1050
7980
10867
1455
1278
10217
4213
1584
11074
12164
1278
2155
5477
5592
1395
1278
2782
1307
1364
85684
1042
38618
1032
1049
1693
1278
2155
5477
16896
1321
15202
1454
1278
2879
2632
1063
3501
1338
1256
32844
1033
17048
1278
1429
1049
1049
1050
1050
7980
1034
1395
6493
1435
1261
7980
1455
1710
1402
13156
2203
2295
107226
2478
1278
2158
6420
1681
6689
1584
10693
1278
2667
6420
1681
6689
1809
2744
10249
15449
1063
3501
1338
1256
9246
1681
1344
41412
1278
8953
3607
1681
6570
1032
1050
1058
1429
4393
2744
1623
1562
1032
1049
1317
9027
1047
1050
1044
6689
1513
12197
1032
1050
1105
1045
1049
1321
1032
1050
1105
1584
9196
1319
1049
37601
1286
114478
5675
1693
1429
72349
1032
1050
1105
1045
1049
1321
1032
1050
1105
1034
1584
1032
1049
37601
1286
1562
1278
1364
10460
1307
1278
4460
2153
1321
1278
2155
5477
4016
1402
2516
1455
2576
12197
6962
3746
1278
2155
5477
1063
5646
2168
4204
1278
2155
5477
4016
3030
1513
4891
1032
1049
1319
1049
37601
1286
1041
1505
1032
1048
1319
1048
37601
1286
36036
2898
1261
2155
5477
10348
1513
1265
1319
1048
37601
1286
1574
1278
12197
1294
1278
4460
1584
1265
1043
1050
1105
1045
1049
1321
1265
1043
1050
1105
1046
2898
2576
1317
1402
3746
1278
2155
5477
1307
5592
1424
1044
1729
2534
1265
1043
1050
1105
1045
1049
9218
1265
1321
1265
1043
1050
1105
9120
1265
1043
1076
1045
1049
2297
1032
1050
1105
9120
1424
1045
1049
2297
1623
9120
1319
1076
1045
1049
12982
1050
1046
3626
6570
8223
1623
1562
1032
1049
1317
9027
1047
1050
1046
2409
7444
4382
22502
1338
1256
17048
1278
4127
1395
1562
1261
2767
1045
32376
5211
1321
1429
1049
1049
1050
1050
1034
19442
1317
1278
5965
1307
1278
7980
1058
1278
2158
3584
10249
15449
1044
1278
2667
3584
10249
15449
1044
6704
3109
1809
1278
1364
72349
1042
1307
1278
9196
6689
1584
1605
20594
22487
1063
59779
1032
1050
8223
2127
1584
1513
12197
1032
1050
1105
1045
1049
1321
1032
1050
1105
1044
1799
1584
22487
1338
1256
1362
4525
4670
1317
5687
1278
36443
7404
5125
1362
1880
1044
1799
7444
6298
1394
1278
12270
1046
1362
7534
4848
1278
3475
1046
3367
2688
1032
1052
64629
1032
1051
1044
13162
2036
3475
2084
1850
1032
1052
1321
7195
1044
1809
1362
1736
1836
2147
7091
1046
26243
1278
3330
1681
2688
2000
1099
52143
1040
1052
1044
1766
1049
1044
1032
1049
1044
1032
1050
1044
1032
1050
8623
2351
1032
1051
1096
1395
7442
2000
3107
1032
1052
1096
1321
1278
3880
5117
2586
6122
1261
96948
1046
1362
7534
15100
1454
1278
6298
11708
1651
1278
8953
3607
1338
1256
9246
1681
7418
1278
3475
21966
1338
1256
68051
1877
1256
1462
1349
1032
1049
1049
1050
1050
7980
1395
1261
89045
2155
5477
1307
3199
5592
1032
1050
1107
1044
2478
1494
1710
1402
107894
2203
1409
22487
17684
1319
72349
1032
1049
1045
1050
1044
1032
1051
1045
1052
1044
84091
1319
1050
1107
1045
1049
70447
1050
1107
20485
2744
10217
1934
2295
9196
6689
1044
1321
1747
1409
10217
4213
1584
11074
1626
1256
1462
3870
3081
1278
8905
2516
5592
1294
4460
1261
1307
3729
1308
1877
1260
1462
24900
1747
4171
10348
1635
2754
1058
3199
3030
26524
1319
1048
1044
1032
1050
1044
1032
1052
1044
124218
1321
13509
3030
26524
1319
1049
1044
1032
1051
1044
1032
1053
1044
6421
4342
1260
1462
2898
2744
73085
1044
1729
2071
1261
2951
1307
1429
26578
1034
17684
1058
1394
2744
3030
4891
1623
1307
1455
73085
1044
1693
1261
3755
1093
2351
1261
3755
1043
1049
3605
2430
1729
1736
1261
10217
1454
2632
1261
3755
3077
35909
1044
1494
1681
1261
4323
1626
1260
1462
2837
2534
1317
3081
1278
36598
89045
12158
1307
2516
3683
17684
2478
1747
10217
4213
1584
11074
1046
2409
1395
1261
26755
36598
2155
5477
1454
11074
6689
4127
1626
1260
1462
1531
5592
1307
1278
1032
1049
1049
1050
1050
7980
2084
1402
1032
1050
1364
1319
12856
1307
17684
1294
1455
12158
4342
1260
1462
25126
1278
8905
2136
2960
1635
2754
1338
1256
9246
1681
2688
1593
11857
1408
1278
2688
5443
1338
1256
74022
9576
1877
1256
1462
2898
3199
16896
1058
1623
1376
1032
1048
1044
1032
1050
1044
1032
1052
1044
84091
2015
1317
1308
1045
1050
1626
1260
2898
2744
1623
1044
3683
1376
1319
1097
3755
1093
2351
1261
3755
1043
1049
30717
1916
1376
1261
3755
57277
1256
1462
2898
13509
16896
1058
1623
1376
1032
1049
1044
1032
1051
1044
1032
1053
1044
84091
2015
1317
1308
1045
1050
1626
1260
21545
1338
1256
6830
1394
2744
2951
1307
1319
26578
1044
1916
1574
1729
3081
1278
36598
89045
2155
5477
2478
3683
1395
10344
1394
1747
1044
1321
1747
1916
1584
11074
1338
1256
2837
1710
1653
1593
1454
1261
36443
7404
1319
33078
50232
1041
1321
1261
2016
1505
25983
1317
6933
24875
1307
4213
1338
1256
9246
1681
3475
1494
1338
1256
22649
5443
1058
1308
1534
1032
1050
4906
1850
1032
1048
1338
1256
9246
1681
2688
68093
1408
2688
1032
1052
1058
1766
1049
1044
1049
1044
1050
1044
1050
1093
1308
1061
1052
1626
1256
11503
16896
1058
1623
1061
1048
1058
1261
1091
1048
18652
1049
1044
1261
1091
1049
18652
1049
4906
3683
10997
1044
1916
1061
1049
1046
1623
1061
1050
1058
1261
1091
1050
18652
1050
1044
1261
1091
1051
18652
1050
4906
3683
10997
1044
1916
1061
1050
1046
5247
1058
31008
1084
1044
1049
1574
1319
1084
1044
1050
19322
1626
1256
8868
5791
7404
1058
3979
1061
1048
1044
3169
1061
1048
1058
5753
3181
1049
4179
1409
1061
1049
1046
3169
1061
1049
1058
1916
1061
1050
1605
1294
5753
1044
5753
3181
1049
1044
1050
4179
1409
1061
1050
1046
6705
21227
1061
1050
1046
5592
1376
1032
1050
1042
1050
1061
1052
1626
1256
53332
16896
1058
1623
1061
1049
1058
1261
1091
1049
18652
1049
1044
1261
1091
1050
18652
1050
4906
3683
18912
1046
5247
1058
31008
1070
1044
1063
19322
1809
1729
2342
2229
1693
1623
1043
1049
1534
1308
1046
2898
1623
1061
1049
1044
1261
1091
1049
18652
1049
1044
1261
1091
1050
18652
1050
1605
9196
1044
3683
18912
1046
4493
2951
4139
1736
3683
18912
1046
8868
5791
7404
2084
7782
1058
2200
3683
18912
1044
1729
20143
3979
1321
5753
1046
6705
21227
1061
1048
1626
1256
7908
6705
1040
1052
1044
1048
8429
1052
1046
3626
2688
64629
1032
1051
1046
4493
2036
3475
2168
1850
1032
1052
1338
1256
3367
1278
3330
1681
2688
7442
64629
1032
1051
1044
1362
4525
1294
18785
1046
3626
13162
1362
1710
22347
1278
11857
12593
1317
1850
1032
1051
1394
1766
1049
1044
1049
1044
1050
1044
1050
3077
5675
1693
1278
1032
1049
1049
1050
1050
7980
10867
1455
1278
10217
4213
1584
11074
12164
1278
2155
5477
5592
1395
1278
2782
1307
1364
85684
1042
1809
1278
2155
5477
4016
1605
4231
1278
6960
4460
1693
1278
6960
4460
1934
2269
7299
1063
3501
1338
1256
17048
1278
4127
1934
1420
7481
16009
1058
1429
12359
6818
15748
10249
5250
1032
1048
5213
1505
10693
1032
1050
5213
1294
1278
7980
1034
12164
1278
7980
4016
1402
1364
121182
1405
1042
1261
1032
1049
1049
1050
1050
7980
10138
1278
10217
4213
4016
1402
10693
1278
38801
1032
1049
1044
1032
1050
1044
84091
1409
1294
3542
1063
2837
5314
17155
1338
1256
5675
1693
1278
2254
10721
1278
8905
5592
1307
1261
89045
2155
5477
1455
1395
1261
1032
1049
1049
1050
1050
7980
1044
1809
1278
1032
1049
1049
1050
1050
7980
1395
6493
1435
1058
1261
7980
2478
1278
2158
6420
1395
1278
16448
1307
1278
2667
6420
1063
3501
1338
1256
9246
1681
2985
1513
1278
2688
2000
1099
52143
1040
1054
1050
1044
21284
8623
2351
1032
1050
9816
1531
4460
1395
2730
1046
1362
1710
2405
23898
4206
1044
1809
1362
12319
1494
1338
1256
17048
1362
2715
4848
1278
3475
1321
4626
1261
7739
1063
1531
3330
2639
1429
22869
1278
3475
1636
13330
1294
1261
1335
107485
3475
4950
1319
3038
44642
114478
1362
7534
4848
1278
2254
11708
1338
1256
23627
1278
2142
1044
1362
7534
5687
1278
36443
7404
5125
1044
1799
1395
1278
2725
26223
19190
1307
1278
8953
3607
1046
1362
7534
2095
4626
1278
8953
3607
11277
1321
1278
4206
2254
1063
3501
1044
1278
3330
2639
1429
24151
16424
70914
84674
14671
48761
1083
2613
1321
1429
15908
4206
24728
1095
1049
1049
1050
1050
21777
5477
18086
1041
1317
3160
9458
2613
4493
1362
2715
2586
5234
1278
2254
12270
1044
1321
1278
3330
2084
3160
4206
1408
1494
1338
1256
1362
7534
7418
1278
2254
1435
2100
1256
44642
29896
1010
1256
1562
38227
2671
5247
1267
1256
2121
6705
1095
1049
1049
1050
1050
21777
5477
18086
4990
1058
1935
1044
1261
1058
5247
59939
8623
4906
1935
1877
3539
1693
1308
1534
1032
1050
1877
6367
1850
1032
1048
1010
1369
1010
3539
2121
36598
41786
5621
7432
3640
6367
2569
17684
1058
2951
1307
1319
26578
1044
1916
1041
1394
4171
10217
16896
1307
1925
73085
1010
6367
1283
1376
9027
5621
7432
1456
6367
1693
1283
2351
1032
1048
1877
8082
1850
1032
1048
1010
6367
3979
1376
1032
1048
1010
6367
6705
21227
1376
1032
1048
1010
6367
5753
1376
2016
2838
6367
1394
3169
1294
4521
5239
3640
8082
3683
1044
1916
1376
17684
1091
3509
2820
8082
1693
1605
3683
1877
14514
3979
1376
3169
1867
1032
1049
1010
14514
5753
24937
2838
14514
8214
1010
8082
3016
1916
1294
5753
1877
14514
5753
14623
5621
7432
1091
3967
5371
1049
8791
14514
3979
5773
1032
1049
1010
8082
5753
4297
30940
1456
8082
6705
21227
1376
6705
24728
21227
1044
3169
1462
3979
1867
1032
1049
1456
6367
1850
6705
21227
1010
1369
1010
3539
2569
11503
3030
26524
1058
1032
1048
1044
1032
1050
1044
1032
1052
1044
20213
3539
3199
1376
13207
3539
1394
1623
1294
4521
1040
1048
1044
1308
1462
1032
1049
1044
1032
1050
3640
6367
3683
1376
1319
1097
3755
1093
2351
1261
3755
1867
1032
1049
8791
6367
1916
1376
1261
3755
2820
6367
3199
7144
4564
26578
1044
1916
3824
1369
1010
3539
2569
53332
3030
26524
1058
1032
1049
1044
1032
1051
1044
1032
1053
1044
20213
3539
13509
1376
13207
3539
1394
1623
1294
4521
1040
1049
1044
1308
1462
1032
1049
1044
1032
1050
3640
6367
3683
1376
1319
1097
3755
1093
2351
1261
3755
1867
1032
1049
8791
6367
1916
1376
1261
3755
2820
6367
13509
7144
4564
26578
1044
1916
3824
1369
1010
3539
1409
13196
2154
1376
36598
41786
6680
2154
1456
3539
1409
1095
29962
1376
36598
41786
1040
29962
1456
1369
1010
3539
1850
6705
16026
13196
2154
1364
1032
1050
1044
1409
1095
29962
1364
1032
1050
1456
1256
47229
1256
9246
1681
5558
40172
1454
1278
5662
2688
5443
1319
130426
1278
58087
4604
1925
2519
1256
7637
1032
1049
1058
1766
1050
1044
1051
1044
1049
1044
1049
1044
1050
1044
1050
1044
1049
1044
1049
1093
1308
1061
1056
1626
1256
11503
16896
1058
1623
1061
1048
1058
1261
1091
1048
18652
1050
1044
1261
1091
1049
18652
1051
4906
3683
18912
1046
1623
1061
1050
1058
1261
1091
1050
18652
1049
1044
1261
1091
1051
18652
1049
4906
3683
10997
1044
1916
1061
1049
1046
1623
1061
1052
1058
1261
1091
1052
18652
1050
1044
1261
1091
1053
18652
1050
4906
3683
10997
1044
1916
1061
1050
1046
1623
1061
1054
1058
1261
1091
1054
18652
1049
1044
1261
1091
1055
18652
1049
4906
3683
10997
1044
1916
1061
1049
1046
3199
2951
1058
31008
1070
1044
115430
1319
1084
1044
1049
1574
1319
1084
1044
1050
1574
1319
1084
1044
1049
19322
1626
1256
36598
41786
1408
3199
1058
3169
1061
1048
1058
3683
18912
4906
3979
1061
1049
1044
5753
24937
1046
3169
1061
1049
1058
3683
130700
1044
1916
1061
1049
1044
5753
3181
1049
4179
6705
21227
1061
1049
1046
3169
1061
1050
1058
3683
130700
1044
1916
1061
1050
1044
5753
3181
1049
1044
1050
4179
6705
21227
1061
1050
1046
3169
1061
1051
1058
3683
130700
1044
1916
1061
1049
1044
1916
1294
5753
4906
3016
1058
8559
17684
1091
3967
5371
1049
1093
2478
3979
1061
1049
1058
17684
1091
1049
1093
1395
1319
1084
1044
1049
1574
8559
1032
1049
1044
3979
1061
1050
1046
5753
3181
1050
14522
1916
1061
1049
1605
1294
5753
1044
2229
1032
1049
1044
5753
3181
1050
1044
1049
14522
6705
21227
1376
6705
1040
1050
1044
1032
1051
1045
1050
1043
1049
1061
1050
1041
1376
1032
1050
1046
4493
6705
21227
1061
1050
1046
5592
1061
1052
1626
1256
53332
16896
1058
1623
1061
1049
1058
1261
1091
1049
18652
1051
1044
1261
1091
1050
18652
1049
4906
3683
18912
1046
1623
1061
1051
1058
1261
1091
1051
18652
1049
1044
1261
1091
1052
18652
1050
4906
3683
18912
1046
1623
1061
1053
1058
1261
1091
1053
18652
1050
1044
1261
1091
1054
18652
1049
4906
3683
18912
1046
1623
1061
1055
1058
1848
1307
4521
1046
13509
2951
1747
1439
1505
9829
1046
6705
21227
1061
1048
1626
1256
7908
1032
1052
1046
79472
1338
1256
7637
1032
1050
1058
1766
1049
1044
1050
1044
1050
1093
1308
1061
1051
1626
1256
11503
16896
1058
1623
1061
1048
1058
1261
1091
1048
18652
1049
1044
1261
1091
1049
18652
1050
4906
3683
18912
1046
1623
1061
1050
1058
1308
1045
1049
1061
1050
1044
4521
1040
1048
1044
1050
1044
1050
1041
4906
1623
1061
1048
2342
1046
3199
2951
1058
31008
1070
1044
1063
19322
1626
1256
53332
16896
1058
1623
1061
1049
1058
1261
1091
1049
18652
1050
1044
1261
1091
1050
18652
1050
4906
3683
10997
1044
1916
1061
1050
1046
13509
2951
1058
31008
1084
1044
1050
19322
1626
1256
36598
41786
13509
1058
6705
21227
1061
1049
1046
5592
1061
1050
1626
1256
7908
1032
1050
1046
79472
1338
1256
7637
1032
1051
1058
1766
1049
1093
1308
1061
1049
4906
1850
1032
1048
1338
1256
7637
1032
1049
1053
1058
1766
1051
1044
1051
1044
1050
1044
1050
1044
1049
1044
1049
1093
1308
1061
1054
1626
1256
11503
16896
1058
1623
1061
1048
1058
1032
1051
1044
1051
4906
1353
1044
1051
1046
1623
1061
1050
1058
1032
1050
1044
1050
4906
1353
1044
1050
1046
1623
1061
1052
1058
1032
1049
1044
1049
4906
1353
1044
1049
1046
3199
1058
31008
1084
1044
1051
62210
1084
1044
1050
62210
1084
1044
1049
46544
36598
41786
1058
6705
21227
1061
1051
1046
5592
1061
1054
1626
1256
53332
16896
1058
1623
1061
1049
1058
1032
1051
1044
1050
4906
1439
1046
1623
1061
1051
1058
1032
1050
1044
1049
4906
1439
1046
13509
6705
21227
1061
1048
1626
1256
7908
1032
1054
1046
79472
1338
1256
7637
1032
1049
1055
1058
1766
1050
1044
1050
1044
1049
1044
1049
1044
1051
1044
1051
1044
1049
13
11
1010