10
25708
1010
11
1010
10
3263
1010
10311
1278
3629
2254
21734
1321
8953
3607
1044
10886
5687
1278
2254
5055
1321
2764
1747
1278
9458
1046
1603
24151
16424
70914
84674
14671
48761
1083
25461
4568
2715
30711
1278
3475
1636
13330
1294
1261
1335
107485
3475
4950
1319
3038
44642
1041
1319
43880
2084
80858
1278
4618
7389
1801
2640
3149
6705
43956
3307
23127
42583
61043
3848
1058
2011
1044
1409
1058
1935
1041
4906
1935
1877
1293
19639
23627
1261
3310
1265
1321
1420
15748
1409
1044
8497
1278
8905
2782
1307
63326
4171
1010
1293
2453
45521
14022
1513
2725
1925
4145
1294
1265
1317
3866
97656
10679
1626
1260
1010
1293
1531
83718
2832
6113
1435
9775
1877
1293
1462
64561
1278
36598
23832
1307
1265
8719
1513
2725
1409
11074
11084
1010
1293
1462
30592
1593
23832
1319
12296
1302
1435
1925
21065
1456
1293
1462
90917
4570
1265
1395
9829
1010
1260
1010
1293
64664
1877
1369
1265
1058
1349
3310
19040
1307
97656
7846
17597
1319
1049
9120
9027
3848
1041
9120
1032
1049
1048
1094
1052
1456
1369
1409
1058
54539
2782
1307
11074
11084
8807
1294
2744
21065
1319
1049
9120
1409
9120
1032
1050
1054
1456
1260
1010
1293
20527
1877
1369
1531
8905
2782
1307
63326
122628
2453
9741
2487
14022
1513
2725
1925
4145
1010
1260
1010
1293
56431
6705
43956
3307
23127
42583
61043
2021
1413
25450
2096
1032
1050
1456
1293
1032
1051
1010
1293
56431
6705
43956
3307
23127
42583
61043
2021
1097
4278
1401
2096
1032
1051
1456
1293
1032
1049
1010
1293
56431
6705
43956
3307
23127
42583
61043
2021
13686
7354
2096
1032
1049
1456
1293
1032
1052
1010
1293
47680
3149
4206
5164
52143
3640
1293
2569
7637
5443
1562
11277
1010
1293
6852
15605
2021
1413
25450
2096
1032
1050
1041
2351
1032
1051
1010
1293
6852
15605
2021
1097
4278
1401
2096
1032
1051
1041
2351
1032
1049
1010
1293
6852
15605
2021
13686
7354
2096
1032
1049
1041
2351
1032
1052
1010
1260
1010
1293
2569
31054
2688
5443
1010
1293
6852
15605
2021
35416
1558
2096
1032
1053
1041
2351
1032
1049
1010
1293
6852
15605
2021
17498
17498
17498
2096
1032
1050
1041
2351
1032
1049
1010
1293
6852
15605
2021
1119
1106
1108
1316
1097
2096
1032
1053
1041
2351
1032
1051
1010
1293
6852
15605
2021
1101
2335
9821
59859
2096
1032
1049
1041
2351
1032
1056
1010
1293
6852
15605
2021
1102
1118
53508
1113
1110
2096
1032
1051
1041
2351
1032
1051
1010
1293
6852
15605
2021
1122
1099
1106
1118
54560
1113
2096
1032
1053
1041
2351
1032
1050
1010
1293
6852
15605
2021
1101
1391
1104
26082
5470
1106
2096
1032
1055
1041
2351
1032
1050
1010
1293
6852
15605
2021
87703
17602
31274
1099
32052
1118
2096
1032
1051
1041
2351
1032
1052
1010
1293
6852
15605
2021
62551
1113
5988
87703
32177
2096
1032
1049
1041
2351
1032
1049
1048
1267
1035
13516
4206
24728
43956
3307
23127
42583
61043
1041
1317
3160
9458
1626
1975
11
1010
10
1503
19464
1010
12
13
1010
1975
29896
1010
3149
6705
43956
3307
23127
42583
61043
3848
1058
2011
1044
1409
1058
1935
1041
4906
1935
1877
1293
19639
23627
1261
3310
1265
1321
1420
15748
1409
1044
8497
1278
8905
2782
1307
63326
4171
1010
1293
2453
45521
14022
1513
2725
1925
4145
1294
1265
1317
3866
97656
10679
1626
1260
1010
1293
1531
83718
2832
6113
1435
9775
1877
1293
1462
64561
1278
36598
23832
1307
1265
8719
1513
2725
1409
11074
11084
1010
1293
1462
30592
1593
23832
1319
12296
1302
1435
1925
21065
1456
1293
1462
90917
4570
1265
1395
9829
1010
1260
1010
1293
64664
1877
1369
1265
1058
1349
3310
19040
1307
97656
7846
17597
1319
1049
9120
9027
3848
1041
9120
1032
1049
1048
1094
1052
1456
1369
1409
1058
54539
2782
1307
11074
11084
8807
1294
2744
21065
1319
1049
9120
1409
9120
1032
1050
1054
1456
1260
1010
1293
20527
1877
1369
1531
8905
2782
1307
63326
122628
2453
9741
2487
14022
1513
2725
1925
4145
1010
1260
1010
1293
56431
6705
43956
3307
23127
42583
61043
2021
1413
25450
2096
1032
1050
1456
1293
1032
1051
1010
1293
56431
6705
43956
3307
23127
42583
61043
2021
1097
4278
1401
2096
1032
1051
1456
1293
1032
1049
1010
1293
56431
6705
43956
3307
23127
42583
61043
2021
13686
7354
2096
1032
1049
1456
1293
1032
1052
1010
1293
13118
1260
1010
1293
2121
4014
43956
3307
3848
1050
1058
2011
1044
1409
1050
1058
1935
1041
4906
1935
1877
1369
1308
1376
9027
3848
1050
1456
1369
1623
1376
1032
1048
1010
1369
8262
1376
1032
1048
1010
1369
3016
1623
1534
1308
1877
1463
11074
1376
1032
1048
1010
1463
5753
1376
2016
2838
1463
1475
1376
1623
1010
1463
3016
1475
1534
1308
1877
1694
1272
1376
1265
1050
13872
2820
1694
1693
1272
1605
1294
5753
1877
2006
1693
11074
2351
1409
1050
1877
2528
4323
1010
2006
11074
5773
1032
1049
1010
2006
5753
4297
5164
1456
1694
1475
5773
1032
1049
1010
1463
8262
5773
1032
1049
1010
1463
1623
1376
1475
1010
1369
1850
8262
1267
1293
4618
1376
4014
43956
3307
3848
1044
1409
1456
1293
6705
1095
28933
1376
4618
1010
1293
1308
1376
9027
3848
1456
1260
1010
1293
2569
3352
14022
2744
3980
1317
3387
2147
97656
10679
1010
1293
1394
1274
1294
4521
4990
3640
1369
3580
3480
1376
1265
46265
2820
1369
1394
1272
1294
1576
35416
3149
1834
2043
4904
80209
1484
97563
1314
5786
59859
7354
12807
1463
1693
1272
2351
3580
3480
1877
1694
8214
1010
1463
1265
23383
1376
1265
14316
1112
1093
1867
1272
1867
1265
46265
1043
1049
97181
1463
8262
1376
4014
43956
3307
3848
23383
1044
1409
1456
1463
1693
8262
3006
6705
1095
28933
1877
1694
6705
1095
28933
1376
8262
1010
1537
1010
1293
1850
6705
1095
28933
1010
1975
11
1010
10
3263
1267
16994
4607
6983
9700
1278
9458
1046
9380
1681
1278
3880
1877
17595
3581
1319
5943
8531
3690
3804
3640
1032
8933
92367
33613
1054
1097
1050
1051
1048
2551
1114
8261
1897
3110
1032
1049
1048
1050
1044
1294
1534
13655
1561
1293
4206
24728
43956
3307
23127
42583
61043
1456
1032
8933
92367
33613
1054
1097
1050
1051
1048
2551
1114
8261
1897
3110
1032
1051
1052
1044
1294
4206
1010
1293
6852
15605
2021
1119
1106
1108
1316
1097
2096
1032
1053
1041
2351
1032
1051
1010
6367
12032
48697
48697
48697
48697
48697
48697
48697
48697
48697
48697
48697
48697
48697
1010
31929
1292
4507
89644
2892
75956
1419
1044
1593
1395
2143
6255
1058
18228
1278
3629
2254
21734
1321
8953
3607
1044
10886
5687
1278
2254
5055
1321
2764
1747
1278
9458
1046
1603
24151
16424
70914
84674
14671
48761
1083
25461
4568
2715
30711
1278
3475
1636
13330
1294
1261
1335
107485
3475
4950
1319
3038
44642
1041
1319
43880
2084
80858
1278
4618
7389
1041
11
1010
10
1503
19464
1010
12
13
11
1010
10
3263
1267
16994
4607
6983
9700
1278
9458
1046
9380
1681
1278
3880
1877
17595
3581
1319
5943
8531
3690
3804
3640
1032
8933
92367
1090
1109
1082
1074
1107
1057
1074
1103
8731
8261
1897
3110
1032
1052
1050
1044
1294
1534
13655
1561
1293
4206
24728
43956
3307
23127
42583
61043
1456
1032
8933
92367
1090
1109
1082
1074
1107
1057
1074
1103
8731
8261
1897
3110
1032
1050
1055
1044
1294
4206
1010
1293
6852
15605
2021
1413
25450
2096
1032
1050
1041
2351
1032
1051
1010
6367
12032
48697
48697
48697
48697
48697
48697
48697
48697
48697
48697
48697
48697
1094
1010
31929
1292
4507
89644
2892
75956
1419
1044
1593
1395
2143
6255
1058
18228
1278
3629
2254
21734
1321
8953
3607
1044
10886
5687
1278
2254
5055
1321
2764
1747
1278
9458
1046
1603
24151
16424
70914
84674
14671
48761
1083
25461
4568
2715
30711
1278
3475
1636
13330
1294
1261
1335
107485
3475
4950
1319
3038
44642
1041
1319
43880
2084
80858
1278
4618
7389
1041
11
1010
10
1503
19464
1010
12
1010
12
11745
1681
1261
11483
2832
2100
1049
1046
1032
1603
25280
73448
7777
16196
24185
1256
1462
7777
8222
1261
2254
21734
2000
5914
43956
3307
23127
42583
61043
3848
1058
2011
1044
1409
1058
1935
1041
4906
1935
1096
1454
1261
8953
3607
1626
1256
1462
3730
1681
1261
2000
6390
1096
2254
1454
2688
5443
1626
1256
1462
1531
3330
8223
2036
4607
6983
9700
9458
1626
1256
1462
3730
1584
2295
3880
33947
4326
1877
1260
1462
7610
3880
1058
2000
8723
15605
2021
1119
1106
1108
1316
1097
2096
1032
1053
1041
2351
1032
1051
1096
9700
1626
1260
1462
10322
3880
1058
2000
8723
15605
2021
1413
25450
2096
1032
1050
1041
2351
1032
1051
1096
9700
1626
1256
1462
1531
6255
1058
5687
2000
5914
43956
3307
23127
42583
61043
1096
17047
1044
2764
1747
9458
1294
1278
2000
6390
1096
2254
1044
3816
51106
1278
9458
1338
1050
1046
1032
1603
25609
3623
1278
29667
24185
1256
1462
2837
1736
1261
3310
2000
1115
1096
1321
15748
2000
1107
51330
1256
1462
2837
1710
4036
1513
2725
1925
4145
1317
3866
97656
10679
1626
1256
1462
110655
1302
2832
1058
34796
4069
1278
36598
23832
1454
1513
2725
2000
1107
1096
11074
11084
1044
8559
1494
1044
4014
1435
1925
21065
1044
21788
4570
3310
1395
9829
1626
1256
1462
57148
1058
54524
1278
2782
1307
63326
2453
9741
2487
14022
1513
2725
1925
4145
1338
1256
9246
1681
19087
1278
83718
2832
1408
11277
1317
5048
1494
1877
1256
1462
75652
1413
25450
2096
1032
1050
49431
1032
1010
1260
1462
22536
1058
129787
1454
37127
1050
11074
24733
1046
1032
1010
3539
1462
1576
1097
1039
1319
1049
1574
1576
1413
1039
1319
1050
1574
1576
4679
1039
1319
1050
1574
1576
1413
1666
1039
1319
1050
1574
1576
1413
25450
1039
1319
1050
1058
1261
30134
1577
4493
36598
23832
1376
6836
3310
1044
63326
1376
1032
1049
1626
1260
1462
3626
1729
1710
4036
1032
1049
2810
1046
77859
4848
1395
1032
1051
1626
1260
1462
9246
1681
3219
2606
1317
2012
1032
1051
1046
17048
4036
1925
2810
1317
13156
1494
1626
1260
1462
3367
1729
4036
1576
1099
1039
1317
1576
1098
4550
1576
35416
4402
1039
4906
129787
1454
37127
1050
1058
1576
1097
1039
1319
1049
1574
1576
1401
1039
1319
1050
1574
1576
35416
1039
1319
1051
11074
1033
5304
1513
1576
1401
1039
28197
32844
1044
36598
23832
1454
37127
1050
11074
1058
1576
1097
1039
1934
1032
1049
1044
1576
1401
1039
1934
1032
1050
1044
1576
35416
1039
1934
1032
1051
3006
1050
1044
1878
23832
1395
1576
1401
2096
21065
1032
1049
1046
9809
6338
1576
25450
9528
1576
25450
4550
1576
1099
1039
1319
1049
1574
1576
1666
1039
1319
1049
1574
1576
25450
1039
1319
1050
1041
4906
21065
1032
1050
1046
9809
6338
1576
1097
9528
1576
1097
1039
4906
21065
1032
1051
1046
12153
1032
1051
1046
5646
14175
1626
1260
1462
4493
14022
1576
1099
1039
1513
3980
1032
1050
1319
1048
37601
1286
1041
1317
1576
1098
1039
10177
1032
1051
63326
1338
1256
1462
75652
1097
4278
1401
2096
1032
1051
49431
1032
1010
1260
1462
22536
3310
5592
1032
1054
1044
1409
1061
1051
1046
8542
8882
24733
1294
6836
3310
1058
1261
1044
1289
4906
1032
1050
37127
1051
1046
4493
6836
3310
1395
1925
23832
1044
63326
1376
1032
1049
1046
77859
4848
1032
1049
1046
3501
4036
6618
1044
1505
2258
4036
3637
1032
1049
1046
23313
1338
1256
1462
75652
13686
7354
2096
1032
1049
49431
1032
1010
1260
1462
1409
1061
1049
1046
22536
1058
36598
23832
1454
37127
1049
11074
1058
1576
1120
1039
1319
1049
1574
1576
13686
1039
1319
1049
1574
1576
1120
8731
1039
1319
1050
1062
1049
1041
4906
23832
1576
13686
2096
21065
1032
1049
1046
9809
6338
1576
7354
9528
1576
1121
1039
1319
1049
1574
21065
1032
1050
1046
9809
6338
1576
1122
2096
21065
1032
1051
1046
12153
1032
1051
1046
3626
6878
4848
1395
1032
1052
1046
4493
1729
2534
1317
4036
1261
2810
1317
2012
1032
1052
1626
1260
1462
3367
1729
4036
1576
1121
1039
1317
1576
1120
4550
1576
65269
1039
4906
23832
1576
65269
1039
1319
1049
11074
1574
63326
1376
1032
1049
1046
5500
1032
1052
1626
1260
1462
3367
1729
4036
1576
1122
1039
1317
1576
1120
4550
1576
13686
8731
1039
4906
1576
52900
1039
1319
1049
1574
23832
1576
52900
2096
21065
1032
1049
1046
9809
6338
1576
1121
2096
21065
1032
1050
1046
12153
1032
1050
1626
1260
1462
3367
1729
4036
1576
1121
1039
1317
1576
1122
4550
1576
1120
9821
1122
1039
4906
1576
1120
1039
1319
1049
1574
21065
1032
1049
1046
9809
6338
1576
9821
1122
1039
1319
1049
1574
21065
1032
1050
1046
12153
1032
1050
1626
1260
1462
3075
1317
2012
1032
1052
1063
3000
5592
1032
1052
1044
6705
63326
4171
1395
1032
1052
1319
28366
2810
2246
3754
21065
1693
1409
1061
1049
1321
1747
11074
17220
1577
3870
2012
1032
1052
1044
1729
2534
2744
4145
1317
1402
1261
21065
1307
5592
1032
1049
1046
5646
4938
1836
2295
17220
2879
24733
1044
1321
2744
2810
11074
1562
4607
1063
49032
1454
1409
1061
1049
1044
2744
21065
1395
36598
23832
1454
37127
1049
11074
1046
4493
1693
3310
1395
1429
1401
5979
1897
129787
1058
1576
1097
1039
1319
1049
1574
1576
1098
1039
1319
1049
1574
1576
1099
1039
1319
1049
1574
1576
1100
1039
1319
1049
1041
4906
1032
1052
63326
1046
4493
1729
2534
1317
3180
3310
1736
1747
17220
11074
1044
1321
1836
2810
54813
2516
1455
23832
1710
1402
7934
2224
1032
1049
1046
49032
1454
1409
1061
1049
1044
1261
21065
9368
1278
36598
23832
1454
1513
2725
1032
1049
11074
2810
1046
5646
4938
1494
7534
4069
1747
22487
2879
24733
1046
1436
3596
3109
1429
1097
23558
1034
4906
1576
17498
2096
1576
4600
1039
4906
1032
1050
63326
1046
3870
2012
1032
1052
63326
1562
5592
1032
1052
1044
1729
2534
2744
21065
1317
1402
10693
1032
1049
2810
1046
5646
4938
1836
2295
22487
2879
24733
1044
1321
2095
2744
1875
2810
16896
1261
1875
21065
1046
3626
7377
1044
1693
3310
1395
1429
1401
1413
1897
1409
1061
1049
1058
23832
1576
1097
1039
1319
1049
1574
11829
1429
1098
1413
2811
1576
1098
1039
1319
1049
1574
11829
1429
1413
2811
1576
1097
1039
1319
1049
1574
11829
1429
1099
2811
21065
1032
1052
1046
4493
1032
1052
63326
1046
4493
1729
2534
1317
4036
1925
2810
1294
1429
13686
7354
1034
1317
2012
4433
2479
1429
1120
1401
1120
1034
1505
4510
2478
1836
2295
17220
1584
2879
1321
5965
28248
1032
1052
4249
85041
63326
1626
1260
1462
22536
1058
1429
13686
7354
3871
22402
1576
1121
1039
1317
1576
1097
4550
1429
13686
1955
1034
4906
1576
13686
1039
1319
1049
1574
1576
1097
1039
1319
1049
1574
1576
1122
1039
1319
1049
1041
4906
1032
1051
63326
1046
22402
1576
1120
1039
1319
11517
1041
1317
1576
1097
4550
1429
2753
7354
1034
4906
1576
1097
1039
1319
1049
1574
1576
1120
1039
1319
1049
1574
1576
1121
1039
1319
1049
1574
1576
1122
1039
1319
1049
1041
4906
1032
1052
63326
1033
13830
1044
14022
2158
1576
1120
1039
1317
1576
1097
1039
10177
1429
2753
7354
1897
63326
1376
1032
1052
1046
77859
4848
1032
1052
1046
79472
1338
1256
1462
9032
1362
2534
1317
5687
1278
2254
17047
1046
1531
92098
6613
1058
3352
1747
1032
1049
85041
5266
1319
1050
1053
32975
1651
3980
1044
2984
1836
4036
1574
24002
63326
1394
2744
1044
4069
6705
1046
3000
5592
2015
1317
1032
1049
1048
1094
1052
1044
1409
2015
1317
1032
1050
1054
1046
3295
2654
6613
1058
1308
1364
1032
1050
1053
1364
1535
4990
1041
83718
1376
1535
1040
1050
1053
1308
1094
1050
1041
1376
1032
1050
1053
1364
1032
1049
1048
1094
1056
1376
1032
1050
1046
1053
1101
1057
1044
4382
8455
1046
37285
2710
8229
5125
1505
44611
83718
1317
1535
4990
1041
1651
3352
1044
1809
3637
1535
1040
1050
1053
1308
1094
1050
1041
4139
1402
121402
1294
17616
1394
1032
1049
1048
1094
1052
1319
1049
1048
1094
1056
10317
21613
13162
1044
1809
1032
1050
1046
1053
1101
1057
4382
3315
1577
2837
2534
1261
2081
12871
3039
1044
1505
13162
1278
22855
3894
1535
4990
1094
1050
1041
1454
3709
8278
1063
1032
1049
1048
1094
1052
73170
1395
1032
1049
1048
1094
1056
1044
5213
1032
1050
1053
1395
1032
1050
1046
1053
1101
1056
1044
4139
2764
1294
19792
1693
38364
2903
1044
1809
4942
1317
3081
2710
8229
13951
1338
1256
9246
1681
3648
2314
1278
83718
2832
1046
23627
1261
3310
1044
21065
4014
1877
1256
49958
1256
2121
4014
43956
3307
3848
1044
1409
3640
3539
1308
1376
9027
3848
1456
3539
1623
1376
1032
1048
1010
3539
8262
1376
1032
1048
1010
3539
3016
1623
1534
1308
1877
6367
11074
1376
1032
1048
1010
6367
5753
1376
2016
1690
1505
8020
4460
1010
6367
1475
1376
1623
1010
6367
3016
1475
1534
1308
1877
8082
1272
1376
1265
13872
2820
8082
1693
1272
1605
1294
5753
1877
14514
1693
11074
2351
1409
1058
4323
1010
14514
11074
5773
1032
1049
1010
14514
5753
4297
5164
1456
8082
1475
5773
1032
1049
1010
6367
8262
5773
1032
1049
1010
6367
1623
1376
1475
1010
3539
1850
8262
1010
1256
49958
1256
2409
1395
1535
4990
1041
3788
3147
2744
4145
21643
5785
5669
1747
63326
1046
49032
14842
1044
1494
1681
1535
4990
1041
3147
1475
37574
1321
1623
72993
1317
1475
1044
1836
2595
130877
1046
4493
4014
43956
3307
1395
1535
4990
2519
1256
4493
6370
1747
1032
1049
87070
21805
1058
1308
12197
1364
1032
1050
1053
17597
1364
1535
4990
1041
1376
1535
1040
1050
1053
1308
1094
1050
1577
2898
1308
1061
1049
1048
1094
1052
1044
1455
1681
1032
1050
1046
1053
1101
1056
10317
1046
1656
17616
1044
4139
1402
6231
1317
2142
6139
1809
15717
21613
1693
38364
1319
1101
3596
3109
2505
26343
1044
5124
31322
1577
3626
1729
1710
13162
2710
8229
1058
24059
1455
14022
1925
2810
2342
26018
63326
26296
1046
3886
1044
4265
1278
21448
6594
1319
91613
13968
2975
2455
1505
4510
1574
13162
1535
4990
1094
1050
1041
1454
1308
1061
1049
1048
1094
1052
1395
13650
1044
1505
2156
1681
1261
10540
1047
27831
1425
14062
5097
1338
1256
9246
1681
4206
1278
2688
5443
5662
1294
2000
6390
1096
1877
1256
49958
1256
6852
15605
2021
35416
1558
2096
1032
1053
1041
2351
1032
1049
1032
2569
1409
1061
1053
1044
3310
5592
1032
1053
1044
11074
1032
1053
1044
6836
3310
23832
4906
1032
1049
21065
1046
79888
2810
1710
2405
5597
63326
11855
1032
1049
1063
49032
1693
1409
1061
1053
1044
6705
11074
8807
1395
1032
1053
1046
82122
3310
5282
1934
37127
1053
11074
1044
1878
5282
1032
1049
21065
1046
23313
1626
1256
6852
15605
2021
17498
17498
17498
2096
1032
1050
1041
2351
1032
1049
1032
2569
1747
2879
1044
1409
1061
1050
1044
6836
3310
1032
1049
11074
37127
1050
4906
1032
1049
21065
1626
1256
6852
15605
2021
1119
1106
1108
1316
1097
2096
1032
1053
1041
2351
1032
1051
1032
2569
5592
1032
1054
1044
1409
1061
1053
1046
22536
11074
1058
1285
22916
61248
30134
26201
34388
4906
1032
1054
3006
1053
1046
4493
4618
63326
1063
9246
1681
19087
1058
1576
1119
1039
1319
1049
1574
1576
1119
1106
1039
1319
1050
1574
1576
1119
1106
1108
1039
1319
1051
1574
1576
1119
1106
77335
1039
1319
1052
1574
1576
1119
1106
1108
1316
1039
1319
1053
1574
1576
1119
1106
1108
1316
1097
1039
1319
1054
1062
1053
1041
4906
23832
1576
1119
1106
1108
1316
2096
21065
1032
1049
1046
9809
6338
1576
1097
1039
4906
21065
1032
1050
1046
12153
1032
1050
1046
3626
6878
6705
1395
1032
1051
2453
1032
1049
4036
1046
4493
1729
1710
4036
1032
1049
2810
1317
2012
1032
1051
1626
1256
6852
15605
2021
1101
2335
9821
59859
2096
1032
1049
1041
2351
1032
1056
1032
2569
5592
1032
1056
1044
1409
1061
1049
1046
8923
63326
4171
1395
1032
1056
1319
28366
2810
9960
1577
22536
1058
1576
1101
2096
1576
1105
2096
1576
1099
2096
1576
1116
2096
1576
9821
2096
1576
1119
2096
1576
1120
1039
4906
7377
1576
9821
1039
5823
1046
4493
63326
1058
1576
1101
1039
1319
1049
1574
1576
1105
1039
1319
1049
1574
1576
1099
1039
1319
1049
1574
1576
1116
1039
1319
1049
1574
1576
9821
1039
1319
1049
1574
1576
1119
1039
1319
1049
1574
1576
1120
1039
1319
1049
1041
4906
1032
1055
63326
1046
77859
1032
1056
1044
1878
4036
1925
2810
1317
3180
1747
4249
1044
1324
3596
3109
4036
1925
1576
1122
1039
1317
4433
2849
1626
1256
6852
15605
2021
1102
1118
53508
1113
1110
2096
1032
1051
1041
2351
1032
1051
1010
1256
6852
15605
2021
1122
1099
1106
1118
54560
1113
2096
1032
1053
1041
2351
1032
1050
1010
1256
6852
15605
2021
1101
1391
1104
26082
5470
1106
2096
1032
1055
1041
2351
1032
1050
1010
1256
6852
15605
2021
87703
17602
31274
1099
32052
1118
2096
1032
1051
1041
2351
1032
1052
1010
1256
6852
15605
2021
62551
1113
5988
87703
32177
2096
1032
1049
1041
2351
1032
1049
1048
1032
2569
5592
1032
1049
1048
1044
1409
1061
1049
1046
8923
63326
1032
1049
1048
1693
1747
24733
35368
1836
2295
2879
17220
1046
77859
1032
1049
1048
2453
4036
1626
1256
47229
1256
4493
1278
92098
6613
2136
1747
1032
1049
85041
5266
1364
19746
1042
2196
1693
14749
34737
1046
1308
1061
1049
1048
1094
1052
1044
1032
1050
1053
1364
1032
1049
1048
1094
1052
1364
1032
1049
1048
1094
1052
1376
1032
1050
1046
1053
1101
1056
4145
29196
1046
1656
17616
1044
1261
14832
9165
1307
1032
1050
1046
1053
1101
1056
4139
4069
7849
1050
1045
1053
12900
1044
2481
1402
1353
3561
1046
3626
13162
1278
7293
2688
5443
1294
2000
6390
1096
1584
25671
1505
1308
10752
1408
6931
1044
1505
1729
1710
44611
1338
1256
9246
1681
3648
1693
1729
1710
1653
4942
1046
1531
83718
2832
1395
86668
4265
1261
3310
1046
2837
2933
1317
54524
63326
2453
37127
1049
4036
1046
4515
3307
4014
1395
21905
1278
2782
1307
22674
2200
123853
4110
8198
6705
23832
1454
37127
1107
11074
1338
1256
22100
1302
1058
63326
4014
1376
2782
1307
5213
1729
3030
1261
1875
21065
1046
11796
21065
17586
1395
1513
3980
2478
12327
4275
2810
2168
17717
1409
11074
1294
3519
23832
1338
1256
79888
1925
2810
1513
3980
1274
1562
3992
1317
1875
26018
2342
63326
1455
4626
1274
1046
17048
1729
1710
24002
4618
63326
1044
1321
1394
2744
4171
4036
1044
10533
24002
1875
21065
4014
1046
3626
4265
2142
1044
13162
92098
6613
1454
2269
9741
26489
1395
24489
1046
9246
1681
4206
22855
1058
9027
3848
1041
9120
1032
1049
1048
1094
1052
1044
2142
6139
1605
12581
1044
1809
15421
13968
2975
2455
1032
1050
12900
1046
17616
1535
4990
1094
1050
1041
1454
1308
1061
1049
1048
1094
1052
1395
1032
1049
1101
1056
35341
1044
5153
22405
1693
6165
10317
1046
1032
1050
1053
1364
1032
1049
1101
1056
1376
1032
1050
1046
1053
1101
1057
4382
3315
1046
3626
1729
1710
9980
1058
1729
2342
2534
1317
3352
5266
1455
2481
15717
5597
63326
1046
17048
3325
5266
1584
51157
1338
1256
54818
1058
2898
2744
3980
1274
1044
1321
2744
3579
2810
1272
1044
1729
1710
24002
63326
1294
1535
4990
1041
1809
4323
5124
1063
24578
1535
4990
1041
1651
3352
1338
1256
17048
1729
1710
24059
1455
1278
21065
2254
1395
13079
8493
8278
1454
3945
1317
1925
2810
4036
1046
3247
1729
1710
3352
1747
5266
1809
24002
21065
4014
17280
1536
2342
6716
1946
1302
12419
8262
1046
23627
21065
1395
108200
23832
19084
1044
14022
1925
2810
34195
25884
1338
1256
9246
1681
3369
32963
1278
92098
6613
1809
1454
1261
7720
2000
12296
43956
3307
1096
2505
4460
1307
3729
1032
1050
1054
1321
5124
49350
1046
9840
1044
1729
1710
26860
5266
2478
3579
2810
2351
4618
1046
1032
1050
1053
1364
1308
21805
1046
2898
1308
1061
1049
1048
1094
1052
1044
1455
1681
1032
1050
1053
1048
1107
21805
1046
11796
15474
1535
4990
1041
1376
1032
1049
1048
1094
1052
9578
1044
3788
1032
1050
1046
1053
1101
1057
2810
10317
1046
67706
1402
4382
8455
1338
1256
32844
1044
1395
2156
1261
7299
1063
1531
4127
25747
1394
8905
63326
2453
1513
2725
1925
4036
1046
17048
1729
1710
24002
4618
21065
4014
1044
1321
2430
1394
2744
21065
17586
1044
3219
1693
14022
1261
2810
1710
4305
1420
7185
17586
1046
3626
1494
1681
5327
1338
1256
9246
1681
2586
3352
92098
6613
1294
17616
1454
9741
26489
1044
3219
1693
1494
22405
1278
5662
9458
1046
1531
3330
8223
4607
6983
9700
1044
1809
1278
10957
1722
2314
4811
109595
1046
4890
2158
6983
1880
1261
19940
7529
1294
2000
12296
43956
3307
1096
1505
4036
13951
1046
9246
1681
1344
11568
14176
1278
2158
3880
1058
2000
8723
15605
2021
1413
25450
2096
1032
1050
1041
2351
1032
1051
1096
9700
1046
4890
2158
11708
4139
1736
1880
25342
83718
13951
1338
1256
9246
1681
7418
1261
6298
2000
12296
43956
3307
1096
1321
2688
68093
1338
1256
9246
1681
3936
2000
12296
43956
3307
3848
1044
1409
17783
1877
1256
49958
1256
2121
4014
43956
3307
3848
1044
1409
3640
3539
1308
1376
9027
3848
1456
3539
1623
1376
1032
1048
1010
3539
8262
1376
1032
1048
1010
3539
3016
1623
1534
1308
1877
6367
11074
1376
1032
1048
1010
6367
60056
1376
1766
1048
33666
1050
1054
1010
6367
1475
1376
1623
1010
6367
3016
1475
1534
1308
1877
8082
25294
1376
6508
3848
13872
8623
1462
1032
1057
1055
1010
8082
1693
60056
45721
1093
2351
1032
1048
1877
14514
1693
11074
2351
1409
1877
18972
4323
1010
14514
11074
5773
1032
1049
1010
8082
60056
45721
1093
5773
1032
1049
1010
8082
1475
5773
1032
1049
1010
6367
8262
5773
1032
1049
1010
6367
1623
1376
1475
1010
3539
1850
8262
1010
1256
49958
1256
7637
1576
1413
25450
2096
1409
1061
1050
1877
1256
1623
1061
1048
1058
1475
1061
1048
1576
1097
4550
60056
44697
18652
1049
1044
11074
1061
1049
1046
1475
1061
1049
1576
1099
4550
60056
40902
18652
1049
1044
11074
1061
1050
1046
1475
1061
1050
1576
1099
4550
60056
40902
18652
1050
1046
1475
1061
1051
1576
1099
4550
60056
40902
18652
1051
1046
1475
1061
1052
1576
1097
4550
60056
44697
18652
1050
1046
1475
1061
1053
2362
1046
9165
15202
3147
1475
28833
1308
1046
4493
23832
6836
3310
1044
8262
1061
1049
1044
1623
1061
1053
5595
1046
10721
1032
1049
1046
87482
4618
1338
1256
9032
4036
2022
1032
1050
1576
1099
1039
1317
1576
1098
4550
1576
35416
4402
9528
4014
43956
3307
2021
35416
4402
2096
1032
1050
3640
1256
1623
1061
1048
1058
1576
1097
1039
11074
1061
1049
1044
1576
1098
1039
11074
1061
1050
1044
1576
1099
1039
2168
3180
11074
1061
1051
1062
1050
4323
1046
4493
23832
1576
1401
2096
8262
1061
1049
1044
1623
1061
1050
1626
1256
1623
1061
1050
1058
1576
1099
1039
11074
1061
1049
1044
1576
1098
1039
11074
1061
1050
1044
1576
1097
1039
2168
3180
1032
1051
1062
1050
4323
1046
23832
1576
38496
2096
8262
1061
1050
1044
1623
1061
1052
1626
1256
1623
1061
1052
1058
1576
1097
1039
11074
1061
1049
1044
2362
1046
23832
1576
1097
2096
8262
1061
1051
1046
10721
1032
1051
1046
87482
1338
1256
7637
1576
13686
7354
2096
1409
1061
1049
1877
1256
22536
1058
1576
13686
7354
4550
1623
1061
1048
1576
1120
2096
1475
1061
1049
1576
1120
2096
1475
1061
1050
1576
1121
1039
11074
2168
1402
1032
1050
1062
1049
4323
1046
23832
1576
13686
2096
8262
1061
1049
1044
1623
1061
1050
1626
1256
1623
1061
1050
1576
1121
2096
1475
1061
1051
1576
1122
1039
11074
1032
1050
1062
1049
4323
1046
23832
1576
1121
2096
8262
1061
1050
1044
1623
1061
1051
1626
1256
1623
1061
1051
1576
1122
2096
23832
1576
1122
2096
8262
1061
1051
1046
10721
1032
1051
1046
77859
6705
1032
1052
1536
14022
2158
1576
1120
1039
1317
1576
1097
4550
1576
2753
7354
12807
1256
1623
1061
1048
1576
1097
2096
1475
1061
1049
1576
1120
1039
11074
1032
1050
1062
1049
4323
1046
23832
1576
1097
2096
8262
1061
1049
1044
1623
1061
1049
1626
1256
1623
1061
1049
1576
1120
2096
1475
1061
1050
1576
1121
1039
11074
1032
1050
1062
1049
4323
1046
23832
1576
1120
2096
8262
1061
1050
1044
1623
1061
1050
1626
1256
1623
1061
1050
1576
1121
2096
1475
1061
1051
1576
1122
1039
11074
1032
1050
1062
1049
4323
1046
23832
1576
1121
2096
8262
1061
1051
1044
1623
1061
1051
1626
1256
1623
1061
1051
1576
1122
2096
23832
1576
1122
2096
8262
1061
1052
1046
10721
1032
1052
1046
87482
1338
1256
7637
1576
1119
1106
1108
1316
1097
2096
1032
1053
1877
1256
22536
11074
1032
1054
1044
1409
1061
1053
1046
4014
43956
3307
2021
1119
1106
1108
1316
1097
2096
1053
3640
1256
1623
1061
1048
1058
1285
22916
61248
30134
26201
4906
11074
1032
1053
1044
4275
1576
1097
1039
2168
1402
1032
1054
1062
1053
4323
1046
23832
1576
1119
1106
1108
1316
2096
8262
1061
1049
1044
1623
1061
1053
1626
1256
1623
1061
1053
1058
1576
1097
2096
8262
1061
1050
1046
10721
1032
1050
1046
77859
6705
1032
1051
2453
4036
1046
4493
14022
1925
2810
1710
3180
1494
1032
1051
1046
9246
1681
3219
1058
13162
4036
1576
1097
1039
1317
4433
1063
3247
4036
9781
1046
2837
7534
12319
92098
6613
1338
1256
9032
1044
92098
6613
5125
1877
1256
1462
65851
4618
63326
1626
1256
1462
2898
2744
3980
1274
1294
4521
4990
3640
3539
2898
2744
2810
1272
1294
1576
1097
1039
1791
1039
1122
1039
55063
1265
46265
30689
6367
4305
1875
3310
1319
1270
50248
3816
5275
9441
1456
6367
24002
63326
1044
6726
6705
1626
1256
3870
44611
1044
1729
1710
10035
3310
9441
1536
51106
1294
59083
1321
45995
3333
1044
1505
2586
4317
1875
3310
4136
1308
1061
1049
1048
1094
1052
1321
1032
1050
1053
1048
1107
22720
1307
1032
1049
1048
1094
1052
1395
1032
1050
1046
1053
1101
1057
24733
41858
1044
4139
1402
8455
1809
21613
1294
19792
13162
1046
49337
1317
2210
2951
1307
24733
1321
38525
1338
1256
9246
1681
3648
1693
1729
1710
9980
1278
2782
1307
5266
1046
17048
2342
5266
1455
8076
21065
25884
8122
1046
3626
4265
2142
1044
1362
7534
5687
1278
92098
6613
1454
1294
59083
22454
1321
7720
2000
12296
43956
3307
1096
1455
9368
1261
3310
1505
2951
1046
9748
1278
3330
1681
2688
5443
4626
1308
2015
1317
1032
1049
1048
1094
1052
1044
1321
2156
1584
1032
1049
1049
2688
5443
1294
4206
1044
92098
6613
4139
2764
1693
38364
2903
1046
1032
1050
1053
1048
1107
1364
1032
1049
1048
1107
1376
1032
1050
1046
1053
1101
1057
10317
4139
1402
4382
3315
1394
1032
1050
12900
1294
17616
1046
3626
13162
6931
1308
1395
10752
1044
1505
1409
3709
18846
63326
1338
1256
32844
1044
1710
1729
1653
2710
8229
1063
9246
1681
26812
21065
4014
13284
1046
2898
1261
4265
3310
1044
63326
1376
2782
1307
5213
1729
20143
1046
11796
20143
16581
2200
3519
11074
28833
1409
1321
1729
2229
1261
1875
2810
1046
79888
1925
2810
1710
1513
2725
5597
63326
1536
2269
5647
1046
17048
1729
1710
24002
1394
2744
3980
1278
1429
87677
1034
1307
14022
1494
1338
1256
54818
1058
9748
1308
1061
1049
1048
1094
1052
1044
13162
1729
1710
3352
1747
5266
1809
24002
63326
1294
1535
4990
1041
1454
3435
4253
8278
1046
1032
1050
1046
1053
1101
1056
10317
1294
17616
1395
12837
7849
1049
1045
1050
12900
1693
9879
9165
1395
6165
1046
9246
1681
17177
1058
1032
1050
1053
1364
1032
1049
1048
1094
1052
1376
1032
1050
1053
1048
1044
1048
1048
1048
3310
21805
1046
2898
2744
1044
1729
44594
3310
1307
5592
1032
1049
1048
1094
1052
1046
12153
9879
9165
51127
1376
1032
1050
1053
1048
1044
1048
1048
1048
1364
1032
1049
1048
1044
1048
1048
1048
1376
1032
1050
1046
1053
1101
1057
1046
5646
1681
4382
2738
1046
3626
3325
21805
4139
1402
1517
100947
1058
1693
4618
63326
5314
33220
1063
8923
4171
63326
1395
9027
3848
1041
1319
21419
1409
1061
1049
1321
1747
17220
11074
1577
3367
4618
5314
6705
1044
1729
1710
1850
5124
1046
9840
1044
1729
1710
4323
5124
1294
2000
12296
43956
3307
1096
1693
8262
5314
47924
3519
6705
1063
5500
9517
4136
1729
2534
7092
4014
1338
1256
17048
1729
1710
44611
2000
12296
43956
3307
1096
1317
3160
17280
2505
14537
93158
1505
1750
1730
57919
4275
12197
1338
1256
9246
1681
3648
1693
2156
1681
1261
5965
1058
1531
4127
1395
1562
2269
21448
1046
1362
26938
1261
13968
2975
2455
4127
1429
11309
4515
3307
1454
5661
22402
1034
1505
4510
1063
49032
4139
1402
1562
1261
8531
21448
1046
1531
2254
21734
1321
8953
3607
4395
1261
4629
4127
1058
13162
1429
68176
13920
1307
4515
3307
1034
1454
1925
4036
1046
1362
2481
6123
6628
1058
3730
1681
1261
13968
2975
2455
4127
1032
1049
1055
1056
1051
1067
1063
3501
1046
17048
1494
1681
1562
1261
21448
2478
5097
1395
1535
4990
1041
1505
1535
4990
1042
1050
1054
1577
9246
1681
42463
1338
1256
22100
1302
21065
2832
1058
2157
1681
14259
1317
1058
17354
3979
1317
3169
1044
7766
4014
1307
11074
1294
3519
12158
1046
4925
12327
4275
2810
2168
17717
1409
1044
2778
2033
12158
1044
3030
1875
1925
1454
1455
2810
1046
2409
1395
10693
1278
108200
83718
1338
1256
2837
2933
1317
54524
22674
2453
14022
1925
2810
1046
79888
1261
2810
1513
3980
1274
1562
3992
1317
1875
26018
1278
22674
1455
6432
1274
1046
1531
22674
1584
6493
1536
25884
2478
11074
4014
27838
1409
1338
1256
17048
1729
1710
24002
1394
2744
3980
1278
12158
1494
31319
1317
1294
4618
3310
1044
1321
2430
3219
2606
14022
1494
23388
1264
3826
1497
2383
22674
1338
1256
23627
2142
16009
1394
1593
4005
1044
12494
92098
6613
1454
2269
9741
26489
1395
6878
1044
1505
2156
1681
1261
4629
10540
5097
1046
9246
1681
3352
1317
3081
1261
2710
8229
3039
1338
1256
9246
1681
3369
1058
2898
1261
9247
1409
1044
1278
21065
4014
1395
7847
1536
1278
12197
2478
1278
1319
1107
1043
1049
8537
1411
11074
4145
10249
1294
2744
12158
1046
79888
1925
4145
1710
2342
8076
1278
22674
1455
4626
1455
3980
1338
1256
26243
1729
1710
3352
1747
1535
4990
1041
12197
1044
1321
1394
2744
1044
3352
1747
1032
1050
1053
24733
1044
1809
24002
1875
21065
4014
1294
1535
1040
1049
1041
1855
1449
2779
1063
17048
1729
1710
1750
96078
12158
25884
1044
1321
14022
1925
2810
2342
120105
3685
25884
1338
1256
9246
1681
6983
1317
3936
1420
1535
4990
1364
1032
1050
1054
1041
1505
1535
4990
1364
1409
1041
5097
1338
1256
7610
1044
24002
4618
22674
1046
9246
22674
1402
2951
1307
1319
10460
1044
2362
1041
30938
1044
2478
2744
12158
1934
37127
1107
11074
1044
1321
33220
1046
1531
21065
4014
1395
9027
1040
122269
2519
1256
4925
1729
4036
1265
46265
1093
1376
1272
1044
1278
1875
3310
1681
22674
2084
2349
1046
1531
4036
2342
26018
22674
1455
4231
1274
1044
1321
15717
13827
22674
3147
1278
11074
24875
10740
1338
1256
17048
1729
1710
1044
1394
2744
1274
1044
8497
1278
1875
21065
4014
1536
7283
1513
1278
3979
1321
3169
22674
1046
2409
4139
1402
5327
1809
1653
1638
1338
1256
23627
1278
22474
1307
93371
1261
5275
18243
5097
1562
50608
1294
1593
9436
1044
1321
1278
3121
1455
1278
3330
2586
17000
3475
1455
22405
1278
9458
1044
13162
1362
1710
5687
1278
92098
6613
1454
1261
7720
2000
12296
43956
3307
1096
1321
10789
1494
22405
3746
2142
18846
1394
1308
1061
1049
1048
1094
1052
1046
58528
1294
2516
7638
1044
17616
12183
1454
1535
4990
1094
1050
1041
2764
3147
2688
5443
19355
2405
1747
6705
1308
1044
1505
2142
6139
1395
60030
1319
10683
1032
1051
1045
1053
1115
1577
9840
1044
1278
4206
2254
1934
1032
1049
1049
9458
1044
2269
1454
1308
1061
1056
1044
1054
1044
6704
1046
1531
6705
1308
1395
1032
1049
1048
1094
1052
1809
13162
1605
1747
9458
9462
1455
1338
1256
9246
1681
2688
1278
92098
6613
68093
1408
1278
5662
9458
1046
1362
7534
7418
1278
3475
1454
2269
9741
26489
1877
1256
1462
13516
2000
6059
3848
17783
1321
22347
1294
3535
1626
1256
1462
2000
12296
43956
3307
1096
2505
1261
9247
14538
2951
1394
60056
1321
1261
9325
1044
40052
2016
38749
1626
1256
1462
74075
1693
4036
2810
2351
4618
1626
1256
1462
24554
5304
1693
6705
24905
14271
1376
1308
1319
21419
1409
1061
1049
1321
1747
11074
17220
122628
1574
1809
1605
7924
1338
1256
32844
1044
13162
1729
1710
9980
1278
2782
1307
5266
1058
2342
14022
1261
2810
1317
4433
1455
10249
25427
1505
4433
1063
3626
1032
1050
1053
1395
3709
1338
1256
9246
1681
3369
25256
61410
1032
1049
1048
1094
1052
1058
1032
1050
1053
1048
1107
21805
1364
1032
1049
1048
1107
1376
1032
1050
1046
1053
1101
1057
35341
1046
1656
17616
1044
1261
6165
3016
9165
1454
4460
4731
4139
1653
7849
1053
1048
1045
1049
1048
1048
7067
1651
2667
1046
4493
1032
1050
1046
1053
1101
1057
2481
4069
1032
1050
1053
1045
1053
1048
12900
1046
45284
8455
1338
1256
2837
2534
1261
4942
5125
1046
9246
1681
3648
30816
1338
1256
1531
21065
2832
1058
2837
1710
3648
1307
1494
1435
49308
1278
3310
2203
22674
2478
2744
12158
1934
37127
1107
11074
1044
1321
1729
6945
1435
5124
1435
4171
1063
49032
1729
6945
1513
1278
36598
23832
1454
37127
1107
11074
1044
1799
4938
1729
4626
1435
3325
1435
4171
3066
1278
1319
1107
1043
1049
8537
1411
11074
10249
1046
2409
1395
14259
1317
1058
17354
3979
1317
3169
1044
7766
11074
4014
1046
4925
1729
3219
1261
4145
1455
2168
3180
11074
1376
1409
1043
1049
1044
1729
6945
3066
1494
1046
4493
12158
25884
7260
3169
3066
1261
4145
1455
55325
1278
1319
1107
1043
1049
8537
1411
11074
4145
1294
1455
12158
1338
1256
6392
2487
1044
1394
1261
12158
10348
1513
1623
1044
2878
1475
1402
1278
2158
4891
2478
1278
2782
1307
11074
11084
1294
1265
3755
1058
1106
1093
1395
1409
1044
1321
1265
13872
1093
1395
1875
1319
1270
1475
1395
2362
1577
6830
12158
1395
1265
3755
1058
1106
3605
4275
16896
1513
1475
1338
1256
49032
1044
1278
3016
9165
1058
2000
10184
1475
1534
1308
1058
1693
1272
1605
1294
5753
1058
1693
11074
2351
1409
1058
4323
1059
11074
33159
1049
1059
5753
4297
5164
1041
1475
33159
1049
9816
4493
12158
15202
1513
1475
1045
1049
1044
4275
3030
1475
1046
1531
4323
16581
2200
1729
3352
1317
2229
1261
4145
1455
2168
3180
11074
1409
1043
1049
1046
5646
4145
1395
1605
5656
1294
1278
12158
1338
1256
4493
2744
12158
17586
1395
25792
2586
3066
1278
1319
1107
1043
1049
8537
1411
11074
4145
7858
1317
1278
12158
3030
1338
1256
9032
1044
14022
1925
4145
1265
46265
1093
1710
1877
1256
1462
42286
1278
11074
4014
1294
1278
12158
8719
1274
1626
1256
1462
15481
26032
10740
25884
1626
1256
1462
11478
1505
11864
22674
1338
1256
17048
1729
1710
24002
1394
2744
3980
1274
1044
1278
2851
1307
14022
1494
1317
2744
1307
1032
1050
1054
17597
1046
3626
3637
5327
1338
1256
54818
15329
1058
1531
4127
25747
1394
8905
63326
2453
1513
2725
1925
4036
1046
2409
1395
14259
1317
1058
1729
1710
8559
1925
1429
12709
48526
1034
1455
38300
1261
17586
1046
17048
1729
1710
3648
1294
6856
1307
1278
25884
1294
1278
4618
3310
1046
3730
1584
1513
2725
1308
25884
1046
79888
1925
2810
1710
8076
1513
2725
1261
8278
2782
1307
25884
1338
1256
9246
1681
3352
1317
43289
2200
1261
4036
11462
21065
4014
1046
4515
3307
5597
1693
1729
4305
1420
7481
12158
17586
1046
11796
17586
1395
2478
1261
1875
11074
2168
17717
1409
1046
3367
1729
1710
3180
1261
12158
2362
9781
1044
1729
2012
1420
7185
12158
1338
1256
24900
4618
22674
1335
1095
1049
1044
1335
1095
1050
1044
84091
1335
3620
1046
11796
1335
13755
1934
3030
1295
13755
1044
2362
1382
13755
1319
1948
38394
1577
1531
25884
1584
1513
12197
1382
1095
1049
1044
1382
1095
1050
1044
84091
1382
1746
1109
1045
1049
14522
1531
3310
1395
13875
1536
2576
22674
1338
1256
3367
1729
4036
1265
46265
3605
1274
31319
1317
2269
12158
1335
13755
1046
79888
1494
4139
13156
1335
13755
2203
2295
1505
2081
22674
1044
1505
26780
1454
17220
22674
1044
6704
1338
1256
17048
1729
1710
1044
1394
2744
1274
1044
3352
1747
1032
1050
1053
5266
1044
1321
24002
1875
21065
4014
1536
2342
1344
7058
4957
2283
1562
1278
12158
17586
3066
1274
1317
1278
2362
1046
9748
14022
1274
2342
26018
22674
1562
1278
1925
8719
1274
61845
1046
1531
2782
1307
22674
2453
1274
4139
4036
1044
1809
22674
3066
1278
1925
8719
1274
10399
18535
1063
5500
20594
1044
3147
1278
11074
4014
1294
1278
12158
8719
1274
4139
4036
1044
29190
2478
1455
12158
15202
1044
1799
34195
1747
13827
12158
16896
1046
4493
1729
6813
2534
1317
6716
33295
1562
1455
12158
3030
1338
1256
3626
1729
1710
6716
33295
1562
1278
3030
1307
1278
12158
8719
1274
1046
1531
3030
1307
1455
12158
1395
1278
2158
17586
2453
1274
1044
1505
1729
1710
3081
1494
1536
27867
3979
1562
1274
4570
1729
9462
1261
12158
3030
1046
1656
4618
1044
1729
1710
1750
96078
1394
2744
3980
1278
12158
3030
1494
31319
1317
1046
6830
1394
1261
4036
1513
1274
1044
1729
6716
33295
63326
1562
1455
12158
3030
1317
2362
1046
2409
25384
1278
6716
21568
5592
1046
3249
6931
1044
12158
5592
4139
1402
3709
1044
1809
25256
61410
1409
1061
1050
1054
1044
1925
12158
6836
3310
1044
6716
33295
1535
4990
1041
1651
4036
1044
2595
1317
1535
1040
1050
1053
1308
1094
1050
2519
1256
17048
1729
1710
1653
4433
2849
1058
4136
1729
2342
4036
1925
2810
1044
1278
1875
11074
4014
1294
1278
12158
1710
4036
1536
1513
2725
1032
1049
1319
1391
1278
8533
2810
1486
1278
2342
1925
1307
2246
5898
1044
1505
12327
1261
1875
1925
1577
26243
1729
1710
24002
1875
21065
4014
24646
2981
1338
1256
23627
1278
2142
1362
1736
3979
1044
1362
3648
1278
9766
1372
1395
1317
5687
1261
49498
38364
92098
6613
1044
1809
1454
1261
20020
27636
1058
1729
2342
2534
1317
3352
5266
1455
2481
18191
5597
1278
21065
4014
11855
4618
1046
3060
1729
1710
4323
5124
1294
2000
12296
43956
3307
1096
1693
1278
2782
1307
63326
5314
6560
17717
3519
6705
1063
5500
9517
1338
1256
32844
1044
13162
2156
1681
1261
4629
5097
1058
2409
4127
1395
1429
11309
4515
3307
1454
5661
22402
1034
1562
13968
2975
2455
18545
1063
9246
1639
6123
2036
6628
1046
1362
26938
1261
4127
1058
4265
3310
1044
21065
2203
6705
2782
1307
9997
2187
1454
1513
2725
1409
11074
24733
1044
1636
1710
4036
1925
2810
1046
1531
5097
5153
19263
6370
1747
4171
5266
1044
1809
1454
1535
4990
1041
1505
1535
4990
1042
1050
1054
1041
2505
2295
50232
1321
23832
3826
119196
11820
1338
1256
9246
1681
3352
1317
42463
1420
1535
4990
1364
1032
1050
1054
1041
5097
1338
1256
9246
2000
1102
3848
1044
1409
17783
1402
1278
21065
4014
1046
2837
2933
6705
2136
1265
1454
1925
2810
8533
1338
1256
24900
1278
21065
2832
1435
1261
7980
1307
6945
12197
1046
2898
1261
3310
1265
1044
11249
2000
8992
3755
39261
1435
1278
3030
1307
1278
12158
1455
8688
3980
1623
1044
1505
1278
25884
1338
1256
15081
3039
1058
1531
21065
4014
1395
9196
1317
1278
2782
1307
26524
1623
1319
1049
37601
1286
28197
2478
1261
1875
12158
16896
1046
1349
1875
12158
16896
1513
3980
1623
1693
1294
1278
108200
21065
1044
1278
12158
23419
3066
1623
1934
10693
1409
11074
1044
1321
1265
3755
1093
1395
1278
1319
1107
1043
1049
8537
1411
11074
1063
5500
10693
1338
1256
9246
1681
50248
1278
21065
1435
7654
22674
1046
2898
2744
12158
3030
2000
1108
7273
1729
3081
1278
2158
2000
1114
1096
2516
1455
1265
67495
1058
1114
1093
1934
1409
11074
1321
1265
51877
1093
1319
1391
1382
56069
1041
1395
1875
1046
49032
1278
12158
1395
1265
67495
1058
1114
1093
2478
1382
1395
1278
3980
2586
3066
1278
1319
1107
1043
1049
8537
1411
11074
1044
1505
1308
1338
1256
17048
1729
1710
1750
96078
1394
2744
3980
2000
1105
7273
1278
4275
3980
2478
1261
1875
11074
2168
6730
1693
1729
3030
1513
2000
1105
9816
3626
1454
1925
4036
1044
1494
1681
79644
1338
1256
23627
1278
21448
5315
1319
3263
8223
1429
12107
1747
1278
9458
1897
1429
24151
16424
70914
84674
14671
48761
1083
11499
1321
1278
3121
1455
2036
4607
19004
9700
1454
4811
57500
10957
1044
13162
1362
2715
2586
7418
1261
6298
92098
6613
1455
1681
7720
6171
1044
1321
1693
1494
24372
1044
55645
1046
3626
1362
2534
1317
4848
1261
4249
3475
4950
1338
1256
9246
1681
1344
41412
1278
10957
1877
1256
1462
7610
3880
1058
2000
8723
15605
2021
1119
1106
1108
1316
1097
2096
1032
1053
1041
2351
1032
1051
1096
9700
1294
1278
2158
6983
1362
7455
1294
1278
16925
1063
49032
1278
16925
8223
1058
1429
16994
4607
6983
9700
1278
9458
1046
9380
1681
1278
3880
1058
56797
3581
1319
5943
8531
3690
3804
4244
6421
6852
15605
2021
1119
1106
1108
1316
1097
2096
1032
1053
1041
2351
1032
1051
3871
6830
4025
1058
1429
16994
4607
6983
9700
1278
9458
1046
9380
1681
1278
3880
1058
6421
6852
15605
2021
1413
25450
2096
1032
1050
1041
2351
1032
1051
3871
4493
2295
2801
4607
19004
9700
1408
2801
9458
1046
4890
2158
6983
1294
1278
5719
4005
1319
3265
1925
1362
9956
1041
4139
1605
1736
2151
3160
6727
1063
1531
3330
1395
11050
1639
2295
3880
33947
1562
2034
4258
1044
13162
1562
2295
2801
113844
1046
1531
6255
1395
1317
9470
3475
1455
22405
1747
9458
1294
1278
2000
6390
1096
2254
1338
1256
1362
2534
1317
4848
1261
6298
11708
1046
9246
1681
3352
1317
5048
1278
83718
1321
1278
4036
27636
4942
1044
13162
2156
1681
1261
6165
5965
1338
1256
9246
1681
23898
24002
1278
21065
4014
1394
1747
9458
1317
3219
2549
5266
1584
6618
1044
13162
1362
1710
3081
1261
5965
1505
1261
39928
11857
1338
1256
7637
1032
1049
1058
2000
2021
1413
25450
2096
1032
1050
17783
4906
1032
1051
1046
91218
13285
1058
4036
2022
1032
1050
1576
1099
1039
1317
1576
1098
1039
4906
1576
35416
4402
1039
10177
1032
1051
1338
1256
7637
1032
1050
1058
2000
2021
1097
4278
1401
2096
1032
1051
17783
4906
1032
1049
1046
3000
11074
1261
19164
4906
1032
1050
37127
1051
1044
6836
3310
1925
21065
1046
11623
4036
3637
1032
1049
1338
1256
7637
1032
1051
1058
2000
2021
13686
7354
2096
1032
1049
17783
4906
1032
1052
1046
22402
2158
1576
1120
1039
1317
1576
1097
1039
4906
1576
2753
7354
1039
10177
1032
1052
1338
1256
7637
1032
1052
1058
2000
2021
35416
1558
2096
1032
1053
17783
4906
1032
1049
1046
1409
1061
1053
1044
5592
1032
1053
1044
6836
3310
37127
1053
11074
4906
1032
1049
1338
1256
7637
1032
1053
1058
2000
2021
17498
17498
17498
2096
1032
1050
17783
4906
1032
1049
1046
3797
1576
1097
2096
1409
1061
1050
4906
1032
1049
1338
1256
7637
1032
1054
1058
2000
2021
1119
1106
1108
1316
1097
2096
1032
1053
17783
4906
1032
1051
1046
36609
1032
1054
1044
1409
1061
1053
1046
22536
63326
1032
1050
1046
37285
1032
1051
1046
9246
1681
3081
1261
4036
1046
3000
1058
1285
1475
1295
1272
1257
1261
1046
8542
8882
1032
1054
1046
1409
1061
1053
1046
2837
2534
1317
5597
63326
1562
1032
1050
1317
1032
1051
1046
3075
1063
17048
4036
1576
1097
1039
1317
4433
1063
3247
4036
1576
1119
1039
1063
9246
1681
3352
14022
1576
1097
1039
1317
1576
1098
4550
1576
1119
1106
1108
1316
1098
1039
4906
11074
1285
22916
61248
30134
26201
19164
4906
1032
1054
3637
1044
63326
1063
1623
1061
1048
1058
1285
22916
61248
30134
26201
1319
1053
11074
1574
4275
1576
1098
1039
2168
1402
1032
1054
1062
1053
4323
4906
23832
1576
1119
1106
1108
1316
2096
1805
1032
1049
1046
11829
1576
1098
1039
4906
1805
1032
1050
1046
24578
1032
1050
1046
22402
1576
1116
1039
1317
1576
1097
4550
1576
1119
1106
1108
3173
1097
1039
4906
11074
1285
22916
61248
30134
34388
4906
1032
1053
1046
1623
1061
1048
1058
1285
22916
61248
30134
34388
4906
1032
1053
11074
1044
4275
1576
1097
1039
5314
1294
2016
1044
1878
23832
1576
1119
1106
1108
3173
1097
1039
6836
1063
32844
3310
5592
1032
1054
1058
1285
1475
1295
1272
1261
1261
1046
8542
8882
1058
1285
22916
61248
30134
34388
1376
1053
1046
4493
6836
3310
1032
1049
21065
1046
5500
1032
1051
1046
22402
1576
1099
1039
1317
1576
1119
4550
1576
1119
1106
1108
22075
1261
1039
4906
1285
1475
1295
1285
1257
1261
1046
8542
8882
1058
1285
22916
61248
26201
34388
1376
1053
1063
1285
22916
61248
74622
26201
34388
4906
1285
22916
61248
26201
34388
1376
1053
1046
1623
1061
1048
1058
1285
22916
61248
74622
26201
4906
11074
1285
22916
61248
26201
1376
1052
1044
4275
1261
4906
1032
1053
1044
23832
1576
1119
1106
1108
22075
1261
1039
1063
49032
1475
9165
1058
3030
1623
1061
1048
1058
1285
1319
1049
1574
1475
1319
1050
1574
1295
1319
1051
1574
1285
1319
112475
5753
1574
1257
1319
1052
1574
1261
1319
1053
1041
4906
2362
1044
6836
3310
1032
1049
21065
1046
5500
1032
1051
1046
22402
1576
1106
1039
1317
1576
1097
4550
1576
21836
1316
1097
1039
4906
1285
1261
1295
1272
1257
1261
1046
8542
8882
1058
1285
34388
61248
30134
26201
1376
1053
1046
1623
1061
1048
1058
1285
34388
61248
30134
26201
4906
1032
1053
1044
2362
4906
1032
1049
21065
1046
22402
1576
1108
1039
1317
1576
1119
4550
1576
1119
1106
1119
1316
1097
1039
4906
1285
1475
1285
1272
1257
1261
1046
8542
8882
1058
1285
22916
30134
26201
34388
1376
1053
1046
1623
1061
1048
1058
1285
22916
74622
4906
11074
1285
22916
1061
1050
1044
1272
1061
1051
1044
1257
1061
1052
1044
1261
1061
1053
4906
6836
3310
1032
1049
1046
121991
1046
17048
4036
1576
1097
1039
1317
4433
2849
1063
3247
4036
1261
2810
1317
3180
1261
1875
17586
1046
9246
1681
3352
14022
1576
1116
1039
1317
1576
1098
4550
1576
1119
1106
1108
38496
1261
1039
4906
1285
1475
1295
1272
1289
1261
1046
8542
8882
1058
1285
22916
61248
30134
19164
34388
1376
1054
1046
1623
1061
1048
1058
1285
22916
61248
30134
4906
1032
1052
1044
1289
4906
1053
1044
1261
4906
1054
1062
1053
4323
1513
1261
1063
49032
1475
9165
1058
1285
1040
1049
1574
1475
1040
1050
1574
1295
1040
1051
1574
1272
1040
1052
1574
1289
1040
1053
1574
1261
2168
1402
1032
1054
4323
1046
4493
23832
1576
1119
1106
1108
38496
2096
1805
1032
1049
1046
11829
1576
1097
1039
4906
1805
1032
1050
1046
24578
1032
1050
1046
5675
1693
1729
4036
1576
1099
1039
1317
1576
1097
4550
1576
1119
1106
1108
1633
1039
4906
1285
1475
1295
1261
1257
1261
1046
8542
8882
1058
1285
22916
61248
34388
26201
1376
1053
1046
1623
1061
1048
1058
1285
22916
61248
34388
26201
4906
1032
1053
1044
2362
4906
1032
1049
1046
22402
1576
1119
1039
1317
1576
1120
1039
1319
59574
1605
1294
3310
4244
1576
1120
1106
1108
1316
1097
1039
4906
2460
22916
61248
30134
26201
34388
1376
1054
1046
49986
1435
4618
1809
2158
2810
2801
1044
3637
1032
1050
63326
1063
1623
1061
1048
1058
2460
22916
61248
30134
26201
4906
1053
1044
1261
4323
4906
1805
1032
1049
1044
11829
1576
1097
1039
4906
1805
1032
1050
1046
3870
2012
1032
1051
1044
1729
2534
2295
25884
1046
17048
4036
1576
1097
1039
1317
1576
1119
1039
1063
1576
1119
1106
1108
1316
1119
1039
4906
1285
1475
1295
1272
1257
1285
1046
8542
8882
1058
1285
22916
61248
30134
26201
1376
1053
1046
1623
1061
1048
1058
1285
22916
61248
30134
26201
4906
1053
1044
2362
4906
1049
1046
22402
1576
1097
1039
1317
1576
1120
1039
1605
1294
3310
1058
2879
1046
3075
1317
2012
1032
1051
1063
17048
4036
1576
1106
1039
1317
1576
1099
4550
1576
1119
1597
1316
1097
1039
4906
1285
1272
1295
1272
1257
1261
1046
8542
8882
1058
1285
30134
61248
26201
34388
1376
1053
1046
1623
1061
1048
1058
1285
30134
61248
4906
1051
1044
1257
1941
1052
1044
1261
1941
1053
1044
2362
4906
1049
1046
22402
1576
1108
1039
1317
1576
1106
4550
1576
1119
115161
1316
1097
1039
4906
1285
1475
1475
1272
1257
1261
1046
8542
8882
1058
1285
22916
30134
26201
34388
1376
1053
1046
1623
1061
1048
1058
1285
22916
22916
30134
26201
4906
1285
22916
30134
26201
1061
1052
1044
1261
1061
1053
4906
1049
1046
1362
4525
40965
1317
3219
2606
1032
1051
1395
12955
1046
17048
4036
1576
1119
1039
1317
1576
1097
4550
1576
2146
1108
1316
1097
1039
4906
1261
1475
1295
1272
1257
1261
1046
8542
8882
1058
1261
22916
61248
30134
26201
1376
1053
1046
1623
1061
1048
1058
1261
22916
61248
30134
26201
4906
1053
1044
2362
4906
1049
1046
32844
1044
13162
1278
4618
21065
4014
1395
1605
1032
1050
1063
9246
1681
6716
33295
4618
2000
12296
43956
3307
2021
1119
1106
1108
1316
1097
2096
1032
1053
17783
1058
1623
1061
1048
1058
11074
8807
1032
1053
1046
1285
1040
1049
1574
1475
1040
1050
1574
1295
1040
1051
1574
1272
1040
1052
1574
1257
1040
1053
1574
1261
2168
1402
1032
1054
1062
1053
4323
1046
4493
23832
1576
1119
1106
1108
1316
2096
1805
1032
1049
1046
11829
1576
1097
2096
1805
1032
1050
1046
13830
1032
1050
1046
3870
2012
1032
1051
1044
1729
2534
1420
7185
21065
1046
5646
4938
2453
2158
21065
1044
1278
11829
2715
9459
1032
1050
2081
63326
1044
1505
2158
28248
1032
1049
1321
11829
1032
1050
1046
9809
6338
1395
2586
1576
1097
1039
10548
1046
3870
2012
1032
1051
1044
1278
4036
4016
3180
1278
2158
21065
24701
1044
1878
11829
3310
1395
7934
1321
1710
1402
107894
2203
1032
1050
1046
2898
3336
1044
1693
2158
21065
15202
9781
1044
4150
1513
1576
1119
1106
77335
2096
11829
1576
2083
9528
6830
1576
2083
1039
1454
1409
1061
1053
1058
11074
1257
34388
1376
1050
37127
1053
1044
1878
1576
2083
1039
1395
1925
21065
1044
3788
1032
1050
1046
5500
1032
1051
1046
3367
2158
21065
15202
1513
1576
1119
1106
2096
11829
1576
1108
1316
1097
9528
1576
1108
1316
1097
1039
11074
1295
30134
26201
34388
1376
1052
37127
1053
4906
1925
21065
1044
3788
1032
1050
1046
3367
2158
21065
15202
1513
1576
1119
2096
11829
1576
1106
1108
1316
1097
1039
11074
1475
61248
30134
26201
34388
1376
1053
4906
1925
21065
1044
3788
1032
1050
1046
3870
2012
3788
1032
1051
1044
1729
2534
11829
2453
2158
1317
1402
21065
1638
2203
1032
1050
22674
1046
5646
4938
11829
4016
1736
1513
4403
2295
25884
1454
1409
1061
1053
1046
3626
11829
5592
2168
1402
1513
2725
1032
1053
1046
5930
1409
1061
1053
1044
2258
3310
1307
5592
37127
1053
1454
37127
1053
11074
1395
1925
21065
1046
4493
1317
2012
1032
1051
63326
3788
1044
1278
2158
21065
4016
9288
1261
11829
3310
1455
7423
1395
107894
2203
1032
1050
1046
3626
1454
1409
1061
1053
1044
1261
3310
1710
2342
1402
107894
2203
1032
1050
1693
1494
1934
30652
1054
11074
1063
3501
1044
21065
4014
14620
1408
108200
1046
17108
1058
3310
1307
5592
1032
1054
1454
1032
1054
11074
1321
1409
1061
1053
10177
1032
1050
63326
1319
1288
1576
1119
1106
1108
1316
1097
6166
4493
1693
1729
1710
3180
1278
6836
3310
1736
1032
1054
11074
1809
2453
2158
21065
1044
11829
1934
1032
1053
11074
1321
5592
1032
1049
1063
49032
1576
1119
1106
1108
1316
1097
1039
10177
1032
1050
1046
3870
2012
1032
1051
1562
5592
1032
1054
1044
1729
2534
4433
2479
1576
35416
3149
1039
1454
1409
1061
1053
1058
63326
1058
1576
35416
1558
1039
1319
1053
1574
1576
1102
1039
1319
1049
1041
4906
1032
1050
1046
24578
1032
1050
1046
32844
1044
5592
1032
1054
6705
63326
1454
1409
1061
1053
1395
1032
1050
1063
12238
2158
12158
9368
1032
1053
11074
1044
11829
1032
1049
2810
1395
1032
1049
21065
1044
3788
1032
1050
1046
3870
2012
1032
1051
1044
1729
2534
5592
1513
4403
1032
1055
1063
3626
2688
8223
1576
1119
1106
1108
1316
1097
1039
5592
1032
1054
1409
1061
1053
4906
1032
1051
2453
4036
1046
3075
1063
17048
4036
21622
1261
3310
2478
2158
21065
9368
1032
1052
11074
1044
13355
1032
1050
24733
1455
2744
6127
9960
1063
3626
1454
1409
1061
1053
1044
1261
12158
9368
36598
23832
1454
37127
1053
11074
1046
3367
11829
1395
1032
1050
24733
1044
2127
2481
1402
1032
1050
11074
1044
1809
1278
108200
2168
4069
2960
1435
1925
23832
1693
37127
1053
11074
1046
4493
2127
6813
1402
1032
1049
21065
1046
3870
2012
1032
1051
63326
1562
5592
1032
1054
1044
1729
2534
21065
5305
2516
1455
22674
1584
1324
3596
3109
1032
1049
1044
1032
1049
1044
1032
1052
1505
1032
1049
1044
1032
1050
1044
1032
1051
6704
1046
3626
1454
1409
1061
1053
1044
2258
23832
1454
37127
1053
11074
2084
1402
6574
1435
2730
1435
4171
1046
4493
1693
3310
1395
2479
1576
1097
1289
1272
1266
1324
1284
1039
1454
1409
1061
1053
1044
2158
9368
1576
1097
1289
1272
1266
1324
2096
11829
1576
1102
1039
4906
1032
1050
1046
3367
3310
1395
1576
1097
1261
1261
1261
1261
1261
1039
1409
1061
1053
4906
1032
1049
1046
3367
3310
1395
1576
1097
1289
1261
1289
1261
1289
1039
1409
1061
1053
4906
6836
3310
1032
1049
11074
1063
49032
1576
1097
1039
1321
1576
1098
1039
4906
1032
1050
11074
1044
6836
3310
1032
1049
1046
3075
1317
2012
1032
1051
63326
1562
5592
1032
1054
1409
1061
1053
1063
17048
1278
4036
7510
1278
3310
2516
1455
1278
108200
2832
39985
1513
2801
12421
1046
9246
1681
2688
14022
1576
1119
1106
1108
1316
1097
1039
1317
1576
1119
1106
1108
1316
1098
1039
1729
2697
1032
1050
1046
5675
2314
14022
1576
1097
1039
1317
1576
1098
1039
7867
1576
1119
1106
1108
1316
1098
1039
1032
1050
1046
79888
1576
1116
1039
1317
1576
1098
1039
7867
1576
1119
1106
1108
38496
1261
1039
1032
1050
1046
5675
1693
1729
4036
1576
1099
1039
1317
1576
1097
4550
1576
1119
1106
1108
1633
1039
1032
1049
1046
79888
1576
1108
1039
1317
1576
1097
4550
1576
86525
1316
1097
1039
4906
1285
1261
1475
1272
1257
1261
1046
8542
8882
1058
1285
34388
22916
30134
26201
1376
1053
1046
1623
1061
1048
1058
1285
34388
22916
30134
26201
4906
1053
1044
2362
4906
1049
1046
79888
1576
1106
1039
1317
1576
1097
4550
1576
21836
1316
1097
1039
1032
1049
1046
79888
1576
1119
1039
1317
1576
1097
4550
1576
2146
1108
1316
1097
1039
1032
1049
1046
5675
1693
1729
4036
1261
2810
1317
4433
1455
21622
1261
1875
11074
1063
3626
1409
1061
1053
1044
6705
11074
8807
1395
1032
1053
1046
3000
5592
1032
1054
1044
1317
2012
1032
1051
63326
1044
13162
2158
21065
9368
1032
1050
24733
1044
2667
9368
1032
1050
1044
5888
9368
1032
1050
1046
2898
1455
1044
1729
2534
25884
2453
1032
1050
1298
1321
1032
1052
1411
2810
1046
1436
3596
3109
3310
1576
1097
1289
1272
1266
1324
1284
1039
1454
1409
1061
1049
10177
1032
1054
63326
1046
5930
1409
1061
1053
1044
1317
2012
1032
1051
63326
1044
1729
2534
1278
108200
1317
6945
2453
2269
2810
1044
2430
2453
2269
2081
1046
9246
1681
23898
3352
1317
3081
1261
3310
1307
5592
1032
1054
1454
1409
1061
1053
1455
10177
1032
1051
63326
1046
2837
2534
1058
2158
21065
23832
36598
1454
37127
1053
11074
1046
56586
1729
2933
1032
1051
63326
1044
1878
25884
2453
3980
1623
1321
1475
1046
1531
2158
21065
1395
1265
1091
1048
55350
1093
1319
1948
38394
1623
1577
6830
2667
1395
1265
3755
1058
1106
3605
5888
1265
13872
1058
1054
3077
11796
4016
1402
36598
23832
1454
37127
1053
11074
1562
2034
16896
1046
2898
2158
21065
1317
2362
1513
1623
1044
1265
3755
1093
4016
1402
1278
1032
1054
1411
11074
7858
1317
3030
1032
1048
1044
1505
1623
1061
1054
1319
2209
2430
2342
1032
1049
21065
1577
4493
1623
1534
1032
1054
1044
1321
1265
1091
1048
55350
1093
1934
37127
1053
11074
1044
1321
1265
3755
1093
1395
1875
6187
1032
1054
1046
2898
2667
21065
1317
2362
1513
1475
1044
28541
1046
9246
1681
3352
1623
1061
1050
1058
2158
21065
1576
1401
9528
6830
1265
1091
1050
1093
1395
1875
1032
1054
1411
11074
1063
49032
1693
2158
1395
1576
1401
1039
1319
1050
11074
1574
2430
1265
1091
1050
1093
2481
1402
1576
1099
2096
6187
1032
1051
11074
1044
1809
1409
1061
1053
9985
2015
1317
1032
1053
1044
1878
2667
21065
2168
4069
2081
1046
3870
6613
2667
21065
1317
2362
5124
1044
1729
2534
1278
2667
12158
1681
3030
1317
17950
1261
1032
1054
1411
11074
10533
1046
2409
7444
4171
1046
17108
1058
1265
1376
1576
1097
1289
1272
1266
1324
1284
1039
1454
1409
1061
1053
10177
1623
1061
1053
1044
1475
1061
1054
4906
1032
1050
63326
1046
5675
2314
1265
1376
1576
1097
1261
1289
1272
1266
1324
1039
1063
1409
1061
1053
1058
2158
1058
1261
34388
19164
30134
35122
4906
1032
1053
11074
1319
1097
19164
30134
35122
67672
1574
4275
1324
1063
49032
1576
1097
1261
1289
1272
1266
1324
1039
11074
1261
19164
30134
35122
67672
1376
1053
1044
6836
3310
1032
1049
1046
5500
1032
1051
1046
1265
1376
1576
1097
1289
1272
1261
1289
1272
1039
1063
11074
1261
19164
30134
1376
1051
1044
6836
1032
1049
1046
1265
1376
1576
1097
1289
1272
1266
1324
1261
1039
1063
11074
1261
19164
30134
35122
67672
1376
1053
1044
6836
1032
1049
1046
1265
1376
1576
1097
1289
1272
1266
1284
1343
1039
1063
5592
1032
1054
1044
1409
1061
1053
1058
2158
1058
1261
19164
30134
35122
48315
4906
1053
11074
1044
4275
1343
4906
1054
4323
1044
23832
1576
1097
1289
1272
1266
1284
2096
11829
1576
1103
1039
4906
1032
1050
63326
1046
24578
1032
1050
1046
3870
2012
1032
1051
1044
1729
2534
2158
21065
1317
2362
1513
4150
3980
1032
1051
1044
2667
1513
3980
1032
1053
1044
5888
1513
1032
1054
1046
17108
1058
1265
1376
1576
1097
1289
1272
1266
1324
1284
1039
1809
1454
1409
1061
1053
1044
2158
15202
1513
1032
1053
1046
5675
1693
1265
1376
1576
1097
1289
1272
1261
1266
1324
1039
1063
1409
1061
1053
1058
1623
1061
1048
1058
1261
1040
1049
1574
1289
1040
1050
1574
1272
1040
1051
1574
1261
3526
1479
1411
1063
1261
5314
5753
1574
1266
1040
1052
1574
1324
1040
1053
1574
2362
4906
1049
1046
5500
1032
1051
1046
1265
1376
1576
1097
1289
1272
1266
1261
1324
1039
1063
1623
1061
1048
1058
1261
19164
30134
35122
4906
1052
1044
1261
3526
89114
1574
1324
3848
2111
1411
1041
4323
1513
1324
1063
49032
1058
3030
1623
1061
1048
1058
1261
1040
1049
1574
1289
1040
1050
1574
1272
1040
1051
1574
1266
1040
1052
1574
1261
3526
9363
5314
1044
11074
3637
1032
1052
1574
1324
1040
1053
1041
4906
1475
37574
1317
2362
1063
32844
1044
1278
9165
1058
2000
1391
1272
1605
1294
5753
1058
1693
11074
2351
1409
1058
4323
1059
11074
33159
1049
1059
5753
4297
5164
94799
4493
1693
1729
1736
5753
1261
1044
11074
6354
2405
5597
2200
1729
3219
1261
2790
1046
4493
1394
1576
1097
1289
1272
1266
1261
1324
4550
1475
1061
1048
1261
1058
11074
1061
1049
1044
5753
3181
1097
14522
1475
1061
1049
1289
1058
11074
1061
1050
1044
5753
3181
1097
19164
14522
1475
1061
1050
1272
1058
11074
1061
1051
1046
1475
1061
1051
1266
1058
11074
1061
1052
1046
1475
1061
1052
1261
1058
1576
1097
1039
1294
5753
1044
1878
1836
11074
21413
1044
60056
64443
1475
1061
1053
1046
1475
1061
1053
1324
1058
1576
1101
1039
1605
1294
5753
1044
11074
3107
1052
1534
1409
1061
1053
1044
1878
11074
1061
1053
1044
5753
4297
6680
1574
1475
1061
1054
2362
1046
4493
6836
3310
1032
1049
21065
1046
12238
1278
1032
1053
1411
11074
1486
5949
1513
1278
2667
1576
1097
1039
1063
3501
1044
11074
2342
11462
2200
1875
2810
1046
4493
1576
1097
1039
13578
6354
2405
5597
11074
1046
4493
1317
2012
1261
1032
1054
1411
11074
1044
1729
2534
1032
1054
10185
2801
11084
1044
1505
1032
1053
2984
1925
1875
1046
5930
2342
1032
1053
17597
1261
7058
2984
1284
1044
1729
2534
1032
1054
11074
24733
1046
1656
5592
1032
1054
1044
1693
1747
1032
1054
1584
11074
1044
2158
9368
1032
1053
1044
11829
1032
1049
4906
1032
1050
63326
1046
3367
1032
1053
11074
1044
6836
3310
1032
1049
1046
4493
2606
1710
1576
1119
1106
1108
1316
1097
1039
1454
4036
5628
1032
1051
1063
1576
1119
1106
1108
1316
1097
1039
1934
1032
1054
11074
1058
1285
22916
61248
30134
26201
34388
1046
4493
4618
10177
1032
1050
1046
5417
4036
1044
1729
4016
3637
1736
1032
1054
11074
1063
3247
13162
4036
25384
11074
1317
1032
1053
1044
1809
2430
63326
4139
6127
1032
1051
1063
3367
11074
11006
1032
1053
1044
6836
3310
2481
1402
1032
1049
21065
1046
3626
13162
4036
7510
1494
1878
1455
108200
39985
30816
1046
9246
1681
2688
4036
1576
1119
1106
1108
1316
1097
1039
4906
1576
1119
1106
1108
1316
1098
1039
1729
4884
1032
1050
1046
5675
2314
14022
1576
1097
1039
1317
1576
1119
4550
1576
1119
1106
1108
1316
1119
1039
4906
1285
22916
61248
30134
26201
74622
1046
8542
8882
1058
1285
22916
61248
30134
26201
1376
1053
1046
82122
3310
1032
1049
1046
79888
1576
1097
1039
1317
1576
1120
1039
1319
3080
4244
1576
1119
1106
1108
15902
1039
4906
2879
1435
4618
1032
1054
11074
4906
1032
1050
1046
79888
1576
1116
1039
1317
1576
1097
4550
1576
1119
1106
1108
3173
1261
1039
4906
1285
22916
61248
30134
34388
34388
11074
1285
22916
61248
30134
34388
1376
1053
4906
1032
1049
1046
79888
1576
1099
1039
1317
1576
1097
4550
1576
1119
1106
1108
1633
1039
4906
1285
22916
61248
34388
26201
34388
11074
1285
22916
61248
34388
26201
1376
1053
4906
1032
1049
1046
79888
1576
1108
1039
1317
1576
1097
4550
1576
86525
1316
1097
1039
4906
1285
34388
22916
30134
26201
34388
11074
1285
34388
22916
30134
26201
1376
1053
4906
1032
1049
1046
79888
1576
1106
1039
1317
1576
1097
4550
1576
21836
1316
1097
1039
4906
1285
34388
61248
30134
26201
34388
11074
1285
34388
61248
30134
26201
1376
1053
4906
1032
1049
1046
79888
1576
1119
1039
1317
1576
1097
4550
1576
2146
1108
1316
1097
1039
4906
1261
22916
61248
30134
26201
34388
11074
1261
22916
61248
30134
26201
1376
1053
4906
1032
1049
1046
5675
1693
1729
4036
1261
2810
1317
4433
1455
7510
1032
1053
11074
1809
3568
12740
25884
1063
17048
4036
1576
1119
1039
1317
1576
1106
4550
1576
115161
1108
1316
1097
1039
4906
1475
22916
61248
30134
26201
34388
11074
1475
61248
30134
26201
34388
1376
1053
4906
1032
1049
1046
22402
1576
1119
1039
1317
1576
1108
4550
1576
1763
1106
1316
1097
1039
4906
1032
1049
1046
2157
7444
2258
4036
1455
25384
11074
1317
1032
1053
7510
6836
3310
1032
1049
21065
1046
3870
5807
1032
1054
11074
1044
1729
4016
4036
1261
2810
1317
3866
10430
2810
1063
3626
1747
1032
1054
1584
5314
11074
1046
79888
1925
1317
3866
10430
25384
11074
1317
1032
1053
1046
79888
1317
1261
1875
2810
1319
3715
1294
3310
1041
30762
1032
1054
11074
1809
2586
76050
1925
1307
1278
1032
1054
1044
3637
1032
1054
11074
1046
4493
1747
5266
1455
5807
1032
1054
11074
2586
7645
2654
1278
1032
1054
24733
1046
3626
1729
7455
7645
26717
1576
1119
1106
1108
1316
1097
1039
1319
1101
3596
3109
1576
2753
7354
1039
2658
1041
4814
2405
5628
1032
1051
1046
32844
1044
1576
2753
7354
1039
1486
5592
1032
1052
1409
1061
1049
1046
2898
5592
1032
1054
1409
1061
1053
1044
13162
1836
77806
10177
1032
1051
63326
1063
3626
2688
8223
1494
1681
4171
1046
17048
1362
5711
4526
92052
2000
12296
43956
3307
1096
1394
2269
77806
1046
9246
1681
7418
1261
7586
12957
8466
1058
2898
2258
3310
1307
5592
1032
1054
1454
1032
1054
11074
24733
1321
1409
1061
1053
1044
1278
21065
2832
1058
3030
1623
1061
1048
1044
4069
24733
4570
1032
1053
11074
1044
2430
4275
2810
1395
1032
1054
1411
11074
1044
4323
1046
4493
2158
21065
2084
5282
1402
1307
5592
1032
1053
1319
3265
2158
1032
1053
24733
1574
3147
1278
2158
1032
1053
24733
1584
1032
1053
11074
1319
31346
1747
1032
1054
1584
11074
1044
2258
1032
1053
1307
2424
1584
1032
1053
11074
1577
1531
1032
1054
1411
2810
1395
1278
11829
1925
1046
4493
2158
21065
1376
1265
1091
1048
1058
1053
3605
2667
1376
1265
1091
1053
1058
1054
3077
5646
5282
10177
1032
1050
63326
1046
62079
1278
2158
1032
1053
24733
1584
1605
1747
11074
1063
3626
1693
1747
1032
1054
1584
11074
1044
2258
1032
1053
1584
11074
1046
4493
2158
21065
5282
5592
1032
1053
1046
4493
3788
63326
5282
1032
1050
1046
3075
1710
14022
1925
2810
5628
1032
1051
1063
79888
1925
2810
1294
1261
1032
1054
85041
3310
1454
1032
1054
11074
24733
1058
1693
1729
4036
1925
2810
1317
3866
10430
2810
1044
11074
11006
1032
1053
1044
6836
3310
1032
1049
21065
1046
3367
1729
4036
1317
1261
1875
2810
1044
1729
3637
1736
1032
1054
11074
1319
3265
1875
1925
76050
1278
3992
1925
1574
1878
3637
1032
1054
11074
1044
63326
1032
1050
1046
4493
2606
1710
1729
2012
1032
1051
1063
32844
1044
1278
2688
1395
2000
2021
1119
1106
1108
1316
1097
2096
1032
1053
1041
2351
1032
1051
9816
17048
2036
2000
12296
43956
3307
1096
13951
1395
8462
1063
9246
1681
1344
41412
1278
83718
2832
1562
8953
3607
1877
1034
1462
64561
1278
36598
23832
1307
1265
8719
1513
2725
1409
11074
11084
1010
1462
30592
1593
23832
1319
12296
1302
1435
1925
21065
1456
1462
90917
4570
1265
1395
9829
20174
1034
14270
1372
23832
1034
4938
1729
4069
1278
36598
4171
23832
1455
51766
1278
6570
1046
1656
2036
19822
1044
1362
5244
1278
23832
4570
12327
1278
4275
2810
2168
17717
1409
11074
1046
5646
10177
1278
36598
23832
3147
1693
1729
2481
4626
2081
1044
1729
2168
1046
3626
1395
1494
10693
1455
1063
9246
1681
2688
1454
1420
3336
1058
1265
3760
1097
4278
1401
2096
1409
1061
1051
1046
9595
1372
23832
1454
37127
1051
11074
1058
6836
3310
1934
11074
1261
19164
4906
1032
1050
37127
1051
1044
1878
23832
1395
6836
3310
1044
21065
1032
1049
1046
5646
14175
6878
1032
1049
1046
2898
1576
1413
25450
2096
1409
1061
1050
1058
36598
23832
1454
37127
1050
11074
1058
1576
1413
25450
1039
1934
1261
30134
4906
1032
1050
1044
1878
6836
3310
1044
21065
1032
1049
1046
3626
6878
6705
2453
4036
1395
1032
1051
1046
4493
2036
21065
2832
1395
6298
1338
3890
1394
1576
1119
1106
1108
1316
1097
2096
1409
1061
1053
1058
36598
23832
1454
37127
1053
11074
1046
1531
6836
3310
1934
1032
1054
11074
1044
1878
1605
6836
1046
9595
1372
23832
1454
37127
1053
11074
1058
1729
2534
1317
11480
1278
3804
2810
1576
1097
2096
1878
23832
1576
1119
1106
1108
1316
1039
1934
1285
22916
61248
30134
26201
4906
1032
1053
11074
1046
4493
2158
21065
1395
1576
1119
1106
1108
1316
2096
11829
1576
1097
9528
6830
1576
1097
1039
1395
23832
1454
37127
1053
11074
1044
21065
1032
1050
1046
12153
1032
1050
1046
4493
4618
1395
1032
1050
1046
3075
1710
1261
4249
4036
3180
1494
1032
1051
1063
17048
1278
4036
7510
1278
3310
2516
1455
1278
36598
23832
1454
37127
1053
11074
1395
24701
1044
1321
2430
1278
11829
1710
1402
107894
2203
1032
1050
1046
2898
3788
1032
1051
1044
1729
2534
2158
21065
5592
1424
1049
1044
2667
1424
1050
1044
5888
1424
1051
1044
4556
1317
1032
1054
1046
37053
36378
1058
1032
1049
1043
1049
1043
1052
1044
1032
1049
1043
1050
1043
1051
1044
1032
1050
1043
1050
1043
1050
1044
6704
1046
2898
2158
21065
1317
1402
5592
1032
1049
1044
1278
2667
4145
4016
1402
1278
1032
1054
1411
11074
1063
3626
1409
1061
1053
1044
1878
1693
2158
2810
1395
2269
1044
2667
2810
7510
11074
1032
1050
1044
1799
1395
37127
1053
1044
1878
36598
23832
2168
4626
2667
2810
1046
4493
2158
21065
6560
1402
5592
1032
1049
15388
1278
3310
1934
2342
1032
1049
2810
1063
32844
1044
36598
23832
1454
1513
2725
1409
11074
1046
3367
1265
1376
1576
1097
1289
1272
1266
1324
1284
2096
1409
1061
1053
1058
36598
23832
1454
37127
1053
11074
1046
48306
2111
1576
1097
1039
1934
1032
1049
11074
1044
1576
1401
1039
1934
1032
1050
1044
84091
1576
35416
1558
1039
1934
1032
1053
1044
1576
35416
3149
1039
1934
1032
1054
3006
1053
1046
4493
36598
1395
1576
35416
1558
2096
5592
1032
1053
1046
4493
2158
21065
5282
5592
1032
1053
1693
1747
1032
1054
11074
1046
3870
3180
2158
21065
5592
1032
1049
1044
1729
2168
2534
1455
1576
1097
1039
1934
1032
1049
11074
1044
1809
1576
1401
1039
1934
1032
1050
11074
1044
1809
1409
1061
1053
9985
2015
1317
1032
1053
1044
1878
1576
1401
1039
1395
8807
1046
4493
36598
23832
2084
5282
4626
1435
3325
1435
4171
2015
1317
1032
1053
11074
1046
4493
2158
21065
5592
1395
1513
4403
1278
2782
1307
24733
4570
1032
1053
11074
1584
5753
1046
1656
1261
1032
1054
85041
3310
1454
1032
1054
11074
1044
1494
1681
10693
1032
1053
1046
3367
1729
4036
1925
2810
1044
1729
4139
9980
11074
1317
1032
1053
1044
2430
36598
23832
2481
1402
6836
3310
5592
1032
1054
1044
21065
1032
1049
1046
3247
1729
4139
4036
1261
2810
2516
1455
1278
2158
1032
1053
24733
1736
1032
1053
11074
1044
1809
1278
1032
1054
1411
1395
2095
1032
1053
11074
1063
3501
1044
1693
1032
1054
1411
1395
2095
3746
1032
1053
11074
1044
2430
6836
3310
1032
1049
1046
3870
2012
1032
1051
63326
1044
1729
2534
2158
21065
5592
1534
1053
1044
1878
1455
11829
5592
3006
1049
1321
1710
1402
13156
1046
3626
2606
1710
2158
21065
5592
1402
1534
1053
1063
14099
1693
1278
2158
1032
1053
24733
5314
1736
1032
1054
11074
1063
120863
1294
5592
1032
1053
1046
32844
1044
1278
2158
21065
1395
1278
36598
23832
1454
37127
1107
11074
1046
3367
1278
3310
1934
2269
24733
13578
1044
1278
11074
4014
4139
1402
4289
1044
15249
7934
23832
1046
3870
3180
2158
21065
4958
1044
1729
2534
1278
11074
4014
1317
8132
1409
1043
1049
10533
1046
3626
1409
1061
1053
1044
1878
1729
2534
1032
1054
11074
1294
1278
23832
1046
1656
1261
3310
1307
5592
1032
1054
1044
1455
4938
1747
1032
1054
24733
1584
11074
1046
3367
1747
1032
1054
1584
11074
1044
2158
21065
1395
5592
1032
1053
1046
3367
1729
4036
1925
2810
1044
1729
1710
5250
5807
1032
1054
11074
1319
6484
1317
1261
1032
1055
1411
2810
1044
1809
2342
1032
1050
1054
17597
1044
4171
1041
1505
9980
1317
1032
1053
11074
1319
6484
1317
10430
2810
1577
3367
1729
5807
1032
1054
11074
1044
2158
21065
3637
5592
1032
1053
1044
11829
1032
1049
4906
1032
1050
63326
1046
3367
1729
9980
1317
1032
1053
11074
1044
2158
21065
2481
1402
5592
1032
1054
4906
1032
1049
21065
1046
4493
2606
1317
2012
1032
1051
1063
17048
1278
3310
5592
1395
1605
1032
1054
1063
1576
1119
1106
1108
1316
1097
1039
1395
1032
1054
17597
1046
1409
1061
1053
1046
17048
1362
52792
3623
1429
9876
1372
23832
1307
1265
8719
1513
2725
1409
11074
11084
3871
20525
1494
4204
1729
12729
1278
36598
23832
1319
1105
4185
3109
1729
1710
12729
2258
23832
1044
1605
20594
108200
1562
3979
1063
3501
1044
1429
64798
1278
36598
23832
1307
1265
8719
1513
2725
1409
11074
11084
1034
1462
1494
1681
1261
2832
1058
12729
36598
23832
1044
8559
1494
1044
21788
1046
5646
1681
10693
1278
108200
1362
5055
1338
33703
1278
4036
1395
1605
1408
1576
1119
1106
1108
1316
1097
1039
1809
1278
2688
64629
1032
1051
1046
9246
1681
7442
3352
1317
3081
1261
4036
1455
28248
1032
1051
1536
9664
1261
7586
8466
1294
2036
5759
1063
17048
4036
1576
1119
1039
1317
1576
1097
4550
1576
2146
1108
1316
1097
1039
4906
11074
1261
22916
61248
30134
26201
1376
1053
1046
9595
1372
23832
1454
37127
1053
11074
1058
6836
3310
1934
1032
1053
11074
1044
1878
21065
1032
1049
1046
5500
1032
1051
1046
22402
1576
1097
1039
1317
1576
1098
4550
1576
1119
1106
1108
1316
1098
1039
4906
11074
1285
22916
61248
30134
26201
19164
1376
1054
1046
9595
1372
23832
1058
1285
22916
61248
30134
26201
1319
1053
1574
4275
1289
4323
4906
1576
1119
1106
1108
1316
2096
11829
1576
1098
1039
4906
1032
1050
1046
22402
1576
1116
1039
1317
1576
1119
4550
1576
1119
1106
77335
4761
1039
4906
1285
22916
61248
30134
74622
34388
11074
1285
22916
61248
30134
34388
1376
1053
4906
6836
3310
1032
1049
1046
22402
1576
1099
1039
1317
1576
1119
4550
1576
1119
1106
1108
1119
2083
1039
4906
1285
22916
61248
74622
26201
34388
11074
1285
22916
61248
26201
34388
1376
1053
4906
1032
1049
1046
22402
1576
1108
1039
1317
1576
1119
4550
1576
1119
1106
1119
1316
1097
1039
4906
1285
22916
74622
30134
26201
34388
11074
1285
22916
30134
26201
34388
1376
1053
4906
1032
1049
1046
22402
1576
1106
1039
1317
1576
1119
4550
1576
1119
1106
1108
1316
1097
1039
7377
1576
1106
1039
1317
1576
1119
1039
10177
1576
3837
1108
1316
1097
1039
4906
1285
74622
61248
30134
26201
34388
11074
1285
61248
30134
26201
34388
1376
1053
4906
1032
1049
1046
22402
1576
1119
1039
1317
1576
1120
1039
1319
3080
4244
1576
1120
1106
1108
1316
1097
1039
4906
2460
22916
61248
30134
26201
34388
11074
2460
22916
61248
30134
26201
34388
1376
1054
4906
2158
1032
1053
2460
22916
61248
30134
26201
1044
11829
1261
4906
1032
1050
1046
1032
1267
2757
7444
16501
1317
2012
1032
1051
1562
5592
1032
1054
1409
1061
1053
1063
3626
1278
2688
8223
1494
1681
1032
1051
1046
17048
1362
1736
1278
83718
2832
8462
1046
9246
1681
1344
41412
21966
1058
1429
64798
1278
36598
23832
1307
1265
8719
1513
2725
1409
11074
11084
3871
17048
1429
9876
1372
23832
1034
4938
1729
3369
1747
129787
1044
1321
8427
1278
36598
1925
1455
1934
37127
1107
11074
1044
1809
1729
2607
2405
20594
8559
1562
1278
3979
123853
4110
1063
3501
1044
1429
27644
1593
23832
1319
12296
1302
1435
1925
21065
1041
1462
90917
4570
1265
1395
9829
1034
24277
1729
8559
1562
1278
10343
2744
2142
1046
4493
1494
1681
10693
1278
108200
1362
2697
1338
28191
1044
2481
1494
1402
1455
1729
1710
12729
98848
23832
1454
1513
2725
1409
11074
1044
1605
20594
1278
36598
1063
3501
1044
1494
8223
1429
9876
1372
23832
7223
33703
1278
21065
4014
1395
6717
2779
1536
34639
1799
23832
1317
8559
1063
3626
1494
8223
1429
3265
83718
2832
6113
1435
9775
1058
64561
1278
36598
23832
2880
30592
1593
23832
2880
90917
3871
2157
1681
86668
1338
33703
1362
5711
12296
1286
11074
1394
1576
1119
1106
1108
1316
1097
9528
1285
22916
61248
30134
26201
34388
1462
1455
1681
1032
1054
11074
1046
1409
1061
1053
1046
4493
4618
1032
1050
1338
7493
1693
1729
4036
1576
1119
1039
1317
1576
1097
2096
2012
1576
2146
1108
1316
1097
9528
8542
8882
1058
1261
22916
61248
30134
26201
1376
1053
1046
9595
1372
23832
1454
37127
1053
11074
1058
6836
3310
1576
2146
1108
1316
1097
1039
1934
11074
1261
22916
61248
30134
26201
1376
1053
1044
1878
23832
1395
6836
3310
1044
21065
1032
1049
1046
5500
1032
1051
1338
7493
1693
1729
4036
1576
1097
1039
1317
1576
1098
2096
2012
1576
1119
1106
1108
1316
1098
9528
8542
8882
1058
1285
22916
61248
30134
26201
19164
1376
1054
1046
9595
1372
23832
1058
1576
1119
1106
1108
1316
1039
1319
1053
11074
1574
11829
1576
1098
1039
4906
21065
1032
1050
1338
7493
1693
1729
4036
1576
1116
1039
1317
1576
1097
2096
2012
1576
1119
1106
1108
3173
1097
9528
8542
8882
1058
1285
22916
61248
30134
34388
1376
1053
1046
82122
3310
1032
1049
1338
7493
1693
1729
4036
1576
1099
1039
1317
1576
1097
2096
2012
1576
1119
1106
1108
1633
9528
8542
8882
1058
1285
22916
61248
34388
26201
1376
1053
1046
82122
3310
1032
1049
1338
7493
1693
1729
4036
1576
1108
1039
1317
1576
1097
2096
2012
1576
86525
1316
1097
9528
8542
8882
1058
1285
34388
22916
30134
26201
1376
1053
1046
82122
3310
1032
1049
1338
7493
1693
1729
4036
1576
1106
1039
1317
1576
1097
2096
2012
1576
21836
1316
1097
9528
8542
8882
1058
1285
34388
61248
30134
26201
1376
1053
1046
82122
3310
1032
1049
1338
7493
1693
1729
4036
1576
1119
1039
1317
1576
1106
2096
2012
1576
115161
1108
1316
1097
9528
8542
8882
1058
1475
61248
30134
26201
34388
1376
1053
1046
82122
3310
1032
1049
1338
2757
7444
2258
4036
5250
30762
1032
1054
11074
1319
3332
3307
1032
1050
1041
1505
25384
1317
1032
1053
11074
1319
3332
3307
1032
1049
1577
3075
1710
1729
2012
1032
1051
1063
17048
1278
3310
5592
1395
1605
1032
1054
1063
1576
1119
1106
1108
1316
1097
1039
1934
1032
1054
11084
1046
17048
1409
1061
1053
1809
1278
3310
1934
13578
24733
1063
1576
1119
1106
1108
1316
1097
1039
1747
8877
1338
28191
1044
13162
1362
98278
1429
9876
1372
23832
1307
1265
8719
1513
2725
1409
11074
11084
3871
26243
1494
4938
1729
1710
12729
2258
23832
1319
3715
20594
10348
1562
1278
3519
3030
28197
3501
1044
1429
88427
4570
1265
1395
9829
1034
24277
1729
5282
4069
1261
23832
1307
1278
11829
1265
1338
33703
1278
2832
1395
1058
1513
2744
5966
1044
1562
1278
3519
3310
1044
1729
1710
12729
2258
23832
1319
3715
20594
1278
36598
1041
1455
1934
37127
1107
11074
1044
1321
1729
2933
1317
54524
1278
2782
1307
63326
1063
3626
1278
8953
3607
8223
1058
1429
64798
1278
36598
23832
1307
1265
8719
1513
2725
1409
11074
11084
3871
2157
1681
9247
1338
39379
1494
1402
1455
1429
9876
1372
23832
1034
4938
1729
2985
1513
1747
129787
1307
1278
4618
1265
1044
8427
1278
36598
1925
1454
37127
1107
11074
1044
8559
1494
1044
2430
1562
1278
11829
1044
2790
8427
1278
36598
23832
1454
37127
1107
11074
1044
6704
1046
5646
1681
2549
1362
2697
1338
33703
1278
4036
1307
1925
4145
1710
1402
7960
1044
1321
2430
1729
1344
43607
1278
83718
1046
3060
13162
1394
1576
1119
1106
1108
1316
1097
2096
1409
1061
1053
1044
14022
1925
2810
1710
3180
1278
3310
1736
1261
5194
2478
1278
2158
21065
1395
1044
4150
1044
1576
1119
2096
2430
11829
1576
1106
1108
1316
1097
1039
6704
1046
3626
1435
1362
20889
1044
1454
1409
1061
1053
1044
1693
1278
11829
3310
1934
37127
1053
11074
1044
1494
7534
1402
6574
1435
1925
23832
1046
3870
2012
1032
1051
63326
1044
1729
2534
1278
11829
2453
2158
1317
1402
21065
1638
2203
1032
1050
1046
2898
11829
1317
1402
21065
1638
2203
1032
1050
1454
1409
1061
1053
1044
1278
11829
3310
4016
1736
1513
4403
1032
1054
11074
1063
3626
11829
5592
2168
1402
1513
2725
1032
1053
1319
31346
2158
9368
1513
4403
1032
1049
1577
1349
3310
1307
5592
37127
1053
1710
1736
1513
2725
1032
1053
11074
1044
1878
1454
1409
1061
1053
1494
7534
5282
1402
1032
1049
21065
1046
9144
1044
1562
1261
3310
1307
5592
1032
1054
1044
1454
1409
1061
1053
1044
1278
8905
63326
1395
5250
1032
1050
1319
1391
1032
1054
11074
1041
1505
1032
1049
1319
1391
37127
1053
11074
1577
3213
6560
2012
1032
1051
63326
1562
5592
1032
1054
1454
1409
1061
1053
3147
1278
2158
21065
9368
1513
4403
88348
1040
1054
1047
4433
36036
9246
1681
16123
1058
3788
5592
1308
1061
1054
1044
1409
1061
1053
1046
11796
21065
9368
1261
23832
1454
37127
1053
11074
1046
1531
11835
5592
1307
1261
21065
1395
1032
1049
1319
1391
1729
1736
1261
2810
1044
4275
2810
1395
1875
6187
1032
1050
11074
1044
1809
1409
1061
1053
9985
2015
1317
1032
1053
1044
1878
1729
1710
5282
4626
2081
1577
49032
1044
1710
1261
21065
1402
5592
1032
1049
1063
13830
1044
1693
1729
1736
3310
1576
1097
1289
1272
1266
1324
1284
2096
2158
21065
1576
1097
1039
1063
3501
1044
36598
23832
1454
37127
1053
11074
1058
1576
1097
1039
1934
1032
1049
1044
1576
1401
1039
1934
1032
1050
1044
84091
1576
35416
1558
1039
1934
1032
1053
1044
1576
35416
3149
1039
1934
1032
1054
1046
4493
36598
1395
1576
35416
1558
2096
5592
1032
1053
1046
4493
21065
5592
1395
1513
4403
1278
2782
1307
11074
24733
6618
1317
8132
1032
1053
1044
1505
1278
6836
3310
1693
37127
1053
1046
1656
1261
1032
1054
85041
3310
1044
1693
1747
1032
1054
11074
1044
2158
21065
5592
1032
1053
1044
11829
1032
1049
4906
3788
1032
1050
1046
3367
1032
1053
11074
1044
2158
21065
5592
1032
1054
4906
3788
1032
1049
1046
3367
2269
54813
1044
11074
37127
1053
1044
2158
21065
5592
2481
1402
1032
1054
4906
1032
1049
1046
3367
11074
1376
1054
1809
2269
24733
21788
1063
120863
1044
1032
1054
11074
4938
1747
1032
1054
1584
2801
1046
4493
16106
1044
6705
63326
1394
1308
1061
1054
1044
1409
1061
1053
1395
1032
1050
1046
3626
1278
2688
8223
1032
1051
1046
3730
1681
1261
60125
1338
33703
1409
1395
1278
8905
2782
1307
11074
11084
8807
1294
2744
21065
1044
1809
1278
83718
2832
1395
1058
1429
64798
1278
36598
23832
1307
1265
8719
1513
2725
1409
11074
11084
3871
26243
1429
9876
1372
23832
1034
4938
1729
1710
12729
2258
23832
1319
3715
20594
10348
1513
4891
1032
1048
28197
3501
1044
1455
6354
2405
3180
7453
1454
1429
27644
1593
23832
7223
28191
1044
13162
1278
83718
2832
1395
1058
1729
21065
1278
3310
2203
89045
9997
2187
1044
2744
4583
1513
2725
1409
11074
11084
1044
1321
1729
2933
1317
54524
1278
2782
1307
9997
2187
1044
1809
1729
1584
8807
1317
12729
1278
21065
5305
9741
2487
1319
3715
20594
1278
108200
36598
23832
36036
3626
1278
8953
3607
24215
8223
1058
1429
64798
1278
36598
23832
1307
1265
8719
1513
2725
1409
11074
11084
1462
30592
1593
23832
1319
12296
1302
1435
1925
21065
1041
1462
90917
4570
1265
1395
9829
3871
5646
1681
1261
4811
11857
1338
33703
1278
1429
9876
1372
23832
1034
1395
14173
1562
1278
3519
1265
1044
1809
1729
1584
8807
1317
4036
1925
4145
38407
129601
83718
1044
1321
1729
2933
1317
54524
1278
2782
1307
63326
122628
1536
9741
2487
34639
1799
4145
1317
4036
1046
5646
1681
2549
1729
6185
6965
1338
3890
2036
4319
6122
1394
1308
1061
1054
1044
1409
1061
1053
1044
6705
63326
1395
1032
1050
1046
23008
2688
64629
1032
1051
1046
9246
1639
5558
40172
1278
2688
2937
1058
2000
8723
15605
2021
1119
1106
1108
1316
1097
2096
1032
1053
1041
2351
1032
1051
9816
17048
1362
5711
2633
1278
3310
1046
1576
1119
1106
1108
1316
1097
1039
1462
1285
1044
1475
1044
1295
1044
1272
1044
1257
1044
1261
1046
1032
1054
17597
1046
1409
1061
1053
1338
33703
1278
83718
2832
1395
2801
1058
1429
64798
1278
36598
23832
1307
1265
8719
1513
2725
1409
11074
11084
1034
4139
4204
1729
2985
1513
1747
129787
1307
1278
13519
130809
4286
1265
1044
8427
1278
36598
1454
37127
1107
11074
1044
8559
1494
1044
2430
1562
1278
10814
61874
9774
1265
1319
11018
1395
1261
39398
1574
1729
2790
12729
1278
36598
23832
1319
2935
1455
39398
1041
1454
37127
1107
11074
1044
6704
1046
5646
1681
2549
1362
2697
1338
7493
1693
1429
9876
1372
23832
1034
4938
1729
1710
12729
98848
23832
1319
3715
20594
1562
1278
3030
28197
3501
1338
33703
1278
83718
1395
1058
1729
13156
1278
3310
2203
8262
2516
1455
2744
1805
1934
1513
2725
1409
11074
1044
1321
1729
2933
1317
54524
1278
2782
1307
8262
1044
1809
1729
1584
8807
1317
1344
3570
1063
3501
1338
12598
1681
2688
1278
83718
2254
1408
2269
18451
68093
1454
1261
2801
19190
1058
17048
1429
9876
1372
23832
1034
4938
1729
3081
1278
36598
23832
1319
1105
4185
3109
10348
1562
3979
1041
1455
1934
37127
1107
11074
1044
1809
1729
8559
1494
1044
1321
2430
1278
124215
21065
16896
1562
1278
10814
61874
9774
3310
1681
10343
1046
5646
1681
2549
1362
2697
1338
28191
1044
2481
1494
1402
1455
1729
8559
1278
23832
1044
1321
2430
1278
124215
21065
1395
14173
1562
1278
10814
61874
9774
3310
1044
1809
1729
1710
12729
2258
23832
1307
1278
11829
1044
1605
20594
1278
36598
1063
1531
8953
3607
8223
1429
64798
1278
36598
23832
27170
1046
2157
1681
9247
1338
33703
1362
1736
1261
19940
1294
2036
2000
12296
43956
3307
1096
13951
1046
9246
1681
1344
11568
14176
1278
3016
9165
1877
2640
10184
1623
1534
1308
1877
1293
11074
1376
1032
1048
1010
1293
5753
1376
2016
2838
1293
1475
1376
1623
1010
1293
3016
1475
1534
1308
1877
1369
1272
1376
1265
13872
2820
1369
1693
1272
1605
1294
5753
1877
1463
1693
11074
2351
1409
1877
1694
4323
1010
1463
11074
5773
1032
1049
1010
1463
5753
4297
5164
1456
1369
1475
5773
1032
1049
1010
1293
8262
5773
1032
1049
1010
1293
1623
1376
1475
1010
2640
4393
1265
3760
1119
1106
1108
1316
1097
2096
1409
1061
1053
1877
1105
1061
1048
1058
1475
1061
1048
1272
3760
1119
4550
1605
1294
5753
1044
11074
1061
1048
1534
1053
4906
11074
1061
1049
1044
5753
35720
1119
86549
1475
1061
1049
1010
1106
1061
1049
1272
3760
1106
4550
1605
1294
5753
1044
11074
1061
1049
1060
1053
4906
11074
1061
1050
1044
5753
35720
1119
7661
1106
86549
1475
1061
1050
1010
1106
1061
1050
1272
3760
1108
4550
11074
1061
1051
1044
1475
1061
1051
1010
1106
1061
1051
1272
3760
1099
4550
11074
1061
1052
1044
1475
1061
1052
1010
1106
1061
1052
1272
3760
1116
4550
11074
1061
1053
1044
1475
1061
1053
1010
1106
1061
1053
1272
3760
1097
4550
1605
1294
5753
1044
11074
3107
1053
2351
1409
4906
4323
1626
8032
1475
30774
1513
1032
1053
1319
30153
8673
1576
1097
6166
4493
23832
1265
1091
1048
1058
1053
1093
1376
1576
1119
1106
1108
1316
2096
8262
1061
1049
1044
1623
1061
1053
1626
1105
1061
1053
1058
1475
1061
1053
1272
3760
1097
4550
1605
1294
5753
1044
11074
1061
1048
1060
1053
4906
11074
1061
1049
1044
1475
1061
1054
1046
1475
1061
1054
9218
1308
1044
9165
15202
1046
8262
1061
1050
1044
1623
1061
1054
1046
10721
1032
1050
1046
87482
1338
12082
1044
1395
2156
2258
3039
14022
1925
2810
7510
1494
1032
1051
1063
9246
1681
3352
14022
1576
1097
1039
1317
1576
1098
4550
1576
1119
1106
1108
1316
1098
9528
1623
1061
1048
1058
1285
22916
61248
30134
26201
4906
11074
1032
1053
1044
1475
1061
1053
1044
4275
1576
1098
1039
11074
2168
1402
1032
1054
1062
1053
4323
1046
23832
1576
1119
1106
1108
1316
2096
1623
1061
1053
1046
1623
1061
1053
1058
1576
1098
1039
4906
11074
1032
1049
1044
1475
1061
1054
1046
8262
1061
1050
1046
24578
1032
1050
1338
2814
26106
1576
1119
1039
1317
1576
1097
4550
1576
2146
1108
1316
1097
9528
1623
1061
1048
1058
1261
22916
61248
30134
26201
4906
11074
1032
1053
1044
1475
1061
1053
1044
4275
1576
1097
1039
1063
32844
3310
1395
1576
1097
1475
1295
1272
1257
1261
9528
1623
1061
1048
1058
1475
1061
1048
1576
1097
4550
11074
1061
1049
1046
1475
1061
1049
1576
1106
4550
11074
1061
1050
1046
1475
1061
1050
1576
1108
4550
11074
1061
1051
1046
1475
1061
1051
1576
1099
4550
11074
1061
1052
1046
1475
1061
1052
1576
1116
4550
11074
1061
1053
1046
1475
1061
1053
1576
1097
4550
1576
1097
1039
1395
5314
1294
5753
1033
4493
1278
6570
2000
1391
1272
1605
1294
5753
41867
1395
3276
1046
4493
1729
2607
2405
6889
1278
1693
1044
1729
2586
21413
1475
1063
1656
2036
3475
1058
2000
1391
1272
1605
1294
5753
1058
1693
11074
2351
1409
1058
4323
1059
11074
5773
1032
1049
1059
5753
4297
5164
1041
1475
5773
1032
1049
9816
3367
1272
1395
1294
5753
1044
1729
2586
1653
2000
1106
5773
1032
1049
1096
1319
31346
1278
3016
9165
1934
1475
5773
1032
1049
1513
1278
2362
1063
49032
1294
2036
38918
51909
1362
1880
2000
1106
5773
1032
1049
1096
6625
1278
9165
23973
1046
9246
1681
1402
25399
2100
2640
10184
1475
1534
1308
1877
1293
1272
1376
1265
13872
2820
1293
1693
1272
1605
1294
5753
1877
1369
1693
11074
2351
1409
1877
1463
4323
1010
1369
11074
5773
1032
1049
1010
1369
5753
4297
5164
1456
1293
1475
5773
1032
1049
1010
2640
8032
1693
1272
1395
1294
5753
1044
1729
2586
1653
1475
5773
1032
1049
1321
8214
1046
5646
4938
13578
11084
2607
2405
5597
11074
1044
1321
1729
5807
4670
1046
4493
1394
1576
2146
1108
1316
1097
4550
1623
1061
1048
1058
1475
1061
1048
1576
1097
4550
1605
1294
5753
4906
11074
1061
1049
1044
5753
35720
1097
86549
1475
1061
1049
1046
1475
1061
1049
1576
1106
4550
1605
1294
5753
4906
11074
1061
1050
1044
5753
35720
1097
7661
1106
86549
1475
1061
1050
1046
1475
1061
1050
1576
1108
4550
11074
1061
1051
1044
1475
1061
1051
1046
1475
1061
1051
1576
1099
4550
11074
1061
1052
1044
1475
1061
1052
1046
1475
1061
1052
1576
1116
4550
11074
1061
1053
1044
1475
1061
1053
1046
1475
1061
1053
1576
1097
4550
1576
1097
1039
1294
5753
1044
1878
1836
11074
4036
1044
1475
1061
1054
1046
1475
1061
1054
9218
1308
1044
9165
15202
1046
4493
23832
1395
6836
3310
1576
2146
1108
1316
1097
2096
8262
1061
1049
1046
4493
14022
1576
1119
1039
1317
1576
1097
1039
10177
1032
1049
21065
1338
7493
1693
1729
4036
1576
1097
1039
1317
4433
1455
21622
1261
1875
11074
1809
1729
5314
1736
1032
1054
1063
49032
1747
1032
1054
1584
11074
16541
1046
79888
1925
1317
3866
10430
25384
11074
1317
1032
1053
1044
1321
3147
1307
1278
1429
1391
1272
1605
1294
5753
1034
13951
1044
13578
11084
4139
3894
1278
23832
1317
1402
7934
1063
32844
1044
1294
1576
1119
1106
1108
1316
1098
2096
1576
1098
1039
1395
1875
1044
11074
11006
1032
1054
1044
4323
1046
1656
1576
2146
1108
1316
1097
2096
1576
1097
1039
54813
1044
1878
11074
52671
1032
1053
1044
1321
1729
14776
1278
3310
1046
4493
1317
2012
1032
1051
63326
1044
1729
2534
1261
4036
1455
21622
1261
8516
2478
1278
2158
21065
1395
24701
2224
1032
1053
1044
1321
1278
11829
1710
1402
13156
2203
1032
1050
1046
3626
1435
1362
20889
1044
1454
1409
1061
1053
1044
1278
2158
21065
5592
1395
7847
1536
2200
11074
28833
1032
1053
1046
3367
1729
1710
3180
11074
8132
1032
1053
4025
1319
1105
4185
3109
2158
1032
1053
24733
1736
2342
1032
1052
11074
1044
1321
1278
1032
1053
1411
11074
10249
1513
3980
1032
1053
1505
4025
1574
2430
2158
21065
2481
1402
5592
30652
1053
1063
49032
1693
2158
1032
1053
24733
1736
37127
1052
11074
1044
2430
36598
23832
1454
37127
1053
11074
2084
4626
1513
4403
3385
1032
1053
24733
1044
1321
13162
2081
1046
3870
3180
2158
21065
4958
1044
1729
2534
1278
1032
1053
1411
11074
1317
6730
3435
5124
1063
3501
1044
1317
3180
2158
21065
5592
1032
1049
1044
1729
2534
1455
2453
2158
2810
1044
1278
2667
2810
7510
11074
1032
1050
1044
1809
1409
1061
1053
9985
2015
1317
1032
1053
1044
1878
1729
2168
4626
1494
1046
1531
2342
3039
2158
21065
1395
5592
1032
1049
1395
1693
1409
1061
1049
1046
2898
1409
1061
1053
1044
2158
21065
2084
5282
4626
1513
4403
4570
1729
1736
1032
1053
11074
1044
1505
1278
3310
15202
1046
1656
1261
1032
1054
85041
3310
1044
1693
1747
1032
1054
1584
11074
1044
2158
21065
5592
1032
1053
1046
3367
1032
1053
11074
1044
2158
21065
5592
1032
1054
1046
3367
1032
1052
11074
1044
2158
21065
5592
1032
1054
1046
3367
1032
1051
11074
1044
5592
1032
1054
1046
8338
1099
1046
4493
2158
21065
5592
1395
5250
1032
1053
1319
1391
1032
1054
11074
1041
1505
1032
1054
1319
1391
37127
1053
11074
1577
2157
6560
1402
1032
1049
1044
1050
1044
1051
1044
1052
1046
9144
1044
3788
63326
1562
5592
1032
1054
3310
1454
1409
1061
1053
1710
2342
1402
1032
1050
1319
1391
1032
1054
11074
1041
1505
1032
1049
1319
1391
37127
1053
11074
1577
3730
1395
1836
3039
1317
2012
1032
1051
1046
4493
1278
2688
2000
2021
1119
1106
1108
1316
1097
2096
1032
1053
1041
2351
1032
1051
1096
4016
4204
2036
9705
1307
1278
4127
1395
72476
8462
1338
12598
1639
1344
41412
1278
8953
3607
3435
21966
1877
1034
36296
1261
3310
1265
1321
1420
15748
1409
1044
8497
1278
8905
2782
1307
63326
4171
2453
45521
14022
1513
2725
1925
4145
1294
1265
1317
3866
97656
10679
1338
1784
83718
2832
6113
1435
9775
1877
1045
64561
1278
36598
23832
1307
1265
8719
1513
2725
1409
11074
11084
1010
1045
30592
1593
23832
1319
12296
1302
1435
1925
21065
1456
1045
90917
4570
1265
1395
9829
4410
33703
1429
9876
1372
23832
1307
1265
1034
4938
1729
3369
1278
13519
130809
4286
3310
1265
1044
1321
1729
12729
1261
23832
1319
3715
20594
10348
1513
1278
3519
3980
28197
3501
1044
1429
88427
4570
1265
1395
9829
1034
24277
1729
22347
1265
1338
33703
1278
83718
1395
1058
1729
21065
1278
3310
2203
1278
8905
2782
1307
8262
2516
1455
2744
1805
1934
1513
2725
1409
11074
11084
1044
1809
1729
1584
8807
1317
12729
1278
21065
5305
89533
1319
3715
20594
1278
108200
36598
23832
1562
3979
36036
3626
1278
8953
3607
19591
1261
4811
2832
1046
3886
1044
10463
4127
21166
12293
1261
2832
1455
1395
14259
1317
124604
63326
1046
9246
1681
4206
1058
3367
1278
2832
1395
1429
57387
1278
36598
23832
1454
1513
2725
1409
11074
1044
8559
1494
1044
21788
1897
1455
1681
1261
4811
108200
11857
1046
1531
2782
1307
63326
1494
22444
1395
9247
1394
1261
4265
3310
1046
1531
4127
25747
1394
1278
8905
2782
1307
63326
122628
2453
9741
2487
14022
1513
2725
1925
4145
1046
4493
1729
1710
4036
1925
2810
1317
54524
1278
4848
1307
70564
108200
11857
1338
3890
2036
4319
6122
1394
1576
1119
1106
1108
1316
1097
2096
1409
1061
1053
1044
108200
5282
10177
1032
1049
1505
1032
1050
1046
3075
1710
1494
5628
1032
1051
1063
17048
1278
3310
1576
1119
1106
1108
1316
1097
1039
1934
5592
1032
1054
1044
1809
1409
1061
1053
1044
1321
14022
1925
2810
1710
3180
1278
108200
5628
1032
1051
1063
9246
1681
3352
1317
3081
1261
4036
1455
7510
108200
5628
1032
1051
1536
2269
2147
4938
1046
17048
1362
1736
1278
108200
8462
1058
1429
64798
1278
36598
23832
1307
1265
8719
1513
2725
1409
11074
11084
3871
26243
1494
4938
1729
2985
1513
40179
129787
1307
1278
51912
48119
1265
1044
1321
8427
1278
36598
1925
1455
1934
37127
1107
11074
1044
1809
1729
1584
8807
1317
8427
98848
2516
23832
1044
1605
20594
1278
1925
10348
1513
4891
1032
1048
1063
3501
1044
1261
23832
1307
1265
5282
16896
1513
4891
1032
1048
1307
1278
3519
1265
1338
28191
1058
13162
1429
26930
1034
3226
4938
1261
89045
93710
1455
1395
1261
23832
1307
1278
10814
61874
9774
3310
1044
1809
1729
1710
12729
1317
8559
1261
23832
1455
1395
1605
20594
10348
1562
1278
3435
10343
1063
3501
1044
23832
4938
10348
1562
1278
10343
1338
7493
1693
1278
2832
1395
1058
1729
2933
1317
21065
1278
3310
2203
1278
8905
2782
1307
9997
2187
2516
1455
2744
93710
1934
1513
2725
1409
11074
11084
1044
1321
1729
1584
8807
1317
1344
3570
1278
11084
1063
3501
1338
12598
1681
2985
1513
1278
2147
2688
5443
1317
12542
28524
1626
4922
1058
2000
2021
13686
7354
2096
1032
1049
1041
2351
1032
1052
9816
1308
1061
1052
1044
1409
1061
1049
1046
22536
1058
1576
1120
7661
1120
7661
1121
7661
1122
9528
6853
11361
1058
36598
23832
1454
37127
1049
11074
1058
1576
13686
1039
1319
31346
1576
1120
8731
1039
1934
1032
1050
11074
1577
30592
1576
13686
2096
11829
1576
7354
9528
9595
1372
23832
1454
37127
1049
11074
1058
1576
1121
1039
1319
31346
1576
7354
1039
1934
1032
1050
1577
30592
1576
1121
2096
11829
1576
1122
9528
30592
1576
1122
9528
12153
1032
1051
63326
1046
3626
6878
6705
1395
1032
1052
2453
4036
1046
22402
2158
1576
1120
1039
1317
1576
1097
4550
1576
2753
7354
9528
6853
11361
1058
1576
1097
1039
1319
1049
11074
1574
8559
1044
11829
1576
109326
9528
1576
1120
1039
1319
1049
1574
8559
1044
11829
1576
7354
9528
1576
1121
1039
1319
1049
1574
8559
1044
11829
1576
1122
9528
12153
1032
1052
1046
4493
108200
6113
1435
1362
51290
1338
4922
1058
2000
2021
1101
2335
9821
59859
2096
1032
1049
1041
2351
1032
1056
9816
1308
1061
1056
1044
1409
1061
1049
1046
77859
1032
1056
63326
1044
10138
2744
4145
1395
2246
3754
21065
1046
22536
1058
1576
1101
7661
1105
7661
1099
7661
1116
7661
1122
7661
1122
7661
1119
7661
1120
9528
6853
11361
1058
1576
1101
1039
1319
1049
1574
1576
1105
1039
1319
1049
1574
1576
1099
1039
1319
1049
1574
1576
1116
1039
1319
1049
1574
1576
9821
1039
1319
1050
11074
1063
1409
1061
1049
1044
1878
1576
9821
1039
1934
1032
1049
11074
1044
1878
36598
23832
1454
37127
1049
11074
1562
1576
9821
59859
1039
1395
1576
9821
16722
8559
1576
9821
2096
11829
1576
1119
7661
1120
1039
4906
1576
1119
2096
1576
1120
9528
12153
63326
1058
1324
29668
30134
26201
1044
9821
74622
28075
1376
1032
1055
1046
22402
1925
1576
1122
1039
1317
4433
2849
1044
1324
3596
3109
1576
1101
7661
1105
7661
1099
7661
1116
7661
1122
7661
1119
7661
1119
7661
1120
1039
1063
49032
1317
2012
1032
1056
1044
1729
2534
1747
1032
1056
24733
1317
1402
4249
24926
63326
1046
5646
4938
1836
2295
17220
2879
1044
1321
2095
1836
23832
1710
1736
5592
3006
1049
1454
37127
1049
11074
1046
5930
1409
1061
1049
1044
1261
21065
9368
1278
36598
23832
1454
1513
2725
1032
1049
11074
1044
1799
4938
1494
9368
1747
22487
18535
11084
1046
4493
1317
1736
1032
1056
63326
1044
1729
2534
1836
2295
22487
18535
11084
1044
12164
2095
1455
2744
1875
4145
16896
1261
1875
21065
1046
3626
1693
3310
1395
1576
35416
3149
1834
1039
1454
1747
11074
1044
1409
1061
1049
1058
108200
1058
1576
1097
1039
1319
1049
1574
1576
1098
1039
1319
1049
1574
1576
1099
1039
1319
1049
1574
6421
4906
1032
1056
63326
1046
4493
14022
1317
3180
1747
11084
11074
1321
1836
17220
2879
6113
1046
1576
1101
2335
9821
59859
1039
1934
1576
9821
1039
17220
2879
1046
22402
1925
1576
1122
1039
1317
1576
1097
1039
1319
3715
1294
3310
4244
1576
1101
2335
1955
59859
1039
4906
1747
11074
1063
1324
29668
30134
26201
34388
45065
74622
28075
1747
11074
1044
1836
17220
2879
4906
1032
1056
63326
1046
4493
1455
14175
1338
4922
1058
2000
2021
62551
1113
5988
87703
32177
2096
1032
1049
1041
2351
1032
1049
1048
9816
1308
1061
1049
1048
1044
1409
1061
1049
1046
8923
63326
1032
1049
1048
4938
1747
1032
1049
1048
24733
107894
38113
1046
22536
1934
2269
54813
1063
1576
1114
7661
1110
7661
1113
7661
1114
7661
1097
7661
1098
7661
1099
7661
1120
7661
1114
7661
1104
1039
1462
1934
1576
1114
1039
3300
5213
1046
22402
1317
3180
1747
11074
1321
1836
17220
2879
1063
77859
1032
1049
1048
1046
4493
4036
1925
2810
1317
4323
54813
1338
4922
1058
2000
2021
35416
1558
2096
1032
1053
1041
2351
1032
1049
9816
1308
1061
1053
1044
1409
1061
1053
1046
82122
3310
1032
1049
11074
1063
49032
11074
1032
1053
37127
1053
1044
1878
1032
1049
21065
1046
23313
1338
4922
1058
2000
2021
17498
17498
17498
2096
1032
1050
1041
2351
1032
1049
9816
1308
1061
1054
1044
1409
1061
1050
1046
82122
3310
11074
1032
1049
37127
1050
1044
1032
1049
21065
1046
23313
1338
4922
1058
2000
2021
1102
1118
53508
1113
1110
2096
1032
1051
1041
2351
1032
1051
9816
1308
1061
1056
1044
1409
1061
1051
1046
22536
1063
9246
1681
1605
24002
3246
1338
4922
1058
2000
2021
1122
1099
1106
1118
54560
1113
2096
1032
1053
1041
2351
1032
1050
9816
1308
1061
1056
1044
1409
1061
1053
1338
4922
1058
2000
2021
1101
1391
1104
26082
5470
1106
2096
1032
1055
1041
2351
1032
1050
9816
1308
1061
1057
1044
1409
1061
1055
1338
4922
1058
2000
2021
87703
17602
31274
1099
32052
1118
2096
1032
1051
1041
2351
1032
1052
9816
1308
1061
1049
1048
1044
1409
1061
1051
1338
4922
1058
2000
2021
1101
1391
1104
26082
5470
1106
2096
1032
1055
1041
2351
1032
1050
9816
1308
1061
1057
1044
1409
1061
1055
1338
12082
1044
2595
1317
2000
2021
1119
1106
1108
1316
1097
2096
1032
1053
1041
2351
1032
1051
9816
1308
1061
1054
1044
1409
1061
1053
1046
4890
108200
4319
8223
6705
63326
1395
1032
1050
1046
3626
2688
8223
1032
1051
1046
3730
4016
1402
1261
2801
19190
1307
1278
83718
2832
1338
12598
1639
1344
41412
1278
83718
2832
6360
2790
1877
57829
64561
1278
36598
23832
1307
1265
8719
1513
2725
1409
11074
11084
1010
1045
30592
1593
23832
1319
12296
1302
1435
1925
21065
1456
1045
90917
4570
1265
1395
9829
4410
33703
1429
9876
1372
23832
1307
1265
1034
4938
1729
3369
1278
4618
3310
1265
1044
1321
1729
12729
1261
23832
1319
3715
20594
1562
1278
3519
11829
28197
3501
1044
1429
88427
4570
1265
1395
9829
1034
24277
1729
8559
1278
23832
1044
1878
1265
11006
1278
39398
1338
33703
1278
2832
1395
1058
1729
1710
12729
98848
23832
1454
1513
2725
1409
11074
11084
1044
1605
20594
1278
36598
1063
3626
1494
8223
1429
9876
1372
23832
7223
28191
1058
5675
1693
1429
9876
1372
23832
1034
4938
1729
3081
1278
36598
23832
1319
1105
4185
3109
1278
1925
1454
8905
5592
1041
1455
1934
1513
2725
1409
11074
11084
1044
1809
1729
1584
8807
1317
12729
1799
23832
1063
3501
1044
2156
1681
2342
1925
36598
23832
1454
1455
7299
1319
3265
33220
5592
1577
3626
13162
2156
1584
6245
129787
1307
1278
2879
8905
5592
1063
3501
1044
5592
1395
8877
1338
33703
1278
83718
1395
5595
1294
1261
3039
1455
1729
1710
12729
1278
21065
5305
1317
28433
10667
17230
1278
2782
1307
63326
1044
5355
1317
2744
1805
4583
1513
2725
1409
11074
1046
3060
1278
8953
3607
1395
2586
27433
1925
3039
1317
3648
2314
1494
1044
1809
7442
1278
4127
1395
1058
1429
78970
1519
1278
8905
2782
1307
63326
4171
1034
1321
1278
2832
5055
1395
2606
1636
21065
1044
1809
13162
1636
1710
12729
1278
129787
9741
2487
1319
3715
20594
1278
36598
1041
1317
54524
4014
1063
3626
1494
8223
1429
64798
1278
36598
23832
27170
1046
5646
1681
1261
86668
10097
1338
12598
1681
2688
1693
1278
108200
36598
1045
26930
10097
7442
6717
9357
1278
2782
1307
63326
1044
1505
1693
1494
1681
2586
1261
6360
1307
1261
4811
11857
1044
1321
1278
4127
1395
1317
54524
2136
5266
1278
2782
1307
63326
8077
1536
70564
11857
1046
1531
11277
1058
75652
1413
25450
2096
1032
1050
1096
4906
1032
1051
1046
5930
2036
108200
1044
4618
10177
1032
1049
1044
4036
10177
1032
1051
1046
75652
1097
4278
1401
2096
1032
1051
1096
4906
1032
1049
1046
22536
10177
1032
1049
1046
75652
13686
7354
2096
1032
1049
1096
4906
1032
1052
1046
22536
10177
1032
1051
1044
4036
10177
1032
1052
1046
4493
1278
108200
11857
1395
2549
1729
2534
1317
24002
1338
12082
1044
1394
75652
1119
1106
1108
1316
1097
2096
1032
1053
1096
4906
1032
1051
1046
9246
1681
3352
1317
3081
1261
4036
1455
7510
2036
108200
5628
1032
1051
1046
17048
1362
3214
1261
27223
1294
1278
108200
1394
2269
8533
3310
1046
9246
1681
7418
1261
3709
92098
6613
68093
1394
1747
1032
1049
87070
21805
1307
1576
1119
1106
1108
1316
1097
1039
1454
1409
1061
1053
1046
3730
1584
1032
1054
12197
1364
1032
1050
1053
1376
1032
1049
1053
1048
5266
1046
1362
1710
3352
1317
3081
1925
1455
10177
1032
1051
1338
2544
1058
1285
1475
1295
1272
1257
1261
1319
64713
1032
1048
1791
1053
1456
1107
1061
1053
1338
12598
1681
54562
3648
1058
2837
2933
2000
12296
43956
3307
6039
3134
1044
1032
1053
1041
2351
1032
1051
14708
1096
12296
43956
3307
1096
1265
1044
1409
1877
28933
1061
1048
1044
1623
1061
1048
1010
10184
1623
1534
1308
1877
1256
11074
1061
1048
1044
5753
1061
2683
2838
1256
1475
66936
1010
1256
3016
1475
56069
1877
3539
1272
71987
13872
2820
3539
1693
1272
1605
1294
5753
1877
6367
1693
11074
3107
1053
1058
4323
1010
6367
11074
33159
1049
1059
5753
4297
5164
1456
3539
1475
33159
1049
1010
1256
8262
33159
1049
1010
1256
1623
1061
1106
1267
4268
2933
8262
1061
1051
1044
1878
1278
3016
9165
1394
1623
4016
55645
1032
1051
5213
1044
10138
1623
72993
15449
3066
1623
17546
1110
1338
16840
1308
1061
1054
1044
1278
1623
12197
4016
1402
1623
1048
1061
1048
4906
1623
1049
4906
1623
1050
4906
1623
1051
1061
1054
1626
8032
1729
2534
2295
25884
1513
12197
1274
1049
1321
1274
1050
1044
1454
1032
1048
1534
1274
1049
1534
1274
1050
1534
1032
1054
1338
1784
2158
21065
1395
1265
1091
1048
98091
1049
3605
2667
1265
46265
1049
98091
1050
3605
5888
1265
46265
1050
1058
1054
11390
4393
1278
2158
21065
1317
2362
1513
1274
1049
1044
1278
9879
3016
9165
4016
4323
1513
1475
75800
1049
1319
1105
4185
3109
2200
6370
1317
2229
1265
46265
1049
3605
11074
2168
6127
1032
1054
1044
1505
1475
28833
1308
1809
1729
2933
4323
1577
9748
1308
1061
1054
1044
1274
1049
1534
1032
1054
1044
1878
4323
16581
2200
11074
3107
1053
1321
1729
3352
1317
2229
1261
1875
2810
1338
75665
1394
2667
21065
10348
1513
1274
1049
1044
1494
15202
1513
1274
1050
1338
12598
1681
3352
1317
3081
1274
1049
1044
1274
1050
1321
1261
4036
1338
11139
1058
1274
1049
1061
1049
1044
1274
1050
1061
1050
1063
6830
2158
21065
5592
1032
1049
1044
2667
5592
1032
1049
1044
5888
5592
1032
1052
1046
2898
2158
21065
1317
2362
1513
1274
1049
1061
1049
1058
1623
1061
1048
1044
1475
1061
1048
1058
1272
71987
1091
1048
3077
3367
1729
2229
1265
1091
1049
3605
11074
11006
1032
1054
1063
3626
1409
1061
1053
1044
1878
1729
2534
11074
1317
8132
1032
1053
1513
1475
1061
1049
1063
49032
2158
21065
15202
1513
1274
1049
4938
1278
4323
16581
2200
6370
1317
2229
1265
46265
1049
3077
4493
1513
1475
75800
1049
1044
1272
71987
46265
1049
1093
1395
1875
1321
11074
3066
12327
1395
1032
1053
1046
4493
1294
1278
2158
21065
1044
2453
8673
1265
1091
1048
1791
1112
1049
1045
1049
3605
11074
1061
1053
1046
3060
1265
46265
1049
1093
1395
1875
1046
9748
1274
1049
1061
1049
1044
1455
4938
1265
1091
1048
1093
9412
10177
11074
1061
1049
1044
1809
1729
2534
11074
1061
1053
2453
1265
1091
1048
1791
1048
1093
1063
120863
1044
11074
2453
1925
2810
1395
1032
1049
1046
4493
1274
1049
6560
1402
1032
1049
3147
11074
2168
1402
1032
1049
1044
1605
1032
1053
1046
1531
4323
6570
2000
1391
11074
2351
1409
1058
4323
1096
1395
17155
38407
129601
12327
1278
1875
2810
1046
4493
1278
9165
9320
24733
1044
8035
11074
4570
1494
28833
1409
1046
6830
2200
1278
4275
2810
1395
1875
1044
1494
31322
1046
4493
1278
23832
6987
10693
1409
11074
11084
1044
1321
1278
1319
1107
1043
1049
8537
1411
11074
2810
12178
1278
4323
1046
4493
1278
2158
21065
2084
5282
4626
10693
1409
11074
11084
1319
88702
1278
3310
15202
3066
1409
11074
1584
5753
1577
2898
1409
1061
1053
1044
1278
2158
21065
2084
4626
1032
1053
11074
11084
1044
1321
1278
1032
1054
1411
11074
2810
1319
1270
2362
1307
3310
1041
30774
1494
1046
3367
1278
3310
1934
37127
1053
11074
1044
1278
21065
9368
1278
6836
11829
3310
1338
48812
1044
1294
2258
3310
22528
1536
1593
11857
1044
2744
21065
1319
28654
15717
1278
3804
1041
2084
4231
10693
1409
11074
11084
1044
1321
1278
4275
4145
2084
1402
1278
1319
1107
1043
1049
8537
1411
11074
1044
16312
1261
4323
1046
1531
3804
21065
2188
1736
37127
1107
11074
1321
4069
1278
3067
1338
4393
1308
1061
1054
1044
1409
1061
1053
1058
2158
21065
2084
1736
1032
1053
11074
1044
1321
1278
1032
1054
1411
4145
1319
1391
11074
1041
2084
6706
1261
4323
1044
13355
1032
1049
4145
1394
1278
3804
21065
1046
4493
63326
1376
1032
1050
1319
1391
1032
1054
11074
1041
1505
1032
1049
1319
1391
37127
1053
11074
1577
3730
1395
14089
3039
1317
1736
1032
1051
63326
3147
1278
2158
21065
5282
9368
1032
1053
11074
1044
13355
1513
2725
1032
1049
4145
1044
1799
1395
1032
1049
21065
1046
12153
1032
1050
1046
3870
2012
1032
1051
63326
1044
1729
2168
2534
1278
2158
21065
1317
4069
25671
2224
1032
1053
11074
1044
1878
1455
2081
11084
10399
1046
3626
1278
11857
31322
2200
11074
28833
1409
1061
1053
1046
2157
6560
4323
9781
1046
1531
2342
3039
1317
1736
2158
21065
4069
1534
1053
11074
1395
1693
1278
3310
1934
37127
1052
11074
1294
1278
23832
1044
1809
2430
1278
9165
2168
8214
4570
11074
28833
1032
1053
1505
3310
15202
1046
9748
1729
1736
1032
1054
24733
1044
1693
1278
2158
1032
1053
24733
1736
37127
1052
11074
1044
1278
1032
1053
1411
11074
4139
6730
4025
1044
1809
1278
9165
19877
4570
11074
1061
1053
1046
3367
1278
3310
1934
2342
1032
1052
11074
3788
1044
1278
9165
12481
1317
2362
1044
8198
6836
3310
1046
3367
1494
1934
1032
1053
11074
1044
2158
21065
9368
4570
1032
1053
1411
11074
1044
1799
2481
1402
1513
3980
1032
1053
1505
9781
1046
3626
1294
1261
1032
1054
85041
3310
1044
1693
2156
1584
10693
1032
1053
11074
24733
1044
1278
2158
21065
2084
4069
4570
1278
1032
1053
1411
11074
10249
1046
1531
1032
1053
1411
11074
2481
6730
1513
3980
1032
1053
1319
1778
2158
21065
5592
1032
1053
1044
11829
1032
1049
2810
1799
1934
1925
1307
1278
1032
1053
11074
1044
1878
1494
1681
5656
1063
32844
1044
1693
11829
2810
1395
1925
1307
1278
1032
1053
11074
1044
2430
1294
1278
2667
21065
1044
10348
1513
1623
1061
1053
1044
1455
2810
1395
22528
1046
9748
1494
1681
5314
1294
1278
1429
35410
1034
2016
1063
3501
1044
1278
2667
21065
16896
1454
14420
5753
2016
1046
4493
1278
2667
21065
2084
2832
1455
2810
1044
11074
11006
1032
1049
1044
1321
2430
1693
2156
1584
2081
24733
1044
1494
2084
8214
4570
1032
1053
11074
1505
2362
1046
3626
2156
1681
2342
1032
1049
2810
3979
1044
1878
2667
21065
9368
1494
1044
8262
1061
1050
1046
3367
1278
11829
2810
1395
1261
1032
1054
1411
11074
1044
2430
2667
21065
9368
1494
1044
8262
1061
1050
1046
4493
1454
1032
1053
11074
3788
1044
8262
1061
1050
1046
5930
1032
1054
11074
1044
8262
1061
1050
1319
11517
9368
1032
1053
1044
2667
9368
1032
1049
1577
5930
37127
1052
11074
1044
8262
1061
1049
1338
8032
1394
1308
1061
1054
1044
1409
1061
1053
1044
2000
12296
43956
3307
1096
5282
10721
1032
1049
1505
1032
1050
1046
2157
1710
4772
1850
1032
1051
1046
23008
1278
2688
64629
1032
1051
1046
3730
1395
1261
48506
1338
33703
1278
3310
1576
1119
1106
1108
1316
1097
1039
1395
1605
5592
1032
1054
1063
1576
1119
1106
1108
1316
1097
1039
1462
1285
1044
1475
1044
1295
1044
1272
1044
1257
1044
1261
1462
1032
1054
17597
1046
17048
1409
1061
1053
1809
1278
83718
2832
1395
2801
1058
1429
64798
1278
36598
23832
1307
1265
8719
1513
2725
1409
11074
11084
3871
17048
1429
9876
1372
23832
1034
4938
1729
1710
12729
98848
23832
1319
3715
20594
10348
1513
1032
1048
28197
3501
1338
33703
1278
2832
1395
1058
1729
21065
1278
3310
2203
1278
8905
2782
1307
8262
2516
1455
2744
1805
1934
1513
2725
1409
11074
1044
1321
1729
1584
8807
1317
1344
3570
1278
11084
3746
2744
1805
1063
3501
1338
33703
1429
9876
1372
23832
1034
1395
1261
11692
71853
7819
1505
1362
5711
2633
1046
25298
1494
1402
1429
64798
1261
23832
1307
1265
8719
1513
2725
1409
11074
11084
1034
1319
3715
20594
36598
1574
1321
1729
2933
1317
28433
10667
17230
1278
2782
1307
63326
1063
3626
1278
8953
3607
8223
1429
64798
1278
36598
23832
27170
1046
3060
1278
11277
1058
75652
1413
25450
2096
1032
1050
1096
4906
1032
1051
1046
3367
1729
2481
12729
2258
23832
1044
1729
4139
2012
2081
63326
1046
9246
1681
2688
1058
1576
1413
25450
2096
1409
1061
1050
1046
3367
1729
1710
12729
2258
23832
1454
37127
1050
11074
1044
1729
2481
12729
1576
1097
1039
1319
1049
1574
2430
1576
1099
1039
1319
1049
1574
2430
1576
1099
1039
1319
1049
1574
2430
1576
1099
1039
1319
1049
1574
2430
1576
1097
1039
1319
1049
1041
4906
1032
1053
63326
1046
3626
6878
6705
1395
1032
1051
1046
4493
1729
6560
89533
12729
1059
1278
2832
1395
9247
1435
36598
23832
1338
28191
1044
13162
1278
83718
1395
1058
1729
34796
12729
1278
36598
23832
1454
1513
2725
1409
11074
1044
8559
1494
1044
1809
1729
1710
2095
4036
1925
4145
38407
129601
83718
1044
1321
1729
2933
1317
54524
1278
2782
1307
63326
1046
5646
1681
2549
1362
4525
6965
1338
36296
1278
60125
1394
1576
1119
1106
1108
1316
1097
2096
13162
2036
2000
12296
43956
3307
1096
13951
1934
1261
19940
12522
1278
2000
10774
1096
6570
1046
9246
1681
1344
41412
1278
2832
6360
21966
1058
1429
64798
1278
36598
23832
1307
1265
8719
1513
2725
1409
11074
11084
3871
2409
2481
1402
27539
1435
1058
5002
1747
129787
1307
1278
51912
48119
1265
1044
3081
1278
1925
1454
8905
5592
1455
1934
37127
1107
11074
11084
1046
5646
1681
2549
1362
2697
1046
3626
13162
1429
9876
1372
23832
1034
4938
1729
3369
1278
4618
3310
1265
1044
1321
1729
12729
1261
23832
1319
3715
20594
1562
1278
11829
28197
3501
1338
18661
19190
1058
1531
83718
2832
1395
5595
1408
1278
13519
130809
4286
3310
1265
1044
1321
1729
1584
8807
1317
4036
1925
4145
1044
1321
2430
1729
21065
1278
70914
76533
7051
3310
2505
1278
21128
5180
2832
1046
5646
1681
2549
1362
4525
6965
1338
33703
1278
3310
1576
1119
1106
1108
1316
1097
1039
1934
1261
96948
1294
2036
10718
1063
1531
2688
2937
1395
2000
8723
15605
2021
1119
1106
1108
1316
1097
2096
1032
1053
1041
2351
1032
1051
9816
17048
1494
1681
1576
1119
1106
1108
1316
1097
1039
1454
1409
1061
1053
1044
1321
1278
4832
1395
1032
1051
1046
9246
1681
3352
1317
3219
1693
2156
1681
2258
4036
1455
7510
2000
12296
43956
3307
1096
1850
1032
1051
1693
1362
22347
1278
2000
12296
43956
3307
1096
2254
12593
1046
5675
1693
1278
2000
10774
1096
6570
1395
2000
1391
11074
3006
1409
1058
4323
69524
3501
1044
1494
8223
1429
1269
2725
1409
11074
7223
7493
1693
1278
2832
1395
1058
1429
64798
1278
36598
23832
1307
1265
8719
1513
2725
1409
11074
11084
1034
1462
13162
1429
9876
1372
1034
4938
1729
1710
12729
2258
23832
1044
1321
1729
2933
1317
28433
10667
17230
1278
2782
1307
63326
1044
1878
1729
2168
12729
1278
61166
4171
23832
1063
3626
1278
8953
3607
8223
1429
64798
1278
36598
23832
27170
1046
2157
1681
1261
6360
1307
1278
2832
1044
1605
1420
27636
2136
24207
1046
1531
4127
4139
1402
1058
4265
1278
2832
1319
11018
1395
86668
1574
1729
1710
4036
1925
2810
1317
54524
1278
4848
1338
36296
1278
2142
1044
13162
1362
2715
12319
1455
2036
2000
12296
43956
3307
1096
1395
6298
1044
1321
1278
2688
2000
2021
1119
1106
1108
1316
1097
2096
1032
1053
1041
2351
1032
1051
1096
2084
1402
29107
1536
2269
4036
1362
17824
2405
2959
1046
17048
2036
12957
4319
1395
8462
3147
1362
16088
1278
4323
16581
2200
11074
28833
1409
1321
4275
1395
1875
1046
3626
2549
1693
1278
3310
1934
11084
1455
1584
1605
1747
11074
1044
1321
1278
4036
7510
2269
11084
21788
1294
1261
3039
1455
1278
108200
9368
24701
129787
1063
9246
1681
2688
1261
4811
4036
1058
4036
1576
1097
1039
1317
1576
1119
4550
1576
1119
1106
1108
1316
1119
9528
1623
1061
1048
1058
1285
22916
61248
30134
26201
4906
11074
1032
1053
1044
1475
1061
1053
1044
4275
1576
1119
1039
1395
1294
5753
1063
5753
1934
1285
22916
61248
30134
26201
1046
1576
1119
1039
1395
1294
5753
1046
4493
1278
9165
1058
1475
1061
1053
1272
3760
1119
4550
1576
1119
1039
1294
5753
1044
1878
1729
2607
2405
4323
1044
1729
2586
1475
33159
1049
1044
1475
1061
1054
2362
1046
4493
6836
3310
1032
1049
21065
1046
5500
1032
1051
1338
8241
1576
1116
1039
1317
1576
1097
4550
1576
1119
1106
1108
3173
1261
9528
1623
1061
1048
1058
1285
22916
61248
30134
34388
4906
11074
1058
1285
1040
1049
1574
1106
1040
1050
1574
1108
1040
1051
1574
1099
1040
1052
1574
1097
1040
1053
1577
1475
1061
1053
1044
4275
1576
1097
1039
1395
1294
5753
1063
5753
1934
1285
22916
61248
30134
34388
1046
1576
1097
1039
1395
1294
5753
1046
4493
1475
1061
1053
1272
3760
1097
4550
1294
5753
1044
1475
1061
1054
2362
1046
82122
3310
1032
1049
1338
8241
1576
1099
1039
1317
1576
1097
4550
1576
1119
1106
1108
1633
9528
1623
1061
1048
1058
1285
22916
61248
34388
4906
11074
1058
1285
1040
1049
1574
1106
1040
1050
1574
1108
1040
1051
1574
1097
1040
1052
1577
1475
1061
1051
1063
32844
3310
1058
1285
1475
1295
1261
1257
1261
1046
1623
1061
1048
1058
1475
1061
1048
1285
1058
11074
1061
1049
1046
1475
1061
1049
1475
1058
11074
1061
1050
1046
1475
1061
1050
1295
1058
11074
1061
1051
1046
1475
1061
1051
1261
1058
11074
1061
1052
1046
1475
1061
1052
1257
1058
11074
1061
1053
1319
31346
1257
1605
1294
5753
1577
1475
1061
1053
1261
1058
1576
1097
1039
1294
5753
1044
1475
1061
1054
2362
1046
82122
3310
1032
1049
1338
8241
1576
1108
1039
1317
1576
1097
4550
1576
86525
1316
1097
9528
1623
1061
1048
1058
1285
34388
22916
30134
26201
34388
1046
1475
1061
1048
1285
1058
1049
1046
1475
1061
1049
1261
1058
1050
1046
1475
1061
1050
1475
1058
1051
1046
1475
1061
1051
1272
1058
1052
1046
1475
1061
1052
1257
1058
1053
1046
1475
1061
1053
1261
1058
1294
5753
1044
1475
1061
1054
2362
1046
1032
1049
1338
8241
1576
1106
1039
1317
1576
1097
4550
1576
21836
1316
1097
9528
1623
1061
1048
1058
1285
34388
61248
30134
26201
34388
1046
1285
1058
1049
1044
1261
1058
1050
1044
1295
1058
1051
1044
1272
1058
1052
1044
1257
1058
1053
1044
1261
1294
5753
1044
2362
1046
1032
1049
1338
8241
1576
1119
1039
1317
1576
1097
4550
1576
2146
1108
1316
1097
9528
1623
1061
1048
1058
1261
22916
61248
30134
26201
34388
1046
1261
1058
1049
1044
1475
1058
1050
1044
1295
1058
1051
1044
1272
1058
1052
1044
1257
1058
1053
1044
1261
1294
5753
1044
2362
1046
1032
1049
1338
8241
1576
1119
1039
1317
1576
1098
1039
1319
3080
4244
1576
101757
1108
1316
1097
9528
1623
1061
1048
1058
1289
22916
61248
30134
26201
34388
4906
11074
1058
1289
1040
1049
1574
1106
1040
1050
1574
1108
1040
1051
1574
1099
1040
1052
1574
1116
1040
1053
1574
1261
2168
1402
1032
1054
1062
1053
4323
1513
1261
1063
49032
1475
1061
1053
1272
3760
1097
4550
1605
1294
5753
1044
11074
3107
1053
3107
1107
4906
4323
1046
4493
23832
1576
101757
1108
1316
2096
1623
1061
1053
1046
1623
1061
1053
1058
1576
1097
1039
4906
21065
1032
1050
1046
12153
1032
1050
1338
8241
1576
1097
1039
1317
1576
1098
1039
1319
3080
4244
1576
1119
1106
1108
1316
1098
9528
49986
1044
1032
1050
1338
8241
1576
1119
1039
1317
1576
1120
1039
1319
3080
4244
1576
1120
1106
1108
1316
1097
9528
1032
1050
1338
2757
7444
2258
4036
5250
10177
1032
1049
1505
1032
1050
1046
1362
4525
10348
1317
3648
13162
1278
2688
2937
2000
2021
1119
1106
1108
1316
1097
2096
1032
1053
1041
2351
1032
1051
1096
1395
1562
1261
2801
4991
1307
1278
4127
1044
1505
2036
2000
12296
43956
3307
1096
1395
1605
2549
1278
4127
64629
1046
9246
1681
1344
41412
1278
8953
3607
83718
2832
5785
2081
1044
3435
21966
2100
1034
1462
64561
1278
36598
23832
1307
1265
8719
1513
2725
1409
11074
11084
1010
1462
30592
1593
23832
1319
12296
1302
1435
1925
21065
1456
1462
90917
4570
1265
1395
9829
67766
33703
1429
9876
1372
23832
1307
1265
1034
4938
1729
2985
1513
1278
4618
3310
1265
1044
1321
1729
12729
1261
23832
1319
3715
20594
1562
1278
3519
11829
1265
28197
3626
1429
88427
4570
1265
1395
9829
1034
24277
1729
22347
1265
1338
7493
1693
1278
2832
1395
1058
1729
21065
1278
3310
2203
1278
8905
2782
1307
8262
2516
1455
2744
1805
1934
1513
2725
1409
11074
11084
1044
1321
1729
1584
8807
1317
12729
1278
21065
5305
1294
2258
3039
1044
1435
2730
1435
2744
1805
1395
1261
23832
1307
1278
10814
61874
9774
3310
1063
3626
1278
1429
9876
1372
23832
1034
30667
4139
1402
1261
26439
1455
1729
5282
4069
1278
36598
4171
1044
1799
1395
1278
108200
3039
1046
3626
13162
1278
4127
1395
1058
1729
1710
12729
1278
129787
9741
2487
1319
3715
20594
36598
1041
1317
54524
1278
2782
1307
63326
1044
1321
1278
8953
3607
1395
2586
36227
1925
3039
1044
1809
1278
7293
8406
1395
1317
54524
63326
1046
3886
1044
1278
11277
1058
75652
1413
25450
2096
1032
1050
1096
4906
1032
1051
1046
3367
1729
2481
12729
2258
23832
1044
1729
4139
2012
2081
1046
9246
1681
2688
1576
1413
25450
1039
1454
1409
1061
1050
1044
34639
129787
1317
54524
63326
1046
3000
1058
1261
1272
1272
1272
1261
1046
1409
1061
1050
1046
2837
2933
1317
13156
2203
6705
8262
2744
1454
37127
1050
11074
1046
58973
63326
1058
1576
1097
1039
1319
1049
1574
1576
1099
1039
1319
1049
1574
1576
1099
1039
1319
1049
1574
1576
1099
1039
1319
1049
1574
1576
1097
1039
1319
1049
1041
4906
1032
1053
8262
1063
3626
1576
1097
1039
1934
1032
1049
11074
1044
1576
1099
1039
1934
1032
1049
11074
1046
3626
1584
2127
129787
1307
1278
11829
1063
5417
23771
1576
1097
2096
11829
1576
1666
3173
9528
9595
1372
23832
1454
37127
1050
11074
1058
1576
1666
3173
1039
1934
1261
30134
4906
1032
1050
1044
1878
6836
11829
4906
1032
1049
1805
1046
12153
1032
1050
1046
3367
1729
12729
1576
1413
1039
1319
1050
11074
1574
11829
1576
25450
1039
4906
1576
25450
1039
1934
1272
34388
4906
1032
1050
1044
6836
4906
1032
1049
1805
1046
12153
1032
1050
1046
3367
1729
12729
1576
1413
1666
1039
1319
1097
30134
4906
1032
1050
1574
11829
1576
1097
1039
4906
1032
1049
1805
1046
12153
1032
1050
1046
3367
1729
12729
1576
1097
1039
2430
1576
1099
1039
2430
1576
1099
1039
2430
1576
1099
1039
2430
1576
1097
1039
4906
1809
1584
3385
129787
1063
5417
23771
1576
1097
2096
11829
1576
1666
3173
9528
9595
1372
23832
1454
37127
1050
11074
1395
1576
1666
3173
1039
1319
13418
1032
1052
1574
1605
1576
1099
9528
4493
1729
1710
2405
12729
1576
1099
1039
1435
23832
15388
1494
1681
1278
36598
1046
1531
2832
8908
36598
23832
1046
4493
1278
2832
1395
86668
1338
36296
1455
1044
2036
2000
12296
43956
3307
1096
1395
6298
1394
1278
2832
1338
33703
1278
2688
2000
2021
1119
1106
1108
1316
1097
2096
1032
1053
1041
2351
1032
1051
1096
1395
1261
27223
1294
2036
10718
1044
1505
13162
1278
3310
1395
1576
1119
1106
1108
1316
1097
1039
1809
1409
1061
4433
2849
1063
1531
4206
2254
1934
1058
2000
8723
15605
2021
1119
1106
1108
1316
1097
2096
1032
1053
1041
2351
1032
1051
9816
1362
4016
12319
1278
2688
1338
12598
1681
6123
9495
6628
1058
2409
4139
1402
1261
13968
2975
2455
4127
1429
68176
13920
1307
4515
3307
1034
1505
4510
1046
1362
26938
1261
4127
1058
1429
4568
1584
4265
1261
3310
1265
1321
15748
1409
1046
3213
1710
4036
1513
2725
1925
4145
1046
6830
1636
21065
1278
3310
1536
34796
23771
1278
36598
23832
1454
1513
2725
1409
11074
11084
1046
20776
1278
8905
2782
1307
63326
2613
1362
3648
1494
1681
1562
1261
8531
21448
1046
1531
5097
4139
24441
6370
1747
4171
5266
1044
1809
1454
1261
20043
3039
1317
24002
63326
1046
17048
2036
2000
12296
43956
3307
1096
1395
6298
1044
1321
2156
13481
1261
4036
1394
1576
1119
1106
1108
1316
1097
1039
1455
10177
1032
1051
1046
9246
1681
7418
1261
7586
8466
1294
2036
3518
1063
1362
1710
2405
17707
3475
1044
1809
1362
1710
50248
2081
21966
1338
33703
1362
5711
1730
57919
1278
11074
4014
1394
2269
3310
1046
9246
1681
4069
4036
1058
4036
3980
1032
1051
1576
1099
1039
1317
1576
1097
4550
1576
1119
1106
1108
1633
9528
1362
2697
1593
1321
4884
1032
1049
1046
5675
2314
4036
3980
1032
1050
1576
1108
1039
1317
1576
1099
4550
1576
1119
1106
1099
1316
1097
9528
3000
1058
1285
1475
1272
1272
1257
1261
1046
1409
1061
1053
1046
1623
1061
1048
1058
1285
1040
1049
1574
1475
1040
1050
1574
1272
1040
1051
1574
1272
3526
1479
1411
1063
1272
5314
5753
1044
11074
52671
1032
1051
1574
1257
1040
1052
1574
1261
1040
1053
1577
1475
12481
1317
2362
1046
82122
3310
1032
1049
1046
22402
3980
1032
1049
1576
1106
1039
1317
1576
1108
4550
1576
1119
1763
1316
1097
9528
1285
1295
1295
1272
1257
1261
1046
1623
1061
1048
1058
1285
1040
1049
1574
1295
1040
1050
1574
1295
1040
35410
1574
1272
1040
1051
1574
1257
1040
1052
1574
1261
1040
1053
1041
4906
2362
1032
1049
1046
22402
3980
1032
1048
1576
1119
1039
1317
1576
1120
4550
1576
1120
1106
1108
1316
1097
1039
4906
1032
1050
1046
22402
3980
1032
1053
1576
1097
1039
1317
1576
1098
4550
1576
1119
1106
1108
1316
1098
1039
4906
1032
1050
1046
22402
3980
1032
1052
1576
1116
1039
1317
1576
1098
4550
1576
1119
1106
1108
38496
1261
1039
4906
1285
1475
1295
1272
1289
1261
1046
1623
1061
1048
1058
1285
1040
1049
1574
1475
1040
1050
1574
1295
1040
1051
1574
1272
1040
1052
1574
1289
1040
1053
1574
1261
2168
1402
1032
1054
1062
1053
4323
1513
1261
1063
1475
9165
1058
1475
1061
1048
1285
1058
1049
1044
1475
1061
1049
1475
1058
1050
1044
1475
1061
1050
1295
1058
1051
1044
1475
1061
1051
1272
1058
1052
1044
1475
1061
1052
1289
1058
1053
1044
1475
1061
1053
1261
1058
1605
1294
5753
1044
11074
3107
1053
3107
1107
4906
4323
1046
4493
23832
1576
1119
1106
1108
38496
2096
1623
1061
1053
1046
1623
1061
1053
1058
1576
1097
1039
4906
21065
1032
1050
1046
12153
1032
1050
1338
7493
1693
1729
4036
1261
2810
1317
3180
1278
2158
21065
2362
9781
1063
3626
1278
4323
2342
16581
2200
11074
28833
1032
1053
1046
3870
3180
2158
21065
2362
1513
3980
1032
1052
6302
1307
1032
1053
1044
1729
2534
1278
1032
1053
1411
11074
1317
6730
1513
3980
1032
1052
1046
5646
4938
1294
1278
2158
1032
1052
24733
1044
1729
1736
1032
1052
11074
1044
1321
1278
1032
1053
1411
11074
1395
1513
3980
1032
1052
1063
32844
1044
3980
26524
1058
1693
1032
1053
1411
11074
1395
1513
4891
1032
1052
1319
1048
7095
1574
2430
1278
2158
1032
1052
24733
1736
1032
1052
11074
1044
1321
2810
1513
4891
1032
1052
1395
1278
1032
1053
1411
11074
1046
6830
1278
9165
2168
2832
4891
1032
1048
1044
1049
1044
1050
1044
1051
1319
1052
24733
1044
11074
1061
1052
1574
2430
1513
4891
1032
1052
1044
1272
1395
1875
1044
11074
11006
1032
1053
1044
1321
2430
1475
91094
1317
1032
1053
1046
6830
1513
4891
1032
1053
1044
1693
1272
1395
1875
1044
11074
3107
1053
3107
1107
4906
4323
1044
1878
23832
1395
1265
1091
1048
1058
1053
1093
1319
64713
1032
1048
1791
1052
1574
5592
1032
1053
1046
3367
1729
2933
23832
5592
1032
1052
1044
1729
2534
1278
4323
1317
14222
1513
4891
1032
1052
1044
10138
2200
8673
4891
1032
1052
1044
11074
3066
12327
1395
5314
1032
1053
1063
3626
11074
16896
1513
1032
1048
1046
3870
1736
11074
3107
1053
3066
8673
4891
1032
1052
1044
1729
2168
2534
1032
1053
11074
1294
1278
2158
1032
1051
24733
1044
16501
1046
1531
4323
6570
2000
1391
11074
2351
1409
1058
4323
1096
1395
17155
2200
1729
17950
1261
62560
4145
1046
4493
1278
7980
1395
1058
1729
2229
24733
1044
11074
11462
2200
1729
3219
1261
1875
2810
1046
2837
4323
2200
1729
3219
1261
1875
2810
12164
11074
2351
1409
1046
4493
1278
23832
2084
4626
10693
1409
11074
24733
1044
1321
1278
1319
1107
1043
1049
8537
1411
11074
2810
1395
1278
1925
1455
12178
1278
4323
1046
1531
23832
5592
1395
1278
3980
2586
3066
1455
1319
1107
1043
1049
8537
1411
11074
2810
1046
4493
1278
23832
5282
8688
10693
1409
11074
11084
1319
1391
1278
3310
1934
1513
4403
1409
11074
1577
1531
1319
1107
1043
1049
8537
1411
11074
2810
1395
23467
1338
48812
1044
1294
2258
3310
1454
1513
4403
1409
11074
11084
1044
1278
2158
21065
2084
5282
4231
10693
1409
11074
11084
1044
1321
1278
4275
4145
2084
1402
1278
1319
1107
1043
1049
8537
1411
11074
1044
16312
1261
4323
1046
1531
5592
1307
1278
2158
21065
1395
1278
4891
1307
1455
1319
1107
1043
1049
8537
1411
11074
2810
1046
1656
1261
3310
1307
5592
1308
1044
1693
1278
1319
1107
1043
1049
8537
1411
11074
10249
1513
3980
1274
1319
1048
37601
1286
1574
2430
2158
21065
1395
1265
1091
1048
98091
3605
1321
4275
16896
1513
1274
1338
4393
1308
1061
1054
1044
1409
1061
1053
1058
1278
1319
1054
8537
1411
11074
4016
6730
1394
1261
4323
1317
14222
1046
3367
1278
3310
1934
1032
1054
11074
1044
1278
1032
1054
1411
11074
10249
1513
2269
3980
1274
1319
1049
37127
1274
37127
1032
1053
1044
4136
1729
2534
1032
1053
11074
3066
1494
1577
1531
2158
21065
2084
1402
1265
1091
1048
98091
3605
1321
1278
11829
1265
46265
1058
1054
1093
2084
1736
1278
1032
1054
1411
11074
1321
15717
6218
1046
3626
4136
3788
11074
1395
1032
1054
1044
1278
11829
3310
2084
1736
1278
1032
1054
1411
11074
1321
13162
2269
1307
1278
2158
1032
1053
1046
1531
21065
4014
2084
1402
1032
1050
1046
3367
1278
3310
1934
37127
1053
11074
1044
1836
4323
16581
1044
2158
21065
9368
6836
3310
1044
4014
1061
1049
1338
8032
1394
1308
1061
1054
1044
1409
1061
1053
1044
4014
43956
3307
1395
14646
1087
114839
1032
1049
1505
1032
1050
1046
2157
6560
1402
1032
1051
1046
9144
1044
1278
2688
2000
2021
1119
1106
1108
1316
1097
2096
1032
1053
1041
2351
1032
1051
1096
4016
1402
5250
1261
2801
1409
1044
1505
2036
9705
1307
1308
1395
8462
1044
1505
1278
3310
1395
1605
5592
1032
1054
1046
1576
1119
1106
1108
1316
1097
1039
1934
1032
1054
11084
1046
17048
1409
1061
1053
1809
1278
83718
2832
1395
1058
1429
64798
1278
36598
23832
1307
1265
8719
1513
2725
1409
11074
11084
1034
1462
13162
1429
9876
1372
1034
4938
1729
1710
12729
98848
23832
1454
37127
1107
11074
1044
1321
1729
2933
1317
28433
10667
17230
1278
2782
1307
63326
1044
1878
1729
2168
12729
1278
20388
3749
41989
2516
23832
1063
3626
1278
8953
3607
8223
1429
64798
1278
36598
23832
27170
1046
3367
1278
4127
7442
1395
1429
46534
2033
1278
2782
1307
63326
1536
34639
129787
9741
2487
1319
3715
20594
36598
37617
2430
1278
11277
2168
2349
1046
9246
1681
2688
1576
1413
25450
2096
1032
1050
1454
1429
57387
2258
23832
1454
37127
1107
11074
1044
8559
1494
1044
21788
1044
54524
63326
3871
2813
1362
4914
9781
1044
13162
1729
1710
2012
1032
1051
1536
34639
1576
1097
2096
2430
1576
1099
2096
2430
1576
25450
1039
1063
3626
1576
25450
1039
1934
1261
30134
4906
1032
1050
11074
1044
5592
1032
1051
1046
12153
63326
1058
1576
1097
2096
1576
1099
2096
1576
25450
1039
4906
1032
1051
1046
5646
14175
1032
1051
1033
9246
1681
4206
1058
1576
1413
25450
2096
1409
1061
1050
1046
3367
1729
1710
12729
2258
23832
1319
3715
20594
36598
1041
1454
37127
1050
11074
1044
1729
2481
21065
1435
1058
12729
23832
1576
1097
1039
1319
13418
1032
1049
1044
11074
1032
1049
37127
1050
1574
8559
1044
11829
1576
1666
3173
9528
6830
12729
23832
1576
1099
1039
1319
13418
1032
1049
1044
11074
1032
1049
37127
1050
1574
8559
1044
11829
1576
25450
9528
6830
12729
23832
1576
25450
1039
1319
13418
1032
1051
1044
11074
1032
1050
37127
1050
1574
8559
1044
11829
9829
1046
12153
1032
1051
63326
1046
3367
1729
1722
14006
1317
12729
36598
1044
2453
23771
1576
1097
2096
11829
1576
1666
3173
2096
36598
23832
1454
37127
1050
11074
1395
1576
1666
3173
1039
1319
13418
1032
1052
1574
1878
1729
6813
2012
1032
1050
63326
1046
3626
6878
4848
1395
1032
1051
1044
1799
14175
1278
1429
57387
2258
23832
1034
19190
1033
32844
1044
1278
8953
3607
8223
1429
64798
1278
36598
23832
2880
1897
1809
1278
3336
4848
1032
1051
1394
1576
1413
25450
2096
1032
1050
1395
12955
1536
34639
61166
1063
9246
1681
21294
1058
3367
1729
12729
36598
1044
4618
1576
1413
25450
1039
10177
1032
1049
21065
1319
117825
3310
1577
3626
1729
1710
4036
1925
2810
1317
2012
1032
1051
1046
1531
2688
8223
2000
5914
43956
3307
23127
42583
61043
2021
1413
25450
2096
1032
1050
1041
2351
1032
1051
9816
5646
1681
2453
14022
1925
2810
1046
1531
4618
3310
4139
5628
1032
1049
1044
1809
2453
4036
1729
2012
1032
1051
1046
1531
4036
4139
3180
1278
3310
2516
1455
1278
36598
1045
26930
2832
10177
1032
1051
1044
1505
13162
1278
4036
9985
1261
2801
83718
1063
1531
4127
8223
1058
1429
78970
1519
1278
8905
2782
1307
63326
4171
2453
45521
14022
1513
2725
1925
4145
1294
1265
1317
3866
97656
10679
2613
3060
1278
83718
2832
1395
5055
1435
1058
1429
64798
1278
36598
23832
27170
1046
4493
1278
2832
1395
9247
1435
36598
23832
1046
3626
2036
4319
1307
1576
1413
25450
1039
4618
10177
1032
1049
1454
36598
23832
1046
5417
4036
1044
1729
1710
2012
1032
1051
1454
36598
23832
1063
104913
1362
2959
14022
1576
1099
1039
1513
2022
1032
1050
1317
1576
1098
1039
10177
1576
35416
4402
2096
1321
36598
1045
26930
2832
1408
1576
35416
4402
1039
1454
1409
1061
1050
7867
1032
1051
63326
1046
9246
1681
1344
1045
37513
1576
35416
4402
1039
1454
36598
23832
1877
1115
3760
35416
4402
2096
1409
1061
1050
1626
1105
1061
1048
1058
36598
23832
1454
37127
1050
11074
1058
1576
1097
1039
1319
1049
1574
1576
1401
1039
1319
1050
1574
1576
35416
1039
1319
1051
1062
1050
1041
4906
36598
1395
1576
1401
9528
30592
1576
1401
2096
11829
1576
1099
4402
63325
1105
1061
1051
1319
94128
1576
1099
4402
1039
4244
36598
23832
1454
37127
1050
11074
1058
1576
1099
1039
1319
1049
1574
1576
38496
1039
1319
1050
1574
1576
1099
4402
1039
1319
1051
1062
1050
1041
4906
36598
1576
38496
9528
30592
1576
38496
2096
11829
1576
1097
63325
1105
1061
1052
1058
36598
23832
1576
1097
1039
1319
1049
1577
30592
1044
9829
1626
13458
63326
1058
1576
1401
2096
1576
38496
2096
1576
1097
1039
4906
1032
1051
1046
13830
1033
4493
36598
23832
2832
1408
1576
35416
4402
1039
10177
1032
1051
1046
3060
4618
1576
1413
25450
1039
1454
4036
10177
1576
35416
4402
9528
4493
1278
2832
13481
36598
23832
1044
1321
2036
2000
12296
43956
3307
1096
17047
108462
1494
1046
3060
1394
1576
1413
25450
1039
4618
1044
36598
23832
10177
1032
1049
1044
1809
1729
1710
4036
1317
2012
1032
1051
1046
4493
1278
4127
1395
1058
4036
1925
2810
1317
54524
1278
4848
1307
1278
36598
1045
26930
108200
83718
1338
12082
2595
1317
1576
1119
1106
1108
1316
1097
2096
1032
1053
4906
1032
1051
1046
9246
1681
11145
1278
36598
23832
2832
1317
4171
5266
1046
17048
2156
13481
1261
4036
1455
10177
1032
1051
1046
9246
1681
2688
4036
1576
1119
1039
1317
1576
1097
4550
1576
2146
1108
1316
1097
9528
9595
1372
23832
1454
37127
1053
11074
1058
6836
3310
1934
1261
22916
61248
30134
26201
1376
1053
11074
1044
1878
23832
1395
6836
3310
1044
21065
1032
1049
1046
5500
1032
1051
1626
8241
1576
1097
1039
1317
1576
1098
4550
1576
1119
1106
1108
1316
1098
9528
9595
1372
23832
1058
1285
22916
61248
30134
26201
1319
1053
11074
1574
4275
1289
4323
4906
1576
1119
1106
1108
1316
2096
11829
1576
1098
1039
4906
21065
1032
1050
1046
12153
1032
1050
1626
8241
1576
1116
1039
1317
1576
1097
4550
1576
1119
1106
1108
3173
1261
9528
9595
1372
23832
1058
1285
22916
61248
30134
34388
1319
1053
11074
1574
4275
1261
1395
1294
5753
1063
49032
1576
1119
1106
1108
3173
1261
4550
1623
1061
1048
1058
1285
1040
1049
1574
1475
1040
1050
1574
1295
1040
1051
1574
1272
1040
1052
1574
1261
1040
1053
1577
1475
1061
1053
1044
4275
1576
1097
1039
1395
1294
5753
1063
5753
1934
1285
22916
61248
30134
34388
1046
1576
1097
1039
1395
1294
5753
1044
1878
9165
19877
1063
32844
1044
1294
2036
2000
12296
43956
3307
1096
3475
1044
1278
4323
6570
1395
2342
2200
2000
1099
1605
1294
5753
1321
11074
2351
1409
9816
3367
2000
1099
1294
5753
7273
1729
2607
2405
4323
1044
1729
2586
8214
1046
4493
1394
1576
1119
1106
1108
3173
1261
4550
1623
1061
1048
1058
1475
1061
1048
1285
1058
11074
1061
1049
1046
1475
1061
1049
1475
1058
1050
1046
1475
1061
1050
1295
1058
1051
1046
1475
1061
1051
1272
1058
1052
1046
1475
1061
1052
1261
1058
1053
1046
1475
1061
1053
1261
1058
1576
1097
1039
1294
5753
1044
1878
1836
4323
1044
1475
1061
1054
2362
1046
82122
3310
1032
1049
21065
1046
4493
1032
1049
1626
8241
1576
1099
1039
1317
1576
1097
4550
1576
1119
1106
1108
1633
9528
1623
1061
1048
1058
1285
22916
61248
34388
4906
11074
1058
1285
1040
1049
1574
1106
1040
1050
1574
1108
1040
1051
1574
1097
1040
1052
1577
1475
1061
1051
1063
32844
3310
1058
1285
1475
1295
1261
1257
1261
1046
1475
1061
1048
1285
1058
1049
1046
1475
1061
1049
1475
1058
1050
1046
1475
1061
1050
1295
1058
1051
1046
1475
1061
1051
1261
1058
1052
1046
1475
1061
1052
1257
1058
1053
1319
31346
1257
1605
1294
5753
1577
1475
1061
1053
1261
1058
1576
1097
1039
1294
5753
1044
1475
1061
1054
2362
1046
82122
3310
1032
1049
1626
8241
1576
1108
1039
1317
1576
1097
4550
1576
86525
1316
1097
9528
1623
1061
1048
1058
1285
34388
22916
30134
26201
34388
1046
1285
1058
1049
1044
1261
1058
1050
1044
1475
1058
1051
1044
1272
1058
1052
1044
1257
1058
1053
1044
1261
1294
5753
1044
2362
1046
1032
1049
1626
8241
1576
1106
1039
1317
1576
1097
4550
1576
21836
1316
1097
9528
1623
1061
1048
1058
1285
34388
61248
30134
26201
34388
1046
1285
1058
1049
1044
1261
1058
1050
1044
1295
1058
1051
1044
1272
1058
1052
1044
1257
1058
1053
1044
1261
1294
5753
1044
2362
1046
1032
1049
1626
8241
1576
1119
1039
1317
1576
1098
1039
1319
3080
4244
1576
101757
1108
1316
1097
9528
1623
1061
1048
1058
1289
22916
61248
30134
26201
4906
1032
1053
11074
1044
4275
1261
4323
4906
1576
101757
1108
1316
2096
11829
1576
1097
1039
4906
1032
1050
1626
8241
1576
1097
1039
1317
1576
1098
1039
1319
3080
4244
1576
1119
1106
1108
1316
1098
1039
4906
1032
1050
1626
8241
1576
1119
1039
1317
1576
1120
1039
1319
3080
4244
1576
1120
1106
1108
1316
1097
1039
4906
1032
1050
1626
8241
1576
1106
1039
1317
1576
1120
4550
1576
1120
1106
1108
1316
1097
1039
4906
1032
1050
1626
8241
1576
1108
1039
1317
1576
1120
4550
1576
1119
1106
1120
1316
1097
1039
4906
1032
1050
1626
8241
1576
1099
1039
1317
1576
1120
4550
1576
1119
1106
1108
63931
1039
4906
1032
1050
1626
8241
1576
1116
1039
1317
1576
1120
4550
1576
1119
1106
77335
28674
1039
4906
1032
1050
1626
8241
1576
1097
1039
1317
1576
1120
4550
1576
1119
1106
1108
15902
1039
4906
1032
1050
1319
31346
2460
1395
1875
1044
1032
1054
11074
1044
2158
1032
1053
1044
11829
1032
1049
2519
2757
5524
7444
2258
4036
5250
10177
1032
1049
1505
1032
1050
1046
3075
1710
1494
1402
1032
1051
1063
17048
1278
3310
1576
1119
1106
1108
1316
1097
1039
1934
1261
2801
1409
1063
1531
2688
8223
2000
2021
1119
1106
1108
1316
1097
2096
1032
1053
1041
2351
1032
1051
9816
17048
1409
1061
1053
1809
1278
3310
1395
1576
1119
1106
1108
1316
1097
1039
1321
1278
4832
1395
1032
1051
3147
1729
1710
4036
1261
2810
1317
3180
1278
36598
23832
2832
5628
1032
1051
1063
1362
4016
1402
11779
4433
1046
9246
1681
3346
1278
83718
2832
5785
2081
1058
1429
64798
1278
36598
23832
1307
1265
8719
1513
2725
1409
11074
11084
3871
17048
1429
9876
1372
23832
1034
4938
1729
3369
40179
129787
1307
1278
13519
130809
4286
1265
1044
8427
1278
36598
1454
37127
1107
11074
1044
8559
1494
1044
2430
1562
1278
10814
61874
9774
1265
1319
11018
1395
1261
39398
1574
1729
2790
12729
1278
36598
23832
1319
2935
1455
39398
1041
1454
37127
1107
11074
1044
6704
1046
5646
1681
2549
1362
1653
1338
7493
1693
1429
9876
1372
23832
1034
4938
1729
1710
12729
98848
23832
1319
3715
20594
1562
1278
3030
1041
1809
1455
6354
2405
3180
7453
1338
33703
1278
2832
1395
1058
1729
21065
1278
3310
2203
1278
8905
2782
1307
8262
2516
1455
2744
1805
1934
1513
2725
1409
11074
1044
1321
1729
1584
8807
1317
1344
3570
1278
11084
1063
3501
1338
28191
1033
17048
1362
1736
1278
2000
12296
43956
3307
1096
13951
8462
12522
1278
2000
10774
9816
9246
1681
1344
11568
3288
1278
2832
1294
35314
125069
1435
4139
1402
13650
1877
2640
28933
1376
1032
1048
1010
10184
1265
1395
1605
9829
1877
1293
3081
1278
36598
23832
1274
1307
1265
2516
1455
1274
1934
1513
2725
1409
11074
11084
1010
1293
8559
1274
1562
1265
1010
1293
8262
5773
1032
1049
1010
2640
4380
1395
10693
2549
1362
14749
1046
2898
1576
35416
4402
2096
1409
1061
1050
1058
36598
23832
1454
37127
1050
11074
1395
1576
1401
1039
1319
31346
1576
35416
1039
1934
1032
1051
1577
87482
1338
12082
1044
1395
1494
4171
1455
1394
1576
1119
1106
1108
1316
1097
1039
1454
2269
4036
1044
1278
36598
23832
1395
24701
1044
15249
2081
63326
1063
9246
1681
3352
1317
3081
1261
4036
2478
1278
2158
21065
1395
5592
1032
1050
1044
2667
5592
1032
1050
1044
5888
5592
1032
1050
1046
2898
1455
1044
1729
2534
1278
2158
21065
1317
1736
37127
1053
11074
1321
1402
36598
1044
10138
1278
1032
1054
1411
11074
10249
1513
3980
1032
1050
1046
5646
4938
1294
1278
2158
1032
1050
11084
1044
1729
1736
1032
1050
11074
1044
1321
1278
1032
1051
7989
4145
1395
1278
1032
1054
1411
11074
1063
3626
1409
1061
1053
1044
1878
1729
1710
1736
2015
1317
1032
1053
11074
1046
3870
1736
1278
2158
21065
2362
1513
3980
1032
1050
1044
1729
2534
1455
2453
1032
1050
11084
1044
1278
11074
4014
1395
1032
1053
1063
120863
1044
6705
11074
1294
1032
1050
24733
1395
1032
1050
1046
1531
36598
23832
1454
37127
1107
11074
2084
5282
4626
11084
4570
5250
1278
3310
15202
1505
1278
1319
1107
1043
1049
8537
1411
11074
10249
1046
1531
1319
1107
1043
1049
8537
1411
11074
6560
6730
3066
3980
1409
1043
1049
1319
1391
1747
24733
1584
11074
1577
4493
1278
2158
21065
5592
1395
1513
4403
1409
1319
1391
1278
2158
1409
1043
1049
24733
1584
1747
11074
1577
2898
1409
1061
1053
1044
2158
21065
5592
30652
1053
1693
1278
2158
1032
1054
24733
1584
11074
1046
3367
2269
24733
21788
1044
1278
11074
4014
11462
37625
1044
1878
1278
2158
21065
2481
1402
1424
2918
23317
2224
1032
1053
1044
2015
1317
1278
6836
3310
1046
2157
46859
41173
1402
24701
2224
1032
1053
1693
1278
3310
1934
1032
1054
11074
1321
1747
2158
1032
1054
1584
11074
1063
49032
1044
1693
1278
2158
1032
1054
24733
1584
1605
1747
11074
1044
1809
1736
1032
1054
11074
3788
1044
1278
1032
1054
11074
4016
6730
22240
1046
1531
2158
21065
5592
1395
1278
3980
1307
1278
1032
1054
1411
11074
2810
1046
2157
2481
1402
25265
1562
1032
1053
1317
1032
1054
1046
2157
6560
1402
4289
2224
1032
1053
3147
1636
2534
1513
4403
1032
1053
11074
24733
1317
8132
11074
1061
1053
1044
1321
1278
1032
1054
1411
11074
2810
1395
1278
1925
1455
31322
1046
1531
32914
1278
1032
1054
1411
11074
1710
6730
1395
2453
1729
1736
5753
1032
1053
11074
1046
1531
11835
2782
1307
24733
1317
3219
1032
1053
11074
1395
1032
1053
1319
1391
1747
1032
1053
1584
2801
1577
4493
1278
1032
1054
1411
11074
6560
6730
3066
3980
1032
1053
1319
1048
37601
1286
1044
10138
1513
4891
1032
1053
1044
1799
1395
1278
1032
1054
1411
4145
1577
4493
1278
2158
21065
2084
5282
4626
1513
4403
1278
2158
1032
1053
11084
1046
9144
1044
1394
1261
1032
1054
106166
3310
1454
1032
1054
11074
1044
2158
21065
5592
1395
10693
1032
1053
1044
11829
1032
1049
4906
1032
1050
63326
1046
3367
1278
3310
1934
37127
1053
11074
1044
2158
21065
5592
1032
1054
4906
1032
1049
21065
1046
3730
1395
27641
1836
3039
1317
2012
1032
1051
63326
1562
1261
1032
1054
106166
3310
1454
1409
1061
1053
2505
1593
2832
1338
109173
2880
1278
3310
1576
1119
1106
1108
1316
1097
1039
1934
5592
7607
2224
1032
1054
1063
1576
1119
1106
1108
1316
1097
1039
1395
1032
1054
17597
1046
17048
1409
1061
1053
1809
1278
83718
2832
1395
1058
1429
64798
1278
36598
23832
1307
1265
8719
1513
2725
1409
11074
11084
1034
1462
13162
1429
9876
1372
1034
1395
1261
4804
1853
7591
1044
1321
1729
7442
2933
1317
28433
10667
17230
1278
2782
1307
63326
1044
1878
1729
2168
12729
1278
20388
3749
41989
23832
2744
2142
1063
3626
1278
8953
3607
8223
1429
64798
1278
36598
23832
27170
1046
3060
1278
3336
1576
1413
25450
2096
1032
1050
4906
1032
1051
1395
12955
1536
14022
1261
2810
1044
1321
1278
9903
83718
8942
36598
23832
1435
1362
35801
1046
4493
1278
2832
1395
21752
36598
23832
1338
36296
1593
53527
5316
1044
13162
1278
2688
2000
2021
1119
1106
1108
1316
1097
2096
1032
1053
1041
2351
1032
1051
1096
1395
7442
2000
2021
1119
1106
1108
1316
1097
2096
1032
1053
1041
2351
1032
1050
69524
3626
1278
3330
5662
1494
1046
17048
1362
5711
12296
1286
1278
3310
5592
1046
1576
1119
1106
1108
1316
1097
1039
1462
1285
1044
1475
1044
1295
1044
1272
1044
1257
1044
1261
1462
1455
1681
1032
1054
1046
17048
1494
1681
1576
1119
1106
1108
1316
1039
1319
1053
17597
1041
1321
1409
1061
1053
1063
3626
1494
8223
1576
1119
1106
1108
1316
1097
34710
12598
1681
4206
1278
2147
2688
1058
2000
2021
1101
1391
1104
26082
5470
1106
2096
1032
1055
1041
2351
1032
1050
9816
1308
1061
1057
1044
1409
1061
1055
1046
8923
63326
1032
1050
1046
5930
1409
1061
1055
1044
1308
1061
1057
1044
4618
11074
13162
1032
1056
1063
1576
1101
7661
1105
7661
1102
7661
1104
7661
1106
7661
1116
7661
1109
7661
1117
7661
1106
1039
1462
1475
54813
1044
11074
1058
1324
29668
48315
69204
22916
26201
38666
79647
1376
1032
1056
1046
1409
1061
1055
1046
22536
63326
1063
9246
1681
1605
1338
33703
2156
1681
1261
2801
19190
1058
1531
83718
2832
1395
5595
1408
1278
13519
130809
4286
3310
1265
1044
1321
1729
1584
8807
1317
4036
1925
4145
1044
1809
1278
4036
1395
7960
1044
1321
43917
1729
21065
1046
5646
1681
2549
1362
1653
1338
36296
1278
2142
1044
12494
1362
2715
2586
5687
1278
92098
6613
1454
2036
2000
12296
43956
3307
1096
1321
3219
1693
1494
22405
1278
9458
1046
1531
3330
8223
2036
4607
6983
9700
1044
1809
13162
1278
4607
6983
1880
1261
19940
1294
2000
12296
43956
3307
1096
1505
1278
4036
13951
1046
1362
7534
7418
1261
6298
2000
12296
43956
3307
1096
1321
1278
92098
6613
2136
1747
1032
1049
85041
5266
1046
3367
1494
24372
1408
2269
9458
1044
1362
7534
9447
1046
3626
1362
2534
1317
4848
1261
4249
3475
4950
1338
36296
1278
60125
1454
1576
1119
1106
1108
1316
1097
2096
13162
2036
2000
12296
43956
3307
1096
1934
1261
19940
1455
7442
14175
1278
4127
1681
13650
2832
30816
1046
9246
1681
1344
41412
1278
8953
3607
83718
2832
1581
55449
21966
2100
1034
1462
64561
1278
36598
23832
1307
1265
8719
1513
2725
1409
11074
11084
1010
1462
30592
1593
23832
1319
12296
1302
1435
1925
21065
1456
1462
90917
4570
1265
1395
9829
67766
33703
1429
9876
1372
23832
1307
1265
1034
4938
1729
2985
1513
1278
13519
130809
4286
3310
1265
1044
1321
1729
12729
1261
23832
1319
3715
20594
1562
1278
3519
11829
1041
1809
1729
8559
1494
1044
1321
2430
1278
11829
3310
1395
56421
1621
1063
3501
1338
18661
4914
1058
17048
1278
83718
1395
1058
1729
13156
1278
3310
2203
1278
8905
2782
1307
8262
2516
1455
2744
1805
1934
1513
2725
1409
11074
11084
1044
1321
1729
1584
8807
1317
47962
2174
1278
11084
3746
2744
1805
1063
3501
1338
33703
1278
2832
1395
1058
1729
1710
12729
1278
129787
1294
2258
3542
1044
1809
1729
2933
1317
54524
1278
2782
1307
63326
1044
1321
1278
1429
9876
1372
23832
1034
1395
2586
1261
6360
1307
1261
108200
12059
1455
16288
99613
1083
1278
8905
1063
3626
1278
4127
8223
1429
78970
1519
1278
8905
2782
1307
63326
4171
2453
45521
14022
1513
2725
1925
4145
3871
3060
1278
83718
2832
1395
5055
1435
1805
1307
1278
4127
10674
1046
2157
4139
1402
1455
1278
83718
2832
1395
1278
9677
55897
48672
1307
2606
63326
1584
35509
1044
1321
1494
1681
86668
1046
1531
11277
4016
1402
12714
1454
1455
86668
2832
1338
36296
1455
1576
1413
25450
2096
1032
1050
4906
1032
1051
1395
122628
1536
4036
1044
1321
2036
36598
1045
26930
2832
1408
1576
35416
4402
1039
10177
1032
1051
1044
1455
1681
12714
1046
1576
13686
7354
2096
1032
1049
4906
1032
1052
1058
4618
1576
13686
7354
1039
10177
1032
1051
1044
4036
1317
1576
2753
7354
1039
10177
1032
1052
1454
36598
23832
1046
9246
1681
21294
1576
2753
7354
1039
1454
36598
23832
1058
1576
1097
1039
1319
1049
1574
1576
1120
1039
1319
1049
1574
1576
1121
1039
1319
1049
1574
1576
1122
1039
1319
1049
1041
4906
1032
1052
1046
13830
1338
12082
1044
1394
1576
1119
1106
1108
1316
1097
2096
1032
1053
4906
1032
1051
1044
13162
2156
1681
1261
4036
1362
17824
2405
4914
1307
1046
9246
1681
3352
14022
1261
2810
1317
3180
1278
3310
1736
1261
5194
2478
1278
36598
23832
1395
24701
1046
3626
1362
19146
1494
1681
16501
1394
1308
1061
1054
1044
1409
1061
1053
1046
62079
1278
3310
5592
1395
1605
1032
1054
1063
1576
1119
1106
1108
1316
1097
1039
1934
1032
1054
11084
1046
17048
1409
1061
1053
1809
1278
3310
1934
2269
11084
1455
1584
1605
97656
17597
1063
3501
1338
28191
1033
17048
1278
83718
2832
1395
1058
1429
64798
1278
36598
23832
1307
1265
8719
1513
2725
1409
11074
11084
1034
1462
1809
1429
9876
1372
1034
4139
4204
1729
1710
12729
98848
23832
1454
37127
1107
11074
1044
1321
1729
2933
1317
28433
10667
17230
1278
2782
1307
63326
1044
1878
1729
2168
12729
1278
20388
3749
41989
2516
23832
1063
3626
1278
8953
3607
8223
1429
64798
1278
36598
23832
27170
1046
3886
1044
10463
4127
21166
12293
1261
2832
1455
1395
1605
1278
7293
11857
1394
124604
1044
1809
6153
1261
3039
1317
11249
1278
63326
1063
3501
1044
1494
8223
1429
1784
83718
2832
6113
1435
9775
1058
10736
108673
2157
1681
1278
2832
1338
33703
1278
4127
1395
1058
1729
1710
4036
1925
4145
1044
1321
43917
1729
21065
1278
3310
1536
34796
34639
1278
36598
23832
1454
1513
2725
1409
11074
1046
5646
1681
2549
1362
1653
1338
36296
1278
2142
1044
1362
7534
14649
2036
2000
12296
43956
3307
1096
1395
6298
1044
1321
1278
2688
2000
2021
1119
1106
1108
1316
1097
2096
1032
1053
1041
2351
1032
1051
1096
2084
1402
29107
1536
2269
4036
1455
1362
1710
2405
23898
3081
1044
1809
1278
92098
6613
2136
1747
5266
2084
3081
1494
1046
1362
7534
5687
1278
92098
6613
1454
1294
59083
22454
1321
7720
2000
12296
43956
3307
9816
1362
7534
2095
2229
1261
7586
4206
1058
1693
4618
63326
5314
33220
1319
1110
1574
1850
1308
1046
3060
1362
7534
44611
2000
12296
43956
3307
1096
2505
1261
9247
4460
1307
3729
1032
1050
1054
1321
1261
9325
1338
12598
1681
7418
1278
3475
2100
1975
29896
1010
3149
6705
43956
3307
23127
42583
61043
3848
1058
2011
1044
1409
1058
1935
1041
4906
1935
1877
1293
1308
1376
9027
3848
1456
1260
1010
1293
2121
4014
43956
3307
3848
1050
3640
1369
1623
1376
1032
1048
1010
1369
8262
1376
1032
1048
1010
1369
3016
1623
1534
1308
1877
1463
11074
1376
1032
1048
1010
1463
5753
1376
1766
13297
33666
1050
1054
1010
1463
1475
1376
1623
1010
1463
3016
1475
1534
1308
1877
1694
1272
1376
6508
3848
1050
13872
8623
1462
1032
1057
1055
1010
1694
1693
1605
5753
40902
30689
2006
1693
11074
2351
1409
1877
2528
4323
1010
2006
11074
5773
1032
1049
1010
2006
5753
40902
1093
1376
10344
1010
1694
1475
5773
1032
1049
1010
1463
8262
5773
1032
1049
1010
1463
1623
1376
1475
1010
1369
1850
8262
1010
1260
1010
1293
4618
1376
4014
43956
3307
3848
1456
1293
6705
1095
28933
1376
4618
1010
1260
1010
1293
1265
8069
1376
2951
3848
1456
1293
2569
19326
14022
2744
3980
1317
3387
2147
97656
10679
1010
1293
1394
1274
1294
4521
4990
3640
1369
3580
45992
1376
1265
8069
46265
2820
1369
3580
1095
1619
1376
6508
1040
9981
45992
1041
1462
1032
1057
1055
1010
1369
1394
1272
1095
1619
1294
4521
1040
1050
1054
3640
1463
1693
1272
1095
1619
2351
3580
1095
1619
1877
1694
8214
1010
1463
1265
8069
46265
1093
1376
27723
5164
1095
1619
1867
1032
1057
1055
1456
1463
1875
3134
1376
1576
9528
18678
3848
8069
1456
1463
8262
1376
4014
43956
3307
6039
3134
1456
1463
1693
8262
3006
6705
1095
28933
1877
1694
6705
1095
28933
1376
8262
1010
1369
1265
8069
46265
1093
1376
3580
45992
1032
2569
29785
1010
1260
1010
1293
1850
6705
1095
28933
1010
2731
3890
1593
1395
1535
4990
1364
1032
1050
1053
1364
1308
1041
1376
1535
1040
1050
1053
1308
1094
1050
1577
2898
1308
1061
1049
1048
1094
1052
1044
1032
1050
1046
1053
1101
1056
51127
1307
1278
9879
3016
9165
1046
1531
9879
3016
9165
11500
1308
5213
3788
1651
3690
1063
49032
2000
12296
43956
3307
1096
29751
2744
4145
1513
2725
5785
5669
1747
63326
1044
1878
1494
1681
1535
4990
1041
1651
3690
1046
4493
3788
10317
7849
1032
1050
1053
1364
1308
1094
1050
1376
1032
1050
1046
1053
1101
1057
4145
29751
1046
67706
1402
8455
1294
17616
1338
12483
1729
44611
1063
17048
1729
1710
4323
5124
1294
2000
12296
43956
3307
1096
1693
8262
5314
47924
6705
1095
28933
1063
3626
1729
2534
7092
4014
1317
14068
1046
2837
2481
13162
24002
63326
1321
1693
1513
2258
2862
8262
1867
1319
94128
5592
1041
1895
1032
1049
9120
6705
1095
28933
1044
1729
1710
4323
1063
5500
12663
1338
33703
1729
1710
9980
1278
2782
1307
5266
1058
2342
5266
1455
7442
8076
1278
21065
25884
1046
3626
4265
1278
2142
1044
1362
7534
23075
1593
92098
6613
1321
10789
1494
22405
3746
2142
18846
1044
1505
13162
1278
2688
5443
1736
10752
1308
1046
1531
3330
2639
4607
19004
9700
1044
13162
3964
1317
25342
2000
12296
43956
3307
7273
1605
1353
3561
1046
1362
7534
3180
5257
2000
12296
43956
3307
1096
1395
6298
1338
12598
1681
5558
40172
2000
12296
43956
3307
1096
1454
1278
5662
11277
68093
2100
1045
1576
1413
25450
2096
1032
1050
1058
4618
1058
1623
1061
1048
1058
1285
1063
1836
1576
1097
4550
11074
1061
1049
1044
1475
1061
1049
1576
1099
4550
11074
1061
1050
1044
1475
1061
1050
1576
1099
4550
1294
5753
1044
1475
1061
1051
1576
1099
4550
1294
5753
1044
1475
1061
1052
1576
1097
4550
1294
5753
1044
1475
1061
1053
2362
1046
8262
1061
1049
1046
87482
1626
1045
1576
1097
4278
1401
2096
1032
1051
1058
4618
11074
1261
19164
4906
1032
1050
37127
1051
1044
6836
3310
4906
1032
1049
1046
87482
1626
1045
1576
13686
7354
2096
1032
1049
1058
4618
1058
1623
1061
1048
1576
1120
4550
11074
1061
1049
1044
1475
1061
1049
1576
1120
4550
1294
5753
1044
1475
1061
1050
1576
1121
4550
1605
1294
5753
1044
11074
3107
1049
3107
1107
4906
4323
1046
23832
1576
13686
2096
8262
1061
1049
1044
1623
1061
1050
1046
1623
1061
1050
1576
1121
4550
11074
1061
1049
1044
1475
1061
1051
1576
1122
4550
1605
1294
5753
1044
11074
3107
1049
3107
1107
4906
4323
1046
23832
1576
1121
2096
8262
1061
1050
1044
1623
1061
1051
1046
1623
1061
1051
1576
1122
4550
23832
1576
1122
2096
8262
1061
1051
1046
10721
1032
1051
1046
87482
1626
1045
1576
35416
1558
2096
1032
1053
1058
11074
1032
1053
37127
1053
1044
6836
3310
4906
1032
1049
1046
87482
1626
1045
1576
17498
17498
17498
2096
1032
1050
1058
11074
1032
1049
37127
1050
1044
6836
3310
4906
1032
1049
1046
87482
1626
1045
1576
1119
1106
1108
1316
1097
2096
1032
1053
1058
1435
12636
1044
10721
1032
1050
1505
1032
1049
1046
2837
7534
3219
1626
1045
1576
1101
2335
9821
59859
2096
1032
1049
1058
4618
1058
1576
1101
1039
1319
1049
1574
1576
1105
1039
1319
1049
1574
1576
1099
1039
1319
1049
1574
1576
1116
1039
1319
1049
1574
1576
9821
1039
1319
1049
11074
1044
1878
36598
23832
1576
9821
16722
1576
1119
1039
1319
1049
1574
1576
1120
1039
1319
1049
1041
4906
1032
1055
63326
1046
22402
1317
2012
1032
1056
1058
1324
3596
3109
4036
1925
1576
1122
1039
1317
1576
1097
1039
4906
1576
1101
2335
1955
59859
1039
1747
11074
4906
1032
1056
1046
9966
3475
2715
3081
1455
1626
1045
1576
1102
1118
53508
1113
1110
2096
1032
1051
1058
32268
1045
1576
1122
1099
1106
1118
54560
1113
2096
1032
1053
1058
32268
1045
1576
1101
1391
1104
26082
5470
1106
2096
1032
1055
1058
32268
1045
1576
87703
17602
31274
1099
32052
1118
2096
1032
1051
1058
32268
1045
1576
62551
1113
5988
87703
32177
2096
1032
1049
1058
1308
1061
1049
1048
1044
1409
1061
1049
1046
22536
1934
54813
1046
22402
1317
3180
1747
11074
1321
1836
17220
2879
1063
77859
1032
1049
1048
1046
9966
3475
2715
3081
1338
1073
3648
1278
92098
6613
2084
2196
1046
3870
8115
2015
1044
1362
1710
2229
1261
7586
4206
1058
1693
1409
9218
1032
1050
1054
1044
1850
1032
1049
1063
5500
6618
1338
1073
7534
30711
1278
3475
1294
1261
4249
3475
4950
1435
24130
1338
7446
2081
27636
1058
6302
1307
11851
1875
3310
2744
2142
1044
1362
1710
22347
2000
1115
8069
1096
1321
2764
1494
1317
2000
12296
43956
3307
1096
1536
87313
1278
7783
1505
16504
1278
2951
1321
3030
4891
1046
3626
11851
1261
1875
3310
1307
5592
1032
1049
1048
1094
1052
1032
1050
1053
1048
1107
5213
4139
1402
21613
1319
1050
1046
1053
1101
1057
24733
41858
1577
49337
1317
10035
3310
9441
1058
1362
1710
22347
1278
2951
1294
3535
1321
2764
1278
2951
1317
2000
12296
43956
3307
1096
1799
9368
1261
3310
1046
1362
7534
2586
4305
1278
1875
3310
1059
1494
1681
39928
1338
97565
1044
1362
1710
44611
2000
12296
43956
3307
1096
1317
4069
1261
2951
1307
24733
1321
1420
4891
1044
1809
3310
1395
7771
1338
12598
1681
7418
1278
2778
3475
1046
1362
7534
4626
1278
2000
6390
1096
2254
1063
1531
3330
8223
1429
15908
4206
24728
43956
3307
23127
42583
61043
1041
1317
3160
9458
2613
1809
2095
1429
24151
16424
70914
84674
14671
48761
1083
2613
1531
3475
1362
5234
2715
2586
1402
1278
2254
1044
1321
1278
3330
2084
3160
2000
6390
24728
43956
3307
23127
42583
61043
94799
1362
7534
2586
5234
1278
2254
11708
1338
28191
1044
1278
3330
8223
1058
1429
4568
2715
30711
1278
3475
1636
13330
1294
1261
1335
107485
3475
4950
1319
3038
44642
1041
1319
43880
2084
80858
1278
4618
7389
114478
4493
1362
2586
2534
1317
4848
1278
2254
12270
1044
7529
1454
1278
7924
33106
6625
1338
1073
7534
4848
1877
1975
29896
1010
3149
6705
43956
3307
23127
42583
61043
3848
1058
2011
1044
1409
1058
1935
1041
4906
1935
1877
1293
20213
2731
4998
1455
1681
1494
1046
1531
2000
6390
1096
2254
1395
5314
1294
1278
2688
3323
2127
3160
1338
12598
1681
2778
2033
1278
11708
1454
2269
9741
26489
2100
1045
13516
1261
2951
1394
2000
1115
1096
1321
22347
1294
3535
1626
1045
2000
12296
43956
3307
1096
2505
1261
14537
5477
1505
2951
1307
1032
1050
1054
2271
5401
1626
1045
24554
49350
1693
6705
1095
28933
5314
33197
1308
1319
5914
4171
63326
4342
1045
14099
3352
5266
1455
2481
18191
5597
63326
1058
13162
26860
1693
4618
5314
1308
1338
1073
7534
2095
2229
1261
15009
1063
5500
6618
1338
12598
1681
7418
1278
3475
21966
1046
13
1010
1975
29896
1010
3149
6705
43956
3307
23127
42583
61043
3848
1058
2011
1044
1409
1058
1935
1041
4906
1935
1877
1293
1308
1376
9027
3848
1456
1260
1010
1293
2121
4014
43956
3307
3848
1050
1058
2011
1041
4906
1935
1877
1369
19639
15773
1278
2782
1307
63326
2200
123853
4110
8198
36598
23832
1010
1369
1454
1513
2725
1409
11074
11084
60113
1369
1623
1376
1032
1048
1010
1369
8262
1376
1032
1048
1010
1369
3016
1623
1534
1308
1877
1463
11074
1376
1032
1048
1010
1463
5753
1376
1766
13297
1093
1364
1032
1050
1054
1010
1463
1475
1376
1623
1010
1463
3016
1475
1534
1308
1877
1694
25294
1376
6508
3848
1050
13872
8623
1462
1032
1057
1055
1010
1694
1693
1605
5753
45721
30689
2006
1693
11074
2351
1409
1877
2528
4323
1010
2006
11074
5773
1032
1049
1010
2006
5753
45721
1093
1376
10344
1010
1694
1475
5773
1032
1049
1010
1463
8262
5773
1032
1049
1010
1463
1623
1376
1475
1010
1369
1850
8262
1010
1260
1010
1293
4618
1376
4014
43956
3307
3848
1456
1293
6705
1095
28933
1376
4618
1010
1260
1010
1293
2569
3367
1729
5314
12267
1278
15007
8905
1319
28366
4145
1261
21065
3100
1293
2569
1836
4036
1710
10591
1494
1626
1293
1693
6705
1095
28933
2351
1308
1877
1369
1850
6705
1095
28933
1010
1260
1010
1293
1265
8069
1376
2951
3848
1456
1293
2569
19326
14022
2744
3980
1317
3387
2147
97656
10679
1010
1293
1394
1274
1294
4521
4990
3640
1369
3580
1095
1619
1376
6508
3848
8069
46265
8623
1462
1032
1057
1055
1010
1369
1394
1272
1095
1619
1294
4521
1040
1050
1054
3640
1463
1693
1272
1095
1619
2351
3580
1095
1619
1877
1694
8214
1010
1463
1265
8069
46265
1093
1376
27723
5164
1095
1619
1867
1032
1057
1055
1456
1463
1875
3134
1376
1576
9528
18678
3848
8069
1456
1463
8262
1376
4014
43956
3307
6039
3134
1456
1463
1693
8262
3006
6705
1095
28933
1877
1694
6705
1095
28933
1376
8262
1010
1369
1265
8069
46265
1093
1376
27723
1040
9981
1095
1619
1867
1032
1057
1055
1041
1032
2569
29785
4618
4145
1010
1260
1010
1293
1850
6705
1095
28933
1010
1975
11
1010