10
25708
1010
11
1010
10
3263
1010
10311
1278
3629
2254
21734
1321
8953
3607
1044
10886
5687
1278
2254
5055
1321
2764
1747
1278
9458
1046
1603
24151
16424
70914
84674
14671
48761
1083
25461
4568
2715
30711
1278
3475
1636
13330
1294
1261
1335
107485
3475
4950
1319
3038
44642
1041
1319
43880
2084
80858
1278
4618
7389
1801
2640
5011
38227
2671
5247
4688
3149
81428
2480
1413
7198
1101
9853
10946
83781
1058
5247
1091
2525
59939
1093
8623
4906
2011
1877
1293
19639
11384
1261
13330
81428
2848
1413
6793
1101
5079
1408
1261
1032
1051
1120
1051
12429
2478
2744
2469
1934
1261
2632
1626
1260
1010
1293
108592
1319
11517
7398
1041
1321
1349
23572
1319
13023
7398
1041
4069
19685
34639
7496
3459
1626
1293
4925
1261
7398
71222
1261
2469
1044
2127
7856
1278
5305
1294
1455
2469
1321
15504
1494
2034
4558
1010
1293
1319
99200
1816
26475
1058
4804
1044
1349
23572
1058
10991
4342
1260
1010
1293
1531
5079
15202
2200
1877
1293
1462
1349
7398
12878
1032
1051
22487
3459
1307
2034
4558
1319
2041
1047
9615
6406
1105
28052
1041
1462
1455
7398
27376
1010
1293
1462
3797
3459
1584
35902
1462
1278
7398
1454
4853
3788
7856
27376
1010
1260
1010
1293
12953
11306
3354
9741
2487
1046
1531
4556
1307
1747
4213
1294
1278
12429
1395
42296
1317
1402
13509
1626
1260
1010
1293
64664
1877
1369
12429
1058
1349
1032
1051
1120
1051
12429
1307
38801
19681
2469
4213
1010
1301
1010
1293
20527
1877
1369
1429
99200
1816
26475
1034
1693
108592
27376
1044
1429
1065
23572
1034
1693
1349
23572
27376
1010
1301
1010
1293
56431
81428
2480
1413
7198
1101
9853
10946
86845
1048
1044
1032
1048
1044
1032
1048
3605
1766
1048
1044
1032
1049
1044
1032
1048
3605
1766
1048
1044
1032
1048
1044
1032
1048
88661
1293
1576
99200
1816
26475
2913
1293
56431
81428
2480
1413
7198
1101
9853
10946
9038
28854
1049
1044
1032
1049
1044
1032
1048
3605
43692
1052
1044
1462
1050
1044
1462
1053
3605
43692
1052
1044
1462
1049
1044
1462
1053
88661
1293
1576
1065
23572
2913
1293
47680
3149
4206
5164
52143
3640
1293
2569
35237
2688
5443
1010
1293
6852
15605
86845
1048
1044
1032
1048
1044
1032
1048
3605
1766
1048
1044
1032
1049
1044
1032
1048
3605
1766
1048
1044
1032
1048
1044
1032
1048
1093
8623
2351
1576
99200
1816
26475
2913
1293
6852
15605
9038
28854
1049
1044
1032
1049
1044
1032
1048
3605
43692
1052
1044
1462
1050
1044
1462
1053
3605
43692
1052
1044
1462
1049
1044
1462
1053
1093
8623
2351
1576
1065
23572
2913
1260
1010
1293
2569
31054
2688
5443
1010
1293
6852
15605
9038
28854
1050
1049
1049
1052
1048
1052
1051
1048
1053
1044
1032
1050
1054
1057
1051
1053
1057
1048
1056
1049
1044
1032
1055
1051
1054
1055
1057
1053
1052
1053
1048
3605
43692
1054
1049
1051
1054
1049
1056
1052
1049
1054
1044
1032
1055
1050
1052
1051
1054
1056
1051
1049
1053
1044
1462
1057
1050
1052
1049
1050
1050
1052
1053
1052
3605
43692
1057
1050
1056
1049
1054
1056
1054
1056
1051
1044
1462
1052
1050
1056
1055
1053
1049
1053
1051
1057
1044
1462
1051
1052
1054
1052
1057
1048
1049
1053
1048
1093
8623
2351
1576
1065
23572
2913
1293
6852
15605
86845
1050
1050
1054
1051
1056
1055
1053
1056
1057
1044
1462
1049
1049
1051
1056
1056
1055
1048
1053
1044
1032
1057
1051
1051
1052
1051
1054
1051
1051
1048
3605
1766
1053
1050
1053
1052
1055
1057
1057
1053
1052
1044
1462
1055
1056
1053
1057
1049
1050
1053
1048
1048
1044
1462
1053
1049
1051
1057
1053
1055
1050
1051
1054
3605
1766
1051
1048
1057
1056
1050
1054
1052
1050
1050
1044
1462
1056
1056
1056
1052
1055
1051
1053
1054
1049
1044
1032
1052
1057
1054
1050
1050
1053
1056
1054
1054
1093
8623
2351
1576
1065
23572
2913
1293
6852
15605
9038
28854
1053
1056
1052
1057
1054
1051
1055
1049
1055
1044
1032
1051
1048
1055
1055
1049
1055
1052
1055
1051
1044
1032
1049
1053
1051
1055
1051
1056
1051
1049
1054
3605
43692
1051
1052
1055
1054
1056
1053
1054
1057
1054
1044
1032
1050
1051
1048
1050
1049
1050
1050
1056
1051
1044
1462
1052
1057
1052
1057
1056
1055
1052
1056
1055
3605
43692
1052
1048
1052
1048
1056
1057
1057
1050
1051
1044
1032
1056
1050
1050
1048
1052
1056
1051
1048
1053
1044
1462
1053
1051
1057
1049
1049
1049
1049
1052
1055
1093
8623
2351
1576
1065
23572
2913
1293
6852
15605
9038
28854
1054
1052
1054
1054
1053
1051
1056
1051
1054
1044
1032
1055
1049
1053
1048
1054
1057
1055
1049
1044
1032
1050
1057
1049
1048
1052
1056
1056
1053
1057
3605
43692
1056
1049
1052
1048
1053
1052
1048
1054
1049
1044
1032
1051
1052
1055
1051
1051
1056
1054
1055
1048
1044
1462
1051
1057
1048
1048
1053
1056
1054
1053
1053
3605
1766
1057
1055
1051
1056
1048
1057
1051
1054
1057
1044
1032
1049
1051
1049
1054
1050
1048
1056
1048
1053
1044
1032
1051
1052
1048
1055
1050
1054
1057
1052
1057
1093
8623
2351
1576
99200
1816
26475
2913
1293
6852
15605
86845
1056
1052
1053
1057
1057
1051
1052
1050
1055
1044
1462
1057
1056
1056
1057
1054
1052
1052
1056
1056
1044
1032
1055
1050
1052
1056
1055
1055
1052
1052
1048
3605
43692
1053
1052
1051
1057
1049
1057
1056
1057
1057
1044
1032
1052
1057
1048
1048
1057
1055
1053
1048
1048
1044
1462
1056
1048
1049
1052
1052
1048
1056
1056
1048
3605
43692
1056
1055
1052
1048
1054
1056
1056
1052
1055
1044
1462
1054
1051
1048
1052
1057
1050
1050
1052
1057
1044
1032
1057
1054
1057
1048
1053
1049
1053
1057
1057
1093
8623
2351
1576
1065
23572
2913
1293
6852
15605
9038
28854
1050
1051
1056
1054
1055
1049
1055
1053
1054
1044
1462
1051
1053
1054
1054
1054
1051
1055
1048
1055
1044
1032
1053
1054
1049
1052
1053
1048
1048
1053
1050
3605
43692
1056
1048
1051
1053
1052
1051
1051
1054
1053
1044
1032
1057
1049
1056
1048
1056
1055
1049
1052
1051
1044
1462
1057
1054
1052
1055
1054
1055
1050
1048
1053
3605
43692
1052
1056
1051
1056
1053
1048
1054
1051
1050
1044
1462
1050
1055
1052
1048
1053
1048
1052
1055
1056
1044
1462
1055
1052
1050
1048
1057
1048
1050
1048
1049
1093
8623
2351
1576
99200
1816
26475
2913
1293
6852
15605
9038
28854
1049
1052
1051
1051
1051
1049
1048
1052
1056
1044
1462
1057
1055
1057
1050
1054
1054
1048
1054
1050
1044
1032
1050
1049
1048
1049
1057
1057
1056
1053
1057
3605
43692
1050
1055
1052
1055
1053
1054
1051
1054
1048
1044
1032
1049
1055
1055
1056
1053
1056
1054
1051
1052
1044
1462
1050
1049
1052
1050
1054
1055
1048
1051
1053
3605
43692
1053
1051
1057
1057
1057
1055
1048
1053
1049
1044
1462
1057
1048
1049
1052
1052
1053
1051
1052
1057
1044
1032
1051
1050
1056
1048
1052
1055
1048
1052
1053
1093
8623
2351
1576
1065
23572
2913
1293
6852
15605
9038
28854
1055
1056
1057
1056
1055
1055
1052
1057
1054
1044
1462
1057
1049
1048
1053
1053
1048
1051
1051
1048
1044
1462
1052
1057
1056
1052
1056
1056
1053
1052
1049
3605
43692
1050
1051
1049
1050
1056
1056
1052
1057
1056
1044
1032
1051
1048
1050
1054
1057
1053
1048
1051
1055
1044
1032
1052
1050
1052
1057
1048
1049
1051
1056
1053
3605
43692
1055
1051
1054
1057
1057
1051
1057
1052
1056
1044
1462
1057
1049
1056
1053
1048
1049
1052
1050
1053
1044
1032
1053
1050
1055
1049
1049
1057
1057
1056
1057
1093
8623
2351
1576
1065
23572
2913
1293
6852
15605
86845
1051
1048
1051
1052
1053
1051
1057
1054
1052
1044
1462
1053
1056
1050
1050
1056
1057
1051
1057
1054
1044
1032
1057
1056
1055
1048
1051
1056
1057
1050
1048
3605
1766
1049
1051
1052
1057
1048
1049
1054
1053
1057
1044
1462
1051
1055
1051
1049
1049
1052
1052
1053
1057
1044
1032
1053
1049
1048
1053
1054
1055
1055
1052
1054
3605
1766
1056
1050
1052
1053
1052
1053
1054
1054
1048
1044
1032
1055
1052
1055
1051
1054
1053
1055
1054
1049
1044
1032
1050
1048
1050
1055
1057
1055
1056
1051
1048
1093
8623
2351
1576
99200
1816
26475
2913
1293
6852
15605
9038
28854
1057
1051
1054
1052
1048
1055
1051
1052
1044
1462
1055
1057
1056
1056
1053
1054
1057
1052
1049
1044
1462
1055
1051
1048
1055
1048
1055
1050
1049
1049
3605
1766
1050
1057
1049
1053
1056
1053
1049
1052
1044
1032
1055
1048
1052
1050
1051
1056
1055
1055
1053
1044
1032
1056
1053
1048
1048
1053
1050
1048
1052
1055
3605
1766
1055
1048
1056
1056
1053
1050
1049
1049
1053
1044
1462
1049
1051
1050
1050
1052
1048
1057
1048
1054
1044
1032
1055
1056
1053
1056
1051
1057
1051
1049
1048
1093
8623
2351
1576
99200
1816
26475
2913
1293
6852
15605
86845
1052
1050
1053
1049
1055
1050
1055
1050
1050
1044
1462
1050
1054
1050
1052
1056
1055
1051
1057
1054
1044
1462
1050
1053
1054
1051
1052
1054
1055
1051
1053
3605
43692
1051
1054
1057
1050
1053
1048
1050
1052
1052
1044
1462
1050
1048
1049
1054
1054
1050
1056
1053
1052
1044
1032
1051
1050
1054
1050
1053
1055
1048
1054
1055
3605
43692
1056
1049
1056
1053
1053
1057
1049
1052
1052
1044
1032
1056
1051
1051
1057
1049
1052
1048
1056
1044
1032
1056
1056
1053
1052
1055
1049
1053
1053
1049
1093
8623
2351
1576
99200
1816
26475
2913
1293
6852
15605
86845
1056
1056
1055
1055
1051
1048
1053
1055
1048
1044
1462
1050
1048
1052
1054
1057
1049
1056
1053
1048
1044
1032
1049
1055
1052
1050
1048
1055
1053
1057
1051
3605
43692
1056
1055
1054
1052
1049
1048
1050
1055
1050
1044
1032
1054
1052
1056
1049
1049
1052
1050
1049
1044
1462
1057
1052
1053
1057
1049
1050
1053
1056
1050
3605
43692
1057
1049
1052
1052
1054
1053
1054
1048
1056
1044
1462
1051
1051
1055
1056
1049
1055
1054
1050
1056
1044
1032
1049
1048
1057
1055
1055
1056
1049
1057
1055
1093
8623
2351
1576
1065
23572
2913
1293
6852
15605
9038
28854
1053
1055
1052
1057
1054
1054
1050
1051
1052
1044
1462
1055
1056
1054
1048
1056
1049
1055
1053
1049
1044
1462
1055
1056
1054
1050
1053
1053
1050
1056
1050
3605
1766
1057
1053
1057
1056
1053
1053
1053
1051
1044
1032
1056
1056
1056
1051
1053
1049
1053
1057
1057
1044
1032
1050
1051
1048
1053
1055
1054
1057
1057
1057
3605
1766
1057
1051
1053
1053
1050
1051
1052
1053
1052
1044
1462
1052
1049
1052
1057
1050
1054
1053
1048
1048
1044
1462
1052
1053
1053
1050
1056
1049
1050
1052
1051
1093
8623
2351
1576
1065
23572
2913
1293
6852
15605
9038
28854
1051
1052
1055
1057
1055
1049
1056
1048
1044
1462
1053
1054
1050
1050
1048
1055
1057
1048
1054
1044
1462
1049
1055
1054
1048
1055
1048
1051
1049
1054
3605
1766
1050
1057
1052
1052
1055
1054
1055
1055
1054
1044
1032
1049
1056
1051
1048
1049
1051
1048
1056
1050
1044
1032
1056
1055
1056
1056
1057
1054
1048
1053
1057
3605
1766
1049
1049
1052
1055
1055
1055
1057
1049
1053
1044
1032
1053
1053
1050
1054
1048
1056
1057
1055
1053
1044
1462
1055
1051
1051
1052
1051
1050
1048
1057
1052
1093
8623
2351
1576
99200
1816
26475
2913
1293
6852
15605
9038
28854
1056
1057
1054
1052
1052
1057
1048
1050
1057
1044
1032
1052
1053
1052
1049
1053
1055
1053
1055
1054
1044
1462
1057
1051
1052
1049
1053
1048
1051
1053
1054
3605
43692
1052
1053
1056
1055
1057
1048
1052
1056
1055
1044
1032
1053
1050
1053
1054
1056
1055
1053
1050
1056
1044
1462
1051
1048
1051
1048
1050
1057
1056
1051
3605
1766
1051
1057
1052
1057
1054
1053
1049
1053
1049
1044
1462
1052
1056
1049
1049
1048
1052
1050
1050
1048
1044
1462
1056
1048
1049
1051
1050
1057
1057
1054
1049
1093
8623
2351
1576
99200
1816
26475
2913
1293
6852
15605
9038
28854
1056
1049
1056
1052
1057
1055
1049
1056
1056
1044
1462
1056
1051
1056
1055
1056
1056
1050
1054
1054
1044
1462
1056
1049
1053
1055
1053
1050
1056
1054
1050
3605
43692
1049
1052
1048
1048
1057
1055
1056
1054
1049
1044
1032
1049
1049
1054
1057
1053
1049
1055
1053
1054
1044
1462
1056
1056
1048
1049
1050
1049
1054
1053
1057
3605
1766
1052
1055
1056
1052
1048
1051
1053
1054
1057
1044
1462
1055
1057
1055
1054
1050
1050
1056
1054
1050
1044
1462
1057
1052
1057
1051
1050
1057
1054
1053
1056
1093
8623
2351
1576
1065
23572
2913
1293
6852
15605
9038
28854
1054
1056
1053
1052
1048
1054
1057
1048
1056
1044
1032
1054
1057
1049
1052
1049
1051
1050
1056
1052
1044
1032
1050
1055
1056
1055
1048
1048
1053
1054
1057
3605
1766
1051
1057
1048
1053
1051
1052
1054
1055
1056
1044
1462
1057
1056
1055
1048
1055
1055
1050
1056
1055
1044
1462
1057
1057
1056
1051
1053
1051
1051
1048
1048
3605
1766
1049
1051
1055
1052
1056
1049
1050
1055
1052
1044
1462
1051
1054
1057
1055
1051
1048
1055
1057
1050
1044
1032
1054
1048
1053
1053
1051
1057
1054
1057
1053
1093
8623
2351
1576
99200
1816
26475
2913
1293
6852
15605
86845
1055
1057
1051
1054
1052
1055
1052
1057
1053
1044
1462
1050
1049
1052
1049
1057
1057
1057
1057
1057
1044
1462
1053
1052
1048
1057
1055
1054
1049
1057
1049
3605
43692
1054
1050
1048
1052
1054
1054
1052
1050
1052
1044
1032
1057
1056
1048
1052
1057
1048
1052
1052
1049
1044
1462
1053
1050
1052
1057
1051
1055
1054
1054
1057
3605
43692
1049
1052
1048
1051
1055
1056
1051
1049
1053
1044
1032
1049
1054
1056
1050
1053
1057
1057
1056
1050
1044
1462
1051
1052
1049
1050
1051
1048
1053
1053
1049
1093
8623
2351
1576
1065
23572
2913
1293
6852
15605
9038
28854
1057
1048
1057
1051
1048
1048
1050
1053
1056
1044
1462
1054
1053
1057
1048
1053
1055
1048
1050
1057
1044
1462
1055
1057
1056
1052
1048
1054
1048
1055
1050
3605
1766
1052
1048
1053
1050
1057
1052
1053
1057
1050
1044
1032
1053
1048
1050
1051
1051
1053
1049
1049
1048
1044
1032
1054
1050
1057
1048
1053
1053
1056
1052
1055
3605
1766
1054
1057
1056
1053
1048
1052
1049
1049
1050
1044
1462
1050
1050
1049
1056
1054
1053
1057
1054
1048
1044
1462
1051
1049
1052
1056
1055
1051
1055
1056
1057
1093
8623
2351
1576
1065
23572
2913
1293
6852
15605
9038
28854
1051
1055
1056
1055
1057
1053
1054
1056
1054
1044
1462
1050
1053
1050
1056
1054
1055
1055
1056
1056
1044
1462
1054
1050
1054
1052
1050
1048
1051
1049
1055
3605
1766
1049
1049
1054
1053
1056
1053
1053
1048
1051
1044
1032
1057
1049
1054
1056
1050
1054
1053
1052
1055
1044
1032
1051
1054
1052
1048
1049
1051
1049
1056
3605
1766
1054
1056
1053
1050
1049
1056
1053
1051
1057
1044
1462
1050
1054
1057
1053
1052
1056
1050
1055
1054
1044
1462
1053
1050
1056
1050
1053
1048
1055
1048
1049
1093
8623
2351
1576
1065
23572
8985
1035
13516
4206
4039
1290
2480
1413
7198
1101
9853
10946
1041
1317
3160
9458
1626
1975
11
1010
10
1503
19464
1010
12
13
1010
4268
1584
4265
1261
2254
2000
37977
2480
1413
7198
1101
9853
10946
1096
1455
2500
29711
1261
13330
81428
2848
1413
6793
1101
5079
1408
1261
1032
1051
1120
1051
12429
1046
1531
5079
1058
10638
11306
1044
108592
1319
11517
1041
1321
1349
23572
1319
13023
1041
4069
19685
34639
7496
3459
1319
12647
3459
1577
4925
1261
7398
71222
1261
2469
1044
2127
7856
1278
5305
1294
1455
2469
1321
15504
1494
2034
4558
1319
99200
1816
26475
4804
1044
1349
23572
10991
1577
9856
15202
2200
1261
7398
12878
1032
1051
22487
3459
1307
2034
4558
1319
2041
1047
9615
6406
1105
28052
1041
1462
1455
7398
27376
1046
3247
1747
3459
1584
35902
1462
1278
7398
1454
4853
3788
7856
27376
1046
12953
11306
3354
9741
2487
1046
10852
1307
1747
4213
1294
1278
12429
1395
42296
1317
1402
13509
1338
4268
2534
1317
10886
5687
1278
2254
2000
37977
2480
1413
7198
1101
9853
10946
1096
1321
3180
5257
1747
1278
9458
2764
1046
2837
1584
4265
1261
8953
3607
1321
1261
2254
21734
1046
2837
2715
16424
22347
1278
9458
1046
1531
3475
4950
2715
4231
1278
11708
1044
41604
1278
6836
2254
1321
15717
33106
7389
1046
1531
9458
1584
6493
6625
2000
6390
5164
52143
17783
1809
1729
2342
2534
1317
5234
1278
2254
3475
1455
2084
1402
2434
1046
3931
1278
9478
1494
8223
1058
1429
15908
4206
4039
1290
2480
1413
7198
1101
9853
10946
1041
1317
3160
9458
2613
4493
1278
5097
1395
1317
5687
2000
37977
2480
1413
7198
1101
9853
10946
1096
17047
1338
1784
4127
1395
1261
25453
44831
5079
1454
9839
3686
1044
11118
89356
1063
49032
1044
1278
14162
1395
7847
1536
2274
27376
5138
1317
1278
10469
1058
5250
8381
12878
3300
1294
1261
5522
1321
27376
10912
1044
1505
1693
9710
63758
2015
1044
1278
7398
1454
4853
3788
7856
27376
1046
9748
4556
1307
1747
4213
1395
13509
1044
3788
7856
1395
13509
1063
1531
3788
7856
1307
1747
3459
1395
4556
1307
1747
12429
4213
1046
44553
61132
13748
1562
3459
2127
15504
1046
3931
1278
2362
1044
1693
1836
1925
4884
3300
1294
1261
5522
1044
1278
7398
1454
4853
3788
7856
27376
1046
12238
4556
1307
1747
4213
1395
13509
1044
2156
2084
1402
1261
6133
24340
1319
2649
21513
1577
12953
3354
9741
2487
1046
2837
2534
1317
8497
2274
27376
4265
18243
3354
1338
4268
1736
1261
1032
1051
1120
1051
12429
1307
38801
1046
1531
5079
1058
11306
35368
32283
2034
3780
1408
9829
3459
1046
108592
12481
2158
1046
4925
1261
7398
12421
1261
3780
1044
2127
12542
1278
2632
1307
1455
2469
1435
2034
7856
1046
1531
5079
15202
10912
1693
1261
7398
12878
1032
1051
1294
1261
5522
1319
2653
5522
1044
5535
1044
44297
1577
5646
7398
27376
44961
1046
3367
1278
9710
63758
2015
3816
2258
7398
7796
3300
1294
1261
5522
1044
2430
14068
3788
13748
1307
108592
1321
1349
23572
1059
1278
1925
1454
4853
7856
27376
1046
9748
3788
4556
1395
13509
1044
1925
2084
1736
4853
7856
1338
36686
11306
3354
9741
2487
1317
54524
2034
11611
1307
18530
1063
1531
4127
10674
1058
1429
36686
11306
3354
9741
2487
2613
57454
1294
2516
9594
1044
2127
3354
1317
6419
1059
1693
2127
6560
6613
1261
6419
1044
2127
4139
6613
1261
7277
1505
54524
2034
7856
1063
3626
1278
14162
1395
7847
1058
5250
1261
7398
12878
3300
1294
1261
5522
1321
27376
1044
1505
1278
5079
15202
1294
1261
5275
9710
1321
1278
4853
7856
27376
1046
9748
11306
1584
6370
1317
6419
1044
2127
2084
3352
1317
12267
3300
1294
1261
5522
1693
4171
1044
1505
7495
38135
1562
7796
3300
1294
1261
5522
1044
1321
2095
3352
1317
54524
2034
3754
7856
1693
1278
5079
15202
1294
1261
5275
9710
1338
4380
1395
1261
22648
18722
14665
5079
1454
9839
3686
1046
2837
1710
15047
1494
2505
8039
2753
1454
17341
72730
1517
41319
1044
1505
8617
89582
6123
4136
1032
1051
1120
1051
1934
2342
1032
1057
1033
1376
1032
1051
1054
1050
1044
1056
1056
1048
4171
6920
14170
1044
1799
1395
3435
18108
1638
1046
2837
1710
24002
1278
5079
2632
1319
10232
1394
108592
1044
6419
1394
1349
23572
1044
1505
7277
1063
1809
44793
2607
2405
14222
3147
4556
13509
1321
5275
9710
28857
24340
4057
1408
13748
1577
49032
1044
1261
7277
1294
1278
7453
1307
1836
3300
5205
7722
31375
1321
5275
9710
3657
1294
1261
6419
1394
1925
7398
4057
1408
13748
1046
4493
1278
5079
2084
5282
1736
1261
24340
1058
5250
1261
7398
12878
3300
1294
1261
5522
9781
1044
1505
1513
1278
2362
1278
4853
7856
27376
1046
12953
11306
2840
1278
6960
12429
1321
3354
9741
2487
1317
54524
2034
14162
1319
10232
1693
4171
1044
2849
13162
6613
1261
6419
1394
9309
5059
7856
1063
3626
1278
14162
1395
18246
1058
108592
27376
1505
1349
23572
27376
1046
3730
1681
1836
7277
1059
1925
1307
2424
27376
1046
4493
11306
3354
1317
11811
2127
6419
1044
27408
18243
3354
1046
3367
2960
3354
9741
2487
1044
1278
5079
1934
1261
7847
24340
1562
1278
3030
1046
2837
2534
1317
24002
1455
24340
1338
4268
1710
3244
1278
5079
3468
1058
9710
1032
1051
1120
1051
1454
3459
5250
9829
1044
108592
1681
3780
1044
1505
1349
23572
1681
3780
1046
9840
5807
6933
1307
13748
1394
2744
7398
1046
3626
1278
13748
2342
8122
1513
1278
2362
1693
1836
1925
12878
3300
1294
1261
5522
1046
3886
1044
3184
1278
5079
1044
32283
1261
2469
10177
1278
7398
2246
2632
1044
1799
13413
29711
1046
1531
3300
5205
7722
31375
6570
1710
1402
17155
2453
2744
6920
1046
3367
1261
7398
12878
3300
1294
1261
5522
1044
2127
6419
10912
1044
5079
15202
1046
3367
9710
63758
1321
1836
3300
5205
7722
31375
1044
2430
14068
3788
13748
1058
108592
1681
3788
7856
8070
1349
23572
1681
3788
7856
1059
1278
4853
27376
1338
16840
2960
3354
9741
2487
1044
1729
1710
1653
1261
8039
2753
6123
2136
1747
4171
6920
14170
1046
1531
3468
5702
1395
3709
1058
1032
1057
3459
1044
2744
1710
1402
9829
1044
1353
1044
1349
1046
13920
1307
4171
5079
16429
1395
1032
1057
1033
1376
1032
1051
1054
1050
1044
1056
1056
1048
22494
13390
1044
1809
1454
1517
41319
1494
1681
3199
10752
1046
2837
1710
2586
1653
51070
8039
2753
1454
65253
3229
1046
1531
13664
2254
1513
10258
8164
1058
1693
1261
7398
1934
3300
1294
1261
5522
1044
1455
7398
27376
1046
3367
9710
5275
1321
1836
3300
1294
1261
5522
1044
2430
14068
3788
13748
1058
108592
1681
7856
3006
1349
23572
1681
7856
2297
108592
27376
1044
2849
1349
23572
27376
1338
3890
25052
1058
1531
3300
5205
7722
31375
6570
4139
1402
17155
2453
2744
6920
1046
3367
1261
7398
12878
3300
1294
1261
5522
1044
2127
6419
10912
1044
3199
1693
1278
9710
10045
2405
5275
1046
4493
10258
8164
1584
5250
1261
7398
1934
3300
1294
1261
5522
1044
1505
9710
1395
5275
1454
1836
3300
1294
1261
5522
1046
9840
1044
9134
1455
1261
7398
2481
2012
3300
1294
1261
5522
1408
2034
6920
1044
1321
1278
5079
15202
10912
1059
1278
2147
7398
6354
2405
2012
1317
6920
2453
1455
1338
34976
1044
1729
1710
5687
1261
2254
1455
1044
4265
1278
3519
9710
1319
1051
1120
1051
1454
4213
1462
1049
1044
1032
1048
1044
1032
1049
13162
1044
1505
1729
1710
5807
4618
4213
1321
26607
1574
3519
7398
1317
6920
1044
1321
3519
13748
1394
1353
1321
1349
1044
10721
1278
24340
27408
18243
3354
1562
1593
3468
1338
3890
1729
2342
2534
1317
15013
1562
1278
5719
9829
9710
1044
1454
108592
1317
6920
1044
13748
1032
1048
1394
2960
1338
16418
1044
9134
1455
1278
4213
1294
1278
12429
1584
38801
1044
15717
8289
1046
1531
4556
1307
1747
4213
1395
13509
1046
1531
13748
1584
43323
1562
1278
3459
2744
7398
13921
1046
9748
11306
35368
1044
1278
2782
1307
3459
2744
12878
14620
1408
2274
7510
1278
3804
6920
1046
9748
1032
1057
3459
1044
108592
12878
1032
1053
3459
1044
1349
23572
12878
1032
1052
3459
1319
46384
108592
12481
2158
1577
4493
108592
2084
1736
1032
1053
3459
1044
1349
23572
1032
1052
1046
1531
3788
4556
1307
1747
3459
1395
13509
1044
1878
108592
1681
4556
1867
1349
23572
1681
4556
1376
3788
4556
1319
29962
1577
8055
1925
1307
2424
1934
4853
4556
1338
26768
108592
12878
1925
2081
2469
1044
1514
4139
1736
12772
1505
57922
14611
1408
4213
1338
4268
2534
1317
3369
1455
11306
12729
1799
9829
2469
1317
15504
2034
4558
1046
4159
1710
12729
2258
9829
2469
1046
1531
5079
15202
2200
3300
1294
1261
5522
1395
12955
1046
3367
1836
3300
1294
1261
5522
1044
1278
2778
13748
8497
24340
1338
36901
5903
3354
1058
2744
7398
1044
1408
2034
3884
1044
71222
1261
6920
1455
6717
9357
2034
11611
1307
18530
1044
27408
1278
38135
2095
11733
9741
2487
1046
9748
1494
1681
1261
86668
9839
3686
5079
1044
1729
1710
24002
1278
8039
2753
2632
1058
1032
1049
1693
108592
27376
1044
1032
1048
1693
1349
23572
27376
1319
1270
16813
51759
1577
2837
7534
24002
1278
14162
1562
1278
5719
3468
1338
26768
1278
3468
5702
1395
3709
1044
1729
1710
2586
1653
12883
58537
6123
1454
65253
3229
1046
1531
3468
1710
1402
12685
1435
1261
43109
1307
1032
1057
3459
1319
28366
1710
1402
1032
1048
1394
9829
1044
1032
1049
1394
108592
1044
1462
1049
1394
1349
23572
1044
1505
1729
1710
5807
1278
4618
4213
1809
3780
2424
1577
3626
1278
4213
9309
8122
2342
1394
21515
1513
1278
2362
1044
1321
2095
1394
1278
20726
3300
5205
7722
31375
1063
1531
3300
5205
7722
31375
2342
14620
1408
18666
1044
1605
4213
1046
4493
1278
4213
2342
8076
1278
2778
7856
11432
1046
3886
1044
1278
4213
2095
8076
1278
13748
43323
3184
1278
5079
1063
32844
1058
1531
10469
4150
1058
1429
7651
1261
7398
71222
1261
2469
1044
2127
7856
1278
5305
1294
1455
2469
1321
15504
1494
2034
4558
2613
4493
1278
7856
1395
2586
1278
4556
1307
1278
4213
1307
1278
3459
2127
1736
35902
1046
10473
1278
5079
1044
1278
13748
1584
43323
1044
1809
1278
2342
6588
1455
22482
1394
1278
2778
14162
1319
1391
1836
3300
5205
7722
31375
1041
1395
1278
2778
3788
13748
1307
2744
7398
1046
3886
1044
3184
1278
5079
1044
1261
7398
4139
2012
3300
1294
1261
5522
1321
6419
10912
1044
1878
1278
43323
13748
2015
1317
1455
2862
2607
2405
8122
3147
1278
5079
15202
1046
3626
1693
1278
5079
12481
1317
1278
2362
1044
1278
2778
13748
1584
1278
4556
1307
1747
3459
2744
7398
35902
1046
9748
1747
1032
1057
3459
1584
35902
1044
1278
2778
13748
1584
8617
1278
4556
1307
1278
4213
1307
1278
3459
2744
7398
13955
2015
1454
1046
3730
1681
1836
19157
21515
1455
22482
8100
1455
3300
5205
7722
31375
15202
1278
5079
5124
1338
48812
1044
1278
5079
1710
1402
51290
1435
1058
44553
118080
5762
9829
3459
1046
5417
2744
6920
1044
4206
1693
1278
7398
2274
2586
8628
1934
7563
1261
3110
1307
3300
1307
2034
4558
1046
3367
1878
1044
1455
7398
27376
10912
1046
3367
1278
9710
11006
5275
1321
1836
3300
5205
7722
31375
1044
2430
14068
3788
13748
1058
108592
1681
4556
1307
1794
1032
1053
3459
8070
1349
23572
1681
4556
1307
1794
1032
1052
3459
1059
1278
4853
4556
27376
1338
16840
1278
2778
13748
1584
2586
1278
4556
1307
1278
4213
1307
1278
3459
2744
7398
13921
1044
1321
1747
3459
1584
15172
1044
1278
2778
14162
1395
7847
36333
1536
1799
7398
12878
1799
3459
1044
1321
5627
2258
7398
12878
3300
1294
1261
5522
3184
3354
1338
34976
1044
1729
1710
4020
1278
5079
1435
1058
108592
1321
1349
23572
118080
8427
3459
1562
1278
1032
1051
1120
1051
12429
1046
108592
65438
1032
1053
3459
1044
1349
23572
65438
1032
1052
3459
1046
1531
3542
1307
45749
22482
3147
3300
5205
7722
31375
1710
1402
7563
1513
2258
2862
1046
1531
11306
12729
3459
1317
3352
1317
12267
3300
1294
1261
5522
1394
9309
1505
7495
1278
38135
1562
6965
1878
1046
3367
17626
90918
3300
1294
1261
5522
1044
1278
24340
1395
7847
1536
1278
4556
1307
1278
4213
1307
1278
3459
2744
13955
2015
1454
1338
4268
2534
1317
24002
1044
4265
18243
3354
1044
2274
27376
1338
4380
1395
1261
22648
9839
5205
7585
11118
89356
5079
1319
10232
1047
12256
1577
2837
1710
15047
1494
1454
8039
2753
1046
1531
3468
1058
9710
1454
3459
5250
9829
1044
1353
1044
1505
1349
1046
9840
1729
2534
1317
2840
9284
3884
1494
1395
1046
9748
1278
2782
1307
3459
1395
3709
1044
1729
1710
2586
1653
51070
6123
1454
65253
3229
1338
3890
9134
1058
1531
3300
5205
7722
31375
6570
1710
1402
17155
2453
2744
6920
1046
3367
1261
7398
12878
3300
1294
1261
5522
1044
2127
6419
10912
1044
1321
1278
5079
30774
1046
4493
1294
1278
6123
1044
1693
1261
6920
3657
1294
3300
1294
1261
5522
1394
1278
7398
2274
2586
8628
1044
1455
6920
1395
1261
18530
6920
1394
1455
7398
1044
1321
1729
2607
2405
2534
1317
20225
4514
1562
1455
3468
1319
3265
5079
15202
1577
3367
1278
6920
3120
1605
2282
1294
3300
1294
1261
5522
1044
1278
5079
19877
1454
1278
2147
7398
1681
3884
1338
5475
1278
9710
1395
5275
1321
1836
3300
5205
7722
31375
1044
2430
1729
15013
1278
2778
13748
1058
4556
1307
4213
1307
1353
1681
3459
8070
4556
1307
4213
1307
1349
1681
3459
1046
9748
3788
4556
1395
13509
1044
1925
2084
1402
4853
1338
4268
2534
1317
11249
1278
13664
1307
1261
10258
3468
1058
1032
1010
1045
3367
1353
1934
3300
1294
1261
5522
1058
108592
27376
1626
1045
3367
1349
1934
3300
1294
1261
5522
1058
1349
23572
27376
1626
1045
3367
9710
5275
1321
1836
3300
1294
1261
5522
1058
14068
3788
13748
1046
3367
108592
1681
3788
3006
1349
23572
1681
3788
1044
108592
27376
1059
2849
1349
23572
27376
1338
3890
25052
1058
1531
3300
5205
7722
31375
2481
1402
7563
1536
1261
7398
1408
2034
6920
1046
9748
11306
3354
9741
2487
1044
2127
2084
3352
1317
4305
3300
5205
7722
31375
1693
4171
1044
1505
4950
38135
1338
12082
1044
1278
3468
5702
1058
2837
1710
4133
1278
9710
1435
1261
1032
1051
1120
1051
12429
1307
38801
1044
1809
1729
2095
2534
1317
2840
1799
3459
1584
6574
1536
12970
1046
9748
1278
4618
12429
4213
1584
4265
1044
1321
11306
4069
3459
1044
1729
1710
5807
1261
1032
1051
1120
1051
4460
1307
5677
1058
1032
1048
1061
12647
1044
1032
1049
130700
1044
1462
1049
92095
1046
3060
1729
2095
2534
1317
5807
6933
1307
1278
13748
1063
49032
1044
1278
13748
1513
1278
2362
1584
2586
1278
4556
1307
1278
4618
4213
1307
1278
3459
2744
7398
1934
1046
4493
1729
2607
2405
2534
1317
61132
13748
3184
1278
5079
1059
1729
2342
2534
1317
2840
1799
3459
2744
7398
1934
1513
1278
2362
1046
3626
3184
1278
5079
1044
1278
3300
5205
7722
31375
6570
2342
14620
1408
1278
26607
1044
1605
1278
4213
1046
4493
1729
1710
2586
6933
1278
26607
1046
3886
1044
2200
1278
5079
15202
3816
3300
5205
7722
31375
1044
1729
2534
1317
24002
1278
2778
13748
4057
1408
1278
4618
12429
4213
1321
1799
3459
2744
7398
15172
1046
9748
1729
1584
6965
1261
6123
1562
1278
5719
3468
1044
1729
1710
5807
6933
1307
1799
3459
1584
6574
1536
1353
1321
1349
1046
3931
10258
8164
1319
6108
5275
1044
1836
3300
5205
7722
31375
1574
1729
24002
13748
1536
126556
4618
12429
4213
1394
1353
1681
3459
1321
1349
1681
3459
1338
3890
3184
1278
6123
1044
1729
4139
1517
2471
5124
1693
1261
7398
12878
3300
1294
1261
5522
1046
4493
1729
1710
2586
50248
20183
1338
36296
1278
27465
3468
5702
1319
1057
1033
1376
1032
1051
1054
1050
1044
1056
1056
1048
8905
15786
1044
1809
3325
1517
100947
1574
1729
1710
2586
1653
1261
8039
2753
6123
1454
65253
3229
1046
1531
3468
1710
1402
12685
1435
1261
43109
1307
1032
1057
38801
1319
1048
1044
1049
20879
1049
1041
2984
9284
3884
1494
1395
1046
3626
1729
2095
2534
1317
2840
1278
4618
12429
4213
1317
24002
2778
13748
1046
9748
1278
4618
12429
1395
9247
1394
1261
4265
2254
3690
1044
1729
1710
16543
1494
1294
1261
28839
1505
2764
1494
3879
1338
82053
1044
1729
1710
2586
1653
1261
5275
5079
9917
6123
1394
2744
3690
1317
2000
37977
2480
1413
7198
1101
9853
10946
9816
9748
1278
12429
4213
1584
4265
1044
1729
1710
24002
1278
14162
1338
12598
1681
3936
1278
11857
2100
13204
2000
37977
2480
1413
7198
1101
9853
10946
83781
17783
1877
1045
12429
1395
1032
1051
1120
1051
2951
1307
1935
1115
1626
1045
2837
2534
1317
8497
1278
24340
1454
18243
3354
1626
1045
2837
1710
11249
1261
51070
2254
2000
1115
17265
71938
1044
3884
1044
13748
5479
1044
13748
10376
17783
1063
3626
13748
2342
8122
1513
1278
2362
1046
3886
1044
1729
1710
2586
5807
6933
1307
1799
3459
1584
6574
1536
1353
1321
1349
1046
9748
1278
12429
4213
1584
9247
1044
1729
1710
24002
13748
1513
1278
2362
1536
126556
12429
4213
1394
1353
1681
3459
1321
1349
1681
3459
1046
3626
3184
1278
5079
1044
1729
2342
2534
1317
2840
1278
26607
1317
4206
3300
5205
7722
31375
1046
4493
1729
1710
2586
5807
1261
1032
1051
1120
1051
4460
1307
26607
1319
1048
1044
1032
1049
1044
1462
1049
1577
3060
1513
1278
2362
1044
1693
1836
3300
5205
7722
31375
1044
1729
1710
24002
1278
2778
13748
1536
125189
2136
1278
9710
1321
126556
12429
3755
5371
1106
1093
1394
3459
13949
1032
1049
1319
1084
1041
1321
1462
1049
1319
1065
1577
3626
7377
1058
1531
12429
4213
1584
1278
4618
4213
1046
1531
11306
4069
3459
1044
1878
1278
2469
1681
2632
1395
5949
1317
2034
7856
1046
9748
1747
3459
1584
6574
1044
1278
2778
13748
1584
2586
1278
4556
1307
1278
4213
1307
1278
3459
2744
7398
13955
2015
1454
1046
4493
1729
1710
2586
5807
1278
26607
1321
1513
1278
2362
4556
1278
8366
12429
4213
1338
3890
25052
1058
1531
5079
4139
2362
5124
1454
3300
5205
7722
31375
1046
1656
1455
2937
1044
1278
2778
13748
2607
2405
8122
1059
1278
7398
2274
4884
3300
5205
7722
31375
27376
10912
1046
4493
1729
2607
2405
2534
1317
24002
13748
1394
5124
10258
8164
1338
8032
1278
51070
2254
1710
1402
2100
1975
29896
1010
3149
83251
71938
1044
3884
3640
1293
2569
9710
1058
1032
1051
1120
1051
2951
1307
1935
1115
1058
1032
1048
9829
1044
1032
1049
1353
1044
1462
1049
1349
1010
1293
2569
3884
1058
1032
1049
1394
108592
1044
1462
1049
1394
1349
23572
1010
1293
2569
10721
1058
1576
99200
1816
26475
1039
1505
1576
1065
23572
1039
2274
27376
1562
1593
3468
27408
18243
3354
1626
2731
3890
1729
2095
2534
1317
3369
1455
1278
5079
4139
2362
1294
1261
5275
9710
1454
1836
3300
5205
7722
31375
1046
4493
1729
2534
1317
4206
1693
1278
9710
1395
5275
1321
1836
3300
5205
7722
31375
1394
5250
7398
1046
3367
1878
1044
24002
13748
1321
1850
1278
24340
1338
16418
1044
1729
4016
2095
3369
1455
1261
7398
4139
2012
3300
5205
7722
31375
1408
2034
6920
1044
1321
1278
5079
15202
10912
1046
4493
1294
1278
83251
1044
2453
1261
7398
7510
1261
6920
1044
1729
4206
1693
1455
6920
6254
1261
3300
5205
7722
31375
1394
1455
7398
1046
3367
14842
1044
1455
7398
27376
10912
1044
1321
1729
1850
1455
7398
1681
2564
1046
3367
1605
1044
1321
1278
9710
1395
5275
1044
2430
1729
24002
2778
13748
1321
1850
1278
24340
4057
1408
13748
1046
3367
9710
1605
5275
1044
1729
8214
1454
1278
2147
7398
1681
3884
1338
3890
7377
1058
5675
1693
1261
6920
21622
3300
5205
7722
31375
1394
1278
7398
1044
1809
2095
1278
9710
11006
5275
1063
1531
10469
1058
1429
1784
5079
15202
2200
1058
1462
1349
7398
12878
1032
1051
22487
3459
1307
2034
4558
1319
2041
1047
9615
6406
1105
28052
1041
1462
1455
7398
27376
3871
4493
1693
1261
7398
12878
3300
1294
1261
5522
1044
2127
6419
10912
1044
3199
1693
1278
9710
1395
5275
1046
4493
1729
4206
3300
5205
7722
31375
2158
1338
12082
1044
1278
8039
2753
1058
108592
17000
1317
54524
1794
11611
1307
18530
1319
1105
4185
3109
1514
17000
1317
6419
1044
1878
1514
111167
20183
1455
3820
1317
1794
6419
1577
1349
23572
17000
1317
6419
1044
1878
1514
111167
20183
1455
3820
1317
1794
6419
1046
9748
1494
1681
1261
11118
89356
5079
1454
2342
2295
13092
1319
99200
1816
26475
27376
1505
1349
23572
27376
1574
1729
1710
16426
1261
2632
1058
1032
1049
1693
108592
27376
1044
1032
1048
1693
1349
23572
27376
1046
6830
108592
6717
9357
1044
1349
23572
124690
1046
3247
1729
1710
2586
1850
1278
24340
3310
1321
14068
1338
4268
1710
2210
65253
3229
1408
1278
3468
1319
6108
43109
1044
3884
1577
9748
1278
9710
1934
1032
1057
3459
1044
2744
1710
1402
1032
1048
1044
1049
20879
1049
1044
2156
1584
1032
1051
1094
1057
1376
1032
1049
1057
1054
1056
1051
4171
42486
1044
1809
3325
1584
39907
110526
3147
11306
35368
1321
108592
5282
12878
1032
1053
3459
1044
1349
23572
1032
1052
1046
3626
1729
1710
2586
65253
2033
1408
1278
7092
9710
1321
3884
1046
1531
2782
1307
8132
1638
8164
1395
3315
10752
1046
2837
1710
2210
1261
25983
1394
65253
3229
1338
3890
1729
2534
1317
1402
25052
1058
1531
12429
4213
1584
9247
1651
2254
3690
1044
1809
1278
65253
3229
2715
1402
1651
3690
1044
1505
1729
1710
2586
1605
65253
2033
5669
2801
93498
1046
9748
1278
2254
1395
4418
6245
5213
1454
2801
93498
1294
1278
9458
1044
1729
2715
5250
6133
65253
3229
1651
3690
1505
2210
1261
2767
68598
15009
1455
1729
20143
1046
49337
1317
2586
1653
1278
6123
3816
65253
3229
5669
2801
93498
1044
1809
3746
1261
4249
3690
1729
1710
65253
2033
1046
9748
1278
3468
5702
1651
12429
1395
3709
1044
1729
1710
2586
1653
1261
6165
113835
1454
17341
72730
1505
2586
8039
2753
3816
65253
3229
1044
1809
1032
1057
1033
1395
1032
1051
1054
1050
1044
1056
1056
1048
1044
1799
1395
7771
1294
17616
1693
14749
34737
1046
3626
1454
65253
3229
1494
1681
3199
17280
1338
12598
1681
17177
1058
1032
1057
1033
1376
1032
1051
1054
1050
1044
1056
1056
1048
22494
13390
1046
11796
6194
1934
2015
1317
1032
1057
4974
1044
1809
3325
1584
1517
100947
1046
1349
6165
51070
8039
2753
3816
65253
3229
4139
20225
1747
1032
1057
1033
22494
13390
1044
1799
1395
2314
1032
1051
1054
1048
1107
13193
1046
1656
17616
1044
1032
1051
1054
1048
1107
51070
13193
1395
7720
1319
87088
1261
4517
71984
1577
3626
1729
2095
1736
1317
4206
3300
5205
7722
31375
2453
2744
6920
1044
1799
1395
1535
1040
1049
1041
1454
2269
29196
1046
4493
1729
1710
7529
2586
1653
1261
6165
113835
3816
65253
3229
1321
1494
2084
1402
7720
6171
1046
3886
1044
1278
4127
1934
3325
2688
5443
1319
3265
2000
6390
1096
2254
1934
1032
1051
1048
1043
109595
1577
3367
1729
1653
1032
1051
1054
1048
1107
51622
1651
2688
2937
1044
1032
1051
1048
9458
2168
1402
7849
1049
1048
7067
13193
1044
1799
4139
1402
1261
5659
8455
1809
3637
7529
21613
1294
17616
1693
38364
1046
3626
1729
1710
1653
65253
3229
1651
12429
1317
58290
8164
1063
49032
1044
1278
8164
4539
1408
1278
12429
4213
3147
1278
2778
7856
11432
14620
1408
1278
12429
1046
3626
1278
3300
5205
7722
31375
29196
2607
2405
4539
1408
12429
4213
1046
3886
1044
1278
2778
7856
13664
3120
4539
1408
12429
1046
4493
1729
1710
65253
2033
1408
1319
6108
1044
3884
1041
1809
1278
1850
2632
14620
1408
1278
12429
1046
4493
1729
1710
2586
65253
2033
3746
1278
2254
3690
1044
2505
1261
25983
1455
23099
1319
6108
108691
1044
3884
1041
1317
1278
24340
3310
1046
9748
1278
12429
1395
9247
1394
1278
3690
1044
1593
1395
7771
1046
1531
2782
1307
8877
8164
1651
12429
1395
1513
2725
1278
2782
1307
8132
1638
42486
1044
1799
1395
3315
4289
2224
1032
1049
1057
1054
1056
1051
1046
4493
65253
3229
2084
79126
9980
1278
6123
1338
12598
1681
3936
1278
3468
15676
1046
2837
1710
4133
1278
9710
1435
1261
43109
1307
1032
1057
38801
1319
1048
1044
1032
1049
1044
1462
1049
1041
1294
5522
44723
3542
1046
14910
1058
1032
1049
1394
108592
1044
1462
1049
1394
1349
23572
1046
3626
1729
2095
2534
1317
2840
9284
3884
1494
1395
1046
49032
1044
1729
1710
2586
2210
1278
2782
1307
20183
3214
1878
4955
1317
13445
9284
3884
1494
1395
1044
1809
1494
1681
16163
1317
2764
3884
1338
3890
7377
1058
1531
5079
16896
1454
108592
1319
11517
7398
1577
4493
5719
3884
1395
108592
1046
5417
2744
6920
1044
3884
42488
1338
12082
1044
1278
51070
2254
2100
1975
29896
1010
3149
83251
71938
108691
1044
3884
3640
1293
2569
9710
108691
1058
43109
1307
1032
1057
1935
1115
1058
1032
1048
1061
12647
1044
1032
1049
130700
1044
1462
1049
92095
1010
1293
2569
3884
1058
1032
1049
1693
108592
1317
6920
1044
1462
1049
1693
1349
23572
1317
6920
1010
1293
2569
10721
1058
1576
99200
1816
26475
1039
1505
1576
1065
23572
2913
1260
1010
1293
2569
12558
1693
3468
1395
10258
9551
1293
2569
49032
1044
1729
4206
10258
2453
1261
6920
1395
3214
1046
3626
1294
83251
1044
1729
1584
1513
1278
3030
1307
1261
3884
1046
1032
1010
1293
2569
2837
1710
4206
1693
1278
4607
6920
14246
1294
1261
6419
1063
49337
1317
5194
1435
1877
1293
2569
2837
1584
2314
1317
3180
1261
6920
1394
2000
1740
9816
2837
3352
1747
9829
3459
1626
1293
2569
2898
2744
9829
2469
1044
1729
3535
1278
3780
1044
2430
4206
1693
1455
7398
1934
3300
5205
7722
31375
1626
1293
2569
3367
14842
1044
1455
7398
27376
10912
1044
1850
1455
7398
1626
1293
2569
3367
1605
1044
1321
9710
1395
5275
1319
2649
9829
3459
1574
2430
24002
13748
1321
1850
24340
1626
1293
2569
45939
1044
103194
3690
83251
1454
1875
9710
1321
36162
3884
1044
1321
1278
3519
7398
2084
12729
1278
6920
1455
6717
9357
2034
14162
1626
2731
3890
25052
1058
1531
3300
5205
7722
31375
4206
2715
1402
5595
2453
32283
1278
3780
1046
3367
1261
7398
12878
3300
5205
7722
31375
1044
2127
6419
10912
1044
1321
1278
5079
15202
1046
4493
1294
1278
9165
2136
20183
1044
1693
1261
6920
3657
1294
3300
5205
7722
31375
1394
1278
3519
7398
1044
1455
6920
1395
1261
18530
6920
1394
1455
7398
1046
9748
1278
7398
11733
9741
2487
1044
1693
2258
6920
13335
1317
2034
6419
1044
2127
2084
12729
1494
1044
1321
1729
1710
10912
1850
1455
7398
1681
6419
1046
3367
1836
6920
13335
1317
1420
20726
6419
1044
2430
1729
3369
20183
1455
2607
2405
2282
1294
20726
6419
1044
1321
1278
5079
19877
1046
3367
1278
9710
11006
5275
1321
1836
3300
5205
7722
31375
1044
2430
1729
15013
13748
1338
3890
7377
1058
5675
1693
1261
7398
7510
1261
6920
1455
6354
2405
4305
3300
5205
7722
31375
1044
1809
1278
38135
1408
2034
4275
6920
2481
4305
3300
5205
7722
31375
1063
5646
2084
1402
33791
1536
1278
51070
13193
1338
8032
1278
11857
1394
2000
111120
71938
108691
1044
3884
17783
2100
1049
1046
3367
1278
9710
1395
5275
1319
2649
9829
3459
4244
2430
1836
3300
5205
7722
31375
2481
1736
2151
7563
1063
49032
1044
1693
1278
9710
1395
5275
1321
1729
1584
1513
1278
3030
1307
1261
3884
1044
1455
4938
1278
4607
6920
14715
1278
9710
1321
4814
2405
4305
3300
5205
7722
31375
1319
107454
1278
5079
2168
1736
13955
1577
4493
1729
15013
2778
13748
1046
3626
1729
2715
2095
4206
1693
1278
4607
6920
6254
3300
5205
7722
31375
1059
1809
1693
1729
1584
1513
1278
3030
1307
1261
3884
1408
1261
5275
9710
1044
1494
4938
1278
5079
4814
2405
2362
1408
1278
3804
6920
1044
1878
1836
3300
5205
7722
31375
1046
4493
1729
1710
2586
24002
13748
1338
3890
1317
1402
12663
1044
1729
1710
4206
1394
3300
5205
7722
31375
1513
1278
10343
1307
83251
1063
49032
1044
1278
5079
15202
10912
2200
1261
7398
12878
3300
5205
7722
31375
1046
4493
1693
1729
6889
83251
1454
1261
9710
1455
5314
1934
3300
5205
7722
31375
1394
1278
7398
2274
2586
8628
1044
1455
1681
16501
3147
1278
5079
2168
1736
13955
1046
4493
1729
1710
14649
1278
9710
3468
1395
5746
1319
2649
3300
5205
7722
31375
1394
1278
7398
2274
2586
8628
1044
15388
1729
1584
24124
2453
1261
6920
1577
4493
1294
83251
1044
1729
1710
2586
3352
20183
1338
3890
2156
1395
1261
15552
2937
1058
1531
5719
3690
1395
1454
9829
9710
1321
108592
1317
6920
1046
4493
1729
2607
2405
2534
1317
4206
3300
5205
7722
31375
1513
3030
1338
8032
1278
83251
2254
2100
1975
29896
1010
3149
83251
71938
1044
3884
3640
1293
2569
9710
1058
43109
1307
1032
1057
1935
1115
1319
1048
1044
1049
20879
1049
1456
1293
2569
3884
1058
1032
1049
1394
1353
1044
1462
1049
1394
1349
1010
1293
2569
10721
24340
3310
1010
1260
1010
1293
2569
19326
1747
9829
3459
1010
1293
9829
3480
9327
1376
1766
1105
1394
1623
1044
1330
1294
42478
71938
1041
1693
1330
2351
1032
1048
2820
1293
1693
1605
9829
3480
9327
1877
1369
2569
16342
1395
5275
1044
1836
3300
5205
7722
31375
1319
31346
5079
2168
1736
13955
9781
1456
1369
2569
65851
2778
13748
1010
1369
2569
9710
26524
1058
1032
1048
1791
1056
5512
1317
12429
12197
1319
2041
44723
1456
1369
2569
2837
2534
1278
4618
12429
4213
1046
3626
1278
4618
12429
1395
18667
1294
1278
14129
2254
1626
1369
2569
2837
1710
2764
12429
1505
24002
13748
3226
1626
1369
2569
9748
1729
1584
6625
81428
2480
1413
7198
1101
9853
10946
1044
1729
1710
1736
4731
1317
12429
1626
1369
2569
9246
1681
14649
1729
1736
12429
5178
1626
1369
1257
31703
1376
4556
83781
3755
1555
1051
5371
1105
1037
1051
1093
1394
1623
1294
4521
1040
1057
1041
1693
9710
3755
1093
2351
1032
1049
1456
1369
1261
31703
1376
4556
83781
3755
1555
1051
5371
1105
1037
1051
1093
1394
1623
1294
4521
1040
1057
1041
1693
9710
3755
1093
2351
1462
1049
1456
1369
1693
1257
31703
3006
1261
31703
1877
1463
1850
1576
99200
1816
26475
2913
1369
2849
1877
1463
1850
1576
1065
23572
2913
1260
1010
1293
2569
2898
2744
9829
2469
1044
50248
32283
1278
3780
1010
1293
1394
6920
1294
9829
3480
9327
1877
1369
2569
11478
1875
9710
1010
1369
1875
92938
1376
2951
71938
1456
1369
1875
92938
1091
32877
1093
1376
3884
1032
2569
3884
1395
1032
1049
1505
1462
1049
1010
1369
1875
92938
1376
43109
6039
92938
1456
1301
1010
1369
2569
12558
1693
1593
6920
21622
3300
5205
7722
31375
1394
1278
7398
2274
2586
8628
1319
1740
1456
1369
1693
4206
31180
2066
6561
17202
31199
6039
92938
1044
3884
3640
1463
2569
5646
7398
27376
10912
1010
1463
1850
1576
99200
1816
26475
1039
1693
3884
2351
1032
1049
2849
1576
1065
23572
2913
1301
1010
1369
2569
3367
1605
20726
6419
1044
103194
3690
83251
1454
36162
3884
1010
1369
2569
1531
3519
7398
17000
1317
54524
2034
11611
1307
18530
1626
1369
2569
9748
1729
1584
2505
8039
2753
1454
6419
1047
12256
1044
1729
1710
15013
1278
2282
1307
1278
51070
3690
1626
1369
2569
1531
51070
3690
10721
1278
24340
1562
1455
3468
1626
1369
2282
1376
83251
6039
92938
1044
1462
1740
1041
1032
2569
7530
3884
1010
1301
1010
1369
2569
9032
1044
1693
1278
3519
7398
1395
108592
1319
1740
2351
1032
1049
1574
1514
17000
108592
1317
6419
1626
1369
2569
3367
1278
2282
1395
1576
99200
1816
26475
2096
1455
1681
3683
1394
2414
1059
1693
1576
1065
23572
2096
8143
1626
1369
2569
3367
1278
3519
7398
1395
1349
23572
1319
1740
2351
1462
1049
1574
1514
17000
1349
23572
1317
6419
1626
1369
2569
4493
1729
1710
16859
1278
3560
6920
1394
1278
3519
7398
1626
1369
2569
2837
1710
5807
6933
1307
1278
3560
2282
1394
1278
3519
7398
1626
1369
2569
9748
2156
1584
2342
2295
13092
1044
1729
1710
2586
4206
1693
3519
7398
1710
6613
1261
6419
1626
1369
2569
3626
1729
2534
1317
1850
1278
24340
1562
1278
3519
3468
1626
1369
2569
19839
8039
2753
1058
1693
3519
7398
1710
6613
1261
6419
1044
1850
2034
6419
1059
2849
1693
38135
1710
6613
1261
6419
1044
1850
38135
6419
1059
2849
1693
2342
7277
1063
1809
1836
7277
1626
1369
2569
49032
1044
4136
1278
5079
5282
1934
1261
24340
1044
1729
1710
2586
24002
1278
8039
2753
2632
1626
1369
2569
9246
1681
11249
1058
1693
3884
2351
1032
1049
1319
99200
1816
26475
1681
3884
1574
1514
17000
1317
54524
1278
14162
2478
1032
1049
1376
108592
27376
1044
1032
1048
1376
1349
23572
27376
1626
1369
2569
3367
3884
2351
1462
1049
1319
1065
23572
1681
3884
1574
1514
17000
1317
33945
1319
1105
4185
3109
1514
17000
1349
23572
1317
6419
1044
1878
1032
1048
1395
3683
1044
1032
1049
1395
8143
4342
1369
2569
3626
1729
1584
19566
18451
1046
2837
1710
2586
5807
6933
1307
5627
1278
3519
7398
1710
6613
1261
6419
1626
1301
1010
1369
2569
9246
1681
3314
4374
1058
2837
7534
1736
1278
83251
1850
1278
24340
27408
18243
3354
1562
1593
3468
1626
1369
2569
2837
1710
2210
1278
3629
13951
1877
1369
2569
3367
2258
6920
13335
1317
1278
3519
7398
18530
10912
1044
1850
3519
7398
6419
1626
1369
2569
45939
1044
1729
15013
1278
3657
1307
1747
20183
1046
1531
3519
7398
2084
12729
1261
6920
1455
13335
1317
2034
6419
1693
4171
1046
3367
1747
20183
3820
1317
38135
6419
1044
2430
38135
27376
1046
3367
2269
20183
3820
1317
3519
7398
6419
1321
2269
1317
38135
6419
1044
3519
7398
2084
12729
1261
18530
6920
1046
3367
1836
6920
13335
1317
3519
7398
6419
1044
1809
2269
3820
1317
2880
7377
1044
4136
1278
5079
1395
22648
1321
86668
1044
1925
1307
1278
13092
4016
14222
1046
2837
1710
2586
2210
1261
6165
8039
2753
1454
6419
1047
12256
1626
1301
1010
1369
2569
9246
1681
5687
1261
5990
8039
2753
1454
4213
1058
1032
1049
1693
108592
27376
1044
1032
1048
1693
1349
23572
27376
1626
1369
2569
3626
1729
1584
1294
1261
51070
2254
1455
10721
3310
1046
2837
1710
53021
2210
38801
1321
8114
1513
1278
2362
1044
1505
2586
14068
18451
1626
1301
1010
1369
2569
9246
1681
1653
1058
1729
2933
1317
3081
1693
1278
3519
7398
1710
6613
1261
6419
1394
9309
1626
1369
2569
2837
1710
5807
1261
7078
2000
22759
1096
1799
1395
1278
24340
1693
3519
7398
11733
9741
2487
1626
1369
2569
49032
1044
1729
1710
2586
1653
1877
1369
2569
3367
3884
2351
1032
1049
1877
1369
2569
1256
2898
2744
6920
1044
24002
2282
1376
83251
6039
92938
1044
1462
1049
1456
1369
2569
1256
3367
2282
2351
1576
99200
1816
26475
2096
2430
108592
1710
6613
1261
6419
1536
34639
1593
6920
1044
1878
1850
1576
99200
1816
26475
63325
1369
2569
1256
3367
1747
20183
2282
1294
1576
1065
23572
2096
2430
1850
1576
1065
23572
63325
1369
2569
3367
3884
2351
1462
1049
1877
1369
2569
1256
2898
2744
6920
1044
24002
2282
1376
83251
6039
92938
1044
1032
1049
1456
1369
2569
1256
3367
2282
2351
1576
1065
23572
2096
2430
1349
23572
1710
6613
1261
6419
1044
1850
1576
1065
23572
63325
1369
2569
1256
3367
1747
20183
2282
1294
1576
99200
1816
26475
2096
1850
1576
99200
1816
26475
63325
1301
1010
1369
2569
2409
13951
6113
3147
1278
5079
1395
86668
1321
11118
89356
1454
1836
44793
1046
1531
3519
7398
2084
12729
1261
6920
1455
13335
1317
2034
6419
1693
4171
1046
3367
1747
20183
3820
1317
38135
6419
1044
2127
19198
1046
3367
2269
20183
3820
1317
2034
6419
1321
2269
1317
38135
6419
1044
2127
2084
12729
1261
18530
6920
1046
4493
1278
4455
13951
1395
6298
1058
1729
2586
2534
1317
4206
1693
2156
12123
1261
6920
1455
13335
1317
3519
7398
6419
1046
3367
14842
1044
1850
3519
7398
6419
1046
45939
1044
1850
38135
6419
1626
1301
1010
1369
2569
3626
7377
1058
5675
1693
1261
6920
13335
1317
1261
3468
2478
1278
38135
12864
27376
1044
1809
1278
3519
7398
4139
1736
1261
2801
14162
1063
1531
13951
1429
1391
2258
6920
13335
1317
3519
7398
6419
1044
1850
3519
7398
6419
1059
2849
1850
38135
6419
1034
1395
6298
1394
9839
3354
1294
1261
22648
86668
5079
1454
1836
23068
1321
2342
2295
13092
1046
12238
1693
1278
3519
7398
1934
1261
18530
6920
1044
2127
2084
4069
1494
1046
3367
2127
2607
2405
1044
1836
8122
2549
2127
1653
1044
1278
38135
2084
12864
6419
1319
93651
18243
3354
1536
2960
1577
4493
1729
1710
2586
4206
1693
2258
6920
13335
1317
3519
7398
6419
1626
1301
1010
1369
2569
3886
1044
1729
4016
1402
25052
1058
1531
51070
3690
2000
111120
6039
92938
1044
1462
1740
17783
10721
1278
24340
1562
1278
1875
3468
1454
1278
38135
1317
6920
1046
3367
1455
24340
1395
1278
3519
7398
1044
1455
4938
1278
3519
7398
1710
6613
1261
6419
1562
1278
1875
3468
1046
3626
9134
1058
1531
51070
3690
41633
1278
38135
11733
9741
2487
1562
1455
3468
1046
4493
1693
1278
2282
1395
1576
99200
1816
26475
1039
1321
3519
7398
1395
108592
1044
1455
4938
108592
1710
6613
1261
6419
1562
1455
3468
1046
3367
3519
7398
1395
1349
23572
1321
2282
1395
1576
1065
23572
2096
1455
4938
1349
23572
1710
6613
1261
6419
1626
1301
1010
1369
2569
4493
1278
13951
1877
1369
2569
3519
105055
1376
11875
99200
1816
26475
1039
1693
3884
2351
1032
1049
2849
1576
1065
23572
4615
1369
2569
38135
105055
1376
1576
1065
23572
1039
1693
3884
2351
1032
1049
2849
1576
99200
1816
26475
2913
1369
2569
2898
2744
6920
1877
1369
2569
1256
2282
1376
83251
6039
92938
1044
1462
1740
1456
1369
2569
1256
1693
2282
2351
3519
105055
1877
1369
2569
3539
1850
3519
105055
1032
2569
3519
7398
1710
6613
1261
6419
1536
34639
1593
6920
1010
1369
2569
5417
24124
1747
20183
1044
1693
11518
6398
1317
3519
105055
1044
1850
38135
105055
1626
1301
1010
1369
2569
2409
1395
6298
1321
6165
1626
1301
1010
1369
2569
9246
1681
2688
1593
13951
1408
1261
6165
2937
1626
1369
2569
3626
1729
4016
2095
7782
1278
2937
2478
1261
6920
13335
1317
20726
3300
5205
7722
31375
1046
2837
5314
33791
1455
1058
1693
1261
6920
21622
3300
5205
7722
31375
1394
1278
7398
2274
2586
8628
1044
1729
10912
1850
1455
7398
1681
6419
1046
5646
1395
14259
1317
1261
6920
1455
13335
1317
3519
105055
10912
1046
4493
1729
1710
2586
1850
3519
105055
1294
1455
2937
1626
1301
1010
1369
2569
4493
1294
1278
9165
1044
2453
24124
3300
5205
7722
31375
1044
1693
1494
1681
2925
1044
1729
1850
3519
105055
1626
1369
2569
45939
1044
1729
24002
2282
1376
83251
6039
92938
1044
1462
1740
1456
1369
2569
6830
1693
2282
2351
3519
105055
1044
1729
1850
3519
105055
1626
1369
2569
5417
9165
1044
1850
38135
105055
1626
2731
3890
7377
1058
3730
1681
1261
14786
2186
1121
1046
1531
3300
5205
7722
31375
4206
1058
1729
4206
2453
32283
1278
3780
1046
3367
1278
7398
12878
3300
5205
7722
31375
1044
2127
6419
10912
1046
5646
1395
16106
1261
18530
6920
1394
2424
1046
4493
1729
1710
2586
1850
3519
105055
1338
12082
1044
2549
2314
1278
2778
7856
13664
2200
9710
1395
5275
1063
1656
1278
2000
111120
1096
2254
1044
1729
1736
1261
4469
2937
2200
2000
12647
3480
9327
1096
1395
9829
1046
2837
24002
13748
1321
1850
1278
24340
1046
3626
1729
4016
11811
1455
1729
2607
2405
8132
1455
4469
2937
1693
1261
3300
5205
7722
31375
1486
7563
1408
1278
3804
6920
1046
3626
2948
9165
29196
3300
5205
7722
31375
2453
2744
6920
1046
3367
1278
3804
6920
1319
1102
9184
1278
9710
1041
21622
3300
5205
7722
31375
1044
1729
2168
1736
16533
1494
1294
1278
9165
1321
8583
3519
105055
3066
20881
1302
1317
1278
5275
9710
2937
1046
4493
1278
4469
2937
2342
48001
1693
1278
9710
11006
5275
3816
2258
3300
5205
7722
31375
7563
1408
1278
3804
6920
1046
5646
1681
6298
1338
3890
2156
1681
3866
2937
1058
5675
1693
1278
9710
1395
5275
1513
1278
3030
1307
2000
111120
69524
5646
2168
2342
14222
1693
1278
4607
6920
14715
1278
9710
1321
4814
2405
4305
3300
5205
7722
31375
1044
1799
1395
33791
1536
1278
9165
1046
3626
1729
2095
1736
1278
4469
2937
1513
1278
3030
1307
2000
111120
1096
1317
7782
1278
5719
3468
1693
9710
1395
25217
5275
1063
5500
6618
1338
12082
1044
1729
2534
1278
2000
6390
31180
2066
6561
17202
31199
1096
2254
1046
23627
1261
9710
43109
1307
1032
1057
1935
1115
1319
1048
1044
1049
20879
1049
1041
1321
1261
7398
3884
1319
1049
1505
1462
1049
1574
1729
2534
1317
4206
1693
1455
7398
1934
3300
1307
2034
26607
1294
1261
5522
1044
5535
1044
1505
44297
1338
1784
1032
1051
1120
1051
12429
1934
1032
1056
6896
1058
1032
1051
12964
1044
1032
1051
12838
1044
1032
1050
99936
2364
1338
4268
1710
4206
1747
6896
1046
2898
2744
3110
1044
4206
1693
1747
3300
3459
1584
9196
1317
2000
1740
14708
81665
1294
43109
1058
1032
1010
1048
1032
1049
1032
1050
1010
1051
1032
1052
1032
1053
1010
1054
1032
1055
1032
1056
1267
26767
1058
1319
1048
1044
1049
1044
1050
1574
1319
1051
1044
1052
1044
1053
1574
1319
1054
1044
1055
1044
1056
1456
33586
1058
1319
1048
1044
1051
1044
1054
1574
1319
1049
1044
1052
1044
1055
1574
1319
1050
1044
1053
1044
1056
1456
20609
10178
2364
1058
1319
1048
1044
1052
1044
1056
1574
1319
1050
1044
1052
1044
1054
1801
4268
1710
7418
1261
33106
2254
2100
1975
29896
1010
3149
4206
31180
2066
6561
17202
31199
71938
1044
7398
3640
1293
2569
9710
1395
43109
1307
1032
1057
1010
1293
6896
1376
31008
1048
1044
1049
1044
1050
1574
1319
1051
1044
1052
1044
1053
1574
1319
1054
1044
1055
1044
1056
1574
1319
1048
1044
1051
1044
1054
1574
1319
1049
1044
1052
1044
1055
1574
1319
1050
1044
1053
1044
1056
1574
1319
1048
1044
1052
1044
1056
1574
1319
1050
1044
1052
1044
1054
17572
1293
1394
1261
19164
30134
1294
6896
1877
1369
1693
9710
44697
1093
2351
7398
1321
9710
75660
1093
2351
7398
1321
9710
40902
1093
2351
7398
1877
1463
1850
10344
1010
1293
1850
12819
1010
2731
12082
1044
1278
2830
2254
2000
37977
2480
1413
7198
1101
9853
10946
83781
17783
2100
4268
2534
1317
2016
2015
1278
5719
9710
1058
1747
49846
1046
14910
1058
108592
1319
1049
1577
2837
7534
3690
2000
111120
109816
92938
1044
1032
1049
1041
14708
3890
1729
4016
1402
25052
1058
1531
2000
111120
1096
2254
8942
2000
13493
1096
1562
1278
14129
13036
1046
2837
1710
11249
1494
6625
2000
37977
2480
1413
7198
1101
9853
10946
1096
1878
1494
1934
4731
1317
2000
13493
14708
22461
1044
1729
2534
65253
3229
1317
10035
6716
1946
1302
8164
1046
9748
1278
3468
5702
1395
3709
1044
1729
1710
2210
51960
1108
1649
46434
1096
1505
1261
25983
1046
3626
2000
1108
1649
46434
1096
10867
14823
1317
1402
16094
1638
1046
2000
6108
1096
1395
1261
43109
1044
2000
1740
1096
1395
1935
1044
1878
1729
1710
2210
2000
1102
29586
101676
2656
1649
46434
9816
3886
1044
2000
111120
1096
1395
6493
6625
2000
37977
2480
1413
7198
1101
9853
10946
7273
1321
2000
13493
1096
1395
2095
6625
1046
3367
1729
2210
2000
1108
1649
46434
7273
1494
2084
15009
4057
1408
46248
6108
1044
3884
94799
3626
2000
13493
1096
1395
9247
1394
1278
3690
1044
1878
1494
1681
7771
1046
3886
1044
2000
1108
1649
46434
1096
4139
61132
5669
6245
13193
1693
1729
2607
2405
20143
1494
1044
1809
4136
2000
37977
2480
1413
7198
1101
9853
10946
1096
1395
4418
6245
5213
1294
1278
9458
1044
1729
2715
5250
6133
1278
15009
1513
1278
3030
1307
2744
3690
1044
1505
1605
2210
2000
1108
1649
46434
1096
1321
2586
2210
1261
3685
25983
1455
1729
4305
6625
1278
2254
1046
9246
1681
2586
2210
1261
3685
25983
2000
1109
15030
1376
1445
14483
1321
4206
106401
1046
5646
1681
63348
1321
77353
2258
6130
125756
8520
1338
8032
2100
1975
29896
1010
3149
81428
2480
1413
7198
1101
9853
10946
83781
3640
1293
2569
12429
1395
1032
1051
1120
1051
2951
1307
1935
1115
1010
1293
2569
2837
7534
11249
83251
1454
65253
1010
1293
65253
1376
18554
1260
1010
1293
2121
4206
31180
2066
6561
17202
31199
71938
1044
7398
3640
1369
6896
1376
31008
1048
1044
1049
1044
1050
1574
1319
1051
1044
1052
1044
1053
1574
1319
1054
1044
1055
1044
1056
1574
1319
1048
1044
1051
1044
1054
1574
1319
1049
1044
1052
1044
1055
1574
1319
1050
1044
1053
1044
1056
1574
1319
1048
1044
1052
1044
1056
1574
1319
1050
1044
1052
1044
1054
17572
1369
1394
1261
19164
30134
1294
6896
1877
1463
1693
9710
44697
1093
2351
7398
1321
9710
75660
1093
2351
7398
1321
9710
40902
1093
2351
7398
1877
1694
1850
10344
1010
1369
1850
12819
1010
1260
1010
1293
2121
83251
71938
1044
3884
3640
1369
2569
9710
1058
43109
1307
1032
1057
1935
1115
1010
1369
2569
3884
1058
1032
1049
1394
108592
1044
1462
1049
1394
1349
23572
1010
1369
1693
1319
6108
1044
3884
1041
1294
65253
1877
1463
1850
65253
33669
6108
1044
3884
17572
1301
1010
1369
2569
20776
9829
3459
1010
1369
9829
3480
9327
1376
1766
1105
1394
1623
1044
1330
1294
42478
71938
1041
1693
1330
2351
1032
1048
2820
1369
1693
1605
9829
3480
9327
1877
1463
2569
16342
5275
1044
24002
13748
1010
1463
1257
31703
1376
4556
83781
3755
1555
1051
5371
1105
1037
1051
1093
1394
1623
1294
4521
1040
1057
1041
1693
9710
3755
1093
2351
1032
1049
1456
1463
1261
31703
1376
4556
83781
3755
1555
1051
5371
1105
1037
1051
1093
1394
1623
1294
4521
1040
1057
1041
1693
9710
3755
1093
2351
1462
1049
1456
1463
1693
1257
31703
3006
1261
31703
1877
1694
65253
33669
6108
1044
3884
19322
1376
1576
99200
1816
26475
2913
1463
2849
1877
1694
65253
33669
6108
1044
3884
19322
1376
1576
1065
23572
2913
1463
1850
65253
33669
6108
1044
3884
17572
1301
1010
1369
3519
105055
1376
1576
99200
1816
26475
1039
1693
3884
2351
1032
1049
2849
1576
1065
23572
2913
1369
38135
105055
1376
1576
1065
23572
1039
1693
3884
2351
1032
1049
2849
1576
99200
1816
26475
2913
1301
1010
1369
1394
6920
1294
9829
3480
9327
1877
1463
1875
92938
1376
2951
71938
1456
1463
1875
92938
1091
32877
1093
1376
3884
1010
1463
1875
92938
1376
43109
6039
92938
1456
6359
1010
1463
2569
12558
1693
1593
6920
21622
3300
5205
7722
31375
1394
1278
3519
7398
1010
1463
1693
4206
31180
2066
6561
17202
31199
6039
92938
1044
3884
3640
1694
65253
33669
6108
1044
3884
19322
1376
3519
105055
1010
1694
1850
3519
105055
1010
6359
1010
1463
2569
7040
54118
3690
1010
1463
2282
1376
83251
6039
92938
1044
1462
1740
1456
6359
1010
1463
1693
2282
2351
3519
105055
1877
1694
65253
33669
6108
1044
3884
19322
1376
3519
105055
1010
1694
1850
3519
105055
1010
1301
1010
1369
2569
3367
1836
6920
13335
1317
3519
7398
6419
1044
38135
27376
1010
1369
65253
33669
6108
1044
3884
19322
1376
38135
105055
1010
1369
1850
38135
105055
1010
1260
1010
1293
5719
92938
1376
1319
1048
1044
7394
1057
1010
1293
1850
83251
109816
92938
1044
1032
1049
1456
2731
28191
1058
3730
1681
1261
5289
6769
1046
1531
4469
2937
2200
9710
1395
5275
1058
1729
24002
13748
1321
1850
24340
1046
3626
2549
1693
1278
9710
1395
5275
1321
1278
3300
5205
7722
31375
1486
2586
7563
1408
1278
3804
6920
1063
2837
5314
7782
1455
1294
1278
9165
1058
1693
1261
6920
21622
3300
5205
7722
31375
1044
1729
1850
3519
105055
10912
1044
3066
20881
1302
1317
1278
5275
9710
2937
1046
4493
1278
4469
2937
2342
48001
2200
1278
9710
11006
5275
3816
3300
5205
7722
31375
1408
1278
3804
6920
1046
3626
1395
1494
4171
1455
1278
9710
11006
5275
1321
1261
3300
5205
7722
31375
1486
7563
9781
1063
3501
1044
3147
1278
5079
2168
1736
13955
9781
1046
4493
1494
1681
12663
1338
3890
2156
1681
3866
14786
2186
1121
1058
1531
5079
15202
2200
1261
7398
12878
3300
22487
3459
1046
5675
1693
1261
7398
12878
3300
1294
1261
5522
1044
1809
1278
9710
1395
1605
5275
1063
9966
9165
39184
1455
1338
12082
1044
2878
1681
2688
1454
1278
6186
5443
1338
31327
1032
1049
1058
2000
31529
1048
1044
1032
1048
1044
1032
1048
3605
1766
1048
1044
1032
1049
1044
1032
1048
3605
1766
1048
1044
1032
1048
1044
1032
1048
20162
1096
4906
1576
99200
1816
26475
2913
11366
1934
1261
1032
1049
1294
1278
7034
1046
10852
1307
1747
4213
1395
1032
1049
1319
29962
1577
1531
12429
1934
1925
2767
61174
2469
1046
9246
1681
3648
1058
108592
12481
2158
1046
1531
12429
1934
1032
1057
3459
1044
1925
1934
2632
1032
1049
1044
6218
1032
1048
1046
44553
2084
8427
3459
1046
9748
1747
2147
3459
1584
1032
1048
1044
1278
13748
2342
8122
1693
1836
1925
12878
3300
1294
1261
5522
1046
3626
1278
7034
2469
1395
1032
1049
1046
20398
2686
65438
1278
7034
12878
1032
1049
2862
1046
1531
2147
3459
1584
1032
1048
1046
1531
3300
5205
7722
31375
6570
1058
11306
3352
1317
2012
3300
1294
1261
5522
1046
9748
1747
3459
1584
1032
1048
8100
7034
1032
1049
1044
1278
2342
3039
1317
2012
3300
1294
1261
5522
1395
1317
4983
3300
3459
1294
1261
3110
1046
3626
1747
3459
1736
2632
1032
1048
1044
1878
1278
4213
2607
2405
8076
1278
5079
8100
1278
7034
1032
1049
1046
3626
1278
5079
1395
2314
39724
3459
1317
2012
3300
1294
1261
5522
1505
54524
7856
1513
1278
2362
1046
9748
1747
2147
3459
1584
1032
1048
1044
1278
2778
13748
2084
1402
1058
108592
12878
1032
1053
3459
1044
1349
23572
12878
1032
1052
1046
1531
7034
2469
10177
1032
1049
1317
73619
12878
1494
1046
1531
3067
1584
1032
1048
1046
4493
3788
13748
1058
1693
108592
12878
7034
1044
1794
7856
1376
1032
1049
1044
1349
23572
1376
1032
1048
2297
108592
27376
1046
3367
1349
23572
12878
7034
1044
1794
7856
1376
1032
1049
1044
108592
1376
1032
1048
2297
1349
23572
27376
1046
3626
11306
3354
9741
2487
1046
108592
12481
2158
1046
2182
1710
8427
1278
7034
1408
1794
2158
6920
1046
6830
1514
12878
1278
1032
1049
2862
1046
6830
1349
23572
65438
2269
2469
1044
6704
1046
3626
1710
1349
23572
7495
108592
1562
18530
1063
9246
1681
3219
1058
3367
108592
65438
7034
1044
1514
1934
1032
1049
2862
1046
6830
1349
23572
65438
2269
2469
1046
6830
108592
1710
3352
1317
2012
3300
1294
1261
5522
1046
3626
4136
1747
2147
3459
1584
1032
1048
1044
1278
2342
3039
1317
2012
3300
1294
1261
5522
1395
1317
4983
3300
3459
1294
1261
5522
1047
2708
6406
85403
1046
1531
7034
1395
5314
6574
1536
1353
1046
1353
7560
2295
2081
3459
1294
1261
3110
2645
7034
1046
1349
23572
2084
3352
1317
4950
1046
3626
4136
1278
9710
1395
3709
1044
1729
1710
50248
1046
3886
1044
1278
6186
8223
2000
37977
2480
1413
7198
1101
9853
10946
86845
1048
1044
1032
1048
1044
1032
1048
3605
1766
1048
1044
1032
1049
1044
1032
1048
3605
1766
1048
1044
1032
1048
1044
1032
1048
1093
8623
1096
10721
1576
99200
1816
26475
9528
4493
2948
11857
2715
1850
1455
1338
31327
1032
1050
1058
48755
28854
1049
1044
1032
1049
1044
1032
1048
3605
43692
1052
1044
1462
1050
1044
1462
1053
3605
43692
1052
1044
1462
1049
1044
1462
1053
20162
1096
4906
1576
1065
23572
9528
10852
1307
1747
4213
1058
1462
1049
1043
1049
1043
1048
1045
1052
1045
1050
1045
1053
1045
1052
1045
1049
1045
1053
1376
1462
1050
1049
1063
9246
1681
24002
1058
5522
1049
1058
1462
1049
1043
1049
1043
1048
1061
1048
1059
5522
1050
1058
1462
1052
1045
1050
1045
1053
28584
1049
1049
1059
5522
1051
1058
1462
1052
1045
1049
1045
1053
28584
1049
1048
1059
3788
1376
1462
1050
1049
1046
53332
1046
1531
6186
8223
1349
23572
27376
1338
1784
7481
2688
5443
1584
3325
1046
2837
2534
1317
11811
2948
11857
17047
39184
1747
1338
3890
2156
1681
1261
5289
59532
1294
1278
8039
2753
13951
1362
5055
1046
9246
1681
5558
40172
1278
13951
2100
1975
29896
1010
9855
105055
1376
1576
99200
1816
26475
1039
1693
3884
2351
1032
1049
2849
1576
1065
23572
2913
1484
4508
105055
1376
1576
1065
23572
1039
1693
3884
2351
1032
1049
2849
1576
99200
1816
26475
8985
2975
6920
1294
9829
3480
9327
1877
1293
20213
1293
1693
4206
31180
2066
6561
17202
31199
6039
92938
1044
3884
3640
1369
65253
33669
6108
1044
3884
19322
1376
3519
105055
1010
1369
1850
3519
105055
1010
1260
1010
1293
2282
1376
83251
6039
92938
1044
1462
1740
1456
1260
1010
1293
1693
2282
2351
3519
105055
1877
1369
65253
33669
6108
1044
3884
19322
1376
3519
105055
1010
1369
1850
3519
105055
1267
1109
15030
33669
6108
1044
3884
19322
1376
38135
105055
1010
3004
38135
105055
1010
2731
4380
13951
8223
1058
1693
2258
6920
13335
1317
1278
3519
7398
12864
18530
1319
73546
10912
1505
5059
51070
3354
1574
2430
1278
3519
7398
1710
6613
1261
6419
1044
1878
1729
1850
3519
105055
1046
3367
1836
6920
13335
1317
3519
105055
1044
2430
1836
8122
2549
1278
3519
7398
3120
1044
1278
38135
2084
6419
1044
1878
1729
1850
38135
105055
1338
5356
1593
5282
6298
1063
24900
1261
21823
2478
1278
3519
7398
1934
1261
6920
1455
13335
1317
1261
3468
2478
1278
38135
12864
27376
1044
1809
2156
1395
3866
6920
1455
13335
1317
1261
7277
1063
3626
2156
1584
1836
44793
1059
1278
5079
5282
15202
1454
1925
24340
1046
4493
1693
1278
3519
7398
6354
2405
1736
1261
18530
6920
1044
2430
1278
38135
2084
6419
1454
18243
3354
1046
2409
1395
5990
1394
22648
86668
11118
89356
9594
1454
1836
11611
1321
1836
44793
1046
3886
1044
1729
4016
11811
1455
1278
51070
2000
111120
1096
17047
10721
1278
24340
1562
1278
1875
3468
27408
18243
3354
1562
2960
1046
3060
2948
4469
5443
1321
10258
5481
4016
1402
6298
1338
3890
2156
1681
1261
6347
1058
1531
51070
3690
2000
111120
6039
92938
1044
1462
1740
17783
10721
1278
24340
1562
1278
3468
2478
1278
38135
1395
1317
6920
1046
3367
1455
24340
1395
2000
9855
105055
7273
1494
4938
1278
3519
7398
1319
3265
1925
2274
2586
8628
1063
7377
1041
7442
1044
2000
9855
105055
1096
1395
1278
24340
1278
3519
7398
17000
1046
9246
1681
19087
2100
5629
1278
3030
1307
2000
111120
71938
1044
3884
88404
2000
1740
1096
1395
1278
7398
9284
3884
1494
1395
1046
2000
9855
105055
1096
1395
1278
7398
1455
2000
1740
1096
17000
1317
6419
1319
1105
4185
3109
9309
1577
2000
1484
4508
105055
1096
1395
1278
2147
7398
1338
4268
3352
1261
6920
2000
32877
9816
2837
3535
2000
1740
1096
1408
1455
2469
1046
6830
1729
4206
1693
1455
6920
21622
3300
5205
7722
31375
1394
2000
1740
9816
3367
14842
1044
2000
1740
1096
27376
10912
1044
1878
1729
1850
2000
9855
105055
1096
1319
11018
1395
2000
1740
93080
1115
6419
1577
5646
1681
6298
1338
5475
1605
1044
1729
3690
2000
111120
6039
92938
1044
1462
1740
94799
1656
1455
51070
3690
1044
1278
1875
2000
1740
1096
1395
42208
1740
7273
1623
4185
3109
1278
38135
1046
1531
51070
3690
2084
1850
1278
24340
27408
18243
3354
1562
1455
3468
1454
1278
38135
1317
6920
1046
3367
1278
2282
1395
2000
9855
105055
7273
2549
3120
1455
4204
1063
2000
9855
105055
1096
1395
1278
4618
2000
1740
93080
1115
6419
1046
3626
1562
1278
15329
1307
1278
51070
3690
1044
1278
7398
1317
6920
1395
1278
38135
1046
1531
51070
3690
10721
1278
24340
1307
1278
5079
1562
1455
3468
1046
3367
1494
10721
2000
9855
105055
1096
1319
11018
1395
1278
4618
7398
1681
6419
1574
1455
4938
1455
1562
1278
3468
2453
1278
6920
1044
1454
1278
38135
1317
6920
1044
1278
4618
7398
2084
12864
6419
1046
5646
4938
1278
6920
1729
3214
13335
1317
1261
3468
2478
1278
4618
7398
1710
6613
1261
6419
1044
27408
1278
38135
11733
9741
2487
1046
4493
1693
1729
3081
2516
1261
6920
1044
1278
3519
7398
1319
3265
1925
9284
3884
1494
1395
1513
1278
3977
1041
1710
12729
1455
6920
1321
12864
6419
1046
4493
19566
2000
9855
105055
1096
1395
6298
1338
5475
1747
20183
2282
1294
2000
1484
4508
105055
7273
2430
1836
8122
2549
1278
3519
7398
3120
1044
1278
38135
2084
6419
1046
4493
1729
1850
2000
1484
4508
105055
14708
4380
13951
7444
6298
1338
3890
7377
1058
3730
1681
1261
43938
2937
1046
5675
1693
1278
3519
7398
1934
1261
6920
1455
6354
2405
10912
6419
1044
1321
1278
51070
3690
10721
2000
9855
105055
7273
1809
1455
2000
9855
105055
1096
1395
3147
1278
51070
3690
1681
2000
9855
105055
1096
1395
2801
1063
3501
1044
2000
9855
105055
1096
1294
1278
51070
3690
1395
6493
1435
1278
7398
1317
6920
1294
1455
51070
3690
17000
1317
6419
1046
3626
1729
1584
22541
2000
5133
2351
3519
105055
1096
2478
2000
9855
105055
1096
1395
1278
4618
2000
1740
93080
1115
6419
1046
9246
1681
4206
1278
3475
2100
1975
29896
1010
9855
105055
1376
1576
99200
1816
26475
1039
1693
3884
2351
1032
1049
2849
1576
1065
23572
2913
1484
4508
105055
1376
1576
1065
23572
1039
1693
3884
2351
1032
1049
2849
1576
99200
1816
26475
8985
5133
1376
83251
6039
92938
1044
1462
1740
1801
1391
2282
2351
3519
105055
1877
1293
65253
33669
6108
1044
3884
19322
1376
3519
105055
1010
1293
1850
3519
105055
1010
2731
11745
1044
2000
9855
105055
1096
1395
9247
1513
1278
10343
1307
1278
2000
111120
1096
3690
1046
2000
5133
1096
1395
1278
3310
8583
1536
2000
111120
6039
92938
1044
1462
1740
94799
1531
2000
111120
1096
2254
1394
1278
1875
3468
2084
1736
2246
3754
2000
9855
105055
1096
4057
1408
2246
2000
1740
7273
1799
1395
42208
1740
9816
4493
1693
1278
4618
2000
1740
1096
1486
1032
1049
1319
99200
1816
26475
1574
2430
2000
9855
105055
1376
1576
99200
1816
26475
1039
9816
1531
51070
3690
1934
2000
1740
1376
1462
1049
1096
1319
1065
23572
1574
1878
2246
2000
9855
105055
1376
1576
1065
23572
1039
9816
1531
51070
3690
10721
1278
24340
1307
1278
5079
1562
1455
3468
1046
3367
1494
10721
75652
99200
1816
26475
1039
7273
1455
4938
108592
27376
1562
1455
3468
1046
5646
4938
1278
6920
1729
3214
13335
1317
1261
3468
2478
108592
1319
3265
4618
7398
1041
12864
27376
1046
4493
2000
5133
2351
3519
105055
1096
1395
75652
99200
1816
26475
1039
2351
1576
99200
1816
26475
1039
7273
1799
1395
2925
1046
4493
1729
1850
75652
99200
1816
26475
1039
7273
10138
1278
4618
108592
1710
6613
1261
6419
1536
1593
6920
1046
5646
1681
6298
1338
5475
4618
2000
1740
1096
1486
1462
1049
1319
1065
23572
1574
2000
9855
105055
1376
1576
1065
23572
1039
9816
7040
54118
3690
1934
2000
1740
1376
1032
1049
7273
2246
2000
9855
105055
1376
1576
99200
1816
26475
1039
9816
3367
1494
10721
75652
1065
23572
1039
7273
1455
4938
1349
23572
27376
1562
1455
3468
1046
6830
2000
5133
2351
3519
105055
1096
1395
75652
1065
23572
1039
2351
1576
1065
23572
1039
7273
2925
1046
4493
1729
1850
75652
1065
23572
1039
7273
10138
1278
4618
1349
23572
1710
6613
1261
6419
1536
1593
6920
1046
87482
1338
8032
1278
11432
2000
5133
2351
3519
105055
1096
6113
3147
2000
9855
105055
1096
1395
1278
24340
1278
4618
7398
17000
1044
1321
2000
5133
1096
1395
1278
7293
24340
1562
1278
1875
3468
1046
3367
1278
1875
3468
1681
24340
1395
1278
4618
7398
1044
2430
1278
6920
1395
3683
1394
1278
4618
7398
1046
3367
1278
1875
3468
1681
24340
1395
1278
38135
1044
2430
2000
5133
1096
2084
1402
2000
1484
4508
105055
1096
1319
11018
1395
1278
2147
3310
1577
4493
1729
2342
1850
2000
9855
105055
1096
1693
1278
6920
13335
1317
1278
4618
7398
18530
1046
3367
1747
20183
3820
1317
38135
18530
1044
1729
1850
2000
1484
4508
105055
9816
2409
1395
10693
1278
8039
2753
13951
1394
1261
5079
2478
1278
2342
13092
1584
1278
2295
11306
18530
1338
3890
1395
1494
4171
1455
1278
51070
3690
10721
1261
2282
1455
1395
17626
2000
9855
105055
1096
6685
2000
1484
4508
105055
69524
3501
1044
3147
1278
2342
4171
10721
1562
2000
111120
1096
1584
75652
99200
1816
26475
69066
1505
75652
1065
23572
1039
9816
3060
2000
9855
105055
1096
1321
2000
1484
4508
105055
1096
1584
10693
3385
2295
18451
1044
2586
130972
14611
1408
9284
3884
1494
1395
1046
4493
2000
5133
1096
2084
5282
1402
1925
1307
2424
1046
3060
2000
9855
105055
1096
1395
1925
1307
2424
1044
2000
1484
4508
105055
1096
1395
1278
2147
1046
4493
1278
6570
2000
5133
2351
3519
105055
1096
2084
1402
2925
1693
1278
2282
14175
1278
4618
7398
1681
14024
6419
1044
1321
3276
12233
1319
11018
4938
1494
14175
1278
38135
1681
6419
1577
4493
1278
13951
1395
7759
1338
12082
1044
1729
4016
11811
1455
1278
4469
2937
2200
9710
1395
5275
17047
108462
1278
24340
4057
1408
13748
1046
1656
1455
4469
2937
1044
1729
24002
2000
1116
31703
1096
1321
2000
1097
31703
9816
9748
1278
4556
1307
1747
4213
1395
13509
1044
1925
2084
1402
36993
7607
1046
4493
1729
1850
1278
1925
1454
4853
7856
1046
3626
9134
1058
1531
13748
1584
21564
1536
126556
1278
4618
12429
4213
1394
3459
13949
1032
1049
1319
99200
1816
26475
1041
1321
1462
1049
1319
1065
23572
1577
3626
1395
1455
6298
1063
1531
11306
1736
43323
13748
1562
1278
3459
2127
35902
1046
9748
1747
3459
1584
35902
1044
1278
2778
13748
1584
16106
1278
4556
1307
1278
4213
1307
1278
3459
2744
7398
13955
2015
1454
1046
3886
1044
1729
4016
1402
25052
1058
1531
12429
4213
1584
1278
4618
4213
1046
1531
11306
1039
13748
1584
10693
3385
4213
1046
4493
14842
1338
3890
7377
1058
1531
10469
4150
1058
1429
7651
1261
7398
71222
1261
2469
1044
2127
7856
1278
5305
1294
1455
2469
1321
15504
1494
2034
4558
2613
4493
1278
7856
1395
1278
2632
1307
1278
2469
1046
3931
1278
2362
1044
1693
1747
3459
1584
35902
1044
1278
3788
7856
1394
108592
1395
1278
4556
1307
4213
1307
1747
3459
1514
35902
1044
1321
1394
1349
23572
1278
4556
1307
4213
1307
1747
3459
1514
35902
1046
9748
1747
3459
1584
35902
1044
1278
3788
4556
1307
2960
13748
33197
1278
4556
1307
1747
12429
4213
1046
3060
4136
4556
1395
13509
1044
1925
1395
9039
1046
4493
2948
2778
7856
11432
1395
6298
1338
12082
1044
1729
2534
1317
11811
1455
1278
2000
111120
1096
2254
17047
39184
1278
2937
2478
1261
7398
12878
3300
1294
1261
5522
1408
2034
6920
1044
1321
1278
5079
15202
10912
1046
2837
5314
1653
1455
1338
3890
2156
1681
3866
2937
1058
5675
1693
1261
7398
12878
3300
1294
1261
5522
1044
1809
1278
9710
1395
1605
5275
1044
1321
1278
5079
15202
1046
5646
1681
33791
1338
12082
1044
2878
1681
2688
1454
1278
2158
6186
23898
1505
3648
2314
5289
8520
1338
31327
1032
1049
1058
2000
31529
1048
1044
1032
1048
1044
1032
1048
3605
1766
1048
1044
1032
1049
1044
1032
1048
3605
1766
1048
1044
1032
1048
1044
1032
1048
20162
10632
11366
1058
7034
1395
1032
1049
1044
6218
1032
1048
1046
32955
9710
9829
1044
1353
1317
6920
1626
17573
2000
111120
1096
2084
20225
20183
1046
1353
1710
8427
2258
1307
1032
1057
3459
1046
3367
1353
65438
7034
1319
4190
1032
1052
1574
1875
92938
1934
1353
1513
7034
1046
12558
3300
5205
7722
31375
1058
7034
9412
6354
2405
3180
3300
1294
1261
5522
1046
6830
51070
3690
1454
1349
23572
1317
6920
1046
1349
23572
2084
3352
1317
7495
1353
1562
18530
1046
53114
1044
1278
5079
4139
2362
1454
1353
18530
3147
1353
1934
1278
7034
1321
1710
6613
1261
6419
1063
9246
1681
3219
1058
1353
12878
7034
1319
1049
2862
1577
1349
23572
65438
2269
2469
1046
6830
1353
1710
8427
3866
2469
1317
3352
1317
2012
3300
1294
1261
5522
1046
3626
4136
1747
2147
3459
1584
1032
1048
1044
1278
2342
3039
1317
2012
3300
1294
1261
5522
1395
1317
4983
3300
3459
1294
1261
3110
1046
5930
7034
1353
1044
1353
7560
2295
2081
3459
1294
1261
5522
1047
2708
6406
85403
1046
1349
23572
2084
4950
1046
3626
1353
1934
1032
1053
20183
3788
1044
1349
23572
1032
1052
1046
9748
1353
12481
2158
1044
1353
1710
5282
12864
2012
3300
1294
1261
5522
1063
3247
13162
1278
5079
12481
1317
5275
9710
1321
13748
16859
1046
9246
1681
19087
1058
3367
1353
65438
7034
1044
1353
1934
1032
1049
2862
1046
1349
23572
65438
1261
15552
1044
4150
3977
19143
1046
6830
1353
65438
3866
15552
1063
49032
1044
1353
4139
1402
5083
1317
6613
1261
3300
5205
7722
31375
1046
3626
1278
6186
8223
1353
27376
1046
9966
11857
2715
1850
1576
99200
1816
26475
9528
1362
12319
1494
2084
1338
31327
1032
1050
1058
48755
28854
1049
1044
1032
1049
1044
1032
1048
3605
43692
1052
1044
1462
1050
1044
1462
1053
3605
43692
1052
1044
1462
1049
1044
1462
1053
20162
1096
4906
1576
1065
23572
9528
9966
11857
2715
1850
1576
1065
23572
34710
12082
1044
5289
8520
1454
1278
11857
2100
1049
1046
1531
2000
111120
1096
2254
4139
1736
1261
4329
82642
12883
1063
8923
12883
1032
1057
1044
7771
1626
1050
1046
1531
65253
3229
25983
1395
1651
2254
3690
1044
1878
1494
1681
14420
1394
2744
12429
1046
13649
1626
1051
1046
1531
2000
6390
31180
2066
6561
17202
31199
1096
2254
29196
1747
1032
1056
6896
1046
87482
1626
1052
1046
1531
4469
2937
2200
9710
1395
5275
1058
1729
24002
13748
1536
125189
2136
1278
9710
43109
1321
24124
1693
9710
3755
1093
2351
1032
1049
1505
1462
1049
1046
3626
9134
1058
1531
9710
43109
1934
1032
1049
1394
1353
1044
1462
1049
1394
1349
1044
1032
1048
1394
9829
1046
3931
1278
4469
2937
1044
2156
1584
1836
9829
3459
1044
1878
1747
1584
1032
1049
1505
1462
1049
1046
4493
1729
4556
12429
3755
1555
1051
5371
1105
1037
1051
1093
1394
1623
2478
9710
3755
60692
1049
1044
6704
1046
5646
1681
6298
1626
1053
1046
1531
5719
3690
1058
2000
29558
92938
1376
1319
1048
1044
7394
1057
7273
2000
111120
109816
92938
1044
1032
1049
94799
14910
1032
1049
1395
108592
1338
3890
7377
1058
3730
1681
1261
43938
2862
1046
1531
5079
10469
1058
1429
36686
11306
3354
9741
2487
1046
1531
4556
1307
1747
4213
1294
1278
12429
1395
42296
1317
1402
13509
2613
3060
1429
1784
5079
15202
2200
1058
1462
1349
7398
12878
1032
1051
22487
3459
1307
2034
4558
1319
2041
1047
9615
6406
1105
28052
1041
1462
1455
7398
27376
1462
3797
3459
1584
35902
1462
1278
7398
1454
4853
3788
7856
27376
3871
4493
1693
1261
7398
12878
3300
1294
1261
5522
1044
2127
6419
10912
1044
23973
1307
13748
1046
9966
11857
3120
1455
1338
3890
2156
1681
1261
6582
1741
1058
5675
1693
1261
7398
7510
1261
6920
1455
10177
2424
3300
1294
1261
5522
1044
1809
1278
38135
2095
1934
3300
1294
1261
5522
1063
5646
1681
16501
3147
2342
1925
7398
2586
8628
1044
1321
3300
1294
1261
5522
10867
3300
1307
2034
4558
1046
1531
2147
7398
1681
3300
1294
1261
5522
2168
1736
2151
7563
9781
1044
1799
2168
1736
13955
1278
5079
1046
4493
1836
6769
1338
18661
6582
1741
1058
1531
11306
12729
7496
3459
1046
1429
12320
3459
1034
4938
9829
3459
1046
13830
1338
12082
1044
2878
1681
3648
2314
1278
9741
5594
1307
1278
8039
2753
13951
1362
5055
1046
3316
1494
4171
1455
1278
3519
7398
1934
1261
6920
1455
13335
1317
1261
3468
2478
1278
38135
12864
27376
1044
1809
1278
3519
7398
2095
1934
1261
6920
1455
13335
1317
1261
3468
2478
1278
3519
7398
12864
27376
1063
9966
9165
29196
20183
1294
2269
3542
1044
1321
1693
2258
6920
13335
1317
2000
9855
105055
7273
1729
10912
1850
2000
9855
105055
1096
1321
5304
1046
5646
1681
6298
3147
1278
3519
7398
2084
12729
1261
18530
6920
1693
1925
12123
1046
3367
1836
6920
13335
1317
2000
9855
105055
7273
1729
1850
2000
1484
4508
105055
9816
2409
41633
1455
1693
1278
3519
7398
6354
2405
1736
1261
18530
6920
1044
1278
38135
2084
6419
1454
18243
3354
1046
2409
1395
2925
1394
9839
3686
22648
86668
9594
1454
1836
11611
1321
1836
23068
1044
1435
2730
1435
1278
5079
1395
42296
1317
60639
1321
1736
1261
24340
1046
9966
5079
5282
112219
3147
1278
9710
63758
2015
1505
8381
12878
3300
1294
1261
5522
1046
3060
2156
1584
1836
44793
3147
4556
1395
13509
1321
2778
13748
8497
1261
24340
1046
4493
1278
13951
1395
6298
1338
3890
7377
1058
3730
1681
1261
5289
6769
1454
1278
51070
3690
1046
1531
51070
3690
2000
111120
6039
92938
1044
1462
1740
17783
10721
1278
24340
1562
1278
1875
3468
27408
18243
3354
1562
2960
1046
3626
2948
2000
111120
1096
2254
1681
13951
1307
1429
1391
2258
6920
13335
1317
3519
7398
6419
1044
1850
3519
7398
6419
1059
2849
1850
38135
6419
1034
1395
10693
1278
8039
2753
1046
3886
1044
1729
4016
11811
1455
1278
2000
111120
1096
2254
7423
8942
1278
2879
13951
103194
1046
3060
1494
3120
1044
3147
1494
1934
1278
2879
5194
1046
4493
1494
1681
1261
5990
51070
8039
2753
1338
12598
1681
2688
1278
13951
1408
1261
3435
6165
75275
12429
1317
3219
1693
1494
7510
7453
1338
71158
12429
1395
1747
49846
1046
10852
1395
1032
1048
1044
1809
4127
68783
4556
1395
13509
1044
1878
1605
1747
49846
1046
3626
1394
10418
13951
1044
1693
1747
49846
1044
1278
5079
2168
2362
1454
5275
9710
1321
13748
1747
11118
1044
1809
4556
13509
38300
1455
1046
4493
1729
2607
2405
2534
1317
20404
2314
1747
49846
1338
18661
2688
1058
56586
1261
12429
2478
108592
1710
6613
1261
3300
5205
7722
31375
1408
1794
2158
6920
1063
3626
3300
5205
7722
31375
10867
3300
3459
1044
1878
2158
6920
1710
2405
5628
3300
1294
1261
5522
1046
4493
1278
5079
5282
12481
1513
4403
1261
4517
20183
1338
1073
3648
1278
11857
1395
6298
1338
3890
2878
1681
3369
1278
14541
1307
28922
35341
1063
3501
1044
3147
1278
9710
3468
5266
1319
87658
1974
1562
1032
1048
1317
1032
1049
1505
1462
1049
1574
1321
1729
4772
30915
1276
1261
3468
1454
1278
2879
3884
1063
49032
1044
1729
2481
30915
1276
1261
3468
1693
1278
2879
9710
1321
3884
7260
1044
1809
4136
1729
2342
2229
26607
1044
1278
2782
1307
26607
11462
1044
1878
1278
3468
5702
1395
1261
1407
6970
1046
4493
1836
23068
1046
12536
1111
3229
1395
12663
1338
12082
1044
2878
1681
3648
2314
6103
1046
1531
2782
1307
8164
1651
12429
1058
1531
9710
1934
1032
1057
3459
1044
2744
1710
1402
1032
1048
1044
1049
20879
1049
1044
1809
1454
1278
16009
1455
1278
2782
1307
1032
1049
1115
1321
1462
1049
1115
2349
1536
1513
2725
1032
1049
1319
31346
11306
35368
1577
3060
1278
3884
13709
9284
3884
1494
1395
1046
1531
2782
1307
8132
1638
8164
1395
1278
2782
1307
9384
1317
3535
2015
1317
1032
1057
26607
1454
58531
19685
1046
2157
1681
1513
2725
1278
2782
1307
5079
14170
1044
1799
1395
1032
1057
1033
1376
1032
1051
1054
1050
1044
1056
1056
1048
1046
3626
1454
65253
3229
1044
1729
2342
15013
2744
3468
5785
1046
1032
1051
1054
1050
1107
8164
1395
3435
18108
1638
1294
17616
1046
1531
2000
111120
1096
2254
2084
1402
4418
1513
2725
5785
1651
3468
1046
1531
2000
6390
31180
2066
6561
17202
31199
1096
1395
1535
1040
1049
1577
4493
9698
2142
1651
12429
1395
1261
4517
71984
1046
5930
1032
1051
1048
2688
5443
1044
3788
2142
13162
1261
2667
1505
2295
1046
27912
1402
7771
1338
3890
1729
4016
1402
25052
1058
1531
2000
111120
1096
2254
1435
8360
1934
1261
9165
2136
9829
3459
1046
2898
2744
6920
1044
1494
21622
1261
1875
9710
1044
29196
3300
5205
7722
31375
1044
1321
103194
1710
3178
1010
50648
1267
50648
50648
50648
1394
3120
1010
1802
1267
13921
1010
23908
1046
1261
1550
2494
1261
1010
24210
24210
1261
4048
27820
1032
1710
4529
1261
1319
28535
1319
1261
98612
1261
20213
1261
1010
1261
3582
7535
1409
1267
4324
9283
1261
38659
73786
11180
1261
11
1010
10
3263
1267
16994
4607
6983
9700
1278
9458
1046
9380
1681
1278
3880
1877
1032
8933
92367
1112
1056
1069
5038
1938
1056
1097
1070
8261
1897
3110
1032
1053
1056
1010
1293
3316
1593
5282
6298
1063
24900
1261
21823
2478
1278
3519
7398
1934
1261
6920
1455
13335
1317
1261
3468
2478
1278
38135
12864
27376
1044
1809
2156
1395
3866
6920
1455
13335
1317
1261
7277
1063
3626
2156
1584
1836
44793
1059
1278
5079
5282
15202
1454
1925
24340
1046
4493
1693
1278
3519
7398
6354
2405
1736
1261
18530
6920
1044
2430
1278
38135
2084
6419
1454
18243
3354
1046
2409
1395
5990
1394
22648
86668
11118
89356
9594
1454
1836
11611
1321
1836
44793
1046
3886
1044
1729
4016
11811
1455
1278
51070
2000
111120
1096
17047
10721
1278
24340
1562
1278
1875
3468
27408
18243
3354
1562
2960
1046
3060
2948
4469
5443
1321
10258
5481
4016
1402
6298
1626
32457
32457
32457
32457
10170
127578
77307
4507
1058
5995
2422
1621
3310
42715
1319
13300
5573
1513
3110
1032
1053
1056
1801
4688
2892
75956
1419
1044
1593
1395
2143
6255
1058
18228
1278
3629
2254
21734
1321
8953
3607
1044
10886
5687
1278
2254
5055
1321
2764
1747
1278
9458
1046
1603
24151
16424
70914
84674
14671
48761
1083
25461
4568
2715
30711
1278
3475
1636
13330
1294
1261
1335
107485
3475
4950
1319
3038
44642
1041
1319
43880
2084
80858
1278
4618
7389
1041
11
1010
10
1503
19464
1010
12
13
1010
1975
29896
1010
5011
38227
2671
5247
4688
3149
81428
2480
1413
7198
1101
9853
10946
83781
1058
5247
1091
2525
59939
1093
8623
4906
2011
1877
1293
19639
11384
1261
13330
81428
2848
1413
6793
1101
5079
1408
1261
1032
1051
1120
1051
12429
2478
2744
2469
1934
1261
2632
1338
1293
108592
1319
11517
7398
1041
1321
1349
23572
1319
13023
7398
1041
4069
19685
34639
7496
3459
1626
1293
4925
1261
7398
71222
1261
2469
1044
2127
7856
1278
5305
1294
1455
2469
1321
15504
1494
2034
4558
1010
1293
1319
99200
1816
26475
1058
4804
1044
1349
23572
1058
10991
2519
1293
1531
5079
15202
2200
1877
1293
1462
1349
7398
12878
1032
1051
22487
3459
1307
2034
4558
1319
2041
1047
9615
6406
1105
28052
1041
1462
1455
7398
27376
1010
1293
1462
3797
3459
1584
35902
1462
1278
7398
1454
4853
3788
7856
27376
1267
1293
12953
11306
3354
9741
2487
1046
1531
4556
1307
1747
4213
1294
1278
12429
1395
42296
1317
1402
13509
1338
1293
64664
1877
1369
12429
1058
1349
1032
1051
1120
1051
12429
1307
38801
19681
2469
4213
1267
1293
20527
1877
1369
1429
99200
1816
26475
1034
1693
108592
27376
1044
1429
1065
23572
1034
1693
1349
23572
27376
1010
1293
13118
1293
65253
1376
32753
1293
2121
3300
6561
31199
71938
1044
7398
3640
1369
6896
1376
31008
1048
1044
1049
1044
1050
1574
1319
1051
1044
1052
1044
1053
1574
1319
1054
1044
1055
1044
1056
1574
1319
1048
1044
1051
1044
1054
1574
1319
1049
1044
1052
1044
1055
1574
1319
1050
1044
1053
1044
1056
1574
1319
1048
1044
1052
1044
1056
1574
1319
1050
1044
1052
1044
1054
17572
1369
1394
1261
1044
1289
1044
1272
1294
6896
1877
1463
1693
9710
44697
1093
2351
7398
1321
9710
75660
1093
2351
7398
1321
9710
40902
1093
2351
7398
1877
1694
1850
10344
1010
1369
1850
12819
1267
1293
2121
83251
71938
1044
3884
3640
1369
3844
1376
1319
6108
1044
3884
1456
1369
1693
3844
1294
65253
1877
1463
1850
65253
30083
3563
1369
9829
1376
1766
1105
1394
1623
1044
1330
1294
42478
71938
1041
1693
1330
2351
1032
1048
2820
1369
1693
1605
9829
1877
1463
2569
16342
1395
5275
1321
1836
3300
5205
7722
31375
1486
7563
9781
1010
1463
1257
31703
1376
4556
83781
3755
1895
1032
1051
5371
1105
2545
1032
1051
1093
1394
1623
1294
4521
1040
1057
1041
1693
9710
3755
1093
2351
1032
1049
1456
1463
1261
31703
1376
4556
83781
3755
1895
1032
1051
5371
1105
2545
1032
1051
1093
1394
1623
1294
4521
1040
1057
1041
1693
9710
3755
1093
2351
1462
1049
1456
1463
1693
1257
31703
3006
1261
31703
1877
1694
24340
1376
1576
99200
1816
26475
2913
1463
2849
1877
1694
24340
1376
1576
1065
23572
2913
1463
65253
30083
1093
1376
24340
1010
1463
1850
24340
1267
1369
3519
105055
1376
1576
99200
1816
26475
1039
1693
3884
2351
1032
1049
2849
1576
1065
23572
2913
1369
38135
105055
1376
1576
1065
23572
1039
1693
3884
2351
1032
1049
2849
1576
99200
1816
26475
8985
1369
1394
6920
1294
9829
1877
1463
1875
92938
1376
2951
71938
1456
1463
1875
92938
1091
32877
1093
1376
3884
1010
1463
1875
92938
1376
43109
6039
92938
1801
1463
2569
3367
1593
6920
21622
3300
1294
1261
5522
1394
1278
7398
2274
2586
8628
1044
2127
6419
10912
1010
1463
1693
3300
6561
31199
6039
92938
1044
3884
3640
1694
65253
30083
1093
1376
3519
105055
1010
1694
1850
3519
105055
1267
1463
2569
35909
1044
8214
1278
5079
1454
1278
2147
7398
1317
6920
1010
1463
2282
1376
83251
6039
92938
1044
1462
1740
1801
1463
2569
3367
1593
6920
12864
13335
1317
1278
3519
7398
18530
1044
4069
1494
1010
1463
1693
2282
2351
3519
105055
1877
1694
65253
30083
1093
1376
3519
105055
1010
1694
1850
3519
105055
1267
1369
2569
3501
6920
13335
1317
1261
6419
1394
1278
3519
7398
1059
38135
27376
1010
1369
65253
30083
1093
1376
38135
105055
1010
1369
1850
38135
105055
1267
1293
5719
92938
1376
1319
1048
117907
1364
1032
1057
1010
1293
1850
83251
109816
92938
1044
1032
1049
1456
1975
11
1010
10
3263
1267
16994
4607
6983
9700
1278
9458
1046
9380
1681
1278
3880
1877
17595
3581
1319
5943
8531
3690
3804
3640
1032
8933
92367
1834
1070
1072
1107
1088
1077
11204
1072
8261
1897
3110
1032
1049
1051
1049
1044
1294
1534
13655
1561
1293
4206
4039
1290
2480
1413
7198
1101
9853
10946
1456
1032
8933
92367
1834
1070
1072
1107
1088
1077
11204
1072
8261
1897
3110
1032
1051
1054
1044
1294
4206
1010
1293
6852
15605
86845
1050
1050
1054
1051
1056
1055
1053
1056
1057
1044
1462
1049
1049
1051
1056
1056
1055
1048
1053
1044
1032
1057
1051
1051
1052
1051
1054
1051
1051
1048
3605
1766
1053
1050
1053
1052
1055
1057
1057
1053
1052
1044
1462
1055
1056
1053
1057
1049
1050
1053
1048
1048
1044
1462
1053
1049
1051
1057
1053
1055
1050
1051
1054
3605
1766
1051
1048
1057
1056
1050
1054
1052
1050
1050
1044
1462
1056
1056
1056
1052
1055
1051
1053
1054
1049
1044
1032
1052
1057
1054
1050
1050
1053
1056
1054
1054
1093
8623
2351
1576
1065
23572
2913
6367
12032
48697
48697
48697
48697
48697
48697
48697
48697
48697
48697
48697
48697
48697
48697
48697
48697
48697
48697
48697
48697
48697
48697
48697
48697
48697
48697
48697
48697
48697
48697
48697
48697
48697
48697
48697
48697
48697
48697
48697
48697
48697
48697
48697
48697
48697
48697
48697
48697
48697
48697
48697
48697
48697
48697
48697
48697
48697
48697
48697
48697
48697
48697
48697
48697
1010
31929
1292
4507
89644
2892
75956
1419
1044
1593
1395
2143
6255
1058
18228
1278
3629
2254
21734
1321
8953
3607
1044
10886
5687
1278
2254
5055
1321
2764
1747
1278
9458
1046
1603
24151
16424
70914
84674
14671
48761
1083
25461
4568
2715
30711
1278
3475
1636
13330
1294
1261
1335
107485
3475
4950
1319
3038
44642
1041
1319
43880
2084
80858
1278
4618
7389
1041
11
1010
10
1503
19464
1010
12
1010
12
4268
1584
4265
1261
4127
1058
5687
2000
37977
2480
1413
7198
1101
9853
10946
1096
2254
1455
28857
24340
1307
1261
13330
81428
2848
1413
6793
1101
5079
1046
1531
2254
21734
1321
8953
3607
1584
5662
1046
2837
2534
1317
10886
5687
1278
2254
1321
2764
1747
9458
1046
1531
9458
1584
4265
1294
1261
2000
6390
1096
2254
1044
1809
1729
1584
7427
1605
1317
22347
1278
9458
1046
1531
9458
1584
3325
109595
1046
1531
3330
7867
1420
3336
1307
3880
1058
2034
4607
11708
9700
1408
1925
1307
1278
2688
5443
1319
3265
1032
1049
1053
1411
57500
13162
1577
2837
2534
1317
9470
1261
6298
11708
1455
22405
1747
9458
1338
4268
2534
1317
5048
1278
5079
10469
2100
1045
1032
1051
1120
1051
12429
1307
38801
1626
1045
108592
1319
11517
1041
1321
1349
23572
1319
13023
1041
4069
19685
34639
7496
1319
12647
1041
3459
1626
1045
4925
1261
7398
71222
1261
2469
1044
2127
7856
1278
5305
1294
1455
2469
1321
15504
1494
2034
4558
1319
99200
1816
26475
1058
4804
1044
1349
23572
1058
10991
4342
1045
9856
15202
2200
1877
1256
1462
1349
7398
12878
1032
1051
22487
3459
1307
2034
4558
1319
2041
1044
5535
1044
44297
1041
1462
1455
7398
27376
10912
1626
1256
1462
3797
3459
1584
35902
1462
1278
7398
1454
4853
3788
7856
27376
1046
1319
16536
1307
1747
4213
1294
12429
1395
42296
1317
1402
13509
1044
1878
1836
21513
14390
36686
11306
3354
9741
2487
1046
2837
2534
1317
4848
1429
99200
1816
26475
1034
1505
1429
1065
23572
7223
4268
2534
1317
24002
1278
14162
1454
9839
3354
1338
4380
1395
1261
22648
9839
5205
7585
11118
89356
5079
1319
4562
1605
36993
11118
89356
3147
13748
8122
1044
1809
14162
1395
6419
1047
12256
1577
9748
4556
1395
13509
1044
2778
7856
11432
5282
10177
1261
24340
1338
1784
3468
5702
1058
1032
1057
3459
1044
2744
1710
1402
9829
1044
108592
1044
1505
1349
23572
1046
44553
35368
1046
108592
12878
1032
1053
3459
1044
1349
23572
12878
1032
1052
1319
31346
108592
16896
1577
1531
3788
2782
1307
4171
9594
1395
1032
1057
1033
1376
1032
1051
1054
1050
1044
1056
1056
1048
6920
14170
1044
1809
3325
1584
1517
100947
3147
5079
15202
2200
8381
12878
3300
1294
1261
5522
1338
4268
2534
1317
5687
1261
8039
2753
1047
6385
72730
6123
1454
65253
3229
1317
8497
1278
24340
1562
1278
5719
9829
9710
1454
108592
1317
6920
1338
17573
4607
6983
1880
1261
13951
3880
1455
9147
1420
57500
10890
1408
1261
4811
2688
1046
2837
2534
1317
6298
1278
11708
1338
12598
1681
26812
1278
4127
1321
3936
1261
6298
5097
1338
4268
2534
1317
21966
3244
1278
5079
1338
10107
1044
15676
1058
1531
12429
1934
15748
4213
1046
1531
9710
3468
1710
1402
12685
1435
1261
1032
1051
1120
1051
12429
1307
26607
1319
1048
1061
12647
1044
1032
1049
1061
99200
1816
26475
1044
1462
1049
92095
23572
1041
1321
1729
2095
1736
1278
4618
12429
4213
1394
21515
1338
5629
2258
2862
1044
1729
1710
4206
1693
1278
7398
2274
2586
8628
1934
7563
1261
3110
1307
3300
1307
2034
4558
1046
3367
1878
1044
1455
7398
27376
10912
1338
5475
1278
9710
11006
5275
1319
1057
3459
35902
1041
1321
1836
1925
1934
3300
1294
1261
5522
1044
2430
1729
14068
3788
13748
1058
108592
1681
4556
1307
4213
1307
1794
3459
8070
1349
23572
1681
4556
1307
4213
1307
1794
3459
1046
9748
3788
4556
1307
1747
4213
1395
13509
1044
1925
2084
1736
4853
4556
1338
36686
11306
3354
9741
2487
1317
6419
1046
3367
1261
7398
1710
6613
1261
6419
1044
2127
2084
1046
3367
2127
6560
6613
1261
6419
1044
2127
4139
3352
1317
54524
2034
7856
1063
3626
1278
14162
1395
18246
1058
5250
108592
27376
1505
1349
23572
27376
1046
3730
1681
1836
7277
1046
4493
18243
3354
4938
2744
7398
71222
20183
1317
11811
2127
6419
1693
4171
1059
1693
2127
6560
6613
1261
6419
1044
2127
4139
3352
1317
6613
1261
6419
1394
9309
1063
49032
1044
1294
1261
22648
86668
9839
5205
7585
5079
1454
2342
2295
13092
1319
10232
1394
7398
1032
1049
1505
6419
1394
7398
1032
1050
1574
1429
3378
1302
9741
2487
1034
4938
2744
7398
71222
20183
1455
54524
2034
11611
1307
18530
1044
1799
1294
2516
9594
1395
14259
1317
12440
1317
6419
1693
4171
1044
1321
1693
1605
1044
2127
4139
3637
3352
1317
54524
4433
1044
1809
4136
2156
1681
1836
11611
1044
1278
5079
1934
1261
7847
14162
1562
1278
3030
1454
9839
3354
1046
4493
1729
1710
2586
24002
1278
8039
2753
2632
1058
1032
1049
1693
108592
27376
1044
1032
1048
1693
1349
23572
27376
1044
1321
11306
54524
27878
128857
6505
1338
34976
1044
1729
1710
1653
1261
51070
8039
2753
6123
1454
65253
3229
1046
1531
3468
1058
9710
10254
1319
11018
3459
1584
6574
1536
12970
1041
1321
9284
3884
1494
1395
1046
9748
1278
12429
4213
1584
9247
1651
2254
3690
1044
1729
1710
43144
2424
1294
1278
13664
1338
4268
2534
1317
1402
25052
1058
1531
3300
5205
7722
31375
6570
1710
1402
17155
2453
2744
6920
1046
3367
1261
7398
12878
3300
1294
1261
5522
1044
1278
5079
15202
10912
1044
1321
1455
7398
27376
1046
4493
1294
1278
6123
1044
2200
1261
7398
7510
1261
6920
1044
1729
4206
1693
1455
6920
21622
1261
3300
5205
7722
31375
1394
1455
7398
1046
3367
14842
1044
1455
6920
1395
1261
18530
6920
1394
1455
7398
1044
1321
1729
2607
2405
2534
1317
20225
4514
1562
1455
3468
1338
5475
1278
6920
3120
1605
4305
3300
5205
7722
31375
1044
1321
1278
9710
1395
5275
1044
2430
1729
15013
2778
13748
1321
8497
24340
1338
5475
1278
6920
3120
1605
4305
3300
5205
7722
31375
1044
1321
9710
1395
1605
5275
1044
1729
103194
15013
1278
9903
3468
1454
1278
2147
7398
1317
6920
1338
12082
1044
1278
8039
2753
1058
2837
2534
1317
8497
1044
1562
1261
4265
3468
1044
2274
27376
1454
18243
3354
1046
9748
1278
5079
1395
22648
1321
86668
1044
1729
1710
2210
1261
5990
51070
2254
1455
10721
1278
24340
11875
99200
1816
26475
1039
1505
1576
1065
23572
1039
2519
3890
1729
4016
11249
1278
13664
1307
10258
8164
2100
1045
3367
1261
7398
1934
2586
3214
1261
6920
1455
3657
1294
3300
1294
1261
5522
1044
1455
7398
27376
10912
1046
4493
1294
1278
51070
5966
1044
2453
1261
7398
7510
1261
6920
1044
1693
3300
6561
17202
31199
1395
2925
1394
1455
7398
1044
1850
1455
7398
1681
6419
1338
1045
3367
1278
9710
1395
5275
1321
1836
3300
5205
7722
31375
1044
2430
14068
13748
1058
1693
108592
1681
3788
3006
1349
23572
1681
3788
1044
108592
27376
1059
2849
1349
23572
27376
1046
1319
16840
4556
1395
13509
1044
1836
21513
14390
12082
1044
1278
51070
2254
2000
1115
17265
71938
1044
3884
17783
2478
2000
6108
1096
1395
1261
43109
1307
1032
1057
38801
1319
1048
1061
12647
1044
1032
1049
130700
1044
1462
1049
92095
1041
1321
2000
1740
1096
1395
1032
1049
1394
108592
1044
1462
1049
1394
1349
23572
1046
2157
10721
1278
24340
1338
3890
1729
2534
1317
1402
25052
2314
1278
3542
1307
29196
1046
1656
1278
2254
1044
1729
1584
1513
1278
3030
1307
1261
3884
1046
2837
2084
3369
1747
9829
3459
1046
2898
2744
9829
2469
1044
1729
50248
32283
1278
3519
7398
1681
3780
1046
6830
1729
4206
1693
1455
6920
21622
3300
1294
1261
5522
1394
1278
3519
7398
1046
3367
14842
1044
2430
1278
3519
7398
27376
10912
1044
1878
1729
1710
1850
1455
7398
1681
2564
1435
1278
14162
1562
1593
3468
1319
31346
1278
3519
7398
2084
12729
1261
18530
6920
1693
5178
1577
3367
1605
1044
1321
1278
9710
11006
5275
1319
2649
9829
3459
3979
2453
1593
6920
1063
49032
1044
1729
1584
32283
1925
3780
1044
1878
2453
32283
1044
1693
1278
9710
11006
5275
1321
1836
3300
1294
1261
5522
1044
1729
15013
13748
1577
3367
9710
1605
5275
1044
1729
103194
3690
2000
1115
17265
1096
1454
1278
2147
7398
1317
6920
1044
1321
1278
2282
1307
1455
51070
3690
1395
1278
24340
1562
1455
2862
27408
18243
3354
1046
6830
1278
3519
7398
2084
12729
1261
6920
1455
13335
1317
2034
6419
1693
4171
1338
3890
1729
2534
1317
11249
1278
8039
2753
17103
1046
9748
1278
5079
1395
11118
89356
1454
2342
2295
13092
1044
1729
1710
16426
1261
2632
1058
1032
1049
1693
108592
27376
1044
1032
1048
1693
1349
23572
27376
1046
6830
108592
1319
46534
7463
1041
17000
1317
54524
1593
2632
1044
1349
23572
1319
2422
1329
7463
1041
17000
1317
33945
1046
3886
1044
1729
1710
2586
2210
1278
3310
1850
1321
13951
1058
1693
3519
7398
1395
108592
1044
1514
17000
108592
1317
6419
1059
1693
1349
23572
1044
1514
17000
1349
23572
1317
6419
1338
34671
5125
1058
1656
2000
1115
17265
71938
1044
3884
17783
2100
1045
3367
1278
4607
6920
5314
14246
1294
1261
6419
1063
49032
1044
1729
1710
5194
1494
2516
1455
1729
2342
3690
2000
1115
17265
1096
2200
1278
5079
1395
1605
6727
2136
1046
3626
16163
1058
2837
1710
1736
2000
1115
17265
1096
14649
1455
1278
3468
1395
5746
1319
2649
3300
5205
7722
31375
6727
1044
1321
1494
1681
2000
1740
93080
1115
3884
1577
6830
1729
3352
1747
20183
1338
4393
2744
9829
2469
2000
1105
1096
1877
1256
1875
92938
1376
9710
1454
2469
1623
2016
1317
2000
1740
51330
1256
1693
3300
6561
17202
31199
6039
92938
1044
3884
3640
3539
1850
1576
99200
1816
26475
1039
1693
3884
2351
1032
1049
2849
1576
1065
23572
1039
1032
1319
9855
7398
27376
10912
1456
1256
2849
1693
1747
3459
14715
1319
1105
4185
3109
1836
9829
3459
3979
2453
1593
6920
1063
49032
1729
1710
4206
1693
9027
99239
1041
2351
1032
1049
3066
6920
1044
1809
16163
1058
2453
32283
1044
1693
1836
9829
3459
3979
1321
1605
3300
1294
1261
5522
1044
2430
15013
2778
13748
1058
24002
1257
31703
1321
1261
31703
1562
1875
92938
1321
4618
12429
1044
1850
24340
4057
1408
4853
7856
1626
1256
2849
1877
3539
2282
1376
15047
6039
92938
1044
1462
1740
1456
3539
2569
3246
1044
1693
3519
7398
1395
108592
1044
1514
17000
2282
2351
1576
99200
1816
26475
27249
1693
1349
23572
1044
1514
17000
2282
2351
1576
1065
23572
63325
3539
2569
2837
2534
1317
16859
1278
3560
6920
1394
3519
7398
1626
3539
2569
9748
1278
5079
1395
22648
1321
86668
1044
1729
1710
2210
1278
3629
1877
3539
2569
3367
3519
7398
1710
6613
1261
6419
1044
2127
2084
12729
1261
6920
1455
13335
1317
2034
6419
1626
3539
2569
3367
1747
20183
3820
1317
38135
6419
1044
2430
38135
27376
1626
3539
2569
3367
2269
20183
3820
1317
3519
7398
6419
1321
2269
1317
38135
6419
1044
3519
7398
2084
12729
1261
18530
6920
1626
3539
2569
4493
1729
1710
2586
4206
1058
3120
2156
4335
1261
6920
2516
1455
1278
9903
5079
14162
1395
3519
7398
6419
9551
3539
2569
3367
14842
1044
1850
3519
7398
6419
1626
3539
2569
3367
1836
1044
1850
38135
6419
1338
3890
1729
4016
1402
25052
1058
1531
51070
3690
2000
1115
17265
6039
92938
1044
1462
1740
17783
10721
1278
24340
1562
1278
1875
3468
1454
1278
38135
1317
6920
1046
3367
1455
24340
1395
1278
3519
7398
1044
1455
4938
1278
3519
7398
1710
6613
1261
6419
1562
1455
3468
1319
93651
18243
3354
1536
2960
1577
4493
1693
2258
6920
13335
1317
3519
7398
6419
1044
1729
1850
3519
7398
6419
1046
3367
1836
6920
13335
1317
3519
7398
6419
1044
2430
1836
8122
2549
1278
3519
7398
3120
1044
1278
38135
2084
6419
1319
46384
1278
38135
2084
3354
9741
2487
1317
6419
1577
2409
1395
5990
1338
16418
1044
1729
4016
11811
1455
1278
4469
5443
1584
6298
1046
9246
1681
12705
2100
13204
2000
111120
71938
1044
3884
17783
2100
6100
1058
9710
43109
1307
1032
1057
1935
1115
1319
1048
1044
1049
20879
1049
1574
3884
1058
1032
1049
1394
1353
1044
1462
1049
1394
1349
1338
10107
1044
1729
4139
2933
1317
65253
2033
1408
1319
6108
1044
3884
1041
1317
10035
6716
21568
1338
3890
1729
4016
2095
3369
1455
1278
12429
4213
1584
9247
1651
2254
3690
1044
1878
1729
1710
1736
2424
1294
28839
1338
12082
1044
1278
4469
5443
2100
1045
3367
1278
9710
5314
1934
1261
3300
5205
7722
31375
1394
1278
7398
2274
2586
8628
1063
49032
1044
1729
14649
1278
3468
1395
5746
1058
1836
3300
5205
7722
31375
1934
2151
7563
6727
1044
1321
1494
1681
2000
1740
93080
1115
3884
1046
4493
1729
2607
2405
2534
1317
4206
1455
1513
1278
3030
1338
1045
2837
55645
2136
1747
9829
3459
1319
5383
9710
3755
1093
2351
1032
1048
2519
4393
2744
9829
2469
2000
1105
38097
1256
1875
92938
1376
2951
71938
3455
1875
92938
3755
1093
1376
3884
1059
1875
92938
1376
43109
6039
92938
1801
1256
2569
12558
1693
1593
6920
21622
3300
1294
1261
5522
1394
1278
7398
2274
2586
8628
1319
1740
1456
1256
1693
3300
6561
31199
6039
92938
1044
3884
3640
3539
2569
3519
7398
27376
10912
1010
3539
1850
1576
99200
1816
26475
1039
1693
3884
2351
1032
1049
2849
1576
1065
23572
8985
1256
2569
12558
1693
9710
1395
3246
5275
1319
2649
9829
3459
3979
1456
1256
2569
49032
1044
1729
1710
4206
1693
1747
3459
1584
2767
61174
1046
9748
1729
2586
9236
1925
3780
1044
1729
1710
4206
1693
2156
1584
1836
49846
3979
1294
1875
92938
1626
1256
1693
1747
14097
3942
1032
1048
1394
1330
1294
1875
92938
3640
3539
2569
16342
5275
1044
1836
3300
1294
1261
5522
1319
107454
1729
2168
1736
8583
4455
1456
3539
2569
65851
2778
13748
1010
3539
2569
2837
2534
4618
12429
4213
1046
2837
1710
16543
12429
1294
28839
1626
3539
1257
31703
1376
4556
83781
51877
5371
1099
1093
1394
1382
1294
4521
1040
1051
1041
1394
1272
1294
4521
1040
1051
1041
1693
1875
92938
51877
1042
1051
59795
1093
2351
1032
1049
1456
3539
1261
31703
1376
4556
83781
51877
5371
1099
1093
1394
1382
1294
4521
1040
1051
1041
1394
1272
1294
4521
1040
1051
1041
1693
1875
92938
51877
1042
1051
59795
1093
2351
1462
1049
1456
3539
1693
1257
31703
3006
1261
31703
1877
6367
1850
1576
99200
1816
26475
2913
3539
2849
1877
6367
1850
1576
1065
23572
8985
1256
2569
35909
1044
5079
19877
1010
1256
2282
1376
83251
6039
92938
1044
1462
1740
1801
1256
2569
9032
1044
1729
2534
1317
16859
1693
1593
6920
1395
3683
1394
3519
7398
1626
1256
2569
3519
7398
1395
2000
1740
9816
1032
1010
1256
2569
3367
3884
2351
1032
1049
1319
99200
1816
26475
1574
1514
17000
2282
2351
1576
99200
1816
26475
63325
1256
2569
3367
3884
2351
1462
1049
1319
1065
23572
1574
1514
17000
2282
2351
1576
1065
23572
63325
1256
2569
4493
1729
1710
11249
2000
9855
105055
1376
1576
99200
1816
26475
1039
1693
3884
2351
1032
1049
2849
1576
1065
23572
1039
10632
1256
2569
1321
2000
1484
4508
105055
1376
1576
1065
23572
1039
1693
3884
2351
1032
1049
2849
1576
99200
1816
26475
1039
10127
1256
1693
2282
2351
3519
105055
1877
3539
2569
2409
6920
13335
1317
3519
7398
12864
18530
1044
1878
3519
7398
2084
12729
1494
1010
3539
1850
3519
105055
1010
1256
2569
2849
1044
1593
6920
13335
1317
38135
6419
1059
1729
8214
1317
4206
2147
20183
1267
1035
5417
24124
1747
20183
1044
1693
11518
6398
1317
3519
7398
6419
1044
2430
38135
27376
1010
3004
38135
105055
1267
3890
7377
1058
3316
1494
4171
1455
1261
6920
13335
1317
1261
3468
2478
1278
38135
12864
27376
1044
1809
1278
3519
7398
1934
3866
6920
1455
13335
1317
1261
7277
1063
3730
1584
1836
44793
1046
4493
1693
1836
6920
13335
1317
3519
7398
6419
1044
2430
38135
27376
1454
18243
3354
1046
2409
1395
6298
1394
9839
3354
1294
22648
86668
9594
1454
1836
23068
1321
2342
2295
13092
1338
16418
1044
1729
4016
11811
1455
1278
51070
3690
2000
111120
6039
92938
1044
1462
1740
17783
17047
10721
1278
24340
1562
1455
3468
1046
3060
1729
4016
2095
11811
1455
1278
4469
2937
2200
9710
1395
5275
1321
1836
3300
5205
7722
31375
1395
17047
13985
1046
9840
1044
1729
4016
11811
1455
1278
3300
5205
7722
31375
4206
1395
6298
1338
3890
2156
1395
1261
14786
2186
1121
1058
1531
3300
5205
7722
31375
4206
2453
1261
6920
1058
1729
4206
1693
1278
7398
2274
2586
8628
1934
3300
1294
1261
5522
1046
3626
2549
1693
1278
6920
21622
3300
1294
1261
5522
1394
1278
7398
1044
1809
2095
1278
9710
1395
5275
1063
1531
10469
4150
1058
1429
1784
5079
15202
2200
1058
1462
1349
7398
12878
1032
1051
22487
3459
1307
2034
4558
1319
2041
1047
9615
6406
1105
28052
1041
1462
1455
7398
27376
3871
4493
3199
1693
1278
9710
11006
5275
1408
1455
6920
1044
1693
1261
7398
12878
3300
1294
1261
5522
1044
2127
6419
10912
1046
9966
3475
29196
3300
6561
31199
2158
1044
1321
1693
2925
1044
10721
3519
7398
6419
10912
1044
3066
24124
1693
9710
1395
5275
1046
5646
1681
6298
1338
12082
1044
2549
2314
1278
2937
2478
1278
9710
1395
5275
1513
1278
3030
1307
2000
111120
69524
5646
2715
1605
14222
3147
1278
5079
2168
1736
13955
9781
1046
3626
1729
1710
2229
1261
77446
1580
1058
1693
9710
1395
5275
1513
3030
1044
15013
13748
1046
3626
1729
1710
2586
28987
1408
1278
20183
1338
12082
1044
2878
1681
2688
1593
13951
1408
1278
6186
5443
68093
1505
1536
9664
1261
7586
8466
1063
2837
1710
2405
17707
3226
1044
1809
1729
1710
5972
1338
31327
1032
1049
1058
2000
31529
1048
1044
1032
1048
1044
1032
1048
3605
1766
1048
1044
1032
1049
1044
1032
1048
3605
1766
1048
1044
1032
1048
1044
1032
1048
20162
1096
4906
1576
99200
1816
26475
9528
25718
1934
7034
1032
1049
1044
6218
1032
1048
1046
10852
1395
1032
1049
1319
29962
1577
108592
12481
2158
1046
9966
11857
1058
5719
9710
1747
9829
1044
3884
1061
1049
1319
1084
1577
61893
3459
1032
1057
1046
1353
28097
2744
6920
1046
3367
1353
65438
7034
1319
4190
1032
1052
1574
1875
92938
1934
1353
1513
7034
1046
3300
6561
31199
1063
3501
1044
7034
9412
1046
16342
1605
5275
1319
1056
9829
1577
7040
54118
3690
83251
6039
92938
1044
1462
1049
1041
1319
1065
1317
6920
1577
1656
1455
3468
1044
1349
1317
6920
1046
1349
2084
3352
1747
20183
1046
53114
1044
1278
5079
13
11
1010