10
25708
1010
11
1010
10
3263
1010
10311
1278
3629
2254
21734
1321
8953
3607
1044
10886
5687
1278
2254
5055
1321
2764
1747
1278
9458
1046
1603
24151
16424
70914
84674
14671
48761
1083
25461
4568
2715
30711
1278
3475
1636
13330
1294
1261
1335
107485
3475
4950
1319
3038
44642
1041
1319
43880
2084
80858
1278
4618
7389
1801
2640
3149
4014
1095
26578
129511
4990
1058
1935
1044
1409
1058
1935
1044
1265
1058
2011
1041
4906
1935
1877
1293
19639
23627
1261
3310
1265
1307
5592
1308
19040
1307
11084
1576
1065
2096
1576
1066
2096
1321
1576
1063
2812
1293
1321
1261
6818
15748
1409
1044
4014
1278
2782
1307
9384
1317
14422
2744
1576
46121
1454
1010
1293
5250
1576
1065
1039
1505
1576
1066
1039
2516
1455
1278
9903
3310
1934
1836
5796
1629
1499
1290
93710
1010
1293
1307
5592
1409
1626
1260
1010
1293
1349
3310
1395
6090
1429
26578
1034
1693
1836
89045
93710
1307
5592
1409
1395
1261
5796
92145
1626
1293
12162
1278
4014
81793
1032
1057
1057
1056
1050
1052
1052
1051
1053
1051
1626
1260
1010
1293
64664
1877
1369
1308
1058
1531
5592
1307
1278
3310
1319
1050
9120
1409
9120
1308
9120
1032
1049
1048
1048
1048
1456
1369
1409
1058
1531
5592
1307
9997
2187
1317
4206
1394
5796
1629
73037
1319
1107
9120
1032
1049
1048
1456
1369
1265
1058
1349
3310
1307
5592
1308
19040
1307
1576
1065
2096
1576
1066
2096
1321
1576
1063
2913
1260
1010
1293
20527
1877
1369
1531
2782
1307
3683
18451
81793
1032
1057
1057
1056
1050
1052
1052
1051
1053
1051
1010
1260
1010
1293
56431
4014
1095
26578
129511
1040
1055
1044
1032
1052
1044
1576
8062
1063
1065
1063
10574
4615
1293
1032
1049
1010
1293
56431
4014
1095
26578
129511
1040
1052
1048
1044
1032
1055
1044
1576
45509
45509
45509
45509
45509
45509
45509
45509
45509
45509
45509
45509
45509
45509
45509
45509
45509
45509
45509
45509
4615
1293
1032
1049
1049
1054
1050
1057
1053
1052
1051
1054
1010
1293
56431
4014
1095
26578
129511
1040
1049
1053
1044
1032
1053
1044
1576
8062
46825
45509
45509
45509
45509
45509
4615
1293
1032
1048
1010
1293
47680
3149
4206
5164
52143
3640
1293
2569
7637
5443
1562
1278
4127
1010
1293
6852
15605
1040
1055
1044
1032
1052
1044
1576
8062
1063
1065
1063
10574
4576
2351
1032
1049
1010
1293
6852
15605
1040
1052
1048
1044
1032
1055
1044
1576
45509
45509
45509
45509
45509
45509
45509
45509
45509
45509
45509
45509
45509
45509
45509
45509
45509
45509
45509
45509
4576
2351
1032
1049
1049
1054
1050
1057
1053
1052
1051
1054
1010
1293
6852
15605
1040
1049
1053
1044
1032
1053
1044
1576
8062
46825
45509
45509
45509
45509
45509
4576
2351
1032
1049
1010
1293
6852
15605
1040
1052
1048
1044
1032
1056
1044
1576
1063
1065
1063
1066
45509
1066
1063
1066
1063
14229
1063
1065
1063
1066
45509
1066
1063
1065
45509
1063
1066
1063
28235
1063
1066
45509
1063
10574
45509
10574
1065
4576
2351
1032
1050
1053
1057
1050
1052
1048
1010
1260
1010
1293
2569
31054
2688
5443
1010
1293
6852
15605
1040
1049
1048
1048
1048
1044
1032
1049
1048
1044
1576
46121
1364
1032
1049
1048
1048
1048
1041
2351
1032
1051
1051
1057
1057
1057
1056
1054
1049
1056
1010
1293
6852
15605
1040
1049
1048
1048
1048
1044
1032
1057
1044
1576
1066
1039
1364
1032
1049
1048
1867
1576
1065
1039
1364
1032
1052
1867
1576
1066
1039
1364
1032
1051
1867
1576
1065
1039
1364
1032
1056
1867
1576
1066
1039
1867
1576
1065
1039
1364
1032
1053
1867
1576
1066
1039
1364
1032
1051
1867
1576
1065
1039
1867
1576
1066
1039
1364
1032
1052
1867
1576
1065
1039
1867
1576
1066
1039
1364
1032
1051
1867
1576
1065
1039
1867
1576
1066
1039
1364
1032
1050
1867
1576
1065
1039
1867
1576
1066
1039
1364
1032
1049
1051
1867
1576
1065
1039
1867
1576
1066
1039
1364
1032
1049
1052
1867
1576
1065
1039
1364
1032
1050
1867
1576
1066
1039
1364
1032
1050
1867
1576
1065
1039
1867
1576
1066
1039
1364
1032
1050
1867
1576
1065
1039
1364
1032
1050
1867
1576
1066
1039
1364
1032
1049
1051
1867
1576
1065
1039
1364
1032
1050
1867
1576
1066
1039
1364
1032
1050
1867
1576
1065
1039
1364
1032
1050
1867
1576
1066
1039
1364
1032
1049
1053
1867
1576
1065
1039
1364
1032
1050
1867
1576
1066
1039
1364
1032
1050
1867
1576
1065
1039
1867
1576
1066
1039
1364
1032
1051
1867
1576
1065
1039
1867
1576
1066
1039
1364
1032
1049
1055
1867
1576
1065
1039
1867
1576
1066
1039
1364
1032
1057
1867
1576
1065
1039
1867
1576
1066
1039
1364
1032
1052
1867
1576
1065
1039
1867
1576
1066
1039
1364
1032
1049
1049
1867
1576
1065
1039
1867
1576
1066
1039
1364
1032
1051
1867
1576
1065
1039
1867
1576
1066
1039
1364
1032
1049
1052
1867
1576
1065
1039
1867
1576
1066
1039
1364
1032
1052
1867
1576
1065
1039
1867
1576
1066
1039
1364
1032
1057
1867
1576
1065
1039
1867
1576
1066
1039
1364
1032
1049
1056
1867
1576
1065
1039
1867
1576
1066
1039
1364
1032
1050
1054
1867
1576
1065
1039
1364
1032
1050
1867
1576
1066
1039
1364
1032
1049
1049
1867
1576
1065
1039
1867
1576
1066
1039
1364
1032
1054
1867
1576
1065
1039
1867
1576
1066
1039
1364
1032
1052
1867
1576
1065
1039
1867
1576
1066
1039
1364
1032
1050
1054
1867
1576
1065
1039
1364
1032
1050
1867
1576
1066
1039
1364
1032
1054
1053
1867
1576
1065
1039
1867
1576
1066
1039
1364
1032
1050
1867
1576
1065
1039
1867
1576
1066
1039
1364
1032
1052
1867
1576
1065
1039
1867
1576
1066
1039
1867
1576
1065
1039
1867
1576
1066
1039
1364
1032
1050
1867
1576
1065
1039
1867
1576
1066
1039
1364
1032
1050
1867
1576
1065
1039
1867
1576
1066
1039
1364
1032
1050
1056
1867
1576
1065
1039
1867
1576
1066
1039
1364
1032
1049
1051
1867
1576
1065
1039
1867
1576
1066
1039
1364
1032
1049
1057
1867
1576
1065
1039
1867
1576
1066
1039
1364
1032
1049
1053
1867
1576
1065
1039
1867
1576
1066
1039
1364
1032
1054
1867
1576
1065
1039
1867
1576
1066
1039
1867
1576
1065
1039
1867
1576
1066
1039
1364
1032
1051
1867
1576
1065
1039
1867
1576
1066
1039
1364
1032
1049
1056
1867
1576
1065
1039
1364
1032
1050
1867
1576
1066
1039
1867
1576
1065
1039
1867
1576
1066
1039
1364
1032
1050
1867
1576
1065
1039
1867
1576
1066
1039
1364
1032
1049
1056
1867
1576
1065
1039
1867
1576
1066
1039
1364
1032
1049
1052
1867
1576
1065
1039
1364
1032
1050
1867
1576
1066
1039
1364
1032
1051
1867
1576
1065
1039
1867
1576
1066
1039
1364
1032
1050
1867
1576
1065
1039
1364
1032
1050
1867
1576
1066
1039
1364
1032
1049
1048
1867
1576
1065
1039
1867
1576
1066
1039
1364
1032
1051
1867
1576
1065
1039
1364
1032
1053
1867
1576
1066
1039
1867
1576
1065
1039
1867
1576
1066
1039
1364
1032
1051
1867
1576
1065
1039
1867
1576
1066
1039
1364
1032
1057
1867
1576
1065
1039
1867
1576
1066
1039
1364
1032
1051
1048
1867
1576
1065
1039
1867
1576
1066
1039
1364
1032
1051
1053
1867
1576
1065
1039
1867
1576
1066
1039
1364
1032
1049
1050
1867
1576
1065
1039
1867
1576
1066
1039
1364
1032
1050
1867
1576
1065
1039
1364
1032
1050
1867
1576
1066
1039
1867
1576
1065
1039
1364
1032
1050
1867
1576
1066
1039
1364
1032
1049
1057
1867
1576
1065
1039
1867
1576
1066
1039
1364
1032
1053
1867
1576
1065
1039
1364
1032
1050
1867
1576
1066
1039
1867
1576
1065
1039
1867
1576
1066
1039
1364
1032
1050
1052
1867
1576
1065
1039
1364
1032
1050
1867
1576
1066
1039
1867
1576
1065
1039
1867
1576
1066
1039
1364
1032
1050
1867
1576
1065
1039
1867
1576
1066
1039
1364
1032
1050
1056
1867
1576
1065
1039
1867
1576
1066
1039
1364
1032
1050
1048
1867
1576
1065
1039
1867
1576
1066
1039
1364
1032
1050
1051
1867
1576
1065
1039
1867
1576
1066
1039
1364
1032
1051
1049
1867
1576
1065
1039
1867
1576
1066
1039
1364
1032
1057
1867
1576
1065
1039
1867
1576
1066
1039
1364
1032
1049
1054
1867
1576
1065
1039
1867
1576
1066
1039
1364
1032
1050
1051
1867
1576
1065
1039
1867
1576
1066
1039
1364
1032
1050
1052
1867
1576
1065
1039
1867
1576
1066
1039
1364
1032
1050
1049
1867
1576
1065
1039
1867
1576
1066
1039
1364
1032
1049
1054
1867
1576
1065
1039
1867
1576
1066
1039
1364
1032
1055
1867
1576
1065
1039
1867
1576
1066
1039
1867
1576
1065
1039
1867
1576
1066
1039
1364
1032
1050
1867
1576
1065
1039
1867
1576
1066
1039
1364
1032
1053
1867
1576
1065
1039
1867
1576
1066
1039
1364
1032
1056
1041
2351
1032
1048
1010
1293
6852
15605
1040
1049
1048
1048
1048
1044
1032
1050
1044
1576
46121
1364
1032
1054
1867
1576
1065
1039
1867
1576
46121
1364
1032
1055
1867
1576
1065
1039
1364
1032
1052
1867
1576
46121
1364
1032
1052
1867
1576
1065
1039
1867
1576
46121
1364
1032
1050
1867
1576
1065
1039
1867
1576
46121
1867
1576
1065
1039
1867
1576
46121
1364
1032
1053
1867
1576
1065
1039
1867
1576
46121
1364
1032
1055
1867
1576
1065
1039
1364
1032
1050
1867
1576
46121
1364
1032
1056
1867
1576
1065
1039
1867
1576
46121
1867
1576
1065
1039
1364
1032
1050
1867
1576
46121
1364
1032
1050
1867
1576
1065
1039
1867
1576
46121
1364
1032
1049
1048
1867
1576
1065
1039
1867
1576
46121
1364
1032
1050
1867
1576
1065
1039
1867
1576
46121
1364
1032
1050
1867
1576
1065
1039
1867
1576
46121
1364
1032
1051
1867
1576
1065
1039
1867
1576
46121
1364
1032
1050
1867
1576
1065
1039
1867
1576
46121
1867
1576
1065
1039
1867
1576
46121
1364
1032
1052
1867
1576
1065
1039
1867
1576
46121
1364
1032
1056
1867
1576
1065
1039
1867
1576
46121
1867
1576
1065
1039
1867
1576
46121
1867
1576
1065
1039
1867
1576
46121
1364
1032
1053
1867
1576
1065
1039
1867
1576
46121
1364
1032
1051
1867
1576
1065
1039
1867
1576
46121
1364
1032
1049
1049
1867
1576
1065
1039
1867
1576
46121
1364
1032
1053
1867
1576
1065
1039
1867
1576
46121
1364
1032
1056
1867
1576
1065
1039
1867
1576
46121
1364
1032
1053
1867
1576
1065
1039
1867
1576
46121
1867
1576
1065
1039
1867
1576
46121
1364
1032
1053
1867
1576
1065
1039
1867
1576
46121
1364
1032
1049
1048
1867
1576
1065
1039
1364
1032
1050
1867
1576
46121
1867
1576
1065
1039
1867
1576
46121
1364
1032
1056
1867
1576
1065
1039
1867
1576
46121
1364
1032
1050
1867
1576
1065
1039
1867
1576
46121
1364
1032
1051
1867
1576
1065
1039
1867
1576
46121
1364
1032
1050
1867
1576
1065
1039
1867
1576
46121
1867
1576
1065
1039
1364
1032
1050
1867
1576
46121
1364
1032
1051
1867
1576
1065
1039
1867
1576
46121
1364
1032
1050
1867
1576
1065
1039
1867
1576
46121
1364
1032
1051
1867
1576
1065
1039
1867
1576
46121
1364
1032
1050
1867
1576
1065
1039
1867
1576
46121
1364
1032
1052
1867
1576
1065
1039
1867
1576
46121
1364
1032
1055
1867
1576
1065
1039
1867
1576
46121
1364
1032
1051
1867
1576
1065
1039
1867
1576
46121
1364
1032
1057
1867
1576
1065
1039
1867
1576
46121
1364
1032
1054
1867
1576
1065
1039
1867
1576
46121
1867
1576
1065
1039
1364
1032
1051
1867
1576
46121
1364
1032
1050
1867
1576
1065
1039
1867
1576
46121
1364
1032
1051
1867
1576
1065
1039
1867
1576
46121
1364
1032
1052
1867
1576
1065
1039
1867
1576
46121
1364
1032
1049
1050
1867
1576
1065
1039
1867
1576
46121
1867
1576
1065
1039
1867
1576
46121
1364
1032
1056
1867
1576
1065
1039
1867
1576
46121
1364
1032
1055
1867
1576
1065
1039
1364
1032
1050
1867
1576
46121
1364
1032
1053
1867
1576
1065
1039
1867
1576
46121
1867
1576
1065
1039
1867
1576
46121
1364
1032
1050
1867
1576
1065
1039
1867
1576
46121
1364
1032
1054
1867
1576
1065
1039
1867
1576
46121
1364
1032
1049
1053
1867
1576
1065
1039
1867
1576
46121
1364
1032
1050
1867
1576
1065
1039
1867
1576
46121
1364
1032
1052
1867
1576
1065
1039
1867
1576
46121
1364
1032
1052
1867
1576
1065
1039
1364
1032
1050
1867
1576
46121
1867
1576
1065
1039
1867
1576
46121
1364
1032
1051
1867
1576
1065
1039
1867
1576
46121
1867
1576
1065
1039
1867
1576
46121
1364
1032
1057
1867
1576
1065
1039
1867
1576
46121
1867
1576
1065
1039
1867
1576
46121
1364
1032
1053
1867
1576
1065
1039
1867
1576
46121
1364
1032
1049
1057
1867
1576
1065
1039
1867
1576
46121
1364
1032
1053
1867
1576
1065
1039
1867
1576
46121
1364
1032
1050
1867
1576
1065
1039
1867
1576
46121
1867
1576
1065
1039
1364
1032
1050
1867
1576
46121
1364
1032
1054
1867
1576
1065
1039
1867
1576
46121
1364
1032
1050
1867
1576
1065
1039
1867
1576
46121
1364
1032
1054
1867
1576
1065
1039
1867
1576
46121
1364
1032
1053
1867
1576
1065
1039
1867
1576
46121
1364
1032
1050
1867
1576
1065
1039
1364
1032
1050
1867
1576
46121
1364
1032
1056
1867
1576
1065
1039
1867
1576
46121
1867
1576
1065
1039
1867
1576
46121
1867
1576
1065
1039
1867
1576
46121
1364
1032
1049
1050
1867
1576
1065
1039
1364
1032
1050
1867
1576
46121
1867
1576
1065
1039
1867
1576
46121
1364
1032
1053
1867
1576
1065
1039
1867
1576
46121
1364
1032
1053
1867
1576
1065
1039
1867
1576
46121
1867
1576
1065
1039
1364
1032
1050
1867
1576
46121
1364
1032
1052
1867
1576
1065
1039
1867
1576
46121
1364
1032
1057
1867
1576
1065
1039
1867
1576
46121
1867
1576
1065
1039
1867
1576
46121
1364
1032
1049
1050
1867
1576
1065
1039
1364
1032
1050
1867
1576
46121
1867
1576
1065
1039
1867
1576
46121
1364
1032
1049
1050
1867
1576
1065
1039
1364
1032
1050
1867
1576
46121
1364
1032
1053
1867
1576
1065
1039
1867
1576
46121
1364
1032
1050
1867
1576
1065
1039
1364
1032
1050
1867
1576
46121
1867
1576
1065
1039
1867
1576
46121
1867
1576
1065
1039
1867
1576
46121
1364
1032
1054
1867
1576
1065
1039
1364
1032
1051
1867
1576
46121
1867
1576
1065
1039
1867
1576
46121
1364
1032
1051
1867
1576
1065
1039
1867
1576
46121
1867
1576
1065
1039
1867
1576
46121
1364
1032
1057
1867
1576
1065
1039
1867
1576
46121
1364
1032
1051
1867
1576
1065
1039
1867
1576
46121
1867
1576
1065
1039
1867
1576
46121
1364
1032
1051
1867
1576
1065
1039
1364
1032
1050
1867
1576
46121
1867
1576
1065
1039
1364
1032
1050
1867
1576
46121
1867
1576
1065
1039
1867
1576
46121
1867
1576
1065
1039
1867
1576
46121
1867
1576
1065
1039
1867
1576
46121
1364
1032
1053
1867
1576
1065
1039
1867
1576
46121
1867
1576
1065
1039
1867
1576
46121
1364
1032
1051
1867
1576
1065
1039
1867
1576
46121
1364
1032
1051
1867
1576
1065
1039
1867
1576
46121
1364
1032
1050
1867
1576
1065
1039
1867
1576
46121
1867
1576
1065
1039
1867
1576
46121
1364
1032
1049
1049
1867
1576
1065
1039
1364
1032
1050
1867
1576
46121
1364
1032
1056
1867
1576
1065
1039
1867
1576
46121
1364
1032
1050
1867
1576
1065
1039
1867
1576
46121
1364
1032
1055
1867
1576
1065
1039
1867
1576
46121
1364
1032
1051
1867
1576
1065
1039
1867
1576
46121
1364
1032
1052
1867
1576
1065
1039
1867
1576
46121
1867
1576
1065
1039
1867
1576
46121
1364
1032
1055
1867
1576
1065
1039
1364
1032
1051
1867
1576
46121
1364
1032
1052
1867
1576
1065
1039
1867
1576
46121
1867
1576
1065
1039
1867
1576
46121
1364
1032
1050
1867
1576
1065
1039
1867
1576
46121
1364
1032
1055
1867
1576
1065
1039
1867
1576
46121
1867
1576
1065
1039
1867
1576
46121
1364
1032
1056
1867
1576
1065
1039
1867
1576
46121
1364
1032
1050
1867
1576
1065
1039
1364
1032
1050
1867
1576
46121
1364
1032
1050
1867
1576
1065
1039
1867
1576
46121
1364
1032
1051
1867
1576
1065
1039
1867
1576
46121
1364
1032
1051
1867
1576
1065
1039
1867
1576
46121
1364
1032
1049
1049
1867
1576
1065
1039
1867
1576
46121
1364
1032
1050
1867
1576
1065
1039
1364
1032
1050
1867
1576
46121
1867
1576
1065
1039
1867
1576
46121
1364
1032
1051
1867
1576
1065
1039
1867
1576
46121
1364
1032
1057
1867
1576
1065
1039
1867
1576
46121
1364
1032
1055
1867
1576
1065
1039
1364
1032
1052
1867
1576
46121
1364
1032
1053
1867
1576
1065
1039
1867
1576
46121
1364
1032
1052
1867
1576
1065
1039
1867
1576
46121
1364
1032
1054
1867
1576
1065
1039
1867
1576
46121
1364
1032
1050
1867
1576
1065
1039
1867
1576
46121
1364
1032
1053
1867
1576
1065
1039
1364
1032
1051
1867
1576
46121
1364
1032
1057
1867
1576
1065
1039
1867
1576
46121
1364
1032
1051
1867
1576
1065
1039
1867
1576
1063
4576
2351
1032
1048
1010
1293
6852
15605
1040
1049
1048
1048
1048
1044
1032
1056
1044
1576
1065
1039
1364
1032
1049
1048
1048
1048
1041
2351
1032
1048
1010
1293
6852
15605
1040
1049
1048
1048
1048
1044
1032
1049
1048
1044
1576
46121
1364
1032
1049
1048
1048
1048
1041
2351
1032
1051
1051
1057
1057
1057
1056
1054
1049
1056
1010
1293
6852
15605
1040
1049
1048
1048
1048
1044
1032
1049
1048
1044
1576
46121
1364
1032
1049
1048
1048
1048
1041
2351
1032
1051
1051
1057
1057
1057
1056
1054
1049
1056
1010
1293
6852
15605
1040
1049
1048
1048
1048
1044
1032
1056
1044
1576
1066
1039
1364
1032
1049
1048
1048
1048
1041
2351
1032
1048
1010
1293
6852
15605
1040
1053
1044
1032
1053
1044
1576
14229
1063
10574
4576
2351
1032
1050
1010
1293
6852
15605
1040
1049
1048
1048
1048
1044
1032
1051
1044
1576
28235
1063
1066
45509
1066
1063
28235
1066
1063
28235
45509
1066
45509
28235
45509
1063
28235
45509
45509
45509
1063
1066
45509
1066
1063
1066
45509
1066
45509
28235
1066
1063
1066
1063
28235
45509
45509
1066
45509
1066
1063
1066
1063
1066
1063
28235
1063
1066
45509
45509
1063
28235
28235
1063
1066
45509
1063
28235
45509
45509
1063
28235
1066
45509
45509
1066
45509
45509
1066
1063
28235
1066
1063
1066
45509
1063
1066
45509
45509
1066
1063
1066
45509
1063
1066
1063
1066
45509
1063
1066
1063
28235
1063
28235
1063
28235
45509
45509
28235
1066
1063
1066
45509
1066
45509
1063
28235
45509
45509
28235
45509
28235
1066
45509
45509
45509
28235
28235
1063
28235
1063
1066
45509
45509
28235
1063
1066
1063
28235
1066
1063
28235
1066
45509
28235
1063
28235
28235
1066
1063
28235
1063
28235
1063
28235
45509
45509
45509
1066
1063
1066
45509
28235
1063
28235
1066
1063
1066
45509
1066
1063
1066
45509
1063
1066
45509
45509
1066
45509
1063
1066
1063
1066
1063
28235
28235
1066
45509
28235
28235
1066
45509
1063
28235
1066
45509
1066
45509
45509
45509
1066
45509
1066
1063
28235
1063
1066
1063
1066
45509
45509
1066
1063
28235
1063
28235
1063
1066
45509
45509
1063
28235
1066
45509
28235
1066
1063
28235
28235
45509
1066
45509
45509
28235
1066
1063
28235
1066
45509
45509
1066
1063
1066
45509
45509
28235
45509
28235
1066
45509
45509
28235
28235
28235
45509
1066
45509
45509
28235
1066
45509
28235
1066
45509
1063
28235
28235
1066
1063
28235
1066
45509
28235
28235
28235
45509
1066
1063
28235
45509
1066
45509
1066
1063
1066
1063
28235
1063
1066
45509
1066
45509
1063
1066
1063
28235
1066
45509
28235
1063
28235
45509
45509
28235
1066
45509
1063
28235
1063
1066
1063
1066
45509
1063
1066
45509
1066
45509
1063
1066
1063
28235
1066
1063
28235
1066
1063
1066
1063
28235
28235
1063
28235
45509
28235
1066
45509
1063
28235
45509
28235
1066
45509
1063
1066
45509
45509
45509
1066
45509
1063
28235
1066
45509
45509
1063
28235
28235
1063
28235
45509
1063
28235
45509
45509
1063
28235
28235
45509
28235
1066
45509
1066
45509
1066
45509
1066
1063
28235
45509
1063
1066
45509
1066
45509
1063
1066
45509
1063
1066
45509
1066
45509
28235
45509
1066
1063
28235
1063
28235
1063
28235
1066
1063
28235
1066
45509
1066
45509
1063
1066
45509
28235
1066
1063
28235
1063
1066
45509
1066
1063
1066
1063
28235
28235
1066
45509
1063
28235
28235
45509
28235
1063
28235
45509
28235
45509
1063
1066
1063
1066
45509
1063
1066
45509
28235
1063
28235
1066
45509
1063
28235
45509
1066
45509
1063
1066
45509
1066
45509
1066
1063
28235
1066
1063
1066
45509
1066
45509
28235
45509
28235
1066
45509
1063
1066
1063
1066
1063
28235
45509
28235
45509
28235
1066
1063
28235
1063
28235
1066
1063
28235
1063
1066
45509
28235
1063
28235
1063
28235
1063
28235
1063
28235
45509
1063
28235
28235
1066
1063
28235
28235
1063
1066
45509
1063
28235
28235
28235
28235
45509
1066
1063
1066
45509
1063
28235
45509
45509
28235
1063
28235
28235
45509
1066
45509
45509
28235
28235
28235
45509
28235
45509
1066
1063
1066
45509
28235
45509
45509
1066
45509
1063
28235
1066
45509
28235
28235
28235
1066
1063
28235
28235
1063
28235
28235
45509
28235
45509
1066
1063
1066
45509
28235
1066
45509
1066
1063
1066
1063
28235
45509
1063
28235
1066
1063
1066
1063
28235
1066
45509
28235
1063
28235
45509
45509
1063
28235
1063
28235
45509
1063
28235
28235
45509
28235
45509
1063
1066
45509
1066
1063
28235
1063
28235
1063
1066
1063
28235
28235
1063
1066
1063
1066
1063
1066
1063
1066
45509
28235
1063
1066
45509
28235
28235
1063
1066
45509
1063
1066
1063
1066
45509
1066
1063
28235
1063
28235
45509
45509
1066
1063
28235
1063
1066
1063
1066
1063
28235
45509
28235
45509
1066
1063
28235
28235
28235
1066
1063
28235
4576
2351
1032
1048
1267
1035
13516
4206
43063
1095
26578
129511
1041
1317
3160
9458
1626
1975
11
1010
10
1503
19464
1010
12
13
11
1010
10
3263
1267
16994
4607
6983
9700
1278
9458
1046
9380
1681
1278
3880
1877
17595
3581
1319
5943
8531
3690
3804
3640
1032
8933
92367
1100
1088
1115
29970
27897
1072
1050
1077
8261
1897
3110
1032
1052
1052
1044
1294
1534
13655
1561
1293
4206
43063
1095
26578
129511
1456
1032
8933
92367
1100
1088
1115
29970
27897
1072
1050
1077
8261
1897
3110
1032
1050
1056
1044
1294
4206
1010
1293
6852
15605
1040
1055
1044
1032
1052
1044
1576
8062
1063
1065
1063
10574
4576
2351
1032
1049
1010
6367
12032
48697
48697
48697
48697
48697
48697
48697
48697
48697
48697
48697
48697
48697
48697
48697
1010
31929
1292
4507
89644
2892
75956
1419
1044
1593
1395
2143
6255
1058
18228
1278
3629
2254
21734
1321
8953
3607
1044
10886
5687
1278
2254
5055
1321
2764
1747
1278
9458
1046
1603
24151
16424
70914
84674
14671
48761
1083
25461
4568
2715
30711
1278
3475
1636
13330
1294
1261
1335
107485
3475
4950
1319
3038
44642
1041
1319
43880
2084
80858
1278
4618
7389
1041
11
1010
10
1503
19464
1010
12
13
1010
1975
29896
1010
3149
4014
1095
26578
129511
4990
1058
1935
1044
1409
1058
1935
1044
1265
1058
2011
1041
4906
1935
1877
1293
19639
6669
1278
2782
1307
9384
1317
14422
1576
46121
1454
1576
1065
1039
1505
1576
1066
1039
2516
1455
1010
1293
1836
5796
1629
1499
1290
93710
1307
5592
1409
12123
1046
12162
81793
1032
1057
1057
1056
1050
1052
1052
1051
1053
1051
60113
1293
70914
1376
1032
1057
1057
1056
1050
1052
1052
1051
1053
1051
1010
1260
1010
1293
2569
34044
1091
8857
1093
1376
2782
1307
9384
1317
12369
23832
23419
1454
4265
3468
1010
1293
2569
3468
1395
1261
43109
1307
1278
3804
2365
6534
1044
1409
1045
1049
1041
11084
9236
1010
1293
34044
1376
1445
17680
1032
1049
2002
1260
1010
1293
1394
1623
1294
4521
4990
3640
1369
1875
3602
1112
1376
18554
1369
2810
36970
1376
8889
1065
2096
1576
1066
2963
1693
1265
3755
1093
2351
1576
46121
2849
1766
1115
3755
33024
1301
1010
1369
1394
3468
1044
9384
1294
34044
30999
13487
1463
1394
1272
1294
2810
36970
1877
1694
2569
4925
1729
1736
9236
1513
4403
1409
11084
1044
4206
1693
1278
1875
1010
1694
2569
93710
1307
5592
1409
9301
1261
5796
92145
1010
1694
1693
1623
9218
1409
1462
1032
1049
1877
2006
1395
3791
1279
1376
10344
1010
2006
2569
95942
10217
1058
2158
1321
3804
4145
1010
2006
1693
3468
1091
1048
1093
3942
1272
1877
2528
1395
3791
1279
1376
12819
1010
2006
2569
44132
17684
1010
2006
1693
1395
3791
1279
1877
2528
1394
1283
1294
4521
1040
1049
1044
1409
1895
1032
1050
3640
3589
1693
3468
52468
1093
3942
3468
24321
1462
1032
1049
1462
1283
30689
4816
1395
3791
1279
1376
12819
1010
4816
4323
1010
2006
1693
1395
3791
1279
1877
2528
8214
1032
2569
1593
10284
21622
1261
5796
92145
1044
26860
1010
1537
1010
1694
2569
6392
1278
1875
3468
1319
44975
3804
1409
1045
1049
11084
1456
1694
1875
16918
1376
3468
1867
1319
1099
1044
1456
1694
1693
9027
6039
16918
1041
3006
1409
1462
1032
1049
1877
2006
1875
16918
1376
1875
16918
1091
14283
1107
1462
1032
1049
4244
2820
1537
1010
1694
1875
3602
1112
1091
3080
16918
1093
1376
1319
3080
3602
1112
2236
6039
16918
1044
1032
1048
1041
1867
9384
1041
2545
70914
1010
1301
1010
1369
34044
1376
1875
3602
1112
1010
1260
1010
1293
1850
4556
116968
32184
7364
2545
70914
1010
1975
11
1010
10
3263
1267
16994
4607
6983
9700
1278
9458
1046
9380
1681
1278
3880
1877
17595
3581
1319
5943
8531
3690
3804
3640
1032
8933
92367
65984
1089
1070
1120
1048
1055
1087
1103
1076
8261
1897
3110
1032
1056
1053
1044
1294
1534
13655
1561
1293
4206
43063
1095
26578
129511
1456
1032
8933
92367
65984
1089
1070
1120
1048
1055
1087
1103
1076
8261
1897
3110
1032
1051
1048
1044
1294
4206
1010
1293
6852
15605
1040
1049
1053
1044
1032
1053
1044
1576
8062
46825
45509
45509
45509
45509
45509
4576
2351
1032
1049
1010
6367
12032
48697
48697
48697
48697
48697
48697
48697
48697
48697
48697
48697
48697
48697
48697
48697
48697
48697
48697
48697
1094
1010
31929
1292
4507
89644
2892
75956
1419
1044
1593
1395
2143
6255
1058
18228
1278
3629
2254
21734
1321
8953
3607
1044
10886
5687
1278
2254
5055
1321
2764
1747
1278
9458
1046
1603
24151
16424
70914
84674
14671
48761
1083
25461
4568
2715
30711
1278
3475
1636
13330
1294
1261
1335
107485
3475
4950
1319
3038
44642
1041
1319
43880
2084
80858
1278
4618
7389
1041
11
1010
10
1503
19464
1010
12
1010
12
11745
1681
1261
11483
2832
2100
1049
1046
1032
1603
25280
73448
1278
7777
1681
18244
24185
1256
1462
1603
13204
1317
5687
3795
2000
12296
1095
26578
129511
4990
1058
1935
1044
1409
1058
1935
1044
1265
1058
2011
1041
4906
1935
10632
1256
1462
1603
51414
3795
8220
9384
1317
14422
1576
46121
1454
1576
1065
1039
41117
1066
1039
2516
1455
1836
5796
1629
1499
1290
93710
1307
5592
1409
12123
1626
1256
1462
1603
46437
3795
1032
1050
9120
1409
9120
1308
9120
1032
1049
1048
1048
1048
1044
1409
9120
1032
1049
1048
1010
1256
1462
1603
5461
8505
3795
1032
1057
1057
1056
1050
1052
1052
1051
1053
1051
1010
1256
1462
1603
33217
5662
3795
22468
109595
1044
3907
1877
1260
1462
2000
12296
1095
26578
129511
1040
1055
1044
1032
1052
1044
1576
8062
1063
1065
1063
10574
4576
2351
1032
1049
10632
1260
1462
2000
12296
1095
26578
129511
1040
1052
1048
1044
1032
1055
1044
1576
45509
45509
2880
4576
2351
1032
1049
1049
1054
1050
1057
1053
1052
1051
1054
10632
1260
1462
2000
12296
1095
26578
129511
1040
1049
1053
1044
1032
1053
1044
1576
8062
46825
45509
45509
45509
45509
45509
4576
2351
1032
1049
1096
1319
28191
1044
1278
3880
8223
1494
9700
1408
1593
1925
1044
39322
1032
1049
1809
7796
4433
2849
1456
1260
1462
7325
5327
10907
1454
1308
1061
1049
1048
1048
1048
1010
1256
1462
1603
4756
16009
3795
26666
16424
22347
9458
1626
1256
1462
1603
11186
8174
3795
21381
3475
4950
1454
1278
11708
1338
1050
1046
1032
1603
21920
3274
1278
17839
29667
24185
1256
1462
2837
2534
1317
4014
5746
18451
2453
29591
1576
46121
1454
1576
1065
1039
1505
1576
1066
63325
1256
1462
3501
5796
1629
1499
1290
93710
1307
5592
10693
1409
1626
1256
1462
1409
9120
1032
1049
1048
1044
1308
9120
1032
1049
1048
1048
1048
1046
2409
12551
43544
1454
3468
3144
1278
3804
1409
1045
1049
11084
1044
1505
2505
16009
38392
1047
3581
130877
1454
65253
3229
1626
1256
1462
9748
1409
1395
3709
27884
1061
1049
1048
1574
1729
1710
2210
43544
2136
1278
3804
1409
1045
1049
11084
1046
3730
1584
1513
2725
1032
1050
58924
1107
1045
1049
1041
8164
1044
1799
1394
1409
1061
1049
1048
1395
1032
1053
1049
1050
1044
3435
18108
1638
1338
1051
1046
1032
1603
2596
64464
73448
1278
36519
2688
24185
1256
1462
2000
12296
1095
26578
129511
1040
1049
1053
1044
1032
1053
1044
1576
8062
46825
45509
45509
45509
45509
45509
4576
2351
1032
1049
10632
1256
1462
9246
1681
23898
3648
1058
1308
1061
1049
1053
1044
1409
1061
1053
1044
1265
3760
8062
46825
45509
45509
45509
45509
45509
2913
1256
1462
48306
2111
1395
1576
8062
46825
9528
9246
1681
4206
1693
1576
8062
46825
1039
5314
1934
1261
5796
92145
1307
5592
1032
1053
1063
1576
8062
46825
1039
1395
1261
5796
92145
1319
1065
1398
1349
1398
1349
23503
2879
86887
1047
3581
4969
1577
4493
1693
1278
23832
5314
1934
1261
5592
1045
1053
5796
92145
1044
1278
4832
2715
1402
1032
1048
1046
3626
1278
2688
64629
1032
1049
1046
32844
1044
2878
1681
4206
1058
1576
8062
46825
1039
5592
1395
1032
1053
1046
3283
2961
1032
1048
1045
1052
1058
1349
1398
1349
1398
1349
1046
13830
1044
1494
1681
1261
5796
92145
1046
4493
2258
20843
2084
1736
1455
5796
1629
1499
1290
93710
1513
1278
3030
1046
4493
1278
4832
2715
1402
1032
1048
1044
1809
1278
2688
8223
1032
1049
1046
121991
1626
1256
1462
32844
1044
13162
1278
4127
4938
1429
2649
89045
93710
1307
5592
1409
1395
1261
5796
92145
1034
1809
13162
1409
1061
1053
1044
1321
1278
3310
1395
1576
8062
46825
45509
45509
45509
45509
45509
9528
1531
2158
1032
1053
24733
1584
1576
8062
46825
2096
1799
1395
1261
5796
92145
1307
5592
1032
1053
1046
4493
4832
2715
1402
1032
1048
1046
3626
1278
2688
90747
2000
3107
1032
1049
9816
2409
1395
81681
15388
1362
4525
98278
1626
1256
1462
9246
1639
1344
41412
1278
8953
3607
1058
1429
12296
1278
2782
1307
9384
1317
14422
2744
1576
46121
1454
5250
1576
1065
1039
1505
1576
1066
1039
2516
1455
1278
9903
3310
1934
1836
5796
1629
1499
1290
93710
1307
5592
1409
2613
1321
1429
1065
3310
1395
6090
1576
26578
1039
1693
1836
89045
93710
1307
5592
1409
1395
1261
5796
92145
19553
1256
1462
17048
1278
2688
2937
2000
1049
1053
1044
1032
1053
1044
1576
8062
46825
45509
45509
45509
45509
45509
69066
7442
64629
1032
1049
3147
1278
23832
1576
8062
46825
1039
4139
1605
1402
6090
1693
1729
2342
4206
2453
21194
1063
3501
1044
1278
23832
1395
9247
1626
1256
1462
32844
1044
13162
1278
3310
1395
1576
8062
46825
45509
45509
45509
45509
45509
1039
1321
1409
1061
1053
1046
1531
2158
1032
1053
1584
1576
8062
46825
9528
2157
1395
1261
5796
92145
1046
4493
1032
1048
9384
1046
3626
2688
8223
1032
1049
1046
9246
1639
4206
1278
3880
1058
2000
8723
15605
1040
1049
1053
1044
1032
1053
1044
1576
8062
46825
45509
45509
45509
45509
45509
4576
2351
1032
1049
9816
1531
4607
6983
9700
1408
1593
1626
1256
1462
25298
1494
1402
1455
1278
4127
7442
17000
1317
10035
5796
1629
73037
1307
5592
1364
1948
70304
1042
1409
1044
1809
13162
1576
8062
46825
1039
1934
5592
1032
1053
1044
1878
1494
1681
10693
1409
1046
4493
1032
1048
1626
1256
1462
17048
1278
2688
1395
2000
12296
1095
26578
129511
1040
1049
1053
1044
1032
1053
1044
1576
8062
46825
45509
45509
45509
45509
45509
4576
1096
1321
1278
6878
4832
1395
7442
1032
1048
1044
1809
1278
3330
1681
2688
3323
1934
2000
3107
1032
1049
69524
1531
3330
8223
1429
24151
16424
70914
84674
14671
48761
1083
2613
4493
1362
4016
4395
1278
9458
10693
1435
5662
1626
1256
1462
9246
1639
1344
41412
1278
5662
2000
6390
1096
2254
1294
1278
16925
1877
2640
1293
56431
4014
1095
26578
129511
1040
1055
1044
1032
1052
1044
1576
8062
1063
1065
1063
10574
4615
1293
1032
1049
1010
1293
56431
4014
1095
26578
129511
1040
1052
1048
1044
1032
1055
1044
1576
45509
45509
45509
45509
45509
45509
45509
45509
45509
45509
45509
45509
45509
45509
45509
45509
45509
45509
45509
45509
4615
1293
1032
1049
1049
1054
1050
1057
1053
1052
1051
1054
1010
1293
56431
4014
1095
26578
129511
1040
1049
1053
1044
1032
1053
1044
1576
8062
46825
45509
45509
45509
45509
45509
4615
1293
1032
1048
1010
2640
1256
32844
1044
1294
1278
1364
22635
3607
1042
1513
1278
3977
1044
1494
8223
1877
1256
49958
1256
56431
4014
1095
26578
129511
1040
1049
1053
1044
1032
1053
1044
1576
8062
46825
45509
45509
45509
45509
45509
4615
1256
1032
1048
1010
1256
49958
1256
3626
1294
1278
2000
6390
1096
2254
5956
1044
1494
8223
1877
1256
49958
1256
6852
15605
1040
1049
1053
1044
1032
1053
1044
1576
8062
46825
45509
45509
45509
45509
45509
4576
2351
1032
1049
1010
1256
49958
1256
3060
1278
3880
8223
1058
2000
8723
15605
1040
1049
1053
1044
1032
1053
1044
1576
8062
46825
45509
45509
45509
45509
45509
4576
2351
1032
1049
1096
9700
1626
1256
4493
1278
2688
64629
1032
1049
1044
1809
1278
8953
3607
8223
1032
1048
1046
1531
3330
8223
1429
24151
16424
70914
84674
14671
48761
1083
2613
4493
1362
4016
34301
1278
2000
6390
1096
2254
1681
109595
1044
1799
1736
2000
3107
1032
1049
1096
1394
1455
2937
1626
1256
1462
32844
1044
2878
1639
2985
21966
1513
1278
16925
1681
2000
6390
1096
2254
1877
1256
49958
1256
2121
4206
5164
52143
3640
1293
2569
7637
5443
1562
1278
4127
1010
1293
6852
15605
1040
1055
1044
1032
1052
1044
1576
8062
1063
1065
1063
10574
4576
2351
1032
1049
1010
1293
6852
15605
1040
1052
1048
1044
1032
1055
1044
1576
45509
45509
45509
45509
45509
45509
45509
45509
45509
45509
45509
45509
45509
45509
45509
45509
45509
45509
45509
45509
4576
2351
1032
1049
1049
1054
1050
1057
1053
1052
1051
1054
1010
1293
6852
15605
1040
1049
1053
1044
1032
1053
1044
1576
8062
46825
45509
45509
45509
45509
45509
4576
2351
1032
1049
1010
1293
6852
15605
1040
1052
1048
1044
1032
1056
1044
1576
1063
1065
1063
1066
45509
1066
1063
1066
1063
14229
1063
1065
1063
1066
45509
1066
1063
1065
45509
1063
1066
1063
28235
1063
1066
45509
1063
10574
45509
10574
1065
4576
2351
1032
1050
1053
1057
1050
1052
1048
1010
1293
20213
1256
49958
1256
4493
1278
2688
64629
2000
12296
1095
26578
129511
1040
1049
1053
1044
1032
1053
1044
1576
8062
46825
45509
45509
45509
45509
45509
4576
2351
1032
1049
51330
1256
3626
1294
1278
8953
3607
1513
1278
3977
1044
1494
8223
2000
35209
4014
1095
26578
129511
1040
1049
1053
1044
1032
1053
1044
1576
8062
46825
45509
45509
45509
45509
45509
4576
1032
1048
9816
2409
1395
1261
15016
3746
1278
16925
1046
1531
3330
24215
8223
1429
24151
16424
70914
84674
14671
48761
1083
2613
3060
1278
2000
6390
1096
2254
1395
2549
11500
1046
4493
1362
2534
1317
4848
2000
1049
1096
1394
1455
4292
1626
1256
1462
9246
1639
3648
1058
3075
1710
2000
12296
1095
26578
129511
1040
1049
1053
1044
1032
1053
1044
1576
8062
46825
45509
45509
45509
45509
45509
4576
1096
1402
1032
1049
1063
17048
1278
12270
1307
5796
1629
1499
1290
93710
1307
5592
1409
1395
2937
47296
1505
4433
1063
3247
13162
1278
23832
1576
8062
46825
1039
1395
1605
6090
1261
93710
3147
1729
14422
1576
46121
1809
2156
1584
1836
1576
46121
1294
1278
2158
1032
1053
1063
49032
1044
1576
8062
46825
1039
1934
1836
1576
1063
9528
2157
1681
9247
1046
3367
1494
1681
1261
5796
92145
1307
5592
1032
1053
1044
2430
1032
1048
9384
1046
3626
2688
8223
1032
1049
1046
17048
1409
1061
1053
4938
1729
4206
9997
2187
1307
5592
1364
1982
1317
1042
1409
1063
3501
1044
8953
8223
1429
2935
5592
1409
24483
1256
1462
17048
1278
3310
1395
1576
8062
46825
45509
45509
45509
45509
45509
1039
1321
1409
1061
1053
1044
1809
1278
2158
1032
1053
1584
1576
8062
46825
9528
32844
1044
2481
1494
1402
1455
1278
4127
43390
2342
9997
2187
1455
1364
4310
1042
1513
4403
1925
1576
46121
1063
2159
26724
1626
1256
1462
9246
1639
1344
41412
1278
3880
1058
1531
4607
6983
9700
1408
2000
8723
15605
1040
1049
1053
1044
1032
1053
1044
1576
8062
46825
45509
45509
45509
45509
45509
4576
2351
1032
1049
9816
4493
2036
3475
4016
1850
1032
1049
1394
1455
4292
1626
1256
1462
9246
1639
3648
30816
1058
17048
1278
43544
3468
1505
5796
92145
4206
1934
1261
43938
2490
26630
26315
1046
3247
13162
1576
8062
46825
1039
1395
16424
1261
5796
92145
1063
1349
5630
5909
5630
5909
1058
16448
1395
1349
5630
5909
5630
5909
1046
13830
1494
1395
1626
1256
1462
25298
1494
1402
1455
1409
1061
1053
1044
1809
1729
2342
4206
9997
2187
1307
5592
1409
1455
1584
1364
1297
1592
1405
1042
3746
1278
12217
1805
1063
3501
1626
1256
1462
17048
1278
2688
64629
1032
1049
3147
1278
3310
1576
8062
46825
45509
45509
45509
45509
45509
1039
1454
1409
1061
1053
1044
1321
1278
1576
46121
1115
1710
1402
12217
2516
1455
1836
1364
3080
1042
5796
92145
1307
5592
1032
1053
9301
1044
1809
1278
10430
1576
8062
46825
1039
1395
25217
1605
35509
1063
5646
6354
2405
3180
7453
1626
1256
1462
32844
1033
17048
1278
4127
8223
1058
1429
2649
5796
1629
1499
1290
93710
1307
5592
1409
1034
1809
1409
1395
1278
5592
1044
1321
13162
1278
93710
4016
1402
1364
2673
55568
1042
1321
1307
5592
10693
1409
1046
1576
8062
46825
1039
1395
5592
1032
1053
1046
4493
1494
1681
1261
5796
92145
1307
5592
1032
1053
1046
4493
4832
2715
1402
1032
1048
1046
3626
2688
8223
1032
1049
1626
1256
1462
9246
1639
4206
1693
2156
1681
2258
2147
19190
1046
17048
1278
3310
1395
1032
1048
37601
1286
1321
1729
4206
9997
2187
1307
5592
1409
10348
1562
4891
1032
1048
1063
24578
1576
8062
46825
63325
1256
1462
26243
1278
2688
2937
2000
1049
1053
1044
1032
1053
1044
1576
8062
46825
45509
45509
45509
45509
45509
69066
1395
7442
15654
1317
1402
2000
1049
1096
3147
1278
23832
1576
8062
46825
1039
1934
1261
5796
92145
1307
5592
1032
1053
1044
1809
13162
1278
4127
28256
1429
26578
1034
30816
1063
3501
1044
8953
3607
8223
1058
1429
1065
3310
1395
6090
1576
26578
1039
1693
1836
89045
93710
1307
5592
1409
1395
1261
5796
92145
19553
1256
1462
1362
4016
12319
1278
2000
6390
1096
2254
1681
109595
1046
1531
3330
8223
1429
24151
16424
70914
84674
14671
48761
1083
2613
4493
1362
2534
1317
9470
1032
1049
1394
1455
4292
1626
1256
1462
9246
1639
23898
3352
1317
3219
1693
2156
1681
2258
3039
1576
8062
46825
45509
45509
45509
45509
45509
1039
1454
1409
1061
1053
28248
10693
1032
1049
3683
3310
1046
17048
1278
2158
1032
1053
1584
1605
6090
3147
1409
3006
1308
1063
3501
1044
1409
1061
1053
1044
1308
1061
1049
1053
1626
1256
1462
17048
1278
1576
46121
21194
4016
2095
11811
1455
1278
1364
1297
1592
1042
3310
1934
1836
5592
1045
1053
5796
92145
1044
1809
12494
1576
8062
46825
1039
1395
1605
1261
5796
92145
1693
1729
3369
1576
1065
1039
1321
1576
1066
1039
1435
2801
1063
3501
1044
1494
1395
1626
1256
1462
9246
1681
102361
1058
25298
1494
1402
1455
1278
2688
64629
1032
1049
3147
1278
2342
3039
1395
1317
14422
1576
46121
2516
1455
1278
5796
92145
1513
1278
3030
1395
1429
100967
1034
1536
4433
1063
3626
1278
3030
1395
9247
1576
8062
46825
2096
1636
1710
2405
4036
1494
1626
1256
1462
32844
1044
13162
1362
5711
2633
1278
3310
1046
75652
8062
46825
45509
45509
45509
45509
45509
69066
1462
13162
1494
1681
1576
8062
46825
1039
7125
1536
4098
26607
1046
3367
1409
1061
1053
1044
1278
2158
1032
1053
1584
1576
8062
46825
9528
2157
1681
1261
5796
92145
1046
4493
1032
1048
1626
1256
1462
3626
1278
2688
8223
1032
1049
1046
3730
1681
1261
60125
1046
2813
1420
26554
1044
1362
2534
1317
4848
3475
1455
22405
1278
2000
6390
1096
2254
1046
1531
2000
6390
1096
2254
1395
1278
7161
13697
3226
1046
1362
4016
3180
2000
12296
1095
26578
129511
1040
1049
1053
1044
1032
1053
1044
1576
8062
46825
45509
45509
45509
45509
45509
4576
1096
1850
1032
1049
1626
1256
1462
3075
1063
17048
1278
5796
92145
4206
1395
2342
1394
9997
2187
1455
1364
2673
1493
1513
4403
1925
1576
46121
41376
3501
1044
1278
4127
8223
1429
5133
1302
3310
1934
1836
5796
1629
1499
1290
93710
1307
5592
1409
2613
1531
9903
3310
1934
9247
23832
1576
8062
46825
9528
4493
1494
5314
1934
1925
1626
1256
1462
62079
2880
1278
4127
4938
1429
2649
5796
1629
1499
1290
93710
1307
5592
1364
1948
70304
1042
1409
1455
1364
47500
1042
1261
1576
46121
3066
21194
69235
3501
1626
1256
1462
17048
1278
2688
2937
1395
7442
2000
12296
1095
26578
129511
1040
1049
1053
1044
1032
1053
1044
1576
8062
46825
45509
45509
45509
45509
45509
4576
1096
1321
1278
6878
4832
1395
1032
1048
1044
1809
1278
2000
6390
1096
2254
1294
1278
16925
1934
1261
96948
1321
8223
2000
3107
1032
1049
69524
1531
3330
8223
1429
24151
16424
70914
84674
14671
48761
1083
2613
3367
1362
22347
2036
3475
1317
1850
1032
1049
1044
1494
4139
7195
1278
7293
16052
9458
1505
1278
8953
3607
3336
1046
3626
1278
3330
5662
1278
2000
6390
1096
2254
24215
1044
1321
1278
3880
5740
1562
7523
2000
6390
43063
1095
26578
129511
94799
4493
2036
3475
4016
2764
1455
2000
6390
1096
2254
1626
1256
1462
9246
1639
1344
41412
1278
16925
1681
2000
6390
1096
2254
21966
1877
2640
1256
2121
4206
5164
52143
3640
1293
2569
7637
5443
1562
1278
4127
1010
1293
6852
15605
1040
1055
1044
1032
1052
1044
1576
8062
1063
1065
1063
10574
4576
2351
1032
1049
1010
1293
6852
15605
1040
1052
1048
1044
1032
1055
1044
1576
45509
45509
45509
45509
45509
45509
45509
45509
45509
45509
45509
45509
45509
45509
45509
45509
45509
45509
45509
45509
4576
2351
1032
1049
1049
1054
1050
1057
1053
1052
1051
1054
1010
1293
6852
15605
1040
1049
1053
1044
1032
1053
1044
1576
8062
46825
45509
45509
45509
45509
45509
4576
2351
1032
1049
1010
1293
6852
15605
1040
1052
1048
1044
1032
1056
1044
1576
1063
1065
1063
1066
45509
1066
1063
1066
1063
14229
1063
1065
1063
1066
45509
1066
1063
1065
45509
1063
1066
1063
28235
1063
1066
45509
1063
10574
45509
10574
1065
4576
2351
1032
1050
1053
1057
1050
1052
1048
1010
1260
1010
1293
2569
31054
2688
5443
1010
1293
6852
15605
1040
1049
1048
1048
1048
1044
1032
1049
1048
1044
1576
46121
1364
1032
1049
1048
1048
1048
1041
2351
1032
1051
1051
1057
1057
1057
1056
1054
1049
1056
1010
1293
6852
15605
1040
1049
1048
1048
1048
1044
1032
1057
1044
1576
1066
1039
1364
1032
1049
1048
1867
1576
1065
1039
1364
1032
1052
1867
124218
2351
1032
1048
1010
1293
6852
15605
1040
1049
1048
1048
1048
1044
1032
1050
1044
1576
46121
1364
1032
1054
1867
1576
1065
1039
1867
124218
2351
1032
1048
1010
1293
6852
15605
1040
1049
1048
1048
1048
1044
1032
1056
1044
1576
1065
1039
1364
1032
1049
1048
1048
1048
1041
2351
1032
1048
1010
1293
6852
15605
1040
1049
1048
1048
1048
1044
1032
1049
1048
1044
1576
46121
1364
1032
1049
1048
1048
1048
1041
2351
1032
1051
1051
1057
1057
1057
1056
1054
1049
1056
1010
1293
6852
15605
1040
1049
1048
1048
1048
1044
1032
1056
1044
1576
1066
1039
1364
1032
1049
1048
1048
1048
1041
2351
1032
1048
1010
1293
6852
15605
1040
1053
1044
1032
1053
1044
1576
14229
1063
10574
4576
2351
1032
1050
1010
1293
6852
15605
1040
1049
1048
1048
1048
1044
1032
1051
1044
124218
2351
1032
1048
1010
2640
1256
4493
1278
2688
1394
2000
1049
1053
1044
1032
1053
1044
1576
8062
46825
45509
45509
45509
45509
45509
69066
64629
2000
3107
1032
1049
51330
1256
3060
2000
1053
1044
1032
1053
1044
1576
14229
1063
10574
69066
64629
2000
3107
1032
1050
51330
1256
9246
1681
2688
2000
1053
1044
1032
1053
1044
1576
14229
1063
10574
1039
49431
1308
1061
1053
1044
1409
1061
1053
1044
1265
3760
14229
1063
10574
9528
1531
3310
5592
1395
1032
1053
1044
1409
1061
1053
1046
2837
2534
1836
5796
92145
1307
5592
1032
1053
1046
1531
6836
3310
4016
1605
1402
1261
5796
92145
1046
1265
1934
1576
46121
1513
3980
1032
1050
1319
1048
37601
1286
1577
47191
1394
1576
1063
4550
1576
1065
1039
1505
1576
1066
9528
1032
1010
1256
1462
3367
1576
1065
4550
1576
14229
46825
1039
4906
16448
1576
8062
14229
1065
1039
4906
1605
5796
92145
1626
1256
1462
3367
1576
1066
4550
1576
1065
8062
10574
1039
4906
16448
1576
8062
10574
1065
1039
4906
1605
5796
92145
1626
1256
32844
1044
2960
1584
1605
5796
1629
73037
1063
3626
2688
64629
1032
1050
1046
4493
2960
1584
5746
1046
5646
4938
1278
6570
1429
2649
5796
1629
1499
1290
93710
1307
5592
1409
1034
1394
1409
41523
4938
1278
6836
3310
1395
1605
1261
5796
92145
1046
12953
1576
14229
46825
1039
1321
1576
1065
8062
10574
1039
1584
1605
5796
1629
73037
1046
4493
1032
1050
9384
1046
5646
14175
1626
1256
9032
2000
1049
1053
1044
1032
1053
1044
1576
8062
46825
45509
45509
45509
45509
45509
1039
49431
1409
1061
1053
1044
1308
1061
1049
1053
1046
1531
2158
1032
1053
1584
1576
8062
46825
2096
1799
1395
1261
5796
92145
1307
5592
1032
1053
1046
4493
2258
20843
2084
1736
1455
5796
1629
1499
1290
93710
1513
1278
3030
1046
4493
4832
2715
1402
1032
1048
1046
3626
2688
64629
1032
1049
1046
2409
1395
3435
48866
1626
1256
1462
17048
1278
4127
43390
5796
1629
1499
1290
9997
2187
1307
5592
1364
1269
2725
1042
1409
1063
3501
1044
8953
8223
5592
1409
1626
1256
1462
17048
1278
93710
4016
1402
1364
2673
55568
1042
1321
1307
5592
1409
1044
1809
1278
4206
16896
2453
2269
2862
1063
3501
1626
1256
1462
17048
1278
3310
1395
1576
8062
46825
45509
45509
45509
45509
45509
1039
1321
1409
1061
1053
1044
1809
1278
2158
1032
1053
1584
1576
8062
46825
2096
1321
1278
4127
8223
1429
2649
5796
1629
1499
1290
93710
1307
5592
1409
1034
10138
1729
2342
4206
9997
2187
1455
1364
4310
1042
1513
4403
1925
1576
46121
1063
5646
2168
1402
35133
1626
1256
1462
9246
1639
3648
1693
1576
8062
46825
1039
2481
1364
3715
1042
1402
6090
1261
5796
92145
2425
2269
12270
1063
3501
1044
1494
1395
1626
1256
1462
17048
1278
2688
2937
1395
7442
2000
12296
1095
26578
129511
1040
1049
1053
1044
1032
1053
1044
1576
8062
46825
45509
45509
45509
45509
45509
4576
1096
1321
1278
6878
4832
1395
1032
1049
3147
1278
2342
3683
3310
1395
2200
1278
1576
46121
1115
1584
12217
1294
1261
3039
1455
1278
1364
1297
1592
1042
3310
1934
1836
5592
1045
1053
5796
92145
1044
1809
12494
1278
23832
1576
8062
46825
1039
1395
26618
17610
1063
3501
1044
1576
46121
2342
76050
1576
1063
2096
9247
24733
8855
1626
1256
1462
32844
1033
17048
1362
5711
2633
1278
3310
5592
1046
75652
8062
46825
45509
45509
45509
45509
45509
69066
1462
4014
1058
1349
1398
1349
1398
1349
3082
3082
3082
3082
3082
3082
3082
3082
3082
3082
3082
3082
4906
1032
1053
1867
1032
1049
1048
1376
1032
1049
1053
1046
13830
1626
1256
1462
25298
1494
1402
1455
1278
4127
7442
17000
1317
4014
9384
2516
1455
2156
1395
1364
1269
4403
1925
1042
3683
3310
1044
1809
1278
2254
10721
1278
4014
1063
3501
1626
1256
1462
9246
1639
6123
6628
1058
2409
4127
4139
1402
1562
1261
4629
21448
1046
1429
12296
3683
18451
1034
1454
1576
1065
2096
1576
1066
2096
1576
1063
2096
1836
5796
1629
1499
1290
93710
1307
5592
1409
1046
7597
1032
1057
1057
1056
1050
1052
1052
1051
1053
1051
1046
67706
1402
13968
2975
2455
1505
4510
1626
1256
1462
23627
1278
60125
1044
13162
1278
2688
2000
1049
1053
1044
1032
1053
1044
1576
8062
46825
45509
45509
45509
45509
45509
1039
2351
1032
1049
1096
1395
1261
96948
1294
1278
16925
1681
2000
6390
1096
2254
1044
1809
1362
4016
2685
1494
1046
3886
1044
1435
1420
26554
1044
1362
2715
3352
1317
9470
3475
1455
22405
1747
109595
1435
8360
1046
3367
1362
1710
2405
96594
102295
1044
1362
4139
2534
1317
9447
1278
5796
92145
4206
1317
13162
26860
1278
2158
4517
11084
1063
3501
1626
1256
1462
9246
1639
1344
41412
1278
8953
3607
3336
1058
2000
35209
4014
1095
26578
129511
1040
1049
1053
1044
1032
1053
1044
1576
8062
46825
45509
45509
45509
45509
45509
4576
1032
1048
9816
1531
8953
3607
8223
1032
1048
1046
1531
2000
6390
1096
2254
8223
1032
1049
1046
1531
3330
8223
1429
24151
16424
70914
84674
14671
48761
1083
2613
1531
2000
6390
1096
2254
1395
1278
2688
1046
1362
4016
3180
1278
2000
6390
1096
109595
2764
1626
1256
1462
17048
1278
3330
3214
1261
27223
1294
1278
2000
6390
1096
2254
1044
1809
1362
1736
1317
4848
3475
1455
11500
1321
22405
1278
2000
6390
1096
2254
1046
1362
7534
14649
1278
2000
6390
1096
2254
1681
109595
1584
6298
1626
1256
1462
3075
1710
2000
1049
1053
1044
1032
1053
1044
1576
8062
46825
45509
45509
45509
45509
45509
69066
1850
1032
1049
1063
9246
1681
23898
3648
1058
17048
1278
5796
92145
4206
2342
28735
1317
9997
2187
1455
1584
1364
1297
1592
1405
3746
1278
1576
46121
1805
1042
1063
3501
1044
1455
1681
1605
11383
1626
1256
1462
17048
1278
12270
1307
5796
92145
1395
2937
47296
1321
1576
1065
1039
3942
1576
1097
1039
1063
3501
1626
1256
1462
17048
1278
3310
1934
1576
8062
46825
1039
1809
1409
1061
1053
1044
1321
1729
4206
9997
2187
1307
5592
1409
1044
1809
13162
1729
2342
4206
10348
1562
4891
1032
1049
1063
3501
1626
1256
1462
9246
1681
3369
1455
13162
1278
2158
1032
1053
11084
1576
8062
46825
1039
1584
16424
1261
5796
92145
3147
1278
4127
4139
11249
5796
92145
1435
10718
1278
2879
86887
1321
56972
1364
1714
8045
1278
9949
1042
1063
3501
1626
1256
1462
32844
1033
17048
1278
4127
1395
1058
1429
2649
5796
1629
1499
1290
93710
1307
5592
1409
1034
1809
1409
1395
1278
5592
1044
1321
12494
1278
93710
4016
1736
1364
1599
11084
1042
1562
1278
21194
1063
3501
1626
1256
1462
9246
1639
3352
1317
3081
1261
26223
3549
1058
3367
1278
4832
1395
1032
1049
1044
13162
1278
2342
3039
1317
10035
5796
1629
73037
1307
5592
1032
1053
1395
1693
1278
3310
25217
6354
2405
1736
1576
8062
46825
1039
1435
1261
93710
1063
3626
1494
1681
9247
1513
1278
3030
1626
1256
1462
62079
2880
1278
2254
1395
15654
1317
1850
1278
2782
1307
9384
1317
14422
1576
46121
2516
1455
1278
9903
3310
1934
14089
5796
1629
1499
1290
93710
1307
5592
1409
1044
1398
5489
1693
1278
4618
3310
5314
1934
1925
1044
1278
4014
1395
1032
1048
1046
4493
5782
2168
2688
4150
1032
1049
9551
1256
1462
17048
1278
2688
2937
2000
1049
1053
1044
1032
1053
1044
1576
8062
46825
45509
45509
45509
45509
69066
1395
7442
2000
12296
1095
26578
129511
1040
1049
1053
1044
1032
1053
1044
1576
8062
8062
1063
24421
45509
45509
45509
45509
4576
1096
1505
4433
1063
3626
1494
1681
8360
1435
75652
8062
46825
45509
45509
45509
45509
45509
1039
51330
1256
1462
1362
7534
1344
41412
1278
3880
1058
2000
8723
15605
1040
1049
1053
1044
1032
1053
1044
1576
8062
46825
45509
45509
45509
45509
45509
4576
2351
1032
1049
1096
9700
1046
1531
4607
3475
7529
8583
1032
1048
1319
46384
1576
8062
46825
1039
1395
1261
5796
92145
1577
4493
2036
3475
4016
1850
1032
1049
1394
1455
4292
1626
1256
1462
3075
1317
3180
1494
1850
1032
1049
1063
17048
1362
2715
1605
4206
1278
5314
110880
23832
1394
5796
1629
73037
1063
3247
13162
1278
4127
43390
1455
1729
2342
4206
9997
2187
1455
1364
2673
1493
1513
4403
1925
1576
46121
5993
3367
1729
2342
4206
9997
2187
1454
1576
1063
2096
2430
1576
8062
46825
1039
1395
25754
1044
1321
1729
2586
2534
1317
14422
1278
1032
1049
1048
1576
46121
1115
2516
1455
1836
5592
1045
1053
93710
8719
1513
4403
1925
1576
46121
1395
1261
5796
92145
1046
5646
2481
9459
1032
1049
3039
1626
1256
1462
3626
1278
8953
3607
8223
1058
1429
12296
1278
2782
1307
9384
1317
14422
2744
1576
46121
1454
5250
1576
1065
1039
1505
1576
1066
1039
2516
1455
1278
9903
3310
1934
1836
5796
1629
1499
1290
93710
1307
5592
1409
2613
2409
24277
1278
9903
3310
1435
1261
6836
4016
1736
1836
2516
93710
1046
3367
1278
9247
23832
5314
1934
1925
1044
2430
1032
1048
9384
1046
3626
2688
8223
1032
1049
1626
1256
1462
17048
1278
4127
1934
1261
2801
6570
1058
1429
2649
5796
1629
1499
1290
93710
1307
5592
1409
1364
13800
8688
1513
4403
1925
12217
1576
46121
21808
1063
5500
11383
1626
1256
1462
23627
1278
2142
1044
1362
2715
2586
5687
1278
43544
17047
5138
1317
1278
8953
3607
1044
1321
13162
1278
2688
2000
1049
1053
1044
1032
1053
1044
1576
8062
46825
45509
45509
45509
45509
45509
1039
2351
1032
1049
1096
1395
7442
29107
1693
1362
2607
2405
49398
1405
1850
1032
1048
1394
9247
5796
1629
73037
1063
3626
1455
2168
1402
25342
96594
1626
1256
1462
32844
1033
17048
1362
5711
1730
57919
1576
8062
46825
1039
5796
92145
1063
1349
1398
1349
1398
1349
4906
26524
1032
1048
87825
1044
1032
1049
1058
1066
1044
1032
1050
87825
1044
1032
1051
1058
1066
1044
1032
1052
87825
1046
2898
5592
1032
1053
5796
92145
1044
1729
2534
1265
1091
1048
60692
1115
1091
1052
1093
1319
1065
3107
1065
5913
1574
1265
1091
1049
60692
1115
1091
1051
1093
1319
1066
3107
1066
5913
1577
13830
1044
1494
1395
1261
5796
92145
1626
1256
1462
5675
1693
1409
1061
1053
1044
1809
1729
4206
5796
1629
73037
1307
5592
1364
1948
70304
1042
1409
1044
1321
1278
93710
4016
1402
1364
2673
55568
3583
1576
8062
46825
1039
1395
89045
1626
1256
1462
17048
1278
2688
64629
1032
1049
3147
1278
2342
3683
3310
1395
2200
1278
1576
46121
1115
1584
12217
1294
1261
4811
3039
1455
25217
1278
6836
3310
1934
1836
5592
1045
1053
5796
92145
1044
1809
1278
23832
1576
8062
46825
1039
1395
6090
5592
1032
1053
1044
1878
1494
1681
5282
2156
1046
62079
1278
4127
4938
1429
2649
5796
1629
1499
1290
93710
1307
5592
1409
1364
98538
1513
4891
9218
1032
1049
21808
1063
3501
1626
1256
1462
9246
1639
3648
7805
1278
7616
1058
17048
1278
2254
21734
1934
2000
1107
1096
1435
1278
8905
5592
1063
3501
1044
8953
8223
5592
1409
1626
1256
1462
26243
1278
2688
2000
1049
1053
1044
1032
1053
1044
1576
8062
46825
45509
45509
45509
45509
45509
1039
2351
1032
1049
1096
1395
1261
27223
1294
1278
16925
1044
1809
1435
1420
26554
1044
1362
1710
9134
1455
1321
3352
1317
34301
1494
1536
38641
1278
5796
92145
4206
1317
2342
3369
9997
2187
1455
4626
1513
4403
1925
1576
46121
1063
3626
2430
1278
2147
9458
4139
7195
1626
1256
1462
9246
1681
2985
1513
1278
2147
2688
1058
2000
1053
1044
1032
1053
1044
1576
14229
1063
10574
1039
2351
1032
1050
9816
5646
1925
6113
1454
5990
4206
1319
117825
3310
1605
5796
92145
4342
1256
1462
17048
1278
2000
1049
1053
1044
1032
1053
1044
1576
8062
46825
45509
45509
45509
45509
45509
69066
2688
1395
7442
2000
3107
1032
1048
1096
1294
1278
3145
2663
1044
1321
1278
16925
1934
1261
96948
1046
3626
1278
3330
24215
10467
2000
6390
43063
1095
26578
129511
17783
1321
4884
2000
31929
1292
4507
1096
1408
1455
3110
1046
4493
2036
3475
4016
4848
1032
1049
1394
1455
4292
1317
2764
1278
3330
1681
4206
1626
1256
1462
3075
1710
1362
3180
2000
12296
1095
26578
129511
1040
1049
1053
1044
1032
1053
1044
1576
8062
46825
45509
45509
45509
45509
45509
4576
1096
1850
1032
1049
1063
3367
1362
8617
2607
2405
4206
1278
23832
1044
1321
2342
4206
9997
2187
1455
24441
1576
46121
1063
9246
1681
2688
1455
18817
1058
1308
1061
1049
1053
1044
1409
1061
1053
1044
1265
3760
8062
46825
45509
45509
45509
45509
45509
9528
3367
1362
2342
57263
1836
5796
92145
1307
5592
1032
1053
1455
6987
1513
4403
1925
1576
1063
2096
2430
1278
9247
1576
8062
46825
1039
1513
1278
3030
1395
25754
1046
1531
1576
46121
1115
1584
12197
1032
1053
1317
1032
1049
1052
1319
1049
1048
11084
1577
2837
2534
1317
14422
2424
1454
1576
1065
1039
41117
1066
1039
2516
1455
1836
5592
1045
1053
93710
8719
1513
4403
1925
1576
46121
1395
1261
5796
92145
1046
9840
1044
9997
2187
17262
3746
1278
1576
46121
1805
4016
1605
1402
5796
1629
73037
1046
3060
9997
2187
1455
18948
1278
17586
2396
1576
8062
46825
1039
1321
1576
46121
4016
1605
1402
5796
1629
73037
1626
1256
1462
9246
1681
3219
1693
1455
28248
10693
1032
1049
3039
1046
2409
7444
4382
4811
1046
17048
1278
4127
7442
1934
1261
2801
6570
1058
1429
2649
5796
1629
1499
1290
93710
1307
5592
1409
1364
13800
1395
10185
7847
2453
21194
21808
1063
3501
1626
1256
1462
15081
4914
1058
17048
1278
4127
1395
1562
1261
5211
2478
2000
1107
1096
1395
1278
5592
1044
1809
1278
4206
1395
1394
1364
1599
1042
9997
2187
1307
5592
2000
1107
7273
1321
1278
2688
2000
1049
1053
1044
1032
1053
1044
1576
8062
46825
45509
45509
45509
45509
45509
69066
7442
64629
1032
1048
1044
1809
1278
2000
6390
1096
2254
1294
1278
16925
1486
60210
8462
1046
1531
3330
8223
1429
24151
16424
70914
84674
14671
48761
1083
2613
3367
1362
4848
3475
1455
10721
1032
1048
1394
1455
1044
1278
2000
6390
1096
2084
7195
1046
3367
1362
4848
3475
1455
10721
1032
1049
1044
1494
4139
2764
1278
2000
6390
1096
1809
1402
1429
2914
54099
1034
1651
1278
4127
10674
1046
3886
1044
2036
8406
1395
1317
2764
1278
9458
1435
49410
1626
1256
1462
9246
1639
1344
41412
1278
3330
1681
2158
5117
1058
1429
16994
4607
6983
9700
1278
9458
1046
9380
1681
1278
3880
1058
6421
20628
1292
4507
1058
6421
6852
15605
1040
1055
1044
1032
1052
1044
1576
8062
1063
1065
1063
10574
4576
2351
1032
1049
3871
6830
2127
7867
1278
5275
2000
6390
1096
2254
1046
1531
3880
1486
1408
1278
2158
2688
1046
4890
4607
3475
4016
1736
9700
1408
1278
2158
2688
4382
1063
49032
1278
2158
3880
1486
1408
2000
1055
1044
1032
1052
1044
1576
8062
1063
1065
1063
10574
1039
2351
1032
1049
9816
6830
1278
2667
6983
9700
1408
2000
1049
1053
1044
1032
1053
1044
6421
2351
1032
1049
51330
1256
1462
1362
2534
1317
8240
1848
1278
6298
43544
1455
22405
1747
2576
1626
1256
1462
9246
1681
26812
1278
2158
2688
1058
2000
12296
1095
26578
129511
1040
1055
1044
1032
1052
1044
1576
8062
1063
1065
1063
10574
4576
2351
1032
1049
9816
1308
1061
1055
1044
1409
1061
1052
1044
1265
3760
8062
1063
1065
1063
10574
9528
9246
1681
23898
24002
1505
98931
1626
1260
1265
1058
1349
1398
3082
1349
3082
1398
1349
1010
1260
26524
1058
1032
1048
87825
1044
1032
1049
1058
1066
1044
1032
1050
1058
39191
1032
1051
87825
1044
1032
1052
1058
39191
1032
1053
1058
1066
1044
1032
1054
87825
1010
1260
1409
1061
1052
1046
2837
2534
1836
5796
1629
1499
1290
93710
1307
5592
1032
1052
1626
1260
9246
1681
2951
1747
5592
1045
1052
9997
2187
1693
1729
14422
1576
1063
12807
1260
12197
1032
1048
1045
1051
1058
1349
1398
3082
1349
1010
1260
12197
1032
1049
1045
1052
1058
1398
3082
1349
32268
1260
12197
1032
1050
1045
1053
1058
3082
1349
3082
1398
1010
1260
12197
1032
1051
1045
1054
1058
1349
3082
1398
1349
1010
1260
2837
2534
1317
12729
1576
46121
1513
1032
1050
1321
1032
1052
11875
1065
1039
1505
1576
1066
4576
2516
1455
11518
1307
2576
1032
1052
37517
9997
2187
1584
5796
1629
73037
1626
1260
1349
5796
92145
1307
5592
1032
1052
1058
1265
3755
60692
1115
3755
1043
1051
1093
1321
1265
3755
1043
1049
60692
1115
3755
1043
1050
57277
1260
9246
1681
2688
32975
1626
1260
1265
1091
1050
1093
1321
1265
1091
1052
1093
1710
1402
1349
1505
1398
1626
1260
18547
1032
1049
1058
1265
1091
1050
18652
1065
1044
1265
1091
1052
18652
1065
1046
3000
1058
1349
1398
1349
1349
1349
1398
1349
1010
3539
9997
2187
1877
3539
1032
1048
1045
1051
1058
1349
1398
1349
1349
4906
1265
1091
1048
18652
1065
1044
1265
1091
1051
18652
1065
1059
1265
1091
1049
18652
1066
1044
1265
1091
1050
18652
1065
4906
1605
5796
92145
1319
1066
21548
1065
1456
3539
1032
1049
1045
1052
1058
1398
1349
1349
1349
4906
1265
1091
1049
18652
1066
1044
1265
1091
1052
18652
1065
4906
1605
5796
92145
1319
1066
21548
1065
1456
3539
1032
1050
1045
1053
1058
1349
1349
1349
1398
4906
1265
1091
1050
18652
1065
1044
1265
1091
1053
18652
1066
4906
1605
5796
92145
1319
1065
21548
1066
1456
3539
1032
1051
1045
1054
1058
1349
1349
1398
1349
4906
1265
1091
1051
18652
1065
1044
1265
1091
1054
18652
1065
1059
1265
1091
1052
18652
1065
1044
1265
1091
1053
18652
1065
4906
1265
1091
1052
60692
1115
1091
1053
1093
1063
1349
3107
1065
1044
1321
1265
1091
1051
60692
1115
1091
1054
1093
1349
3107
1065
1046
4493
1576
14229
8062
1039
1063
32844
1044
93710
1032
1051
1045
1054
1395
26524
1032
1051
1044
1052
1044
1053
1044
1054
1058
1349
1044
1349
1044
1398
1044
1349
1046
6645
92145
4206
1058
1265
1091
1051
60692
1115
1091
1054
1093
1319
1065
3107
1065
1574
1265
1091
1052
60692
1115
1091
1053
1093
1319
1065
3107
1066
1063
3501
1044
1349
21548
1066
1577
4493
1605
5796
92145
1626
3539
32844
1044
2878
1681
6716
33295
21966
1058
2898
93710
10348
1513
1623
1044
5592
1409
1058
5796
92145
1693
1265
3755
78513
1093
2351
1265
3755
75577
1045
1049
17895
1093
1394
1475
1061
1048
1791
1107
1047
1050
1045
1049
1626
3539
1409
1061
1052
1058
1475
1061
1048
1058
1265
3755
60692
1115
3755
1043
1051
18290
1475
1061
1049
1058
1265
3755
1043
1049
60692
1115
3755
1043
1050
57277
3539
3000
1058
1349
1398
1349
1349
1349
1398
1349
1010
3539
1623
1061
1048
1058
1349
1398
1349
1349
4906
1265
1091
1048
18652
1065
1044
1265
1091
1051
18652
1065
5913
1059
1265
1091
1049
18652
1066
1044
1265
1091
1050
18652
1065
1605
5913
4906
1605
5796
92145
1626
3539
1623
1061
1049
1058
1398
1349
1349
1349
4906
1265
1091
1049
18652
1066
1044
1265
1091
1052
18652
1065
1605
5913
4906
1605
5796
92145
1626
3539
1623
1061
1050
1058
1349
1349
1349
1398
4906
1265
1091
1050
18652
1065
1044
1265
1091
1053
18652
1066
1605
5913
4906
1605
5796
92145
1626
3539
1623
1061
1051
1058
1349
1349
1398
1349
4906
1265
1091
1051
18652
1065
1044
1265
1091
1054
18652
1065
5913
1059
1265
1091
1052
18652
1065
1044
1265
1091
1053
18652
1066
1605
5913
4906
1605
5796
92145
1626
3539
4493
1349
1398
1349
1349
1349
1398
1349
1395
5746
11330
1260
18547
1032
1050
1058
1265
1091
1050
18652
1065
1044
1265
1091
1052
18652
1066
1046
3000
1058
1349
1398
1349
1349
1398
1398
1349
1010
3539
1623
1061
1048
1058
1349
1398
1349
1349
4906
1265
1091
1048
18652
1065
1044
1265
1091
1051
18652
1065
5913
1059
1265
1091
1049
18652
1066
1044
1265
1091
1050
18652
1065
1605
5913
1626
3539
1623
1061
1049
1058
1398
1349
1349
1398
4906
1265
1091
1049
18652
1066
1044
1265
1091
1052
18652
1066
5913
1059
1265
1091
1050
18652
1065
1044
1265
1091
1051
18652
1065
5913
4906
106437
32640
4755
5180
1033
1429
10574
8062
1034
1395
5796
92145
1046
4493
20520
1626
1260
18547
1032
1051
1058
1265
1091
1050
18652
1066
1044
1265
1091
1052
18652
1065
1046
3000
1058
1349
1398
1398
1349
1349
1398
1349
1010
3539
1623
1061
1048
1058
1349
1398
1398
1349
4906
1265
1091
1048
18652
1065
1044
1265
1091
1051
18652
1065
5913
1059
1265
1091
1049
18652
1066
1044
1265
1091
1050
18652
1066
5913
4906
106437
32640
4755
5180
1033
1429
8062
10574
1034
1395
5796
92145
1046
41451
1626
1260
18547
1032
1052
1058
1265
1091
1050
18652
1066
1044
1265
1091
1052
18652
1066
1046
3000
1058
1349
1398
1398
1349
1398
1398
1349
1010
3539
1623
1061
1048
1058
1349
1398
1398
1349
4906
5796
92145
1046
41451
1626
1260
4493
2342
18547
1032
1049
1319
1065
1398
1349
1349
1349
1398
1349
1041
6113
1046
5646
1681
1032
1049
3039
1046
79472
2000
3107
1032
1049
51330
1260
4493
1278
2158
2688
1395
12714
1454
5990
5796
92145
4206
1408
1278
6836
9903
3310
1338
1256
1462
9032
2688
2000
1049
1053
1044
1032
1053
1044
1576
8062
46825
45509
45509
45509
45509
45509
1039
2351
1032
1049
9816
2813
1362
118310
1044
1278
2158
1032
1053
24733
1576
8062
46825
1039
2071
1261
5796
92145
1307
5592
1032
1053
1046
4493
2258
9903
3310
2084
1736
1455
5796
92145
1513
1278
3030
1046
4493
1278
4014
2715
1402
1032
1048
1046
3626
2688
8223
1032
1049
1046
3730
1681
1261
60125
1626
1256
1462
32844
1033
17048
1409
1061
1053
1044
1809
1278
6570
1395
1429
2649
5796
1629
1499
1290
93710
1307
5592
1409
1034
10138
1729
2342
4206
9997
2187
1307
5592
1409
1455
1364
10460
1513
12197
2478
1729
7442
14422
4433
1042
1063
3501
1626
1256
1462
17048
1278
4127
43390
1278
3310
1032
1048
37601
1286
1044
1321
1409
1061
1053
1044
1809
1278
5796
92145
4206
1395
2342
1394
9997
2187
1307
5592
1409
1455
1584
1364
3715
1042
1278
6960
9247
23832
1063
3501
1626
1256
1462
9246
1639
1344
41412
1278
8953
3607
21966
1058
1429
36296
1261
3310
1265
1307
5592
1308
19040
1307
11084
1576
1065
2096
1576
1066
2096
1321
1576
1063
2096
1321
1261
6818
15748
1409
1044
4014
1278
2782
1307
9384
1317
14422
2744
1576
46121
1454
5250
1576
1065
1039
1505
1576
1066
1039
2516
1455
1278
9903
3310
1934
1836
5796
1629
1499
1290
93710
1307
5592
1409
19553
1256
1462
17048
1429
34730
1629
1499
1290
93710
1307
5592
1409
1034
4938
1261
93710
1455
1395
1261
5796
92145
12164
1934
5592
10693
1409
1046
1576
8062
46825
1039
1934
5592
1032
1053
1044
1878
1494
3799
16646
1626
1256
1462
25298
1494
1402
1455
1278
2688
2000
1049
1053
1044
1032
1053
1044
1576
8062
46825
45509
45509
45509
45509
45509
69066
1395
7442
6878
1317
1402
1032
1049
3147
1278
4127
1934
1261
2801
12270
1058
13162
1278
93710
4016
4231
1513
4403
1925
1576
46121
3066
21194
1063
3626
1278
8953
3607
3336
1294
1278
16925
8223
2000
35209
4014
1095
26578
129511
1040
1049
1053
1044
1032
1053
1044
1576
8062
46825
45509
45509
45509
45509
45509
4576
1032
1048
9816
3730
1681
1261
3236
15016
2396
1278
8953
3607
1321
1278
2000
6390
1096
2254
1626
1256
1462
23627
1455
1278
3330
8223
1429
24151
16424
70914
84674
14671
48761
1083
1897
1321
1278
2000
6390
1096
2254
1395
1278
2688
1044
1362
4016
34301
2000
6390
9816
3626
1362
2095
2534
1317
3180
7453
1307
1494
1626
1256
1462
17048
1278
2000
6390
1096
2254
1934
1261
96948
1044
1321
1278
7293
2688
64629
1032
1048
1046
3626
1278
3330
24215
5978
1278
3880
2478
2000
8723
15605
1040
1049
1053
1044
1032
1053
1044
1576
8062
46825
45509
45509
45509
45509
45509
4576
2351
1032
1049
1096
9700
1046
4493
2036
4607
3475
8583
1032
1048
1319
1270
4433
2849
1574
1321
1278
2688
64629
1032
1049
1626
1256
1462
3075
1710
1362
1850
1032
1049
1394
2000
1049
1053
1044
1032
1053
1044
1576
8062
46825
45509
45509
45509
45509
45509
69066
1063
9246
1681
3648
1693
2156
1681
2258
19190
2478
1576
8062
46825
1039
1395
16424
1261
5796
92145
1307
5592
1032
1053
1046
5675
1693
1409
1061
1053
4938
1729
4206
5796
1629
73037
1307
5592
1364
1269
2725
1042
1409
1063
6830
1576
8062
46825
1039
5592
1032
1053
1395
3637
1261
5796
92145
1307
5592
1513
2725
1032
1053
1046
3367
1494
1681
1429
2649
5796
1629
1499
1290
93710
1307
5592
1364
1269
2725
1042
1409
1897
3637
1032
1048
1046
3367
1494
1681
1429
2649
5796
1629
1499
1290
93710
1307
5592
1364
1948
70304
1042
1409
1897
3637
1032
1048
1626
1256
1462
5675
1693
1278
3310
1395
1032
1049
37601
1286
1321
1729
4206
9997
2187
1307
5592
1409
10348
1562
4891
1032
1049
1063
24578
1576
8062
46825
1039
1395
2156
1626
1256
1462
5675
1693
1278
4127
4938
1429
2649
5796
1629
1499
1290
93710
1307
5592
1409
1364
13800
6987
1278
12217
11084
21808
1063
5500
11383
1626
1256
1462
17048
1278
2688
2937
1395
2000
12296
1095
26578
129511
1040
1049
1053
1044
1032
1053
1044
1576
8062
8062
1063
24421
45509
45509
45509
45509
4576
1096
1809
8360
3816
5702
1063
75652
8062
46825
45509
45509
45509
45509
45509
69066
1934
1032
1053
1349
23015
1321
1032
1049
1048
1576
1063
9528
3367
1494
1722
1576
8062
8062
46121
2430
1278
19723
2810
1395
1576
1063
2096
1809
1494
1681
1576
1065
63325
1256
1462
9246
1639
4206
1278
2000
1053
1044
1032
1053
1044
1576
14229
1063
10574
1039
2351
1032
1050
1096
2688
1046
1308
1061
1053
1044
1409
1061
1053
1044
1265
3760
14229
1063
10574
9528
2813
1362
13285
1044
2960
109131
5628
2767
4595
1279
1629
73037
1044
1878
1032
1050
1046
5646
6113
1454
6836
59149
4206
1626
1256
1462
3367
1362
5687
5990
43544
1455
29196
1747
5592
11167
9997
2187
1294
1278
2778
3310
1044
2000
1049
1053
1044
1032
1053
1044
1576
8062
46825
45509
45509
45509
45509
45509
69066
2084
1850
1032
1048
1046
3626
1278
2688
64629
1032
1049
1046
4493
13162
2036
43544
2715
16424
4206
1278
23832
1693
1494
1681
5314
1261
5796
92145
1063
5646
2168
1402
8462
1044
1809
13162
1278
4127
1934
1261
2801
6570
1058
1429
21511
1455
1278
9903
3310
1934
1836
5796
1629
1499
1290
93710
1307
5592
1409
1034
1364
14101
1042
21194
1044
1809
1693
1278
4618
3310
5314
1934
1925
1044
13162
1729
3637
4014
9384
1317
14422
1576
46121
1317
10035
1364
109493
1042
5796
1629
73037
1063
3501
1044
1429
9006
1836
1034
4938
1278
6836
3310
4016
1605
1736
2258
1626
1256
1462
32844
1033
17048
1362
5711
2633
1278
2688
1058
2000
8723
15605
1040
1049
1053
1044
1032
1053
1044
1576
8062
46825
45509
45509
45509
45509
45509
4576
2351
1032
1049
9816
5675
1693
1278
3310
1395
7442
75652
8062
46825
45509
45509
45509
45509
45509
69066
1321
1278
4832
1395
1032
1049
3147
1278
2342
3039
1395
1317
14422
1278
1576
46121
1115
2516
1455
1278
3310
11006
4433
1044
1809
1278
23832
1576
8062
46825
1039
1395
5592
1032
1053
1044
1321
13162
1409
1061
1053
1044
1809
1278
4127
43390
5796
1629
73037
1307
5592
1409
1364
98538
1562
4891
1032
1049
1042
1063
3501
1626
1256
1462
9246
1639
6123
2036
7807
4469
1394
1593
7092
4127
1046
1429
12296
3683
18451
1034
1429
1057
1057
1056
1050
1052
1052
1051
1053
1051
1034
1429
34730
1629
1499
1290
93710
1034
1429
1065
1398
3082
3871
2409
4139
1402
1562
13968
2975
2455
1505
1261
4510
10393
1046
1032
1057
1057
1056
1050
1052
1052
1051
1053
1051
1395
1261
4878
50844
1294
1464
26025
1047
16108
7638
1046
58528
7638
1736
81793
1032
1057
1057
1056
1050
1052
1052
1051
1053
1051
1046
1531
22855
1308
28944
1049
1048
1048
1048
1044
1409
28944
1049
1048
4128
1535
4990
1364
1032
1050
95907
1041
1505
1535
4990
1364
1409
1041
43544
1626
1256
1462
17048
1278
4127
1395
1058
4014
9384
2516
1455
1836
5796
1629
1499
1290
93710
1307
5592
1409
12123
1046
3060
1278
2688
2000
1049
1053
1044
1032
1053
1044
1576
8062
46825
45509
45509
45509
45509
45509
69066
7442
64629
1032
1048
1044
1809
1278
16925
1681
2000
6390
1096
2254
1934
1261
19940
1046
3886
1044
1278
3330
8223
1429
24151
16424
70914
84674
14671
48761
1083
2613
1362
4016
4848
3475
1455
22405
1278
2000
6390
1096
2254
1435
8360
1626
1256
1462
23627
1278
2142
16009
1044
1362
7534
5687
1278
43544
17047
1651
1278
8953
3607
1319
6390
1747
5592
11167
9997
2187
1294
1278
2778
3310
1577
6830
1362
7534
3160
1494
68093
1058
2000
1049
1053
1044
1032
1053
1044
1576
8062
46825
45509
45509
45509
45509
45509
69066
2084
1850
1032
1048
1046
1531
2000
6390
1096
2254
2084
7195
1408
1455
57500
1046
3626
13162
1278
3330
3214
1261
27223
1294
1278
2000
6390
1096
2254
1044
1321
1278
7293
2688
64629
1032
1048
1063
1531
3330
1681
3880
5978
2000
8723
15605
1040
1049
1053
1044
1032
1053
1044
1576
8062
46825
45509
45509
45509
45509
45509
4576
2351
1032
1049
1096
9700
1046
3367
1362
1850
1032
1048
1044
1494
24372
1046
3367
1362
1850
1032
1049
1044
1494
22405
1455
1925
1809
4139
7195
6218
1626
1256
1462
9246
1639
1344
41412
1278
3330
1681
16925
3435
21966
1058
1429
16994
4607
6983
9700
1278
9458
1046
9380
1681
1278
3880
1058
6421
20628
1292
4507
1058
6421
6852
15605
1040
1055
1044
1032
1052
1044
1576
8062
1063
1065
1063
10574
4576
2351
1032
1049
3871
6830
2127
5662
1278
2000
6390
1096
2254
1046
1531
2158
3880
1486
1408
1278
1032
1055
1044
1052
2688
1046
4890
4607
3475
4016
1736
9700
1408
1455
1046
6830
2127
4150
1429
2892
75956
1419
1044
1593
1395
2143
6255
1058
18228
1278
3629
2254
21734
1321
8953
3607
1044
10886
5687
1278
2254
5055
1321
2764
1747
1278
9458
1046
21478
16424
70914
84674
14671
48761
1083
19553
1256
1462
17048
1278
2000
6390
1096
2254
1395
1805
1307
1278
6255
1044
1321
1362
2534
1317
3180
2036
2254
2764
40179
109595
1294
1455
2000
6390
1096
2254
1046
1531
2000
6390
1096
2254
1934
2000
8723
15605
1040
1049
1053
1044
1032
1053
1044
1576
8062
46825
45509
45509
45509
45509
45509
4576
2351
1032
1049
9816
4493
1362
4016
3180
1494
1850
1032
1049
1626
1256
1462
3075
1408
14127
1710
2000
1049
1053
1044
1032
1053
1044
1576
8062
46825
45509
45509
45509
45509
45509
69066
1850
1032
1049
1063
9246
1681
3352
1317
3081
1261
26223
1990
4421
2561
1046
17048
1278
4127
28256
1429
34730
1629
1499
1290
93710
1307
5592
1409
1034
1435
1261
93710
1455
1395
1261
5796
92145
12164
1934
5592
1409
1044
1809
1278
93710
4016
1402
1364
1730
5579
17262
1307
12217
1576
46121
41376
3501
1626
1256
1462
17048
1278
3310
2000
1115
1096
1934
5592
1308
1044
1321
1729
2342
4206
9997
2187
1307
5592
1409
1455
1364
2673
1493
1513
4403
1925
1576
46121
1294
1278
4618
3310
1042
1063
3367
1878
1044
2430
1576
8062
46825
1039
1934
1836
1576
1063
2096
1878
1494
1681
25754
1046
6830
1729
2586
2534
1317
14422
1278
1032
1049
1048
1576
46121
1115
2516
1455
1836
5592
1045
1053
93710
1455
6987
1513
4403
1925
1576
46121
1395
1261
5796
92145
1046
9246
1681
2688
1593
18817
10533
1626
1260
1265
1376
1576
8062
46825
45509
45509
45509
45509
45509
1039
1319
72349
1032
1048
1045
1052
1058
23904
46825
1044
1032
1053
1045
1049
1052
1058
24421
45509
45509
45509
45509
1456
1260
1409
1061
1053
1046
7672
72344
1307
5592
1032
1053
1877
1260
1462
1032
1048
1045
1052
1058
23904
46825
1319
2649
1576
1063
2096
21965
1651
1593
18817
1456
1260
1462
1032
1049
1045
1053
1058
1398
46825
1063
1319
33951
1576
46121
1513
2022
1032
1053
1456
1260
1462
1032
1050
1045
1054
1058
86290
45509
1032
1010
1260
1462
1032
1051
1045
1055
1058
47409
45509
9551
1260
1462
1032
1052
1045
1056
1058
1349
45509
1063
9551
1260
1462
1032
1053
1045
1057
1058
24421
45509
9551
1260
1462
6421
2015
1317
1032
1049
1048
1045
1049
1052
1058
24421
45509
9551
1260
2837
2534
1317
14422
1032
1053
1045
1049
1052
1454
1349
23015
2516
1455
11518
1307
1278
9997
2187
1455
4626
1513
4403
1925
1576
46121
1584
5796
1629
73037
1626
1260
9840
1044
9997
2187
17262
3746
1032
1053
1045
1049
1052
4016
1605
1402
5796
1629
73037
1626
1260
3060
9997
2187
64283
1278
17586
4016
1605
1402
5796
1629
73037
1626
1260
3316
2156
10693
1032
1049
3039
1063
2409
7444
54237
1809
3435
5327
1317
21294
23898
1626
1256
1462
15081
18817
1058
17048
1278
4127
1395
1562
1261
21448
2478
1278
6570
1395
1429
2649
5796
1629
1499
1290
93710
1307
5592
1409
1364
13800
16896
1513
1420
3199
4891
21808
1505
4433
1046
2159
26724
1626
1256
1462
17048
1278
2688
2000
1049
1053
1044
1032
1053
1044
1576
8062
46825
45509
45509
45509
45509
45509
69066
1395
7442
2000
3107
1032
1048
1096
1321
1278
2000
6390
1096
2254
1294
1278
16925
1395
5711
2848
93804
1046
3626
1278
3330
24215
2639
1278
3880
1486
2000
8723
15605
1040
1055
1044
1032
1052
1044
1576
8062
1063
1065
1063
10574
4576
2351
1032
1049
1096
2158
1044
2430
1278
2667
6983
9700
1408
2000
1049
1053
1044
1032
1053
1044
6421
2351
1032
1049
9816
3367
1362
3180
2036
3475
1850
1032
1049
1394
1455
1044
1494
4139
1402
3147
1362
2607
2405
4206
1278
23832
1046
3626
2430
1278
2158
2688
2000
1055
1044
1032
1052
1044
1576
8062
1063
1065
1063
10574
69066
4016
2095
2764
1046
1656
2036
20152
4206
1307
1278
2158
2688
1044
1362
1880
1317
4206
1278
6836
3310
3907
9247
8262
1626
1256
1462
9246
1639
1344
11568
14176
1278
2158
2688
1454
1278
18817
1455
1729
2342
4206
9997
2187
8719
1576
1063
9528
1265
3760
8062
1063
1065
1063
10574
2096
1409
1061
1052
1046
1576
46121
1513
12197
1032
1050
1321
1032
1052
1046
7672
72344
1307
5592
1032
1052
1058
1032
1048
1045
1051
1058
1349
1398
3082
1349
1319
33951
1576
46121
1513
1032
1050
1574
1032
1049
1045
1052
1058
1398
3082
1349
3082
1319
33951
1576
46121
1513
1032
1050
1044
1052
1574
1032
1050
1045
1053
1058
3082
1349
3082
1398
1319
33951
1576
46121
1513
1032
1050
1044
1052
1574
1032
1051
1045
1054
1058
1349
3082
1398
1349
1319
33951
1576
46121
1513
1032
1052
1577
3367
1729
2342
4206
2576
1044
2127
1747
4231
1576
1063
2096
1878
1729
6813
57263
1836
5796
92145
5002
2424
1046
3626
1278
9247
11084
3637
125573
1046
1656
2036
20152
4206
9781
1044
1362
6090
1278
6836
2778
3310
1321
2342
18547
1032
1049
1319
1065
1398
1349
1349
1349
1398
1349
1041
9378
1046
5646
7540
1278
2778
3310
4583
1836
5796
92145
1307
5592
1032
1052
25265
1044
3907
9997
2187
1455
4139
1402
6090
1429
59468
1034
2453
21194
1046
3626
1294
1455
3310
1044
1747
5592
1045
1052
9997
2187
1722
17155
1321
2342
1925
9943
9378
1046
3367
1278
18817
1486
1429
11234
4206
9997
2187
1454
1576
46121
1897
13162
2081
25674
2168
2196
1044
1809
1278
2688
64629
10693
1032
1049
1046
4493
1278
5990
6836
59149
4206
7867
10693
1032
1049
1394
1278
2158
2688
1046
5646
12551
1278
5990
4206
1395
6298
1394
1278
2158
2688
1626
1256
1462
2898
1278
2158
2688
1044
5990
4206
7867
1032
1049
1046
2898
2000
1053
1044
1032
1053
1044
1576
14229
1063
10574
1039
7273
5990
4206
10177
1032
1050
1319
36203
109131
3180
6836
3310
2767
4595
1279
92145
1577
5646
14175
1626
1256
1462
2898
2000
1049
1053
1044
1032
1053
1044
1576
8062
46825
45509
45509
45509
45509
45509
1039
7273
5990
4206
10177
1032
1048
1044
1809
2688
8223
1032
1049
1626
1256
1462
3316
1494
4171
1455
1278
2688
2000
1049
1053
1044
1032
1053
1044
1576
8062
46825
45509
45509
45509
45509
45509
69066
1395
7442
2000
3107
1032
1048
1096
1321
1278
3330
3214
1261
96948
1294
1278
2000
6390
1096
2254
1063
1531
3330
8223
1429
24151
16424
70914
84674
14671
48761
1083
2613
3367
1362
4848
3475
1455
10721
1032
1048
1394
1455
1044
1278
2000
6390
1096
2084
7195
1046
3367
1362
4848
3475
1455
10721
1032
1049
1044
1494
4139
2764
1278
2000
6390
1096
1809
1402
1429
101613
1034
1651
1278
4127
1046
3886
1044
1278
3330
1681
19929
1395
1317
2764
1747
1278
9458
1046
1531
9458
1584
1278
2000
6390
1096
2254
109595
1626
1256
1462
17048
1362
2715
2586
5687
1278
43544
17047
1044
1321
1693
1278
2000
1049
1053
1044
1032
1053
1096
2688
64629
1032
1049
1044
12494
2156
1681
1261
43938
19940
1294
2036
43544
1455
7510
1494
1850
1032
1049
1063
9246
1681
3648
1058
25298
1278
43544
25217
1605
9244
1576
8062
46825
1039
1435
1261
5796
92145
1063
3367
1362
2342
4206
5796
1629
73037
2200
1278
93710
6987
1278
18644
5949
4145
1044
13162
1278
23832
1576
8062
46825
1039
1395
4772
17155
1435
1261
7662
93710
3147
1494
1681
8582
3066
1278
43544
16896
1063
5646
2168
1402
1261
19940
1044
1809
13162
1455
1681
2549
1278
2688
64629
1063
3501
1044
1455
2168
1402
8143
8482
1626
1256
1462
9246
1639
1344
41412
1278
8953
3607
1058
1429
12296
1278
2782
1307
9384
1317
14422
2744
1576
46121
1454
5250
1576
1065
1039
1505
1576
1066
1039
2516
1455
1278
9903
3310
1934
1836
5796
1629
1499
1290
93710
1307
5592
1409
2613
2409
1395
6133
1626
1256
1462
17048
1278
2688
2937
2000
1049
1053
1044
1032
1053
1044
1576
8062
46825
45509
45509
45509
45509
45509
69066
1395
1261
31544
1058
1278
3310
1934
5592
1032
1049
1053
1044
1409
1061
1053
1046
1531
2158
1032
1053
1584
1576
8062
46825
9528
3626
13162
1278
4127
43390
1455
1729
2342
4206
9997
2187
1307
5592
1409
1455
1364
10460
1513
12197
2478
1729
1736
1576
46121
41376
3501
1626
1256
1462
9246
1639
6123
9495
6628
1058
3730
1681
1261
13968
2975
2455
4127
1429
20853
3000
1034
1505
4510
1046
17048
1494
1681
1562
1261
8531
21448
1046
1032
1057
1057
1056
1050
1052
1052
1051
1053
1051
50844
1046
1308
28944
1049
1048
1048
1048
1044
1409
28944
1049
1048
1046
1362
26938
1261
4127
2478
1636
4014
18451
1454
1836
5796
1629
1499
1290
93710
1307
5592
1409
1046
1531
15421
5097
1395
43544
1454
3468
3144
1278
3804
1409
1045
1049
11084
1044
1321
24124
1693
12327
1261
1875
4145
21622
1261
5796
92145
1307
5592
1409
1046
1531
4206
1395
1058
1394
1278
1875
4145
1272
1044
1321
1278
3804
1409
1045
1049
11084
1044
4206
1693
1278
1875
5592
11167
93710
1395
1261
5796
92145
1046
2409
1395
10693
2549
1362
1486
15148
1626
1256
1462
1656
1455
5990
5097
1044
1693
1278
5719
3310
5314
1934
1261
5592
11167
5796
92145
1044
1278
4832
1395
1032
1048
1046
4493
2000
1049
1053
1044
1032
1053
1044
1576
8062
46825
45509
45509
45509
45509
45509
69066
2168
1402
1032
1048
1626
1256
1462
23627
1278
60125
1044
1362
7534
14649
1278
2000
6390
1096
2254
1934
1261
96948
1321
1278
7293
2688
64629
1032
1048
1044
1809
1278
3330
9956
2000
3107
1032
1049
1096
1536
27223
1046
3886
1044
1278
3330
8223
1429
24151
16424
70914
84674
14671
48761
1083
2613
1362
1710
2405
4036
1278
2000
6390
1096
2254
1046
1362
4016
3180
2036
2000
12296
1095
26578
129511
1096
2764
1278
2000
6390
1096
2254
1626
1256
1462
32844
1033
17048
1278
3330
1681
2000
6390
1096
2254
1395
1278
1364
27992
1042
9458
2127
2933
1639
1317
2764
1044
1321
1278
8953
3607
11277
1584
2586
70358
1046
1531
2000
6390
1096
2254
1934
2000
8723
15605
1040
1049
1053
1044
1032
1053
1044
1576
8062
46825
45509
45509
45509
45509
45509
4576
2351
1032
1049
9816
1362
4016
3180
2036
2254
1850
1032
1049
1394
1455
4292
1626
1256
1462
3075
1710
1362
3180
1494
1850
1032
1049
1063
9246
1681
3352
1317
16448
81078
1258
1058
3367
1278
2254
10721
1032
1049
1394
2000
1049
1053
1044
1032
1053
1044
1576
8062
46825
45509
45509
45509
45509
45509
1039
7273
13162
1278
6570
1395
1429
2649
5796
1629
1499
1290
93710
1307
5592
1409
1364
13800
8688
1513
4403
1925
1576
46121
1294
1278
4618
3310
21808
1063
3626
2430
1278
2158
2688
2000
1055
1044
1032
1052
1044
1576
8062
1063
1065
1063
10574
69066
2095
1934
1576
1063
2096
1321
1494
64629
1032
1049
1046
4890
20152
5990
4206
7867
1032
1049
1394
1455
1046
3367
1362
2210
1278
1429
33951
1576
46121
1429
6570
1044
2168
1494
3637
5628
1032
1049
1063
9246
1681
2688
2158
2688
1454
1455
6570
1058
1265
3760
8062
1063
1065
1063
10574
2096
1409
1061
1052
1046
1576
46121
1513
1032
1050
1044
1052
1046
7672
72344
1307
5592
1032
1052
1058
1032
1048
1045
1051
1058
1349
1398
3082
1349
1319
9006
1576
1063
16722
1032
1049
1045
1052
1058
1398
3082
1349
3082
1319
9006
1576
1063
16722
1032
1050
1045
1053
1058
3082
1349
3082
1398
1319
9006
1576
1063
16722
1032
1051
1045
1054
1058
1349
3082
1398
1349
1319
9006
1576
1063
6166
3797
4231
1576
1063
9528
4493
1278
6570
12285
2405
7367
2258
1046
1531
5746
109131
2168
1402
3385
2478
1836
5592
1045
1052
93710
1395
1261
5796
92145
1044
18964
1278
6836
3310
1046
5646
7867
1032
1049
1046
4493
2960
5481
5628
1032
1049
1394
1278
2158
2688
1626
1256
1462
2898
2000
1053
1044
1032
1053
1044
1576
14229
1063
10574
1039
49431
1576
46121
1513
3980
1032
1050
1046
7672
72344
1307
5592
1032
1053
1058
2586
1278
6836
3310
1576
14229
1063
10574
9528
2157
8688
1576
1063
9528
3367
6570
1395
1429
2649
5796
92145
1307
5592
1409
1455
8688
1576
46121
1897
2430
1729
2534
1317
11811
1278
6836
3310
1395
1605
1261
5796
92145
2453
21194
1046
12953
1576
14229
46825
1039
1321
1576
1065
8062
10574
1039
1584
1605
5796
1629
73037
1046
4493
1032
1050
9384
1046
79472
2000
3107
1032
1050
51330
1256
1462
2898
2000
1049
1053
1044
1032
1053
1044
1576
8062
46825
45509
45509
45509
45509
45509
1039
49431
3367
6570
1395
1429
2649
5796
92145
1307
5592
1409
1455
8688
1576
46121
1897
2430
1278
9247
1576
8062
46825
1039
1513
3030
3120
16424
4231
1576
1063
2096
1878
1494
1681
62591
1046
2837
2342
2534
1317
11811
1836
5592
1045
1053
93710
1455
6987
1513
4403
1925
1576
46121
1395
1261
5796
92145
1046
9246
1681
3219
1693
1455
28248
10693
1032
1049
3039
1046
2409
1395
54237
1046
3626
1395
1494
1278
13650
4127
1063
1531
8953
3607
8223
1058
1429
21511
1455
1278
9903
3310
1934
1836
5796
1629
1499
1290
93710
1307
5592
1409
2613
2157
6354
2405
7693
1429
124648
1576
46121
3871
3626
13162
1278
4127
68127
4938
1429
2649
5796
1629
1499
1290
93710
1307
5592
1409
1364
13800
1710
1402
7563
1047
33951
1261
1576
46121
21808
1063
2159
26724
1626
1256
1462
15081
14541
1058
1531
2688
2000
1049
1053
1044
1032
1053
1044
1576
8062
46825
45509
45509
45509
45509
45509
69066
1395
7442
2000
3107
1032
1048
1096
1321
1278
2000
6390
1096
2254
1934
1261
96948
1046
1531
3330
4139
1736
41858
1278
8462
6878
2632
1046
3626
1362
1736
1317
2196
1454
2549
1681
4265
1626
1256
1462
9246
1639
3346
1278
3330
1681
5117
2790
1058
1429
16994
4607
6983
9700
1278
9458
1046
9380
1681
1278
3880
1058
6421
20628
1292
4507
1058
6421
6852
15605
1040
1055
1044
1032
1052
1044
1576
8062
1063
1065
1063
10574
4576
2351
1032
1049
3871
6830
2127
2629
1278
2000
6390
1096
2254
1046
1531
3880
1395
1408
1278
2158
2688
1046
4890
4607
3475
4814
2405
2764
1278
2158
2688
1046
6830
2127
4150
1429
2892
75956
1419
1044
1593
1395
2143
6255
1058
18228
1278
3629
2254
21734
1321
8953
3607
1044
10886
5687
1278
2254
5055
1321
2764
1747
1278
9458
1046
21478
16424
70914
84674
14671
48761
1083
2613
6830
2127
5234
1278
2254
21734
1321
2000
6390
1096
2254
1626
1256
1462
17048
1278
2000
6390
1096
2254
1395
1278
1364
11234
1042
9458
1362
2534
1317
2764
1044
1321
1278
8953
3607
1395
2586
5315
1046
1362
2534
1317
3180
2000
12296
1095
26578
129511
1096
2764
1747
109595
1294
2000
6390
51330
1256
1462
9246
1681
2951
1278
109595
1294
2000
6390
1096
1877
1260
1032
1049
1046
2000
1099
52143
1040
1055
1044
1032
1052
1044
1576
8062
1063
1065
1063
10574
4576
2351
1032
1049
10632
1260
1032
1050
1046
2000
1099
52143
1040
1052
1048
1044
1032
1055
1044
1576
45509
45509
2880
4576
2351
1032
1049
1049
1054
1050
1057
1053
1052
1051
1054
10632
1260
1032
1051
1046
2000
1099
52143
1040
1049
1053
1044
1032
1053
1044
1576
8062
46825
45509
45509
45509
45509
45509
4576
2351
1032
1049
10632
1260
1032
1052
1046
2000
1099
52143
1040
1052
1048
1044
1032
1056
1044
1576
1063
1065
1063
1066
45509
1066
1063
1066
1063
14229
1063
1065
1063
1066
45509
1066
1063
1065
45509
1063
1066
1063
28235
1063
1066
45509
1063
10574
45509
10574
1065
4576
2351
1032
1050
1053
1057
1050
1052
1048
10632
1260
1032
1053
1046
2000
1099
52143
1040
1049
1048
1048
1048
1044
1032
1049
1048
1044
1576
46121
1364
1032
1049
1048
1048
1048
1041
2351
1032
1051
1051
1057
1057
1057
1056
1054
1049
1056
10632
1260
1032
1054
1046
2000
1099
52143
1040
1049
1048
1048
1048
1044
1032
1057
1044
124218
2351
1032
1048
1096
1319
9876
3310
1456
1260
1032
1055
1046
2000
1099
52143
1040
1049
1048
1048
1048
1044
1032
1050
1044
124218
2351
1032
1048
10632
1260
1032
1056
1046
2000
1099
52143
1040
1049
1048
1048
1048
1044
1032
1056
1044
1576
1065
1039
1364
1032
1049
1048
1048
1048
1041
2351
1032
1048
10632
1260
1032
1057
1046
2000
1099
52143
1040
1049
1048
1048
1048
1044
1032
1049
1048
1044
1576
46121
1364
1032
1049
1048
1048
1048
1041
2351
1032
1051
1051
1057
1057
1057
1056
1054
1049
1056
1096
1319
115501
1456
1260
1032
1049
1048
1046
2000
1099
52143
1040
1049
1048
1048
1048
1044
1032
1056
1044
1576
1066
1039
1364
1032
1049
1048
1048
1048
1041
2351
1032
1048
10632
1260
1032
1049
1049
1046
2000
1099
52143
1040
1053
1044
1032
1053
1044
1576
14229
1063
10574
4576
2351
1032
1050
10632
1260
1032
1049
1050
1046
2000
1099
52143
1040
1049
1048
1048
1048
1044
1032
1051
1044
124218
2351
1032
1048
1096
1319
2886
2730
3310
1801
1256
1462
1362
2534
1317
5687
1261
2254
1455
51766
1747
2576
1626
1256
1462
9246
1681
3648
2314
1278
5990
43544
1394
1429
2649
5796
1629
1499
1290
93710
1307
5592
1409
3871
1531
3468
1395
1278
3804
1409
1045
1049
11084
1046
2898
2744
3980
1044
1729
3352
1576
1065
1039
1505
1576
1066
1039
1319
1391
1576
1063
16722
1321
4206
1693
1278
1875
5592
11167
93710
1395
1261
5796
92145
1046
3367
1494
1395
1044
26860
1046
3931
1278
2362
1044
4556
1747
5746
8164
1626
1256
1462
3367
1362
5687
1593
5990
43544
1044
2549
1653
1278
9458
5628
9551
1260
1462
7637
1032
1049
1058
2000
1055
1044
1032
1052
1044
1576
8062
1063
1065
1063
10574
69066
4906
1362
23898
4884
1032
1049
1046
19839
43544
2715
5628
1032
1049
1626
1260
1462
7637
1032
1050
1058
2000
1052
1048
1044
1032
1055
1044
1576
45509
2880
69066
4906
1032
1049
1049
1054
1050
1057
1053
1052
1051
1054
1046
1362
2607
2405
2840
1044
1809
5990
43544
2715
24002
1494
1626
1260
1462
7637
1032
1051
1058
2000
1049
1053
1044
1032
1053
1044
1576
8062
46825
45509
45509
45509
45509
45509
69066
4906
19839
43544
10177
1032
1048
1319
46384
1576
8062
46825
1039
1395
5796
92145
1307
5592
1032
1053
1513
3030
1577
3626
2688
64629
1032
1049
1626
1260
1462
7637
1032
1049
1049
1058
2000
1053
1044
1032
1053
1044
1576
14229
1063
10574
69066
4906
19839
43544
10177
1032
1050
1046
79472
1626
1260
1462
7637
1032
1056
1058
2000
1049
1048
1048
1048
1044
1032
1056
1044
1576
1065
23545
1049
1048
1048
1048
1096
4906
1032
1048
1046
79472
1319
1599
1576
1065
1681
1934
5796
1629
73037
4342
1260
1462
7637
1032
1049
1048
1058
2000
1049
1048
1048
1048
1044
1032
1056
1044
1576
1066
23545
1049
1048
1048
1048
1096
4906
1032
1048
1046
79472
1626
1260
1462
7637
1032
1053
1047
1054
1058
2000
1049
1048
1048
1048
1044
1032
1049
1048
1044
1576
46121
1364
1032
1049
1048
1048
1048
1096
4906
1032
1051
1051
1057
1057
1057
1056
1054
1049
1056
1046
19839
43544
2715
5628
1593
1626
1260
1462
1531
2730
3310
9458
1394
1409
1061
1057
1044
1050
1044
1051
7529
5628
1032
1048
3147
1278
9247
3310
5314
1934
5796
1629
73037
1505
1278
1576
46121
5965
8908
1032
1048
1626
1256
1462
1531
2342
15016
1395
2688
1032
1051
1058
2000
1049
1053
1044
1032
1053
1044
1576
8062
46825
45509
45509
45509
45509
45509
1039
2351
1032
1049
1096
8070
5990
43544
11735
1032
1048
1626
1256
1462
17048
1362
2715
16424
4206
1278
23832
1394
5796
1629
73037
1693
1494
1681
5314
2156
1063
3626
1455
2168
1402
25342
1651
4127
10674
1046
3886
1044
1693
1278
2688
64629
1032
1049
1044
13162
1278
4127
7442
4938
1058
1429
12296
9384
1317
14422
1576
46121
2516
1455
1836
1364
3080
1042
5796
1629
1499
1290
93710
1307
5592
1409
1395
7563
1044
27408
1278
4618
3310
4139
5314
1736
2269
1044
1809
1729
2342
3831
2314
1278
109131
10555
3501
1044
1455
1681
1605
11383
1626
1256
1462
32844
1033
17048
1278
3310
2000
1115
1096
1934
1576
46121
1321
9247
11084
1044
1321
1729
14422
1576
1063
2096
1809
1278
6570
1429
2649
5796
1629
1499
1290
93710
1307
5592
1409
1034
28735
2342
1317
9997
2187
1455
1364
4310
1513
4403
1925
12217
4145
1042
1063
3247
13162
1278
4127
1395
1562
1261
5211
2478
1278
3310
1395
6090
3683
1693
2453
21194
1044
2156
1395
1836
5796
92145
1307
5592
1409
1044
1398
5489
1693
1278
4618
3310
5314
1934
1925
1044
1278
4832
1395
1032
1048
1046
5646
1681
5990
1626
1256
1462
9246
1639
4206
1693
1576
8062
46825
1039
1395
7442
1261
5796
92145
1307
5592
1032
1053
1046
1349
1398
1349
1398
1349
1046
13830
1046
4493
1693
1278
4127
1395
5990
1044
4832
1395
1032
1048
1626
1256
1462
23627
1278
3330
24215
8223
1278
2000
6390
1096
2254
1934
2000
3107
1032
1049
1096
1394
1455
1044
1321
1429
24151
16424
70914
84674
14671
48761
1083
1897
1362
4139
1736
1317
4848
3475
1455
10721
1032
1049
1394
1455
4811
4292
1044
12494
1536
6061
3591
5760
1494
1063
5646
1681
29319
1809
4139
1402
2549
1681
6618
1693
2156
1681
1261
96948
1626
1256
1462
37346
1044
13162
1362
5711
2633
1278
3310
1058
75652
8062
46825
45509
45509
45509
45509
45509
69066
1462
2481
1494
1402
1455
1278
2158
6184
1584
1576
8062
46825
2096
1809
1409
1061
1053
1044
1321
1278
4127
29196
5796
1629
73037
1307
5592
1409
1364
98538
1562
4891
1032
1049
1042
1063
3501
1626
1256
1462
9246
1639
3648
1693
2156
1681
2258
2147
19190
1307
1429
34730
1629
1499
1290
93710
1307
5592
1409
3871
17048
1494
4938
1261
93710
1455
1395
1261
5796
92145
12164
1934
5592
1364
1269
4403
1042
1409
1063
3501
1044
1429
2935
5592
1409
24483
1256
1462
17048
1278
4127
43390
1278
3310
23455
1063
3501
1626
1256
1462
17048
1278
2688
2000
1049
1053
1044
1032
1053
1044
1576
8062
46825
45509
45509
45509
45509
45509
69066
1395
7442
2000
12296
1095
26578
129511
1040
1049
1053
1044
1032
1053
1044
1576
8062
8062
1063
24421
45509
45509
45509
45509
4576
1096
1454
1261
5702
1044
1809
1494
1681
8360
3816
1626
1256
1462
1362
7534
3352
1317
6123
2036
8977
7807
1394
1278
7092
4213
1046
1032
1049
1049
1054
1050
1057
1053
1052
1051
1054
1394
1308
1061
1052
1048
1044
1409
1061
1055
1747
1576
1063
9528
1032
1051
1051
1057
1057
1057
1056
1054
1049
1056
1394
1308
1061
1049
1048
1048
1048
1044
1409
1061
1049
1048
1747
1576
1063
9528
4634
1584
4811
8091
1046
1362
2481
3352
1317
42463
1278
43544
1321
3219
1693
13162
1278
43544
3468
12270
25217
77353
36359
1278
9247
23832
5796
92145
1626
1256
1462
1656
1278
5990
43544
1394
1593
4127
1319
1073
6483
5753
4510
1574
1278
3468
1395
1278
3804
2365
6534
1044
1409
1045
1049
1041
11084
1046
2837
55645
2645
1278
3310
1046
2898
2744
3980
1044
1693
1278
4145
1395
9247
1044
1729
2342
4069
1455
14029
1059
1693
1576
1063
2096
1729
3352
2960
1046
20218
12327
1261
4145
1044
1693
1729
1736
1513
4403
1409
1045
1049
4607
11084
1044
1729
2071
1278
5592
11167
93710
1321
4206
1693
1494
1681
1261
5796
92145
1046
3367
1494
1395
1044
1729
23518
1593
10284
1046
2409
27809
39184
9247
129787
1058
1693
1278
9247
23832
5314
1934
1261
5592
11167
5796
92145
1044
2200
1729
8132
1278
2362
1307
1455
23832
1044
1278
4206
2084
7195
1321
1278
43544
2084
6127
1032
1048
1626
1256
1462
9246
1681
50248
1593
43544
68093
1394
2000
1049
1053
1044
1032
1053
1044
1576
8062
46825
45509
45509
45509
45509
45509
69066
1877
1260
1308
1061
1049
1053
1044
1409
1061
1053
1046
1265
1376
1349
1398
1349
1398
1349
3082
3082
3082
3082
3082
3082
3082
3082
3082
3082
3082
32268
1260
13336
1058
34044
1376
1445
17680
1032
1049
2002
1260
1623
1061
1048
1058
2810
1576
1065
9528
3468
11006
11875
1065
2096
1577
34044
1376
1445
2021
1065
2096
4244
1032
1049
2002
1260
1623
1061
1049
1058
2810
1576
1066
9528
3468
11875
1065
7661
1066
6166
34044
1376
1445
2021
1065
7661
1066
1039
4244
1032
1049
2002
1260
1623
1061
1050
1058
2810
1576
1065
9528
3468
11875
1065
7661
1066
7661
1065
6166
34044
1376
1445
2021
1065
7661
1066
7661
1065
1039
4244
1032
1049
2002
1260
1623
1061
1051
1058
2810
1576
1066
9528
3468
11875
1065
7661
1066
7661
1065
7661
1066
6166
9032
1623
1061
1051
1044
1409
1045
1049
1061
1052
1044
1878
1729
1736
1032
1052
24733
1044
1799
1395
1409
1045
1049
1046
2837
2607
2405
4206
5796
92145
6727
3147
1729
2534
1409
24733
1046
49032
1044
4206
2200
1623
9218
1409
1045
1049
1046
1623
1061
1051
1044
1409
1045
1049
1061
1052
1044
1878
1623
1534
1409
1045
1049
1044
1836
4206
1046
3468
11875
1065
7661
1066
7661
1065
7661
1066
1039
4342
1260
1623
1061
1052
1058
2810
1576
1065
9528
9032
1623
1061
1052
1044
1409
1045
1049
1061
1052
1044
1878
1623
9218
1409
1045
1049
1046
2837
1736
3468
11875
1065
7661
1066
7661
1065
7661
1066
4576
1321
1875
2810
1576
1065
9528
3140
5592
1045
1053
93710
1058
26524
1032
1048
1045
1052
1058
1349
1398
1349
1398
1349
1046
12558
5796
92145
1058
1265
1091
1048
60692
1115
1091
1052
1093
1319
1065
3107
1065
1574
1265
1091
1049
60692
1115
1091
1051
1093
1319
1066
3107
1066
1577
2157
1681
1261
5796
92145
1033
4493
1593
10284
1395
25634
1046
34044
11006
9829
1626
1260
4493
43544
10721
1032
1048
1046
3203
70304
1626
1256
1462
4493
5990
43544
10177
1032
1048
1046
7637
64629
1032
1049
1626
1256
1462
17048
1278
4127
29196
5796
92145
2342
2200
1278
93710
1364
33951
1261
1576
46121
1294
1278
4618
3310
1042
1063
3626
1576
8062
46825
1039
1934
1836
1576
1063
9528
3367
1729
26860
1278
4206
1394
9997
2187
1454
1836
1576
1063
2096
2430
1513
1623
1061
1052
1044
1729
12285
2405
23518
1044
1321
43544
2168
8214
1046
5646
2168
5628
2269
2767
61174
4014
1046
17048
1455
4014
1395
1032
1049
1063
9246
1681
2688
1593
15474
1058
14099
4206
5796
92145
1693
1278
5592
11167
93710
8688
1513
4403
1925
1576
46121
1294
1278
4618
3310
1265
1046
9748
1576
8062
46825
1039
1934
1836
1576
1063
2096
1729
26860
1278
4206
1046
6830
1278
43544
44015
1044
1321
1278
1576
46121
1115
1584
12217
1046
17048
1278
2782
1307
5746
4989
1824
1395
1032
1049
1626
1256
1462
9246
1681
4206
2688
1032
1049
1049
1058
2000
1053
1044
1032
1053
1044
1576
14229
1063
10574
1039
9816
82122
3310
1934
1576
46121
1513
2022
1032
1050
1046
3367
6570
1395
1429
6390
5796
92145
2342
1693
93710
8688
1576
46121
1897
2430
1513
1623
1061
1052
1319
1107
1061
1053
1044
1623
17546
1052
1574
1729
1736
3468
1321
1875
2810
1046
1531
93710
1395
1278
6836
3310
1576
14229
1063
10574
9528
2157
8688
1576
1063
2096
1878
1729
4206
5796
92145
1046
12953
109131
5628
2767
4595
1279
1629
73037
1044
1878
2960
8807
1044
4014
1032
1050
1046
79472
2000
3107
1032
1050
51330
1256
1462
7637
1032
1051
1058
2000
1049
1053
1044
1032
1053
1044
1576
8062
46825
45509
45509
45509
45509
45509
1039
9816
3367
1729
2342
4206
9997
2187
8719
1576
1063
2096
2430
1278
9247
1576
8062
46825
1039
1395
76382
1046
1531
1576
46121
1115
1584
1513
12197
1032
1053
1045
1049
1052
1046
1531
43544
2168
3160
1321
4139
9459
1032
1049
1046
2409
7444
2479
1261
4171
13650
4127
15474
1058
1429
2649
5796
1629
1499
1290
93710
1307
5592
1409
1364
13800
8688
1513
4403
1925
1576
46121
1294
1278
4618
3310
21808
1063
3626
1278
8953
3607
6354
2405
4150
1455
1046
3886
1044
4265
1278
9458
1044
13162
1455
1681
1278
7293
6570
1063
3247
13162
1278
4127
1395
1058
1429
12296
9384
2516
1455
1278
9903
3310
1934
1836
5796
1629
1499
1290
93710
1307
5592
1409
1044
1809
1693
1278
4618
3310
5314
1934
1925
1044
1494
1681
3637
35509
10555
3501
1626
1256
1462
32844
1033
17048
1278
4127
1395
1058
1429
21511
1455
1278
9903
3310
1934
1836
5796
1629
1499
1290
93710
1307
5592
1409
1034
1321
1278
2688
2000
1049
1053
1044
1032
1053
1044
1576
8062
46825
45509
45509
45509
45509
45509
69066
7442
64629
1032
1049
3147
1278
3310
1576
8062
46825
1039
1395
16424
1261
5796
92145
1693
1729
3369
1576
1065
1039
1321
1576
1066
1039
1435
1278
2879
1063
3501
1626
1256
1462
9246
1639
1344
41412
1278
8953
3607
3435
21966
1058
1429
36296
1261
3310
1265
1307
5592
1308
19040
1307
11084
1576
1065
2096
1576
1066
2096
1321
1576
1063
2096
1321
1261
6818
15748
1409
1044
4014
1278
2782
1307
9384
1317
14422
2744
1576
46121
1454
5250
1576
1065
1039
1505
1576
1066
1039
2516
1455
1278
9903
3310
1934
1836
5796
1629
1499
1290
93710
1307
5592
1409
19553
1256
1462
17048
1429
34730
1629
1499
1290
93710
1307
5592
1409
1034
4938
1261
93710
1455
1395
1261
5796
92145
1321
1934
5592
10693
1409
1044
1809
1278
93710
4016
1402
1364
2673
5034
3746
1278
12217
1805
1042
1063
3501
1626
1256
1462
1362
4525
25988
1408
1593
60125
1046
2813
1420
26554
1044
1362
2715
7529
5687
1278
5990
43544
1455
29196
1747
5592
11167
9997
2187
1294
1278
2778
3310
1044
1799
1395
1278
2725
26223
19190
1307
1278
8953
3607
1046
3367
1278
2000
6390
1096
2254
1934
1261
96948
1408
1455
1925
2688
1044
13162
1278
3330
2084
6124
1494
1044
1505
13162
1362
4525
11779
4433
1626
1256
1462
3626
1278
3330
2639
1058
1429
16994
4607
6983
9700
1278
9458
1046
9380
1681
1278
3880
1058
6421
20628
1292
4507
1058
6421
6852
15605
1040
1055
1044
1032
1052
1044
1576
8062
1063
1065
1063
10574
4576
2351
1032
1049
3871
6830
2127
7867
1278
2000
6390
1096
2254
1046
4890
2158
6983
4016
1736
9700
1408
1278
2158
2688
1046
4890
2667
6983
9700
1408
1278
5888
2688
1046
1362
2534
1317
9470
3475
1455
22405
1278
2000
6390
1096
2254
1626
1256
1462
17048
1362
2715
2586
5687
1278
5990
43544
1044
1321
1693
2688
1032
1051
24372
1044
1494
24372
1046
3626
1278
3330
24215
8223
1429
12107
1747
1278
9458
2613
1362
2534
1317
3081
1261
3039
1317
3180
2688
1032
1051
1850
1032
1049
1626
1256
1462
9246
1639
3648
7805
1278
7616
1058
25298
2000
12296
1095
26578
129511
1040
1049
1053
1044
1032
1053
1044
1576
8062
46825
45509
45509
45509
45509
45509
4576
1096
1850
1032
1049
1693
1729
3369
1455
1278
1576
46121
109131
4016
2095
11811
1455
1278
1364
20358
1042
5796
92145
1576
8062
46825
1039
1395
1429
100967
1034
1536
1278
3121
1455
1729
14422
1576
46121
1809
1278
23832
1395
9247
1063
3501
1044
9247
24733
1710
2405
1402
8533
1626
1256
1462
5675
1693
1278
4127
28256
1278
3310
1435
1032
1049
37601
1286
1044
1321
1409
1061
1053
1044
1809
1729
2342
4206
9997
2187
1307
5592
1409
1455
3030
1513
12197
3006
1032
1049
1063
3501
1626
1256
1462
17048
1278
2688
2937
1395
2000
12296
1095
26578
129511
1040
1049
1053
1044
1032
1053
1044
1576
8062
46825
45509
45509
45509
45509
45509
4576
1096
1321
1278
6878
4832
1395
1032
1049
3147
1278
2342
3683
3310
1395
2200
1278
1576
46121
1115
1584
12217
1294
1261
3039
1455
1278
6960
3310
1934
1836
5592
1045
1053
5796
92145
1044
1809
12494
1278
23832
1576
8062
46825
1039
1395
6090
5592
1032
1053
1044
1321
1278
4127
8223
1429
2649
5796
1629
1499
1290
93710
1307
5592
1409
1034
10138
1729
2607
2405
4014
1278
23832
1693
1494
1681
5314
2156
1063
5646
6354
2405
3180
7453
1626
1256
1462
9246
1639
6123
1394
1429
12296
1095
26578
129511
1034
1429
1057
1057
1056
1050
1052
1052
1051
1053
1051
1034
1294
2036
7716
2181
1046
1362
26938
1261
4127
1562
13968
2975
2455
18545
13162
1063
3730
1681
1261
4127
1429
20853
3000
1034
1809
1605
10693
1593
1046
15081
14541
1058
2157
1681
1562
1261
3931
1067
10414
1505
13968
32433
1102
4127
1046
1531
50844
1032
1057
1057
1056
1050
1052
1052
1051
1053
1051
1395
15421
1394
1464
26025
7638
1044
1809
2095
2434
1294
43544
81793
1626
1256
1462
17048
1278
4127
1395
1058
4014
1278
2782
1307
9384
1317
14422
1576
46121
2516
1455
1836
5796
1629
1499
1290
93710
1307
5592
1409
12123
1046
3060
1278
2688
2000
1049
1053
1044
1032
1053
1044
1576
8062
46825
45509
45509
45509
45509
45509
69066
1395
7442
2000
3107
1032
1048
1096
1321
1278
2000
6390
1096
2254
1294
1278
16925
1934
1261
27223
1046
1531
3330
4139
1736
60210
1278
8462
6878
2632
1046
3626
2127
2639
1429
24151
16424
70914
84674
14671
48761
1083
2613
3367
1362
4848
3475
1455
10721
1032
1048
1394
1455
1044
1278
2000
6390
1096
2084
7195
1046
3367
1362
4848
3475
1455
10721
1032
1049
1044
1494
22405
1278
2000
6390
1096
1809
4139
1402
1429
2914
54099
1034
1651
1278
4127
1046
3886
1044
1278
3330
1681
19929
1395
1317
2764
1278
9458
1435
4265
1294
1278
2000
6390
1096
2254
1626
1256
1462
23627
1278
2142
1362
6483
13914
1044
1362
7534
5687
1278
5990
43544
1454
1278
4206
1394
1747
5592
11167
9997
2187
1046
6830
1362
7534
9134
1455
2688
1032
1051
4139
1402
1420
10487
1044
1809
1362
1736
1317
2764
1494
1046
17048
2156
1681
1261
43938
19940
1294
2036
5990
43544
1455
7510
1494
1850
1032
1049
1394
1455
4292
1063
9246
1681
6369
2036
43544
13951
1626
1256
1462
1656
2036
9781
43544
49674
1044
1362
17155
5796
92145
2200
2000
1105
9218
1409
1462
1032
1049
9816
1531
4206
1486
1058
2071
1278
5592
11167
93710
1562
1278
3804
1409
11084
1319
8857
1867
1875
2810
1577
12558
1693
1494
1681
1261
5796
92145
1046
3367
14842
1044
26860
1626
1256
1462
2898
2000
1049
1053
1044
1032
1053
1044
1576
8062
46825
45509
45509
45509
45509
45509
1039
7273
1513
1623
1061
1052
1044
3468
1395
11875
1065
7661
1066
7661
1065
7661
1066
16722
1875
2810
1576
1065
2096
93710
1576
8062
46825
1039
1395
5796
92145
1044
26860
1046
34044
11006
9829
1046
20527
1032
1048
1626
1256
1462
5675
1693
1362
2607
2405
4206
1278
5796
92145
2200
1278
1875
93710
15730
17262
1307
9247
11084
1562
1278
4618
3310
1063
5646
1395
1044
1362
2342
4206
2200
1278
1875
93710
6987
1513
4403
1925
3980
1455
1486
1576
46121
1294
1278
4618
3310
1063
5646
2168
26860
1278
4206
1513
1623
1061
1052
3147
12197
1032
1048
1045
1052
1584
1747
9247
1576
1065
7661
1066
7661
1065
7661
1066
7661
1065
9528
6830
43544
19877
1044
1321
1513
4025
9578
1044
2200
1729
2229
1576
46121
11084
1044
1729
4206
1046
17048
1455
28248
10693
1032
1049
5746
20843
1626
1256
1462
9246
1681
2688
1593
15474
1058
14099
4206
5796
92145
1693
1278
5592
11167
93710
8688
1513
4403
1925
1576
46121
1294
1278
4618
3310
1265
1046
2898
2000
1055
1044
1032
1052
1044
1576
8062
1063
1065
1063
10574
1039
49431
1576
46121
1513
1032
1050
1044
1052
1046
7672
72344
1058
1032
1048
1045
1051
1934
1576
46121
1513
1032
1050
1044
1878
4206
1046
1032
1049
1045
1052
1934
1576
46121
1513
1032
1050
1044
1052
1044
4206
1046
1032
1050
1045
1053
1934
1576
46121
1513
1032
1050
1044
1052
1044
4206
1046
1032
1051
1045
1054
1934
1576
46121
1513
1032
1052
1044
4206
1046
4493
1747
29196
14222
1046
4890
20152
5746
4014
1486
1032
1049
1046
4493
1494
2168
3637
5628
1032
1049
1626
1256
1462
2898
2000
1053
1044
1032
1053
1044
1576
14229
1063
10574
1039
49431
1576
46121
1513
1032
1050
1046
82122
3310
1934
1576
1063
2096
4206
16581
1046
12953
109131
5746
1044
4014
1032
1050
1626
1256
1462
2898
2000
1049
1053
1044
1032
1053
1044
1576
8062
46825
45509
45509
45509
45509
45509
1039
49431
1576
46121
1513
1032
1053
1045
1049
1052
1046
3931
1623
1061
1052
1044
93710
1032
1048
1045
1052
1934
1836
1576
1063
2096
1878
1729
28807
9918
1278
5796
92145
4206
1046
34044
19877
1046
6830
1729
2832
1623
1061
1053
1317
1032
1049
1052
1454
1576
1063
9528
2837
2534
1317
11811
1836
5592
1045
1053
93710
1455
6987
1513
4403
1925
1576
46121
1395
1261
5796
92145
1046
9840
1044
9997
2187
1455
18948
1278
17586
2396
9247
1321
1576
46121
2084
4626
1576
1063
2096
1878
2127
7534
1402
17155
1046
3931
1278
2362
1044
1729
4014
5746
4989
1824
1046
17048
1455
4014
1395
10693
1032
1049
1626
1256
1462
2409
15474
7444
54237
1321
2168
2764
1747
1278
4265
9458
1693
1278
8091
4395
1046
23627
1455
1278
3330
1681
9458
1584
1278
7161
13697
1044
1321
1593
15474
96594
27963
5782
1278
9247
5796
92145
1395
25754
1319
87088
1278
4127
43390
2342
9997
2187
1455
24441
1261
1576
46121
1435
1429
37018
26032
8143
1034
1505
1278
4127
1395
1562
1261
5315
2478
1278
3310
1395
9553
1321
1729
2342
3831
2314
5796
1629
73037
7563
1536
1576
46121
115430
1362
7534
5687
1593
15474
1626
1256
1462
3626
7377
1058
1531
8953
3607
8223
1429
21511
1455
1278
9903
3310
1934
1836
5796
1629
1499
1290
93710
1307
5592
1409
2613
2157
6354
2405
4150
1429
124648
1576
46121
3871
3886
1044
1278
9458
4139
1402
1562
1261
12593
2801
1505
73854
4991
1046
9748
1362
4016
2764
1278
9458
1044
1362
7534
1974
1454
1278
15474
1455
2342
29196
9997
2187
8719
1513
4403
1925
1576
46121
1562
1278
4618
3310
1046
3626
1395
1455
2903
43178
1063
1429
124648
1513
4403
1925
1576
46121
1294
1278
4618
3310
1034
4938
1693
1261
93710
1294
1278
2778
3310
1934
1261
4145
1455
1486
1576
46121
16541
1046
9748
1729
2342
14422
1576
46121
1454
1576
1065
1039
1505
1576
1066
2096
1261
93710
1294
1278
2778
3310
8688
1261
1576
1063
29208
28016
4145
1693
2258
1307
2246
12197
1486
1576
46121
1294
1265
1626
1256
1462
9246
1681
12859
2033
1058
2898
1261
93710
1562
4891
1623
1317
1623
75577
1045
1049
1294
1278
2778
3310
1044
1729
4206
1693
1494
1681
1261
5796
92145
101803
15633
2156
12123
2269
1475
1294
1766
1105
1044
1623
75577
1045
1049
1093
2516
1455
1265
13872
1093
2351
1576
1063
9528
3367
1278
93710
1934
1836
16541
67892
46121
12197
1044
1729
2607
2405
4206
1494
1394
3144
1261
5796
92145
1046
2409
4938
9247
5796
1629
73037
1294
1278
4618
3310
1584
8617
25754
1047
61434
1626
1256
1462
9246
1681
21294
1454
1747
2688
109595
1877
1260
1032
1049
1046
2000
1055
1044
1032
1052
1044
1576
8062
1063
1065
1063
10574
1039
49431
1576
46121
1513
1032
1050
1044
1052
1046
3797
5592
1045
1052
9997
2187
4231
1513
4403
1925
1576
46121
1063
9246
1681
4206
1058
1265
26524
1032
1048
1791
1054
1058
1349
1040
1048
1574
1398
1040
1049
1574
3082
1040
1050
1574
1349
1040
1051
1574
3082
1040
1052
1574
1398
1040
1053
1574
1349
1040
1054
1577
7672
72344
1307
5592
1032
1052
1877
1369
1462
1032
1048
1045
1051
1058
12197
1032
1048
1044
1049
1044
1050
1044
1051
4906
1934
3082
1513
1032
1050
4906
4206
1626
1369
1462
1032
1049
1045
1052
1058
12197
1032
1049
1044
1050
1044
1051
1044
1052
4906
1934
3082
1513
1032
1050
1044
1052
4906
4206
1626
1369
1462
1032
1050
1045
1053
1058
12197
1032
1050
1044
1051
1044
1052
1044
1053
4906
1934
3082
1513
1032
1050
1044
1052
4906
4206
1626
1369
1462
1032
1051
1045
1054
1058
12197
1032
1051
1044
1052
1044
1053
1044
1054
4906
1934
3082
1513
1032
1052
4906
4206
1626
1369
3797
4231
1576
1063
2096
1878
1747
17155
1046
4890
20152
5746
4014
1486
1032
1049
1046
13649
1626
1260
1032
1050
1046
2000
1052
1048
1044
1032
1055
1044
1576
45509
2880
1039
49431
1747
1576
1063
2096
1878
3387
93710
8688
1576
1063
2096
5990
4206
28735
1046
77859
1032
1049
1049
1054
1050
1057
1053
1052
1051
1054
1626
1260
1032
1051
1046
2000
1049
1053
1044
1032
1053
1044
1576
8062
46825
45509
45509
45509
45509
45509
1039
49431
1576
46121
1513
1032
1053
1045
1049
1052
1046
7672
72344
1032
1048
1045
1052
1058
1836
1576
1063
2096
26860
4206
1046
7672
72344
1032
1049
1045
1053
1058
6987
2022
1032
1053
1576
1063
2096
4206
1046
6704
1046
77859
1032
1049
1626
1260
1032
1052
1046
2000
1052
1048
1044
1032
1056
1044
1576
1063
1065
1063
1066
2880
1039
49431
12830
1044
2269
9997
2187
1736
1576
1063
2096
2269
2607
2405
1046
77859
1032
1050
1053
1057
1050
1052
1048
1626
1260
1032
1053
1045
1055
1044
1032
1057
1045
1049
1050
1058
1278
2730
10907
1454
4811
11696
1044
6878
1032
1048
1505
4811
8091
1046
5930
1278
15474
1044
1693
1278
9247
8262
1736
5796
1629
73037
1044
2127
6185
76382
1044
1809
1278
1576
46121
8262
4139
6613
1032
1048
1626
1260
1032
1049
1049
1046
2000
1053
1044
1032
1053
1044
1576
14229
1063
10574
1039
49431
1576
46121
1513
1032
1050
1046
82122
3310
1032
1048
1045
1052
1934
1576
1063
2096
4206
28735
1046
12953
109131
5746
1044
4014
1032
1050
1046
77859
1032
1050
1626
1256
1462
2409
15474
7444
1317
8125
1747
9458
96594
1046
1531
2342
1429
15095
71348
1034
1805
1395
54048
9247
5796
1629
73037
1044
1809
1494
1681
1278
2342
3039
1362
1710
3180
7453
1307
1278
2000
1049
1053
1044
1032
1053
1096
2688
39322
1032
1049
3016
1278
8953
3607
8223
1032
1048
1319
3265
8953
3607
3336
4139
1736
1261
96948
1044
1505
1278
2000
6390
1096
2254
9458
1584
1278
7293
13697
4342
1256
1462
49032
1044
7377
1058
1531
8953
3607
1934
2000
35209
4014
1095
26578
129511
1040
1049
1053
1044
1032
1053
1044
1576
8062
46825
45509
45509
45509
45509
45509
4576
1032
1048
9816
1531
2000
6390
1096
2254
1934
2000
8723
15605
1040
1049
1053
1044
1032
1053
1044
1576
8062
46825
45509
45509
45509
45509
45509
4576
2351
1032
1049
9816
1531
3330
8223
1429
24151
16424
70914
84674
14671
48761
1083
2613
1531
2000
6390
1096
2254
1395
1278
2688
1046
1362
4016
34301
1494
1626
1256
1462
1362
7534
5687
1278
43544
1454
1278
6570
1058
2342
4206
5796
92145
1307
5592
1409
1693
1278
93710
8688
1513
4403
1925
1576
46121
1294
1278
4618
3310
1265
1626
1256
1462
9246
1681
3936
1278
43544
21966
1626
1256
1462
6496
1058
43109
1307
3804
2365
6534
1044
1409
1045
1049
1041
11084
9236
1878
4955
1046
3626
1729
2095
2534
1317
2840
1799
12197
1722
16541
1576
46121
1317
16859
5627
1317
4206
5796
92145
1046
49032
1044
1729
1710
2586
6933
1278
4618
3310
26524
1046
4925
17299
1261
5592
11167
93710
23419
1513
3980
1623
1319
1105
4185
3109
26524
1623
11167
1043
1049
1317
1623
1574
1729
4206
1693
2258
1307
3385
12197
1294
1278
4618
3310
1265
1486
1576
1063
9528
3367
14842
1044
1729
4206
1693
1278
93710
1395
1261
5796
92145
1046
3367
1494
1395
1044
1729
23518
1593
10284
1046
3367
1836
1576
46121
1294
1455
93710
1044
1729
2607
2405
4206
1319
1276
1681
8807
1317
1402
1261
5796
92145
1044
3199
1693
1494
1395
1925
4342
1256
1462
2409
4938
3184
43544
1044
2200
1729
1584
1513
3980
1623
1319
1048
37601
1286
1574
1321
1729
1736
1261
3468
19681
1278
3804
1409
1045
1049
11084
1319
11018
1584
1278
11084
1513
12197
1623
11167
1043
1049
1317
1623
1045
1049
1044
1505
1747
4607
1693
1623
1534
1409
1045
1049
1574
1321
1729
12729
1261
4145
1272
1394
3980
1623
1044
1278
1875
93710
1395
12197
1623
11167
1043
1049
1317
1623
1046
2837
2534
1317
2840
1394
2744
3980
1294
1455
4521
5627
1494
1486
16541
1576
1063
9528
2837
1710
1750
96078
1261
8020
4460
2000
9006
113593
13872
39261
1376
1319
1115
13872
1093
2351
1576
46121
4342
1256
1462
4925
17299
1278
1875
93710
1044
1729
1710
4206
1693
2258
1307
1278
12197
1623
11167
1043
1049
1317
1623
1934
2000
9006
113593
1096
2925
1046
3367
14842
1044
1729
2071
1278
7293
11084
1319
5011
3468
1867
1272
1041
1321
4206
5796
92145
1046
3367
5796
92145
1044
26860
1046
3367
1836
1576
46121
1294
1455
93710
1044
1729
16162
6124
1319
21797
2405
4206
5796
92145
4342
1256
1462
3626
7377
1058
1531
3468
2342
21888
1278
11084
1729
6483
9236
1046
2898
12197
1455
1722
9247
1294
1265
1044
1729
2840
2034
11084
1046
2898
12197
1455
1722
1576
1063
2096
1729
6483
12217
2424
1454
1576
1065
1039
1505
1576
1066
1039
1294
1278
3468
1046
4493
1729
1710
5282
2071
1278
93710
11084
1046
1531
8781
1317
4206
5796
92145
14620
1408
5627
1278
4618
1265
1880
1576
46121
1294
3385
12197
1626
1256
1462
2409
7444
22809
5687
1638
1626
1256
1462
9246
1681
36925
1278
43544
1877
1260
70914
1376
1032
1057
1057
1056
1050
1052
1052
1051
1053
1051
1010
1260
1308
1044
1409
4265
1626
1260
1265
4265
1626
1260
1934
44749
1376
1766
1099
2351
1576
46121
1394
1272
1294
1265
2820
1652
1010
1260
34044
1376
1445
17680
1032
1049
1125
1032
2569
3468
1058
43109
1307
11084
9236
1878
4955
1319
13418
2015
1317
1409
1045
1049
1456
1260
1394
1623
1294
4521
4990
3640
1301
1875
3602
1112
1376
18554
1301
1394
1272
1294
11875
1065
2096
1576
1066
4576
1693
1265
3755
1093
2351
1576
46121
2849
1766
1115
3755
20162
1877
6359
2569
49032
1044
1729
55645
2136
34044
8164
1044
1321
1394
2744
3468
1044
3352
1272
1626
1301
49337
1058
1394
3468
1044
9384
1294
34044
30999
13487
6359
1394
1272
1294
24207
1877
1537
2569
2071
1875
3468
1010
1537
1875
16918
1376
3468
1867
1319
1099
1044
1456
1537
1693
9027
6039
16918
1041
3006
1409
1462
1032
1049
1877
13673
1875
16918
1376
1875
16918
1091
14283
1107
1045
1049
4244
2820
4751
1010
1537
2569
4206
1693
1729
2534
1317
4206
5796
92145
1010
1537
1693
1623
9218
1409
1462
1032
1049
1877
13673
2569
93710
1395
12197
1623
11167
1043
1049
1317
1623
1010
13673
2569
4206
1693
2258
1307
2576
12197
1294
4618
1265
1486
1576
1063
2913
13673
2569
12197
1058
1623
11167
1043
1049
10736
1623
1010
13673
2569
1729
1710
1750
96078
1261
23832
4556
1307
1934
44749
1317
10533
4206
1693
2258
1294
4521
1395
1576
1063
2913
13673
2569
1809
4136
1409
9120
1032
1049
1048
1044
1729
1710
2586
9165
1626
13673
3030
1376
1623
1462
1409
1867
1032
1049
1010
13673
1934
113593
6561
21777
1376
2258
1040
9006
44749
13872
1093
1394
1475
1294
4521
34334
1044
1623
1043
1049
3824
7158
1010
13673
1693
1934
113593
6561
21777
1877
19066
2569
4206
1693
93710
1395
5796
92145
1010
19066
2569
93710
11084
1058
1729
1736
3468
1799
1934
3804
1409
1045
1049
24733
1044
1321
1272
1626
19066
2569
1278
93710
1395
1058
3468
1091
14283
1107
1045
1049
4244
1093
1867
1272
1044
1809
2534
10693
1409
24733
1626
19066
2569
3468
5592
1395
2365
6534
1044
1409
1045
1049
1577
4925
1623
9218
1409
1045
1049
1044
3468
5592
1395
10693
1409
1045
1049
1319
31346
1729
40053
1419
1317
1409
1045
1049
4342
19066
2569
49032
1044
1729
40053
1419
3468
1317
1409
1045
1049
1044
1878
3468
1934
10693
1409
1045
1049
24733
2200
1623
9218
1409
1045
1049
1626
19066
2569
93710
1376
3468
1867
1319
1099
117907
1032
1319
13418
1409
1456
19066
2569
4206
5796
92145
1877
19066
1395
3791
1279
1376
10344
1010
19066
2569
14129
10217
1010
19066
1693
3468
1091
1048
1093
3942
1272
1877
24862
1395
3791
1279
1376
12819
1010
19066
2569
9879
17684
1010
19066
1693
1395
3791
1279
1877
24862
1394
1283
1294
4521
1040
1049
1044
1409
1895
1032
1050
3640
3279
1693
3468
52468
1093
3942
3468
24321
1462
1032
1049
1462
1283
30689
41582
1395
3791
1279
1376
12819
1010
41582
4323
1010
19066
1693
1395
3791
1279
1877
24862
8214
1032
2569
26860
1593
10284
1010
4751
1010
1537
2569
6726
1875
3602
1112
1010
1537
1875
3602
1112
1091
3080
16918
1093
1376
1319
3080
3602
1112
2236
6039
16918
1044
1032
1048
1041
1867
9384
1041
2545
70914
1010
1301
34044
1376
1875
3602
1112
1010
1260
1850
4556
116968
32184
7364
2545
70914
1010
1256
1462
32844
1058
1656
1278
5796
92145
4206
1044
2200
1623
9218
1409
1045
1049
1044
3468
1934
5592
10693
1409
1045
1049
1319
46384
1729
5282
40053
1419
1317
1409
1045
1049
1577
1531
93710
1395
3468
1091
1048
1791
1107
1045
1050
1093
1867
1272
1046
5646
1681
1409
11084
1046
1531
12197
1294
1278
4618
3310
1394
2576
11084
1584
1623
11167
1043
1049
1317
1623
1046
1531
3468
21888
1278
11084
1294
3542
1046
3626
1729
2534
1317
11811
1455
1278
3468
1681
11084
5512
1317
1278
6298
4618
12197
1046
9748
1729
2832
3979
1317
3169
1044
1321
3468
5282
30762
1278
3804
1409
1045
1049
11084
1044
1278
3468
1091
1048
1093
1395
1278
4145
1513
3980
1623
11167
1043
1049
1044
3468
1091
1049
1093
1513
1623
11167
1043
1050
1044
84091
3468
24321
1045
1050
1093
1513
1623
1045
1049
1044
1321
1272
1513
1623
1046
2409
1395
6298
1435
2730
1435
1729
4772
1736
25671
2224
1409
1045
1049
1294
3468
2200
1623
9218
1409
1045
1049
1046
9966
40053
1370
48310
3468
5592
1395
2365
6534
1044
1409
1045
1049
1577
4925
1623
9218
1409
1045
1049
1044
2453
40053
1370
1044
3468
5592
1395
1409
1045
1049
1046
3626
2549
1693
2269
9781
11084
1722
9247
1321
2269
1722
1576
46121
1063
1531
3468
3637
17047
18751
1278
3804
1409
1045
1049
11084
3147
1729
5282
21378
1321
40053
1419
1562
1278
5346
1046
1531
3542
1395
33063
1626
1256
1462
9246
1681
2688
1593
13951
1454
2000
1055
1044
1032
1052
1044
1576
8062
1063
1065
1063
10574
69066
1877
1260
1308
1061
1055
1044
1409
1061
1052
1046
1934
44749
1376
1766
1070
1044
1439
1044
1353
1044
1439
1044
1353
1044
1439
1044
1353
2820
1260
1623
1061
1048
1058
1265
1091
1048
1093
3760
1065
2096
24207
46264
1065
22373
34044
1058
1445
2021
1065
2096
4244
1032
1049
1125
1319
8857
9027
1032
1049
1456
1260
1623
1061
1049
1058
1265
1091
1049
1093
3760
1066
2096
24207
46264
1066
22373
1562
3468
11875
1065
2096
1574
1875
3468
11875
1065
7661
1066
6166
1623
1061
1049
1534
1409
1045
1049
1061
1051
1044
1836
4206
1046
34044
1058
1445
2021
1065
7661
1066
1039
4244
1049
2002
1260
1623
1061
1050
1058
1265
1091
1050
1093
3760
1063
2096
24207
46264
1065
7661
1066
22373
1032
1010
3539
3468
11875
1065
7661
1066
1039
4244
3352
1576
1065
1039
4906
1875
3468
11875
1065
7661
1066
7661
1065
4576
9027
1032
1051
1046
1623
1061
1050
1534
1032
1051
1044
1836
4206
1046
3352
1576
1066
1039
4906
11875
1065
7661
1066
7661
1066
4576
9027
1032
1051
1626
3539
34044
1058
1445
2021
1065
7661
1066
7661
1065
1039
4244
1049
1044
11875
1065
7661
1066
7661
1066
1039
4244
1049
2002
1260
1623
1061
1051
1058
1265
1091
1051
1093
3760
1065
2096
24207
46264
1065
22373
1032
1010
3539
1562
11875
1065
7661
1066
7661
1065
1039
4244
1875
3468
11875
1065
7661
1066
7661
1065
7661
1065
4576
4906
40053
1419
1317
1409
1045
1049
1061
1051
4906
11875
1066
7661
1065
7661
1065
6166
1623
1061
1051
9218
1032
1051
1044
4206
5796
92145
1626
1301
3030
1376
1032
1051
1045
1052
1043
1049
1061
1048
1046
93710
12197
1032
1048
1791
1051
1046
1934
44749
1058
1032
1048
1058
1070
1044
1032
1049
1058
1070
1044
1032
1050
1058
1084
1044
1032
1051
1058
1070
4906
1934
113593
6561
21777
1376
10344
1319
2161
1032
1050
1395
1576
46121
4342
1301
12558
5796
92145
1058
3468
1395
11875
1065
7661
1066
7661
1065
4576
1063
32844
1044
3468
3066
40053
1370
1486
11875
1065
7661
1066
7661
1065
16722
1729
21378
1576
1065
1039
4906
11875
1065
7661
1066
7661
1065
7661
1065
6166
2994
114834
1317
1032
1051
4906
11875
1066
7661
1065
7661
1065
6166
3626
1278
93710
1394
5796
92145
4206
2715
1402
1278
3804
1032
1052
11084
1058
12197
1032
1048
1045
1051
1046
1531
11084
1584
1265
1091
1048
1093
3760
1065
2096
1265
1091
1049
1093
3760
1066
2096
1265
1091
1050
1093
3760
1065
1039
1319
1331
9514
1574
1265
1091
1051
1093
3760
1065
9528
4493
93710
1376
1349
1398
1349
1349
1046
6645
92145
4206
1058
1265
1091
1048
60692
1115
1091
1051
1093
1063
1349
3107
1065
5913
1046
1265
1091
1049
60692
1115
1091
1050
1093
1063
1398
3107
1065
1836
1046
5500
5796
92145
1046
4493
6124
1626
1301
1875
16918
1376
11875
1066
7661
1065
7661
1065
1039
4342
3539
1562
11875
1065
7661
1066
7661
1066
1039
4244
21378
1576
1065
1039
4906
11875
1065
7661
1066
7661
1066
7661
1065
4576
40053
1419
1317
11875
1066
7661
1066
7661
1065
6166
93710
12197
1032
1048
1045
1051
1058
1349
1398
1398
1349
1046
1934
44749
2925
1319
2161
1032
1050
1577
6645
92145
1058
1265
1091
1048
60692
1115
1091
1051
1093
1349
3107
1065
1044
1265
1091
1049
60692
1115
1091
1050
1093
1398
3107
1066
4906
106437
32640
4755
5180
1033
4493
26860
1626
3539
34044
1058
1445
2021
1066
7661
1065
7661
1065
1039
4244
1049
1125
1319
5011
2158
1456
1260
1623
1061
1052
1058
1265
1091
1052
1093
3760
1063
2096
24207
46264
1065
7661
1066
22373
1032
1010
3539
3468
11875
1066
7661
1065
7661
1065
1039
4244
3352
1576
1065
1039
4906
1875
3468
11875
1066
7661
1065
7661
1065
7661
1065
4576
40053
1419
1317
11875
1065
7661
1065
7661
1065
6166
1623
1061
1052
9218
1032
1051
1044
4206
5796
92145
1046
3030
1376
1032
1052
1045
1052
1043
1049
1061
1049
1046
12197
1032
1049
1791
1052
1058
1265
1091
1049
1093
3760
1066
1039
1319
59468
1574
1265
1091
1050
1093
3760
46121
1319
9981
1574
1265
1091
1051
1093
3760
1065
1039
1319
59468
1574
1265
1091
1052
1093
3760
1065
1039
1319
1331
9514
1577
1934
113593
2925
1319
2161
1032
1050
1577
7672
3607
24733
1058
12197
1032
1049
1045
1052
1058
1398
1044
1349
1044
1349
1044
1349
1046
6645
92145
1058
1265
1091
1049
60692
1115
1091
1052
1093
1063
1398
3107
1065
1836
1046
5500
5796
92145
1046
48436
1046
1875
16918
11875
1065
7661
1065
7661
1065
1039
4342
3539
3352
1576
1066
1039
4906
11875
1066
7661
1065
7661
1065
7661
1066
4576
40053
1419
11875
1065
7661
1065
7661
1066
6166
93710
1058
1398
1044
1349
1044
1349
1044
1398
1046
1265
1091
1049
60692
1115
1091
1052
1093
1063
1398
3107
1066
5913
1046
1265
1091
1050
60692
1115
1091
1051
1093
1063
1349
3107
1065
5913
1046
106437
32640
4755
5180
1033
74075
1626
3539
1562
1836
2147
8164
1626
3539
34044
1058
1445
2021
1065
7661
1065
7661
1065
1039
4244
1049
2002
1260
1623
1061
1053
1058
1265
1091
1053
1093
3760
1066
2096
24207
46264
1066
22373
1032
1010
3539
3468
11875
1065
7661
1065
7661
1065
1039
4244
21378
1576
1066
1039
4906
11875
1065
7661
1065
7661
1065
7661
1066
4576
40053
1419
11875
1065
7661
1065
7661
1066
6166
1623
1061
1053
9218
1051
1044
4206
1046
3030
1061
1053
1045
1052
1043
1049
1061
1050
1046
12197
1032
1050
1791
1053
1058
1265
1091
1050
1093
3760
46121
3580
1044
1265
1091
1051
1093
3760
1065
1039
9247
1044
1265
1091
1052
1093
3760
1065
1039
14173
1044
1265
1091
1053
1093
3760
1066
1039
9247
1046
1934
113593
2925
1046
7672
3607
1058
1349
1044
1349
1044
1349
1044
1398
1063
32844
12197
1058
1032
1050
87825
1319
5011
1576
1063
16722
1032
1051
87825
1044
1032
1052
87825
1319
5011
1576
46121
10284
1574
1032
1053
1058
1066
1046
7672
3607
1349
1349
1349
1398
1046
6645
92145
1058
1265
1091
1050
60692
1115
1091
1053
1093
1063
1349
3107
1066
1836
1046
5500
5796
92145
1046
48436
1046
1875
16918
11875
1065
7661
1065
7661
1066
1039
4342
3539
34044
1058
1445
2021
1065
7661
1065
7661
1066
1039
4244
1049
2002
1260
1623
1061
1054
1058
1265
1091
1054
1093
3760
1065
2096
24207
46264
1065
22373
1032
1010
3539
3468
11875
1065
7661
1065
7661
1066
1039
4244
21378
1576
1065
1039
4906
11875
1065
7661
1065
7661
1066
7661
1065
4576
40053
1419
11875
1065
7661
1066
7661
1065
6166
1623
1061
1054
9218
1051
1044
4206
1046
3030
1061
1054
1045
1052
1043
1049
1061
1051
1046
12197
1032
1051
1791
1054
1058
1265
1091
1051
1093
3760
1065
1039
9247
1044
1265
1091
1052
1093
3760
1065
1039
14173
1044
1265
1091
1053
1093
3760
1066
1039
9247
1044
1265
1091
1054
1093
3760
1065
1039
9247
1046
1934
113593
1063
1265
1091
1052
1093
1486
1576
46121
16541
1044
1878
14842
1046
7672
3607
1058
1349
1044
1349
1044
1398
1044
1349
1046
6645
92145
1058
1265
1091
1051
60692
1115
1091
1054
1093
1349
3107
1065
1044
1265
1091
1052
60692
1115
1091
1053
1093
1349
3107
1066
1836
1046
5500
5796
92145
1046
48436
1046
1875
16918
11875
1066
7661
1065
1039
1063
7377
40053
1419
1409
1045
1049
1061
1051
1058
11875
1065
7661
1066
7661
1065
4576
4906
7442
3468
1486
11875
1065
7661
1065
7661
1066
16722
21378
1576
1065
1039
4906
11875
1065
7661
1065
7661
1066
7661
1065
16722
40053
1419
1317
3804
1032
1051
4906
11875
1065
7661
1066
7661
1065
6166
1032
1010
3539
34044
1058
1445
2021
1065
7661
1066
7661
1065
1039
4244
1049
2002
1260
7114
1046
4556
34044
1376
1032
1049
1046
79472
2688
1032
1049
11330
1256
1462
9032
2688
2000
1053
1044
1032
1053
1044
1576
14229
1063
10574
69066
1877
1260
1308
1061
1053
1044
1409
1061
1053
1046
1934
44749
1376
1766
1070
1044
1439
1044
1353
1044
1439
1044
1439
2820
1260
1623
1061
1048
1058
1576
1065
1039
4906
3468
11875
1065
2096
1456
1260
1623
1061
1049
1058
1576
1065
1039
4906
3468
11875
1065
7661
1065
4615
1260
1623
1061
1050
1058
1576
46121
4906
24207
1349
41778
1046
1623
1061
1050
1534
1032
1052
1319
1107
1045
1049
1061
1052
1574
1836
4206
1046
8164
1058
11875
1065
7661
1065
7661
1065
4576
1321
11875
1065
7661
1065
7661
1066
4615
1260
1623
1061
1051
1058
1576
1066
1039
4906
1562
2960
1044
21378
1576
1066
2096
8164
11875
1065
7661
1065
7661
1065
7661
1066
4576
1321
11875
1065
7661
1065
7661
1066
7661
1066
16722
9027
1032
1052
1376
1409
1045
1049
1626
1260
1623
1061
1052
1058
1576
1065
1039
4906
1562
11875
1065
7661
1065
7661
1065
7661
1066
1039
4244
21378
1576
1065
1039
4906
11875
1065
7661
1065
7661
1065
7661
1066
7661
1065
4576
40053
1419
1317
1032
1052
4906
11875
1065
7661
1065
7661
1066
7661
1065
6166
1623
1061
1052
9218
1052
1044
4206
5796
92145
1046
3030
1376
1032
1052
1045
1053
1043
1049
1061
1048
1046
12197
1032
1048
1791
1052
1058
1747
1294
1265
1046
1934
44749
1058
2022
1032
1050
1395
1576
1063
2096
1878
1934
113593
2925
1046
7672
3607
1058
1349
1349
1349
1398
1349
1063
32844
24733
1058
1265
1091
1048
1093
3760
1065
2096
1265
1091
1049
1093
3760
1065
2096
1265
1091
1050
1093
3760
46121
1319
1331
9514
1349
1505
1398
1574
1265
1091
1051
1093
3760
1066
2096
1265
1091
1052
1093
3760
1065
9528
2898
3468
11875
1065
7661
1065
7661
1065
7661
1066
16722
1278
11084
1584
1349
64451
64451
41778
1046
34602
1576
1065
1039
4906
1349
64451
64451
41778
64451
1046
6645
92145
4206
1058
1265
1091
1048
60692
1115
1091
1052
1093
1349
3107
1065
1044
1265
1091
1049
60692
1115
1091
1051
1093
1349
3107
1066
1063
3501
1046
5500
5796
92145
1046
48436
1046
1875
16918
11875
1065
7661
1065
7661
1066
7661
1065
1039
4342
3539
1562
11875
1065
7661
1065
7661
1066
7661
1066
1039
4244
21378
1576
1065
1039
4906
1349
64451
41778
41778
64451
1046
6645
92145
1058
1265
1091
1048
60692
1115
1091
1052
1093
1349
3107
1065
1044
1265
1091
1049
60692
1115
1091
1051
1093
1349
3107
1066
1063
3501
1046
5500
5796
92145
1046
48436
1046
1875
16918
11875
1065
7661
1066
7661
1066
7661
1065
1039
4342
3539
34044
1934
1032
1050
8164
1044
4556
1376
1032
1050
1046
79472
2688
1032
1049
1049
11330
1256
1462
9032
2688
2000
1049
1053
1044
1032
1053
1044
1576
8062
46825
45509
45509
45509
45509
45509
69066
1454
1593
15474
1877
1260
1934
44749
1058
2158
1032
1053
1584
1439
1044
3067
1353
1626
1260
1623
1061
1048
1791
1052
1058
9247
1576
1065
7661
1066
7661
1065
7661
1066
7661
1065
9528
1623
12481
1032
1048
1317
1032
1052
1046
1409
1045
1049
1061
1052
1046
1032
1010
3539
1623
1061
1048
1058
3468
11875
1065
2096
1456
3539
1623
1061
1049
1058
3468
11875
1065
7661
1066
4615
3539
1623
1061
1050
1058
3468
11875
1065
7661
1066
7661
1065
4615
3539
1623
1061
1051
1058
3468
11875
1065
7661
1066
7661
1065
7661
1066
4576
9027
1032
1052
1010
3539
1623
1061
1052
1058
1265
1091
1052
1093
3760
1065
9528
1623
1061
1052
9218
1052
1044
4206
5796
92145
1046
3030
1376
1032
1052
1045
1053
1043
1049
1061
1048
1046
12197
1032
1048
1791
1052
1046
1934
44749
1058
1747
1439
1294
1593
4521
1046
4493
1934
113593
6561
21777
1376
12819
1046
9144
1729
28807
9918
1278
5796
92145
4206
1033
4493
1729
6124
1593
10284
1046
3468
11006
11875
1065
7661
1066
7661
1065
7661
1066
7661
1065
4576
40053
1419
1317
1032
1052
4906
11875
1066
7661
1065
7661
1066
7661
1065
4576
1063
32844
1044
3468
1486
11875
1065
7661
1066
7661
1065
7661
1066
16722
21378
1576
1065
1039
4906
11875
1065
7661
1066
7661
1065
7661
1066
7661
1065
16722
40053
1419
1317
3804
1032
1052
4906
11875
1066
7661
1065
7661
1066
7661
1065
6166
3626
1278
93710
11084
1584
1349
1398
1349
1398
1349
1046
9748
1729
26860
4206
1044
1729
5807
1278
3468
1626
3539
4493
2453
1623
1061
1052
1044
34044
1934
3468
11875
1066
7661
1065
7661
1066
7661
1065
4576
1454
9384
1032
1049
1626
1260
1623
1061
1053
1058
1265
1091
1053
1093
3760
1063
2096
24207
1349
41778
1046
1623
1061
1053
9218
1052
1046
2898
2744
3468
1044
1729
3352
1349
23015
1044
1321
4206
5796
92145
3147
1934
113593
6561
21777
2084
1402
10344
1319
31346
2022
1032
1053
1395
1576
46121
4342
3539
9246
1681
3219
1058
3468
11875
1066
7661
1065
7661
1066
7661
1065
6166
3352
1576
1065
4550
1875
3468
11875
1066
7661
1065
7661
1066
7661
1065
7661
1065
4576
40053
1419
11875
1065
7661
1066
7661
1065
7661
1065
6166
4206
5796
92145
1058
3030
1061
1053
1045
1053
1043
1049
1061
1049
1046
12197
1032
1049
1791
1053
1058
1265
1091
1049
1093
3760
1066
1039
9247
1044
1265
1091
1050
1093
3760
1065
1039
9247
1044
1265
1091
1051
1093
3760
1066
1039
9247
1044
1265
1091
1052
1093
3760
1065
1039
9247
1044
1265
1091
1053
1093
3760
46121
14173
1046
1934
113593
2925
1046
7672
3607
1058
1398
1349
1398
1349
1349
1046
6645
92145
1058
1265
1091
1049
60692
1115
1091
1053
1093
1063
1398
3107
1065
1836
1046
5500
5796
92145
1046
48436
1046
1875
16918
11875
1065
7661
1066
7661
1065
7661
1065
1039
4342
3539
3352
1576
1066
4550
93710
1398
1349
1398
1349
1398
1046
1265
1091
1049
60692
1115
1091
1053
1093
1063
1398
3107
1066
1044
1265
1091
1050
60692
1115
1091
1052
1093
1063
1349
3107
1065
4906
106437
32640
4755
5180
1033
74075
1626
3539
4493
2342
1576
1065
1039
14571
1046
34044
1058
1445
2021
1065
7661
1066
7661
1065
7661
1065
1039
4244
1049
2002
1260
1623
1061
1054
1058
1576
1063
2096
24207
1349
41778
1046
3468
11875
1065
7661
1066
7661
1065
7661
1065
6166
3352
1576
1065
4550
93710
12197
1032
1050
1791
1054
1058
1349
1398
1349
1349
1349
1063
32844
2534
1317
6933
21966
1046
3626
6906
2342
1925
3549
19877
1046
23627
1278
5965
1044
1494
4139
70597
1317
10693
1032
1049
5746
20843
1513
1278
2362
1046
1531
2688
64629
1032
1049
1046
2409
15474
7444
1317
9470
1032
1049
1394
1593
2937
1626
1256
1462
2409
16369
12551
1278
13650
6570
1395
1058
2342
4206
1394
5796
1629
1499
1290
9997
2187
1307
5592
1409
1455
1364
2673
1493
1513
4403
1925
1576
46121
1294
1278
4618
3310
3583
3247
11224
3929
1044
1729
2342
57263
1278
5796
92145
16009
1408
9997
2187
1455
4626
1513
4403
1925
16541
1576
46121
3980
1626
1256
1462
23627
1455
1593
15474
22405
1747
1278
12957
29196
1307
1278
5662
9458
1044
1362
2084
5687
10693
1593
1626
1256
1462
9246
1681
12859
2033
1278
11857
1877
1260
1462
70914
1376
1032
1057
1057
1056
1050
1052
1052
1051
1053
1051
1010
1260
1462
1934
44749
1376
1766
1099
2351
1576
46121
1394
1272
1294
1265
2820
1260
1462
34044
1376
1445
17680
1032
1049
2002
1260
1462
2898
1623
1294
4521
4990
3640
1301
1875
3602
1112
1376
18554
1301
24207
1376
8889
1065
2096
1576
1066
2963
1693
1265
3755
1093
2351
1576
46121
2849
1766
1115
3755
33024
1301
1394
3468
1044
9384
1294
34044
30999
13487
6359
1394
1272
1294
24207
1877
1537
2569
2071
1875
3468
1010
1537
1875
16918
1376
3468
1867
1319
1099
1044
1456
1537
1693
9027
6039
16918
1041
3006
1409
1462
1032
1049
1877
13673
1875
16918
1376
1875
16918
1091
14283
1107
1462
1032
1049
4244
2820
4751
1010
1537
2569
4206
5796
92145
16009
1010
1537
1693
1623
9218
1409
1462
1032
1049
1877
13673
3030
1376
1623
1462
1409
1867
1032
1049
1010
13673
2569
4206
1693
2258
3980
1294
1766
10460
1044
1623
1093
1486
1576
46121
1294
4618
1265
1010
13673
1934
44749
6561
35920
1376
2258
1040
9006
44749
13872
1093
1394
1475
1294
4521
34334
1044
1623
1867
1032
1049
3824
7158
1010
13673
1693
1934
44749
6561
35920
1877
19066
2569
4206
1693
1278
93710
1307
5592
1409
1395
1261
5796
92145
1010
19066
2569
1278
93710
11084
1584
1058
3468
1319
11018
1934
5592
1409
1045
1049
2200
1623
9218
1409
1045
1049
1041
1867
1319
1099
1044
1456
19066
2569
1809
3468
4139
1736
5592
1534
1409
1045
1049
1693
1623
1534
1409
1045
1049
1044
1809
1729
1584
1294
1623
9218
1409
1045
1049
14029
1044
1321
1729
40053
1419
3468
1317
1409
1045
1049
1044
1878
3468
5592
1395
10693
1409
1045
1049
1626
19066
2569
3886
1044
1317
1402
12663
1044
1729
1710
2586
2071
1278
5275
1409
37517
93710
1562
1278
7293
11084
1729
1736
1626
19066
2569
9748
1729
2342
5807
3804
1409
1045
1049
1294
3468
1044
1321
1729
2840
1278
11084
3066
1455
1722
9247
1505
12217
1044
1809
1729
2607
2405
1736
2424
1294
3468
1626
19066
2569
32844
1058
4925
1623
9218
1409
1045
1049
1044
3468
1934
2151
68715
1317
1409
1045
1049
1046
1531
3468
8688
1278
11084
1307
1278
3804
1409
1045
1049
12197
1046
1531
3980
1623
11167
1043
1049
1395
3468
1091
1048
3605
1623
11167
1043
1050
1395
3468
1091
1049
3605
84091
1623
1045
1049
1395
3468
24321
1045
1050
3605
1321
1623
1395
1272
1626
19066
2569
2409
1395
6298
3147
1729
5282
7766
1278
59707
1455
3468
18751
1278
3804
2365
6534
1044
1409
1045
1049
1041
11084
1044
1321
2200
1623
9218
1409
1045
1049
1044
1494
1681
10693
1409
1045
1049
1044
1321
2127
5512
1317
1278
2725
8531
12197
1626
19066
2569
4493
93710
1376
3468
1867
1319
1099
1044
1456
19066
1395
3791
1279
1376
10344
1010
19066
1693
3468
1091
1048
1093
3942
1272
1877
24862
1395
3791
1279
1376
12819
1010
19066
1693
1395
3791
1279
1877
24862
1394
1283
1294
4521
1040
1049
1044
1409
1895
1032
1050
3640
3279
1693
3468
52468
1093
3942
3468
24321
1462
1032
1049
1462
1283
30689
41582
1395
3791
1279
1376
12819
1010
41582
4323
1010
19066
1693
1395
3791
1279
1877
24862
8214
1032
2569
26860
1593
10284
1010
4751
1010
1537
2569
6726
1875
3602
1112
1010
1537
1875
3602
1112
1091
3080
16918
1093
1376
1319
3080
3602
1112
2236
6039
16918
1044
1032
1048
1041
1867
9384
1041
2545
70914
1010
1301
34044
1376
1875
3602
1112
1010
1260
1462
1850
4556
116968
32184
7364
2545
70914
1010
1256
1462
9246
1681
5558
40172
1278
3468
5592
13951
1046
4925
1623
9218
1409
1045
1049
1044
1729
40053
1419
1875
16918
1317
1409
1045
1049
1046
4493
3468
1294
1278
4275
35191
1934
5592
1409
1045
1049
1046
3626
1294
1278
5796
92145
4206
1394
1278
3519
1623
1044
1278
3468
1729
1736
1395
1278
3468
1562
1278
4607
35191
1044
1799
1934
5592
2365
6534
1044
1409
1045
1049
1577
4925
1623
1376
1409
1045
1049
1044
4607
3468
5592
1395
1409
1045
1049
1319
31346
2453
1623
100792
1045
1050
1044
1729
68715
1317
1409
1045
1049
1577
4493
3468
5592
1395
10693
1409
1045
1049
1046
1531
93710
1395
3468
1091
1048
1791
1107
1045
1050
1093
1867
1272
1044
1799
1395
1409
11084
1044
8366
1317
12197
1623
11167
1043
1049
1317
1623
1046
2409
1395
6298
1626
1256
1462
22649
2937
1058
1409
1061
1050
1046
1409
1045
1049
1061
1049
1046
1623
9218
1032
1049
1046
3468
5592
1032
1049
1046
93710
1376
3468
1091
1048
1093
1867
1272
1044
5592
1032
1050
1046
6645
92145
4206
1058
1409
1555
1050
1376
1032
1049
1044
4521
1040
1049
1044
1049
1041
9829
1044
1878
2342
4206
3468
1091
1048
1093
3942
1272
1046
2898
5796
92145
1307
5592
1032
1050
1044
1729
2534
1265
3755
60692
1115
3755
1043
1049
3605
1878
1693
3468
1091
1048
1093
2351
1272
1044
1494
1681
5796
92145
1046
9966
4206
1058
1693
3468
1091
1048
1093
3942
1272
1058
1395
3791
1279
18912
1046
4493
1693
9196
1044
1395
3791
1279
10714
10344
1046
87482
1626
1256
1462
2898
1409
1061
1051
1058
1409
1045
1049
1061
1050
1046
1623
9218
1032
1050
1046
3468
5592
1032
1050
1046
93710
5592
1032
1051
1046
1409
1555
1050
1376
1032
1049
1044
4521
1040
1049
1044
1049
1041
9829
1046
12558
3468
1091
1048
1093
3942
1272
1046
2898
5592
1045
1051
5796
92145
1044
1729
2534
1265
3755
1045
1050
60692
1115
3755
1093
1321
9949
1710
1402
7211
1046
9966
4206
2342
29196
14129
10217
3468
1091
1048
1093
8070
1272
1046
3626
7377
1044
1394
5592
1032
1051
1044
5796
92145
6570
1395
1265
3755
1045
1050
1093
2351
1265
3755
3077
1531
9879
10217
1395
2586
1278
9949
4145
1044
1799
6354
2405
2534
24124
1319
1276
1681
5282
1261
5796
92145
1693
14129
14175
1577
4493
24124
2342
14129
10217
1395
6298
1046
9966
3475
1058
2000
2975
1283
1294
4521
1040
1049
1044
1409
1895
1032
1050
4244
1096
1394
1409
1061
1051
1044
4521
1040
1049
1044
1049
1041
9829
1046
4493
1494
2342
29196
2000
1391
3468
1091
1048
1093
3942
1272
1058
1395
3791
1279
1376
12819
9816
87482
1626
1256
1462
2898
1409
1061
1052
1058
1409
1555
1050
1376
1032
1050
1044
4521
1040
1049
1044
1050
1041
1376
1766
1049
3077
100507
3468
1091
1049
1093
3942
3468
1091
1052
1045
1049
1045
1049
1093
1376
3468
1091
1050
3077
3626
3468
5592
1395
1409
1045
1049
1061
1051
1046
3468
1091
1049
1093
1321
3468
1091
1050
1093
1584
1278
9879
10217
1046
87482
1626
1256
1462
2898
1409
1061
1053
1058
1409
1555
1050
1376
1032
1050
1044
4521
1040
1049
1044
1050
1041
1376
1766
1049
3077
100507
3468
1091
1049
1093
3942
3468
1091
1053
1045
1049
1045
1049
1093
1376
3468
1091
1051
3077
3626
3468
5592
1395
1032
1052
1046
3468
1091
1049
1093
1321
3468
1091
1051
1093
1584
1278
9879
10217
1319
72349
1032
1049
1321
1032
1051
1294
1032
1048
37601
1286
5592
1045
1053
93710
1577
1531
14129
10217
1395
3468
1091
1048
1093
8070
1272
1046
1531
9949
4145
3468
1091
1050
1093
1395
25754
1046
87482
1626
1256
1462
4493
1278
5796
92145
4206
13951
1395
6298
1394
1747
1409
1626
1256
1462
9032
1044
1925
4023
12705
1058
1656
1278
5796
92145
4206
1044
1729
2210
2000
8857
1091
1048
39261
1321
2000
8857
52468
1093
9816
3626
2000
8857
1096
1395
1278
3468
1562
3066
12327
2000
1099
7273
1321
2246
5592
1395
2000
2422
6534
1044
1409
1045
1049
94799
4925
2000
1105
9218
1409
1045
1049
7273
1729
67973
1494
1681
2000
1107
1045
1049
9816
3626
2549
1693
2000
1107
1045
1049
3006
9027
28688
17783
25217
1063
2837
2342
6889
1278
4206
2200
2000
1105
9218
1409
1462
1032
1049
7273
1321
1729
7766
3468
5592
1435
2000
2422
6534
1044
1409
1045
1049
94799
5417
1729
3030
1319
1105
1061
1048
1574
3468
5592
48064
1536
1032
1049
2744
5966
4570
1494
28833
1409
1045
1049
1044
2430
52671
1409
1045
1049
1319
46384
1729
40053
1419
1875
16918
1317
1409
1045
1049
1577
4493
2200
2000
1105
9218
1409
1045
1049
7273
3468
5592
1395
10693
2000
1107
1045
1049
9816
40932
1626
1256
1462
3886
1044
2156
1681
1261
6582
1741
1058
4925
1729
40053
1419
2000
3080
16918
1096
1317
2000
1107
1045
1049
7273
1729
1653
2000
3080
16918
1376
1875
16918
1091
14283
1107
1045
1049
4244
1093
9816
2409
4938
1278
3468
1729
8141
1394
1278
4275
35191
1395
1278
3804
1409
1045
1049
11084
1046
3626
1294
1278
5796
92145
4206
1394
1278
1364
9855
1042
1623
1044
1729
2210
1278
1364
2189
1042
3468
1044
1799
1934
5592
2000
2422
6534
1044
1409
1045
1049
94799
2898
2000
1105
1376
1409
1045
1049
7273
3992
3468
5592
1395
2000
1107
1045
1049
1096
1319
31346
1494
1486
8088
2015
3816
40053
1370
56309
1317
8559
2081
2224
1409
1045
1049
1044
1809
7442
3066
1623
100792
1045
1049
1044
1729
4814
2405
40053
1419
1063
9246
1681
19087
1058
1623
1061
1048
1058
3468
9027
1032
1049
1046
1623
1061
1049
1058
1729
21378
1044
1875
16918
9027
1032
1050
1044
1693
1409
1045
1049
1061
1050
1044
1729
40053
1419
1317
1032
1050
1319
2649
4036
1577
1623
1061
1050
1058
1693
1409
1045
1049
1061
1050
1044
1623
1061
1050
9218
1050
1044
3992
3468
9027
1032
1050
1562
4607
40053
1370
1046
4493
14842
1044
2200
1623
9218
1409
1045
1049
1044
3992
3468
9027
1395
10693
1409
1045
1049
1046
13649
1626
1256
1462
9246
1681
2688
1409
1061
1050
23898
1454
1593
13951
1058
1308
1061
1050
1044
1409
1061
1050
1044
1265
3760
45509
9528
1934
44749
18359
1084
61868
3077
1623
1061
1048
1058
24207
1349
23015
1046
3468
5255
4906
1875
16918
1319
1099
1044
1577
1623
1061
1048
1534
1409
1045
1049
1061
1049
1063
1409
1045
1049
1061
1049
1044
1623
1061
1048
1534
1032
1049
1044
1836
4206
1046
34044
1058
1445
2021
1065
2096
4244
1049
1044
11875
1066
2096
4244
1049
14522
1623
1061
1049
1058
1265
1091
1049
1093
3760
1063
2096
24207
1349
23015
1046
1394
3468
11875
1065
2096
4244
3352
1576
1065
4550
1875
16918
11875
1065
7661
1065
4576
4906
40053
1419
1317
1409
1045
1049
1061
1049
4906
11875
1065
2096
1577
1623
1061
1049
9218
1049
1044
4206
1046
3030
1376
1032
1049
1045
1050
1043
1049
1061
1048
1046
1934
44749
6561
35920
1058
12197
1032
1048
1791
1049
2960
1576
1063
2096
10344
1046
5796
92145
4206
1058
3468
1061
2021
1065
2096
1574
1272
3760
1065
9528
1409
1061
1050
1044
1409
1555
1050
1061
1049
1044
4521
1040
1049
1044
1049
1041
9829
1046
4206
3468
1091
1048
1093
3942
1272
1063
1576
1065
1039
3942
1576
1065
1039
1395
12819
1044
1878
1395
3791
1279
10714
10344
1046
4493
26860
1046
3352
1576
1066
4550
3468
11875
1065
2096
1574
1272
3760
1066
9528
3468
1091
1048
1093
21548
1099
4906
10344
1044
1878
1395
3791
1279
18912
1046
48436
1046
1875
16918
11875
1066
2096
1041
2453
40053
1419
1046
21545
1562
11875
1066
2096
1041
3468
1046
3931
2362
1044
34044
2084
1736
8164
1454
9384
1046
2898
1576
45509
1039
1454
1409
1061
1050
1044
1836
5796
92145
1307
5592
1032
1050
4938
1836
1429
14229
1034
1505
1429
28235
3871
4493
2342
1429
8062
1034
1321
1429
10574
1034
1584
5746
1046
5646
1681
1032
1050
9384
1046
9246
1681
3219
1058
1623
1061
1048
1058
1349
1505
1398
1046
1623
1061
1049
1058
1693
2158
1349
1044
2667
4016
1402
1398
1046
1693
2158
1398
1044
2667
4016
1402
1349
1046
4493
1032
1050
9384
1046
9966
43544
1058
1562
11875
1065
2096
1041
3352
1576
1065
1039
26860
1044
3352
1576
1066
1039
6124
4906
1875
16918
11875
1066
2096
1577
1562
11875
1066
2096
1041
3352
1576
1065
1039
6124
4906
1875
16918
11875
1065
2096
1577
3352
1576
1066
1039
26860
1046
4493
34044
1513
2362
1058
1445
2021
1066
2096
4244
1049
1044
11875
1065
2096
4244
1049
14522
4556
1061
1050
1046
87482
1626
1256
1462
9032
1044
2549
2314
1278
2000
1049
1048
1048
1048
1044
1032
1049
1048
1044
1576
46121
1364
1032
1049
1048
1048
1048
1096
2688
1063
1531
15474
2715
9470
1278
6298
81793
2632
1046
1362
12319
1278
43544
1626
1256
1462
5661
2081
4206
1058
1531
2000
9006
44749
6561
35920
1096
4206
8942
2000
2653
1040
9006
44749
13872
1093
1394
1475
1294
4521
34334
1044
1623
1867
1032
1049
2798
9816
2409
1395
1535
16026
1041
1651
3468
1044
1321
1409
28944
1049
1048
1044
8164
28944
1053
1049
1050
1044
1308
28944
1049
1048
1048
1048
1044
1878
3788
10317
7849
1032
1049
1048
1048
1048
1364
1032
1053
1049
1050
1364
1032
1050
1364
1032
1049
1048
7849
1032
1049
1048
1094
1055
1044
2903
3746
18846
1626
1256
1462
74022
9576
1877
1260
1462
2837
7534
3346
1308
1044
1409
1044
1265
1562
1278
2254
7313
1626
1260
1462
6438
96078
2000
9006
44749
1096
2951
1626
1260
1462
34044
25983
1626
1260
1462
48675
1623
1562
1032
1048
1317
1308
1045
1049
1626
1260
1462
2898
2744
3468
1044
9384
1294
34044
30999
13487
1301
24207
1376
8889
1065
2096
1576
1066
2963
1693
1265
3755
1093
2351
1576
46121
2849
1766
1115
3755
33024
1301
1394
1272
1294
24207
1877
6359
1875
16918
1376
3468
1867
1319
1099
1044
1456
6359
1693
9027
6039
16918
1041
3006
1409
1462
1032
1049
1877
1537
1875
16918
1376
1875
16918
1091
14283
1107
1462
1032
1049
4244
2820
3165
1010
6359
1693
1623
9218
1409
1462
1032
1049
1877
1537
3030
1376
1623
1462
1409
1867
1032
1049
1010
1537
1934
44749
6561
35920
1376
2258
1040
9006
44749
13872
1093
1394
1475
1294
4521
34334
1044
1623
1867
1032
1049
3824
1537
1693
1934
44749
6561
35920
1877
13673
2569
4206
5796
92145
1010
13673
1395
3791
1279
1376
10344
1010
13673
1693
3468
1091
1048
1093
3942
1272
1877
19066
1395
3791
1279
1376
12819
1010
13673
1693
1395
3791
1279
1877
19066
1394
1283
1294
4521
1040
1049
1044
1409
1895
1032
1050
3640
24862
1693
3468
52468
1093
3942
3468
24321
1462
1032
1049
1462
1283
30689
3279
1395
3791
1279
1376
12819
1010
3279
4323
1010
13673
1693
1395
3791
1279
1877
19066
8214
1010
3165
1010
6359
1875
3602
1112
1091
3080
16918
1093
1376
1319
3080
3602
1112
2236
6039
16918
1044
1032
1048
1041
1867
9384
1041
2545
70914
1010
1260
1462
1850
4556
116968
32184
7364
2545
70914
1010
1256
1462
32844
1058
1656
1278
5796
92145
4206
1044
2000
8857
1096
1395
1278
3468
1562
1278
10343
1307
1278
35191
1046
15947
5592
1395
2000
2422
6534
1044
1409
1045
1049
94799
4925
2000
1105
9218
1409
1045
1049
7273
1494
1681
2000
1107
1045
1049
9816
3626
2549
1693
2000
1107
1061
1049
69524
1531
22855
4150
2000
1050
9120
1409
9120
1308
9120
1032
1049
1048
1048
1048
7273
1878
1409
17546
1050
1046
13649
1626
1256
1462
9840
1044
9134
1455
2000
8857
52468
39261
1394
2000
1109
1096
2015
1317
2000
1107
1555
1050
1462
1032
1049
1096
1395
5746
4136
3468
5592
1395
1409
1045
1049
1044
1321
1409
1045
1049
9218
1409
1555
1050
1394
1409
17546
1050
1046
2898
1409
1061
1050
1044
1409
1555
1050
1061
1049
1044
4521
1040
1049
1044
1049
1041
9829
1046
2898
1409
1061
1051
1044
1409
1555
1050
1061
1049
1044
4521
1040
1049
1044
1049
1041
9829
1046
2898
1409
1061
1052
1044
1409
1555
1050
1061
1050
1044
4521
1040
1049
1044
1050
1041
1934
1283
1061
1049
1044
3468
1091
1049
1093
5746
4136
3468
9027
1032
1051
1046
2898
1409
1061
1053
1044
1409
1555
1050
1061
1050
1044
4521
1040
1049
1044
1050
1041
1283
1061
1049
1044
3468
9027
1032
1052
1044
5746
1046
2898
1409
1061
1054
1044
1409
1555
1050
1061
1051
1044
4521
1040
1049
1044
1051
1041
1283
1061
1049
1044
1050
1044
3468
9027
1032
1053
1044
5746
1046
4493
26524
1584
5282
5746
1626
1256
1462
9246
1681
2688
1278
2000
1052
1048
1044
1032
1055
1044
1576
45509
2880
69066
2937
68093
1063
5500
4171
1044
1809
1729
12319
1626
1256
1462
5661
5289
6769
1058
1531
3468
40053
1370
2000
3080
16918
1376
1875
16918
1091
14283
1107
1045
1049
4244
39261
4139
6706
1278
3468
1317
19198
3686
2314
9781
11084
1455
1584
6618
1394
7147
5796
92145
29196
1063
3626
4136
1729
2342
7256
4206
1278
3804
1409
11084
1044
18528
2342
1278
3804
1409
1045
1049
1395
11867
1046
1531
5796
92145
4206
2342
19263
1278
3519
1409
37517
7404
1046
1531
3468
5282
18751
1278
7092
3804
1409
1045
1049
11084
9236
1046
2409
1395
5990
1394
2516
43544
1626
1256
1462
9246
1681
5558
40172
1278
2000
9006
44749
6561
35920
1096
13951
1454
1420
3336
2478
1261
93710
1934
2269
1576
46121
1321
2269
9247
1046
1531
4206
2000
2653
1040
9006
44749
13872
1093
1394
1475
1294
4521
34334
1044
1623
1867
1032
1049
2798
1096
17047
45489
1693
1278
4618
3310
1880
1576
46121
1294
3385
12197
1046
3367
14842
1044
1729
57263
1836
5796
92145
1046
3367
1836
1044
1729
3894
1278
93710
1317
1402
1261
5796
92145
1319
34500
1693
1494
16581
1317
1402
1925
2453
21194
1577
2409
14175
1278
15474
1455
7510
1278
2000
1049
1053
1044
1032
1053
1096
2688
1850
1032
1049
1626
1256
1462
3316
2156
2258
10314
2937
2478
1261
93710
1934
1836
1576
46121
16541
1044
1809
2453
21194
1494
11006
1261
5796
92145
1044
1321
1729
3894
1494
1063
13830
1044
1455
1681
1278
15474
1046
1531
4127
8953
3607
8223
1429
21511
1455
1278
9903
3310
1934
1836
5796
1629
1499
1290
93710
1307
5592
1409
2613
2409
15474
53305
6938
2130
1455
1693
2156
1681
1261
9247
5796
92145
1046
3626
1278
9458
6613
1593
19190
1046
1362
7534
1974
1454
1494
1626
1256
1462
32844
1044
2481
2156
1402
1261
2801
19190
1058
17048
1278
4127
1395
1317
4014
9384
1317
14422
1576
46121
2516
1455
1836
5796
1629
1499
1290
93710
1307
5592
1409
1364
13800
6987
1513
4403
1925
12217
1576
1063
23545
12123
1063
5646
1681
21905
1278
2879
1435
1429
33951
1513
4403
1925
1576
46121
1294
4618
3310
1034
4136
1747
1576
46121
1584
12217
1046
13830
1626
1256
1462
1362
7534
5687
1593
1626
1256
1462
9246
1681
7418
1278
2778
3475
1626
1256
1462
5661
3709
27636
1047
24366
1532
1058
2837
1710
1750
96078
1261
23832
4556
1307
2000
9006
44749
1096
1317
4832
2000
9006
44749
6561
35920
1096
1294
1535
1040
1049
1574
1809
1409
28944
1049
1048
1044
1535
16026
1041
1395
7771
1626
1256
1462
13968
5194
1877
1975
29896
1010
3149
4014
1095
26578
129511
4990
1058
1935
1044
1409
1058
1935
1044
1265
1058
2011
1041
4906
1935
1877
1293
70914
1376
1032
1057
1057
1056
1050
1052
1052
1051
1053
1051
1010
1293
1934
44749
1376
1766
1099
2351
1576
46121
1394
1272
1294
1265
2820
1260
1010
1293
34044
1376
1445
17680
1032
1049
2002
1260
1010
1293
1394
1623
1294
4521
4990
3640
1369
1875
3602
1112
1376
18554
1369
24207
1376
8889
1065
2096
1576
1066
2963
1693
1265
3755
1093
2351
1576
46121
2849
1766
1115
3755
33024
1301
1010
1369
1394
3468
1044
9384
1294
34044
30999
13487
1463
1394
1272
1294
24207
1877
1694
2569
2071
1875
3468
1010
1694
1875
16918
1376
3468
1867
1319
1099
1044
1456
1694
1693
9027
6039
16918
1041
3006
1409
1462
1032
1049
1877
2006
1875
16918
1376
1875
16918
1091
14283
1107
1462
1032
1049
4244
2820
1537
1010
1694
2569
4206
5796
92145
16009
1693
6618
1010
1694
1693
1623
9218
1409
1462
1032
1049
1877
2006
3030
1376
1623
1462
1409
1867
1032
1049
1010
2006
2569
4206
1693
2258
3980
1294
1766
10460
1044
1623
1093
1486
1576
46121
16541
1010
2006
1934
44749
6561
35920
1376
2258
1040
9006
44749
13872
1093
1394
1475
1294
4521
34334
1044
1623
1867
1032
1049
3824
13673
1010
2006
1693
1934
44749
6561
35920
1877
2528
2569
4206
1693
1278
5592
11167
93710
1395
1261
5796
92145
1010
2528
1395
3791
1279
1376
10344
1010
2528
1693
3468
1091
1048
1093
3942
1272
1877
3589
1395
3791
1279
1376
12819
1010
2528
1693
1395
3791
1279
1877
3589
1394
1283
1294
4521
1040
1049
1044
1409
1895
1032
1050
3640
4816
1693
3468
52468
1093
3942
3468
24321
1462
1032
1049
1462
1283
30689
6668
1395
3791
1279
1376
12819
1010
6668
4323
1010
2528
1693
1395
3791
1279
1877
3589
8214
1032
2569
26860
1593
10284
1010
1537
1010
1694
2569
6726
34044
1010
1694
1875
3602
1112
1091
3080
16918
1093
1376
1319
3080
3602
1112
2236
6039
16918
1044
1032
1048
1041
1867
9384
1041
2545
70914
1010
1301
1010
1369
34044
1376
1875
3602
1112
1010
1260
1010
1293
1850
4556
116968
32184
7364
2545
70914
1010
2640
1256
1462
9246
1681
1653
1261
7586
2778
4206
1408
1278
2000
1053
1044
1032
1053
1044
1576
14229
1063
10574
69066
2688
1454
1593
3475
5194
1877
1260
1308
1061
1053
1044
1409
1061
1053
1046
1934
44749
1376
1766
1070
87526
61868
87526
87526
2820
1260
1623
1061
1048
1058
1265
1091
1048
1093
3760
1065
2096
24207
46264
1065
22373
34044
3181
17680
1049
14522
3468
1061
5608
9384
1061
1049
1046
1875
16918
1061
2021
1065
2096
1577
1623
1061
1048
1534
1032
1052
1044
1836
4206
1046
1875
3602
1112
3181
2021
1065
2096
4244
1049
62853
1260
1623
1061
1049
1058
1265
1091
1049
1093
3760
1065
2096
24207
46264
1065
22373
3468
1061
2021
1065
2096
1574
9384
1061
1049
1046
1875
16918
1061
2021
1065
7661
1065
6166
1623
1061
1049
1534
1052
1044
1836
4206
1046
1875
3602
1112
3181
2021
1065
7661
1065
1039
4244
1049
62853
1260
1623
1061
1050
1058
1265
1091
1050
1093
3760
1063
2096
24207
46264
1065
7661
1066
22373
3468
1061
2021
1065
7661
1065
16722
9384
1061
1049
1626
3539
1272
3760
1065
4550
1875
16918
1061
2021
1065
7661
1065
7661
1065
6166
1623
1061
1050
1060
1052
1044
1836
4206
1046
1875
3602
1091
2021
1065
7661
1065
7661
1065
4576
1093
5773
1049
1626
3539
1272
3760
1066
4550
1875
16918
1061
2021
1065
7661
1065
7661
1066
6166
1875
3602
1091
2021
1065
7661
1065
7661
1066
4576
1093
5773
1049
1626
1260
1623
1061
1051
1058
1265
1091
1051
1093
3760
1066
2096
24207
46264
1066
22373
8164
1058
11875
1065
7661
1065
7661
1065
4576
1321
11875
1065
7661
1065
7661
1066
1039
4342
3539
1562
11875
1065
7661
1065
7661
1065
1039
4244
1875
16918
1061
2021
1065
7661
1065
7661
1065
7661
1066
6166
1623
1061
1051
1060
1052
1044
1836
4206
1626
3539
1562
11875
1065
7661
1065
7661
1066
1039
4244
1875
16918
1061
2021
1065
7661
1065
7661
1066
7661
1066
6166
1623
1061
1051
1060
1052
1044
1836
4206
1626
1260
1623
1061
1052
1058
1265
1091
1052
1093
3760
1065
2096
24207
46264
1065
22373
8164
1058
11875
1065
7661
1065
7661
1065
7661
1066
4576
1321
11875
1065
7661
1065
7661
1066
7661
1066
1039
4342
3539
1562
11875
1065
7661
1065
7661
1065
7661
1066
1039
4244
1875
16918
1061
2021
1065
7661
1065
7661
1065
7661
1066
7661
1065
4576
4906
40053
1419
1317
1409
1045
1049
1061
1052
4906
11875
1065
7661
1065
7661
1066
7661
1065
6166
1623
1061
1052
9218
1052
1044
4206
1046
3030
1376
1032
1052
1045
1053
1043
1049
1061
1048
1046
1934
44749
6561
35920
1058
12197
1032
1048
1791
1052
1046
1934
44749
1091
1050
18652
1084
1044
1878
10344
1046
5796
92145
4206
1058
3468
1061
2021
1065
7661
1065
7661
1065
7661
1066
16722
1272
3760
1065
9528
1409
1061
1053
1044
1409
1555
1050
1061
1050
1044
4521
1040
1049
1044
1050
1041
1283
1061
1049
1046
3468
1091
1048
1093
21548
1099
1063
1576
1065
1039
1033
3760
1065
1039
4906
12819
1044
1395
3791
1279
10714
10344
1046
2430
1283
1061
1049
1058
3468
1091
1049
1093
3942
3468
1091
1053
1045
1049
1045
1049
1093
1376
3468
1091
1051
1093
1063
3468
1091
1049
1093
3760
1065
2096
3468
1091
1051
1093
3760
1066
1039
4906
1576
1065
1039
1033
3760
1066
1039
4906
1395
3791
1279
18912
1046
4493
1605
5796
92145
1046
48436
1046
1875
3602
1112
1091
2021
1065
7661
1066
7661
1065
4576
1093
5773
1049
1063
32844
1875
16918
2453
40053
1419
1395
11875
1065
7661
1065
7661
1066
7661
1065
16722
1809
1729
8141
1875
16918
1799
1395
11875
1065
7661
1065
7661
1066
7661
1065
6166
49032
1875
16918
3066
33325
1395
11875
1065
7661
1065
7661
1066
7661
1065
6166
9246
1681
6933
1058
1875
16918
1376
3468
1867
1319
1099
117907
1376
11875
1065
7661
1065
7661
1065
7661
1066
7661
1065
16722
9027
1032
1053
3006
1032
1052
1044
40053
1419
1317
3804
1032
1052
4906
11875
1065
7661
1065
7661
1066
7661
1065
6166
4493
1875
3602
1112
1091
2021
1065
7661
1065
7661
1066
7661
1065
4576
1093
5773
1049
1626
3539
1562
11875
1065
7661
1065
7661
1066
7661
1066
1039
4244
1875
16918
1061
2021
1065
7661
1065
7661
1066
7661
1066
7661
1065
4576
40053
1419
1317
11875
1065
7661
1066
7661
1066
7661
1065
6166
1623
1061
1052
17546
1052
1044
4206
1046
3030
1061
1048
1044
1934
44749
2925
1046
3468
1061
2021
1065
7661
1065
7661
1066
7661
1066
16722
1272
3760
1065
9528
1409
1061
1053
1044
4521
1040
1049
1044
1050
1041
1283
1061
1049
1046
3468
1091
1048
1093
21548
1099
1063
1576
1065
1039
1033
3760
1065
1039
4906
12819
1046
1283
1061
1049
1058
3468
1091
1049
1093
3942
3468
1091
1051
1093
1063
3468
1091
1049
1093
3760
1065
2096
3468
1091
1051
1093
3760
1066
1039
4906
12819
4906
1395
3791
1279
18912
1046
48436
1046
1875
16918
11875
1065
7661
1066
7661
1066
7661
1065
4576
5949
1626
3539
34044
15202
1454
1032
1050
8164
1044
4556
1061
1050
1046
79472
1626
1256
1462
1531
3475
7444
8978
1626
1256
1462
1362
7534
4848
1278
3475
4950
1435
24130
1046
13
1010
1975
29896
1010
3149
4014
1095
26578
129511
4990
1058
1935
1044
1409
1058
1935
1044
1265
1058
2011
1041
4906
1935
1877
1293
19639
6669
1278
2782
1307
9384
1317
14422
1576
46121
1454
1576
1065
1039
1505
1576
1066
1039
2516
1455
1010
1293
1836
5796
1629
1499
1290
93710
1307
5592
1409
12123
1046
12162
81793
1032
1057
1057
1056
1050
1052
1052
1051
1053
1051
1626
1260
1010
1293
14099
9997
2187
1455
4231
1513
4403
1925
1576
46121
1294
1278
4618
3310
1584
17155
1010
1293
1394
3144
5796
1629
73037
1059
9247
5796
1629
73037
1584
8807
1319
2496
14175
1747
4265
9458
1577
27266
1293
70914
1376
1032
1057
1057
1056
1050
1052
1052
1051
1053
1051
1010
1293
1934
44749
1376
1766
1099
2351
1576
46121
1394
1272
1294
1265
2820
1260
1010
1293
2569
34044
3468
1058
43109
1307
1278
3804
2365
6534
1044
1409
1045
1049
1041
11084
9236
1010
1293
34044
1376
1445
17680
1032
1049
2002
1260
1010
1293
1394
1623
1294
4521
4990
3640
1369
1875
3602
1112
1376
18554
1369
24207
1376
8889
1065
2096
1576
1066
2963
1693
1265
3755
1093
2351
1576
46121
2849
1766
1115
3755
33024
1301
1010
1369
1394
3468
1044
9384
1294
34044
30999
13487
1463
1394
1272
1294
24207
1877
1694
2569
5807
1278
3804
1409
1045
1049
11084
1010
1694
1875
16918
1376
3468
1867
1319
1099
1044
1456
1694
1693
9027
6039
16918
1041
3006
1409
1462
1032
1049
1877
2006
1875
16918
1376
1875
16918
1091
14283
1107
1462
1032
1049
4244
2820
1537
1010
1694
2569
4206
5796
92145
16009
2342
2200
1278
93710
1010
1694
2569
8688
1513
4403
1925
1576
46121
1294
1278
4618
3310
1010
1694
1693
1623
9218
1409
1462
1032
1049
1877
2006
3030
1376
1623
1462
1409
1867
1032
1049
1010
2006
1934
44749
6561
35920
1376
2258
1040
9006
44749
13872
1093
1394
1475
1294
4521
34334
1044
1623
1867
1032
1049
3824
13673
1010
2006
1693
1934
44749
6561
35920
1877
2528
2569
4206
1693
1278
5592
11167
93710
1395
1261
5796
92145
1010
2528
1395
3791
1279
1376
10344
1010
2528
1693
3468
1091
1048
1093
3942
1272
1877
3589
1395
3791
1279
1376
12819
1010
2528
1693
1395
3791
1279
1877
3589
1394
1283
1294
4521
1040
1049
1044
1409
1895
1032
1050
3640
4816
1693
3468
52468
1093
3942
3468
24321
1462
1032
1049
1462
1283
30689
6668
1395
3791
1279
1376
12819
1010
6668
4323
1010
2528
1693
1395
3791
1279
1877
3589
8214
1032
2569
1593
10284
21622
1261
58472
5796
92145
1010
1537
1010
1694
1875
3602
1112
1091
3080
16918
1093
1376
1319
3080
3602
1112
2236
6039
16918
1044
1032
1048
1041
1867
9384
1041
2545
70914
1010
1301
1010
1369
34044
1376
1875
3602
1112
1010
1260
1010
1293
1850
4556
116968
32184
7364
2545
70914
1010
1975
11
1010