10
25708
1010
11
1010
10
3263
1010
10311
1278
3629
2254
21734
1321
8953
3607
1044
10886
5687
1278
2254
5055
1321
2764
1747
1278
9458
1046
1603
24151
16424
70914
84674
14671
48761
1083
25461
4568
2715
30711
1278
3475
1636
13330
1294
1261
1335
107485
3475
4950
1319
3038
44642
1041
1319
43880
2084
80858
1278
4618
7389
1801
2640
5011
38227
2671
5247
1044
81409
1267
3149
33945
9596
80104
4990
1058
1935
1044
20978
1058
5247
1091
74988
59939
1044
1935
1044
1935
66925
1261
1058
5247
59939
3605
1289
1058
5247
59939
8623
4906
1935
1877
1293
19639
23627
1261
6165
8822
1673
58636
8404
1454
1308
36281
1321
20978
1319
5383
2744
10314
1395
1032
1010
1293
12685
1435
1319
1117
1044
1330
1044
1285
1041
10138
36281
1333
1321
1330
1584
8822
1454
5954
1285
1574
1321
2295
1032
1010
1293
14170
1261
1321
1289
1307
1278
2879
5592
1044
3081
1278
11835
4171
4556
1307
3549
25980
1626
1260
1010
1293
2898
2258
3549
1294
1278
8404
1044
2246
5954
1395
6493
1435
1278
8905
5954
1307
2258
10314
1294
1455
3549
1626
1293
1284
4790
1044
1404
1041
1395
6493
1435
1278
11835
4171
3549
5954
1562
29268
2460
1317
29268
1404
1626
1260
1010
1293
1531
6255
1395
1317
7645
2654
7980
1289
2516
1455
1278
4556
1307
1284
8897
3755
3605
1289
3755
8623
1394
1747
1623
1395
80884
1626
1260
1010
1293
64664
1877
1369
1308
1058
13920
1307
36281
1319
70085
1584
53073
1032
1049
1317
1308
1456
1369
20978
1058
5247
1307
20978
1044
2744
10314
1395
1319
1117
1044
1330
1044
1285
1041
2478
1333
1534
1330
1010
1369
1261
1058
7610
7980
1307
29268
8091
1010
1369
1289
1058
10322
7980
1307
29268
8091
1319
1611
1402
7645
7239
1456
1260
1010
1293
20527
1877
1369
1531
11835
4171
4556
1307
1284
8897
3755
3605
1289
3755
8623
2453
9741
2487
7645
26717
1289
1010
1260
1010
1293
56431
33945
9596
80104
1040
1052
1044
31008
1049
1044
1032
1051
1044
1032
1050
1574
1319
1051
1044
1032
1052
1044
1032
1049
1574
1319
1050
1044
1032
1052
1044
1032
1053
1574
1319
1049
1044
1032
1052
1044
1032
1052
50673
1766
1049
1044
1032
1049
1044
1032
1051
3605
1766
1052
1044
1032
1052
1044
1032
1050
8791
1293
1032
1056
1010
1293
56431
33945
9596
80104
1040
1051
1044
31008
1049
1044
1032
1050
1044
1032
1053
1574
1319
1050
1044
1032
1051
1044
1032
1050
1574
1319
1049
1044
1032
1051
1044
1032
1049
50673
1766
1049
1044
1032
1049
3605
1766
1050
1044
1032
1051
8791
1293
1032
1051
1010
1293
47680
3149
4206
5164
52143
3640
1293
2569
7637
2937
1032
1049
1010
1293
6852
15605
1040
1052
1044
31008
1049
1044
1032
1051
1044
1032
1050
1574
1319
1051
1044
1032
1052
1044
1032
1049
1574
1319
1050
1044
1032
1052
1044
1032
1053
1574
1319
1049
1044
1032
1052
1044
1032
1052
50673
1766
1049
1044
1032
1049
1044
1032
1051
3605
1766
1052
1044
1032
1052
1044
1032
1050
8623
2351
1032
1056
1010
1260
1010
1293
2569
7637
2937
1032
1050
1010
1293
6852
15605
1040
1051
1044
31008
1049
1044
1032
1050
1044
1032
1053
1574
1319
1050
1044
1032
1051
1044
1032
1050
1574
1319
1049
1044
1032
1051
1044
1032
1049
50673
1766
1049
1044
1032
1049
3605
1766
1050
1044
1032
1051
8623
2351
1032
1052
1010
1260
1010
1293
2569
7637
2937
1032
1051
1010
1293
6852
15605
1040
1053
1044
31008
1049
1044
1032
1050
1044
1032
1055
1054
1057
1049
1055
1048
1051
1056
1055
1574
1319
1050
1044
1032
1051
1044
1032
1052
1049
1050
1052
1053
1054
1054
1049
1052
1574
1319
1049
1044
1032
1052
1044
1032
1051
1053
1053
1048
1056
1049
1054
1049
1049
1574
1319
1052
1044
1032
1053
1044
1032
1054
1057
1053
1055
1057
1048
1048
1050
1051
50673
1766
1051
1044
1032
1049
3605
1766
1053
1044
1032
1050
8623
2351
1032
1049
1049
1048
1056
1050
1052
1054
1054
1051
1055
1010
1260
1010
1293
2569
7637
2937
1032
1052
1010
1293
6852
15605
1040
1049
1050
1044
31008
1049
1044
1032
1050
1044
1032
1049
1048
1048
1048
1048
1048
1048
1048
1048
1048
1574
1319
1049
1044
1032
1051
1044
1032
1049
1048
1048
1048
1048
1048
1048
1048
1048
1048
1574
1319
1051
1044
1032
1052
1044
1032
1049
1048
1048
1048
1048
1048
1048
1048
1048
1048
1574
1319
1049
1044
1032
1053
1044
1032
1049
1048
1048
1048
1048
1048
1048
1048
1048
1048
1574
1319
1051
1044
1032
1054
1044
1032
1049
1048
1048
1048
1048
1048
1048
1048
1048
1048
1574
1319
1051
1044
1032
1055
1044
1032
1049
1048
1048
1048
1048
1048
1048
1048
1048
1048
1574
1319
1055
1044
1032
1056
1044
1032
1049
1048
1048
1048
1048
1048
1048
1048
1048
1048
1574
1319
1053
1044
1032
1057
1044
1032
1049
1048
1048
1048
1048
1048
1048
1048
1048
1048
1574
1319
1051
1044
1032
1049
1048
1044
1032
1049
1048
1048
1048
1048
1048
1048
1048
1048
1048
1574
1319
1049
1048
1044
1032
1049
1049
1044
1032
1049
1048
1048
1048
1048
1048
1048
1048
1048
1048
1574
1319
1049
1049
1044
1032
1049
1050
1044
1032
1049
1048
1048
1048
1048
1048
1048
1048
1048
1048
1574
1319
1052
1044
1032
1055
1044
1032
1049
1048
1048
1048
1048
1048
1048
1048
1048
1048
1574
1319
1056
1044
1032
1049
1050
1044
1032
1049
1048
1048
1048
1048
1048
1048
1048
1048
1048
1574
1319
1049
1044
1032
1057
1044
1032
1049
1048
1048
1048
1048
1048
1048
1048
1048
1048
1574
1319
1053
1044
1032
1049
1049
1044
1032
1049
1048
1048
1048
1048
1048
1048
1048
1048
1048
1574
1319
1055
1044
1032
1049
1048
1044
1032
1049
1048
1048
1048
1048
1048
1048
1048
1048
1048
1574
1319
1050
1044
1032
1053
1044
1032
1049
1048
1048
1048
1048
1048
1048
1048
1048
1048
1574
1319
1054
1044
1032
1057
1044
1032
1049
1048
1048
1048
1048
1048
1048
1048
1048
1048
1574
1319
1055
1044
1032
1057
1044
1032
1049
1048
1048
1048
1048
1048
1048
1048
1048
1048
1574
1319
1050
1044
1032
1056
1044
1032
1049
1048
1048
1048
1048
1048
1048
1048
1048
1048
50673
1766
1049
1049
1044
1032
1051
1044
1032
1055
1044
1032
1049
1048
1044
1032
1054
1044
1032
1057
3605
1766
1050
1044
1032
1049
1044
1032
1056
1044
1032
1053
1044
1032
1052
1044
1032
1049
1050
8623
2351
1032
1054
1048
1048
1048
1048
1048
1048
1048
1048
1048
1010
1260
1010
1293
2569
7637
2937
1032
1053
1010
1293
6852
15605
1040
1052
1044
31008
1049
1044
1032
1050
1044
1032
1054
1057
1054
1057
1051
1057
1055
1050
1053
1574
1319
1050
1044
1032
1051
1044
1032
1055
1056
1049
1055
1053
1051
1048
1050
1048
1574
1319
1051
1044
1032
1052
1044
1032
1052
1051
1056
1055
1054
1051
1056
1054
1051
1574
1319
1049
1044
1032
1052
1044
1032
1052
1051
1057
1052
1054
1053
1056
1049
1054
1574
1319
1049
1044
1032
1051
1044
1032
1050
1053
1052
1056
1056
1053
1051
1052
1049
50673
1766
1052
1044
1032
1051
3605
1766
1049
1044
1032
1050
8623
2351
1032
1057
1053
1049
1056
1050
1053
1048
1054
1054
1010
1260
1010
1293
2569
7637
2937
1032
1054
1010
1293
6852
15605
1040
1053
1044
31008
1049
1044
1032
1050
1044
1032
1049
1051
1053
1050
1050
1055
1055
1057
1049
1574
1319
1050
1044
1032
1051
1044
1032
1052
1051
1051
1048
1056
1054
1057
1050
1050
1574
1319
1051
1044
1032
1052
1044
1032
1050
1057
1050
1050
1050
1050
1050
1048
1057
1574
1319
1052
1044
1032
1053
1044
1032
1057
1050
1050
1049
1053
1050
1052
1057
50673
1766
1050
1044
1032
1049
3605
1766
1052
1044
1032
1051
8623
2351
1032
1056
1054
1054
1049
1055
1051
1056
1052
1052
1010
1260
1010
1293
2569
7637
2937
1032
1055
1010
1293
6852
15605
1040
1051
1044
31008
1049
1044
1032
1050
1044
1032
1053
1048
1054
1052
1048
1051
1057
1051
1052
1574
1319
1050
1044
1032
1051
1044
1032
1057
1054
1054
1052
1055
1050
1057
1050
1052
1574
1319
1049
1044
1032
1051
1044
1032
1055
1052
1049
1055
1054
1053
1050
1057
1049
50673
1766
1051
3605
1766
1050
8623
2351
1032
1055
1052
1049
1055
1054
1053
1050
1057
1049
1010
1260
1010
1293
2569
7637
2937
1032
1056
1010
1293
6852
15605
1040
1049
1048
1044
31008
1049
1044
1032
1050
1044
1032
1055
1053
1054
1048
1049
1048
1051
1050
1056
1574
1319
1050
1044
1032
1051
1044
1032
1057
1057
1055
1057
1051
1055
1050
1051
1049
1574
1319
1051
1044
1032
1052
1044
1032
1053
1048
1055
1056
1054
1055
1057
1056
1057
1574
1319
1052
1044
1032
1053
1044
1032
1052
1052
1053
1051
1054
1052
1048
1055
1048
1574
1319
1053
1044
1032
1054
1044
1032
1057
1052
1053
1050
1054
1054
1050
1048
1055
1574
1319
1054
1044
1032
1055
1044
1032
1050
1054
1052
1048
1048
1054
1055
1057
1057
1574
1319
1055
1044
1032
1056
1044
1032
1052
1048
1049
1052
1055
1048
1057
1055
1055
1574
1319
1056
1044
1032
1057
1044
1032
1050
1057
1051
1056
1048
1048
1053
1053
1056
1574
1319
1057
1044
1032
1049
1048
1044
1032
1057
1056
1053
1056
1053
1057
1052
1050
1053
50673
1766
1049
1048
1044
1032
1052
1044
1032
1057
1044
1032
1055
1044
1032
1049
3605
1766
1050
1044
1032
1056
1044
1032
1051
1044
1032
1054
1044
1032
1053
8623
2351
1032
1050
1055
1052
1053
1048
1052
1049
1049
1056
1048
1010
1260
1010
1293
2569
7637
2937
1032
1057
1462
4249
29268
17684
1010
1293
6852
15605
1040
1051
1044
31008
1049
1044
1032
1050
1044
1032
1052
1049
1051
1052
1053
1056
1048
1049
1055
1574
1319
1050
1044
1032
1051
1044
1032
1057
1053
1049
1050
1053
1051
1057
1054
1057
1574
1319
1049
1044
1032
1052
1044
1032
1051
1051
1054
1051
1057
1049
1053
1051
1048
1574
1319
1050
1044
1032
1053
1044
1032
1057
1049
1051
1053
1049
1053
1054
1049
1574
1319
1052
1044
1032
1054
1044
1032
1054
1057
1049
1051
1056
1053
1050
1051
1056
1574
1319
1053
1044
1032
1055
1044
1032
1056
1048
1052
1055
1055
1052
1053
1054
1056
1574
1319
1050
1044
1032
1056
1044
1032
1053
1050
1050
1057
1056
1055
1048
1048
1574
1319
1052
1044
1032
1057
1044
1032
1052
1052
1050
1056
1051
1051
1054
1057
1050
1574
1319
1049
1044
1032
1049
1048
1044
1032
1053
1048
1054
1052
1054
1050
1054
1048
1574
1319
1049
1048
1044
1032
1049
1049
1044
1032
1056
1051
1057
1054
1056
1051
1052
1052
1052
1574
1319
1055
1044
1032
1049
1050
1044
1032
1049
1052
1050
1050
1053
1054
1050
1053
1053
1574
1319
1057
1044
1032
1049
1051
1044
1032
1055
1056
1053
1048
1053
1056
1053
1055
1055
1574
1319
1049
1050
1044
1032
1049
1052
1044
1032
1051
1049
1057
1049
1049
1054
1051
1055
1050
1574
1319
1055
1044
1032
1049
1053
1044
1032
1052
1051
1052
1053
1054
1053
1057
1052
1053
1574
1319
1049
1052
1044
1032
1049
1053
1044
1032
1053
1056
1054
1054
1051
1051
1057
1054
1048
1574
1319
1049
1044
1032
1049
1050
1044
1032
1056
1057
1056
1053
1051
1056
1055
1056
1054
1574
1319
1056
1044
1032
1049
1053
1044
1032
1053
1056
1050
1051
1057
1055
1051
1052
1055
1574
1319
1051
1044
1032
1057
1044
1032
1057
1054
1056
1052
1051
1054
1053
1049
1052
1574
1319
1051
1044
1032
1049
1049
1044
1032
1050
1050
1050
1054
1048
1049
1055
1057
1052
1574
1319
1051
1044
1032
1049
1048
1044
1032
1056
1057
1050
1048
1052
1054
1054
1050
1054
1574
1319
1050
1044
1032
1049
1048
1044
1032
1053
1048
1052
1050
1051
1050
1050
1053
1056
1574
1319
1052
1044
1032
1053
1044
1032
1052
1051
1050
1056
1054
1054
1055
1048
1048
50673
1766
1051
3605
1766
1052
8623
2351
1032
1056
1051
1057
1054
1056
1051
1052
1052
1052
1010
1260
1010
1293
2569
7637
2937
1032
1049
1048
1010
1293
6852
15605
1040
1054
1044
31008
1049
1044
1032
1050
1044
1032
1051
1054
1051
1056
1051
1049
1048
1051
1054
1574
1319
1049
1044
1032
1051
1044
1032
1052
1057
1057
1050
1049
1052
1051
1049
1053
1574
1319
1049
1044
1032
1052
1044
1032
1055
1056
1052
1051
1055
1050
1055
1056
1049
1574
1319
1049
1044
1032
1053
1044
1032
1049
1048
1050
1051
1054
1053
1050
1049
1050
1574
1319
1049
1044
1032
1054
1044
1032
1055
1050
1048
1050
1051
1051
1057
1050
1050
50673
1766
1051
1044
1032
1052
1044
1032
1054
3605
1766
1050
1044
1032
1053
1044
1032
1049
8623
2351
1032
1050
1048
1048
1051
1056
1050
1049
1048
1049
1056
1010
1260
1010
1293
2569
7637
2937
1032
1049
1049
1010
1293
6852
15605
1040
1050
1044
31008
1049
1044
1032
1050
1044
1032
1051
1056
1056
1057
1051
1051
1051
1054
1057
50673
1766
1050
3605
1766
1049
8623
2351
1032
1051
1056
1056
1057
1051
1051
1051
1054
1057
1010
1260
1010
1293
2569
7637
2937
1032
1049
1050
1010
1293
6852
15605
1040
1055
1044
31008
1049
1044
1032
1050
1044
1032
1054
1048
1054
1053
1050
1051
1056
1052
1056
1574
1319
1049
1044
1032
1051
1044
1032
1051
1054
1057
1057
1057
1049
1050
1050
1056
1574
1319
1050
1044
1032
1052
1044
1032
1051
1049
1050
1054
1054
1051
1053
1052
1051
1574
1319
1051
1044
1032
1053
1044
1032
1051
1052
1054
1056
1050
1049
1050
1050
1050
1574
1319
1052
1044
1032
1054
1044
1032
1056
1052
1048
1053
1048
1057
1052
1048
1055
1574
1319
1052
1044
1032
1055
1044
1032
1054
1052
1052
1057
1057
1057
1057
1051
1049
50673
1766
1055
1044
1032
1053
1044
1032
1051
3605
1766
1054
1044
1032
1049
1044
1032
1050
8623
2351
1032
1049
1056
1049
1055
1048
1050
1052
1052
1056
1051
1267
1035
13516
4206
45525
128857
9596
80104
1041
1317
3160
9458
1626
1975
11
1010
10
1503
19464
1010
12
13
1010
11745
1681
1261
11483
2832
2100
1049
1046
1032
1603
25609
3623
1278
57148
5450
1531
3330
17000
1639
1317
5687
1278
2254
2000
2422
128857
9596
80104
1096
4057
1408
1278
5662
21734
1321
8953
3607
1046
1362
2534
1317
2764
1747
1278
9458
1294
1278
2000
6390
1096
2254
1046
1362
4016
1605
22347
1278
9458
1338
1050
1046
1032
1603
25609
3623
1278
29667
55015
1256
1462
2837
1736
1261
8822
1673
58636
8404
1454
2000
1110
1096
36281
1321
41231
20978
1626
1256
1462
2000
1102
4790
1044
1404
17783
1395
6493
1435
1278
11835
4171
3549
5954
1562
2000
1120
1096
1317
2000
1121
7273
2478
1278
5954
1307
1261
3549
1395
1278
1603
62437
1438
10314
5954
4837
1455
3549
1046
2409
1395
21905
1278
8039
2753
3549
5954
1044
1799
1395
14259
1317
1278
11835
119107
10314
1408
1278
3549
1046
1656
1261
8822
8404
1044
1593
1395
7847
1536
1278
75901
3434
8594
21864
1319
1077
3074
4244
1278
8039
2753
3549
2396
2295
13390
1294
1278
4618
8404
33197
1278
8905
10314
5954
1408
1278
8877
3549
2396
2424
1294
1278
1373
3074
1626
1256
1462
2837
1736
2295
14170
2000
1097
1096
1321
2000
1098
1096
1307
1278
2879
5592
1046
2837
1710
7645
2654
2000
1098
1096
89533
1626
1256
1462
2837
2933
1317
33945
2000
4845
13755
1284
8897
3755
3605
1289
3755
8623
14708
1051
1046
1032
1603
4756
13240
1620
5450
1032
1010
1256
1462
2000
1102
4790
1044
1404
17783
1395
1278
8039
2753
10314
5954
2396
2000
1120
1096
1321
2000
1121
9816
1032
1010
1256
1462
3367
1729
24002
1747
4595
7432
8039
2753
25980
1319
1270
2586
1278
4213
6618
1574
1729
1710
2071
1261
4362
8708
2000
1067
3755
5371
1106
1093
1376
1284
8897
3755
3605
1289
13872
8623
51330
1256
1462
1531
4127
25384
1317
1058
4265
2295
14170
2000
1097
1096
1321
2000
1098
1096
1319
57223
5592
2000
1109
94387
1729
1710
4395
2744
2000
1097
3755
39261
1317
1261
8877
2000
1098
13872
39261
1319
1097
77806
1307
2000
1098
32891
1317
33945
1278
4556
1307
2000
1102
8897
3755
3605
1289
1091
71377
3755
1093
8623
51330
1256
1462
2409
1395
1420
26181
4127
1046
9748
1278
5592
1307
2000
1097
1096
1321
2000
1098
1096
1395
1605
12581
1317
1402
3709
1044
1809
12837
1294
2516
7638
1044
1729
4139
2534
1317
4206
22855
1046
3886
1044
7283
1513
1278
9458
1044
1278
34749
13774
1058
2688
1032
1049
1934
5592
1032
1051
1044
2688
1032
1050
1934
5592
1032
1050
1044
2688
1032
1051
1934
5592
1032
1050
1044
2688
1032
1052
1934
5592
1032
1054
1044
6704
1626
1256
1462
49032
1044
1278
4127
8223
1429
71377
2654
7980
1289
2516
1455
1278
4556
1307
1284
8897
3755
3605
1289
3755
8623
1394
1747
1623
1395
80884
2613
2409
1395
10693
13170
1261
11835
5954
9839
20490
1294
1261
130660
1752
8404
2478
3979
13390
1584
2000
1097
7273
3169
13390
1584
2000
1098
7273
1321
10314
25980
1584
2000
1102
8897
3755
3605
1289
13872
8623
51330
1256
1462
9748
1278
34749
1584
9196
1321
1729
1710
7645
2654
2000
1098
1096
40444
1044
1494
1681
1261
128445
1491
1626
1256
1462
3316
2156
1261
14927
7299
1063
17048
41806
16348
1063
5500
8806
1394
29913
28966
12889
1046
3626
2000
1102
4790
15277
17783
1934
6061
5194
1058
1494
1681
1261
1429
94848
119107
7786
3871
1032
1010
1256
1462
32844
1044
2878
1681
3648
1058
1656
1261
8404
1044
1278
8039
2753
7786
2000
1102
4790
15277
17783
1395
1278
11835
2136
1747
22344
1307
1278
6705
10314
5954
1046
2409
1395
14259
1317
1278
7786
1294
1278
1373
3074
1319
62437
10314
1408
9917
3549
1577
1032
1010
1256
1462
3367
1729
4317
1278
1373
3074
1044
2430
2000
1102
4790
15277
17783
1376
6705
10314
5954
1408
3549
2396
2000
1120
1096
1321
2000
1121
1096
1294
1278
1373
3074
1626
1256
1462
9032
1044
1729
2534
1317
4395
2000
1097
1096
13390
1317
2000
1098
1096
13390
1317
33945
4556
1307
1373
3074
52149
6705
20978
1626
1256
1462
2409
6354
2405
10912
57815
1317
41806
1046
2837
6906
2534
1317
24002
1278
4362
8708
1321
15047
1420
26181
4127
1319
1101
3596
3109
49169
11857
4342
1256
1462
9246
1681
4206
22855
1046
1531
4127
6354
2405
22077
22855
1294
1278
16925
1044
1809
1278
9458
1736
2000
1110
1096
2015
1317
1032
1049
1053
1044
1321
34749
2015
1317
1032
1054
1505
1878
1046
49032
2688
1032
1052
1934
5592
1032
1054
1044
2688
1032
1053
5592
1032
1050
1044
2688
1032
1054
5592
1032
1050
1044
2688
1032
1055
5592
1032
1049
1044
2688
1032
1056
5592
1032
1053
1044
2688
1032
1057
5592
1032
1049
1044
2688
1032
1049
1048
5592
1032
1051
1044
2688
1032
1049
1049
5592
1032
1049
1044
2688
1032
1049
1050
5592
1032
1051
1046
4493
34749
1584
3709
1319
81992
1032
1054
13162
1044
1809
2688
1032
1056
1934
1032
1054
1577
49169
11857
1535
16026
1094
1051
1041
1395
7771
1394
1409
37127
1032
1049
1048
1048
1505
3199
1032
1049
1048
1048
1048
1626
1256
1462
3626
7377
1044
13162
2156
1681
1261
108200
7299
1063
9246
1681
1605
2136
1730
16092
1046
1362
7534
5687
1877
1260
1032
1049
1046
16143
1373
3074
1307
1278
8404
1626
1260
1032
1050
1046
65851
2000
1102
4790
15277
17783
1394
1747
6618
17684
1058
6705
10314
5954
1408
1373
3074
3549
2396
2000
1120
1096
1321
2000
1121
9816
9748
2000
1110
1096
4139
1402
2015
1317
2880
2878
1681
3219
2688
1032
1052
1058
1308
1061
1049
1050
1044
2688
1032
1056
1058
1308
1061
1049
1048
1046
1362
1710
2586
24002
1747
4595
7432
8039
2753
5059
1373
3074
1867
1398
21313
18392
21313
1044
1505
57314
12340
30577
1599
15474
2478
2000
25557
3755
5371
1106
1093
1376
2365
24728
109181
3755
5371
1107
3605
2517
24321
22916
46029
9816
49032
1044
1278
5990
3039
1058
1373
3074
1044
2430
1394
2744
5211
1044
3160
113835
23015
21313
1317
3081
6705
10314
1317
1747
2147
13390
1046
3247
1362
1710
24002
1278
8039
2753
7786
7655
2505
1261
18820
3421
1629
1987
13539
52248
12355
5125
1044
1505
2586
3160
119950
9308
12355
1319
2209
1454
6705
6302
1307
4556
1577
49032
1044
1278
8039
2753
3549
5954
1710
1402
21564
1536
1058
5186
20978
1044
2229
2424
5059
33550
1085
1044
1321
2200
2000
1120
1096
1321
2000
1121
1096
8044
1044
1278
3519
10314
5954
1395
2000
1102
4790
15277
94799
3626
1729
2534
1747
17684
1046
9748
1308
1395
3709
1294
9458
1044
1362
7534
2586
24002
1747
4595
7432
8039
2753
2505
1373
3074
1867
1398
21313
1562
2744
6194
1044
1505
2210
1261
6165
11857
1058
2000
25557
3755
5371
1106
1093
1376
2365
2136
22344
1307
6705
10314
9816
1362
1710
28553
2000
25557
3755
5371
1106
1093
1376
5954
6534
22916
17783
1693
10314
12123
1044
2849
74116
1044
2430
3160
1261
15474
1307
57314
12340
30577
1599
1058
2000
25557
3755
5371
1106
1093
1376
2365
109181
3755
5371
1106
3605
6705
109181
3755
5371
1107
3605
2517
24321
22916
46029
9816
5646
1681
1535
4990
1094
1051
1041
1799
1395
7771
1394
1308
2015
1317
13162
1032
1049
1048
1048
1048
1044
1809
1308
1294
9458
1395
3709
1626
1260
1032
1051
1046
5417
4583
2000
1102
8897
3755
3605
1289
13872
8623
1096
1394
1747
1623
22916
1044
15047
1278
26181
4127
1058
11835
5954
130660
1752
20490
2478
1729
4395
2744
2000
1097
3755
39261
1317
1261
8877
2000
1098
13872
1093
9816
9748
34749
1584
9196
1321
3709
1044
1362
1710
2210
1278
49169
11857
1044
1505
3199
92098
6613
1454
96478
1319
1391
5592
37127
1032
1049
1048
1577
3626
1317
1402
12663
1044
1362
7534
5687
1278
49169
11857
1319
1270
2210
2000
4821
65259
69524
3501
1044
4016
1402
13173
17616
1044
1836
40805
11855
2000
15597
1302
77760
1362
7534
7418
1261
6165
49169
11857
1505
2586
2210
2000
3125
47742
32371
15124
1795
1096
4136
6705
5592
1294
9458
1395
1032
1054
1319
4417
1032
1052
1934
1032
1054
1577
32844
1044
2688
1032
1052
5592
1395
1032
1054
1044
2688
1032
1056
5592
1395
1032
1053
1046
49032
2878
1681
4206
1058
2688
1032
1052
1058
2000
1097
18359
1049
1049
1044
1032
1051
1044
1032
1055
1044
1032
1049
1048
1044
1032
1054
1044
1032
1057
1093
7273
2000
1098
18359
1050
1044
1032
1049
1044
1032
1056
1044
1032
1053
1044
1032
1052
1044
1032
1049
1050
39261
4906
5592
1032
1054
1046
2688
1032
1056
1058
2000
1097
18359
1049
1048
1044
1032
1052
1044
1032
1057
1044
1032
1055
1044
1032
1049
1093
7273
2000
1098
18359
1050
1044
1032
1056
1044
1032
1051
1044
1032
1054
1044
1032
1053
39261
4906
5592
1032
1053
1046
4493
6705
5592
1395
1032
1054
1046
3295
2654
6613
96478
1395
1032
1054
1033
1376
1032
1055
1050
1048
1044
25905
7771
1046
3626
1362
2715
4352
2087
1261
5659
1044
13162
2210
49169
1394
12216
1044
1809
96478
1395
39928
1321
21752
6113
1394
2576
9458
1046
1362
7534
2210
96478
4136
1494
1681
58721
1321
4289
3880
43493
1774
1044
1809
1362
7534
9134
1455
1394
9039
19842
49169
2168
1402
4942
1046
49032
1044
1278
4127
4139
1736
9039
16052
9458
1044
1809
1278
16925
8223
1429
12107
1747
1278
9458
1034
1321
8222
1278
2000
6390
1096
2254
1046
1362
7534
5687
1454
96478
1394
20490
1044
1809
1362
2534
1317
1402
25052
1058
1278
5592
1307
2000
1097
1096
1321
2000
1098
1096
1584
1278
2879
1044
1321
1729
7645
2654
2000
1098
9816
4493
1362
7534
2586
3352
1747
96478
1307
2000
1098
1096
1321
8427
1278
2365
4556
1338
1256
32844
1044
1395
2156
2258
6347
1063
9246
1681
1344
41412
21966
1058
1429
8697
1278
11835
4171
4556
1307
3549
25980
1046
2898
2258
3549
1294
1278
8404
1044
2246
5954
1395
6493
1435
1278
8905
5954
1307
2258
10314
1294
1455
3549
1046
1284
4790
1044
1404
1041
1395
6493
1435
1278
11835
4171
3549
5954
1562
29268
2460
1317
29268
1404
1046
1531
6255
1395
1317
7645
2654
7980
1289
2516
1455
1278
4556
1307
1284
8897
3755
3605
1289
3755
8623
1394
1747
1623
1395
80884
4043
1256
4493
9578
1877
1256
1462
65851
2000
1102
4790
15277
17783
1394
1747
5074
17684
1626
1256
1462
21361
2000
1097
3755
39261
1317
2000
1098
1091
71377
3755
20162
1096
1317
33945
4556
1338
1256
9246
1681
21294
1454
1278
11277
1338
1256
17108
1032
1049
1058
2000
1110
1061
1052
1044
20978
18359
1040
1049
1044
1051
1044
1050
62210
1051
1044
1052
1044
1049
62210
1050
1044
1052
1044
1053
62210
1049
1044
1052
1044
1052
50673
1261
18359
1049
1044
1049
1044
1051
3605
1289
18359
1052
1044
1052
1044
1050
1093
10632
1256
27111
1058
1032
1049
1045
1051
1319
1050
1574
1032
1051
1045
1052
1319
1049
1574
1032
1050
1045
1052
1319
1053
1574
1032
1049
1045
1052
1319
1052
1577
1373
3074
1058
5186
20978
1058
1319
1051
1044
1052
1044
1049
1574
1319
1049
1044
1051
1044
1050
1574
1319
1049
1044
1052
1044
1052
1574
1319
1050
1044
1052
1044
1053
1577
1373
3074
20978
1058
1319
1051
1044
1052
1044
1049
1574
1319
1049
1044
1051
1044
1050
1574
1319
1049
1044
1052
1044
1052
1041
1462
7377
1044
1455
1681
1032
1051
20978
1394
1032
1052
13390
1044
1809
1319
1049
1044
1051
1041
1321
1319
1051
1044
1052
1041
8044
1032
1049
1044
1051
1044
1052
1046
6830
1319
1049
1044
1052
1041
2168
11119
1046
49032
1373
3074
1058
1319
1051
1044
1052
1044
1049
1574
1319
1049
1044
1051
1044
1050
1041
44868
1032
1049
1044
1051
1044
1052
1046
6830
2534
8044
1032
1050
1058
1319
1050
1044
1052
1044
1053
1041
1395
1278
2342
10314
1317
1032
1050
1044
1878
1373
3074
1934
20978
1319
1051
1044
1052
1044
1049
1574
1319
1049
1044
1051
1044
1050
1574
1319
1050
1044
1052
1044
1053
1577
12153
1032
1051
20978
1626
1256
5101
1329
2753
29145
1877
1256
1284
1040
1049
1044
1052
4244
3549
1032
1049
1045
1051
1045
1052
1044
6705
1040
1050
1044
1049
8429
1050
1046
3247
1032
1049
1045
1052
1605
1294
1373
3074
1809
4618
1934
5954
1032
1052
1044
1809
8039
2753
1395
1032
1050
1626
1256
1284
1040
1049
1044
1050
4244
3549
1032
1049
1045
1051
1045
1052
1045
1050
1044
6705
1040
1050
1044
1049
1044
1053
8429
1053
1626
1256
1284
1040
1051
1044
1050
4244
3549
1032
1051
1045
1052
1045
1050
1044
6705
1040
1049
1044
1053
8429
1053
1626
1256
1284
1040
1051
1044
1052
4244
1032
1049
1626
1256
1284
1040
1049
1044
1051
4244
1032
1050
1626
1256
9032
1261
18359
1049
1044
1049
1044
1051
3605
1289
18359
1052
1044
1052
1044
1050
3077
2837
2534
1317
4395
2295
1032
1049
1115
1321
1925
1032
1051
1317
1032
1052
1044
1052
1044
1050
1626
1256
58973
4395
2187
1877
1256
1462
1319
1049
1941
1052
1044
1032
1049
1941
1052
1044
1032
1051
1941
1050
4244
1284
1040
1049
1044
1052
15312
1102
1040
1049
1044
1052
15312
1102
1040
1051
1044
1050
1041
1376
1032
1050
1043
1050
1043
1053
1061
1057
1010
1256
1462
1319
1049
1941
1052
1044
1032
1049
1941
1050
1044
1032
1051
1941
1052
4244
1284
1040
1049
1044
1052
15312
1102
1040
1049
1044
1050
15312
1102
1040
1051
1044
1052
1041
1376
1032
1050
1043
1053
1043
1049
1061
1056
1010
1256
1462
1319
1049
1941
1050
1044
1032
1049
1941
1052
1044
1032
1051
1941
1052
4244
2879
1032
1056
1010
1256
75901
1395
1032
1056
1046
79472
3336
4848
1032
1056
1338
1256
17108
1032
1050
1058
2000
1110
1061
1051
1044
20978
18359
1040
1049
1044
1050
1044
1053
62210
1050
1044
1051
1044
1050
62210
1049
1044
1051
1044
1049
50673
1261
18359
1049
1044
1049
3605
1289
18359
1050
1044
1051
1093
10632
1256
27111
1058
34216
1046
1373
3074
1058
1319
1049
1044
1051
1044
1049
1574
1319
1050
1044
1051
1044
1050
1041
1505
1319
1049
1044
1050
1044
1053
1041
1809
2365
1395
1319
1049
1044
1051
1044
1049
1041
1321
1319
1050
1044
1051
1044
1050
4342
1256
1284
1040
1049
1044
1050
4244
3549
1032
1049
1045
1051
1045
1050
1044
6705
1040
1049
1044
1050
8429
1050
1046
3247
3236
1032
1053
1044
1878
1032
1050
1626
1256
1284
1040
1049
1044
1051
4244
1032
1049
1626
1256
1261
18359
1049
1044
1049
3605
1289
18359
1050
1044
1051
3077
21361
2187
1877
1256
1462
1032
1049
1941
1050
1044
1032
1049
1941
1051
1058
1284
1040
1049
1044
1050
15312
1102
1040
1049
1044
1051
8429
1050
1043
1049
1061
1051
1010
1256
1462
1032
1049
1941
1051
1044
1032
1049
1941
1050
1058
2879
1032
1051
1010
1256
27039
1395
1032
1051
1063
3626
1278
2688
8223
2000
8723
15605
1040
1051
1044
31008
1049
1044
1032
1050
1044
1032
1053
1574
1319
1050
1044
1032
1051
1044
1032
1050
1574
1319
1049
1044
1032
1051
1044
1032
1049
50673
1766
1049
1044
1032
1049
3605
1766
1050
1044
1032
1051
8623
2351
1032
1052
9816
32844
1033
1531
8953
3607
8223
2000
3107
1032
1051
1096
1294
1278
3336
1044
1809
1278
2688
4206
8223
2000
3107
1032
1052
9816
9246
1639
4206
21966
2100
1256
37865
3607
3336
1058
2000
35209
33945
9596
80104
1040
1051
1044
31008
1049
1044
1032
1050
1044
1032
1053
1574
1319
1050
1044
1032
1051
1044
1032
1050
1574
1319
1049
1044
1032
1051
1044
1032
1049
50673
1766
1049
1044
1032
1049
3605
1766
1050
1044
1032
1051
8623
2351
1032
1051
1096
1462
7377
1044
1278
8953
3607
6122
2000
1051
1096
1809
1278
2688
2000
6390
1096
1934
2000
8723
15605
124715
2351
1032
1052
9816
5646
1681
1261
70385
1046
9246
1639
3346
1278
16925
1681
2688
4950
2100
1256
49958
1256
2569
7637
2937
1032
1050
1010
1256
6852
15605
1040
1051
1044
31008
1049
1044
1032
1050
1044
1032
1053
1574
1319
1050
1044
1032
1051
1044
1032
1050
1574
1319
1049
1044
1032
1051
1044
1032
1049
50673
1766
1049
1044
1032
1049
3605
1766
1050
1044
1032
1051
8623
2351
1032
1052
1010
1256
47229
1256
3060
1278
8953
3607
3336
8223
2000
1051
9816
27923
1925
1395
6298
1063
1531
16925
8223
1429
24151
16424
70914
84674
14671
48761
1083
2613
1321
1429
12107
1747
1278
9458
2613
4493
1362
4016
3180
1278
2254
1850
1032
1052
1394
1455
4292
1046
3626
1278
8953
3607
8223
1032
1051
1046
2409
1395
4878
1294
2516
99862
1059
1278
8953
3607
4139
1736
1261
96948
1044
1505
1278
2688
1395
1278
7161
13697
1046
1362
4016
2685
1278
9458
1046
4493
1394
1455
4292
1044
4832
1395
1032
1052
1338
1256
9246
1639
6716
33295
3336
1032
1050
1317
3219
5782
1494
2168
1402
1032
1052
1046
17048
1362
52792
3623
2000
1102
4790
15277
94799
1429
4393
2258
3549
1294
1278
8404
1044
2246
5954
1395
6493
1435
1278
8905
5954
1307
2258
10314
1294
1455
3549
1046
1284
4790
1044
1404
1041
1395
6493
1435
1278
11835
4171
3549
5954
1562
29268
2460
1317
29268
1404
2613
5646
1681
8039
2753
1046
1656
1261
34216
1454
20978
1032
1053
1044
1050
1044
1049
1058
22344
1562
1032
1049
1317
1032
1050
1058
3236
1032
1053
1044
1505
1032
1049
1045
1051
1045
1050
6705
1040
1049
1044
1050
8429
1050
1046
4493
1284
1040
1049
1044
1050
8429
1050
1046
1284
1040
1049
1044
1051
8429
1049
1046
1261
18359
1049
1044
1049
3605
1289
18359
1050
1044
1051
3077
10852
1307
1284
8897
3755
3605
1289
1091
71377
3755
20162
1577
3367
1729
4395
1032
1049
1941
1050
1321
1032
1049
1941
1051
1044
4556
1061
1050
1043
1049
1061
1051
1046
3367
1729
4395
1032
1049
1941
1051
1321
1032
1049
1941
1050
1044
4556
1061
1049
1043
1050
1061
1051
1046
4493
11835
1395
1032
1051
1044
1605
1032
1052
1046
3626
2688
8223
1032
1052
1046
5675
1681
4670
1408
2634
1256
17048
1278
14170
2000
1097
1096
1321
2000
1098
1096
1736
1278
2879
5592
1044
1321
1729
7645
2654
2000
1098
7273
1809
13162
2000
1097
1096
1321
2000
1098
1096
1584
111950
3083
1321
1729
4395
2424
1044
1809
13162
2156
1681
1261
16009
1362
4525
11779
1063
1429
71377
2654
7980
1289
2516
1455
1278
4556
1307
1284
8897
3755
3605
1289
3755
8623
1394
1747
1623
1395
80884
2613
5646
1681
2549
1362
4914
1338
1256
32844
1044
13162
2000
1102
4790
15277
17783
1395
6493
30816
1063
1429
4393
2258
3549
1294
1278
8404
1044
2246
5954
1395
6493
1435
1278
8905
5954
1307
2258
10314
1294
1455
3549
2613
5646
1681
6133
1046
1429
1102
4790
1044
1404
1041
1395
6493
1435
1278
11835
4171
3549
5954
1562
29268
2460
1317
29268
1404
2613
5646
1681
8039
2753
3549
5954
1338
1256
9246
1639
4206
3336
1032
1049
2790
1454
1593
12270
1058
1362
4884
1032
1056
1044
1799
14175
8953
3607
2688
2937
1032
1049
4848
1032
1056
1338
1256
17108
1032
1051
1058
2000
1099
52143
1040
1053
1044
31008
1049
1044
1032
1050
1044
1032
1055
1054
1057
1049
1055
1048
1051
1056
1055
1574
1319
1050
1044
1032
1051
1044
1032
1052
1049
1050
1052
1053
1054
1054
1049
1052
1574
1319
1049
1044
1032
1052
1044
1032
1051
1053
1053
1048
1056
1049
1054
1049
1049
1574
1319
1052
1044
1032
1053
1044
1032
1054
1057
1053
1055
1057
1048
1048
1050
1051
50673
1766
1051
1044
1032
1049
3605
1766
1053
1044
1032
1050
8623
2351
1032
1049
1049
1048
1056
1050
1052
1054
1054
1051
1055
10632
1256
9246
1681
24002
1058
1308
1061
1053
1044
20978
1058
1032
1049
1045
1050
1319
1055
1054
1057
1077
1574
1032
1050
1045
1051
1319
1052
1049
1050
1077
1574
1032
1049
1045
1052
1319
1051
1053
1053
1077
1574
1032
1052
1045
1053
1319
1054
1057
1053
1077
1577
1261
18359
1051
1044
1049
3605
1289
18359
1053
1044
1050
57277
1256
27111
1058
1032
1049
8822
1317
1032
1050
1321
1032
1052
1046
1032
1050
8822
1317
1032
1051
1046
1032
1052
8822
1317
1032
1053
1046
2157
1681
1261
9917
7442
1058
1032
1051
1045
1050
1045
1049
1045
1052
1045
1053
1626
1256
5101
1329
2753
29145
1877
1256
1284
1040
1051
1044
1053
4244
3549
1032
1051
1045
1050
1045
1049
1045
1052
1045
1053
1044
20978
1058
1032
1052
1049
1050
1077
1044
1032
1055
1054
1057
1077
1044
1032
1051
1053
1053
1077
1044
1032
1054
1057
1053
1077
1046
8923
1395
6705
1040
1052
1049
1050
1077
1044
1032
1055
1054
1057
1077
1044
1032
1051
1053
1053
1077
1044
1032
1054
1057
1053
1077
1041
1376
1032
1055
1054
1057
1077
1063
32844
1032
1055
1054
1057
1077
3006
1032
1054
1057
1053
1077
3006
1032
1052
1049
1050
1077
1046
4493
6705
1376
1032
1055
1054
1057
1049
1055
1048
1051
1056
1055
1626
1256
1284
1040
1051
1044
1050
4244
1032
1052
1049
1050
1052
1053
1054
1054
1049
1052
1626
1256
1284
1040
1049
1044
1053
4244
3549
1032
1049
1045
1052
1045
1053
1044
6705
1040
1051
1053
1053
1077
1044
1032
1054
1057
1053
1077
8429
1054
1057
1053
1055
1057
1048
1048
1050
1051
1626
1256
1284
1040
1049
1044
1050
4244
1032
1055
1054
1057
1049
1055
1048
1051
1056
1055
1626
1256
1261
18359
1051
1044
1049
3605
1289
18359
1053
1044
1050
3077
21361
2187
1877
1256
1462
1032
1051
1941
1053
1044
1032
1049
1941
1050
1058
1284
1040
1051
1044
1053
15312
1102
1040
1049
1044
1050
1041
1376
1032
1055
1054
1057
1049
1055
1048
1051
1056
1055
1867
1032
1055
1054
1057
1049
1055
1048
1051
1056
1055
1376
1032
1049
1053
1051
1056
1051
1052
1048
1055
1055
1052
1010
1256
1462
1032
1051
1941
1050
1044
1032
1049
1941
1053
1058
1284
1040
1051
1044
1050
15312
1102
1040
1049
1044
1053
1041
1376
1032
1052
1049
1050
1052
1053
1054
1054
1049
1052
1867
1032
1054
1057
1053
1055
1057
1048
1048
1050
1051
1376
1032
1049
1049
1048
1056
1050
1052
1054
1054
1051
1055
1010
1256
5101
1395
1032
1049
1049
1048
1056
1050
1052
1054
1054
1051
1055
1046
79472
2688
2937
1032
1051
4848
1032
1049
1049
1048
1056
1050
1052
1054
1054
1051
1055
1046
13649
1338
1256
17108
1032
1052
1058
4329
1044
1308
1061
1049
1050
1044
3325
20978
1454
5954
1032
1049
1101
1057
1046
1261
1934
1032
1054
6689
1044
1289
1934
1032
1054
1046
27039
1032
1054
1048
1048
1048
1048
1048
1048
1048
1048
1048
1046
9748
1747
20978
1584
1032
1049
1101
1057
1044
1747
8039
2753
29145
1584
1032
1049
1101
1057
1046
10852
1307
1032
1054
17684
1376
1032
1054
1101
1057
1046
79472
1338
1256
17108
1032
1053
1058
2000
1099
52143
1040
1052
1044
31008
1049
1044
1032
1050
1044
1032
1054
1057
1054
1057
1051
1057
1055
1050
1053
1574
1319
1050
1044
1032
1051
1044
1032
1055
1056
1049
1055
1053
1051
1048
1050
1048
1574
1319
1051
1044
1032
1052
1044
1032
1052
1051
1056
1055
1054
1051
1056
1054
1051
1574
1319
1049
1044
1032
1052
1044
1032
1052
1051
1057
1052
1054
1053
1056
1049
1054
1574
1319
1049
1044
1032
1051
1044
1032
1050
1053
1052
1056
1056
1053
1051
1052
1049
50673
1766
1052
1044
1032
1051
3605
1766
1049
1044
1032
1050
8623
2351
1032
1057
1053
1049
1056
1050
1053
1048
1054
1054
10632
1256
9246
1681
24002
1058
1308
1061
1052
1044
20978
1058
1032
1049
1045
1050
1319
1054
1057
1054
1077
1574
1032
1050
1045
1051
1319
1055
1056
1049
1077
1574
1032
1051
1045
1052
1319
1052
1051
1056
1077
1574
1032
1049
1045
1052
1319
1052
1051
1057
1077
1574
1032
1049
1045
1051
1319
1050
1053
1052
1077
4342
1256
1261
18359
1052
1044
1051
3605
1289
18359
1049
1044
1050
57277
1256
7610
1044
3081
1373
3074
1505
8039
2753
29145
1626
1256
4396
4146
25585
1536
5954
1058
1032
1049
1045
1051
1319
1050
1053
1052
1077
1574
1032
1051
1045
1052
1319
1052
1051
1056
1077
1574
1032
1049
1045
1052
1319
1052
1051
1057
1077
1574
1032
1049
1045
1050
1319
1054
1057
1054
1077
1574
1032
1050
1045
1051
1319
1055
1056
1049
1077
4342
1256
5101
1329
2753
29145
1877
1256
1284
1040
1052
1044
1049
4244
22344
1058
1032
1052
1045
1051
1045
1049
6705
1040
1052
1051
1056
1077
1044
1032
1050
1053
1052
1077
8429
1052
1051
1056
1077
1059
1032
1052
1045
1049
3236
1032
1052
1051
1057
1077
1046
5101
1329
2753
1376
1032
1052
1051
1056
1077
1626
1256
1284
1040
1052
1044
1050
4244
22344
1058
1032
1052
1045
1051
1045
1050
6705
1040
1052
1051
1056
1077
1044
1032
1055
1056
1049
1077
8429
1055
1056
1049
1077
1059
1032
1052
1045
1049
1045
1050
6705
1040
1052
1051
1057
1077
1044
1032
1054
1057
1054
1077
8429
1054
1057
1054
1077
1046
5101
1329
2753
1376
2365
1040
1055
1056
1049
1077
1044
1032
1054
1057
1054
1077
1041
1376
1032
1054
1057
1054
1077
1063
32844
1044
1729
2534
1278
11835
2136
1747
22344
1307
1278
6705
10314
1046
17669
1032
1052
1045
1049
1045
1050
1934
6705
1040
1052
1051
1057
1044
1032
1054
1057
1054
8429
1054
1057
1054
1046
17669
1032
1052
1045
1051
1045
1050
1934
6705
1040
1052
1051
1056
1044
1032
1055
1056
1049
8429
1055
1056
1049
1046
4493
1284
1040
1052
1044
1050
8429
1054
1057
1054
1077
1626
1256
1284
1040
1051
1044
1049
4244
3236
1032
1050
1053
1052
1077
1044
1505
1032
1051
1045
1052
1045
1049
6705
1040
1052
1051
1056
1044
1052
1051
1057
8429
1052
1051
1057
1077
1046
5101
1329
2753
1376
1032
1050
1053
1052
1077
1626
1256
1284
1040
1051
1044
1050
4244
3236
1032
1055
1056
1049
1077
1044
1505
1032
1051
1045
1049
1045
1050
6705
1040
1050
1053
1052
1044
1054
1057
1054
8429
1054
1057
1054
1077
1046
5101
1329
2753
1376
1032
1054
1057
1054
1077
1626
1256
1261
18359
1052
1044
1051
3605
1289
18359
1049
1044
1050
3077
21361
2187
1877
1256
1462
1032
1052
1941
1049
1044
1032
1051
1941
1050
1058
1284
1040
1052
1044
1049
15312
1102
1040
1051
1044
1050
1041
1376
1032
1052
1051
1056
1077
1867
1032
1054
1057
1054
1077
1376
1032
1049
1049
1051
1052
1077
1010
1256
1462
1032
1052
1941
1050
1044
1032
1051
1941
1049
1058
1284
1040
1052
1044
1050
15312
1102
1040
1051
1044
1049
1041
1376
1032
1054
1057
1054
1077
1867
1032
1050
1053
1052
1077
1376
1032
1057
1053
1048
1077
1010
1256
1032
1057
1053
1048
1077
1867
2269
1063
1032
1057
1053
1049
1056
1050
1053
1048
1054
1054
1395
1032
1057
1053
1049
1044
1056
1050
1053
1044
1048
1054
1054
1046
1032
1054
1057
1054
1057
1051
1057
1055
1050
1053
1867
1032
1050
1053
1052
1056
1056
1053
1051
1052
1049
1376
1032
1057
1053
1049
1056
1050
1053
1048
1054
1054
1046
13830
1033
1032
1054
1057
1054
1057
1051
1057
1055
1050
1053
1867
1032
1050
1053
1052
1056
1056
1053
1051
1052
1049
1376
1032
1057
1053
1049
1056
1050
1053
1048
1054
1054
1046
5646
14175
1278
2667
20490
1046
4493
2365
1395
1032
1057
1053
1049
1056
1050
1053
1048
1054
1054
1046
87482
1338
1256
17108
1032
1054
1058
2000
1099
52143
1040
1053
1044
31008
1049
1044
1032
1050
1044
1032
1049
1051
1053
1050
1050
1055
1055
1057
1049
1574
1319
1050
1044
1032
1051
1044
1032
1052
1051
1051
1048
1056
1054
1057
1050
1050
1574
1319
1051
1044
1032
1052
1044
1032
1050
1057
1050
1050
1050
1050
1050
1048
1057
1574
1319
1052
1044
1032
1053
1044
1032
1057
1050
1050
1049
1053
1050
1052
1057
50673
1766
1050
1044
1032
1049
3605
1766
1052
1044
1032
1051
8623
2351
1032
1056
1054
1054
1049
1055
1051
1056
1052
1052
10632
1256
1308
1061
1053
1044
3549
8404
1058
1032
1049
1045
1050
1045
1051
1045
1052
1045
1053
1046
1261
18359
1050
1044
1049
3605
1289
18359
1052
1044
1051
57277
1256
1284
1040
1050
1044
1052
4244
3549
1032
1050
1045
1051
1045
1052
1044
6705
1040
1052
1051
1051
1077
1044
1032
1050
1057
1050
1077
8429
1052
1051
1051
1048
1056
1054
1057
1050
1050
1063
32844
20978
1058
1032
1049
1045
1050
1058
1049
1051
1053
1077
1044
1032
1050
1045
1051
1058
1052
1051
1051
1077
1044
1032
1051
1045
1052
1058
1050
1057
1050
1077
1044
1032
1052
1045
1053
1058
1057
1050
1077
1046
1284
1040
1050
1044
1052
4244
3549
1032
1050
1045
1051
1045
1052
1044
6705
1040
1052
1051
1051
1077
1044
1032
1050
1057
1050
1077
8429
1052
1051
1051
1048
1056
1054
1057
1050
1050
1626
1256
1284
1040
1050
1044
1051
4244
1032
1052
1051
1051
1048
1056
1054
1057
1050
1050
1626
1256
1284
1040
1049
1044
1052
4244
3549
1032
1049
1045
1050
1045
1051
1045
1052
1044
6705
1040
1049
1051
1053
1077
1044
1032
1052
1051
1051
1077
1044
1032
1050
1057
1050
1077
8429
1052
1051
1051
1048
1056
1054
1057
1050
1050
1626
1256
1284
1040
1049
1044
1051
4244
3549
1032
1049
1045
1050
1045
1051
1044
6705
1040
1049
1051
1053
1077
1044
1032
1052
1051
1051
1077
8429
1052
1051
1051
1048
1056
1054
1057
1050
1050
1626
1256
1284
1040
1049
1044
1053
4244
1032
1052
1051
1051
1048
1056
1054
1057
1050
1050
1063
6705
1040
1049
1051
1053
1044
1052
1051
1051
1044
1050
1057
1050
1044
1057
1050
8429
1052
1051
1051
1077
1626
1256
49032
1747
22344
1562
1445
1049
1044
1050
1125
1317
1445
1051
1044
1052
1125
2084
1736
6705
1513
4403
1032
1052
1051
1051
1077
1063
9246
1681
4206
1058
1261
18359
1050
1044
1049
3605
1289
18359
1052
1044
1051
57277
1256
21361
2187
1877
1256
1462
1032
1050
1941
1052
1044
1032
1049
1941
1051
1058
1284
1040
1050
1044
1052
15312
1102
1040
1049
1044
1051
1041
1376
1032
1052
1051
1051
1048
1056
1054
1057
1050
1050
1867
1032
1052
1051
1051
1048
1056
1054
1057
1050
1050
1376
1032
1056
1054
1054
1049
1055
1051
1056
1052
1052
1010
1256
1462
1032
1050
1941
1051
1044
1032
1049
1941
1052
1058
1284
1040
1050
1044
1051
15312
1102
1040
1049
1044
1052
1041
1376
1032
1052
1051
1051
1048
1056
1054
1057
1050
1050
1867
1032
1052
1051
1051
1048
1056
1054
1057
1050
1050
1376
1032
1056
1054
1054
1049
1055
1051
1056
1052
1052
1010
1256
12953
5628
1032
1056
1054
1054
1049
1055
1051
1056
1052
1052
1046
79472
1338
1256
17108
1032
1055
1058
2000
1099
52143
1040
1051
1044
31008
1049
1044
1032
1050
1044
1032
1053
1048
1054
1052
1048
1051
1057
1051
1052
1574
1319
1050
1044
1032
1051
1044
1032
1057
1054
1054
1052
1055
1050
1057
1050
1052
1574
1319
1049
1044
1032
1051
1044
1032
1055
1052
1049
1055
1054
1053
1050
1057
1049
50673
1766
1051
3605
1766
1050
8623
2351
1032
1055
1052
1049
1055
1054
1053
1050
1057
1049
10632
1256
1308
1061
1051
1044
1261
18359
1051
3605
1289
18359
1050
3077
14099
1925
10217
1046
1284
1040
1051
1044
1050
4244
22344
1058
1032
1051
1045
1050
3236
1032
1057
1054
1054
1077
1044
1505
1032
1051
1045
1049
1045
1050
6705
1040
1055
1052
1049
1077
1044
1032
1053
1048
1054
1077
8429
1055
1052
1049
1077
1046
5101
1329
2753
1376
1032
1055
1052
1049
1055
1054
1053
1050
1057
1049
1046
79472
1338
1256
17108
1032
1056
1058
2000
1099
52143
1040
1049
1048
1044
6421
17783
5592
1032
1053
1044
4848
1032
1050
1055
1052
1053
1048
1052
1049
1049
1056
1048
1046
1362
7534
12319
1278
11857
1338
1256
17108
1032
1057
1058
4249
29268
17684
1044
5592
1032
1049
1338
1256
17108
1032
1049
1048
1058
5592
1032
1051
1044
1308
1061
1054
1044
4848
1032
1050
1048
1048
1051
1056
1050
1049
1048
1049
1056
1338
1256
17108
1032
1049
1049
1058
1308
1061
1050
1044
4249
10314
1044
1261
18359
1050
3605
1289
18359
1049
3605
4848
1032
1051
1056
1056
1057
1051
1051
1051
1054
1057
1338
1256
17108
1032
1049
1050
1058
1308
1061
1055
1044
5592
1032
1051
1044
4848
1032
1049
1056
1049
1055
1048
1050
1052
1052
1056
1051
1338
1256
9032
1044
1278
70385
1294
3336
1032
1050
1058
8953
3607
8223
1032
1051
1044
2688
8223
1032
1052
1046
1362
2534
1317
8240
1848
5782
1494
1681
1032
1052
1046
9246
1639
6716
33295
3336
1032
1050
21966
1454
1278
7092
2879
13951
1435
6218
1338
1256
17108
1032
1050
1058
2000
1110
1061
1051
1044
20978
18359
1040
1049
1044
1032
1050
1044
1032
1053
1574
1319
1050
1044
1032
1051
1044
1032
1050
1574
1319
1049
1044
1032
1051
1044
1032
1049
50673
1261
18359
1049
1044
1032
1049
3605
1289
18359
1050
1044
1032
1051
39261
1626
1256
10228
1317
2036
8039
2753
22028
1058
1284
1040
1049
1044
1050
8429
1050
1044
1284
1040
1049
1044
1051
8429
1049
1046
10852
2365
1376
1032
1051
1046
3626
2688
8223
1032
1052
1338
1256
17048
1362
5711
2633
1278
14170
1063
2000
1097
18359
1049
1044
1032
1049
1093
7273
2000
1098
18359
1050
1044
1032
1051
1093
9816
36609
1032
1050
1626
1256
32844
1044
2481
1494
1402
1455
1729
6560
7645
2654
2000
1098
1096
40444
3147
2000
1097
1096
1321
2000
1098
1096
4139
1736
2269
38788
16009
1063
1429
71377
2654
7980
1289
2516
1455
1278
4556
1307
1284
8897
3755
3605
1289
3755
8623
1394
1747
1623
1395
80884
2613
5646
4938
1729
1710
1344
3570
2000
1098
1096
89533
1338
1256
17048
2000
1102
4790
15277
17783
1395
6493
1435
1278
11835
3549
5954
1044
1809
3549
5954
1395
4556
1307
10314
25980
1063
3501
1044
8953
3607
8223
1058
1429
4393
2258
3549
1294
1278
8404
1044
2246
5954
1395
6493
1435
1278
8905
5954
1307
2258
10314
1294
1455
3549
2613
5646
1681
6133
1338
1256
17048
1278
8404
1395
15179
1063
1429
58964
8822
1673
58636
8404
7223
1256
17048
1362
1736
1278
8039
2753
8462
1063
9246
1681
2951
1747
22344
1562
1032
1049
1317
1032
1050
1877
1256
1462
11251
10314
1032
1049
1045
1050
1058
5954
1032
1053
1046
17669
5954
1376
6705
1040
1053
1041
1376
1032
1053
1626
1256
1462
17669
1032
1049
1045
1051
1045
1050
1058
20978
1319
1049
1044
1051
1041
1285
1061
1049
1044
1319
1051
1044
1050
1041
1285
1061
1050
1046
17669
5954
1376
6705
1040
1049
1044
1050
1041
1376
1032
1050
1626
1256
75901
3549
5954
1562
1032
1049
1317
1032
1050
1376
2365
1040
1053
1044
1032
1050
1041
1376
1032
1050
1046
4493
1284
1040
1049
1044
1050
8429
1050
1626
1256
1284
1040
1049
1044
1051
4244
22344
1058
3236
1032
1049
1045
1051
1285
1061
1049
4906
6705
1061
1049
1046
1032
1049
1045
1050
1045
1051
6705
1040
1053
1044
1050
8429
1053
1046
5101
1376
1032
1049
1626
1256
1261
18359
1049
1044
1049
3605
1289
18359
1050
1044
1051
3077
2837
2534
1317
16426
2744
1032
1049
1317
1261
8877
3584
1294
1289
1046
34962
78990
1307
1289
1058
1766
1050
1044
1051
1093
1505
1766
1051
1044
1050
57277
1256
3367
7645
1376
1766
1050
1044
1051
15558
4556
1376
1284
1040
1049
1044
1050
1041
1867
1284
1040
1049
1044
1051
1041
1376
1032
1050
1867
1032
1049
1376
1032
1051
1626
1256
3367
7645
1376
1766
1051
1044
1050
15558
4556
1376
1284
1040
1049
1044
1051
1041
1867
1284
1040
1049
1044
1050
1041
1376
1032
1049
1867
1032
1050
1376
1032
1051
1626
1256
4493
11835
1395
1032
1051
1046
3626
2688
8223
1032
1052
1338
1256
3316
2156
2258
11611
1455
1278
14170
2000
1097
1096
1321
2000
1098
1096
1584
1605
26279
1536
4891
1809
1536
2632
1063
3501
1044
1429
4845
1307
1284
8897
3755
3605
1289
3755
8623
1394
1747
1623
7223
1256
17048
1278
4127
4938
1729
7645
2654
2000
1098
1096
1321
2430
10217
2000
1097
3755
39261
1454
1278
1364
20358
1042
2000
1098
3755
39261
1063
3501
1044
1429
71377
2654
7980
1289
2516
1455
1278
4556
1307
1284
8897
3755
3605
1289
3755
8623
1394
1747
1623
1395
80884
4043
1256
25298
1494
1402
1455
2000
1097
1096
1321
2000
1098
1096
1584
10651
1321
1729
4395
2424
1044
1809
13162
2000
1097
1096
1321
2000
1098
1096
1736
2801
34749
1063
3501
1044
1429
33078
14170
1261
1321
1289
1307
1278
2879
5592
7223
1256
32844
1044
13162
1362
5711
2633
1278
2688
2937
1032
1050
1562
1278
16925
1877
1256
49958
1256
2569
7637
2937
1032
1050
1010
1256
6852
15605
1040
1051
1044
31008
1049
1044
1032
1050
1044
1032
1053
1574
1319
1050
1044
1032
1051
1044
1032
1050
1574
1319
1049
1044
1032
1051
1044
1032
1049
50673
1766
1049
1044
1032
1049
3605
1766
1050
1044
1032
1051
8623
2351
1032
1052
1010
1256
49958
1256
3060
1278
8953
3607
3336
1058
2000
35209
33945
9596
80104
1040
1051
1044
31008
1049
1044
1032
1050
1044
1032
1053
1574
1319
1050
1044
1032
1051
1044
1032
1050
1574
1319
1049
1044
1032
1051
1044
1032
1049
50673
1766
1049
1044
1032
1049
3605
1766
1050
1044
1032
1051
8623
2351
1032
1051
10632
1256
1531
16925
8223
1058
51411
24151
16424
70914
84674
14671
48761
1083
11621
1034
4493
1362
4016
3180
1278
2254
1850
1032
1052
1394
1455
4292
1046
3626
2606
1710
1278
4832
1402
1032
1052
2634
1256
9246
1639
3648
30816
1046
17048
2000
1102
4790
15277
17783
1395
1278
11835
4171
3549
5954
1044
1809
3549
5954
1395
4556
1307
20978
1063
3501
1044
8953
3607
24215
8223
6705
1338
1256
17048
1278
8404
1934
36281
53073
1032
1049
1317
1308
1044
1321
1278
20978
2951
4139
1736
4433
1362
4525
11779
1063
2000
53989
1058
5247
1307
20978
1044
2744
10314
1395
1319
1117
1044
1330
1044
1285
1041
2478
1333
1534
1330
9816
5646
1681
2586
8174
1338
1256
17048
2000
1097
1096
1321
2000
1098
1096
14170
1584
7645
7239
1044
1809
1278
80751
1395
2000
1102
8897
3755
3605
1289
3755
8623
1096
2453
7645
26717
2000
1098
7273
1809
13162
2000
1097
1096
1395
2095
7645
7239
1063
3501
1338
1256
9246
1639
6123
6628
1058
2409
4127
4139
1402
1562
1261
4629
21448
1046
1429
2422
128857
9596
80104
1034
1454
8039
2753
3549
1321
7645
26717
1289
1046
1362
26938
1261
4127
2478
2000
1102
4790
15277
17783
1395
1278
8039
2753
10314
1044
1321
1636
2534
1317
4395
13390
1046
3626
5782
2168
3336
1032
1050
1402
1032
1052
2634
1256
32844
1033
17048
1362
1736
1278
12270
1307
2000
1102
4790
15277
17783
56972
1063
1429
4393
2258
3549
1294
1278
8404
1044
2246
5954
1395
6493
1435
1278
8905
5954
1307
2258
10314
1294
1455
3549
1046
1284
4790
1044
1404
1041
1395
6493
1435
1278
11835
4171
3549
5954
1562
29268
2460
1317
29268
1404
2613
5646
1681
2549
1362
2434
1338
1256
5675
1693
1278
8404
1395
15179
1063
1429
58964
8822
1673
58636
8404
7223
1256
17048
1278
14170
2000
1097
1096
1321
2000
1098
1096
1584
1307
1278
2879
5592
1044
1809
1729
1584
1605
8807
1317
7645
2654
2000
1098
1096
89533
1059
13162
1729
1710
2342
31718
1505
4433
1063
3501
1044
1429
71377
2654
7980
1289
7223
1256
9246
1639
1344
41412
1278
8953
3607
3435
21966
1058
1429
1784
6255
1395
1317
7645
2654
7980
1289
2516
1455
1278
4556
1307
1284
8897
3755
3605
1289
3755
8623
1394
1747
1623
1395
80884
2613
1032
1267
1256
25298
1494
1402
1455
2000
1102
4790
15277
17783
1395
6493
1435
1278
11835
2136
1747
22344
1307
1278
1364
4845
1042
1307
10314
25980
1044
1809
1278
8953
3607
8223
6705
1063
3501
1044
1494
8223
6705
1338
1256
17048
2156
1681
1261
6347
1058
1429
4393
2258
3549
1294
1278
8404
1044
2246
5954
1395
6493
1435
1278
8905
5954
1307
2258
10314
1294
1455
3549
2613
2409
1395
1261
12270
1046
1429
1102
4790
1044
1404
1041
1395
6493
1435
1278
11835
4171
3549
5954
1562
29268
2460
1317
29268
1404
2613
4493
1284
4790
15277
1041
1376
2365
2136
1747
22344
1562
2460
1317
1404
1307
1319
5914
10314
5954
1408
3549
1577
5646
1681
5990
8039
2753
1338
1256
12211
2168
3336
1032
1050
5628
1032
1052
1063
9246
1681
6613
1278
4832
1317
1402
1032
1052
1046
3367
1278
11835
4556
1395
1032
1052
1044
2430
1278
2342
3039
1395
1693
1284
1040
1049
1044
1050
8429
1050
1321
1284
1040
1049
1044
1051
8429
1050
1063
3626
1284
1040
1049
1044
1051
1041
1395
11904
1032
1049
5059
3236
10314
1046
62079
1278
8404
1395
25217
2801
1063
4396
4146
1058
1319
1049
1044
1050
1044
1053
1574
1319
1050
1044
1051
1044
1050
1574
1319
1049
1044
1051
1044
1049
1577
4493
1032
1049
1045
1051
10314
5954
1032
1049
1046
1284
1040
1049
1044
1051
1041
4016
1402
1032
1049
1338
1256
17048
1278
14170
2000
1097
1096
1321
2000
1098
1096
1584
1605
26279
1536
4891
1623
1044
1809
1729
1736
1317
2210
1747
6689
1307
2000
1097
1096
1321
2000
1098
7273
1321
13162
2000
1097
1096
1321
2000
1098
1096
1584
111950
3083
1044
1809
1729
10217
2424
1294
2269
2147
3039
1063
3501
1338
1256
32844
1058
25298
1494
1402
1455
1278
4127
7442
17000
1650
1317
33945
1278
4556
1307
3549
25980
2478
1278
3549
5954
1395
1278
1364
4845
1042
1307
20978
1044
1809
1278
8953
3607
1934
1261
27223
1063
3626
1278
8953
3607
8223
6705
1044
1321
11277
1032
1049
1044
1051
1044
1052
1044
1053
1044
1054
1044
1055
1747
4395
1278
8039
2753
19190
22809
1046
17108
1032
1050
1395
1278
2342
1925
1455
6354
2405
4395
1693
1729
2210
8039
2753
1044
1809
13162
1362
5711
4526
92052
3336
1032
1050
1681
6878
4848
1063
9246
1681
6716
33295
3336
1032
1050
1454
8039
2753
1809
13162
1362
1736
1278
14170
130972
1063
2000
1097
18359
1049
1044
1049
3605
1289
18359
1050
1044
1051
1093
9816
3367
1278
4832
1395
1032
1052
1044
13162
1278
20490
1395
14006
1317
1402
2000
1097
1091
1048
39261
1454
2000
1098
1091
1048
39261
1321
2000
1097
1091
1049
39261
1454
2000
1098
1091
1049
39261
2453
2269
4811
77806
1063
3626
1429
71377
2654
7980
1289
1034
4938
1729
1710
1344
3570
1289
89533
1338
1256
5675
1693
1278
4127
1395
1058
1729
1736
1317
7645
2654
2000
1098
7273
1321
2430
1278
4556
1395
2000
1102
8897
1091
1048
3605
1289
1091
71377
1091
1048
1093
8623
1867
1284
8897
1091
1049
3605
1289
1091
71377
1091
1049
1093
8623
7273
1809
13162
2000
1097
1096
1395
2095
7645
7239
1063
3501
1338
1256
9246
1639
4206
1693
2156
1681
2258
2147
19190
1058
1429
1102
4790
1044
1404
1041
1395
6493
1435
1278
11835
4171
3549
5954
1562
29268
2460
1317
29268
1404
2613
17048
3549
5954
1395
4556
1307
25980
1044
1321
1278
1429
62437
5954
1307
2258
10314
1034
1395
2586
1261
15989
1063
3626
1278
8953
3607
8223
1058
1429
4393
2258
3549
1294
1278
8404
1044
2246
5954
1395
6493
1435
1278
8905
5954
1307
2258
10314
1294
1455
3549
2613
5646
1681
1261
6133
12270
1338
1256
17048
1278
2688
2937
1032
1050
1294
2000
6390
1096
1395
7442
2000
3107
1032
1051
1096
1321
1278
8953
3607
2000
3107
1032
1051
1096
1395
6298
1044
1321
1278
2000
6390
1096
2254
1934
1261
96948
1063
3626
1278
16925
24215
8223
1429
24151
16424
70914
84674
14671
48761
1083
2613
1321
6122
2000
8723
15605
124715
2351
1032
1052
9816
1362
4016
34301
1278
9458
1435
4265
1046
3367
1362
3180
1494
1850
1032
1051
1044
1494
2084
7195
2688
1032
1050
1046
1362
2534
1317
1850
1032
1052
1338
1256
3075
1710
1278
4832
1402
1032
1052
1063
9246
1639
1063
9246
2342
13162
13162
5250
1693
1307
1058
17048
28874
1046
1049
1010
12598
1058
1394
1267
12082
4171
1278
1267
33703
3109
1338
1053
98879
1049
1046
1362
1338
1050
1338
1057
1338
11745
1626
1050
3109
1626
77360
22539
1338
1049
18595
30782
13554
1338
101173
1626
1784
100037
1626
1057
18595
1784
11
1010
10
3263
1267
16994
4607
6983
9700
1278
9458
1046
9380
1681
1278
3880
1877
1032
8933
92367
82524
1086
1102
41360
47909
28674
8261
1897
3110
1032
1054
1053
1010
1293
6852
15605
1040
1051
1044
31008
1049
1044
1032
1050
1044
1032
1053
1574
1319
1050
1044
1032
1051
1044
1032
1050
1574
1319
1049
1044
1032
1051
1044
1032
1049
50673
1766
1049
1044
1032
1049
3605
1766
1050
1044
1032
1051
8623
2351
1032
1052
1010
32457
8082
127578
4328
35305
4507
1058
1457
84209
3120
1605
4395
2258
14129
107357
3178
89644
2892
75956
1419
1044
1593
1395
2143
6255
1058
18228
1278
3629
2254
21734
1321
8953
3607
1044
10886
5687
1278
2254
5055
1321
2764
1747
1278
9458
1046
1603
24151
16424
70914
84674
14671
48761
1083
25461
4568
2715
30711
1278
3475
1636
13330
1294
1261
1335
107485
3475
4950
1319
3038
44642
1041
1319
43880
2084
80858
1278
4618
7389
1041
11
1010
10
1503
19464
1010
12
13
11
1010
10
3263
1267
16994
4607
6983
9700
1278
9458
1046
9380
1681
1278
3880
1877
17595
3581
1319
5943
8531
3690
3804
3640
1032
8933
92367
1051
1104
1120
47430
1054
1113
21988
1119
8261
1897
3110
1032
1054
1053
1044
1294
1534
13655
1561
1293
4206
45525
128857
9596
80104
1456
1032
8933
92367
1051
1104
1120
47430
1054
1113
21988
1119
8261
1897
3110
1032
1051
1048
1044
1294
4206
1010
1293
6852
15605
1040
1052
1044
31008
1049
1044
1032
1051
1044
1032
1050
1574
1319
1051
1044
1032
1052
1044
1032
1049
1574
1319
1050
1044
1032
1052
1044
1032
1053
1574
1319
1049
1044
1032
1052
1044
1032
1052
50673
1766
1049
1044
1032
1049
1044
1032
1051
3605
1766
1052
1044
1032
1052
1044
1032
1050
8623
2351
1032
1056
1010
6367
12032
48697
48697
48697
48697
48697
48697
48697
48697
48697
48697
48697
48697
48697
48697
48697
48697
48697
48697
48697
48697
48697
48697
48697
48697
48697
48697
48697
48697
48697
48697
48697
48697
48697
48697
48697
48697
48697
48697
48697
48697
48697
48697
1010
31929
1292
4507
89644
2892
75956
1419
1044
1593
1395
2143
6255
1058
18228
1278
3629
2254
21734
1321
8953
3607
1044
10886
5687
1278
2254
5055
1321
2764
1747
1278
9458
1046
1603
24151
16424
70914
84674
14671
48761
1083
25461
4568
2715
30711
1278
3475
1636
13330
1294
1261
1335
107485
3475
4950
1319
3038
44642
1041
1319
43880
2084
80858
1278
4618
7389
1041
11
1010
10
1503
19464
1010
12
1010
12
4268
2534
1317
5687
1278
2254
2000
2422
128857
9596
80104
1096
1455
22405
1747
2688
5443
1046
1531
3330
8265
1880
8520
1454
107357
1321
57500
10957
1046
2837
2534
1317
5234
1261
6298
11708
3746
1261
4249
3475
4950
1338
12598
1681
5048
1278
4127
2790
1338
51414
3067
1621
1877
1045
23627
1261
6165
8822
1673
58636
8404
1454
1308
36281
1044
20978
1319
1117
42129
74622
1577
1032
1010
1045
10638
14170
1261
1321
1289
1307
2879
5592
1626
1045
2898
2258
3549
1044
5954
1376
6705
10314
5954
1294
3549
1626
1045
1284
4790
15277
1041
1376
11835
4171
3549
5954
1562
2460
1317
1404
1319
1105
4185
3109
8039
2753
3549
5954
4342
1045
2837
2534
1317
7645
2654
7980
1289
2516
1455
4556
1307
1284
8897
3755
3605
1289
3755
8623
1395
80884
1626
1045
12162
1455
11835
4556
1338
4268
1736
2688
5443
1046
37285
1317
11811
2948
11708
22405
1747
1338
12598
1681
26812
2688
5443
1317
98931
1278
6298
5125
1338
10107
1044
26938
1455
8039
2753
3549
5954
2396
2295
13390
1294
1420
1673
58636
8404
33197
1278
8039
2753
10314
1408
1278
8877
3549
1294
2258
75901
3434
8594
21864
1319
1077
3074
1577
49032
1044
1278
8039
2753
3549
2396
2258
2295
13390
1395
4265
1536
1278
8905
10314
5954
1408
1278
3549
2396
2424
1294
1278
1373
3074
1319
1391
1729
4069
1373
3074
1455
124690
1278
8905
10314
1063
49032
1044
1394
8039
2753
3549
1044
2258
1373
3074
2084
5628
1278
8039
2753
3549
5954
2396
2258
10217
1058
1278
8039
2753
3549
1294
4618
8404
33197
1278
8905
10314
1408
1278
1373
3074
3549
1046
13830
1338
8032
11857
9578
1877
1049
1046
16143
1373
3074
1307
1278
8404
1319
4125
13539
52248
1505
14638
1577
27111
1395
8822
1044
1308
36281
1044
20978
2951
1626
1050
1046
2898
2258
10217
1319
1120
15277
1574
1284
4790
15277
1041
1376
8905
10314
5954
1408
1278
3549
2396
2460
1321
1404
1294
1278
1373
3074
1626
1051
1046
2837
1736
14170
1261
1321
1289
1307
5592
1283
1046
2837
1710
7645
2654
1289
89533
1046
4493
1729
2534
1317
3081
1261
128445
1491
1319
20957
1302
1041
2396
1261
1321
1289
1455
124690
4556
1307
1284
8897
13755
1044
1289
1746
71377
6534
12679
4342
1052
1046
9748
1283
1395
3709
1294
2688
5443
1319
13418
1115
2015
1317
13162
1032
1054
1505
1032
1049
1050
1063
49032
2688
1032
1052
1934
5592
1032
1054
1044
2688
1032
1056
5592
1032
1053
1044
2688
1032
1049
1048
5592
1032
1051
1044
2688
1032
1049
1050
5592
1032
1051
1577
3626
1729
2534
1261
4352
5097
1046
1531
2782
1307
96478
1283
1033
2481
1402
2015
1317
13162
1032
1054
1033
1376
1032
1055
1050
1048
1044
1799
1395
7771
1046
3626
2688
1032
1052
1934
1308
1061
1049
1050
1044
5592
1032
1054
1046
4493
92098
6613
2136
1747
96478
1307
1289
1395
24489
1394
1283
9120
13162
1032
1049
1048
1046
3886
1044
1317
1402
12663
1044
1729
2481
5687
49169
11857
1394
26181
4127
1046
3626
1283
1395
3709
1059
1729
1710
2586
2210
130173
32371
15124
1795
1338
3890
25052
1058
1531
14170
1261
1321
1289
2188
1736
28767
36281
1046
5646
1681
7771
1059
1729
2586
4395
26524
1338
12082
1044
24002
1284
4790
15277
1041
1394
1747
6618
17684
1046
9748
1308
2481
1402
2015
1317
13162
1032
1049
1053
1063
2688
1032
1052
1308
1061
1049
1050
1044
2688
1032
1056
1308
1061
1049
1048
1046
4493
1729
1710
24002
1747
4595
7432
8039
2753
29145
1408
1278
1373
3074
1046
9748
1373
3074
1934
1308
1045
1049
20978
1044
1729
1710
1653
1398
21313
18392
21313
1562
2744
6194
1317
24002
6705
10314
1317
1747
2147
13390
1046
3247
2210
57314
12340
30577
1599
12355
43544
1058
2517
3755
5371
1106
1093
1376
2365
2136
1409
1307
6705
109181
3755
5371
1107
3605
2517
24321
5371
1106
8623
1809
1455
1681
1394
8039
2753
1046
5511
24396
1058
2453
7654
1373
3074
1319
1288
97140
3253
2951
1454
25980
1574
3160
113835
1562
2744
5211
1317
24002
6705
10314
5954
1317
1747
2147
13390
1338
50473
1294
3475
2100
1045
44576
1308
1044
20978
1044
1261
1044
1289
1626
1045
16143
1373
3074
1058
5186
20978
1536
5954
1044
2210
33550
1085
1317
2229
20978
4570
1729
1736
1308
1045
1049
20978
1046
40659
97140
3253
2951
1394
1373
3074
1626
1045
2898
2744
29268
1562
1032
1049
1317
1308
1044
3160
113835
1317
24002
6705
74387
1091
14050
5371
17679
1093
1376
11835
4171
3549
5954
1319
2422
1329
2753
1577
49032
1044
1408
9917
1044
1278
8877
3549
1681
6705
10314
1395
1278
8039
2753
1046
4493
113835
1562
5211
1044
5807
6933
1307
3519
6705
10314
1046
4925
36003
15745
1044
1875
24514
1376
6705
26451
24514
1044
10314
53347
1577
21201
1626
1045
9032
1729
1736
1261
4362
8708
4362
3755
5371
1106
1093
1376
1284
8897
3755
3605
1289
13872
1093
4342
1045
2837
2534
1317
7645
2654
1289
1317
33945
4556
4362
3755
5371
71377
6534
46544
9748
5592
1283
1376
9027
8897
1041
1376
9027
9297
1577
2837
1710
10616
1747
96478
1307
4521
5239
1041
1321
24002
4556
1044
4069
2365
1626
1045
12162
2365
4556
1338
12598
1681
2688
1454
4265
11277
1338
20396
1032
1049
1058
1308
1061
1052
1044
20978
1435
4265
1044
1261
18359
1049
1044
1049
1044
1051
3605
1289
18359
1052
1044
1052
1044
1050
3077
9966
9781
20152
13077
7867
2365
4556
1032
1056
1046
7637
64629
1032
1056
1338
20396
1032
1050
1058
1308
1061
1051
1044
20978
31008
1049
1044
1050
1044
1053
62210
1050
1044
1051
1044
1050
62210
1049
1044
1051
1044
1049
50673
1261
18359
1049
1044
1049
3605
1289
18359
1050
1044
1051
3077
1373
3074
1058
20978
25585
1058
1319
1049
1044
1051
1044
1049
1574
1319
1050
1044
1051
1044
1050
1577
1373
3074
1934
20978
1032
1049
1045
1051
1319
1049
1574
1032
1050
1045
1051
1319
1050
1577
17669
1032
1049
1045
1050
1058
1032
1049
1045
1051
1045
1050
6705
1040
1049
1044
1050
8429
1050
1046
1284
1040
1049
1044
1050
8429
1050
1046
1284
1040
1049
1044
1051
8429
1049
1046
1261
18359
1049
1044
1049
3605
1289
18359
1050
1044
1051
3077
34962
78990
1307
1289
1058
1766
1050
1044
1051
1093
4906
1284
1040
1049
1044
1050
15312
1102
1040
1049
1044
1051
8429
1050
1043
1049
1061
1051
1046
1766
1051
1044
1050
1093
4906
1284
1040
1049
1044
1051
15312
1102
1040
1049
1044
1050
8429
1049
1043
1050
1061
1051
1046
5101
4556
1376
1032
1051
1046
3626
2688
64629
1032
1052
1033
32844
1044
2688
2937
1032
1050
6852
15605
124715
2351
1032
1052
1046
3626
2948
22028
10177
1032
1051
1046
35032
1681
2490
1338
12598
1681
1344
41412
2688
2937
1032
1050
1562
1278
16925
1058
1032
1010
2640
1035
7637
2937
1032
1050
1010
8723
15605
1040
1051
1044
31008
1049
1044
1032
1050
1044
1032
1053
1574
1319
1050
1044
1032
1051
1044
1032
1050
1574
1319
1049
1044
1032
1051
1044
1032
1049
50673
1766
1049
1044
1032
1049
3605
1766
1050
1044
1032
1051
8623
2351
1032
1052
1010
2640
3890
8953
3607
3336
8223
2000
35209
33945
9596
80104
1040
1051
1044
31008
1049
1044
1032
1050
1044
1032
1053
1574
1319
1050
1044
1032
1051
1044
1032
1050
1574
1319
1049
1044
1032
1051
1044
1032
1049
50673
1766
1049
1044
1032
1049
3605
1766
1050
1044
1032
1051
8623
2351
1032
1051
9816
1531
16925
8223
1429
24151
16424
70914
84674
14671
48761
1083
2613
4493
1729
4016
3180
1278
2254
1850
1032
1052
1394
1455
4292
1046
3626
2606
1063
17048
2036
9705
1307
1284
4790
15277
1041
1395
8462
1063
9246
1681
1344
41412
1278
4127
10674
21966
1338
1034
36296
1261
6165
8822
1673
58636
8404
1454
1308
36281
1321
20978
1319
5383
2744
10314
1395
1319
1117
1044
1330
1044
1285
1041
10138
36281
1333
1321
1330
1584
8822
1454
5954
1285
1574
1321
2295
14170
1261
1321
1289
1307
1278
2879
5592
1044
3081
1278
11835
4171
4556
1307
3549
25980
1338
4393
2258
3549
1294
1278
8404
1044
2246
5954
1395
6493
1435
1278
8905
5954
1307
2258
10314
1294
1455
3549
1626
1102
4790
1044
1404
1041
1395
6493
1435
1278
11835
4171
3549
5954
1562
29268
2460
1317
29268
1404
1338
1784
6255
1395
1317
7645
2654
7980
1289
2516
1455
1278
4556
1307
1284
8897
3755
3605
1289
3755
8623
1394
1747
1623
1395
80884
4043
28191
1058
1429
94848
4171
3549
5954
1562
29268
2460
1317
29268
1404
2613
17669
5954
1395
6705
10314
5954
1046
4493
1284
4790
15277
1041
1395
2365
2136
1747
22344
1307
6705
10314
5954
1046
5646
1681
2549
1362
2434
1338
3890
2688
2937
1032
1050
64629
1032
1052
1046
9246
1681
24002
1747
22344
1562
1032
1049
1317
1032
1050
1321
1032
1049
1317
1032
1051
1294
1278
8404
1454
20978
1319
1049
1044
1050
1044
1053
1574
1319
1050
1044
1051
1044
1050
1574
1319
1049
1044
1051
1044
1049
2519
49213
1562
1032
1049
1317
1032
1050
1877
1045
11251
1058
1032
1049
1045
1050
1044
6705
1061
1053
1626
1045
1032
1049
1045
1051
1045
1050
1058
20978
1032
1049
1321
1032
1050
1044
6705
1061
1050
1626
8032
2365
6705
1376
1032
1050
1046
4493
1284
1040
1049
1044
1050
8429
1050
1338
49213
1562
1032
1049
1317
1032
1051
1877
1045
11251
1058
1032
1049
1045
1051
1044
6705
1061
1049
1626
1045
1032
1049
1045
1050
1045
1051
1058
20978
1032
1053
1321
1032
1050
1044
6705
1061
1053
1626
13228
6705
1376
1032
1049
1046
4493
1284
1040
1049
1044
1051
8429
1049
1338
12082
1261
18359
1049
1044
1049
3605
1289
18359
1050
1044
1051
3077
2837
2534
1317
7645
2654
1289
1046
10638
96478
1877
1045
1289
7645
7239
1435
1766
1050
1044
1051
15558
4556
1376
1284
1040
1049
1044
1050
1041
1867
1284
1040
1049
1044
1051
1041
1376
1032
1050
1867
1032
1049
1376
1032
1051
1626
1045
1289
7645
7239
1435
1766
1051
1044
1050
15558
4556
1376
1284
1040
1049
1044
1051
1041
1867
1284
1040
1049
1044
1050
1041
1376
1032
1049
1867
1032
1050
1376
1032
1051
1626
13228
4556
1376
1032
1051
1046
3626
2688
8223
1032
1052
1046
12211
2634
33703
1278
14170
1261
1321
1289
1584
1605
26279
1536
4891
2453
7645
26717
1289
1063
1429
71377
2654
7980
1289
2516
1455
1278
4556
1307
1284
8897
3755
3605
1289
3755
8623
1394
1747
1623
1395
80884
2613
5646
1681
2549
1729
2697
1338
33703
1278
8404
1395
15179
1063
1429
58964
8822
1673
58636
8404
7223
33703
1278
36281
1584
1032
1049
37601
1286
1044
1809
1455
1681
7771
1338
33703
1362
5711
2633
2688
2937
1032
1050
1058
2000
1099
52143
1040
1051
1044
31008
1049
1044
1032
1050
1044
1032
1053
1574
1319
1050
1044
1032
6420
1059
2878
1681
4206
1278
7092
2951
1058
2000
33669
1049
1044
1032
1050
1044
1032
1053
1574
1319
1050
1044
1032
1051
1044
1032
1050
1574
1319
1049
1044
1032
1051
1044
1032
1049
19322
9816
13830
1338
39379
1494
1402
1455
1261
1321
1289
1584
7645
7239
1809
1729
6560
4036
1278
3542
1307
1261
1063
5646
1681
2549
1729
2697
1338
33703
1278
4127
64629
1650
1317
4395
1261
3755
1093
1317
1289
3755
1093
2453
7645
26717
1289
1044
1809
13162
1261
1395
2095
7645
7239
1063
3501
1338
33703
1284
4790
15277
1041
1395
6493
1435
1278
11835
4171
3549
5954
1044
1809
3549
5954
1395
4556
1307
20978
1063
9246
1681
2688
1455
1058
1693
3549
5954
1395
4556
1044
2430
1284
1040
1049
1044
1050
1041
1376
2365
3549
4556
1058
3236
1032
1053
1044
1505
1032
1049
1045
1051
1045
1050
1376
1032
1049
1043
1050
1061
1051
1044
1878
1284
1040
1049
1044
1050
8429
1051
1046
1284
1040
1049
1044
1051
8429
1049
1046
6830
62503
1058
1032
1051
1043
1049
1061
1052
1044
1032
1049
1043
1051
1061
1052
1046
5646
10177
1032
1052
1033
21005
1044
1693
3549
5954
1395
4556
1307
10314
25980
1044
2430
1284
1040
1049
1044
1050
8429
1051
1044
1284
1040
1049
1044
1051
8429
1049
1044
4556
1061
1052
1046
3626
1278
8953
3607
8223
1058
1429
4393
2258
3549
1294
1278
8404
1044
2246
5954
1395
6493
1435
1278
8905
5954
1307
2258
10314
1294
1455
3549
2613
5646
1681
14960
1046
3886
1044
1278
2688
2937
1032
1050
64629
1032
1052
1044
1799
14175
1278
4556
19190
1044
1605
1278
6705
19190
1046
3626
3336
1032
1049
1058
1308
1061
1052
1044
20978
31008
1049
1044
1051
1044
1050
62210
1051
1044
1052
1044
1049
62210
1050
1044
1052
1044
1053
62210
1049
1044
1052
1044
1052
50673
1261
18359
1049
1044
1049
1044
1051
3605
1289
18359
1052
1044
1052
1044
1050
3077
3367
3549
5954
1395
6705
1058
1729
21564
2365
4556
1032
1056
1044
1799
14175
2688
1032
1049
4848
1032
1056
1046
3367
3549
5954
1395
4556
1044
2878
1681
24002
1058
22344
1562
1032
1049
1317
1032
1052
1058
3236
1032
1052
1044
1505
1032
1049
1045
1051
1045
1052
1376
1032
1050
1043
1049
1061
1051
1044
2365
4556
1061
1051
1046
1284
1040
1049
1044
1052
8429
1051
1046
1284
1040
1049
1044
1050
4244
22344
1058
1032
1049
1045
1052
1045
1050
1376
1032
1052
1043
1053
1061
1057
1044
1032
1049
1045
1051
1045
1052
1045
1050
1376
1032
1050
1043
1049
1043
1053
1061
1056
1044
3236
11518
1046
2365
4556
1061
1056
1063
49032
1032
1049
1045
1051
1045
1052
1045
1050
4556
1061
1056
1046
1284
1040
1051
1044
1050
4244
1032
1051
1045
1052
1045
1050
4556
1061
1049
1043
1053
1061
1054
1046
6830
1261
18359
1049
1044
1049
1044
1051
3605
1289
18359
1052
1044
1052
1044
1050
3077
34962
78990
1058
2534
2365
4556
1046
9246
1681
1605
1974
2156
1044
1809
2688
1032
1049
4848
1032
1056
14175
6705
19190
1046
17108
1032
1051
1058
1308
1061
1053
1044
20978
1454
4329
25980
1044
1261
18359
1051
1044
1049
3605
1289
18359
1053
1044
1050
3077
3367
6705
1058
1729
4884
1032
1049
1049
1048
1056
1050
1052
1054
1054
1051
1055
1799
14175
2688
1032
1051
1046
3367
4556
1058
2168
1402
2801
1046
17108
1032
1052
1058
1747
20978
1032
1049
1101
1057
1044
6705
1321
4556
2960
5628
1032
1049
1101
1057
1651
3549
1044
4556
1032
1054
1101
1057
14175
2688
1032
1052
1046
17108
1032
1053
1058
1729
21564
2365
4556
1032
1057
1053
1049
1056
1050
1053
1048
1054
1054
1454
6705
19190
1044
14175
2688
1032
1053
1046
17108
1032
1054
1058
1032
1056
1054
1054
1049
1055
1051
1056
1052
1052
14175
6705
1046
17108
1032
1055
1058
1032
1055
1052
1049
1055
1054
1053
1050
1057
1049
14175
6705
1046
17108
1032
1056
1058
1032
1050
1055
1052
1053
1048
1052
1049
1049
1056
1048
14175
6705
1046
17108
1032
1057
1058
1032
1056
1051
1057
1054
1056
1051
1052
1052
1052
14175
6705
1046
17108
1032
1049
1048
1058
1032
1050
1048
1048
1051
1056
1050
1049
1048
1049
1056
14175
6705
1046
17108
1032
1049
1049
1058
1032
1051
1056
1056
1057
1051
1051
1051
1054
1057
14175
6705
1319
36864
10314
1577
17108
1032
1049
1050
1058
1032
1049
1056
1049
1055
1048
1050
1052
1052
1056
1051
14175
6705
1338
8032
2342
2688
2937
1032
1050
35714
1058
6705
19190
10177
1032
1051
1044
1809
2688
64629
1032
1052
1046
10852
19190
10177
1032
1052
1394
2688
1032
1050
1044
1809
2168
4323
2688
1032
1049
1319
11018
64629
1032
1056
2425
6705
1044
1809
2425
4556
2168
1494
5628
1032
1056
1063
9246
1681
2688
4556
1394
2688
1032
1049
1058
1308
1061
1052
1044
20978
1435
3066
1046
1261
18359
1049
1044
1049
1044
1051
3605
1289
18359
1052
1044
1052
1044
1050
3077
13225
4556
1058
24002
1284
1040
1049
1044
1052
4244
2365
3549
4556
1046
17669
1115
1058
1032
1049
1045
1052
3236
5954
1032
1052
1046
1032
1049
1045
1051
1045
1052
4556
1061
1050
1043
1049
1061
1051
1046
4493
1284
1040
1049
1044
1052
8429
1051
1046
1284
1040
1049
1044
1050
4244
22344
1058
1032
1049
1045
1052
1045
1050
4556
1061
1052
1043
1053
1061
1057
1059
1032
1049
1045
1051
1045
1052
1045
1050
4556
1061
1050
1043
1049
1043
1053
1061
1056
1059
1032
1049
1045
1063
2258
2147
1063
4493
1284
1040
1049
1044
1050
8429
1056
1046
1284
1040
1051
1044
1050
4244
22344
1058
1032
1051
1045
1052
1045
1050
4556
1061
1049
1043
1053
1061
1054
1059
1032
1051
1045
1049
1045
1052
1045
1050
4556
1061
1050
1043
1052
1043
1053
1061
1049
1049
1059
1878
1284
1040
1051
1044
1050
8429
1054
1046
1261
18359
1049
1044
1049
1044
1051
3605
1289
18359
1052
1044
1052
1044
1050
3077
2837
2534
2365
4556
1307
1284
8897
3755
3605
1289
1091
71377
3755
20162
1577
9246
1681
24002
1747
96478
1307
1289
1319
13418
1032
1051
1044
1032
1054
1651
2943
1577
1289
4213
1058
1032
1052
1044
1052
1044
1050
1046
1261
4213
1058
1032
1049
1044
1049
1044
1051
1046
2837
2534
1317
4395
2295
1032
1049
1115
1321
1925
1032
1051
1317
2295
1032
1052
1115
1321
1925
1032
1050
1046
65851
1284
4213
1058
1284
1040
1049
1044
1052
8429
1051
1044
1284
1040
1049
1044
1050
8429
1056
1044
1284
1040
1051
1044
1052
8429
1063
1284
1040
1051
1044
1052
4244
3549
1032
1051
1045
1052
3236
1032
1049
1044
1505
1032
1051
1045
1049
1045
1052
4556
1061
1050
1043
1052
1061
1054
1044
2365
1061
1049
1046
1284
1040
1051
1044
1050
4244
1032
1054
1435
4455
1046
4493
4362
8708
1058
1261
1048
1040
1049
1041
1317
1289
1048
1040
1052
8429
1051
1044
1261
1048
1317
1289
1049
1040
1052
8429
1051
1044
1261
1048
1317
1289
1050
1040
1050
8429
1056
1046
1261
1050
1040
1051
1041
1317
1289
1048
1040
1052
8429
1049
1044
1261
1050
1317
1289
1049
1040
1052
8429
1049
1044
1261
1050
1317
1289
1050
1040
1050
8429
1054
1046
2837
2534
16426
2744
1261
1317
8877
1289
1046
9246
1681
3352
56466
1877
1045
1261
1048
1941
1098
1048
1040
1052
8429
1051
1044
1261
1049
1941
1098
1049
1040
1052
8429
1051
1044
1261
1050
1941
1098
1050
1040
1050
8429
1054
2297
4556
1061
1049
1050
1626
1045
1261
1048
1941
1098
1048
1040
1052
8429
1051
1044
1261
1049
1941
1098
1050
1040
1050
8429
1056
1044
1261
1050
1941
1098
1049
1040
1052
8429
1049
2297
4556
1061
1049
1050
1626
1045
1261
1048
1941
1098
1050
1040
1050
8429
1056
1044
1261
1049
1941
1098
1048
1040
1052
8429
1051
1044
1261
1050
1941
1098
1049
1040
1052
8429
1049
2297
4556
1061
1049
1050
1626
1045
1261
1048
1941
1098
1050
1040
1050
8429
1056
1044
1261
1049
1941
1098
1049
1040
1052
8429
1051
1044
1261
1050
1941
1098
1048
1040
1052
8429
1049
2297
4556
1061
1049
1050
1626
1045
1261
1048
1941
1098
1048
1040
1052
8429
1051
1044
1261
1049
1941
1098
1049
1040
1052
8429
1051
1044
1261
1050
1941
1098
1050
1040
1050
8429
1054
2297
1032
1049
1050
1626
1045
1261
1048
1941
1098
1049
1040
1052
8429
1051
1044
1261
1049
1941
1098
1050
1040
1050
8429
1056
1044
1261
1050
1941
1098
1048
1040
1052
8429
1049
2297
1032
1049
1050
1626
4668
5628
1032
1049
1050
1063
32844
1044
13162
1729
1710
16426
1278
1032
1051
1317
1261
1032
1052
1321
1032
1049
1115
1317
1032
1052
1321
1032
1050
1046
9748
2295
1032
1049
1115
1321
2295
1032
1052
1115
1044
1278
1032
1051
4016
1974
1317
1925
1032
1052
1044
1278
1032
1049
1115
1317
1278
2147
1032
1052
1321
1032
1050
1046
10852
1376
1284
1040
1051
1044
1052
15312
1102
1040
1049
1044
1052
15312
1102
1040
1049
1044
1050
1041
1376
1032
1049
1043
1051
1043
1056
1061
1049
1050
1046
3247
1284
1040
1051
1044
1052
15312
1102
1040
1049
1044
1050
15312
1102
1040
1049
1044
1052
8429
2879
1046
3247
2481
1032
1051
1974
1317
1032
1050
1063
1284
1040
1051
1044
1050
8429
1054
1044
2430
1032
1049
1115
1317
1032
1052
1044
1052
1058
1032
1051
1043
1051
1061
1054
1044
3788
1032
1049
1050
1046
4493
2365
4556
1061
1049
1050
1046
3626
2688
1032
1049
64629
1032
1056
1046
4493
4556
19190
31322
2688
1032
1049
1046
8923
19190
10177
1032
1056
1394
2688
1032
1049
1044
1321
1032
1051
1394
2688
1032
1050
1044
1809
2688
1032
1050
64629
1032
1052
1046
4493
2156
1681
1261
60125
1338
33703
1362
5711
4526
92052
2688
1032
1050
2425
6705
1063
9246
1681
6716
33295
2688
1032
1050
6705
21966
1046
1308
1061
1051
1044
20978
1319
1049
1044
1050
1044
1053
1574
1319
1050
1044
1051
1044
1050
1574
1319
1049
1044
1051
1044
1049
1577
1373
3074
1058
20978
25585
1536
5954
1058
1319
1049
1044
1051
1044
1049
1574
1319
1050
1044
1051
1044
1050
1577
1373
3074
1934
20978
1032
1049
1045
1051
1319
1049
1574
1032
1050
1045
1051
1319
1050
1577
1284
1040
1049
1044
1050
4244
3549
1032
1049
1045
1051
1045
1050
1044
6705
10314
1376
6705
1040
1049
1044
1050
8429
1050
1046
1284
1040
1049
1044
1051
4244
3236
1032
1049
1046
1261
18359
1049
1044
1049
3605
1289
18359
1050
1044
1051
3077
34962
78990
1307
1289
1058
1766
1050
1044
1051
1093
4906
1284
1040
1049
1044
1050
15312
1102
1040
1049
1044
1051
8429
1050
1043
1049
1061
1051
1046
1766
1051
1044
1050
1093
4906
1284
1040
1049
1044
1051
15312
1102
1040
1049
1044
1050
8429
1049
1043
1050
1061
1051
1046
5101
4556
1061
1051
1046
3626
2688
8223
1032
1052
1046
25298
1494
1402
1455
1278
14170
1261
1321
1289
1584
1605
1307
2879
5592
1063
4159
1584
2960
5592
1032
1050
1046
17048
1278
4127
64629
1650
1317
4395
1261
3755
1093
1317
1289
3755
1093
2453
7645
26717
1289
1044
1809
13162
1261
1395
2095
7645
7239
1063
3501
1338
33703
1278
12270
1307
1284
4790
15277
1041
1395
1278
11835
4171
3549
5954
1044
1809
3549
5954
1395
6493
1435
1278
8905
5954
1307
2258
10314
1294
1455
3549
1044
1321
1284
4790
15277
1041
1395
1278
11835
4171
3549
5954
1562
2460
1317
1404
1046
5646
1681
2549
1729
2697
1338
28191
1058
13162
1278
8404
1395
15179
1063
1429
58964
8822
1673
58636
8404
1034
1462
1836
1338
33703
1278
36281
1584
1032
1048
37601
1286
1063
3501
1044
1032
1049
1317
1308
1338
33703
1362
5711
2633
2688
2937
1032
1050
1058
2000
8723
15605
1040
1051
1044
31008
1049
1044
1032
1050
1044
1032
1053
1574
1319
1050
1044
1032
1051
1044
1032
1050
1574
1319
1049
1044
1032
1051
1044
1032
1049
50673
1766
1049
1044
1032
1049
3605
1766
1050
1044
1032
1051
8623
2351
1032
1052
9816
25298
1494
1402
1455
1278
4832
1395
16106
1032
1052
3147
1307
2269
2147
5972
1063
9246
1681
3648
1058
13162
1729
1584
1605
8807
1317
7645
2654
1289
89533
1059
13162
1729
1710
2342
13480
2981
10740
1505
4433
1063
3626
8953
3607
8223
1429
71377
2654
7980
1289
7223
33703
1278
14170
1261
1321
1289
1584
1307
1278
2879
5592
1044
1809
1729
1736
1317
2210
1747
6689
1044
1321
13162
1278
20490
1395
2396
1261
1321
1289
1435
111950
3083
1044
1809
1729
6560
4395
1261
1032
1049
1317
1289
1032
1051
3147
13162
1261
1321
1289
1584
14170
1321
1729
10217
1536
4891
2453
7645
26717
1289
1044
1809
13162
1278
77806
1395
7960
1317
1289
1044
1321
2430
1729
4556
1284
8897
3755
3605
1289
3755
8623
1394
1623
1562
1032
1049
1317
1283
1046
5646
1681
2549
1729
2697
1338
7493
1693
1284
4790
15277
1041
1395
6493
1435
1278
11835
4171
3549
5954
1044
1809
3549
5954
1395
1278
4556
1307
10314
25980
1044
1321
1278
1429
62437
5954
1307
2258
10314
1034
1395
2586
1261
6360
1307
4433
2849
1063
3626
1278
8953
3607
24215
8223
1058
1429
4393
2258
3549
1294
1278
8404
1044
2246
5954
1395
6493
1435
1278
8905
5954
1307
2258
10314
1294
1455
3549
2613
5646
1681
6133
1338
33703
2156
1681
1261
27223
1294
1278
2688
2937
1032
1050
45951
1063
3626
1278
16925
8223
1429
24151
16424
70914
84674
14671
48761
1083
2613
4493
1729
4016
2764
1278
9458
1435
4265
1046
3367
2688
1032
1050
64629
1032
1052
1044
1321
2948
6705
19190
10177
1032
1051
1044
1729
2534
1317
3081
1420
19190
1455
10177
1032
1052
1394
2688
1032
1050
1321
1032
1056
1394
2688
1032
1049
1044
6704
1046
9246
1681
2688
1693
2156
1681
3866
19190
1338
7493
1693
1284
4790
15277
1041
1395
1278
11835
4171
3549
5954
1044
1809
3549
5954
1395
6493
1435
1278
8905
5954
1307
2258
10314
1044
1321
1729
1584
1317
33945
4556
1307
1284
8897
3755
3605
1289
3755
8623
2453
7645
26717
1289
1044
1809
13162
1278
8404
1395
2516
1455
1729
3369
1747
22344
1044
1321
1284
4790
15277
1041
1395
1278
11835
2136
22344
1307
1278
8905
10314
5954
1044
1809
13162
1278
8404
1395
1605
10886
8822
1063
2157
8223
8822
1338
33703
1278
14170
1261
1321
1289
1584
7645
7239
1044
1809
1278
80751
1395
1284
8897
3755
3605
1289
1091
71377
6534
1041
8623
1321
1729
2933
1317
33945
4556
1044
1809
13162
1729
1710
2095
7645
2654
1261
1063
3501
1338
12598
1681
1344
41412
1278
8953
3607
3336
1032
1050
1058
2000
35209
33945
9596
80104
1040
1051
1044
31008
1049
1044
1032
1050
1044
1032
1053
1574
1319
1050
1044
1032
1051
1044
1032
1050
1574
1319
1049
1044
1032
1051
1044
1032
1049
50673
1766
1049
1044
1032
1049
3605
1766
1050
1044
1032
1051
8623
2351
1032
1051
1096
1462
7377
1044
1278
8953
3607
3336
8223
2000
3107
1032
1051
69524
9246
1639
4206
1278
16925
1681
8953
3607
2100
2640
1293
56431
33945
9596
80104
1040
1052
1044
31008
1049
1044
1032
1051
1044
1032
1050
1574
1319
1051
1044
1032
1052
1044
1032
1049
1574
1319
1050
1044
1032
1052
1044
1032
1053
1574
1319
1049
1044
1032
1052
1044
1032
1052
50673
1766
1049
1044
1032
1049
1044
1032
1051
3605
1766
1052
1044
1032
1052
1044
1032
1050
8791
1293
1032
1056
1010
1293
56431
33945
9596
80104
1040
1051
1044
31008
1049
1044
1032
1050
1044
1032
1053
1574
1319
1050
1044
1032
1051
1044
1032
1050
1574
1319
1049
1044
1032
1051
1044
1032
1049
50673
1766
1049
1044
1032
1049
3605
1766
1050
1044
1032
1051
8791
1293
1032
1051
1010
2731
37696
1033
1531
8953
3607
3336
1394
2688
2937
1032
1050
8223
2000
1051
7273
1605
2000
1052
9816
3626
1278
2000
6390
1096
2254
1934
2000
8723
15605
124715
2351
1032
1052
9816
1531
16925
8223
1058
1429
24151
16424
70914
84674
14671
48761
1083
2613
1321
6122
1278
4206
2254
1454
2000
3107
1032
1052
9816
2409
1395
1261
60125
1058
1278
8953
3607
8223
1032
1051
1044
1278
2688
8223
1032
1052
1046
27923
1925
2715
1729
2685
1063
1531
16925
8223
1058
1429
2892
75956
1419
1044
1593
1395
2143
6255
1058
18228
1278
3629
2254
21734
1321
8953
3607
1044
10886
5687
1278
2254
5055
1321
2764
1747
1278
9458
1046
1603
24151
16424
70914
84674
14671
48761
1083
11621
1034
3060
2430
1494
6122
1278
4206
2254
1454
2000
3107
1032
1052
9816
4493
1729
4016
3180
1278
2254
1850
1032
1052
1394
1455
4292
1317
2764
1278
9458
1046
3626
1278
8953
3607
3336
8223
1032
1051
1046
53815
1294
2516
99862
1044
1278
8953
3607
4139
1736
1261
96948
1044
1809
1278
9458
1584
1278
7161
13697
1046
1531
3330
24215
8223
1429
12107
1747
1278
9458
1034
1321
8222
1278
4206
2254
1454
2000
3107
1032
1052
9816
4493
1729
2534
1317
1850
1032
1052
1394
1455
4292
1338
7801
1710
1729
2012
1032
1052
1063
9246
1681
26812
2688
1032
1050
1454
1278
6705
19190
1809
13162
1362
1736
1278
8039
2753
8462
1046
5675
1693
1284
4790
15277
1041
1395
1278
11835
4171
3549
5954
1044
1809
3549
5954
1395
4556
1307
20978
1044
1321
1278
1429
62437
5954
1307
2258
10314
1034
1395
2586
1261
15989
2314
4433
2849
1063
3626
2688
1032
1049
10177
1032
1056
2425
6705
1044
1321
2425
4556
1729
4884
1032
1049
1050
1044
1878
1455
6354
2405
2196
1338
7493
1693
1278
4127
1395
1058
1729
1736
1317
7645
2654
1289
1044
1809
1278
4556
1395
1307
1284
8897
3755
3605
1289
3755
8623
2478
1284
1395
6493
1435
1278
11835
4171
3549
5954
1044
1809
3549
5954
1395
1278
8905
10314
5954
1044
12164
1729
1584
1317
3081
1278
11835
4171
4556
2136
1747
96478
1307
1289
1044
1398
5489
13162
1278
8404
1681
20978
1584
15179
1063
3501
1338
33703
1278
36281
1584
1032
1049
37601
1286
1044
1321
1278
14170
1261
1321
1289
4139
1736
4213
1455
1584
1605
36281
1063
4159
1584
29268
8091
1338
12598
1681
2134
43058
2688
1032
1050
1454
6705
1809
13162
1362
1736
1278
1373
3074
8462
1046
27111
1058
36281
1032
1049
1044
1050
1044
1051
1046
4396
4146
1058
1032
1049
1045
1050
5954
1032
1053
1044
1032
1050
1045
1051
5954
1032
1050
1044
1032
1049
1045
1051
5954
1032
1049
1046
2409
1395
1261
34216
1046
1531
8039
2753
3549
2396
1032
1049
1321
1032
1050
1058
22344
1584
1032
1049
1045
1050
1319
5914
1032
1053
1574
1032
1049
1045
1051
1045
1050
1319
5914
1040
1049
1044
1050
8429
1050
1577
4493
2365
6705
1376
1032
1050
1046
32389
1032
1049
1321
1032
1051
1058
22344
1032
1049
1045
1051
1319
5914
1032
1049
1574
1032
1049
1045
1050
1045
1051
1319
5914
1040
1053
1044
1050
8429
1053
1577
5101
6705
1376
1032
1049
1046
4493
1284
1040
1049
1044
1050
8429
1050
1044
1284
1040
1049
1044
1051
8429
1049
1046
1261
18359
1049
1044
1049
3605
1289
18359
1050
1044
1051
3077
34962
2654
1289
1058
1693
1289
11006
1766
1050
1044
1051
3605
4556
1376
1284
1040
1049
1044
1050
15312
1102
1040
1049
1044
1051
8429
1051
1046
3367
1289
11006
1766
1051
1044
1050
3605
4556
1376
1284
1040
1049
1044
1051
15312
1102
1040
1049
1044
1050
8429
1051
1046
4493
2365
4556
1061
1051
1046
3870
2012
1032
1052
1044
13162
1278
20490
1395
1605
5370
1058
13162
1729
4016
10217
1261
3755
1093
1454
1289
3755
1093
1294
1278
4618
3542
1044
1809
1729
1710
2342
7645
2654
1289
2516
1455
1278
4556
1395
80884
1044
1809
13162
1278
77806
1395
7960
1317
1289
1044
1321
2430
1729
4556
1284
8897
3755
3605
1289
3755
8623
1394
1623
1061
1049
1791
1109
1044
1809
13162
1261
1395
2095
7645
7239
1063
3501
1338
7493
1693
1278
4127
1395
1058
1729
1736
1317
7645
2654
1289
1044
1809
1278
4556
1395
2136
1623
1307
1284
8897
3755
3605
1289
1091
11005
6534
1041
8623
2478
63460
1395
1261
77806
1044
1809
13162
1278
14170
1261
1321
1289
1584
1307
2801
34749
1063
3501
1044
2879
5592
1338
33703
1278
12270
1307
1284
4790
15277
1041
1395
1278
11835
4171
3549
5954
1044
1809
3549
5954
1395
1278
4556
1307
10314
25980
1044
1321
1278
1429
62437
5954
1307
2258
10314
1034
1395
1261
4804
1853
7591
1505
5711
11815
1082
1063
3626
2688
1032
1049
1058
1693
3549
5954
1395
4556
1044
1729
4884
2365
4556
1032
1049
1050
1044
1809
2688
64629
1032
1056
1046
4493
1455
1681
1605
1494
1338
33703
1278
8404
1395
15179
1321
20978
1584
2342
1435
4265
1063
1429
58964
8822
1673
58636
8404
7223
33703
1362
5711
2633
2688
1032
1049
1058
2000
2422
128857
9596
80104
1040
1052
1044
31008
1049
1044
1032
1051
1044
1032
1050
1574
1319
1051
1044
1032
1052
1044
1032
1049
1574
1319
1050
1044
1032
1052
1044
1032
1053
1574
1319
1049
1044
1032
1052
1044
1032
1052
50673
1766
1049
1044
1032
1049
1044
1032
1051
3605
1766
1052
1044
1032
1052
1044
1032
1050
8623
2351
1032
1056
9816
2837
21564
6705
10177
1032
1056
1046
10852
10177
1032
1049
1050
1046
4493
6705
1395
6298
1394
2688
1032
1049
1338
4922
1032
1051
1058
2000
2422
128857
9596
80104
1040
1053
1044
31008
1049
1044
1032
1050
1044
1032
1055
1054
1057
1049
1055
1048
1051
1056
1055
1574
1319
1050
1044
1032
1051
1044
1032
1052
1049
1050
1052
1053
1054
1054
1049
1052
1574
1319
1049
1044
1032
1052
1044
1032
1051
1053
1053
1048
1056
1049
1054
1049
1049
1574
1319
1052
1044
1032
1053
1044
1032
1054
1057
1053
1055
1057
1048
1048
1050
1051
50673
1766
1051
1044
1032
1049
3605
1766
1053
1044
1032
1050
8623
2351
1032
1049
1049
1048
1056
1050
1052
1054
1054
1051
1055
9816
2837
21564
6705
10177
1032
1049
1049
1048
1056
1050
1052
1054
1054
1051
1055
1046
10852
2168
1402
2801
1338
4922
1032
1052
1058
1747
20978
1032
1049
1101
1057
1044
6705
1321
4556
2960
5628
1032
1054
1101
1057
1338
4922
1032
1053
1058
1729
21564
6705
10177
1032
1057
1053
1049
1056
1050
1053
1048
1054
1054
1044
14175
1338
4922
1032
1054
1058
6705
10177
1032
1056
1054
1054
1049
1055
1051
1056
1052
1052
1044
14175
1338
4922
1032
1055
1058
6705
10177
1032
1055
1052
1049
1055
1054
1053
1050
1057
1049
1044
14175
1338
4922
1032
1056
1058
6705
10177
1032
1050
1055
1052
1053
1048
1052
1049
1049
1056
1048
1044
14175
1338
4922
1032
1057
1058
6705
10177
1032
1056
1051
1057
1054
1056
1051
1052
1052
1052
1044
14175
1338
4922
1032
1049
1048
1058
6705
10177
1032
1050
1048
1048
1051
1056
1050
1049
1048
1049
1056
1044
14175
1338
4922
1032
1049
1049
1058
6705
10177
1032
1051
1056
1056
1057
1051
1051
1051
1054
1057
1044
14175
1338
4922
1032
1049
1050
1058
6705
10177
1032
1049
1056
1049
1055
1048
1050
1052
1052
1056
1051
1044
14175
1338
8032
2342
2688
1032
1050
1395
44521
1058
6705
10177
1032
1051
1044
2688
64629
1032
1052
1046
37865
3607
3336
8223
1032
1051
1046
3626
2688
8223
1032
1052
1046
1531
16925
8223
1429
24151
16424
70914
84674
14671
48761
1083
2613
4493
1729
4016
2764
1278
2688
1435
8360
1044
1623
4185
3109
1850
1032
1052
1394
1455
4292
1046
3075
1710
1729
12267
1455
2634
33703
2156
1681
1261
2801
19190
1307
1429
71377
2654
7980
1289
3871
25298
1494
1402
1455
1729
1710
7645
2654
1289
1044
1809
1278
4556
1395
1284
8897
3755
3605
1289
3755
8623
2478
1278
4891
1623
1395
2453
7645
26717
1289
1044
1809
13162
1261
1395
2095
7645
7239
1294
1278
2879
3039
1063
3501
1338
33703
1278
14170
1261
1321
1289
1584
1307
1278
2879
5592
1044
1809
1729
1584
1605
20490
1261
3755
1093
1317
1289
3755
1093
2453
77806
1059
13162
1729
1584
1317
3081
1261
77806
1307
1289
2516
1455
1278
4556
1307
1284
8897
3755
3605
1289
3755
8623
1395
80884
1044
1809
13162
1278
2254
1284
1395
7960
1317
1278
10217
1319
1097
3755
3605
1289
3755
8623
2478
1261
1321
1289
1584
6090
1435
10651
1044
1321
1729
1710
1344
3570
2960
1063
3501
1338
12598
1681
3346
1278
4127
10674
2790
1058
1429
1784
6255
1395
1317
7645
2654
7980
1289
2516
1455
1278
4556
1307
1284
8897
3755
3605
1289
3755
8623
1394
1747
1623
1395
80884
2613
2409
4938
1729
1710
1344
3570
1289
89533
1044
1321
2430
10217
1261
1091
1048
1093
1454
1875
1289
1091
1048
3605
1261
1091
1049
1093
1454
1875
1289
1091
1049
3605
6704
1046
5646
1681
2549
1729
2697
1338
33703
1278
8404
1934
1308
36281
1044
1809
1278
20978
2951
4139
1605
4626
1747
36281
1063
2157
8223
6165
8822
1673
58636
8404
1454
1308
36281
1321
20978
1046
4493
1747
36281
1032
1049
1791
1110
1584
2988
1044
1809
13162
2269
36281
1736
1836
20978
1063
2732
20299
24277
1747
1736
20978
1338
33703
1284
4790
15277
1041
1395
6493
1435
1278
11835
4171
3549
5954
1562
2460
1317
1404
1044
1809
3549
5954
1395
1278
8905
10314
5954
1044
12164
1729
1584
1317
3369
2342
6165
22344
1063
5646
1681
2549
1729
2697
1338
7493
1693
1278
14170
1261
1321
1289
1584
7645
7239
1044
1809
1729
1584
1605
8807
1317
4036
1278
3542
1307
1261
1044
1321
1729
4016
2210
1747
6689
1307
1289
1044
1809
13162
1289
1710
1402
7645
7239
13480
2981
1063
3501
1044
1429
71377
2654
1034
4938
2258
77806
1338
33703
2156
1681
1261
6347
1058
1278
14170
1261
1321
1289
4139
1736
28767
4213
1044
1321
13162
1278
20490
4016
1402
1261
1728
54644
1505
4433
1063
3501
1338
12598
1681
2688
1693
2156
1681
2258
2147
3039
1317
2012
1032
1052
1394
2688
1032
1050
1046
56586
1729
5711
45399
1286
1284
4790
15277
4244
13162
1284
4790
15277
1041
1395
1278
11835
4171
3549
5954
1044
1809
3549
5954
1395
1278
4556
1307
10314
25980
1044
1321
1278
1429
62437
5954
1307
2258
10314
1034
1395
2586
1261
6360
1307
1278
3549
5954
2254
1394
2269
2147
1805
1063
3626
2688
1032
1049
2168
2430
1402
1032
1049
1050
1044
1605
1032
1056
1338
7493
1693
1278
4127
1395
1058
1729
1736
1317
33945
1278
4556
1307
3549
25980
1044
2478
3549
5954
1395
1278
8905
10314
5954
1044
1809
1729
1584
8807
1317
12729
1278
22344
22272
1394
2744
10217
1044
1321
13162
1278
77806
1307
1289
1395
1605
2136
1747
1623
1044
1809
1729
1710
2095
12729
1799
1261
3755
1093
14175
1799
1289
13872
1093
1063
5646
1681
2549
1729
2697
1338
33703
1278
2688
2937
1032
1050
1294
1278
4206
2254
1395
7442
2000
3107
1032
1051
1096
1321
1278
3330
3214
1261
96948
2200
56009
1063
3626
1278
16925
8223
1058
1429
11745
1681
1278
3880
1058
8933
92367
82524
1086
1102
41360
47909
28674
8261
1897
3110
1032
1054
1053
6421
6852
15605
1040
1051
1044
31008
1049
1044
1032
1050
1044
1032
1053
1574
1319
1050
1044
1032
1051
1044
1032
1050
1574
1319
1049
1044
1032
1051
1044
1032
1049
50673
1766
1049
1044
1032
1049
3605
1766
1050
1044
1032
1051
8623
2351
1032
1052
3871
3060
2430
1429
2892
75956
1419
1044
1593
1395
2143
6255
1058
18228
1278
3629
2254
21734
1321
8953
3607
1044
10886
5687
1278
2254
5055
1321
2764
1747
1278
9458
1046
1603
24151
16424
70914
84674
14671
48761
1083
11621
1034
4493
1278
3330
1395
20963
1650
1455
2948
4607
6983
9700
3147
1307
1455
57500
1046
4159
2933
1650
1317
9470
3475
1455
22405
1747
9458
1435
4265
1046
4493
1729
4016
3180
1278
2254
1850
1032
1052
1394
1455
4292
1338
7801
1710
1729
3180
1494
1850
1032
1052
1063
9246
1681
3648
7805
1278
7616
1046
17048
1278
2254
1284
4790
15277
1041
1395
1605
1278
8039
2753
3549
1044
1809
4433
2849
1046
1429
4393
2258
3549
1294
1278
8404
1044
2246
5954
1395
6493
1435
1278
8905
5954
1307
2258
10314
1294
1455
3549
1046
1284
4790
1044
1404
1041
1395
6493
1435
1278
11835
4171
3549
5954
1562
29268
2460
1317
29268
1404
2613
5646
1681
6133
1338
33703
1278
8404
1395
1605
1278
1925
1729
3648
1059
13162
1278
20978
1584
1319
1117
42129
74622
1041
1454
1333
1534
1330
1044
1809
1278
8404
4139
1736
6245
20978
1063
1429
58964
1034
4938
1836
6245
20978
1044
1836
35341
1338
33703
1278
14170
1261
1321
1289
1584
1307
1278
2879
5592
1044
1809
1729
1584
1317
7645
2654
1289
1044
1321
2430
1278
4556
1395
1307
1284
8897
3755
3605
1289
3755
30717
1809
13162
1278
4891
1623
16896
1562
1032
1048
1044
1321
1278
14170
4139
1402
1032
1049
37601
1286
1063
3501
1338
7493
1693
1278
4127
64629
1650
1317
3081
1278
11835
4171
4556
1307
3549
25980
1044
1809
1278
3549
5954
1395
6493
1435
1278
8905
10314
5954
1044
1321
1284
4790
15277
1041
1395
1278
11835
4171
3549
5954
1044
1809
1729
1584
1317
33945
1278
4556
2453
7645
26717
1289
1044
1809
13162
1729
1710
2095
7645
2654
1261
1063
3501
1338
12598
1681
1344
11568
14176
2688
1032
1050
1454
1278
14541
1455
1278
1373
3074
5125
1395
8462
3147
1278
8404
4139
1736
1261
2801
8039
2753
3549
3964
1317
2269
5972
1046
32844
1044
1294
1261
8404
1044
1278
8039
2753
3549
2396
2295
13390
1395
16106
1278
11835
2136
1747
22344
1307
1278
8905
10314
5954
1046
2898
1278
34216
1454
20978
1032
1053
1044
1050
1044
1049
1044
1278
8039
2753
2396
1032
1049
1321
1032
1050
1395
1032
1050
1044
2396
1032
1049
1321
1032
1051
1395
1032
1049
1046
5646
1681
6298
1338
33703
1278
4127
1395
1455
1729
1736
1317
7645
2654
1289
1044
1809
1278
4556
1395
1307
1284
8897
3755
3605
1289
3755
8623
2478
1284
1395
6493
1435
1278
11835
4171
3549
5954
1044
1809
13162
1278
8404
1395
15179
1321
20978
1584
2342
1294
1925
6195
1063
1429
2042
58636
7223
33703
1278
36281
1584
1032
1048
37601
1286
1063
3367
36281
1584
1032
1048
1044
1049
1044
1050
1044
1809
20978
1584
4265
1435
1319
1049
1044
1050
1044
1053
1041
6704
1046
3501
1338
33703
1278
14170
1261
1321
1289
1584
1605
36281
1809
4433
2849
1063
1429
1097
1058
7610
7980
1307
29268
8091
1897
1429
1098
1058
10322
7980
1307
29268
8091
7223
39379
1494
1402
1455
1278
2688
2937
1032
1050
1934
1261
96948
1321
2715
1402
1032
1051
1063
3626
1278
16925
24215
6122
2000
3107
1032
1052
1096
1321
8223
1429
24151
16424
70914
84674
14671
48761
1083
2613
4493
1729
4016
60441
1338
12598
1681
6123
1394
1593
4127
9495
6628
1058
1429
2422
128857
9596
80104
1034
4139
1402
1562
1261
21863
15054
1046
1362
26938
1261
4127
2478
1636
1736
1317
4395
36281
1317
33945
4556
1307
8039
2753
29145
1044
1321
1278
5097
1395
1373
3074
1867
49169
1046
3626
1278
2688
2937
1032
1050
4139
1402
1261
4629
10314
2937
1046
17048
1362
5711
4526
92052
1278
2365
4556
1394
2688
1032
1050
2425
6705
1058
13162
1278
14170
1261
1321
1289
1584
1766
1049
1044
1049
1093
1321
1766
1050
1044
1051
3605
1809
13162
1729
6560
4395
1261
1032
1049
1317
1289
1032
1051
3147
1289
1091
1049
18652
1051
1321
1261
1091
1048
18652
1049
1044
1261
1091
1049
18652
1049
1044
1809
13162
1278
77806
4016
1402
1261
1728
54644
1063
3501
1338
7493
1693
1278
4127
1395
1058
1729
1736
1317
7645
2654
1289
1044
1809
1278
4556
1395
2136
1623
1307
1284
8897
3755
3605
1289
1091
11005
6534
1041
8623
2478
63460
1395
1261
77806
1044
1809
13162
1278
2254
1284
1395
1605
44942
1063
1429
1102
4790
1044
1404
1041
1395
6493
1435
1278
11835
4171
3549
5954
1562
29268
2460
1317
29268
1404
2613
1656
1673
58636
8404
1044
3549
5954
1395
44942
1044
1878
1284
4790
15277
8429
1102
16367
28075
1577
4493
1455
1681
7771
1338
33703
1278
8404
1934
1308
36281
1044
1809
1278
20978
2951
4139
1605
4626
1747
36281
1044
1321
2269
36281
1584
14995
1063
3626
1494
8223
8822
1338
33703
1278
2688
2937
1032
1050
64629
1032
1052
3147
1278
11835
4556
1395
12955
1536
1261
2801
20490
1455
1362
4525
1605
17209
1046
9246
1681
2951
1747
4171
4395
2187
2396
1261
18359
1049
1044
1049
1093
1321
1289
18359
1050
1044
1051
3077
1531
2342
4395
2187
1584
1319
1049
1941
1050
1044
1032
1049
1941
1051
1041
1321
1319
1049
1941
1051
1044
1032
1049
1941
1050
1577
12953
5628
4556
1032
1051
2425
6705
1046
3870
2012
1032
1052
1044
13162
1284
1040
1049
1044
1050
8429
1051
1321
1284
1040
1049
1044
1051
8429
1049
1063
5646
2168
4556
1317
1032
1052
1693
1729
4395
1032
1049
1941
1050
1321
1032
1049
1941
1051
1046
3626
1284
1040
1049
1044
1050
8429
1051
2168
4204
1278
8039
2753
3549
1562
1032
1049
1317
1032
1050
1395
1032
1051
1046
3075
2481
1455
1402
1063
3367
1278
3549
5954
1395
6493
1435
1278
8905
10314
5954
1044
1809
13162
1729
3369
2342
22344
1455
2607
2405
21788
36281
1063
24578
1032
1050
1046
3367
3549
5954
1395
4556
1044
1284
1040
1049
1044
1050
8429
1051
1319
19266
1032
1049
1045
1051
1045
1050
4556
1061
1051
1577
6830
1284
1040
1049
1044
1051
8429
1049
1046
10852
1061
1052
1046
3060
2688
1032
1049
2425
4556
7867
1032
1049
1050
1044
1809
13162
1362
5711
4526
92052
2688
1032
1049
4556
1063
9246
1681
6716
33295
2688
1032
1049
4556
21966
1338
4922
1032
1049
1058
1308
1061
1052
1044
20978
1058
1319
1049
1044
1051
1044
1050
1574
1319
1051
1044
1052
1044
1049
1574
1319
1050
1044
1052
1044
1053
1574
1319
1049
1044
1052
1044
1052
1577
1261
18359
1049
1044
1049
1044
1051
3605
1289
18359
1052
1044
1052
1044
1050
3077
3367
3549
5954
1395
4556
1307
20978
1044
24002
1284
4790
15277
1041
1376
2365
3549
4556
1626
22907
1058
1032
1049
1045
1051
1319
1050
1574
1032
1051
1045
1052
1319
1049
1574
1032
1050
1045
1052
1319
1053
1574
1032
1049
1045
1052
1319
1052
4342
49213
1562
1032
1049
1317
1032
1052
1058
3236
1032
1052
1059
1032
1049
1045
1051
1045
1052
4556
1061
1050
1043
1049
1061
1051
1046
4493
1284
1040
1049
1044
1052
8429
1051
1626
49213
1562
1032
1049
1317
1032
1050
1058
22344
1058
1032
1049
1045
1052
1045
1050
4556
1061
1052
1043
1053
1061
1057
1059
1032
1049
1045
1051
1045
1052
1045
1050
4556
1061
1050
1043
1049
1043
1053
1061
1056
1059
1032
1049
1045
1063
2258
2147
1063
4493
1284
1040
1049
1044
1050
8429
1056
1626
49213
1562
1032
1051
1317
1032
1050
1058
1032
1051
1045
1052
1045
1050
4556
1061
1049
1043
1053
1061
1054
1059
1032
1051
1045
1049
1045
1052
1045
1050
4556
1061
1050
1043
1052
1043
1053
1061
1049
1049
1059
1878
1284
1040
1051
1044
1050
8429
1054
1626
49213
1562
1032
1051
1317
1032
1052
1058
3236
1032
1049
1059
1032
1051
1045
1049
1045
1052
4556
1061
1050
1043
1052
1061
1054
1059
1878
1284
1040
1051
1044
1052
8429
1049
1626
12082
1261
18359
1049
1044
1049
1044
1051
3605
1289
18359
1052
1044
1052
1044
1050
3077
2837
2534
1317
4395
2295
1032
1049
1115
1321
1925
1032
1051
1317
2295
1032
1052
1115
1321
1925
1032
1050
1046
23987
8708
1058
1284
1040
1049
1044
1052
8429
1051
1044
1284
1040
1049
1044
1050
8429
1056
1044
1284
1040
1051
1044
1052
8429
1049
1044
1284
1040
1051
1044
1050
8429
1054
1626
4268
2534
1317
16426
2744
1261
1317
1261
8877
1289
1046
9748
2156
1584
2295
1032
1049
1115
1321
2295
1032
1052
1115
1044
1278
1032
1051
1710
1974
1317
1261
1032
1052
1505
1317
1278
1032
1050
1626
11139
1032
1049
1058
1032
1051
4906
1032
1050
1319
63108
1032
1054
1577
6830
1278
2295
1032
1049
1115
1974
1317
1278
2295
1032
1052
1115
1319
63108
1032
1051
2744
1577
12153
1376
1032
1054
1867
1032
1051
1867
1032
1051
1376
1032
1049
1050
1626
11139
1032
1050
1058
1032
1051
4906
1925
1032
1052
1319
63108
1032
1049
1577
6830
1925
1032
1049
4906
1278
2147
1032
1052
1319
63108
1032
1051
1574
1278
2147
1032
1049
4906
1032
1050
1319
63108
1032
1056
1577
12153
1376
1032
1049
1867
1032
1051
1867
1032
1056
1376
1032
1049
1050
1626
11139
1032
1051
1058
1032
1051
4906
1278
2147
1032
1052
1319
57223
1577
4493
2365
4556
1376
1032
1049
1050
1046
3626
2688
1032
1049
64629
1032
1056
1046
4493
4556
19190
24372
2688
1032
1049
1338
7493
1693
3549
5954
1395
6705
1044
1809
1729
1736
1261
2801
20490
10097
1063
17048
1729
1584
1605
8807
1317
7645
2654
1289
89533
1059
13162
1729
1710
2342
38525
6689
1063
3501
1338
33703
1278
4127
1395
1058
1729
1736
1317
7645
2654
1289
1044
1809
1278
4556
1395
1307
1284
8897
3755
3605
1289
3755
8623
2478
1284
1395
1278
11835
4171
3549
5954
1044
1809
13162
1278
8404
1395
2516
1455
1278
3549
5954
1395
1278
8905
10314
5954
1044
1321
1284
4790
15277
1041
1395
1278
11835
4171
3549
5954
1044
1809
1729
1584
1317
33945
1278
4556
2453
7645
26717
1289
1044
12164
13162
1278
14170
1261
1321
1289
1584
1307
1278
2879
5592
1044
1809
1729
1710
2095
12729
1317
1605
2210
2269
6689
1063
3501
1338
36296
1278
46471
7259
1455
1278
6705
19190
1395
6298
1394
1747
2147
9458
1044
1362
23808
2688
2937
1032
1050
1294
1278
4206
2254
1934
1261
96948
1321
2715
1402
1032
1051
1044
1809
1278
3330
24215
8223
1429
24151
16424
70914
84674
14671
48761
1083
2613
1321
6122
2000
3107
1032
1052
9816
2813
1420
26554
1044
1362
2534
1317
4848
3475
1455
22405
1278
9458
1435
5662
1046
3367
1362
4848
3475
1455
10721
1032
1051
1394
2688
1032
1050
1044
1494
2084
7195
1278
57500
2000
3107
1032
1052
9816
3367
1362
4848
3475
1455
10721
1032
1052
1044
1494
2084
7195
1278
2147
9458
1319
10683
2688
1032
1049
64629
1032
1056
1044
1799
1729
2012
1454
6705
1044
1809
1693
1362
4036
13951
1317
2012
1032
1052
1394
2688
1032
1050
1044
1362
4139
4323
2688
1032
1049
1577
1032
1267
28191
1044
13162
2156
1681
1261
3039
1317
2012
1032
1052
1394
2688
1032
1050
3016
18528
6705
19190
1063
9246
1681
3219
1058
13162
1278
14170
1261
1321
1289
1584
1766
1049
1044
1049
1093
1321
1766
1050
1044
1051
3605
1809
13162
1278
2254
1284
4790
15277
1041
1395
6493
1435
1278
11835
4171
3549
5954
1044
1809
3549
5954
1395
1278
8905
10314
5954
1044
12164
1729
1584
1317
3369
1455
1278
8404
4139
1736
6245
20978
1505
4433
1063
3501
1338
7493
1693
1278
4127
1395
1058
1729
1736
1317
7645
2654
1289
1044
1809
1278
4556
1395
1307
1284
8897
3755
3605
1289
3755
8623
2478
1284
1395
1278
11835
4171
3549
5954
1044
1809
13162
1278
8404
1395
15179
1321
20978
1584
2342
1435
4265
1044
1321
1729
1710
2342
44594
20978
1294
1278
4265
6195
1063
1429
2042
58636
7223
33703
1278
36281
1584
1032
1049
37601
1286
1044
1321
1278
14170
1261
1321
1289
4139
4231
29268
8091
1455
1584
1605
1294
1278
8404
1063
3626
2127
1584
1338
12598
1681
3346
1278
4206
2254
2688
1032
1050
2790
1058
2000
8723
15605
1040
1051
1044
31008
1049
1044
1032
1050
1044
1032
1053
1574
1319
1050
1044
1032
1051
1044
1032
1050
1574
1319
1049
1044
1032
1051
1044
1032
1049
50673
1766
1049
1044
1032
1049
3605
1766
1050
1044
1032
1051
8623
2351
1032
1052
9816
17048
1278
5592
1307
1261
1321
1289
1395
1032
1050
1044
1809
13162
1278
2254
1395
15654
1317
1850
1032
1052
3147
1307
2269
2147
5972
1046
5675
1693
1278
4127
1395
1058
1729
1736
1317
7645
2654
1289
1044
1809
1278
4556
1395
1307
1284
8897
3755
3605
1289
3755
8623
2478
1284
1395
1278
11835
4171
3549
5954
1044
1809
13162
1278
3549
5954
1395
6493
1435
1278
8905
10314
5954
1044
12164
1729
1584
1317
3081
1278
11835
4171
4556
1044
1809
13162
1729
1710
2095
7645
2654
1261
1063
3501
1338
33703
1278
8953
3607
3336
1032
1050
8223
2000
1051
7273
1809
1278
2688
8223
2000
1052
7273
1321
1278
3330
17000
1650
1317
15803
1278
70385
1321
5687
5138
1317
1278
8953
3607
1063
3626
1278
16925
8223
1429
12107
1747
1278
9458
1034
1321
1429
24151
16424
70914
84674
14671
48761
1083
2613
4493
1729
4016
2764
1278
9458
1046
3367
1278
8953
3607
8223
1032
1051
1321
2688
8223
1032
1052
1044
2156
1681
1261
15016
1046
53815
1294
2516
99862
1044
1278
9458
1584
1278
17249
1046
1531
3330
4139
1736
3214
1261
96948
1294
1278
8953
3607
1044
1809
1278
2688
1395
2549
22482
1046
1362
2534
1317
9470
3475
1455
10721
1032
1052
1394
1455
4292
1338
7801
1710
1362
3180
1278
2254
1850
1032
1052
1394
2688
1032
1050
3016
19566
6298
16897
1394
1747
6218
1063
9246
1681
2688
1693
2156
1681
1420
11559
19190
1455
10177
1032
1052
1394
2688
1032
1050
1321
1032
1056
1394
2688
1032
1049
1044
6704
1338
7493
1693
1284
4790
15277
1041
1395
1278
11835
4171
3549
5954
1044
1809
3549
5954
1395
1278
8905
10314
5954
1044
12164
1729
1584
1317
33945
1278
4556
1307
1284
8897
3755
3605
1289
3755
8623
2453
7645
26717
1289
1044
1809
13162
1278
20490
1395
1605
1261
128445
1491
1059
13162
1729
1710
4395
6245
1261
3755
1093
1317
1278
2879
1289
13872
1093
1063
3501
1044
1429
71377
2654
7980
1289
1034
24277
1261
77806
1044
1878
128445
1491
1338
33703
1278
14170
1261
1321
1289
1584
1307
1278
2879
5592
1044
1809
1729
1584
1317
7645
2654
1289
1044
1321
2430
1278
4556
1395
1307
1284
8897
3755
3605
1289
3755
30717
1809
13162
1278
4891
1623
11500
2136
1278
4618
1261
1044
1321
1289
1395
7645
7239
1044
1809
13162
1278
77806
1395
7960
1317
1289
1681
26524
1044
1321
1729
4556
1284
8897
3755
3605
1289
1091
71377
3755
1093
8623
1063
5646
1681
2549
1729
2697
1338
7493
1693
1278
4127
1395
1058
1729
1736
1317
3081
1278
11835
4171
4556
1307
3549
25980
1044
2478
1278
3549
5954
1395
1278
8905
10314
5954
1044
1809
1729
1584
8807
1317
12729
1278
22344
2516
1455
1278
4556
1307
1278
8905
10314
25980
1395
80884
1044
1809
13162
1278
77806
1307
1289
1395
1605
2136
1747
1623
1044
1809
1729
1710
12729
1799
1261
3755
1093
1317
4395
1454
1799
1289
13872
1093
1063
5646
1681
1278
2879
1338
33703
2688
1032
1050
1934
1261
2801
8404
1058
2000
33669
1049
1044
1032
1050
1044
1032
1053
1574
1319
1050
1044
1032
1051
1044
1032
1050
1574
1319
1049
1044
1032
1051
1044
1032
1049
19322
9816
17048
1278
36281
1584
1032
1049
1044
1050
1044
1051
1044
1809
1278
20978
1584
15179
1063
3367
15179
1044
4150
20978
1584
1032
1049
1941
1050
1319
1053
1574
1032
1050
1941
1051
1319
1050
1574
1032
1049
1941
1051
1319
1049
1577
6830
22344
1562
1032
1049
1317
1032
1050
1058
2342
3236
1032
1049
1941
1050
5954
1032
1053
1044
1878
1284
1040
1049
1044
1050
8429
1053
1046
8956
1032
1049
1317
1032
1051
1058
3236
1032
1049
1941
1051
5954
1032
1049
1044
1505
1032
1049
1941
1050
1941
1051
6705
1040
1053
1044
1050
8429
1053
1044
2365
1061
1049
1046
1261
18359
1049
1044
1049
3605
1289
18359
1050
1044
1051
3077
34962
2654
1289
1058
1766
1050
1044
1051
1093
4906
1284
1040
1049
1044
1050
15312
1102
1040
1049
1044
1051
8429
1053
1043
1049
1061
1054
1046
1766
1051
1044
1050
1093
4906
1284
1040
1049
1044
1051
15312
1102
1040
1049
1044
1050
8429
1049
1043
1053
1061
1054
1046
5101
1061
1054
1044
1605
1032
1052
1046
3367
15179
1278
2147
3039
1044
6704
1338
7493
1693
1278
8404
1395
1673
58636
1809
1278
3549
5954
1395
1278
4556
1307
10314
25980
1044
1321
1278
1429
62437
5954
1307
2258
10314
1034
1395
1261
5711
45399
1370
1536
1639
1063
3626
1278
8953
3607
8223
1494
24215
1338
33703
1278
4127
1395
1562
1261
4629
5211
1058
1429
2422
128857
9596
80104
1034
4139
1402
1562
13968
2975
2455
1505
3931
1067
10414
1046
1362
26938
1261
4127
1058
4265
8404
1044
1284
4790
15277
1041
1376
11835
2136
22344
1307
6705
10314
5954
1046
6830
4395
1261
1321
1289
1317
33945
4556
1046
1362
3648
1362
6483
5753
4433
2479
1455
1046
1531
2688
2937
1032
1050
4139
1402
1261
4629
10314
2937
2478
1278
4832
1395
16106
1032
1052
3147
1307
2269
16009
1362
4525
11779
1046
9246
1681
6123
2036
6628
1058
3730
1681
1261
4127
1429
13228
128857
17669
2837
8713
1034
13162
1562
1261
21448
1046
3626
1362
4525
1605
5257
1338
18661
4914
1058
13162
1278
14170
1261
1321
1289
1584
1307
1278
2879
5592
1044
1809
1729
1584
1317
7645
2654
1289
1044
1321
1278
4556
1395
1307
1284
8897
3755
3605
1289
3755
30717
1809
13162
1284
4790
15277
1041
1395
6493
1435
1278
11835
4171
3549
5954
1044
1809
3549
5954
1395
1278
8905
10314
5954
1044
12164
1729
1584
1317
3369
1455
1278
8404
4139
1736
6245
8822
7995
1063
3626
1494
1681
8822
1338
33703
1278
2688
2937
1032
1050
1294
1278
4206
2254
1395
7442
2000
3107
1032
1051
1096
1321
1278
3330
3214
1261
27223
2200
9664
1278
3880
1063
1531
3880
5117
8223
1058
2000
8723
15605
1040
1051
1044
31008
1049
1044
1032
1050
1044
1032
1053
1574
1319
1050
1044
1032
1051
1044
1032
1050
1574
1319
1049
1044
1032
1051
1044
1032
1049
50673
1766
1049
1044
1032
1049
3605
1766
1050
1044
1032
1051
8623
2351
1032
1052
9816
5646
1681
1278
2688
1455
9700
1046
1531
3330
8223
1429
16994
4607
6983
9700
1278
9458
1046
9380
1681
1278
3880
1058
6421
20628
1292
4507
3871
4493
1278
2688
16106
64629
1032
1052
1046
1531
3330
17000
1650
1317
8786
1278
3475
1317
2764
1747
9458
1046
4493
1729
4016
1850
1032
1052
1394
1455
4292
1338
7801
1710
1729
1850
1032
1052
1063
9246
1681
3352
1317
3219
1693
2156
1681
2258
3039
1278
6705
19190
2481
9459
1032
1052
1693
1729
5711
45399
1278
14170
1046
5675
1693
1261
18359
1049
1044
1049
1093
1321
1289
18359
1050
1044
1051
3605
1809
1278
2254
1284
4790
15277
1041
1395
1278
11835
4171
3549
5954
1044
1809
13162
1278
3549
5954
1395
1278
8905
10314
5954
1044
12164
1729
1584
1317
3369
1455
1278
3549
4016
2210
1513
4403
1925
10314
1063
5646
1681
5314
1278
2937
1338
33703
1278
8404
1934
1308
1061
1051
36281
1044
1809
1278
20978
2951
1934
3300
20978
1044
1809
13162
1278
8404
1395
1605
6165
1063
1429
58964
1034
4938
1836
8549
1045
53989
1338
33703
1278
14170
1261
1321
1289
1584
7645
7239
1044
1809
1278
4556
1395
2136
1623
1307
1284
8897
3755
3605
1289
3755
8623
2478
1278
4891
1623
1395
2453
41806
1261
1321
1289
1063
3501
1338
33703
1278
4127
1395
1058
1729
1736
1317
7645
2654
1289
1044
1809
1278
4556
1395
1307
1284
8897
3755
3605
1289
3755
8623
2478
1284
1395
1278
11835
4171
3549
5954
1044
1809
13162
1278
8404
1681
10314
25980
1584
1605
1278
2342
6588
1059
13162
1729
1710
2095
12729
1278
22344
1063
3501
1338
12598
1681
3352
1317
92098
128113
1747
4171
56294
1394
2688
1032
1050
1317
2012
1032
1052
1046
56586
1284
4790
15277
1041
1395
1278
11835
3549
5954
2478
3549
5954
1395
1278
4556
1307
10314
25980
1044
1809
1729
2095
1736
2269
16009
1063
2837
5314
7455
2688
1032
1049
24372
1338
71158
1284
4790
15277
1041
1395
1278
11835
3549
5954
2478
3549
5954
1395
1278
8905
10314
5954
1044
1809
13162
1278
77806
1307
1289
1395
1605
29913
1059
13162
1729
1710
2342
13480
2981
10740
1289
1063
3367
1289
18359
1050
1044
1051
3605
41830
34195
1584
1766
1050
1044
1051
1093
1321
1766
1051
1044
1050
3605
2960
5628
1032
1051
1338
71158
1729
1710
7645
2654
1289
1044
1809
1729
4016
10217
1261
3755
1093
1454
1289
1091
71377
6534
19322
1321
2095
13162
1261
1395
7645
7239
1294
1278
2879
3039
1063
3501
1338
33703
1278
4127
1395
1058
1729
1736
1317
33945
1278
4556
1307
1284
8897
3755
3605
1289
3755
8623
2453
7645
26717
1289
1044
1809
1284
4790
15277
1041
1395
6493
1435
1278
11835
4171
3549
5954
1562
2460
1317
1404
1044
1321
3549
5954
1395
1278
8905
10314
5954
1044
1398
5489
1278
8404
1395
2516
1455
1278
36281
1584
53073
1032
1049
1317
1308
1044
1321
1278
14170
1261
1321
1289
4139
4231
36281
1455
1584
1605
8822
1063
3626
2127
1584
8822
1338
7493
1693
1278
2688
2937
1032
1050
1934
1261
96948
1321
2715
1402
1032
1051
1044
1809
1278
3330
17000
1650
1317
4848
3475
1455
22405
1278
9458
1435
2127
1584
1294
1278
16925
1044
1799
6987
2000
3107
1032
1052
9816
2813
1420
26554
1044
1362
2715
2685
1278
3330
1681
14960
19929
1058
1429
12107
1747
1278
9458
2613
1321
1278
9458
1584
4326
1454
2000
3107
1032
1052
9816
1362
4016
9470
3475
1455
7510
2000
1099
52143
1040
1051
1044
31008
1049
1044
1032
1050
1044
1032
1053
1574
1319
1050
1044
1032
1051
1044
1032
1050
1574
1319
1049
1044
1032
1051
1044
1032
1049
50673
1766
1049
1044
1032
1049
3605
1766
1050
1044
1032
1051
8623
1096
1850
1032
1052
1338
5356
2156
2258
3039
1317
3180
1494
1850
1032
1052
3016
3637
16504
2147
9458
1063
9246
1681
2688
1693
1729
1710
9447
1278
1373
3074
1505
1284
34019
1317
10463
5628
1032
1052
1046
2898
2688
1032
1050
1044
1693
1729
25217
24002
1284
1040
1049
1044
1050
8429
1051
1321
1284
1040
1049
1044
1051
8429
1049
1044
4556
1061
1052
1046
3075
2481
1284
1040
1049
1044
1050
8429
1051
1063
3367
1278
8039
2753
3549
1395
6493
1435
1278
11835
2136
22344
1307
1278
4556
1307
10314
25980
1063
3501
1044
1455
1681
1032
1051
1394
3549
1032
1049
1045
1051
1045
1050
1044
1809
6705
1395
1032
1050
1046
3367
1284
4790
15277
1041
1395
1278
11835
3549
5954
2478
3549
5954
1395
1278
8905
10314
5954
1044
1809
13162
1729
3369
2342
22344
1455
1584
6165
1321
1729
4069
1278
8905
10314
1044
1809
13162
1278
8404
1934
1261
2801
5194
1063
3501
1338
7493
1693
1278
4127
1395
1058
1729
1736
1317
7645
2654
1289
1044
1809
1278
4556
1395
1307
1284
8897
3755
3605
1289
3755
8623
2478
1284
4790
15277
1041
1395
1278
11835
4171
3549
5954
1044
1809
3549
5954
1395
1278
8905
10314
5954
1044
12164
1729
1584
1317
33945
1278
4556
1044
1809
13162
1278
14170
1261
1321
1289
1584
1307
1278
2879
5592
1044
1321
1729
1710
7645
2654
1289
1044
1809
13162
1729
1710
2095
12729
1317
1605
2210
2269
6689
1063
3501
1338
33703
1278
2688
2937
1032
1050
1294
1278
4206
2254
1395
7442
2000
3107
1032
1051
1096
1321
1278
3330
3214
1261
9441
4595
9504
3880
1294
1278
3880
5117
1063
1531
3880
5117
8223
1058
2000
8723
15605
1040
1051
1044
31008
1049
1044
1032
1050
1044
1032
1053
1574
1319
1050
1044
1032
1051
1044
1032
1050
1574
1319
1049
1044
1032
1051
1044
1032
1049
50673
1766
1049
1044
1032
1049
3605
1766
1050
1044
1032
1051
8623
2351
1032
1052
9816
3626
1278
8953
3607
3336
8223
2000
1051
9816
1531
3330
4139
1736
59012
8533
1278
2688
45951
1046
3886
1044
1278
16925
8223
1429
24151
16424
70914
84674
14671
48761
1083
2613
4493
1362
2715
14649
1278
9458
1584
6298
1435
4265
1046
3367
1362
4848
3475
1455
10721
1032
1051
1044
1494
2084
7195
1278
57500
2000
3107
1032
1052
9816
3367
1362
4848
3475
1455
10721
1032
1052
1044
1494
2084
7195
2147
9458
15388
1362
1710
3081
1261
58567
19190
1338
12598
1681
3352
1317
3219
1693
2156
1681
2258
2147
2688
1455
4139
5628
1261
26439
1046
7637
2937
1032
1049
1058
64629
1032
1056
1046
7637
2937
1032
1051
1058
64629
1032
1049
1049
1048
1056
1050
1052
1054
1054
1051
1055
1046
7637
2937
1032
1052
1058
1032
1054
1048
1048
1048
1048
1048
1048
1048
1048
1048
1046
7637
2937
1032
1053
1058
1032
1057
1053
1049
1056
1050
1053
1048
1054
1054
1046
7637
2937
1032
1054
1058
1032
1056
1054
1054
1049
1055
1051
1056
1052
1052
1046
7637
2937
1032
1055
1058
1032
1055
1052
1049
1055
1054
1053
1050
1057
1049
1046
7637
2937
1032
1056
1058
1032
1050
1055
1052
1053
1048
1052
1049
1049
1056
1048
1046
7637
2937
1032
1057
1058
1032
1056
1051
1057
1054
1056
1051
1052
1052
1052
1046
7637
2937
1032
1049
1048
1058
1032
1050
1048
1048
1051
1056
1050
1049
1048
1049
1056
1046
7637
2937
1032
1049
1049
1058
1032
1051
1056
1056
1057
1051
1051
1051
1054
1057
1046
7637
2937
1032
1049
1050
1058
1032
1049
1056
1049
1055
1048
1050
1052
1052
1056
1051
1338
4668
2576
8100
2688
1032
1050
4395
1278
6705
19190
22809
1046
7637
1032
1050
1395
1278
2342
1848
80735
1046
17048
1278
2688
1032
1050
45951
1294
1278
4206
2254
1395
16106
1261
27223
1044
1809
1278
3330
17000
1650
1317
2764
1747
9458
3907
1455
1925
1046
2813
1420
26554
1044
1362
2481
5687
1278
6705
19190
1321
9134
1278
70385
1044
1809
1278
3330
2639
1429
12107
1747
1278
9458
2613
1362
2534
1317
3180
1278
2254
1850
1032
1052
1394
2688
1032
1050
1046
3075
2634
33703
1278
2254
1284
4790
15277
1041
1395
1605
1278
8039
2753
2136
1278
6836
8404
1044
1809
1278
11835
4171
3549
5954
1562
2460
1317
1404
2478
1278
3549
5954
1395
1278
8905
10314
5954
1044
1809
13162
1278
8404
1395
15179
1321
20978
1584
2342
1435
4265
1044
1321
1729
1710
2342
44594
20978
1294
1278
4265
6195
1063
9246
1681
2688
15179
8404
1454
20978
1435
4265
1058
1319
1049
1044
1050
1044
1053
1574
1319
1050
1044
1051
1044
1050
1574
1319
1049
1044
1051
1044
1049
1577
3367
15179
1435
1032
1049
1941
1050
1044
1032
1050
1941
1051
1044
1032
1049
1941
1051
1046
6830
1284
1040
1049
1044
1050
8429
1053
1044
1284
1040
1049
1044
1051
8429
1049
1046
1261
18359
1049
1044
1049
3605
1289
18359
1050
1044
1051
3077
34962
2654
1289
1058
1766
1050
1044
1051
1093
4906
1032
1053
1043
1049
1061
1054
1059
1766
1051
1044
1050
1093
4906
1032
1049
1043
1053
1061
1054
1046
5500
1032
1052
1338
5475
15179
1435
1032
1050
1941
1049
1044
1032
1051
1941
1050
1044
1032
1051
1941
1049
1063
3501
1338
33703
1278
8404
1395
1673
58636
1044
1809
1278
3549
5954
1395
1278
8905
10314
5954
1044
1321
1284
4790
15277
1041
1395
1278
11835
4171
3549
5954
1044
1809
13162
1729
1584
1317
3369
1455
1278
3549
4016
3030
1513
1261
3755
1093
1321
2362
1513
1289
3755
3605
1321
1729
1710
7645
2654
1289
1044
1809
13162
1278
20490
1395
1605
1261
128445
1491
1059
13162
1729
1710
4395
6245
1261
1681
1317
1278
2879
1289
1063
3501
1338
33703
1278
14170
1261
1321
1289
1584
1307
1278
2879
5592
1044
1809
1729
1584
1317
7645
2654
1289
1044
1321
1278
4556
1395
1307
1284
8897
3755
3605
1289
3755
30717
1809
13162
1278
4891
1623
1395
1562
1032
1049
1317
1308
1063
3501
1338
18661
6674
1058
13162
1278
4127
1395
1317
7645
2654
1289
1044
1809
1278
4556
1395
1307
1284
8897
3755
3605
1289
3755
8623
2478
1284
1395
1278
11835
4171
3549
5954
1044
1809
3549
5954
1395
1278
8905
10314
5954
1044
12164
1729
1584
1317
33945
1278
4556
1044
1809
13162
1278
8404
1934
1308
36281
1044
1321
1278
14170
1261
1321
1289
4139
1736
5592
2015
1317
1308
1044
1809
13162
1729
1710
2095
7645
2654
1261
1063
3501
1338
7493
1693
1278
2688
2937
1032
1050
1934
1261
2801
1261
1321
1289
1063
2000
1097
18359
1049
1044
1049
3605
1289
18359
1050
1044
1051
1093
9816
17048
1278
4832
1032
1052
9896
1562
20490
1261
1091
1048
18652
1049
1317
1289
1091
1048
18652
1050
1321
1261
1091
1049
18652
1049
1317
1289
1091
1049
18652
1051
1044
1809
1454
1284
1040
1049
1044
1050
8429
1051
1321
1284
1040
1049
1044
1051
8429
1049
1046
3075
1317
2012
1284
1040
1049
1044
1050
8429
1051
1063
3367
1278
3549
5954
1395
1278
4556
1307
10314
25980
1044
1321
1729
4069
1278
11835
3549
4556
1044
2430
1284
1040
1049
1044
1050
8429
1051
1319
19266
1032
1049
1045
1051
1045
1050
1577
1284
1040
1049
1044
1051
8429
1049
1319
44457
1577
6830
4556
1061
1052
1046
3060
2688
1032
1049
2425
4556
7867
1032
1049
1050
1044
1809
13162
1362
5711
4526
92052
2688
1032
1049
4556
1063
9246
1681
6716
33295
2688
1032
1049
4556
1454
1278
14541
1455
1729
1710
12729
22344
22272
1394
2744
10217
1044
1321
13162
1729
1710
2095
12729
1799
3549
1317
4069
1044
1809
13162
1278
3549
5954
1395
4556
1044
1321
1729
2933
1317
33945
4556
1307
1284
8897
3755
3605
1289
3755
8623
2453
7645
26717
1289
1046
2837
4884
1032
1049
1050
1394
2688
1032
1049
1044
1809
2688
1032
1049
64629
1032
1056
1046
4493
4556
19190
24372
2688
1032
1049
1338
7493
1693
3549
5954
1395
8905
10314
5954
1044
1809
1729
1736
1261
2801
20490
10097
1058
13162
1729
1584
1605
8807
1317
7645
2654
1289
89533
1059
13162
1729
1710
2342
38525
17220
6689
1063
3501
1338
33703
1278
4127
1395
1058
1729
1736
1317
3081
1278
11835
4171
4556
1307
3549
25980
1044
2478
1278
3549
5954
1395
1278
8905
10314
5954
1044
1809
1729
1584
8807
1317
12729
1278
22344
2516
1455
1278
4556
1307
1278
8905
10314
25980
1395
80884
1044
12164
1729
1710
2095
7645
2654
1289
1044
1809
13162
1278
14170
1261
1321
1289
1584
1307
1278
2879
5592
1044
1321
1729
1710
2095
12729
1317
1344
3570
1261
1063
3501
1338
36296
1278
22991
55033
1307
1278
6705
19190
1394
1747
2147
9458
1044
1362
4525
57496
1455
2688
1032
1050
1294
1278
4206
2254
1934
1261
96948
1044
1321
1494
2715
1402
1032
1051
1046
3626
1278
3330
24215
8223
1429
24151
16424
70914
84674
14671
48761
1083
2613
1321
6122
1278
3880
1454
2000
3107
1032
1052
9816
2813
1420
26554
1044
1362
2715
4848
3475
1455
22405
1278
9458
1435
8360
1046
3367
1362
4848
3475
1454
6705
19190
1044
1494
2084
7195
2688
1032
1050
1046
3367
1362
4848
3475
1455
25217
10721
1032
1052
1394
2688
1032
1050
1044
1362
2534
1317
8240
1848
2606
1338
33703
2156
1681
1261
2801
11857
1058
12494
1278
4127
1395
1605
2314
1373
3074
8039
2753
1044
1809
2314
4433
2849
1046
1429
4393
2258
3549
1294
1278
8404
1044
2246
5954
1395
6493
1435
1278
8905
5954
1307
2258
10314
1294
1455
3549
1046
1284
4790
1044
1404
1041
1395
6493
1435
1278
11835
4171
3549
5954
1562
29268
2460
1317
29268
1404
2613
2409
1395
10693
8039
2753
1046
1429
1784
6255
1395
1317
7645
2654
7980
1289
2516
1455
1278
4556
1307
1284
8897
3755
3605
1289
3755
8623
1394
1747
1623
1395
80884
2613
2409
1395
26181
1338
33703
1278
2688
2937
1032
1050
64629
1032
1052
3147
1278
11835
4556
1395
12955
1536
1261
77806
1455
1395
1605
1261
6165
128445
1491
1063
5675
1693
1278
14170
1261
1321
1289
1736
5592
1032
1050
1044
1809
1729
1584
1317
7645
2654
1289
1044
1321
1278
4556
1395
1284
8897
1091
1048
3605
1289
1091
1048
8623
1867
1284
8897
1091
1049
3605
1289
1091
1049
30717
1809
13162
1278
77806
1395
7960
1317
1289
1044
1321
2430
1729
4556
1044
1809
13162
1278
2254
1284
1395
1605
44942
1063
1656
1673
58636
8404
1494
1395
44942
1338
33703
1278
8404
1934
1308
1061
1051
36281
1044
1809
1278
20978
1584
1319
1049
1044
1050
1044
1053
1574
1319
1050
1044
1051
1044
1050
1574
1319
1049
1044
1051
1044
1049
1577
17048
1278
36281
1584
1032
1049
1044
1050
1044
1051
1044
1809
1278
14170
1261
1321
1289
1584
1766
1049
1044
1049
1093
1321
1766
1050
1044
1051
3077
17048
1278
4832
1032
1052
9896
1562
1278
3121
1455
1729
6560
4395
1261
1032
1049
1317
1289
1032
1051
3147
1289
1091
1049
18652
1051
1321
1261
1091
1049
18652
1049
1044
1809
13162
1278
20490
4016
1402
1261
1728
54644
1063
3501
1338
12598
1681
3352
1317
3219
1693
2156
1681
2258
2147
3039
1058
13162
1278
4127
1395
1317
33945
1278
4556
1307
1284
8897
3755
3605
1289
3755
8623
2478
1284
4790
15277
1041
1395
1278
11835
4171
3549
5954
1044
1809
3549
5954
1395
1278
8905
10314
5954
1044
12164
1729
1584
1317
3369
1455
1278
8404
4139
1736
6245
20978
2396
2879
36281
1063
1429
58964
1034
4938
1836
1338
33703
1278
2688
2937
1032
1050
1294
1278
4206
2254
1395
7442
2000
3107
1032
1051
1096
1321
1278
3330
3214
1261
27223
1294
1278
3880
5117
1063
1531
3880
5117
8223
1058
2000
8723
15605
1040
1051
1044
31008
1049
1044
1032
1050
1044
1032
1053
1574
1319
1050
1044
1032
1051
1044
1032
1050
1574
1319
1049
1044
1032
1051
1044
1032
1049
50673
1766
1049
1044
1032
1049
3605
1766
1050
1044
1032
1051
8623
2351
1032
1052
9816
3626
1278
8953
3607
3336
8223
2000
1051
9816
1531
3330
4139
1736
9441
4595
65356
1278
8462
45951
1046
3886
1044
1278
16925
8223
1429
2892
75956
1419
1044
1593
1395
2143
6255
1058
18228
1278
3629
2254
21734
1321
8953
3607
1044
10886
5687
1278
2254
5055
1321
2764
1747
1278
9458
1046
1603
24151
16424
70914
84674
14671
48761
1083
11621
1034
2409
24277
1278
9458
1584
1278
7161
13697
1046
1362
2534
1317
2764
2424
1338
33703
1362
1710
5687
1278
2254
2505
1278
6705
19190
1044
1321
2430
2229
1261
6061
2937
1394
2688
1032
1050
1063
3626
1278
3330
8223
1429
24151
16424
70914
84674
14671
48761
1083
2613
2157
6354
2405
4150
1362
1710
2405
2229
6061
5443
1294
1278
3475
1044
1809
12837
1729
2933
1261
4352
5097
1046
3367
1362
2229
1261
6061
2937
1044
1494
4139
4323
1693
1278
2688
1395
7442
1032
1051
1321
1362
4036
1494
1046
3626
1278
3330
24215
6122
2000
3107
1032
1052
1096
1294
1278
4206
2254
1046
1362
2715
3945
1455
1338
28191
1058
13162
1278
3330
17000
1639
1317
5687
1278
2254
1435
5055
1044
1321
1278
9458
2084
1402
3160
1536
1278
2000
6390
1096
2254
1046
1531
2000
6390
1096
2254
1934
2000
3107
1032
1052
1096
1394
2688
1032
1050
1046
3367
1362
5687
1278
6298
11857
1435
1651
8953
3607
1044
1362
2012
1032
1051
1044
1799
24372
1278
2688
1046
3626
1278
3330
8223
1429
16994
4607
6983
9700
1278
9458
1046
9380
1681
1278
3880
1058
6421
20628
1292
4507
3871
4493
2036
4607
3475
9700
1455
2688
1046
1531
3330
17000
1261
1875
11708
1455
22405
1747
9458
1046
17048
2036
4607
3475
1880
1261
19940
1044
1321
1278
2688
1032
1050
45951
1395
7442
1032
1051
1044
1809
1278
3330
1681
3880
5117
1880
1261
96948
1063
1531
3880
5117
6122
2000
3107
1032
1052
7273
1809
13162
1278
3330
3214
1261
96948
2200
9664
1278
3880
1046
3886
1044
1362
4016
14649
1278
9458
1584
6298
1338
12598
1681
1344
41412
1278
3330
1681
5117
1058
1429
16994
4607
6983
9700
1278
9458
1046
9380
1681
1278
3880
1058
8933
92367
82524
1086
1102
41360
47909
28674
8261
1897
3110
1032
1054
1053
6421
6852
15605
1040
1051
1044
31008
1049
1044
1032
1050
1044
1032
1053
1574
1319
1050
1044
1032
1051
1044
1032
1050
1574
1319
1049
1044
1032
1051
1044
1032
1049
50673
1766
1049
1044
1032
1049
3605
1766
1050
1044
1032
1051
8623
2351
1032
1052
6421
3870
75956
1419
1044
1593
1395
2143
6255
1058
18228
1278
3629
2254
21734
1321
8953
3607
1044
10886
5687
1278
2254
5055
1321
2764
1747
1278
9458
1046
1603
24151
16424
70914
84674
14671
48761
1083
11621
3213
2715
30711
1278
3475
1636
13330
1294
1261
1335
107485
3475
4950
1319
3038
44642
1041
1319
43880
2084
80858
1278
4618
7389
1041
4410
8032
1278
3330
1395
11735
1639
1278
6255
2790
1044
1454
1278
9458
1435
2127
1584
1046
1362
2534
1317
9470
3475
1455
22405
1747
1278
9458
1294
1278
2000
6390
1096
2254
1046
1531
2000
6390
1096
2254
1934
2000
3107
1032
1052
1096
1394
2688
1032
1050
1046
1362
4016
3180
1278
2254
1850
1032
1052
1394
1455
4292
1338
7801
1710
1362
3180
1494
1850
1032
1052
1063
9246
1681
3648
1693
2156
1681
2258
11559
19190
1307
1278
4127
1455
28248
1032
1052
1394
2688
1032
1050
1321
6298
16897
1394
1747
2147
9458
1046
17048
1278
4127
1395
1058
1729
1736
1317
7645
2654
1289
1044
1809
1278
4556
1395
1307
1284
8897
3755
3605
1289
3755
8623
2478
1284
4790
15277
1041
1395
1278
11835
4171
3549
5954
1044
1809
3549
5954
1395
1278
8905
10314
5954
1044
12164
1729
1584
1317
33945
1278
4556
1044
1809
13162
1278
8404
1395
2516
1455
1278
36281
1584
1032
1049
37601
1286
1044
1321
1278
14170
1261
1321
1289
4139
1736
4213
1455
1584
1605
36281
1063
3501
1338
33703
1278
4127
1395
1058
1729
1736
1317
3081
1278
11835
4171
4556
1307
3549
25980
1044
2478
1278
3549
5954
1395
1278
8905
10314
5954
1044
1809
1729
1584
8807
1317
12729
1278
22344
2516
1455
1278
4556
1307
1278
8905
10314
25980
1395
80884
1044
12164
1729
1710
2095
7645
2654
1289
1044
1809
13162
1278
14170
1261
1321
1289
1584
1307
1278
2879
5592
1044
1321
1729
1710
2095
12729
1317
1344
3570
1261
1063
3501
1338
7493
1693
1278
4127
1395
1058
1729
1736
1317
7645
2654
1289
1044
1809
1278
4556
1395
1307
1284
8897
3755
3605
1289
3755
8623
2478
1284
1395
1278
11835
4171
3549
5954
1044
1809
3549
5954
1395
1278
8905
10314
5954
1044
12164
1729
1584
1317
33945
1278
4556
1044
1809
13162
1278
8404
1395
15179
1321
1278
20978
1584
4265
1435
1319
1117
42129
74622
1041
1454
1333
1534
1330
1044
1809
1278
8404
1395
15179
1562
1333
1317
1330
1063
1429
2042
58636
7223
33703
1278
2688
2937
1032
1050
1934
1261
96948
1294
1278
4127
10674
1044
1809
1278
2688
64629
1032
1052
3147
1307
2269
2147
5972
1046
9246
1681
3352
1317
24002
1278
4832
1032
1052
1536
92098
128113
2136
1747
4171
4395
2187
1321
1284
30002
1046
56586
1284
4790
15277
1041
1395
1278
11835
2136
22344
1307
1278
8905
10314
5954
1044
1809
13162
1278
3549
4016
1402
6165
1321
1729
3369
2342
22344
1455
2607
2405
21788
36281
1063
5646
1681
2549
1729
2697
1338
33703
1278
14170
1261
1321
1289
1584
7645
7239
1044
1809
1278
4556
1395
1307
1284
8897
3755
3605
1289
3755
8623
2478
1284
1395
1278
11835
4171
3549
5954
1044
1809
13162
1278
8404
1934
1308
36281
1044
1321
1278
20978
1584
4265
1044
1809
13162
1278
2254
1284
4790
15277
1041
1395
6493
1435
1278
11835
4171
3549
5954
1562
2460
1317
1404
1044
1809
3549
5954
1395
1278
4556
1307
10314
25980
1044
1321
1278
1429
62437
5954
1307
2258
10314
1034
1395
1261
2517
52790
1063
3626
2688
1032
1049
24372
1338
33703
1278
4127
1395
1058
1729
1736
1317
33945
1278
4556
1307
1284
8897
3755
3605
1289
3755
8623
2453
7645
26717
1289
1044
1809
1284
4790
15277
1041
1395
1278
11835
4171
3549
5954
1044
1321
3549
5954
1395
1278
8905
10314
5954
1044
1398
5489
1278
8404
1395
1605
1278
1925
1729
3648
1059
13162
1278
20978
1584
1319
1117
42129
74622
1041
1321
1729
1710
2210
20978
1294
2258
6195
1044
1809
13162
1278
8404
1395
15179
1321
1729
1710
2342
44594
20978
1294
1278
4265
6195
1044
1321
1278
22344
1584
15179
22344
1063
9246
1681
2688
15179
8404
1454
20978
1032
1049
1941
1050
1319
1053
1574
1032
1050
1941
1051
1319
1050
1574
1032
1049
1941
1051
1319
1049
1577
2837
2697
1455
1044
4884
1032
1054
1338
7493
1693
1278
8404
1395
1673
58636
1044
1809
1278
3549
5954
1395
1278
8905
10314
5954
1044
1321
1284
4790
15277
1041
1395
1278
11835
4171
3549
5954
1044
1809
1729
1584
1317
3369
1455
1278
3549
4016
3030
1513
1261
3755
1093
1321
2362
1513
1289
3755
3605
1321
1729
1710
7645
2654
1289
1044
1809
13162
1278
20490
1395
1605
1261
128445
1491
1059
13162
1729
1710
4395
1261
3755
1093
1317
1289
13872
1093
6245
5213
1063
3501
1338
33703
1278
2688
2937
1032
1050
1294
1278
4206
2254
1395
7442
2000
3107
1032
1051
1096
1321
1278
3330
1681
3880
5117
1395
8462
1046
3626
1362
1736
1317
2196
1454
2549
1681
4265
1046
2813
1420
26554
1044
1362
1710
16859
1317
5687
1278
6705
19190
1321
10789
1455
1278
2688
1032
1050
45951
1395
1261
96948
1044
1809
1278
3330
24215
8223
1429
12107
1747
1278
9458
2613
3367
1362
4848
3475
1455
10721
1032
1051
1394
2688
1032
1050
1044
1494
2084
7195
1278
57500
2000
3107
1032
1052
9816
1531
3330
4139
2430
4150
1494
9700
1046
1362
2534
1317
4848
3475
1455
22405
1338
33703
1362
1710
5687
1278
2254
2505
1278
6705
19190
1044
1321
2430
1513
1278
2362
1044
1693
1278
4292
14175
2688
1032
1050
13703
1044
1850
1032
1052
1063
5646
1681
36426
1121
1321
6906
1605
13650
1046
3626
1278
3330
4139
1605
3831
1435
2730
1435
9458
2764
1046
3886
1044
1278
4127
8223
1429
6949
5687
1278
2254
5055
1897
1878
36426
1302
1261
6061
2937
4139
1402
3675
1278
12820
1044
1809
1693
1494
1681
1278
2342
3039
1317
2764
1278
4265
9458
1044
13162
1362
1736
1317
1653
1494
1046
3626
7754
1294
2576
99862
1044
1278
9458
1584
12714
1044
1321
1278
70385
1395
3964
1317
1261
27223
1294
1278
16925
1046
1362
6483
5753
3325
2516
99862
2478
1278
8953
3607
1934
1261
96948
1809
1278
9458
1584
6298
1044
1505
16813
51759
1046
1531
3330
8223
1429
24151
16424
70914
84674
14671
48761
1083
2613
4493
1278
9458
1584
9247
1046
1362
2534
1317
3180
1278
2254
2764
1278
9458
1435
2127
1584
1338
12598
1681
1344
11568
14176
2688
1032
1050
1454
1278
6705
19190
1809
13162
1362
1736
1278
14170
8462
1058
2000
1097
18359
1049
1044
1032
1049
1093
7273
2000
1098
18359
1050
1044
1032
1051
1093
9816
5675
1693
1278
2254
1284
4790
15277
1041
1395
6493
1435
1278
11835
4171
3549
5954
1044
1809
3549
5954
1395
1278
8905
10314
5954
1044
12164
1729
1584
1317
33945
1278
4556
1044
1809
13162
1278
14170
1261
1321
1289
1584
1307
1278
2879
5592
1044
1321
1729
7645
2654
1289
1044
1809
13162
1278
4891
1623
11500
1562
1032
1049
1317
1283
1044
1321
1278
80751
1395
1261
3755
1093
1454
1289
3755
1093
2453
7645
26717
1289
1044
1809
13162
1278
77806
1395
7960
1317
1289
1044
1321
2430
1729
4556
1284
8897
3755
3605
1289
3755
30717
1809
13162
1278
2254
1284
1395
1605
44942
1063
1656
1673
58636
8404
1494
1395
1338
33703
1278
8404
1934
1308
1061
1051
36281
1044
1809
1278
20978
1584
1319
1049
1044
1050
1044
1053
1574
1319
1050
1044
1051
1044
1050
1574
1319
1049
1044
1051
1044
1049
1577
17048
1278
4832
1032
1052
9896
1562
1278
3121
1455
1729
6560
4395
1261
1032
1049
1317
1289
1032
1051
3147
1289
1091
1049
18652
1051
1321
1261
1091
1049
18652
1049
1044
1809
13162
1278
20490
4016
1402
1261
1728
54644
1063
3501
1338
7493
1693
1278
4127
1395
1058
1729
1736
1317
7645
2654
1289
1044
1809
1278
4556
1395
1307
1284
8897
3755
3605
1289
3755
8623
2478
1284
1395
1278
11835
4171
3549
5954
1044
1809
3549
5954
1395
1278
8905
10314
5954
1044
12164
1729
1584
1317
33945
1278
4556
1044
1809
13162
1278
8404
1395
2516
1455
1278
36281
1584
1032
1049
1317
1308
1044
1321
1278
14170
1261
1321
1289
4139
4231
36281
1455
1584
1605
1294
1278
8404
1063
3501
1338
33703
1278
2688
2937
1032
1050
1934
1261
2801
1261
1321
1289
1058
2000
1097
18359
1049
1044
1032
1049
3605
1289
18359
1050
1044
1032
1051
1093
9816
25298
1494
1402
1455
1278
11835
4556
1395
1032
1052
3147
1729
1736
1317
2210
1747
36281
1063
3501
1338
12598
1681
3352
1317
3219
1693
2156
1681
2258
2147
3039
1058
13162
1278
4127
1395
1317
3081
1278
11835
4171
4556
1307
3549
25980
1044
2478
1278
3549
5954
1395
1278
8905
10314
5954
1044
1809
1729
1584
8807
1317
12729
1278
22344
2516
1455
1278
4556
1307
1278
8905
10314
25980
1395
80884
1044
12164
1729
1710
2095
7645
2654
1289
1044
1809
13162
1278
14170
1261
1321
1289
1584
1307
1278
2879
5592
1044
1321
1729
1710
2095
12729
1317
1344
3570
1261
1063
3501
1338
33703
1278
4127
1395
1562
1261
21448
2478
1278
8404
1395
1261
9917
1063
3626
2688
1032
1049
1395
1605
1261
9917
1319
1052
36281
1044
1032
1052
20978
1577
7637
1032
1050
1395
1261
34216
1338
18661
4914
1058
13162
1429
1102
4790
1044
1404
1041
1395
6493
1435
1278
11835
4171
3549
5954
1562
29268
2460
1317
29268
1404
2613
1321
1429
4393
2258
3549
1294
1278
8404
1044
2246
5954
1395
6493
1435
1278
8905
5954
1307
2258
10314
1294
1455
3549
2613
2409
1395
6133
1046
3626
13162
1278
8404
1395
1605
8822
1063
2157
8223
8822
1338
33703
1278
2688
2937
1032
1050
1294
1278
4206
2254
1395
2000
3107
1032
1052
1096
3147
1278
5592
1307
1261
1321
1289
1395
1032
1050
1044
1809
13162
1278
2254
1395
15654
1317
1850
1278
11835
4171
4556
1044
1321
13162
1278
11835
1395
16106
1032
1052
3147
1307
2269
16009
1362
4525
11779
1046
9246
1681
3352
1317
23898
3081
1261
20490
1455
10177
1032
1052
2425
2269
19190
1046
3367
1284
1040
1049
1044
1050
8429
1051
1321
1284
1040
1049
1044
1051
8429
1049
1044
4556
1061
1052
1046
3075
1317
2012
1284
1040
1049
1044
1050
8429
1051
1063
3367
3549
5954
1395
1278
4556
1307
10314
25980
1044
1321
1729
4069
1278
11835
3549
4556
1044
2430
1284
1040
1049
1044
1050
8429
1051
1319
7368
1032
1049
1045
1051
1045
1050
1577
1284
1040
1049
1044
1051
8429
1049
1319
44457
1577
6830
4556
1061
1052
1046
3060
2688
1032
1049
2425
4556
7867
1032
1049
1050
1044
1809
13162
1362
5711
4526
92052
2688
1032
1049
4556
1063
9246
1681
6716
33295
2688
1032
1049
4556
1454
1278
14541
1455
1729
1710
12729
22344
22272
1394
2744
10217
1044
1321
13162
1729
1710
2095
12729
1799
3549
1317
4069
1044
1809
13162
1278
3549
5954
1395
4556
1044
1321
1729
2933
1317
33945
4556
1307
1284
8897
3755
3605
1289
3755
8623
2453
7645
26717
1289
1046
2837
4884
1032
1049
1050
1394
2688
1032
1049
1044
1809
2688
1032
1049
64629
1032
1056
1046
4493
4556
19190
24372
2688
1032
1049
1338
7493
1693
3549
5954
1395
8905
10314
5954
1044
1809
1729
1736
1261
2801
20490
10097
1058
13162
1729
1584
1605
8807
1317
7645
2654
1289
89533
1059
13162
1729
1710
2342
38525
6689
1063
3501
1338
33703
1278
4127
1395
1058
1729
1736
1317
33945
1278
4556
1307
1284
8897
3755
3605
1289
3755
8623
2453
7645
26717
1289
1044
1809
1284
4790
15277
1041
1395
1278
11835
4171
3549
5954
1044
1321
3549
5954
1395
1278
8905
10314
5954
1044
1398
5489
1278
8404
1395
15179
1321
1278
20978
1584
4265
1435
1319
1117
42129
74622
1041
1454
1333
1534
1330
1044
1809
1278
8404
1395
15179
1562
1330
1317
1333
1063
3501
1338
33703
1278
2688
2937
1032
1050
1934
1261
96948
1321
2715
1402
1032
1051
1044
1809
1278
3330
17000
1650
1317
4848
3475
1455
22405
1278
9458
1435
2127
1584
1294
1278
2000
6390
1096
2254
1046
9748
1362
4525
1420
26554
1044
1362
1710
4848
1278
6298
11708
5138
1317
1278
8953
3607
1044
1321
1693
2688
1032
1050
24372
1044
1278
3330
4139
8786
1494
1046
3626
1278
3330
24215
8223
1429
12107
1747
1278
9458
2613
1362
2534
1317
3180
5257
2036
3475
22405
1278
2000
6390
1096
2254
1338
12598
1681
3346
1278
2000
6390
1096
2254
2790
21966
2100
2640
3149
4206
5164
52143
3640
1293
2569
7637
2937
1032
1049
1010
1293
6852
15605
1040
1052
1044
31008
1049
1044
1032
1051
1044
1032
1050
1574
1319
1051
1044
1032
1052
1044
1032
1049
1574
1319
1050
1044
1032
1052
1044
1032
1053
1574
1319
1049
1044
1032
1052
1044
1032
1052
50673
1766
1049
1044
1032
1049
1044
1032
1051
3605
1766
1052
1044
1032
1052
1044
1032
1050
8623
2351
1032
1056
1010
1260
1010
1293
2569
7637
2937
1032
1050
1010
1293
6852
15605
1040
1051
1044
31008
1049
1044
1032
1050
1044
1032
1053
1574
1319
1050
1044
1032
1051
1044
1032
1050
1574
1319
1049
1044
1032
1051
1044
1032
1049
50673
1766
1049
1044
1032
1049
3605
1766
1050
1044
1032
1051
8623
2351
1032
1052
1010
1260
1010
1293
2569
7637
2937
1032
1051
1010
1293
6852
15605
1040
1053
1044
31008
1049
1044
1032
1050
1044
1032
1055
1054
1057
1049
1055
1048
1051
1056
1055
1574
1319
1050
1044
1032
1051
1044
1032
1052
1049
1050
1052
1053
1054
1054
1049
1052
1574
1319
1049
1044
1032
1052
1044
1032
1051
1053
1053
1048
1056
1049
1054
1049
1049
1574
1319
1052
1044
1032
1053
1044
1032
1054
1057
1053
1055
1057
1048
1048
1050
1051
50673
1766
1051
1044
1032
1049
3605
1766
1053
1044
1032
1050
8623
2351
1032
1049
1049
1048
1056
1050
1052
1054
1054
1051
1055
1010
1260
1010
1293
2569
7637
2937
1032
1052
1010
1293
6852
15605
1040
1049
1050
1044
31008
1049
1044
1032
1050
1044
1032
1049
1048
1048
1048
1048
1048
1048
1048
1048
1048
1574
1319
1049
1044
1032
1051
1044
1032
1049
1048
1048
1048
1048
1048
1048
1048
1048
1048
1574
1319
1051
1044
1032
1052
1044
1032
1049
1048
1048
1048
1048
1048
1048
1048
1048
1048
1574
1319
1049
1044
1032
1053
1044
1032
1049
1048
1048
1048
1048
1048
1048
1048
1048
1048
1574
1319
1051
1044
1032
1054
1044
1032
1049
1048
1048
1048
1048
1048
1048
1048
1048
1048
1574
1319
1051
1044
1032
1055
1044
1032
1049
1048
1048
1048
1048
1048
1048
1048
1048
1048
1574
1319
1055
1044
1032
1056
1044
1032
1049
1048
1048
1048
1048
1048
1048
1048
1048
1048
1574
1319
1053
1044
1032
1057
1044
1032
1049
1048
1048
1048
1048
1048
1048
1048
1048
1048
1574
1319
1051
1044
1032
1049
1048
1044
1032
1049
1048
1048
1048
1048
1048
1048
1048
1048
1048
1574
1319
1049
1048
1044
1032
1049
1049
1044
1032
1049
1048
1048
1048
1048
1048
1048
1048
1048
1048
1574
1319
1049
1049
1044
1032
1049
1050
1044
1032
1049
1048
1048
1048
1048
1048
1048
1048
1048
1048
1574
1319
1052
1044
1032
1055
1044
1032
1049
1048
1048
1048
1048
1048
1048
1048
1048
1048
1574
1319
1056
1044
1032
1049
1050
1044
1032
1049
1048
1048
1048
1048
1048
1048
1048
1048
1048
1574
1319
1049
1044
1032
1057
1044
1032
1049
1048
1048
1048
1048
1048
1048
1048
1048
1048
1574
1319
1053
1044
1032
1049
1049
1044
1032
1049
1048
1048
1048
1048
1048
1048
1048
1048
1048
1574
1319
1055
1044
1032
1049
1048
1044
1032
1049
1048
1048
1048
1048
1048
1048
1048
1048
1048
1574
1319
1050
1044
1032
1053
1044
1032
1049
1048
1048
1048
1048
1048
1048
1048
1048
1048
1574
1319
1054
1044
1032
1057
1044
1032
1049
1048
1048
1048
1048
1048
1048
1048
1048
1048
1574
1319
1055
1044
1032
1057
1044
1032
1049
1048
1048
1048
1048
1048
1048
1048
1048
1048
1574
1319
1050
1044
1032
1056
1044
1032
1049
1048
1048
1048
1048
1048
1048
1048
1048
1048
50673
1766
1049
1049
1044
1032
1051
1044
1032
1055
1044
1032
1049
1048
1044
1032
1054
1044
1032
1057
3605
1766
1050
1044
1032
1049
1044
1032
1056
1044
1032
1053
1044
1032
1052
1044
1032
1049
1050
8623
2351
1032
1054
1048
1048
1048
1048
1048
1048
1048
1048
1048
1010
1260
1010
1293
2569
7637
2937
1032
1053
1010
1293
6852
15605
1040
1052
1044
31008
1049
1044
1032
1050
1044
1032
1054
1057
1054
1057
1051
1057
1055
1050
1053
1574
1319
1050
1044
1032
1051
1044
1032
1055
1056
1049
1055
1053
1051
1048
1050
1048
1574
1319
1051
1044
1032
1052
1044
1032
1052
1051
1056
1055
1054
1051
1056
1054
1051
1574
1319
1049
1044
1032
1052
1044
1032
1052
1051
1057
1052
1054
1053
1056
1049
1054
1574
1319
1049
1044
1032
1051
1044
1032
1050
1053
1052
1056
1056
1053
1051
1052
1049
50673
1766
1052
1044
1032
1051
3605
1766
1049
1044
1032
1050
8623
2351
1032
1057
1053
1049
1056
1050
1053
1048
1054
1054
1010
1260
1010
1293
2569
7637
2937
1032
1054
1010
1293
6852
15605
1040
1053
1044
31008
1049
1044
1032
1050
1044
1032
1049
1051
1053
1050
1050
1055
1055
1057
1049
1574
1319
1050
1044
1032
1051
1044
1032
1052
1051
1051
1048
1056
1054
1057
1050
1050
1574
1319
1051
1044
1032
1052
1044
1032
1050
1057
1050
1050
1050
1050
1050
1048
1057
1574
1319
1052
1044
1032
1053
1044
1032
1057
1050
1050
1049
1053
1050
1052
1057
50673
1766
1050
1044
1032
1049
3605
1766
1052
1044
1032
1051
8623
2351
1032
1056
1054
1054
1049
1055
1051
1056
1052
1052
1010
1260
1010
1293
2569
7637
2937
1032
1055
1010
1293
6852
15605
1040
1051
1044
31008
1049
1044
1032
1050
1044
1032
1053
1048
1054
1052
1048
1051
1057
1051
1052
1574
1319
1050
1044
1032
1051
1044
1032
1057
1054
1054
1052
1055
1050
1057
1050
1052
1574
1319
1049
1044
1032
1051
1044
1032
1055
1052
1049
1055
1054
1053
1050
1057
1049
50673
1766
1051
3605
1766
1050
8623
2351
1032
1055
1052
1049
1055
1054
1053
1050
1057
1049
1010
1260
1010
1293
2569
7637
2937
1032
1056
1010
1293
6852
15605
1040
1049
1048
1044
31008
1049
1044
1032
1050
1044
1032
1055
1053
1054
1048
1049
1048
1051
1050
1056
1574
1319
1050
1044
1032
1051
1044
1032
1057
1057
1055
1057
1051
1055
1050
1051
1049
1574
1319
1051
1044
1032
1052
1044
1032
1053
1048
1055
1056
1054
1055
1057
1056
1057
1574
1319
1052
1044
1032
1053
1044
1032
1052
1052
1053
1051
1054
1052
1048
1055
1048
1574
1319
1053
1044
1032
1054
1044
1032
1057
1052
1053
1050
1054
1054
1050
1048
1055
1574
1319
1054
1044
1032
1055
1044
1032
1050
1054
1052
1048
1048
1054
1055
1057
1057
1574
1319
1055
1044
1032
1056
1044
1032
1052
1048
1049
1052
1055
1048
1057
1055
1055
1574
1319
1056
1044
1032
1057
1044
1032
1050
1057
1051
1056
1048
1048
1053
1053
1056
1574
1319
1057
1044
1032
1049
1048
1044
1032
1057
1056
1053
1056
1053
1057
1052
1050
1053
50673
1766
1049
1048
1044
1032
1052
1044
1032
1057
1044
1032
1055
1044
1032
1049
3605
1766
1050
1044
1032
1056
1044
1032
1051
1044
1032
1054
1044
1032
1053
8623
2351
1032
1050
1055
1052
1053
1048
1052
1049
1049
1056
1048
1010
1260
1010
1293
2569
7637
2937
1032
1057
1462
4249
29268
17684
1010
1293
6852
15605
1040
1051
1044
31008
1049
1044
1032
1050
1044
1032
1052
1049
1051
1052
1053
1056
1048
1049
1055
1574
1319
1050
1044
1032
1051
1044
1032
1057
1053
1049
1050
1053
1051
1057
1054
1057
1574
1319
1049
1044
1032
1052
1044
1032
1051
1051
1054
1051
1057
1049
1053
1051
1048
1574
1319
1050
1044
1032
1053
1044
1032
1057
1049
1051
1053
1049
1053
1054
1049
1574
1319
1052
1044
1032
1054
1044
1032
1054
1057
1049
1051
1056
1053
1050
1051
1056
1574
1319
1053
1044
1032
1055
1044
1032
1056
1048
1052
1055
1055
1052
1053
1054
1056
1574
1319
1050
1044
1032
1056
1044
1032
1053
1050
1050
1057
1056
1055
1048
1048
1574
1319
1052
1044
1032
1057
1044
1032
1052
1052
1050
1056
1051
1051
1054
1057
1050
1574
1319
1049
1044
1032
1049
1048
1044
1032
1053
1048
1054
1052
1054
1050
1054
1048
1574
1319
1049
1048
1044
1032
1049
1049
1044
1032
1056
1051
1057
1054
1056
1051
1052
1052
1052
1574
1319
1055
1044
1032
1049
1050
1044
1032
1049
1052
1050
1050
1053
1054
1050
1053
1053
1574
1319
1057
1044
1032
1049
1051
1044
1032
1055
1056
1053
1048
1053
1056
1053
1055
1055
1574
1319
1049
1050
1044
1032
1049
1052
1044
1032
1051
1049
1057
1049
1049
1054
1051
1055
1050
1574
1319
1055
1044
1032
1049
1053
1044
1032
1052
1051
1052
1053
1054
1053
1057
1052
1053
1574
1319
1049
1052
1044
1032
1049
1053
1044
1032
1053
1056
1054
1054
1051
1051
1057
1054
1048
1574
1319
1049
1044
1032
1049
1050
1044
1032
1056
1057
1056
1053
1051
1056
1055
1056
1054
1574
1319
1056
1044
1032
1049
1053
1044
1032
1053
1056
1050
1051
1057
1055
1051
1052
1055
1574
1319
1051
1044
1032
1057
1044
1032
1057
1054
1056
1052
1051
1054
1053
1049
1052
1574
1319
1051
1044
1032
1049
1049
1044
1032
1050
1050
1050
1054
1048
1049
1055
1057
1052
1574
1319
1051
1044
1032
1049
1048
1044
1032
1056
1057
1050
1048
1052
1054
1054
1050
1054
1574
1319
1050
1044
1032
1049
1048
1044
1032
1053
1048
1052
1050
1051
1050
1050
1053
1056
1574
1319
1052
1044
1032
1053
1044
1032
1052
1051
1050
1056
1054
1054
1055
1048
1048
50673
1766
1051
3605
1766
1052
8623
2351
1032
1056
1051
1057
1054
1056
1051
1052
1052
1052
1010
1260
1010
1293
2569
7637
2937
1032
1049
1048
1010
1293
6852
15605
1040
1054
1044
31008
1049
1044
1032
1050
1044
1032
1051
1054
1051
1056
1051
1049
1048
1051
1054
1574
1319
1049
1044
1032
1051
1044
1032
1052
1057
1057
1050
1049
1052
1051
1049
1053
1574
1319
1049
1044
1032
1052
1044
1032
1055
1056
1052
1051
1055
1050
1055
1056
1049
1574
1319
1049
1044
1032
1053
1044
1032
1049
1048
1050
1051
1054
1053
1050
1049
1050
1574
1319
1049
1044
1032
1054
1044
1032
1055
1050
1048
1050
1051
1051
1057
1050
1050
50673
1766
1051
1044
1032
1052
1044
1032
1054
3605
1766
1050
1044
1032
1053
1044
1032
1049
8623
2351
1032
1050
1048
1048
1051
1056
1050
1049
1048
1049
1056
1010
1260
1010
1293
2569
7637
2937
1032
1049
1049
1010
1293
6852
15605
1040
1050
1044
31008
1049
1044
1032
1050
1044
1032
1051
1056
1056
1057
1051
1051
1051
1054
1057
50673
1766
1050
3605
1766
1049
8623
2351
1032
1051
1056
1056
1057
1051
1051
1051
1054
1057
1010
1260
1010
1293
2569
7637
2937
1032
1049
1050
1010
1293
6852
15605
1040
1055
1044
31008
1049
1044
1032
1050
1044
1032
1054
1048
1054
1053
1050
1051
1056
1052
1056
1574
1319
1049
1044
1032
1051
1044
1032
1051
1054
1057
1057
1057
1049
1050
1050
1056
1574
1319
1050
1044
1032
1052
1044
1032
1051
1049
1050
1054
1054
1051
1053
1052
1051
1574
1319
1051
1044
1032
1053
1044
1032
1051
1052
1054
1056
1050
1049
1050
1050
1050
1574
1319
1052
1044
1032
1054
1044
1032
1056
1052
1048
1053
1048
1057
1052
1048
1055
1574
1319
1052
1044
1032
1055
1044
1032
1054
1052
1052
1057
1057
1057
1057
1051
1049
50673
1766
1055
1044
1032
1053
1044
1032
1051
3605
1766
1054
1044
1032
1049
1044
1032
1050
8623
2351
1032
1049
1056
1049
1055
1048
1050
1052
1052
1056
1051
1010
2731
4668
2576
9458
8100
2688
1032
1050
4395
1278
6705
19190
1046
7637
1032
1050
64629
1032
1052
1046
1032
1267
33703
2156
1681
1261
2801
11857
1058
12494
1278
4127
1395
1605
2314
1373
3074
8039
2753
1044
1809
2314
4433
2849
1046
1429
4393
2258
3549
1294
1278
8404
1044
2246
5954
1395
6493
1435
1278
8905
5954
1307
2258
10314
1294
1455
3549
1046
1284
4790
1044
1404
1041
1395
6493
1435
1278
11835
4171
3549
5954
1562
29268
2460
1317
29268
1404
2613
5646
1681
8039
2753
1046
1429
1784
6255
1395
1317
7645
2654
7980
1289
2516
1455
1278
4556
1307
1284
8897
3755
3605
1289
3755
8623
1394
1747
1623
1395
80884
2613
2409
1395
26181
1338
33703
1278
2688
2937
1032
1050
64629
1032
1052
3147
1278
11835
4556
1395
12955
1536
1261
77806
1455
1395
1605
1261
6165
128445
1491
1063
5675
1693
1278
14170
1261
1321
1289
1736
5592
1032
1050
1044
1809
1729
1584
1317
7645
2654
1289
1044
1321
1278
4556
1395
1284
8897
1091
1048
3605
1289
1091
1048
8623
1867
1284
8897
1091
1049
3605
1289
1091
1049
30717
1809
13162
1278
77806
1395
7960
1317
1289
1044
1321
2430
1729
4556
1044
1809
13162
1278
2254
1284
1395
1605
44942
1063
1656
1673
58636
8404
1494
1395
1338
33703
1278
8404
1934
1308
1061
1051
36281
1044
1809
1278
20978
1584
1319
1049
1044
1050
1044
1053
1574
1319
1050
1044
1051
1044
1050
1574
1319
1049
1044
1051
1044
1049
1577
17048
1278
4832
1032
1052
9896
1562
1278
3121
1455
1729
6560
4395
1261
1032
1049
1317
1289
1032
1051
3147
1289
1091
1049
18652
1051
1321
1261
1091
1049
18652
1049
1044
1809
13162
1278
20490
4016
1402
1261
1728
54644
1063
3501
1338
7493
1693
1278
4127
1395
1058
1729
1736
1317
7645
2654
1289
1044
1809
1278
4556
1395
1307
1284
8897
3755
3605
1289
3755
8623
2478
1284
1395
1278
11835
4171
3549
5954
1044
1809
3549
5954
1395
1278
8905
10314
5954
1044
12164
1729
1584
1317
33945
1278
4556
1044
1809
13162
1278
8404
1395
2516
1455
1278
36281
1584
1032
1049
37601
1286
1044
1321
1278
14170
1261
1321
1289
4139
4231
36281
1455
1584
1605
1294
1278
8404
1063
3501
1338
33703
1278
2688
2937
1032
1050
1294
1278
4206
2254
1395
7442
2000
3107
1032
1051
1096
1321
1278
3330
3214
1261
27223
1294
1278
3880
5117
1046
3626
1278
3330
8223
1429
11745
1681
1278
3880
1058
6421
6852
15605
124715
2351
1032
1052
3871
5646
1681
1278
3880
2127
4884
1046
4493
2034
4607
3475
8583
4433
1455
9147
1455
57500
1317
7195
1046
4159
2933
1261
1875
11708
1455
22405
1747
9458
1046
3367
1362
4848
3475
1455
10721
1032
1051
1394
2688
1032
1050
1044
1494
2084
7195
1278
57500
2000
3107
1032
1052
9816
3367
1362
4848
3475
1455
10721
1032
1052
1044
1494
4139
2764
1809
4323
2147
5705
1063
9246
1681
2688
1693
1362
1710
3180
1261
2254
1455
10721
1032
1052
1394
2688
1032
1050
1321
6298
16897
1394
6218
1536
2269
22454
1338
33703
1278
4127
1395
1058
1729
1736
1317
7645
2654
1289
1044
1809
1278
4556
1395
1307
1284
8897
3755
3605
1289
3755
8623
2478
1284
1395
1278
11835
4171
3549
5954
1044
1809
3549
5954
1395
1278
8905
10314
5954
1044
12164
1729
1584
1317
33945
1278
4556
1044
1809
13162
1278
8404
1395
1605
1278
1925
1729
3648
1059
13162
1278
20978
1584
1319
1117
42129
74622
1041
1321
1729
1710
2210
20978
1294
2258
6195
1044
1809
13162
1278
8404
1395
15179
1321
1729
1710
2342
44594
20978
1294
1278
4265
6195
1044
1321
1278
22344
1584
15179
22344
1063
9246
1681
2688
15179
8404
1454
20978
1032
1049
1941
1050
1319
1053
1574
1032
1050
1941
1051
1319
1050
1574
1032
1049
1941
1051
1319
1049
1577
2837
2697
1455
1044
4884
1032
1054
1338
7493
1693
1278
8404
1395
1673
58636
1044
1809
1278
3549
5954
1395
1278
8905
10314
5954
1044
1321
1284
4790
15277
1041
1395
1278
11835
4171
3549
5954
1044
1809
13162
1729
1584
1317
3369
1455
1278
3549
4016
3030
1513
1261
3755
1093
1321
2362
1513
1289
3755
3605
1321
1729
1710
7645
2654
1289
1044
1809
13162
1278
20490
1395
1605
1261
128445
1491
1059
13162
1729
1710
4395
6245
1261
1681
1317
1278
2879
1289
1063
3501
1338
33703
1278
2688
2937
1032
1050
1934
1261
2801
1261
1321
1289
1058
2000
1097
18359
1049
1044
1032
1049
3605
1289
18359
1050
1044
1032
1051
1093
9816
25298
1494
1402
1455
1278
11835
4556
1395
1032
1052
3147
1729
1736
1317
2210
1747
36281
1063
3501
1338
12598
1681
3352
1317
3219
1693
2156
1681
2258
2147
3039
1058
13162
1278
4127
1395
1317
3081
1278
11835
4171
4556
1307
3549
25980
1044
2478
1278
3549
5954
1395
1278
8905
10314
5954
1044
1809
1729
1584
8807
1317
12729
1278
22344
2516
1455
1278
4556
1307
1278
8905
10314
25980
1395
80884
1044
12164
1729
1710
2095
7645
2654
1289
1044
1809
13162
1278
14170
1261
1321
1289
1584
1307
1278
2879
5592
1044
1321
1729
1710
2095
12729
1317
1344
3570
1261
1063
3501
1338
18661
6674
1058
13162
1278
4127
1395
1562
1261
21448
2478
1278
8404
1395
1261
9917
1063
3626
2688
1032
1049
1395
1605
1261
9917
1319
1052
36281
1044
1032
1052
20978
1577
7637
1032
1050
1395
1261
34216
1338
33703
1278
2688
2937
1032
1050
1294
1278
4206
2254
1395
2000
3107
1032
1052
1096
3147
1307
1261
2801
12270
1307
1284
4790
15277
4244
13162
1284
4790
15277
1041
1395
1278
11835
4171
3549
5954
1044
1809
3549
5954
1395
1278
4556
1307
10314
25980
1044
12164
1278
1429
62437
5954
1307
2258
10314
1034
1395
2586
1261
6360
1307
1278
3549
5954
1394
1261
2801
1805
1063
3626
1278
8953
3607
8223
1494
1681
1278
12270
1338
36296
1278
2142
1362
6483
13914
1044
1362
3648
1278
2725
22810
5725
1395
1317
5687
1278
6705
19190
1319
1077
3074
1867
49169
1047
71377
2654
1041
1321
9134
1455
2688
1032
1050
4139
1736
1261
96948
1044
1809
4136
1278
3330
24215
8223
1429
12107
1747
1278
9458
1897
1362
2534
1317
3180
1494
2764
1046
17048
1362
1710
5687
1278
2254
1321
2430
2229
1261
6061
2937
1394
2688
1032
1050
1063
3626
1278
3330
4139
3160
1278
4206
2254
1454
1278
7092
19842
1044
1321
1693
1362
5132
6154
1261
6061
2937
1044
1494
4139
2196
1044
1809
1494
1681
1605
1261
4352
5097
1046
3886
1044
1278
16925
8223
1429
6949
5687
1278
2254
5055
1321
2764
1747
1278
9458
2613
3367
1278
2254
6360
13335
1317
1032
1051
1394
2688
1032
1050
1044
1809
1278
2688
64629
1032
1052
1044
2156
1681
1261
60125
1046
1656
2516
5443
1044
7754
1278
9458
1584
1278
17249
1044
1321
1278
8953
3607
4139
1736
1261
27223
1046
1362
6483
5753
3325
99862
2478
1278
8953
3607
3336
1395
8462
1809
1278
9458
1584
6298
1046
9380
1044
1278
8953
3607
3336
1394
2688
1032
1050
8223
1032
1051
1044
1809
1278
2688
8223
1032
1052
1046
1531
3330
4139
1736
70440
8533
1278
2688
1317
1032
1052
1317
3219
1693
1362
15803
1044
1505
1494
1681
1261
96948
1046
3626
1362
4016
2685
1278
9458
1338
33703
1362
1710
3081
1261
3039
1317
2012
1032
1052
1394
2688
1032
1050
3016
18528
6705
19190
1394
6218
1046
9246
1681
2688
1693
2156
1681
2258
2147
20490
1455
10177
1032
1052
2425
6705
19190
1809
1454
1261
2801
8404
9253
1046
5675
1693
1278
1373
3074
1395
1605
8877
1063
2898
2688
1032
1050
1044
1373
3074
20978
1058
1319
1049
1044
1051
1044
1049
1041
1321
1319
1050
1044
1051
1044
1050
1041
1395
1278
2342
1373
3074
1046
1284
1040
1049
1044
1050
8429
1050
1044
1284
1040
1049
1044
1051
8429
1049
1046
10852
1061
1051
1046
3367
1729
5244
1261
2801
64283
9917
1063
3626
1373
3074
1395
8877
1394
8039
2753
1063
49032
1044
2258
1373
3074
10177
1278
2879
8039
2753
29145
1046
3367
1729
5244
64283
9917
1454
20978
1319
1049
1044
1050
1044
1053
1041
1321
1319
1049
1044
1051
1044
1049
1574
2430
1284
1040
1049
1044
1050
8429
1053
1044
1284
1040
1049
1044
1051
8429
1049
1044
4556
2168
1402
1032
1054
1505
1032
1054
1046
5500
1032
1052
1338
7493
1693
1278
4127
1395
1058
1729
1736
1317
7645
2654
1289
1044
1809
1278
4556
1395
1307
1284
8897
3755
3605
1289
3755
8623
2478
1284
1395
1278
11835
4171
3549
5954
1044
1809
3549
5954
1395
1278
8905
10314
5954
1044
12164
1729
1584
1317
33945
1278
4556
1044
1809
13162
1278
8404
1934
1308
36281
1044
1321
1278
14170
1261
1321
1289
4139
1736
5592
7607
2224
1308
1063
3501
1338
33703
1278
2688
2937
1032
1050
64629
1032
1052
3147
1278
11835
4556
1395
12955
1536
1261
77806
1455
1395
1605
1261
128445
1491
1063
5675
1693
1729
1710
7645
2654
1289
1044
1809
1729
1710
2095
12729
1317
1605
2210
2269
6689
1063
3501
1338
36296
1278
22991
22474
1044
1362
7534
14649
1455
1278
2688
1032
1050
45951
1294
1278
4206
2254
1395
1261
96948
1321
2715
1402
1032
1051
1044
1809
4136
1278
3330
24215
6122
2000
3107
1032
1052
7273
1362
7534
5687
1278
6705
19190
1321
10789
1278
3330
1681
2688
43007
7442
1934
2000
3107
1032
1051
69524
3626
1278
3330
5662
1278
4206
2254
1454
2000
3107
1032
1052
9816
2813
1420
26554
1044
1362
2715
4848
3475
1455
22405
1278
2000
6390
1096
2254
1435
8360
1046
3367
1362
4848
3475
1454
6705
19190
1044
1494
2084
7195
1278
2000
8723
15605
124715
2351
1032
1052
9816
1362
2534
1317
3180
1494
1850
1032
1052
1338
7801
1710
1362
3180
1494
1850
1032
1052
1063
9246
1681
3352
1317
3219
1693
2156
1681
2258
2147
19190
1455
28248
1032
1052
1394
2688
1032
1050
1321
6298
1394
6218
1046
17048
1278
4127
1395
1058
1729
1736
1317
7645
2654
1289
1044
1809
1278
4556
1395
1307
1284
8897
3755
3605
1289
3755
8623
2478
1284
1395
1278
11835
4171
3549
5954
1044
1809
3549
5954
1395
1278
8905
10314
5954
1044
12164
1729
1584
1317
33945
1278
4556
1044
1809
13162
1278
8404
1395
15179
1321
1278
20978
1584
4265
1435
1319
1117
42129
74622
1041
1454
1333
1534
1330
1044
1809
1278
8404
1395
15179
1562
1330
1317
1333
1063
3501
1338
33703
1278
14170
1261
1321
1289
1584
7645
7239
1044
1809
1278
4556
1395
1307
1284
8897
3755
3605
1289
3755
8623
2478
1284
1395
1278
11835
4171
3549
5954
1044
1809
13162
1278
8404
1934
1308
36281
1044
1321
1278
20978
1584
4265
1044
1809
13162
1278
2254
1284
4790
15277
1041
1395
6493
1435
1278
11835
4171
3549
5954
1562
2460
1317
1404
1044
1321
3549
5954
1395
1278
8905
10314
5954
1044
1398
5489
1729
1584
1317
3369
1455
1278
3549
4016
1402
6165
1321
1729
4069
1278
8905
10314
1044
12164
1729
1584
1317
33945
1278
4556
1044
1809
13162
1278
14170
1261
1321
1289
1584
1307
1278
2879
5592
1044
1321
1729
1710
7645
2654
1289
1044
1809
13162
1278
4891
1623
11500
1562
1032
1049
1317
1283
1044
1321
1278
80751
1395
1261
3755
1093
1454
1289
3755
1093
2453
7645
26717
1289
1044
1809
13162
1278
77806
1395
7960
1317
1289
1044
1321
2430
1729
4556
1284
8897
3755
3605
1289
3755
30717
1809
13162
1278
2254
1284
1395
1605
44942
1063
1656
1673
58636
8404
1494
1395
1338
33703
1278
2688
2937
1032
1050
1934
1261
96948
1294
1278
4127
10674
1044
1809
1278
2688
64629
1032
1052
3147
1307
2269
2147
5972
1046
9246
1681
3352
1317
24002
1278
4832
1032
1052
1536
92098
128113
2136
1747
4171
30002
1307
1284
1046
56586
1284
4790
15277
1041
1395
1278
11835
2136
22344
1307
1278
8905
10314
5954
1044
1809
13162
1278
3549
4016
3030
1513
2460
1321
2362
1513
1404
1044
1321
1729
1710
2342
2210
20978
1455
1584
1294
1278
4265
2951
1044
1809
13162
1278
8404
1395
15179
1321
1729
1710
2342
44594
20978
1294
1278
4265
6195
1044
1321
1278
22344
1584
15179
22344
1063
2837
5314
6820
1338
33703
1278
4127
1395
1058
1729
1736
1317
33945
1278
4556
1307
1284
8897
3755
3605
1289
3755
8623
2453
7645
26717
1289
1044
1809
1284
4790
15277
1041
1395
1278
11835
4171
3549
5954
1044
1321
3549
5954
1395
1278
8905
10314
5954
1044
12164
1729
1584
1317
3369
1455
1278
8404
4139
1736
6245
8822
7995
1063
3626
1494
1681
8822
1338
33703
1278
2688
2937
1032
1050
1934
1261
1061
1766
1049
1044
1049
1093
1321
1289
18359
1050
1044
1051
3605
1809
13162
1278
2254
1284
4790
15277
1041
1395
6493
1435
1278
11835
4171
3549
5954
1044
1809
3549
5954
1395
1278
8905
10314
5954
1044
12164
1729
1584
1317
33945
1278
4556
1044
1809
13162
1278
14170
1261
1321
1289
1584
1307
1278
2879
5592
1044
1321
1729
1710
7645
2654
1289
1044
1809
13162
1278
4891
1623
11500
1562
1032
1049
1317
1283
1044
1321
1278
80751
1395
1261
3755
1093
1454
1289
3755
1093
2453
7645
26717
1289
1044
1809
13162
1278
77806
1395
7960
1317
1289
1044
1321
2430
1729
4556
1284
8897
3755
3605
1289
3755
30717
1809
13162
1278
2254
1284
1395
1605
44942
1063
1656
1673
58636
8404
1494
1395
1338
1073
4525
25988
1046
9246
1681
2985
1513
2688
1032
1055
1058
2000
1099
52143
1040
1051
1044
31008
1049
1044
1032
1050
1044
1032
1053
1048
1054
1052
1048
1051
1057
1051
1052
1574
1319
1050
1044
1032
1051
1044
1032
1057
1054
1054
1052
1055
1050
1057
1050
1052
1574
1319
1049
1044
1032
1051
1044
1032
1055
1052
1049
1055
1054
1053
1050
1057
1049
50673
1766
1051
3605
1766
1050
8623
2351
1032
1055
1052
1049
1055
1054
1053
1050
1057
1049
9816
2409
1395
1261
4249
10217
1044
1321
1278
4832
1395
1278
3236
10314
5954
1032
1055
1052
1049
1055
1054
1053
1050
1057
1049
1044
1799
1395
1278
8039
2753
1319
31346
3549
1032
1051
1045
1049
1045
1050
2168
1736
6705
1040
1055
1052
1049
1077
1044
1032
1053
1048
1054
1077
8429
1055
1052
1049
1077
1044
2879
1577
4493
1455
14175
6705
1338
4922
1032
1049
1049
1058
2000
1099
52143
1040
1050
1044
31008
1049
1044
1032
1050
1044
1032
1051
1056
1056
1057
1051
1051
1051
1054
1057
50673
1766
1050
3605
1766
1049
8623
2351
1032
1051
1056
1056
1057
1051
1051
1051
1054
1057
9816
21381
10314
1044
14175
6705
1338
4922
1032
1049
1058
1032
1056
14175
6705
1338
4922
1032
1051
1058
1032
1049
1049
1048
1056
1050
1052
1054
1054
1051
1055
14175
6705
1338
4922
1032
1052
1058
1032
1054
1101
1057
14175
6705
1319
1599
20978
1032
1049
1101
1057
2519
4922
1032
1053
1058
1032
1057
1053
1049
1056
1050
1053
1048
1054
1054
14175
6705
1338
4922
1032
1054
1058
1032
1056
1054
1054
1049
1055
1051
1056
1052
1052
14175
6705
1338
4922
1032
1056
1058
1032
1050
1055
1052
1053
1048
1052
1049
1049
1056
1048
14175
6705
1338
4922
1032
1057
1058
1032
1056
1051
1057
1054
1056
1051
1052
1052
1052
14175
6705
1338
4922
1032
1049
1048
1058
1032
1050
1048
1048
1051
1056
1050
1049
1048
1049
1056
14175
6705
1338
4922
1032
1049
1050
1058
1032
1049
1056
1049
1055
1048
1050
1052
1052
1056
1051
14175
6705
1338
18585
2688
1032
1050
1395
1032
1052
8070
1032
1051
1046
1032
1267
33703
1278
2688
2937
1032
1050
1294
1278
4206
2254
1395
7442
2000
3107
1032
1051
1096
1321
1278
3330
3214
1261
96948
1294
1278
3880
5117
1046
1531
3880
5117
8223
1058
2000
8723
15605
1040
1051
1044
31008
1049
1044
1032
1050
1044
1032
1053
1574
1319
1050
1044
1032
1051
1044
1032
1050
1574
1319
1049
1044
1032
1051
1044
1032
1049
50673
1766
1049
1044
1032
1049
3605
1766
1050
1044
1032
1051
8623
2351
1032
1052
9816
3626
1278
8953
3607
3336
8223
2000
1051
9816
1531
3330
4139
1736
9441
4595
65356
1278
8462
45951
1046
3886
1044
1278
3330
8223
1429
2892
75956
1419
1044
1593
1395
2143
6255
1058
18228
1278
3629
2254
21734
1321
8953
3607
1044
10886
5687
1278
2254
5055
1321
2764
1747
1278
9458
1046
1603
24151
16424
70914
84674
14671
48761
1083
11621
1034
2409
24277
1278
9458
1584
9247
1046
1362
2534
1317
2764
2424
1338
33703
1362
1710
5687
1278
2254
2505
1278
6705
19190
1044
1321
2430
1513
1278
3435
2362
1044
1693
1278
4292
14175
2688
1032
1050
10693
1044
1850
1032
1052
1063
3626
1455
1681
111690
1321
4139
1605
1402
2549
1278
3330
17000
1046
3886
1044
1278
3330
4139
1605
5759
1435
2730
1435
1278
9458
2764
1046
3626
1278
4127
8223
1429
6949
5687
1278
2254
5055
1897
1878
36426
1302
1261
6061
2937
4139
1402
3675
1278
12820
1046
3626
1693
1494
1681
1278
2342
3039
1317
2764
1278
4265
9458
1044
13162
1362
1736
1317
1653
1494
1046
3626
7754
1294
2576
99862
1044
1278
9458
1584
12714
1044
1321
1278
70385
1395
3964
1317
1261
27223
1294
1278
16925
1046
1362
6483
5753
3325
2516
99862
2478
1278
8953
3607
1934
1261
96948
1809
1278
9458
1584
6298
1044
1505
16813
51759
1046
1531
3330
8223
1429
24151
16424
70914
84674
14671
48761
1083
2613
4493
1278
9458
1584
9247
1046
1362
2534
1317
3180
1278
2254
2764
1278
9458
1435
2127
1584
1338
12598
1681
1344
41412
1278
3330
1681
2158
5117
1058
2127
5662
1278
2254
21734
1321
8953
3607
1044
1321
2430
1261
2000
6390
1096
2254
1454
9458
1046
4159
4150
1429
10311
1278
3629
2254
21734
1321
8953
3607
1044
10886
5687
1278
2254
5055
1321
2764
1747
1278
9458
1046
1603
24151
16424
70914
84674
14671
48761
1083
11621
3213
2715
30711
1278
3475
1636
13330
1294
1261
1335
107485
3475
4950
1319
3038
44642
1041
1319
43880
2084
80858
1278
4618
7389
114478
6830
2127
2629
1278
2000
6390
1096
2254
1046
6830
2127
4150
1429
15908
4206
45525
128857
9596
80104
1041
1317
3160
9458
2613
4493
1278
3330
17000
1639
1317
4848
1278
11708
1307
2000
2422
128857
9596
80104
1096
1455
2084
2764
1278
2000
6390
1096
2254
1338
36296
1455
2036
4607
6983
9700
1454
1420
3283
35305
4507
1321
2430
1420
20628
1292
4507
1408
2688
1032
1050
1319
3004
1286
1032
1051
6302
1307
1032
1052
1574
1362
2534
1317
9470
3475
1455
10721
1032
1052
1394
2688
1032
1050
1338
33703
2156
1681
1261
2801
11857
1058
12494
1278
4127
1395
1605
2314
1373
3074
8039
2753
1044
1809
2314
23716
1278
11835
4171
4556
1307
3549
25980
2478
1278
3549
5954
1395
1278
8905
10314
5954
1044
1809
1729
1584
1317
7645
2654
1289
1044
1321
13162
1278
20490
1395
1605
1261
128445
1491
1809
1729
1710
4395
6245
1261
1681
1317
1278
2879
1289
1063
3501
1338
33703
1278
14170
1261
1321
1289
1584
1307
1278
2879
5592
1044
1809
1729
1584
1317
7645
2654
1289
1044
1321
1278
4556
1395
1307
1284
8897
3755
3605
1289
3755
8623
2478
1284
1395
1278
11835
4171
3549
5954
1044
1809
3549
5954
1395
1278
8905
10314
5954
1044
12164
1729
1584
1317
33945
1278
4556
1044
1809
13162
1278
8404
1395
2516
1455
1278
36281
1584
1032
1049
37601
1286
1044
1321
1278
14170
1261
1321
1289
4139
4231
36281
1455
1584
1605
1294
1278
8404
1063
3501
1338
33703
1278
2688
2937
1032
1050
64629
1032
1052
3147
1278
11835
4556
1395
12955
1536
1261
77806
1455
1395
1605
1261
6165
128445
1491
1063
5675
1693
1729
1710
7645
2654
1289
1044
1809
1729
1710
2095
12729
1317
1344
3570
1261
1063
3501
1338
12598
1681
3352
1317
3219
1693
2156
1681
2258
2147
3039
1317
2012
1032
1052
1394
2688
1032
1050
1454
1278
6705
19190
1809
1454
1261
2801
8404
9253
1046
5675
1693
1278
8404
1934
1308
1061
1051
36281
1044
1809
1278
20978
1584
1319
1049
1044
1050
1044
1053
1574
1319
1050
1044
1051
1044
1050
1574
1319
1049
1044
1051
1044
1049
1577
17048
1278
4832
1032
1052
9896
1562
1278
3121
1455
1729
6560
4395
1261
1032
1049
1317
1289
1032
1051
3147
1289
1091
1049
18652
1051
1321
1261
1091
1049
18652
1049
1044
1809
13162
1278
20490
4016
1402
1261
1728
54644
1063
3501
1338
7493
1693
1278
4127
1395
1058
1729
1736
1317
7645
2654
1289
1044
1809
1278
4556
1395
1307
1284
8897
3755
3605
1289
3755
8623
2478
1284
1395
1278
11835
4171
3549
5954
1044
1809
3549
5954
1395
1278
8905
10314
5954
1044
12164
1729
1584
1317
33945
1278
4556
1044
1809
13162
1278
8404
1395
15179
1321
1278
20978
1584
4265
1435
1319
1117
42129
74622
1041
1454
1333
1534
1330
1044
1809
1278
8404
1395
15179
1562
1333
1317
1330
1063
2837
6820
1455
1338
33703
1278
2688
2937
1032
1050
1934
1261
1061
1766
1049
1044
1032
1049
1093
1321
1289
18359
1050
1044
1032
1051
3605
1809
13162
1278
2254
1284
4790
15277
1041
1395
6493
1435
1278
11835
4171
3549
5954
1044
1809
3549
5954
1395
1278
8905
10314
5954
1044
12164
1729
1584
1317
33945
1278
4556
1044
1809
13162
1278
8404
1934
1308
1061
1051
36281
1044
1321
1278
14170
1261
1321
1289
4139
1736
5592
1032
1050
1044
1809
13162
1278
4832
1032
1052
1395
3147
1729
1736
1317
2210
1747
36281
1063
3501
1338
18661
4914
1058
13162
1278
4127
1395
1317
33945
1278
4556
1307
1284
8897
3755
3605
1289
3755
8623
2453
7645
26717
1289
1044
1809
1284
4790
15277
1041
1395
1278
11835
4171
3549
5954
1044
1321
3549
5954
1395
1278
8905
10314
5954
1044
1398
5489
1278
8404
1395
1605
1278
1925
1729
3648
1059
13162
1278
20978
1584
1319
1117
42129
74622
1041
1321
1729
1710
2210
20978
1294
2258
6195
1044
1809
13162
1278
8404
1395
15179
1321
1729
1710
2342
44594
20978
1294
1278
4265
6195
1044
1321
1278
22344
1584
15179
22344
1063
2837
5314
6820
1338
33703
1278
4127
1395
1058
1729
1736
1317
3081
1278
11835
4171
4556
1307
3549
25980
1044
2478
1278
3549
5954
1395
1278
8905
10314
5954
1044
1809
1729
1584
8807
1317
12729
1278
22344
2516
1455
1278
4556
1307
1278
8905
10314
25980
1395
80884
1044
12164
1729
1710
2095
7645
2654
1289
1044
1809
13162
1278
14170
1261
1321
1289
1584
1307
1278
2879
5592
1044
1321
1729
1710
2095
12729
1317
1344
3570
1261
1063
3501
1338
36296
1278
2142
1044
1362
7534
5687
1278
6705
19190
1319
1077
3074
1867
113835
1867
26181
1536
96478
1041
1321
2430
2229
1261
6061
2937
1394
2688
1032
1050
1317
1850
1032
1052
1046
3626
7377
1044
1278
3330
2639
1429
24151
16424
70914
84674
14671
48761
1083
2613
2157
6354
2405
4150
1362
1710
2405
22347
1278
2254
1317
7782
2688
5443
1044
1809
12837
1729
2933
1261
4352
5097
1046
3886
1044
1693
1278
2688
1032
1050
45951
1395
1261
96948
1044
12327
1261
6061
2937
4139
1402
5753
1435
1261
64745
1046
3626
1278
3330
4139
1736
70440
2016
2688
1032
1050
1317
1032
1052
1317
2688
4433
2849
1046
9246
1681
4206
1693
2156
1681
2258
2147
2688
1455
4139
5628
1261
26439
1046
7637
2937
1032
1055
1934
5592
1032
1049
1044
2688
1032
1049
1049
5592
1032
1049
1046
7637
2937
1032
1057
1934
5592
1032
1049
1046
7637
2937
1032
1050
1934
5592
1032
1050
1338
33703
1278
4127
1395
1058
1729
1736
1317
7645
2654
1289
1044
1809
1278
4556
1395
1307
1284
8897
3755
3605
1289
3755
8623
2478
1284
1395
1278
11835
4171
3549
5954
1044
1809
3549
5954
1395
1278
8905
10314
5954
1044
12164
1729
1584
1317
33945
1278
4556
1044
1809
13162
1278
8404
1395
2516
1455
1278
36281
1584
1032
1049
37601
1286
1044
1321
1278
14170
1261
1321
1289
4139
4231
36281
1455
1584
1605
1294
1278
8404
1063
3501
1338
33703
1362
1710
5687
1278
2254
2505
1278
6705
19190
1044
1321
2430
1278
2688
1032
1050
2084
7195
1044
1809
1278
3330
4139
1736
3214
1261
27223
1046
2813
1420
26554
1044
1362
2715
4848
1278
6298
11708
5138
1317
1278
4127
6360
1044
1321
1693
1278
2688
1032
1050
1395
8462
1044
1278
3330
2084
3219
1494
1046
3626
1278
3330
24215
8223
1429
12107
1747
1278
9458
2613
1362
2534
1317
3180
1494
2764
1338
12598
1681
3352
1317
3219
1693
2156
1681
2258
2147
3039
1058
13162
1278
2254
1284
4790
15277
1041
1395
6493
1435
1278
11835
4171
3549
5954
1044
1809
3549
5954
1395
1278
8905
10314
5954
1044
12164
1729
1584
1317
33945
1278
4556
1044
1809
13162
1278
8404
1395
1605
8822
1063
2157
8223
8822
1338
33703
1278
2688
2937
1032
1050
1294
1278
4206
2254
1395
7442
2000
3107
1032
1051
1096
1321
1278
3330
1681
3880
5117
1395
8462
1046
1531
3880
5117
8223
1058
2000
8723
15605
1040
1051
1044
31008
1049
1044
1032
1050
1044
1032
1053
1574
1319
1050
1044
1032
1051
1044
1032
1050
1574
1319
1049
1044
1032
1051
1044
1032
1049
50673
1766
1049
1044
1032
1049
3605
1766
1050
1044
1032
1051
8623
2351
1032
1052
9816
3626
1278
8953
3607
3336
8223
2000
1051
9816
1531
3330
4139
1736
9441
4595
65356
1278
8462
45951
1046
3886
1044
1278
3330
8223
1429
2892
75956
1419
1044
1593
1395
2143
6255
1058
18228
1278
3629
2254
21734
1321
8953
3607
1044
10886
5687
1278
2254
5055
1321
2764
1747
1278
9458
1046
1603
24151
16424
70914
84674
14671
48761
1083
11621
1034
2409
24277
1278
9458
1584
9247
1046
1362
2534
1317
2764
2424
1338
33703
1362
1710
5687
1278
2254
2505
1278
6705
19190
1044
1321
2430
1513
1278
2362
1044
1693
1278
5592
1307
1261
1395
1032
1050
1321
1278
4811
8404
14175
1044
1850
1032
1052
1063
5646
1681
4382
36426
1121
1338
33703
1278
4127
1395
1058
1729
1736
1317
7645
2654
1289
1044
1809
1278
4556
1395
1307
1284
8897
3755
3605
1289
3755
8623
2478
1284
1395
1278
11835
4171
3549
5954
1044
1809
3549
5954
1395
1278
8905
10314
5954
1044
12164
1729
1584
1317
33945
1278
4556
1044
1809
13162
1278
8404
1395
2516
1455
1278
36281
1584
1032
1049
37601
1286
1044
1321
1278
14170
1261
1321
1289
4139
4231
36281
1455
1584
1605
1294
1278
8404
1063
3501
1338
12598
1681
3648
7805
1278
7616
1058
13162
1278
4127
1395
1317
33945
1278
4556
1307
1284
8897
3755
3605
1289
3755
8623
2453
7645
26717
1289
1044
1809
1284
4790
15277
1041
1395
1278
11835
4171
3549
5954
1044
1321
3549
5954
1395
1278
8905
10314
5954
1044
1398
5489
1278
8404
1395
15179
1321
1278
20978
1584
4265
1435
1319
1117
42129
74622
1041
1454
1333
1534
1330
1044
1809
1278
8404
1395
15179
1562
1330
1317
1333
1063
3501
1338
33703
1278
2688
2937
1032
1050
64629
1032
1052
3147
1278
11835
4556
1395
12955
1536
1261
77806
1455
1395
1605
1261
128445
1491
1063
5675
1693
1729
1710
7645
2654
1289
1044
1809
1729
1710
2095
12729
1317
1605
2210
2269
6689
1063
3501
1338
33703
1278
14170
1261
1321
1289
1584
1307
1278
2879
5592
1044
1809
1729
1584
1317
7645
2654
1289
1044
1321
1278
4556
1395
1307
1284
8897
3755
3605
1289
3755
8623
2478
1284
1395
1278
11835
4171
3549
5954
1044
1809
3549
5954
1395
1278
8905
10314
5954
1044
12164
1729
1584
1317
33945
1278
4556
1044
1809
13162
1278
8404
1934
1308
36281
1044
1321
1278
20978
1584
4265
1044
1809
13162
1278
2254
1284
4790
15277
1041
1395
6493
1435
1278
11835
4171
3549
5954
1562
2460
1317
1404
1044
1321
3549
5954
1395
1278
8905
10314
5954
1044
1398
5489
1729
1584
1317
3369
1455
1278
3549
4016
1402
6165
1321
1729
4069
1278
8905
10314
1044
12164
1729
1584
1317
33945
1278
4556
1044
1809
13162
1278
14170
1261
1321
1289
1584
1307
1278
2879
5592
1044
1321
1729
1710
7645
2654
1289
1044
1809
13162
1278
4891
1623
11500
1562
1032
1049
1317
1283
1044
1321
1278
80751
1395
1261
3755
1093
1454
1289
3755
1093
2453
7645
26717
1289
1044
1809
13162
1278
77806
1395
7960
1317
1289
1044
1321
2430
1729
4556
1284
8897
3755
3605
1289
3755
30717
1809
13162
1278
2254
1284
1395
1605
44942
1063
1656
1673
58636
8404
1494
1395
1338
1073
4525
4670
1317
14649
1455
1278
2688
1032
1050
45951
1294
1278
4206
2254
1395
1261
96948
1321
2715
1402
1032
1051
1044
1809
4136
1278
3330
24215
6122
2000
3107
1032
1052
7273
1362
2084
4848
1278
3475
1455
10721
1032
1051
1044
1321
13162
1278
3330
2084
23067
1278
27223
1046
3626
1278
3330
2639
1429
12107
1747
1278
9458
2613
3367
1362
4848
3475
1455
10721
1032
1051
1044
1494
2084
7195
1278
57500
2000
3107
1032
1052
9816
1531
3330
2084
3219
1278
10890
1046
1362
2534
1317
3180
1494
2764
1338
33703
1362
1710
5687
1278
2254
2505
1278
6705
19190
1044
1321
2430
2229
1261
6570
1058
1693
1308
3107
1051
1321
20978
2351
31008
1049
1044
1050
1044
1053
62210
1050
1044
1051
1044
1050
62210
1049
1044
1051
1044
1049
19322
1321
1261
3107
1091
1049
1044
1049
1093
1321
1289
3107
1091
1050
1044
1051
15558
1850
1032
1052
1046
3626
1455
1681
29319
1338
28191
1033
17048
1362
5711
2633
2688
1032
1050
1058
2000
8723
15605
1040
1051
1044
31008
1049
1044
1032
1050
1044
1032
1053
1574
1319
1050
1044
1032
1051
1044
1032
1050
1574
1319
1049
1044
1032
1051
1044
1032
1049
50673
1766
1049
1044
1032
1049
3605
1766
1050
1044
1032
1051
8623
2351
1032
1052
9816
5675
1693
1278
14170
1261
1321
1289
1584
1766
1049
1044
1032
1049
1093
1321
1766
1050
1044
1032
1051
3605
1809
1278
2254
1284
4790
15277
1041
1395
6493
1435
1278
11835
4171
3549
5954
1044
1809
3549
5954
1395
1278
8905
10314
5954
1044
12164
1729
1584
1317
33945
1278
4556
1044
1809
13162
1278
8404
1395
2516
1455
1278
36281
1584
1032
1049
1044
1050
1044
1051
1044
1321
1278
20978
1584
1435
4265
1044
1809
13162
1278
4832
1032
1052
9896
1562
1278
3121
1455
1729
1736
1317
4395
1261
1091
1048
18652
1049
1317
1289
1091
1048
18652
1050
1321
1261
1091
1049
18652
1049
1317
1289
1091
1049
18652
1051
1044
1809
1454
1284
1040
1049
1044
1050
8429
1051
1321
1284
1040
1049
1044
1051
8429
1049
1046
3075
1317
2012
1284
1040
1049
1044
1050
8429
1051
1063
3367
1278
3549
5954
1395
1278
4556
1307
10314
25980
1044
1321
1729
4069
1278
11835
3549
4556
1044
2430
1284
1040
1049
1044
1050
8429
1051
1319
7368
1032
1049
1045
1051
1045
1050
1577
1284
1040
1049
1044
1051
8429
1049
1319
44457
1577
6830
4556
1061
1052
1046
3060
2688
1032
1049
2425
4556
7867
1032
1049
1050
1044
1809
13162
1362
5711
4526
92052
2688
1032
1049
4556
1063
9246
1681
6716
33295
2688
1032
1049
4556
1454
1278
14541
1455
1729
1710
12729
22344
22272
1394
2744
10217
1044
1321
13162
1729
1710
2095
12729
1799
3549
1317
4069
1044
1809
13162
1278
3549
5954
1395
4556
1044
1321
1729
2933
1317
33945
4556
1307
1284
8897
3755
3605
1289
3755
8623
2453
7645
26717
1289
1046
2837
4884
1032
1049
1050
1394
2688
1032
1049
1044
1809
2688
1032
1049
64629
1032
1056
1046
4493
4556
19190
24372
2688
1032
1049
1338
7493
1693
3549
5954
1395
8905
10314
5954
1044
1809
1729
1736
1261
2801
20490
10097
1058
13162
1729
1584
1605
8807
1317
7645
2654
1289
89533
1059
13162
1729
1710
2342
38525
17220
6689
1063
3501
1338
33703
1278
4127
1395
1058
1729
1736
1317
33945
1278
4556
1307
1284
8897
3755
3605
1289
3755
8623
2453
7645
26717
1289
1044
1809
1284
4790
15277
1041
1395
1278
11835
4171
3549
5954
1044
1321
3549
5954
1395
1278
8905
10314
5954
1044
1398
5489
1278
8404
1395
15179
1321
1278
20978
1584
4265
1435
1319
1117
42129
74622
1041
1454
1333
1534
1330
1044
1809
1278
8404
1395
15179
1562
1333
1317
1330
1063
2837
6820
1338
33703
1278
2688
2937
1032
1050
1934
1261
1061
1766
1049
1044
1032
1049
1093
1321
1289
18359
1050
1044
1032
1051
3605
1809
13162
1278
2254
1284
4790
15277
1041
1395
6493
1435
1278
11835
4171
3549
5954
1044
1809
3549
5954
1395
1278
8905
10314
5954
1044
12164
1729
1584
1317
33945
1278
4556
1044
1809
13162
1278
8404
1934
1308
1061
1051
36281
1044
1321
1278
14170
1261
1321
1289
4139
1736
5592
1032
1050
1044
1809
13162
1278
4832
1032
1052
1395
3147
1729
1736
1317
2210
1747
36281
1063
3501
1338
18661
6674
1058
13162
1278
4127
1395
1562
1261
21448
2478
1278
8404
1395
1261
9917
1063
3626
2688
1032
1049
1395
1605
1261
9917
1319
1052
36281
1044
1032
1052
20978
1577
7637
1032
1050
1395
1261
34216
1338
33703
1278
2688
2937
1032
1050
1294
1278
4206
2254
1395
2000
3107
1032
1052
1096
3147
1307
1261
2801
12270
1307
1284
4790
15277
4244
13162
1284
4790
15277
1041
1395
1278
11835
4171
3549
5954
1044
1809
3549
5954
1395
1278
8905
10314
5954
1044
12164
1729
1584
1317
33945
1278
4556
1044
1809
13162
1278
8404
1395
2516
1455
1278
36281
1584
1032
1049
37601
1286
1044
1321
1278
14170
1261
1321
1289
4139
4231
36281
1455
1584
1605
1294
1278
8404
1063
3501
1338
36296
1278
2142
1362
6483
13914
1319
1073
4525
1420
26554
1044
1362
2715
1402
12871
1574
1362
7534
5687
1278
6705
19190
1319
1077
3074
1867
113835
1867
49169
1047
1569
15124
1795
1041
1321
2430
9134
1455
2688
1032
1050
4139
1736
1261
96948
1046
3626
1278
3330
17000
1278
3475
1294
1261
4950
1046
1362
7534
4848
1278
3475
1455
22405
1747
9458
8100
15717
2688
1032
1050
1044
1809
1362
2534
1317
2764
1747
1046
17048
1362
1710
3081
1261
3039
1317
3180
2688
1032
1050
2764
1536
38641
1278
1373
3074
9253
1063
5675
1693
1278
1373
3074
1395
8088
30816
1063
2898
2688
1032
1050
1044
2258
1373
3074
10177
1278
2879
8039
2753
29145
1046
1032
1267
33703
1278
4127
1395
1058
1729
1736
1317
7645
2654
1289
1044
1809
1278
4556
1395
1307
1284
8897
3755
3605
1289
3755
8623
2478
1284
1395
1278
11835
4171
3549
5954
1044
1809
3549
5954
1395
1278
8905
10314
5954
1044
12164
1729
1584
1317
33945
1278
4556
1044
1809
13162
1278
8404
1395
1605
1278
1925
1729
3648
1059
13162
1278
20978
1584
1319
1117
42129
74622
1041
1321
1729
1710
2210
20978
1294
2258
6195
1044
1809
13162
1278
8404
1395
15179
1321
1729
1710
2342
44594
20978
1294
1278
4265
6195
1044
1321
1278
22344
1584
15179
22344
1063
2837
5314
6820
1338
33703
1278
2688
2937
1032
1050
64629
1032
1052
3147
1278
11835
4556
1395
12955
1536
1261
77806
1455
1395
1605
1261
128445
1491
1063
5675
1693
1729
1710
7645
2654
1289
1044
1809
1729
1710
2095
12729
1317
1605
2210
2269
6689
1063
3501
1338
33703
1278
14170
1261
1321
1289
1584
1307
1278
2879
5592
1044
1809
1729
1584
1317
7645
2654
1289
1044
1321
1278
4556
1395
1307
1284
8897
3755
3605
1289
3755
8623
2478
1284
1395
1278
11835
4171
3549
5954
1044
1809
3549
5954
1395
1278
8905
10314
5954
1044
12164
1729
1584
1317
33945
1278
4556
1044
1809
13162
1278
8404
1934
1308
36281
1044
1321
1278
20978
1584
4265
1044
1809
13162
1278
2254
1284
4790
15277
1041
1395
6493
1435
1278
11835
4171
3549
5954
1562
2460
1317
1404
1044
1321
3549
5954
1395
1278
8905
10314
5954
1044
1398
5489
1729
1584
1317
3369
1455
1278
3549
4016
1402
6165
1321
1729
4069
1278
8905
10314
1044
12164
1729
1584
1317
33945
1278
4556
1044
1809
13162
1278
14170
1261
1321
1289
1584
1307
1278
2879
5592
1044
1321
1729
1710
7645
2654
1289
1044
1809
13162
1278
4891
1623
11500
1562
1032
1049
1317
1283
1044
1321
1278
80751
1395
1261
3755
1093
1454
1289
3755
1093
2453
7645
26717
1289
1044
1809
13162
1278
77806
1395
7960
1317
1289
1044
1321
2430
1729
4556
1284
8897
3755
3605
1289
3755
30717
1809
13162
1278
2254
1284
1395
1605
44942
1063
1656
1673
58636
8404
1494
1395
1338
1073
3648
1362
1736
1317
6124
1455
2688
1032
1050
4139
1402
1261
96948
1044
1809
1362
7534
4848
1278
3475
1455
15113
1278
6298
11857
1651
1278
8953
3607
1044
1321
10789
1278
3330
1681
2688
43007
7442
1934
2000
3107
1032
1051
9816
3626
1278
3330
24215
5662
2000
3107
1032
1052
9816
2813
1420
26554
1044
1362
2715
2685
1278
3330
1681
15776
1046
1531
3330
8223
1429
12107
1747
1278
9458
2613
1362
7534
4848
3475
1455
10721
1032
1052
1394
2688
1032
1050
1536
2269
4938
1046
17048
1362
1710
2210
1278
4556
19190
1394
2688
1032
1050
2342
1063
3501
1338
28191
1033
17048
1362
5711
2633
1278
8953
3607
1058
1429
4393
2258
3549
1294
1278
8404
1044
2246
5954
1395
6493
1435
1278
8905
5954
1307
2258
10314
1294
1455
3549
2613
5646
1681
6133
1046
1429
1102
4790
1044
1404
1041
1395
6493
1435
1278
11835
4171
3549
5954
1562
29268
2460
1317
29268
1404
2613
5646
1681
6133
1046
1429
1784
6255
1395
1317
7645
2654
7980
1289
2516
1455
1278
4556
1307
1284
8897
3755
3605
1289
3755
8623
1394
1747
1623
1395
80884
2613
5646
1681
6133
1338
33703
1278
2688
2937
1032
1050
1294
1278
4206
2254
1395
2000
3107
1032
1052
1096
3147
1278
14170
1261
1321
1289
1584
1766
1049
1044
1032
1049
1093
1321
1766
1050
1044
1032
1051
3605
1809
13162
1278
2254
1284
4790
15277
1041
1395
6493
1435
1278
11835
4171
3549
5954
1044
1809
3549
5954
1395
1278
8905
10314
5954
1044
12164
1729
1584
1317
33945
1278
4556
1044
1809
13162
1278
8404
1395
2516
1455
1278
36281
1584
1032
1049
37601
1286
1044
1321
1278
14170
1261
1321
1289
4139
4231
36281
1455
1584
1605
1294
1278
8404
1063
3501
1338
12598
1681
3352
1317
3219
1693
2156
1681
2258
2147
3039
1058
13162
1278
4127
1395
1317
33945
1278
4556
1307
1284
8897
3755
3605
1289
3755
8623
2453
7645
26717
1289
1044
1809
1284
4790
15277
1041
1395
1278
11835
4171
3549
5954
1044
1321
3549
5954
1395
1278
8905
10314
5954
1044
1398
5489
1278
8404
1395
15179
1321
1278
20978
1584
4265
1435
1319
1117
42129
74622
1041
1454
1333
1534
1330
1044
1809
1278
8404
1395
15179
1562
1330
1317
1333
1063
3501
1338
33703
1278
2688
2937
1032
1050
1934
1261
1061
1766
1049
1044
1032
1049
1093
1321
1289
18359
1050
1044
1032
1051
3605
1809
13162
1278
4832
1032
1052
9896
1562
1278
3121
1455
1729
6560
4395
1261
1032
1049
1317
1289
1032
1051
3147
1289
1091
1049
18652
1051
1321
1261
1091
1049
18652
1049
1044
1809
13162
1278
20490
4016
1402
1261
1728
54644
1063
3501
1338
7493
1693
1278
4127
1395
1058
1729
1736
1317
7645
2654
1289
1044
1809
1278
4556
1395
1307
1284
8897
3755
3605
1289
3755
8623
2478
1284
1395
1278
11835
4171
3549
5954
1044
1809
3549
5954
1395
1278
8905
10314
5954
1044
12164
1729
1584
1317
33945
1278
4556
1044
1809
13162
1278
8404
1395
2516
1455
1278
36281
1584
1032
1049
37601
1286
1044
1321
1278
14170
1261
1321
1289
4139
4231
36281
1455
1584
1605
1294
1278
8404
1063
3501
1338
1073
4525
4670
1317
5687
1278
6705
19190
1319
1077
3074
1867
113835
1867
26181
1536
96478
1041
1321
2430
1513
1278
2362
1044
1693
1278
4292
14175
2688
1032
1050
10693
1044
1850
1032
1052
1046
3626
1455
1681
1261
36426
1046
3886
1044
1278
3330
4139
1605
2688
1454
2147
19842
1455
4395
1455
6570
1046
3626
1278
4127
8223
1429
6949
5687
1278
2254
5055
1897
1878
36426
1302
1395
1605
10886
32963
1046
1032
1267
33703
1362
1710
3081
1261
4352
11857
1455
28248
1032
1052
1394
2688
1032
1050
1046
9246
1681
3352
1317
24002
1278
8039
2753
29145
30816
1046
5675
1693
1278
8404
1395
1605
1278
1373
3074
1044
1809
1729
24002
1747
4595
7432
8039
2753
2505
1261
2801
2866
1063
2898
2688
1032
1050
1044
1278
8039
2753
29145
1584
21752
1032
1050
1321
1032
1049
1046
1032
1267
33703
1278
4127
1395
1058
1729
1736
1317
7645
2654
1289
1044
1809
1278
4556
1395
1307
1284
8897
3755
3605
1289
3755
8623
2478
1284
1395
1278
11835
4171
3549
5954
1044
1809
3549
5954
1395
1278
8905
10314
5954
1044
12164
1729
1584
1317
33945
1278
4556
1044
1809
13162
1278
8404
1395
2516
1455
1278
36281
1584
1032
1049
37601
1286
1044
1321
1278
14170
1261
1321
1289
4139
4231
36281
1455
1584
1605
1294
1278
8404
1063
3501
1338
18661
4914
1058
13162
1278
4127
1395
1562
1261
21448
2478
1278
8404
1395
1261
9917
1044
1809
1278
11277
1736
23068
1046
7637
1032
1049
1934
1261
11119
1319
1049
1045
1051
1045
1052
1045
1049
1577
7637
1032
1050
1395
1261
34216
1046
4493
1605
1261
9917
1338
33703
1278
2688
2937
1032
1050
1294
1278
4206
2254
1395
7442
2000
3107
1032
1051
1096
1321
1278
3330
3214
1261
27223
1294
1278
3880
5117
1046
1531
3880
5117
8223
1058
2000
8723
15605
1040
1051
1044
31008
1049
1044
1032
1050
1044
1032
1053
1574
1319
1050
1044
1032
1051
1044
1032
1050
1574
1319
1049
1044
1032
1051
1044
1032
1049
50673
1766
1049
1044
1032
1049
3605
1766
1050
1044
1032
1051
8623
2351
1032
1052
9816
3626
1278
8953
3607
3336
8223
2000
1051
9816
1531
3330
4139
1736
9441
4595
65356
1278
8462
45951
1046
3886
1044
1278
3330
8223
1429
2892
75956
1419
1044
1593
1395
2143
6255
1058
18228
1278
3629
2254
21734
1321
8953
3607
1044
10886
5687
1278
2254
5055
1321
2764
1747
1278
9458
1046
1603
24151
16424
70914
84674
14671
48761
1083
11621
1034
2409
24277
1278
9458
1584
9247
1046
1362
2534
1317
2764
2424
1338
33703
1362
1710
5687
1278
2254
2505
1278
6705
19190
1044
1321
2430
1278
2688
1032
1050
2084
7195
1044
1809
1278
3330
4139
1736
5314
9247
1494
1294
2034
5759
1046
2813
1420
26554
1044
1362
2715
4848
1278
3475
1455
1362
3648
1395
6298
1044
1321
1278
3330
1710
3160
1494
1046
1531
3330
2639
1429
15908
4206
45525
128857
9596
80104
1041
1317
3160
9458
2613
4493
1362
7534
4848
1278
3475
1044
1321
1693
2688
1032
1050
24372
1044
1278
3330
2084
3219
1046
3626
1278
3330
24215
7867
1278
3880
1455
2034
4607
3475
9700
1455
2688
1046
4159
2933
1261
1875
3475
1455
22405
1747
9458
1046
1362
2534
1317
3180
1494
2764
1338
12598
1681
3352
1925
2081
6588
1058
13162
1278
14170
1261
1321
1289
1584
7645
7239
1044
1809
1278
4556
1395
1307
1284
8897
3755
3605
1289
3755
8623
2478
1284
1395
1278
11835
4171
3549
5954
1044
1809
3549
5954
1395
1278
8905
10314
5954
1044
12164
1729
1584
1317
33945
1278
4556
1044
1809
13162
1278
8404
1395
2516
1455
1278
36281
1584
1032
1049
37601
1286
1044
1321
1278
14170
1261
1321
1289
4139
4231
36281
1455
1584
1605
1294
1278
8404
1063
3501
1338
33703
1278
2688
2937
1032
1050
64629
1032
1052
3147
1278
11835
4556
1395
12955
1536
1261
77806
1455
1395
1605
1261
128445
1491
1063
5675
1693
1729
1710
7645
2654
1289
1044
1809
1729
1710
2095
12729
1317
1605
2210
2269
6689
1063
3501
1338
33703
1278
14170
1261
1321
1289
1584
1307
1278
2879
5592
1044
1809
1729
1584
1317
7645
2654
1289
1044
1321
1278
4556
1395
1307
1284
8897
3755
3605
1289
3755
8623
2478
1284
1395
1278
11835
4171
3549
5954
1044
1809
3549
5954
1395
1278
8905
10314
5954
1044
12164
1729
1584
1317
33945
1278
4556
1044
1809
13162
1278
8404
1934
1308
36281
1044
1321
1278
20978
1584
4265
1044
1809
13162
1278
2254
1284
4790
15277
1041
1395
6493
1435
1278
11835
4171
3549
5954
1562
2460
1317
1404
1044
1321
3549
5954
1395
1278
8905
10314
5954
1044
1398
5489
1729
1584
1317
3369
1455
1278
3549
4016
1402
6165
1321
1729
4069
1278
8905
10314
1044
12164
1729
1584
1317
33945
1278
4556
1044
1809
13162
1278
14170
1261
1321
1289
1584
1307
1278
2879
5592
1044
1321
1729
1710
7645
2654
1289
1044
1809
13162
1278
4891
1623
11500
1562
1032
1049
1317
1283
1044
1321
1278
80751
1395
1261
3755
1093
1454
1289
3755
1093
2453
7645
26717
1289
1044
1809
13162
1278
77806
1395
7960
1317
1289
1044
1321
2430
1729
4556
1284
8897
3755
3605
1289
3755
30717
1809
13162
1278
2254
1284
1395
1605
44942
1063
1656
1673
58636
8404
1494
1395
1338
1073
5628
2015
1408
13170
1261
4352
19190
1455
28248
1032
1052
1394
2688
1032
1050
1321
6298
1394
6218
1046
1362
7534
5687
1278
6705
19190
1319
1077
3074
1867
113835
1867
26181
1536
96478
1041
1321
2430
2229
1261
6061
2937
1394
2688
1032
1050
1317
1850
1032
1052
1046
9748
1278
3330
2639
1429
24151
16424
70914
84674
14671
48761
1083
1897
1362
4552
2405
22347
1278
9458
1044
1809
1362
1710
22347
1278
2254
1046
1362
7534
2229
1261
4206
1513
1278
10343
1307
1278
2254
1058
1693
1308
2351
1032
1051
1321
20978
2351
31008
1049
1044
1050
1044
1053
62210
1050
1044
1051
1044
1050
62210
1049
1044
1051
1044
1049
19322
1321
1261
2351
1766
1049
1044
1049
1093
1321
1289
2351
1766
1050
1044
1051
15558
1850
1032
1052
1046
2409
1395
1261
36426
1044
1809
1494
2084
2764
1278
2688
1046
3886
1044
1278
3330
4139
1736
2147
9458
1455
4395
1593
6570
1063
2159
26724
1046
3626
1278
4127
8223
1429
6949
5687
1278
2254
5055
1897
1878
36426
1302
1395
1605
10886
32963
1046
3626
13162
1278
3330
64629
1278
6298
11857
1321
1278
2688
1032
1050
1395
1261
4629
10314
2937
2478
1278
4832
1395
1032
1052
3964
1317
2269
5972
1362
21957
1046
9246
1681
3648
1925
2081
2142
1338
7493
1693
1278
4127
1395
1058
1729
1736
1317
7645
2654
1289
1044
1809
1278
4556
1395
1307
1284
8897
3755
3605
1289
3755
8623
2478
1284
1395
1278
11835
4171
3549
5954
1044
1809
3549
5954
1395
1278
8905
10314
5954
1044
12164
1729
1584
1317
33945
1278
4556
1044
1809
13162
1278
8404
1395
2516
1455
1278
36281
1584
1032
1049
37601
1286
1044
1321
1278
14170
1261
1321
1289
4139
4231
36281
1455
1584
1605
1294
1278
8404
1063
3501
1338
33703
1278
2688
2937
1032
1050
1934
1261
1061
1766
1049
1044
1032
1049
1093
1321
1289
18359
1050
1044
1032
1051
3605
1809
13162
1278
2254
1284
4790
15277
1041
1395
6493
1435
1278
11835
4171
3549
5954
1044
1809
3549
5954
1395
1278
8905
10314
5954
1044
12164
1729
1584
1317
33945
1278
4556
1044
1809
13162
1278
8404
1395
15179
1321
1278
20978
1584
4265
1435
1319
1117
42129
74622
1041
1454
1333
1534
1330
1044
1809
1278
8404
1395
15179
1562
1333
1317
1330
1063
2837
6820
1338
33703
1278
4127
1395
1058
1729
1736
1317
33945
1278
4556
1307
1284
8897
3755
3605
1289
3755
8623
2453
7645
26717
1289
1044
1809
1284
4790
15277
1041
1395
1278
11835
4171
3549
5954
1044
1321
3549
5954
1395
1278
8905
10314
5954
1044
1398
5489
1278
8404
1395
1605
1278
1925
1729
3648
1059
13162
1278
20978
1584
1319
1117
42129
74622
1041
1321
1729
1710
2210
20978
1294
2258
6195
1044
1809
13162
1278
8404
1395
15179
1321
1729
1710
2342
44594
20978
1294
1278
4265
6195
1044
1321
1278
22344
1584
15179
22344
1063
2837
5314
6820
1338
33703
1278
2688
2937
1032
1050
64629
1032
1052
3147
1278
11835
4556
1395
12955
1536
1261
77806
1455
1395
1605
1261
128445
1491
1063
5675
1693
1729
1710
7645
2654
1289
1044
1809
1729
1710
2095
12729
1317
1605
2210
2269
6689
1063
3501
1338
33703
1278
14170
1261
1321
1289
1584
1307
1278
2879
5592
1044
1809
1729
1584
1317
7645
2654
1289
1044
1321
1278
4556
1395
1307
1284
8897
3755
3605
1289
3755
8623
2478
1284
1395
1278
11835
4171
3549
5954
1044
1809
3549
5954
1395
1278
8905
10314
5954
1044
12164
1729
1584
1317
33945
1278
4556
1044
1809
13162
1278
8404
1934
1308
36281
1044
1321
1278
20978
1584
4265
1044
1809
13162
1278
2254
1284
4790
15277
1041
1395
6493
1435
1278
11835
4171
3549
5954
1562
2460
1317
1404
1044
1321
3549
5954
1395
1278
8905
10314
5954
1044
1398
5489
1729
1584
1317
3369
1455
1278
3549
4016
1402
6165
1321
1729
4069
1278
8905
10314
1044
12164
1729
1584
1317
33945
1278
4556
1044
1809
13162
1278
14170
1261
1321
1289
1584
1307
1278
2879
5592
1044
1321
1729
1710
7645
2654
1289
1044
1809
13162
1278
4891
1623
11500
1562
1032
1049
1317
1283
1044
1321
1278
80751
1395
1261
3755
1093
1454
1289
3755
1093
2453
7645
26717
1289
1044
1809
13162
1278
77806
1395
7960
1317
1289
1044
1321
2430
1729
4556
1284
8897
3755
3605
1289
3755
30717
1809
13162
1278
2254
1284
1395
1605
44942
1063
1656
1673
58636
8404
1494
1395
1338
1073
7534
2586
5687
1278
6298
11857
1651
1278
8953
3607
1044
1321
1693
2688
1032
1050
64629
1032
1052
1044
13162
1362
7534
2012
1261
8462
4832
1044
1809
1278
3330
1710
8786
1494
1046
3886
1044
1278
3330
2639
1429
12107
1747
1278
9458
2613
1362
7534
4848
1278
3475
1454
1278
6705
19190
1044
1321
10789
1455
1278
2688
1032
1050
1294
1278
7293
3160
1395
2000
3107
1032
1051
9816
3626
1278
3330
5662
2000
3107
1032
1052
9816
2813
1420
26554
1044
1362
2715
3945
1278
3330
1681
5662
9458
1046
1362
7534
2229
1261
6061
2937
1338
28191
1033
17048
1362
5711
2633
2688
1032
1050
1058
2000
8723
15605
1040
1051
1044
31008
1049
1044
1032
1050
1044
1032
1053
1574
1319
1050
1044
1032
1051
1044
1032
1050
1574
1319
1049
1044
1032
1051
1044
1032
1049
50673
1766
1049
1044
1032
1049
3605
1766
1050
1044
1032
1051
8623
2351
1032
1052
9816
5675
1693
1278
14170
1261
1321
1289
1584
1766
1049
1044
1032
1049
1093
1321
1766
1050
1044
1032
1051
3605
1809
1278
2254
1284
4790
15277
1041
1395
6493
1435
1278
11835
4171
3549
5954
1044
1809
3549
5954
1395
1278
8905
10314
5954
1044
12164
1729
1584
1317
33945
1278
4556
1044
1809
13162
1278
8404
1395
2516
1455
1278
36281
1584
1032
1049
37601
1286
1044
1321
1278
14170
1261
1321
1289
4139
4231
36281
1455
1584
1605
1294
1278
8404
1063
3501
1338
33703
1278
4127
1395
1058
1729
1736
1317
7645
2654
1289
1044
1809
1278
4556
1395
1307
1284
8897
3755
3605
1289
3755
8623
2478
1284
1395
1278
11835
4171
3549
5954
1044
1809
3549
5954
1395
1278
8905
10314
5954
1044
12164
1729
1584
1317
33945
1278
4556
1044
1809
13162
1278
8404
1395
2516
1455
1278
36281
1584
1032
1049
37601
1286
1044
1321
1278
14170
1261
1321
1289
4139
4231
36281
1455
1584
1605
1294
1278
8404
1063
3501
1338
18661
14541
1058
13162
1278
2254
1284
4790
15277
1041
1395
6493
1435
1278
11835
4171
3549
5954
1044
1809
3549
5954
1395
1278
8905
10314
5954
1044
12164
1729
1584
1317
33945
1278
4556
1044
1809
13162
1278
8404
1395
1605
8822
1063
2157
8223
8822
1338
33703
1278
2688
2937
1032
1050
1934
1261
96948
1294
1278
20978
1058
13162
1494
1681
2000
33669
1049
1044
1032
1050
1044
1032
1053
1574
1319
1050
1044
1032
1051
1044
1032
1050
1574
1319
1049
1044
1032
1051
1044
1032
1051
19322
1096
1505
4433
1063
3626
1494
1681
4265
1435
46248
1049
1044
1032
1051
1044
1032
1049
1041
14708
36296
1278
2142
1044
1362
7534
4848
1278
3475
1454
1278
6705
19190
1044
1321
1362
7534
4626
1261
7739
1505
2586
1278
3475
1046
1531
3330
4139
3160
1494
1321
3219
1455
2688
1032
1050
24372
1044
1809
13162
2127
7534
23067
1278
8953
3607
3336
8223
1032
1051
1046
3626
1278
3330
24215
8223
1429
12107
1747
1278
9458
2613
1362
7534
3352
1317
3180
1494
2764
1536
2505
1278
4556
19190
1394
2688
1032
1050
2342
1063
3501
1338
12598
1681
3352
1317
3219
1693
2156
1681
2258
2147
3039
1058
13162
1278
4127
1395
1317
33945
1278
4556
1307
1284
8897
3755
3605
1289
3755
8623
2453
7645
26717
1289
1044
1809
1284
4790
15277
1041
1395
1278
11835
4171
3549
5954
1044
1321
3549
5954
1395
1278
8905
10314
5954
1044
1398
5489
1278
8404
1395
15179
1321
1278
20978
1584
4265
1435
1319
1117
42129
74622
1041
1454
1333
1534
1330
1044
1809
1278
8404
1395
15179
1562
1330
1317
1333
1063
3501
1338
33703
1278
2688
2937
1032
1050
64629
1032
1052
3147
1278
11835
4556
1395
12955
1536
1261
77806
1455
1395
1605
1261
128445
1491
1063
5675
1693
1729
1710
7645
2654
1289
1044
1809
1729
1710
2095
12729
1317
1605
2210
2269
6689
1063
3501
1338
1073
7534
2586
5687
1278
1373
3074
1867
113835
1867
96478
5125
1046
2898
2688
1032
1050
1044
1494
2084
1850
1032
1051
1046
1362
7534
4848
1455
3475
1046
1531
3330
1710
2430
3219
1455
1494
24372
2688
1032
1050
1044
1809
13162
2127
7534
6726
1278
2688
1046
3626
1278
3330
2639
1429
24151
16424
70914
84674
14671
48761
1083
2613
4493
1362
4016
1605
4036
1278
9458
1044
1809
1362
1710
4036
1278
2254
1046
3367
2036
2254
10721
1032
1051
1044
1494
2084
7195
1278
57500
2000
3107
1032
1052
9816
1531
3330
2084
3219
1420
20628
1292
4507
1046
4890
6255
1395
1317
9470
3475
1455
22405
1278
9458
1046
3367
1362
9470
3475
1455
10721
1032
1052
1044
1362
2534
1317
8240
1848
2606
1338
33703
1362
1710
5687
1278
2254
2505
1278
6705
19190
1044
1321
2430
1513
1278
3435
2362
1044
1693
1278
21564
4556
1395
1032
1051
1321
1278
4292
14175
2688
1032
1050
1044
1850
1032
1052
1063
5646
1681
1261
36426
1046
3626
13162
1278
3330
64629
1455
1063
1362
7534
1653
1494
1317
1402
12663
1338
97565
1044
2878
1681
1344
41412
1278
3330
1681
2158
5117
1058
2127
5662
1278
2254
21734
1321
8953
3607
1044
1321
2430
1261
2000
6390
1096
2254
1454
9458
1046
4159
4150
1429
10311
1278
3629
2254
21734
1321
8953
3607
1044
10886
5687
1278
2254
5055
1321
2764
1747
1278
9458
1046
1603
24151
16424
70914
84674
14671
48761
1083
11621
3213
2715
30711
1278
3475
1636
13330
1294
1261
1335
107485
3475
4950
1319
3038
44642
1041
1319
43880
2084
80858
1278
4618
7389
114478
6830
2127
2629
1278
2000
6390
1096
2254
1046
6830
2127
4150
1429
15908
4206
45525
128857
9596
80104
1041
1317
3160
9458
2613
1032
1267
1785
1278
3880
5117
1562
1278
3330
1681
4607
6983
1058
1429
16994
4607
6983
9700
1278
9458
1046
9380
1681
1278
3880
1058
8933
92367
82524
1086
1102
41360
47909
28674
8261
1897
3110
1032
1054
1053
6421
6852
15605
1040
1051
1044
31008
1049
1044
1032
1050
1044
1032
1053
1574
1319
1050
1044
1032
1051
1044
1032
1050
1574
1319
1049
1044
1032
1051
1044
1032
1049
50673
1766
1049
1044
1032
1049
3605
1766
1050
1044
1032
1051
8623
2351
1032
1052
6421
20628
1292
4507
3871
4493
2034
4607
3475
8583
4433
1455
9147
1455
57500
1317
7195
1046
4159
2933
1261
1875
11708
1455
22405
1747
9458
1046
1032
1267
33703
2034
4607
3475
1880
1261
19940
1044
1321
1278
2688
1032
1050
45951
1395
7442
1032
1051
1044
1809
2034
3475
1880
1261
19940
1455
3214
1494
1850
4433
2849
1044
1321
1278
57500
2000
3107
1032
1052
1096
9700
3147
1307
1455
19940
1063
3626
1278
57500
1395
2000
3107
1032
1052
7273
1878
1693
2034
3475
8583
1032
1051
1044
1494
2168
7195
2000
3107
1032
1052
9816
3367
2034
3475
8583
1032
1052
1044
1494
2168
2764
1455
2688
1809
13162
7195
6218
1046
1531
3880
5117
2586
6122
1278
57500
9700
1044
1605
2549
1494
8583
1046
1032
1267
36296
1278
27094
1044
1362
7534
5687
1278
6298
11857
1651
1278
8953
3607
1319
5914
19190
1041
1321
10789
1455
1278
2688
1032
1050
1294
1278
7293
3160
1395
2000
3107
1032
1051
9816
3626
1278
3330
5662
2000
3107
1032
1052
9816
2813
1420
26554
1044
1362
2715
4848
3475
1455
22405
1278
2000
6390
1096
2254
1435
8360
1046
1362
7534
2229
1261
6061
2937
1394
2688
1032
1050
1338
28191
1033
17048
1362
1710
5687
1278
2254
2505
1278
6705
19190
1044
1321
2430
1278
2688
1032
1050
2084
1850
1032
1051
1044
1809
1278
3330
1681
2000
6390
1096
2254
1934
2000
3107
1032
1052
7273
1878
1494
2084
7195
1046
3626
13162
1278
3330
3214
1261
27223
1294
1278
2000
6390
1096
2254
1044
1321
1278
7293
2688
2127
2084
3160
1395
2000
3107
1032
1051
9816
1362
1710
2405
2840
1046
1362
7534
4848
1278
3475
1455
1362
3648
1395
6298
1044
1321
1278
3330
1710
8291
1338
36296
1278
15776
1044
1362
7534
5234
1278
11708
1454
1373
3074
1321
26181
1536
96478
1046
1362
7534
1605
2229
1261
6061
2937
1044
3147
1278
4127
8223
1429
6949
5687
1278
2254
5055
3871
3367
1278
2688
1032
1050
1395
1261
96948
1044
1278
3330
2084
3219
1046
3626
1317
54524
34944
1044
1362
7534
4848
1278
3475
1455
22405
1747
9458
1693
2688
1032
1050
1395
1032
1051
1044
1321
1693
1278
3330
1681
2688
1032
1050
1395
1032
1052
1044
1494
2084
7195
1046
3626
1362
1736
1317
12729
1338
12598
1681
2985
1513
1278
2688
5443
2790
1058
2688
1032
1050
1395
1278
2342
1925
1454
2000
3107
1032
1052
1096
8070
8953
3607
2000
1051
9816
3797
2147
9458
4395
1278
6705
19190
1046
2157
1681
9210
6906
1455
2688
1032
1050
1294
1278
2000
6390
1096
2254
1934
1261
96948
1321
2715
1402
2000
3107
1032
1051
9816
1531
3330
4139
1736
59012
60210
2000
1052
1096
6302
1307
2000
1051
1096
2200
9664
1278
16925
1046
1656
3325
2516
99862
1044
1278
8953
3607
3336
1321
1278
2688
4139
2349
1044
1809
1278
9458
1584
1278
17249
1046
9380
1044
1278
8953
3607
8223
1032
1051
1044
2688
8223
1032
1052
1046
53815
1044
1278
9458
1584
6298
1046
3626
1693
1362
4848
3475
1455
10721
1032
1051
1044
1494
2084
7195
1278
2688
2000
3107
1032
1052
9816
3367
1362
4848
3475
1455
10721
1032
1052
1044
1494
2084
7195
2147
9458
1046
1032
1267
33703
1362
1710
3081
1261
3039
1317
3180
1278
2254
1850
1032
1052
1394
2688
1032
1050
3016
19566
1032
1051
1394
1278
8953
3607
3336
1063
3626
1278
2254
1395
1278
2879
1338
18661
6674
1058
13162
1278
4127
1395
1058
1729
1736
1317
7645
2654
1289
1044
1809
1278
4556
1395
1307
1284
8897
3755
3605
1289
3755
8623
2478
1284
1395
1278
11835
4171
3549
5954
1044
1809
3549
5954
1395
1278
8905
10314
5954
1044
12164
1729
1584
1317
33945
1278
4556
1044
1809
13162
1278
8404
1395
2516
1455
1278
36281
1584
1032
1049
37601
1286
1044
1321
1278
14170
1261
1321
1289
4139
4231
36281
1455
1584
1605
1294
1278
8404
1063
3501
1338
33703
1278
2688
2937
1032
1050
1934
1261
1061
1766
1049
1044
1032
1049
1093
1321
1289
18359
1050
1044
1032
1051
3605
1809
13162
1278
4832
1032
1052
9896
1562
1278
3121
1455
1729
1736
1317
4395
1261
1091
1048
18652
1049
1317
1289
1091
1048
18652
1050
1321
1261
1091
1049
18652
1049
1317
1289
1091
1049
18652
1051
1044
1809
1454
1284
1040
1049
1044
1050
8429
1051
1321
1284
1040
1049
1044
1051
8429
1049
1046
3075
1317
2012
1284
1040
1049
1044
1050
8429
1051
1063
3367
1278
3549
5954
1395
1278
4556
1307
10314
25980
1044
1321
1729
4069
1278
11835
3549
4556
1044
2430
1284
1040
1049
1044
1050
8429
1051
1319
7368
1032
1049
1045
1051
1045
1050
1577
1284
1040
1049
1044
1051
8429
1049
1319
44457
1577
6830
4556
1061
1052
1046
3060
2688
1032
1049
2425
4556
7867
1032
1049
1050
1044
1809
13162
1362
5711
4526
92052
2688
1032
1049
4556
1063
9246
1681
6716
33295
2688
1032
1049
4556
1454
1278
14541
1455
1729
1710
12729
22344
22272
1394
2744
10217
1044
1321
13162
1729
1710
2095
12729
1799
3549
1317
4069
1044
1809
13162
1278
3549
5954
1395
4556
1044
1321
1729
2933
1317
33945
4556
1307
1284
8897
3755
3605
1289
3755
8623
2453
7645
26717
1289
1046
2837
4884
1032
1049
1050
1394
2688
1032
1049
1044
1809
2688
1032
1049
64629
1032
1056
1046
4493
4556
19190
24372
2688
1032
1049
1338
7493
1693
3549
5954
1395
8905
10314
5954
1044
1809
1729
1736
1261
2801
20490
10097
1058
13162
1729
1584
1605
8807
1317
7645
2654
1289
89533
1059
13162
1729
1710
2342
38525
17220
6689
1063
3501
1338
33703
1278
4127
1395
1058
1729
1736
1317
33945
1278
4556
1307
1284
8897
3755
3605
1289
3755
8623
2453
7645
26717
1289
1044
1809
1284
4790
15277
1041
1395
1278
11835
4171
3549
5954
1044
1321
3549
5954
1395
1278
8905
10314
5954
1044
1398
5489
1278
8404
1395
15179
1321
1278
20978
1584
4265
1435
1319
1117
42129
74622
1041
1454
1333
1534
1330
1044
1809
1278
8404
1395
15179
1562
1333
1317
1330
1063
2837
6820
1338
33703
1278
2688
2937
1032
1050
64629
1032
1052
3147
1278
11835
4556
1395
12955
1536
1261
77806
1455
1395
1605
1261
128445
1491
1063
5675
1693
1729
1710
7645
2654
1289
1044
1809
1729
1710
2095
12729
1317
1605
2210
2269
6689
1063
3501
1338
33703
1278
14170
1261
1321
1289
1584
1307
1278
2879
5592
1044
1809
1729
1584
1317
7645
2654
1289
1044
1321
1278
4556
1395
1307
1284
8897
3755
3605
1289
3755
8623
2478
1284
1395
1278
11835
4171
3549
5954
1044
1809
3549
5954
1395
1278
8905
10314
5954
1044
12164
1729
1584
1317
33945
1278
4556
1044
1809
13162
1278
8404
1934
1308
36281
1044
1321
1278
20978
1584
4265
1044
1809
13162
1278
2254
1284
4790
15277
1041
1395
6493
1435
1278
11835
4171
3549
5954
1562
2460
1317
1404
1044
1321
3549
5954
1395
1278
8905
10314
5954
1044
1398
5489
1729
1584
1317
3369
1455
1278
3549
4016
1402
6165
1321
1729
4069
1278
8905
10314
1044
12164
1729
1584
1317
33945
1278
4556
1044
1809
13162
1278
14170
1261
1321
1289
1584
1307
1278
2879
5592
1044
1321
1729
1710
7645
2654
1289
1044
1809
13162
1278
4891
1623
11500
1562
1032
1049
1317
1283
1044
1321
1278
80751
1395
1261
3755
1093
1454
1289
3755
1093
2453
7645
26717
1289
1044
1809
13162
1278
77806
1395
7960
1317
1289
1044
1321
2430
1729
4556
1284
8897
3755
3605
1289
3755
30717
1809
13162
1278
2254
1284
1395
1605
44942
1063
1656
1673
58636
8404
1494
1395
1338
1073
4525
4670
1317
5687
1278
6705
19190
1319
1077
3074
1867
113835
1867
26181
1536
96478
1577
1362
7534
4848
1455
3475
1046
3367
2688
1032
1050
24372
1044
1278
3330
1710
3219
1455
1278
8953
3607
3336
8223
1032
1051
1046
1362
7534
1605
2229
1261
36426
1338
3890
1278
3330
2639
1429
12107
1747
1278
9458
2613
1362
7534
4069
1261
5735
1321
2229
1261
6061
2937
1394
2688
1032
1050
1317
1850
1032
1052
1046
9748
1278
3330
4139
1605
2688
1454
2147
19842
1455
4395
1455
6570
1044
1494
4139
2764
1046
3626
1494
1681
3675
1278
12820
1046
3886
1044
1278
3330
4139
1736
70440
2016
2688
1032
1050
1317
1032
1052
1317
2688
1693
1362
1710
8240
1848
1278
6298
11857
1455
28248
1032
1052
1046
17048
2156
1395
1261
6298
11857
1455
28248
1032
1052
1394
2688
1032
1050
1321
6298
1394
6218
1046
9246
1681
3352
1317
3081
1494
1925
2081
2142
1338
7493
1693
1278
4127
1395
1058
1729
1736
1317
7645
2654
1289
1044
1809
1278
4556
1395
1307
1284
8897
3755
3605
1289
3755
8623
2478
1284
1395
1278
11835
4171
3549
5954
1044
1809
3549
5954
1395
1278
8905
10314
5954
1044
12164
1729
1584
1317
33945
1278
4556
1044
1809
13162
1278
8404
1395
2516
1455
1278
36281
1584
1032
1049
37601
1286
1044
1321
1278
14170
1261
1321
1289
4139
4231
36281
1455
1584
1605
1294
1278
8404
1063
3501
1338
33703
1278
2688
2937
1032
1050
1934
1261
1061
1766
1049
1044
1032
1049
1093
1321
1289
18359
1050
1044
1032
1051
3605
1809
13162
1278
2254
1284
4790
15277
1041
1395
6493
1435
1278
11835
4171
3549
5954
1044
1809
3549
5954
1395
1278
8905
10314
5954
1044
12164
1729
1584
1317
33945
1278
4556
1044
1809
13162
1278
8404
1395
15179
1321
1278
20978
1584
4265
1435
1319
1117
42129
74622
1041
1454
1333
1534
1330
1044
1809
1278
8404
1395
15179
1562
1330
1317
1333
1063
3501
1338
33703
1278
2688
2937
1032
1050
64629
1032
1052
3147
1278
11835
4556
1395
12955
1536
1261
77806
1455
1395
1605
1261
128445
1491
1063
5675
1693
1729
1710
7645
2654
1289
1044
1809
1729
1710
2095
12729
1317
1605
2210
2269
6689
1063
3501
1338
33703
1278
14170
1261
1321
1289
1584
1307
1278
2879
5592
1044
1809
1729
1584
1317
7645
2654
1289
1044
1321
1278
4556
1395
1307
1284
8897
3755
3605
1289
3755
8623
2478
1284
1395
1278
11835
4171
3549
5954
1044
1809
3549
5954
1395
1278
8905
10314
5954
1044
12164
1729
1584
1317
33945
1278
4556
1044
1809
13162
1278
8404
1934
1308
36281
1044
1321
1278
20978
1584
4265
1044
1809
13162
1278
2254
1284
4790
15277
1041
1395
6493
1435
1278
11835
4171
3549
5954
1562
2460
1317
1404
1044
1321
3549
5954
1395
1278
8905
10314
5954
1044
1398
5489
1729
1584
1317
3369
1455
1278
3549
4016
1402
6165
1321
1729
4069
1278
8905
10314
1044
12164
1729
1584
1317
33945
1278
4556
1044
1809
13162
1278
14170
1261
1321
1289
1584
1307
1278
2879
5592
1044
1321
1729
1710
7645
2654
1289
1044
1809
13162
1278
4891
1623
11500
1562
1032
1049
1317
1283
1044
1321
1278
80751
1395
1261
3755
1093
1454
1289
3755
1093
2453
7645
26717
1289
1044
1809
13162
1278
77806
1395
7960
1317
1289
1044
1321
2430
1729
4556
1284
8897
3755
3605
1289
3755
30717
1809
13162
1278
2254
1284
1395
1605
44942
1063
1656
1673
58636
8404
1494
1395
1338
1073
5628
2015
1046
1362
7534
4848
1278
6705
19190
3475
1046
2157
1681
1278
2342
26223
11708
4265
1278
46471
7259
1562
2147
9458
1046
1362
7534
30711
1494
1294
1261
3475
4950
1046
13
1010
1975
29896
1010
5011
38227
2671
5247
1044
81409
1267
3149
33945
9596
80104
4990
1058
1935
1044
20978
1058
5247
1091
74988
59939
1044
1935
1044
1935
66925
1261
1058
5247
59939
3605
1289
1058
5247
59939
8623
4906
1935
1877
1293
19639
36296
1261
6165
8822
1673
58636
8404
1044
1284
4790
1044
1404
1041
1395
1278
11835
4171
3549
5954
1010
1293
1319
2422
1329
2753
10314
5954
1041
1562
2460
1317
1404
1046
2837
7645
2654
1289
1317
33945
4556
13755
1284
8897
3755
3605
1289
3755
115029
1293
1531
8039
2753
3549
5954
2396
2258
2295
36281
1294
1420
1673
58636
8404
33197
1278
8905
1010
1293
10314
5954
1408
1278
8877
3549
2396
2424
1294
2258
75901
3434
8594
21864
1319
1077
3074
4342
1293
13118
1293
2569
54025
1045
4317
1373
3074
115580
1293
2569
33550
1085
1010
1293
7917
1376
2951
71975
4990
1867
1032
1049
3824
1293
10474
1376
1766
1048
1093
1364
1319
1110
1867
1032
1049
1801
1293
2121
3081
4790
1058
1935
1041
4906
1935
1877
1369
3016
7917
25207
1093
3942
2460
1877
1463
7917
25207
1093
1376
7917
1091
7669
25207
33024
1463
2460
1376
7917
25207
2820
1369
1850
2460
1267
1293
2121
18820
4790
1058
1935
1044
1404
1058
1935
1041
4906
7881
1877
1369
75739
1044
43728
1376
3081
4790
1574
3081
16367
1456
1369
1693
75739
2351
43728
1877
1463
1850
12819
1010
1369
1693
10474
51877
1120
1093
1534
10474
1091
1938
30689
1463
75739
1044
43728
1376
43728
1044
75739
1010
1369
7917
1091
1938
1093
1376
75739
1010
1369
1693
10474
51877
1120
1093
2351
10474
1091
1938
30689
1463
10474
51877
1120
1093
5773
1032
1049
1010
1369
1850
10344
1267
1293
2569
5186
20978
1536
5954
1010
1293
25585
116540
1376
25585
1040
53989
1044
3844
93244
1324
1058
1324
1091
1050
8791
1293
1283
1314
48110
1106
1376
35976
1394
1957
1294
4521
4990
1867
1032
1049
17572
1293
1394
1333
1044
1330
1044
1285
1294
25585
116540
1877
1369
1693
18820
24952
1044
1330
3640
1463
1283
1314
48110
1106
81696
3077
15974
4564
1118
1044
1285
3824
1463
1283
1314
48110
1106
66105
3077
15974
4564
1117
1044
1285
14810
1293
2569
54025
1045
24002
1747
4595
7432
8039
2753
29145
1408
1278
1373
3074
115580
1293
2569
1284
4790
1044
1404
1041
1376
8905
10314
5954
1408
1278
9917
3549
2396
2460
1321
1404
1010
1293
2569
1729
3160
113835
1562
3387
29268
1010
1293
6705
74387
1376
16871
1048
1093
1364
1319
1110
1867
1032
1049
1041
1394
1957
1294
4521
4990
1867
1032
1049
69780
1293
1394
4101
1294
4521
1040
1049
1044
1308
1867
1032
1049
3640
1369
11658
1376
31008
12901
1044
1032
1048
19322
1032
2569
1319
9822
1044
3519
24514
1456
1369
21643
1376
1766
13297
1093
1364
1319
1110
1867
1032
1049
1456
1369
21643
1091
12901
1093
1376
10344
1010
1369
3016
11658
1877
1463
6194
1044
4524
24514
1376
11658
27699
2838
1463
6705
74387
1091
12901
5371
9822
1093
1376
4524
24514
1010
1463
1394
62646
1044
1285
1294
1283
1314
48110
1106
111756
30689
1694
1693
1605
21643
1091
11807
30689
2006
21643
1091
11807
1093
1376
10344
1010
2006
11658
7144
4564
11807
1044
6705
65935
24514
1044
1285
65960
1293
2569
54025
1045
4317
4362
8708
115580
1293
1283
1376
9027
8897
1456
1293
4362
1376
16871
1048
1093
1364
1283
1394
1957
1294
4521
5239
17572
1293
1394
1623
1294
4521
5239
3640
1369
1394
1475
1294
4521
5239
3640
1463
4362
3755
5371
1106
1093
1376
6705
74387
44697
3755
95608
1098
13872
116734
1293
2569
54025
1045
16426
1289
77806
1317
33945
4556
115580
1293
2569
1283
1395
3709
1294
1747
9458
1059
92098
6613
2136
1747
96478
1307
1289
1010
1293
2671
130173
1010
1293
3560
1376
8103
2021
36295
4615
1293
1394
7645
1294
130173
32371
15124
1795
71975
5239
31454
1369
1265
1376
4556
5164
1591
3755
5371
71377
3755
20162
1394
1623
1294
4521
5239
3824
1369
1693
1265
1534
3560
1877
1463
3560
1376
1265
1010
1293
1850
3560
1010
1975
11
1010