10
25708
1010
11
1010
10
3263
1010
10311
1278
3629
2254
21734
1321
8953
3607
1044
10886
5687
1278
2254
5055
1321
2764
1747
1278
9458
1046
1603
24151
16424
70914
84674
14671
48761
1083
25461
4568
2715
30711
1278
3475
1636
13330
1294
1261
1335
107485
3475
4950
1319
3038
44642
1041
1319
43880
2084
80858
1278
4618
7389
1801
2640
3149
6705
1095
12149
2154
2480
23381
3446
2054
21777
39318
3848
1058
2011
1044
1295
1058
1935
1044
1382
1058
1935
1041
4906
1935
1877
1293
19639
20776
1278
8905
5592
1307
1261
9305
1733
3746
1265
67495
1045
1049
1058
1114
1093
1455
9301
1420
1032
1049
1049
1047
1050
1050
3310
1626
1260
1010
1293
2048
1032
1049
1049
1047
1050
1050
3310
1395
6493
1435
1877
1293
1462
2157
1934
13509
5592
1010
1293
1462
1531
2158
1319
5197
1043
1049
91594
1050
1462
1032
1049
11084
1584
1747
1576
1049
2913
1293
1462
1531
9949
4145
1513
3980
1319
5197
1043
1049
91594
1050
1395
12473
2913
1293
1462
1531
11829
11084
1584
1747
1576
1050
2913
1260
1010
1293
2898
3336
1058
12473
2096
1576
1049
1047
1050
2096
1576
1049
1049
1047
1050
1050
2096
1576
1049
1049
1049
1047
1050
1050
1050
1039
1584
1032
1049
1049
1047
1050
1050
18451
1626
1260
1010
1293
64664
1877
1369
1265
1058
1349
3310
19040
1307
11084
1576
1049
2096
1576
1050
2096
1321
12473
2913
1369
1295
1058
51209
3980
1319
1049
37601
1286
1456
1369
1382
1058
7114
1302
3980
1319
1049
37601
1286
1044
46178
1456
1260
1010
1293
20527
1877
1369
1531
8905
5592
1307
1261
9305
1733
1455
9301
1420
1032
1049
1049
1047
1050
1050
3310
1044
1505
1032
1048
1693
11518
12123
1626
1260
1010
1293
56431
6705
1095
12149
2154
2480
23381
3446
2054
21777
39318
2021
1049
1049
1049
1047
1050
1049
1050
2096
1032
1049
1044
1032
1055
1456
1293
1032
1053
1010
1293
56431
6705
1095
12149
2154
2480
23381
3446
2054
21777
39318
2021
1049
1049
1049
1047
1050
1049
1050
1047
1049
1049
1050
1050
2096
1032
1057
1044
1032
1049
1050
1456
1293
1032
1048
1010
1293
56431
6705
1095
12149
2154
2480
23381
3446
2054
21777
39318
2021
1049
1049
1049
1047
1050
1049
1050
1047
1049
1049
1050
1050
2096
1032
1051
1044
1032
1054
1456
1293
1032
1051
1010
1293
47680
3149
4206
5164
52143
3640
1293
2569
7637
5443
1562
1278
4127
1010
1293
1265
1376
1576
1049
1049
1049
1047
1050
1049
1050
1047
1049
1049
1050
1050
2913
1293
6852
15605
3848
1044
1032
1049
1044
1032
1055
1041
2351
1032
1053
1010
1293
6852
15605
3848
1044
1032
1057
1044
1032
1049
1050
1041
2351
1032
1048
1010
1293
6852
15605
3848
1044
1032
1051
1044
1032
1054
1041
2351
1032
1051
1010
1293
6852
15605
3848
1044
1032
1052
1044
1032
1049
1048
1041
2351
1032
1049
1010
1293
6852
15605
3848
1044
1032
1049
1044
1032
1049
1050
1041
2351
1032
1055
1010
1260
1010
1293
2569
31054
2688
5443
1010
1293
1265
1376
1576
1049
1049
1047
1050
1049
1555
13833
1050
1049
1049
1050
1047
1049
1047
1049
1047
1049
1050
1050
1050
1047
1050
1050
1050
1050
1047
1050
1049
1049
1049
1047
1049
1050
1049
1050
1049
1047
1050
1555
1050
1555
1049
1049
1047
1050
1050
1049
1047
1049
1049
1555
1049
1047
1049
17061
1050
1050
1050
1050
1050
1049
1050
1047
1050
1050
1555
2913
1293
6852
15605
3848
1044
1032
1055
1049
1044
1032
1055
1051
1041
2351
1032
1049
1010
1293
6852
15605
3848
1044
1032
1052
1052
1044
1032
1053
1054
1041
2351
1032
1052
1010
1293
6852
15605
3848
1044
1032
1053
1054
1044
1032
1054
1048
1041
2351
1032
1049
1010
1293
6852
15605
3848
1044
1032
1049
1044
1032
1054
1054
1041
2351
1032
1049
1055
1010
1293
6852
15605
3848
1044
1032
1050
1048
1044
1032
1055
1048
1041
2351
1032
1049
1053
1010
1293
6852
15605
3848
1044
1032
1055
1051
1044
1032
1055
1054
1041
2351
1032
1049
1010
1293
6852
15605
3848
1044
1032
1052
1055
1044
1032
1054
1049
1041
2351
1032
1053
1010
1293
6852
15605
3848
1044
1032
1053
1044
1032
1055
1054
1041
2351
1032
1050
1053
1010
1293
6852
15605
3848
1044
1032
1053
1051
1044
1032
1055
1051
1041
2351
1032
1057
1010
1293
6852
15605
3848
1044
1032
1051
1048
1044
1032
1051
1049
1041
2351
1032
1048
1010
1293
6852
15605
3848
1044
1032
1052
1055
1044
1032
1054
1051
1041
2351
1032
1053
1010
1293
6852
15605
3848
1044
1032
1050
1049
1044
1032
1054
1052
1041
2351
1032
1057
1010
1260
1010
1293
2569
22649
5443
1010
1293
6852
15605
69480
1032
1049
1044
1032
1049
1041
2351
1032
1049
1010
1293
6852
15605
2021
1049
1050
1050
1050
2096
1032
1049
1044
1032
1052
1041
2351
1032
1048
1010
1293
6852
15605
2021
1049
1049
1049
1049
1049
1049
1049
1049
1049
1049
1049
1049
1049
1049
1049
2096
1032
1049
1044
1032
1049
1053
1041
2351
1032
1048
1010
1293
6852
15605
2021
1049
1049
1047
1050
1050
2096
1032
1052
1044
1032
1052
1041
2351
1032
1048
1010
1260
1010
1293
2569
7325
2688
5443
1010
1293
1265
1376
12473
1050
1555
1050
1047
1050
1047
1050
1050
1050
1555
1049
1555
1049
1049
1050
1555
1050
1050
1049
114140
1293
6852
15605
3848
1044
1032
1053
1044
1032
1049
1051
1041
2351
1032
1049
1010
1293
6852
15605
3848
1044
1032
1050
1048
1044
1032
1050
1049
1041
2351
1032
1049
1010
1293
6852
15605
3848
1044
1032
1049
1051
1044
1032
1050
1050
1041
2351
1032
1051
1010
1293
6852
15605
3848
1044
1032
1049
1048
1044
1032
1050
1053
1041
2351
1032
1053
1010
1293
6852
15605
3848
1044
1032
1051
1044
1032
1053
1041
2351
1032
1049
1010
1293
6852
15605
3848
1044
1032
1049
1055
1044
1032
1049
1055
1041
2351
1032
1048
1267
1035
13516
4206
24728
1095
12149
2154
2480
23381
3446
2054
21777
39318
1041
1317
3160
9458
1626
1975
11
1010
10
1503
19464
1010
12
13
1010
1975
29896
1010
3149
6705
1095
12149
2154
2480
23381
3446
2054
21777
39318
3848
1058
2011
1044
1295
1058
1935
1044
1382
1058
1935
1041
4906
1935
1877
1293
19639
20776
1278
8905
5592
1307
1261
9305
1733
3746
1265
67495
1045
1049
1058
1114
1093
1455
9301
1420
1032
1049
1049
1047
1050
1050
3310
1046
13118
1293
2155
1376
1265
67495
1045
1049
1058
1114
2820
1293
6705
21227
1376
1462
1049
1010
1293
1394
1623
1044
1528
1294
42478
41250
3640
1369
1693
1528
2351
12473
12807
1463
3979
1095
1049
1376
2155
14316
1105
3077
12296
2021
1049
4615
1463
3169
1095
1050
1376
2155
3755
1043
1049
1058
3077
12296
2021
1050
4615
1463
1409
1376
2365
54836
1095
1049
1044
3169
1095
1050
1456
1463
1693
1409
3006
6705
21227
1877
1694
6705
21227
1376
1409
1010
1293
1693
6705
21227
2351
1462
1049
1058
1032
2569
1836
69527
2959
1294
1278
4521
1010
1369
1850
1032
1048
1010
1293
1850
1032
1050
1364
6705
21227
1867
1032
1049
1010
1975
11
1010
10
3263
1267
16994
4607
6983
9700
1278
9458
1046
9380
1681
1278
3880
1877
17595
3581
1319
5943
8531
3690
3804
3640
1032
8933
92367
1110
1074
100203
1048
1050
1071
97038
1057
8261
1897
3110
1032
1056
1049
1044
1294
1534
13655
1561
1293
4206
24728
1095
12149
2154
2480
23381
3446
2054
21777
39318
1456
1032
8933
92367
1110
1074
100203
1048
1050
1071
97038
1057
8261
1897
3110
1032
1052
1048
1044
1294
4206
1010
1293
6852
15605
3848
1044
1032
1052
1052
1044
1032
1053
1054
1041
2351
1032
1052
1010
6367
12032
48697
48697
48697
48697
48697
48697
48697
48697
48697
48697
48697
48697
1010
31929
1292
4507
89644
2892
75956
1419
1044
1593
1395
2143
6255
1058
18228
1278
3629
2254
21734
1321
8953
3607
1044
10886
5687
1278
2254
5055
1321
2764
1747
1278
9458
1046
1603
24151
16424
70914
84674
14671
48761
1083
25461
4568
2715
30711
1278
3475
1636
13330
1294
1261
1335
107485
3475
4950
1319
3038
44642
1041
1319
43880
2084
80858
1278
4618
7389
1041
11
1010
10
1503
19464
1010
12
13
1010
1975
29896
1010
3149
6705
1095
12149
2154
2480
23381
3446
2054
21777
39318
3848
1058
2011
1044
1295
1058
1935
1044
1382
1058
1935
1041
4906
1935
1877
1293
19639
20776
1278
8905
5592
1307
1261
9305
1733
3746
1265
67495
1045
1049
1058
1114
1093
1455
9301
1420
1032
1049
1049
1047
1050
1050
3310
1626
1260
1010
1293
2048
1032
1049
1049
1047
1050
1050
3310
1395
6493
1435
1877
1293
1462
2157
1934
13509
5592
1010
1293
1462
1531
2158
1319
5197
1043
1049
91594
1050
1462
1032
1049
11084
1584
1747
1576
1049
2913
1293
1462
1531
9949
4145
1513
3980
1319
5197
1043
1049
91594
1050
1395
12473
2913
1293
1462
1531
11829
11084
1584
1747
1576
1050
2913
1260
1010
1293
2898
3336
1058
12473
2096
1576
1049
1047
1050
2096
1576
1049
1049
1047
1050
1050
2096
1576
1049
1049
1049
1047
1050
1050
1050
1039
1584
1032
1049
1049
1047
1050
1050
18451
1626
1260
1010
1293
64664
1877
1369
1265
1058
1349
3310
19040
1307
11084
1576
1049
2096
1576
1050
2096
1321
12473
2913
1369
1295
1058
51209
3980
1319
1049
37601
1286
1456
1369
1382
1058
7114
1302
3980
1319
1049
37601
1286
1044
46178
1456
1260
1010
1293
20527
1877
1369
1531
8905
5592
1307
1261
9305
1733
1455
9301
1420
1032
1049
1049
1047
1050
1050
3310
1044
1505
1032
1048
1693
11518
12123
1626
1260
1010
1293
56431
6705
1095
12149
2154
2480
23381
3446
2054
21777
39318
2021
1049
1049
1049
1047
1050
1049
1050
2096
1032
1049
1044
1032
1055
1456
1293
1032
1053
1010
1293
56431
6705
1095
12149
2154
2480
23381
3446
2054
21777
39318
2021
1049
1049
1049
1047
1050
1049
1050
1047
1049
1049
1050
1050
2096
1032
1057
1044
1032
1049
1050
1456
1293
1032
1048
1010
1293
56431
6705
1095
12149
2154
2480
23381
3446
2054
21777
39318
2021
1049
1049
1049
1047
1050
1049
1050
1047
1049
1049
1050
1050
2096
1032
1051
1044
1032
1054
1456
1293
1032
1051
1010
1293
13118
1293
2155
1376
1265
67495
1045
1049
1058
1114
2820
1293
6705
21227
1376
1462
1049
1010
1293
1394
1623
1044
1528
1294
42478
41250
3640
1369
1693
1528
2351
12473
12807
1463
3979
1095
1049
1376
2155
14316
1105
3077
12296
2021
1049
4615
1463
3169
1095
1050
1376
2155
3755
1043
1049
1058
3077
12296
2021
1050
4615
1463
1409
1376
2365
54836
1095
1049
1044
3169
1095
1050
1456
1463
1693
1409
3006
6705
21227
1877
1694
6705
21227
1376
1409
1010
1293
1693
6705
21227
2351
1462
1049
1877
1369
1850
1032
1048
1010
1293
1850
1032
1050
1364
6705
21227
1867
1032
1049
1010
1975
11
1010
10
3263
1267
16994
4607
6983
9700
1278
9458
1046
9380
1681
1278
3880
1877
17595
3581
1319
5943
8531
3690
3804
3640
1032
8933
92367
1074
1110
1051
1083
32642
1068
1102
1053
1121
8261
1897
3110
1032
1049
1048
1053
1044
1294
1534
13655
1561
1293
4206
24728
1095
12149
2154
2480
23381
3446
2054
21777
39318
1456
1032
8933
92367
1074
1110
1051
1083
32642
1068
1102
1053
1121
8261
1897
3110
1032
1052
1048
1044
1294
4206
1010
1293
6852
15605
3848
1044
1032
1052
1052
1044
1032
1053
1054
1041
2351
1032
1052
1010
6367
12032
48697
48697
48697
48697
48697
48697
48697
48697
48697
48697
48697
48697
1010
31929
1292
4507
89644
2892
75956
1419
1044
1593
1395
2143
6255
1058
18228
1278
3629
2254
21734
1321
8953
3607
1044
10886
5687
1278
2254
5055
1321
2764
1747
1278
9458
1046
1603
24151
16424
70914
84674
14671
48761
1083
25461
4568
2715
30711
1278
3475
1636
13330
1294
1261
1335
107485
3475
4950
1319
3038
44642
1041
1319
43880
2084
80858
1278
4618
7389
1041
11
1010
10
1503
19464
1010
12
1010
12
11745
1681
1261
11483
2832
2100
1049
1046
1032
1603
25609
3623
1278
57148
5450
1531
6255
1395
1317
5687
1278
2254
2000
5914
1095
12149
2154
2480
23381
3446
2054
21777
39318
1096
1455
22405
1747
1278
5662
9458
1046
1531
3330
8223
2036
4607
6983
9700
1044
13703
2000
8723
15605
3848
1044
1032
1052
1052
1044
1032
1053
1054
1041
2351
1032
1052
1096
9700
1338
1050
1046
1032
1603
25609
3623
1278
15340
88609
1748
37865
3607
55015
1256
1462
15340
1058
2000
5914
1095
12149
2154
2480
23381
3446
2054
21777
39318
3848
1058
2011
1044
1295
1058
1935
1044
1382
1058
1935
1041
4906
1935
10632
1256
1462
2157
23880
1278
8905
5592
1307
1261
9305
1733
3746
2000
1115
67495
1045
1049
1058
1114
39261
1455
9301
1420
1429
1049
1049
1047
1050
1050
3310
24483
1256
1462
2048
1429
1049
1049
1047
1050
1050
3310
1034
1934
13509
5592
1044
2158
46248
5197
1043
1049
91594
1050
1462
1032
1049
1096
24733
1584
1576
1049
2096
9949
2810
1395
12473
2096
11829
1584
1576
1050
63325
1256
1462
28259
1058
12473
2096
1576
1049
1047
1050
2096
1576
1049
1049
1047
1050
1050
2096
1576
1049
1049
1049
1047
1050
1050
1050
2913
1256
1462
20527
6705
5592
1044
1505
1032
1048
1693
11518
12123
1338
1051
1046
1032
1603
25280
73448
1278
53818
7637
5450
1032
1010
1256
1462
2000
8723
15605
3848
1044
1032
1052
1052
1044
1032
1053
1054
1041
2351
1032
1052
1096
2478
2000
1115
1376
1576
1049
1049
1047
1050
1049
1555
13833
1050
1049
1049
1050
1047
1049
1047
1049
1047
1049
1050
1050
1050
1047
1050
1050
1050
1050
1047
1050
1049
1049
1049
1047
1049
1050
1049
1050
1049
1047
1050
1555
1050
1555
1049
1049
1047
1050
1050
1049
1047
1049
1049
1555
1049
1047
1049
17061
1050
1050
1050
1050
1050
1049
1050
1047
1050
1050
1555
1039
10632
1256
1462
4890
4607
13951
1058
2898
2744
69527
1294
1278
93710
1044
4014
1576
1049
1681
1317
1278
3979
1321
1576
1050
1681
1317
1278
3169
1044
4069
2000
2422
54836
1095
1049
1044
3169
1095
1050
88404
2430
4832
1395
2000
1050
1042
5914
21227
1867
1032
1049
51330
1256
1462
2409
7867
1032
1052
1394
1455
2688
2937
5138
1317
1278
57500
1044
1809
2036
3475
9700
1494
1046
32844
1044
1278
3880
8223
2000
8723
15605
3848
1044
1032
1052
1052
1044
1032
1053
1054
1041
2351
1032
1052
1096
9700
1046
5646
4938
2036
2254
8583
4433
3942
1032
1052
1046
2157
4139
1736
8583
1032
1053
1044
1032
1051
1044
1032
1048
1044
6704
1626
1256
1462
9246
1639
17090
68093
1505
1536
64456
1046
49032
1044
1362
2534
1317
8240
1848
1278
6298
13951
1338
1052
1046
1032
1603
2596
41412
1278
47061
17697
6949
55015
1256
1462
2048
1032
1049
1049
1047
1050
1050
3310
1058
13509
5592
1626
1256
1462
7610
46248
5197
1043
1049
91594
1050
1462
1032
1049
1096
24733
1584
1747
1576
1049
63325
1256
1462
19364
2810
1513
3980
46248
5197
1043
1049
91594
1050
1096
1395
12473
63325
1256
1462
9809
6338
11084
1584
1747
1576
1050
63325
1256
1462
9246
1681
13442
1593
5194
1626
1260
9246
5592
1376
1424
1319
29962
4342
1260
46248
5197
1043
1049
91594
1050
1096
1395
1278
3980
1307
1278
9949
4145
1319
1049
37601
1286
1063
1505
1032
1048
37601
1286
128600
9246
1681
2210
1278
11277
1626
1260
1462
69527
1737
5592
1032
1049
1046
46248
1049
1043
1049
91594
1050
1376
1032
1049
9816
19364
1513
3980
1032
1049
1046
7610
2000
1049
1045
1049
1061
1048
1096
24733
1584
1576
1049
9528
19364
1395
12473
9528
9809
6338
2000
1049
1045
1049
1061
1048
1096
24733
1584
1576
1050
9528
23313
1626
1260
1462
1576
1049
1047
1050
4550
5592
1032
1051
1046
46248
1051
1043
1049
91594
1050
1376
1032
1050
9816
19364
1513
3980
1032
1050
1046
7610
2000
1050
1045
1049
1061
1049
1096
2810
1395
1576
1049
9528
19364
12473
9528
9809
6338
2000
1051
1045
1050
1061
1049
1096
2810
1395
1576
1050
9528
4493
5194
1058
1576
1049
2096
12473
2096
1576
1050
63325
1260
1462
1576
1049
1049
1047
1050
1050
4550
5592
1032
1053
1046
46248
1053
1043
1049
91594
1050
1376
1032
1051
9816
19364
1513
3980
1032
1051
1046
7610
2000
1051
1045
1049
1061
1050
1096
24733
1584
1576
1049
9528
19364
12473
9528
9809
6338
2000
1053
1045
1051
1061
1050
1096
24733
1584
1576
1050
9528
42119
1058
1576
1049
7661
1049
7661
1047
7661
1050
7661
1050
63325
1260
1462
1576
1049
1049
1049
1047
1050
1050
1050
4550
5592
1032
1055
1046
46248
1055
1043
1049
91594
1050
1376
1032
1052
9816
7610
1032
1051
1576
1049
1681
1044
9949
12473
2096
3804
1032
1051
1576
1050
1681
1338
1256
4493
1420
1032
1049
1049
1047
1050
1050
3310
1307
1429
8465
1034
1409
1319
5383
1409
1395
1278
2782
1307
8924
1032
1049
1681
1321
49875
1032
1050
1681
1041
1934
5592
2000
1050
1107
1867
1032
1049
9816
2157
15730
1307
1409
1576
1049
1681
1044
1925
12473
2096
1321
1409
1576
1050
1681
1044
1294
1455
3542
1044
1435
1261
9305
1733
1338
1256
32844
1044
1278
4127
8223
1058
1429
23989
1278
8905
5592
1307
1261
9305
1733
3746
1265
67495
1045
1049
1058
1114
1093
1455
9301
1420
1032
1049
1049
1047
1050
1050
3310
19553
1256
1349
9305
1733
6354
2405
1736
1317
1402
89045
1046
2157
2586
7560
1317
33972
3542
1338
1256
4493
1729
2534
1317
3081
1278
8905
13509
5592
2000
1050
1107
1043
1049
1096
2516
1455
1294
1278
93710
2000
1115
67495
1045
1049
1058
1114
1093
7273
1729
1710
8427
1409
1576
1049
1681
1044
2430
1261
12473
2096
2430
1409
1576
1050
1681
1044
1294
3542
1338
1256
4890
4607
13951
1058
2898
2744
69527
3980
1623
1294
1278
93710
1044
4014
2782
1307
1576
1049
1681
3066
1494
1044
1321
1576
1050
1681
2453
1494
1046
25126
2000
1107
1376
2365
43063
1095
1049
95837
1044
4014
1095
1050
79255
94799
8923
5592
1376
2000
1050
1042
5914
21227
1867
1032
1049
14708
1256
3316
1455
6298
1394
9305
3224
1063
13830
1044
3147
1693
1729
1736
1409
1576
1049
1681
3066
1261
69527
1321
1409
1576
1050
1681
2453
1494
1044
1729
1710
5282
8427
1409
1576
1049
1681
1321
1409
1576
1050
1681
1294
3542
1317
2071
1278
9305
1733
1046
1531
7858
3542
1307
1278
1576
1049
1681
5002
9309
1321
1576
1050
1681
5002
9309
1395
7771
4136
2127
6185
1747
1576
1049
1681
1321
1747
1576
1050
1681
1046
1531
2342
16009
1395
1455
1747
14173
1576
1049
1681
3930
3066
1278
12473
2096
1321
1747
14173
1576
1050
1681
3930
2453
1278
12473
34710
1256
4493
1278
13951
7444
6298
1046
12211
2697
1494
7195
2634
1256
9246
1639
2688
1454
1278
36519
2937
68093
1505
19087
5782
1494
4139
1402
8462
1626
1256
17048
1278
6769
1395
1455
1278
1576
1049
1681
1321
1576
1050
1681
2534
1317
1402
1294
4811
12197
7858
1317
2744
2147
1063
3501
1044
9305
1733
2586
7560
3542
1338
1256
32844
1044
13162
2156
1681
1261
6347
1058
1531
1576
1049
1681
4016
1747
3930
3066
1278
12473
2096
1321
1278
1576
1050
1681
4016
1747
3930
2453
1278
12473
9528
3626
2095
1044
1395
2156
2258
6570
1455
1278
1576
1049
1681
4016
1402
89045
1505
4433
1063
1531
8953
3607
8223
1058
1429
1784
2158
1319
5197
1043
1049
91594
1050
1462
1032
1049
11084
1584
1747
1576
1049
38416
1462
1455
2586
4938
2127
1584
1576
1049
1681
1044
1605
20594
89045
1294
1278
4618
3310
1044
4136
1729
6185
8198
1261
9305
1733
1338
1256
9246
1639
1344
41412
21966
1058
1429
4051
1032
1049
1049
1047
1050
1050
3310
1395
6493
1435
1058
2157
1934
13509
5592
1044
1531
2158
1319
5197
1043
1049
91594
1050
1462
1032
1049
11084
1584
1747
1576
1049
2096
1531
9949
4145
1513
3980
1319
5197
1043
1049
91594
1050
1395
12473
2096
1531
11829
11084
1584
1747
1576
1050
1039
4410
1256
2409
28256
1278
5965
1307
1278
9305
1733
7423
1046
1531
9305
1733
4016
4395
1593
5965
1046
9748
1494
1681
1261
9305
1733
1044
1729
2586
2534
1317
3081
1693
2156
4335
26524
1623
1049
1534
1623
1050
1534
6421
1534
9772
1534
88995
1534
1475
1049
1534
1475
1050
1534
6421
1534
1475
1107
2516
1455
1278
11084
1584
1576
1049
2096
84091
1576
1049
2096
12473
2096
1576
1050
2096
84091
1576
1050
34710
1256
4493
2036
5125
1307
1394
2744
12473
2096
4014
1576
1049
1681
3066
1321
1576
1050
1681
2453
1044
4069
2365
1044
7444
22809
6298
1394
9305
3224
1338
1256
9246
1639
4206
1278
2688
1455
9700
1058
2000
8723
15605
3848
1044
1032
1052
1052
1044
1032
1053
1054
1041
2351
1032
1052
10632
1256
1265
1376
1576
1049
1049
1047
1050
1049
1555
13833
1050
1049
1049
1050
1047
1049
1047
1049
1047
1049
1050
1050
1050
1047
1050
1050
1050
1050
1047
1050
1049
1049
1049
1047
1049
1050
1049
1050
1049
1047
1050
1555
1050
1555
1049
1049
1047
1050
1050
1049
1047
1049
1049
1555
1049
1047
1049
17061
1050
1050
1050
1050
1050
1049
1050
1047
1050
1050
1555
2913
1256
1295
1061
1052
1052
1044
1382
1061
1053
1054
1046
1032
1049
37601
1286
1046
4493
93710
1395
1265
1091
1052
1051
1058
1053
1054
1093
1319
1048
37601
1286
4342
1256
9246
1639
9041
1455
93710
1321
2688
2036
13951
68093
1044
1505
1362
1710
7418
1261
7586
8466
1294
2036
3518
1044
1809
4942
1317
5972
1338
1256
17048
1278
6769
1395
1455
2036
2254
10721
2000
1050
1042
5914
21227
1867
1032
1049
7273
1321
1278
2688
64629
5592
1032
1052
1063
32844
1044
5592
1307
1420
1032
1049
1049
1047
1050
1050
3310
1395
5282
13509
1058
12473
2096
1576
1049
1047
1050
2096
1576
1049
1049
1047
1050
1050
2096
1576
1049
1049
1049
1047
1050
1050
1050
1039
1736
34749
1032
1049
1044
1032
1051
1044
1032
1053
1044
1032
1055
1046
4493
5592
1032
1052
1395
16501
1033
1531
57500
8223
2000
3107
1032
1052
9816
5646
1681
35133
1046
36609
1032
1052
1710
2405
1402
1420
1032
1049
1049
1047
1050
1050
3310
1046
62079
1278
2254
10721
1278
2632
1307
1409
1063
3501
1044
8953
3607
8223
1058
1429
56691
1058
1531
8905
5592
1307
1261
9305
1733
1455
9301
1420
1032
1049
1049
1047
1050
1050
3310
1044
1505
1032
1048
1693
11518
12123
2613
3060
11277
1058
12473
2096
1576
1049
1047
1050
2096
1576
1049
1049
1047
1050
1050
2096
1576
1049
1049
1049
1047
1050
1050
1050
1039
1584
1032
1049
1049
1047
1050
1050
18451
1046
14865
34749
1584
1032
1049
1044
1032
1051
1044
1032
1053
1044
1032
1055
1338
1256
32844
1044
1278
2688
8223
2000
8723
15605
3848
1044
1032
1052
1052
1044
1032
1053
1054
1041
2351
1032
1052
9816
3367
1278
2254
10721
5592
1044
1032
1052
1395
3199
1044
1799
35499
1115
1278
12270
1046
3626
13162
1278
2688
1395
6298
1321
1362
4525
98278
1063
9246
1639
1344
41412
1278
8953
3607
1058
1429
1784
8905
5592
1307
1261
9305
1733
1455
9301
1420
1032
1049
1049
1047
1050
1050
3310
3871
36609
4016
1402
13509
1046
3075
1710
1494
1402
1032
1052
2634
1256
17048
1278
2688
64629
1032
1052
1435
1278
4832
1044
10138
2036
9705
1395
8462
1044
1505
1278
2688
1934
1261
96948
1063
3626
1278
3330
8223
1429
24151
16424
70914
84674
14671
48761
1083
2613
4493
1278
9458
1584
9247
1046
1362
2534
1317
3180
2036
2254
1850
1032
1052
1394
1455
2937
1338
1256
32844
1044
13162
1278
1429
13418
1034
8583
1395
1605
1278
5592
1307
1278
1032
1049
1049
1047
1050
1050
3310
1044
1809
4433
2849
1063
3501
1044
8953
3607
8223
1429
62437
5592
1307
1261
9305
1733
1455
9301
1420
1032
1049
1049
1047
1050
1050
3310
7223
1256
9246
1639
4206
2147
9458
1058
2000
8723
15605
3848
1044
1032
1049
1044
1032
1055
1041
2351
1032
1053
1096
4906
5592
1032
1053
1395
5746
1319
1049
1049
1047
1050
1050
1577
2000
8723
15605
3848
1044
1032
1057
1044
1032
1049
1050
1041
2351
1032
1048
1096
4906
5746
1046
2000
8723
15605
3848
1044
1032
1051
1044
1032
1054
1041
2351
1032
1051
1096
4906
5746
1046
2000
8723
15605
3848
1044
1032
1052
1044
1032
1049
1048
1041
2351
1032
1049
1096
4906
5592
1032
1049
1395
5746
1046
2000
8723
15605
3848
1044
1032
1049
1044
1032
1049
1050
1041
2351
1032
1055
1096
4906
5592
1032
1055
5746
1338
1256
6830
1278
7481
9458
1058
2000
8723
15605
3848
1044
1032
1052
1052
1044
1032
1053
1054
1041
2351
1032
1052
1096
4906
1593
1395
3199
1046
25298
1494
1402
1455
1278
2254
2715
1850
1278
2782
1307
1576
1049
1681
1319
1107
1574
1878
5592
2168
1402
1032
1050
1107
1043
1049
1063
3367
1409
1061
1050
1044
5592
1061
1053
1046
3626
2688
8223
1032
1052
1046
3367
1409
1061
1050
1321
2127
1850
1032
1050
1107
1063
3501
1338
1256
32844
1044
13162
1278
12270
9985
3199
5592
1063
1429
2757
1934
13509
5592
1034
1462
24215
13509
1338
1256
9246
1639
1344
41412
1278
7481
2688
5443
3110
1058
1032
1010
1256
2000
1115
1376
1576
1049
1049
1047
1050
1049
1555
13833
1050
1049
1049
1050
1047
1049
1047
1049
1047
1049
1050
1050
1050
1047
1050
1050
1050
1050
1047
1050
1049
1049
1049
1047
1049
1050
1049
1050
1049
1047
1050
1555
1050
1555
1049
1049
1047
1050
1050
1049
1047
1049
1049
1555
1049
1047
1049
17061
1050
1050
1050
1050
1050
1049
1050
1047
1050
1050
1555
1039
10632
1256
2000
8723
15605
3848
1044
1032
1052
1052
1044
1032
1053
1054
1041
2351
1032
1052
10632
1256
17048
1278
93710
1562
1032
1052
1052
1317
1032
1053
1054
8688
1261
9305
1733
1307
5592
1032
1052
1063
3626
1032
1052
1395
3199
1046
25298
1278
2254
1850
1278
2632
1307
1409
1319
3265
2782
1307
1032
1049
1681
1505
1032
1050
1681
36036
3367
1409
1061
1050
1044
5592
1061
1053
1046
3626
2688
8223
1032
1052
1338
1256
9246
1639
4014
11084
1505
3648
30816
1046
17048
1278
2254
2715
1850
1278
8905
2782
1307
1576
1049
1681
1319
1270
17684
36036
3626
1278
2158
2688
2000
1099
52143
3848
1044
1032
1049
1044
1032
1055
1041
2351
1032
1053
1096
1454
1265
3760
1049
1049
1049
1047
1050
1049
1050
9528
1265
1091
1048
1058
1055
1093
1376
1576
1049
1049
1049
1047
1050
1049
1050
9528
9246
1681
3219
1058
9305
1733
17299
1032
1049
1049
1047
1050
1050
1046
58973
1058
1576
1049
1049
1049
1047
1050
1050
1039
1063
3626
2534
9949
12473
9528
1576
1049
1049
1049
1047
1050
1049
1050
1039
1934
69527
1513
4891
1032
1051
1319
1048
37601
1286
1577
20218
1058
1576
1049
1049
1049
1039
1319
43463
1032
1049
1681
1577
5417
1058
1576
1050
1049
1050
1039
1934
2295
1032
1050
1681
1063
49032
1576
1050
7661
1049
7661
1050
1039
4906
2295
1032
1050
1681
1046
4493
1409
1376
2365
1040
1051
1044
1050
1041
1376
1032
1050
1046
36609
1376
1032
1050
1042
1050
1043
1049
1376
1032
1053
1046
79472
2000
3107
1032
1053
14708
1256
2000
1099
52143
3848
1044
1032
1057
1044
1032
1049
1050
1041
2351
1032
1048
49431
1265
3760
1049
1049
1049
1047
1050
1049
1050
1047
1049
1049
1050
1050
2096
12197
1032
1057
1045
1049
1050
1319
1049
37601
1286
1577
1265
1091
1056
1058
1049
1050
1093
1376
1576
1049
1049
1050
1050
1039
1319
1048
37601
1286
1265
1934
5592
1063
1576
1049
1049
1049
1047
1050
1049
1050
1047
1049
1049
1050
1050
1039
4906
2878
1681
4014
1058
1032
1049
1044
1049
1044
1049
1044
38154
1050
1044
1049
1044
1050
1044
38154
1049
1044
1049
1044
1050
1044
1050
4906
1032
1049
1050
24733
1046
14750
3307
1032
1057
1045
1049
1050
1058
24733
1032
1057
1044
1049
1048
1044
1049
1049
1044
1049
1050
4906
1576
1049
7661
1049
7661
1050
7661
1050
9528
3501
12473
2096
1878
1032
1048
1046
79472
1338
1256
2000
1099
52143
3848
1044
1032
1051
1044
1032
1054
1041
2351
1032
1051
49431
1265
3760
1049
1049
1049
1047
1050
1049
1050
1047
1049
1049
1050
1050
2096
12197
1032
1051
1045
1054
1058
24733
1032
1051
1044
1052
1044
1053
1044
1054
4906
1576
1049
7661
1047
7661
1050
7661
1049
1039
1063
32844
1032
1049
37601
1286
1058
2022
1049
1061
1049
1044
2022
1050
1061
1049
1044
2022
1051
1061
1049
1044
2022
1052
1061
38154
2022
1053
1061
1050
1044
2022
1054
1061
1049
1046
4493
1265
1091
1050
1058
1054
1093
1376
1576
1049
1047
1050
1049
9528
7672
39318
1032
1049
1049
1047
1050
1050
1058
1729
1736
69527
1513
2022
1052
1046
20218
1058
1576
1049
1039
1319
1774
1576
1049
6166
5417
1058
1576
1049
1039
1319
2649
1576
1050
6166
4493
1409
1061
1048
1063
3626
2688
8223
1032
1051
1046
32844
1044
13162
1362
4525
5711
37601
1302
1046
9246
1681
21966
4891
1265
3760
1049
1049
1049
1047
1050
1049
1050
1047
1049
1049
1050
1050
12807
1256
18931
1032
1049
1058
1576
1049
2913
1256
1032
1050
1058
1576
1049
2913
1256
1032
1051
1058
1576
1049
2913
1256
1032
1052
1058
12473
2913
1256
1032
1053
1058
1576
1050
2913
1256
1032
1054
1058
1576
1049
2913
1256
1032
1055
1058
1576
1050
2913
1256
1032
1056
1058
12473
2913
1256
1032
1057
1058
1576
1049
2913
1256
1032
1049
1048
1058
1576
1049
2913
1256
1032
1049
1049
1058
1576
1050
2913
1256
1032
1049
1050
1058
1576
1050
2913
1256
14750
3307
1032
1051
1317
1032
1054
46178
1058
24733
1513
1032
1051
1044
1052
1044
1053
1044
1054
1376
1576
1049
2096
12473
2096
1576
1050
2096
1576
1049
9528
7672
39318
1058
1729
1710
8427
1576
1049
1039
1319
2161
1051
1574
69527
1319
2161
1052
1574
1576
1050
1039
1319
2161
1053
1577
5646
9301
1576
1049
1047
1050
2096
5592
1032
1051
1046
4890
13951
1058
1394
69527
1513
4891
1032
1052
1319
1049
37601
1286
3746
93710
1063
93710
1265
1091
1051
1058
1054
1093
1032
1049
37601
1286
12197
1032
1051
1045
1054
1046
1656
2036
3475
1044
2155
1376
1265
67495
1045
1049
1058
1114
3077
2898
1295
1061
1051
1044
1382
1061
1054
1044
2155
1376
1265
1091
1050
1058
1054
1093
1376
1576
1049
1047
1050
1049
1039
1319
1048
37601
1286
26524
1032
1050
1044
1051
1044
1052
1044
1053
1577
32844
1265
1091
1050
1093
3760
1049
2096
1265
1091
1051
1093
52197
2096
1265
1091
1052
1093
3760
1050
2096
1265
1091
1053
1093
3760
1049
9528
4493
2155
1376
1576
1049
1047
1050
1049
9528
4890
3475
1058
1394
2744
69527
1294
2155
1044
3081
3979
1095
1049
1321
3169
1095
1050
1046
69527
1395
1513
4891
1032
1049
1294
2155
1046
2155
14316
1049
1093
1376
1576
1049
2096
4014
2021
1049
4576
1061
1049
1046
2155
1091
1050
90370
1376
1576
1050
1049
2096
4014
2021
1050
4576
1061
1049
1046
1409
1061
2422
1040
1049
1044
1049
8429
1049
1046
5592
1061
1050
1042
1049
1043
1049
1061
1051
1046
79472
2000
3107
1051
14708
1256
2000
1099
52143
3848
1044
1032
1052
1044
1032
1049
1048
1041
2351
1032
1049
49431
1295
1061
1052
1044
1382
1061
1049
1048
1046
2155
1376
1265
1091
1051
1058
1049
1048
1093
1376
12473
1050
1049
1050
1047
1049
1049
1039
1319
1048
37601
1286
1032
1051
1317
1032
1057
1577
1265
1091
1051
1093
52197
2096
1265
1091
1052
1093
3760
1050
2096
1265
1091
1053
1093
3760
1049
2096
1265
1091
1054
1093
3760
1050
2096
1265
1091
1055
1093
52197
2096
1265
1091
1056
1093
3760
1049
2096
1265
1091
1057
1093
3760
1049
9528
7672
3607
12473
1050
1049
1050
1047
1049
1049
9528
4890
3475
1058
69527
1513
4891
1032
1048
1058
3979
1095
1049
1061
1048
1044
3169
1095
1050
1376
4014
1576
1050
1039
1294
1576
1050
1049
1050
1047
1049
1049
1039
1376
1032
1050
1319
3265
2295
1576
1050
1681
1577
1409
1061
2422
1040
1048
1044
1050
8429
1048
1046
69527
1513
4891
1032
1051
1319
3265
2667
69527
4244
3979
1095
1049
1376
2155
14316
1051
1093
1376
1576
1050
1049
1050
2096
4014
2021
1049
4576
1061
1049
1046
3169
1095
1050
1376
2155
1091
1052
90370
1376
1576
1049
2096
4014
2021
1050
4576
1061
1048
1046
1409
1061
1048
1046
6705
21227
1061
1048
1063
3626
2688
8223
1032
1049
1046
32844
1044
1693
6705
21227
28584
1049
15423
1044
1321
1729
4772
3081
1409
1062
1048
1044
1729
1850
1032
1048
1046
3626
2688
64629
1032
1049
1046
35032
1681
8462
1338
1256
9246
1639
19087
2000
1099
52143
3848
1044
1032
1052
1044
1032
1049
1048
1041
2351
1032
1049
9816
1265
3760
1049
1049
1049
1047
1050
1049
1050
1047
1049
1049
1050
1050
2096
1295
1061
1052
1044
1382
1061
1049
1048
1046
1032
1049
37601
1286
12197
1032
1052
1317
1032
1049
1048
1058
2022
1052
52197
2096
2022
1053
3760
1050
2096
2022
1054
3760
1049
2096
2022
1055
3760
1050
2096
2022
1056
52197
2096
2022
1057
3760
1049
2096
2022
1049
1048
3760
1049
9528
7672
3607
1058
12473
2096
1576
1050
2096
1576
1049
2096
1576
1050
2096
12473
2096
1576
1049
2096
1576
1049
9528
4425
1729
2071
1420
1032
1049
1049
1047
1050
1050
9305
1733
1307
5592
1032
1049
1063
7490
69527
9412
1046
13830
1044
69527
1395
1261
5746
1032
1049
1049
1047
1050
1050
3310
1319
13418
1032
1049
1577
4493
1278
2254
2715
1850
1032
1049
3147
1729
1710
2586
4069
1278
69527
1536
7423
1046
4890
3475
1058
1394
69527
1513
4891
1032
1048
1044
3979
1095
1049
1376
1032
1048
1044
3169
1095
1050
1376
1032
1050
1044
1409
1061
1048
1046
3626
1409
1061
1048
2168
5628
5592
1032
1050
1042
1048
1043
1049
1061
1049
1033
32844
1044
1294
2036
3475
1362
1880
1058
2000
1391
1409
3006
6705
21227
1058
6705
21227
1376
1409
9816
56102
6705
21227
1376
1462
1049
1046
3367
1409
1061
1048
1044
2430
1032
1048
3006
1462
1049
1395
10344
1044
1878
6705
21227
11006
1032
1048
1046
3931
1278
2362
1044
1693
6705
21227
2351
1462
1049
1850
1032
1048
1044
2849
1850
1032
1050
1042
5914
21227
1867
1032
1049
1046
4493
1693
6705
21227
1061
1048
1044
1494
10721
1032
1049
1046
5646
14175
2000
3107
1049
1096
1033
1362
9781
4914
1494
2168
1850
1032
1048
1044
1809
1836
1044
1409
1061
1048
1395
5746
1321
10177
5592
1032
1049
1046
13649
1338
1256
2000
1099
52143
3848
1044
1032
1049
1044
1032
1049
1050
1041
2351
1032
1055
49431
5275
3310
1046
27912
1850
1032
1055
1046
9246
1681
3219
1058
1265
1934
2295
69527
1115
1046
7610
69527
1513
2022
1052
1058
3979
1095
1049
1061
1051
1044
3169
1095
1050
1058
2453
2022
1052
1044
1576
1050
1049
1050
1047
1049
1049
1050
1050
1039
1934
1576
1050
7661
1049
7661
1050
7661
1049
7661
1049
7661
1050
7661
1050
1039
4906
3946
1576
1050
1681
1063
49032
4014
1576
1050
1681
1058
2022
1053
1061
1050
1044
2022
1055
1061
1050
1044
2022
1049
1049
1061
1050
1044
2022
1049
1050
1061
1050
4906
1032
1052
1046
1409
1061
2422
1040
1051
1044
1052
8429
1051
1046
5592
1061
1055
1046
10322
69527
1513
2022
1056
1058
3979
1095
1049
3066
1494
1058
1576
1049
1049
1049
1047
1050
1049
1039
1934
3300
1576
1049
1681
1063
49032
2022
1049
1045
1055
1058
1032
1049
1044
1049
1044
1049
1044
38154
1050
1044
1049
1044
1050
4906
1576
1049
1681
1058
3300
1046
1409
1061
2422
1040
1051
1044
3169
1095
1050
2453
2022
1056
1058
1576
1049
1049
1050
1050
1039
1934
11118
1576
1050
1681
1063
49032
1576
1049
7661
1049
7661
1050
7661
1050
1039
1934
2295
1576
1050
1681
1046
4493
1409
1061
2422
1040
1051
1044
1050
8429
1050
1046
6705
21227
1061
1051
1046
5592
1061
1055
1046
79472
1338
1256
4493
2036
13951
7444
6298
1394
1278
2158
2016
1307
9458
1046
12211
2697
2000
8723
15605
3848
1044
1032
1052
1052
1044
1032
1053
1054
1041
2351
1032
1052
1096
7195
1063
1531
2688
64629
1032
1052
1046
3626
1032
1052
1395
3199
1044
1321
2036
2254
10721
13509
34749
1319
1049
1044
1051
1044
1053
1044
1055
90743
1577
62079
1278
2688
64629
1278
2632
1307
1409
1319
11018
2168
1402
1032
1050
1394
5592
1032
1053
1044
1809
2688
8223
1032
1052
1577
3247
13162
1278
2254
2715
1850
1278
5592
1044
1321
1394
2269
5972
5592
1032
1052
1395
4171
1063
3626
8953
3607
8223
13509
5592
1338
1256
32844
1044
13162
1278
2688
2000
8723
15605
3848
1044
1032
1052
1052
1044
1032
1053
1054
1041
2351
1032
1052
1096
1395
24124
1394
1409
1061
1050
1809
1278
2254
10721
1032
1050
124944
1063
3501
1044
8953
3607
8223
5592
1338
1256
9246
1639
1344
41412
1278
3880
1058
2000
8723
15605
3848
1044
1032
1052
1052
1044
1032
1053
1054
1041
2351
1032
1052
9816
3060
1278
4607
3880
1486
2000
8723
15605
3848
1044
1032
1052
1052
1044
1032
1053
1054
1041
2351
1032
1052
9816
17048
1278
2688
7442
64629
1278
8905
5592
1044
1321
25217
1261
5592
1307
1032
1052
1395
5746
1063
3626
1429
2757
1934
13509
5592
1034
1395
14960
1338
1256
25298
1494
1402
1455
1278
9305
1733
6354
2405
1736
1317
1402
13509
5592
1063
3501
1044
8953
3607
8223
1494
1338
1256
17048
1362
4525
5711
3586
2996
3333
1278
2688
3310
1046
9246
1639
2985
1513
1278
7481
2688
5443
3310
1877
1256
2000
1115
1376
1576
1049
1049
1047
1050
1049
1555
13833
1050
1049
1049
1050
1047
1049
1047
1049
1047
1049
1050
1050
1050
1047
1050
1050
1050
1050
1047
1050
1049
1049
1049
1047
1049
1050
1049
1050
1049
1047
1050
1555
1050
1555
1049
1049
1047
1050
1050
1049
1047
1049
1049
1555
1049
1047
1049
17061
1050
1050
1050
1050
1050
1049
1050
1047
1050
1050
1555
1039
10632
1256
2409
1395
2730
1046
14750
3307
1032
1052
1052
1317
1032
1053
1054
1046
9246
1639
4014
1278
3310
5592
1505
2586
3352
1317
5048
2549
1032
1052
2481
4204
1338
1256
32844
1033
17048
1278
2254
2715
1850
1278
8905
5592
1307
1278
9305
1733
1044
1809
1278
5592
1307
1278
1032
1049
1049
1047
1050
1050
3310
1395
6493
1435
1278
2782
1307
1576
1049
1681
2984
1278
2782
1307
1576
1050
1681
2984
1278
69527
1063
5646
1681
2549
1362
1736
1058
1032
1050
1107
1043
1049
1046
3626
2688
8223
1032
1052
1338
1256
54818
1058
17048
1278
2254
10721
1278
5592
1307
1278
36598
23832
1307
1576
1049
1681
1505
4433
1063
3501
1338
1256
9246
1639
3648
1058
2481
1429
1052
1034
1402
1261
96948
1294
2036
10718
1063
1531
3330
5662
1058
2000
8723
15605
3848
1044
1032
1052
1052
1044
1032
1053
1054
1041
2351
1032
1052
9816
1362
4016
3180
1494
1850
1032
1052
1338
1256
5675
1693
1278
12270
1307
1032
1049
1049
1047
1050
1050
3310
9985
3199
5592
1294
2269
5443
1063
1429
2757
1934
13509
5592
1034
1462
15851
1338
1256
17048
1278
1429
62437
5592
1034
19442
1317
1278
2782
1307
11084
1562
1278
4618
3310
1455
1584
1805
1307
1278
9305
1733
1044
1809
13162
1278
9305
1733
1710
1402
7563
1536
62005
2269
11084
1044
1321
1278
5592
1395
2586
1278
4014
1046
24578
13509
1338
1256
9246
1639
1344
41412
1278
8953
3607
12270
1307
1032
1049
1049
1047
1050
1050
3310
21966
1877
1256
1462
2157
1934
13509
5592
1010
1256
1462
1531
2158
1319
5197
1043
1049
91594
1050
1462
1032
1049
11084
1584
1747
1576
1049
2913
1256
1462
1531
9949
4145
1513
3980
1319
5197
1043
1049
91594
1050
1395
12473
2913
1256
1462
1531
11829
11084
1584
1747
1576
1050
2913
1293
1010
1256
2898
9027
1061
1053
1058
1319
1053
1043
1049
91594
1050
1462
1049
1376
1032
1051
1045
1049
1061
1050
2158
24733
1576
1049
2096
9949
1513
2022
1032
1051
1395
12473
2096
11829
1032
1050
24733
1576
1050
9528
4493
1576
1049
1049
1047
1050
1050
63325
1256
2898
9027
1061
1052
1058
1319
1052
1043
1049
91594
1050
1462
1049
1376
1032
1050
1045
1049
1061
1049
2158
2810
1576
1049
2096
9949
1513
2022
1032
1050
1063
1319
1052
1043
1049
91594
1050
1376
1032
1050
1319
49039
11368
1577
4493
9949
1513
2022
1032
1050
1395
12473
9528
9809
6338
24733
1513
2022
1032
1051
1044
1052
1584
1576
1050
9528
4493
3310
2168
1402
1576
1049
1047
1050
1050
2096
5592
1032
1052
1046
3626
1494
8223
1429
2757
1934
13509
5592
1897
1878
9027
1061
1052
1395
24215
23467
1338
1256
4493
5782
3120
1278
2688
4209
1032
1052
1063
17048
1278
2254
1395
15654
1317
1850
1278
2632
1307
1409
1319
3265
2782
1307
1032
1049
1681
1505
1032
1050
1681
36036
3367
1409
1061
1050
1044
5592
1061
1053
1046
3626
2688
8223
1032
1052
1046
3367
1409
1061
1050
1321
2127
1850
1032
1050
1107
1063
5646
2168
1402
1032
1052
1046
3626
2430
2000
1099
52143
3848
1044
1032
1049
1044
1032
1055
1041
2351
1032
1053
1096
2168
1402
1032
1050
1107
1043
1049
1061
1053
1044
52990
1338
1256
32844
1044
13162
1278
2688
2000
1099
52143
3848
1044
1032
1052
1052
1044
1032
1053
1054
1041
2351
1032
1052
1096
1395
7442
24124
1394
5592
1032
1052
1044
1321
2036
13951
1307
8198
2365
54836
1095
1049
1044
3169
1095
1050
1041
1321
19566
1032
1050
1042
5914
21227
1043
1049
1395
8462
1394
2269
5443
1046
26243
1278
9305
1733
6354
2405
4771
9196
2782
1307
1032
1049
1681
1321
1032
1050
1681
1063
3626
1278
12270
8223
2158
1319
5197
1043
1049
91594
1050
1462
1049
1584
1576
1049
2096
11829
1584
1576
1050
9528
2898
5592
1424
1044
2782
1307
1032
1049
1681
1376
1319
1076
1043
1049
91594
1050
1462
1049
1044
2782
1307
1032
1050
1681
1376
1424
1462
1319
1076
1043
1049
91594
1050
1046
2898
1424
13509
1044
1424
1061
1050
1107
1043
1049
1058
1032
1049
1681
1376
1409
1044
1032
1050
1681
1376
1409
1046
4493
2127
4016
1402
9196
1338
1256
62079
2880
1278
9305
1733
6354
2405
1736
1317
2210
1747
11084
2396
1278
20431
10907
1063
3501
1044
9305
1733
2586
102789
3542
1338
1256
9246
1639
7442
9041
1278
93710
1394
1278
36519
2688
1321
17090
23898
1046
1362
1710
7418
1261
3709
8466
1294
2036
5759
1044
1809
13162
1362
1710
5972
2314
1278
3310
1338
1256
3000
1265
1376
1576
1049
1049
1047
1050
1049
1555
13833
1050
1049
1049
1050
1047
1049
1047
1049
1047
1049
1050
1050
1050
1047
1050
1050
1050
1050
1047
1050
1049
1049
1049
1047
1049
1050
1049
1050
1049
1047
1050
1555
1050
1555
1049
1049
1047
1050
1050
1049
1047
1049
1049
1555
1049
1047
1049
17061
1050
1050
1050
1050
1050
1049
1050
1047
1050
1050
1555
2913
1256
9246
1639
4014
11084
1505
1513
4403
3081
12197
1032
1052
1052
1317
1032
1053
1054
1319
1049
37601
1286
4342
1256
1362
7534
4891
1278
3310
1877
1256
1265
1376
1576
1049
1049
1047
1050
1049
1555
13833
1050
1049
1049
1050
1047
1049
1047
1049
1047
1049
1050
1050
1050
1047
1050
1050
1050
1050
1047
1050
1049
1049
1049
1047
1049
1050
1049
1050
1049
1047
1050
1555
1050
1555
1049
1049
1047
1050
1050
1049
1047
1049
1049
1555
1049
1047
1049
17061
1050
1050
1050
1050
1050
1049
1050
1047
1050
1050
1555
2913
1256
9246
1681
2012
34749
1877
1256
1576
1049
1049
1047
1050
1049
1039
4906
1032
1053
1010
1256
1576
1555
13833
1039
4906
1032
1053
1044
3788
1032
1049
1048
1010
1256
1576
1050
1049
1049
1050
1039
4906
1032
1052
1044
3788
1032
1049
1052
1010
1256
69527
4906
1032
1049
1044
3788
1032
1049
1053
1010
1256
1576
1049
1039
4906
1032
1049
1044
3788
1032
1049
1054
1010
1256
69527
4906
1032
1049
1044
3788
1032
1049
1055
1010
1256
1576
1049
1039
4906
1032
1049
1044
3788
1032
1049
1056
1010
1256
69527
4906
1032
1049
1044
3788
1032
1049
1057
1010
1256
1576
1049
1050
1050
1050
1039
4906
1032
1052
1044
3788
1032
1050
1051
1010
1256
12473
1050
1050
1050
1050
1039
4906
1032
1053
1044
3788
1032
1050
1056
1063
32844
2878
1681
1653
54562
1338
1256
49032
1044
13162
1362
1710
2586
3648
2314
2549
1278
6298
11708
2715
1402
1046
1531
3330
8223
2036
4607
6983
9700
1046
1362
2534
1317
8240
1848
1278
6298
11708
1338
1256
9246
1639
1344
41412
1278
4127
10674
1562
1278
10343
1046
17048
1362
21957
1261
12705
1338
1256
1429
23989
1278
8905
5592
1307
1261
9305
1733
3746
1265
67495
1045
1049
1058
1114
1093
1455
9301
1420
1032
1049
1049
1047
1050
1050
3310
4043
1256
2048
1032
1049
1049
1047
1050
1050
3310
1058
13509
5592
1044
2158
1319
5197
1043
1049
91594
1050
1462
1049
24733
1576
1049
2096
9949
12473
2096
11829
1576
1050
34710
1256
2409
1395
14259
1317
1058
1261
3310
1307
1278
2071
1032
1049
2880
1049
1047
1050
2880
1050
1454
1409
10907
1321
1409
5766
1346
1044
3788
5592
1032
1050
1107
1043
1049
1338
1256
4493
1729
2534
1317
3081
1278
8905
1409
2516
1455
1294
1265
67495
1045
1049
1058
1114
3605
2156
4335
1409
1576
1049
1681
1044
2430
1261
12473
2096
2430
1409
1576
1050
1681
1044
1294
3542
1338
1256
4890
5125
1058
1394
2744
69527
1294
1278
4521
1044
4014
1576
1049
1681
3066
1494
1321
1576
1050
1681
2453
1494
1044
1409
1376
2365
43063
1095
1049
1044
4014
1095
1050
1577
3450
1376
1032
1050
1042
5914
21227
1867
1032
1049
1338
1256
2409
7444
6298
1394
9305
3224
1046
12211
2168
1494
7195
1394
2000
1099
52143
3848
1044
1032
1052
1052
1044
1032
1053
1054
1041
2351
1032
1052
58303
1256
17048
1278
2688
64629
1278
2254
1317
1850
1278
5592
1044
1321
1032
1052
1395
16106
1278
6878
4832
1394
1455
4811
93710
1046
25298
1494
1402
1455
1278
93710
8688
1261
9305
1733
1307
5592
1032
1052
1455
9301
1420
1032
1049
1049
1047
1050
1050
3310
1063
3626
12270
8223
13509
5592
1046
62079
1278
2688
1395
8462
1063
3626
3330
8223
21478
16424
70914
84674
48761
1083
1338
1256
32844
1033
17048
1362
5711
2633
1278
2688
1046
9246
1639
2985
1513
1278
3330
1681
5117
2790
1877
1256
49958
1256
56431
6705
1095
12149
2154
2480
23381
3446
2054
21777
39318
2021
1049
1049
1049
1047
1050
1049
1050
2096
1032
1049
1044
1032
1055
1456
1256
1032
1053
1010
1256
56431
6705
1095
12149
2154
2480
23381
3446
2054
21777
39318
2021
1049
1049
1049
1047
1050
1049
1050
1047
1049
1049
1050
1050
2096
1032
1057
1044
1032
1049
1050
1456
1256
1032
1048
1010
1256
56431
6705
1095
12149
2154
2480
23381
3446
2054
21777
39318
2021
1049
1049
1049
1047
1050
1049
1050
1047
1049
1049
1050
1050
2096
1032
1051
1044
1032
1054
1456
1256
1032
1051
1010
1256
47229
1256
6830
1877
1256
49958
1256
2121
4206
5164
52143
3640
3539
2569
7637
5443
1562
1278
4127
1010
3539
1265
1376
1576
1049
1049
1049
1047
1050
1049
1050
1047
1049
1049
1050
1050
2913
3539
6852
15605
3848
1044
1032
1049
1044
1032
1055
1041
2351
1032
1053
1010
3539
6852
15605
3848
1044
1032
1057
1044
1032
1049
1050
1041
2351
1032
1048
1010
3539
6852
15605
3848
1044
1032
1051
1044
1032
1054
1041
2351
1032
1051
1010
3539
6852
15605
3848
1044
1032
1052
1044
1032
1049
1048
1041
2351
1032
1049
1010
3539
6852
15605
3848
1044
1032
1049
1044
1032
1049
1050
1041
2351
1032
1055
1010
1369
1010
3539
2569
31054
2688
5443
1010
3539
1265
1376
1576
1049
1049
1047
1050
1049
1555
13833
1050
1049
1049
1050
1047
1049
1047
1049
1047
1049
1050
1050
1050
1047
1050
1050
1050
1050
1047
1050
1049
1049
1049
1047
1049
1050
1049
1050
1049
1047
1050
1555
1050
1555
1049
1049
1047
1050
1050
1049
1047
1049
1049
1555
1049
1047
1049
17061
1050
1050
1050
1050
1050
1049
1050
1047
1050
1050
1555
2913
3539
6852
15605
3848
1044
1032
1055
1049
1044
1032
1055
1051
1041
2351
1032
1049
1010
3539
6852
15605
3848
1044
1032
1052
1052
1044
1032
1053
1054
1041
2351
1032
1052
1010
3539
6852
15605
3848
1044
1032
1053
1054
1044
1032
1054
1048
1041
2351
1032
1049
1010
3539
6852
15605
3848
1044
1032
1049
1044
1032
1054
1054
1041
2351
1032
1049
1055
1010
3539
6852
15605
3848
1044
1032
1050
1048
1044
1032
1055
1048
1041
2351
1032
1049
1053
1010
3539
6852
15605
3848
1044
1032
1055
1051
1044
1032
1055
1054
1041
2351
1032
1049
1010
3539
6852
15605
3848
1044
1032
1052
1055
1044
1032
1054
1049
1041
2351
1032
1053
1010
3539
6852
15605
3848
1044
1032
1053
1044
1032
1055
1054
1041
2351
1032
1050
1053
1010
3539
6852
15605
3848
1044
1032
1053
1051
1044
1032
1055
1051
1041
2351
1032
1057
1010
3539
6852
15605
3848
1044
1032
1051
1048
1044
1032
1051
1049
1041
2351
1032
1048
1010
3539
6852
15605
3848
1044
1032
1052
1055
1044
1032
1054
1051
1041
2351
1032
1053
1010
3539
6852
15605
3848
1044
1032
1050
1049
1044
1032
1054
1052
1041
2351
1032
1057
1010
1369
1010
3539
2569
22649
5443
1010
3539
6852
15605
69480
1032
1049
1044
1032
1049
1041
2351
1032
1049
1010
3539
6852
15605
2021
1049
1050
1050
1050
2096
1032
1049
1044
1032
1052
1041
2351
1032
1048
1010
3539
6852
15605
2021
1049
1049
1049
1049
1049
1049
1049
1049
1049
1049
1049
1049
1049
1049
1049
2096
1032
1049
1044
1032
1049
1053
1041
2351
1032
1048
1010
3539
6852
15605
2021
1049
1049
1047
1050
1050
2096
1032
1052
1044
1032
1052
1041
2351
1032
1048
1010
1369
1010
3539
2569
7325
2688
5443
1010
3539
1265
1376
12473
1050
1555
1050
1047
1050
1047
1050
1050
1050
1555
1049
1555
1049
1049
1050
1555
1050
1050
1049
114140
3539
6852
15605
3848
1044
1032
1053
1044
1032
1049
1051
1041
2351
1032
1049
1010
3539
6852
15605
3848
1044
1032
1050
1048
1044
1032
1050
1049
1041
2351
1032
1049
1010
3539
6852
15605
3848
1044
1032
1049
1051
1044
1032
1050
1050
1041
2351
1032
1051
1010
3539
6852
15605
3848
1044
1032
1049
1048
1044
1032
1050
1053
1041
2351
1032
1053
1010
3539
6852
15605
3848
1044
1032
1051
1044
1032
1053
1041
2351
1032
1049
1010
3539
6852
15605
3848
1044
1032
1049
1055
1044
1032
1049
1055
1041
2351
1032
1048
1010
1256
47229
1256
32844
1044
2985
1513
1278
7481
9458
1058
2000
8723
15605
3848
1044
1032
1049
1044
1032
1054
1054
1041
2351
1032
1049
1055
9816
36609
1032
1049
1055
1395
13509
1319
1050
1042
1056
1043
1049
1577
2000
3107
1032
1050
1053
1096
1395
13509
1063
1032
1050
1053
1395
13509
1319
1050
1042
1049
1050
1043
1049
1577
2000
3107
1032
1057
1096
13509
1046
2000
3107
1032
1049
1053
1096
13509
1046
2000
3107
1032
1053
1096
13509
1046
2000
3107
1032
1052
1096
1395
3199
1033
5646
1681
1278
2342
3199
1925
1046
2000
3107
1032
1049
1055
1044
1032
1050
1053
1044
1032
1057
1044
1032
1049
1053
1044
1032
1053
1096
1747
13509
1046
4493
1278
2688
64629
1032
1052
1394
2000
1099
52143
3848
1044
1032
1052
1052
1044
1032
1053
1054
1041
2351
1032
1052
9816
2409
1395
3435
57721
1046
17048
1278
2254
1395
15654
1317
1850
1278
2782
1307
1576
1049
1681
1319
1107
1574
1321
1278
5592
2168
1402
1032
1050
1107
1043
1049
1063
3626
2430
2000
1099
52143
3848
1044
1032
1049
1044
1032
1055
1041
2351
1032
1053
1096
2168
1402
1409
1061
1053
1044
5592
1032
1049
1049
1044
1809
1278
3310
1576
1049
1049
1049
1047
1050
1049
1050
1039
2342
1934
5592
1032
1055
1046
4493
1836
1338
1256
17048
1278
2254
10721
1278
5592
1307
1278
9305
1733
1044
1321
1394
2000
1099
52143
3848
1044
1032
1052
1052
1044
1032
1053
1054
1041
2351
1032
1052
7273
1278
93710
7442
8688
1261
5746
1032
1049
1049
1047
1050
1050
3310
1307
5592
1032
1052
1063
3626
12270
8223
13509
1046
25298
1278
12270
1402
27539
30816
1063
1429
2757
1934
13509
5592
1034
1462
13162
1494
1681
1261
7299
1307
1278
11277
1044
1605
1261
15851
21609
1394
1278
2254
1681
1850
2632
1063
3501
1044
1278
8953
3607
8223
1429
4051
1032
1049
1049
1047
1050
1050
3310
1395
6493
1435
1058
1462
2157
1934
13509
5592
61074
1256
9246
1639
102361
1058
13162
1278
2254
2715
1850
1278
8905
5592
1307
1261
9305
1733
1455
9301
1420
1032
1049
1049
1047
1050
1050
3310
1044
1809
1278
5592
8583
1395
1605
1278
5592
1307
1278
3310
1044
1809
1278
2632
1307
1409
1063
3501
1044
2000
3107
1053
1096
1394
1576
1049
1049
1049
1047
1050
1049
1050
1039
1454
1409
1061
1050
2168
5628
1032
1050
1044
1605
1032
1053
1338
1256
32844
1033
5675
1693
1278
1429
13418
1034
1294
1278
1850
6360
4938
1278
2782
1307
1576
1049
1681
2984
1278
69527
2984
1278
1576
1050
1681
1044
1809
13162
1278
2688
2000
3107
1052
1096
1395
7442
1394
1261
2801
5965
1063
9246
1639
4206
2000
1099
52143
3848
1044
1032
1053
1044
1032
1055
1054
1041
2351
1032
1050
1053
9816
1032
1050
1053
1395
13509
1046
2000
1099
52143
3848
1044
1032
1053
1051
1044
1032
1055
1051
1041
2351
1032
1057
1096
13509
1046
2000
1099
52143
3848
1044
1032
1052
1055
1044
1032
1054
1051
1041
2351
1032
1053
1096
13509
1046
2000
1099
52143
3848
1044
1032
1052
1055
1044
1032
1054
1049
1041
2351
1032
1053
1096
13509
1046
2000
1099
52143
3848
1044
1032
1050
1048
1044
1032
1055
1048
1041
2351
1032
1049
1053
1096
13509
1046
2000
1099
52143
3848
1044
1032
1049
1044
1032
1054
1054
1041
2351
1032
1049
1055
1096
13509
1046
2000
1099
52143
3848
1044
1032
1055
1049
1044
1032
1055
1051
1041
2351
1032
1049
1096
13509
1046
2000
1099
52143
3848
1044
1032
1053
1054
1044
1032
1054
1048
1041
2351
1032
1049
1096
13509
1046
2000
1099
52143
3848
1044
1032
1051
1048
1044
1032
1051
1049
1041
2351
1032
1048
1096
3199
1319
1048
1577
2000
1099
52143
3848
1044
1032
1049
1055
1044
1032
1049
1055
1041
2351
1032
1048
1096
3199
1046
2000
1099
52143
3848
1044
1032
1051
1044
1032
1053
1041
2351
1032
1049
1096
13509
1046
2000
1099
52143
3848
1044
1032
1049
1051
1044
1032
1050
1050
1041
2351
1032
1051
1096
13509
1046
2000
1099
52143
3848
1044
1032
1049
1048
1044
1032
1050
1053
1041
2351
1032
1053
1096
13509
1046
2000
1099
52143
3848
1044
1032
1053
1044
1032
1049
1051
1041
2351
1032
1049
1096
13509
1046
2000
1099
52143
3848
1044
1032
1050
1048
1044
1032
1050
1049
1041
2351
1032
1049
1096
13509
1046
2000
1099
52143
3848
1044
1032
1049
1051
1044
1032
1050
1050
1041
2351
1032
1051
1096
13509
1046
2000
1099
52143
3848
1044
1265
1044
1032
1049
1055
1044
1032
1049
1055
1041
2351
1032
1048
14708
1256
4493
1278
2342
3199
2767
61174
6878
2632
1395
2000
3107
1032
1052
1096
1394
2000
1099
52143
3848
1044
1032
1052
1052
1044
1032
1053
1054
94799
2409
1395
3435
35133
1046
17048
1362
5711
12296
1286
1321
1032
1052
1395
7442
13509
1063
3501
1044
1032
1052
1395
3199
1338
1256
25298
1494
1402
1455
1278
2254
2715
1850
1278
8905
2782
1307
17684
1319
1107
1574
1321
1278
2688
2000
3107
1052
1096
4938
1409
1061
1052
1044
1878
5592
2168
1402
1032
1057
1063
3626
2430
2000
1099
52143
3848
1044
1032
1049
1044
1032
1055
1041
2351
1032
1053
1096
2168
4204
1409
1061
1053
1044
5592
1032
1049
1049
1044
16501
1394
1455
3310
1046
4493
1836
1338
1256
17048
1278
2688
2000
3107
1052
1096
1395
1261
96948
1294
1278
3330
1681
5117
1044
1809
1362
1736
1317
2764
1494
1435
1395
1046
1531
3330
2639
1429
24151
16424
70914
84674
14671
48761
1083
2613
4493
1362
4016
3180
2036
2254
1850
1032
1052
1394
1455
4292
1338
1256
9246
1639
7442
24002
1278
93710
1394
2000
1115
1044
1032
1052
1052
1044
1032
1053
1054
1096
1321
3219
2549
1032
1049
1049
1047
1050
1050
9305
3224
4335
1046
1362
7534
23898
4891
1278
3310
1265
1376
1576
1049
1049
1047
1050
1049
1555
13833
1050
1049
1049
1050
1047
1049
1047
1049
1047
1049
1050
1050
1050
1047
1050
1050
1050
1050
1047
1050
1049
1049
1049
1047
1049
1050
1049
1050
1049
1047
1050
1555
1050
1555
1049
1049
1047
1050
1050
1049
1047
1049
1049
1555
1049
1047
1049
17061
1050
1050
1050
1050
1050
1049
1050
1047
1050
1050
1555
8985
1256
9246
1639
7418
1848
1278
3310
1454
26524
1319
1049
37601
1286
3640
1256
1362
7534
9441
1278
3310
1321
4014
1626
1256
1265
1376
1576
1049
1049
1047
1050
1049
1555
13833
1050
1049
1049
1050
1047
1049
1047
1049
1047
1049
1050
1050
1050
1047
1050
1050
1050
1050
1047
1050
1049
1049
1049
1047
1049
1050
1049
1050
1049
1047
1050
1555
1050
1555
1049
1049
1047
1050
1050
1049
1047
1049
1049
1555
1049
1047
1049
17061
1050
1050
1050
1050
1050
1049
1050
1047
1050
1050
1555
2913
1256
9246
1681
4323
1494
3151
1877
1256
1576
1049
1049
1047
1050
1049
1039
1376
12197
1032
1049
1045
1053
1010
1256
1576
1555
13833
1039
1376
1032
1054
1045
1049
1048
1063
32844
1044
2453
1576
1049
1049
1047
1050
1049
1039
2156
1584
6184
69527
1063
1531
3310
16896
1454
1576
1049
1049
1047
1050
1049
2096
2430
1576
1555
13833
9528
4493
1877
1256
1032
1049
1058
1576
1049
2913
1256
1032
1050
1058
1576
1049
2913
1256
1032
1051
1058
12473
2913
1256
1032
1052
1058
1576
1050
2913
1256
1032
1053
1058
1576
1049
2913
1256
1032
1054
1058
12473
2913
1256
1032
1055
1058
12473
2913
1256
1032
1056
1058
12473
2913
1256
1032
1057
1058
12473
2913
1256
1032
1049
1048
1058
12473
2913
1256
1032
1049
1049
1058
1576
1050
2913
1256
1032
1049
1050
1058
1576
1049
2913
1256
1032
1049
1051
1058
1576
1049
2913
1256
1032
1049
1052
1058
1576
1050
2913
1256
1032
1049
1053
1058
1576
1050
1039
1063
32844
1044
2453
1576
13833
1039
1494
1681
1576
1050
1049
1049
1050
9528
9246
1681
2985
1513
1278
3310
1058
1576
1049
1049
1047
1050
1049
1555
13833
1050
1049
1049
1050
1047
1049
1047
1049
1047
1049
1050
1050
1050
1047
1050
1050
1050
1050
1047
1050
1049
1049
1049
1047
1049
1050
1049
1050
1049
1047
1050
1555
1050
1555
1049
1049
1047
1050
1050
1049
1047
1049
1049
1555
1049
1047
1049
17061
1050
1050
1050
1050
1050
1049
1050
1047
1050
1050
1555
2913
1256
5417
1576
13833
1039
1729
1736
1576
1050
1049
1049
1050
9528
4493
1877
1256
1032
1049
1049
1058
1576
1050
2913
1256
1032
1049
1050
1058
1576
1049
2913
1256
1032
1049
1051
1058
1576
1049
2913
1256
1032
1049
1052
1058
1576
1050
2913
1256
6830
69527
1513
1032
1049
1053
9551
1256
9246
1681
2586
2210
17616
68093
1505
3081
1261
5965
1046
17048
1362
1710
5972
2314
2549
9305
1733
1307
5592
1032
1052
2481
1402
7563
1338
1256
32844
1033
17048
1278
12270
1307
1032
1049
1049
1047
1050
1050
3310
9985
1278
9949
1317
1402
69527
1321
1278
3067
1576
1049
1681
1321
1576
1050
1681
1044
1809
1605
20594
9196
8091
1063
1429
1784
2158
1319
5197
1043
1049
91594
1050
1462
1032
1049
11084
1584
1747
1576
1049
1039
1462
1531
9949
4145
1513
3980
1319
5197
1043
1049
91594
1050
1395
69527
1462
1531
11829
11084
1584
1747
1576
1050
113599
1256
2898
9027
1061
1052
1058
1319
1052
1043
1049
91594
1050
1376
1032
1050
1319
49039
11368
1577
7610
1032
1050
1045
1049
1061
1049
2810
1395
1576
1049
9528
19364
1513
2022
1032
1050
1395
12473
9528
9809
6338
24733
1513
2022
1032
1051
1044
1052
1584
1576
1050
9528
4493
1576
1049
1047
1050
1050
9528
3626
1494
8223
1429
2757
1934
13509
5592
1897
1878
9027
1061
1052
1395
23467
1046
3626
13162
1278
2688
64629
1650
1317
3081
1576
1049
1047
1050
1050
1039
1435
1261
9305
1733
1321
1850
2246
5592
1032
1052
1063
5646
2168
35499
1278
8953
3607
1044
1809
1278
9458
1584
75063
1338
1256
3886
1044
1278
2158
2688
2000
1099
52143
3848
1044
1032
1049
1044
1032
1055
1041
2351
1032
1053
1096
1454
1265
3760
1049
1049
1049
1047
1050
1049
1050
9528
3367
1729
3894
3199
5592
1044
2549
2168
1729
2012
1063
1576
1049
1049
1049
1047
1050
1049
1050
1039
1934
69527
1513
2022
1052
1046
20218
1058
1576
1049
1049
1049
2096
2453
1058
1576
1050
1049
1050
9528
7672
102451
1058
1729
2481
8427
1576
1049
1049
1047
1050
1050
1039
5592
1032
1053
1044
1505
1576
1049
1047
1050
1039
5592
1032
1051
1044
1505
1576
1049
1049
1049
1047
1050
1039
1063
5500
5746
3147
9949
4016
1402
12473
9528
5675
2314
1576
1049
1049
1047
1050
1050
1039
1395
5592
1032
1053
1046
25298
1729
2012
5592
1032
1052
1063
1576
1049
1047
1050
1050
1039
2168
2534
1925
1576
1049
2096
12473
2096
2295
1576
1050
1681
1046
5417
12473
2096
1729
1736
1576
1050
7661
1049
7661
1050
1039
4906
2295
1576
1050
1681
1809
1605
89045
1063
7672
39318
1058
1576
1049
1039
1319
2161
1049
1574
69527
1319
2161
1052
1574
1576
1050
1039
1319
2161
1053
1574
1576
1050
1039
1319
2161
1055
1041
4906
1576
1049
1047
1050
1050
2096
5592
1032
1052
1046
3626
2688
64629
1032
1053
1044
1605
1032
1052
1046
4493
1693
1729
8807
5592
1032
1052
1044
1278
6705
4139
3637
1402
1032
1053
1046
3626
1394
2000
1099
52143
3848
1044
1032
1052
1052
1044
1032
1053
1054
1041
2351
1032
1052
7273
13162
1278
6705
5746
1032
1049
1049
1047
1050
1050
1319
29962
1041
1395
1032
1051
1505
1032
1053
1044
1809
2688
17000
1032
1052
1063
2409
1395
48866
1338
1256
9246
1639
4206
2000
1099
52143
3848
1044
1032
1052
1052
1044
1032
1053
1054
1041
2351
1032
1052
1096
3675
2036
2365
84496
13951
1046
3367
1362
3160
2036
13951
1408
1455
93710
1044
2549
2168
1409
1402
1063
3367
1409
1061
1049
1044
5592
1061
1051
1046
3367
1409
1061
1050
1044
5592
1061
1053
1046
3367
1278
2688
64629
1032
1052
1044
13162
2036
13951
1395
10185
8462
1338
1256
54818
19190
1058
17048
1278
2254
2715
1850
1278
8905
5592
1307
1261
9305
1733
1455
1395
1261
23832
3826
119196
1307
1420
1032
1049
1049
1047
1050
1050
3310
1063
3501
1338
1256
9246
1639
1344
41412
1278
8953
3607
3435
21966
1877
1256
1429
4051
1032
1049
1049
1047
1050
1050
3310
1395
6493
1435
1877
1256
1462
2157
1934
13509
5592
1010
1256
1462
1531
2158
1319
5197
1043
1049
91594
1050
1462
1032
1049
11084
1584
1747
1576
1049
2913
1256
1462
1531
9949
4145
1513
3980
1319
5197
1043
1049
91594
1050
1395
12473
2913
1256
1462
1531
11829
11084
1584
1747
1576
1050
2913
1293
1010
1256
2898
3336
1058
12473
2096
1576
1049
1047
1050
2096
1576
1049
1049
1047
1050
1050
2096
1576
1049
1049
1049
1047
1050
1050
1050
1039
1584
1032
1049
1049
1047
1050
1050
18451
4043
1256
2409
1395
6133
1058
13509
5592
1044
1409
10907
1044
88995
1044
1409
5766
1346
1338
1256
1429
56691
1058
1531
8905
5592
1307
1261
9305
1733
1455
9301
1420
1032
1049
1049
1047
1050
1050
3310
1044
1505
1032
1048
1693
11518
12123
4043
1256
4493
1850
2632
1395
5592
1044
1799
1395
13509
1338
1256
12211
3120
1278
2688
1736
2000
3107
1032
1052
69524
17048
1494
1681
1261
27223
1294
1278
4127
10674
5662
1536
1278
3330
1044
1809
1362
1736
1317
2764
1278
9458
1046
25298
1494
1402
1455
1278
2688
7442
64629
2000
3107
1032
1053
1096
1809
1278
3330
60210
2000
1052
69524
1531
3330
8223
1429
24151
16424
70914
84674
14671
48761
1083
2613
1362
4016
14649
1278
9458
1584
6298
1435
4265
1338
1256
32844
1033
20681
1513
1278
2688
1058
2000
8723
15605
3848
1044
1032
1052
1052
1044
1032
1053
1054
1041
2351
1032
1052
9816
3060
4025
1058
2000
8723
15605
3848
1044
1032
1053
1044
1032
1055
1054
1041
2351
1032
1050
1053
9816
1032
1050
1053
1395
13509
1046
2000
8723
15605
3848
1044
1032
1053
1051
1044
1032
1055
1051
1041
2351
1032
1057
9816
2000
8723
15605
3848
1044
1032
1052
1055
1044
1032
1054
1051
1041
2351
1032
1053
9816
2000
8723
15605
3848
1044
1032
1052
1055
1044
1032
1054
1049
1041
2351
1032
1053
9816
2000
8723
15605
3848
1044
1032
1050
1048
1044
1032
1055
1048
1041
2351
1032
1049
1053
9816
2000
8723
15605
3848
1044
1032
1049
1044
1032
1054
1054
1041
2351
1032
1049
1055
9816
3797
2576
1584
13509
1046
1531
2342
3199
2767
61174
1395
1032
1052
1046
17048
1494
1681
2000
3107
1032
1053
1096
1321
1362
5711
2633
1063
1531
3330
1681
5117
8223
2000
8723
15605
3848
1044
1032
1052
1052
1044
1032
1053
1054
1041
2351
1032
1052
9816
1362
7534
14649
1494
1681
1032
1052
1338
1256
17048
1278
2254
2715
1850
1278
8905
1409
2516
1455
1261
1032
1049
1049
1047
1050
1050
3310
1307
5592
1032
1050
1107
1043
1049
12123
1044
1809
1278
2688
64629
1032
1050
1107
1063
3501
1044
2000
3107
1053
1096
1394
2158
2688
2168
4204
1409
1061
1050
1046
1053
1044
1836
1338
1256
9246
1639
3648
30816
1058
26243
1278
9305
1733
6354
2405
2534
1317
1736
1278
69527
10693
1294
1278
9949
1063
3501
1044
12270
1395
6133
1338
1256
17048
1429
6156
39318
1034
3226
4938
1429
104030
69235
3367
1494
1681
93710
1044
2430
1394
2000
1115
1044
1032
1052
1052
1044
1032
1053
1054
7273
13162
2156
1681
1261
93710
1307
5592
1032
1052
1455
1395
1576
1049
1047
1050
1050
1039
1505
4433
1046
3626
8953
3607
8223
9305
1733
1338
1256
9246
1639
6123
2036
7807
1058
2409
4127
4139
1402
1562
1261
21863
10393
1046
1429
5914
1095
12149
2154
2480
23381
3446
2054
21777
39318
1034
1462
1362
26938
1261
4127
2314
13170
6705
5592
1307
9305
1733
20490
5965
1032
1049
2880
1049
1047
1050
2880
1050
1046
1531
15421
5097
1395
16106
1394
2744
12473
2096
4014
1032
1049
1681
3066
1321
1032
1050
1681
2453
1044
4069
2365
1044
4832
1032
1050
1042
2422
1043
1049
1338
1256
23627
1455
1747
2147
9458
1736
13509
6878
4213
1044
1321
2342
1925
2688
1934
1032
1052
1044
13162
1494
1681
1261
31544
1058
1278
2254
2715
1850
1278
5592
1044
1321
1394
1455
2688
2937
1044
1278
8905
1032
1049
1049
1047
1050
1050
9305
1733
7442
1934
5592
1032
1052
1063
3626
2606
2634
1256
32844
1033
5675
1693
1278
3310
1265
1394
1278
7481
9458
1395
2801
1063
1531
3330
5662
1058
2000
1115
1376
1576
1049
1049
1047
1050
1049
1555
13833
1050
1049
1049
1050
1047
1049
1047
1049
1047
1049
1050
1050
1050
1047
1050
1050
1050
1050
1047
1050
1049
1049
1049
1047
1049
1050
1049
1050
1049
1047
1050
1555
1050
1555
1049
1049
1047
1050
1050
1049
1047
1049
1049
1555
1049
1047
1049
17061
1050
1050
1050
1050
1050
1049
1050
1047
1050
1050
1555
1039
10632
1256
9246
1639
4014
1278
7092
5592
1307
1593
3310
1321
12197
1032
1052
1052
1317
1032
1053
1054
1626
1256
1362
7534
3352
1317
4891
1494
21966
1626
1256
1265
1376
1576
1049
1049
1047
1050
1049
1555
13833
1050
1049
1049
1050
1047
1049
1047
1049
1047
1049
1050
1050
1050
1047
1050
1050
1050
1050
1047
1050
1049
1049
1049
1047
1049
1050
1049
1050
1049
1047
1050
1555
1050
1555
1049
1049
1047
1050
1050
1049
1047
1049
1049
1555
1049
1047
1049
17061
1050
1050
1050
1050
1050
1049
1050
1047
1050
1050
1555
2913
1256
9246
1681
13156
1536
11084
1877
1256
1032
1049
1058
1049
1010
1256
1032
1050
1058
1049
1010
1256
1032
1051
1058
19602
1256
1032
1052
1058
1050
1010
1256
1032
1053
1058
1049
1010
1256
1032
1054
1058
19602
1256
1032
1055
1058
19602
1256
1032
1056
1058
19602
1256
1032
1057
1058
19602
1256
1032
1049
1048
1058
19602
1256
1032
1049
1049
1058
1050
1010
1256
1032
1049
1050
1058
1049
1010
1256
1032
1049
1051
1058
1049
1010
1256
1032
1049
1052
1058
1050
1010
1256
1032
1049
1053
1058
1050
1063
32844
1044
2453
1576
13833
1039
1494
1681
1576
1050
1049
1049
1050
9528
1531
3310
1934
1576
1050
1049
1049
1050
1039
2453
1576
13833
1039
1063
9246
1681
2985
1058
1576
1049
1049
1047
1050
1049
1555
13833
1050
1049
1049
1050
1047
1049
1047
1049
1047
1049
1050
1050
1050
1047
1050
1050
1050
1050
1047
1050
1049
1049
1049
1047
1049
1050
1049
1050
1049
1047
1050
1555
1050
1555
1049
1049
1047
1050
1050
1049
1047
1049
1049
1555
1049
1047
1049
17061
1050
1050
1050
1050
1050
1049
1050
1047
1050
1050
1555
2913
1256
5417
1278
2158
1576
13833
2096
1729
1736
1576
1050
1049
1049
1050
9528
4493
1877
1256
1032
1049
1045
1053
1058
1032
1049
1049
1047
1050
1049
1010
1256
1032
1054
1045
1049
1048
1058
1895
95172
1256
1032
1049
1049
1045
1049
1052
1058
1032
1050
1049
1049
1050
1010
1256
1032
1049
1053
1058
65102
1256
1032
1049
1054
1058
1032
1049
1010
1256
1032
1049
1055
1058
65102
1256
1032
1049
1056
1058
1032
1049
1010
1256
1032
1049
1057
1058
65102
1256
1032
1050
1048
1058
1032
1049
1010
1256
1032
1050
1049
1058
1032
1050
1010
1256
1032
1050
1050
1058
1032
1050
1010
1256
1032
1050
1051
1058
1032
1050
1010
1256
1032
1050
1052
1058
65102
1256
1032
1050
1053
1058
1032
1050
1010
1256
1032
1050
1054
1058
1032
1050
1010
1256
1032
1050
1055
1058
1032
1050
1010
1256
1032
1050
1056
1058
1032
1050
1010
1256
1032
1050
1057
1058
65102
1256
1032
1051
1048
1058
1032
1050
1010
1256
1032
1051
1049
1058
1032
1049
1010
1256
1032
1051
1050
1058
1032
1049
1010
1256
1032
1051
1051
1058
1032
1049
1010
1256
1032
1051
1052
1058
65102
1256
1032
1051
1053
1058
1032
1049
1010
1256
1032
1051
1054
1058
1032
1050
1010
1256
1032
1051
1055
1058
1032
1049
1010
1256
1032
1051
1056
1058
1032
1050
1010
1256
1032
1051
1057
1058
1032
1049
1010
1256
1032
1052
1048
1058
1032
1050
1010
1256
1032
1052
1049
1058
1032
1049
1010
1256
1032
1052
1050
1058
65102
1256
1032
1052
1051
1058
65102
1256
1032
1052
1052
1058
1032
1050
1010
1256
1032
1052
1053
1058
65102
1256
1032
1052
1054
1058
65102
1256
1032
1052
1055
1058
1032
1049
1010
1256
1032
1052
1056
1058
1032
1049
1010
1256
1032
1052
1057
1058
65102
1256
1032
1053
1048
1058
1032
1049
1010
1256
1032
1053
1049
1058
65102
1256
1032
1053
1050
1058
1032
1049
1010
1256
1032
1053
1051
1058
65102
1256
1032
1053
1052
1058
65102
1256
1032
1053
1053
1058
65102
1256
1032
1053
1054
1058
1032
1050
1010
1256
1032
1053
1055
1058
1032
1050
1010
1256
1032
1053
1056
1058
65102
1256
1032
1053
1057
1058
65102
1256
32844
1044
1593
20152
36359
1395
3880
43493
1774
1046
9246
1639
2210
1261
4942
5125
1058
1362
7534
14649
1278
3310
1395
10693
1435
4265
1321
3352
1317
3081
1261
5965
1338
1256
17048
1362
1710
2586
5687
1278
2254
1435
1362
15423
4914
1319
2975
2744
12473
2096
2365
54836
1095
1049
1044
3169
1095
1050
1574
1850
1032
1050
1042
5914
1043
1049
1041
1321
3219
1693
1494
22405
1747
9458
8100
13162
1278
1032
1052
1925
1046
3626
1278
3330
2639
2036
4607
6983
9700
1044
1321
1278
3880
1486
10693
2000
8723
15605
3848
1044
1032
1052
1052
1044
1032
1053
1054
1041
2351
1032
1052
9816
4493
2036
4607
3475
4016
1736
8583
4433
2849
1394
1455
2937
1338
1256
5675
2697
2036
4607
3475
1653
1063
1362
9956
1877
1256
44642
29896
1010
1256
2121
6705
1095
12149
2154
2480
23381
3446
2054
21777
39318
3848
1058
2011
1044
1295
1058
1935
1044
1382
1058
1935
1041
4906
1935
1877
3539
2155
1376
1265
67495
1045
1049
1058
1114
2820
3539
6705
21227
1376
1462
1049
1010
3539
1394
1623
1044
1528
1294
42478
41250
3640
6367
1693
1528
2351
12473
12807
8082
3979
1095
1049
1376
2155
14316
1105
3077
12296
2021
1049
4615
8082
3169
1095
1050
1376
2155
3755
1043
1049
1058
3077
12296
2021
1050
4615
8082
1409
1376
2365
54836
1095
1049
1044
3169
1095
1050
1456
8082
1693
1409
3006
6705
21227
1877
14514
6705
21227
1376
1409
1010
3539
1693
6705
21227
2351
1462
1049
1877
6367
1850
1032
1048
1010
3539
1850
1032
1050
1364
6705
21227
1867
1032
1049
1010
1256
49958
1256
2409
1395
21905
2549
1362
1880
1046
2898
2000
1099
52143
3848
1044
1032
1052
1052
1044
1032
1053
1054
88404
1494
2168
24002
2269
6705
21227
1321
1850
1032
1050
1042
5914
21227
1043
1049
1046
3367
1278
2688
64629
1032
1052
1044
2430
1032
1050
1042
5914
21227
1043
1049
1061
1052
2297
6705
21227
1061
1049
1046
1053
1044
16501
1046
4493
1494
2168
1850
1420
13509
2782
1319
1051
1044
1032
1053
1044
1032
1049
1044
6704
12733
1605
1032
1052
1046
4493
1278
2688
2168
7195
1454
1420
13509
2782
1044
1809
1278
3880
8223
2000
8723
15605
3848
1044
1032
1052
1052
1044
1032
1053
1054
1041
2351
1032
1052
1096
9700
1046
2157
6354
2405
4150
2549
2036
2254
8583
1044
2586
1455
1494
4814
2405
1850
1032
1052
1338
1256
17048
1278
6298
11708
2715
1850
1278
8905
5592
1044
1321
1394
1455
2688
2937
1044
1278
4832
1395
16106
1032
1052
1044
10138
2036
9705
1307
1278
5965
1395
8462
1046
9246
1639
1344
11568
14176
1278
5965
12270
1338
1256
1429
4051
1032
1049
1049
1047
1050
1050
3310
1395
6493
1435
1877
1256
1462
2157
1934
13509
5592
1010
1256
1462
1531
2158
1319
5197
1043
1049
91594
1050
1462
1032
1049
11084
1584
1747
1576
1049
2913
1256
1462
1531
9949
4145
1513
3980
1319
5197
1043
1049
91594
1050
1395
12473
2913
1256
1462
1531
11829
11084
1584
1747
1576
1050
2913
1293
1010
1256
2898
3336
1058
12473
2096
1576
1049
1047
1050
2096
1576
1049
1049
1047
1050
1050
2096
1576
1049
1049
1049
1047
1050
1050
1050
1039
1584
1032
1049
1049
1047
1050
1050
18451
4043
1256
32844
1033
5675
1693
1429
5197
1034
3226
1395
1605
1278
5592
1307
1278
3310
1044
1809
2269
2147
7078
1063
3501
1044
1429
2757
1934
13509
5592
1034
1321
2430
1429
1784
2158
1319
5197
1043
1049
91594
1050
1462
1032
1049
11084
27170
1046
9027
4016
1402
1278
5592
1338
1256
9246
1681
2688
1278
11277
1877
1256
1462
12473
4550
5592
1032
1049
1046
1319
1049
1043
1049
91594
1050
1462
1049
1376
1032
1049
1045
1049
1061
1048
1046
7610
1032
1048
24733
1584
1576
1049
1039
1319
1118
25058
8119
2925
1577
19364
1513
3980
1319
1049
1043
1049
91594
1050
1376
1032
1049
1395
12473
9528
9809
6338
1032
1048
24733
1584
1576
1050
9528
23313
1626
1256
1462
1576
1049
1047
1050
4550
5592
1032
1051
1046
1319
1051
1043
1049
91594
1050
1462
1049
1376
1032
1050
1045
1049
1061
1049
1046
7610
1032
1049
2810
1395
1576
1049
9528
19364
1513
3980
1032
1050
1395
12473
9528
9809
6338
1032
1049
2810
1395
1576
1050
9528
23313
1626
1256
1462
1576
1049
1049
1047
1050
1050
4550
5592
1032
1053
1046
1319
1053
1043
1049
91594
1050
1462
1049
1376
1032
1051
1045
1049
1061
1050
1046
7610
1032
1050
24733
1576
1049
9528
19364
1513
2022
1032
1051
1395
12473
9528
9809
6338
1032
1050
24733
1576
1050
9528
23313
1626
1256
1462
1576
1049
1049
1049
1047
1050
1050
1050
4550
5592
1032
1055
1046
1319
1055
1043
1049
91594
1050
1462
1049
1376
1032
1052
1045
1049
1061
1051
1046
7610
1032
1051
1576
1049
9528
19364
2022
1032
1052
12473
9528
9809
6338
1032
1051
1576
1050
9528
23313
1338
1256
4493
1278
5965
1395
10693
1409
10907
1044
88995
1044
1409
5766
1346
1044
5592
1032
1050
1107
1043
1049
1338
1256
9032
1044
5782
2168
1261
2688
4209
1032
1052
1063
17048
1278
2254
1395
15654
1317
1850
1278
2782
1307
1576
1049
1681
1319
1107
36036
3626
2430
2000
1099
52143
3848
1044
1032
1049
1044
1032
1055
1041
2351
1032
1053
1096
2168
1402
1409
1061
1053
1044
1809
1576
1049
1049
1049
1047
1050
1049
1050
1039
2342
1934
3300
1576
1049
1681
3066
1278
12473
9528
4493
1836
1338
1256
17048
1278
2254
10721
1278
5592
1307
1278
9305
1733
1044
1809
1278
9305
1733
6354
2405
1736
1317
1402
89045
1044
1321
13162
1278
12270
9985
1278
1576
1049
1681
1321
1576
1050
1681
1317
1402
1294
2258
3542
1435
2730
1435
2127
1584
1747
1576
1049
1681
3066
69527
1321
1747
1576
1050
1681
2453
1063
5646
1681
2549
1362
14749
1338
1256
9246
1639
3369
1058
2481
1429
6156
39318
1034
4204
4433
2849
1063
33092
1429
6156
39318
1034
1294
2516
7638
4938
1636
1710
10041
11084
1809
4016
5807
3542
1046
5646
1681
2549
1362
2434
1338
1256
17048
1278
2688
2000
3107
1032
1052
1096
1395
1394
1261
2937
2478
1278
8905
1032
1049
1049
1047
1050
1050
9305
1733
1934
5592
1032
1052
3147
1278
3310
8688
1576
1049
1047
1050
1050
1039
1435
1261
9305
1733
1044
1321
1278
4127
1681
12270
1307
1032
1049
1049
1047
1050
1050
3310
7442
9985
3199
5592
1063
3626
1278
8953
3607
24215
8223
1429
2757
1934
13509
5592
3871
25298
1494
1402
1261
27223
1294
1278
4127
10674
1063
1531
3330
4139
1736
41858
1494
17047
1044
1809
1278
9458
11219
1338
1256
32844
1033
20681
1513
1278
10314
2937
1058
2000
8723
15605
2021
1049
1049
1047
1050
1050
2096
1032
1052
1044
1032
1052
1041
2351
1032
1048
9816
1576
1049
1049
1047
1050
1050
1039
1934
5592
1032
1052
1046
14750
3307
1032
1052
1044
1052
1395
1278
3804
4145
1576
1050
9528
7672
39318
1307
5592
1032
1049
1562
1576
1050
1039
6560
2071
1032
1049
1049
1047
1050
1050
1044
1878
1032
1048
1046
5646
1681
12714
1338
1256
15081
10314
2937
1058
2000
8723
15605
2021
1049
1050
1050
1050
2096
1032
1049
1044
1032
1052
1041
2351
1032
1048
9816
3501
12473
2096
1878
1032
1048
1338
1256
2000
8723
15605
69480
1032
1049
1044
1032
1049
1041
2351
1032
1049
9816
36609
1032
1049
1338
1256
2000
8723
15605
2021
1049
1049
1049
1049
1049
1049
1049
1049
1049
1049
1049
1049
1049
1049
1049
2096
1032
1049
1044
1032
1049
1053
1041
2351
1032
1048
9816
3501
12473
2096
1878
1032
1048
1338
1256
3797
2576
1584
12714
1454
13509
37517
12270
1338
1256
4493
5782
2000
3107
1032
1052
69524
9246
1639
6123
9495
6628
1058
3730
1681
1261
4629
13968
2975
2455
1505
4510
4127
1429
1049
1049
1047
1050
1050
3310
1034
1505
4510
1046
17048
1494
1681
1562
1261
21448
1046
1362
26938
1261
4127
2478
1636
2534
1317
3081
1278
8905
5592
1307
1261
9305
1733
20490
1032
1049
2880
1049
1047
1050
2880
1050
1044
1321
1278
4832
1395
16106
1032
1050
1042
5914
21227
1043
1049
1046
3626
1362
2607
2405
10532
1261
2688
1454
1032
1052
1338
1256
17048
1278
2688
2000
1099
52143
3848
1044
1032
1052
1052
1044
1032
1053
1054
1041
2351
1032
1052
1096
7442
64629
1278
2254
1317
1850
1032
1052
3147
1278
8905
1409
1395
1032
1050
1044
1321
1278
2254
10721
1032
1050
124944
1063
3626
2430
2000
1099
52143
3848
1044
1032
1049
1044
1032
1055
1041
2351
1032
1053
1096
2168
1402
1032
1050
124944
1376
1032
1053
2297
1409
1061
1050
1046
1053
1044
1836
1338
1256
32844
1033
5675
1693
1278
2254
10721
1278
5592
1307
1278
36598
23832
1307
1576
1049
1681
2984
1278
69527
2984
1278
36598
23832
1307
1576
1050
1681
1063
3501
1338
1256
9246
1639
1344
41412
1278
3330
1681
5117
21966
1058
1032
1010
1256
49958
1256
56431
6705
1095
12149
2154
2480
23381
3446
2054
21777
39318
2021
1049
1049
1049
1047
1050
1049
1050
2096
1032
1049
1044
1032
1055
1456
1256
1032
1053
1010
1256
56431
6705
1095
12149
2154
2480
23381
3446
2054
21777
39318
2021
1049
1049
1049
1047
1050
1049
1050
1047
1049
1049
1050
1050
2096
1032
1057
1044
1032
1049
1050
1456
1256
1032
1048
1010
1256
56431
6705
1095
12149
2154
2480
23381
3446
2054
21777
39318
2021
1049
1049
1049
1047
1050
1049
1050
1047
1049
1049
1050
1050
2096
1032
1051
1044
1032
1054
1456
1256
1032
1051
1010
1256
49958
1256
6830
1278
4206
2254
1934
1877
1256
49958
1256
1265
1376
1576
1049
1049
1049
1047
1050
1049
1050
1047
1049
1049
1050
1050
2913
1256
6852
15605
3848
1044
1032
1049
1044
1032
1055
1041
2351
1032
1053
1010
1256
6852
15605
3848
1044
1032
1057
1044
1032
1049
1050
1041
2351
1032
1048
1010
1256
6852
15605
3848
1044
1032
1051
1044
1032
1054
1041
2351
1032
1051
1010
1256
6852
15605
3848
1044
1032
1052
1044
1032
1049
1048
1041
2351
1032
1049
1010
1256
6852
15605
3848
1044
1032
1049
1044
1032
1049
1050
1041
2351
1032
1055
1010
1256
49958
1256
6830
7481
9458
1454
1278
2730
3310
1044
1321
2000
8723
15605
3848
1044
1032
1052
1052
1044
1032
1053
1054
1041
2351
1032
1052
14708
1256
17048
1362
1710
7418
1261
7586
8466
1317
2688
2036
13951
3675
1278
2730
3310
1063
1362
1710
2405
17707
3475
1044
1809
1362
1710
50248
1338
1256
9246
1639
3352
1317
3081
1278
93710
1394
2000
1115
1044
1032
1052
1052
1044
1032
1053
1054
1096
1536
21966
36359
1278
3310
5662
1877
1256
1265
1376
1576
1049
1049
1047
1050
1049
1555
13833
1050
1049
1049
1050
1047
1049
1047
1049
1047
1049
1050
1050
1050
1047
1050
1050
1050
1050
1047
1050
1049
1049
1049
1047
1049
1050
1049
1050
1049
1047
1050
1555
1050
1555
1049
1049
1047
1050
1050
1049
1047
1049
1049
1555
1049
1047
1049
17061
1050
1050
1050
1050
1050
1049
1050
1047
1050
1050
1555
2913
1256
9246
1639
4014
11084
1925
1536
1925
1044
13162
2505
63308
1626
1256
1362
7534
7418
26524
1877
1256
1032
1049
1058
1576
1049
2913
1256
1032
1050
1058
1576
1049
2913
1256
1032
1051
1058
12473
2913
1256
1032
1052
1058
1576
1050
2913
1256
1032
1053
1058
1576
1049
2913
1256
1032
1054
1058
12473
2913
1256
1032
1055
1058
12473
2913
1256
1032
1056
1058
12473
2913
1256
1032
1057
1058
12473
2913
1256
1032
1049
1048
1058
12473
2913
1256
1032
1049
1049
1058
1576
1050
2913
1256
1032
1049
1050
1058
1576
1049
2913
1256
1032
1049
1051
1058
1576
1049
2913
1256
1032
1049
1052
1058
1576
1050
2913
1256
1032
1049
1053
1058
69527
1032
1319
28243
1044
2453
1576
1050
1049
1049
1050
1039
2156
1681
12473
2096
2878
1681
4206
1278
3310
1058
1576
2880
1050
1049
1049
1050
1047
1049
1047
1049
1047
1049
2880
1039
14842
1456
1256
1032
1049
1054
1058
1576
1049
2913
1256
1032
1049
1055
1058
12473
2913
1256
1032
1049
1056
1058
1576
1049
2913
1256
1032
1049
1057
1058
12473
2913
1256
1032
1050
1048
1058
1576
1049
2913
1256
1032
1050
1049
1058
1576
1050
2913
1256
1032
1050
1050
1058
1576
1050
2913
1256
1032
1050
1051
1058
1576
1050
2913
1256
1032
1050
1052
1058
69527
1032
1319
3607
1058
12473
1049
1050
1050
1050
1047
2880
1039
7377
1044
1576
1049
1050
1050
1050
1047
1050
1050
1050
1050
1039
1063
9246
1681
3219
1058
1576
2880
1049
1047
1049
1047
1049
1050
1050
1050
1047
1050
1050
1050
1050
1047
2880
1039
1032
1010
1256
49032
1044
2878
1681
2985
1513
1278
2362
1307
1455
6079
1058
1576
1049
1047
1049
1047
1049
1050
1050
1050
1047
1050
1050
1050
1050
1047
1050
1049
1049
1049
1047
2880
1039
1032
1010
1256
4493
2453
1576
1049
1047
1049
1047
1049
1039
1729
1736
1576
1050
1050
1050
1050
1047
1050
1049
1049
1049
1039
1063
1531
3310
1934
12473
1050
1050
1050
1050
1047
1050
1049
1049
1049
1047
2880
1039
1032
1010
1256
9246
1639
2586
9441
1278
3310
1321
4014
1454
1261
24867
5125
1044
1809
4136
1362
4525
1420
26554
1044
1362
1710
2586
5972
1455
13162
2036
5719
13951
1395
6298
1321
1278
2688
2000
3107
1052
1096
1395
5250
1261
96948
1505
1362
4525
11779
1261
6582
1741
1338
1256
54818
6674
1058
17048
1278
2254
2715
1850
1278
8905
5592
1307
1261
9305
1733
1455
9301
1420
1032
1049
1049
1047
1050
1050
3310
1044
1809
1278
5592
1395
35509
1435
1278
2782
1307
1576
1049
1681
2984
1278
2782
1307
1576
1050
1681
1319
130426
1278
12473
4576
1063
3501
1044
8953
3607
8223
5592
1307
9305
1733
1338
1256
32844
1033
5675
1693
1278
59463
1395
1605
35509
1294
1278
5592
1063
1429
1784
8905
5592
1307
1261
9305
1733
1455
9301
1420
1032
1049
1049
1047
1050
1050
3310
1034
1462
1278
3310
6987
1278
12473
34710
1256
9246
1639
3648
7805
1278
7616
1058
25298
1429
6156
39318
1034
3226
4204
1429
2673
55568
9305
1733
1034
1319
1105
4185
3109
93710
36036
3367
1494
1681
93710
1044
2430
1394
2000
1115
1044
1032
1049
1044
1032
1055
1096
1454
1576
1049
1049
1049
1047
1050
1049
1050
2096
9997
2187
1058
1576
1049
1049
1049
1047
1050
1039
1836
1044
1576
1049
1049
1047
1050
1049
1039
1836
1044
6704
1046
1531
2342
1032
1049
1049
1047
1050
1050
93710
2168
1402
1693
2156
1681
1576
1049
1049
1049
1047
1050
1050
1039
1809
1494
1681
1605
89045
1046
4493
1455
12285
2405
5628
1032
1053
1338
1256
17048
1278
4127
1395
1562
1261
4811
10393
2478
1429
6156
39318
1034
4938
4433
2849
1063
2159
26724
1338
1256
9246
1639
3352
1317
3219
1693
2156
1681
2258
3039
2000
1099
52143
3848
1044
1032
1052
1052
1044
1032
1053
1054
1041
2351
1032
1052
1096
7510
7453
1454
2036
13951
1046
3367
2036
13951
10721
2000
1050
1042
5914
21227
1867
1032
1049
7273
1321
1278
2688
64629
1032
1052
1044
13162
1278
2254
2715
1850
2000
1050
1364
6705
21227
69524
3626
2430
2000
1099
52143
3848
1044
1032
1049
1044
1032
1055
1041
2351
1032
1053
1096
2168
7195
3147
1032
1050
1042
5914
21227
2168
1402
3199
1046
62079
6705
21227
1395
1605
15748
1063
3501
1338
1256
5675
1693
1278
2254
10721
2000
5914
21227
1096
7423
1063
6830
2000
1099
52143
3848
1044
1032
1049
1044
1032
1055
1041
2351
1032
1053
1096
2168
4204
6705
21227
1061
1053
1044
1809
3310
1934
2342
3300
1576
1049
1681
1046
3501
1338
1256
5675
1693
1278
2254
10721
2000
1050
1042
5914
21227
1867
1032
1049
1096
1809
1394
1278
36519
2688
1044
2000
5914
21227
1096
1395
1032
1049
1044
1878
1494
10721
1032
1051
1044
1809
1278
2688
64629
1032
1052
1063
6830
1278
2688
1395
2586
8462
1044
1809
1362
1736
1317
2764
1494
1046
17048
1362
2715
22347
1278
2254
1317
1850
4433
2849
1394
1455
2937
1063
3626
3330
8223
21478
16424
70914
84674
48761
1083
1338
1256
17048
1362
5711
2633
1278
2688
1058
2000
8723
15605
3848
1044
1032
1052
1052
1044
1032
1053
1054
1041
2351
1032
1052
1096
2481
1402
2000
8723
15605
3848
1044
1032
1052
1052
1044
1032
1053
1054
1041
2351
1032
1053
1096
1321
1278
3330
3214
1261
96948
1063
1362
1710
2405
14649
1455
1338
1256
9246
1639
2985
1513
1278
2147
7481
9458
1058
2000
8723
15605
3848
1044
1032
1053
1044
1032
1055
1054
1041
2351
1032
1050
1053
9816
1032
1050
1053
1395
1032
1050
1042
1049
1050
1043
1049
1046
2000
8723
15605
3848
1044
1032
1053
1051
1044
1032
1055
1051
1041
2351
1032
1057
1096
4906
1032
1050
1042
1052
1043
1049
1046
2000
8723
15605
3848
1044
1032
1052
1055
1044
1032
1054
1051
1041
2351
1032
1053
1096
4906
1032
1050
1042
1050
1043
1049
1046
2000
8723
15605
3848
1044
1032
1052
1055
1044
1032
1054
1049
1041
2351
1032
1053
1096
4906
1032
1050
1042
1050
1043
1049
1046
2000
8723
15605
3848
1044
1032
1050
1048
1044
1032
1055
1048
1041
2351
1032
1049
1053
1096
4906
1032
1050
1042
1055
1043
1049
1046
2000
8723
15605
3848
1044
1032
1049
1044
1032
1054
1054
1041
2351
1032
1049
1055
1096
4906
1032
1050
1042
1056
1043
1049
1046
2000
8723
15605
3848
1044
1032
1055
1049
1044
1032
1055
1051
1041
2351
1032
1049
1096
4906
1032
1050
1042
1048
1043
1049
1046
2000
8723
15605
3848
1044
1032
1053
1054
1044
1032
1054
1048
1041
2351
1032
1049
1096
4906
1032
1050
1042
1048
1043
1049
1046
2000
8723
15605
3848
1044
1032
1051
1048
1044
1032
1051
1049
1041
2351
1032
1048
9816
2000
8723
15605
3848
1044
1032
1052
1055
1044
1032
1054
1051
1041
2351
1032
1053
9816
2000
8723
15605
3848
1044
1032
1050
1049
1044
1032
1054
1052
1041
2351
1032
1057
14708
1256
3797
2576
1584
22809
12714
1454
2000
1050
1042
5914
21227
1867
1032
1049
9816
1531
2342
1848
80735
1395
2000
3107
1032
1052
9816
25298
1494
1402
1455
1278
2688
7442
64629
1032
1053
1044
1809
1278
3330
60210
1032
1052
1536
27223
1063
3247
13162
1278
93710
1394
1032
1052
1052
1044
1053
1054
28248
6705
21227
1061
1049
1044
5592
1061
1051
1044
1809
2688
8223
1032
1052
1063
1032
1267
1256
32844
1033
17048
1278
3310
1265
1394
7481
9458
1395
2801
1562
1278
1925
2434
1294
1278
2158
9458
1063
1531
2158
9458
2210
2000
1115
1376
1576
1049
1049
1049
1047
1050
1049
1050
1047
1049
1049
1050
1050
1039
9816
1531
7481
9458
2210
1261
2801
2000
1115
1376
1576
1049
1049
1047
1050
1049
1555
13833
1050
1049
1049
1050
1047
1049
1047
1049
1047
1049
1050
1050
1050
1047
1050
1050
1050
1050
1047
1050
1049
1049
1049
1047
1049
1050
1049
1050
1049
1047
1050
1555
1050
1555
1049
1049
1047
1050
1050
1049
1047
1049
1049
1555
1049
1047
1049
17061
1050
1050
1050
1050
1050
1049
1050
1047
1050
1050
1555
1039
9816
13830
1044
1278
4206
2254
1344
3149
2783
2000
1115
9816
4493
1278
9458
1584
1408
2801
18451
1338
1256
9246
1639
3352
1317
7442
24002
1278
2632
1394
2000
1099
52143
3848
1044
1032
1052
1052
1044
1032
1053
1054
17783
1454
2036
13951
1536
69939
1278
93710
1046
1362
7534
6983
1317
4891
1278
2730
3310
32181
1338
1256
3000
1058
2000
1115
1376
1576
1049
1049
1047
1050
1049
1555
13833
1050
1049
1049
1050
1047
1049
1047
1049
1047
1049
1050
1050
1050
1047
1050
1050
1050
1050
1047
1050
1049
1049
1049
1047
1049
1050
1049
1050
1049
1047
1050
1555
1050
1555
1049
1049
1047
1050
1050
1049
1047
1049
1049
1555
1049
1047
1049
17061
1050
1050
1050
1050
1050
1049
1050
1047
1050
1050
1555
1039
10632
1256
9246
1639
4014
11084
1536
6334
1302
2203
1261
12957
13823
1877
1256
1362
7534
13156
1536
4629
11696
1877
1256
1576
1049
1049
1047
1050
1049
1039
4906
1032
1053
24733
1319
2161
1032
1049
1045
1053
1456
1256
1576
1555
13833
1039
4906
1032
1053
24733
1319
2161
1032
1054
1045
1049
1048
1456
1256
1576
1050
1049
1049
1050
1039
4906
1032
1052
24733
1319
2161
1032
1049
1049
1045
1049
1052
1456
1256
69527
4906
1032
1049
2810
1319
2161
1032
1049
1053
1456
1256
1576
1049
1039
4906
1032
1049
2810
1319
2161
1032
1049
1054
1456
1256
69527
4906
1032
1049
2810
1319
2161
1032
1049
1055
1456
1256
1576
1049
1039
4906
1032
1049
2810
1319
2161
1032
1049
1056
1456
1256
69527
4906
1032
1049
2810
1319
2161
1032
1049
1057
1456
1256
1576
1049
1039
4906
1032
1049
2810
1319
2161
1032
1050
1048
1456
1256
1576
1050
1050
1050
1039
4906
7377
1044
1576
1049
1050
1050
1050
1039
1063
1531
3310
1934
1576
1049
1047
1049
1047
1049
1050
1050
1050
9528
5417
2022
1032
1049
1057
12473
2096
1729
1736
1576
1049
1039
1319
2161
1050
1048
1574
2430
1576
1050
1050
1050
1039
1063
9246
1681
2985
1058
1576
2880
1047
1049
1047
1049
1047
1049
1050
1050
1050
1047
1050
1050
1050
1050
1047
2880
1039
1032
1010
1256
49032
1044
2453
2022
1032
1049
1055
69527
1321
2022
1032
1049
1056
1576
1049
2096
2022
1032
1049
1057
12473
2096
2430
2022
1032
1050
1048
1576
1049
2096
2430
1576
1050
1050
1050
1039
1063
1531
93710
1576
1049
1050
1050
1050
1039
4938
1925
1576
1049
1039
1321
3300
1576
1050
1681
1046
4493
2022
1032
1050
1048
1576
1049
2096
2022
1032
1050
1049
1576
1050
2096
2022
1032
1050
1050
1576
1050
2096
2022
1032
1050
1051
1576
1050
9528
5646
1681
1576
1049
1050
1050
1050
63325
1256
6830
69527
1513
2022
1032
1050
1052
1626
1256
6830
1576
1050
1050
1050
1050
1039
4906
2022
1032
1050
1053
1576
1050
2096
1032
1050
1054
1576
1050
2096
1032
1050
1055
1576
1050
2096
1032
1050
1056
1576
1050
63325
1256
6830
69527
1513
2022
1032
1050
1057
1626
1256
6830
1576
1050
1049
1049
1049
1039
4906
2022
1032
1051
1048
1576
1050
2096
1032
1051
1049
1576
1049
2096
1032
1051
1050
1576
1049
2096
1032
1051
1051
1576
1049
63325
1256
6830
69527
1513
2022
1032
1051
1052
1626
1256
6830
1576
1049
1050
1049
1050
1049
1039
4906
2022
1032
1051
1053
1576
1049
2096
1032
1051
1054
1576
1050
2096
1032
1051
1055
1576
1049
2096
1032
1051
1056
1576
1050
2096
1032
1051
1057
1576
1049
63325
1256
6830
69527
1513
2022
1032
1052
1048
1626
1256
6830
1576
1050
1555
1050
1555
1039
4906
2022
1032
1052
1049
1576
1050
2096
1032
1052
1050
12473
2096
1032
1052
1051
1576
1050
2096
1032
1052
1052
12473
2096
1032
1052
1053
69527
1063
32844
1044
1278
3310
1934
1576
1555
1050
1555
1039
1063
9246
1681
3219
1058
1576
2880
1047
1049
1050
1049
1050
1049
1047
1050
1555
1050
1555
1049
1049
1047
1050
1050
1049
1047
2880
1039
1032
1010
1256
5417
2022
1032
1052
1048
12473
2096
1729
1736
1576
1050
1555
1050
1555
1049
1049
1047
1050
1050
1049
1047
2880
1039
1032
1010
1256
4493
2022
1032
1052
1049
1576
1050
2096
2022
1032
1052
1050
12473
2096
2022
1032
1052
1051
1576
1050
2096
2022
1032
1052
1052
12473
2096
2022
1032
1052
1053
12473
2096
2022
1032
1052
1054
1576
1049
2096
2022
1032
1052
1055
1576
1049
2096
2022
1032
1052
1056
12473
2096
2022
1032
1052
1057
1576
1050
2096
2022
1032
1053
1048
1576
1050
2096
2022
1032
1053
1049
1576
1049
2096
2022
1032
1053
1050
12473
2096
2022
1032
1053
1051
1576
1049
2096
2022
1032
1053
1052
12473
2096
2022
1032
1053
1053
12473
2096
2022
1032
1053
1054
12473
2096
2022
1032
1053
1055
1576
1050
2096
2022
1032
1053
1056
1576
1050
2096
2022
1032
1053
1057
12473
2096
2022
1032
1054
1048
12473
2096
2022
1032
1054
1049
12473
2096
2022
1032
1054
1050
1576
1050
2096
2022
1032
1054
1050
1063
2409
1395
7796
92514
1338
1256
17048
1362
1710
2210
1261
2801
12059
1058
9748
1362
4525
1420
26554
1044
1362
1710
2586
7418
1278
3475
1455
22405
1278
4265
9458
1536
32963
1278
6298
13951
1044
1321
1693
2036
13951
10177
13509
8091
1321
1278
2688
64629
1032
1052
1044
13162
1362
2534
1317
9447
1046
3626
1362
2933
1317
1402
6298
1338
1256
9246
1639
3648
1058
3316
2156
2258
19190
2478
1278
5592
1307
1420
1032
1049
1049
1047
1050
1050
3310
1710
1402
3199
1063
1429
2757
1934
13509
5592
1034
1462
1836
1046
3626
13162
1278
2254
10721
1278
5592
1307
1278
36598
2516
9305
1733
1044
1321
1394
2269
5972
1044
1278
2688
2000
3107
1052
1096
1395
7442
39322
1278
2632
1307
1409
1319
11018
1395
1032
1050
1041
1809
8360
1435
1032
1052
1063
3501
1338
1256
32844
1033
17048
1278
2254
21734
10721
2000
1594
7273
1321
1278
8953
3607
8223
1429
1784
8905
5592
1307
1261
9305
1733
1455
9301
1420
1032
1049
1049
1047
1050
1050
3310
1897
1809
1278
2688
2000
3107
1052
1096
4139
1402
1394
1261
2937
2478
1278
8905
9305
1733
1395
69527
1319
13418
1032
1049
1041
2984
4433
1063
3501
1338
1256
9246
1639
1344
41412
1278
3880
5117
1562
1278
3330
1681
2158
6983
1877
1256
49958
1256
56797
3581
1319
5943
8531
3690
3804
3640
1260
8933
92367
1110
1074
100203
1048
1050
1071
97038
1057
8261
1897
3110
1032
1056
1049
1044
1294
1534
13655
1561
3539
4206
24728
1095
12149
2154
2480
23381
3446
2054
21777
39318
1456
1260
8933
92367
1110
1074
100203
1048
1050
1071
97038
1057
8261
1897
3110
1032
1052
1048
1044
1294
4206
1010
3539
6852
15605
3848
1044
1032
1052
1052
1044
1032
1053
1054
1041
2351
1032
1052
1010
3165
12032
48697
48697
48697
48697
48697
48697
48697
48697
48697
48697
48697
48697
1010
1260
20628
1292
4507
1010
1256
49958
1256
3060
2036
2158
11708
8583
2000
1050
1042
5914
21227
1867
1032
1049
9816
2898
1455
2688
1044
1494
7529
8583
1032
1053
1505
1032
1051
1044
1605
1032
1052
1338
1256
5675
1693
1278
6298
11708
2715
1850
1278
8905
2782
1307
1576
1049
1681
1319
1270
1576
1050
1681
1041
1455
1710
1402
40165
1044
1623
4185
3109
1409
1044
1321
1278
9458
1584
7442
24124
1409
1063
3626
2000
1099
52143
3848
1044
1032
1049
1044
1032
1055
1041
2351
1032
1053
1096
1454
1265
3760
1049
1049
1049
1047
1050
1049
1050
1039
2168
2430
1402
1409
1061
1053
1044
16501
1046
62079
1278
2158
9458
1584
2801
1063
3501
1044
1278
2158
9458
1584
1805
1307
1278
8953
3607
11277
1044
1321
1278
4206
2254
2095
1934
2424
1046
4159
4016
1402
12714
1338
1256
9246
1639
4206
2000
1099
52143
3848
1044
1032
1052
1044
1032
1049
1048
1041
2351
1032
1049
1096
1294
1278
4206
2254
1046
1265
3760
1049
1049
1049
1047
1050
1049
1050
1047
1049
1049
1050
1050
2096
1295
1061
1052
1044
1382
1061
1049
1048
1046
4890
13951
7867
1032
1049
1319
1107
1061
1048
1044
5592
1061
1049
1577
3367
1278
2254
8583
1409
1044
1494
2168
1850
1032
1048
1044
1809
2688
64629
1032
1049
1046
4493
1278
2254
4016
1850
5592
1044
1605
1409
1046
3060
5592
1032
1049
1395
6298
1394
2586
12473
34710
1256
4493
1278
2254
10721
5592
1046
3060
5592
1395
13509
1046
4493
2000
3107
1032
1052
1096
1395
3435
22995
1338
1256
17048
1278
2688
2000
3107
1032
1052
1096
1395
7442
2000
3107
1032
1053
1096
1321
1278
3330
3214
1261
96948
1063
3247
13162
1362
5711
12296
1286
1321
1278
4832
1394
1455
93710
1395
7442
1032
1053
1044
1809
1278
2688
8223
1032
1052
1063
1362
1710
2405
1402
5257
1338
1256
9246
1639
3352
1317
3081
1693
2156
1681
2258
2147
3039
1046
26243
1278
1032
1049
1049
1047
1050
1050
3310
12270
9985
1278
9949
1317
1402
1605
10693
1294
1278
9949
1063
3501
1338
1256
15081
4914
1058
17048
1429
6156
39318
1034
4938
1729
1710
8427
11084
1044
1809
1278
9903
3310
4016
1402
10693
1420
1032
1049
1049
1047
1050
1050
3310
1044
1321
1278
5592
8583
1395
1278
5592
1307
1455
3310
1046
4890
13951
1307
2365
54836
1095
1049
1044
3169
1095
1050
1041
1651
69527
1321
6705
2136
1747
69527
1395
6298
1394
9305
3224
1046
9246
1639
21294
1454
2000
1099
52143
3848
1044
1032
1049
1051
1044
1032
1050
1050
1041
2351
1032
1051
1096
1562
1278
2081
9458
1058
1265
1376
12473
1050
1555
1050
1047
1050
1047
1050
1050
1050
1555
1049
1555
1049
1049
1050
1555
1050
1050
1049
63269
1295
1061
1049
1051
1044
1382
1061
1050
1050
1046
1362
1710
2688
2036
13951
68093
4025
1338
1256
23627
1278
2142
1044
13162
1362
2715
2586
5687
1278
2254
1435
2000
1050
1042
5914
21227
1867
1032
1049
1096
1321
3219
1046
3626
1278
3330
2639
2036
4607
6983
9700
1044
1321
1278
3880
1486
10693
1455
57500
1046
3367
1362
23075
1278
2879
3475
1044
1494
2084
7195
2790
1046
1362
2534
1317
8240
1848
5782
1494
9700
1321
2606
1317
3180
1494
1850
1032
1052
1394
1455
2937
1338
1256
32844
1033
17048
1278
2254
2715
1850
1278
8905
5592
1044
1809
1278
5592
1307
1278
1032
1049
1049
1047
1050
1050
3310
1395
6493
1435
1278
2782
1307
1576
1049
1681
2984
1278
2782
1307
1576
1050
1681
1319
1105
4185
3109
55063
1278
12473
4576
1063
9246
1681
4206
1058
2898
12473
2096
5592
2168
1402
1032
1048
1063
3626
2688
2000
1099
52143
69480
1032
1049
1044
1032
1049
1041
2351
1032
1049
1096
8223
5592
1032
1049
1046
4493
69527
1395
35509
1338
1256
5675
1693
1278
5592
1395
1278
2782
1307
11084
1562
1278
4618
3310
1455
1584
1805
1307
1278
9305
1733
1044
1809
1278
1032
1049
1049
1047
1050
1050
3310
5965
1395
2801
1063
1429
1784
2158
1319
5197
1043
1049
91594
1050
1462
1032
1049
11084
1584
1747
1576
1049
1039
1462
1531
9949
4145
1513
3980
1319
5197
1043
1049
91594
1050
1395
69527
1462
1531
11829
11084
1584
1747
1576
1050
38416
1462
1593
1395
1278
5965
1307
1278
9305
1733
7423
1338
1256
17048
1278
2688
2000
1099
52143
3848
1044
1032
1052
1052
1044
1032
1053
1054
1041
2351
1032
1052
1096
1395
3147
1278
93710
8688
1261
9305
1733
1576
1049
1047
1050
1050
1039
1319
13418
1032
1052
1041
1321
1278
4127
7442
9985
3199
5592
12890
1278
8953
3607
1063
3626
1278
8953
3607
8223
13509
1046
25298
1278
8953
3607
1402
8462
1063
1531
3330
5662
2960
1278
2254
21734
67221
3607
1321
1278
9458
1046
1531
9458
1584
1278
7161
13697
1046
1362
4016
3180
1278
2254
2764
1278
9458
1046
3367
1278
2688
64629
1032
1052
1044
1362
2715
1850
1032
1052
1394
1455
4292
1338
1256
3075
1710
1362
3180
1278
2254
1850
1032
1052
1394
2000
1115
1044
1032
1052
1052
1044
1032
1053
1054
1096
3016
19566
1032
1053
1394
2000
1115
1044
1032
1049
1044
1032
1055
1096
1319
6510
1265
3760
1049
1049
1049
1047
1050
1049
1050
1047
1049
1049
1050
1050
4576
1063
9246
1681
3219
1058
2898
2000
1115
1044
1032
1049
1044
1032
1055
1096
1454
1265
3760
1049
1049
1049
1047
1050
1049
1050
1047
1049
1049
1050
1050
2096
2036
13951
10721
1032
1053
1046
3367
1362
4036
1278
1850
1317
2000
1050
1042
5914
21227
7273
2430
1394
2000
1099
52143
69480
1032
1049
1044
1032
1049
17783
1494
2168
1850
1032
1048
1044
1809
2688
64629
1032
1049
1046
4493
1836
1338
1256
5675
1693
1278
2254
10721
2000
1050
1042
5914
21227
1867
1032
1049
1096
1809
1394
1278
36519
2688
1044
2000
5914
21227
1096
1395
25217
1032
1049
1046
1053
1063
3501
1338
1256
17048
1278
2254
2715
3369
1605
2586
2744
69527
38113
1044
1809
25674
1307
69527
1321
1576
1049
1681
1321
1576
1050
1681
2478
1278
1576
1049
1681
1321
1576
1050
1681
2607
2405
1736
1317
1402
20433
66728
35509
1063
3626
1278
12270
10867
9196
8091
1338
1256
9246
1639
3352
1317
7442
24002
1278
2632
1394
2000
1099
52143
3848
1044
1032
1052
1052
1044
1032
1053
1054
17783
1454
2036
13951
1536
9664
1848
1278
93710
26524
17103
1046
1362
7534
1653
1494
21966
1338
1256
3000
1265
1376
1576
1049
1049
1047
1050
1049
1555
13833
1050
1049
1049
1050
1047
1049
1047
1049
1047
1049
1050
1050
1050
1047
1050
1050
1050
1050
1047
1050
1049
1049
1049
1047
1049
1050
1049
1050
1049
1047
1050
1555
1050
1555
1049
1049
1047
1050
1050
1049
1047
1049
1049
1555
1049
1047
1049
17061
1050
1050
1050
1050
1050
1049
1050
1047
1050
1050
1555
2913
1256
1362
2084
2782
2744
4145
1562
1032
1049
1317
9027
3848
4342
1256
9246
1639
2210
1261
24867
5125
1058
1362
7534
3346
1278
3310
1321
16426
26524
1626
1256
1265
1376
1032
1010
1256
1032
1049
1058
1576
1049
2913
1256
1032
1050
1058
1576
1049
2913
1256
1032
1051
1058
12473
2913
1256
1032
1052
1058
1576
1050
2913
1256
1032
1053
1058
1576
1049
2913
1256
1032
1054
1058
12473
2913
1256
1032
1055
1058
12473
2913
1256
1032
1056
1058
12473
2913
1256
1032
1057
1058
12473
2913
1256
1032
1049
1048
1058
12473
2913
1256
1032
1049
1049
1058
1576
1050
2913
1256
1032
1049
1050
1058
1576
1049
2913
1256
1032
1049
1051
1058
1576
1049
2913
1256
1032
1049
1052
1058
1576
1050
2913
1256
1032
1049
1053
1058
69527
1032
1319
14101
1032
1050
1049
1049
1050
1044
1278
3310
1934
69527
4057
1408
1576
2880
1050
1049
1049
1050
1047
1049
2880
4615
1256
1032
1049
1054
1058
1576
1049
2913
1256
1032
1049
1055
1058
12473
2913
1256
1032
1049
1056
1058
1576
1049
2913
1256
1032
1049
1057
1058
12473
2913
1256
1032
1050
1048
1058
1576
1049
2913
1256
1032
1050
1049
1058
1576
1050
2913
1256
1032
1050
1050
1058
1576
1050
2913
1256
1032
1050
1051
1058
1576
1050
2913
1256
1032
1050
1052
1058
69527
1032
1319
14101
1032
1049
1050
1050
1050
1044
3310
1934
69527
4057
1408
1576
2880
1049
1050
1050
1050
1047
1050
1050
1050
1050
2880
4615
1256
1032
1050
1053
1058
1576
1050
2913
1256
1032
1050
1054
1058
1576
1050
2913
1256
1032
1050
1055
1058
1576
1050
2913
1256
1032
1050
1056
1058
1576
1050
2913
1256
1032
1050
1057
1058
69527
1032
1319
14101
1032
1050
1050
1050
1050
1044
3310
1934
69527
4057
1408
1576
2880
1050
1050
1050
1050
1047
1050
1049
1049
1049
2880
4615
1256
1032
1051
1048
1058
1576
1050
2913
1256
1032
1051
1049
1058
1576
1049
2913
1256
1032
1051
1050
1058
1576
1049
2913
1256
1032
1051
1051
1058
1576
1049
2913
1256
1032
1051
1052
1058
69527
1032
1319
14101
1032
1050
1049
1049
1049
1044
3310
1934
69527
4057
1408
1576
2880
1050
1049
1049
1049
1047
1049
1050
1049
1050
1049
2880
4615
1256
1032
1051
1053
1058
1576
1049
2913
1256
1032
1051
1054
1058
1576
1050
2913
1256
1032
1051
1055
1058
1576
1049
2913
1256
1032
1051
1056
1058
1576
1050
2913
1256
1032
1051
1057
1058
1576
1049
2913
1256
1032
1052
1048
1058
69527
1032
1319
14101
1032
1049
1050
1049
1050
1049
1044
3310
1934
69527
4057
1408
1576
2880
1049
1050
1049
1050
1049
1047
1050
2880
4615
1256
1032
1052
1049
1058
1576
1050
2913
1256
1032
1052
1050
1058
12473
2913
1256
1032
1052
1051
1058
1576
1050
2913
1256
1032
1052
1052
1058
12473
2913
1256
1032
1052
1053
1058
12473
2913
1256
1032
1052
1054
1058
1576
1049
2913
1256
1032
1052
1055
1058
1576
1049
2913
1256
1032
1052
1056
1058
12473
2913
1256
1032
1052
1057
1058
1576
1050
2913
1256
1032
1053
1048
1058
1576
1050
2913
1256
1032
1053
1049
1058
1576
1049
2913
1256
1032
1053
1050
1058
12473
2913
1256
1032
1053
1051
1058
1576
1049
2913
1256
1032
1053
1052
1058
12473
2913
1256
1032
1053
1053
1058
12473
2913
1256
1032
1053
1054
1058
12473
2913
1256
1032
1053
1055
1058
1576
1050
2913
1256
1032
1053
1056
1058
1576
1050
2913
1256
1032
1053
1057
1058
12473
2913
1256
1032
1054
1048
1058
12473
2913
1256
1032
1054
1049
1058
12473
2913
1256
1032
1054
1050
1058
1576
1050
2913
1256
1032
1054
1051
1058
12473
2913
1256
1032
1054
1052
1058
12473
2913
1256
32844
1044
1362
2534
1317
5304
67541
26524
1046
2409
1395
1605
22725
1338
1256
17048
1362
1710
3648
2314
1278
4127
30816
1046
1531
3330
8223
1429
16994
4607
6983
9700
1278
9458
2613
4890
4607
6983
1486
1278
1925
1362
2586
23648
1877
1256
44642
29896
1010
1256
2121
6705
1095
12149
2154
2480
23381
3446
2054
21777
39318
3848
1058
2011
1044
1295
1058
1935
1044
1382
1058
1935
1041
4906
1935
1877
3539
2155
1376
1265
67495
1045
1049
1058
1114
2820
3539
6705
21227
1376
1462
1049
1010
3539
1394
1623
1044
1528
1294
42478
41250
3640
6367
1693
1528
2351
12473
12807
8082
3979
1095
1049
1376
2155
14316
1105
3077
12296
2021
1049
4615
8082
3169
1095
1050
1376
2155
3755
1043
1049
1058
3077
12296
2021
1050
4615
8082
1409
1376
2365
54836
1095
1049
1044
3169
1095
1050
1456
8082
1693
1409
3006
6705
21227
1877
14514
6705
21227
1376
1409
1010
3539
1693
6705
21227
2351
1462
1049
1877
6367
1850
1032
1048
1010
3539
1850
1032
1050
1364
6705
21227
1867
1032
1049
1010
1256
49958
1256
2409
1395
10693
2549
1362
1880
1046
2157
9700
1408
2000
8723
15605
3848
1044
1032
1052
1052
1044
1032
1053
1054
1041
2351
1032
1052
14708
1256
5675
1693
1278
6298
11708
2715
1850
2000
1050
1364
6705
21227
1096
6302
1307
2000
1050
1364
6705
21227
1867
1032
1049
69524
9246
1681
2688
10314
5443
1877
1256
1462
2000
1099
52143
69480
1032
1049
1044
1032
1049
17783
1058
93710
12473
2096
69527
1513
4891
1032
1048
1044
3979
1095
1049
1061
1048
1044
3169
1095
1050
1061
1048
1044
1409
1061
1048
1046
3367
1850
1032
1050
1042
5914
21227
1376
1032
1048
1044
1809
2688
64629
1032
1049
1046
4493
1836
1626
1256
1462
5675
1693
1850
2000
1050
1042
5914
21227
1867
1032
1049
1096
1809
1693
6705
21227
2351
1032
1048
1044
1850
1032
1049
1063
5646
1681
2549
1362
1736
1338
1256
17048
1278
6769
1395
1455
1278
9305
1733
6354
2405
4771
1278
69527
1317
1402
1278
7092
9949
1044
1809
1278
5965
1395
1058
2269
1576
1049
1681
1044
2430
12473
2096
2430
2269
1576
1050
1681
1044
1321
1278
5592
1395
1278
3788
4014
1046
3626
1278
12270
8223
13509
5592
1321
4811
12197
1046
3886
1044
2258
3310
1307
1278
2071
1032
1049
2880
1049
1047
1050
2880
1050
1454
9196
8091
1934
13509
5592
1032
1050
1107
1043
1049
1046
4493
2036
13951
23843
1747
1338
1256
12211
2168
1261
2688
4209
1032
1052
1063
9246
1639
3369
1455
13162
1278
2688
2000
1099
52143
3848
1044
1032
1052
1052
1044
1032
1053
1054
1041
2351
1032
1052
1096
1395
7442
24124
1394
1261
9305
1733
1307
5592
1032
1052
1455
1395
16424
1420
1032
1049
1049
1047
1050
1050
3310
1044
1809
1278
2254
2715
1850
1032
1052
1394
2269
2147
5972
1063
3501
1044
1278
2254
6360
1395
9247
1338
1256
32844
1033
17048
1362
5711
2633
1278
2688
1058
2000
8723
15605
3848
1044
1032
1052
1052
1044
1032
1053
1054
1041
2351
1032
1052
1096
2481
1402
2000
8723
15605
3848
1044
1032
1052
1052
1044
1032
1053
1054
1041
2351
1032
1053
1096
1321
1278
3330
1681
121468
3214
1032
1052
2985
2479
1032
1053
1063
2159
26724
1338
1256
9246
1639
2985
1513
1278
4206
2254
2790
1877
1256
49958
1256
2569
31054
2688
5443
1010
1256
1265
1376
1576
1049
1049
1047
1050
1049
1555
13833
1050
1049
1049
1050
1047
1049
1047
1049
1047
1049
1050
1050
1050
1047
1050
1050
1050
1050
1047
1050
1049
1049
1049
1047
1049
1050
1049
1050
1049
1047
1050
1555
1050
1555
1049
1049
1047
1050
1050
1049
1047
1049
1049
1555
1049
1047
1049
17061
1050
1050
1050
1050
1050
1049
1050
1047
1050
1050
1555
2913
1256
6852
15605
3848
1044
1032
1055
1049
1044
1032
1055
1051
1041
2351
1032
1049
1010
1256
6852
15605
3848
1044
1032
1052
1052
1044
1032
1053
1054
1041
2351
1032
1052
1010
1256
6852
15605
3848
1044
1032
1053
1054
1044
1032
1054
1048
1041
2351
1032
1049
1010
1256
6852
15605
3848
1044
1032
1049
1044
1032
1054
1054
1041
2351
1032
1049
1055
1010
1256
6852
15605
3848
1044
1032
1050
1048
1044
1032
1055
1048
1041
2351
1032
1049
1053
1010
1256
6852
15605
3848
1044
1032
1055
1051
1044
1032
1055
1054
1041
2351
1032
1049
1010
1256
6852
15605
3848
1044
1032
1052
1055
1044
1032
1054
1049
1041
2351
1032
1053
1010
1256
6852
15605
3848
1044
1032
1053
1044
1032
1055
1054
1041
2351
1032
1050
1053
1010
1256
6852
15605
3848
1044
1032
1053
1051
1044
1032
1055
1051
1041
2351
1032
1057
1010
1256
6852
15605
3848
1044
1032
1051
1048
1044
1032
1051
1049
1041
2351
1032
1048
1010
1256
6852
15605
3848
1044
1032
1052
1055
1044
1032
1054
1051
1041
2351
1032
1053
1010
1256
6852
15605
3848
1044
1032
1050
1049
1044
1032
1054
1052
1041
2351
1032
1057
1010
1256
49958
1256
58299
1455
2000
1099
52143
3848
1044
1032
1049
1044
1032
1054
1054
1041
2351
1032
1049
1055
1096
1321
2000
1099
52143
3848
1044
1032
1053
1044
1032
1055
1054
1041
2351
1032
1050
1053
1096
1321
2000
1099
52143
3848
1044
1032
1050
1048
1044
1032
1055
1048
1041
2351
1032
1049
1053
1096
1321
2000
1099
52143
3848
1044
1032
1052
1055
1044
1032
1054
1051
1041
2351
1032
1053
1096
1321
2000
1099
52143
3848
1044
1032
1052
1055
1044
1032
1054
1049
1041
2351
1032
1053
1096
1321
2000
1099
52143
3848
1044
1032
1053
1051
1044
1032
1055
1051
1041
2351
1032
1057
9816
3797
2576
1584
13509
1046
1531
2342
3199
2767
61174
1395
1032
1052
1046
25298
1494
1402
1261
96948
1394
1032
1053
1063
3367
1494
1681
1032
1053
1044
2430
2036
13951
4139
5628
1032
1053
1394
1455
2937
1046
9246
1639
4206
1693
2036
13951
2481
5628
1032
1053
1394
2000
1115
1044
1032
1052
1052
1044
1032
1053
1054
9816
3367
1278
93710
1934
1261
69527
1454
3979
1095
1049
1061
1050
1321
3169
1095
1050
1061
1050
1044
2430
1409
1061
1050
1044
5592
1061
1053
1046
5646
1681
54237
1338
1256
17048
1278
3330
3214
1261
96948
1321
1494
2715
1402
1032
1053
1046
3626
1362
1736
1317
2764
1278
2688
1435
8360
1046
3367
1362
7418
3475
1455
10721
2000
1050
1042
5914
21227
1867
1032
1049
7273
1321
1278
2688
64629
1032
1052
1044
1494
2084
7195
1046
3367
1362
7418
3475
1455
10721
4433
2849
1044
1494
4139
7195
2147
9458
1338
1256
5675
1693
1278
2254
2715
1850
1278
8905
5592
1044
1809
1278
5592
1395
35509
1435
1278
2782
1307
1576
1049
1681
2984
1278
2782
1307
1576
1050
1681
1319
1778
1394
1409
1061
1050
1044
5592
1061
1052
36036
3626
2430
2000
1099
52143
69480
1032
1049
1044
1032
1049
1041
2351
1032
1049
1096
2168
1402
1032
1048
1044
36519
1046
3060
2000
1099
52143
2021
1049
1049
1049
1047
1050
1049
1050
2096
1032
1049
1044
1032
1055
1041
2351
1032
1053
1096
2168
1402
5592
1032
1052
1063
3501
1338
1256
32844
1033
5675
1693
1278
1032
1049
1049
1047
1050
1050
3310
5592
12270
1294
1278
8953
3607
1395
70157
1044
1321
1278
7293
5592
8583
1395
1278
2782
1307
1576
1049
1681
2984
1278
2782
1307
1576
1050
1681
1063
2898
12473
2096
1455
2168
1402
1032
1048
1044
1809
2688
8223
1032
1049
1046
4493
1836
1338
1256
15081
6674
1058
17048
1278
2254
2715
1850
1278
8905
1409
2516
1455
1261
1032
1049
1049
1047
1050
1050
3310
1307
5592
1032
1050
1107
1043
1049
12123
1044
1809
1278
2688
2000
3107
1052
1096
1395
7442
2000
1107
1061
1050
1096
1321
2127
2933
2000
1050
1107
69524
3626
2000
1099
52143
3848
1044
1032
1049
1044
1032
1055
1041
2351
1032
1053
1096
2168
1402
2000
1050
1107
1061
1053
1096
2297
1409
1061
1050
1046
1053
1044
1836
1338
1256
9246
1639
102361
1278
2158
2688
1058
2000
5914
1095
12149
2154
2480
23381
3446
2054
21777
39318
2021
1049
1049
1049
1047
1050
1049
1050
2096
1032
1049
1044
1032
1055
1041
4906
1032
1053
9816
4890
13951
10177
1032
1053
1046
3367
1362
4036
1317
2000
1050
1042
5914
21227
7273
1494
10177
1032
1052
1394
1455
2688
1319
1391
6705
21227
1061
1050
1577
3626
2688
64629
1032
1053
1046
4493
2000
1050
1042
5914
21227
1043
1049
1096
1395
6298
1394
1278
2158
9458
1338
1256
17048
1278
36519
2688
2000
1099
52143
3848
1044
1032
1052
1052
1044
1032
1053
1054
1041
2351
1032
1052
1096
1395
7442
1261
2937
2478
1278
8905
1032
1049
1049
1047
1050
1050
9305
1733
1934
5592
1032
1053
1044
1809
1278
2688
64629
1032
1052
3964
1317
1261
19940
1294
1278
2688
1063
1531
3330
8223
1429
24151
16424
70914
84674
14671
48761
1083
2613
1362
4016
14649
1278
2688
1395
6298
1338
1256
3316
2156
2258
2147
3039
1317
7926
1278
1032
1049
1049
1047
1050
1050
3310
1063
1429
1784
2158
1319
5197
1043
1049
91594
1050
1462
1032
1049
11084
1584
1747
1576
1049
1039
1462
1531
9949
4145
1513
3980
1319
5197
1043
1049
91594
1050
1395
69527
1462
1531
11829
11084
1584
1747
1576
1050
113599
1256
5675
1693
1429
5197
1034
1395
1605
1278
5592
1307
1278
3310
1044
1809
1261
9276
1063
3501
1044
1429
2757
1934
13509
5592
1034
76038
9027
1435
5592
1338
1256
17048
1278
9305
1733
6354
2405
1736
1317
3030
1454
1576
1049
1681
1321
2362
1454
1576
1050
1681
1294
1455
7092
3542
1044
1809
1278
11084
1710
1402
58720
14396
1063
3501
1044
9305
1733
102789
3542
1338
1256
9246
1639
3352
1317
3081
1278
7293
4127
9495
1294
2036
7716
2181
1046
1429
5914
1095
12149
2154
2480
23381
3446
2054
21777
39318
1034
18267
2479
1261
4127
1562
1261
21863
15054
1046
1362
26938
1261
4127
1429
1049
1049
1047
1050
1050
1034
13162
1562
13968
32433
1102
1505
53875
1258
44587
1046
1531
15421
5097
1395
16106
1317
1394
2744
12473
2096
4014
1032
1049
1681
3066
1321
1032
1050
1681
2453
1044
4069
2365
1044
4832
1032
1050
1042
2422
1043
1049
1338
1256
23627
1455
1362
6560
18507
1278
2000
3107
1032
1052
1096
49111
1044
13162
1362
2715
2586
5687
1278
13951
1455
22405
1747
1278
2147
9458
1044
1321
3219
1693
2000
3107
1032
1052
1096
1710
1402
29107
1536
2269
10314
2937
1046
5675
1693
1278
2254
10721
2000
1050
1364
6705
21227
1867
1032
1049
1096
1809
1693
1278
2282
1395
1032
1048
1044
1850
1032
1048
1044
1321
1693
1278
2282
1395
4433
2849
1063
3501
1338
1256
32844
1033
17048
1278
2688
2000
1099
52143
3848
1044
1032
1052
1052
1044
1032
1053
1054
1041
2351
1032
1052
1096
1395
1394
1261
93710
1455
8688
1836
12473
2096
1809
1278
2254
2715
1850
1032
1052
1063
3501
1044
2000
1099
52143
3848
1044
1032
1051
1048
1044
1032
1051
1049
1041
2351
1032
1048
1096
1321
2000
1099
52143
2021
1049
1050
1050
1050
2096
1032
1049
1044
1032
1052
1041
2351
1032
1048
1096
10500
1836
69527
10177
1032
1048
1338
1256
5675
1693
1278
3310
1265
1394
1278
7481
9458
1395
2801
1044
1321
3980
1032
1052
1052
1045
1053
1054
7442
8688
1261
5746
1032
1049
1049
1047
1050
1050
9305
1733
1307
5592
1032
1052
3147
1278
12270
9985
3199
5592
1294
2269
10314
2937
1063
9246
1639
3346
1278
8953
3607
5785
2081
1058
1429
4051
1032
1049
1049
1047
1050
1050
3310
1395
6493
1435
1058
1462
2157
1934
13509
5592
3871
2157
1681
15007
1338
1256
17048
1278
2254
2715
1850
1278
5592
1307
1278
36598
23832
1307
1278
1032
1049
1049
1047
1050
1050
5965
1455
1710
1402
7563
1063
3501
1338
1256
9246
1639
3648
2314
1278
14541
1455
2036
13951
1307
36359
1747
1576
1049
1681
3066
1321
1747
1576
1050
1681
2453
1395
8462
3147
1278
1576
1049
1681
1321
1576
1050
1681
4016
1402
1294
4811
12197
7858
1317
2744
2147
1063
2898
9305
3224
1044
1435
2730
1435
2156
1584
1409
1576
1049
1681
3066
1278
69527
1321
1409
1576
1050
1681
2453
1044
1729
1710
5282
8427
2424
1294
3542
1046
1531
2342
16009
1395
1455
1278
1576
1049
1681
1729
8427
4016
1402
3066
1278
12473
2096
1321
1278
1576
1050
1681
2453
1046
9748
1747
1576
1049
1681
1584
18535
1321
1747
1576
1050
1681
1584
18535
1044
2258
1409
1576
1049
1681
3066
1321
1409
1576
1050
1681
2453
2196
1046
4493
2365
43063
1095
1049
1044
4014
1095
1050
1041
1395
6298
1338
1256
62079
2880
1278
69527
4016
1402
10693
1513
1278
3980
1319
5197
1043
1049
91594
1050
1294
1278
4618
3310
1063
3501
1044
1494
1681
1261
9305
1733
1338
1256
17048
1278
2688
2000
3107
1032
1052
1096
1395
3147
1278
8905
1409
1395
1032
1049
1044
1809
1278
2254
2715
1850
1032
1050
124944
1063
3501
1338
1256
9246
1639
3352
1317
3219
1693
2156
1681
2258
2147
3039
1317
2012
1032
1052
1058
3367
1278
2254
10721
1278
5592
1307
1278
9305
1733
1044
1321
1278
9305
1733
1395
1576
1049
1047
1050
1050
1039
1319
11018
1395
1605
1420
1032
1049
1049
1047
1050
1050
3310
1536
1278
12270
1044
1809
13162
1278
2688
43390
1494
5746
128600
3626
1278
2158
2688
2000
1099
52143
3848
1044
1032
1049
1044
1032
1055
1041
2351
1032
1053
1096
1454
1576
1049
1049
1049
1047
1050
1049
1050
1039
2168
2430
1736
1576
1049
1047
1050
1050
1039
1435
1261
9305
1733
1307
5592
1032
1052
1044
1809
6705
1395
1032
1053
1044
1878
1494
2168
3637
1850
1032
1053
1046
2898
2000
1099
52143
3848
1044
1032
1052
1052
1044
1032
1053
1054
1041
2351
1032
1052
7273
13162
1278
6705
5746
1032
1049
1049
1047
1050
1050
1319
29962
1041
1395
1032
1051
1044
1809
2156
1681
1576
1049
1047
1050
1050
1039
1307
5592
1032
1052
1044
1321
1278
4127
7442
17000
1278
8905
5592
1307
1261
3310
20490
1278
5965
1032
1049
2880
1049
1047
1050
2880
1050
3816
1278
13509
5592
31813
1063
3626
1278
8953
3607
8223
13509
5592
1338
1256
1362
4525
25988
1046
17048
1362
2715
2586
7418
1278
3475
1435
2000
1050
1042
5914
21227
1867
1032
1049
1096
1321
1693
1494
24372
1278
2000
3107
1032
1052
1096
2688
1044
13162
1278
3330
2084
6726
1063
3626
1278
3330
8223
1429
16994
4607
6983
9700
1278
9458
1046
9380
1681
1278
3880
1058
6421
3870
75956
1419
1044
1593
1395
2143
6255
1058
18228
1278
3629
2254
21734
1321
8953
3607
1044
10886
5687
1278
2254
5055
1321
2764
1747
1278
9458
4043
1256
1362
2534
1317
9470
3475
1455
22405
1747
9458
1046
9246
1639
3352
1317
3648
1693
2156
1681
2258
11559
11708
1455
10721
1032
1052
1394
1455
4811
2937
3016
19566
1032
1053
1394
1278
2158
2937
1338
1256
5675
1693
1278
2254
2715
1850
1278
8905
2782
1307
1576
1049
1681
1319
1107
1041
2984
1278
69527
2984
1278
8905
2782
1307
1576
1050
1681
1044
1809
1278
5592
1395
35509
1435
1278
2782
1307
11084
1562
1278
4618
3310
1455
1584
1429
7347
1897
1321
13162
1729
1710
58290
11084
1063
3501
1338
1256
15081
4914
1058
17048
1278
9305
1733
6354
2405
1736
1317
1402
89045
1044
1809
1278
1576
1049
1681
4016
1402
89045
1294
1278
9305
1733
1044
1321
1576
1050
1681
89045
1044
1799
2127
1584
1536
5965
1338
1256
9246
1639
1344
41412
1278
8953
3607
1681
11277
1307
1032
1049
1049
1047
1050
1050
18451
1058
12473
2096
1576
1049
1047
1050
2096
1576
1049
1049
1047
1050
1050
2096
1576
1049
1049
1049
1047
1050
1050
1050
9528
3797
13509
34749
1338
1256
17048
1278
2688
2000
1099
52143
3848
1044
1032
1052
1052
1044
1032
1053
1054
1041
2351
1032
1052
1096
1395
1261
27223
1294
1278
4127
10674
5662
1536
1278
3330
1044
1809
1362
1736
1317
9626
1454
1494
1046
2813
1420
26554
1044
1362
2715
4848
3475
1455
22405
1278
9458
1046
3367
1362
4848
1278
2000
1050
1042
5914
21227
1867
1032
1049
1096
3475
1044
1494
2084
7195
1455
2688
1046
3367
1362
4848
4433
2849
1044
1494
4139
7195
1278
2158
9458
1338
1256
32844
1033
17048
1362
1710
22347
1278
2254
1317
1850
2000
1050
1364
6705
21227
1867
1032
1049
1096
1809
1693
1278
2282
1395
7607
2224
2269
2632
1063
3501
1338
1256
9246
1639
2985
1513
1278
2688
2000
1099
52143
3848
1044
1032
1053
1044
1032
1055
1054
1041
2351
1032
1050
1053
9816
1032
1050
1053
1395
13509
1046
2000
1099
52143
3848
1044
1032
1050
1048
1044
1032
1055
1048
1041
2351
1032
1049
1053
1096
13509
1046
2000
1099
52143
3848
1044
1032
1049
1044
1032
1054
1054
1041
2351
1032
1049
1055
1096
13509
1046
2000
1099
52143
3848
1044
1032
1052
1055
1044
1032
1054
1051
1041
2351
1032
1053
1096
13509
1046
2000
1099
52143
3848
1044
1032
1052
1055
1044
1032
1054
1049
1041
2351
1032
1053
1096
13509
1046
2000
1099
52143
3848
1044
1032
1053
1051
1044
1032
1055
1051
1041
2351
1032
1057
1096
13509
1046
2000
1099
52143
3848
1044
1032
1055
1049
1044
1032
1055
1051
1041
2351
1032
1049
1096
13509
1046
2000
1099
52143
3848
1044
1032
1053
1054
1044
1032
1054
1048
1041
2351
1032
1049
1096
13509
1046
2000
1099
52143
3848
1044
1032
1051
1048
1044
1032
1051
1049
1041
2351
1032
1048
9816
2000
1099
52143
3848
1044
1032
1049
1055
1044
1032
1049
1055
1041
2351
1032
1048
9816
2000
1099
52143
3848
1044
1032
1051
1044
1032
1053
1041
2351
1032
1049
9816
2000
1099
52143
3848
1044
1032
1049
1051
1044
1032
1050
1050
1041
2351
1032
1051
9816
2000
1099
52143
3848
1044
1032
1049
1048
1044
1032
1050
1053
1041
2351
1032
1053
9816
2000
1099
52143
3848
1044
1032
1053
1044
1032
1049
1051
1041
2351
1032
1049
9816
2000
1099
52143
3848
1044
1032
1050
1048
1044
1032
1050
1049
1041
2351
1032
1049
9816
2000
1099
52143
3848
1044
1032
1049
1051
1044
1032
1050
1050
1041
2351
1032
1051
9816
2000
1099
52143
3848
1044
1265
1044
1032
1049
1055
1044
1032
1049
1055
1041
2351
1032
1048
14708
1256
3797
2576
1584
22809
12714
1454
2000
1050
1042
5914
21227
1867
1032
1049
9816
1531
2342
1925
1455
31322
1278
5965
1395
2000
3107
1032
1052
9816
25298
1494
1402
1455
1278
2688
7442
8223
2000
3107
1032
1053
1096
1809
1278
3330
60210
2000
1052
1096
1536
16145
1063
3247
13162
1278
93710
1394
1032
1052
1052
1044
1053
1054
28248
6705
21227
1061
1049
1044
5592
1061
1051
1044
1809
1278
2688
8223
1032
1052
1063
3367
1362
5687
2000
1050
1042
5914
21227
1867
1032
1049
7273
1321
1278
2688
64629
1032
1052
1044
1494
2084
7195
1046
3367
1362
5687
2000
1050
1042
5914
21227
7273
1494
2084
7195
2000
1099
52143
69480
1032
1049
1044
1032
1049
1041
2351
1032
1049
1096
1321
2000
1099
52143
3848
1044
1032
1049
1044
1032
1055
1041
2351
1032
1053
14708
1256
5675
1693
1278
2254
10721
2000
5914
21227
1364
1032
1050
1867
1032
1049
1096
1809
1394
1278
36519
2688
1044
2000
5914
21227
1096
1395
1032
1049
1044
1878
1494
10721
1032
1051
1044
1321
1278
2688
64629
1032
1052
1063
6830
13162
1362
2715
1850
2000
1050
1364
6705
21227
1867
1032
1050
69524
3501
1338
1256
17048
1278
12270
1307
1032
1049
1049
1047
1050
1050
3310
9985
1278
9949
1317
1402
1605
10693
1294
1278
7034
1044
1809
1278
5592
1710
1402
3199
1693
1729
1736
1576
1049
1047
1050
1050
1039
1063
3626
1278
8953
3607
8223
13509
1338
1256
9246
1639
3352
1317
6123
1394
1429
1049
1049
1047
1050
1050
3310
1034
1294
2036
12957
7667
1046
1362
26938
1261
4127
1429
37098
2154
43056
10638
1034
1505
4510
1046
49032
1044
2156
1681
1261
4629
4127
1058
1429
23989
1278
8905
5592
1307
1261
9305
1733
17299
1261
3310
1307
1278
2071
1032
1049
2880
1049
1047
1050
2880
1050
3871
1531
5097
1395
10693
2549
1362
1736
1338
1256
23627
1278
2142
1044
12494
1278
3560
5125
1395
1317
5687
1278
2254
1435
2000
1050
1042
5914
21227
1867
1032
1049
7273
1321
1693
1278
2688
2000
3107
1032
1052
1096
1395
1261
96948
1044
1494
4139
3637
2764
1693
1362
4525
41734
1063
3626
1278
3330
24215
5978
1278
3880
1044
1878
1494
1681
36519
1338
1256
32844
1033
17048
1362
1710
3180
1278
2254
1850
1278
6298
2632
1394
1747
9458
1536
2505
1261
2801
5125
1046
5675
1693
1278
2254
2715
3081
1278
8905
5592
1307
1261
9305
1733
1455
14175
1278
5965
1044
1809
1278
5965
9985
1278
69527
1317
1402
25265
1044
1321
1278
1576
1049
1681
1321
1576
1050
1681
1710
1402
1294
2258
3542
1435
2730
1435
1747
1576
1049
1681
1584
3066
69527
1321
1747
1576
1050
1681
2453
1063
5646
1681
2549
1362
1653
1338
1256
17048
1278
6769
1395
1455
1278
93710
2000
1115
67495
1045
1049
1058
1114
39261
1395
46178
1307
2960
1295
1321
1382
1044
1321
1362
4525
2505
17616
34340
1302
1799
1395
30938
1408
1278
3169
1046
1362
2434
2000
1115
67495
1045
1049
1058
1114
1093
7273
1799
1395
6298
1394
1032
1049
37601
1286
46178
1382
1046
1531
8953
3607
8223
1429
1108
1058
51209
3980
1319
1049
37601
1286
1574
1382
1058
7114
1302
3980
1319
1049
37601
1286
1044
46178
114478
4493
2000
1115
67495
1045
1049
1058
1114
39261
1395
6298
1338
1256
9246
1639
5558
40172
1278
2158
2688
1058
2000
5914
1095
12149
2154
2480
23381
3446
2054
21777
39318
2021
1049
1049
1049
1047
1050
1049
1050
2096
1032
1049
1044
1032
1055
1041
4906
1032
1053
9816
1265
5592
1395
1032
1055
1044
1295
1061
1049
1044
1382
1061
1055
1044
1265
1091
1048
1058
1055
1093
1376
1576
1049
1049
1049
1047
1050
1049
1050
9528
87482
1338
1256
2000
5914
1095
12149
2154
2480
23381
3446
2054
21777
39318
2021
1049
1049
1049
1047
1050
1049
1050
1047
1049
1049
1050
1050
2096
1032
1057
1044
1032
1049
1050
1041
4906
1032
1048
9816
1265
5592
1032
1049
1050
1044
1295
1061
1057
1044
1382
1061
1049
1050
1044
1265
1091
1056
1058
1049
1050
1093
1376
1576
1049
1049
1050
1050
9528
87482
1338
1256
2000
5914
1095
12149
2154
2480
23381
3446
2054
21777
39318
2021
1049
1049
1049
1047
1050
1049
1050
1047
1049
1049
1050
1050
2096
1032
1051
1044
1032
1054
1041
4906
1032
1051
9816
1265
1091
1050
1058
1054
1093
1376
1576
1049
1047
1050
1049
9528
87482
1338
1256
2000
5914
1095
12149
2154
2480
23381
3446
2054
21777
39318
2021
1049
1049
1049
1047
1050
1049
1050
1047
1049
1049
1050
1050
2096
1032
1052
1044
1032
1049
1048
1041
4906
1032
1049
9816
1265
1091
1051
1058
1049
1048
1093
1376
12473
1050
1049
1050
1047
1049
1049
9528
87482
1338
1256
2000
5914
1095
12149
2154
2480
23381
3446
2054
21777
39318
2021
1049
1049
1049
1047
1050
1049
1050
1047
1049
1049
1050
1050
2096
1032
1049
1044
1032
1049
1050
1041
4906
1032
1055
9816
1265
1091
1048
1058
1049
1050
1093
1376
5275
3310
1046
87482
1338
1256
4493
2036
34340
1302
1321
13951
1584
6298
1394
2576
1338
1256
9032
1044
1394
1278
7481
2688
2000
1099
52143
3848
1044
1032
1052
1052
1044
1032
1053
1054
1041
2351
1032
1052
1096
1454
1278
2730
1265
1046
9246
1639
3352
1317
7442
24002
1278
6705
21227
1394
1455
93710
2505
2036
13951
1044
1809
1362
2534
1278
7092
93710
1046
17048
1362
1710
7418
1261
7586
12957
8466
1505
5972
2314
1278
3310
5194
1338
1256
1531
2730
3310
1058
2000
1115
1376
1576
1049
1049
1047
1050
1049
1555
13833
1050
1049
1049
1050
1047
1049
1047
1049
1047
1049
1050
1050
1050
1047
1050
1050
1050
1050
1047
1050
1049
1049
1049
1047
1049
1050
1049
1050
1049
1047
1050
1555
1050
1555
1049
1049
1047
1050
1050
1049
1047
1049
1049
1555
1049
1047
1049
17061
1050
1050
1050
1050
1050
1049
1050
1047
1050
1050
1555
1039
10632
1256
9246
1639
4014
1278
3788
5592
1046
1362
7534
2210
1261
2801
12059
1058
1362
7534
14649
1278
26554
1710
2586
4848
1278
3475
1044
1321
13162
1278
2000
3107
1032
1052
1096
2688
1395
7442
2000
3107
1032
1053
1096
1294
1278
7293
2688
9962
1044
1321
1278
3330
3214
1261
96948
1046
3626
1362
1710
2405
14649
1455
1338
1256
32844
1033
17048
1278
2254
2715
1850
1278
8905
5592
1044
1809
1278
5592
1307
1278
1032
1049
1049
1047
1050
1050
3310
1395
6493
1435
1278
2782
1307
1576
1049
1681
2984
1278
2782
1307
1576
1050
1681
1319
1778
1394
1409
1061
1050
1044
5592
1061
1052
36036
3626
2430
2000
1099
52143
69480
1032
1049
1044
1032
1049
1041
2351
1032
1049
1096
2168
1402
1032
1048
1046
62079
69527
1395
1261
6061
2937
2478
5592
1395
1032
1049
1046
3626
1278
12270
8223
5592
1395
13509
1044
1321
69527
1934
5592
1032
1049
1338
1256
5675
1693
1278
2254
10721
2000
1050
1364
6705
21227
1867
1032
1049
1096
1809
1278
2688
2000
3107
1032
1052
1096
1395
1394
1261
2937
2478
2000
5914
21227
1376
1032
1049
1096
1321
1278
2254
10721
1032
1051
1044
1809
1278
2688
64629
1032
1052
3147
1278
4127
7442
17000
1278
2782
1307
1576
1049
1681
1063
3501
1044
2147
9458
35499
1338
1256
9246
1639
1344
11568
14176
1278
3880
1058
1429
8723
15605
3848
1044
1032
1052
1052
1044
1032
1053
1054
1041
2351
1032
1052
3871
17048
1278
93710
1562
1032
1052
1052
1317
1032
1053
1054
8688
1261
69527
1321
1278
24875
5628
1409
1061
1049
1044
1878
5592
1061
1051
1044
1809
1278
2688
64629
1032
1052
1046
25298
1494
1402
1455
1278
2254
2715
1850
1278
5592
1307
1278
36598
23832
1307
1576
1049
1681
2984
1278
69527
2984
1278
36598
23832
1307
1576
1050
1681
1044
1809
1605
20594
9196
1063
2898
3336
1044
1693
2156
1584
1032
1050
1576
1049
1681
1321
1032
1049
1576
1050
2096
1278
5592
2481
1402
1032
1049
1043
1049
1043
1049
1061
1051
1063
3501
1338
1256
17048
1278
4127
1395
1562
1261
2767
1045
32376
5211
1321
1429
1049
1049
1047
1050
1050
3310
1034
4938
4433
2849
1063
2159
26724
1338
1256
15081
6674
1058
17048
1278
2254
2715
3081
1278
8905
5592
1307
1261
9305
1733
1455
9301
1261
3310
2478
1278
2158
1805
1395
1576
1049
1681
1044
9949
1395
12473
2096
3804
1805
1395
1576
1050
1681
1044
1809
1278
34749
1307
1576
1049
1681
1321
1576
1050
1681
2607
2405
1736
1317
1402
9196
1063
1531
8953
3607
8223
1429
1784
2158
1319
5197
1043
1049
91594
1050
1462
1032
1049
11084
1584
1747
1576
1049
1039
1462
1531
11829
11084
1584
1747
1576
1050
1039
3871
2898
1261
4265
5592
9027
1044
1278
2782
1307
1576
1049
1681
1395
1319
5197
1043
1049
91594
1050
1462
1049
1044
1321
1278
2782
1307
1576
1050
1681
1395
9027
1462
1319
5197
1043
1049
91594
1050
1046
2898
9027
13509
1044
2576
1584
9196
1046
2898
9027
3199
1044
2127
2481
1402
98234
1046
3626
1278
8953
3607
8223
1429
2757
1934
13509
5592
3871
4493
9027
4016
1402
13509
1338
1256
5675
1693
1278
2688
2000
3107
1032
1052
1096
1395
7442
10418
1261
2937
2478
1278
8905
13509
37517
1032
1049
1049
1047
1050
1050
9305
1733
1395
1032
1051
1044
1809
1278
2254
2715
1850
1032
1052
3147
1307
2269
2147
5972
1063
3501
1338
1256
17048
1362
2715
2586
5687
1278
2254
1435
2000
1050
1042
5914
21227
1867
1032
1049
1096
1321
10789
1455
1278
2000
3107
1032
1052
1096
1395
1261
96948
1294
1278
3330
1681
5117
1046
3626
1278
3330
1395
16798
1639
1317
8786
1494
1046
2813
1420
26554
1044
1362
2534
1317
5234
1261
5097
1455
22405
1278
9458
1046
3367
1362
1710
2405
8240
1848
1278
2000
3107
1032
1052
7273
13162
1362
1710
4848
1278
3475
1321
1278
3330
2084
3219
1494
22405
8100
1455
1925
1044
1809
2127
2639
1429
12107
1747
1278
9458
7223
1256
9246
1639
3352
1925
2081
6588
1058
25298
1429
6156
39318
1034
3226
4204
1429
104030
69235
3367
1494
1681
93710
1044
2430
1394
2000
1115
1044
1032
1049
1044
1032
1055
1096
1454
1576
1049
1049
1049
1047
1050
1049
1050
2096
1278
9997
2187
1584
89045
1046
1531
2342
1032
1049
1049
1047
1050
1050
93710
2168
1402
1693
2156
1681
1576
1049
1049
1049
1047
1050
1050
1039
1809
1494
1681
1605
2156
1046
1576
1049
1049
1049
1047
1050
1049
1050
1039
1934
12473
2096
1809
2453
1494
1395
1576
1050
1049
1050
2096
1605
1576
1050
1050
9528
4493
1836
93710
1307
5592
1032
1053
1046
4493
1494
1710
2405
1402
93710
1338
1256
5675
1693
1278
2254
10721
1278
8905
1409
2516
1455
2156
12123
1261
9305
1733
1307
1409
1576
1049
1681
1044
12473
2096
1409
1576
1050
1681
1044
1321
1278
1850
2632
1395
1032
1050
124944
1063
6830
2000
1099
52143
69480
1032
1049
1044
1032
1049
17783
2168
1402
1409
1061
1048
1044
1850
1032
1048
1044
1809
2688
64629
1032
1049
1046
4493
1836
1338
1256
5675
1693
1278
1850
2632
1395
1409
1043
1049
1063
3501
1338
1256
17048
1278
2254
2715
1850
1278
5592
1307
1278
9305
1733
3907
1278
12473
2096
1809
1278
1576
1049
1681
1321
1576
1050
1681
24875
1584
1605
20594
9196
3147
1278
9949
69527
3980
1710
13774
1063
1531
12270
67085
1278
3980
4057
1408
5592
1338
1256
1362
4525
4670
1294
35438
1046
9246
1639
3352
1317
7442
3081
1278
93710
1394
2000
1115
1044
1032
1052
1052
1044
1032
1053
1054
1096
1536
2505
1261
24867
4014
1046
1362
7534
31944
1278
3310
2203
1261
3475
4950
1321
4014
11084
23898
1294
2036
38528
1338
1256
3000
1058
2000
1115
1376
1576
1049
1049
1047
1050
1049
1555
13833
1050
1049
1049
1050
1047
1049
1047
1049
1047
1049
1050
1050
1050
1047
1050
1050
1050
1050
1047
1050
1049
1049
1049
1047
1049
1050
1049
1050
1049
1047
1050
1555
1050
1555
1049
1049
1047
1050
1050
1049
1047
1049
1049
1555
1049
1047
1049
17061
1050
1050
1050
1050
1050
1049
1050
1047
1050
1050
1555
1039
10632
1256
9246
1639
13156
1494
2203
63308
1307
4629
34749
1505
2586
4014
2744
4145
1626
1256
1362
7534
7418
26524
1032
1049
1317
9027
1626
1256
1032
1049
1058
1576
1049
2913
1256
1032
1050
1058
1576
1049
2913
1256
1032
1051
1058
12473
2913
1256
1032
1052
1058
1576
1050
2913
1256
1032
1053
1058
1576
1049
2913
1256
1032
1054
1058
12473
2913
1256
1032
1055
1058
12473
2913
1256
1032
1056
1058
12473
2913
1256
1032
1057
1058
12473
2913
1256
1032
1049
1048
1058
12473
2913
1256
1032
1049
1049
1058
1576
1050
2913
1256
1032
1049
1050
1058
1576
1049
2913
1256
1032
1049
1051
1058
1576
1049
2913
1256
1032
1049
1052
1058
1576
1050
2913
1256
1032
1049
1053
1058
69527
1032
1319
3265
3310
1934
69527
2453
1576
1050
1049
1049
1050
2096
14842
1058
1576
2880
1050
1049
1049
1050
1047
1049
2880
4615
1256
1032
1049
1054
1058
1576
1049
2913
1256
1032
1049
1055
1058
12473
2913
1256
1032
1049
1056
1058
1576
1049
2913
1256
1032
1049
1057
1058
12473
2913
1256
1032
1050
1048
1058
1576
1049
2913
1256
1032
1050
1049
1058
1576
1050
2913
1256
1032
1050
1050
1058
1576
1050
2913
1256
1032
1050
1051
1058
1576
1050
2913
1256
1032
1050
1052
1058
69527
1032
1319
3607
1934
12473
1049
1050
1050
1050
1047
2880
1039
1878
2453
1576
1049
1050
1050
1050
1039
1395
12473
4615
1256
1032
1050
1053
1058
1576
1050
2913
1256
1032
1050
1054
1058
1576
1050
2913
1256
1032
1050
1055
1058
1576
1050
2913
1256
1032
1050
1056
1058
1576
1050
2913
1256
1032
1050
1057
1058
69527
1032
1319
3607
1934
12473
1050
1050
1050
1050
1047
2880
1039
1878
2453
1576
1050
1050
1050
1050
1039
1395
12473
4615
1256
1032
1051
1048
1058
1576
1050
2913
1256
1032
1051
1049
1058
1576
1049
2913
1256
1032
1051
1050
1058
1576
1049
2913
1256
1032
1051
1051
1058
1576
1049
2913
1256
1032
1051
1052
1058
69527
1032
1319
3607
1934
12473
1050
1049
1049
1049
1047
2880
1039
1878
2453
1576
1050
1049
1049
1049
1039
1395
12473
4615
1256
1032
1051
1053
1058
1576
1049
2913
1256
1032
1051
1054
1058
1576
1050
2913
1256
1032
1051
1055
1058
1576
1049
2913
1256
1032
1051
1056
1058
1576
1050
2913
1256
1032
1051
1057
1058
1576
1049
2913
1256
1032
1052
1048
1058
69527
1032
1319
3607
1934
12473
1049
1050
1049
1050
1049
1047
2880
1039
1878
2453
1576
1049
1050
1049
1050
1049
1039
1395
12473
4615
1256
1032
1052
1049
1058
1576
1050
2913
1256
1032
1052
1050
1058
12473
2913
1256
1032
1052
1051
1058
1576
1050
2913
1256
1032
1052
1052
1058
12473
2913
1256
1032
1052
1053
1058
12473
2913
1256
1032
1052
1054
1058
1576
1049
2913
1256
1032
1052
1055
1058
1576
1049
2913
1256
1032
1052
1056
1058
12473
2913
1256
1032
1052
1057
1058
1576
1050
2913
1256
1032
1053
1048
1058
1576
1050
2913
1256
1032
1053
1049
1058
1576
1049
2913
1256
1032
1053
1050
1058
12473
2913
1256
1032
1053
1051
1058
1576
1049
2913
1256
1032
1053
1052
1058
12473
2913
1256
1032
1053
1053
1058
12473
2913
1256
1032
1053
1054
1058
12473
2913
1256
1032
1053
1055
1058
1576
1050
2913
1256
1032
1053
1056
1058
1576
1050
2913
1256
1032
1053
1057
1058
12473
2913
1256
1032
1054
1048
1058
12473
2913
1256
1032
1054
1049
1058
12473
2913
1256
1032
1054
1050
1058
1576
1050
2913
1256
1032
1054
1051
1058
12473
2913
1256
1032
1054
1052
1058
12473
8985
1256
32844
1044
1362
2534
1317
4206
1278
2362
1307
1278
3310
1058
1576
2880
1555
1050
1050
1050
1050
1050
1049
1050
1047
1050
1050
1555
1039
1032
1010
1256
1531
3310
15202
1454
1576
1555
1050
1050
1050
1050
1050
1049
1050
1047
1050
1050
1555
9528
9246
1639
4014
1562
1278
2362
1058
1576
1555
1050
1050
1050
1050
1050
1049
1050
1047
1050
1050
1555
1039
1032
1010
1256
5646
1681
12473
2096
12473
2096
1576
1050
7661
1050
7661
1050
7661
1050
7661
1050
7661
1049
7661
1050
7661
1047
7661
1050
7661
1050
7661
63269
12473
2913
1256
4890
26524
4455
4139
1402
2490
1046
9246
1639
2586
12319
1455
2036
13951
1395
6298
1321
1278
2000
3107
1032
1052
1096
2688
4139
1402
1261
96948
1044
1505
13162
1362
1710
9447
1278
2254
1317
1850
2000
1050
1364
6705
21227
1867
1032
1049
1096
1809
1693
1278
2282
1395
1032
1048
1850
1032
1048
1044
6704
1338
1256
49032
1044
7377
1033
20681
1513
1278
2688
2000
1099
52143
3848
1044
1032
1052
1052
1044
1032
1053
1054
1041
2351
1032
1052
9816
5675
1693
1278
93710
1265
1091
1052
1051
1058
1053
1054
1093
1319
1048
37601
1286
1041
7442
8688
1261
5746
1032
1049
1049
1047
1050
1050
9305
1733
1307
5592
1032
1053
1044
1809
1278
2688
64629
1032
1052
3147
1278
4127
28256
1278
5592
1435
1278
2782
1307
1576
1049
1681
2984
1278
2782
1307
1576
1050
1681
1319
130426
1278
12473
4576
1063
9246
1681
2688
1593
18817
1877
1256
1462
2898
12473
2096
5592
55063
69527
2168
1402
1032
1048
1044
1809
2688
64629
1032
1049
1046
4493
1836
1626
1256
1462
2898
1576
1049
1047
1050
2096
5592
55063
69527
2168
1402
1032
1050
1044
1809
2688
1394
1576
1049
1049
1049
1047
1050
1049
1050
1039
64629
1032
1053
1046
3367
55063
12473
2096
6705
2168
1402
1032
1052
1063
3626
2688
64629
1032
1053
1338
1256
5675
1693
1278
5592
6987
1278
69527
1809
1278
1576
1049
1681
1321
1576
1050
1681
2607
2405
1736
1317
1402
9196
1063
56586
1729
2586
2534
1513
4403
1925
1576
1049
1039
3066
69527
1321
1513
4403
1925
1576
1050
1039
2453
1044
1321
1278
5592
1395
1278
3788
4014
1046
3626
2430
1394
1576
1049
1049
1049
1047
1050
1049
1050
2096
1729
2481
1736
1576
1049
1049
1049
1047
1050
1039
5592
1032
1052
1063
3626
2688
64629
1032
1053
1338
1256
17048
1278
2254
2715
1850
1278
8905
5592
1307
1261
9305
1733
1455
1395
1261
23832
1307
1420
1032
1049
1049
1047
1050
1050
3310
1063
3501
1338
1256
23627
1278
22991
2142
1362
6483
13914
1044
1362
7534
2586
5687
1278
2254
1435
2000
1050
1042
5914
21227
1867
1032
1049
1096
1321
14649
1278
2000
3107
1032
1052
1096
2688
1395
5250
1261
96948
1294
1278
3330
1681
5117
1505
1362
7534
3081
1261
3039
1317
3180
1494
2196
1046
3626
1362
4016
4848
1278
3475
1338
1256
32844
1033
17048
1362
1710
22347
1278
2254
1317
1850
2000
1050
1364
6705
21227
1867
1032
1049
1096
1809
1693
2000
5914
21227
2351
1032
1048
7273
1850
1032
1049
1044
1799
1362
5314
1736
1046
5675
1693
1278
2688
2000
3107
1032
1052
1096
1395
7442
1394
1261
2937
2478
2000
5914
21227
1376
1032
1049
1096
1321
1278
2254
10721
1032
1051
1044
1809
1278
2688
64629
1032
1052
3147
1278
4127
7442
17000
1278
2782
1307
17684
5213
1032
1050
1063
3501
1338
1256
9246
1639
3352
1317
3219
1693
2156
1681
2258
2147
19190
1307
1278
8953
3607
1046
1429
1784
2158
1319
5197
1043
1049
91594
1050
1462
1032
1049
11084
1584
1747
1576
1049
38416
1462
1693
9027
1061
1052
1044
1319
1052
1043
1049
91594
1050
1462
1049
1376
1032
1050
1045
1049
1061
1049
1044
1878
2158
1032
1049
2810
1576
1049
2096
9949
1513
2022
1032
1050
1395
12473
2096
11829
1032
1050
24733
1576
1050
1039
4906
1576
1049
1047
1050
1050
9528
36609
1032
1052
1046
3626
1494
8223
1429
2757
1934
13509
5592
3871
17048
1278
1429
2757
1934
13509
5592
1034
1395
1261
6360
1307
1278
11277
1044
1605
1261
15851
10097
1394
1747
5443
1063
1429
4051
1032
1049
1049
1047
1050
1050
3310
1395
6493
1435
1058
1462
2157
1934
13509
5592
1462
10736
2613
2157
1681
1261
12270
1338
1256
17048
1278
2688
2000
3107
1032
1052
1096
1395
24124
1455
2200
1836
5746
1032
1049
1049
1047
1050
1050
3310
12123
1044
1809
2156
1395
1261
69527
1321
2269
1576
1049
1681
1321
1576
1050
1681
1044
1278
2254
10721
1032
1052
1063
3501
1338
1256
1362
7534
2586
1974
1454
2036
11708
1046
3367
1494
24372
1278
2000
3107
1032
1052
1096
2688
1044
1278
3330
4139
38695
1046
3626
1278
3330
8223
1429
16994
4607
6983
9700
1278
9458
1046
9380
1681
1278
3880
1058
6421
3870
75956
1419
1044
1593
1395
2143
6255
1058
18228
1278
3629
2254
21734
1321
8953
3607
1044
10886
5687
1278
2254
5055
1321
2764
1747
1278
9458
2613
1362
2534
1317
4848
3475
1455
22405
1338
1256
9246
1639
3648
1693
2156
1681
2258
2147
3039
1317
2012
1032
1052
1046
5675
1693
1278
2254
10721
1278
8905
5592
1307
1261
9305
1733
1455
9301
1420
1032
1049
1049
1047
1050
1050
3310
1044
1809
1278
9305
1733
1710
1402
7563
1536
8198
2269
1576
1049
1681
1044
12473
2096
1321
1576
1050
1681
1044
1321
1278
5592
1395
1278
3788
2782
1307
11084
1044
1809
1278
1576
1049
1681
1321
1576
1050
1681
2607
2405
1736
1317
1402
9196
1044
1321
1278
9949
69527
3980
1395
1605
9247
1063
1531
8953
3607
8223
1494
1395
9247
1338
1256
17048
1278
4127
1395
1455
2036
3475
24875
1576
1049
1681
1321
1576
1050
1681
49380
3066
1321
2453
1278
12473
2096
1809
1278
9305
1733
4016
33972
1278
3542
1307
1747
11084
1044
1321
13162
2269
1576
1049
1681
1584
2453
2269
1576
1050
1681
6704
1046
3626
4136
1729
6185
8198
1261
9305
1733
1044
1729
1710
2586
8427
1278
2158
1409
1576
1049
1681
1321
1278
3804
1409
1576
1050
1681
1046
5646
1681
5282
4171
1693
2156
1584
1513
4403
1409
1576
1049
1681
3066
1321
1409
1576
1050
1681
2453
1338
1256
1362
4525
1848
1307
2142
1321
12106
1046
1362
7534
4848
1278
3475
1454
2000
1050
1042
5914
21227
1867
1032
1049
9816
17048
1278
2000
3107
1032
1052
1096
2688
1395
7442
2000
3107
1032
1053
1096
1321
1278
3330
3214
1261
27223
1294
38227
1278
3880
1046
3247
13162
1362
7534
2229
1261
6061
2937
1063
3501
1338
1256
32844
1033
9246
1639
1344
41412
1278
3330
1681
3880
1058
1429
8723
15605
3848
1044
1032
1052
1052
1044
1032
1053
1054
1041
2351
1032
1052
3871
3060
2036
3475
8583
4433
2849
1046
5675
1693
2036
3475
8583
1032
1053
1044
1321
1278
2688
64629
1032
1052
1063
1531
3880
2586
8223
20628
1292
4507
1044
6354
2405
4150
2549
2036
2254
8583
1046
17048
2036
2254
8583
1032
1053
1044
1321
1278
2688
64629
1032
1052
1046
3367
1362
1710
3180
2036
2254
1850
1032
1052
1394
1455
2937
3016
19566
1032
1053
1394
1278
2158
2937
1044
1362
2534
1261
2801
13951
1338
1256
3075
1710
1278
2879
2254
1850
1032
1053
1394
2000
1115
1044
1032
1049
1044
1032
1055
1096
1454
1265
3760
1049
1049
1049
1047
1050
1049
1050
1047
1049
1049
1050
1050
1039
1321
1032
1052
1394
2000
1115
1044
1032
1052
1052
1044
1032
1053
1054
1096
1454
1278
2730
1265
1063
17048
1278
2730
1265
93710
1934
1261
2801
5965
1338
1256
9246
1639
3352
1317
7442
24002
1278
6705
21227
1394
1278
2730
1265
93710
1032
1052
1052
1045
1053
1054
2505
2036
13951
1044
1809
1362
2534
1278
7092
93710
1046
1362
7534
3352
1925
2081
2142
1317
4891
1278
3310
17047
1046
1362
7534
2210
1278
3121
1455
1278
3310
1395
4265
1294
1278
4206
2254
1338
1256
1265
1376
1576
1049
1049
1047
1050
1049
1555
13833
1050
1049
1049
1050
1047
1049
1047
1049
1047
1049
1050
1050
1050
1047
1050
1050
1050
1050
1047
1050
1049
1049
1049
1047
1049
1050
1049
1050
1049
1047
1050
1555
1050
1555
1049
1049
1047
1050
1050
1049
1047
1049
1049
1555
1049
1047
1049
17061
1050
1050
1050
1050
1050
1049
1050
1047
1050
1050
1555
2913
1256
9246
1639
4014
1278
5592
1307
1593
3310
1536
2505
17616
1681
9027
1294
2036
3518
1063
1362
1710
2405
17707
1044
1809
1362
1710
4014
11084
1536
50411
1626
1256
1362
7534
13156
1536
69527
13162
1626
1256
1531
3310
1934
3325
12473
9528
9246
1639
2586
6124
1455
1362
1710
2405
22809
4891
1494
1044
1809
13162
1278
4832
1032
1052
9896
1562
1261
2801
13951
1338
1256
5675
1693
1278
2254
2715
1850
1278
8905
5592
1307
1261
9305
1733
1455
9301
1420
1032
1049
1049
1047
1050
1050
3310
1044
1809
1278
1032
1049
1049
1047
1050
1050
3310
1395
6493
1435
4583
1278
5965
2478
1278
2782
1307
1576
1049
1681
1395
9218
2782
1307
1576
1050
1681
1505
4433
1063
3501
1338
1256
15081
4914
1058
17048
1278
2254
2715
1850
1278
5592
1307
1278
36598
2516
9305
1733
1044
1809
1278
5592
1395
35509
1435
1278
2782
1307
1576
1049
1681
2984
1278
2782
1307
1576
1050
1681
1319
1778
1394
1409
1061
1050
1044
5592
1061
1052
1574
1321
1278
69527
1395
1605
35509
1294
1278
5592
1063
3626
2000
1099
52143
69480
1032
1049
1044
1032
1049
1041
2351
1032
1049
1096
35499
1115
1455
1046
62079
69527
1395
5592
1032
1049
1536
6061
2937
1044
1321
1394
6218
5592
1395
1032
1050
1107
1046
3626
2000
1099
52143
2021
1049
1049
1049
1047
1050
1049
1050
2096
1032
1049
1044
1032
1055
1041
2351
1032
1053
1096
2168
2430
1402
1032
1050
1107
1061
1053
2297
1409
1061
1050
1046
1053
1044
1836
1338
1256
5675
1693
1278
2254
10721
2000
1050
1364
6705
21227
1867
1032
1049
1096
1809
1278
2688
2000
3107
1032
1052
1096
1395
7442
2000
3107
1032
1053
1096
1321
1278
3330
1681
5779
4848
5978
1032
1052
3964
1317
2269
58929
1063
2159
26724
1338
1256
1362
7534
2586
5234
1278
3475
1454
2000
1050
1042
5914
21227
1867
1032
1049
9816
2157
1681
1278
2342
26223
11708
20490
1278
8953
3607
1321
1278
11774
1307
9458
1046
1362
7534
30711
1494
1294
1261
3475
4950
1435
24130
1626
13
1010
1975
29896
1010
3149
6705
1095
12149
2154
2480
23381
3446
2054
21777
39318
3848
1058
2011
1044
1295
1058
1935
1044
1382
1058
1935
1041
4906
1935
1877
1293
19639
20776
1278
8905
5592
1307
1261
9305
1733
3746
1265
67495
1045
1049
1058
1114
1093
1455
9301
1420
1032
1049
1049
1047
1050
1050
3310
1046
13118
1293
2155
1376
1265
67495
1045
1049
1058
1114
2820
1293
6705
21227
1376
1462
1049
1010
1293
1394
1623
1044
1528
1294
42478
41250
3640
1369
1693
1528
2351
12473
12807
1463
3979
1095
1049
1376
2155
14316
1105
3077
12296
2021
1049
4615
1463
3169
1095
1050
1376
2155
3755
1043
1049
1058
3077
12296
2021
1050
4615
1463
1409
1376
2365
54836
1095
1049
1044
3169
1095
1050
1456
1463
1693
1409
3006
6705
21227
1877
1694
6705
21227
1376
1409
1010
1293
1693
6705
21227
2351
1462
1049
1877
1369
1850
1032
1048
1010
1293
1850
1032
1050
1364
6705
21227
1867
1032
1049
1010
1975
11
1010